index,time_window,label,matched_eqs,total_eq,random_offset_days
0,2006-04-13 02:18:54.599,1,"[{'lat': 41.85, 'long': 142.707, 'Time': Timestamp('2006-04-13 04:27:22'), 'mag': 5.3}, {'lat': 41.85, 'long': 142.707, 'Time': Timestamp('2006-04-13 04:27:22'), 'mag': 5.3}]",2,12
1,2006-04-26 07:14:22.693,0,[],0,25
2,2006-04-30 10:30:20.418,0,[],0,29
3,2006-04-10 13:49:22.158,0,[],0,9
4,2006-04-12 17:06:20.304,0,[],0,11
5,2006-04-29 20:20:52.265,0,[],0,28
6,2006-04-19 23:34:52.318,0,[],0,18
7,2006-04-17 07:44:53.422,0,[],0,15
8,2006-04-26 11:01:22.148,0,[],0,24
9,2006-04-25 14:20:16.655,0,[],0,23
10,2006-04-12 17:36:52.144,0,[],0,10
11,2006-05-01 20:51:20.859,1,"[{'lat': 30.199, 'long': -114.332, 'Time': Timestamp('2006-05-01 21:04:42'), 'mag': 5.1}, {'lat': 30.199, 'long': -114.332, 'Time': Timestamp('2006-05-01 21:04:42'), 'mag': 5.1}, {'lat': 30.199, 'long': -114.332, 'Time': Timestamp('2006-05-01 21:04:42'), 'mag': 5.1}]",3,29
12,2006-04-08 08:15:50.387,0,[],0,5
13,2006-04-10 11:32:50.005,0,[],0,7
14,2006-05-02 14:51:18.832,0,[],0,29
15,2006-04-15 18:07:23.014,0,[],0,12
16,2006-04-16 21:21:15.724,0,[],0,13
17,2006-04-23 00:35:18.214,0,[],0,19
18,2006-04-29 07:08:27.071,0,[],0,25
19,2006-04-17 10:24:20.595,0,[],0,13
20,2006-04-23 13:43:22.335,0,[],0,19
21,2006-04-29 17:00:24.577,0,[],0,25
22,2006-04-12 20:14:52.442,0,[],0,8
23,2006-04-15 01:05:50.055,0,[],0,10
24,2006-04-11 07:39:00.352,0,[],0,6
25,2006-04-16 10:55:18.265,0,[],0,11
26,2006-04-16 14:14:25.061,0,[],0,11
27,2006-04-12 17:30:52.358,0,[],0,7
28,2006-04-24 20:44:48.304,0,[],0,19
29,2006-05-02 06:31:21.678,0,[],0,26
30,2006-04-14 09:46:47.752,0,[],0,8
31,2006-04-12 13:06:22.148,0,[],0,6
32,2006-05-01 16:23:51.621,0,[],0,25
33,2006-05-04 19:38:21.015,0,[],0,28
34,2006-04-27 22:52:22.307,0,[],0,21
35,2006-04-30 08:38:52.658,0,[],0,23
36,2006-04-12 11:57:52.521,1,"[{'lat': 37.61, 'long': 20.95, 'Time': Timestamp('2006-04-12 16:52:01'), 'mag': 5.7}, {'lat': 37.61, 'long': 20.95, 'Time': Timestamp('2006-04-12 16:52:01'), 'mag': 5.7}]",2,5
37,2006-04-16 15:15:51.549,0,[],0,9
38,2006-05-03 18:31:52.629,0,[],0,26
39,2006-04-29 07:32:52.374,0,[],0,21
40,2006-04-30 10:48:52.539,1,"[{'lat': -55.937, 'long': -27.659, 'Time': Timestamp('2006-04-30 14:05:46'), 'mag': 5.1}]",1,22
41,2006-04-16 14:08:22.950,0,[],0,8
42,2006-05-03 17:24:51.095,0,[],0,25
43,2006-05-08 20:38:55.345,0,[],0,30
44,2006-04-26 23:52:52.109,0,[],0,18
45,2006-05-06 08:03:19.665,0,[],0,27
46,2006-04-16 21:09:24.746,0,[],0,7
47,2006-04-26 00:23:22.701,1,"[{'lat': -57.482, 'long': 147.568, 'Time': Timestamp('2006-04-26 01:46:03'), 'mag': 6.1}, {'lat': -57.451, 'long': 148.071, 'Time': Timestamp('2006-04-26 04:08:53'), 'mag': 5.0}]",2,16
48,2006-05-04 05:17:54.779,0,[],0,24
49,2006-05-09 08:34:18.850,0,[],0,29
50,2006-05-03 11:51:22.698,0,[],0,23
51,2006-04-17 15:09:47.630,0,[],0,7
52,2006-04-15 18:25:52.806,0,[],0,5
53,2006-05-03 23:16:22.885,1,"[{'lat': -20.614, 'long': -174.316, 'Time': Timestamp('2006-05-03 23:44:13'), 'mag': 5.0}, {'lat': -19.927, 'long': -173.931, 'Time': Timestamp('2006-05-04 04:26:36'), 'mag': 5.0}, {'lat': -21.258, 'long': -174.266, 'Time': Timestamp('2006-05-04 04:55:38'), 'mag': 5.4}, {'lat': -20.614, 'long': -174.316, 'Time': Timestamp('2006-05-03 23:44:13'), 'mag': 5.0}, {'lat': -19.927, 'long': -173.931, 'Time': Timestamp('2006-05-04 04:26:36'), 'mag': 5.0}, {'lat': -21.258, 'long': -174.266, 'Time': Timestamp('2006-05-04 04:55:38'), 'mag': 5.4}, {'lat': -20.614, 'long': -174.316, 'Time': Timestamp('2006-05-03 23:44:13'), 'mag': 5.0}, {'lat': -19.927, 'long': -173.931, 'Time': Timestamp('2006-05-04 04:26:36'), 'mag': 5.0}, {'lat': -21.258, 'long': -174.266, 'Time': Timestamp('2006-05-04 04:55:38'), 'mag': 5.4}, {'lat': -14.657, 'long': 167.289, 'Time': Timestamp('2006-05-03 23:56:08'), 'mag': 5.2}, {'lat': -14.657, 'long': 167.289, 'Time': Timestamp('2006-05-03 23:56:08'), 'mag': 5.2}, {'lat': -14.657, 'long': 167.289, 'Time': Timestamp('2006-05-03 23:56:08'), 'mag': 5.2}, {'lat': -58.259, 'long': 157.926, 'Time': Timestamp('2006-05-04 02:08:54'), 'mag': 5.9}]",13,23
54,2006-04-28 07:26:25.207,0,[],0,17
55,2006-04-26 22:09:51.669,0,[],0,15
56,2006-04-22 01:23:53.284,1,"[{'lat': 61.197, 'long': 167.323, 'Time': Timestamp('2006-04-22 07:21:58'), 'mag': 5.5}, {'lat': 61.197, 'long': 167.323, 'Time': Timestamp('2006-04-22 07:21:58'), 'mag': 5.5}, {'lat': 61.197, 'long': 167.323, 'Time': Timestamp('2006-04-22 07:21:58'), 'mag': 5.5}]",3,10
57,2006-05-04 06:18:54.582,0,[],0,22
58,2006-04-19 09:34:17.994,1,"[{'lat': 37.66, 'long': 20.93, 'Time': Timestamp('2006-04-19 15:16:24'), 'mag': 5.4}, {'lat': 37.66, 'long': 20.93, 'Time': Timestamp('2006-04-19 15:16:24'), 'mag': 5.4}, {'lat': 37.66, 'long': 20.93, 'Time': Timestamp('2006-04-19 15:16:24'), 'mag': 5.4}]",3,7
59,2006-05-01 19:26:21.295,1,"[{'lat': 30.199, 'long': -114.332, 'Time': Timestamp('2006-05-01 21:04:42'), 'mag': 5.1}, {'lat': 2.205, 'long': -99.035, 'Time': Timestamp('2006-05-01 20:13:28'), 'mag': 5.7}, {'lat': 2.306, 'long': -98.954, 'Time': Timestamp('2006-05-01 20:21:52'), 'mag': 5.1}, {'lat': 2.322, 'long': -98.921, 'Time': Timestamp('2006-05-01 23:40:51'), 'mag': 5.0}, {'lat': 2.205, 'long': -99.035, 'Time': Timestamp('2006-05-01 20:13:28'), 'mag': 5.7}, {'lat': 2.306, 'long': -98.954, 'Time': Timestamp('2006-05-01 20:21:52'), 'mag': 5.1}, {'lat': 2.322, 'long': -98.921, 'Time': Timestamp('2006-05-01 23:40:51'), 'mag': 5.0}, {'lat': 30.199, 'long': -114.332, 'Time': Timestamp('2006-05-01 21:04:42'), 'mag': 5.1}]",8,19
60,2006-05-09 22:39:52.699,1,"[{'lat': -21.318, 'long': -174.604, 'Time': Timestamp('2006-05-10 02:16:30'), 'mag': 5.3}, {'lat': 52.515, 'long': -169.256, 'Time': Timestamp('2006-05-10 02:42:51'), 'mag': 6.4}, {'lat': 52.515, 'long': -169.256, 'Time': Timestamp('2006-05-10 02:42:51'), 'mag': 6.4}, {'lat': 52.515, 'long': -169.256, 'Time': Timestamp('2006-05-10 02:42:51'), 'mag': 6.4}]",4,27
61,2006-05-06 01:54:23.612,0,[],0,23
62,2006-05-03 06:49:55.020,0,[],0,20
63,2006-05-11 10:05:22.529,0,[],0,28
64,2006-05-03 13:24:52.940,0,[],0,20
65,2006-05-08 16:41:57.838,0,[],0,25
66,2006-04-26 19:56:47.824,0,[],0,13
67,2006-04-25 23:10:22.100,1,"[{'lat': -57.482, 'long': 147.568, 'Time': Timestamp('2006-04-26 01:46:03'), 'mag': 6.1}, {'lat': -57.451, 'long': 148.071, 'Time': Timestamp('2006-04-26 04:08:53'), 'mag': 5.0}]",2,12
68,2006-05-10 08:57:19.135,0,[],0,26
69,2006-04-24 12:16:22.314,0,[],0,10
70,2006-04-20 15:34:21.454,0,[],0,6
71,2006-05-05 18:49:52.288,0,[],0,21
72,2006-05-02 22:03:51.995,0,[],0,18
73,2006-05-07 01:17:47.293,0,[],0,22
74,2006-04-27 22:33:49.628,0,[],0,12
75,2006-05-12 01:48:21.132,0,[],0,26
76,2006-05-12 06:43:23.088,0,[],0,26
77,2006-05-12 09:59:22.706,0,[],0,26
78,2006-05-07 13:18:22.117,0,[],0,21
79,2006-05-08 16:35:51.591,0,[],0,22
80,2006-05-04 19:50:18.329,0,[],0,18
81,2006-05-07 23:04:22.277,0,[],0,21
82,2006-04-22 02:18:53.960,1,"[{'lat': 61.197, 'long': 167.323, 'Time': Timestamp('2006-04-22 07:21:58'), 'mag': 5.5}, {'lat': 61.197, 'long': 167.323, 'Time': Timestamp('2006-04-22 07:21:58'), 'mag': 5.5}, {'lat': 61.197, 'long': 167.323, 'Time': Timestamp('2006-04-22 07:21:58'), 'mag': 5.5}]",3,5
83,2006-05-13 08:52:53.520,0,[],0,26
84,2006-04-25 12:10:22.491,0,[],0,8
85,2006-05-10 15:28:21.631,0,[],0,23
86,2006-05-07 18:43:48.369,0,[],0,20
87,2006-04-25 21:57:43.980,0,[],0,8
88,2006-05-14 01:11:51.566,1,"[{'lat': -6.974, 'long': 129.655, 'Time': Timestamp('2006-05-14 04:13:01'), 'mag': 5.2}, {'lat': -6.974, 'long': 129.655, 'Time': Timestamp('2006-05-14 04:13:01'), 'mag': 5.2}, {'lat': -6.974, 'long': 129.655, 'Time': Timestamp('2006-05-14 04:13:01'), 'mag': 5.2}]",3,26
89,2006-04-26 06:06:57.629,0,[],0,8
90,2006-04-28 09:21:51.041,0,[],0,10
91,2006-04-23 12:41:22.893,0,[],0,5
92,2006-05-12 14:51:23.763,0,[],0,23
93,2006-05-16 18:07:22.410,0,[],0,27
94,2006-05-10 21:21:17.888,0,[],0,21
95,2006-05-11 00:35:18.610,0,[],0,21
96,2006-05-16 07:08:27.467,0,[],0,26
97,2006-04-27 10:24:20.992,0,[],0,7
98,2006-05-19 13:43:22.731,0,[],0,29
99,2006-04-30 17:00:24.973,1,"[{'lat': -27.017, 'long': -71.022, 'Time': Timestamp('2006-04-30 19:17:14'), 'mag': 6.7}, {'lat': -27.06, 'long': -71.048, 'Time': Timestamp('2006-04-30 19:21:07'), 'mag': 5.1}, {'lat': -27.023, 'long': -71.03, 'Time': Timestamp('2006-04-30 19:26:14'), 'mag': 5.2}, {'lat': -27.067, 'long': -71.138, 'Time': Timestamp('2006-04-30 20:09:27'), 'mag': 5.2}, {'lat': -27.277, 'long': -71.235, 'Time': Timestamp('2006-04-30 20:12:19'), 'mag': 5.7}, {'lat': -27.199, 'long': -71.244, 'Time': Timestamp('2006-04-30 20:25:55'), 'mag': 5.0}, {'lat': -27.082, 'long': -71.11, 'Time': Timestamp('2006-04-30 21:25:20'), 'mag': 5.8}, {'lat': -27.223, 'long': -71.217, 'Time': Timestamp('2006-04-30 21:32:55'), 'mag': 5.9}, {'lat': -27.211, 'long': -71.056, 'Time': Timestamp('2006-04-30 21:40:58'), 'mag': 6.5}, {'lat': -27.147, 'long': -70.988, 'Time': Timestamp('2006-04-30 21:59:51'), 'mag': 5.3}, {'lat': -27.017, 'long': -71.022, 'Time': Timestamp('2006-04-30 19:17:14'), 'mag': 6.7}, {'lat': -27.06, 'long': -71.048, 'Time': Timestamp('2006-04-30 19:21:07'), 'mag': 5.1}, {'lat': -27.023, 'long': -71.03, 'Time': Timestamp('2006-04-30 19:26:14'), 'mag': 5.2}, {'lat': -27.067, 'long': -71.138, 'Time': Timestamp('2006-04-30 20:09:27'), 'mag': 5.2}, {'lat': -27.277, 'long': -71.235, 'Time': Timestamp('2006-04-30 20:12:19'), 'mag': 5.7}, {'lat': -27.199, 'long': -71.244, 'Time': Timestamp('2006-04-30 20:25:55'), 'mag': 5.0}, {'lat': -27.082, 'long': -71.11, 'Time': Timestamp('2006-04-30 21:25:20'), 'mag': 5.8}, {'lat': -27.223, 'long': -71.217, 'Time': Timestamp('2006-04-30 21:32:55'), 'mag': 5.9}, {'lat': -27.211, 'long': -71.056, 'Time': Timestamp('2006-04-30 21:40:58'), 'mag': 6.5}, {'lat': -27.147, 'long': -70.988, 'Time': Timestamp('2006-04-30 21:59:51'), 'mag': 5.3}, {'lat': -27.017, 'long': -71.022, 'Time': Timestamp('2006-04-30 19:17:14'), 'mag': 6.7}, {'lat': -27.06, 'long': -71.048, 'Time': Timestamp('2006-04-30 19:21:07'), 'mag': 5.1}, {'lat': -27.023, 'long': -71.03, 'Time': Timestamp('2006-04-30 19:26:14'), 'mag': 5.2}, {'lat': -27.067, 'long': -71.138, 'Time': Timestamp('2006-04-30 20:09:27'), 'mag': 5.2}, {'lat': -27.277, 'long': -71.235, 'Time': Timestamp('2006-04-30 20:12:19'), 'mag': 5.7}, {'lat': -27.199, 'long': -71.244, 'Time': Timestamp('2006-04-30 20:25:55'), 'mag': 5.0}, {'lat': -27.082, 'long': -71.11, 'Time': Timestamp('2006-04-30 21:25:20'), 'mag': 5.8}, {'lat': -27.223, 'long': -71.217, 'Time': Timestamp('2006-04-30 21:32:55'), 'mag': 5.9}, {'lat': -27.211, 'long': -71.056, 'Time': Timestamp('2006-04-30 21:40:58'), 'mag': 6.5}, {'lat': -27.147, 'long': -70.988, 'Time': Timestamp('2006-04-30 21:59:51'), 'mag': 5.3}]",30,10
100,2006-05-08 20:14:52.839,0,[],0,18
101,2006-04-26 23:28:22.891,0,[],0,6
102,2006-05-10 09:15:51.254,0,[],0,19
103,2006-05-09 12:34:52.105,0,[],0,18
104,2006-04-30 20:44:50.431,0,[],0,9
105,2006-05-10 14:45:19.622,0,[],0,18
106,2006-05-14 18:01:22.587,0,[],0,22
107,2006-05-09 21:15:20.833,1,"[{'lat': -21.318, 'long': -174.604, 'Time': Timestamp('2006-05-10 02:16:30'), 'mag': 5.3}, {'lat': -21.318, 'long': -174.604, 'Time': Timestamp('2006-05-10 02:16:30'), 'mag': 5.3}, {'lat': -21.318, 'long': -174.604, 'Time': Timestamp('2006-05-10 02:16:30'), 'mag': 5.3}]",3,17
108,2006-05-03 00:29:22.883,1,"[{'lat': -4.945, 'long': 147.449, 'Time': Timestamp('2006-05-03 04:05:25'), 'mag': 5.0}, {'lat': -4.945, 'long': 147.449, 'Time': Timestamp('2006-05-03 04:05:25'), 'mag': 5.0}, {'lat': -4.945, 'long': 147.449, 'Time': Timestamp('2006-05-03 04:05:25'), 'mag': 5.0}]",3,10
109,2006-05-07 05:23:52.417,0,[],0,14
110,2006-05-09 08:40:23.129,0,[],0,16
111,2006-05-12 11:57:22.881,0,[],0,19
112,2006-05-21 15:15:51.909,0,[],0,28
113,2006-05-05 21:45:21.681,0,[],0,12
114,2006-05-19 00:59:20.956,0,[],0,25
115,2006-05-01 05:54:24.586,0,[],0,7
116,2006-05-12 09:09:20.543,0,[],0,18
117,2006-05-01 12:28:52.283,0,[],0,7
118,2006-05-23 15:46:51.534,0,[],0,29
119,2006-05-22 19:01:48.272,0,[],0,28
120,2006-05-06 06:24:52.543,0,[],0,11
121,2006-05-24 09:40:22.384,0,[],0,29
122,2006-05-16 21:09:25.106,1,"[{'lat': -20.634, 'long': -173.952, 'Time': Timestamp('2006-05-17 03:06:16'), 'mag': 6.0}, {'lat': -20.634, 'long': -173.952, 'Time': Timestamp('2006-05-17 03:06:16'), 'mag': 6.0}]",2,21
123,2006-05-18 00:23:22.870,1,"[{'lat': -61.242, 'long': 160.897, 'Time': Timestamp('2006-05-18 03:15:09'), 'mag': 5.0}, {'lat': -61.23, 'long': 160.092, 'Time': Timestamp('2006-05-18 04:29:05'), 'mag': 5.0}]",2,22
124,2006-05-25 08:34:23.306,0,[],0,29
125,2006-05-19 11:51:22.096,0,[],0,23
126,2006-05-05 15:09:47.028,0,[],0,9
127,2006-05-19 21:39:20.895,0,[],0,23
128,2006-05-17 00:53:18.403,1,"[{'lat': -3.743, 'long': 144.305, 'Time': Timestamp('2006-05-17 01:21:26'), 'mag': 5.1}, {'lat': -3.743, 'long': 144.305, 'Time': Timestamp('2006-05-17 01:21:26'), 'mag': 5.1}, {'lat': -3.743, 'long': 144.305, 'Time': Timestamp('2006-05-17 01:21:26'), 'mag': 5.1}]",3,20
129,2006-05-02 07:26:24.604,0,[],0,5
130,2006-05-16 10:42:48.017,0,[],0,19
131,2006-05-09 14:01:52.524,0,[],0,12
132,2006-05-15 17:18:49.342,0,[],0,18
133,2006-05-26 20:32:45.400,0,[],0,29
134,2006-05-25 23:46:52.684,0,[],0,28
135,2006-05-21 07:57:24.336,0,[],0,23
136,2006-05-16 22:39:53.058,1,"[{'lat': -20.634, 'long': -173.952, 'Time': Timestamp('2006-05-17 03:06:16'), 'mag': 6.0}]",1,18
137,2006-05-27 01:54:22.971,1,"[{'lat': -4.249, 'long': 151.853, 'Time': Timestamp('2006-05-27 07:05:25'), 'mag': 5.2}, {'lat': -4.249, 'long': 151.853, 'Time': Timestamp('2006-05-27 07:05:25'), 'mag': 5.2}, {'lat': -4.249, 'long': 151.853, 'Time': Timestamp('2006-05-27 07:05:25'), 'mag': 5.2}]",3,28
138,2006-05-16 06:49:54.380,0,[],0,17
139,2006-05-14 10:05:21.888,0,[],0,15
140,2006-05-23 13:24:52.300,0,[],0,24
141,2006-05-28 16:41:57.198,0,[],0,29
142,2006-05-15 19:56:22.407,0,[],0,16
143,2006-05-13 23:10:22.460,1,"[{'lat': -20.092, 'long': -174.613, 'Time': Timestamp('2006-05-14 04:54:16'), 'mag': 5.0}, {'lat': -20.092, 'long': -174.613, 'Time': Timestamp('2006-05-14 04:54:16'), 'mag': 5.0}, {'lat': -20.092, 'long': -174.613, 'Time': Timestamp('2006-05-14 04:54:16'), 'mag': 5.0}]",3,14
144,2006-05-19 02:24:50.047,0,[],0,19
145,2006-05-08 07:20:24.781,0,[],0,8
146,2006-05-13 10:36:20.962,0,[],0,13
147,2006-05-11 13:55:52.701,0,[],0,11
148,2006-05-19 17:12:20.847,0,[],0,19
149,2006-05-09 20:26:45.576,0,[],0,9
150,2006-05-16 23:40:52.861,1,"[{'lat': -20.634, 'long': -173.952, 'Time': Timestamp('2006-05-17 03:06:16'), 'mag': 6.0}, {'lat': -20.634, 'long': -173.952, 'Time': Timestamp('2006-05-17 03:06:16'), 'mag': 6.0}, {'lat': -20.634, 'long': -173.952, 'Time': Timestamp('2006-05-17 03:06:16'), 'mag': 6.0}]",3,16
151,2006-05-13 07:51:25.405,0,[],0,12
152,2006-05-06 17:42:50.359,0,[],0,5
153,2006-05-19 20:56:50.402,0,[],0,18
154,2006-05-16 00:10:52.262,1,"[{'lat': -14.827, 'long': 166.498, 'Time': Timestamp('2006-05-16 00:19:33'), 'mag': 5.1}, {'lat': -14.827, 'long': 166.498, 'Time': Timestamp('2006-05-16 00:19:33'), 'mag': 5.1}, {'lat': -14.827, 'long': 166.498, 'Time': Timestamp('2006-05-16 00:19:33'), 'mag': 5.1}]",3,14
155,2006-05-09 08:21:49.930,0,[],0,7
156,2006-05-08 11:38:52.450,0,[],0,6
157,2006-05-16 14:57:15.830,0,[],0,14
158,2006-05-18 18:13:22.558,0,[],0,16
159,2006-05-16 21:27:18.035,1,"[{'lat': -20.634, 'long': -173.952, 'Time': Timestamp('2006-05-17 03:06:16'), 'mag': 6.0}, {'lat': -20.634, 'long': -173.952, 'Time': Timestamp('2006-05-17 03:06:16'), 'mag': 6.0}, {'lat': -20.634, 'long': -173.952, 'Time': Timestamp('2006-05-17 03:06:16'), 'mag': 6.0}]",3,14
160,2006-05-30 00:41:17.430,1,"[{'lat': -3.749, 'long': 140.065, 'Time': Timestamp('2006-05-30 03:28:50'), 'mag': 5.9}, {'lat': -3.749, 'long': 140.065, 'Time': Timestamp('2006-05-30 03:28:50'), 'mag': 5.9}, {'lat': -3.749, 'long': 140.065, 'Time': Timestamp('2006-05-30 03:28:50'), 'mag': 5.9}]",3,27
161,2006-05-16 10:30:21.176,0,[],0,13
162,2006-05-23 13:49:22.915,0,[],0,20
163,2006-05-19 23:34:23.075,1,"[{'lat': -10.595, 'long': 161.278, 'Time': Timestamp('2006-05-20 03:37:19'), 'mag': 5.0}, {'lat': -10.595, 'long': 161.278, 'Time': Timestamp('2006-05-20 03:37:19'), 'mag': 5.0}, {'lat': -10.595, 'long': 161.278, 'Time': Timestamp('2006-05-20 03:37:19'), 'mag': 5.0}]",3,16
164,2006-05-16 07:44:53.180,0,[],0,12
165,2006-05-23 11:01:21.905,0,[],0,19
166,2006-05-10 14:20:16.412,0,[],0,6
167,2006-05-13 17:36:51.901,0,[],0,9
168,2006-06-03 20:50:50.615,0,[],0,30
169,2006-05-23 06:37:17.238,0,[],0,18
170,2006-06-02 09:52:52.280,0,[],0,28
171,2006-05-17 13:12:22.691,0,[],0,12
172,2006-05-20 16:29:50.836,0,[],0,15
173,2006-05-10 19:44:18.902,0,[],0,5
174,2006-05-28 22:58:22.850,0,[],0,23
175,2006-05-26 07:07:55.060,1,"[{'lat': -37.428, 'long': 51.271, 'Time': Timestamp('2006-05-26 11:52:39'), 'mag': 5.0}, {'lat': -37.428, 'long': 51.271, 'Time': Timestamp('2006-05-26 11:52:39'), 'mag': 5.0}]",2,20
176,2006-05-14 10:23:52.680,0,[],0,8
177,2006-05-21 13:43:22.092,0,[],0,15
178,2006-05-23 17:00:20.238,0,[],0,17
179,2006-05-26 20:14:52.199,0,[],0,20
180,2006-05-17 23:28:22.251,1,"[{'lat': -61.242, 'long': 160.897, 'Time': Timestamp('2006-05-18 03:15:09'), 'mag': 5.0}, {'lat': -61.23, 'long': 160.092, 'Time': Timestamp('2006-05-18 04:29:05'), 'mag': 5.0}]",2,11
181,2006-05-27 07:38:54.685,0,[],0,20
182,2006-05-20 10:55:20.754,0,[],0,13
183,2006-05-18 14:14:23.454,1,"[{'lat': -32.429, 'long': -71.98, 'Time': Timestamp('2006-05-18 18:26:20'), 'mag': 5.0}, {'lat': -32.429, 'long': -71.98, 'Time': Timestamp('2006-05-18 18:26:20'), 'mag': 5.0}]",2,11
184,2006-05-24 17:30:52.078,0,[],0,17
185,2006-05-12 20:44:50.792,0,[],0,5
186,2006-05-30 09:46:49.800,0,[],0,22
187,2006-06-07 18:01:22.948,0,[],0,30
188,2006-05-16 21:15:25.289,1,"[{'lat': -20.634, 'long': -173.952, 'Time': Timestamp('2006-05-17 03:06:16'), 'mag': 6.0}, {'lat': -20.634, 'long': -173.952, 'Time': Timestamp('2006-05-17 03:06:16'), 'mag': 6.0}, {'lat': -20.634, 'long': -173.952, 'Time': Timestamp('2006-05-17 03:06:16'), 'mag': 6.0}]",3,8
189,2006-05-25 00:29:20.375,0,[],0,16
190,2006-06-01 05:23:54.322,0,[],0,23
191,2006-05-31 08:40:18.393,0,[],0,22
192,2006-06-06 11:57:22.242,0,[],0,28
193,2006-05-18 15:15:51.269,1,"[{'lat': -32.429, 'long': -71.98, 'Time': Timestamp('2006-05-18 18:26:20'), 'mag': 5.0}, {'lat': -32.429, 'long': -71.98, 'Time': Timestamp('2006-05-18 18:26:20'), 'mag': 5.0}, {'lat': -32.429, 'long': -71.98, 'Time': Timestamp('2006-05-18 18:26:20'), 'mag': 5.0}]",3,9
194,2006-06-04 18:31:22.349,0,[],0,26
195,2006-05-30 21:45:21.041,0,[],0,21
196,2006-05-16 00:59:19.777,0,[],0,6
197,2006-05-24 05:54:24.612,0,[],0,14
198,2006-06-01 09:09:22.121,0,[],0,22
199,2006-05-22 12:28:52.681,0,[],0,12
200,2006-05-20 15:46:51.932,0,[],0,10
201,2006-05-27 22:15:50.922,1,"[{'lat': -19.907, 'long': -174.537, 'Time': Timestamp('2006-05-28 03:36:18'), 'mag': 5.7}, {'lat': -20.468, 'long': 168.669, 'Time': Timestamp('2006-05-28 00:38:24'), 'mag': 5.0}]",2,17
202,2006-06-02 01:29:52.538,0,[],0,22
203,2006-06-01 06:24:52.942,0,[],0,21
204,2006-05-20 22:45:52.243,1,"[{'lat': -29.871, 'long': -176.904, 'Time': Timestamp('2006-05-21 04:43:22'), 'mag': 5.0}, {'lat': -29.871, 'long': -176.904, 'Time': Timestamp('2006-05-21 04:43:22'), 'mag': 5.0}]",2,9
205,2006-05-20 02:00:21.046,1,"[{'lat': -10.595, 'long': 161.278, 'Time': Timestamp('2006-05-20 03:37:19'), 'mag': 5.0}]",1,8
206,2006-05-29 11:51:22.457,0,[],0,17
207,2006-05-22 15:09:47.389,0,[],0,10
208,2006-05-21 18:25:22.564,0,[],0,9
209,2006-06-04 21:39:22.138,0,[],0,23
210,2006-05-29 00:53:18.764,0,[],0,16
211,2006-06-08 07:26:24.966,0,[],0,26
212,2006-06-04 10:42:48.378,0,[],0,22
213,2006-06-10 14:01:52.885,0,[],0,28
214,2006-05-28 17:18:21.031,0,[],0,15
215,2006-05-22 20:32:45.761,0,[],0,9
216,2006-06-07 23:46:53.046,0,[],0,25
217,2006-05-24 07:57:23.698,0,[],0,10
218,2006-05-28 22:39:52.420,0,[],0,14
219,2006-06-03 01:54:20.676,0,[],0,19
220,2006-05-30 06:49:26.070,0,[],0,15
221,2006-05-21 10:05:22.250,0,[],0,6
222,2006-05-26 13:24:22.661,0,[],0,11
223,2006-05-26 02:24:50.408,1,"[{'lat': 0.111, 'long': 122.477, 'Time': Timestamp('2006-05-26 04:34:48'), 'mag': 5.3}, {'lat': 0.111, 'long': 122.477, 'Time': Timestamp('2006-05-26 04:34:48'), 'mag': 5.3}, {'lat': 0.111, 'long': 122.477, 'Time': Timestamp('2006-05-26 04:34:48'), 'mag': 5.3}]",3,10
224,2006-06-11 07:20:25.142,0,[],0,26
225,2006-05-27 10:36:21.323,0,[],0,11
226,2006-06-15 13:55:23.062,1,"[{'lat': -55.715, 'long': -29.783, 'Time': Timestamp('2006-06-15 19:45:52'), 'mag': 5.1}, {'lat': -55.715, 'long': -29.783, 'Time': Timestamp('2006-06-15 19:45:52'), 'mag': 5.1}]",2,30
227,2006-06-08 17:12:20.208,0,[],0,23
228,2006-06-14 20:26:44.937,0,[],0,29
229,2006-06-13 23:40:22.222,1,"[{'lat': 51.752, 'long': 177.082, 'Time': Timestamp('2006-06-14 04:18:42'), 'mag': 6.5}, {'lat': 52.0032, 'long': 177.0047, 'Time': Timestamp('2006-06-14 04:45:42'), 'mag': 5.4}, {'lat': 51.948, 'long': 177.128, 'Time': Timestamp('2006-06-14 04:46:42'), 'mag': 6.0}, {'lat': 52.058, 'long': 177.1117, 'Time': Timestamp('2006-06-14 05:26:06'), 'mag': 5.3}, {'lat': 51.752, 'long': 177.082, 'Time': Timestamp('2006-06-14 04:18:42'), 'mag': 6.5}, {'lat': 52.0032, 'long': 177.0047, 'Time': Timestamp('2006-06-14 04:45:42'), 'mag': 5.4}, {'lat': 51.948, 'long': 177.128, 'Time': Timestamp('2006-06-14 04:46:42'), 'mag': 6.0}, {'lat': 52.058, 'long': 177.1117, 'Time': Timestamp('2006-06-14 05:26:06'), 'mag': 5.3}]",8,28
230,2006-05-27 09:27:50.585,0,[],0,10
231,2006-06-05 16:05:12.206,1,"[{'lat': 0.75, 'long': -85.25, 'Time': Timestamp('2006-06-05 18:02:32'), 'mag': 5.1}, {'lat': 0.75, 'long': -85.25, 'Time': Timestamp('2006-06-05 18:02:32'), 'mag': 5.1}, {'lat': 0.75, 'long': -85.25, 'Time': Timestamp('2006-06-05 18:02:32'), 'mag': 5.1}]",3,19
232,2006-05-30 01:48:20.892,1,"[{'lat': 12.089, 'long': 125.144, 'Time': Timestamp('2006-05-30 03:37:47'), 'mag': 5.3}, {'lat': 12.089, 'long': 125.144, 'Time': Timestamp('2006-05-30 03:37:47'), 'mag': 5.3}, {'lat': -3.749, 'long': 140.065, 'Time': Timestamp('2006-05-30 03:28:50'), 'mag': 5.9}, {'lat': 12.089, 'long': 125.144, 'Time': Timestamp('2006-05-30 03:37:47'), 'mag': 5.3}, {'lat': -3.749, 'long': 140.065, 'Time': Timestamp('2006-05-30 03:28:50'), 'mag': 5.9}]",5,12
233,2006-06-05 06:43:22.847,0,[],0,18
234,2006-06-02 09:59:21.137,0,[],0,15
235,2006-05-24 13:18:22.877,1,"[{'lat': 3.839, 'long': -32.093, 'Time': Timestamp('2006-05-24 17:58:06'), 'mag': 5.1}, {'lat': 3.839, 'long': -32.093, 'Time': Timestamp('2006-05-24 17:58:06'), 'mag': 5.1}, {'lat': 3.839, 'long': -32.093, 'Time': Timestamp('2006-05-24 17:58:06'), 'mag': 5.1}]",3,6
236,2006-06-16 16:35:52.351,0,[],0,29
237,2006-06-07 19:50:19.089,0,[],0,20
238,2006-05-28 23:04:23.036,1,"[{'lat': -33.401, 'long': -178.758, 'Time': Timestamp('2006-05-29 05:00:30'), 'mag': 5.1}, {'lat': -33.401, 'long': -178.758, 'Time': Timestamp('2006-05-29 05:00:30'), 'mag': 5.1}, {'lat': -33.401, 'long': -178.758, 'Time': Timestamp('2006-05-29 05:00:30'), 'mag': 5.1}]",3,10
239,2006-05-25 08:50:50.400,0,[],0,6
240,2006-06-08 12:09:52.251,0,[],0,20
241,2006-05-29 15:28:21.390,0,[],0,10
242,2006-06-02 01:11:49.998,0,[],0,13
243,2006-06-10 06:06:24.621,0,[],0,21
244,2006-06-14 09:21:50.802,0,[],0,25
245,2006-05-29 14:20:15.447,0,[],0,9
246,2006-06-05 19:13:51.298,0,[],0,16
247,2006-05-31 09:52:52.643,0,[],0,10
248,2006-05-31 13:12:23.054,0,[],0,10
249,2006-06-10 05:29:54.508,0,[],0,19
250,2006-05-27 08:44:46.481,0,[],0,5
251,2006-06-08 17:00:23.369,0,[],0,17
252,2006-06-06 20:14:52.562,0,[],0,15
253,2006-06-17 06:00:24.798,0,[],0,25
254,2006-06-21 09:15:50.979,0,[],0,29
255,2006-06-21 14:14:23.817,0,[],0,29
256,2006-05-31 19:07:51.475,0,[],0,8
257,2006-06-14 19:38:19.806,0,[],0,21
258,2006-06-14 22:51:52.426,0,[],0,21
259,2006-06-06 07:01:57.404,0,[],0,12
260,2006-06-19 10:17:50.929,0,[],0,25
261,2006-06-12 13:36:52.668,0,[],0,18
262,2006-06-18 16:53:57.566,0,[],0,24
263,2006-06-04 20:08:22.774,0,[],0,10
264,2006-06-16 23:22:22.827,0,[],0,22
265,2006-06-04 07:32:23.821,0,[],0,9
266,2006-06-23 10:48:48.562,0,[],0,28
267,2006-06-20 14:07:53.069,0,[],0,25
268,2006-06-20 17:24:50.214,0,[],0,25
269,2006-06-13 22:15:50.283,0,[],0,18
270,2006-06-17 01:29:47.802,0,[],0,21
271,2006-06-09 06:24:48.207,0,[],0,13
272,2006-06-16 09:40:22.032,0,[],0,20
273,2006-06-22 02:00:20.079,1,"[{'lat': -3.119, 'long': 129.056, 'Time': Timestamp('2006-06-22 03:48:16'), 'mag': 5.3}, {'lat': -3.119, 'long': 129.056, 'Time': Timestamp('2006-06-22 03:48:16'), 'mag': 5.3}, {'lat': -3.119, 'long': 129.056, 'Time': Timestamp('2006-06-22 03:48:16'), 'mag': 5.3}]",3,25
274,2006-06-19 06:55:57.581,0,[],0,22
275,2006-06-27 11:51:22.818,0,[],0,30
276,2006-06-23 15:09:47.749,0,[],0,26
277,2006-06-05 21:39:22.498,0,[],0,8
278,2006-06-03 07:26:24.326,0,[],0,5
279,2006-06-26 10:42:47.739,0,[],0,28
280,2006-06-23 14:01:52.246,0,[],0,25
281,2006-06-07 17:18:20.392,0,[],0,9
282,2006-06-26 22:09:51.788,1,"[{'lat': -19.865, 'long': -178.287, 'Time': Timestamp('2006-06-27 02:59:15'), 'mag': 6.3}, {'lat': -19.865, 'long': -178.287, 'Time': Timestamp('2006-06-27 02:59:15'), 'mag': 6.3}]",2,28
283,2006-06-16 06:18:54.701,0,[],0,17
284,2006-06-14 09:34:22.209,0,[],0,15
285,2006-06-27 21:02:48.178,0,[],0,28
286,2006-06-15 00:16:52.807,0,[],0,15
287,2006-06-26 08:27:49.146,0,[],0,26
288,2006-06-30 13:24:23.059,0,[],0,30
289,2006-06-29 23:10:22.219,0,[],0,29
290,2006-06-20 02:24:49.806,0,[],0,19
291,2006-06-13 07:20:24.540,0,[],0,12
292,2006-06-20 10:36:20.721,0,[],0,19
293,2006-06-18 13:55:52.461,1,"[{'lat': 33.028, 'long': -39.702, 'Time': Timestamp('2006-06-18 18:28:02'), 'mag': 6.0}, {'lat': 33.028, 'long': -39.702, 'Time': Timestamp('2006-06-18 18:28:02'), 'mag': 6.0}, {'lat': 33.028, 'long': -39.702, 'Time': Timestamp('2006-06-18 18:28:02'), 'mag': 6.0}]",3,17
294,2006-06-13 17:12:20.606,0,[],0,12
295,2006-06-23 20:26:45.336,1,"[{'lat': -59.25, 'long': -151.532, 'Time': Timestamp('2006-06-24 00:05:19'), 'mag': 5.0}, {'lat': -59.25, 'long': -151.532, 'Time': Timestamp('2006-06-24 00:05:19'), 'mag': 5.0}]",2,22
296,2006-06-09 23:40:22.621,0,[],0,8
297,2006-06-15 07:50:52.397,0,[],0,13
298,2006-06-07 20:56:51.161,0,[],0,5
299,2006-06-11 01:48:21.251,1,"[{'lat': -6.529, 'long': 130.391, 'Time': Timestamp('2006-06-11 06:03:30'), 'mag': 5.0}, {'lat': -6.529, 'long': 130.391, 'Time': Timestamp('2006-06-11 06:03:30'), 'mag': 5.0}, {'lat': -6.529, 'long': 130.391, 'Time': Timestamp('2006-06-11 06:03:30'), 'mag': 5.0}]",3,8
300,2006-06-27 06:43:22.207,0,[],0,24
301,2006-06-15 09:59:20.497,0,[],0,12
302,2006-06-11 13:18:22.237,0,[],0,8
303,2006-06-15 16:35:51.711,0,[],0,12
304,2006-06-24 19:50:18.448,0,[],0,21
305,2006-06-20 23:04:22.396,0,[],0,17
306,2006-07-04 08:50:50.759,0,[],0,30
307,2006-06-11 12:09:52.610,0,[],0,7
308,2006-06-23 15:28:21.750,0,[],0,19
309,2006-06-26 18:43:47.160,0,[],0,22
310,2006-06-30 21:57:15.427,1,"[{'lat': -29.315, 'long': -177.92, 'Time': Timestamp('2006-07-01 02:47:28'), 'mag': 5.0}, {'lat': -29.315, 'long': -177.92, 'Time': Timestamp('2006-07-01 02:47:28'), 'mag': 5.0}, {'lat': -29.315, 'long': -177.92, 'Time': Timestamp('2006-07-01 02:47:28'), 'mag': 5.0}]",3,26
311,2006-06-20 01:11:50.358,0,[],0,15
312,2006-06-11 06:06:57.749,0,[],0,6
313,2006-07-05 09:21:51.161,0,[],0,30
314,2006-06-16 12:40:53.012,0,[],0,11
315,2006-06-20 15:58:48.167,0,[],0,15
316,2006-07-02 19:14:19.330,0,[],0,27
317,2006-06-29 09:52:52.002,0,[],0,23
318,2006-06-15 13:12:22.413,0,[],0,9
319,2006-06-27 16:29:50.559,0,[],0,21
320,2006-07-03 19:44:18.625,0,[],0,27
321,2006-06-25 22:58:22.574,1,"[{'lat': 50.236, 'long': -176.108, 'Time': Timestamp('2006-06-26 01:59:17'), 'mag': 5.3}, {'lat': 50.236, 'long': -176.108, 'Time': Timestamp('2006-06-26 01:59:17'), 'mag': 5.3}, {'lat': 50.236, 'long': -176.108, 'Time': Timestamp('2006-06-26 01:59:17'), 'mag': 5.3}]",3,19
322,2006-06-19 08:44:48.169,0,[],0,12
323,2006-07-03 12:03:52.827,0,[],0,26
324,2006-06-20 15:22:20.526,0,[],0,13
325,2006-07-07 21:51:15.644,0,[],0,30
326,2006-06-14 01:05:50.574,1,"[{'lat': 51.752, 'long': 177.082, 'Time': Timestamp('2006-06-14 04:18:42'), 'mag': 6.5}, {'lat': 52.0032, 'long': 177.0047, 'Time': Timestamp('2006-06-14 04:45:42'), 'mag': 5.4}, {'lat': 51.948, 'long': 177.128, 'Time': Timestamp('2006-06-14 04:46:42'), 'mag': 6.0}, {'lat': 52.058, 'long': 177.1117, 'Time': Timestamp('2006-06-14 05:26:06'), 'mag': 5.3}, {'lat': 51.752, 'long': 177.082, 'Time': Timestamp('2006-06-14 04:18:42'), 'mag': 6.5}, {'lat': 52.0032, 'long': 177.0047, 'Time': Timestamp('2006-06-14 04:45:42'), 'mag': 5.4}, {'lat': 51.948, 'long': 177.128, 'Time': Timestamp('2006-06-14 04:46:42'), 'mag': 6.0}, {'lat': 52.058, 'long': 177.1117, 'Time': Timestamp('2006-06-14 05:26:06'), 'mag': 5.3}]",8,6
327,2006-06-26 06:00:24.196,0,[],0,18
328,2006-06-17 09:15:50.377,0,[],0,9
329,2006-06-19 12:34:52.228,0,[],0,11
330,2006-06-28 15:52:51.478,0,[],0,20
331,2006-07-04 20:44:50.554,0,[],0,26
332,2006-07-03 09:46:49.561,0,[],0,24
333,2006-06-19 18:01:22.710,0,[],0,10
334,2006-06-29 21:15:20.955,0,[],0,20
335,2006-06-29 00:29:20.137,0,[],0,19
336,2006-06-27 05:23:55.084,0,[],0,17
337,2006-06-16 08:40:19.156,0,[],0,6
338,2006-07-02 11:57:23.004,0,[],0,22
339,2006-06-19 15:15:52.031,0,[],0,9
340,2006-06-26 18:31:52.111,0,[],0,16
341,2006-07-04 21:45:20.802,1,"[{'lat': -20.565, 'long': -174.125, 'Time': Timestamp('2006-07-05 03:44:10'), 'mag': 5.6}, {'lat': -20.565, 'long': -174.125, 'Time': Timestamp('2006-07-05 03:44:10'), 'mag': 5.6}, {'lat': -20.565, 'long': -174.125, 'Time': Timestamp('2006-07-05 03:44:10'), 'mag': 5.6}]",3,24
342,2006-07-04 00:59:21.078,0,[],0,23
343,2006-06-22 05:54:24.373,0,[],0,11
344,2006-06-23 09:09:21.882,1,"[{'lat': -47.178, 'long': 32.508, 'Time': Timestamp('2006-06-23 10:41:56'), 'mag': 5.2}, {'lat': -47.178, 'long': 32.508, 'Time': Timestamp('2006-06-23 10:41:56'), 'mag': 5.2}, {'lat': -47.178, 'long': 32.508, 'Time': Timestamp('2006-06-23 10:41:56'), 'mag': 5.2}]",3,12
345,2006-07-01 12:28:52.405,0,[],0,20
346,2006-07-07 15:46:51.656,0,[],0,26
347,2006-06-20 22:15:50.646,0,[],0,9
348,2006-06-21 01:29:52.261,0,[],0,9
349,2006-06-22 08:03:20.147,0,[],0,10
350,2006-07-02 22:45:52.966,0,[],0,20
351,2006-07-13 02:00:21.769,0,[],0,30
352,2006-07-05 06:55:56.944,0,[],0,22
353,2006-07-12 10:11:50.469,0,[],0,29
354,2006-07-08 13:30:52.207,0,[],0,25
355,2006-07-08 16:47:57.105,0,[],0,25
356,2006-06-21 20:02:52.314,0,[],0,8
357,2006-07-05 23:16:22.368,0,[],0,22
358,2006-07-10 14:01:52.648,0,[],0,26
359,2006-06-26 17:18:49.466,0,[],0,12
360,2006-06-22 22:09:52.190,0,[],0,8
361,2006-07-08 06:18:55.102,0,[],0,23
362,2006-07-06 09:34:22.612,0,[],0,21
363,2006-07-03 22:39:52.183,0,[],0,18
364,2006-07-02 01:54:23.096,1,"[{'lat': 51.713, 'long': 176.93, 'Time': Timestamp('2006-07-02 03:53:56'), 'mag': 5.8}, {'lat': 51.713, 'long': 176.93, 'Time': Timestamp('2006-07-02 03:53:56'), 'mag': 5.8}]",2,16
365,2006-07-16 06:49:54.504,0,[],0,30
366,2006-07-13 10:05:22.013,0,[],0,27
367,2006-07-01 15:03:48.657,0,[],0,15
368,2006-07-12 18:19:22.505,0,[],0,26
369,2006-07-15 07:20:24.905,0,[],0,28
370,2006-07-09 10:36:23.965,0,[],0,22
371,2006-06-23 13:55:52.825,0,[],0,6
372,2006-07-15 17:12:22.880,0,[],0,28
373,2006-06-29 20:26:45.700,0,[],0,12
374,2006-07-05 23:40:52.985,0,[],0,18
375,2006-06-25 07:51:25.523,0,[],0,7
376,2006-07-04 11:07:49.271,0,[],0,16
377,2006-07-09 14:26:49.538,1,"[{'lat': -19.703, 'long': -70.624, 'Time': Timestamp('2006-07-09 16:37:08'), 'mag': 5.2}, {'lat': -19.703, 'long': -70.624, 'Time': Timestamp('2006-07-09 16:37:08'), 'mag': 5.2}, {'lat': -19.703, 'long': -70.624, 'Time': Timestamp('2006-07-09 16:37:08'), 'mag': 5.2}]",3,21
378,2006-07-13 17:42:52.281,0,[],0,25
379,2006-07-12 20:57:23.294,0,[],0,24
380,2006-07-14 00:10:52.386,1,"[{'lat': -5.497, 'long': 150.941, 'Time': Timestamp('2006-07-14 03:38:35'), 'mag': 5.0}, {'lat': -5.497, 'long': 150.941, 'Time': Timestamp('2006-07-14 03:38:35'), 'mag': 5.0}, {'lat': -5.497, 'long': 150.941, 'Time': Timestamp('2006-07-14 03:38:35'), 'mag': 5.0}]",3,25
381,2006-07-16 08:21:47.286,0,[],0,27
382,2006-07-05 11:38:52.574,0,[],0,16
383,2006-07-08 14:57:18.499,0,[],0,19
384,2006-07-08 18:13:22.682,0,[],0,19
385,2006-07-14 00:41:17.553,1,"[{'lat': -5.497, 'long': 150.941, 'Time': Timestamp('2006-07-14 03:38:35'), 'mag': 5.0}, {'lat': -5.497, 'long': 150.941, 'Time': Timestamp('2006-07-14 03:38:35'), 'mag': 5.0}, {'lat': -5.497, 'long': 150.941, 'Time': Timestamp('2006-07-14 03:38:35'), 'mag': 5.0}]",3,24
386,2006-07-12 08:52:54.116,0,[],0,22
387,2006-06-27 12:09:52.975,0,[],0,7
388,2006-07-11 15:28:22.115,0,[],0,21
389,2006-07-15 18:43:52.083,0,[],0,25
390,2006-07-08 13:12:22.818,0,[],0,16
391,2006-07-21 16:29:57.716,0,[],0,29
392,2006-07-01 19:44:19.029,0,[],0,9
393,2006-07-06 22:58:22.977,0,[],0,14
394,2006-07-17 07:07:54.187,0,[],0,24
395,2006-07-22 10:23:51.808,0,[],0,29
396,2006-07-01 13:43:22.218,0,[],0,8
397,2006-07-01 17:00:20.365,0,[],0,8
398,2006-07-17 20:14:52.326,0,[],0,24
399,2006-07-17 23:28:22.378,0,[],0,24
400,2006-07-24 07:38:54.812,0,[],0,30
401,2006-07-02 10:55:20.881,0,[],0,8
402,2006-07-13 14:14:23.580,1,"[{'lat': -60.942, 'long': -36.471, 'Time': Timestamp('2006-07-13 19:13:40'), 'mag': 5.7}]",1,19
403,2006-07-01 17:30:52.205,0,[],0,7
404,2006-07-04 20:44:50.919,0,[],0,10
405,2006-07-23 09:46:49.926,0,[],0,28
406,2006-07-22 00:28:46.735,0,[],0,26
407,2006-07-22 03:45:53.976,0,[],0,26
408,2006-07-24 07:01:57.132,0,[],0,28
409,2006-07-20 10:17:50.656,0,[],0,24
410,2006-07-24 13:36:52.396,0,[],0,28
411,2006-07-05 16:53:57.294,0,[],0,9
412,2006-07-18 20:08:22.502,0,[],0,22
413,2006-07-01 23:22:22.556,1,"[{'lat': -20.486, 'long': -176.418, 'Time': Timestamp('2006-07-02 02:57:44'), 'mag': 5.0}, {'lat': -20.486, 'long': -176.418, 'Time': Timestamp('2006-07-02 02:57:44'), 'mag': 5.0}, {'lat': -20.486, 'long': -176.418, 'Time': Timestamp('2006-07-02 02:57:44'), 'mag': 5.0}, {'lat': 51.713, 'long': 176.93, 'Time': Timestamp('2006-07-02 03:53:56'), 'mag': 5.8}]",4,5
414,2006-07-15 07:32:23.549,0,[],0,18
415,2006-07-27 10:48:48.290,0,[],0,30
416,2006-07-16 14:07:52.797,0,[],0,19
417,2006-07-04 17:24:20.942,0,[],0,7
418,2006-07-23 20:38:49.768,0,[],0,26
419,2006-07-06 08:03:19.513,0,[],0,8
420,2006-07-23 21:08:47.768,0,[],0,25
421,2006-07-25 00:22:52.587,0,[],0,26
422,2006-07-28 08:32:14.528,0,[],0,29
423,2006-07-14 11:50:52.585,0,[],0,15
424,2006-07-07 15:09:50.285,0,[],0,8
425,2006-07-18 18:25:22.692,0,[],0,19
426,2006-07-18 21:39:18.058,0,[],0,19
427,2006-07-07 00:53:17.564,0,[],0,7
428,2006-07-23 05:48:00.602,0,[],0,23
429,2006-07-29 09:04:55.343,0,[],0,29
430,2006-07-16 12:22:22.987,0,[],0,16
431,2006-07-26 15:40:20.797,0,[],0,26
432,2006-07-22 18:55:50.632,0,[],0,22
433,2006-07-30 22:09:22.001,0,[],0,30
434,2006-07-14 01:23:24.499,1,"[{'lat': -5.497, 'long': 150.941, 'Time': Timestamp('2006-07-14 03:38:35'), 'mag': 5.0}, {'lat': -5.497, 'long': 150.941, 'Time': Timestamp('2006-07-14 03:38:35'), 'mag': 5.0}, {'lat': -5.497, 'long': 150.941, 'Time': Timestamp('2006-07-14 03:38:35'), 'mag': 5.0}]",3,13
435,2006-07-16 06:18:54.468,0,[],0,15
436,2006-07-15 09:33:53.416,0,[],0,14
437,2006-07-12 21:02:54.809,0,[],0,11
438,2006-07-12 00:16:52.574,0,[],0,10
439,2006-07-13 05:11:26.394,0,[],0,11
440,2006-07-23 08:27:48.913,0,[],0,21
441,2006-07-18 11:44:52.762,0,[],0,16
442,2006-07-22 15:03:20.350,0,[],0,20
443,2006-07-13 21:33:21.115,0,[],0,11
444,2006-07-12 00:47:13.645,0,[],0,9
445,2006-07-23 05:41:55.466,0,[],0,20
446,2006-07-08 08:56:49.096,0,[],0,5
447,2006-07-18 12:15:52.163,0,[],0,15
448,2006-07-08 15:34:21.302,0,[],0,5
449,2006-07-28 18:49:22.270,0,[],0,25
450,2006-07-08 22:03:19.076,0,[],0,5
451,2006-07-22 01:17:17.143,0,[],0,18
452,2006-07-30 06:12:23.428,0,[],0,26
453,2006-07-23 09:27:49.497,0,[],0,19
454,2006-07-22 12:46:52.565,0,[],0,18
455,2006-08-03 16:04:47.943,0,[],0,30
456,2006-07-24 14:57:20.454,0,[],0,19
457,2006-07-27 21:26:51.659,0,[],0,22
458,2006-07-11 00:40:49.513,1,"[{'lat': 51.195, 'long': -179.123, 'Time': Timestamp('2006-07-11 04:04:22'), 'mag': 5.0}, {'lat': 51.195, 'long': -179.123, 'Time': Timestamp('2006-07-11 04:04:22'), 'mag': 5.0}, {'lat': 51.195, 'long': -179.123, 'Time': Timestamp('2006-07-11 04:04:22'), 'mag': 5.0}, {'lat': -4.744, 'long': 151.798, 'Time': Timestamp('2006-07-11 01:10:30'), 'mag': 5.2}, {'lat': -4.744, 'long': 151.798, 'Time': Timestamp('2006-07-11 01:10:30'), 'mag': 5.2}, {'lat': -4.744, 'long': 151.798, 'Time': Timestamp('2006-07-11 01:10:30'), 'mag': 5.2}]",6,5
459,2006-07-23 05:35:54.683,1,"[{'lat': -10.008, 'long': 108.676, 'Time': Timestamp('2006-07-23 06:53:31'), 'mag': 5.0}]",1,17
460,2006-07-12 08:52:23.520,0,[],0,6
461,2006-07-29 12:09:22.380,0,[],0,23
462,2006-07-24 15:27:51.570,0,[],0,18
463,2006-07-25 18:43:22.487,0,[],0,19
464,2006-07-18 21:57:13.869,0,[],0,12
465,2006-07-13 01:11:21.455,1,"[{'lat': -16.004, 'long': 168.019, 'Time': Timestamp('2006-07-13 05:12:14'), 'mag': 5.1}, {'lat': -16.004, 'long': 168.019, 'Time': Timestamp('2006-07-13 05:12:14'), 'mag': 5.1}, {'lat': -16.004, 'long': 168.019, 'Time': Timestamp('2006-07-13 05:12:14'), 'mag': 5.1}]",3,6
466,2006-07-24 06:06:23.645,0,[],0,17
467,2006-07-16 09:21:23.809,0,[],0,9
468,2006-07-14 12:40:52.782,0,[],0,7
469,2006-07-18 15:58:52.143,0,[],0,11
470,2006-08-03 19:13:47.442,0,[],0,27
471,2006-07-26 22:27:19.694,0,[],0,19
472,2006-07-22 01:41:49.981,0,[],0,14
473,2006-08-05 11:32:19.253,0,[],0,28
474,2006-08-07 14:50:49.520,0,[],0,30
475,2006-07-26 18:06:52.263,0,[],0,18
476,2006-07-13 21:20:47.740,0,[],0,5
477,2006-07-14 00:34:48.463,1,"[{'lat': -5.497, 'long': 150.941, 'Time': Timestamp('2006-07-14 03:38:35'), 'mag': 5.0}, {'lat': -5.497, 'long': 150.941, 'Time': Timestamp('2006-07-14 03:38:35'), 'mag': 5.0}, {'lat': -5.497, 'long': 150.941, 'Time': Timestamp('2006-07-14 03:38:35'), 'mag': 5.0}]",3,5
478,2006-07-20 08:44:17.938,0,[],0,11
479,2006-07-27 12:03:22.556,0,[],0,18
480,2006-07-15 15:21:50.256,0,[],0,6
481,2006-08-06 21:51:21.021,0,[],0,28
482,2006-07-24 01:05:20.303,1,"[{'lat': -5.993, 'long': 151.692, 'Time': Timestamp('2006-07-24 02:27:19'), 'mag': 5.2}, {'lat': -5.993, 'long': 151.692, 'Time': Timestamp('2006-07-24 02:27:19'), 'mag': 5.2}]",2,14
483,2006-07-17 05:59:54.926,0,[],0,7
484,2006-07-28 09:15:21.107,0,[],0,18
485,2006-08-02 12:34:22.958,0,[],0,23
486,2006-08-07 15:52:22.208,0,[],0,28
487,2006-07-18 19:07:51.604,0,[],0,8
488,2006-08-02 06:30:50.891,0,[],0,22
489,2006-07-30 09:46:19.292,0,[],0,19
490,2006-07-26 18:00:52.440,0,[],0,15
491,2006-07-29 21:14:50.686,0,[],0,18
492,2006-08-04 00:28:49.867,0,[],0,23
493,2006-08-06 05:23:24.814,0,[],0,25
494,2006-07-20 08:39:57.078,0,[],0,8
495,2006-07-28 11:56:52.774,0,[],0,16
496,2006-07-24 15:15:21.801,0,[],0,12
497,2006-08-10 21:44:47.477,0,[],0,29
498,2006-08-03 00:58:51.849,0,[],0,21
499,2006-08-08 05:53:51.048,0,[],0,26
500,2006-07-26 10:48:17.695,0,[],0,13
501,2006-07-30 14:07:22.202,0,[],0,17
502,2006-08-11 17:24:20.348,0,[],0,29
503,2006-07-28 20:38:20.502,0,[],0,15
504,2006-08-11 23:52:22.362,1,"[{'lat': -6.826, 'long': 154.403, 'Time': Timestamp('2006-08-12 03:32:29'), 'mag': 5.1}, {'lat': -6.826, 'long': 154.403, 'Time': Timestamp('2006-08-12 03:32:29'), 'mag': 5.1}, {'lat': -6.826, 'long': 154.403, 'Time': Timestamp('2006-08-12 03:32:29'), 'mag': 5.1}]",3,29
505,2006-08-10 08:02:45.822,0,[],0,27
506,2006-08-08 19:31:47.350,0,[],0,25
507,2006-08-02 22:45:22.737,0,[],0,19
508,2006-08-08 08:33:53.199,0,[],0,24
509,2006-08-06 13:30:22.979,0,[],0,22
510,2006-08-13 16:47:27.876,0,[],0,29
511,2006-07-25 20:02:22.085,0,[],0,10
512,2006-08-12 23:15:52.138,1,"[{'lat': -41.79, 'long': 172.67, 'Time': Timestamp('2006-08-13 04:29:25'), 'mag': 5.2}]",1,28
513,2006-08-09 07:25:54.459,0,[],0,24
514,2006-08-02 10:42:17.873,0,[],0,17
515,2006-07-24 14:01:22.379,0,[],0,8
516,2006-08-08 17:18:19.197,0,[],0,23
517,2006-07-25 20:32:19.350,0,[],0,9
518,2006-07-24 23:46:22.539,0,[],0,8
519,2006-08-05 07:56:50.095,0,[],0,19
520,2006-07-23 19:25:52.951,0,[],0,6
521,2006-08-13 22:39:22.914,0,[],0,27
522,2006-07-26 01:53:53.827,0,[],0,8
523,2006-08-14 08:25:49.496,0,[],0,27
524,2006-07-31 11:44:22.128,0,[],0,13
525,2006-08-15 15:03:18.388,0,[],0,28
526,2006-08-09 18:18:52.235,0,[],0,22
527,2006-07-29 21:32:51.809,0,[],0,11
528,2006-08-07 00:46:52.320,0,[],0,19
529,2006-08-03 08:58:26.326,0,[],0,15
530,2006-07-30 12:15:52.569,0,[],0,11
531,2006-08-07 15:33:48.941,0,[],0,19
532,2006-08-15 22:03:18.154,1,"[{'lat': -21.189, 'long': -176.25, 'Time': Timestamp('2006-08-15 23:53:46'), 'mag': 6.1}, {'lat': -21.189, 'long': -176.25, 'Time': Timestamp('2006-08-15 23:53:46'), 'mag': 6.1}, {'lat': -21.189, 'long': -176.25, 'Time': Timestamp('2006-08-15 23:53:46'), 'mag': 6.1}]",3,27
533,2006-07-29 01:17:17.548,0,[],0,9
534,2006-08-02 06:12:27.707,0,[],0,13
535,2006-08-12 09:27:21.119,0,[],0,23
536,2006-07-27 12:46:52.970,0,[],0,7
537,2006-07-27 16:04:42.701,0,[],0,7
538,2006-07-28 20:56:21.736,0,[],0,8
539,2006-08-16 00:10:22.157,0,[],0,26
540,2006-08-04 08:21:19.825,0,[],0,14
541,2006-08-05 11:38:22.345,0,[],0,15
542,2006-07-30 14:56:40.077,0,[],0,9
543,2006-08-16 18:12:52.452,0,[],0,26
544,2006-07-30 21:26:47.929,0,[],0,9
545,2006-08-09 00:40:47.324,0,[],0,18
546,2006-07-29 07:13:54.853,1,"[{'lat': 37.13, 'long': 68.808, 'Time': Timestamp('2006-07-29 10:57:15'), 'mag': 5.4}]",1,7
547,2006-08-11 10:29:51.034,0,[],0,20
548,2006-08-01 13:48:52.773,0,[],0,10
549,2006-08-10 17:05:50.918,0,[],0,19
550,2006-08-08 20:20:23.840,0,[],0,17
551,2006-08-12 23:33:52.933,1,"[{'lat': -41.79, 'long': 172.67, 'Time': Timestamp('2006-08-13 04:29:25'), 'mag': 5.2}, {'lat': -41.79, 'long': 172.67, 'Time': Timestamp('2006-08-13 04:29:25'), 'mag': 5.2}, {'lat': -5.772, 'long': 151.296, 'Time': Timestamp('2006-08-13 00:15:37'), 'mag': 5.4}]",3,21
552,2006-08-12 09:21:20.297,0,[],0,20
553,2006-08-19 12:40:22.147,0,[],0,27
554,2006-08-07 15:58:17.302,0,[],0,15
555,2006-08-05 22:27:23.156,0,[],0,13
556,2006-08-22 08:15:20.895,0,[],0,29
557,2006-08-23 11:31:46.852,0,[],0,30
558,2006-08-14 14:50:49.886,0,[],0,21
559,2006-08-18 18:06:52.629,0,[],0,25
560,2006-07-30 21:20:50.875,0,[],0,6
561,2006-08-08 00:34:48.829,0,[],0,14
562,2006-08-16 05:29:25.003,0,[],0,22
563,2006-07-31 08:44:18.304,0,[],0,6
564,2006-08-17 12:03:22.923,0,[],0,23
565,2006-08-15 15:21:50.623,0,[],0,21
566,2006-08-01 18:37:17.472,0,[],0,7
567,2006-08-07 07:38:24.543,0,[],0,12
568,2006-08-10 15:52:21.617,0,[],0,15
569,2006-08-14 22:21:19.391,0,[],0,19
570,2006-08-12 01:35:19.455,1,"[{'lat': -6.826, 'long': 154.403, 'Time': Timestamp('2006-08-12 03:32:29'), 'mag': 5.1}, {'lat': -6.826, 'long': 154.403, 'Time': Timestamp('2006-08-12 03:32:29'), 'mag': 5.1}, {'lat': -6.826, 'long': 154.403, 'Time': Timestamp('2006-08-12 03:32:29'), 'mag': 5.1}]",3,16
571,2006-08-15 06:30:51.299,0,[],0,19
572,2006-08-07 09:46:19.700,0,[],0,11
573,2006-08-01 18:00:52.849,0,[],0,5
574,2006-08-02 21:14:55.190,0,[],0,6
575,2006-08-23 00:28:50.275,0,[],0,26
576,2006-08-12 05:23:25.222,1,"[{'lat': 2.189, 'long': 96.365, 'Time': Timestamp('2006-08-12 06:15:28'), 'mag': 5.0}, {'lat': 2.189, 'long': 96.365, 'Time': Timestamp('2006-08-12 06:15:28'), 'mag': 5.0}, {'lat': -9.691, 'long': 107.588, 'Time': Timestamp('2006-08-12 06:55:22'), 'mag': 5.0}, {'lat': 2.189, 'long': 96.365, 'Time': Timestamp('2006-08-12 06:15:28'), 'mag': 5.0}, {'lat': -9.691, 'long': 107.588, 'Time': Timestamp('2006-08-12 06:55:22'), 'mag': 5.0}, {'lat': -9.691, 'long': 107.588, 'Time': Timestamp('2006-08-12 06:55:22'), 'mag': 5.0}]",6,15
577,2006-08-02 08:39:48.293,0,[],0,5
578,2006-08-04 11:56:52.142,0,[],0,7
579,2006-08-22 15:15:21.170,0,[],0,25
580,2006-08-11 18:31:22.249,0,[],0,14
581,2006-08-13 21:44:50.941,0,[],0,16
582,2006-08-16 00:58:49.676,0,[],0,18
583,2006-08-08 05:53:50.416,0,[],0,10
584,2006-08-09 10:48:18.063,0,[],0,11
585,2006-08-18 14:07:22.570,0,[],0,20
586,2006-08-09 17:24:20.716,1,"[{'lat': -14.427, 'long': -70.74, 'Time': Timestamp('2006-08-09 22:36:08'), 'mag': 5.2}, {'lat': -14.427, 'long': -70.74, 'Time': Timestamp('2006-08-09 22:36:08'), 'mag': 5.2}]",2,11
587,2006-08-13 20:38:20.870,1,"[{'lat': -58.187, 'long': -139.782, 'Time': Timestamp('2006-08-13 21:54:10'), 'mag': 5.3}, {'lat': -58.187, 'long': -139.782, 'Time': Timestamp('2006-08-13 21:54:10'), 'mag': 5.3}, {'lat': -58.187, 'long': -139.782, 'Time': Timestamp('2006-08-13 21:54:10'), 'mag': 5.3}]",3,15
588,2006-08-18 23:52:22.730,0,[],0,20
589,2006-08-17 08:02:46.190,1,"[{'lat': -28.892, 'long': 61.625, 'Time': Timestamp('2006-08-17 08:38:17'), 'mag': 5.0}, {'lat': -28.892, 'long': 61.625, 'Time': Timestamp('2006-08-17 08:38:17'), 'mag': 5.0}, {'lat': -28.892, 'long': 61.625, 'Time': Timestamp('2006-08-17 08:38:17'), 'mag': 5.0}]",3,18
590,2006-08-16 21:08:54.366,0,[],0,17
591,2006-08-09 00:22:52.321,0,[],0,9
592,2006-08-29 08:33:52.566,1,"[{'lat': -52.522, 'long': 27.863, 'Time': Timestamp('2006-08-29 11:17:34'), 'mag': 5.2}]",1,29
593,2006-08-11 11:50:52.319,0,[],0,11
594,2006-08-30 15:09:17.251,0,[],0,30
595,2006-08-08 18:24:52.426,0,[],0,8
596,2006-08-26 21:38:51.118,0,[],0,26
597,2006-08-13 00:52:48.627,1,"[{'lat': -41.79, 'long': 172.67, 'Time': Timestamp('2006-08-13 04:29:25'), 'mag': 5.2}]",1,12
598,2006-08-18 05:47:52.144,0,[],0,17
599,2006-08-28 09:02:50.869,0,[],0,27
600,2006-08-06 12:21:52.720,0,[],0,5
601,2006-08-08 15:40:24.628,0,[],0,7
602,2006-08-15 22:39:22.322,0,[],0,13
603,2006-08-15 01:53:53.234,1,"[{'lat': -9.273, 'long': 150.481, 'Time': Timestamp('2006-08-15 05:43:20'), 'mag': 5.7}, {'lat': -9.273, 'long': 150.481, 'Time': Timestamp('2006-08-15 05:43:20'), 'mag': 5.7}, {'lat': -9.273, 'long': 150.481, 'Time': Timestamp('2006-08-15 05:43:20'), 'mag': 5.7}, {'lat': -5.737, 'long': 130.731, 'Time': Timestamp('2006-08-15 02:49:00'), 'mag': 5.2}, {'lat': -4.672, 'long': 126.734, 'Time': Timestamp('2006-08-15 03:05:11'), 'mag': 5.9}, {'lat': -5.737, 'long': 130.731, 'Time': Timestamp('2006-08-15 02:49:00'), 'mag': 5.2}, {'lat': -4.672, 'long': 126.734, 'Time': Timestamp('2006-08-15 03:05:11'), 'mag': 5.9}, {'lat': -5.737, 'long': 130.731, 'Time': Timestamp('2006-08-15 02:49:00'), 'mag': 5.2}, {'lat': -4.672, 'long': 126.734, 'Time': Timestamp('2006-08-15 03:05:11'), 'mag': 5.9}]",9,12
604,2006-08-09 06:49:24.643,0,[],0,6
605,2006-08-19 15:03:18.796,0,[],0,16
606,2006-08-12 18:18:52.644,0,[],0,9
607,2006-08-22 02:24:20.310,0,[],0,18
608,2006-08-26 07:19:55.044,0,[],0,22
609,2006-08-24 13:55:22.964,0,[],0,20
610,2006-08-19 17:11:51.110,0,[],0,15
611,2006-08-16 20:26:18.842,0,[],0,12
612,2006-08-29 01:17:16.916,0,[],0,24
613,2006-08-26 06:12:27.075,0,[],0,21
614,2006-08-15 09:27:53.256,0,[],0,10
615,2006-08-21 12:46:52.339,0,[],0,16
616,2006-09-03 16:04:39.302,0,[],0,29
617,2006-08-26 19:19:52.424,0,[],0,21
618,2006-09-03 22:33:19.252,1,"[{'lat': -24.046, 'long': 178.817, 'Time': Timestamp('2006-09-03 22:57:30'), 'mag': 5.9}, {'lat': -24.046, 'long': 178.817, 'Time': Timestamp('2006-09-03 22:57:30'), 'mag': 5.9}, {'lat': -24.046, 'long': 178.817, 'Time': Timestamp('2006-09-03 22:57:30'), 'mag': 5.9}]",3,29
619,2006-08-22 01:47:50.756,0,[],0,16
620,2006-08-24 06:42:52.711,0,[],0,18
621,2006-08-22 10:03:39.049,0,[],0,16
622,2006-08-30 13:17:52.741,0,[],0,24
623,2006-08-18 23:03:52.900,0,[],0,12
624,2006-08-25 02:18:24.583,0,[],0,18
625,2006-08-15 07:13:55.221,0,[],0,8
626,2006-08-28 10:29:50.402,0,[],0,21
627,2006-08-18 13:48:52.141,0,[],0,11
628,2006-08-29 17:05:50.287,0,[],0,22
629,2006-09-05 14:19:46.639,0,[],0,28
630,2006-08-19 17:36:19.360,0,[],0,11
631,2006-08-23 20:50:49.514,0,[],0,15
632,2006-08-18 06:36:51.560,0,[],0,9
633,2006-09-07 09:52:22.548,0,[],0,29
634,2006-08-27 13:11:52.959,0,[],0,18
635,2006-08-31 16:29:18.337,0,[],0,22
636,2006-08-30 19:43:53.266,0,[],0,21
637,2006-09-05 22:57:52.119,0,[],0,27
638,2006-08-16 08:44:17.714,0,[],0,6
639,2006-08-26 12:03:22.333,0,[],0,16
640,2006-08-15 15:21:50.032,0,[],0,5
641,2006-08-25 18:37:20.979,0,[],0,15
642,2006-08-25 21:51:20.797,0,[],0,15
643,2006-09-09 01:05:20.080,0,[],0,29
644,2006-09-09 05:59:54.703,0,[],0,29
645,2006-08-23 09:15:20.884,0,[],0,12
646,2006-09-06 12:34:22.734,0,[],0,26
647,2006-08-16 15:52:21.985,0,[],0,5
648,2006-09-02 19:07:51.380,0,[],0,22
649,2006-08-18 08:09:23.245,0,[],0,6
650,2006-08-18 18:00:52.217,0,[],0,6
651,2006-08-30 21:14:50.461,0,[],0,18
652,2006-08-25 00:28:52.513,0,[],0,12
653,2006-08-24 07:01:24.505,0,[],0,11
654,2006-08-31 10:17:20.798,0,[],0,18
655,2006-08-21 13:36:52.538,0,[],0,8
656,2006-09-05 16:53:52.011,0,[],0,23
657,2006-08-27 20:08:22.644,0,[],0,14
658,2006-08-26 23:21:52.697,1,"[{'lat': 51.331, 'long': -179.573, 'Time': Timestamp('2006-08-26 23:40:39'), 'mag': 5.7}, {'lat': 51.375, 'long': -179.599, 'Time': Timestamp('2006-08-26 23:44:35'), 'mag': 5.2}, {'lat': 51.377, 'long': -179.54, 'Time': Timestamp('2006-08-26 23:46:18'), 'mag': 5.7}, {'lat': 51.323, 'long': -179.583, 'Time': Timestamp('2006-08-26 23:55:13'), 'mag': 5.2}, {'lat': 51.038, 'long': -179.399, 'Time': Timestamp('2006-08-27 00:27:56'), 'mag': 5.0}, {'lat': 51.331, 'long': -179.573, 'Time': Timestamp('2006-08-26 23:40:39'), 'mag': 5.7}, {'lat': 51.375, 'long': -179.599, 'Time': Timestamp('2006-08-26 23:44:35'), 'mag': 5.2}, {'lat': 51.377, 'long': -179.54, 'Time': Timestamp('2006-08-26 23:46:18'), 'mag': 5.7}, {'lat': 51.323, 'long': -179.583, 'Time': Timestamp('2006-08-26 23:55:13'), 'mag': 5.2}, {'lat': 51.038, 'long': -179.399, 'Time': Timestamp('2006-08-27 00:27:56'), 'mag': 5.0}]",10,13
659,2006-09-03 12:28:22.911,0,[],0,20
660,2006-08-22 15:46:23.490,0,[],0,8
661,2006-08-25 19:01:51.557,0,[],0,11
662,2006-09-06 22:15:21.592,0,[],0,23
663,2006-09-14 01:29:23.095,0,[],0,30
664,2006-09-04 06:24:50.844,0,[],0,20
665,2006-09-10 09:40:20.573,0,[],0,26
666,2006-09-09 17:54:50.596,0,[],0,25
667,2006-09-08 21:08:46.542,0,[],0,24
668,2006-09-15 00:22:52.689,1,"[{'lat': -14.998, 'long': 166.88, 'Time': Timestamp('2006-09-15 02:57:36'), 'mag': 5.0}, {'lat': -14.998, 'long': 166.88, 'Time': Timestamp('2006-09-15 02:57:36'), 'mag': 5.0}, {'lat': -14.998, 'long': 166.88, 'Time': Timestamp('2006-09-15 02:57:36'), 'mag': 5.0}]",3,30
669,2006-08-21 06:55:27.450,0,[],0,5
670,2006-08-25 10:11:21.016,0,[],0,9
671,2006-09-04 13:30:22.756,0,[],0,19
672,2006-08-30 14:01:22.158,0,[],0,13
673,2006-08-23 17:18:20.303,0,[],0,6
674,2006-09-12 20:32:20.456,0,[],0,26
675,2006-09-01 23:46:22.317,0,[],0,15
676,2006-09-14 07:56:49.873,0,[],0,27
677,2006-09-08 19:25:52.728,0,[],0,21
678,2006-09-11 00:16:52.719,0,[],0,23
679,2006-08-26 08:27:53.154,0,[],0,7
680,2006-09-04 13:24:22.933,0,[],0,16
681,2006-09-06 16:41:27.831,0,[],0,18
682,2006-09-05 19:56:17.817,0,[],0,17
683,2006-09-01 23:09:52.093,0,[],0,13
684,2006-09-10 07:19:54.415,1,"[{'lat': 27.72, 'long': 54.32, 'Time': Timestamp('2006-09-10 08:57:46'), 'mag': 5.0}, {'lat': 27.72, 'long': 54.32, 'Time': Timestamp('2006-09-10 08:57:46'), 'mag': 5.0}, {'lat': 27.72, 'long': 54.32, 'Time': Timestamp('2006-09-10 08:57:46'), 'mag': 5.0}]",3,21
685,2006-08-25 10:36:19.267,0,[],0,5
686,2006-08-27 13:55:22.335,0,[],0,7
687,2006-09-02 23:40:22.494,1,"[{'lat': -8.283, 'long': -170.169, 'Time': Timestamp('2006-09-03 01:57:40'), 'mag': 5.0}, {'lat': -8.283, 'long': -170.169, 'Time': Timestamp('2006-09-03 01:57:40'), 'mag': 5.0}, {'lat': -8.283, 'long': -170.169, 'Time': Timestamp('2006-09-03 01:57:40'), 'mag': 5.0}, {'lat': -21.801, 'long': -175.146, 'Time': Timestamp('2006-09-03 04:26:29'), 'mag': 5.7}, {'lat': -21.801, 'long': -175.146, 'Time': Timestamp('2006-09-03 04:26:29'), 'mag': 5.7}, {'lat': -21.801, 'long': -175.146, 'Time': Timestamp('2006-09-03 04:26:29'), 'mag': 5.7}]",6,13
688,2006-08-30 07:50:54.146,0,[],0,9
689,2006-09-20 11:07:18.340,0,[],0,30
690,2006-09-18 14:26:15.504,0,[],0,28
691,2006-09-14 17:42:20.992,0,[],0,24
692,2006-09-14 20:56:45.722,0,[],0,24
693,2006-09-16 00:10:22.895,0,[],0,25
694,2006-09-17 08:19:51.779,1,"[{'lat': -17.707, 'long': 41.811, 'Time': Timestamp('2006-09-17 13:24:54'), 'mag': 5.1}]",1,26
695,2006-09-13 11:38:22.083,0,[],0,22
696,2006-09-16 14:57:15.464,0,[],0,25
697,2006-09-03 18:12:52.190,0,[],0,12
698,2006-09-02 21:26:51.764,1,"[{'lat': -8.283, 'long': -170.169, 'Time': Timestamp('2006-09-03 01:57:40'), 'mag': 5.0}, {'lat': -8.283, 'long': -170.169, 'Time': Timestamp('2006-09-03 01:57:40'), 'mag': 5.0}, {'lat': -8.283, 'long': -170.169, 'Time': Timestamp('2006-09-03 01:57:40'), 'mag': 5.0}]",3,11
699,2006-08-29 00:40:52.275,0,[],0,6
700,2006-09-19 03:57:51.982,0,[],0,27
701,2006-09-11 07:13:54.592,0,[],0,19
702,2006-09-15 10:29:50.814,0,[],0,23
703,2006-09-02 13:48:52.553,0,[],0,10
704,2006-09-06 17:05:50.698,0,[],0,14
705,2006-08-30 01:11:21.602,0,[],0,6
706,2006-09-19 06:06:27.664,0,[],0,26
707,2006-09-08 09:21:21.077,0,[],0,15
708,2006-09-17 12:40:52.928,0,[],0,24
709,2006-09-07 15:58:52.179,0,[],0,14
710,2006-09-13 19:13:51.573,0,[],0,20
711,2006-09-15 08:15:20.675,0,[],0,21
712,2006-08-30 18:06:52.410,0,[],0,5
713,2006-09-07 21:20:47.887,1,"[{'lat': -21.113, 'long': -179.082, 'Time': Timestamp('2006-09-07 21:23:00'), 'mag': 5.2}]",1,13
714,2006-09-13 00:34:48.609,0,[],0,18
715,2006-09-02 08:46:20.964,0,[],0,7
716,2006-09-20 12:03:22.703,0,[],0,25
717,2006-09-11 15:21:55.827,0,[],0,16
718,2006-09-17 18:37:21.348,0,[],0,22
719,2006-09-07 21:51:21.167,0,[],0,12
720,2006-09-15 01:05:17.582,1,"[{'lat': -14.998, 'long': 166.88, 'Time': Timestamp('2006-09-15 02:57:36'), 'mag': 5.0}, {'lat': -14.998, 'long': 166.88, 'Time': Timestamp('2006-09-15 02:57:36'), 'mag': 5.0}, {'lat': -14.998, 'long': 166.88, 'Time': Timestamp('2006-09-15 02:57:36'), 'mag': 5.0}]",3,19
721,2006-09-24 06:00:27.841,0,[],0,28
722,2006-09-21 09:15:21.254,0,[],0,25
723,2006-09-25 12:34:52.104,0,[],0,29
724,2006-09-23 15:52:21.355,0,[],0,27
725,2006-09-15 19:07:50.750,0,[],0,19
726,2006-09-15 09:46:20.767,0,[],0,18
727,2006-09-10 18:00:52.587,0,[],0,13
728,2006-09-11 21:14:48.064,0,[],0,14
729,2006-09-15 00:28:47.246,1,"[{'lat': -14.998, 'long': 166.88, 'Time': Timestamp('2006-09-15 02:57:36'), 'mag': 5.0}, {'lat': -14.998, 'long': 166.88, 'Time': Timestamp('2006-09-15 02:57:36'), 'mag': 5.0}, {'lat': -14.998, 'long': 166.88, 'Time': Timestamp('2006-09-15 02:57:36'), 'mag': 5.0}]",3,17
730,2006-09-10 08:38:14.824,1,"[{'lat': 27.72, 'long': 54.32, 'Time': Timestamp('2006-09-10 08:57:46'), 'mag': 5.0}, {'lat': 27.72, 'long': 54.32, 'Time': Timestamp('2006-09-10 08:57:46'), 'mag': 5.0}, {'lat': 27.72, 'long': 54.32, 'Time': Timestamp('2006-09-10 08:57:46'), 'mag': 5.0}]",3,12
731,2006-09-22 11:57:22.880,0,[],0,24
732,2006-09-20 15:15:50.579,0,[],0,22
733,2006-09-05 18:31:22.987,0,[],0,7
734,2006-09-09 21:45:22.450,0,[],0,11
735,2006-09-13 00:59:19.415,0,[],0,14
736,2006-09-05 05:53:50.154,0,[],0,6
737,2006-09-28 12:28:22.325,0,[],0,29
738,2006-09-17 15:46:18.808,0,[],0,18
739,2006-09-13 22:15:20.566,0,[],0,14
740,2006-09-19 01:29:50.741,0,[],0,19
741,2006-09-14 06:24:52.261,0,[],0,14
742,2006-09-12 09:40:22.315,0,[],0,12
743,2006-09-05 17:54:51.009,0,[],0,5
744,2006-09-20 21:08:46.955,0,[],0,20
745,2006-09-15 00:22:53.103,1,"[{'lat': -14.998, 'long': 166.88, 'Time': Timestamp('2006-09-15 02:57:36'), 'mag': 5.0}, {'lat': -14.998, 'long': 166.88, 'Time': Timestamp('2006-09-15 02:57:36'), 'mag': 5.0}, {'lat': -14.998, 'long': 166.88, 'Time': Timestamp('2006-09-15 02:57:36'), 'mag': 5.0}]",3,14
746,2006-09-07 06:55:25.095,0,[],0,6
747,2006-09-10 10:11:21.387,0,[],0,9
748,2006-10-01 13:30:22.127,0,[],0,30
749,2006-09-25 16:47:51.601,0,[],0,24
750,2006-09-24 20:02:22.234,1,"[{'lat': -55.929, 'long': -124.777, 'Time': Timestamp('2006-09-25 01:52:36'), 'mag': 5.1}, {'lat': -55.929, 'long': -124.777, 'Time': Timestamp('2006-09-25 01:52:36'), 'mag': 5.1}]",2,23
751,2006-09-14 23:16:22.287,1,"[{'lat': -14.998, 'long': 166.88, 'Time': Timestamp('2006-09-15 02:57:36'), 'mag': 5.0}, {'lat': -14.998, 'long': 166.88, 'Time': Timestamp('2006-09-15 02:57:36'), 'mag': 5.0}, {'lat': -14.998, 'long': 166.88, 'Time': Timestamp('2006-09-15 02:57:36'), 'mag': 5.0}]",3,13
752,2006-09-21 07:26:24.608,0,[],0,19
753,2006-09-18 10:42:16.358,0,[],0,16
754,2006-09-15 14:01:52.528,0,[],0,13
755,2006-09-19 17:18:20.674,0,[],0,17
756,2006-09-19 20:32:45.404,0,[],0,17
757,2006-09-27 23:46:22.688,0,[],0,25
758,2006-09-24 07:56:50.244,0,[],0,21
759,2006-10-03 22:39:48.487,0,[],0,30
760,2006-09-12 08:27:52.525,0,[],0,8
761,2006-09-19 11:44:52.277,0,[],0,15
762,2006-09-28 15:03:19.865,0,[],0,24
763,2006-09-18 18:19:22.385,0,[],0,14
764,2006-09-14 21:33:20.630,0,[],0,10
765,2006-09-28 00:47:17.257,1,"[{'lat': 46.462, 'long': 153.36, 'Time': Timestamp('2006-09-28 01:36:48'), 'mag': 5.9}, {'lat': 46.462, 'long': 153.36, 'Time': Timestamp('2006-09-28 01:36:48'), 'mag': 5.9}, {'lat': 46.462, 'long': 153.36, 'Time': Timestamp('2006-09-28 01:36:48'), 'mag': 5.9}]",3,23
766,2006-09-24 07:19:54.786,0,[],0,19
767,2006-09-13 10:36:16.423,0,[],0,8
768,2006-09-26 13:55:22.706,0,[],0,21
769,2006-10-02 17:12:20.851,0,[],0,27
770,2006-09-10 20:26:16.908,0,[],0,5
771,2006-09-24 23:40:22.866,0,[],0,19
772,2006-09-12 07:50:55.410,0,[],0,6
773,2006-09-29 11:07:20.039,0,[],0,23
774,2006-09-19 14:26:14.920,0,[],0,13
775,2006-09-20 22:33:47.710,0,[],0,14
776,2006-09-17 01:47:53.309,0,[],0,10
777,2006-09-29 06:43:21.169,0,[],0,22
778,2006-09-24 09:58:48.901,0,[],0,17
779,2006-09-27 13:18:22.527,0,[],0,20
780,2006-09-13 16:35:19.232,0,[],0,6
781,2006-09-22 19:50:18.738,0,[],0,15
782,2006-09-27 23:03:52.686,0,[],0,20
783,2006-09-14 07:13:56.335,0,[],0,6
784,2006-09-25 10:29:49.302,0,[],0,17
785,2006-10-08 13:49:22.928,0,[],0,30
786,2006-09-18 17:06:19.745,0,[],0,10
787,2006-10-06 20:20:23.995,0,[],0,28
788,2006-10-01 01:11:16.880,1,"[{'lat': 46.211, 'long': 152.984, 'Time': Timestamp('2006-10-01 02:23:59'), 'mag': 5.3}, {'lat': 46.155, 'long': 153.047, 'Time': Timestamp('2006-10-01 04:28:36'), 'mag': 5.2}, {'lat': 46.211, 'long': 152.984, 'Time': Timestamp('2006-10-01 02:23:59'), 'mag': 5.3}, {'lat': 46.155, 'long': 153.047, 'Time': Timestamp('2006-10-01 04:28:36'), 'mag': 5.2}, {'lat': 46.211, 'long': 152.984, 'Time': Timestamp('2006-10-01 02:23:59'), 'mag': 5.3}, {'lat': 46.155, 'long': 153.047, 'Time': Timestamp('2006-10-01 04:28:36'), 'mag': 5.2}]",6,22
789,2006-09-26 06:06:24.270,0,[],0,17
790,2006-10-07 09:21:50.004,0,[],0,28
791,2006-10-03 12:40:52.302,0,[],0,24
792,2006-10-02 15:58:51.552,0,[],0,23
793,2006-09-17 20:50:46.532,0,[],0,8
794,2006-09-27 06:36:48.578,0,[],0,17
795,2006-10-04 09:52:49.077,0,[],0,24
796,2006-09-25 13:11:52.703,0,[],0,15
797,2006-09-27 21:20:52.357,0,[],0,17
798,2006-10-06 00:34:50.311,0,[],0,25
799,2006-10-02 03:51:53.356,0,[],0,21
800,2006-10-09 07:07:57.841,0,[],0,28
801,2006-10-10 10:23:48.151,0,[],0,29
802,2006-10-11 13:42:52.105,0,[],0,30
803,2006-09-17 16:59:54.346,0,[],0,6
804,2006-09-22 20:14:22.211,0,[],0,11
805,2006-09-28 23:28:22.264,1,"[{'lat': -16.159, 'long': -176.238, 'Time': Timestamp('2006-09-29 00:43:44'), 'mag': 5.6}, {'lat': -16.159, 'long': -176.238, 'Time': Timestamp('2006-09-29 00:43:44'), 'mag': 5.6}, {'lat': -16.159, 'long': -176.238, 'Time': Timestamp('2006-09-29 00:43:44'), 'mag': 5.6}]",3,17
806,2006-09-28 07:38:30.122,0,[],0,16
807,2006-09-30 10:54:47.999,0,[],0,18
808,2006-09-24 14:13:50.698,0,[],0,12
809,2006-09-29 17:30:23.419,0,[],0,17
810,2006-10-03 20:44:49.476,0,[],0,21
811,2006-10-05 08:09:20.222,0,[],0,22
812,2006-09-19 00:28:46.663,0,[],0,5
813,2006-10-12 08:40:18.448,0,[],0,28
814,2006-10-14 11:57:22.297,0,[],0,30
815,2006-09-27 15:15:51.324,0,[],0,13
816,2006-09-24 18:31:22.404,0,[],0,10
817,2006-09-30 21:45:21.866,0,[],0,16
818,2006-09-25 00:59:19.831,0,[],0,10
819,2006-10-01 07:32:23.477,0,[],0,16
820,2006-10-04 10:48:44.121,0,[],0,19
821,2006-10-13 14:07:52.725,1,"[{'lat': -31.416, 'long': -71.61, 'Time': Timestamp('2006-10-13 16:12:54'), 'mag': 5.3}]",1,28
822,2006-10-15 17:24:20.870,0,[],0,30
823,2006-10-11 20:38:49.696,0,[],0,26
824,2006-09-25 23:52:22.885,0,[],0,10
825,2006-10-13 08:03:27.304,0,[],0,27
826,2006-10-14 21:08:47.657,0,[],0,28
827,2006-09-28 00:22:52.475,1,"[{'lat': 46.462, 'long': 153.36, 'Time': Timestamp('2006-09-28 01:36:48'), 'mag': 5.9}, {'lat': 46.462, 'long': 153.36, 'Time': Timestamp('2006-09-28 01:36:48'), 'mag': 5.9}]",2,11
828,2006-09-29 08:32:14.418,0,[],0,12
829,2006-10-06 11:50:52.474,0,[],0,19
830,2006-10-12 15:09:50.173,1,"[{'lat': -31.256, 'long': -71.368, 'Time': Timestamp('2006-10-12 18:05:56'), 'mag': 6.4}, {'lat': -31.256, 'long': -71.368, 'Time': Timestamp('2006-10-12 18:05:56'), 'mag': 6.4}, {'lat': -31.256, 'long': -71.368, 'Time': Timestamp('2006-10-12 18:05:56'), 'mag': 6.4}]",3,25
831,2006-09-22 21:39:17.947,0,[],0,5
832,2006-09-24 09:04:58.882,0,[],0,6
833,2006-10-05 12:22:22.875,0,[],0,17
834,2006-09-23 15:40:20.686,0,[],0,5
835,2006-10-16 18:55:51.520,0,[],0,28
836,2006-09-24 22:09:22.890,0,[],0,6
837,2006-10-16 01:23:53.059,0,[],0,27
838,2006-10-09 06:18:57.235,0,[],0,20
839,2006-10-01 09:34:18.650,0,[],0,12
840,2006-10-03 19:25:52.361,0,[],0,14
841,2006-10-13 22:39:47.861,0,[],0,24
842,2006-09-29 08:27:48.803,0,[],0,9
843,2006-10-19 11:44:52.695,0,[],0,29
844,2006-10-14 15:03:20.284,1,"[{'lat': -23.015, 'long': -68.191, 'Time': Timestamp('2006-10-14 15:18:38'), 'mag': 5.1}, {'lat': -23.015, 'long': -68.191, 'Time': Timestamp('2006-10-14 15:18:38'), 'mag': 5.1}, {'lat': -23.015, 'long': -68.191, 'Time': Timestamp('2006-10-14 15:18:38'), 'mag': 5.1}]",3,24
845,2006-10-09 18:19:22.804,0,[],0,19
846,2006-10-20 21:33:18.281,0,[],0,30
847,2006-10-04 00:47:17.675,0,[],0,13
848,2006-09-29 05:42:00.713,0,[],0,8
849,2006-10-07 08:56:52.128,0,[],0,16
850,2006-10-19 12:15:52.097,0,[],0,28
851,2006-10-18 15:34:25.332,1,"[{'lat': 4.82, 'long': -82.652, 'Time': Timestamp('2006-10-18 21:15:49'), 'mag': 5.7}, {'lat': 4.82, 'long': -82.652, 'Time': Timestamp('2006-10-18 21:15:49'), 'mag': 5.7}, {'lat': 4.82, 'long': -82.652, 'Time': Timestamp('2006-10-18 21:15:49'), 'mag': 5.7}]",3,27
852,2006-10-07 18:49:50.742,0,[],0,16
853,2006-10-13 22:03:21.890,0,[],0,22
854,2006-10-01 01:17:17.076,1,"[{'lat': 46.211, 'long': 152.984, 'Time': Timestamp('2006-10-01 02:23:59'), 'mag': 5.3}, {'lat': 46.155, 'long': 153.047, 'Time': Timestamp('2006-10-01 04:28:36'), 'mag': 5.2}, {'lat': 46.211, 'long': 152.984, 'Time': Timestamp('2006-10-01 02:23:59'), 'mag': 5.3}, {'lat': 46.155, 'long': 153.047, 'Time': Timestamp('2006-10-01 04:28:36'), 'mag': 5.2}, {'lat': 46.211, 'long': 152.984, 'Time': Timestamp('2006-10-01 02:23:59'), 'mag': 5.3}, {'lat': 46.155, 'long': 153.047, 'Time': Timestamp('2006-10-01 04:28:36'), 'mag': 5.2}]",6,9
855,2006-10-22 06:12:24.467,0,[],0,30
856,2006-10-02 09:27:50.201,0,[],0,10
857,2006-10-14 17:42:54.878,0,[],0,22
858,2006-10-04 20:56:50.825,0,[],0,12
859,2006-10-06 00:10:52.685,0,[],0,13
860,2006-10-12 06:43:21.542,0,[],0,19
861,2006-10-17 10:03:35.994,0,[],0,24
862,2006-10-12 13:18:22.900,0,[],0,19
863,2006-10-20 16:35:52.374,1,"[{'lat': -9.799, 'long': -74.885, 'Time': Timestamp('2006-10-20 20:20:40'), 'mag': 5.0}, {'lat': -9.799, 'long': -74.885, 'Time': Timestamp('2006-10-20 20:20:40'), 'mag': 5.0}, {'lat': -9.799, 'long': -74.885, 'Time': Timestamp('2006-10-20 20:20:40'), 'mag': 5.0}]",3,27
864,2006-10-21 19:50:19.112,0,[],0,28
865,2006-10-12 23:03:53.059,0,[],0,19
866,2006-10-05 07:13:55.709,0,[],0,11
867,2006-10-02 10:29:48.675,0,[],0,8
868,2006-10-06 13:49:22.301,0,[],0,12
869,2006-10-15 17:06:20.447,0,[],0,21
870,2006-10-09 20:20:53.368,0,[],0,15
871,2006-10-07 23:34:22.460,0,[],0,13
872,2006-10-12 07:44:53.566,0,[],0,17
873,2006-10-14 11:01:20.963,0,[],0,19
874,2006-10-24 14:20:15.470,0,[],0,29
875,2006-10-16 17:36:52.287,0,[],0,21
876,2006-10-15 20:50:51.002,0,[],0,20
877,2006-10-05 06:37:21.720,0,[],0,9
878,2006-10-26 09:52:49.451,1,"[{'lat': 38.649, 'long': 15.39, 'Time': Timestamp('2006-10-26 14:28:37'), 'mag': 5.8}, {'lat': 38.649, 'long': 15.39, 'Time': Timestamp('2006-10-26 14:28:37'), 'mag': 5.8}, {'lat': 38.649, 'long': 15.39, 'Time': Timestamp('2006-10-26 14:28:37'), 'mag': 5.8}]",3,30
879,2006-10-09 13:11:53.077,0,[],0,13
880,2006-10-23 16:29:21.550,1,"[{'lat': -21.855, 'long': -65.595, 'Time': Timestamp('2006-10-23 21:00:42'), 'mag': 5.8}, {'lat': -21.855, 'long': -65.595, 'Time': Timestamp('2006-10-23 21:00:42'), 'mag': 5.8}, {'lat': -21.855, 'long': -65.595, 'Time': Timestamp('2006-10-23 21:00:42'), 'mag': 5.8}]",3,27
881,2006-10-09 19:44:18.289,0,[],0,13
882,2006-10-11 22:57:52.237,1,"[{'lat': -23.452, 'long': -176.028, 'Time': Timestamp('2006-10-12 02:26:26'), 'mag': 5.0}, {'lat': -23.452, 'long': -176.028, 'Time': Timestamp('2006-10-12 02:26:26'), 'mag': 5.0}, {'lat': -23.452, 'long': -176.028, 'Time': Timestamp('2006-10-12 02:26:26'), 'mag': 5.0}]",3,15
883,2006-10-21 07:07:57.215,0,[],0,24
884,2006-10-19 10:23:47.569,0,[],0,22
885,2006-10-25 13:43:22.523,0,[],0,28
886,2006-10-21 17:00:23.436,0,[],0,24
887,2006-10-19 20:14:22.629,0,[],0,22
888,2006-10-11 23:28:22.682,1,"[{'lat': -23.452, 'long': -176.028, 'Time': Timestamp('2006-10-12 02:26:26'), 'mag': 5.0}, {'lat': -23.452, 'long': -176.028, 'Time': Timestamp('2006-10-12 02:26:26'), 'mag': 5.0}]",2,14
889,2006-10-13 07:38:55.116,0,[],0,15
890,2006-10-24 10:54:48.416,1,"[{'lat': 40.424, 'long': 29.107, 'Time': Timestamp('2006-10-24 14:00:21'), 'mag': 5.0}, {'lat': 40.424, 'long': 29.107, 'Time': Timestamp('2006-10-24 14:00:21'), 'mag': 5.0}, {'lat': 40.424, 'long': 29.107, 'Time': Timestamp('2006-10-24 14:00:21'), 'mag': 5.0}]",3,26
891,2006-10-12 14:14:23.885,1,"[{'lat': -31.256, 'long': -71.368, 'Time': Timestamp('2006-10-12 18:05:56'), 'mag': 6.4}, {'lat': -31.256, 'long': -71.368, 'Time': Timestamp('2006-10-12 18:05:56'), 'mag': 6.4}]",2,14
892,2006-10-03 17:30:52.509,0,[],0,5
893,2006-10-13 20:44:55.319,0,[],0,15
894,2006-10-08 06:30:48.062,1,"[{'lat': -8.974, 'long': 67.559, 'Time': Timestamp('2006-10-08 11:56:54'), 'mag': 5.3}, {'lat': -8.974, 'long': 67.559, 'Time': Timestamp('2006-10-08 11:56:54'), 'mag': 5.3}, {'lat': -8.974, 'long': 67.559, 'Time': Timestamp('2006-10-08 11:56:54'), 'mag': 5.3}]",3,9
895,2006-10-22 09:46:46.016,0,[],0,23
896,2006-10-17 19:38:19.838,0,[],0,18
897,2006-10-27 22:51:52.458,0,[],0,28
898,2006-10-06 02:06:16.173,1,"[{'lat': -49.556, 'long': 126.256, 'Time': Timestamp('2006-10-06 07:36:38'), 'mag': 5.1}, {'lat': -49.556, 'long': 126.256, 'Time': Timestamp('2006-10-06 07:36:38'), 'mag': 5.1}]",2,6
899,2006-10-17 05:24:00.289,1,"[{'lat': 10.441, 'long': 91.755, 'Time': Timestamp('2006-10-17 07:59:16'), 'mag': 5.0}, {'lat': 10.441, 'long': 91.755, 'Time': Timestamp('2006-10-17 07:59:16'), 'mag': 5.0}]",2,17
900,2006-10-23 08:40:18.825,0,[],0,23
901,2006-10-09 11:57:22.672,0,[],0,9
902,2006-10-20 15:15:51.700,1,"[{'lat': -9.799, 'long': -74.885, 'Time': Timestamp('2006-10-20 20:20:40'), 'mag': 5.0}, {'lat': -9.799, 'long': -74.885, 'Time': Timestamp('2006-10-20 20:20:40'), 'mag': 5.0}, {'lat': -9.799, 'long': -74.885, 'Time': Timestamp('2006-10-20 20:20:40'), 'mag': 5.0}]",3,20
903,2006-10-21 18:31:22.780,0,[],0,21
904,2006-10-17 20:38:49.072,0,[],0,16
905,2006-10-29 23:52:52.260,1,"[{'lat': -6.475, 'long': 154.925, 'Time': Timestamp('2006-10-30 04:29:17'), 'mag': 5.5}, {'lat': -6.475, 'long': 154.925, 'Time': Timestamp('2006-10-30 04:29:17'), 'mag': 5.5}, {'lat': -6.475, 'long': 154.925, 'Time': Timestamp('2006-10-30 04:29:17'), 'mag': 5.5}]",3,28
906,2006-10-10 08:03:15.720,0,[],0,8
907,2006-10-26 19:32:17.248,0,[],0,24
908,2006-10-21 22:45:52.635,0,[],0,19
909,2006-10-19 02:00:23.872,1,"[{'lat': 64.067, 'long': 148.859, 'Time': Timestamp('2006-10-19 07:15:36'), 'mag': 5.2}, {'lat': 64.067, 'long': 148.859, 'Time': Timestamp('2006-10-19 07:15:36'), 'mag': 5.2}, {'lat': 64.067, 'long': 148.859, 'Time': Timestamp('2006-10-19 07:15:36'), 'mag': 5.2}]",3,16
910,2006-10-08 06:55:57.613,1,"[{'lat': -8.974, 'long': 67.559, 'Time': Timestamp('2006-10-08 11:56:54'), 'mag': 5.3}, {'lat': -8.974, 'long': 67.559, 'Time': Timestamp('2006-10-08 11:56:54'), 'mag': 5.3}, {'lat': -8.974, 'long': 67.559, 'Time': Timestamp('2006-10-08 11:56:54'), 'mag': 5.3}]",3,5
911,2006-10-18 10:11:22.466,0,[],0,15
912,2006-10-30 13:30:52.877,0,[],0,27
913,2006-10-26 16:47:57.775,0,[],0,23
914,2006-10-19 20:02:22.983,0,[],0,16
915,2006-10-31 00:53:23.041,0,[],0,27
916,2006-10-10 14:01:52.323,0,[],0,6
917,2006-10-28 23:46:22.482,0,[],0,24
918,2006-10-25 07:57:26.903,0,[],0,20
919,2006-10-23 21:02:46.927,0,[],0,18
920,2006-11-04 06:49:22.411,0,[],0,29
921,2006-10-12 10:05:18.591,0,[],0,6
922,2006-10-30 13:24:22.099,0,[],0,24
923,2006-11-05 16:41:51.572,0,[],0,30
924,2006-10-31 19:56:22.205,0,[],0,25
925,2006-10-29 23:10:22.258,0,[],0,23
926,2006-10-30 08:58:56.269,0,[],0,23
927,2006-11-06 12:15:52.473,0,[],0,30
928,2006-11-05 15:34:25.708,0,[],0,29
929,2006-11-05 18:49:51.119,0,[],0,29
930,2006-10-24 22:03:22.265,0,[],0,17
931,2006-11-01 01:17:46.123,0,[],0,24
932,2006-10-31 12:28:52.453,0,[],0,14
933,2006-10-28 15:46:51.703,0,[],0,11
934,2006-11-02 19:01:48.330,1,"[{'lat': 15.88, 'long': -94.144, 'Time': Timestamp('2006-11-02 23:54:45'), 'mag': 5.0}, {'lat': 15.88, 'long': -94.144, 'Time': Timestamp('2006-11-02 23:54:45'), 'mag': 5.0}, {'lat': 15.88, 'long': -94.144, 'Time': Timestamp('2006-11-02 23:54:45'), 'mag': 5.0}]",3,16
935,2006-11-02 22:15:53.573,0,[],0,16
936,2006-11-04 01:29:48.213,1,"[{'lat': 5.935, 'long': 126.068, 'Time': Timestamp('2006-11-04 06:19:01'), 'mag': 5.1}, {'lat': 5.935, 'long': 126.068, 'Time': Timestamp('2006-11-04 06:19:01'), 'mag': 5.1}, {'lat': -4.027, 'long': 121.573, 'Time': Timestamp('2006-11-04 07:04:51'), 'mag': 5.2}]",3,17
937,2006-11-12 06:24:45.515,0,[],0,25
938,2006-11-05 09:40:22.442,0,[],0,18
939,2006-10-28 22:45:53.052,0,[],0,10
940,2006-11-05 02:00:23.288,1,"[{'lat': -50.166, 'long': 114.288, 'Time': Timestamp('2006-11-05 06:37:47'), 'mag': 5.2}, {'lat': -50.166, 'long': 114.288, 'Time': Timestamp('2006-11-05 06:37:47'), 'mag': 5.2}]",2,17
941,2006-11-06 06:55:54.696,0,[],0,18
942,2006-11-07 10:11:21.881,0,[],0,19
943,2006-11-14 13:30:52.293,0,[],0,26
944,2006-11-08 16:47:57.191,1,"[{'lat': 16.03, 'long': -96.566, 'Time': Timestamp('2006-11-08 17:18:47'), 'mag': 5.1}, {'lat': 16.03, 'long': -96.566, 'Time': Timestamp('2006-11-08 17:18:47'), 'mag': 5.1}, {'lat': 16.03, 'long': -96.566, 'Time': Timestamp('2006-11-08 17:18:47'), 'mag': 5.1}]",3,20
945,2006-11-10 20:02:22.399,0,[],0,22
946,2006-10-27 23:16:22.453,0,[],0,8
947,2006-11-15 09:03:20.816,0,[],0,26
948,2006-10-28 14:01:52.694,0,[],0,8
949,2006-11-05 17:18:20.839,0,[],0,16
950,2006-11-09 20:32:45.569,1,"[{'lat': -55.081, 'long': -129.045, 'Time': Timestamp('2006-11-10 01:32:54'), 'mag': 5.1}]",1,20
951,2006-11-05 23:46:52.854,0,[],0,16
952,2006-10-27 06:18:58.017,0,[],0,6
953,2006-10-30 09:34:18.561,0,[],0,9
954,2006-11-02 17:48:50.352,0,[],0,12
955,2006-11-02 21:02:46.410,0,[],0,12
956,2006-11-14 00:16:52.255,0,[],0,23
957,2006-11-21 08:26:15.714,0,[],0,30
958,2006-11-17 23:10:22.630,1,"[{'lat': -20.062, 'long': -174.254, 'Time': Timestamp('2006-11-18 01:22:31'), 'mag': 5.1}, {'lat': -20.062, 'long': -174.254, 'Time': Timestamp('2006-11-18 01:22:31'), 'mag': 5.1}, {'lat': -20.062, 'long': -174.254, 'Time': Timestamp('2006-11-18 01:22:31'), 'mag': 5.1}]",3,26
959,2006-10-29 02:24:53.866,0,[],0,6
960,2006-11-06 07:20:24.951,0,[],0,14
961,2006-11-02 10:36:21.131,0,[],0,10
962,2006-11-14 13:55:52.871,0,[],0,22
963,2006-11-15 22:03:48.429,1,"[{'lat': -62.707, 'long': -160.905, 'Time': Timestamp('2006-11-16 00:18:10'), 'mag': 5.7}, {'lat': -62.707, 'long': -160.905, 'Time': Timestamp('2006-11-16 00:18:10'), 'mag': 5.7}]",2,23
964,2006-11-09 01:17:47.823,1,"[{'lat': 47.125, 'long': 153.915, 'Time': Timestamp('2006-11-09 02:26:19'), 'mag': 5.0}, {'lat': 47.125, 'long': 153.915, 'Time': Timestamp('2006-11-09 02:26:19'), 'mag': 5.0}, {'lat': 47.125, 'long': 153.915, 'Time': Timestamp('2006-11-09 02:26:19'), 'mag': 5.0}]",3,16
965,2006-10-30 06:12:57.194,0,[],0,6
966,2006-11-23 09:27:50.394,0,[],0,30
967,2006-11-06 17:42:50.529,0,[],0,13
968,2006-11-09 20:56:50.571,0,[],0,16
969,2006-11-19 00:10:52.432,0,[],0,25
970,2006-11-10 08:21:50.099,0,[],0,16
971,2006-11-08 13:18:22.694,1,"[{'lat': -56.983, 'long': -23.661, 'Time': Timestamp('2006-11-08 15:57:28'), 'mag': 5.2}, {'lat': -56.983, 'long': -23.661, 'Time': Timestamp('2006-11-08 15:57:28'), 'mag': 5.2}]",2,14
972,2006-11-16 23:04:22.854,1,"[{'lat': -20.643, 'long': -178.8, 'Time': Timestamp('2006-11-17 02:03:09'), 'mag': 5.4}, {'lat': -20.643, 'long': -178.8, 'Time': Timestamp('2006-11-17 02:03:09'), 'mag': 5.4}]",2,22
973,2006-11-10 08:50:51.217,0,[],0,15
974,2006-11-20 12:09:53.069,0,[],0,25
975,2006-11-04 15:28:21.207,1,"[{'lat': -19.198, 'long': -68.902, 'Time': Timestamp('2006-11-04 18:54:34'), 'mag': 5.1}, {'lat': -19.198, 'long': -68.902, 'Time': Timestamp('2006-11-04 18:54:34'), 'mag': 5.1}]",2,9
976,2006-11-13 18:43:46.618,0,[],0,18
977,2006-11-07 21:57:20.533,0,[],0,12
978,2006-11-13 01:11:49.816,1,"[{'lat': -5.191, 'long': 151.466, 'Time': Timestamp('2006-11-13 04:06:52'), 'mag': 5.3}, {'lat': -5.191, 'long': 151.466, 'Time': Timestamp('2006-11-13 04:06:52'), 'mag': 5.3}, {'lat': 46.653, 'long': 153.453, 'Time': Timestamp('2006-11-13 06:30:30'), 'mag': 5.1}, {'lat': 46.653, 'long': 153.453, 'Time': Timestamp('2006-11-13 06:30:30'), 'mag': 5.1}, {'lat': 46.653, 'long': 153.453, 'Time': Timestamp('2006-11-13 06:30:30'), 'mag': 5.1}]",5,17
979,2006-11-15 06:06:24.438,0,[],0,19
980,2006-11-11 09:21:50.618,0,[],0,15
981,2006-11-16 12:40:52.470,0,[],0,20
982,2006-11-26 15:58:47.624,0,[],0,30
983,2006-11-15 19:14:19.787,1,"[{'lat': -62.707, 'long': -160.905, 'Time': Timestamp('2006-11-16 00:18:10'), 'mag': 5.7}]",1,19
984,2006-11-27 11:32:22.844,0,[],0,30
985,2006-11-11 14:51:18.211,0,[],0,14
986,2006-11-17 18:07:22.952,1,"[{'lat': 7.17, 'long': -79.637, 'Time': Timestamp('2006-11-17 18:28:47'), 'mag': 5.4}, {'lat': 7.17, 'long': -79.637, 'Time': Timestamp('2006-11-17 18:28:47'), 'mag': 5.4}, {'lat': 7.17, 'long': -79.637, 'Time': Timestamp('2006-11-17 18:28:47'), 'mag': 5.4}, {'lat': -54.33, 'long': -120.024, 'Time': Timestamp('2006-11-17 19:52:33'), 'mag': 5.2}, {'lat': -54.33, 'long': -120.024, 'Time': Timestamp('2006-11-17 19:52:33'), 'mag': 5.2}, {'lat': -54.33, 'long': -120.024, 'Time': Timestamp('2006-11-17 19:52:33'), 'mag': 5.2}]",6,20
987,2006-11-09 21:21:23.004,0,[],0,12
988,2006-11-12 00:35:15.056,0,[],0,14
989,2006-11-10 05:29:51.781,0,[],0,12
990,2006-11-03 08:44:50.506,0,[],0,5
991,2006-11-14 12:03:52.246,0,[],0,16
992,2006-11-18 15:22:19.945,0,[],0,20
993,2006-11-04 21:51:22.406,0,[],0,6
994,2006-11-06 01:05:22.458,0,[],0,7
995,2006-11-29 06:00:33.142,0,[],0,30
996,2006-11-13 09:15:45.483,0,[],0,14
997,2006-11-20 12:34:52.647,0,[],0,21
998,2006-11-04 15:52:51.897,1,"[{'lat': -19.198, 'long': -68.902, 'Time': Timestamp('2006-11-04 18:54:34'), 'mag': 5.1}, {'lat': -19.198, 'long': -68.902, 'Time': Timestamp('2006-11-04 18:54:34'), 'mag': 5.1}, {'lat': -19.198, 'long': -68.902, 'Time': Timestamp('2006-11-04 18:54:34'), 'mag': 5.1}]",3,5
999,2006-11-22 19:07:52.754,0,[],0,23
1000,2006-11-19 22:21:50.999,0,[],0,20
1001,2006-11-21 01:35:49.846,0,[],0,21
1002,2006-11-25 06:31:22.573,0,[],0,25
1003,2006-11-11 09:46:50.134,0,[],0,11
1004,2006-11-10 13:05:52.089,0,[],0,10
1005,2006-11-29 16:23:21.675,0,[],0,29
1006,2006-11-08 19:38:22.196,0,[],0,8
1007,2006-11-14 22:52:22.250,1,"[{'lat': -50.599, 'long': 162.328, 'Time': Timestamp('2006-11-15 00:53:25'), 'mag': 5.5}, {'lat': -50.599, 'long': 162.328, 'Time': Timestamp('2006-11-15 00:53:25'), 'mag': 5.5}, {'lat': -50.599, 'long': 162.328, 'Time': Timestamp('2006-11-15 00:53:25'), 'mag': 5.5}]",3,14
1008,2006-11-25 07:01:53.355,0,[],0,24
1009,2006-11-28 10:17:49.535,0,[],0,27
1010,2006-11-26 13:36:53.339,0,[],0,25
1011,2006-11-09 23:22:22.650,0,[],0,8
1012,2006-11-08 07:32:55.196,0,[],0,6
1013,2006-11-20 10:48:48.719,0,[],0,18
1014,2006-11-19 14:07:51.196,0,[],0,17
1015,2006-11-26 17:24:52.946,0,[],0,24
1016,2006-11-09 20:38:52.999,1,"[{'lat': -55.081, 'long': -129.045, 'Time': Timestamp('2006-11-10 01:32:54'), 'mag': 5.1}]",1,7
1017,2006-11-07 23:52:53.052,1,"[{'lat': -5.875, 'long': 150.952, 'Time': Timestamp('2006-11-08 00:04:46'), 'mag': 5.2}, {'lat': -5.875, 'long': 150.952, 'Time': Timestamp('2006-11-08 00:04:46'), 'mag': 5.2}, {'lat': -5.875, 'long': 150.952, 'Time': Timestamp('2006-11-08 00:04:46'), 'mag': 5.2}]",3,5
1018,2006-11-27 08:03:19.608,0,[],0,24
1019,2006-11-12 11:20:22.128,0,[],0,9
1020,2006-11-13 14:38:50.620,0,[],0,10
1021,2006-11-08 19:32:18.501,0,[],0,5
1022,2006-11-23 00:22:52.475,0,[],0,19
1023,2006-11-20 08:34:27.007,0,[],0,16
1024,2006-11-16 11:51:22.663,0,[],0,12
1025,2006-11-12 15:09:42.718,0,[],0,8
1026,2006-11-09 18:25:22.771,0,[],0,5
1027,2006-11-18 21:39:22.823,1,"[{'lat': -23.497, 'long': -175.545, 'Time': Timestamp('2006-11-18 21:45:11'), 'mag': 5.0}, {'lat': -23.497, 'long': -175.545, 'Time': Timestamp('2006-11-18 21:45:11'), 'mag': 5.0}, {'lat': -23.497, 'long': -175.545, 'Time': Timestamp('2006-11-18 21:45:11'), 'mag': 5.0}]",3,14
1028,2006-11-11 00:53:14.875,0,[],0,6
1029,2006-11-18 07:26:26.722,0,[],0,13
1030,2006-11-26 10:42:48.808,0,[],0,21
1031,2006-11-15 14:01:50.395,0,[],0,10
1032,2006-12-02 23:46:52.251,0,[],0,27
1033,2006-12-02 07:57:19.807,0,[],0,26
1034,2006-11-29 11:13:49.537,0,[],0,23
1035,2006-11-15 14:32:46.813,0,[],0,9
1036,2006-11-12 17:48:52.547,0,[],0,6
1037,2006-11-15 21:03:22.599,1,"[{'lat': -62.707, 'long': -160.905, 'Time': Timestamp('2006-11-16 00:18:10'), 'mag': 5.7}]",1,9
1038,2006-11-16 00:16:52.652,1,"[{'lat': 46.804, 'long': 155.067, 'Time': Timestamp('2006-11-16 01:58:04'), 'mag': 5.1}, {'lat': 47.382, 'long': 155.061, 'Time': Timestamp('2006-11-16 04:42:28'), 'mag': 5.0}, {'lat': 46.756, 'long': 154.85, 'Time': Timestamp('2006-11-16 05:34:38'), 'mag': 5.0}, {'lat': 47.158, 'long': 153.487, 'Time': Timestamp('2006-11-16 00:22:56'), 'mag': 5.3}, {'lat': 46.804, 'long': 155.067, 'Time': Timestamp('2006-11-16 01:58:04'), 'mag': 5.1}, {'lat': 47.382, 'long': 155.061, 'Time': Timestamp('2006-11-16 04:42:28'), 'mag': 5.0}, {'lat': 46.956, 'long': 153.273, 'Time': Timestamp('2006-11-16 04:57:12'), 'mag': 5.1}, {'lat': 46.756, 'long': 154.85, 'Time': Timestamp('2006-11-16 05:34:38'), 'mag': 5.0}]",8,9
1039,2006-11-28 08:26:20.208,0,[],0,21
1040,2006-11-19 11:44:52.840,0,[],0,12
1041,2006-12-06 15:03:48.318,0,[],0,29
1042,2006-11-18 18:19:22.947,0,[],0,11
1043,2006-11-15 02:24:49.614,1,"[{'lat': 21.784, 'long': 143.016, 'Time': Timestamp('2006-11-15 04:11:08'), 'mag': 5.1}, {'lat': 21.783, 'long': 143.019, 'Time': Timestamp('2006-11-15 04:28:10'), 'mag': 5.3}, {'lat': 21.784, 'long': 143.016, 'Time': Timestamp('2006-11-15 04:11:08'), 'mag': 5.1}, {'lat': 21.783, 'long': 143.019, 'Time': Timestamp('2006-11-15 04:28:10'), 'mag': 5.3}, {'lat': 21.784, 'long': 143.016, 'Time': Timestamp('2006-11-15 04:11:08'), 'mag': 5.1}, {'lat': 21.783, 'long': 143.019, 'Time': Timestamp('2006-11-15 04:28:10'), 'mag': 5.3}, {'lat': 4.89, 'long': 127.392, 'Time': Timestamp('2006-11-15 03:52:27'), 'mag': 5.3}, {'lat': 6.597, 'long': 123.925, 'Time': Timestamp('2006-11-15 04:43:18'), 'mag': 5.0}, {'lat': 4.89, 'long': 127.392, 'Time': Timestamp('2006-11-15 03:52:27'), 'mag': 5.3}, {'lat': 6.597, 'long': 123.925, 'Time': Timestamp('2006-11-15 04:43:18'), 'mag': 5.0}, {'lat': 4.89, 'long': 127.392, 'Time': Timestamp('2006-11-15 03:52:27'), 'mag': 5.3}, {'lat': 6.597, 'long': 123.925, 'Time': Timestamp('2006-11-15 04:43:18'), 'mag': 5.0}]",12,7
1044,2006-11-22 07:20:24.571,0,[],0,14
1045,2006-11-20 10:36:20.564,0,[],0,12
1046,2006-11-17 13:55:50.607,0,[],0,9
1047,2006-11-19 17:12:20.449,1,"[{'lat': -4.521, 'long': -104.832, 'Time': Timestamp('2006-11-19 18:57:33'), 'mag': 6.1}, {'lat': -4.521, 'long': -104.832, 'Time': Timestamp('2006-11-19 18:57:33'), 'mag': 6.1}, {'lat': -4.521, 'long': -104.832, 'Time': Timestamp('2006-11-19 18:57:33'), 'mag': 6.1}]",3,11
1048,2006-11-30 20:26:52.410,1,"[{'lat': -53.844, 'long': -134.359, 'Time': Timestamp('2006-11-30 21:20:11'), 'mag': 6.2}, {'lat': -53.844, 'long': -134.359, 'Time': Timestamp('2006-11-30 21:20:11'), 'mag': 6.2}]",2,22
1049,2006-12-07 23:40:22.462,0,[],0,29
1050,2006-11-24 07:51:25.007,0,[],0,15
1051,2006-11-14 11:07:50.965,0,[],0,5
1052,2006-12-05 14:26:48.129,0,[],0,26
1053,2006-11-25 17:42:50.961,0,[],0,16
1054,2006-12-02 20:56:52.810,0,[],0,23
1055,2006-11-30 00:10:52.864,1,"[{'lat': 47.404, 'long': 155.421, 'Time': Timestamp('2006-11-30 01:39:45'), 'mag': 5.0}, {'lat': 47.404, 'long': 155.421, 'Time': Timestamp('2006-11-30 01:39:45'), 'mag': 5.0}]",2,20
1056,2006-11-15 08:21:50.531,0,[],0,5
1057,2006-11-21 11:38:53.052,0,[],0,11
1058,2006-11-22 14:57:11.994,0,[],0,12
1059,2006-12-03 18:13:22.159,1,"[{'lat': 13.994, 'long': -91.207, 'Time': Timestamp('2006-12-03 20:52:15'), 'mag': 6.0}, {'lat': 13.994, 'long': -91.207, 'Time': Timestamp('2006-12-03 20:52:15'), 'mag': 6.0}, {'lat': 13.994, 'long': -91.207, 'Time': Timestamp('2006-12-03 20:52:15'), 'mag': 6.0}]",3,23
1060,2006-11-28 21:27:22.212,0,[],0,18
1061,2006-12-01 00:41:17.031,0,[],0,20
1062,2006-11-17 08:52:53.482,0,[],0,6
1063,2006-11-28 12:09:52.452,0,[],0,17
1064,2006-12-11 15:28:21.592,0,[],0,30
1065,2006-11-22 18:43:47.002,0,[],0,11
1066,2006-11-28 21:57:49.589,0,[],0,17
1067,2006-11-22 01:11:50.200,1,"[{'lat': -5.879, 'long': 151.033, 'Time': Timestamp('2006-11-22 03:21:24'), 'mag': 5.1}, {'lat': 46.4, 'long': 154.516, 'Time': Timestamp('2006-11-22 02:41:11'), 'mag': 5.2}, {'lat': 46.4, 'long': 154.516, 'Time': Timestamp('2006-11-22 02:41:11'), 'mag': 5.2}, {'lat': 46.4, 'long': 154.516, 'Time': Timestamp('2006-11-22 02:41:11'), 'mag': 5.2}]",4,10
1068,2006-12-04 06:06:57.591,1,"[{'lat': 55.767, 'long': 110.08, 'Time': Timestamp('2006-12-04 09:14:04'), 'mag': 5.2}, {'lat': 55.767, 'long': 110.08, 'Time': Timestamp('2006-12-04 09:14:04'), 'mag': 5.2}, {'lat': 55.767, 'long': 110.08, 'Time': Timestamp('2006-12-04 09:14:04'), 'mag': 5.2}]",3,22
1069,2006-11-24 09:21:51.003,0,[],0,12
1070,2006-11-21 22:27:53.863,0,[],0,9
1071,2006-12-04 01:42:18.614,0,[],0,21
1072,2006-11-28 04:59:22.981,0,[],0,15
1073,2006-12-05 08:15:45.613,0,[],0,22
1074,2006-11-21 11:32:49.326,0,[],0,8
1075,2006-11-18 14:51:19.035,0,[],0,5
1076,2006-11-28 18:07:22.336,0,[],0,15
1077,2006-12-08 21:21:22.389,1,"[{'lat': -20.243, 'long': -174.146, 'Time': Timestamp('2006-12-08 22:03:28'), 'mag': 5.0}, {'lat': -20.243, 'long': -174.146, 'Time': Timestamp('2006-12-08 22:03:28'), 'mag': 5.0}, {'lat': -20.243, 'long': -174.146, 'Time': Timestamp('2006-12-08 22:03:28'), 'mag': 5.0}]",3,25
1078,2006-11-21 00:35:18.536,0,[],0,7
1079,2006-11-30 07:07:54.625,0,[],0,16
1080,2006-12-08 10:24:20.917,0,[],0,24
1081,2006-11-23 13:43:23.617,0,[],0,9
1082,2006-12-03 17:00:24.898,1,"[{'lat': 13.994, 'long': -91.207, 'Time': Timestamp('2006-12-03 20:52:15'), 'mag': 6.0}, {'lat': 13.994, 'long': -91.207, 'Time': Timestamp('2006-12-03 20:52:15'), 'mag': 6.0}, {'lat': 13.994, 'long': -91.207, 'Time': Timestamp('2006-12-03 20:52:15'), 'mag': 6.0}]",3,19
1083,2006-12-02 20:14:52.763,0,[],0,18
1084,2006-12-07 23:28:22.817,0,[],0,23
1085,2006-12-03 09:15:47.084,0,[],0,18
1086,2006-11-22 12:34:53.933,0,[],0,7
1087,2006-12-10 15:52:47.234,0,[],0,25
1088,2006-12-02 19:08:19.397,0,[],0,17
1089,2006-12-12 08:09:52.591,0,[],0,26
1090,2006-11-22 19:38:20.021,0,[],0,6
1091,2006-12-02 22:52:22.642,0,[],0,16
1092,2006-12-10 07:01:57.619,0,[],0,23
1093,2006-12-08 10:17:51.143,0,[],0,21
1094,2006-12-15 13:37:22.404,0,[],0,28
1095,2006-11-29 16:54:22.356,0,[],0,12
1096,2006-11-27 20:08:52.990,0,[],0,10
1097,2006-12-04 23:22:23.043,0,[],0,17
1098,2006-12-11 07:32:51.708,0,[],0,23
1099,2006-12-03 10:48:47.777,0,[],0,15
1100,2006-12-12 14:07:50.588,0,[],0,24
1101,2006-12-17 17:24:50.429,0,[],0,29
1102,2006-11-24 20:38:52.390,0,[],0,6
1103,2006-12-06 23:52:52.444,0,[],0,18
1104,2006-12-10 08:03:19.999,0,[],0,21
1105,2006-11-30 11:20:19.730,0,[],0,11
1106,2006-12-18 14:38:47.998,0,[],0,29
1107,2006-11-30 21:09:22.792,0,[],0,11
1108,2006-12-19 00:23:23.035,0,[],0,29
1109,2006-12-13 05:17:55.113,0,[],0,23
1110,2006-12-12 08:34:23.281,0,[],0,22
1111,2006-12-07 11:51:23.032,0,[],0,17
1112,2006-12-07 15:09:42.087,0,[],0,17
1113,2006-12-06 18:25:52.140,0,[],0,16
1114,2006-12-15 12:16:22.653,0,[],0,21
1115,2006-12-07 15:34:21.791,0,[],0,13
1116,2006-12-10 18:49:52.760,0,[],0,16
1117,2006-12-09 22:03:52.813,1,"[{'lat': -18.742, 'long': -178.014, 'Time': Timestamp('2006-12-10 00:43:03'), 'mag': 5.5}, {'lat': -18.742, 'long': -178.014, 'Time': Timestamp('2006-12-10 00:43:03'), 'mag': 5.5}, {'lat': -18.742, 'long': -178.014, 'Time': Timestamp('2006-12-10 00:43:03'), 'mag': 5.5}]",3,15
1118,2006-12-15 01:17:51.728,0,[],0,20
1119,2006-12-09 11:07:50.125,0,[],0,14
1120,2006-12-18 14:26:49.392,0,[],0,23
1121,2006-12-15 17:42:52.134,0,[],0,20
1122,2006-12-12 00:10:52.241,0,[],0,16
1123,2006-12-16 08:21:47.140,0,[],0,20
1124,2006-12-04 11:38:52.428,0,[],0,8
1125,2006-12-26 14:57:21.121,0,[],0,30
1126,2006-12-04 18:13:22.535,0,[],0,8
1127,2006-12-23 21:27:22.589,0,[],0,27
1128,2006-12-14 00:41:17.407,0,[],0,17
1129,2006-12-24 08:52:53.970,0,[],0,27
1130,2006-12-18 12:09:52.830,0,[],0,21
1131,2006-12-16 15:28:21.968,0,[],0,19
1132,2006-12-18 18:43:52.937,0,[],0,21
1133,2006-12-22 21:57:52.990,0,[],0,25
1134,2006-12-11 01:11:51.905,0,[],0,13
1135,2006-12-09 06:06:53.094,1,"[{'lat': 5.08, 'long': 94.752, 'Time': Timestamp('2006-12-09 09:24:46'), 'mag': 5.1}, {'lat': 5.08, 'long': 94.752, 'Time': Timestamp('2006-12-09 09:24:46'), 'mag': 5.1}, {'lat': 5.08, 'long': 94.752, 'Time': Timestamp('2006-12-09 09:24:46'), 'mag': 5.1}]",3,11
1136,2006-12-17 09:21:49.163,0,[],0,19
1137,2006-12-27 12:41:22.231,0,[],0,29
1138,2006-12-03 15:58:48.825,0,[],0,5
1139,2006-12-14 19:14:22.338,0,[],0,16
1140,2006-12-22 22:27:49.143,1,"[{'lat': -54.392, 'long': 158.871, 'Time': Timestamp('2006-12-23 01:53:22'), 'mag': 5.1}, {'lat': -54.392, 'long': 158.871, 'Time': Timestamp('2006-12-23 01:53:22'), 'mag': 5.1}]",2,24
1141,2006-12-19 01:42:19.431,0,[],0,20
1142,2006-12-21 06:37:23.485,0,[],0,22
1143,2006-12-18 14:51:18.026,0,[],0,19
1144,2006-12-07 18:07:22.767,0,[],0,8
1145,2006-12-25 22:58:22.846,1,"[{'lat': -24.78, 'long': -177.195, 'Time': Timestamp('2006-12-26 01:11:00'), 'mag': 5.2}, {'lat': -24.78, 'long': -177.195, 'Time': Timestamp('2006-12-26 01:11:00'), 'mag': 5.2}]",2,26
1146,2006-12-18 08:44:52.538,0,[],0,18
1147,2006-12-09 12:03:53.060,0,[],0,9
1148,2006-12-15 15:22:19.760,0,[],0,15
1149,2006-12-05 18:37:46.610,1,"[{'lat': -35.342, 'long': -104.546, 'Time': Timestamp('2006-12-05 20:14:30'), 'mag': 5.8}, {'lat': -35.342, 'long': -104.546, 'Time': Timestamp('2006-12-05 20:14:30'), 'mag': 5.8}, {'lat': -35.342, 'long': -104.546, 'Time': Timestamp('2006-12-05 20:14:30'), 'mag': 5.8}]",3,5
1150,2006-12-14 21:51:49.197,0,[],0,14
1151,2006-12-18 01:05:49.808,0,[],0,17
1152,2006-12-20 07:39:00.104,0,[],0,19
1153,2006-12-16 10:55:22.078,0,[],0,15
1154,2006-12-24 14:14:26.329,0,[],0,23
1155,2006-12-13 17:30:52.075,1,"[{'lat': -24.118, 'long': -115.508, 'Time': Timestamp('2006-12-13 18:58:01'), 'mag': 5.4}, {'lat': -24.118, 'long': -115.508, 'Time': Timestamp('2006-12-13 18:58:01'), 'mag': 5.4}, {'lat': -24.118, 'long': -115.508, 'Time': Timestamp('2006-12-13 18:58:01'), 'mag': 5.4}]",3,12
1156,2006-12-10 20:44:52.596,0,[],0,9
1157,2006-12-21 23:58:52.649,0,[],0,20
1158,2006-12-19 08:09:52.972,0,[],0,17
1159,2006-12-19 11:26:22.591,0,[],0,17
1160,2006-12-18 14:45:22.635,0,[],0,16
1161,2006-12-11 18:01:22.944,0,[],0,9
1162,2006-12-10 21:15:22.997,0,[],0,8
1163,2006-12-14 00:29:18.931,0,[],0,11
1164,2006-12-17 05:23:54.318,0,[],0,14
1165,2006-12-12 08:38:53.043,0,[],0,9
1166,2006-12-27 11:57:22.237,0,[],0,24
1167,2006-12-15 15:15:51.266,0,[],0,12
1168,2006-12-18 21:45:22.398,0,[],0,15
1169,2006-12-28 00:59:21.313,0,[],0,24
1170,2006-12-20 05:54:24.607,0,[],0,16
1171,2006-12-15 09:09:22.116,1,"[{'lat': 13.817, 'long': 51.658, 'Time': Timestamp('2006-12-15 13:19:06'), 'mag': 5.4}, {'lat': 13.817, 'long': 51.658, 'Time': Timestamp('2006-12-15 13:19:06'), 'mag': 5.4}, {'lat': 13.817, 'long': 51.658, 'Time': Timestamp('2006-12-15 13:19:06'), 'mag': 5.4}]",3,11
1172,2006-12-11 12:28:52.639,0,[],0,7
1173,2006-12-16 15:46:51.890,0,[],0,12
1174,2006-12-26 19:01:48.516,0,[],0,22
1175,2007-01-03 22:15:50.991,0,[],0,30
1176,2006-12-27 01:29:52.384,0,[],0,22
1177,2007-01-04 06:24:49.797,0,[],0,30
1178,2006-12-29 09:40:22.629,0,[],0,24
1179,2006-12-24 17:55:20.325,1,"[{'lat': -28.75, 'long': -112.75, 'Time': Timestamp('2006-12-24 21:37:36'), 'mag': 5.0}, {'lat': -28.75, 'long': -112.75, 'Time': Timestamp('2006-12-24 21:37:36'), 'mag': 5.0}, {'lat': -28.75, 'long': -112.75, 'Time': Timestamp('2006-12-24 21:37:36'), 'mag': 5.0}]",3,19
1180,2006-12-13 21:09:22.174,0,[],0,8
1181,2006-12-15 00:23:22.417,0,[],0,9
1182,2007-01-04 05:17:54.495,0,[],0,29
1183,2006-12-13 08:34:22.663,0,[],0,7
1184,2007-01-05 11:51:22.465,0,[],0,30
1185,2006-12-13 15:09:42.520,0,[],0,7
1186,2006-12-15 21:39:22.626,0,[],0,9
1187,2006-12-21 00:53:18.773,0,[],0,14
1188,2006-12-27 12:22:22.866,0,[],0,20
1189,2006-12-23 15:40:54.774,0,[],0,16
1190,2006-12-13 18:55:52.841,1,"[{'lat': -24.118, 'long': -115.508, 'Time': Timestamp('2006-12-13 18:58:01'), 'mag': 5.4}, {'lat': -24.118, 'long': -115.508, 'Time': Timestamp('2006-12-13 18:58:01'), 'mag': 5.4}]",2,6
1191,2006-12-14 22:09:53.987,0,[],0,7
1192,2007-01-03 01:23:48.955,0,[],0,26
1193,2006-12-24 06:18:49.024,0,[],0,16
1194,2006-12-20 09:34:17.761,0,[],0,12
1195,2006-12-23 17:49:24.648,0,[],0,15
1196,2006-12-28 21:03:22.401,0,[],0,20
1197,2006-12-15 00:16:52.454,0,[],0,6
1198,2006-12-28 08:28:22.890,0,[],0,19
1199,2007-01-01 13:24:52.670,0,[],0,23
1200,2007-01-01 16:41:57.567,0,[],0,23
1201,2006-12-20 19:56:52.776,0,[],0,11
1202,2006-12-26 23:10:22.829,0,[],0,17
1203,2006-12-24 08:57:23.960,0,[],0,14
1204,2006-12-30 12:16:23.043,0,[],0,20
1205,2006-12-26 15:34:21.182,0,[],0,16
1206,2007-01-04 22:03:49.180,0,[],0,25
1207,2006-12-20 01:17:47.023,0,[],0,9
1208,2007-01-10 06:12:57.394,0,[],0,30
1209,2006-12-16 09:28:19.266,0,[],0,5
1210,2006-12-22 12:47:22.445,0,[],0,11
1211,2006-12-30 16:05:13.503,1,"[{'lat': 13.79, 'long': -90.515, 'Time': Timestamp('2006-12-30 17:42:14'), 'mag': 5.2}, {'lat': 13.79, 'long': -90.515, 'Time': Timestamp('2006-12-30 17:42:14'), 'mag': 5.2}]",2,19
1212,2007-01-09 19:20:21.202,0,[],0,29
1213,2006-12-29 22:33:49.358,0,[],0,18
1214,2006-12-27 01:48:19.422,0,[],0,15
1215,2007-01-10 06:43:19.603,0,[],0,29
1216,2007-01-05 09:59:22.435,0,[],0,24
1217,2007-01-10 13:18:22.846,0,[],0,29
1218,2006-12-29 16:35:52.320,0,[],0,17
1219,2006-12-24 19:50:19.058,1,"[{'lat': -28.75, 'long': -112.75, 'Time': Timestamp('2006-12-24 21:37:36'), 'mag': 5.0}, {'lat': -28.75, 'long': -112.75, 'Time': Timestamp('2006-12-24 21:37:36'), 'mag': 5.0}, {'lat': -28.75, 'long': -112.75, 'Time': Timestamp('2006-12-24 21:37:36'), 'mag': 5.0}]",3,12
1220,2007-01-10 23:04:23.006,0,[],0,29
1221,2007-01-01 13:49:20.492,0,[],0,19
1222,2006-12-20 17:06:20.445,1,"[{'lat': 14.242, 'long': -89.502, 'Time': Timestamp('2006-12-20 17:06:57'), 'mag': 5.0}, {'lat': 14.242, 'long': -89.502, 'Time': Timestamp('2006-12-20 17:06:57'), 'mag': 5.0}, {'lat': 14.242, 'long': -89.502, 'Time': Timestamp('2006-12-20 17:06:57'), 'mag': 5.0}]",3,7
1223,2006-12-30 20:20:52.406,0,[],0,17
1224,2007-01-10 12:41:22.674,0,[],0,27
1225,2006-12-24 15:58:47.828,0,[],0,10
1226,2007-01-03 19:14:21.319,0,[],0,20
1227,2007-01-06 22:27:53.682,0,[],0,23
1228,2007-01-07 01:42:22.530,0,[],0,23
1229,2007-01-04 06:37:19.832,0,[],0,20
1230,2006-12-20 09:52:52.664,0,[],0,5
1231,2006-12-23 13:12:23.075,0,[],0,8
1232,2006-12-23 16:29:50.221,0,[],0,8
1233,2007-01-08 19:44:18.287,0,[],0,24
1234,2006-12-23 22:58:22.235,0,[],0,8
1235,2006-12-23 08:44:51.926,0,[],0,7
1236,2007-01-12 12:03:52.449,0,[],0,27
1237,2006-12-24 15:22:20.149,0,[],0,8
1238,2006-12-27 18:37:46.999,0,[],0,11
1239,2006-12-29 21:51:49.586,0,[],0,13
1240,2007-01-10 01:05:50.197,0,[],0,24
1241,2007-01-12 07:39:00.494,0,[],0,26
1242,2006-12-25 10:55:18.371,1,"[{'lat': -56.86, 'long': -24.212, 'Time': Timestamp('2006-12-25 11:53:09'), 'mag': 5.1}, {'lat': -56.86, 'long': -24.212, 'Time': Timestamp('2006-12-25 11:53:09'), 'mag': 5.1}]",2,8
1243,2007-01-15 14:14:26.717,0,[],0,29
1244,2007-01-15 23:58:53.037,1,"[{'lat': -15.175, 'long': -174.358, 'Time': Timestamp('2007-01-16 01:53:12'), 'mag': 5.1}]",1,29
1245,2007-01-09 08:09:52.362,0,[],0,22
1246,2007-01-14 19:38:19.792,0,[],0,27
1247,2007-01-13 22:52:22.413,0,[],0,26
1248,2006-12-30 07:01:54.622,1,"[{'lat': 13.313, 'long': 51.365, 'Time': Timestamp('2006-12-30 08:30:49'), 'mag': 6.6}, {'lat': 13.665, 'long': 51.76, 'Time': Timestamp('2006-12-30 08:57:07'), 'mag': 5.3}, {'lat': 13.313, 'long': 51.365, 'Time': Timestamp('2006-12-30 08:30:49'), 'mag': 6.6}, {'lat': 13.665, 'long': 51.76, 'Time': Timestamp('2006-12-30 08:57:07'), 'mag': 5.3}, {'lat': 13.313, 'long': 51.365, 'Time': Timestamp('2006-12-30 08:30:49'), 'mag': 6.6}, {'lat': 13.665, 'long': 51.76, 'Time': Timestamp('2006-12-30 08:57:07'), 'mag': 5.3}]",6,11
1249,2007-01-16 10:17:50.914,0,[],0,28
1250,2007-01-02 13:37:22.174,0,[],0,14
1251,2007-01-09 16:54:22.127,0,[],0,21
1252,2007-01-14 20:08:52.760,0,[],0,26
1253,2006-12-25 23:22:22.814,1,"[{'lat': -24.78, 'long': -177.195, 'Time': Timestamp('2006-12-26 01:11:00'), 'mag': 5.2}, {'lat': -24.78, 'long': -177.195, 'Time': Timestamp('2006-12-26 01:11:00'), 'mag': 5.2}, {'lat': -24.78, 'long': -177.195, 'Time': Timestamp('2006-12-26 01:11:00'), 'mag': 5.2}]",3,6
1254,2007-01-13 07:32:52.478,0,[],0,24
1255,2007-01-11 10:48:52.694,0,[],0,22
1256,2007-01-15 14:08:23.066,0,[],0,26
1257,2007-01-17 23:52:52.266,1,"[{'lat': -39.56, 'long': 175.86, 'Time': Timestamp('2007-01-18 03:34:14'), 'mag': 5.0}, {'lat': -39.56, 'long': 175.86, 'Time': Timestamp('2007-01-18 03:34:14'), 'mag': 5.0}, {'lat': -39.56, 'long': 175.86, 'Time': Timestamp('2007-01-18 03:34:14'), 'mag': 5.0}]",3,28
1258,2007-01-10 08:03:19.822,0,[],0,20
1259,2007-01-20 21:09:22.614,0,[],0,30
1260,2007-01-19 00:23:22.856,0,[],0,28
1261,2007-01-21 08:34:23.102,0,[],0,30
1262,2007-01-07 11:51:24.818,0,[],0,16
1263,2007-01-01 15:09:47.786,0,[],0,10
1264,2007-01-01 18:25:52.962,0,[],0,10
1265,2007-01-07 21:39:23.014,0,[],0,16
1266,2007-01-18 00:53:19.162,0,[],0,26
1267,2007-01-04 07:26:24.363,0,[],0,12
1268,2007-01-21 10:42:47.776,1,"[{'lat': -55.764, 'long': -27.016, 'Time': Timestamp('2007-01-21 15:03:16'), 'mag': 5.6}]",1,29
1269,2007-01-16 14:01:50.475,0,[],0,24
1270,2006-12-29 17:18:50.428,0,[],0,6
1271,2007-01-15 20:32:52.390,0,[],0,23
1272,2007-01-11 23:46:52.443,0,[],0,19
1273,2007-01-12 07:57:24.095,0,[],0,19
1274,2007-01-13 19:26:21.414,0,[],0,20
1275,2007-01-03 22:39:52.817,0,[],0,10
1276,2006-12-30 01:54:23.729,1,"[{'lat': 13.407, 'long': 145.978, 'Time': Timestamp('2006-12-30 07:10:56'), 'mag': 5.2}, {'lat': 13.407, 'long': 145.978, 'Time': Timestamp('2006-12-30 07:10:56'), 'mag': 5.2}]",2,5
1277,2007-01-09 06:49:51.255,0,[],0,15
1278,2006-12-31 10:05:22.647,0,[],0,6
1279,2007-01-19 13:24:53.058,0,[],0,25
1280,2007-01-05 23:10:22.218,0,[],0,11
1281,2007-01-04 08:57:23.350,0,[],0,9
1282,2007-01-21 12:16:21.517,1,"[{'lat': -55.764, 'long': -27.016, 'Time': Timestamp('2007-01-21 15:03:16'), 'mag': 5.6}]",1,26
1283,2007-01-04 15:34:25.667,0,[],0,9
1284,2007-01-06 18:49:52.406,0,[],0,11
1285,2007-01-24 22:03:49.568,0,[],0,29
1286,2007-01-05 07:51:25.164,0,[],0,9
1287,2007-01-20 11:07:49.958,0,[],0,24
1288,2007-01-17 14:26:49.890,1,"[{'lat': -16.626, 'long': -73.383, 'Time': Timestamp('2007-01-17 16:08:46'), 'mag': 5.1}, {'lat': -57.911, 'long': -64.528, 'Time': Timestamp('2007-01-17 18:34:14'), 'mag': 5.6}]",2,21
1289,2007-01-26 20:57:23.020,0,[],0,30
1290,2007-01-25 00:10:53.073,0,[],0,28
1291,2007-01-04 08:21:53.837,0,[],0,7
1292,2007-01-06 11:38:54.225,0,[],0,9
1293,2007-01-22 14:57:20.954,0,[],0,25
1294,2007-01-14 18:13:22.369,0,[],0,17
1295,2007-01-11 21:27:22.422,0,[],0,14
1296,2007-01-14 00:41:17.241,0,[],0,16
1297,2007-01-19 08:52:53.803,0,[],0,21
1298,2007-01-04 12:09:51.748,0,[],0,6
1299,2007-01-26 15:28:21.802,1,"[{'lat': 9.117, 'long': -40.476, 'Time': Timestamp('2007-01-26 21:00:46'), 'mag': 5.1}, {'lat': 9.117, 'long': -40.476, 'Time': Timestamp('2007-01-26 21:00:46'), 'mag': 5.1}, {'lat': 9.117, 'long': -40.476, 'Time': Timestamp('2007-01-26 21:00:46'), 'mag': 5.1}]",3,28
1300,2007-01-20 18:43:52.770,0,[],0,22
1301,2007-01-20 07:44:54.065,0,[],0,21
1302,2007-01-17 11:01:24.231,0,[],0,18
1303,2007-01-04 14:20:21.723,0,[],0,5
1304,2007-01-07 17:36:52.145,0,[],0,8
1305,2007-01-13 20:51:22.198,0,[],0,14
1306,2007-01-24 00:04:52.251,0,[],0,24
1307,2007-01-11 08:15:45.822,0,[],0,11
1308,2007-01-14 11:32:54.402,0,[],0,14
1309,2007-01-05 14:51:21.019,0,[],0,5
1310,2007-01-09 18:07:22.546,0,[],0,9
1311,2007-01-24 21:21:22.598,0,[],0,24
1312,2007-01-09 00:35:18.746,0,[],0,8
1313,2007-01-29 07:08:22.402,0,[],0,28
1314,2007-01-10 10:24:24.007,0,[],0,9
1315,2007-01-09 13:43:21.059,0,[],0,8
1316,2007-01-08 17:00:22.920,0,[],0,7
1317,2007-01-11 20:14:52.973,0,[],0,10
1318,2007-01-22 23:28:23.026,0,[],0,21
1319,2007-01-31 09:15:45.077,0,[],0,29
1320,2007-01-13 12:34:49.997,0,[],0,11
1321,2007-01-15 15:52:51.492,0,[],0,13
1322,2007-01-17 19:08:16.901,0,[],0,15
1323,2007-01-14 22:21:52.401,0,[],0,12
1324,2007-01-13 08:09:48.655,0,[],0,10
1325,2007-01-29 11:26:21.864,0,[],0,26
1326,2007-01-17 14:45:19.809,1,"[{'lat': -57.911, 'long': -64.528, 'Time': Timestamp('2007-01-17 18:34:14'), 'mag': 5.6}, {'lat': -57.911, 'long': -64.528, 'Time': Timestamp('2007-01-17 18:34:14'), 'mag': 5.6}, {'lat': -16.626, 'long': -73.383, 'Time': Timestamp('2007-01-17 16:08:46'), 'mag': 5.1}, {'lat': -16.626, 'long': -73.383, 'Time': Timestamp('2007-01-17 16:08:46'), 'mag': 5.1}, {'lat': -16.626, 'long': -73.383, 'Time': Timestamp('2007-01-17 16:08:46'), 'mag': 5.1}]",5,14
1327,2007-01-17 21:15:22.828,0,[],0,14
1328,2007-01-19 00:29:22.881,0,[],0,15
1329,2007-01-14 05:23:52.605,0,[],0,10
1330,2007-01-11 08:38:51.218,0,[],0,7
1331,2007-01-24 11:57:55.145,0,[],0,20
1332,2007-01-21 15:15:51.096,0,[],0,17
1333,2007-01-24 18:31:52.177,1,"[{'lat': 15.02, 'long': -92.436, 'Time': Timestamp('2007-01-25 00:06:55'), 'mag': 5.1}, {'lat': 15.02, 'long': -92.436, 'Time': Timestamp('2007-01-25 00:06:55'), 'mag': 5.1}, {'lat': 15.02, 'long': -92.436, 'Time': Timestamp('2007-01-25 00:06:55'), 'mag': 5.1}]",3,20
1334,2007-02-03 21:45:22.230,0,[],0,30
1335,2007-01-31 00:59:21.144,1,"[{'lat': -11.424, 'long': 166.202, 'Time': Timestamp('2007-01-31 06:51:25'), 'mag': 5.5}, {'lat': -11.49, 'long': 166.278, 'Time': Timestamp('2007-01-31 06:55:49'), 'mag': 5.1}, {'lat': -19.206, 'long': 169.564, 'Time': Timestamp('2007-01-31 02:14:26'), 'mag': 5.4}, {'lat': -11.424, 'long': 166.202, 'Time': Timestamp('2007-01-31 06:51:25'), 'mag': 5.5}, {'lat': -11.49, 'long': 166.278, 'Time': Timestamp('2007-01-31 06:55:49'), 'mag': 5.1}, {'lat': -19.206, 'long': 169.564, 'Time': Timestamp('2007-01-31 02:14:26'), 'mag': 5.4}, {'lat': -11.424, 'long': 166.202, 'Time': Timestamp('2007-01-31 06:51:25'), 'mag': 5.5}, {'lat': -11.49, 'long': 166.278, 'Time': Timestamp('2007-01-31 06:55:49'), 'mag': 5.1}, {'lat': -19.206, 'long': 169.564, 'Time': Timestamp('2007-01-31 02:14:26'), 'mag': 5.4}]",9,26
1336,2007-01-29 05:54:24.773,0,[],0,24
1337,2007-01-10 09:09:20.731,0,[],0,5
1338,2007-01-19 12:28:50.228,0,[],0,14
1339,2007-01-25 15:46:51.721,0,[],0,20
1340,2007-01-25 19:01:48.459,0,[],0,20
1341,2007-01-21 22:15:50.823,0,[],0,16
1342,2007-02-03 01:29:48.342,0,[],0,28
1343,2007-02-02 06:25:18.300,0,[],0,27
1344,2007-01-13 09:40:22.460,0,[],0,7
1345,2007-01-22 12:59:52.291,0,[],0,16
1346,2007-01-16 16:17:24.890,0,[],0,10
1347,2007-01-16 19:32:20.301,0,[],0,10
1348,2007-02-04 22:46:23.032,0,[],0,29
1349,2007-01-16 11:51:24.210,0,[],0,9
1350,2007-01-14 15:09:51.273,0,[],0,7
1351,2007-02-05 18:25:52.354,0,[],0,29
1352,2007-02-01 21:39:22.406,0,[],0,25
1353,2007-01-21 00:53:18.554,0,[],0,13
1354,2007-01-22 07:26:24.754,0,[],0,14
1355,2007-01-21 10:42:48.167,1,"[{'lat': -55.764, 'long': -27.016, 'Time': Timestamp('2007-01-21 15:03:16'), 'mag': 5.6}]",1,13
1356,2007-02-02 14:01:50.867,0,[],0,25
1357,2007-01-13 17:18:50.820,0,[],0,5
1358,2007-02-05 20:32:52.781,0,[],0,28
1359,2007-01-20 23:46:52.834,0,[],0,12
1360,2007-01-14 07:57:24.486,0,[],0,5
1361,2007-01-24 19:26:20.805,0,[],0,15
1362,2007-01-15 22:39:52.208,0,[],0,6
1363,2007-01-22 01:54:23.121,1,"[{'lat': -2.545, 'long': 136.341, 'Time': Timestamp('2007-01-22 04:27:07'), 'mag': 5.7}, {'lat': -2.502, 'long': 136.332, 'Time': Timestamp('2007-01-22 04:33:18'), 'mag': 5.9}, {'lat': -2.545, 'long': 136.341, 'Time': Timestamp('2007-01-22 04:27:07'), 'mag': 5.7}, {'lat': -2.502, 'long': 136.332, 'Time': Timestamp('2007-01-22 04:33:18'), 'mag': 5.9}, {'lat': -2.545, 'long': 136.341, 'Time': Timestamp('2007-01-22 04:27:07'), 'mag': 5.7}, {'lat': -2.502, 'long': 136.332, 'Time': Timestamp('2007-01-22 04:33:18'), 'mag': 5.9}]",6,12
1364,2007-02-05 06:49:50.646,0,[],0,26
1365,2007-01-27 15:03:48.736,0,[],0,17
1366,2007-02-05 18:19:22.584,0,[],0,26
1367,2007-02-08 21:33:22.637,1,"[{'lat': -31.29, 'long': -177.652, 'Time': Timestamp('2007-02-09 03:25:12'), 'mag': 5.0}, {'lat': -31.29, 'long': -177.652, 'Time': Timestamp('2007-02-09 03:25:12'), 'mag': 5.0}, {'lat': -31.29, 'long': -177.652, 'Time': Timestamp('2007-02-09 03:25:12'), 'mag': 5.0}]",3,29
1368,2007-02-01 00:47:18.784,0,[],0,21
1369,2007-02-10 07:20:24.985,0,[],0,30
1370,2007-02-07 10:36:49.837,0,[],0,27
1371,2007-02-01 13:55:51.098,0,[],0,21
1372,2007-01-22 17:12:21.050,0,[],0,11
1373,2007-02-10 20:26:53.012,0,[],0,30
1374,2007-01-21 23:40:53.065,0,[],0,10
1375,2007-02-07 07:51:23.716,0,[],0,26
1376,2007-01-17 11:07:52.007,0,[],0,5
1377,2007-01-18 14:28:04.115,0,[],0,6
1378,2007-01-31 17:42:50.563,0,[],0,19
1379,2007-02-07 08:21:54.229,0,[],0,25
1380,2007-01-20 11:38:54.618,0,[],0,7
1381,2007-01-31 16:35:52.154,0,[],0,18
1382,2007-02-12 19:50:18.893,0,[],0,30
1383,2007-02-10 23:04:22.841,0,[],0,28
1384,2007-01-24 02:18:54.524,0,[],0,10
1385,2007-02-02 07:14:25.162,0,[],0,19
1386,2007-01-30 10:30:21.342,0,[],0,16
1387,2007-02-10 13:49:21.603,0,[],0,27
1388,2007-01-23 23:34:52.242,0,[],0,9
1389,2007-01-26 07:44:53.346,0,[],0,11
1390,2007-02-08 11:01:22.072,0,[],0,24
1391,2007-02-06 14:20:18.131,0,[],0,22
1392,2007-01-21 17:36:52.069,0,[],0,6
1393,2007-02-08 20:51:22.590,0,[],0,24
1394,2007-02-13 00:04:52.643,0,[],0,28
1395,2007-02-11 08:15:50.310,0,[],0,26
1396,2007-02-12 11:32:54.795,0,[],0,27
1397,2007-02-06 14:51:24.292,0,[],0,21
1398,2007-02-03 18:07:22.938,0,[],0,18
1399,2007-02-11 21:21:22.991,0,[],0,26
1400,2007-01-31 00:35:19.138,1,"[{'lat': -19.206, 'long': 169.564, 'Time': Timestamp('2007-01-31 02:14:26'), 'mag': 5.4}, {'lat': -19.206, 'long': 169.564, 'Time': Timestamp('2007-01-31 02:14:26'), 'mag': 5.4}, {'lat': -19.206, 'long': 169.564, 'Time': Timestamp('2007-01-31 02:14:26'), 'mag': 5.4}]",3,14
1401,2007-02-06 07:08:26.995,0,[],0,20
1402,2007-02-06 10:24:20.573,0,[],0,20
1403,2007-01-29 13:43:20.505,0,[],0,12
1404,2007-01-29 23:28:22.472,1,"[{'lat': -54.74, 'long': 146.298, 'Time': Timestamp('2007-01-30 04:54:50'), 'mag': 6.9}, {'lat': -54.74, 'long': 146.298, 'Time': Timestamp('2007-01-30 04:54:50'), 'mag': 6.9}]",2,12
1405,2007-02-16 09:15:46.740,0,[],0,29
1406,2007-02-10 12:34:50.443,0,[],0,23
1407,2007-02-13 20:44:52.821,0,[],0,26
1408,2007-01-30 23:58:52.874,1,"[{'lat': -19.206, 'long': 169.564, 'Time': Timestamp('2007-01-31 02:14:26'), 'mag': 5.4}, {'lat': -19.206, 'long': 169.564, 'Time': Timestamp('2007-01-31 02:14:26'), 'mag': 5.4}, {'lat': -19.206, 'long': 169.564, 'Time': Timestamp('2007-01-31 02:14:26'), 'mag': 5.4}]",3,12
1409,2007-01-30 08:09:53.197,0,[],0,11
1410,2007-02-16 19:38:19.628,0,[],0,28
1411,2007-02-02 22:52:22.248,0,[],0,14
1412,2007-02-19 08:38:49.171,0,[],0,30
1413,2007-01-28 11:57:54.538,0,[],0,8
1414,2007-02-19 15:15:51.490,1,"[{'lat': -23.05, 'long': -70.473, 'Time': Timestamp('2007-02-19 19:24:10'), 'mag': 5.5}, {'lat': -23.05, 'long': -70.473, 'Time': Timestamp('2007-02-19 19:24:10'), 'mag': 5.5}, {'lat': -23.05, 'long': -70.473, 'Time': Timestamp('2007-02-19 19:24:10'), 'mag': 5.5}]",3,30
1415,2007-02-01 18:31:52.570,0,[],0,12
1416,2007-02-13 21:45:22.623,0,[],0,24
1417,2007-02-05 00:59:21.538,1,"[{'lat': 49.431, 'long': 155.413, 'Time': Timestamp('2007-02-05 06:42:57'), 'mag': 5.2}, {'lat': 49.431, 'long': 155.413, 'Time': Timestamp('2007-02-05 06:42:57'), 'mag': 5.2}, {'lat': 49.431, 'long': 155.413, 'Time': Timestamp('2007-02-05 06:42:57'), 'mag': 5.2}]",3,15
1418,2007-02-10 05:54:24.833,0,[],0,20
1419,2007-02-05 09:09:22.341,0,[],0,15
1420,2007-01-26 12:28:50.621,0,[],0,5
1421,2007-01-31 15:46:52.115,0,[],0,10
1422,2007-02-11 22:15:51.216,0,[],0,21
1423,2007-01-30 01:29:51.608,1,"[{'lat': -54.74, 'long': 146.298, 'Time': Timestamp('2007-01-30 04:54:50'), 'mag': 6.9}, {'lat': -54.74, 'long': 146.298, 'Time': Timestamp('2007-01-30 04:54:50'), 'mag': 6.9}, {'lat': 1.427, 'long': 126.166, 'Time': Timestamp('2007-01-30 01:48:33'), 'mag': 5.4}, {'lat': 1.427, 'long': 126.166, 'Time': Timestamp('2007-01-30 01:48:33'), 'mag': 5.4}, {'lat': 1.427, 'long': 126.166, 'Time': Timestamp('2007-01-30 01:48:33'), 'mag': 5.4}]",5,8
1424,2007-02-14 06:27:12.381,0,[],0,23
1425,2007-02-01 09:40:21.854,0,[],0,10
1426,2007-02-01 17:55:22.346,0,[],0,10
1427,2007-01-30 21:09:22.399,0,[],0,8
1428,2007-02-03 00:23:22.642,0,[],0,11
1429,2007-02-12 05:17:52.064,0,[],0,20
1430,2007-02-11 08:34:22.888,0,[],0,19
1431,2007-02-01 11:51:24.604,0,[],0,9
1432,2007-02-01 15:09:51.667,0,[],0,9
1433,2007-02-08 18:25:52.747,0,[],0,16
1434,2007-02-15 21:39:22.800,0,[],0,23
1435,2007-02-22 00:53:18.947,0,[],0,29
1436,2007-02-22 07:26:25.147,0,[],0,29
1437,2007-02-20 10:42:48.615,0,[],0,27
1438,2007-02-02 14:01:50.314,0,[],0,9
1439,2007-02-22 23:46:52.281,0,[],0,29
1440,2007-01-31 07:57:23.933,1,"[{'lat': 39.822, 'long': 70.265, 'Time': Timestamp('2007-01-31 10:52:33'), 'mag': 5.2}, {'lat': 39.822, 'long': 70.265, 'Time': Timestamp('2007-01-31 10:52:33'), 'mag': 5.2}, {'lat': 39.822, 'long': 70.265, 'Time': Timestamp('2007-01-31 10:52:33'), 'mag': 5.2}]",3,6
1441,2007-02-18 19:26:21.253,0,[],0,24
1442,2007-02-05 22:39:52.656,0,[],0,11
1443,2007-02-07 01:54:23.569,0,[],0,12
1444,2007-02-18 06:49:51.094,0,[],0,23
1445,2007-02-08 10:05:22.486,0,[],0,13
1446,2007-02-24 13:24:52.898,0,[],0,29
1447,2007-02-09 16:41:57.795,0,[],0,14
1448,2007-02-08 19:56:53.005,0,[],0,13
1449,2007-02-20 23:10:23.057,0,[],0,25
1450,2007-02-13 08:57:23.189,0,[],0,17
1451,2007-02-05 12:16:21.356,1,"[{'lat': -1.401, 'long': -14.084, 'Time': Timestamp('2007-02-05 16:37:01'), 'mag': 5.1}, {'lat': -1.401, 'long': -14.084, 'Time': Timestamp('2007-02-05 16:37:01'), 'mag': 5.1}]",2,9
1452,2007-02-12 15:34:25.507,0,[],0,16
1453,2007-02-04 18:49:52.245,1,"[{'lat': -55.883, 'long': -122.721, 'Time': Timestamp('2007-02-04 21:17:46'), 'mag': 6.2}, {'lat': -55.791, 'long': -123.448, 'Time': Timestamp('2007-02-04 22:52:54'), 'mag': 5.6}, {'lat': -55.883, 'long': -122.721, 'Time': Timestamp('2007-02-04 21:17:46'), 'mag': 6.2}, {'lat': -55.791, 'long': -123.448, 'Time': Timestamp('2007-02-04 22:52:54'), 'mag': 5.6}, {'lat': -55.883, 'long': -122.721, 'Time': Timestamp('2007-02-04 21:17:46'), 'mag': 6.2}, {'lat': -55.791, 'long': -123.448, 'Time': Timestamp('2007-02-04 22:52:54'), 'mag': 5.6}]",6,8
1454,2007-02-03 22:03:50.735,0,[],0,7
1455,2007-02-20 01:17:47.250,0,[],0,23
1456,2007-02-21 06:12:57.621,0,[],0,24
1457,2007-02-23 09:28:20.822,0,[],0,26
1458,2007-02-03 12:47:24.526,0,[],0,6
1459,2007-02-04 00:10:52.860,0,[],0,6
1460,2007-02-03 08:21:56.063,0,[],0,5
1461,2007-02-09 11:38:55.012,0,[],0,11
1462,2007-02-24 14:57:15.427,0,[],0,26
1463,2007-02-07 18:13:22.155,0,[],0,9
1464,2007-02-18 21:27:18.089,0,[],0,20
1465,2007-02-21 00:41:17.027,0,[],0,22
1466,2007-02-25 08:52:53.477,0,[],0,26
1467,2007-02-14 12:09:51.534,0,[],0,15
1468,2007-02-25 15:28:21.588,0,[],0,26
1469,2007-02-09 18:43:46.998,0,[],0,10
1470,2007-02-07 07:44:53.740,0,[],0,7
1471,2007-02-09 11:01:22.520,0,[],0,9
1472,2007-02-19 14:20:18.579,1,"[{'lat': -23.05, 'long': -70.473, 'Time': Timestamp('2007-02-19 19:24:10'), 'mag': 5.5}, {'lat': -23.05, 'long': -70.473, 'Time': Timestamp('2007-02-19 19:24:10'), 'mag': 5.5}]",2,19
1473,2007-03-01 00:04:52.090,0,[],0,28
1474,2007-03-01 08:15:49.759,0,[],0,28
1475,2007-02-08 11:32:54.243,0,[],0,7
1476,2007-02-17 14:51:19.643,0,[],0,16
1477,2007-02-24 18:07:22.386,0,[],0,23
1478,2007-02-11 21:21:18.320,0,[],0,10
1479,2007-02-28 00:35:18.586,0,[],0,26
1480,2007-03-03 07:08:27.443,0,[],0,29
1481,2007-02-17 10:24:20.968,0,[],0,15
1482,2007-02-13 13:43:20.899,0,[],0,11
1483,2007-03-02 17:00:24.948,0,[],0,28
1484,2007-03-01 20:14:52.813,0,[],0,27
1485,2007-02-08 01:05:50.427,0,[],0,5
1486,2007-02-15 07:39:00.724,0,[],0,12
1487,2007-02-16 10:55:18.601,0,[],0,13
1488,2007-02-16 14:14:16.204,0,[],0,13
1489,2007-02-17 17:30:51.693,0,[],0,14
1490,2007-02-24 20:44:46.311,0,[],0,21
1491,2007-03-05 06:31:19.239,0,[],0,29
1492,2007-02-20 09:46:50.743,0,[],0,16
1493,2007-02-28 16:23:51.957,0,[],0,24
1494,2007-03-05 19:38:20.023,0,[],0,29
1495,2007-03-06 22:52:22.642,1,"[{'lat': -61.492, 'long': 159.383, 'Time': Timestamp('2007-03-07 01:51:48'), 'mag': 5.0}, {'lat': -61.176, 'long': 161.253, 'Time': Timestamp('2007-03-07 02:05:40'), 'mag': 5.2}]",2,30
1496,2007-02-27 08:38:49.566,0,[],0,22
1497,2007-02-19 11:57:54.933,0,[],0,14
1498,2007-02-17 15:15:51.884,0,[],0,12
1499,2007-02-12 18:31:52.964,0,[],0,7
1500,2007-03-03 21:45:44.457,0,[],0,26
1501,2007-02-15 00:59:21.932,0,[],0,9
1502,2007-02-21 05:54:24.226,0,[],0,15
1503,2007-02-23 09:09:21.735,0,[],0,17
1504,2007-03-06 12:28:50.015,0,[],0,28
1505,2007-03-02 15:46:51.509,0,[],0,24
1506,2007-02-12 19:01:52.232,0,[],0,6
1507,2007-02-25 06:25:22.184,0,[],0,18
1508,2007-03-01 09:40:22.301,0,[],0,22
1509,2007-03-01 17:55:22.793,0,[],0,22
1510,2007-02-25 21:09:22.846,0,[],0,18
1511,2007-02-19 00:23:23.089,0,[],0,11
1512,2007-02-17 05:17:55.167,0,[],0,9
1513,2007-03-07 08:34:23.335,0,[],0,27
1514,2007-02-26 11:51:24.052,0,[],0,18
1515,2007-02-27 15:09:51.114,0,[],0,19
1516,2007-03-05 18:25:52.194,0,[],0,25
1517,2007-02-16 21:39:22.247,0,[],0,8
1518,2007-02-21 00:53:18.394,0,[],0,12
1519,2007-02-20 07:26:24.595,1,"[{'lat': 27.558, 'long': 56.573, 'Time': Timestamp('2007-02-20 09:23:18'), 'mag': 5.0}, {'lat': 27.558, 'long': 56.573, 'Time': Timestamp('2007-02-20 09:23:18'), 'mag': 5.0}, {'lat': 27.558, 'long': 56.573, 'Time': Timestamp('2007-02-20 09:23:18'), 'mag': 5.0}]",3,11
1520,2007-02-17 10:42:48.008,0,[],0,8
1521,2007-03-05 14:01:52.516,0,[],0,24
1522,2007-03-01 22:09:53.609,0,[],0,20
1523,2007-02-16 06:18:49.646,1,"[{'lat': -35.079, 'long': 53.984, 'Time': Timestamp('2007-02-16 08:29:37'), 'mag': 5.0}, {'lat': -35.079, 'long': 53.984, 'Time': Timestamp('2007-02-16 08:29:37'), 'mag': 5.0}, {'lat': -35.079, 'long': 53.984, 'Time': Timestamp('2007-02-16 08:29:37'), 'mag': 5.0}]",3,6
1524,2007-02-27 09:34:18.382,0,[],0,17
1525,2007-03-06 19:26:21.647,0,[],0,24
1526,2007-03-01 22:39:53.050,0,[],0,19
1527,2007-02-26 01:54:21.522,0,[],0,15
1528,2007-02-17 06:49:54.583,0,[],0,6
1529,2007-02-27 10:05:21.880,0,[],0,16
1530,2007-03-08 13:24:52.291,0,[],0,25
1531,2007-03-05 23:10:22.451,0,[],0,22
1532,2007-02-24 08:57:23.582,0,[],0,12
1533,2007-03-05 12:16:22.665,0,[],0,21
1534,2007-03-07 15:34:13.612,0,[],0,23
1535,2007-03-13 18:49:52.639,0,[],0,29
1536,2007-03-02 22:03:51.129,0,[],0,18
1537,2007-03-06 01:17:47.645,0,[],0,21
1538,2007-02-27 06:12:58.015,0,[],0,14
1539,2007-03-14 09:28:19.888,0,[],0,29
1540,2007-03-05 12:47:23.067,0,[],0,20
1541,2007-02-24 16:05:17.221,0,[],0,11
1542,2007-02-26 10:30:21.184,0,[],0,11
1543,2007-03-09 13:49:22.923,0,[],0,22
1544,2007-02-28 17:06:21.069,0,[],0,13
1545,2007-03-13 20:20:53.991,0,[],0,26
1546,2007-03-09 23:34:22.083,0,[],0,22
1547,2007-03-01 07:44:53.188,0,[],0,13
1548,2007-03-09 12:41:22.298,0,[],0,21
1549,2007-03-16 15:58:51.548,1,"[{'lat': -28.7, 'long': -70.351, 'Time': Timestamp('2007-03-16 21:35:53'), 'mag': 5.1}, {'lat': -28.7, 'long': -70.351, 'Time': Timestamp('2007-03-16 21:35:53'), 'mag': 5.1}, {'lat': -28.7, 'long': -70.351, 'Time': Timestamp('2007-03-16 21:35:53'), 'mag': 5.1}]",3,28
1550,2007-02-25 19:14:20.943,0,[],0,9
1551,2007-03-05 08:15:50.152,0,[],0,16
1552,2007-03-16 18:07:22.780,0,[],0,27
1553,2007-03-02 21:19:17.263,0,[],0,13
1554,2007-02-27 00:35:18.980,1,"[{'lat': -20.117, 'long': 172.93, 'Time': Timestamp('2007-02-27 00:44:15'), 'mag': 5.2}, {'lat': -20.117, 'long': 172.93, 'Time': Timestamp('2007-02-27 00:44:15'), 'mag': 5.2}, {'lat': -20.117, 'long': 172.93, 'Time': Timestamp('2007-02-27 00:44:15'), 'mag': 5.2}]",3,9
1555,2007-03-07 07:08:27.836,0,[],0,17
1556,2007-03-19 10:24:21.361,0,[],0,29
1557,2007-03-09 13:43:22.100,0,[],0,19
1558,2007-03-16 06:00:24.443,0,[],0,25
1559,2007-03-18 09:15:46.528,0,[],0,27
1560,2007-03-11 12:34:52.475,0,[],0,20
1561,2007-03-07 15:52:47.629,0,[],0,16
1562,2007-03-20 19:08:19.792,0,[],0,29
1563,2007-03-18 09:46:47.041,0,[],0,26
1564,2007-03-16 18:01:22.956,0,[],0,24
1565,2007-02-25 21:15:17.106,0,[],0,5
1566,2007-03-01 00:29:18.944,0,[],0,8
1567,2007-03-17 07:01:54.246,0,[],0,24
1568,2007-03-19 10:17:50.592,0,[],0,26
1569,2007-03-20 13:37:22.331,1,"[{'lat': -31.726, 'long': -66.956, 'Time': Timestamp('2007-03-20 17:59:47'), 'mag': 5.2}]",1,27
1570,2007-03-15 23:22:22.491,0,[],0,22
1571,2007-03-10 07:33:00.349,0,[],0,16
1572,2007-03-22 10:48:52.321,0,[],0,28
1573,2007-03-22 14:08:22.733,0,[],0,28
1574,2007-03-13 17:24:50.879,0,[],0,19
1575,2007-03-01 20:38:52.839,0,[],0,7
1576,2007-03-12 06:25:18.536,1,"[{'lat': -41.203, 'long': 85.533, 'Time': Timestamp('2007-03-12 08:07:59'), 'mag': 5.5}, {'lat': -41.203, 'long': 85.533, 'Time': Timestamp('2007-03-12 08:07:59'), 'mag': 5.5}]",2,17
1577,2007-03-12 09:40:22.696,0,[],0,17
1578,2007-03-05 19:32:19.536,0,[],0,10
1579,2007-03-01 22:46:22.267,1,"[{'lat': -30.781, 'long': -177.968, 'Time': Timestamp('2007-03-01 23:47:32'), 'mag': 5.0}, {'lat': -30.781, 'long': -177.968, 'Time': Timestamp('2007-03-01 23:47:32'), 'mag': 5.0}]",2,6
1580,2007-03-02 08:34:22.730,0,[],0,6
1581,2007-03-11 11:51:22.481,1,"[{'lat': -55.343, 'long': -1.558, 'Time': Timestamp('2007-03-11 12:38:38'), 'mag': 5.0}, {'lat': -55.343, 'long': -1.558, 'Time': Timestamp('2007-03-11 12:38:38'), 'mag': 5.0}]",2,15
1582,2007-03-23 15:09:51.509,0,[],0,27
1583,2007-03-01 18:25:52.589,0,[],0,5
1584,2007-03-14 21:38:22.954,0,[],0,18
1585,2007-03-09 00:53:18.789,0,[],0,12
1586,2007-03-09 07:26:24.989,1,"[{'lat': -11.428, 'long': 66.255, 'Time': Timestamp('2007-03-09 07:27:31'), 'mag': 5.7}, {'lat': -11.428, 'long': 66.255, 'Time': Timestamp('2007-03-09 07:27:31'), 'mag': 5.7}, {'lat': -11.428, 'long': 66.255, 'Time': Timestamp('2007-03-09 07:27:31'), 'mag': 5.7}]",3,12
1587,2007-03-14 10:42:48.403,0,[],0,17
1588,2007-03-19 14:01:52.910,0,[],0,22
1589,2007-03-14 23:46:53.070,0,[],0,17
1590,2007-03-03 07:57:19.625,0,[],0,5
1591,2007-03-24 17:49:24.664,0,[],0,26
1592,2007-03-20 21:00:21.179,0,[],0,22
1593,2007-03-22 00:16:52.471,0,[],0,23
1594,2007-03-08 08:28:22.906,0,[],0,9
1595,2007-03-12 11:45:22.659,0,[],0,13
1596,2007-03-13 15:03:48.918,0,[],0,14
1597,2007-03-11 18:19:22.766,0,[],0,12
1598,2007-03-25 21:32:21.692,0,[],0,26
1599,2007-03-29 00:47:18.966,1,"[{'lat': 30.893, 'long': 141.775, 'Time': Timestamp('2007-03-29 05:52:56'), 'mag': 5.2}, {'lat': 30.893, 'long': 141.775, 'Time': Timestamp('2007-03-29 05:52:56'), 'mag': 5.2}]",2,29
1600,2007-03-19 07:20:25.167,0,[],0,19
1601,2007-03-26 10:36:51.953,0,[],0,26
1602,2007-03-10 13:55:52.141,0,[],0,10
1603,2007-03-16 23:40:51.163,0,[],0,16
1604,2007-03-07 07:51:19.857,0,[],0,6
1605,2007-03-12 17:42:52.596,0,[],0,11
1606,2007-03-09 20:57:20.195,0,[],0,8
1607,2007-03-21 00:10:52.703,0,[],0,19
1608,2007-03-17 08:21:54.466,0,[],0,15
1609,2007-03-09 11:38:52.891,0,[],0,7
1610,2007-03-30 14:57:21.583,1,"[{'lat': -24.308, 'long': -67.472, 'Time': Timestamp('2007-03-30 19:34:05'), 'mag': 5.0}, {'lat': -24.308, 'long': -67.472, 'Time': Timestamp('2007-03-30 19:34:05'), 'mag': 5.0}, {'lat': -24.308, 'long': -67.472, 'Time': Timestamp('2007-03-30 19:34:05'), 'mag': 5.0}]",3,28
1611,2007-03-07 18:13:22.998,0,[],0,5
1612,2007-03-26 21:26:24.580,0,[],0,24
1613,2007-03-26 00:41:16.869,0,[],0,23
1614,2007-03-19 08:52:53.432,0,[],0,16
1615,2007-03-30 01:42:19.893,1,"[{'lat': 21.975, 'long': 143.001, 'Time': Timestamp('2007-03-30 02:45:01'), 'mag': 5.0}, {'lat': 21.975, 'long': 143.001, 'Time': Timestamp('2007-03-30 02:45:01'), 'mag': 5.0}, {'lat': 21.975, 'long': 143.001, 'Time': Timestamp('2007-03-30 02:45:01'), 'mag': 5.0}]",3,25
1616,2007-03-17 06:37:25.286,0,[],0,12
1617,2007-03-23 09:52:46.042,0,[],0,18
1618,2007-03-22 13:12:22.095,0,[],0,17
1619,2007-03-19 16:29:49.581,0,[],0,14
1620,2007-03-23 19:44:22.201,0,[],0,18
1621,2007-03-21 12:03:52.469,0,[],0,15
1622,2007-03-26 15:22:15.514,1,"[{'lat': -19.485, 'long': -69.621, 'Time': Timestamp('2007-03-26 21:00:25'), 'mag': 5.1}, {'lat': -19.485, 'long': -69.621, 'Time': Timestamp('2007-03-26 21:00:25'), 'mag': 5.1}, {'lat': -19.485, 'long': -69.621, 'Time': Timestamp('2007-03-26 21:00:25'), 'mag': 5.1}]",3,20
1623,2007-04-03 18:37:51.226,0,[],0,28
1624,2007-03-24 07:38:53.872,1,"[{'lat': -42.625, 'long': 42.035, 'Time': Timestamp('2007-03-24 07:39:38'), 'mag': 5.4}, {'lat': -42.625, 'long': 42.035, 'Time': Timestamp('2007-03-24 07:39:38'), 'mag': 5.4}]",2,17
1625,2007-04-05 10:55:19.996,0,[],0,29
1626,2007-03-19 14:14:22.952,0,[],0,12
1627,2007-03-13 17:30:53.006,0,[],0,6
1628,2007-04-02 20:44:50.604,0,[],0,26
1629,2007-03-26 23:58:52.112,0,[],0,19
1630,2007-04-02 06:31:24.954,0,[],0,25
1631,2007-04-01 09:46:45.275,0,[],0,24
1632,2007-03-28 13:06:22.327,0,[],0,20
1633,2007-03-24 16:23:51.142,1,"[{'lat': -19.722, 'long': -70.142, 'Time': Timestamp('2007-03-24 19:13:50'), 'mag': 5.7}, {'lat': -19.722, 'long': -70.142, 'Time': Timestamp('2007-03-24 19:13:50'), 'mag': 5.7}, {'lat': -19.722, 'long': -70.142, 'Time': Timestamp('2007-03-24 19:13:50'), 'mag': 5.7}]",3,16
1634,2007-03-15 19:38:22.434,0,[],0,7
1635,2007-03-22 22:52:18.246,0,[],0,14
1636,2007-03-15 07:01:57.688,0,[],0,6
1637,2007-04-01 15:15:51.171,0,[],0,23
1638,2007-03-22 23:22:19.975,0,[],0,13
1639,2007-04-02 07:35:06.505,0,[],0,23
1640,2007-03-25 10:48:50.174,1,"[{'lat': 38.34, 'long': 20.42, 'Time': Timestamp('2007-03-25 13:57:58'), 'mag': 5.7}, {'lat': 38.34, 'long': 20.42, 'Time': Timestamp('2007-03-25 13:57:58'), 'mag': 5.7}]",2,15
1641,2007-04-04 14:08:22.130,0,[],0,25
1642,2007-04-08 17:24:52.183,0,[],0,29
1643,2007-03-25 20:38:52.236,0,[],0,15
1644,2007-04-09 23:52:52.289,0,[],0,30
1645,2007-03-31 08:03:19.845,0,[],0,20
1646,2007-03-28 11:20:22.343,0,[],0,17
1647,2007-03-27 14:38:53.380,0,[],0,16
1648,2007-04-07 17:55:22.585,1,"[{'lat': -40.525, 'long': -89.898, 'Time': Timestamp('2007-04-07 23:46:16'), 'mag': 5.1}, {'lat': -41.75, 'long': -89.75, 'Time': Timestamp('2007-04-07 23:46:08'), 'mag': 5.1}, {'lat': -40.525, 'long': -89.898, 'Time': Timestamp('2007-04-07 23:46:16'), 'mag': 5.1}, {'lat': -41.75, 'long': -89.75, 'Time': Timestamp('2007-04-07 23:46:08'), 'mag': 5.1}, {'lat': -40.525, 'long': -89.898, 'Time': Timestamp('2007-04-07 23:46:16'), 'mag': 5.1}, {'lat': -41.75, 'long': -89.75, 'Time': Timestamp('2007-04-07 23:46:08'), 'mag': 5.1}]",6,27
1649,2007-03-23 21:09:22.638,0,[],0,12
1650,2007-04-10 00:23:22.691,0,[],0,29
1651,2007-03-30 06:55:51.113,0,[],0,18
1652,2007-03-25 10:11:49.949,1,"[{'lat': 38.34, 'long': 20.42, 'Time': Timestamp('2007-03-25 13:57:58'), 'mag': 5.7}, {'lat': 38.34, 'long': 20.42, 'Time': Timestamp('2007-03-25 13:57:58'), 'mag': 5.7}, {'lat': 38.34, 'long': 20.42, 'Time': Timestamp('2007-03-25 13:57:58'), 'mag': 5.7}]",3,13
1653,2007-03-22 13:30:52.905,0,[],0,10
1654,2007-03-24 16:48:20.392,1,"[{'lat': -19.722, 'long': -70.142, 'Time': Timestamp('2007-03-24 19:13:50'), 'mag': 5.7}, {'lat': -19.722, 'long': -70.142, 'Time': Timestamp('2007-03-24 19:13:50'), 'mag': 5.7}, {'lat': -19.722, 'long': -70.142, 'Time': Timestamp('2007-03-24 19:13:50'), 'mag': 5.7}]",3,12
1655,2007-03-29 20:02:53.012,0,[],0,17
1656,2007-03-26 13:24:53.129,0,[],0,11
1657,2007-03-27 16:41:50.504,0,[],0,12
1658,2007-03-24 19:56:53.548,0,[],0,9
1659,2007-04-13 23:10:20.376,0,[],0,29
1660,2007-03-30 12:16:23.503,0,[],0,14
1661,2007-03-28 15:34:12.229,1,"[{'lat': -1.404, 'long': -77.569, 'Time': Timestamp('2007-03-28 20:57:25'), 'mag': 5.3}, {'lat': -1.404, 'long': -77.569, 'Time': Timestamp('2007-03-28 20:57:25'), 'mag': 5.3}, {'lat': -1.404, 'long': -77.569, 'Time': Timestamp('2007-03-28 20:57:25'), 'mag': 5.3}]",3,12
1662,2007-04-05 18:49:49.492,0,[],0,20
1663,2007-03-23 12:47:23.904,1,"[{'lat': -58.653, 'long': -25.181, 'Time': Timestamp('2007-03-23 17:12:51'), 'mag': 5.0}, {'lat': -58.653, 'long': -25.181, 'Time': Timestamp('2007-03-23 17:12:51'), 'mag': 5.0}]",2,6
1664,2007-04-13 16:05:22.150,0,[],0,27
1665,2007-04-08 19:20:24.011,0,[],0,22
1666,2007-04-10 22:33:54.065,0,[],0,24
1667,2007-04-13 01:48:20.104,0,[],0,26
1668,2007-04-09 06:43:26.078,0,[],0,22
1669,2007-04-12 09:59:21.678,0,[],0,25
1670,2007-03-30 13:18:23.306,0,[],0,12
1671,2007-04-17 16:35:54.777,0,[],0,30
1672,2007-04-07 19:50:23.413,0,[],0,20
1673,2007-03-30 23:04:19.224,1,"[{'lat': -26.142, 'long': -179.077, 'Time': Timestamp('2007-03-31 03:41:50'), 'mag': 5.2}, {'lat': -33.123, 'long': -178.513, 'Time': Timestamp('2007-03-31 02:58:07'), 'mag': 5.1}, {'lat': -26.142, 'long': -179.077, 'Time': Timestamp('2007-03-31 03:41:50'), 'mag': 5.2}, {'lat': -33.123, 'long': -178.513, 'Time': Timestamp('2007-03-31 02:58:07'), 'mag': 5.1}, {'lat': -26.142, 'long': -179.077, 'Time': Timestamp('2007-03-31 03:41:50'), 'mag': 5.2}, {'lat': -33.123, 'long': -178.513, 'Time': Timestamp('2007-03-31 02:58:07'), 'mag': 5.1}]",6,12
1674,2007-03-30 02:18:55.149,1,"[{'lat': 21.975, 'long': 143.001, 'Time': Timestamp('2007-03-30 02:45:01'), 'mag': 5.0}, {'lat': 21.975, 'long': 143.001, 'Time': Timestamp('2007-03-30 02:45:01'), 'mag': 5.0}, {'lat': 21.975, 'long': 143.001, 'Time': Timestamp('2007-03-30 02:45:01'), 'mag': 5.0}]",3,11
1675,2007-03-25 08:52:54.867,0,[],0,6
1676,2007-03-27 13:49:23.755,0,[],0,8
1677,2007-04-10 17:06:23.808,0,[],0,22
1678,2007-03-29 23:34:19.897,0,[],0,10
1679,2007-04-16 07:44:55.131,0,[],0,27
1680,2007-03-30 11:01:20.208,0,[],0,10
1681,2007-04-06 14:20:23.164,1,"[{'lat': 37.227, 'long': -24.649, 'Time': Timestamp('2007-04-06 15:21:39'), 'mag': 5.0}, {'lat': 37.227, 'long': -24.649, 'Time': Timestamp('2007-04-06 15:21:39'), 'mag': 5.0}, {'lat': 37.227, 'long': -24.649, 'Time': Timestamp('2007-04-06 15:21:39'), 'mag': 5.0}]",3,17
1682,2007-04-19 17:36:53.218,0,[],0,30
1683,2007-04-17 20:50:53.270,0,[],0,28
1684,2007-04-11 00:04:53.323,0,[],0,21
1685,2007-04-14 03:21:25.899,0,[],0,24
1686,2007-04-09 06:37:24.625,0,[],0,19
1687,2007-03-28 09:52:49.039,0,[],0,7
1688,2007-04-20 13:12:23.546,0,[],0,30
1689,2007-04-08 16:29:50.252,0,[],0,18
1690,2007-04-07 19:44:19.757,0,[],0,17
1691,2007-03-28 22:58:19.465,0,[],0,7
1692,2007-04-09 07:07:55.915,0,[],0,18
1693,2007-04-16 12:03:53.929,0,[],0,25
1694,2007-04-21 15:22:15.423,1,"[{'lat': -45.243, 'long': -72.648, 'Time': Timestamp('2007-04-21 17:53:46'), 'mag': 6.2}, {'lat': -45.243, 'long': -72.648, 'Time': Timestamp('2007-04-21 17:53:46'), 'mag': 6.2}]",2,30
1695,2007-04-09 18:37:48.478,0,[],0,18
1696,2007-04-05 21:51:21.393,0,[],0,14
1697,2007-04-04 01:05:50.676,1,"[{'lat': -6.789, 'long': 154.957, 'Time': Timestamp('2007-04-04 06:09:42'), 'mag': 5.2}, {'lat': -7.76, 'long': 156.49, 'Time': Timestamp('2007-04-04 06:34:35'), 'mag': 6.4}, {'lat': -6.789, 'long': 154.957, 'Time': Timestamp('2007-04-04 06:09:42'), 'mag': 5.2}, {'lat': -7.76, 'long': 156.49, 'Time': Timestamp('2007-04-04 06:34:35'), 'mag': 6.4}, {'lat': -6.789, 'long': 154.957, 'Time': Timestamp('2007-04-04 06:09:42'), 'mag': 5.2}, {'lat': -7.76, 'long': 156.49, 'Time': Timestamp('2007-04-04 06:34:35'), 'mag': 6.4}]",6,12
1698,2007-04-22 07:39:00.973,0,[],0,30
1699,2007-04-18 10:55:18.857,0,[],0,26
1700,2007-04-03 14:14:16.134,0,[],0,11
1701,2007-04-03 17:30:52.950,0,[],0,11
1702,2007-04-23 06:31:22.270,0,[],0,30
1703,2007-04-16 09:46:46.576,0,[],0,23
1704,2007-04-07 16:23:20.445,0,[],0,14
1705,2007-04-21 19:38:21.279,0,[],0,28
1706,2007-04-22 22:52:19.659,0,[],0,29
1707,2007-04-10 08:40:27.798,0,[],0,16
1708,2007-04-18 11:57:23.114,0,[],0,24
1709,2007-04-16 15:15:50.032,0,[],0,22
1710,2007-04-22 21:45:23.273,0,[],0,28
1711,2007-04-16 00:59:22.188,0,[],0,21
1712,2007-04-20 05:54:24.368,0,[],0,25
1713,2007-04-09 09:09:22.992,0,[],0,14
1714,2007-04-09 12:28:53.538,0,[],0,14
1715,2007-04-07 15:46:48.906,0,[],0,12
1716,2007-04-13 19:01:49.416,0,[],0,18
1717,2007-04-23 22:15:49.235,0,[],0,28
1718,2007-04-22 01:29:53.394,0,[],0,26
1719,2007-04-20 06:24:53.799,0,[],0,24
1720,2007-04-08 09:40:23.537,0,[],0,12
1721,2007-04-18 17:55:24.028,0,[],0,22
1722,2007-04-08 21:09:23.081,0,[],0,12
1723,2007-04-04 00:22:50.557,1,"[{'lat': -7.871, 'long': 156.556, 'Time': Timestamp('2007-04-04 00:35:19'), 'mag': 5.1}, {'lat': -7.141, 'long': 156.047, 'Time': Timestamp('2007-04-04 00:39:43'), 'mag': 6.0}, {'lat': -6.789, 'long': 154.957, 'Time': Timestamp('2007-04-04 06:09:42'), 'mag': 5.2}, {'lat': -7.871, 'long': 156.556, 'Time': Timestamp('2007-04-04 00:35:19'), 'mag': 5.1}, {'lat': -7.141, 'long': 156.047, 'Time': Timestamp('2007-04-04 00:39:43'), 'mag': 6.0}, {'lat': -6.789, 'long': 154.957, 'Time': Timestamp('2007-04-04 06:09:42'), 'mag': 5.2}, {'lat': -7.871, 'long': 156.556, 'Time': Timestamp('2007-04-04 00:35:19'), 'mag': 5.1}, {'lat': -7.141, 'long': 156.047, 'Time': Timestamp('2007-04-04 00:39:43'), 'mag': 6.0}, {'lat': -6.789, 'long': 154.957, 'Time': Timestamp('2007-04-04 06:09:42'), 'mag': 5.2}]",9,7
1724,2007-04-04 03:39:54.929,1,"[{'lat': 23.244, 'long': 143.563, 'Time': Timestamp('2007-04-04 08:00:47'), 'mag': 5.0}, {'lat': 23.244, 'long': 143.563, 'Time': Timestamp('2007-04-04 08:00:47'), 'mag': 5.0}]",2,7
1725,2007-04-03 06:55:58.085,0,[],0,6
1726,2007-04-05 10:11:51.617,0,[],0,8
1727,2007-04-11 13:30:53.357,0,[],0,14
1728,2007-04-02 23:16:20.605,1,"[{'lat': -8.617, 'long': 157.386, 'Time': Timestamp('2007-04-02 23:20:23'), 'mag': 6.2}, {'lat': -8.564, 'long': 157.509, 'Time': Timestamp('2007-04-03 00:24:56'), 'mag': 5.0}, {'lat': -8.628, 'long': 157.668, 'Time': Timestamp('2007-04-03 00:54:02'), 'mag': 5.1}, {'lat': -8.777, 'long': 157.349, 'Time': Timestamp('2007-04-03 01:42:06'), 'mag': 5.0}, {'lat': -8.631, 'long': 157.554, 'Time': Timestamp('2007-04-03 05:07:42'), 'mag': 5.1}, {'lat': -8.617, 'long': 157.386, 'Time': Timestamp('2007-04-02 23:20:23'), 'mag': 6.2}, {'lat': -7.09, 'long': 155.491, 'Time': Timestamp('2007-04-02 23:31:13'), 'mag': 5.5}, {'lat': -8.564, 'long': 157.509, 'Time': Timestamp('2007-04-03 00:24:56'), 'mag': 5.0}, {'lat': -8.628, 'long': 157.668, 'Time': Timestamp('2007-04-03 00:54:02'), 'mag': 5.1}, {'lat': -8.777, 'long': 157.349, 'Time': Timestamp('2007-04-03 01:42:06'), 'mag': 5.0}, {'lat': -7.785, 'long': 155.653, 'Time': Timestamp('2007-04-03 02:46:41'), 'mag': 5.2}, {'lat': -8.631, 'long': 157.554, 'Time': Timestamp('2007-04-03 05:07:42'), 'mag': 5.1}, {'lat': -8.617, 'long': 157.386, 'Time': Timestamp('2007-04-02 23:20:23'), 'mag': 6.2}, {'lat': -7.09, 'long': 155.491, 'Time': Timestamp('2007-04-02 23:31:13'), 'mag': 5.5}, {'lat': -9.742, 'long': 154.629, 'Time': Timestamp('2007-04-03 00:22:09'), 'mag': 5.5}, {'lat': -8.564, 'long': 157.509, 'Time': Timestamp('2007-04-03 00:24:56'), 'mag': 5.0}, {'lat': -7.028, 'long': 155.242, 'Time': Timestamp('2007-04-03 00:28:39'), 'mag': 5.6}, {'lat': -7.083, 'long': 155.245, 'Time': Timestamp('2007-04-03 00:29:12'), 'mag': 5.4}, {'lat': -8.628, 'long': 157.668, 'Time': Timestamp('2007-04-03 00:54:02'), 'mag': 5.1}, {'lat': -8.777, 'long': 157.349, 'Time': Timestamp('2007-04-03 01:42:06'), 'mag': 5.0}, {'lat': -7.785, 'long': 155.653, 'Time': Timestamp('2007-04-03 02:46:41'), 'mag': 5.2}, {'lat': -8.631, 'long': 157.554, 'Time': Timestamp('2007-04-03 05:07:42'), 'mag': 5.1}]",22,5
1729,2007-04-14 09:03:21.880,0,[],0,16
1730,2007-04-12 12:22:23.732,0,[],0,14
1731,2007-04-21 23:46:53.918,0,[],0,23
1732,2007-04-25 07:57:21.474,0,[],0,26
1733,2007-04-10 17:48:51.417,0,[],0,11
1734,2007-04-27 21:03:23.266,0,[],0,28
1735,2007-04-05 00:16:53.319,0,[],0,5
1736,2007-04-09 08:28:23.754,0,[],0,9
1737,2007-04-24 11:45:23.507,0,[],0,24
1738,2007-04-05 15:03:46.329,0,[],0,5
1739,2007-04-28 18:19:23.614,0,[],0,28
1740,2007-04-10 21:33:23.668,0,[],0,10
