index,time_window,label,matched_eqs,total_eq,random_offset_days
0,2006-10-19 20:38:49.072,0,[],0,18
1,2006-10-22 23:52:52.260,0,[],0,21
2,2006-10-22 08:03:15.720,0,[],0,20
3,2006-10-26 19:32:17.248,0,[],0,24
4,2006-10-18 22:45:52.635,0,[],0,16
5,2006-10-28 02:00:23.872,0,[],0,25
6,2006-10-19 06:55:57.613,0,[],0,16
7,2006-10-20 10:11:22.466,0,[],0,17
8,2006-10-13 13:30:52.877,0,[],0,10
9,2006-10-24 16:47:57.775,0,[],0,21
10,2006-10-29 20:02:22.983,0,[],0,26
11,2006-10-10 00:53:23.041,0,[],0,6
12,2006-10-19 14:01:52.323,0,[],0,15
13,2006-10-20 23:46:22.482,0,[],0,16
14,2006-10-25 07:57:26.903,0,[],0,20
15,2006-10-10 21:02:46.927,0,[],0,5
16,2006-11-05 06:49:22.411,0,[],0,30
17,2006-10-31 10:05:18.591,0,[],0,25
18,2006-10-12 13:24:22.099,0,[],0,6
19,2006-11-04 16:41:51.572,1,"[{'lat': -19.198, 'long': -68.902, 'Time': Timestamp('2006-11-04 18:54:34'), 'mag': 5.1}, {'lat': -19.198, 'long': -68.902, 'Time': Timestamp('2006-11-04 18:54:34'), 'mag': 5.1}, {'lat': -19.198, 'long': -68.902, 'Time': Timestamp('2006-11-04 18:54:34'), 'mag': 5.1}]",3,29
20,2006-11-02 19:56:22.205,0,[],0,27
21,2006-10-24 23:10:22.258,0,[],0,18
22,2006-10-14 08:58:56.269,0,[],0,7
23,2006-11-02 12:15:52.473,0,[],0,26
24,2006-10-31 15:34:25.708,0,[],0,24
25,2006-10-19 18:49:51.119,0,[],0,12
26,2006-10-31 22:03:22.265,0,[],0,24
27,2006-11-07 01:17:46.123,0,[],0,30
28,2006-11-15 12:28:52.453,0,[],0,29
29,2006-10-29 15:46:51.703,0,[],0,12
30,2006-10-22 19:01:48.330,0,[],0,5
31,2006-10-30 22:15:53.573,0,[],0,13
32,2006-11-02 01:29:48.213,1,"[{'lat': -5.381, 'long': 153.782, 'Time': Timestamp('2006-11-02 05:17:02'), 'mag': 5.3}, {'lat': -5.381, 'long': 153.782, 'Time': Timestamp('2006-11-02 05:17:02'), 'mag': 5.3}, {'lat': -5.381, 'long': 153.782, 'Time': Timestamp('2006-11-02 05:17:02'), 'mag': 5.3}]",3,15
33,2006-11-10 06:24:45.515,0,[],0,23
34,2006-11-10 09:40:22.442,0,[],0,23
35,2006-10-24 22:45:53.052,0,[],0,6
36,2006-10-30 02:00:23.288,1,"[{'lat': -6.475, 'long': 154.925, 'Time': Timestamp('2006-10-30 04:29:17'), 'mag': 5.5}, {'lat': -6.475, 'long': 154.925, 'Time': Timestamp('2006-10-30 04:29:17'), 'mag': 5.5}, {'lat': -6.475, 'long': 154.925, 'Time': Timestamp('2006-10-30 04:29:17'), 'mag': 5.5}, {'lat': 2.339, 'long': 126.791, 'Time': Timestamp('2006-10-30 07:38:40'), 'mag': 5.5}, {'lat': 2.339, 'long': 126.791, 'Time': Timestamp('2006-10-30 07:38:40'), 'mag': 5.5}, {'lat': 2.339, 'long': 126.791, 'Time': Timestamp('2006-10-30 07:38:40'), 'mag': 5.5}]",6,11
37,2006-11-13 06:55:54.696,0,[],0,25
38,2006-10-30 10:11:21.881,0,[],0,11
39,2006-10-29 13:30:52.293,0,[],0,10
40,2006-11-02 16:47:57.191,0,[],0,14
41,2006-10-29 20:02:22.399,0,[],0,10
42,2006-10-30 23:16:22.453,1,"[{'lat': -32.06, 'long': -178.541, 'Time': Timestamp('2006-10-31 03:13:56'), 'mag': 5.0}, {'lat': -32.06, 'long': -178.541, 'Time': Timestamp('2006-10-31 03:13:56'), 'mag': 5.0}, {'lat': -32.06, 'long': -178.541, 'Time': Timestamp('2006-10-31 03:13:56'), 'mag': 5.0}]",3,11
43,2006-11-08 09:03:20.816,0,[],0,19
44,2006-11-14 14:01:52.694,0,[],0,25
45,2006-11-03 17:18:20.839,0,[],0,14
46,2006-11-10 20:32:45.569,0,[],0,21
47,2006-11-18 23:46:52.854,0,[],0,29
48,2006-10-27 06:18:58.017,0,[],0,6
49,2006-11-08 09:34:18.561,0,[],0,18
50,2006-11-06 17:48:50.352,0,[],0,16
51,2006-11-03 21:02:46.410,0,[],0,13
52,2006-11-21 00:16:52.255,0,[],0,30
53,2006-11-08 08:26:15.714,0,[],0,17
54,2006-11-20 23:10:22.630,1,"[{'lat': -15.755, 'long': -177.188, 'Time': Timestamp('2006-11-21 01:12:23'), 'mag': 5.1}, {'lat': -15.755, 'long': -177.188, 'Time': Timestamp('2006-11-21 01:12:23'), 'mag': 5.1}, {'lat': -15.755, 'long': -177.188, 'Time': Timestamp('2006-11-21 01:12:23'), 'mag': 5.1}]",3,29
55,2006-11-17 02:24:53.866,1,"[{'lat': 47.032, 'long': 155.478, 'Time': Timestamp('2006-11-17 04:09:54'), 'mag': 5.4}, {'lat': 47.017, 'long': 155.526, 'Time': Timestamp('2006-11-17 06:33:49'), 'mag': 5.6}, {'lat': 47.032, 'long': 155.478, 'Time': Timestamp('2006-11-17 04:09:54'), 'mag': 5.4}, {'lat': 47.017, 'long': 155.526, 'Time': Timestamp('2006-11-17 06:33:49'), 'mag': 5.6}, {'lat': 47.032, 'long': 155.478, 'Time': Timestamp('2006-11-17 04:09:54'), 'mag': 5.4}, {'lat': 47.017, 'long': 155.526, 'Time': Timestamp('2006-11-17 06:33:49'), 'mag': 5.6}]",6,25
56,2006-10-31 07:20:24.951,0,[],0,8
57,2006-11-15 10:36:21.131,0,[],0,23
58,2006-11-18 13:55:52.871,0,[],0,26
59,2006-11-02 22:03:48.429,0,[],0,10
60,2006-11-15 01:17:47.823,1,"[{'lat': 21.784, 'long': 143.016, 'Time': Timestamp('2006-11-15 04:11:08'), 'mag': 5.1}, {'lat': 21.783, 'long': 143.019, 'Time': Timestamp('2006-11-15 04:28:10'), 'mag': 5.3}, {'lat': 21.784, 'long': 143.016, 'Time': Timestamp('2006-11-15 04:11:08'), 'mag': 5.1}, {'lat': 21.783, 'long': 143.019, 'Time': Timestamp('2006-11-15 04:28:10'), 'mag': 5.3}, {'lat': 21.784, 'long': 143.016, 'Time': Timestamp('2006-11-15 04:11:08'), 'mag': 5.1}, {'lat': 21.783, 'long': 143.019, 'Time': Timestamp('2006-11-15 04:28:10'), 'mag': 5.3}, {'lat': 4.89, 'long': 127.392, 'Time': Timestamp('2006-11-15 03:52:27'), 'mag': 5.3}]",7,22
61,2006-11-04 06:12:57.194,0,[],0,11
62,2006-11-03 09:27:50.394,0,[],0,10
63,2006-11-12 17:42:50.529,0,[],0,19
64,2006-11-10 20:56:50.571,0,[],0,17
65,2006-11-03 00:10:52.432,0,[],0,9
66,2006-11-05 08:21:50.099,0,[],0,11
67,2006-11-10 13:18:22.694,0,[],0,16
68,2006-11-02 23:04:22.854,0,[],0,8
69,2006-11-04 08:50:51.217,0,[],0,9
70,2006-11-07 12:09:53.069,1,"[{'lat': -55.849, 'long': -27.147, 'Time': Timestamp('2006-11-07 16:16:05'), 'mag': 5.0}]",1,12
71,2006-11-07 15:28:21.207,0,[],0,12
72,2006-11-24 18:43:46.618,0,[],0,29
73,2006-11-03 21:57:20.533,0,[],0,8
74,2006-11-13 01:11:49.816,1,"[{'lat': -5.191, 'long': 151.466, 'Time': Timestamp('2006-11-13 04:06:52'), 'mag': 5.3}, {'lat': -5.191, 'long': 151.466, 'Time': Timestamp('2006-11-13 04:06:52'), 'mag': 5.3}, {'lat': 46.653, 'long': 153.453, 'Time': Timestamp('2006-11-13 06:30:30'), 'mag': 5.1}, {'lat': 46.653, 'long': 153.453, 'Time': Timestamp('2006-11-13 06:30:30'), 'mag': 5.1}, {'lat': 46.653, 'long': 153.453, 'Time': Timestamp('2006-11-13 06:30:30'), 'mag': 5.1}]",5,17
75,2006-11-08 06:06:24.438,0,[],0,12
76,2006-11-18 09:21:50.618,0,[],0,22
77,2006-11-09 12:40:52.470,1,"[{'lat': -35.0, 'long': -15.0, 'Time': Timestamp('2006-11-09 14:24:24'), 'mag': 5.0}, {'lat': -35.0, 'long': -15.0, 'Time': Timestamp('2006-11-09 14:24:24'), 'mag': 5.0}, {'lat': -35.0, 'long': -15.0, 'Time': Timestamp('2006-11-09 14:24:24'), 'mag': 5.0}]",3,13
78,2006-11-08 15:58:47.624,0,[],0,12
79,2006-11-24 19:14:19.787,0,[],0,28
80,2006-11-20 11:32:22.844,0,[],0,23
81,2006-11-16 14:51:18.211,0,[],0,19
82,2006-11-14 18:07:22.952,0,[],0,17
83,2006-11-21 21:21:23.004,0,[],0,24
84,2006-11-04 00:35:15.056,0,[],0,6
85,2006-11-26 05:29:51.781,0,[],0,28
86,2006-11-13 08:44:50.506,0,[],0,15
87,2006-11-20 12:03:52.246,0,[],0,22
88,2006-11-14 15:22:19.945,0,[],0,16
89,2006-11-09 21:51:22.406,0,[],0,11
90,2006-11-21 01:05:22.458,0,[],0,22
91,2006-11-10 06:00:33.142,0,[],0,11
92,2006-11-23 09:15:45.483,0,[],0,24
93,2006-11-15 12:34:52.647,0,[],0,16
94,2006-11-28 15:52:51.897,0,[],0,29
95,2006-11-14 19:07:52.754,0,[],0,15
96,2006-11-20 22:21:50.999,1,"[{'lat': -15.755, 'long': -177.188, 'Time': Timestamp('2006-11-21 01:12:23'), 'mag': 5.1}]",1,21
97,2006-11-18 01:35:49.846,1,"[{'lat': 47.066, 'long': 155.412, 'Time': Timestamp('2006-11-18 02:35:36'), 'mag': 5.2}, {'lat': 46.738, 'long': 154.989, 'Time': Timestamp('2006-11-18 05:00:40'), 'mag': 5.0}, {'lat': 47.066, 'long': 155.412, 'Time': Timestamp('2006-11-18 02:35:36'), 'mag': 5.2}, {'lat': 46.738, 'long': 154.989, 'Time': Timestamp('2006-11-18 05:00:40'), 'mag': 5.0}]",4,18
98,2006-11-20 06:31:22.573,0,[],0,20
99,2006-11-10 09:46:50.134,0,[],0,10
100,2006-11-21 13:05:52.089,0,[],0,21
101,2006-11-30 16:23:21.675,0,[],0,30
102,2006-11-24 19:38:22.196,0,[],0,24
103,2006-11-05 22:52:22.250,0,[],0,5
104,2006-11-19 07:01:53.355,0,[],0,18
105,2006-11-23 10:17:49.535,0,[],0,22
106,2006-11-30 13:36:53.339,0,[],0,29
107,2006-11-29 23:22:22.650,0,[],0,28
108,2006-11-26 07:32:55.196,0,[],0,24
109,2006-11-20 10:48:48.719,0,[],0,18
110,2006-11-24 14:07:51.196,0,[],0,22
111,2006-11-26 17:24:52.946,0,[],0,24
112,2006-11-16 20:38:52.999,0,[],0,14
113,2006-11-10 23:52:53.052,1,"[{'lat': -20.327, 'long': -177.837, 'Time': Timestamp('2006-11-11 00:25:35'), 'mag': 5.3}, {'lat': -20.968, 'long': -178.661, 'Time': Timestamp('2006-11-11 02:29:30'), 'mag': 5.3}]",2,8
114,2006-11-28 08:03:19.608,0,[],0,25
115,2006-11-19 11:20:22.128,0,[],0,16
116,2006-11-10 14:38:50.620,0,[],0,7
117,2006-11-22 19:32:18.501,0,[],0,19
118,2006-11-30 00:22:52.475,1,"[{'lat': 47.404, 'long': 155.421, 'Time': Timestamp('2006-11-30 01:39:45'), 'mag': 5.0}, {'lat': 47.404, 'long': 155.421, 'Time': Timestamp('2006-11-30 01:39:45'), 'mag': 5.0}]",2,26
119,2006-11-13 08:34:27.007,0,[],0,9
120,2006-11-26 11:51:22.663,0,[],0,22
121,2006-11-30 15:09:42.718,0,[],0,26
122,2006-11-10 18:25:22.771,0,[],0,6
123,2006-12-04 21:39:22.823,0,[],0,30
124,2006-11-29 00:53:14.875,1,"[{'lat': 47.557, 'long': 154.024, 'Time': Timestamp('2006-11-29 04:44:40'), 'mag': 5.1}, {'lat': 47.557, 'long': 154.024, 'Time': Timestamp('2006-11-29 04:44:40'), 'mag': 5.1}, {'lat': 47.557, 'long': 154.024, 'Time': Timestamp('2006-11-29 04:44:40'), 'mag': 5.1}]",3,24
125,2006-12-03 07:26:26.722,0,[],0,28
126,2006-11-23 10:42:48.808,0,[],0,18
127,2006-11-26 14:01:50.395,0,[],0,21
128,2006-11-19 23:46:52.251,0,[],0,14
129,2006-12-04 07:57:19.807,0,[],0,28
130,2006-11-30 11:13:49.537,0,[],0,24
131,2006-11-24 14:32:46.813,0,[],0,18
132,2006-11-11 17:48:52.547,1,"[{'lat': -41.481, 'long': -85.613, 'Time': Timestamp('2006-11-11 22:10:28'), 'mag': 5.0}, {'lat': -41.481, 'long': -85.613, 'Time': Timestamp('2006-11-11 22:10:28'), 'mag': 5.0}, {'lat': -41.481, 'long': -85.613, 'Time': Timestamp('2006-11-11 22:10:28'), 'mag': 5.0}]",3,5
133,2006-12-05 21:03:22.599,0,[],0,29
134,2006-11-13 00:16:52.652,1,"[{'lat': -5.191, 'long': 151.466, 'Time': Timestamp('2006-11-13 04:06:52'), 'mag': 5.3}, {'lat': -5.191, 'long': 151.466, 'Time': Timestamp('2006-11-13 04:06:52'), 'mag': 5.3}, {'lat': -5.191, 'long': 151.466, 'Time': Timestamp('2006-11-13 04:06:52'), 'mag': 5.3}]",3,6
135,2006-11-19 08:26:20.208,0,[],0,12
136,2006-11-23 11:44:52.840,0,[],0,16
137,2006-11-17 15:03:48.318,0,[],0,10
138,2006-11-22 18:19:22.947,0,[],0,15
139,2006-11-27 02:24:49.614,0,[],0,19
140,2006-11-24 07:20:24.571,0,[],0,16
141,2006-12-07 10:36:20.564,0,[],0,29
142,2006-11-16 13:55:50.607,0,[],0,8
143,2006-11-15 17:12:20.449,1,"[{'lat': -15.688, 'long': -74.907, 'Time': Timestamp('2006-11-15 21:05:25'), 'mag': 5.0}, {'lat': -15.688, 'long': -74.907, 'Time': Timestamp('2006-11-15 21:05:25'), 'mag': 5.0}, {'lat': -15.688, 'long': -74.907, 'Time': Timestamp('2006-11-15 21:05:25'), 'mag': 5.0}]",3,7
144,2006-12-06 20:26:52.410,0,[],0,28
145,2006-11-22 23:40:22.462,0,[],0,14
146,2006-11-15 07:51:25.007,0,[],0,6
147,2006-11-22 11:07:50.965,0,[],0,13
148,2006-11-27 14:26:48.129,1,"[{'lat': -16.053, 'long': -71.802, 'Time': Timestamp('2006-11-27 17:31:48'), 'mag': 5.7}, {'lat': -16.053, 'long': -71.802, 'Time': Timestamp('2006-11-27 17:31:48'), 'mag': 5.7}]",2,18
149,2006-11-30 17:42:50.961,1,"[{'lat': -29.761, 'long': -111.958, 'Time': Timestamp('2006-11-30 23:38:12'), 'mag': 5.6}, {'lat': -29.761, 'long': -111.958, 'Time': Timestamp('2006-11-30 23:38:12'), 'mag': 5.6}, {'lat': -29.761, 'long': -111.958, 'Time': Timestamp('2006-11-30 23:38:12'), 'mag': 5.6}, {'lat': -53.844, 'long': -134.359, 'Time': Timestamp('2006-11-30 21:20:11'), 'mag': 6.2}]",4,21
150,2006-12-02 20:56:52.810,0,[],0,23
151,2006-11-18 00:10:52.864,1,"[{'lat': 47.066, 'long': 155.412, 'Time': Timestamp('2006-11-18 02:35:36'), 'mag': 5.2}, {'lat': 46.976, 'long': 154.968, 'Time': Timestamp('2006-11-18 00:21:41'), 'mag': 5.1}, {'lat': 46.771, 'long': 155.064, 'Time': Timestamp('2006-11-18 00:59:38'), 'mag': 5.1}, {'lat': 47.066, 'long': 155.412, 'Time': Timestamp('2006-11-18 02:35:36'), 'mag': 5.2}, {'lat': 46.738, 'long': 154.989, 'Time': Timestamp('2006-11-18 05:00:40'), 'mag': 5.0}]",5,8
152,2006-12-07 08:21:50.531,0,[],0,27
153,2006-11-17 11:38:53.052,0,[],0,7
154,2006-11-24 14:57:11.994,0,[],0,14
155,2006-11-18 18:13:22.159,0,[],0,8
156,2006-12-07 21:27:22.212,0,[],0,27
157,2006-11-28 00:41:17.031,1,"[{'lat': -14.838, 'long': 167.287, 'Time': Timestamp('2006-11-28 04:25:01'), 'mag': 5.1}, {'lat': -14.838, 'long': 167.287, 'Time': Timestamp('2006-11-28 04:25:01'), 'mag': 5.1}, {'lat': -14.838, 'long': 167.287, 'Time': Timestamp('2006-11-28 04:25:01'), 'mag': 5.1}]",3,17
158,2006-12-04 08:52:53.482,0,[],0,23
159,2006-12-03 12:09:52.452,0,[],0,22
160,2006-11-16 15:28:21.592,0,[],0,5
161,2006-12-01 18:43:47.002,0,[],0,20
162,2006-11-26 21:57:49.589,1,"[{'lat': -22.866, 'long': -179.602, 'Time': Timestamp('2006-11-26 23:25:12'), 'mag': 5.3}, {'lat': -22.866, 'long': -179.602, 'Time': Timestamp('2006-11-26 23:25:12'), 'mag': 5.3}, {'lat': -22.866, 'long': -179.602, 'Time': Timestamp('2006-11-26 23:25:12'), 'mag': 5.3}]",3,15
163,2006-12-03 01:11:50.200,1,"[{'lat': 52.49, 'long': 160.359, 'Time': Timestamp('2006-12-03 04:52:31'), 'mag': 5.1}, {'lat': 52.49, 'long': 160.359, 'Time': Timestamp('2006-12-03 04:52:31'), 'mag': 5.1}, {'lat': 52.49, 'long': 160.359, 'Time': Timestamp('2006-12-03 04:52:31'), 'mag': 5.1}]",3,21
164,2006-11-20 06:06:57.591,0,[],0,8
165,2006-12-08 09:21:51.003,0,[],0,26
166,2006-12-03 22:27:53.863,0,[],0,21
167,2006-12-08 01:42:18.614,0,[],0,25
168,2006-11-22 04:59:22.981,0,[],0,9
169,2006-11-23 08:15:45.613,0,[],0,10
170,2006-11-26 11:32:49.326,0,[],0,13
171,2006-11-24 14:51:19.035,0,[],0,11
172,2006-12-01 18:07:22.336,0,[],0,18
173,2006-11-27 21:21:22.389,1,"[{'lat': -59.002, 'long': -159.307, 'Time': Timestamp('2006-11-28 02:39:14'), 'mag': 5.4}, {'lat': -59.002, 'long': -159.307, 'Time': Timestamp('2006-11-28 02:39:14'), 'mag': 5.4}]",2,14
174,2006-12-06 00:35:18.536,1,"[{'lat': -7.006, 'long': 144.471, 'Time': Timestamp('2006-12-06 04:52:06'), 'mag': 5.1}, {'lat': -7.006, 'long': 144.471, 'Time': Timestamp('2006-12-06 04:52:06'), 'mag': 5.1}, {'lat': -7.006, 'long': 144.471, 'Time': Timestamp('2006-12-06 04:52:06'), 'mag': 5.1}]",3,22
175,2006-11-25 07:07:54.625,0,[],0,11
176,2006-11-29 10:24:20.917,0,[],0,15
177,2006-11-30 13:43:23.617,0,[],0,16
178,2006-12-12 17:00:24.898,0,[],0,28
179,2006-11-26 20:14:52.763,0,[],0,12
180,2006-11-27 23:28:22.817,1,"[{'lat': -14.838, 'long': 167.287, 'Time': Timestamp('2006-11-28 04:25:01'), 'mag': 5.1}, {'lat': -14.838, 'long': 167.287, 'Time': Timestamp('2006-11-28 04:25:01'), 'mag': 5.1}, {'lat': -14.838, 'long': 167.287, 'Time': Timestamp('2006-11-28 04:25:01'), 'mag': 5.1}]",3,13
181,2006-11-26 09:15:47.084,0,[],0,11
182,2006-11-22 12:34:53.933,0,[],0,7
183,2006-11-29 15:52:47.234,0,[],0,14
184,2006-11-20 19:08:19.397,0,[],0,5
185,2006-12-14 08:09:52.591,0,[],0,28
186,2006-11-26 19:38:20.021,0,[],0,10
187,2006-11-24 22:52:22.642,0,[],0,8
188,2006-12-03 07:01:57.619,0,[],0,16
189,2006-12-06 10:17:51.143,0,[],0,19
190,2006-12-17 13:37:22.404,0,[],0,30
191,2006-11-29 16:54:22.356,0,[],0,12
192,2006-11-29 20:08:52.990,0,[],0,12
193,2006-11-24 23:22:23.043,0,[],0,7
194,2006-12-07 07:32:51.708,0,[],0,19
195,2006-12-18 10:48:47.777,0,[],0,30
196,2006-12-01 14:07:50.588,0,[],0,13
197,2006-12-17 17:24:50.429,0,[],0,29
198,2006-12-07 20:38:52.390,0,[],0,19
199,2006-12-06 23:52:52.444,0,[],0,18
200,2006-12-04 08:03:19.999,0,[],0,15
201,2006-12-06 11:20:19.730,0,[],0,17
202,2006-12-11 14:38:47.998,0,[],0,22
203,2006-11-30 21:09:22.792,0,[],0,11
204,2006-12-01 00:23:23.035,0,[],0,11
205,2006-12-09 05:17:55.113,1,"[{'lat': 5.08, 'long': 94.752, 'Time': Timestamp('2006-12-09 09:24:46'), 'mag': 5.1}, {'lat': 5.08, 'long': 94.752, 'Time': Timestamp('2006-12-09 09:24:46'), 'mag': 5.1}, {'lat': 5.08, 'long': 94.752, 'Time': Timestamp('2006-12-09 09:24:46'), 'mag': 5.1}]",3,19
206,2006-12-07 08:34:23.281,0,[],0,17
207,2006-12-16 11:51:23.032,0,[],0,26
208,2006-11-28 15:09:42.087,0,[],0,8
209,2006-12-01 18:25:52.140,0,[],0,11
210,2006-12-04 12:16:22.653,0,[],0,10
211,2006-12-19 15:34:21.791,0,[],0,25
212,2006-12-20 18:49:52.760,0,[],0,26
213,2006-12-20 22:03:52.813,0,[],0,26
214,2006-12-08 01:17:51.728,0,[],0,13
215,2006-12-22 11:07:50.125,0,[],0,27
216,2006-12-15 14:26:49.392,0,[],0,20
217,2006-12-18 17:42:52.134,0,[],0,23
218,2006-12-14 00:10:52.241,0,[],0,18
219,2006-12-01 08:21:47.140,0,[],0,5
220,2006-12-26 11:38:52.428,0,[],0,30
221,2006-12-26 14:57:21.121,0,[],0,30
222,2006-12-15 18:13:22.535,1,"[{'lat': -35.327, 'long': -105.745, 'Time': Timestamp('2006-12-15 23:57:10'), 'mag': 5.8}, {'lat': -35.327, 'long': -105.745, 'Time': Timestamp('2006-12-15 23:57:10'), 'mag': 5.8}, {'lat': -35.327, 'long': -105.745, 'Time': Timestamp('2006-12-15 23:57:10'), 'mag': 5.8}]",3,19
223,2006-12-01 21:27:22.589,0,[],0,5
224,2006-12-27 00:41:17.407,0,[],0,30
225,2006-12-23 08:52:53.970,0,[],0,26
226,2006-12-07 12:09:52.830,0,[],0,10
227,2006-12-16 15:28:21.968,0,[],0,19
228,2006-12-04 18:43:52.937,0,[],0,7
229,2006-12-25 21:57:52.990,1,"[{'lat': -24.78, 'long': -177.195, 'Time': Timestamp('2006-12-26 01:11:00'), 'mag': 5.2}, {'lat': -24.78, 'long': -177.195, 'Time': Timestamp('2006-12-26 01:11:00'), 'mag': 5.2}, {'lat': -24.78, 'long': -177.195, 'Time': Timestamp('2006-12-26 01:11:00'), 'mag': 5.2}]",3,28
230,2006-12-25 01:11:51.905,1,"[{'lat': -3.015, 'long': 141.774, 'Time': Timestamp('2006-12-25 03:23:06'), 'mag': 5.0}, {'lat': -3.015, 'long': 141.774, 'Time': Timestamp('2006-12-25 03:23:06'), 'mag': 5.0}, {'lat': -3.015, 'long': 141.774, 'Time': Timestamp('2006-12-25 03:23:06'), 'mag': 5.0}]",3,27
231,2006-12-21 06:06:53.094,0,[],0,23
232,2006-12-20 09:21:49.163,0,[],0,22
233,2006-12-14 12:41:22.231,0,[],0,16
234,2006-12-14 15:58:48.825,0,[],0,16
235,2006-12-22 19:14:22.338,0,[],0,24
236,2006-12-17 22:27:49.143,0,[],0,19
237,2006-12-24 01:42:19.431,1,"[{'lat': -4.548, 'long': 153.161, 'Time': Timestamp('2006-12-24 05:07:37'), 'mag': 5.7}, {'lat': -4.548, 'long': 153.161, 'Time': Timestamp('2006-12-24 05:07:37'), 'mag': 5.7}, {'lat': -4.548, 'long': 153.161, 'Time': Timestamp('2006-12-24 05:07:37'), 'mag': 5.7}]",3,25
238,2006-12-04 06:37:23.485,1,"[{'lat': 55.767, 'long': 110.08, 'Time': Timestamp('2006-12-04 09:14:04'), 'mag': 5.2}, {'lat': 55.767, 'long': 110.08, 'Time': Timestamp('2006-12-04 09:14:04'), 'mag': 5.2}]",2,5
239,2006-12-16 14:51:18.026,0,[],0,17
240,2006-12-23 18:07:22.767,0,[],0,24
241,2006-12-15 22:58:22.846,0,[],0,16
242,2006-12-20 08:44:52.538,0,[],0,20
243,2006-12-06 12:03:53.060,0,[],0,6
244,2006-12-16 15:22:19.760,0,[],0,16
245,2006-12-06 18:37:46.610,0,[],0,6
246,2006-12-11 21:51:49.197,0,[],0,11
247,2006-12-16 01:05:49.808,0,[],0,15
248,2006-12-11 07:39:00.104,0,[],0,10
249,2006-12-26 10:55:22.078,0,[],0,25
250,2006-12-24 14:14:26.329,0,[],0,23
251,2006-12-06 17:30:52.075,0,[],0,5
252,2006-12-15 20:44:52.596,0,[],0,14
253,2006-12-20 23:58:52.649,0,[],0,19
254,2006-12-30 08:09:52.972,1,"[{'lat': 13.665, 'long': 51.76, 'Time': Timestamp('2006-12-30 08:57:07'), 'mag': 5.3}, {'lat': 13.313, 'long': 51.365, 'Time': Timestamp('2006-12-30 08:30:49'), 'mag': 6.6}, {'lat': 13.665, 'long': 51.76, 'Time': Timestamp('2006-12-30 08:57:07'), 'mag': 5.3}]",3,28
255,2006-12-17 11:26:22.591,0,[],0,15
256,2006-12-23 14:45:22.635,0,[],0,21
257,2006-12-27 18:01:22.944,0,[],0,25
258,2006-12-20 21:15:22.997,0,[],0,18
259,2006-12-08 00:29:18.931,0,[],0,5
260,2006-12-13 05:23:54.318,0,[],0,10
261,2007-01-01 08:38:53.043,0,[],0,29
262,2006-12-24 11:57:22.237,0,[],0,21
263,2006-12-12 15:15:51.266,0,[],0,9
264,2006-12-22 21:45:22.398,0,[],0,19
265,2006-12-14 00:59:21.313,0,[],0,10
266,2006-12-23 05:54:24.607,0,[],0,19
267,2006-12-24 09:09:22.116,0,[],0,20
268,2007-01-02 12:28:52.639,0,[],0,29
269,2006-12-12 15:46:51.890,0,[],0,8
270,2006-12-29 19:01:48.516,0,[],0,25
271,2006-12-30 22:15:50.991,0,[],0,26
272,2006-12-19 01:29:52.384,0,[],0,14
273,2006-12-25 06:24:49.797,0,[],0,20
274,2006-12-21 09:40:22.629,0,[],0,16
275,2007-01-04 17:55:20.325,0,[],0,30
276,2006-12-26 21:09:22.174,0,[],0,21
277,2006-12-15 00:23:22.417,0,[],0,9
278,2006-12-27 05:17:54.495,0,[],0,21
279,2006-12-23 08:34:22.663,0,[],0,17
280,2006-12-30 11:51:22.465,0,[],0,24
281,2006-12-29 15:09:42.520,0,[],0,23
282,2006-12-22 21:39:22.626,0,[],0,16
283,2006-12-31 00:53:18.773,0,[],0,24
284,2006-12-29 12:22:22.866,0,[],0,22
285,2006-12-21 15:40:54.774,0,[],0,14
286,2006-12-26 18:55:52.841,0,[],0,19
287,2006-12-28 22:09:53.987,0,[],0,21
288,2007-01-03 01:23:48.955,0,[],0,26
289,2006-12-30 06:18:49.024,0,[],0,22
290,2006-12-20 09:34:17.761,0,[],0,12
291,2006-12-19 17:49:24.648,0,[],0,11
292,2007-01-06 21:03:22.401,0,[],0,29
293,2006-12-16 00:16:52.454,0,[],0,7
294,2007-01-01 08:28:22.890,0,[],0,23
295,2006-12-21 13:24:52.670,0,[],0,12
296,2007-01-02 16:41:57.567,1,"[{'lat': -11.244, 'long': -79.291, 'Time': Timestamp('2007-01-02 17:43:54'), 'mag': 5.0}, {'lat': -11.244, 'long': -79.291, 'Time': Timestamp('2007-01-02 17:43:54'), 'mag': 5.0}]",2,24
297,2006-12-22 19:56:52.776,0,[],0,13
298,2006-12-17 23:10:22.829,0,[],0,8
299,2006-12-30 08:57:23.960,0,[],0,20
300,2006-12-18 12:16:23.043,0,[],0,8
301,2006-12-29 15:34:21.182,0,[],0,19
302,2007-01-02 22:03:49.180,0,[],0,23
303,2006-12-26 01:17:47.023,0,[],0,15
304,2006-12-29 06:12:57.394,0,[],0,18
305,2006-12-29 09:28:19.266,0,[],0,18
306,2006-12-24 12:47:22.445,0,[],0,13
307,2006-12-16 16:05:13.503,0,[],0,5
308,2006-12-19 19:20:21.202,0,[],0,8
309,2007-01-05 22:33:49.358,0,[],0,25
310,2006-12-23 01:48:19.422,0,[],0,11
311,2007-01-06 06:43:19.603,0,[],0,25
312,2006-12-19 09:59:22.435,0,[],0,7
313,2006-12-20 13:18:22.846,0,[],0,8
314,2007-01-09 16:35:52.320,0,[],0,28
315,2006-12-18 19:50:19.058,0,[],0,6
316,2006-12-24 23:04:23.006,0,[],0,12
317,2007-01-03 13:49:20.492,0,[],0,21
318,2007-01-08 17:06:20.445,0,[],0,26
319,2006-12-21 20:20:52.406,0,[],0,8
320,2007-01-04 12:41:22.674,0,[],0,21
321,2006-12-21 15:58:47.828,0,[],0,7
322,2007-01-06 19:14:21.319,0,[],0,23
323,2007-01-12 22:27:53.682,0,[],0,29
324,2006-12-30 01:42:22.530,1,"[{'lat': 13.407, 'long': 145.978, 'Time': Timestamp('2006-12-30 07:10:56'), 'mag': 5.2}]",1,15
325,2007-01-01 06:37:19.832,0,[],0,17
326,2006-12-29 09:52:52.664,0,[],0,14
327,2006-12-23 13:12:23.075,0,[],0,8
328,2007-01-05 16:29:50.221,0,[],0,21
329,2007-01-03 19:44:18.287,0,[],0,19
330,2006-12-26 22:58:22.235,0,[],0,11
331,2006-12-21 08:44:51.926,1,"[{'lat': 12.039, 'long': 43.55, 'Time': Timestamp('2006-12-21 09:07:46'), 'mag': 5.0}, {'lat': 12.039, 'long': 43.55, 'Time': Timestamp('2006-12-21 09:07:46'), 'mag': 5.0}]",2,5
332,2006-12-25 12:03:52.449,0,[],0,9
333,2007-01-14 15:22:20.149,0,[],0,29
334,2007-01-12 18:37:46.999,1,"[{'lat': 14.015, 'long': -93.546, 'Time': Timestamp('2007-01-12 19:08:46'), 'mag': 5.0}, {'lat': 14.015, 'long': -93.546, 'Time': Timestamp('2007-01-12 19:08:46'), 'mag': 5.0}, {'lat': 14.015, 'long': -93.546, 'Time': Timestamp('2007-01-12 19:08:46'), 'mag': 5.0}]",3,27
335,2007-01-13 21:51:49.586,0,[],0,28
336,2007-01-13 01:05:50.197,1,"[{'lat': 46.243, 'long': 154.524, 'Time': Timestamp('2007-01-13 04:23:21'), 'mag': 8.1}, {'lat': 46.704, 'long': 155.494, 'Time': Timestamp('2007-01-13 04:35:31'), 'mag': 5.1}, {'lat': 46.334, 'long': 155.166, 'Time': Timestamp('2007-01-13 04:37:07'), 'mag': 5.5}, {'lat': 46.805, 'long': 156.495, 'Time': Timestamp('2007-01-13 04:39:20'), 'mag': 5.4}, {'lat': 47.019, 'long': 156.041, 'Time': Timestamp('2007-01-13 05:30:23'), 'mag': 5.0}, {'lat': 46.469, 'long': 154.976, 'Time': Timestamp('2007-01-13 05:34:41'), 'mag': 5.1}, {'lat': 45.982, 'long': 153.832, 'Time': Timestamp('2007-01-13 06:09:51'), 'mag': 5.0}, {'lat': 46.685, 'long': 155.045, 'Time': Timestamp('2007-01-13 06:44:24'), 'mag': 5.3}, {'lat': 46.243, 'long': 154.524, 'Time': Timestamp('2007-01-13 04:23:21'), 'mag': 8.1}, {'lat': 46.704, 'long': 155.494, 'Time': Timestamp('2007-01-13 04:35:31'), 'mag': 5.1}, {'lat': 46.334, 'long': 155.166, 'Time': Timestamp('2007-01-13 04:37:07'), 'mag': 5.5}, {'lat': 46.805, 'long': 156.495, 'Time': Timestamp('2007-01-13 04:39:20'), 'mag': 5.4}, {'lat': 47.019, 'long': 156.041, 'Time': Timestamp('2007-01-13 05:30:23'), 'mag': 5.0}, {'lat': 46.469, 'long': 154.976, 'Time': Timestamp('2007-01-13 05:34:41'), 'mag': 5.1}, {'lat': 45.982, 'long': 153.832, 'Time': Timestamp('2007-01-13 06:09:51'), 'mag': 5.0}, {'lat': 46.685, 'long': 155.045, 'Time': Timestamp('2007-01-13 06:44:24'), 'mag': 5.3}, {'lat': 46.243, 'long': 154.524, 'Time': Timestamp('2007-01-13 04:23:21'), 'mag': 8.1}, {'lat': 46.704, 'long': 155.494, 'Time': Timestamp('2007-01-13 04:35:31'), 'mag': 5.1}, {'lat': 46.334, 'long': 155.166, 'Time': Timestamp('2007-01-13 04:37:07'), 'mag': 5.5}, {'lat': 46.805, 'long': 156.495, 'Time': Timestamp('2007-01-13 04:39:20'), 'mag': 5.4}, {'lat': 47.019, 'long': 156.041, 'Time': Timestamp('2007-01-13 05:30:23'), 'mag': 5.0}, {'lat': 46.469, 'long': 154.976, 'Time': Timestamp('2007-01-13 05:34:41'), 'mag': 5.1}, {'lat': 45.982, 'long': 153.832, 'Time': Timestamp('2007-01-13 06:09:51'), 'mag': 5.0}, {'lat': 46.685, 'long': 155.045, 'Time': Timestamp('2007-01-13 06:44:24'), 'mag': 5.3}]",24,27
337,2007-01-09 07:39:00.494,0,[],0,23
338,2007-01-02 10:55:18.371,0,[],0,16
339,2006-12-25 14:14:26.717,0,[],0,8
340,2007-01-13 23:58:53.037,1,"[{'lat': 47.544, 'long': 155.614, 'Time': Timestamp('2007-01-14 00:23:42'), 'mag': 5.0}]",1,27
341,2007-01-06 08:09:52.362,0,[],0,19
342,2006-12-27 19:38:19.792,0,[],0,9
343,2007-01-09 22:52:22.413,0,[],0,22
344,2007-01-18 07:01:54.622,0,[],0,30
345,2007-01-12 10:17:50.914,0,[],0,24
346,2006-12-26 13:37:22.174,0,[],0,7
347,2007-01-17 16:54:22.127,0,[],0,29
348,2006-12-24 20:08:52.760,0,[],0,5
349,2006-12-25 23:22:22.814,1,"[{'lat': -24.78, 'long': -177.195, 'Time': Timestamp('2006-12-26 01:11:00'), 'mag': 5.2}, {'lat': -24.78, 'long': -177.195, 'Time': Timestamp('2006-12-26 01:11:00'), 'mag': 5.2}, {'lat': -24.78, 'long': -177.195, 'Time': Timestamp('2006-12-26 01:11:00'), 'mag': 5.2}]",3,6
350,2007-01-13 07:32:52.478,0,[],0,24
351,2007-01-15 10:48:52.694,0,[],0,26
352,2007-01-10 14:08:23.066,0,[],0,21
353,2007-01-13 23:52:52.266,0,[],0,24
354,2007-01-12 08:03:19.822,0,[],0,22
355,2007-01-10 21:09:22.614,0,[],0,20
356,2007-01-16 00:23:22.856,0,[],0,25
357,2007-01-19 08:34:23.102,0,[],0,28
358,2007-01-18 11:51:24.818,0,[],0,27
359,2007-01-10 15:09:47.786,0,[],0,19
360,2006-12-31 18:25:52.962,1,"[{'lat': -28.591, 'long': -112.33, 'Time': Timestamp('2006-12-31 22:48:54'), 'mag': 5.6}, {'lat': -28.655, 'long': -112.772, 'Time': Timestamp('2006-12-31 23:20:10'), 'mag': 5.3}, {'lat': -28.591, 'long': -112.33, 'Time': Timestamp('2006-12-31 22:48:54'), 'mag': 5.6}, {'lat': -28.655, 'long': -112.772, 'Time': Timestamp('2006-12-31 23:20:10'), 'mag': 5.3}]",4,9
361,2007-01-01 21:39:23.014,0,[],0,10
362,2007-01-17 00:53:19.162,1,"[{'lat': -3.322, 'long': 139.834, 'Time': Timestamp('2007-01-17 04:28:26'), 'mag': 6.0}, {'lat': -3.322, 'long': 139.834, 'Time': Timestamp('2007-01-17 04:28:26'), 'mag': 6.0}, {'lat': -3.322, 'long': 139.834, 'Time': Timestamp('2007-01-17 04:28:26'), 'mag': 6.0}]",3,25
363,2007-01-21 07:26:24.363,1,"[{'lat': 39.592, 'long': 42.863, 'Time': Timestamp('2007-01-21 07:38:57'), 'mag': 5.2}]",1,29
364,2007-01-21 10:42:47.776,1,"[{'lat': -55.764, 'long': -27.016, 'Time': Timestamp('2007-01-21 15:03:16'), 'mag': 5.6}]",1,29
365,2007-01-01 14:01:50.475,0,[],0,9
366,2007-01-12 17:18:50.428,1,"[{'lat': 14.015, 'long': -93.546, 'Time': Timestamp('2007-01-12 19:08:46'), 'mag': 5.0}, {'lat': 14.015, 'long': -93.546, 'Time': Timestamp('2007-01-12 19:08:46'), 'mag': 5.0}, {'lat': 14.015, 'long': -93.546, 'Time': Timestamp('2007-01-12 19:08:46'), 'mag': 5.0}]",3,20
367,2007-01-01 20:32:52.390,0,[],0,9
368,2007-01-18 23:46:52.443,0,[],0,26
369,2007-01-11 07:57:24.095,0,[],0,18
370,2007-01-17 19:26:21.414,0,[],0,24
371,2007-01-17 22:39:52.817,1,"[{'lat': -39.56, 'long': 175.86, 'Time': Timestamp('2007-01-18 03:34:14'), 'mag': 5.0}, {'lat': -39.56, 'long': 175.86, 'Time': Timestamp('2007-01-18 03:34:14'), 'mag': 5.0}, {'lat': -39.56, 'long': 175.86, 'Time': Timestamp('2007-01-18 03:34:14'), 'mag': 5.0}]",3,24
372,2007-01-20 01:54:23.729,1,"[{'lat': -5.525, 'long': 130.435, 'Time': Timestamp('2007-01-20 02:45:50'), 'mag': 5.7}, {'lat': -5.525, 'long': 130.435, 'Time': Timestamp('2007-01-20 02:45:50'), 'mag': 5.7}, {'lat': -5.525, 'long': 130.435, 'Time': Timestamp('2007-01-20 02:45:50'), 'mag': 5.7}]",3,26
373,2007-01-15 06:49:51.255,1,"[{'lat': 35.317, 'long': 65.494, 'Time': Timestamp('2007-01-15 11:24:33'), 'mag': 5.0}, {'lat': 35.317, 'long': 65.494, 'Time': Timestamp('2007-01-15 11:24:33'), 'mag': 5.0}, {'lat': 35.317, 'long': 65.494, 'Time': Timestamp('2007-01-15 11:24:33'), 'mag': 5.0}]",3,21
374,2007-01-05 10:05:22.647,0,[],0,11
375,2007-01-16 13:24:53.058,0,[],0,22
376,2007-01-20 23:10:22.218,0,[],0,26
377,2007-01-05 08:57:23.350,0,[],0,10
378,2007-01-10 12:16:21.517,0,[],0,15
379,2007-01-02 15:34:25.667,1,"[{'lat': -11.244, 'long': -79.291, 'Time': Timestamp('2007-01-02 17:43:54'), 'mag': 5.0}, {'lat': -11.244, 'long': -79.291, 'Time': Timestamp('2007-01-02 17:43:54'), 'mag': 5.0}, {'lat': -11.244, 'long': -79.291, 'Time': Timestamp('2007-01-02 17:43:54'), 'mag': 5.0}]",3,7
380,2007-01-23 18:49:52.406,0,[],0,28
381,2007-01-21 22:03:49.568,0,[],0,26
382,2007-01-24 07:51:25.164,0,[],0,28
383,2007-01-25 11:07:49.958,0,[],0,29
384,2007-01-15 14:26:49.890,0,[],0,19
385,2007-01-10 20:57:23.020,0,[],0,14
386,2007-01-17 00:10:53.073,0,[],0,20
387,2007-01-10 08:21:53.837,0,[],0,13
388,2007-01-26 11:38:54.225,0,[],0,29
389,2007-01-27 14:57:20.954,0,[],0,30
390,2007-01-27 18:13:22.369,0,[],0,30
391,2007-01-27 21:27:22.422,0,[],0,30
392,2007-01-28 00:41:17.241,0,[],0,30
393,2007-01-18 08:52:53.803,0,[],0,20
394,2007-01-28 12:09:51.748,0,[],0,30
395,2007-01-10 15:28:21.802,0,[],0,12
396,2007-01-13 18:43:52.770,0,[],0,15
397,2007-01-10 07:44:54.065,0,[],0,11
398,2007-01-16 11:01:24.231,0,[],0,17
399,2007-01-27 14:20:21.723,0,[],0,28
400,2007-01-21 17:36:52.145,0,[],0,22
401,2007-01-08 20:51:22.198,0,[],0,9
402,2007-01-12 00:04:52.251,0,[],0,12
403,2007-01-13 08:15:45.822,0,[],0,13
404,2007-01-16 11:32:54.402,0,[],0,16
405,2007-01-22 14:51:21.019,0,[],0,22
406,2007-01-30 18:07:22.546,0,[],0,30
407,2007-01-07 21:21:22.598,0,[],0,7
408,2007-01-13 00:35:18.746,1,"[{'lat': 46.243, 'long': 154.524, 'Time': Timestamp('2007-01-13 04:23:21'), 'mag': 8.1}, {'lat': 46.704, 'long': 155.494, 'Time': Timestamp('2007-01-13 04:35:31'), 'mag': 5.1}, {'lat': 46.334, 'long': 155.166, 'Time': Timestamp('2007-01-13 04:37:07'), 'mag': 5.5}, {'lat': 46.805, 'long': 156.495, 'Time': Timestamp('2007-01-13 04:39:20'), 'mag': 5.4}, {'lat': 47.019, 'long': 156.041, 'Time': Timestamp('2007-01-13 05:30:23'), 'mag': 5.0}, {'lat': 46.469, 'long': 154.976, 'Time': Timestamp('2007-01-13 05:34:41'), 'mag': 5.1}, {'lat': 45.982, 'long': 153.832, 'Time': Timestamp('2007-01-13 06:09:51'), 'mag': 5.0}, {'lat': 46.243, 'long': 154.524, 'Time': Timestamp('2007-01-13 04:23:21'), 'mag': 8.1}, {'lat': 46.704, 'long': 155.494, 'Time': Timestamp('2007-01-13 04:35:31'), 'mag': 5.1}, {'lat': 46.334, 'long': 155.166, 'Time': Timestamp('2007-01-13 04:37:07'), 'mag': 5.5}, {'lat': 46.805, 'long': 156.495, 'Time': Timestamp('2007-01-13 04:39:20'), 'mag': 5.4}, {'lat': 47.019, 'long': 156.041, 'Time': Timestamp('2007-01-13 05:30:23'), 'mag': 5.0}, {'lat': 46.469, 'long': 154.976, 'Time': Timestamp('2007-01-13 05:34:41'), 'mag': 5.1}, {'lat': 45.982, 'long': 153.832, 'Time': Timestamp('2007-01-13 06:09:51'), 'mag': 5.0}, {'lat': 46.243, 'long': 154.524, 'Time': Timestamp('2007-01-13 04:23:21'), 'mag': 8.1}, {'lat': 46.704, 'long': 155.494, 'Time': Timestamp('2007-01-13 04:35:31'), 'mag': 5.1}, {'lat': 46.334, 'long': 155.166, 'Time': Timestamp('2007-01-13 04:37:07'), 'mag': 5.5}, {'lat': 46.805, 'long': 156.495, 'Time': Timestamp('2007-01-13 04:39:20'), 'mag': 5.4}, {'lat': 47.019, 'long': 156.041, 'Time': Timestamp('2007-01-13 05:30:23'), 'mag': 5.0}, {'lat': 46.469, 'long': 154.976, 'Time': Timestamp('2007-01-13 05:34:41'), 'mag': 5.1}, {'lat': 45.982, 'long': 153.832, 'Time': Timestamp('2007-01-13 06:09:51'), 'mag': 5.0}]",21,12
409,2007-01-29 07:08:22.402,0,[],0,28
410,2007-01-28 10:24:24.007,0,[],0,27
411,2007-01-21 13:43:21.059,1,"[{'lat': -55.764, 'long': -27.016, 'Time': Timestamp('2007-01-21 15:03:16'), 'mag': 5.6}]",1,20
412,2007-01-15 17:00:22.920,1,"[{'lat': -4.609, 'long': -105.145, 'Time': Timestamp('2007-01-15 21:19:40'), 'mag': 5.6}, {'lat': -4.609, 'long': -105.145, 'Time': Timestamp('2007-01-15 21:19:40'), 'mag': 5.6}]",2,14
413,2007-01-30 20:14:52.973,0,[],0,29
414,2007-01-24 23:28:23.026,0,[],0,23
415,2007-01-21 09:15:45.077,0,[],0,19
416,2007-01-31 12:34:49.997,0,[],0,29
417,2007-01-25 15:52:51.492,0,[],0,23
418,2007-01-18 19:08:16.901,0,[],0,16
419,2007-01-22 22:21:52.401,0,[],0,20
420,2007-01-29 08:09:48.655,0,[],0,26
421,2007-01-23 11:26:21.864,0,[],0,20
422,2007-02-01 14:45:19.809,0,[],0,29
423,2007-01-26 21:15:22.828,0,[],0,23
424,2007-02-03 00:29:22.881,0,[],0,30
425,2007-01-23 05:23:52.605,0,[],0,19
426,2007-01-13 08:38:51.218,0,[],0,9
427,2007-01-27 11:57:55.145,0,[],0,23
428,2007-01-20 15:15:51.096,0,[],0,16
429,2007-01-30 18:31:52.177,0,[],0,26
430,2007-01-26 21:45:22.230,0,[],0,22
431,2007-01-10 00:59:21.144,0,[],0,5
432,2007-01-19 05:54:24.773,0,[],0,14
433,2007-01-25 09:09:20.731,0,[],0,20
434,2007-01-17 12:28:50.228,0,[],0,12
435,2007-01-11 15:46:51.721,0,[],0,6
436,2007-01-23 19:01:48.459,0,[],0,18
437,2007-01-24 22:15:50.823,0,[],0,19
438,2007-01-29 01:29:48.342,1,"[{'lat': -2.129, 'long': 139.008, 'Time': Timestamp('2007-01-29 01:35:21'), 'mag': 5.2}, {'lat': -2.129, 'long': 139.008, 'Time': Timestamp('2007-01-29 01:35:21'), 'mag': 5.2}, {'lat': -2.129, 'long': 139.008, 'Time': Timestamp('2007-01-29 01:35:21'), 'mag': 5.2}]",3,23
439,2007-01-29 06:25:18.300,0,[],0,23
440,2007-01-24 09:40:22.460,0,[],0,18
441,2007-01-11 12:59:52.291,0,[],0,5
442,2007-01-26 16:17:24.890,0,[],0,20
443,2007-01-27 19:32:20.301,0,[],0,21
444,2007-01-23 22:46:23.032,0,[],0,17
445,2007-01-23 11:51:24.210,0,[],0,16
446,2007-02-03 15:09:51.273,0,[],0,27
447,2007-01-30 18:25:52.354,0,[],0,23
448,2007-01-31 21:39:22.406,0,[],0,24
449,2007-01-13 00:53:18.554,1,"[{'lat': 46.243, 'long': 154.524, 'Time': Timestamp('2007-01-13 04:23:21'), 'mag': 8.1}, {'lat': 46.704, 'long': 155.494, 'Time': Timestamp('2007-01-13 04:35:31'), 'mag': 5.1}, {'lat': 46.334, 'long': 155.166, 'Time': Timestamp('2007-01-13 04:37:07'), 'mag': 5.5}, {'lat': 46.805, 'long': 156.495, 'Time': Timestamp('2007-01-13 04:39:20'), 'mag': 5.4}, {'lat': 47.019, 'long': 156.041, 'Time': Timestamp('2007-01-13 05:30:23'), 'mag': 5.0}, {'lat': 46.469, 'long': 154.976, 'Time': Timestamp('2007-01-13 05:34:41'), 'mag': 5.1}, {'lat': 45.982, 'long': 153.832, 'Time': Timestamp('2007-01-13 06:09:51'), 'mag': 5.0}, {'lat': 46.685, 'long': 155.045, 'Time': Timestamp('2007-01-13 06:44:24'), 'mag': 5.3}, {'lat': 46.243, 'long': 154.524, 'Time': Timestamp('2007-01-13 04:23:21'), 'mag': 8.1}, {'lat': 46.704, 'long': 155.494, 'Time': Timestamp('2007-01-13 04:35:31'), 'mag': 5.1}, {'lat': 46.334, 'long': 155.166, 'Time': Timestamp('2007-01-13 04:37:07'), 'mag': 5.5}, {'lat': 46.805, 'long': 156.495, 'Time': Timestamp('2007-01-13 04:39:20'), 'mag': 5.4}, {'lat': 47.019, 'long': 156.041, 'Time': Timestamp('2007-01-13 05:30:23'), 'mag': 5.0}, {'lat': 46.469, 'long': 154.976, 'Time': Timestamp('2007-01-13 05:34:41'), 'mag': 5.1}, {'lat': 45.982, 'long': 153.832, 'Time': Timestamp('2007-01-13 06:09:51'), 'mag': 5.0}, {'lat': 46.685, 'long': 155.045, 'Time': Timestamp('2007-01-13 06:44:24'), 'mag': 5.3}, {'lat': 46.243, 'long': 154.524, 'Time': Timestamp('2007-01-13 04:23:21'), 'mag': 8.1}, {'lat': 46.704, 'long': 155.494, 'Time': Timestamp('2007-01-13 04:35:31'), 'mag': 5.1}, {'lat': 46.334, 'long': 155.166, 'Time': Timestamp('2007-01-13 04:37:07'), 'mag': 5.5}, {'lat': 46.805, 'long': 156.495, 'Time': Timestamp('2007-01-13 04:39:20'), 'mag': 5.4}, {'lat': 47.019, 'long': 156.041, 'Time': Timestamp('2007-01-13 05:30:23'), 'mag': 5.0}, {'lat': 46.469, 'long': 154.976, 'Time': Timestamp('2007-01-13 05:34:41'), 'mag': 5.1}, {'lat': 45.982, 'long': 153.832, 'Time': Timestamp('2007-01-13 06:09:51'), 'mag': 5.0}, {'lat': 46.685, 'long': 155.045, 'Time': Timestamp('2007-01-13 06:44:24'), 'mag': 5.3}]",24,5
450,2007-01-26 07:26:24.754,0,[],0,18
451,2007-02-05 10:42:48.167,1,"[{'lat': -1.401, 'long': -14.084, 'Time': Timestamp('2007-02-05 16:37:01'), 'mag': 5.1}, {'lat': -1.401, 'long': -14.084, 'Time': Timestamp('2007-02-05 16:37:01'), 'mag': 5.1}]",2,28
452,2007-01-20 14:01:50.867,0,[],0,12
453,2007-01-26 17:18:50.820,0,[],0,18
454,2007-01-31 20:32:52.781,0,[],0,23
455,2007-02-03 23:46:52.834,0,[],0,26
456,2007-02-06 07:57:24.486,0,[],0,28
457,2007-01-21 19:26:20.805,0,[],0,12
458,2007-02-01 22:39:52.208,0,[],0,23
459,2007-02-06 01:54:23.121,0,[],0,27
460,2007-01-17 06:49:50.646,1,"[{'lat': 1.978, 'long': 89.69, 'Time': Timestamp('2007-01-17 07:58:40'), 'mag': 5.0}, {'lat': 1.978, 'long': 89.69, 'Time': Timestamp('2007-01-17 07:58:40'), 'mag': 5.0}]",2,7
461,2007-01-27 15:03:48.736,0,[],0,17
462,2007-02-07 18:19:22.584,0,[],0,28
463,2007-02-03 21:33:22.637,0,[],0,24
464,2007-01-19 00:47:18.784,0,[],0,8
465,2007-01-25 07:20:24.985,0,[],0,14
466,2007-01-29 10:36:49.837,0,[],0,18
467,2007-02-01 13:55:51.098,0,[],0,21
468,2007-01-25 17:12:21.050,0,[],0,14
469,2007-01-19 20:26:53.012,0,[],0,8
470,2007-01-24 23:40:53.065,0,[],0,13
471,2007-02-11 07:51:23.716,0,[],0,30
472,2007-02-08 11:07:52.007,0,[],0,27
473,2007-01-26 14:28:04.115,0,[],0,14
474,2007-01-23 17:42:50.563,0,[],0,11
475,2007-01-20 08:21:54.229,0,[],0,7
476,2007-02-10 11:38:54.618,0,[],0,28
477,2007-02-07 16:35:52.154,1,"[{'lat': -17.712, 'long': -71.079, 'Time': Timestamp('2007-02-07 18:55:00'), 'mag': 5.5}, {'lat': -17.712, 'long': -71.079, 'Time': Timestamp('2007-02-07 18:55:00'), 'mag': 5.5}, {'lat': -17.712, 'long': -71.079, 'Time': Timestamp('2007-02-07 18:55:00'), 'mag': 5.5}]",3,25
478,2007-01-28 19:50:18.893,0,[],0,15
479,2007-02-08 23:04:22.841,1,"[{'lat': -31.29, 'long': -177.652, 'Time': Timestamp('2007-02-09 03:25:12'), 'mag': 5.0}, {'lat': -31.29, 'long': -177.652, 'Time': Timestamp('2007-02-09 03:25:12'), 'mag': 5.0}, {'lat': -31.29, 'long': -177.652, 'Time': Timestamp('2007-02-09 03:25:12'), 'mag': 5.0}]",3,26
480,2007-02-12 02:18:54.524,0,[],0,29
481,2007-01-24 07:14:25.162,0,[],0,10
482,2007-02-09 10:30:21.342,0,[],0,26
483,2007-01-19 13:49:21.603,0,[],0,5
484,2007-01-19 23:34:52.242,0,[],0,5
485,2007-01-29 07:44:53.346,0,[],0,14
486,2007-02-04 11:01:22.072,0,[],0,20
487,2007-01-20 14:20:18.131,0,[],0,5
488,2007-02-03 17:36:52.069,0,[],0,19
489,2007-02-09 20:51:22.590,0,[],0,25
490,2007-02-13 00:04:52.643,0,[],0,28
491,2007-02-14 08:15:50.310,0,[],0,29
492,2007-02-01 11:32:54.795,0,[],0,16
493,2007-02-09 14:51:24.292,0,[],0,24
494,2007-01-22 18:07:22.938,0,[],0,6
495,2007-02-15 21:21:22.991,0,[],0,30
496,2007-02-02 00:35:19.138,0,[],0,16
497,2007-01-31 07:08:26.995,1,"[{'lat': 39.822, 'long': 70.265, 'Time': Timestamp('2007-01-31 10:52:33'), 'mag': 5.2}, {'lat': 39.822, 'long': 70.265, 'Time': Timestamp('2007-01-31 10:52:33'), 'mag': 5.2}]",2,14
498,2007-02-15 10:24:20.573,0,[],0,29
499,2007-02-03 13:43:20.505,0,[],0,17
500,2007-02-11 23:28:22.472,0,[],0,25
501,2007-01-31 09:15:46.740,0,[],0,13
502,2007-02-17 12:34:50.443,0,[],0,30
503,2007-01-28 20:44:52.821,0,[],0,10
504,2007-02-09 23:58:52.874,0,[],0,22
505,2007-01-27 08:09:53.197,0,[],0,8
506,2007-02-01 19:38:19.628,0,[],0,13
507,2007-01-24 22:52:22.248,0,[],0,5
508,2007-02-02 08:38:49.171,0,[],0,13
509,2007-02-07 11:57:54.538,0,[],0,18
510,2007-02-05 15:15:51.490,0,[],0,16
511,2007-02-07 18:31:52.570,0,[],0,18
512,2007-02-14 21:45:22.623,1,"[{'lat': 43.516, 'long': -127.451, 'Time': Timestamp('2007-02-14 22:12:58'), 'mag': 5.2}, {'lat': 43.516, 'long': -127.451, 'Time': Timestamp('2007-02-14 22:12:58'), 'mag': 5.2}, {'lat': 43.516, 'long': -127.451, 'Time': Timestamp('2007-02-14 22:12:58'), 'mag': 5.2}]",3,25
513,2007-02-06 00:59:21.538,0,[],0,16
514,2007-02-09 05:54:24.833,0,[],0,19
515,2007-02-01 09:09:22.341,0,[],0,11
516,2007-02-10 12:28:50.621,0,[],0,20
517,2007-02-11 15:46:52.115,0,[],0,21
518,2007-02-02 22:15:51.216,0,[],0,12
519,2007-02-02 01:29:51.608,0,[],0,11
520,2007-01-29 06:27:12.381,0,[],0,7
521,2007-02-18 09:40:21.854,0,[],0,27
522,2007-02-21 17:55:22.346,0,[],0,30
523,2007-02-09 21:09:22.399,0,[],0,18
524,2007-01-30 00:23:22.642,1,"[{'lat': -54.74, 'long': 146.298, 'Time': Timestamp('2007-01-30 04:54:50'), 'mag': 6.9}, {'lat': -54.74, 'long': 146.298, 'Time': Timestamp('2007-01-30 04:54:50'), 'mag': 6.9}]",2,7
525,2007-01-31 05:17:52.064,0,[],0,8
526,2007-02-02 08:34:22.888,0,[],0,10
527,2007-02-11 11:51:24.604,0,[],0,19
528,2007-02-03 15:09:51.667,0,[],0,11
529,2007-01-30 18:25:52.747,0,[],0,7
530,2007-02-05 21:39:22.800,0,[],0,13
531,2007-02-10 00:53:18.947,0,[],0,17
532,2007-02-12 07:26:25.147,0,[],0,19
533,2007-02-21 10:42:48.615,1,"[{'lat': 38.318, 'long': 39.275, 'Time': Timestamp('2007-02-21 11:05:28'), 'mag': 5.7}, {'lat': 38.318, 'long': 39.275, 'Time': Timestamp('2007-02-21 11:05:28'), 'mag': 5.7}, {'lat': 38.318, 'long': 39.275, 'Time': Timestamp('2007-02-21 11:05:28'), 'mag': 5.7}]",3,28
534,2007-02-04 14:01:50.314,0,[],0,11
535,2007-02-05 23:46:52.281,0,[],0,12
536,2007-02-10 07:57:23.933,0,[],0,16
537,2007-02-07 19:26:21.253,0,[],0,13
538,2007-02-18 22:39:52.656,0,[],0,24
539,2007-02-25 01:54:23.569,0,[],0,30
540,2007-02-16 06:49:51.094,1,"[{'lat': -35.079, 'long': 53.984, 'Time': Timestamp('2007-02-16 08:29:37'), 'mag': 5.0}, {'lat': -35.079, 'long': 53.984, 'Time': Timestamp('2007-02-16 08:29:37'), 'mag': 5.0}, {'lat': -35.079, 'long': 53.984, 'Time': Timestamp('2007-02-16 08:29:37'), 'mag': 5.0}]",3,21
541,2007-02-05 10:05:22.486,0,[],0,10
542,2007-02-23 13:24:52.898,0,[],0,28
543,2007-02-22 16:41:57.795,0,[],0,27
544,2007-02-04 19:56:53.005,1,"[{'lat': -55.883, 'long': -122.721, 'Time': Timestamp('2007-02-04 21:17:46'), 'mag': 6.2}, {'lat': -55.791, 'long': -123.448, 'Time': Timestamp('2007-02-04 22:52:54'), 'mag': 5.6}, {'lat': -55.883, 'long': -122.721, 'Time': Timestamp('2007-02-04 21:17:46'), 'mag': 6.2}, {'lat': -55.791, 'long': -123.448, 'Time': Timestamp('2007-02-04 22:52:54'), 'mag': 5.6}]",4,9
545,2007-02-20 23:10:23.057,0,[],0,25
546,2007-02-23 08:57:23.189,0,[],0,27
547,2007-02-22 12:16:21.356,0,[],0,26
548,2007-02-19 15:34:25.507,1,"[{'lat': -23.05, 'long': -70.473, 'Time': Timestamp('2007-02-19 19:24:10'), 'mag': 5.5}, {'lat': -23.05, 'long': -70.473, 'Time': Timestamp('2007-02-19 19:24:10'), 'mag': 5.5}]",2,23
549,2007-02-02 18:49:52.245,0,[],0,6
550,2007-02-21 22:03:50.735,0,[],0,25
551,2007-02-22 01:17:47.250,1,"[{'lat': -1.104, 'long': 127.209, 'Time': Timestamp('2007-02-22 03:20:19'), 'mag': 5.0}]",1,25
552,2007-02-05 06:12:57.621,0,[],0,8
553,2007-02-10 09:28:20.822,0,[],0,13
554,2007-02-13 12:47:24.526,0,[],0,16
555,2007-02-10 00:10:52.860,0,[],0,12
556,2007-02-13 08:21:56.063,0,[],0,15
557,2007-02-23 11:38:55.012,0,[],0,25
558,2007-02-12 14:57:15.427,0,[],0,14
559,2007-02-26 18:13:22.155,1,"[{'lat': -55.421, 'long': -128.71, 'Time': Timestamp('2007-02-26 20:56:49'), 'mag': 5.2}, {'lat': -55.421, 'long': -128.71, 'Time': Timestamp('2007-02-26 20:56:49'), 'mag': 5.2}, {'lat': -55.421, 'long': -128.71, 'Time': Timestamp('2007-02-26 20:56:49'), 'mag': 5.2}]",3,28
560,2007-02-11 21:27:18.089,0,[],0,13
561,2007-02-22 00:41:17.027,0,[],0,23
562,2007-02-23 08:52:53.477,0,[],0,24
563,2007-02-05 12:09:51.534,1,"[{'lat': -1.401, 'long': -14.084, 'Time': Timestamp('2007-02-05 16:37:01'), 'mag': 5.1}, {'lat': -1.401, 'long': -14.084, 'Time': Timestamp('2007-02-05 16:37:01'), 'mag': 5.1}]",2,6
564,2007-02-23 15:28:21.588,1,"[{'lat': -45.337, 'long': -72.319, 'Time': Timestamp('2007-02-23 19:55:48'), 'mag': 5.7}, {'lat': -45.337, 'long': -72.319, 'Time': Timestamp('2007-02-23 19:55:48'), 'mag': 5.7}, {'lat': -45.337, 'long': -72.319, 'Time': Timestamp('2007-02-23 19:55:48'), 'mag': 5.7}]",3,24
565,2007-02-26 18:43:46.998,1,"[{'lat': -55.421, 'long': -128.71, 'Time': Timestamp('2007-02-26 20:56:49'), 'mag': 5.2}, {'lat': -55.421, 'long': -128.71, 'Time': Timestamp('2007-02-26 20:56:49'), 'mag': 5.2}, {'lat': -55.421, 'long': -128.71, 'Time': Timestamp('2007-02-26 20:56:49'), 'mag': 5.2}]",3,27
566,2007-02-22 07:44:53.740,0,[],0,22
567,2007-02-05 11:01:22.520,1,"[{'lat': -1.401, 'long': -14.084, 'Time': Timestamp('2007-02-05 16:37:01'), 'mag': 5.1}, {'lat': -1.401, 'long': -14.084, 'Time': Timestamp('2007-02-05 16:37:01'), 'mag': 5.1}, {'lat': -1.401, 'long': -14.084, 'Time': Timestamp('2007-02-05 16:37:01'), 'mag': 5.1}]",3,5
568,2007-02-12 14:20:18.579,0,[],0,12
569,2007-02-15 00:04:52.090,0,[],0,14
570,2007-02-15 08:15:49.759,0,[],0,14
571,2007-02-14 11:32:54.243,0,[],0,13
572,2007-02-17 14:51:19.643,0,[],0,16
573,2007-02-15 18:07:22.386,0,[],0,14
574,2007-02-18 21:21:18.320,0,[],0,17
575,2007-02-22 00:35:18.586,0,[],0,20
576,2007-02-15 07:08:27.443,0,[],0,13
577,2007-02-25 10:24:20.968,0,[],0,23
578,2007-02-27 13:43:20.899,0,[],0,25
579,2007-02-15 17:00:24.948,0,[],0,13
580,2007-02-26 20:14:52.813,1,"[{'lat': -55.421, 'long': -128.71, 'Time': Timestamp('2007-02-26 20:56:49'), 'mag': 5.2}, {'lat': -55.421, 'long': -128.71, 'Time': Timestamp('2007-02-26 20:56:49'), 'mag': 5.2}]",2,24
581,2007-02-10 01:05:50.427,0,[],0,7
582,2007-02-14 07:39:00.724,0,[],0,11
583,2007-02-16 10:55:18.601,0,[],0,13
584,2007-02-13 14:14:16.204,0,[],0,10
585,2007-02-11 17:30:51.693,0,[],0,8
586,2007-02-13 20:44:46.311,0,[],0,10
587,2007-03-05 06:31:19.239,0,[],0,29
588,2007-02-26 09:46:50.743,0,[],0,22
589,2007-03-03 16:23:51.957,0,[],0,27
590,2007-03-06 19:38:20.023,0,[],0,30
591,2007-02-27 22:52:22.642,0,[],0,23
592,2007-02-16 08:38:49.566,0,[],0,11
593,2007-02-13 11:57:54.933,0,[],0,8
594,2007-03-06 15:15:51.884,0,[],0,29
595,2007-03-06 18:31:52.964,0,[],0,29
596,2007-02-13 21:45:44.457,0,[],0,8
597,2007-02-25 00:59:21.932,0,[],0,19
598,2007-03-01 05:54:24.226,0,[],0,23
599,2007-02-14 09:09:21.735,0,[],0,8
600,2007-02-15 12:28:50.015,0,[],0,9
601,2007-02-28 15:46:51.509,0,[],0,22
602,2007-03-04 19:01:52.232,0,[],0,26
603,2007-03-02 06:25:22.184,0,[],0,23
604,2007-03-04 09:40:22.301,0,[],0,25
605,2007-03-06 17:55:22.793,0,[],0,27
606,2007-02-28 21:09:22.846,0,[],0,21
607,2007-03-01 00:23:23.089,0,[],0,21
608,2007-02-18 05:17:55.167,1,"[{'lat': 1.071, 'long': 97.372, 'Time': Timestamp('2007-02-18 10:45:23'), 'mag': 5.1}, {'lat': 1.071, 'long': 97.372, 'Time': Timestamp('2007-02-18 10:45:23'), 'mag': 5.1}, {'lat': 1.071, 'long': 97.372, 'Time': Timestamp('2007-02-18 10:45:23'), 'mag': 5.1}]",3,10
609,2007-02-16 08:34:23.335,0,[],0,8
610,2007-03-02 11:51:24.052,0,[],0,22
611,2007-03-08 15:09:51.114,0,[],0,28
612,2007-02-13 18:25:52.194,1,"[{'lat': 13.443, 'long': -91.059, 'Time': Timestamp('2007-02-13 18:38:49'), 'mag': 5.0}, {'lat': 13.443, 'long': -91.059, 'Time': Timestamp('2007-02-13 18:38:49'), 'mag': 5.0}, {'lat': 13.443, 'long': -91.059, 'Time': Timestamp('2007-02-13 18:38:49'), 'mag': 5.0}]",3,5
613,2007-03-01 21:39:22.247,1,"[{'lat': -30.781, 'long': -177.968, 'Time': Timestamp('2007-03-01 23:47:32'), 'mag': 5.0}, {'lat': -30.781, 'long': -177.968, 'Time': Timestamp('2007-03-01 23:47:32'), 'mag': 5.0}, {'lat': -30.781, 'long': -177.968, 'Time': Timestamp('2007-03-01 23:47:32'), 'mag': 5.0}]",3,21
614,2007-02-21 00:53:18.394,0,[],0,12
615,2007-03-05 07:26:24.595,0,[],0,24
616,2007-03-02 10:42:48.008,0,[],0,21
617,2007-02-26 14:01:52.516,1,"[{'lat': -20.161, 'long': -68.938, 'Time': Timestamp('2007-02-26 17:58:26'), 'mag': 5.1}]",1,17
618,2007-02-21 22:09:53.609,0,[],0,12
619,2007-03-12 06:18:49.646,1,"[{'lat': -41.203, 'long': 85.533, 'Time': Timestamp('2007-03-12 08:07:59'), 'mag': 5.5}, {'lat': -41.203, 'long': 85.533, 'Time': Timestamp('2007-03-12 08:07:59'), 'mag': 5.5}, {'lat': -41.203, 'long': 85.533, 'Time': Timestamp('2007-03-12 08:07:59'), 'mag': 5.5}]",3,30
620,2007-02-15 09:34:18.382,0,[],0,5
621,2007-02-28 19:26:21.647,0,[],0,18
622,2007-03-12 22:39:53.050,0,[],0,30
623,2007-02-20 01:54:21.522,0,[],0,9
624,2007-02-28 06:49:54.583,0,[],0,17
625,2007-02-23 10:05:21.880,0,[],0,12
626,2007-03-06 13:24:52.291,0,[],0,23
627,2007-03-05 23:10:22.451,0,[],0,22
628,2007-03-13 08:57:23.582,0,[],0,29
629,2007-03-12 12:16:22.665,0,[],0,28
630,2007-03-13 15:34:13.612,0,[],0,29
631,2007-02-22 18:49:52.639,0,[],0,10
632,2007-03-13 22:03:51.129,0,[],0,29
633,2007-03-11 01:17:47.645,1,"[{'lat': 43.988, 'long': 147.891, 'Time': Timestamp('2007-03-11 07:09:26'), 'mag': 5.8}, {'lat': 43.988, 'long': 147.891, 'Time': Timestamp('2007-03-11 07:09:26'), 'mag': 5.8}, {'lat': 43.988, 'long': 147.891, 'Time': Timestamp('2007-03-11 07:09:26'), 'mag': 5.8}]",3,26
634,2007-02-23 06:12:58.015,0,[],0,10
635,2007-02-26 09:28:19.888,0,[],0,13
636,2007-02-23 12:47:23.067,0,[],0,10
637,2007-02-28 16:05:17.221,0,[],0,15
638,2007-03-14 10:30:21.184,0,[],0,27
639,2007-02-24 13:49:22.923,0,[],0,9
640,2007-03-12 17:06:21.069,0,[],0,25
641,2007-03-09 20:20:53.991,0,[],0,22
642,2007-03-02 23:34:22.083,0,[],0,15
643,2007-03-09 07:44:53.188,0,[],0,21
644,2007-02-22 12:41:22.298,0,[],0,6
645,2007-02-27 15:58:51.548,0,[],0,11
646,2007-03-16 19:14:20.943,0,[],0,28
647,2007-02-28 08:15:50.152,0,[],0,11
648,2007-03-15 18:07:22.780,0,[],0,26
649,2007-03-05 21:19:17.263,0,[],0,16
650,2007-02-24 00:35:18.980,0,[],0,6
651,2007-02-27 07:08:27.836,0,[],0,9
652,2007-03-02 10:24:21.361,0,[],0,12
653,2007-03-06 13:43:22.100,0,[],0,16
654,2007-03-09 06:00:24.443,1,"[{'lat': -11.428, 'long': 66.255, 'Time': Timestamp('2007-03-09 07:27:31'), 'mag': 5.7}, {'lat': -11.428, 'long': 66.255, 'Time': Timestamp('2007-03-09 07:27:31'), 'mag': 5.7}, {'lat': -11.428, 'long': 66.255, 'Time': Timestamp('2007-03-09 07:27:31'), 'mag': 5.7}]",3,18
655,2007-03-05 09:15:46.528,0,[],0,14
656,2007-03-08 12:34:52.475,0,[],0,17
657,2007-03-11 15:52:47.629,0,[],0,20
658,2007-03-02 19:08:19.792,0,[],0,11
659,2007-03-05 09:46:47.041,0,[],0,13
660,2007-03-11 18:01:22.956,0,[],0,19
661,2007-03-15 21:15:17.106,0,[],0,23
662,2007-03-11 00:29:18.944,0,[],0,18
663,2007-03-02 07:01:54.246,0,[],0,9
664,2007-03-04 10:17:50.592,0,[],0,11
665,2007-02-27 13:37:22.331,0,[],0,6
666,2007-03-15 23:22:22.491,0,[],0,22
667,2007-03-19 07:33:00.349,0,[],0,25
668,2007-03-22 10:48:52.321,0,[],0,28
669,2007-03-09 14:08:22.733,0,[],0,15
670,2007-03-02 17:24:50.879,0,[],0,8
671,2007-03-17 20:38:52.839,0,[],0,23
672,2007-03-14 06:25:18.536,0,[],0,19
673,2007-03-12 09:40:22.696,0,[],0,17
674,2007-03-11 19:32:19.536,0,[],0,16
675,2007-03-20 22:46:22.267,0,[],0,25
676,2007-03-03 08:34:22.730,0,[],0,7
677,2007-03-21 11:51:22.481,0,[],0,25
678,2007-03-25 15:09:51.509,0,[],0,29
679,2007-03-13 18:25:52.589,0,[],0,17
680,2007-03-15 21:38:22.954,0,[],0,19
681,2007-03-16 00:53:18.789,0,[],0,19
682,2007-03-16 07:26:24.989,0,[],0,19
683,2007-03-08 10:42:48.403,1,"[{'lat': -58.217, 'long': -7.615, 'Time': Timestamp('2007-03-08 11:14:31'), 'mag': 6.2}]",1,11
684,2007-03-21 14:01:52.910,0,[],0,24
685,2007-03-26 23:46:53.070,0,[],0,29
686,2007-03-27 07:57:19.625,0,[],0,29
687,2007-03-20 17:49:24.664,0,[],0,22
688,2007-03-08 21:00:21.179,0,[],0,10
689,2007-03-14 00:16:52.471,1,"[{'lat': -3.5, 'long': 149.5, 'Time': Timestamp('2007-03-14 06:10:16'), 'mag': 5.2}, {'lat': -3.5, 'long': 149.5, 'Time': Timestamp('2007-03-14 06:10:16'), 'mag': 5.2}, {'lat': -3.5, 'long': 149.5, 'Time': Timestamp('2007-03-14 06:10:16'), 'mag': 5.2}]",3,15
690,2007-03-21 08:28:22.906,0,[],0,22
691,2007-03-29 11:45:22.659,0,[],0,30
692,2007-03-24 15:03:48.918,1,"[{'lat': -19.722, 'long': -70.142, 'Time': Timestamp('2007-03-24 19:13:50'), 'mag': 5.7}, {'lat': -19.722, 'long': -70.142, 'Time': Timestamp('2007-03-24 19:13:50'), 'mag': 5.7}, {'lat': -19.722, 'long': -70.142, 'Time': Timestamp('2007-03-24 19:13:50'), 'mag': 5.7}]",3,25
693,2007-03-07 18:19:22.766,0,[],0,8
694,2007-03-08 21:32:21.692,0,[],0,9
695,2007-03-17 00:47:18.966,0,[],0,17
696,2007-03-23 07:20:25.167,0,[],0,23
697,2007-03-05 10:36:51.953,0,[],0,5
698,2007-03-06 13:55:52.141,0,[],0,6
699,2007-03-16 23:40:51.163,0,[],0,16
700,2007-03-21 07:51:19.857,0,[],0,20
701,2007-03-23 17:42:52.596,0,[],0,22
702,2007-03-12 20:57:20.195,0,[],0,11
703,2007-03-10 00:10:52.703,0,[],0,8
704,2007-03-28 08:21:54.466,0,[],0,26
705,2007-03-18 11:38:52.891,0,[],0,16
706,2007-03-24 14:57:21.583,1,"[{'lat': -19.722, 'long': -70.142, 'Time': Timestamp('2007-03-24 19:13:50'), 'mag': 5.7}, {'lat': -19.722, 'long': -70.142, 'Time': Timestamp('2007-03-24 19:13:50'), 'mag': 5.7}, {'lat': -19.722, 'long': -70.142, 'Time': Timestamp('2007-03-24 19:13:50'), 'mag': 5.7}]",3,22
707,2007-03-15 18:13:22.998,0,[],0,13
708,2007-03-20 21:26:24.580,0,[],0,18
709,2007-03-13 00:41:16.869,0,[],0,10
710,2007-03-19 08:52:53.432,0,[],0,16
711,2007-03-15 01:42:19.893,1,"[{'lat': 4.141, 'long': 126.929, 'Time': Timestamp('2007-03-15 06:07:55'), 'mag': 5.1}, {'lat': 4.141, 'long': 126.929, 'Time': Timestamp('2007-03-15 06:07:55'), 'mag': 5.1}, {'lat': 4.141, 'long': 126.929, 'Time': Timestamp('2007-03-15 06:07:55'), 'mag': 5.1}]",3,10
712,2007-03-18 06:37:25.286,0,[],0,13
713,2007-03-14 09:52:46.042,0,[],0,9
714,2007-03-29 13:12:22.095,0,[],0,24
715,2007-03-22 16:29:49.581,1,"[{'lat': -28.122, 'long': -71.201, 'Time': Timestamp('2007-03-22 20:25:20'), 'mag': 5.2}, {'lat': -28.122, 'long': -71.201, 'Time': Timestamp('2007-03-22 20:25:20'), 'mag': 5.2}, {'lat': -28.122, 'long': -71.201, 'Time': Timestamp('2007-03-22 20:25:20'), 'mag': 5.2}]",3,17
716,2007-03-31 19:44:22.201,0,[],0,26
717,2007-03-13 12:03:52.469,0,[],0,7
718,2007-03-17 15:22:15.514,0,[],0,11
719,2007-03-22 18:37:51.226,0,[],0,16
720,2007-03-17 07:38:53.872,0,[],0,10
721,2007-03-15 10:55:19.996,0,[],0,8
722,2007-04-04 14:14:22.952,0,[],0,28
723,2007-03-15 17:30:53.006,0,[],0,8
724,2007-03-18 20:44:50.604,0,[],0,11
725,2007-03-16 23:58:52.112,0,[],0,9
726,2007-03-21 06:31:24.954,0,[],0,13
727,2007-03-29 09:46:45.275,0,[],0,21
728,2007-03-16 13:06:22.327,0,[],0,8
729,2007-04-04 16:23:51.142,0,[],0,27
730,2007-04-06 19:38:22.434,0,[],0,29
731,2007-03-24 22:52:18.246,1,"[{'lat': -20.617, 'long': 169.357, 'Time': Timestamp('2007-03-25 00:40:01'), 'mag': 7.1}, {'lat': -20.754, 'long': 169.354, 'Time': Timestamp('2007-03-25 01:08:19'), 'mag': 6.9}, {'lat': -20.617, 'long': 169.357, 'Time': Timestamp('2007-03-25 00:40:01'), 'mag': 7.1}, {'lat': -20.754, 'long': 169.354, 'Time': Timestamp('2007-03-25 01:08:19'), 'mag': 6.9}, {'lat': -20.617, 'long': 169.357, 'Time': Timestamp('2007-03-25 00:40:01'), 'mag': 7.1}, {'lat': -20.754, 'long': 169.354, 'Time': Timestamp('2007-03-25 01:08:19'), 'mag': 6.9}]",6,16
732,2007-03-24 07:01:57.688,1,"[{'lat': -42.625, 'long': 42.035, 'Time': Timestamp('2007-03-24 07:39:38'), 'mag': 5.4}, {'lat': -42.625, 'long': 42.035, 'Time': Timestamp('2007-03-24 07:39:38'), 'mag': 5.4}, {'lat': -42.625, 'long': 42.035, 'Time': Timestamp('2007-03-24 07:39:38'), 'mag': 5.4}]",3,15
733,2007-03-22 15:15:51.171,1,"[{'lat': -28.122, 'long': -71.201, 'Time': Timestamp('2007-03-22 20:25:20'), 'mag': 5.2}, {'lat': -28.122, 'long': -71.201, 'Time': Timestamp('2007-03-22 20:25:20'), 'mag': 5.2}, {'lat': -28.122, 'long': -71.201, 'Time': Timestamp('2007-03-22 20:25:20'), 'mag': 5.2}]",3,13
734,2007-03-25 23:22:19.975,0,[],0,16
735,2007-03-23 07:35:06.505,0,[],0,13
736,2007-04-02 10:48:50.174,0,[],0,23
737,2007-04-03 14:08:22.130,0,[],0,24
738,2007-03-22 17:24:52.183,0,[],0,12
739,2007-04-02 20:38:52.236,0,[],0,23
740,2007-03-16 23:52:52.289,0,[],0,6
741,2007-03-20 08:03:19.845,0,[],0,9
742,2007-03-24 11:20:22.343,0,[],0,13
743,2007-03-30 14:38:53.380,1,"[{'lat': -24.308, 'long': -67.472, 'Time': Timestamp('2007-03-30 19:34:05'), 'mag': 5.0}, {'lat': -24.308, 'long': -67.472, 'Time': Timestamp('2007-03-30 19:34:05'), 'mag': 5.0}, {'lat': -24.308, 'long': -67.472, 'Time': Timestamp('2007-03-30 19:34:05'), 'mag': 5.0}]",3,19
744,2007-03-21 17:55:22.585,0,[],0,10
745,2007-04-08 21:09:22.638,0,[],0,28
746,2007-03-18 00:23:22.691,0,[],0,6
747,2007-03-19 06:55:51.113,0,[],0,7
748,2007-04-01 10:11:49.949,0,[],0,20
749,2007-04-08 13:30:52.905,1,"[{'lat': 37.159, 'long': -24.523, 'Time': Timestamp('2007-04-08 14:47:17'), 'mag': 5.2}, {'lat': 37.159, 'long': -24.523, 'Time': Timestamp('2007-04-08 14:47:17'), 'mag': 5.2}, {'lat': 36.984, 'long': -24.313, 'Time': Timestamp('2007-04-08 18:25:58'), 'mag': 5.0}]",3,27
750,2007-03-22 16:48:20.392,1,"[{'lat': -28.122, 'long': -71.201, 'Time': Timestamp('2007-03-22 20:25:20'), 'mag': 5.2}, {'lat': -28.122, 'long': -71.201, 'Time': Timestamp('2007-03-22 20:25:20'), 'mag': 5.2}, {'lat': -28.122, 'long': -71.201, 'Time': Timestamp('2007-03-22 20:25:20'), 'mag': 5.2}]",3,10
751,2007-03-24 20:02:53.012,0,[],0,12
752,2007-04-14 13:24:53.129,0,[],0,30
753,2007-04-14 16:41:50.504,0,[],0,30
754,2007-03-22 19:56:53.548,0,[],0,7
755,2007-04-03 23:10:20.376,1,"[{'lat': -7.871, 'long': 156.556, 'Time': Timestamp('2007-04-04 00:35:19'), 'mag': 5.1}, {'lat': -7.141, 'long': 156.047, 'Time': Timestamp('2007-04-04 00:39:43'), 'mag': 6.0}]",2,19
756,2007-03-23 12:16:23.503,1,"[{'lat': -58.653, 'long': -25.181, 'Time': Timestamp('2007-03-23 17:12:51'), 'mag': 5.0}]",1,7
757,2007-03-24 15:34:12.229,1,"[{'lat': -19.722, 'long': -70.142, 'Time': Timestamp('2007-03-24 19:13:50'), 'mag': 5.7}, {'lat': -19.722, 'long': -70.142, 'Time': Timestamp('2007-03-24 19:13:50'), 'mag': 5.7}]",2,8
758,2007-04-01 18:49:49.492,0,[],0,16
759,2007-04-06 12:47:23.904,1,"[{'lat': 37.227, 'long': -24.649, 'Time': Timestamp('2007-04-06 15:21:39'), 'mag': 5.0}, {'lat': 37.227, 'long': -24.649, 'Time': Timestamp('2007-04-06 15:21:39'), 'mag': 5.0}, {'lat': 37.227, 'long': -24.649, 'Time': Timestamp('2007-04-06 15:21:39'), 'mag': 5.0}]",3,20
760,2007-03-25 16:05:22.150,0,[],0,8
761,2007-04-02 19:20:24.011,0,[],0,16
762,2007-03-26 22:33:54.065,0,[],0,9
763,2007-04-13 01:48:20.104,0,[],0,26
764,2007-04-07 06:43:26.078,0,[],0,20
765,2007-04-14 09:59:21.678,0,[],0,27
766,2007-04-13 13:18:23.306,0,[],0,26
767,2007-03-28 16:35:54.777,1,"[{'lat': -1.404, 'long': -77.569, 'Time': Timestamp('2007-03-28 20:57:25'), 'mag': 5.3}]",1,10
768,2007-03-23 19:50:23.413,0,[],0,5
769,2007-04-11 23:04:19.224,0,[],0,24
770,2007-04-07 02:18:55.149,0,[],0,19
771,2007-04-05 08:52:54.867,0,[],0,17
772,2007-04-14 13:49:23.755,0,[],0,26
773,2007-03-28 17:06:23.808,1,"[{'lat': -1.404, 'long': -77.569, 'Time': Timestamp('2007-03-28 20:57:25'), 'mag': 5.3}, {'lat': -1.404, 'long': -77.569, 'Time': Timestamp('2007-03-28 20:57:25'), 'mag': 5.3}, {'lat': -1.404, 'long': -77.569, 'Time': Timestamp('2007-03-28 20:57:25'), 'mag': 5.3}]",3,9
774,2007-04-14 23:34:19.897,0,[],0,26
775,2007-04-01 07:44:55.131,0,[],0,12
776,2007-04-05 11:01:20.208,0,[],0,16
777,2007-04-18 14:20:23.164,0,[],0,29
778,2007-04-18 17:36:53.218,0,[],0,29
779,2007-04-04 20:50:53.270,0,[],0,15
780,2007-04-02 00:04:53.323,1,"[{'lat': -7.504, 'long': 156.126, 'Time': Timestamp('2007-04-02 00:10:53'), 'mag': 5.1}, {'lat': -7.151, 'long': 155.543, 'Time': Timestamp('2007-04-02 00:49:46'), 'mag': 5.0}, {'lat': -8.326, 'long': 157.116, 'Time': Timestamp('2007-04-02 01:31:02'), 'mag': 5.4}, {'lat': -7.134, 'long': 155.408, 'Time': Timestamp('2007-04-02 01:36:15'), 'mag': 5.3}, {'lat': -7.2, 'long': 154.903, 'Time': Timestamp('2007-04-02 02:45:19'), 'mag': 5.0}, {'lat': -7.174, 'long': 156.051, 'Time': Timestamp('2007-04-02 04:11:39'), 'mag': 5.6}, {'lat': -7.641, 'long': 155.6, 'Time': Timestamp('2007-04-02 05:00:31'), 'mag': 5.0}, {'lat': -7.141, 'long': 155.658, 'Time': Timestamp('2007-04-02 05:30:45'), 'mag': 5.1}, {'lat': -7.356, 'long': 155.363, 'Time': Timestamp('2007-04-02 05:33:35'), 'mag': 5.9}, {'lat': -7.504, 'long': 156.126, 'Time': Timestamp('2007-04-02 00:10:53'), 'mag': 5.1}, {'lat': -7.151, 'long': 155.543, 'Time': Timestamp('2007-04-02 00:49:46'), 'mag': 5.0}, {'lat': -8.326, 'long': 157.116, 'Time': Timestamp('2007-04-02 01:31:02'), 'mag': 5.4}, {'lat': -7.134, 'long': 155.408, 'Time': Timestamp('2007-04-02 01:36:15'), 'mag': 5.3}, {'lat': -7.2, 'long': 154.903, 'Time': Timestamp('2007-04-02 02:45:19'), 'mag': 5.0}, {'lat': -7.174, 'long': 156.051, 'Time': Timestamp('2007-04-02 04:11:39'), 'mag': 5.6}, {'lat': -7.641, 'long': 155.6, 'Time': Timestamp('2007-04-02 05:00:31'), 'mag': 5.0}, {'lat': -7.141, 'long': 155.658, 'Time': Timestamp('2007-04-02 05:30:45'), 'mag': 5.1}, {'lat': -7.356, 'long': 155.363, 'Time': Timestamp('2007-04-02 05:33:35'), 'mag': 5.9}, {'lat': -7.504, 'long': 156.126, 'Time': Timestamp('2007-04-02 00:10:53'), 'mag': 5.1}, {'lat': -7.151, 'long': 155.543, 'Time': Timestamp('2007-04-02 00:49:46'), 'mag': 5.0}, {'lat': -8.326, 'long': 157.116, 'Time': Timestamp('2007-04-02 01:31:02'), 'mag': 5.4}, {'lat': -7.134, 'long': 155.408, 'Time': Timestamp('2007-04-02 01:36:15'), 'mag': 5.3}, {'lat': -7.2, 'long': 154.903, 'Time': Timestamp('2007-04-02 02:45:19'), 'mag': 5.0}, {'lat': -7.174, 'long': 156.051, 'Time': Timestamp('2007-04-02 04:11:39'), 'mag': 5.6}, {'lat': -7.641, 'long': 155.6, 'Time': Timestamp('2007-04-02 05:00:31'), 'mag': 5.0}, {'lat': -7.141, 'long': 155.658, 'Time': Timestamp('2007-04-02 05:30:45'), 'mag': 5.1}, {'lat': -7.356, 'long': 155.363, 'Time': Timestamp('2007-04-02 05:33:35'), 'mag': 5.9}]",27,12
781,2007-04-07 03:21:25.899,0,[],0,17
782,2007-04-13 06:37:24.625,0,[],0,23
783,2007-04-18 09:52:49.039,0,[],0,28
784,2007-04-04 13:12:23.546,0,[],0,14
785,2007-03-31 16:29:50.252,0,[],0,10
786,2007-04-19 19:44:19.757,0,[],0,29
787,2007-04-09 22:58:19.465,0,[],0,19
788,2007-04-09 07:07:55.915,0,[],0,18
789,2007-04-14 12:03:53.929,0,[],0,23
790,2007-04-17 15:22:15.423,0,[],0,26
791,2007-04-03 18:37:48.478,0,[],0,12
792,2007-04-20 21:51:21.393,0,[],0,29
793,2007-04-13 01:05:50.676,1,"[{'lat': 46.813, 'long': 152.839, 'Time': Timestamp('2007-04-13 01:28:09'), 'mag': 5.1}, {'lat': 46.813, 'long': 152.839, 'Time': Timestamp('2007-04-13 01:28:09'), 'mag': 5.1}, {'lat': 46.813, 'long': 152.839, 'Time': Timestamp('2007-04-13 01:28:09'), 'mag': 5.1}]",3,21
794,2007-04-05 07:39:00.973,0,[],0,13
795,2007-04-02 10:55:18.857,0,[],0,10
796,2007-04-01 14:14:16.134,0,[],0,9
797,2007-04-17 17:30:52.950,0,[],0,25
798,2007-04-04 06:31:22.270,0,[],0,11
799,2007-04-07 09:46:46.576,0,[],0,14
800,2007-04-14 16:23:20.445,0,[],0,21
801,2007-04-20 19:38:21.279,0,[],0,27
802,2007-04-15 22:52:19.659,1,"[{'lat': -63.337, 'long': 169.919, 'Time': Timestamp('2007-04-16 01:24:07'), 'mag': 5.8}]",1,22
803,2007-03-30 08:40:27.798,0,[],0,5
804,2007-04-04 11:57:23.114,0,[],0,10
805,2007-04-09 15:15:50.032,0,[],0,15
806,2007-04-11 21:45:23.273,0,[],0,17
807,2007-04-04 00:59:22.188,1,"[{'lat': -7.76, 'long': 156.49, 'Time': Timestamp('2007-04-04 06:34:35'), 'mag': 6.4}, {'lat': -6.789, 'long': 154.957, 'Time': Timestamp('2007-04-04 06:09:42'), 'mag': 5.2}, {'lat': -7.76, 'long': 156.49, 'Time': Timestamp('2007-04-04 06:34:35'), 'mag': 6.4}, {'lat': -6.789, 'long': 154.957, 'Time': Timestamp('2007-04-04 06:09:42'), 'mag': 5.2}, {'lat': -7.76, 'long': 156.49, 'Time': Timestamp('2007-04-04 06:34:35'), 'mag': 6.4}]",5,9
808,2007-04-19 05:54:24.368,0,[],0,24
809,2007-04-15 09:09:22.992,0,[],0,20
810,2007-04-20 12:28:53.538,0,[],0,25
811,2007-04-20 15:46:48.906,0,[],0,25
812,2007-04-20 19:01:49.416,0,[],0,25
813,2007-04-15 22:15:49.235,1,"[{'lat': -63.337, 'long': 169.919, 'Time': Timestamp('2007-04-16 01:24:07'), 'mag': 5.8}]",1,20
814,2007-04-08 01:29:53.394,1,"[{'lat': 49.281, 'long': 155.464, 'Time': Timestamp('2007-04-08 03:21:58'), 'mag': 5.0}, {'lat': 49.281, 'long': 155.464, 'Time': Timestamp('2007-04-08 03:21:58'), 'mag': 5.0}]",2,12
815,2007-04-16 06:24:53.799,1,"[{'lat': -41.738, 'long': 84.755, 'Time': Timestamp('2007-04-16 07:28:57'), 'mag': 5.0}, {'lat': -41.738, 'long': 84.755, 'Time': Timestamp('2007-04-16 07:28:57'), 'mag': 5.0}]",2,20
816,2007-04-12 09:40:23.537,0,[],0,16
817,2007-04-03 17:55:24.028,0,[],0,7
818,2007-04-17 21:09:23.081,0,[],0,21
819,2007-04-24 00:22:50.557,0,[],0,27
820,2007-04-17 03:39:54.929,0,[],0,20
821,2007-04-21 06:55:58.085,0,[],0,24
822,2007-04-20 10:11:51.617,0,[],0,23
823,2007-04-15 13:30:53.357,0,[],0,18
824,2007-04-21 23:16:20.605,0,[],0,24
825,2007-04-25 09:03:21.880,0,[],0,27
826,2007-04-12 12:22:23.732,0,[],0,14
827,2007-04-27 23:46:53.918,0,[],0,29
828,2007-04-07 07:57:21.474,0,[],0,8
829,2007-04-10 17:48:51.417,0,[],0,11
830,2007-04-04 21:03:23.266,0,[],0,5
831,2007-04-17 00:16:53.319,1,"[{'lat': -31.845, 'long': 179.761, 'Time': Timestamp('2007-04-17 03:16:05'), 'mag': 5.6}, {'lat': -31.845, 'long': 179.761, 'Time': Timestamp('2007-04-17 03:16:05'), 'mag': 5.6}]",2,17
832,2007-04-15 08:28:23.754,1,"[{'lat': 39.279, 'long': 72.772, 'Time': Timestamp('2007-04-15 13:59:28'), 'mag': 5.0}, {'lat': 39.279, 'long': 72.772, 'Time': Timestamp('2007-04-15 13:59:28'), 'mag': 5.0}, {'lat': 39.279, 'long': 72.772, 'Time': Timestamp('2007-04-15 13:59:28'), 'mag': 5.0}]",3,15
833,2007-04-05 11:45:23.507,0,[],0,5
834,2007-04-06 15:03:46.329,1,"[{'lat': 37.227, 'long': -24.649, 'Time': Timestamp('2007-04-06 15:21:39'), 'mag': 5.0}, {'lat': 37.227, 'long': -24.649, 'Time': Timestamp('2007-04-06 15:21:39'), 'mag': 5.0}]",2,6
835,2007-04-23 18:19:23.614,0,[],0,23
836,2007-04-30 21:33:23.668,0,[],0,30
837,2007-04-28 00:47:19.814,0,[],0,27
838,2007-04-08 08:57:20.729,0,[],0,7
839,2007-04-11 12:16:23.909,0,[],0,10
840,2007-04-19 15:34:24.923,0,[],0,18
841,2007-04-07 22:03:52.372,0,[],0,6
842,2007-04-23 01:17:47.887,1,"[{'lat': -6.755, 'long': 129.748, 'Time': Timestamp('2007-04-23 05:13:54'), 'mag': 5.0}, {'lat': -6.755, 'long': 129.748, 'Time': Timestamp('2007-04-23 05:13:54'), 'mag': 5.0}, {'lat': -6.755, 'long': 129.748, 'Time': Timestamp('2007-04-23 05:13:54'), 'mag': 5.0}]",3,21
843,2007-04-10 06:12:58.046,0,[],0,8
844,2007-04-08 09:28:20.130,0,[],0,6
845,2007-04-25 12:47:23.309,0,[],0,23
846,2007-05-01 16:05:25.652,0,[],0,29
847,2007-04-11 19:20:22.067,0,[],0,9
848,2007-04-19 22:33:50.222,0,[],0,17
849,2007-04-22 01:48:21.726,0,[],0,19
850,2007-04-15 06:43:22.353,0,[],0,12
851,2007-04-09 09:59:23.299,0,[],0,6
852,2007-04-10 13:18:23.711,0,[],0,7
853,2007-04-30 16:35:49.089,0,[],0,27
854,2007-04-29 19:50:19.923,0,[],0,26
855,2007-05-01 23:04:19.630,0,[],0,28
856,2007-04-10 02:18:55.554,0,[],0,6
857,2007-04-29 07:14:26.192,0,[],0,25
858,2007-04-21 10:30:21.430,0,[],0,17
859,2007-04-20 13:49:23.169,0,[],0,16
860,2007-04-15 21:57:50.278,1,"[{'lat': -63.337, 'long': 169.919, 'Time': Timestamp('2007-04-16 01:24:07'), 'mag': 5.8}]",1,11
861,2007-04-25 01:11:50.890,1,"[{'lat': -15.61, 'long': 167.725, 'Time': Timestamp('2007-04-25 03:22:46'), 'mag': 5.3}, {'lat': -15.61, 'long': 167.725, 'Time': Timestamp('2007-04-25 03:22:46'), 'mag': 5.3}, {'lat': -15.61, 'long': 167.725, 'Time': Timestamp('2007-04-25 03:22:46'), 'mag': 5.3}]",3,20
862,2007-04-17 06:06:58.280,0,[],0,12
863,2007-04-19 09:21:51.692,0,[],0,14
864,2007-04-22 12:41:23.544,0,[],0,17
865,2007-04-26 22:27:54.553,0,[],0,21
866,2007-04-17 08:15:51.398,0,[],0,11
867,2007-05-02 11:32:53.918,0,[],0,26
868,2007-05-02 14:51:24.932,0,[],0,26
869,2007-05-01 18:07:24.026,0,[],0,25
870,2007-04-14 21:21:24.078,0,[],0,8
871,2007-04-21 00:35:19.225,0,[],0,14
872,2007-05-04 05:29:55.399,0,[],0,27
873,2007-05-01 08:44:53.466,0,[],0,24
874,2007-05-02 12:03:53.320,0,[],0,25
875,2007-04-16 15:22:18.910,0,[],0,9
876,2007-04-30 18:37:53.427,0,[],0,23
877,2007-04-29 21:51:50.455,0,[],0,22
878,2007-05-05 01:05:53.533,0,[],0,27
879,2007-04-14 07:38:56.520,0,[],0,6
880,2007-05-01 10:55:19.575,0,[],0,23
881,2007-05-02 14:14:23.747,0,[],0,24
882,2007-05-08 17:30:53.802,0,[],0,30
883,2007-05-05 20:44:56.142,0,[],0,27
884,2007-04-30 23:58:53.907,1,"[{'lat': -7.124, 'long': 155.134, 'Time': Timestamp('2007-05-01 00:15:20'), 'mag': 5.7}, {'lat': -7.168, 'long': 155.107, 'Time': Timestamp('2007-05-01 01:45:23'), 'mag': 5.8}, {'lat': -7.124, 'long': 155.134, 'Time': Timestamp('2007-05-01 00:15:20'), 'mag': 5.7}, {'lat': -7.168, 'long': 155.107, 'Time': Timestamp('2007-05-01 01:45:23'), 'mag': 5.8}, {'lat': -7.124, 'long': 155.134, 'Time': Timestamp('2007-05-01 00:15:20'), 'mag': 5.7}, {'lat': -7.168, 'long': 155.107, 'Time': Timestamp('2007-05-01 01:45:23'), 'mag': 5.8}]",6,22
885,2007-05-01 08:09:54.242,0,[],0,22
886,2007-05-01 11:26:23.094,0,[],0,22
887,2007-05-05 14:45:24.109,0,[],0,26
888,2007-04-25 18:01:23.203,0,[],0,16
889,2007-04-25 21:15:25.544,0,[],0,16
890,2007-04-28 00:29:23.308,0,[],0,18
891,2007-04-30 07:01:54.375,0,[],0,20
892,2007-05-05 11:57:23.496,0,[],0,25
893,2007-05-01 15:15:50.414,0,[],0,21
894,2007-05-02 18:31:53.604,0,[],0,22
895,2007-05-09 07:32:56.696,0,[],0,28
896,2007-04-19 10:48:53.870,0,[],0,8
897,2007-04-24 14:08:23.982,1,"[{'lat': 28.985, 'long': -43.208, 'Time': Timestamp('2007-04-24 16:07:40'), 'mag': 5.3}, {'lat': 28.985, 'long': -43.208, 'Time': Timestamp('2007-04-24 16:07:40'), 'mag': 5.3}, {'lat': 28.985, 'long': -43.208, 'Time': Timestamp('2007-04-24 16:07:40'), 'mag': 5.3}]",3,13
898,2007-04-17 23:52:53.142,0,[],0,6
899,2007-04-20 08:03:26.155,0,[],0,8
900,2007-04-25 11:20:23.329,0,[],0,13
901,2007-04-22 14:38:50.136,0,[],0,10
902,2007-04-18 22:45:50.603,1,"[{'lat': -17.064, 'long': -174.445, 'Time': Timestamp('2007-04-19 03:26:01'), 'mag': 5.4}, {'lat': -20.966, 'long': 169.92, 'Time': Timestamp('2007-04-19 03:20:24'), 'mag': 5.1}, {'lat': -20.966, 'long': 169.92, 'Time': Timestamp('2007-04-19 03:20:24'), 'mag': 5.1}, {'lat': -20.966, 'long': 169.92, 'Time': Timestamp('2007-04-19 03:20:24'), 'mag': 5.1}]",4,6
903,2007-04-21 02:00:22.654,1,"[{'lat': -3.548, 'long': 151.266, 'Time': Timestamp('2007-04-21 07:12:48'), 'mag': 6.1}, {'lat': -3.548, 'long': 151.266, 'Time': Timestamp('2007-04-21 07:12:48'), 'mag': 6.1}]",2,8
904,2007-04-20 06:55:53.170,0,[],0,7
905,2007-04-26 10:11:52.688,0,[],0,13
906,2007-05-01 13:30:53.758,0,[],0,18
907,2007-05-06 16:48:21.245,0,[],0,23
908,2007-04-28 20:02:53.864,0,[],0,15
909,2007-04-23 00:53:23.944,0,[],0,9
910,2007-04-19 07:26:26.930,0,[],0,5
911,2007-05-04 10:42:53.105,1,"[{'lat': -1.41, 'long': -14.921, 'Time': Timestamp('2007-05-04 12:06:51'), 'mag': 6.2}]",1,20
912,2007-05-12 14:01:53.158,0,[],0,28
913,2007-04-21 22:09:53.291,0,[],0,7
914,2007-05-09 01:23:53.344,0,[],0,24
915,2007-04-26 06:18:56.304,0,[],0,11
916,2007-04-20 09:34:23.233,0,[],0,5
917,2007-05-12 21:00:20.753,0,[],0,27
918,2007-04-26 00:16:53.719,0,[],0,10
919,2007-05-03 08:28:24.054,0,[],0,17
920,2007-04-26 11:45:23.907,0,[],0,10
921,2007-05-12 15:03:54.922,0,[],0,26
922,2007-05-03 18:19:24.014,0,[],0,17
923,2007-05-09 21:32:26.244,0,[],0,23
924,2007-05-02 00:47:23.120,0,[],0,15
925,2007-05-03 07:20:26.107,0,[],0,16
926,2007-05-06 10:36:53.282,0,[],0,19
927,2007-05-02 13:55:53.336,0,[],0,15
928,2007-05-07 17:12:23.389,0,[],0,20
929,2007-04-27 20:26:50.306,0,[],0,10
930,2007-05-17 23:40:53.495,1,"[{'lat': -19.366, 'long': -173.132, 'Time': Timestamp('2007-05-18 00:45:22'), 'mag': 5.1}, {'lat': -19.366, 'long': -173.132, 'Time': Timestamp('2007-05-18 00:45:22'), 'mag': 5.1}, {'lat': -19.366, 'long': -173.132, 'Time': Timestamp('2007-05-18 00:45:22'), 'mag': 5.1}]",3,30
931,2007-05-01 07:51:26.509,0,[],0,13
932,2007-05-09 11:07:53.682,0,[],0,21
933,2007-05-05 14:26:53.203,0,[],0,17
934,2007-05-16 20:57:22.093,0,[],0,28
935,2007-05-08 00:10:53.954,0,[],0,19
936,2007-04-26 08:21:53.288,0,[],0,7
937,2007-05-17 11:38:53.142,0,[],0,28
938,2007-05-12 14:57:24.155,0,[],0,23
939,2007-04-27 18:13:23.249,0,[],0,8
940,2007-05-04 21:26:25.478,0,[],0,15
941,2007-04-26 00:41:23.355,0,[],0,6
942,2007-04-26 08:52:56.369,0,[],0,6
943,2007-04-27 12:09:53.543,0,[],0,7
944,2007-05-09 15:28:20.461,0,[],0,19
945,2007-05-02 18:43:53.650,0,[],0,12
946,2007-05-15 21:56:51.783,0,[],0,25
947,2007-05-12 01:11:53.756,1,"[{'lat': -7.494, 'long': 156.127, 'Time': Timestamp('2007-05-12 04:38:24'), 'mag': 5.0}, {'lat': -7.494, 'long': 156.127, 'Time': Timestamp('2007-05-12 04:38:24'), 'mag': 5.0}, {'lat': -7.494, 'long': 156.127, 'Time': Timestamp('2007-05-12 04:38:24'), 'mag': 5.0}, {'lat': 20.161, 'long': 145.351, 'Time': Timestamp('2007-05-12 02:34:17'), 'mag': 5.0}, {'lat': 20.161, 'long': 145.351, 'Time': Timestamp('2007-05-12 02:34:17'), 'mag': 5.0}, {'lat': 20.161, 'long': 145.351, 'Time': Timestamp('2007-05-12 02:34:17'), 'mag': 5.0}]",6,21
948,2007-04-27 06:06:56.716,1,"[{'lat': 5.359, 'long': 94.635, 'Time': Timestamp('2007-04-27 08:02:49'), 'mag': 5.9}, {'lat': 5.359, 'long': 94.635, 'Time': Timestamp('2007-04-27 08:02:49'), 'mag': 5.9}, {'lat': 5.359, 'long': 94.635, 'Time': Timestamp('2007-04-27 08:02:49'), 'mag': 5.9}]",3,6
949,2007-05-08 09:21:51.100,0,[],0,17
950,2007-05-05 12:41:23.140,0,[],0,14
951,2007-05-15 15:59:22.636,0,[],0,24
952,2007-05-09 19:14:24.051,0,[],0,18
953,2007-05-13 22:27:53.104,0,[],0,22
954,2007-05-20 01:42:23.157,0,[],0,28
955,2007-05-15 06:37:25.414,0,[],0,23
956,2007-05-10 09:52:51.940,0,[],0,18
957,2007-05-03 13:12:23.345,0,[],0,11
958,2007-05-04 22:58:19.265,0,[],0,12
959,2007-05-21 08:44:53.866,0,[],0,28
960,2007-05-05 12:03:51.476,0,[],0,12
961,2007-04-28 15:22:20.861,0,[],0,5
962,2007-05-04 18:37:53.827,0,[],0,11
963,2007-05-01 21:50:51.961,0,[],0,8
964,2007-05-06 01:05:53.933,0,[],0,12
965,2007-05-15 07:38:56.920,0,[],0,21
966,2007-05-01 10:55:18.975,0,[],0,7
967,2007-05-04 14:14:23.148,0,[],0,10
968,2007-05-14 17:30:53.201,0,[],0,20
969,2007-05-16 20:44:59.638,0,[],0,22
970,2007-05-04 23:58:53.308,0,[],0,10
971,2007-05-15 08:09:53.642,0,[],0,20
972,2007-05-05 11:26:23.554,0,[],0,10
973,2007-05-14 14:45:23.608,0,[],0,19
974,2007-04-30 21:14:23.681,0,[],0,5
975,2007-05-23 00:29:23.767,0,[],0,27
976,2007-05-02 07:01:54.834,0,[],0,6
977,2007-05-22 10:17:53.928,0,[],0,26
978,2007-05-09 13:37:23.982,0,[],0,13
979,2007-05-04 16:54:24.036,0,[],0,8
980,2007-05-12 20:08:53.089,0,[],0,16
981,2007-05-09 23:22:22.997,0,[],0,13
982,2007-05-07 07:32:56.155,0,[],0,10
983,2007-05-06 10:48:53.329,0,[],0,9
984,2007-05-07 14:08:23.384,0,[],0,10
985,2007-05-18 17:24:53.437,0,[],0,21
986,2007-05-26 20:38:51.682,0,[],0,29
987,2007-05-17 23:52:53.543,1,"[{'lat': -19.366, 'long': -173.132, 'Time': Timestamp('2007-05-18 00:45:22'), 'mag': 5.1}]",1,20
988,2007-05-22 08:03:26.556,0,[],0,24
989,2007-05-12 11:20:23.597,0,[],0,14
990,2007-05-06 16:17:23.342,0,[],0,8
991,2007-05-03 19:32:19.970,0,[],0,5
992,2007-05-28 22:45:51.005,0,[],0,30
993,2007-05-17 02:00:22.720,1,"[{'lat': -2.745, 'long': 136.745, 'Time': Timestamp('2007-05-17 02:59:36'), 'mag': 5.5}, {'lat': -2.745, 'long': 136.745, 'Time': Timestamp('2007-05-17 02:59:36'), 'mag': 5.5}]",2,18
994,2007-05-15 05:17:56.435,0,[],0,16
995,2007-05-07 08:34:23.379,0,[],0,8
996,2007-05-04 11:51:23.132,1,"[{'lat': -1.41, 'long': -14.921, 'Time': Timestamp('2007-05-04 12:06:51'), 'mag': 6.2}, {'lat': -1.41, 'long': -14.921, 'Time': Timestamp('2007-05-04 12:06:51'), 'mag': 6.2}, {'lat': -1.41, 'long': -14.921, 'Time': Timestamp('2007-05-04 12:06:51'), 'mag': 6.2}, {'lat': -56.46, 'long': -27.322, 'Time': Timestamp('2007-05-04 17:37:47'), 'mag': 5.0}, {'lat': -56.46, 'long': -27.322, 'Time': Timestamp('2007-05-04 17:37:47'), 'mag': 5.0}]",5,5
997,2007-05-21 15:09:52.159,0,[],0,22
998,2007-05-26 21:38:20.491,0,[],0,27
999,2007-05-15 00:53:20.666,0,[],0,15
1000,2007-05-10 07:26:27.191,0,[],0,10
1001,2007-05-26 10:42:50.604,0,[],0,26
1002,2007-05-21 15:40:54.771,0,[],0,21
1003,2007-05-14 18:55:49.522,0,[],0,14
1004,2007-05-11 22:08:54.765,0,[],0,11
1005,2007-05-16 01:23:51.280,0,[],0,15
1006,2007-05-07 06:18:56.126,1,"[{'lat': 31.355, 'long': 97.787, 'Time': Timestamp('2007-05-07 11:59:47'), 'mag': 5.5}, {'lat': 31.355, 'long': 97.787, 'Time': Timestamp('2007-05-07 11:59:47'), 'mag': 5.5}, {'lat': 31.355, 'long': 97.787, 'Time': Timestamp('2007-05-07 11:59:47'), 'mag': 5.5}]",3,6
1007,2007-05-25 09:34:23.634,0,[],0,24
1008,2007-05-08 12:53:53.935,0,[],0,7
1009,2007-05-19 16:11:23.519,1,"[{'lat': -28.757, 'long': -68.703, 'Time': Timestamp('2007-05-19 16:26:05'), 'mag': 5.0}, {'lat': -28.757, 'long': -68.703, 'Time': Timestamp('2007-05-19 16:26:05'), 'mag': 5.0}, {'lat': -28.757, 'long': -68.703, 'Time': Timestamp('2007-05-19 16:26:05'), 'mag': 5.0}]",3,18
1010,2007-05-10 19:26:22.803,0,[],0,9
1011,2007-05-21 22:39:53.094,0,[],0,20
1012,2007-05-11 01:54:21.462,1,"[{'lat': 21.762, 'long': 143.015, 'Time': Timestamp('2007-05-11 05:54:07'), 'mag': 5.1}, {'lat': 21.762, 'long': 143.015, 'Time': Timestamp('2007-05-11 05:54:07'), 'mag': 5.1}]",2,9
1013,2007-05-07 06:49:54.076,1,"[{'lat': 31.355, 'long': 97.787, 'Time': Timestamp('2007-05-07 11:59:47'), 'mag': 5.5}]",1,5
1014,2007-05-24 15:03:48.301,0,[],0,22
1015,2007-05-12 21:33:22.938,0,[],0,10
1016,2007-06-01 00:47:15.581,0,[],0,29
1017,2007-05-29 07:20:23.333,0,[],0,26
1018,2007-05-18 10:36:53.609,0,[],0,15
1019,2007-05-24 13:55:53.797,0,[],0,21
1020,2007-05-24 17:12:23.851,0,[],0,21
1021,2007-05-21 20:26:50.768,0,[],0,18
1022,2007-05-26 23:40:53.957,0,[],0,23
1023,2007-05-19 07:51:20.513,0,[],0,15
1024,2007-05-22 11:07:50.243,0,[],0,18
1025,2007-05-31 14:26:45.967,0,[],0,27
1026,2007-05-18 17:42:53.252,0,[],0,14
1027,2007-05-20 20:57:21.498,0,[],0,16
1028,2007-05-31 00:10:53.358,0,[],0,26
1029,2007-05-23 08:21:49.698,0,[],0,18
1030,2007-06-04 11:38:53.545,0,[],0,30
1031,2007-06-01 14:57:22.239,0,[],0,27
1032,2007-05-17 18:13:23.654,0,[],0,12
1033,2007-06-03 21:27:23.115,0,[],0,29
1034,2007-05-16 00:41:18.525,0,[],0,10
1035,2007-05-15 08:52:55.087,0,[],0,9
1036,2007-05-23 12:09:53.947,0,[],0,17
1037,2007-05-16 15:28:22.417,1,"[{'lat': -45.021, 'long': -80.722, 'Time': Timestamp('2007-05-16 16:48:09'), 'mag': 5.4}, {'lat': -45.021, 'long': -80.722, 'Time': Timestamp('2007-05-16 16:48:09'), 'mag': 5.4}, {'lat': -45.021, 'long': -80.722, 'Time': Timestamp('2007-05-16 16:48:09'), 'mag': 5.4}]",3,10
1038,2007-05-18 18:43:54.054,0,[],0,12
1039,2007-05-30 21:57:40.228,0,[],0,24
1040,2007-05-31 01:11:52.022,0,[],0,24
1041,2007-05-30 06:06:54.212,0,[],0,23
1042,2007-05-23 09:21:50.280,0,[],0,16
1043,2007-05-25 12:41:23.349,0,[],0,18
1044,2007-05-28 15:58:52.933,0,[],0,21
1045,2007-05-27 19:14:23.456,0,[],0,20
1046,2007-05-31 00:04:53.535,0,[],0,23
1047,2007-05-24 08:15:51.203,0,[],0,16
1048,2007-05-27 11:32:53.723,0,[],0,19
1049,2007-05-13 14:51:20.976,0,[],0,5
1050,2007-06-06 19:44:23.856,0,[],0,29
1051,2007-05-16 22:58:19.669,1,"[{'lat': -27.883, 'long': -176.676, 'Time': Timestamp('2007-05-17 03:19:24'), 'mag': 5.0}, {'lat': -27.883, 'long': -176.676, 'Time': Timestamp('2007-05-17 03:19:24'), 'mag': 5.0}, {'lat': -27.883, 'long': -176.676, 'Time': Timestamp('2007-05-17 03:19:24'), 'mag': 5.0}, {'lat': 53.415, 'long': -169.577, 'Time': Timestamp('2007-05-17 02:20:53'), 'mag': 5.0}, {'lat': 53.415, 'long': -169.577, 'Time': Timestamp('2007-05-17 02:20:53'), 'mag': 5.0}, {'lat': 53.415, 'long': -169.577, 'Time': Timestamp('2007-05-17 02:20:53'), 'mag': 5.0}]",6,8
1052,2007-05-25 08:44:52.385,0,[],0,16
1053,2007-06-05 13:43:23.209,1,"[{'lat': -60.182, 'long': -26.728, 'Time': Timestamp('2007-06-05 15:27:02'), 'mag': 5.7}]",1,27
1054,2007-05-20 17:00:23.264,0,[],0,11
1055,2007-06-03 20:14:53.317,0,[],0,25
1056,2007-06-08 23:28:23.336,0,[],0,30
1057,2007-06-04 09:15:50.516,0,[],0,25
1058,2007-05-23 12:34:53.584,0,[],0,13
1059,2007-06-03 15:52:48.069,0,[],0,24
1060,2007-06-07 19:07:49.573,0,[],0,28
1061,2007-05-28 22:21:50.497,0,[],0,18
1062,2007-06-03 01:35:52.112,0,[],0,23
1063,2007-06-02 06:31:24.726,0,[],0,22
1064,2007-05-21 09:46:51.029,0,[],0,10
1065,2007-06-02 13:05:53.985,1,"[{'lat': 30.783, 'long': -41.731, 'Time': Timestamp('2007-06-02 14:06:37'), 'mag': 5.3}, {'lat': 30.783, 'long': -41.731, 'Time': Timestamp('2007-06-02 14:06:37'), 'mag': 5.3}]",2,22
1066,2007-05-26 16:23:54.039,0,[],0,15
1067,2007-05-21 00:29:19.266,1,"[{'lat': -9.29, 'long': 159.114, 'Time': Timestamp('2007-05-21 05:25:13'), 'mag': 5.0}, {'lat': -9.29, 'long': 159.114, 'Time': Timestamp('2007-05-21 05:25:13'), 'mag': 5.0}]",2,9
1068,2007-05-30 05:23:52.895,0,[],0,18
1069,2007-06-04 08:38:52.714,0,[],0,23
1070,2007-05-21 11:57:53.359,0,[],0,9
1071,2007-05-21 15:15:48.291,0,[],0,9
1072,2007-06-07 18:31:53.467,0,[],0,26
1073,2007-05-29 21:45:16.288,0,[],0,17
1074,2007-05-20 00:59:22.434,0,[],0,7
1075,2007-05-24 05:54:26.064,0,[],0,11
1076,2007-05-26 09:09:19.131,0,[],0,13
1077,2007-06-07 12:28:53.760,0,[],0,25
1078,2007-06-08 15:46:50.902,0,[],0,26
1079,2007-05-27 22:15:52.113,0,[],0,14
1080,2007-06-05 01:29:50.961,0,[],0,22
1081,2007-06-05 06:25:22.693,0,[],0,22
1082,2007-06-13 09:40:51.534,0,[],0,30
1083,2007-05-29 12:59:53.162,0,[],0,15
1084,2007-05-25 16:17:22.747,1,"[{'lat': -24.222, 'long': -67.027, 'Time': Timestamp('2007-05-25 17:47:31'), 'mag': 5.9}, {'lat': -24.222, 'long': -67.027, 'Time': Timestamp('2007-05-25 17:47:31'), 'mag': 5.9}, {'lat': -24.222, 'long': -67.027, 'Time': Timestamp('2007-05-25 17:47:31'), 'mag': 5.9}]",3,11
1085,2007-05-27 19:32:19.374,0,[],0,13
1086,2007-05-29 22:45:50.409,0,[],0,15
1087,2007-06-13 06:55:52.976,0,[],0,29
1088,2007-06-05 10:11:54.754,0,[],0,21
1089,2007-05-22 13:30:53.615,0,[],0,7
1090,2007-06-01 16:47:53.668,0,[],0,17
1091,2007-05-23 20:02:53.721,0,[],0,8
1092,2007-05-30 23:16:20.862,0,[],0,15
1093,2007-05-23 09:03:17.919,0,[],0,7
1094,2007-06-14 12:22:23.989,0,[],0,29
1095,2007-06-03 15:40:55.226,0,[],0,18
1096,2007-06-13 18:55:48.977,1,"[{'lat': 13.554, 'long': -90.618, 'Time': Timestamp('2007-06-13 19:29:40'), 'mag': 6.7}, {'lat': 13.554, 'long': -90.618, 'Time': Timestamp('2007-06-13 19:29:40'), 'mag': 6.7}, {'lat': 13.554, 'long': -90.618, 'Time': Timestamp('2007-06-13 19:29:40'), 'mag': 6.7}]",3,28
1097,2007-05-30 22:09:50.013,0,[],0,14
1098,2007-06-10 01:23:50.735,0,[],0,24
1099,2007-05-23 06:18:55.582,0,[],0,6
1100,2007-06-05 09:34:23.090,0,[],0,19
1101,2007-06-02 17:49:23.470,0,[],0,16
1102,2007-06-14 21:03:19.060,0,[],0,28
1103,2007-06-09 00:16:53.766,0,[],0,22
1104,2007-06-01 08:28:17.806,0,[],0,14
1105,2007-06-16 11:45:23.764,0,[],0,29
1106,2007-06-14 19:56:21.443,0,[],0,27
1107,2007-06-02 23:10:21.038,0,[],0,15
1108,2007-06-12 08:57:17.095,0,[],0,24
1109,2007-05-24 12:16:23.165,0,[],0,5
1110,2007-05-26 15:34:21.634,0,[],0,7
1111,2007-06-03 18:49:49.154,0,[],0,15
1112,2007-06-06 22:03:50.525,0,[],0,18
1113,2007-06-06 01:17:52.240,0,[],0,17
1114,2007-06-06 06:12:54.430,1,"[{'lat': 42.614, 'long': 75.417, 'Time': Timestamp('2007-06-06 11:09:26'), 'mag': 5.0}, {'lat': 42.614, 'long': 75.417, 'Time': Timestamp('2007-06-06 11:09:26'), 'mag': 5.0}, {'lat': 42.614, 'long': 75.417, 'Time': Timestamp('2007-06-06 11:09:26'), 'mag': 5.0}]",3,17
1115,2007-06-15 09:28:24.595,0,[],0,26
1116,2007-06-08 12:47:23.567,0,[],0,19
1117,2007-06-04 22:33:53.727,0,[],0,15
1118,2007-06-15 01:48:20.767,0,[],0,25
1119,2007-06-07 06:43:26.037,0,[],0,17
1120,2007-06-10 09:59:22.340,0,[],0,20
1121,2007-06-14 13:18:23.968,0,[],0,24
1122,2007-06-15 16:35:54.022,0,[],0,25
1123,2007-05-28 19:50:21.619,0,[],0,7
1124,2007-06-19 23:04:18.887,1,"[{'lat': -10.276, 'long': 161.341, 'Time': Timestamp('2007-06-20 03:58:45'), 'mag': 5.0}, {'lat': -10.276, 'long': 161.341, 'Time': Timestamp('2007-06-20 03:58:45'), 'mag': 5.0}, {'lat': -10.276, 'long': 161.341, 'Time': Timestamp('2007-06-20 03:58:45'), 'mag': 5.0}]",3,29
1125,2007-06-21 02:18:54.810,1,"[{'lat': 46.483, 'long': 153.316, 'Time': Timestamp('2007-06-21 04:39:16'), 'mag': 5.3}, {'lat': 46.483, 'long': 153.316, 'Time': Timestamp('2007-06-21 04:39:16'), 'mag': 5.3}, {'lat': 46.483, 'long': 153.316, 'Time': Timestamp('2007-06-21 04:39:16'), 'mag': 5.3}, {'lat': 20.982, 'long': 121.48, 'Time': Timestamp('2007-06-21 04:08:17'), 'mag': 5.1}, {'lat': 20.982, 'long': 121.48, 'Time': Timestamp('2007-06-21 04:08:17'), 'mag': 5.1}, {'lat': 20.982, 'long': 121.48, 'Time': Timestamp('2007-06-21 04:08:17'), 'mag': 5.1}]",6,30
1126,2007-06-14 07:14:22.904,0,[],0,23
1127,2007-06-10 10:30:24.509,0,[],0,19
1128,2007-06-01 13:49:23.369,0,[],0,10
1129,2007-05-29 17:06:23.423,1,"[{'lat': -35.837, 'long': -102.743, 'Time': Timestamp('2007-05-29 18:15:50'), 'mag': 5.1}, {'lat': -35.837, 'long': -102.743, 'Time': Timestamp('2007-05-29 18:15:50'), 'mag': 5.1}, {'lat': -35.837, 'long': -102.743, 'Time': Timestamp('2007-05-29 18:15:50'), 'mag': 5.1}]",3,7
1130,2007-06-09 21:57:50.478,0,[],0,18
1131,2007-06-13 01:11:51.089,1,"[{'lat': -61.5, 'long': 154.5, 'Time': Timestamp('2007-06-13 03:08:32'), 'mag': 5.0}]",1,21
1132,2007-06-06 06:06:54.607,1,"[{'lat': 42.614, 'long': 75.417, 'Time': Timestamp('2007-06-06 11:09:26'), 'mag': 5.0}, {'lat': 42.614, 'long': 75.417, 'Time': Timestamp('2007-06-06 11:09:26'), 'mag': 5.0}, {'lat': 42.614, 'long': 75.417, 'Time': Timestamp('2007-06-06 11:09:26'), 'mag': 5.0}]",3,14
1133,2007-06-02 09:21:50.675,0,[],0,10
1134,2007-06-22 12:41:23.812,0,[],0,30
1135,2007-06-10 15:58:53.397,0,[],0,18
1136,2007-06-20 22:27:53.972,0,[],0,28
1137,2007-05-29 01:42:21.012,0,[],0,5
1138,2007-06-10 06:37:25.282,0,[],0,17
1139,2007-06-23 09:52:50.257,0,[],0,30
1140,2007-06-10 13:12:23.213,0,[],0,17
1141,2007-06-02 16:29:53.268,0,[],0,9
1142,2007-06-07 19:44:23.320,0,[],0,14
1143,2007-06-23 22:58:19.133,0,[],0,30
1144,2007-06-14 08:44:48.846,0,[],0,20
1145,2007-06-21 12:03:53.587,0,[],0,27
1146,2007-06-08 15:22:16.633,0,[],0,14
1147,2007-06-20 18:37:53.695,0,[],0,26
1148,2007-06-06 09:15:48.142,0,[],0,11
1149,2007-06-14 12:34:53.989,0,[],0,19
1150,2007-06-24 15:52:48.474,0,[],0,29
1151,2007-06-08 19:07:48.978,0,[],0,13
1152,2007-06-18 22:21:53.149,0,[],0,23
1153,2007-06-08 01:35:51.517,1,"[{'lat': 18.127, 'long': 147.109, 'Time': Timestamp('2007-06-08 02:48:17'), 'mag': 5.4}, {'lat': 18.127, 'long': 147.109, 'Time': Timestamp('2007-06-08 02:48:17'), 'mag': 5.4}]",2,12
1154,2007-06-19 06:31:24.131,0,[],0,23
1155,2007-06-12 09:46:50.434,0,[],0,16
1156,2007-06-05 13:05:53.390,1,"[{'lat': -60.182, 'long': -26.728, 'Time': Timestamp('2007-06-05 15:27:02'), 'mag': 5.7}]",1,9
1157,2007-06-23 16:23:53.445,0,[],0,27
1158,2007-06-26 19:38:23.498,0,[],0,30
1159,2007-06-16 22:52:23.405,0,[],0,20
1160,2007-06-15 07:01:57.412,0,[],0,18
1161,2007-06-12 10:17:52.164,0,[],0,15
1162,2007-06-09 13:37:23.791,0,[],0,12
1163,2007-06-17 16:54:23.846,0,[],0,20
1164,2007-06-20 20:08:53.899,0,[],0,23
1165,2007-06-04 00:59:22.840,0,[],0,6
1166,2007-06-05 05:54:26.469,0,[],0,7
1167,2007-06-13 09:09:18.536,0,[],0,15
1168,2007-06-05 12:28:53.166,1,"[{'lat': -60.182, 'long': -26.728, 'Time': Timestamp('2007-06-05 15:27:02'), 'mag': 5.7}]",1,7
1169,2007-06-19 15:46:50.307,0,[],0,21
1170,2007-06-08 19:01:49.155,0,[],0,10
1171,2007-06-23 22:15:51.519,0,[],0,25
1172,2007-06-17 01:29:50.365,0,[],0,18
1173,2007-06-14 12:59:53.629,0,[],0,15
1174,2007-06-14 22:45:50.876,0,[],0,15
1175,2007-06-18 02:00:22.592,1,"[{'lat': -3.55, 'long': 150.962, 'Time': Timestamp('2007-06-18 06:18:45'), 'mag': 6.3}, {'lat': -3.55, 'long': 150.962, 'Time': Timestamp('2007-06-18 06:18:45'), 'mag': 6.3}, {'lat': -3.55, 'long': 150.962, 'Time': Timestamp('2007-06-18 06:18:45'), 'mag': 6.3}]",3,18
1176,2007-06-06 05:17:56.306,1,"[{'lat': 42.614, 'long': 75.417, 'Time': Timestamp('2007-06-06 11:09:26'), 'mag': 5.0}]",1,6
1177,2007-06-23 08:34:22.141,1,"[{'lat': -12.183, 'long': 46.476, 'Time': Timestamp('2007-06-23 11:54:54'), 'mag': 5.1}, {'lat': -12.183, 'long': 46.476, 'Time': Timestamp('2007-06-23 11:54:54'), 'mag': 5.1}, {'lat': -12.183, 'long': 46.476, 'Time': Timestamp('2007-06-23 11:54:54'), 'mag': 5.1}]",3,23
1178,2007-06-27 11:51:24.003,0,[],0,27
1179,2007-06-26 15:09:53.030,0,[],0,26
1180,2007-06-21 18:25:23.111,0,[],0,21
1181,2007-06-27 21:39:18.588,0,[],0,27
1182,2007-06-20 00:53:20.538,1,"[{'lat': -10.276, 'long': 161.341, 'Time': Timestamp('2007-06-20 03:58:45'), 'mag': 5.0}, {'lat': -10.276, 'long': 161.341, 'Time': Timestamp('2007-06-20 03:58:45'), 'mag': 5.0}, {'lat': -10.276, 'long': 161.341, 'Time': Timestamp('2007-06-20 03:58:45'), 'mag': 5.0}]",3,19
1183,2007-06-10 07:26:24.172,0,[],0,9
1184,2007-06-12 10:42:54.572,0,[],0,11
1185,2007-06-22 14:01:53.431,0,[],0,21
1186,2007-06-10 17:18:53.485,0,[],0,9
1187,2007-06-10 20:32:47.635,0,[],0,9
1188,2007-06-08 23:46:53.591,0,[],0,7
1189,2007-06-18 07:57:19.150,0,[],0,16
1190,2007-06-27 00:16:53.992,0,[],0,24
1191,2007-06-26 08:28:17.223,0,[],0,23
1192,2007-06-29 11:45:23.180,0,[],0,26
1193,2007-06-21 15:03:48.111,0,[],0,18
1194,2007-06-11 21:33:22.861,1,"[{'lat': -20.909, 'long': -177.903, 'Time': Timestamp('2007-06-11 22:30:19'), 'mag': 5.3}, {'lat': -20.909, 'long': -177.903, 'Time': Timestamp('2007-06-11 22:30:19'), 'mag': 5.3}, {'lat': -32.577, 'long': -178.144, 'Time': Timestamp('2007-06-11 22:22:26'), 'mag': 5.0}, {'lat': -20.909, 'long': -177.903, 'Time': Timestamp('2007-06-11 22:30:19'), 'mag': 5.3}, {'lat': -32.577, 'long': -178.144, 'Time': Timestamp('2007-06-11 22:22:26'), 'mag': 5.0}, {'lat': -32.577, 'long': -178.144, 'Time': Timestamp('2007-06-11 22:22:26'), 'mag': 5.0}]",6,8
1195,2007-06-10 00:47:15.392,0,[],0,6
1196,2007-06-10 07:20:23.144,0,[],0,6
1197,2007-06-18 10:36:53.421,0,[],0,14
1198,2007-06-20 13:55:53.609,0,[],0,16
1199,2007-06-18 17:12:23.662,0,[],0,14
1200,2007-06-17 20:26:50.579,0,[],0,13
1201,2007-06-12 23:40:53.768,1,"[{'lat': -61.5, 'long': 154.5, 'Time': Timestamp('2007-06-13 03:08:32'), 'mag': 5.0}]",1,8
1202,2007-07-01 07:51:35.710,0,[],0,26
1203,2007-06-15 11:07:52.494,0,[],0,10
1204,2007-06-10 14:26:50.874,0,[],0,5
1205,2007-06-20 17:42:54.063,1,"[{'lat': 7.136, 'long': -72.175, 'Time': Timestamp('2007-06-20 19:04:06'), 'mag': 5.2}, {'lat': 7.136, 'long': -72.175, 'Time': Timestamp('2007-06-20 19:04:06'), 'mag': 5.2}]",2,15
1206,2007-06-30 20:57:17.213,0,[],0,25
1207,2007-06-25 00:10:53.169,0,[],0,19
1208,2007-06-17 08:21:48.788,0,[],0,11
1209,2007-06-15 11:38:53.416,0,[],0,9
1210,2007-06-14 14:57:20.781,0,[],0,8
1211,2007-06-21 18:13:23.525,0,[],0,15
1212,2007-06-12 21:27:23.098,1,"[{'lat': -16.234, 'long': -174.376, 'Time': Timestamp('2007-06-12 23:18:28'), 'mag': 5.1}, {'lat': -16.234, 'long': -174.376, 'Time': Timestamp('2007-06-12 23:18:28'), 'mag': 5.1}, {'lat': -16.234, 'long': -174.376, 'Time': Timestamp('2007-06-12 23:18:28'), 'mag': 5.1}]",3,6
1213,2007-07-05 00:41:18.396,0,[],0,28
1214,2007-07-06 08:52:51.956,0,[],0,29
1215,2007-06-27 12:09:53.818,0,[],0,20
1216,2007-06-23 15:28:22.287,0,[],0,16
1217,2007-06-16 18:43:53.925,0,[],0,9
1218,2007-06-24 21:57:50.954,1,"[{'lat': 41.1155, 'long': -124.8245, 'Time': Timestamp('2007-06-25 02:32:24'), 'mag': 5.0}]",1,17
1219,2007-06-19 01:11:51.617,1,"[{'lat': 14.277, 'long': 146.668, 'Time': Timestamp('2007-06-19 07:03:39'), 'mag': 5.0}, {'lat': 14.277, 'long': 146.668, 'Time': Timestamp('2007-06-19 07:03:39'), 'mag': 5.0}, {'lat': 14.277, 'long': 146.668, 'Time': Timestamp('2007-06-19 07:03:39'), 'mag': 5.0}]",3,11
1220,2007-06-28 06:06:54.083,0,[],0,20
1221,2007-07-01 09:21:50.151,0,[],0,23
1222,2007-06-13 12:41:23.219,0,[],0,5
1223,2007-06-29 15:58:52.805,0,[],0,21
1224,2007-07-02 19:14:23.326,0,[],0,24
1225,2007-06-14 22:27:53.379,0,[],0,6
1226,2007-06-15 01:42:20.419,0,[],0,6
1227,2007-06-27 04:59:31.210,0,[],0,18
1228,2007-06-25 13:12:23.620,0,[],0,16
1229,2007-07-09 16:29:53.674,0,[],0,30
1230,2007-06-23 19:44:23.727,0,[],0,14
1231,2007-06-27 22:58:19.540,0,[],0,18
1232,2007-07-07 08:44:49.253,0,[],0,27
1233,2007-06-17 12:03:53.995,0,[],0,7
1234,2007-06-18 15:22:15.377,0,[],0,8
1235,2007-07-10 21:51:50.131,0,[],0,30
1236,2007-07-06 01:05:50.741,0,[],0,25
1237,2007-07-05 06:00:25.699,0,[],0,24
1238,2007-06-21 09:15:47.550,0,[],0,10
1239,2007-06-16 12:34:53.396,0,[],0,5
1240,2007-06-18 06:31:20.442,0,[],0,6
1241,2007-06-30 09:46:50.841,0,[],0,18
1242,2007-07-09 13:05:53.797,0,[],0,27
1243,2007-06-18 16:23:48.506,0,[],0,6
1244,2007-06-25 19:38:23.905,0,[],0,13
1245,2007-06-25 22:52:23.813,0,[],0,13
1246,2007-07-07 07:01:52.723,0,[],0,24
1247,2007-06-25 10:17:51.643,0,[],0,12
1248,2007-07-03 13:37:23.272,0,[],0,20
1249,2007-06-22 23:22:23.286,1,"[{'lat': -22.834, 'long': 171.706, 'Time': Timestamp('2007-06-23 00:31:35'), 'mag': 5.0}, {'lat': -22.968, 'long': 171.645, 'Time': Timestamp('2007-06-23 01:31:45'), 'mag': 5.4}, {'lat': -22.835, 'long': 171.678, 'Time': Timestamp('2007-06-23 03:51:50'), 'mag': 5.0}, {'lat': -22.834, 'long': 171.706, 'Time': Timestamp('2007-06-23 00:31:35'), 'mag': 5.0}, {'lat': -22.968, 'long': 171.645, 'Time': Timestamp('2007-06-23 01:31:45'), 'mag': 5.4}, {'lat': -22.835, 'long': 171.678, 'Time': Timestamp('2007-06-23 03:51:50'), 'mag': 5.0}]",6,9
1250,2007-06-19 07:32:53.085,0,[],0,5
1251,2007-07-03 10:48:52.044,0,[],0,19
1252,2007-07-11 14:08:23.673,1,"[{'lat': -32.675, 'long': -70.28, 'Time': Timestamp('2007-07-11 15:12:22'), 'mag': 5.1}, {'lat': -32.675, 'long': -70.28, 'Time': Timestamp('2007-07-11 15:12:22'), 'mag': 5.1}]",2,27
1253,2007-07-09 17:24:53.726,0,[],0,25
1254,2007-06-19 20:38:47.876,0,[],0,5
1255,2007-07-01 23:52:53.832,1,"[{'lat': -17.583, 'long': -176.951, 'Time': Timestamp('2007-07-02 00:54:59'), 'mag': 5.3}, {'lat': -5.405, 'long': 152.484, 'Time': Timestamp('2007-07-02 05:02:23'), 'mag': 5.1}, {'lat': -5.405, 'long': 152.484, 'Time': Timestamp('2007-07-02 05:02:23'), 'mag': 5.1}, {'lat': -5.405, 'long': 152.484, 'Time': Timestamp('2007-07-02 05:02:23'), 'mag': 5.1}]",4,17
1256,2007-06-20 08:03:19.391,0,[],0,5
1257,2007-07-06 11:20:21.341,0,[],0,21
1258,2007-06-25 14:38:57.025,0,[],0,10
1259,2007-07-01 17:55:23.127,0,[],0,16
1260,2007-06-24 13:30:53.448,0,[],0,8
1261,2007-06-23 16:48:23.502,0,[],0,7
1262,2007-07-15 20:02:53.555,0,[],0,29
1263,2007-07-05 23:16:20.695,0,[],0,19
1264,2007-07-15 07:26:53.262,1,"[{'lat': -2.933, 'long': 36.241, 'Time': Timestamp('2007-07-15 11:24:21'), 'mag': 5.3}, {'lat': -2.933, 'long': 36.241, 'Time': Timestamp('2007-07-15 11:24:21'), 'mag': 5.3}, {'lat': -2.933, 'long': 36.241, 'Time': Timestamp('2007-07-15 11:24:21'), 'mag': 5.3}]",3,28
1265,2007-07-14 10:42:54.990,0,[],0,27
1266,2007-07-16 14:01:53.849,0,[],0,29
1267,2007-07-04 23:46:54.009,0,[],0,17
1268,2007-06-27 07:57:18.567,0,[],0,9
1269,2007-06-30 22:39:53.239,0,[],0,12
1270,2007-06-29 15:03:48.530,0,[],0,10
1271,2007-06-29 18:19:53.705,0,[],0,10
1272,2007-07-06 21:33:23.279,0,[],0,17
1273,2007-06-30 00:47:15.809,0,[],0,10
1274,2007-06-25 07:20:27.658,0,[],0,5
1275,2007-07-12 10:36:53.914,0,[],0,22
1276,2007-07-17 13:55:53.102,0,[],0,27
1277,2007-07-08 23:40:53.262,0,[],0,18
1278,2007-06-27 07:51:18.820,0,[],0,6
1279,2007-06-28 11:07:51.987,0,[],0,7
1280,2007-07-20 14:26:46.272,0,[],0,29
1281,2007-07-09 17:42:53.557,0,[],0,18
1282,2007-07-19 09:59:22.250,0,[],0,27
1283,2007-07-07 13:18:53.878,0,[],0,15
1284,2007-07-15 16:35:53.932,0,[],0,23
1285,2007-07-03 19:50:54.297,0,[],0,11
1286,2007-07-22 00:41:21.386,0,[],0,29
1287,2007-07-02 07:14:24.142,0,[],0,9
1288,2007-07-10 10:30:24.419,0,[],0,17
1289,2007-07-06 13:49:53.279,0,[],0,13
1290,2007-07-21 17:06:23.333,1,"[{'lat': -1.591, 'long': -78.027, 'Time': Timestamp('2007-07-21 18:58:13'), 'mag': 5.2}, {'lat': -1.591, 'long': -78.027, 'Time': Timestamp('2007-07-21 18:58:13'), 'mag': 5.2}, {'lat': -1.591, 'long': -78.027, 'Time': Timestamp('2007-07-21 18:58:13'), 'mag': 5.2}, {'lat': -55.091, 'long': -129.418, 'Time': Timestamp('2007-07-21 20:40:53'), 'mag': 5.7}]",4,28
1291,2007-07-16 07:45:23.093,0,[],0,22
1292,2007-07-13 11:01:50.724,0,[],0,19
1293,2007-07-05 14:20:52.430,0,[],0,11
1294,2007-07-05 00:05:23.839,0,[],0,10
1295,2007-07-13 08:14:15.190,0,[],0,18
1296,2007-07-08 11:32:54.027,0,[],0,13
1297,2007-07-05 14:51:48.952,0,[],0,10
1298,2007-07-06 19:44:53.161,0,[],0,11
1299,2007-06-30 22:58:20.302,0,[],0,5
1300,2007-07-02 02:12:54.897,1,"[{'lat': -5.405, 'long': 152.484, 'Time': Timestamp('2007-07-02 05:02:23'), 'mag': 5.1}, {'lat': -5.405, 'long': 152.484, 'Time': Timestamp('2007-07-02 05:02:23'), 'mag': 5.1}, {'lat': -5.405, 'long': 152.484, 'Time': Timestamp('2007-07-02 05:02:23'), 'mag': 5.1}]",3,6
1301,2007-07-26 05:30:25.732,0,[],0,30
1302,2007-07-24 08:46:51.567,1,"[{'lat': 27.64, 'long': 56.14, 'Time': Timestamp('2007-07-24 10:08:06'), 'mag': 5.0}, {'lat': 27.64, 'long': 56.14, 'Time': Timestamp('2007-07-24 10:08:06'), 'mag': 5.0}, {'lat': 27.64, 'long': 56.14, 'Time': Timestamp('2007-07-24 10:08:06'), 'mag': 5.0}]",3,28
1303,2007-07-09 12:04:23.429,0,[],0,13
1304,2007-07-11 15:22:18.907,0,[],0,15
1305,2007-07-26 18:37:53.536,0,[],0,30
1306,2007-07-13 07:39:23.270,0,[],0,16
1307,2007-07-08 10:55:22.306,0,[],0,11
1308,2007-07-11 14:14:53.934,1,"[{'lat': -32.675, 'long': -70.28, 'Time': Timestamp('2007-07-11 15:12:22'), 'mag': 5.1}, {'lat': -32.675, 'long': -70.28, 'Time': Timestamp('2007-07-11 15:12:22'), 'mag': 5.1}, {'lat': -32.675, 'long': -70.28, 'Time': Timestamp('2007-07-11 15:12:22'), 'mag': 5.1}]",3,14
1309,2007-07-07 23:59:23.094,0,[],0,10
1310,2007-07-18 08:09:48.652,0,[],0,20
1311,2007-07-13 11:26:53.147,0,[],0,15
1312,2007-07-27 14:45:24.518,0,[],0,29
1313,2007-07-05 18:01:23.389,0,[],0,7
1314,2007-07-10 21:15:55.730,0,[],0,12
1315,2007-07-10 00:29:20.916,0,[],0,11
1316,2007-07-19 03:46:24.408,0,[],0,20
1317,2007-07-05 07:02:23.234,0,[],0,6
1318,2007-07-26 10:18:24.849,0,[],0,27
1319,2007-07-27 13:37:23.710,0,[],0,28
1320,2007-07-18 16:54:23.763,0,[],0,19
1321,2007-07-11 21:45:49.378,0,[],0,12
1322,2007-07-05 00:59:52.758,0,[],0,5
1323,2007-07-28 05:54:56.387,0,[],0,28
1324,2007-07-21 09:09:48.125,0,[],0,21
1325,2007-07-13 12:29:23.084,0,[],0,13
1326,2007-07-13 15:47:20.002,0,[],0,13
1327,2007-07-14 19:02:17.745,0,[],0,14
1328,2007-07-13 22:16:21.436,0,[],0,13
1329,2007-07-23 01:30:18.955,0,[],0,22
1330,2007-07-15 06:25:17.362,0,[],0,14
1331,2007-07-14 09:40:53.185,0,[],0,13
1332,2007-07-21 13:00:23.485,0,[],0,20
1333,2007-07-06 22:46:19.404,0,[],0,5
1334,2007-07-28 02:00:52.448,0,[],0,26
1335,2007-07-20 05:18:26.162,1,"[{'lat': 42.913, 'long': 82.378, 'Time': Timestamp('2007-07-20 10:06:52'), 'mag': 5.6}, {'lat': 42.913, 'long': 82.378, 'Time': Timestamp('2007-07-20 10:06:52'), 'mag': 5.6}, {'lat': 42.913, 'long': 82.378, 'Time': Timestamp('2007-07-20 10:06:52'), 'mag': 5.6}]",3,18
1336,2007-07-26 08:34:51.998,0,[],0,24
1337,2007-07-13 11:51:53.859,0,[],0,11
1338,2007-07-07 15:10:22.328,0,[],0,5
1339,2007-07-16 18:25:53.966,0,[],0,14
1340,2007-07-11 21:39:48.115,0,[],0,9
1341,2007-07-22 00:53:51.394,0,[],0,19
1342,2007-07-22 07:26:54.028,0,[],0,19
1343,2007-07-17 10:43:24.427,0,[],0,14
1344,2007-07-11 14:02:23.287,1,"[{'lat': -32.675, 'long': -70.28, 'Time': Timestamp('2007-07-11 15:12:22'), 'mag': 5.1}, {'lat': -32.675, 'long': -70.28, 'Time': Timestamp('2007-07-11 15:12:22'), 'mag': 5.1}]",2,8
1345,2007-07-24 17:19:23.341,0,[],0,21
1346,2007-07-10 20:33:25.683,0,[],0,7
1347,2007-08-02 23:47:23.447,1,"[{'lat': -62.973, 'long': 145.306, 'Time': Timestamp('2007-08-03 00:41:14'), 'mag': 5.9}]",1,30
1348,2007-07-31 07:57:49.006,0,[],0,27
1349,2007-07-29 22:40:23.754,1,"[{'lat': -62.354, 'long': 158.731, 'Time': Timestamp('2007-07-29 22:42:08'), 'mag': 5.2}]",1,25
1350,2007-07-30 01:54:52.267,0,[],0,25
1351,2007-07-29 06:50:24.881,0,[],0,24
1352,2007-07-28 10:05:51.512,0,[],0,23
1353,2007-07-29 16:42:23.194,0,[],0,24
1354,2007-07-19 19:57:22.231,0,[],0,14
1355,2007-07-27 23:10:50.387,0,[],0,22
1356,2007-08-04 08:57:52.869,0,[],0,29
1357,2007-07-12 12:16:53.514,0,[],0,6
1358,2007-07-19 20:27:20.512,0,[],0,13
1359,2007-07-14 23:41:23.701,0,[],0,8
1360,2007-07-30 07:51:49.259,0,[],0,23
1361,2007-07-27 11:08:22.427,0,[],0,20
1362,2007-07-27 14:27:16.711,0,[],0,20
1363,2007-07-25 17:43:53.996,0,[],0,18
1364,2007-07-15 20:57:52.241,0,[],0,8
1365,2007-07-20 00:11:53.102,0,[],0,12
1366,2007-07-22 09:59:51.689,0,[],0,14
1367,2007-08-06 13:19:23.317,0,[],0,29
1368,2007-07-27 16:36:23.371,0,[],0,19
1369,2007-08-02 19:51:23.736,0,[],0,25
1370,2007-07-30 23:04:50.564,1,"[{'lat': -17.374, 'long': -178.948, 'Time': Timestamp('2007-07-30 23:37:51'), 'mag': 5.1}, {'lat': -17.374, 'long': -178.948, 'Time': Timestamp('2007-07-30 23:37:51'), 'mag': 5.1}]",2,22
1371,2007-07-29 08:51:48.950,0,[],0,20
1372,2007-08-04 12:10:53.691,0,[],0,26
1373,2007-07-31 15:28:49.169,0,[],0,22
1374,2007-08-04 18:44:23.798,0,[],0,26
1375,2007-08-05 21:58:22.155,0,[],0,27
1376,2007-07-17 01:12:18.670,0,[],0,7
1377,2007-08-01 06:07:24.956,0,[],0,22
1378,2007-07-25 09:22:51.025,0,[],0,15
1379,2007-08-01 12:41:53.093,0,[],0,22
1380,2007-07-26 15:59:48.794,0,[],0,16
1381,2007-07-17 19:14:53.199,0,[],0,7
1382,2007-07-15 22:28:53.252,0,[],0,5
1383,2007-07-30 01:42:51.620,0,[],0,19
1384,2007-07-21 06:38:24.235,0,[],0,10
1385,2007-07-18 13:13:23.573,0,[],0,7
1386,2007-07-29 22:58:50.820,0,[],0,18
1387,2007-07-29 07:08:54.837,0,[],0,17
1388,2007-08-03 10:24:55.114,0,[],0,22
1389,2007-07-29 13:44:23.975,0,[],0,17
1390,2007-07-31 17:01:24.028,0,[],0,19
1391,2007-07-23 20:15:23.081,0,[],0,11
1392,2007-07-31 23:29:21.773,0,[],0,19
1393,2007-07-22 07:39:52.788,0,[],0,9
1394,2007-07-18 10:56:20.419,0,[],0,5
1395,2007-08-03 14:15:23.375,0,[],0,21
1396,2007-08-10 17:31:53.430,1,"[{'lat': -35.852, 'long': -102.904, 'Time': Timestamp('2007-08-10 20:43:15'), 'mag': 5.3}, {'lat': -35.852, 'long': -102.904, 'Time': Timestamp('2007-08-10 20:43:15'), 'mag': 5.3}]",2,28
1397,2007-08-03 20:45:47.578,0,[],0,21
1398,2007-07-22 23:59:53.535,1,"[{'lat': -4.469, 'long': 149.854, 'Time': Timestamp('2007-07-23 00:08:32'), 'mag': 5.9}, {'lat': -4.469, 'long': 149.854, 'Time': Timestamp('2007-07-23 00:08:32'), 'mag': 5.9}, {'lat': -4.469, 'long': 149.854, 'Time': Timestamp('2007-07-23 00:08:32'), 'mag': 5.9}]",3,9
1399,2007-08-03 09:47:49.578,0,[],0,20
1400,2007-07-24 13:06:53.749,0,[],0,10
1401,2007-07-28 16:24:23.803,0,[],0,14
1402,2007-08-09 19:39:23.857,0,[],0,26
1403,2007-08-06 22:52:55.093,0,[],0,23
1404,2007-07-21 08:41:23.590,0,[],0,6
1405,2007-08-09 11:58:23.124,0,[],0,25
1406,2007-07-23 15:16:51.593,0,[],0,8
1407,2007-08-05 21:46:17.827,0,[],0,21
1408,2007-07-28 01:00:23.337,0,[],0,12
1409,2007-08-12 05:55:26.297,0,[],0,27
1410,2007-07-29 09:10:21.664,0,[],0,13
1411,2007-08-13 12:29:53.526,0,[],0,28
1412,2007-08-05 15:47:50.443,0,[],0,20
1413,2007-07-27 19:02:53.632,0,[],0,11
1414,2007-08-14 22:16:53.685,0,[],0,29
1415,2007-08-04 01:30:54.709,0,[],0,18
1416,2007-08-01 06:25:51.899,0,[],0,15
1417,2007-08-07 09:41:53.739,0,[],0,21
1418,2007-08-07 13:00:53.926,0,[],0,21
1419,2007-07-24 21:10:26.348,0,[],0,7
1420,2007-07-29 00:24:23.113,1,"[{'lat': 53.641, 'long': 169.702, 'Time': Timestamp('2007-07-29 04:54:36'), 'mag': 5.9}, {'lat': 53.641, 'long': 169.702, 'Time': Timestamp('2007-07-29 04:54:36'), 'mag': 5.9}, {'lat': 53.641, 'long': 169.702, 'Time': Timestamp('2007-07-29 04:54:36'), 'mag': 5.9}, {'lat': 20.036, 'long': 146.145, 'Time': Timestamp('2007-07-29 02:43:38'), 'mag': 5.0}, {'lat': 20.036, 'long': 146.145, 'Time': Timestamp('2007-07-29 02:43:38'), 'mag': 5.0}]",5,11
1421,2007-08-11 08:35:21.518,0,[],0,24
1422,2007-08-08 11:52:23.380,0,[],0,21
1423,2007-08-01 15:10:47.753,0,[],0,14
1424,2007-08-17 21:40:18.082,0,[],0,30
1425,2007-07-24 00:54:23.593,0,[],0,5
1426,2007-08-03 05:49:26.553,0,[],0,15
1427,2007-08-17 09:04:24.575,0,[],0,29
1428,2007-08-09 12:23:23.781,0,[],0,21
1429,2007-08-09 15:41:52.027,1,"[{'lat': 25.918, 'long': -45.001, 'Time': Timestamp('2007-08-09 17:25:05'), 'mag': 5.6}, {'lat': 25.918, 'long': -45.001, 'Time': Timestamp('2007-08-09 17:25:05'), 'mag': 5.6}, {'lat': 25.918, 'long': -45.001, 'Time': Timestamp('2007-08-09 17:25:05'), 'mag': 5.6}]",3,21
1430,2007-08-08 18:56:53.888,0,[],0,20
1431,2007-08-04 22:10:52.021,0,[],0,16
1432,2007-07-31 01:24:53.993,0,[],0,11
1433,2007-07-25 06:19:56.954,1,"[{'lat': 36.077, 'long': 70.364, 'Time': Timestamp('2007-07-25 06:21:31'), 'mag': 5.0}, {'lat': 36.077, 'long': 70.364, 'Time': Timestamp('2007-07-25 06:21:31'), 'mag': 5.0}, {'lat': 36.077, 'long': 70.364, 'Time': Timestamp('2007-07-25 06:21:31'), 'mag': 5.0}]",3,5
1434,2007-07-25 09:35:22.882,0,[],0,5
1435,2007-07-25 12:54:53.182,0,[],0,5
1436,2007-08-10 16:12:21.763,1,"[{'lat': -35.852, 'long': -102.904, 'Time': Timestamp('2007-08-10 20:43:15'), 'mag': 5.3}, {'lat': -35.852, 'long': -102.904, 'Time': Timestamp('2007-08-10 20:43:15'), 'mag': 5.3}, {'lat': -35.852, 'long': -102.904, 'Time': Timestamp('2007-08-10 20:43:15'), 'mag': 5.3}]",3,21
1437,2007-08-11 19:27:23.289,0,[],0,22
1438,2007-08-10 22:40:53.197,1,"[{'lat': -30.545, 'long': -177.411, 'Time': Timestamp('2007-08-11 00:26:52'), 'mag': 5.0}]",1,21
1439,2007-08-06 01:55:24.366,1,"[{'lat': -2.911, 'long': 141.554, 'Time': Timestamp('2007-08-06 07:47:45'), 'mag': 5.0}, {'lat': -2.911, 'long': 141.554, 'Time': Timestamp('2007-08-06 07:47:45'), 'mag': 5.0}]",2,16
1440,2007-08-17 06:50:54.324,0,[],0,27
1441,2007-08-18 10:06:23.529,0,[],0,28
1442,2007-08-05 13:25:53.583,0,[],0,15
1443,2007-08-15 16:42:53.637,0,[],0,25
1444,2007-07-30 19:57:53.690,0,[],0,9
1445,2007-08-16 23:11:20.831,0,[],0,26
1446,2007-08-07 08:58:23.312,0,[],0,16
1447,2007-08-12 12:17:23.958,0,[],0,21
1448,2007-08-03 15:35:52.204,0,[],0,12
1449,2007-07-30 22:03:56.622,1,"[{'lat': -17.374, 'long': -178.948, 'Time': Timestamp('2007-07-30 23:37:51'), 'mag': 5.1}, {'lat': -17.374, 'long': -178.948, 'Time': Timestamp('2007-07-30 23:37:51'), 'mag': 5.1}, {'lat': -17.374, 'long': -178.948, 'Time': Timestamp('2007-07-30 23:37:51'), 'mag': 5.1}]",3,8
1450,2007-08-17 01:18:53.171,1,"[{'lat': 14.07, 'long': 146.535, 'Time': Timestamp('2007-08-17 02:11:16'), 'mag': 5.3}, {'lat': 14.07, 'long': 146.535, 'Time': Timestamp('2007-08-17 02:11:16'), 'mag': 5.3}, {'lat': -5.301, 'long': 129.469, 'Time': Timestamp('2007-08-17 02:16:30'), 'mag': 5.8}, {'lat': -5.261, 'long': 129.432, 'Time': Timestamp('2007-08-17 03:04:03'), 'mag': 6.4}, {'lat': -5.301, 'long': 129.469, 'Time': Timestamp('2007-08-17 02:16:30'), 'mag': 5.8}, {'lat': -5.261, 'long': 129.432, 'Time': Timestamp('2007-08-17 03:04:03'), 'mag': 6.4}, {'lat': -5.301, 'long': 129.469, 'Time': Timestamp('2007-08-17 02:16:30'), 'mag': 5.8}, {'lat': -5.261, 'long': 129.432, 'Time': Timestamp('2007-08-17 03:04:03'), 'mag': 6.4}]",8,25
1451,2007-08-10 06:13:56.130,0,[],0,18
1452,2007-08-07 09:29:23.059,0,[],0,15
1453,2007-08-08 12:48:53.359,0,[],0,16
1454,2007-08-03 16:06:20.500,0,[],0,11
1455,2007-08-11 19:21:23.466,0,[],0,19
1456,2007-07-28 22:34:53.519,0,[],0,5
1457,2007-08-18 01:49:24.543,0,[],0,25
1458,2007-08-23 06:44:54.501,0,[],0,30
1459,2007-08-23 10:00:23.706,0,[],0,30
1460,2007-08-07 13:19:53.760,0,[],0,14
1461,2007-08-04 16:36:53.814,1,"[{'lat': -22.268, 'long': -68.349, 'Time': Timestamp('2007-08-04 17:56:59'), 'mag': 5.3}, {'lat': -22.268, 'long': -68.349, 'Time': Timestamp('2007-08-04 17:56:59'), 'mag': 5.3}, {'lat': -22.268, 'long': -68.349, 'Time': Timestamp('2007-08-04 17:56:59'), 'mag': 5.3}]",3,11
1462,2007-08-03 19:51:53.867,0,[],0,10
1463,2007-08-01 00:42:23.946,1,"[{'lat': -3.664, 'long': 140.102, 'Time': Timestamp('2007-08-01 03:06:07'), 'mag': 5.3}, {'lat': -3.664, 'long': 140.102, 'Time': Timestamp('2007-08-01 03:06:07'), 'mag': 5.3}, {'lat': -3.664, 'long': 140.102, 'Time': Timestamp('2007-08-01 03:06:07'), 'mag': 5.3}]",3,7
1464,2007-08-08 07:15:26.933,0,[],0,14
1465,2007-08-10 10:31:23.107,0,[],0,16
1466,2007-08-09 13:50:53.244,1,"[{'lat': 25.918, 'long': -45.001, 'Time': Timestamp('2007-08-09 17:25:05'), 'mag': 5.6}, {'lat': 25.918, 'long': -45.001, 'Time': Timestamp('2007-08-09 17:25:05'), 'mag': 5.6}, {'lat': 25.918, 'long': -45.001, 'Time': Timestamp('2007-08-09 17:25:05'), 'mag': 5.6}]",3,15
1467,2007-08-01 23:35:53.593,0,[],0,7
1468,2007-08-07 07:46:27.154,1,"[{'lat': -9.211, 'long': 67.093, 'Time': Timestamp('2007-08-07 10:12:21'), 'mag': 5.0}, {'lat': -9.211, 'long': 67.093, 'Time': Timestamp('2007-08-07 10:12:21'), 'mag': 5.0}, {'lat': -9.211, 'long': 67.093, 'Time': Timestamp('2007-08-07 10:12:21'), 'mag': 5.0}]",3,12
1469,2007-08-24 11:02:55.555,0,[],0,29
1470,2007-08-09 14:21:53.645,1,"[{'lat': 25.918, 'long': -45.001, 'Time': Timestamp('2007-08-09 17:25:05'), 'mag': 5.6}, {'lat': 25.918, 'long': -45.001, 'Time': Timestamp('2007-08-09 17:25:05'), 'mag': 5.6}, {'lat': 25.918, 'long': -45.001, 'Time': Timestamp('2007-08-09 17:25:05'), 'mag': 5.6}]",3,14
1471,2007-08-12 17:37:53.699,0,[],0,17
1472,2007-08-13 20:49:19.510,0,[],0,18
1473,2007-08-26 00:05:53.804,0,[],0,30
1474,2007-08-14 08:15:23.347,0,[],0,18
1475,2007-08-18 11:33:53.991,0,[],0,22
1476,2007-08-05 14:52:24.046,0,[],0,9
1477,2007-08-24 18:08:23.099,0,[],0,28
1478,2007-08-15 21:21:25.328,0,[],0,19
1479,2007-08-02 00:36:23.205,1,"[{'lat': 51.307, 'long': -179.971, 'Time': Timestamp('2007-08-02 03:21:42'), 'mag': 6.7}, {'lat': 51.09, 'long': -179.863, 'Time': Timestamp('2007-08-02 03:24:40'), 'mag': 5.3}, {'lat': 51.209, 'long': -179.961, 'Time': Timestamp('2007-08-02 06:23:11'), 'mag': 5.6}, {'lat': 51.307, 'long': -179.971, 'Time': Timestamp('2007-08-02 03:21:42'), 'mag': 6.7}, {'lat': 51.09, 'long': -179.863, 'Time': Timestamp('2007-08-02 03:24:40'), 'mag': 5.3}, {'lat': 51.209, 'long': -179.961, 'Time': Timestamp('2007-08-02 06:23:11'), 'mag': 5.6}, {'lat': 51.307, 'long': -179.971, 'Time': Timestamp('2007-08-02 03:21:42'), 'mag': 6.7}, {'lat': 51.09, 'long': -179.863, 'Time': Timestamp('2007-08-02 03:24:40'), 'mag': 5.3}, {'lat': 51.209, 'long': -179.961, 'Time': Timestamp('2007-08-02 06:23:11'), 'mag': 5.6}]",9,5
1480,2007-08-22 08:47:55.627,0,[],0,25
1481,2007-08-09 12:04:53.393,0,[],0,12
1482,2007-08-24 15:23:18.872,0,[],0,27
1483,2007-08-19 18:38:53.501,0,[],0,22
1484,2007-08-18 21:51:51.634,0,[],0,21
1485,2007-08-07 01:06:53.606,0,[],0,9
1486,2007-08-09 06:01:56.567,0,[],0,11
1487,2007-08-15 09:16:50.716,0,[],0,17
1488,2007-08-09 12:36:23.795,0,[],0,11
1489,2007-08-15 15:54:22.152,0,[],0,17
1490,2007-08-20 22:22:53.954,0,[],0,22
1491,2007-08-13 01:37:20.883,0,[],0,14
1492,2007-08-04 06:32:21.169,0,[],0,5
1493,2007-08-04 09:47:50.898,0,[],0,5
1494,2007-08-21 13:07:23.195,1,"[{'lat': 8.052, 'long': -39.277, 'Time': Timestamp('2007-08-21 13:35:37'), 'mag': 5.1}, {'lat': 8.01, 'long': -38.969, 'Time': Timestamp('2007-08-21 16:36:45'), 'mag': 5.3}, {'lat': 8.052, 'long': -39.277, 'Time': Timestamp('2007-08-21 13:35:37'), 'mag': 5.1}, {'lat': 8.01, 'long': -38.969, 'Time': Timestamp('2007-08-21 16:36:45'), 'mag': 5.3}, {'lat': 8.052, 'long': -39.277, 'Time': Timestamp('2007-08-21 13:35:37'), 'mag': 5.1}, {'lat': 8.01, 'long': -38.969, 'Time': Timestamp('2007-08-21 16:36:45'), 'mag': 5.3}]",6,22
1495,2007-08-09 16:24:53.250,1,"[{'lat': -50.25, 'long': -115.75, 'Time': Timestamp('2007-08-09 18:59:12'), 'mag': 5.1}]",1,10
1496,2007-08-20 19:39:23.303,0,[],0,21
1497,2007-08-20 22:53:23.211,0,[],0,21
1498,2007-08-21 02:07:54.380,0,[],0,21
1499,2007-08-07 07:03:21.793,1,"[{'lat': -9.211, 'long': 67.093, 'Time': Timestamp('2007-08-07 10:12:21'), 'mag': 5.0}, {'lat': -9.211, 'long': 67.093, 'Time': Timestamp('2007-08-07 10:12:21'), 'mag': 5.0}, {'lat': -9.211, 'long': 67.093, 'Time': Timestamp('2007-08-07 10:12:21'), 'mag': 5.0}]",3,7
1500,2007-08-06 10:21:58.388,0,[],0,6
1501,2007-08-26 13:38:23.597,0,[],0,26
1502,2007-08-28 16:55:23.651,1,"[{'lat': -0.462, 'long': -91.22, 'Time': Timestamp('2007-08-28 22:46:39'), 'mag': 5.2}, {'lat': -0.462, 'long': -91.22, 'Time': Timestamp('2007-08-28 22:46:39'), 'mag': 5.2}, {'lat': -0.462, 'long': -91.22, 'Time': Timestamp('2007-08-28 22:46:39'), 'mag': 5.2}]",3,28
1503,2007-08-13 20:09:53.704,0,[],0,13
1504,2007-08-07 01:00:53.783,0,[],0,6
1505,2007-08-25 09:10:54.877,0,[],0,24
1506,2007-08-15 12:29:54.051,0,[],0,14
1507,2007-08-31 15:47:49.970,0,[],0,30
1508,2007-08-27 19:03:23.159,1,"[{'lat': -0.542, 'long': -91.498, 'Time': Timestamp('2007-08-27 20:16:21'), 'mag': 5.0}]",1,26
1509,2007-08-14 22:15:53.524,0,[],0,13
1510,2007-08-21 01:31:22.908,0,[],0,19
1511,2007-08-18 06:26:25.522,0,[],0,16
1512,2007-08-20 09:41:50.497,0,[],0,18
1513,2007-08-11 13:01:23.453,0,[],0,9
1514,2007-08-27 16:18:50.818,1,"[{'lat': -0.542, 'long': -91.498, 'Time': Timestamp('2007-08-27 20:16:21'), 'mag': 5.0}, {'lat': -0.542, 'long': -91.498, 'Time': Timestamp('2007-08-27 20:16:21'), 'mag': 5.0}, {'lat': -0.542, 'long': -91.498, 'Time': Timestamp('2007-08-27 20:16:21'), 'mag': 5.0}]",3,25
1515,2007-08-30 19:33:23.560,0,[],0,28
1516,2007-08-14 22:47:23.468,0,[],0,12
1517,2007-08-15 08:33:49.085,0,[],0,12
1518,2007-08-21 11:52:53.827,0,[],0,18
1519,2007-08-13 15:11:16.872,0,[],0,10
1520,2007-08-30 00:54:54.041,1,"[{'lat': -22.986, 'long': 169.973, 'Time': Timestamp('2007-08-30 06:36:33'), 'mag': 5.2}, {'lat': -22.986, 'long': 169.973, 'Time': Timestamp('2007-08-30 06:36:33'), 'mag': 5.2}, {'lat': -22.986, 'long': 169.973, 'Time': Timestamp('2007-08-30 06:36:33'), 'mag': 5.2}]",3,26
1521,2007-08-22 07:27:52.668,0,[],0,18
1522,2007-08-13 10:43:54.061,0,[],0,9
1523,2007-08-26 14:03:23.255,0,[],0,22
1524,2007-08-16 17:19:53.309,0,[],0,12
1525,2007-08-28 20:34:20.227,0,[],0,24
1526,2007-08-18 23:47:53.415,1,"[{'lat': -9.844, 'long': 159.627, 'Time': Timestamp('2007-08-19 02:32:16'), 'mag': 5.2}, {'lat': -9.844, 'long': 159.627, 'Time': Timestamp('2007-08-19 02:32:16'), 'mag': 5.2}, {'lat': -9.844, 'long': 159.627, 'Time': Timestamp('2007-08-19 02:32:16'), 'mag': 5.2}]",3,14
1527,2007-09-04 07:58:55.837,0,[],0,30
1528,2007-09-02 11:15:18.267,0,[],0,28
1529,2007-08-19 14:33:53.656,0,[],0,14
1530,2007-09-01 17:50:23.710,1,"[{'lat': 24.902, 'long': -109.689, 'Time': Timestamp('2007-09-01 19:14:22'), 'mag': 6.1}, {'lat': 24.502, 'long': -109.915, 'Time': Timestamp('2007-09-01 23:35:26'), 'mag': 5.0}, {'lat': 24.902, 'long': -109.689, 'Time': Timestamp('2007-09-01 19:14:22'), 'mag': 6.1}, {'lat': 24.502, 'long': -109.915, 'Time': Timestamp('2007-09-01 23:35:26'), 'mag': 5.0}, {'lat': 24.902, 'long': -109.689, 'Time': Timestamp('2007-09-01 19:14:22'), 'mag': 6.1}, {'lat': 24.502, 'long': -109.915, 'Time': Timestamp('2007-09-01 23:35:26'), 'mag': 5.0}]",6,27
1531,2007-08-19 21:04:26.051,0,[],0,14
1532,2007-09-04 00:18:23.816,0,[],0,29
1533,2007-08-12 06:50:54.771,0,[],0,6
1534,2007-08-17 10:06:54.502,0,[],0,11
1535,2007-08-23 13:25:54.031,0,[],0,17
1536,2007-08-21 16:43:23.085,1,"[{'lat': -13.688, 'long': -76.263, 'Time': Timestamp('2007-08-21 20:37:48'), 'mag': 5.3}, {'lat': -13.624, 'long': -76.944, 'Time': Timestamp('2007-08-21 21:32:24'), 'mag': 5.3}, {'lat': -13.688, 'long': -76.263, 'Time': Timestamp('2007-08-21 20:37:48'), 'mag': 5.3}, {'lat': -13.624, 'long': -76.944, 'Time': Timestamp('2007-08-21 21:32:24'), 'mag': 5.3}, {'lat': -13.688, 'long': -76.263, 'Time': Timestamp('2007-08-21 20:37:48'), 'mag': 5.3}, {'lat': -13.624, 'long': -76.944, 'Time': Timestamp('2007-08-21 21:32:24'), 'mag': 5.3}]",6,15
1537,2007-08-25 19:57:53.138,0,[],0,19
1538,2007-08-22 23:11:20.278,0,[],0,16
1539,2007-08-17 07:21:52.845,0,[],0,10
1540,2007-08-27 10:37:51.358,0,[],0,20
1541,2007-08-25 13:56:53.432,0,[],0,18
1542,2007-08-14 17:13:53.486,0,[],0,7
1543,2007-08-31 20:27:47.635,0,[],0,24
1544,2007-08-21 01:18:53.618,0,[],0,13
1545,2007-08-18 06:13:56.578,0,[],0,10
1546,2007-09-05 09:29:23.507,0,[],0,28
1547,2007-08-20 12:48:53.889,0,[],0,12
1548,2007-08-13 22:35:24.049,0,[],0,5
1549,2007-08-26 01:49:24.073,1,"[{'lat': 43.799, 'long': 147.107, 'Time': Timestamp('2007-08-26 05:31:10'), 'mag': 5.4}, {'lat': 43.799, 'long': 147.107, 'Time': Timestamp('2007-08-26 05:31:10'), 'mag': 5.4}, {'lat': 43.799, 'long': 147.107, 'Time': Timestamp('2007-08-26 05:31:10'), 'mag': 5.4}]",3,17
1550,2007-08-28 08:23:21.402,0,[],0,19
1551,2007-09-02 11:40:23.263,0,[],0,24
1552,2007-08-24 14:58:53.317,0,[],0,15
1553,2007-08-15 18:14:53.371,0,[],0,6
1554,2007-08-22 21:28:22.944,1,"[{'lat': -16.397, 'long': -177.498, 'Time': Timestamp('2007-08-22 22:24:36'), 'mag': 5.4}, {'lat': -16.397, 'long': -177.498, 'Time': Timestamp('2007-08-22 22:24:36'), 'mag': 5.4}]",2,13
1555,2007-08-22 00:42:23.477,0,[],0,12
1556,2007-08-23 07:15:26.463,0,[],0,13
1557,2007-09-01 10:31:55.602,0,[],0,22
1558,2007-09-06 13:50:53.692,0,[],0,27
1559,2007-08-24 17:07:53.745,0,[],0,14
1560,2007-09-06 20:21:50.662,0,[],0,27
1561,2007-08-24 01:12:53.878,1,"[{'lat': 41.807, 'long': 143.277, 'Time': Timestamp('2007-08-24 04:20:03'), 'mag': 5.0}, {'lat': 41.807, 'long': 143.277, 'Time': Timestamp('2007-08-24 04:20:03'), 'mag': 5.0}, {'lat': 41.807, 'long': 143.277, 'Time': Timestamp('2007-08-24 04:20:03'), 'mag': 5.0}]",3,13
1562,2007-08-23 06:07:56.837,0,[],0,12
1563,2007-08-26 09:23:19.771,0,[],0,15
1564,2007-08-25 12:42:24.066,0,[],0,14
1565,2007-09-05 16:00:18.768,0,[],0,25
1566,2007-08-19 19:15:23.173,0,[],0,8
1567,2007-09-02 22:29:23.226,1,"[{'lat': 56.9284, 'long': -154.8006, 'Time': Timestamp('2007-09-03 01:01:53'), 'mag': 5.0}, {'lat': 56.9284, 'long': -154.8006, 'Time': Timestamp('2007-09-03 01:01:53'), 'mag': 5.0}, {'lat': -11.937, 'long': 166.298, 'Time': Timestamp('2007-09-03 01:28:24'), 'mag': 5.1}, {'lat': -11.937, 'long': 166.298, 'Time': Timestamp('2007-09-03 01:28:24'), 'mag': 5.1}]",4,22
1568,2007-08-21 01:43:24.250,0,[],0,9
1569,2007-08-23 06:38:25.536,0,[],0,11
1570,2007-09-04 09:54:19.841,0,[],0,23
1571,2007-08-18 13:13:23.467,1,"[{'lat': 39.618, 'long': -29.88, 'Time': Timestamp('2007-08-18 16:20:45'), 'mag': 5.0}, {'lat': 39.618, 'long': -29.88, 'Time': Timestamp('2007-08-18 16:20:45'), 'mag': 5.0}, {'lat': 39.618, 'long': -29.88, 'Time': Timestamp('2007-08-18 16:20:45'), 'mag': 5.0}]",3,6
1572,2007-09-10 22:59:19.386,0,[],0,29
1573,2007-09-05 02:13:54.651,0,[],0,23
1574,2007-08-31 07:09:26.640,0,[],0,18
1575,2007-08-27 10:25:23.010,0,[],0,14
1576,2007-09-04 13:44:23.868,0,[],0,22
1577,2007-08-19 17:01:23.922,1,"[{'lat': -13.63, 'long': -76.498, 'Time': Timestamp('2007-08-19 20:11:44'), 'mag': 5.6}, {'lat': -13.63, 'long': -76.498, 'Time': Timestamp('2007-08-19 20:11:44'), 'mag': 5.6}, {'lat': -13.63, 'long': -76.498, 'Time': Timestamp('2007-08-19 20:11:44'), 'mag': 5.6}]",3,6
1578,2007-08-22 20:15:54.936,0,[],0,9
1579,2007-08-18 23:29:51.339,1,"[{'lat': -9.844, 'long': 159.627, 'Time': Timestamp('2007-08-19 02:32:16'), 'mag': 5.2}, {'lat': -9.844, 'long': 159.627, 'Time': Timestamp('2007-08-19 02:32:16'), 'mag': 5.2}, {'lat': -9.844, 'long': 159.627, 'Time': Timestamp('2007-08-19 02:32:16'), 'mag': 5.2}]",3,5
1580,2007-08-26 07:40:22.682,0,[],0,12
1581,2007-08-20 10:56:21.824,1,"[{'lat': -0.256, 'long': -18.175, 'Time': Timestamp('2007-08-20 12:37:06'), 'mag': 5.7}, {'lat': -0.256, 'long': -18.175, 'Time': Timestamp('2007-08-20 12:37:06'), 'mag': 5.7}]",2,6
1582,2007-08-26 14:15:23.341,0,[],0,12
1583,2007-09-03 17:31:53.394,1,"[{'lat': 2.711, 'long': -84.424, 'Time': Timestamp('2007-09-03 23:23:29'), 'mag': 5.1}, {'lat': 2.711, 'long': -84.424, 'Time': Timestamp('2007-09-03 23:23:29'), 'mag': 5.1}, {'lat': 2.711, 'long': -84.424, 'Time': Timestamp('2007-09-03 23:23:29'), 'mag': 5.1}]",3,20
1584,2007-09-13 20:46:28.503,0,[],0,30
1585,2007-09-12 23:59:53.500,0,[],0,29
1586,2007-09-04 08:10:53.154,0,[],0,20
1587,2007-08-30 11:27:53.688,0,[],0,15
1588,2007-08-24 14:46:23.742,0,[],0,9
1589,2007-08-27 21:16:19.272,0,[],0,12
1590,2007-09-11 00:30:23.901,0,[],0,26
1591,2007-09-07 08:39:49.347,0,[],0,22
1592,2007-09-10 11:58:53.089,0,[],0,25
1593,2007-09-08 15:17:18.567,0,[],0,23
1594,2007-09-01 18:32:53.196,1,"[{'lat': 11.607, 'long': -87.271, 'Time': Timestamp('2007-09-02 00:07:28'), 'mag': 5.2}, {'lat': 11.607, 'long': -87.271, 'Time': Timestamp('2007-09-02 00:07:28'), 'mag': 5.2}, {'lat': 11.607, 'long': -87.271, 'Time': Timestamp('2007-09-02 00:07:28'), 'mag': 5.2}, {'lat': 24.902, 'long': -109.689, 'Time': Timestamp('2007-09-01 19:14:22'), 'mag': 6.1}, {'lat': 24.502, 'long': -109.915, 'Time': Timestamp('2007-09-01 23:35:26'), 'mag': 5.0}, {'lat': 24.902, 'long': -109.689, 'Time': Timestamp('2007-09-01 19:14:22'), 'mag': 6.1}, {'lat': 24.502, 'long': -109.915, 'Time': Timestamp('2007-09-01 23:35:26'), 'mag': 5.0}, {'lat': 24.902, 'long': -109.689, 'Time': Timestamp('2007-09-01 19:14:22'), 'mag': 6.1}, {'lat': 24.502, 'long': -109.915, 'Time': Timestamp('2007-09-01 23:35:26'), 'mag': 5.0}]",9,16
1595,2007-09-10 21:46:51.554,0,[],0,25
1596,2007-09-05 01:00:53.303,0,[],0,19
1597,2007-08-24 07:33:57.026,0,[],0,7
1598,2007-08-27 10:50:22.001,0,[],0,10
1599,2007-09-04 14:09:23.518,0,[],0,18
1600,2007-09-09 17:25:53.571,0,[],0,23
1601,2007-08-23 22:16:53.651,0,[],0,6
1602,2007-08-29 01:31:23.347,0,[],0,11
1603,2007-09-06 08:04:56.099,0,[],0,19
1604,2007-09-12 11:21:24.065,0,[],0,25
1605,2007-09-03 14:40:23.919,0,[],0,16
1606,2007-09-05 17:56:23.972,0,[],0,18
1607,2007-09-06 21:10:22.218,1,"[{'lat': -17.879, 'long': -174.91, 'Time': Timestamp('2007-09-06 23:43:44'), 'mag': 5.4}]",1,19
1608,2007-09-08 00:24:24.078,0,[],0,20
1609,2007-08-27 06:56:55.474,0,[],0,8
1610,2007-08-29 10:12:49.667,0,[],0,10
1611,2007-09-06 13:32:23.293,0,[],0,18
1612,2007-09-11 23:17:20.540,0,[],0,23
1613,2007-08-30 07:27:53.107,0,[],0,10
1614,2007-09-17 10:43:54.500,0,[],0,28
1615,2007-09-12 14:02:53.694,0,[],0,23
1616,2007-08-29 17:19:53.748,1,"[{'lat': -0.559, 'long': -91.339, 'Time': Timestamp('2007-08-29 22:10:10'), 'mag': 5.4}]",1,9
1617,2007-08-29 20:30:48.008,0,[],0,9
1618,2007-08-29 23:47:53.854,0,[],0,9
1619,2007-09-20 07:58:27.604,0,[],0,30
1620,2007-09-16 21:01:20.288,0,[],0,26
1621,2007-08-28 00:18:23.255,1,"[{'lat': 49.69, 'long': 154.29, 'Time': Timestamp('2007-08-28 01:16:04'), 'mag': 5.6}]",1,6
1622,2007-09-21 08:29:21.581,0,[],0,30
1623,2007-09-01 11:46:23.536,0,[],0,10
1624,2007-09-18 15:04:52.351,0,[],0,27
1625,2007-09-09 21:33:24.991,0,[],0,18
1626,2007-09-02 00:48:23.749,1,"[{'lat': -11.61, 'long': 165.762, 'Time': Timestamp('2007-09-02 01:05:18'), 'mag': 7.2}, {'lat': -11.629, 'long': 165.855, 'Time': Timestamp('2007-09-02 01:31:25'), 'mag': 5.0}, {'lat': -11.564, 'long': 166.064, 'Time': Timestamp('2007-09-02 01:41:31'), 'mag': 5.0}, {'lat': -11.808, 'long': 165.764, 'Time': Timestamp('2007-09-02 02:34:12'), 'mag': 5.4}, {'lat': -11.766, 'long': 165.699, 'Time': Timestamp('2007-09-02 02:35:23'), 'mag': 6.3}, {'lat': -11.61, 'long': 165.762, 'Time': Timestamp('2007-09-02 01:05:18'), 'mag': 7.2}, {'lat': -11.629, 'long': 165.855, 'Time': Timestamp('2007-09-02 01:31:25'), 'mag': 5.0}, {'lat': -11.564, 'long': 166.064, 'Time': Timestamp('2007-09-02 01:41:31'), 'mag': 5.0}, {'lat': -11.808, 'long': 165.764, 'Time': Timestamp('2007-09-02 02:34:12'), 'mag': 5.4}, {'lat': -11.766, 'long': 165.699, 'Time': Timestamp('2007-09-02 02:35:23'), 'mag': 6.3}, {'lat': -11.61, 'long': 165.762, 'Time': Timestamp('2007-09-02 01:05:18'), 'mag': 7.2}, {'lat': -11.629, 'long': 165.855, 'Time': Timestamp('2007-09-02 01:31:25'), 'mag': 5.0}, {'lat': -11.564, 'long': 166.064, 'Time': Timestamp('2007-09-02 01:41:31'), 'mag': 5.0}, {'lat': -11.808, 'long': 165.764, 'Time': Timestamp('2007-09-02 02:34:12'), 'mag': 5.4}, {'lat': -11.766, 'long': 165.699, 'Time': Timestamp('2007-09-02 02:35:23'), 'mag': 6.3}]",15,10
1627,2007-09-16 07:21:24.705,0,[],0,24
1628,2007-09-19 10:37:58.754,0,[],0,27
1629,2007-09-10 13:56:53.964,0,[],0,18
1630,2007-09-21 17:13:24.018,0,[],0,29
1631,2007-08-29 20:27:50.935,0,[],0,6
1632,2007-09-02 23:41:53.124,1,"[{'lat': 56.9284, 'long': -154.8006, 'Time': Timestamp('2007-09-03 01:01:53'), 'mag': 5.0}, {'lat': 56.9284, 'long': -154.8006, 'Time': Timestamp('2007-09-03 01:01:53'), 'mag': 5.0}, {'lat': 56.9284, 'long': -154.8006, 'Time': Timestamp('2007-09-03 01:01:53'), 'mag': 5.0}, {'lat': -11.937, 'long': 166.298, 'Time': Timestamp('2007-09-03 01:28:24'), 'mag': 5.1}, {'lat': -11.937, 'long': 166.298, 'Time': Timestamp('2007-09-03 01:28:24'), 'mag': 5.1}, {'lat': -11.937, 'long': 166.298, 'Time': Timestamp('2007-09-03 01:28:24'), 'mag': 5.1}]",6,10
1633,2007-09-19 07:52:26.875,0,[],0,26
1634,2007-09-07 11:08:51.961,0,[],0,14
1635,2007-09-13 14:27:53.366,0,[],0,20
1636,2007-09-08 17:43:53.419,0,[],0,15
1637,2007-09-01 20:55:23.327,0,[],0,8
1638,2007-09-12 00:11:53.525,1,"[{'lat': -0.88, 'long': 146.57, 'Time': Timestamp('2007-09-12 01:55:44'), 'mag': 5.1}, {'lat': -0.88, 'long': 146.57, 'Time': Timestamp('2007-09-12 01:55:44'), 'mag': 5.1}, {'lat': -0.88, 'long': 146.57, 'Time': Timestamp('2007-09-12 01:55:44'), 'mag': 5.1}]",3,18
1639,2007-09-01 10:00:20.115,0,[],0,7
1640,2007-09-08 13:19:23.740,0,[],0,14
1641,2007-09-10 16:36:53.793,0,[],0,16
1642,2007-09-23 19:51:23.847,0,[],0,29
1643,2007-09-18 23:05:19.659,0,[],0,24
1644,2007-09-24 02:19:53.708,1,"[{'lat': 9.187, 'long': 126.492, 'Time': Timestamp('2007-09-24 03:21:47'), 'mag': 5.0}, {'lat': 9.187, 'long': 126.492, 'Time': Timestamp('2007-09-24 03:21:47'), 'mag': 5.0}, {'lat': 9.187, 'long': 126.492, 'Time': Timestamp('2007-09-24 03:21:47'), 'mag': 5.0}, {'lat': -7.611, 'long': 122.537, 'Time': Timestamp('2007-09-24 04:42:12'), 'mag': 5.1}, {'lat': -7.611, 'long': 122.537, 'Time': Timestamp('2007-09-24 04:42:12'), 'mag': 5.1}]",5,29
1645,2007-09-15 07:15:26.913,1,"[{'lat': 2.737, 'long': 66.142, 'Time': Timestamp('2007-09-15 07:30:02'), 'mag': 5.0}, {'lat': 2.737, 'long': 66.142, 'Time': Timestamp('2007-09-15 07:30:02'), 'mag': 5.0}, {'lat': 2.737, 'long': 66.142, 'Time': Timestamp('2007-09-15 07:30:02'), 'mag': 5.0}]",3,20
1646,2007-09-24 10:31:22.284,0,[],0,29
1647,2007-09-03 13:50:53.141,0,[],0,8
1648,2007-09-09 23:35:20.723,0,[],0,14
1649,2007-09-17 07:45:52.955,0,[],0,21
1650,2007-09-07 11:02:50.698,0,[],0,11
1651,2007-09-26 14:21:23.542,0,[],0,30
1652,2007-09-08 17:37:53.596,0,[],0,12
1653,2007-09-14 20:48:50.736,0,[],0,18
1654,2007-09-21 00:05:53.702,0,[],0,24
1655,2007-09-05 08:16:53.357,0,[],0,8
1656,2007-09-12 11:33:53.890,0,[],0,15
1657,2007-09-11 14:52:23.943,0,[],0,14
1658,2007-09-21 18:08:23.997,0,[],0,24
1659,2007-09-13 21:21:24.016,0,[],0,16
1660,2007-09-06 00:36:23.103,0,[],0,8
1661,2007-09-25 07:09:26.090,0,[],0,27
1662,2007-09-03 10:25:22.545,0,[],0,5
1663,2007-09-10 13:44:23.402,0,[],0,12
1664,2007-09-16 23:29:20.872,1,"[{'lat': 54.136, 'long': 169.208, 'Time': Timestamp('2007-09-17 00:35:22'), 'mag': 5.3}, {'lat': 54.136, 'long': 169.208, 'Time': Timestamp('2007-09-17 00:35:22'), 'mag': 5.3}]",2,18
1665,2007-09-10 09:16:53.466,0,[],0,11
1666,2007-09-29 12:35:53.776,0,[],0,30
1667,2007-09-29 15:53:52.134,0,[],0,30
1668,2007-09-29 19:08:53.884,0,[],0,30
1669,2007-09-17 22:22:53.937,0,[],0,18
1670,2007-09-29 01:36:50.865,1,"[{'lat': 5.977, 'long': 127.474, 'Time': Timestamp('2007-09-29 06:42:34'), 'mag': 5.5}, {'lat': 5.977, 'long': 127.474, 'Time': Timestamp('2007-09-29 06:42:34'), 'mag': 5.5}, {'lat': 5.977, 'long': 127.474, 'Time': Timestamp('2007-09-29 06:42:34'), 'mag': 5.5}]",3,29
1671,2007-09-09 06:32:24.919,0,[],0,9
1672,2007-09-28 09:47:49.553,0,[],0,28
1673,2007-09-17 13:06:53.178,0,[],0,17
1674,2007-09-10 16:24:23.232,0,[],0,10
1675,2007-09-25 19:39:23.285,0,[],0,25
1676,2007-09-06 22:52:50.425,1,"[{'lat': -17.879, 'long': -174.91, 'Time': Timestamp('2007-09-06 23:43:44'), 'mag': 5.4}, {'lat': -17.879, 'long': -174.91, 'Time': Timestamp('2007-09-06 23:43:44'), 'mag': 5.4}, {'lat': -17.879, 'long': -174.91, 'Time': Timestamp('2007-09-06 23:43:44'), 'mag': 5.4}]",3,6
1677,2007-09-17 10:18:52.721,0,[],0,16
1678,2007-09-22 13:38:23.580,0,[],0,21
1679,2007-09-13 16:55:23.633,0,[],0,12
1680,2007-09-30 20:09:53.686,0,[],0,29
1681,2007-09-18 23:23:22.266,0,[],0,17
1682,2007-09-08 07:34:09.777,0,[],0,6
1683,2007-09-09 10:49:53.792,0,[],0,7
1684,2007-09-30 14:08:53.981,0,[],0,28
1685,2007-09-23 23:53:53.140,0,[],0,21
1686,2007-09-11 08:04:26.891,0,[],0,8
1687,2007-09-18 11:21:23.529,0,[],0,15
1688,2007-09-14 14:39:53.382,0,[],0,11
1689,2007-09-20 17:55:53.435,0,[],0,17
1690,2007-09-10 21:09:53.008,0,[],0,7
1691,2007-09-11 00:23:53.541,0,[],0,7
1692,2007-09-23 08:35:21.867,0,[],0,19
1693,2007-09-09 11:52:23.780,0,[],0,5
1694,2007-09-11 15:10:48.102,0,[],0,7
1695,2007-09-27 18:26:23.836,0,[],0,23
1696,2007-09-20 21:40:22.528,0,[],0,16
1697,2007-09-19 00:54:23.942,0,[],0,14
1698,2007-09-15 07:27:23.570,1,"[{'lat': 2.737, 'long': 66.142, 'Time': Timestamp('2007-09-15 07:30:02'), 'mag': 5.0}, {'lat': 2.737, 'long': 66.142, 'Time': Timestamp('2007-09-15 07:30:02'), 'mag': 5.0}, {'lat': 2.737, 'long': 66.142, 'Time': Timestamp('2007-09-15 07:30:02'), 'mag': 5.0}]",3,10
1699,2007-10-05 10:43:53.055,0,[],0,30
1700,2007-09-25 14:02:53.243,0,[],0,20
1701,2007-09-11 23:47:23.403,0,[],0,6
1702,2007-09-22 21:03:49.287,0,[],0,16
1703,2007-09-14 00:17:53.993,0,[],0,7
1704,2007-09-17 08:27:15.154,0,[],0,10
1705,2007-09-20 11:45:53.992,0,[],0,13
1706,2007-10-07 15:04:18.923,0,[],0,30
1707,2007-09-28 18:20:23.099,0,[],0,21
1708,2007-09-13 21:34:18.577,0,[],0,6
1709,2007-09-22 00:48:17.970,0,[],0,14
1710,2007-09-21 07:21:25.723,0,[],0,13
1711,2007-10-07 12:17:23.392,0,[],0,29
1712,2007-09-16 15:35:18.871,0,[],0,8
1713,2007-09-20 18:50:49.382,0,[],0,12
1714,2007-09-21 22:04:19.089,0,[],0,13
1715,2007-09-29 01:18:23.606,1,"[{'lat': 5.977, 'long': 127.474, 'Time': Timestamp('2007-09-29 06:42:34'), 'mag': 5.5}, {'lat': 5.977, 'long': 127.474, 'Time': Timestamp('2007-09-29 06:42:34'), 'mag': 5.5}]",2,20
1716,2007-10-08 06:13:55.985,0,[],0,29
1717,2007-09-20 09:28:54.823,0,[],0,11
1718,2007-10-01 12:48:23.794,0,[],0,22
1719,2007-10-04 22:34:53.954,0,[],0,25
1720,2007-09-24 11:39:53.168,0,[],0,14
1721,2007-10-02 14:58:20.756,1,"[{'lat': 57.487, 'long': -33.03, 'Time': Timestamp('2007-10-02 16:34:46'), 'mag': 5.3}, {'lat': 57.487, 'long': -33.03, 'Time': Timestamp('2007-10-02 16:34:46'), 'mag': 5.3}, {'lat': -25.85, 'long': -70.555, 'Time': Timestamp('2007-10-02 15:33:01'), 'mag': 5.0}, {'lat': -25.847, 'long': -70.574, 'Time': Timestamp('2007-10-02 15:38:26'), 'mag': 5.2}, {'lat': -25.85, 'long': -70.555, 'Time': Timestamp('2007-10-02 15:33:01'), 'mag': 5.0}, {'lat': -25.847, 'long': -70.574, 'Time': Timestamp('2007-10-02 15:38:26'), 'mag': 5.2}]",6,22
1722,2007-09-17 18:14:23.275,0,[],0,7
1723,2007-09-23 21:28:25.617,0,[],0,13
1724,2007-10-04 00:42:14.051,0,[],0,23
1725,2007-10-02 07:14:57.228,1,"[{'lat': 13.439, 'long': 40.828, 'Time': Timestamp('2007-10-02 09:06:31'), 'mag': 5.0}, {'lat': 13.439, 'long': 40.828, 'Time': Timestamp('2007-10-02 09:06:31'), 'mag': 5.0}]",2,21
1726,2007-09-17 10:31:25.506,0,[],0,6
1727,2007-10-11 13:50:23.596,0,[],0,30
1728,2007-10-01 17:07:23.650,0,[],0,20
1729,2007-09-21 20:21:17.800,0,[],0,10
1730,2007-10-07 01:12:18.549,0,[],0,25
1731,2007-10-12 06:07:24.835,0,[],0,30
1732,2007-09-20 11:02:21.128,0,[],0,8
1733,2007-09-26 14:21:20.395,0,[],0,14
1734,2007-09-29 00:05:53.244,0,[],0,16
1735,2007-09-28 08:16:51.569,0,[],0,15
1736,2007-09-23 11:33:23.431,0,[],0,10
1737,2007-09-22 14:52:20.907,0,[],0,9
1738,2007-09-21 18:07:53.539,0,[],0,8
1739,2007-09-27 21:21:53.112,0,[],0,14
1740,2007-09-21 00:35:50.966,0,[],0,7
1741,2007-10-05 03:52:54.112,1,"[{'lat': -4.376, 'long': 101.337, 'Time': Timestamp('2007-10-05 09:22:36'), 'mag': 5.1}, {'lat': -4.376, 'long': 101.337, 'Time': Timestamp('2007-10-05 09:22:36'), 'mag': 5.1}, {'lat': -4.376, 'long': 101.337, 'Time': Timestamp('2007-10-05 09:22:36'), 'mag': 5.1}]",3,21
1742,2007-10-13 07:08:54.723,0,[],0,29
1743,2007-09-30 10:24:53.002,0,[],0,16
1744,2007-09-24 13:43:53.860,0,[],0,10
1745,2007-10-14 17:00:53.914,0,[],0,30
1746,2007-09-28 20:15:24.926,0,[],0,14
1747,2007-10-12 23:29:21.330,1,"[{'lat': -54.371, 'long': 159.027, 'Time': Timestamp('2007-10-13 02:22:43'), 'mag': 5.4}, {'lat': -54.371, 'long': 159.027, 'Time': Timestamp('2007-10-13 02:22:43'), 'mag': 5.4}]",2,28
1748,2007-10-01 07:39:52.673,0,[],0,16
1749,2007-09-27 10:55:49.089,0,[],0,12
1750,2007-09-23 14:14:53.260,0,[],0,8
1751,2007-09-22 17:31:23.315,0,[],0,7
1752,2007-09-29 20:45:50.912,0,[],0,14
1753,2007-10-07 23:59:23.420,1,"[{'lat': -3.759, 'long': 150.219, 'Time': Timestamp('2007-10-08 03:12:05'), 'mag': 5.0}, {'lat': -3.759, 'long': 150.219, 'Time': Timestamp('2007-10-08 03:12:05'), 'mag': 5.0}, {'lat': -3.759, 'long': 150.219, 'Time': Timestamp('2007-10-08 03:12:05'), 'mag': 5.0}]",3,22
1754,2007-10-15 08:10:23.755,0,[],0,29
1755,2007-09-23 11:27:23.608,0,[],0,7
1756,2007-09-28 22:52:53.795,0,[],0,12
1757,2007-10-08 02:07:23.848,1,"[{'lat': -3.759, 'long': 150.219, 'Time': Timestamp('2007-10-08 03:12:05'), 'mag': 5.0}, {'lat': -3.759, 'long': 150.219, 'Time': Timestamp('2007-10-08 03:12:05'), 'mag': 5.0}, {'lat': -3.759, 'long': 150.219, 'Time': Timestamp('2007-10-08 03:12:05'), 'mag': 5.0}]",3,21
1758,2007-10-13 07:02:52.233,0,[],0,26
1759,2007-10-02 10:18:53.982,0,[],0,15
1760,2007-10-06 13:37:54.037,0,[],0,19
1761,2007-09-25 16:54:53.090,0,[],0,8
1762,2007-09-22 20:09:23.143,0,[],0,5
1763,2007-09-28 23:22:53.196,0,[],0,11
1764,2007-09-30 09:10:23.356,0,[],0,12
1765,2007-10-07 12:29:23.411,0,[],0,19
1766,2007-10-01 15:47:23.465,0,[],0,13
1767,2007-10-03 19:02:53.518,0,[],0,15
1768,2007-10-18 22:15:23.883,0,[],0,30
1769,2007-10-06 01:30:23.623,1,"[{'lat': -11.976, 'long': 165.86, 'Time': Timestamp('2007-10-06 02:37:16'), 'mag': 5.1}, {'lat': -11.976, 'long': 165.86, 'Time': Timestamp('2007-10-06 02:37:16'), 'mag': 5.1}]",2,17
1770,2007-10-03 06:25:54.552,0,[],0,14
1771,2007-10-16 09:41:20.942,0,[],0,27
1772,2007-10-15 13:00:23.900,0,[],0,26
1773,2007-10-10 22:46:53.914,1,"[{'lat': -21.236, 'long': 170.26, 'Time': Timestamp('2007-10-10 23:11:41'), 'mag': 5.4}, {'lat': -21.236, 'long': 170.26, 'Time': Timestamp('2007-10-10 23:11:41'), 'mag': 5.4}, {'lat': -21.236, 'long': 170.26, 'Time': Timestamp('2007-10-10 23:11:41'), 'mag': 5.4}]",3,21
1774,2007-10-02 06:56:21.385,0,[],0,12
1775,2007-10-10 10:12:23.772,0,[],0,20
1776,2007-10-12 13:31:23.300,0,[],0,22
1777,2007-10-02 16:48:53.355,0,[],0,12
1778,2007-09-28 20:03:23.408,0,[],0,8
1779,2007-10-01 23:16:50.548,0,[],0,11
1780,2007-10-15 07:27:23.115,0,[],0,24
1781,2007-10-17 10:43:24.842,0,[],0,26
1782,2007-10-18 14:02:23.702,1,"[{'lat': 30.132, 'long': -42.594, 'Time': Timestamp('2007-10-18 16:13:14'), 'mag': 5.7}, {'lat': 30.132, 'long': -42.594, 'Time': Timestamp('2007-10-18 16:13:14'), 'mag': 5.7}, {'lat': 30.132, 'long': -42.594, 'Time': Timestamp('2007-10-18 16:13:14'), 'mag': 5.7}]",3,27
1783,2007-10-04 17:19:23.756,0,[],0,13
1784,2007-10-05 20:30:18.016,0,[],0,14
1785,2007-10-11 06:19:19.839,0,[],0,19
1786,2007-10-20 09:34:53.776,0,[],0,28
1787,2007-10-06 22:40:23.236,0,[],0,14
1788,2007-10-14 01:54:52.933,0,[],0,21
1789,2007-10-09 06:50:24.219,0,[],0,16
1790,2007-10-17 10:05:49.852,0,[],0,24
1791,2007-10-11 13:25:23.478,0,[],0,18
1792,2007-10-19 00:47:45.662,0,[],0,25
1793,2007-09-29 10:37:28.669,0,[],0,5
1794,2007-10-06 13:56:23.879,0,[],0,12
1795,2007-10-02 17:12:53.932,0,[],0,8
1796,2007-10-04 20:27:20.849,0,[],0,10
1797,2007-10-14 23:40:54.039,0,[],0,20
1798,2007-10-20 07:51:52.693,0,[],0,25
1799,2007-10-21 20:56:24.235,0,[],0,26
1800,2007-10-25 00:11:23.439,1,"[{'lat': -6.317, 'long': 154.827, 'Time': Timestamp('2007-10-25 03:44:40'), 'mag': 5.6}, {'lat': -6.317, 'long': 154.827, 'Time': Timestamp('2007-10-25 03:44:40'), 'mag': 5.6}, {'lat': -6.317, 'long': 154.827, 'Time': Timestamp('2007-10-25 03:44:40'), 'mag': 5.6}]",3,29
1801,2007-10-10 08:22:23.094,0,[],0,14
1802,2007-10-24 13:18:53.743,0,[],0,28
1803,2007-10-03 23:04:49.662,1,"[{'lat': -21.538, 'long': 168.28, 'Time': Timestamp('2007-10-03 23:36:09'), 'mag': 5.3}, {'lat': -21.538, 'long': 168.28, 'Time': Timestamp('2007-10-03 23:36:09'), 'mag': 5.3}, {'lat': -21.538, 'long': 168.28, 'Time': Timestamp('2007-10-03 23:36:09'), 'mag': 5.3}]",3,7
1804,2007-10-18 08:51:19.375,0,[],0,21
1805,2007-10-10 12:10:23.117,0,[],0,13
1806,2007-10-03 15:28:44.500,0,[],0,6
1807,2007-10-05 18:44:23.224,0,[],0,8
1808,2007-10-09 21:56:48.590,1,"[{'lat': 43.767, 'long': -127.87, 'Time': Timestamp('2007-10-10 00:15:15'), 'mag': 5.0}, {'lat': 43.767, 'long': -127.87, 'Time': Timestamp('2007-10-10 00:15:15'), 'mag': 5.0}, {'lat': -15.379, 'long': -173.169, 'Time': Timestamp('2007-10-10 01:50:57'), 'mag': 5.4}, {'lat': -15.379, 'long': -173.169, 'Time': Timestamp('2007-10-10 01:50:57'), 'mag': 5.4}, {'lat': -15.379, 'long': -173.169, 'Time': Timestamp('2007-10-10 01:50:57'), 'mag': 5.4}]",5,12
1809,2007-10-23 01:12:20.864,1,"[{'lat': -6.347, 'long': 154.756, 'Time': Timestamp('2007-10-23 06:41:49'), 'mag': 5.3}, {'lat': -6.347, 'long': 154.756, 'Time': Timestamp('2007-10-23 06:41:49'), 'mag': 5.3}, {'lat': -6.347, 'long': 154.756, 'Time': Timestamp('2007-10-23 06:41:49'), 'mag': 5.3}]",3,25
1810,2007-10-08 06:07:23.053,0,[],0,10
1811,2007-10-28 09:22:20.451,0,[],0,30
1812,2007-10-15 12:41:53.518,0,[],0,17
1813,2007-10-07 15:59:20.659,0,[],0,9
1814,2007-10-07 00:05:23.705,0,[],0,8
1815,2007-10-15 04:59:58.852,0,[],0,16
1816,2007-10-04 09:53:20.294,0,[],0,5
1817,2007-10-16 13:12:53.919,0,[],0,17
1818,2007-10-08 16:30:23.973,0,[],0,9
1819,2007-10-14 19:44:54.027,0,[],0,15
1820,2007-10-05 22:58:24.262,1,"[{'lat': -23.244, 'long': -177.181, 'Time': Timestamp('2007-10-06 03:03:36'), 'mag': 5.3}, {'lat': -23.244, 'long': -177.181, 'Time': Timestamp('2007-10-06 03:03:36'), 'mag': 5.3}, {'lat': -23.244, 'long': -177.181, 'Time': Timestamp('2007-10-06 03:03:36'), 'mag': 5.3}, {'lat': -11.976, 'long': 165.86, 'Time': Timestamp('2007-10-06 02:37:16'), 'mag': 5.1}, {'lat': -11.976, 'long': 165.86, 'Time': Timestamp('2007-10-06 02:37:16'), 'mag': 5.1}, {'lat': -11.976, 'long': 165.86, 'Time': Timestamp('2007-10-06 02:37:16'), 'mag': 5.1}]",6,6
1821,2007-10-26 07:08:24.184,0,[],0,26
1822,2007-10-20 10:24:19.696,0,[],0,20
1823,2007-10-14 13:43:53.321,0,[],0,14
1824,2007-10-27 17:00:53.374,0,[],0,27
1825,2007-10-12 20:15:23.059,0,[],0,12
