index,time_window,label,matched_eqs,total_eq,random_offset_days
0,2008-04-07 07:56:20.823,0,[],0,6
1,2008-05-01 11:13:23.320,0,[],0,30
2,2008-04-19 14:31:50.596,0,[],0,18
3,2008-04-13 17:48:23.563,1,"[{'lat': 13.564, 'long': -90.599, 'Time': Timestamp('2008-04-15 03:03:04'), 'mag': 6.1}]",1,12
4,2008-04-19 21:02:20.925,1,"[{'lat': -31.583, 'long': -177.854, 'Time': Timestamp('2008-04-21 18:08:10'), 'mag': 5.1}]",1,18
5,2008-04-24 00:16:23.668,1,"[{'lat': -20.059, 'long': 168.72, 'Time': Timestamp('2008-04-24 01:19:15'), 'mag': 5.7}, {'lat': -20.0, 'long': 169.013, 'Time': Timestamp('2008-04-24 14:38:34'), 'mag': 5.1}, {'lat': 37.819, 'long': 29.256, 'Time': Timestamp('2008-04-25 04:48:54'), 'mag': 5.0}, {'lat': 35.62, 'long': 140.46, 'Time': Timestamp('2008-04-25 09:52:47'), 'mag': 5.1}, {'lat': 32.625, 'long': 85.227, 'Time': Timestamp('2008-04-25 12:03:51'), 'mag': 5.0}]",5,22
6,2008-04-26 03:32:55.463,1,"[{'lat': -3.266, 'long': 101.407, 'Time': Timestamp('2008-04-27 01:16:12'), 'mag': 5.2}, {'lat': -7.782, 'long': 107.876, 'Time': Timestamp('2008-04-27 05:02:39'), 'mag': 5.0}, {'lat': 24.812, 'long': 125.047, 'Time': Timestamp('2008-04-27 17:32:11'), 'mag': 5.2}]",3,24
7,2008-05-01 06:48:54.746,0,[],0,29
8,2008-04-17 10:04:51.044,1,"[{'lat': -52.864, 'long': 21.081, 'Time': Timestamp('2008-04-18 15:31:54'), 'mag': 5.4}]",1,15
9,2008-04-19 13:23:54.000,1,"[{'lat': -55.44, 'long': -28.025, 'Time': Timestamp('2008-04-21 03:47:24'), 'mag': 5.0}]",1,17
10,2008-04-11 11:06:50.846,0,[],0,7
11,2008-05-01 14:25:43.915,1,"[{'lat': -42.766, 'long': -72.266, 'Time': Timestamp('2008-05-02 05:51:24'), 'mag': 5.2}, {'lat': -42.784, 'long': -72.246, 'Time': Timestamp('2008-05-03 02:36:12'), 'mag': 5.0}]",2,27
12,2008-04-22 17:42:23.856,0,[],0,18
13,2008-05-02 20:56:23.909,1,"[{'lat': 43.155, 'long': -126.369, 'Time': Timestamp('2008-05-04 02:51:12'), 'mag': 5.1}]",1,28
14,2008-04-29 00:10:23.962,1,"[{'lat': 11.715, 'long': 42.808, 'Time': Timestamp('2008-04-29 01:07:31'), 'mag': 5.0}, {'lat': 41.452, 'long': 142.03, 'Time': Timestamp('2008-04-29 05:26:04'), 'mag': 5.8}, {'lat': -6.108, 'long': 127.484, 'Time': Timestamp('2008-04-29 19:10:02'), 'mag': 5.9}, {'lat': -8.066, 'long': 121.812, 'Time': Timestamp('2008-04-30 08:02:09'), 'mag': 5.0}]",4,24
15,2008-04-14 08:21:23.398,0,[],0,9
16,2008-04-20 11:38:23.149,1,"[{'lat': -55.44, 'long': -28.025, 'Time': Timestamp('2008-04-21 03:47:24'), 'mag': 5.0}]",1,15
17,2008-04-12 14:56:48.081,1,"[{'lat': 13.387, 'long': -44.872, 'Time': Timestamp('2008-04-13 23:29:52'), 'mag': 5.1}]",1,7
18,2008-05-03 18:12:23.257,0,[],0,28
19,2008-04-30 21:26:23.310,1,"[{'lat': -42.766, 'long': -72.266, 'Time': Timestamp('2008-05-02 05:51:24'), 'mag': 5.2}]",1,25
20,2008-05-05 00:40:15.361,1,"[{'lat': -22.754, 'long': 173.431, 'Time': Timestamp('2008-05-05 02:50:36'), 'mag': 5.2}, {'lat': 28.37, 'long': 54.05, 'Time': Timestamp('2008-05-05 21:57:53'), 'mag': 5.2}, {'lat': 53.248, 'long': -35.231, 'Time': Timestamp('2008-05-06 08:39:51'), 'mag': 5.1}, {'lat': 53.475, 'long': -35.129, 'Time': Timestamp('2008-05-06 08:47:10'), 'mag': 5.2}, {'lat': -20.398, 'long': 168.827, 'Time': Timestamp('2008-05-06 10:06:35'), 'mag': 5.3}, {'lat': -20.457, 'long': 168.836, 'Time': Timestamp('2008-05-06 12:42:17'), 'mag': 5.5}, {'lat': 71.479, 'long': -12.582, 'Time': Timestamp('2008-05-06 19:51:11'), 'mag': 5.0}, {'lat': -7.863, 'long': 123.147, 'Time': Timestamp('2008-05-06 23:27:37'), 'mag': 5.4}]",8,29
21,2008-04-29 07:13:26.763,0,[],0,23
22,2008-04-18 10:29:53.390,1,"[{'lat': -3.668, 'long': 26.073, 'Time': Timestamp('2008-04-20 07:30:44'), 'mag': 5.2}]",1,12
23,2008-04-11 13:48:53.578,0,[],0,5
24,2008-05-05 23:33:53.737,0,[],0,29
25,2008-04-24 07:44:23.068,0,[],0,17
26,2008-05-03 11:00:51.023,0,[],0,26
27,2008-04-30 14:19:46.748,1,"[{'lat': -42.766, 'long': -72.266, 'Time': Timestamp('2008-05-02 05:51:24'), 'mag': 5.2}]",1,23
28,2008-05-04 17:36:24.033,0,[],0,27
29,2008-04-30 20:50:23.086,0,[],0,23
30,2008-05-03 00:03:53.138,1,"[{'lat': -3.271, 'long': 147.907, 'Time': Timestamp('2008-05-03 03:25:47'), 'mag': 5.0}, {'lat': -3.015, 'long': 101.319, 'Time': Timestamp('2008-05-03 03:53:34'), 'mag': 5.3}, {'lat': -6.64, 'long': 155.091, 'Time': Timestamp('2008-05-03 19:01:46'), 'mag': 5.8}, {'lat': 4.332, 'long': 127.828, 'Time': Timestamp('2008-05-04 13:31:20'), 'mag': 5.0}]",4,25
31,2008-04-27 08:15:19.478,1,"[{'lat': 11.683, 'long': 42.986, 'Time': Timestamp('2008-04-29 00:06:59'), 'mag': 5.0}, {'lat': 11.715, 'long': 42.808, 'Time': Timestamp('2008-04-29 01:07:31'), 'mag': 5.0}]",2,19
32,2008-05-06 11:32:23.327,0,[],0,28
33,2008-05-06 14:50:49.363,1,"[{'lat': -21.989, 'long': -68.83, 'Time': Timestamp('2008-05-08 00:27:22'), 'mag': 5.0}]",1,28
34,2008-04-29 18:06:23.434,0,[],0,21
35,2008-04-24 08:44:20.661,1,"[{'lat': 37.819, 'long': 29.256, 'Time': Timestamp('2008-04-25 04:48:54'), 'mag': 5.0}]",1,15
36,2008-04-20 12:03:23.848,1,"[{'lat': -55.44, 'long': -28.025, 'Time': Timestamp('2008-04-21 03:47:24'), 'mag': 5.0}]",1,11
37,2008-04-27 15:21:24.316,1,"[{'lat': -42.707, 'long': -82.761, 'Time': Timestamp('2008-04-27 18:29:47'), 'mag': 5.0}]",1,18
38,2008-05-09 21:49:54.320,1,"[{'lat': -51.46, 'long': 139.129, 'Time': Timestamp('2008-05-10 06:17:32'), 'mag': 5.1}, {'lat': -17.74, 'long': -173.283, 'Time': Timestamp('2008-05-11 05:49:22'), 'mag': 5.4}]",2,30
39,2008-05-09 01:04:48.827,1,"[{'lat': 12.516, 'long': 143.181, 'Time': Timestamp('2008-05-09 21:51:29'), 'mag': 6.8}, {'lat': -51.46, 'long': 139.129, 'Time': Timestamp('2008-05-10 06:17:32'), 'mag': 5.1}, {'lat': 23.371, 'long': 143.278, 'Time': Timestamp('2008-05-10 13:32:49'), 'mag': 5.1}, {'lat': -14.81, 'long': 167.331, 'Time': Timestamp('2008-05-10 16:15:45'), 'mag': 5.0}, {'lat': 43.533, 'long': 145.717, 'Time': Timestamp('2008-05-10 18:24:02'), 'mag': 5.2}, {'lat': 24.044, 'long': 122.575, 'Time': Timestamp('2008-05-10 19:41:59'), 'mag': 5.6}, {'lat': 36.3, 'long': 22.24, 'Time': Timestamp('2008-05-10 20:53:04'), 'mag': 5.4}]",7,29
40,2008-05-03 05:59:54.113,0,[],0,23
41,2008-05-09 09:15:20.182,1,"[{'lat': 36.3, 'long': 22.24, 'Time': Timestamp('2008-05-10 20:53:04'), 'mag': 5.4}]",1,29
42,2008-05-10 12:34:23.249,0,[],0,30
43,2008-04-27 15:52:19.956,1,"[{'lat': -42.707, 'long': -82.761, 'Time': Timestamp('2008-04-27 18:29:47'), 'mag': 5.0}]",1,17
44,2008-04-27 19:07:23.357,1,"[{'lat': 48.685, 'long': -128.888, 'Time': Timestamp('2008-04-27 21:17:59'), 'mag': 5.2}, {'lat': 17.846, 'long': -100.171, 'Time': Timestamp('2008-04-28 00:06:28'), 'mag': 5.8}, {'lat': -36.62, 'long': -110.59, 'Time': Timestamp('2008-04-28 12:53:28'), 'mag': 5.2}, {'lat': 18.65, 'long': -101.083, 'Time': Timestamp('2008-04-29 10:56:44'), 'mag': 5.3}]",4,17
45,2008-05-04 22:21:23.409,1,"[{'lat': -22.754, 'long': 173.431, 'Time': Timestamp('2008-05-05 02:50:36'), 'mag': 5.2}, {'lat': -20.398, 'long': 168.827, 'Time': Timestamp('2008-05-06 10:06:35'), 'mag': 5.3}, {'lat': -20.457, 'long': 168.836, 'Time': Timestamp('2008-05-06 12:42:17'), 'mag': 5.5}]",3,24
46,2008-05-07 01:35:21.778,1,"[{'lat': 36.178, 'long': 141.545, 'Time': Timestamp('2008-05-07 16:02:02'), 'mag': 6.2}, {'lat': 36.226, 'long': 141.766, 'Time': Timestamp('2008-05-07 16:03:40'), 'mag': 5.4}, {'lat': 36.232, 'long': 141.907, 'Time': Timestamp('2008-05-07 16:09:04'), 'mag': 5.3}, {'lat': 36.228, 'long': 141.7, 'Time': Timestamp('2008-05-07 16:12:27'), 'mag': 5.1}, {'lat': 36.156, 'long': 141.756, 'Time': Timestamp('2008-05-07 16:16:36'), 'mag': 6.1}, {'lat': 36.125, 'long': 141.842, 'Time': Timestamp('2008-05-07 16:24:10'), 'mag': 5.0}, {'lat': 36.38, 'long': 141.758, 'Time': Timestamp('2008-05-07 16:27:40'), 'mag': 5.0}, {'lat': 36.164, 'long': 141.526, 'Time': Timestamp('2008-05-07 16:45:18'), 'mag': 6.9}, {'lat': 36.248, 'long': 141.584, 'Time': Timestamp('2008-05-07 17:31:18'), 'mag': 5.4}, {'lat': 36.148, 'long': 141.501, 'Time': Timestamp('2008-05-07 18:19:56'), 'mag': 5.0}, {'lat': 36.09, 'long': 141.931, 'Time': Timestamp('2008-05-08 09:40:36'), 'mag': 5.0}, {'lat': 36.275, 'long': 142.029, 'Time': Timestamp('2008-05-08 21:18:43'), 'mag': 5.0}, {'lat': 36.108, 'long': 141.683, 'Time': Timestamp('2008-05-08 23:21:06'), 'mag': 5.6}]",13,26
47,2008-04-26 06:30:54.514,1,"[{'lat': 13.904, 'long': 51.658, 'Time': Timestamp('2008-04-26 12:38:59'), 'mag': 5.3}]",1,15
48,2008-05-09 09:46:20.695,1,"[{'lat': 36.3, 'long': 22.24, 'Time': Timestamp('2008-05-10 20:53:04'), 'mag': 5.4}]",1,28
49,2008-04-23 13:05:23.650,1,"[{'lat': -1.182, 'long': -23.471, 'Time': Timestamp('2008-04-24 12:14:49'), 'mag': 6.5}]",1,12
50,2008-04-24 16:22:53.704,0,[],0,13
51,2008-04-20 19:37:53.758,1,"[{'lat': -56.104, 'long': -126.891, 'Time': Timestamp('2008-04-21 19:41:20'), 'mag': 5.1}]",1,9
52,2008-04-26 22:51:23.811,1,"[{'lat': -49.091, 'long': 164.117, 'Time': Timestamp('2008-04-26 23:34:49'), 'mag': 6.1}, {'lat': 51.526, 'long': -176.54, 'Time': Timestamp('2008-04-27 07:21:54'), 'mag': 5.1}, {'lat': -9.746, 'long': 160.179, 'Time': Timestamp('2008-04-27 09:41:03'), 'mag': 5.0}, {'lat': -35.464, 'long': -16.597, 'Time': Timestamp('2008-04-27 14:35:29'), 'mag': 5.6}, {'lat': -42.707, 'long': -82.761, 'Time': Timestamp('2008-04-27 18:29:47'), 'mag': 5.0}, {'lat': 48.685, 'long': -128.888, 'Time': Timestamp('2008-04-27 21:17:59'), 'mag': 5.2}, {'lat': 17.846, 'long': -100.171, 'Time': Timestamp('2008-04-28 00:06:28'), 'mag': 5.8}, {'lat': -36.62, 'long': -110.59, 'Time': Timestamp('2008-04-28 12:53:28'), 'mag': 5.2}, {'lat': -58.754, 'long': -24.773, 'Time': Timestamp('2008-04-28 14:33:17'), 'mag': 5.2}, {'lat': -58.689, 'long': -24.777, 'Time': Timestamp('2008-04-28 15:31:17'), 'mag': 5.2}, {'lat': -58.739, 'long': -24.714, 'Time': Timestamp('2008-04-28 15:57:55'), 'mag': 6.1}, {'lat': -19.941, 'long': 168.953, 'Time': Timestamp('2008-04-28 18:33:34'), 'mag': 6.4}, {'lat': -20.238, 'long': 168.824, 'Time': Timestamp('2008-04-28 20:26:53'), 'mag': 6.1}]",13,15
53,2008-04-24 07:01:24.915,1,"[{'lat': 32.625, 'long': 85.227, 'Time': Timestamp('2008-04-25 12:03:51'), 'mag': 5.0}]",1,12
54,2008-04-23 10:17:25.192,1,"[{'lat': 37.819, 'long': 29.256, 'Time': Timestamp('2008-04-25 04:48:54'), 'mag': 5.0}]",1,11
55,2008-05-09 13:36:54.052,0,[],0,27
56,2008-05-12 16:53:53.106,0,[],0,30
57,2008-05-01 20:07:53.159,0,[],0,19
58,2008-05-11 23:21:53.211,1,"[{'lat': 56.4675, 'long': -153.0667, 'Time': Timestamp('2008-05-12 12:50:34'), 'mag': 5.2}]",1,29
59,2008-05-07 07:32:22.542,0,[],0,24
60,2008-04-24 10:48:52.049,1,"[{'lat': 37.819, 'long': 29.256, 'Time': Timestamp('2008-04-25 04:48:54'), 'mag': 5.0}]",1,11
61,2008-04-27 14:07:53.454,0,[],0,14
62,2008-04-24 23:52:23.613,1,"[{'lat': 37.819, 'long': 29.256, 'Time': Timestamp('2008-04-25 04:48:54'), 'mag': 5.0}, {'lat': 35.62, 'long': 140.46, 'Time': Timestamp('2008-04-25 09:52:47'), 'mag': 5.1}, {'lat': 32.625, 'long': 85.227, 'Time': Timestamp('2008-04-25 12:03:51'), 'mag': 5.0}, {'lat': 13.904, 'long': 51.658, 'Time': Timestamp('2008-04-26 12:38:59'), 'mag': 5.3}, {'lat': 50.634, 'long': 51.834, 'Time': Timestamp('2008-04-26 13:14:52'), 'mag': 5.1}, {'lat': -49.091, 'long': 164.117, 'Time': Timestamp('2008-04-26 23:34:49'), 'mag': 6.1}]",6,11
63,2008-05-09 08:03:25.712,0,[],0,25
64,2008-05-02 11:19:53.801,0,[],0,18
65,2008-05-04 14:38:25.038,1,"[{'lat': 53.248, 'long': -35.231, 'Time': Timestamp('2008-05-06 08:39:51'), 'mag': 5.1}, {'lat': 53.475, 'long': -35.129, 'Time': Timestamp('2008-05-06 08:47:10'), 'mag': 5.2}]",2,20
66,2008-05-05 17:54:53.908,0,[],0,21
67,2008-05-10 12:22:23.725,0,[],0,24
68,2008-05-10 15:40:22.976,0,[],0,24
69,2008-05-12 22:09:22.078,1,"[{'lat': -55.676, 'long': -28.358, 'Time': Timestamp('2008-05-13 03:37:11'), 'mag': 5.2}, {'lat': -56.771, 'long': -142.309, 'Time': Timestamp('2008-05-14 21:47:40'), 'mag': 5.7}]",2,26
70,2008-04-28 01:23:19.597,1,"[{'lat': 11.683, 'long': 42.986, 'Time': Timestamp('2008-04-29 00:06:59'), 'mag': 5.0}, {'lat': 11.715, 'long': 42.808, 'Time': Timestamp('2008-04-29 01:07:31'), 'mag': 5.0}, {'lat': 41.452, 'long': 142.03, 'Time': Timestamp('2008-04-29 05:26:04'), 'mag': 5.8}, {'lat': -6.108, 'long': 127.484, 'Time': Timestamp('2008-04-29 19:10:02'), 'mag': 5.9}]",4,11
71,2008-05-15 06:18:23.986,1,"[{'lat': 31.355, 'long': 103.351, 'Time': Timestamp('2008-05-16 05:25:47'), 'mag': 5.6}]",1,28
72,2008-04-24 09:33:52.499,1,"[{'lat': 37.819, 'long': 29.256, 'Time': Timestamp('2008-04-25 04:48:54'), 'mag': 5.0}]",1,7
73,2008-05-05 12:53:23.127,0,[],0,18
74,2008-04-26 16:10:52.712,1,"[{'lat': -42.707, 'long': -82.761, 'Time': Timestamp('2008-04-27 18:29:47'), 'mag': 5.0}]",1,9
75,2008-05-04 19:25:53.234,0,[],0,17
76,2008-04-29 22:39:23.287,1,"[{'lat': 40.8358333, 'long': -123.4968333, 'Time': Timestamp('2008-04-30 03:03:06'), 'mag': 5.4}, {'lat': 50.733, 'long': -177.723, 'Time': Timestamp('2008-05-01 02:32:46'), 'mag': 5.1}, {'lat': -19.471, 'long': 168.878, 'Time': Timestamp('2008-05-01 04:57:50'), 'mag': 5.7}]",3,12
77,2008-05-06 01:53:52.090,1,"[{'lat': -7.863, 'long': 123.147, 'Time': Timestamp('2008-05-06 23:27:37'), 'mag': 5.4}, {'lat': 36.178, 'long': 141.545, 'Time': Timestamp('2008-05-07 16:02:02'), 'mag': 6.2}, {'lat': 36.226, 'long': 141.766, 'Time': Timestamp('2008-05-07 16:03:40'), 'mag': 5.4}, {'lat': 36.232, 'long': 141.907, 'Time': Timestamp('2008-05-07 16:09:04'), 'mag': 5.3}, {'lat': 36.228, 'long': 141.7, 'Time': Timestamp('2008-05-07 16:12:27'), 'mag': 5.1}, {'lat': 36.156, 'long': 141.756, 'Time': Timestamp('2008-05-07 16:16:36'), 'mag': 6.1}, {'lat': 36.125, 'long': 141.842, 'Time': Timestamp('2008-05-07 16:24:10'), 'mag': 5.0}, {'lat': 36.38, 'long': 141.758, 'Time': Timestamp('2008-05-07 16:27:40'), 'mag': 5.0}, {'lat': 36.164, 'long': 141.526, 'Time': Timestamp('2008-05-07 16:45:18'), 'mag': 6.9}, {'lat': 36.248, 'long': 141.584, 'Time': Timestamp('2008-05-07 17:31:18'), 'mag': 5.4}, {'lat': 36.148, 'long': 141.501, 'Time': Timestamp('2008-05-07 18:19:56'), 'mag': 5.0}]",11,18
78,2008-05-18 05:11:32.322,1,"[{'lat': -3.202, 'long': 101.409, 'Time': Timestamp('2008-05-18 12:17:23'), 'mag': 5.7}, {'lat': 32.402, 'long': 105.042, 'Time': Timestamp('2008-05-19 04:08:58'), 'mag': 5.0}, {'lat': 32.451, 'long': 105.272, 'Time': Timestamp('2008-05-19 06:06:54'), 'mag': 5.2}, {'lat': 1.64, 'long': 99.147, 'Time': Timestamp('2008-05-19 14:26:45'), 'mag': 6.0}, {'lat': 1.724, 'long': 99.18, 'Time': Timestamp('2008-05-19 14:49:17'), 'mag': 5.3}]",5,30
79,2008-05-05 08:27:56.629,1,"[{'lat': 28.37, 'long': 54.05, 'Time': Timestamp('2008-05-05 21:57:53'), 'mag': 5.2}]",1,17
80,2008-05-11 11:44:53.501,1,"[{'lat': -55.676, 'long': -28.358, 'Time': Timestamp('2008-05-13 03:37:11'), 'mag': 5.2}]",1,23
81,2008-05-06 15:03:22.529,1,"[{'lat': -21.989, 'long': -68.83, 'Time': Timestamp('2008-05-08 00:27:22'), 'mag': 5.0}]",1,18
82,2008-04-29 18:18:53.608,0,[],0,11
83,2008-04-26 08:56:52.163,1,"[{'lat': 13.904, 'long': 51.658, 'Time': Timestamp('2008-04-26 12:38:59'), 'mag': 5.3}, {'lat': 50.634, 'long': 51.834, 'Time': Timestamp('2008-04-26 13:14:52'), 'mag': 5.1}]",2,7
84,2008-05-11 12:16:23.902,1,"[{'lat': -55.676, 'long': -28.358, 'Time': Timestamp('2008-05-13 03:37:11'), 'mag': 5.2}]",1,22
85,2008-05-07 15:34:24.481,1,"[{'lat': -21.989, 'long': -68.83, 'Time': Timestamp('2008-05-08 00:27:22'), 'mag': 5.0}]",1,18
86,2008-05-11 18:49:19.892,0,[],0,22
87,2008-05-19 22:03:22.255,1,"[{'lat': -44.451, 'long': -78.207, 'Time': Timestamp('2008-05-20 15:16:04'), 'mag': 5.6}, {'lat': -8.58, 'long': -74.886, 'Time': Timestamp('2008-05-20 21:37:12'), 'mag': 5.2}]",2,30
88,2008-04-29 01:17:17.446,1,"[{'lat': 41.452, 'long': 142.03, 'Time': Timestamp('2008-04-29 05:26:04'), 'mag': 5.8}, {'lat': -6.108, 'long': 127.484, 'Time': Timestamp('2008-04-29 19:10:02'), 'mag': 5.9}, {'lat': -8.066, 'long': 121.812, 'Time': Timestamp('2008-04-30 08:02:09'), 'mag': 5.0}]",3,9
89,2008-05-01 07:50:50.645,0,[],0,11
90,2008-05-02 11:07:20.375,0,[],0,12
91,2008-05-08 14:26:21.634,0,[],0,18
92,2008-05-10 20:56:52.523,1,"[{'lat': -17.74, 'long': -173.283, 'Time': Timestamp('2008-05-11 05:49:22'), 'mag': 5.4}, {'lat': 56.4675, 'long': -153.0667, 'Time': Timestamp('2008-05-12 12:50:34'), 'mag': 5.2}]",2,20
93,2008-05-01 00:10:23.490,1,"[{'lat': 50.733, 'long': -177.723, 'Time': Timestamp('2008-05-01 02:32:46'), 'mag': 5.1}, {'lat': -19.471, 'long': 168.878, 'Time': Timestamp('2008-05-01 04:57:50'), 'mag': 5.7}, {'lat': -2.874, 'long': 101.213, 'Time': Timestamp('2008-05-01 17:44:54'), 'mag': 5.0}, {'lat': 51.864, 'long': -177.528, 'Time': Timestamp('2008-05-02 01:33:37'), 'mag': 6.6}, {'lat': -16.645, 'long': 174.58, 'Time': Timestamp('2008-05-02 20:48:09'), 'mag': 5.3}]",5,10
94,2008-04-30 08:21:53.925,0,[],0,9
95,2008-05-09 11:38:53.678,1,"[{'lat': 36.3, 'long': 22.24, 'Time': Timestamp('2008-05-10 20:53:04'), 'mag': 5.4}]",1,18
96,2008-04-28 14:57:18.610,0,[],0,7
97,2008-05-02 18:12:53.786,0,[],0,11
98,2008-05-17 21:26:54.251,1,"[{'lat': -26.427, 'long': -176.372, 'Time': Timestamp('2008-05-18 18:59:24'), 'mag': 5.0}, {'lat': -47.781, 'long': 31.965, 'Time': Timestamp('2008-05-19 03:16:13'), 'mag': 5.9}, {'lat': -6.41, 'long': -106.896, 'Time': Timestamp('2008-05-19 04:21:01'), 'mag': 5.2}, {'lat': -31.552, 'long': -178.887, 'Time': Timestamp('2008-05-19 19:02:57'), 'mag': 5.0}, {'lat': -30.224, 'long': -177.665, 'Time': Timestamp('2008-05-19 19:24:58'), 'mag': 5.1}]",5,26
99,2008-05-07 00:40:45.889,1,"[{'lat': 36.178, 'long': 141.545, 'Time': Timestamp('2008-05-07 16:02:02'), 'mag': 6.2}, {'lat': 36.226, 'long': 141.766, 'Time': Timestamp('2008-05-07 16:03:40'), 'mag': 5.4}, {'lat': 36.232, 'long': 141.907, 'Time': Timestamp('2008-05-07 16:09:04'), 'mag': 5.3}, {'lat': 36.228, 'long': 141.7, 'Time': Timestamp('2008-05-07 16:12:27'), 'mag': 5.1}, {'lat': 36.156, 'long': 141.756, 'Time': Timestamp('2008-05-07 16:16:36'), 'mag': 6.1}, {'lat': 36.125, 'long': 141.842, 'Time': Timestamp('2008-05-07 16:24:10'), 'mag': 5.0}, {'lat': 36.38, 'long': 141.758, 'Time': Timestamp('2008-05-07 16:27:40'), 'mag': 5.0}, {'lat': 36.164, 'long': 141.526, 'Time': Timestamp('2008-05-07 16:45:18'), 'mag': 6.9}, {'lat': 36.248, 'long': 141.584, 'Time': Timestamp('2008-05-07 17:31:18'), 'mag': 5.4}, {'lat': 36.148, 'long': 141.501, 'Time': Timestamp('2008-05-07 18:19:56'), 'mag': 5.0}, {'lat': 36.09, 'long': 141.931, 'Time': Timestamp('2008-05-08 09:40:36'), 'mag': 5.0}, {'lat': 5.507, 'long': 94.703, 'Time': Timestamp('2008-05-08 11:31:23'), 'mag': 5.0}, {'lat': 36.275, 'long': 142.029, 'Time': Timestamp('2008-05-08 21:18:43'), 'mag': 5.0}, {'lat': 36.108, 'long': 141.683, 'Time': Timestamp('2008-05-08 23:21:06'), 'mag': 5.6}]",14,15
100,2008-05-10 05:35:56.382,1,"[{'lat': 36.408, 'long': 70.748, 'Time': Timestamp('2008-05-11 20:57:08'), 'mag': 5.4}]",1,18
101,2008-05-08 08:50:54.025,0,[],0,16
102,2008-04-30 12:09:54.079,0,[],0,8
103,2008-05-21 15:28:20.890,0,[],0,29
104,2008-04-28 18:43:19.068,1,"[{'lat': 18.65, 'long': -101.083, 'Time': Timestamp('2008-04-29 10:56:44'), 'mag': 5.3}, {'lat': 40.8358333, 'long': -123.4968333, 'Time': Timestamp('2008-04-30 03:03:06'), 'mag': 5.4}]",2,6
105,2008-05-04 07:44:54.918,1,"[{'lat': 28.37, 'long': 54.05, 'Time': Timestamp('2008-05-05 21:57:53'), 'mag': 5.2}]",1,11
106,2008-05-13 11:01:20.676,0,[],0,20
107,2008-04-28 14:20:16.400,0,[],0,5
108,2008-05-16 17:36:53.685,1,"[{'lat': 16.424, 'long': -97.827, 'Time': Timestamp('2008-05-17 20:04:10'), 'mag': 5.2}]",1,23
109,2008-04-30 20:50:51.495,0,[],0,7
110,2008-05-06 00:04:23.791,1,"[{'lat': 53.248, 'long': -35.231, 'Time': Timestamp('2008-05-06 08:39:51'), 'mag': 5.1}, {'lat': 53.475, 'long': -35.129, 'Time': Timestamp('2008-05-06 08:47:10'), 'mag': 5.2}, {'lat': -20.398, 'long': 168.827, 'Time': Timestamp('2008-05-06 10:06:35'), 'mag': 5.3}, {'lat': -20.457, 'long': 168.836, 'Time': Timestamp('2008-05-06 12:42:17'), 'mag': 5.5}, {'lat': 71.479, 'long': -12.582, 'Time': Timestamp('2008-05-06 19:51:11'), 'mag': 5.0}, {'lat': -7.863, 'long': 123.147, 'Time': Timestamp('2008-05-06 23:27:37'), 'mag': 5.4}, {'lat': 36.178, 'long': 141.545, 'Time': Timestamp('2008-05-07 16:02:02'), 'mag': 6.2}, {'lat': 36.226, 'long': 141.766, 'Time': Timestamp('2008-05-07 16:03:40'), 'mag': 5.4}, {'lat': 36.232, 'long': 141.907, 'Time': Timestamp('2008-05-07 16:09:04'), 'mag': 5.3}, {'lat': 36.228, 'long': 141.7, 'Time': Timestamp('2008-05-07 16:12:27'), 'mag': 5.1}, {'lat': 36.156, 'long': 141.756, 'Time': Timestamp('2008-05-07 16:16:36'), 'mag': 6.1}, {'lat': 36.125, 'long': 141.842, 'Time': Timestamp('2008-05-07 16:24:10'), 'mag': 5.0}, {'lat': 36.38, 'long': 141.758, 'Time': Timestamp('2008-05-07 16:27:40'), 'mag': 5.0}, {'lat': 36.164, 'long': 141.526, 'Time': Timestamp('2008-05-07 16:45:18'), 'mag': 6.9}, {'lat': 36.248, 'long': 141.584, 'Time': Timestamp('2008-05-07 17:31:18'), 'mag': 5.4}, {'lat': 36.148, 'long': 141.501, 'Time': Timestamp('2008-05-07 18:19:56'), 'mag': 5.0}]",16,12
111,2008-05-15 08:15:50.131,0,[],0,21
112,2008-05-07 11:32:53.978,0,[],0,13
113,2008-05-09 14:51:21.567,0,[],0,15
114,2008-05-11 18:06:53.086,0,[],0,17
115,2008-05-15 21:20:53.553,1,"[{'lat': -56.049, 'long': -27.483, 'Time': Timestamp('2008-05-15 21:44:02'), 'mag': 5.0}, {'lat': -19.812, 'long': -177.495, 'Time': Timestamp('2008-05-15 22:07:44'), 'mag': 5.3}, {'lat': -32.544, 'long': -178.356, 'Time': Timestamp('2008-05-16 11:06:50'), 'mag': 5.4}, {'lat': -32.223, 'long': -178.091, 'Time': Timestamp('2008-05-17 09:40:46'), 'mag': 5.2}, {'lat': 16.424, 'long': -97.827, 'Time': Timestamp('2008-05-17 20:04:10'), 'mag': 5.2}]",5,21
116,2008-05-01 00:34:45.190,1,"[{'lat': 50.733, 'long': -177.723, 'Time': Timestamp('2008-05-01 02:32:46'), 'mag': 5.1}, {'lat': -19.471, 'long': 168.878, 'Time': Timestamp('2008-05-01 04:57:50'), 'mag': 5.7}, {'lat': -2.874, 'long': 101.213, 'Time': Timestamp('2008-05-01 17:44:54'), 'mag': 5.0}, {'lat': 51.864, 'long': -177.528, 'Time': Timestamp('2008-05-02 01:33:37'), 'mag': 6.6}, {'lat': -16.645, 'long': 174.58, 'Time': Timestamp('2008-05-02 20:48:09'), 'mag': 5.3}]",5,6
117,2008-05-24 07:07:56.592,0,[],0,29
118,2008-05-19 10:23:54.547,0,[],0,24
119,2008-05-17 13:43:23.407,0,[],0,22
120,2008-05-18 16:59:53.460,1,"[{'lat': -6.41, 'long': -106.896, 'Time': Timestamp('2008-05-19 04:21:01'), 'mag': 5.2}, {'lat': -44.451, 'long': -78.207, 'Time': Timestamp('2008-05-20 15:16:04'), 'mag': 5.6}]",2,23
121,2008-05-13 20:14:23.514,1,"[{'lat': -56.771, 'long': -142.309, 'Time': Timestamp('2008-05-14 21:47:40'), 'mag': 5.7}, {'lat': -55.099, 'long': -129.045, 'Time': Timestamp('2008-05-14 23:00:50'), 'mag': 5.2}]",2,18
122,2008-05-07 23:28:23.567,0,[],0,12
123,2008-05-16 07:38:52.897,0,[],0,20
124,2008-05-23 10:55:20.853,1,"[{'lat': -0.304, 'long': -18.813, 'Time': Timestamp('2008-05-24 13:21:29'), 'mag': 5.1}]",1,27
125,2008-05-21 14:14:21.119,1,"[{'lat': 7.383, 'long': -35.762, 'Time': Timestamp('2008-05-22 12:42:59'), 'mag': 5.0}]",1,25
126,2008-05-21 17:30:23.862,0,[],0,25
127,2008-05-03 20:44:51.672,1,"[{'lat': 43.155, 'long': -126.369, 'Time': Timestamp('2008-05-04 02:51:12'), 'mag': 5.1}]",1,7
128,2008-05-11 23:58:23.967,1,"[{'lat': 46.571, 'long': 152.745, 'Time': Timestamp('2008-05-12 02:21:46'), 'mag': 5.0}, {'lat': 31.002, 'long': 103.322, 'Time': Timestamp('2008-05-12 06:28:01'), 'mag': 7.9}, {'lat': 31.968, 'long': 104.787, 'Time': Timestamp('2008-05-12 06:41:26'), 'mag': 5.2}, {'lat': 31.586, 'long': 104.032, 'Time': Timestamp('2008-05-12 06:41:56'), 'mag': 5.7}, {'lat': 31.342, 'long': 104.682, 'Time': Timestamp('2008-05-12 06:42:08'), 'mag': 5.7}, {'lat': 31.211, 'long': 103.715, 'Time': Timestamp('2008-05-12 06:43:14'), 'mag': 5.8}, {'lat': 31.272, 'long': 104.705, 'Time': Timestamp('2008-05-12 06:43:57'), 'mag': 5.4}, {'lat': 32.436, 'long': 105.234, 'Time': Timestamp('2008-05-12 06:48:59'), 'mag': 5.3}, {'lat': 31.906, 'long': 104.481, 'Time': Timestamp('2008-05-12 06:50:36'), 'mag': 5.1}, {'lat': 32.372, 'long': 105.202, 'Time': Timestamp('2008-05-12 06:53:30'), 'mag': 5.1}, {'lat': 31.146, 'long': 103.747, 'Time': Timestamp('2008-05-12 06:54:18'), 'mag': 5.3}, {'lat': 31.857, 'long': 104.638, 'Time': Timestamp('2008-05-12 06:57:34'), 'mag': 5.1}, {'lat': 31.216, 'long': 103.646, 'Time': Timestamp('2008-05-12 07:00:28'), 'mag': 5.0}, {'lat': 32.195, 'long': 104.908, 'Time': Timestamp('2008-05-12 07:00:42'), 'mag': 5.0}, {'lat': 31.636, 'long': 104.217, 'Time': Timestamp('2008-05-12 07:01:34'), 'mag': 5.3}, {'lat': 32.165, 'long': 105.134, 'Time': Timestamp('2008-05-12 07:05:05'), 'mag': 5.0}, {'lat': 31.243, 'long': 103.625, 'Time': Timestamp('2008-05-12 07:34:42'), 'mag': 5.1}, {'lat': 31.1, 'long': 103.53, 'Time': Timestamp('2008-05-12 08:10:58'), 'mag': 5.0}, {'lat': 31.503, 'long': 104.052, 'Time': Timestamp('2008-05-12 08:21:39'), 'mag': 5.0}, {'lat': 31.206, 'long': 103.682, 'Time': Timestamp('2008-05-12 09:07:00'), 'mag': 5.0}, {'lat': 31.527, 'long': 104.092, 'Time': Timestamp('2008-05-12 09:42:24'), 'mag': 5.5}, {'lat': 30.966, 'long': 103.365, 'Time': Timestamp('2008-05-12 10:23:40'), 'mag': 5.0}, {'lat': 31.214, 'long': 103.618, 'Time': Timestamp('2008-05-12 11:11:02'), 'mag': 6.1}, {'lat': 56.4675, 'long': -153.0667, 'Time': Timestamp('2008-05-12 12:50:34'), 'mag': 5.2}, {'lat': 31.028, 'long': 103.511, 'Time': Timestamp('2008-05-12 13:40:54'), 'mag': 5.0}, {'lat': 32.12, 'long': 104.65, 'Time': Timestamp('2008-05-12 14:15:27'), 'mag': 5.0}, {'lat': 32.733, 'long': 105.616, 'Time': Timestamp('2008-05-12 14:46:07'), 'mag': 5.1}, {'lat': 31.243, 'long': 103.692, 'Time': Timestamp('2008-05-12 15:05:31'), 'mag': 5.0}, {'lat': 31.952, 'long': 104.575, 'Time': Timestamp('2008-05-12 15:08:59'), 'mag': 5.1}, {'lat': 31.058, 'long': 103.514, 'Time': Timestamp('2008-05-12 15:28:53'), 'mag': 5.0}, {'lat': 31.178, 'long': 103.524, 'Time': Timestamp('2008-05-12 17:54:35'), 'mag': 5.0}, {'lat': 31.413, 'long': 103.889, 'Time': Timestamp('2008-05-12 20:08:50'), 'mag': 5.6}, {'lat': 31.746, 'long': 104.454, 'Time': Timestamp('2008-05-12 20:45:34'), 'mag': 5.3}, {'lat': 24.078, 'long': 122.572, 'Time': Timestamp('2008-05-12 22:57:45'), 'mag': 5.0}, {'lat': 31.282, 'long': 103.527, 'Time': Timestamp('2008-05-12 23:46:18'), 'mag': 5.2}, {'lat': 31.298, 'long': 103.53, 'Time': Timestamp('2008-05-12 23:54:46'), 'mag': 5.1}, {'lat': 31.205, 'long': 103.682, 'Time': Timestamp('2008-05-13 03:00:38'), 'mag': 5.0}, {'lat': 30.89, 'long': 103.194, 'Time': Timestamp('2008-05-13 07:07:08'), 'mag': 5.8}, {'lat': 32.416, 'long': 105.275, 'Time': Timestamp('2008-05-13 07:19:16'), 'mag': 5.0}, {'lat': 4.676, 'long': 95.089, 'Time': Timestamp('2008-05-13 10:29:19'), 'mag': 5.4}, {'lat': 16.458, 'long': 122.255, 'Time': Timestamp('2008-05-13 14:14:31'), 'mag': 5.2}, {'lat': 22.705, 'long': 121.237, 'Time': Timestamp('2008-05-13 18:27:56'), 'mag': 5.2}, {'lat': 16.481, 'long': 122.244, 'Time': Timestamp('2008-05-13 21:48:32'), 'mag': 5.3}, {'lat': 1.371, 'long': 125.692, 'Time': Timestamp('2008-05-13 22:44:48'), 'mag': 5.1}]",44,15
129,2008-05-07 08:07:47.755,0,[],0,10
130,2008-05-11 11:26:23.155,1,"[{'lat': -55.676, 'long': -28.358, 'Time': Timestamp('2008-05-13 03:37:11'), 'mag': 5.2}]",1,14
131,2008-05-09 14:45:20.632,0,[],0,12
132,2008-05-05 18:00:53.263,0,[],0,8
133,2008-05-22 21:13:55.604,0,[],0,25
134,2008-05-26 00:28:50.690,1,"[{'lat': -56.597, 'long': 147.41, 'Time': Timestamp('2008-05-27 05:51:12'), 'mag': 5.9}, {'lat': 32.699, 'long': 105.533, 'Time': Timestamp('2008-05-27 08:03:22'), 'mag': 5.2}, {'lat': 32.71, 'long': 105.54, 'Time': Timestamp('2008-05-27 08:37:51'), 'mag': 5.7}, {'lat': -20.009, 'long': 168.763, 'Time': Timestamp('2008-05-27 17:34:18'), 'mag': 5.3}, {'lat': 32.67, 'long': 105.382, 'Time': Timestamp('2008-05-27 17:35:09'), 'mag': 5.0}]",5,28
135,2008-05-20 03:45:53.836,1,"[{'lat': -3.181, 'long': 101.475, 'Time': Timestamp('2008-05-20 17:08:00'), 'mag': 5.7}, {'lat': -3.204, 'long': 101.408, 'Time': Timestamp('2008-05-20 17:11:11'), 'mag': 5.0}, {'lat': 53.302, 'long': 108.433, 'Time': Timestamp('2008-05-20 20:42:43'), 'mag': 5.3}, {'lat': -4.129, 'long': 101.272, 'Time': Timestamp('2008-05-21 22:22:55'), 'mag': 5.5}, {'lat': -4.445, 'long': 101.096, 'Time': Timestamp('2008-05-21 23:23:09'), 'mag': 5.2}]",5,22
136,2008-05-21 07:01:54.447,0,[],0,23
137,2008-05-27 10:17:54.724,0,[],0,29
138,2008-05-20 13:37:23.584,1,"[{'lat': 7.383, 'long': -35.762, 'Time': Timestamp('2008-05-22 12:42:59'), 'mag': 5.0}]",1,22
139,2008-05-11 16:53:53.638,0,[],0,13
140,2008-05-21 20:08:23.691,0,[],0,23
141,2008-05-10 23:22:23.743,1,"[{'lat': -17.74, 'long': -173.283, 'Time': Timestamp('2008-05-11 05:49:22'), 'mag': 5.4}, {'lat': 56.4675, 'long': -153.0667, 'Time': Timestamp('2008-05-12 12:50:34'), 'mag': 5.2}]",2,12
142,2008-05-27 07:32:55.842,0,[],0,28
143,2008-05-27 10:48:49.812,0,[],0,28
144,2008-05-20 14:08:23.985,1,"[{'lat': -44.451, 'long': -78.207, 'Time': Timestamp('2008-05-20 15:16:04'), 'mag': 5.6}, {'lat': 7.383, 'long': -35.762, 'Time': Timestamp('2008-05-22 12:42:59'), 'mag': 5.0}]",2,21
145,2008-05-21 23:52:23.145,1,"[{'lat': 51.638, 'long': 177.916, 'Time': Timestamp('2008-05-23 03:33:09'), 'mag': 5.4}, {'lat': -59.001, 'long': 149.045, 'Time': Timestamp('2008-05-23 06:43:22'), 'mag': 5.0}]",2,22
146,2008-05-28 09:40:50.530,0,[],0,28
147,2008-05-09 12:59:53.485,0,[],0,9
148,2008-05-19 16:17:23.540,1,"[{'lat': -44.451, 'long': -78.207, 'Time': Timestamp('2008-05-20 15:16:04'), 'mag': 5.6}, {'lat': -8.58, 'long': -74.886, 'Time': Timestamp('2008-05-20 21:37:12'), 'mag': 5.2}]",2,19
149,2008-05-21 19:32:23.592,0,[],0,21
150,2008-05-06 22:45:53.645,1,"[{'lat': -21.989, 'long': -68.83, 'Time': Timestamp('2008-05-08 00:27:22'), 'mag': 5.0}, {'lat': -8.104, 'long': -108.576, 'Time': Timestamp('2008-05-08 11:45:38'), 'mag': 5.0}]",2,6
151,2008-05-16 02:00:21.232,1,"[{'lat': 33.903, 'long': 136.84, 'Time': Timestamp('2008-05-16 05:07:33'), 'mag': 5.0}, {'lat': -5.603, 'long': 148.557, 'Time': Timestamp('2008-05-16 17:35:14'), 'mag': 5.3}, {'lat': 6.066, 'long': 125.254, 'Time': Timestamp('2008-05-17 14:17:30'), 'mag': 5.2}]",3,15
152,2008-05-09 05:17:27.368,0,[],0,8
153,2008-05-24 08:34:26.328,0,[],0,23
154,2008-05-30 11:51:23.859,0,[],0,29
155,2008-05-16 15:09:56.983,0,[],0,15
156,2008-05-19 18:25:23.967,0,[],0,18
157,2008-05-25 21:38:26.420,1,"[{'lat': 4.729, 'long': -82.633, 'Time': Timestamp('2008-05-25 23:15:57'), 'mag': 5.1}, {'lat': 2.021, 'long': -84.594, 'Time': Timestamp('2008-05-26 00:58:28'), 'mag': 5.1}, {'lat': 8.423, 'long': -82.968, 'Time': Timestamp('2008-05-26 15:01:33'), 'mag': 5.6}, {'lat': 8.445, 'long': -83.027, 'Time': Timestamp('2008-05-26 15:38:01'), 'mag': 5.1}, {'lat': -56.597, 'long': 147.41, 'Time': Timestamp('2008-05-27 05:51:12'), 'mag': 5.9}, {'lat': 13.616, 'long': -91.02, 'Time': Timestamp('2008-05-27 11:27:55'), 'mag': 5.7}]",6,24
158,2008-05-31 00:53:22.934,1,"[{'lat': 39.983, 'long': 142.604, 'Time': Timestamp('2008-05-31 14:28:35'), 'mag': 5.0}, {'lat': 20.124, 'long': 121.35, 'Time': Timestamp('2008-06-01 01:57:23'), 'mag': 6.3}, {'lat': 51.739, 'long': 159.189, 'Time': Timestamp('2008-06-01 09:24:28'), 'mag': 5.2}, {'lat': -4.583, 'long': 129.532, 'Time': Timestamp('2008-06-01 09:42:32'), 'mag': 5.4}, {'lat': -4.574, 'long': 129.5, 'Time': Timestamp('2008-06-01 10:33:28'), 'mag': 5.4}, {'lat': -59.384, 'long': 149.66, 'Time': Timestamp('2008-06-01 14:31:03'), 'mag': 6.5}, {'lat': 2.243, 'long': 126.833, 'Time': Timestamp('2008-06-01 15:31:42'), 'mag': 5.0}, {'lat': -9.159, 'long': 118.034, 'Time': Timestamp('2008-06-01 15:59:48'), 'mag': 5.1}, {'lat': 51.624, 'long': 159.283, 'Time': Timestamp('2008-06-01 16:35:06'), 'mag': 5.1}, {'lat': 24.846, 'long': 121.816, 'Time': Timestamp('2008-06-01 16:59:23'), 'mag': 5.3}, {'lat': -20.062, 'long': 168.601, 'Time': Timestamp('2008-06-01 22:30:50'), 'mag': 5.2}, {'lat': -4.592, 'long': 129.594, 'Time': Timestamp('2008-06-01 22:55:34'), 'mag': 5.1}]",12,29
159,2008-05-09 07:26:26.473,0,[],0,7
160,2008-05-10 10:42:51.660,1,"[{'lat': 36.3, 'long': 22.24, 'Time': Timestamp('2008-05-10 20:53:04'), 'mag': 5.4}]",1,8
161,2008-05-24 14:01:51.480,1,"[{'lat': -54.352, 'long': -55.888, 'Time': Timestamp('2008-05-25 15:39:49'), 'mag': 5.2}]",1,22
162,2008-05-23 17:18:23.342,1,"[{'lat': -23.199, 'long': -115.087, 'Time': Timestamp('2008-05-23 23:04:06'), 'mag': 5.3}, {'lat': 4.33, 'long': -73.764, 'Time': Timestamp('2008-05-24 19:20:42'), 'mag': 5.9}, {'lat': 15.288, 'long': -91.894, 'Time': Timestamp('2008-05-25 05:45:12'), 'mag': 5.0}]",3,21
163,2008-05-16 20:29:50.927,0,[],0,14
164,2008-05-10 23:46:23.447,1,"[{'lat': -17.74, 'long': -173.283, 'Time': Timestamp('2008-05-11 05:49:22'), 'mag': 5.4}, {'lat': 56.4675, 'long': -153.0667, 'Time': Timestamp('2008-05-12 12:50:34'), 'mag': 5.2}]",2,8
165,2008-05-21 12:53:53.662,1,"[{'lat': 7.383, 'long': -35.762, 'Time': Timestamp('2008-05-22 12:42:59'), 'mag': 5.0}]",1,18
166,2008-05-08 16:11:23.716,0,[],0,5
167,2008-05-31 19:26:23.770,1,"[{'lat': -28.919, 'long': -112.258, 'Time': Timestamp('2008-05-31 23:16:04'), 'mag': 5.8}, {'lat': 44.18, 'long': -129.221, 'Time': Timestamp('2008-06-02 17:50:24'), 'mag': 5.2}]",2,28
168,2008-05-25 22:39:53.822,1,"[{'lat': 4.729, 'long': -82.633, 'Time': Timestamp('2008-05-25 23:15:57'), 'mag': 5.1}, {'lat': 2.021, 'long': -84.594, 'Time': Timestamp('2008-05-26 00:58:28'), 'mag': 5.1}, {'lat': 8.423, 'long': -82.968, 'Time': Timestamp('2008-05-26 15:01:33'), 'mag': 5.6}, {'lat': 8.445, 'long': -83.027, 'Time': Timestamp('2008-05-26 15:38:01'), 'mag': 5.1}, {'lat': -56.597, 'long': 147.41, 'Time': Timestamp('2008-05-27 05:51:12'), 'mag': 5.9}, {'lat': 13.616, 'long': -91.02, 'Time': Timestamp('2008-05-27 11:27:55'), 'mag': 5.7}, {'lat': -20.009, 'long': 168.763, 'Time': Timestamp('2008-05-27 17:34:18'), 'mag': 5.3}]",7,22
169,2008-05-24 01:54:17.536,1,"[{'lat': -8.839, 'long': 124.097, 'Time': Timestamp('2008-05-24 07:40:42'), 'mag': 5.0}, {'lat': -7.181, 'long': 156.069, 'Time': Timestamp('2008-05-24 13:24:05'), 'mag': 5.9}]",2,20
170,2008-05-28 06:49:57.694,0,[],0,24
171,2008-05-10 10:05:51.108,1,"[{'lat': 36.3, 'long': 22.24, 'Time': Timestamp('2008-05-10 20:53:04'), 'mag': 5.4}]",1,6
172,2008-05-12 13:24:54.064,1,"[{'lat': -55.676, 'long': -28.358, 'Time': Timestamp('2008-05-13 03:37:11'), 'mag': 5.2}]",1,8
173,2008-05-28 23:10:23.223,0,[],0,24
174,2008-05-18 02:24:52.026,1,"[{'lat': 4.598, 'long': 118.173, 'Time': Timestamp('2008-05-18 06:26:41'), 'mag': 5.0}, {'lat': -7.141, 'long': 130.576, 'Time': Timestamp('2008-05-19 05:40:39'), 'mag': 5.1}, {'lat': 42.503, 'long': 131.872, 'Time': Timestamp('2008-05-19 10:08:36'), 'mag': 5.7}, {'lat': -5.731, 'long': 147.2, 'Time': Timestamp('2008-05-19 15:19:21'), 'mag': 5.2}]",4,13
175,2008-05-20 07:20:22.554,0,[],0,15
176,2008-05-11 10:36:49.181,1,"[{'lat': -55.676, 'long': -28.358, 'Time': Timestamp('2008-05-13 03:37:11'), 'mag': 5.2}]",1,6
177,2008-05-20 13:55:53.464,1,"[{'lat': 7.383, 'long': -35.762, 'Time': Timestamp('2008-05-22 12:42:59'), 'mag': 5.0}]",1,15
178,2008-05-21 17:12:23.519,0,[],0,16
179,2008-05-11 20:26:59.521,0,[],0,6
180,2008-06-04 23:40:23.624,1,"[{'lat': -6.865, 'long': 150.741, 'Time': Timestamp('2008-06-05 02:56:44'), 'mag': 5.0}, {'lat': 52.176, 'long': -169.485, 'Time': Timestamp('2008-06-05 16:56:23'), 'mag': 5.0}, {'lat': -7.435, 'long': 156.143, 'Time': Timestamp('2008-06-06 03:42:50'), 'mag': 5.1}]",3,30
181,2008-05-13 07:51:25.722,0,[],0,7
182,2008-05-17 11:07:50.910,0,[],0,11
183,2008-05-12 14:26:52.281,0,[],0,6
184,2008-05-20 20:55:55.714,0,[],0,14
185,2008-05-20 00:10:54.026,1,"[{'lat': 51.162, 'long': 178.759, 'Time': Timestamp('2008-05-20 13:53:35'), 'mag': 6.3}, {'lat': -3.181, 'long': 101.475, 'Time': Timestamp('2008-05-20 17:08:00'), 'mag': 5.7}, {'lat': -3.204, 'long': 101.408, 'Time': Timestamp('2008-05-20 17:11:11'), 'mag': 5.0}, {'lat': 53.302, 'long': 108.433, 'Time': Timestamp('2008-05-20 20:42:43'), 'mag': 5.3}, {'lat': -9.946, 'long': 150.914, 'Time': Timestamp('2008-05-21 01:30:24'), 'mag': 5.2}, {'lat': -9.981, 'long': 150.891, 'Time': Timestamp('2008-05-21 02:45:52'), 'mag': 5.4}, {'lat': -4.129, 'long': 101.272, 'Time': Timestamp('2008-05-21 22:22:55'), 'mag': 5.5}, {'lat': -4.445, 'long': 101.096, 'Time': Timestamp('2008-05-21 23:23:09'), 'mag': 5.2}]",8,13
186,2008-05-14 08:20:23.349,0,[],0,7
187,2008-06-03 11:38:53.344,0,[],0,27
188,2008-05-30 14:57:51.043,0,[],0,23
189,2008-05-20 18:13:23.452,0,[],0,13
190,2008-05-19 21:26:25.792,1,"[{'lat': -44.451, 'long': -78.207, 'Time': Timestamp('2008-05-20 15:16:04'), 'mag': 5.6}, {'lat': -8.58, 'long': -74.886, 'Time': Timestamp('2008-05-20 21:37:12'), 'mag': 5.2}]",2,12
191,2008-06-02 08:52:53.557,0,[],0,25
192,2008-05-20 17:06:23.826,1,"[{'lat': -8.58, 'long': -74.886, 'Time': Timestamp('2008-05-20 21:37:12'), 'mag': 5.2}]",1,12
193,2008-05-18 20:20:51.636,0,[],0,10
194,2008-06-04 23:34:23.932,1,"[{'lat': -6.865, 'long': 150.741, 'Time': Timestamp('2008-06-05 02:56:44'), 'mag': 5.0}, {'lat': 52.176, 'long': -169.485, 'Time': Timestamp('2008-06-05 16:56:23'), 'mag': 5.0}, {'lat': -7.435, 'long': 156.143, 'Time': Timestamp('2008-06-06 03:42:50'), 'mag': 5.1}]",3,27
195,2008-06-02 07:45:24.256,1,"[{'lat': -3.444, 'long': 68.312, 'Time': Timestamp('2008-06-03 08:42:16'), 'mag': 5.3}, {'lat': 37.347, 'long': 72.146, 'Time': Timestamp('2008-06-04 04:17:40'), 'mag': 5.0}]",2,24
196,2008-06-03 11:01:52.986,0,[],0,25
197,2008-05-20 14:20:48.710,1,"[{'lat': -44.451, 'long': -78.207, 'Time': Timestamp('2008-05-20 15:16:04'), 'mag': 5.6}, {'lat': 7.383, 'long': -35.762, 'Time': Timestamp('2008-05-22 12:42:59'), 'mag': 5.0}]",2,11
198,2008-05-21 17:36:53.228,0,[],0,12
199,2008-05-29 20:47:52.141,1,"[{'lat': 50.458, 'long': -130.41, 'Time': Timestamp('2008-05-30 12:38:29'), 'mag': 5.0}]",1,20
200,2008-06-05 00:04:53.333,1,"[{'lat': -6.865, 'long': 150.741, 'Time': Timestamp('2008-06-05 02:56:44'), 'mag': 5.0}, {'lat': 32.349, 'long': 105.005, 'Time': Timestamp('2008-06-05 04:41:05'), 'mag': 5.2}, {'lat': 12.152, 'long': 143.866, 'Time': Timestamp('2008-06-05 11:02:04'), 'mag': 5.1}, {'lat': 52.176, 'long': -169.485, 'Time': Timestamp('2008-06-05 16:56:23'), 'mag': 5.0}, {'lat': 31.066, 'long': 141.49, 'Time': Timestamp('2008-06-06 02:39:01'), 'mag': 5.0}, {'lat': -7.435, 'long': 156.143, 'Time': Timestamp('2008-06-06 03:42:50'), 'mag': 5.1}, {'lat': -7.495, 'long': 127.885, 'Time': Timestamp('2008-06-06 13:42:48'), 'mag': 6.0}, {'lat': 35.883, 'long': -0.658, 'Time': Timestamp('2008-06-06 20:02:56'), 'mag': 5.5}]",8,26
201,2008-05-21 04:59:22.934,1,"[{'lat': -4.129, 'long': 101.272, 'Time': Timestamp('2008-05-21 22:22:55'), 'mag': 5.5}, {'lat': -4.445, 'long': 101.096, 'Time': Timestamp('2008-05-21 23:23:09'), 'mag': 5.2}]",2,11
202,2008-05-25 13:12:23.548,1,"[{'lat': -54.352, 'long': -55.888, 'Time': Timestamp('2008-05-25 15:39:49'), 'mag': 5.2}]",1,15
203,2008-06-03 16:29:53.602,1,"[{'lat': -38.844, 'long': -91.623, 'Time': Timestamp('2008-06-05 02:16:46'), 'mag': 6.0}, {'lat': 15.76, 'long': -93.74, 'Time': Timestamp('2008-06-05 05:11:26'), 'mag': 5.3}, {'lat': -38.871, 'long': -91.613, 'Time': Timestamp('2008-06-05 05:22:26'), 'mag': 5.8}, {'lat': -8.733, 'long': -76.448, 'Time': Timestamp('2008-06-05 13:37:39'), 'mag': 5.2}]",4,24
204,2008-05-17 19:44:23.968,1,"[{'lat': -6.41, 'long': -106.896, 'Time': Timestamp('2008-05-19 04:21:01'), 'mag': 5.2}]",1,7
205,2008-06-07 22:58:23.707,1,"[{'lat': -19.828, 'long': 167.939, 'Time': Timestamp('2008-06-09 06:40:16'), 'mag': 5.0}]",1,28
206,2008-05-19 07:08:27.134,0,[],0,8
207,2008-06-05 10:24:25.089,1,"[{'lat': 35.883, 'long': -0.658, 'Time': Timestamp('2008-06-06 20:02:56'), 'mag': 5.5}]",1,25
208,2008-06-10 13:43:23.949,0,[],0,30
209,2008-05-28 17:00:24.003,1,"[{'lat': -21.691, 'long': -68.343, 'Time': Timestamp('2008-05-28 17:35:28'), 'mag': 5.3}, {'lat': -13.102, 'long': -74.462, 'Time': Timestamp('2008-05-28 21:39:05'), 'mag': 5.2}, {'lat': 8.391, 'long': -82.917, 'Time': Timestamp('2008-05-30 05:35:41'), 'mag': 5.1}]",3,17
210,2008-06-08 20:14:54.056,0,[],0,28
211,2008-05-19 23:28:23.108,1,"[{'lat': 51.162, 'long': 178.759, 'Time': Timestamp('2008-05-20 13:53:35'), 'mag': 6.3}, {'lat': -9.946, 'long': 150.914, 'Time': Timestamp('2008-05-21 01:30:24'), 'mag': 5.2}, {'lat': -9.981, 'long': 150.891, 'Time': Timestamp('2008-05-21 02:45:52'), 'mag': 5.4}]",3,8
212,2008-05-18 07:38:52.439,1,"[{'lat': -47.781, 'long': 31.965, 'Time': Timestamp('2008-05-19 03:16:13'), 'mag': 5.9}]",1,6
213,2008-05-26 10:55:20.395,0,[],0,14
214,2008-06-03 14:14:20.661,0,[],0,22
215,2008-05-31 17:30:53.404,1,"[{'lat': -28.919, 'long': -112.258, 'Time': Timestamp('2008-05-31 23:16:04'), 'mag': 5.8}]",1,19
216,2008-05-22 20:41:52.318,0,[],0,10
217,2008-06-01 23:58:53.510,1,"[{'lat': 9.053, 'long': 125.617, 'Time': Timestamp('2008-06-02 06:56:25'), 'mag': 5.0}, {'lat': -0.029, 'long': 123.282, 'Time': Timestamp('2008-06-02 19:47:16'), 'mag': 5.3}, {'lat': 32.067, 'long': 104.602, 'Time': Timestamp('2008-06-03 03:09:29'), 'mag': 5.0}, {'lat': -3.444, 'long': 68.312, 'Time': Timestamp('2008-06-03 08:42:16'), 'mag': 5.3}, {'lat': 0.354, 'long': 97.759, 'Time': Timestamp('2008-06-03 10:15:50'), 'mag': 5.3}, {'lat': -10.509, 'long': 161.273, 'Time': Timestamp('2008-06-03 16:20:50'), 'mag': 6.2}, {'lat': -8.166, 'long': 120.255, 'Time': Timestamp('2008-06-03 17:31:32'), 'mag': 5.9}, {'lat': -8.125, 'long': 120.265, 'Time': Timestamp('2008-06-03 21:03:46'), 'mag': 5.8}, {'lat': -8.1, 'long': 120.231, 'Time': Timestamp('2008-06-03 22:04:27'), 'mag': 6.0}, {'lat': -2.077, 'long': 99.975, 'Time': Timestamp('2008-06-03 22:49:57'), 'mag': 5.2}, {'lat': -8.143, 'long': 120.127, 'Time': Timestamp('2008-06-03 23:43:26'), 'mag': 5.1}]",11,20
218,2008-06-08 03:15:26.086,1,"[{'lat': -5.49, 'long': 131.305, 'Time': Timestamp('2008-06-09 16:13:02'), 'mag': 5.0}]",1,26
219,2008-06-09 06:31:26.496,1,"[{'lat': 33.182, 'long': 91.961, 'Time': Timestamp('2008-06-10 10:04:58'), 'mag': 5.4}, {'lat': 33.176, 'long': 92.081, 'Time': Timestamp('2008-06-10 11:04:14'), 'mag': 5.1}, {'lat': 33.159, 'long': 92.09, 'Time': Timestamp('2008-06-10 14:15:38'), 'mag': 5.3}]",3,27
220,2008-05-31 09:46:48.001,1,"[{'lat': -54.816, 'long': 0.979, 'Time': Timestamp('2008-06-01 00:31:14'), 'mag': 5.5}]",1,18
221,2008-06-09 13:06:23.725,1,"[{'lat': -56.719, 'long': -25.412, 'Time': Timestamp('2008-06-10 13:59:46'), 'mag': 5.0}, {'lat': -33.101, 'long': -15.859, 'Time': Timestamp('2008-06-11 12:30:04'), 'mag': 5.0}]",2,27
222,2008-05-31 16:23:53.778,0,[],0,18
223,2008-05-29 19:38:23.831,1,"[{'lat': 50.458, 'long': -130.41, 'Time': Timestamp('2008-05-30 12:38:29'), 'mag': 5.0}]",1,16
224,2008-05-24 00:29:18.677,1,"[{'lat': 42.386, 'long': -30.515, 'Time': Timestamp('2008-05-24 04:58:18'), 'mag': 5.5}, {'lat': -8.839, 'long': 124.097, 'Time': Timestamp('2008-05-24 07:40:42'), 'mag': 5.0}, {'lat': -19.384, 'long': 169.508, 'Time': Timestamp('2008-05-24 10:28:43'), 'mag': 5.1}, {'lat': -7.181, 'long': 156.069, 'Time': Timestamp('2008-05-24 13:24:05'), 'mag': 5.9}, {'lat': 32.56, 'long': 105.423, 'Time': Timestamp('2008-05-25 08:21:49'), 'mag': 6.1}]",5,10
225,2008-06-03 05:23:53.512,1,"[{'lat': -3.444, 'long': 68.312, 'Time': Timestamp('2008-06-03 08:42:16'), 'mag': 5.3}, {'lat': 0.354, 'long': 97.759, 'Time': Timestamp('2008-06-03 10:15:50'), 'mag': 5.3}, {'lat': -2.077, 'long': 99.975, 'Time': Timestamp('2008-06-03 22:49:57'), 'mag': 5.2}, {'lat': 37.347, 'long': 72.146, 'Time': Timestamp('2008-06-04 04:17:40'), 'mag': 5.0}, {'lat': 32.349, 'long': 105.005, 'Time': Timestamp('2008-06-05 04:41:05'), 'mag': 5.2}]",5,20
226,2008-05-27 08:38:52.360,0,[],0,13
227,2008-06-01 11:57:53.231,1,"[{'lat': -37.671, 'long': -17.116, 'Time': Timestamp('2008-06-02 01:58:45'), 'mag': 5.0}, {'lat': -37.602, 'long': -17.635, 'Time': Timestamp('2008-06-02 02:17:17'), 'mag': 5.0}]",2,18
228,2008-05-19 15:16:14.178,1,"[{'lat': -44.451, 'long': -78.207, 'Time': Timestamp('2008-05-20 15:16:04'), 'mag': 5.6}, {'lat': -8.58, 'long': -74.886, 'Time': Timestamp('2008-05-20 21:37:12'), 'mag': 5.2}]",2,5
229,2008-06-02 21:44:20.367,1,"[{'lat': -22.569, 'long': -175.102, 'Time': Timestamp('2008-06-04 21:28:24'), 'mag': 5.2}]",1,19
230,2008-06-14 00:59:18.210,1,"[{'lat': -4.376, 'long': 144.354, 'Time': Timestamp('2008-06-14 12:55:25'), 'mag': 5.0}, {'lat': -9.553, 'long': 107.745, 'Time': Timestamp('2008-06-15 15:09:30'), 'mag': 5.1}]",2,30
231,2008-05-23 05:54:24.496,0,[],0,8
232,2008-05-30 09:09:50.565,1,"[{'lat': -54.744, 'long': 0.987, 'Time': Timestamp('2008-05-30 10:44:11'), 'mag': 5.7}, {'lat': -54.816, 'long': 0.979, 'Time': Timestamp('2008-06-01 00:31:14'), 'mag': 5.5}]",2,15
233,2008-05-20 12:28:53.632,0,[],0,5
234,2008-06-11 15:46:46.130,0,[],0,27
235,2008-06-01 19:01:53.740,1,"[{'lat': 44.18, 'long': -129.221, 'Time': Timestamp('2008-06-02 17:50:24'), 'mag': 5.2}]",1,17
236,2008-05-30 14:39:22.588,0,[],0,14
237,2008-06-15 17:55:23.115,1,"[{'lat': 5.008, 'long': -82.652, 'Time': Timestamp('2008-06-17 17:42:09'), 'mag': 5.9}]",1,30
238,2008-05-23 21:06:26.671,1,"[{'lat': 44.213, 'long': -129.393, 'Time': Timestamp('2008-05-24 23:23:06'), 'mag': 5.1}, {'lat': -62.826, 'long': -158.035, 'Time': Timestamp('2008-05-25 01:46:25'), 'mag': 5.2}, {'lat': 55.9055, 'long': -153.5083, 'Time': Timestamp('2008-05-25 19:18:24'), 'mag': 6.0}]",3,7
239,2008-06-08 00:22:46.546,1,"[{'lat': 37.963, 'long': 21.525, 'Time': Timestamp('2008-06-08 12:25:29'), 'mag': 6.4}, {'lat': 33.169, 'long': 92.116, 'Time': Timestamp('2008-06-08 17:56:19'), 'mag': 5.2}, {'lat': 32.447, 'long': 85.243, 'Time': Timestamp('2008-06-08 18:24:43'), 'mag': 5.1}, {'lat': -19.828, 'long': 167.939, 'Time': Timestamp('2008-06-09 06:40:16'), 'mag': 5.0}, {'lat': -5.49, 'long': 131.305, 'Time': Timestamp('2008-06-09 16:13:02'), 'mag': 5.0}]",5,22
240,2008-05-23 05:17:52.821,0,[],0,6
241,2008-06-04 08:34:21.780,0,[],0,18
242,2008-06-02 11:51:23.408,0,[],0,16
243,2008-05-30 15:09:56.531,0,[],0,13
244,2008-06-05 18:25:23.515,0,[],0,19
245,2008-06-02 21:39:23.982,1,"[{'lat': -22.569, 'long': -175.102, 'Time': Timestamp('2008-06-04 21:28:24'), 'mag': 5.2}]",1,16
246,2008-06-09 00:53:18.387,1,"[{'lat': -19.828, 'long': 167.939, 'Time': Timestamp('2008-06-09 06:40:16'), 'mag': 5.0}, {'lat': -5.49, 'long': 131.305, 'Time': Timestamp('2008-06-09 16:13:02'), 'mag': 5.0}, {'lat': -18.098, 'long': 167.88, 'Time': Timestamp('2008-06-10 04:13:37'), 'mag': 5.9}, {'lat': -18.068, 'long': 167.886, 'Time': Timestamp('2008-06-10 05:49:40'), 'mag': 5.6}, {'lat': -5.172, 'long': 154.581, 'Time': Timestamp('2008-06-10 07:10:23'), 'mag': 5.0}, {'lat': 5.248, 'long': 126.387, 'Time': Timestamp('2008-06-10 07:44:36'), 'mag': 5.4}, {'lat': 33.182, 'long': 91.961, 'Time': Timestamp('2008-06-10 10:04:58'), 'mag': 5.4}, {'lat': 33.176, 'long': 92.081, 'Time': Timestamp('2008-06-10 11:04:14'), 'mag': 5.1}, {'lat': 33.159, 'long': 92.09, 'Time': Timestamp('2008-06-10 14:15:38'), 'mag': 5.3}]",9,22
247,2008-05-26 05:48:26.113,1,"[{'lat': 32.699, 'long': 105.533, 'Time': Timestamp('2008-05-27 08:03:22'), 'mag': 5.2}, {'lat': 32.71, 'long': 105.54, 'Time': Timestamp('2008-05-27 08:37:51'), 'mag': 5.7}, {'lat': 32.67, 'long': 105.382, 'Time': Timestamp('2008-05-27 17:35:09'), 'mag': 5.0}]",3,8
248,2008-06-07 09:03:22.069,1,"[{'lat': 37.963, 'long': 21.525, 'Time': Timestamp('2008-06-08 12:25:29'), 'mag': 6.4}]",1,20
249,2008-05-30 12:22:53.809,0,[],0,12
250,2008-06-04 15:40:44.868,1,"[{'lat': -38.844, 'long': -91.623, 'Time': Timestamp('2008-06-05 02:16:46'), 'mag': 6.0}, {'lat': -38.871, 'long': -91.613, 'Time': Timestamp('2008-06-05 05:22:26'), 'mag': 5.8}, {'lat': -8.733, 'long': -76.448, 'Time': Timestamp('2008-06-05 13:37:39'), 'mag': 5.2}]",3,17
251,2008-06-16 22:09:52.162,1,"[{'lat': 5.008, 'long': -82.652, 'Time': Timestamp('2008-06-17 17:42:09'), 'mag': 5.9}]",1,29
252,2008-06-07 07:57:24.647,0,[],0,19
253,2008-06-17 11:14:23.183,1,"[{'lat': 37.67, 'long': 22.78, 'Time': Timestamp('2008-06-18 01:58:42'), 'mag': 5.1}]",1,29
254,2008-05-26 16:11:20.698,1,"[{'lat': 13.616, 'long': -91.02, 'Time': Timestamp('2008-05-27 11:27:55'), 'mag': 5.7}]",1,7
255,2008-06-02 19:26:23.318,0,[],0,14
256,2008-05-26 22:39:53.370,1,"[{'lat': -56.597, 'long': 147.41, 'Time': Timestamp('2008-05-27 05:51:12'), 'mag': 5.9}, {'lat': 13.616, 'long': -91.02, 'Time': Timestamp('2008-05-27 11:27:55'), 'mag': 5.7}, {'lat': -20.009, 'long': 168.763, 'Time': Timestamp('2008-05-27 17:34:18'), 'mag': 5.3}, {'lat': -25.201, 'long': -176.529, 'Time': Timestamp('2008-05-28 14:51:28'), 'mag': 5.0}, {'lat': -21.691, 'long': -68.343, 'Time': Timestamp('2008-05-28 17:35:28'), 'mag': 5.3}, {'lat': -13.102, 'long': -74.462, 'Time': Timestamp('2008-05-28 21:39:05'), 'mag': 5.2}]",6,7
257,2008-05-31 01:54:17.084,1,"[{'lat': 39.983, 'long': 142.604, 'Time': Timestamp('2008-05-31 14:28:35'), 'mag': 5.0}, {'lat': 20.124, 'long': 121.35, 'Time': Timestamp('2008-06-01 01:57:23'), 'mag': 6.3}, {'lat': 51.739, 'long': 159.189, 'Time': Timestamp('2008-06-01 09:24:28'), 'mag': 5.2}, {'lat': -4.583, 'long': 129.532, 'Time': Timestamp('2008-06-01 09:42:32'), 'mag': 5.4}, {'lat': -4.574, 'long': 129.5, 'Time': Timestamp('2008-06-01 10:33:28'), 'mag': 5.4}, {'lat': 2.243, 'long': 126.833, 'Time': Timestamp('2008-06-01 15:31:42'), 'mag': 5.0}, {'lat': -9.159, 'long': 118.034, 'Time': Timestamp('2008-06-01 15:59:48'), 'mag': 5.1}, {'lat': 51.624, 'long': 159.283, 'Time': Timestamp('2008-06-01 16:35:06'), 'mag': 5.1}, {'lat': 24.846, 'long': 121.816, 'Time': Timestamp('2008-06-01 16:59:23'), 'mag': 5.3}, {'lat': -4.592, 'long': 129.594, 'Time': Timestamp('2008-06-01 22:55:34'), 'mag': 5.1}]",10,11
258,2008-06-18 06:49:54.464,1,"[{'lat': 33.205, 'long': 92.016, 'Time': Timestamp('2008-06-18 08:12:18'), 'mag': 5.2}]",1,29
259,2008-06-08 10:05:50.656,1,"[{'lat': 37.963, 'long': 21.525, 'Time': Timestamp('2008-06-08 12:25:29'), 'mag': 6.4}]",1,19
260,2008-06-08 13:24:53.612,0,[],0,19
261,2008-05-30 16:41:53.665,1,"[{'lat': -28.919, 'long': -112.258, 'Time': Timestamp('2008-05-31 23:16:04'), 'mag': 5.8}]",1,10
262,2008-05-27 19:56:23.718,0,[],0,7
263,2008-06-18 23:10:23.772,1,"[{'lat': -14.366, 'long': 167.377, 'Time': Timestamp('2008-06-19 05:19:20'), 'mag': 5.1}, {'lat': -18.707, 'long': -173.389, 'Time': Timestamp('2008-06-19 16:20:48'), 'mag': 5.1}, {'lat': -18.87, 'long': -173.318, 'Time': Timestamp('2008-06-19 16:43:28'), 'mag': 5.0}, {'lat': -14.756, 'long': 167.336, 'Time': Timestamp('2008-06-19 20:36:09'), 'mag': 5.0}, {'lat': -18.699, 'long': -174.661, 'Time': Timestamp('2008-06-20 00:18:32'), 'mag': 5.2}, {'lat': -15.264, 'long': -174.639, 'Time': Timestamp('2008-06-20 04:24:37'), 'mag': 5.1}]",6,29
264,2008-06-05 08:57:20.919,0,[],0,15
265,2008-06-17 12:16:23.121,0,[],0,27
266,2008-06-10 15:34:19.604,0,[],0,20
267,2008-06-16 23:40:23.307,1,"[{'lat': -12.205, 'long': 166.713, 'Time': Timestamp('2008-06-18 09:30:11'), 'mag': 5.0}, {'lat': -18.351, 'long': -174.685, 'Time': Timestamp('2008-06-18 18:34:33'), 'mag': 5.1}]",2,26
268,2008-05-31 07:51:20.864,0,[],0,9
269,2008-06-09 11:07:50.593,1,"[{'lat': -56.719, 'long': -25.412, 'Time': Timestamp('2008-06-10 13:59:46'), 'mag': 5.0}]",1,18
270,2008-06-13 14:26:51.964,1,"[{'lat': -23.076, 'long': -66.417, 'Time': Timestamp('2008-06-15 12:21:28'), 'mag': 5.0}]",1,22
271,2008-06-09 17:42:53.602,0,[],0,18
272,2008-06-05 20:56:52.741,0,[],0,14
273,2008-06-02 00:10:53.709,1,"[{'lat': 9.053, 'long': 125.617, 'Time': Timestamp('2008-06-02 06:56:25'), 'mag': 5.0}, {'lat': -0.029, 'long': 123.282, 'Time': Timestamp('2008-06-02 19:47:16'), 'mag': 5.3}, {'lat': 32.067, 'long': 104.602, 'Time': Timestamp('2008-06-03 03:09:29'), 'mag': 5.0}, {'lat': -3.444, 'long': 68.312, 'Time': Timestamp('2008-06-03 08:42:16'), 'mag': 5.3}, {'lat': 0.354, 'long': 97.759, 'Time': Timestamp('2008-06-03 10:15:50'), 'mag': 5.3}, {'lat': -10.509, 'long': 161.273, 'Time': Timestamp('2008-06-03 16:20:50'), 'mag': 6.2}, {'lat': -8.166, 'long': 120.255, 'Time': Timestamp('2008-06-03 17:31:32'), 'mag': 5.9}, {'lat': -8.125, 'long': 120.265, 'Time': Timestamp('2008-06-03 21:03:46'), 'mag': 5.8}, {'lat': -8.1, 'long': 120.231, 'Time': Timestamp('2008-06-03 22:04:27'), 'mag': 6.0}, {'lat': -2.077, 'long': 99.975, 'Time': Timestamp('2008-06-03 22:49:57'), 'mag': 5.2}, {'lat': -8.143, 'long': 120.127, 'Time': Timestamp('2008-06-03 23:43:26'), 'mag': 5.1}]",11,10
274,2008-06-22 08:20:19.936,0,[],0,30
275,2008-06-11 11:39:23.896,1,"[{'lat': -33.101, 'long': -15.859, 'Time': Timestamp('2008-06-11 12:30:04'), 'mag': 5.0}]",1,19
276,2008-06-16 14:57:51.596,0,[],0,24
277,2008-06-14 18:13:24.003,1,"[{'lat': 10.616, 'long': -86.173, 'Time': Timestamp('2008-06-15 08:18:50'), 'mag': 5.2}, {'lat': -36.623, 'long': -107.45, 'Time': Timestamp('2008-06-15 08:37:17'), 'mag': 6.0}]",2,22
278,2008-06-20 21:27:24.470,1,"[{'lat': 16.704, 'long': -93.943, 'Time': Timestamp('2008-06-22 01:32:06'), 'mag': 5.1}]",1,28
279,2008-06-05 00:41:17.876,1,"[{'lat': -6.865, 'long': 150.741, 'Time': Timestamp('2008-06-05 02:56:44'), 'mag': 5.0}, {'lat': 32.349, 'long': 105.005, 'Time': Timestamp('2008-06-05 04:41:05'), 'mag': 5.2}, {'lat': 12.152, 'long': 143.866, 'Time': Timestamp('2008-06-05 11:02:04'), 'mag': 5.1}, {'lat': 52.176, 'long': -169.485, 'Time': Timestamp('2008-06-05 16:56:23'), 'mag': 5.0}, {'lat': 31.066, 'long': 141.49, 'Time': Timestamp('2008-06-06 02:39:01'), 'mag': 5.0}, {'lat': -7.435, 'long': 156.143, 'Time': Timestamp('2008-06-06 03:42:50'), 'mag': 5.1}, {'lat': -7.495, 'long': 127.885, 'Time': Timestamp('2008-06-06 13:42:48'), 'mag': 6.0}, {'lat': 35.883, 'long': -0.658, 'Time': Timestamp('2008-06-06 20:02:56'), 'mag': 5.5}]",8,12
280,2008-06-11 08:51:18.902,1,"[{'lat': 35.11, 'long': 26.19, 'Time': Timestamp('2008-06-12 00:20:45'), 'mag': 5.1}]",1,18
281,2008-06-13 12:10:23.297,1,"[{'lat': -17.836, 'long': -13.493, 'Time': Timestamp('2008-06-13 20:06:46'), 'mag': 5.3}]",1,20
282,2008-06-08 15:28:21.109,0,[],0,15
283,2008-06-10 18:43:49.286,1,"[{'lat': -50.157, 'long': -114.169, 'Time': Timestamp('2008-06-12 05:30:43'), 'mag': 5.9}, {'lat': -50.024, 'long': -113.661, 'Time': Timestamp('2008-06-12 16:53:34'), 'mag': 5.0}]",2,17
284,2008-06-05 23:34:23.484,1,"[{'lat': -7.435, 'long': 156.143, 'Time': Timestamp('2008-06-06 03:42:50'), 'mag': 5.1}, {'lat': -22.457, 'long': -175.069, 'Time': Timestamp('2008-06-07 21:53:12'), 'mag': 5.2}]",2,12
285,2008-05-30 07:45:23.808,0,[],0,5
286,2008-06-11 11:01:53.538,1,"[{'lat': -33.101, 'long': -15.859, 'Time': Timestamp('2008-06-11 12:30:04'), 'mag': 5.0}, {'lat': 35.11, 'long': 26.19, 'Time': Timestamp('2008-06-12 00:20:45'), 'mag': 5.1}]",2,17
287,2008-06-13 14:20:49.262,1,"[{'lat': -23.076, 'long': -66.417, 'Time': Timestamp('2008-06-15 12:21:28'), 'mag': 5.0}]",1,19
288,2008-06-05 17:36:53.779,1,"[{'lat': -12.385, 'long': -77.592, 'Time': Timestamp('2008-06-07 13:06:28'), 'mag': 5.0}]",1,11
289,2008-06-15 20:50:52.918,0,[],0,21
290,2008-06-09 00:04:53.886,1,"[{'lat': -19.828, 'long': 167.939, 'Time': Timestamp('2008-06-09 06:40:16'), 'mag': 5.0}, {'lat': -5.49, 'long': 131.305, 'Time': Timestamp('2008-06-09 16:13:02'), 'mag': 5.0}, {'lat': -18.098, 'long': 167.88, 'Time': Timestamp('2008-06-10 04:13:37'), 'mag': 5.9}, {'lat': -18.068, 'long': 167.886, 'Time': Timestamp('2008-06-10 05:49:40'), 'mag': 5.6}, {'lat': -5.172, 'long': 154.581, 'Time': Timestamp('2008-06-10 07:10:23'), 'mag': 5.0}, {'lat': 5.248, 'long': 126.387, 'Time': Timestamp('2008-06-10 07:44:36'), 'mag': 5.4}, {'lat': 33.182, 'long': 91.961, 'Time': Timestamp('2008-06-10 10:04:58'), 'mag': 5.4}, {'lat': 33.176, 'long': 92.081, 'Time': Timestamp('2008-06-10 11:04:14'), 'mag': 5.1}, {'lat': 33.159, 'long': 92.09, 'Time': Timestamp('2008-06-10 14:15:38'), 'mag': 5.3}]",9,14
291,2008-06-18 04:59:32.894,1,"[{'lat': 35.289, 'long': 91.27, 'Time': Timestamp('2008-06-18 05:23:31'), 'mag': 5.4}, {'lat': 33.205, 'long': 92.016, 'Time': Timestamp('2008-06-18 08:12:18'), 'mag': 5.2}, {'lat': 6.791, 'long': 92.701, 'Time': Timestamp('2008-06-19 00:35:33'), 'mag': 5.1}]",3,23
292,2008-06-16 08:15:50.224,0,[],0,21
293,2008-06-06 11:32:54.073,1,"[{'lat': 35.883, 'long': -0.658, 'Time': Timestamp('2008-06-06 20:02:56'), 'mag': 5.5}]",1,11
294,2008-06-19 14:51:16.564,0,[],0,24
295,2008-06-04 18:07:23.180,1,"[{'lat': -38.844, 'long': -91.623, 'Time': Timestamp('2008-06-05 02:16:46'), 'mag': 6.0}, {'lat': 15.76, 'long': -93.74, 'Time': Timestamp('2008-06-05 05:11:26'), 'mag': 5.3}, {'lat': -38.871, 'long': -91.613, 'Time': Timestamp('2008-06-05 05:22:26'), 'mag': 5.8}]",3,9
296,2008-06-04 21:21:22.319,1,"[{'lat': -22.569, 'long': -175.102, 'Time': Timestamp('2008-06-04 21:28:24'), 'mag': 5.2}, {'lat': -38.844, 'long': -91.623, 'Time': Timestamp('2008-06-05 02:16:46'), 'mag': 6.0}, {'lat': 15.76, 'long': -93.74, 'Time': Timestamp('2008-06-05 05:11:26'), 'mag': 5.3}, {'lat': -38.871, 'long': -91.613, 'Time': Timestamp('2008-06-05 05:22:26'), 'mag': 5.8}, {'lat': -8.733, 'long': -76.448, 'Time': Timestamp('2008-06-05 13:37:39'), 'mag': 5.2}, {'lat': -33.761, 'long': -178.637, 'Time': Timestamp('2008-06-05 18:53:11'), 'mag': 5.0}]",6,9
297,2008-06-21 00:35:18.052,1,"[{'lat': 36.1, 'long': 21.93, 'Time': Timestamp('2008-06-21 05:57:16'), 'mag': 5.2}, {'lat': -5.396, 'long': 152.067, 'Time': Timestamp('2008-06-21 07:28:44'), 'mag': 5.1}, {'lat': 36.06, 'long': 21.82, 'Time': Timestamp('2008-06-21 11:36:23'), 'mag': 5.6}, {'lat': 36.474, 'long': 70.234, 'Time': Timestamp('2008-06-21 19:52:16'), 'mag': 5.1}, {'lat': -8.865, 'long': 157.804, 'Time': Timestamp('2008-06-22 07:22:06'), 'mag': 5.8}, {'lat': -8.809, 'long': 157.879, 'Time': Timestamp('2008-06-22 13:15:34'), 'mag': 5.3}, {'lat': -12.689, 'long': 166.695, 'Time': Timestamp('2008-06-22 20:18:41'), 'mag': 5.2}, {'lat': 67.698, 'long': 141.276, 'Time': Timestamp('2008-06-22 23:56:30'), 'mag': 6.1}]",8,25
298,2008-06-06 05:29:55.778,0,[],0,10
299,2008-06-16 08:44:50.407,1,"[{'lat': 37.67, 'long': 22.78, 'Time': Timestamp('2008-06-18 01:58:42'), 'mag': 5.1}]",1,20
300,2008-06-18 12:03:53.474,0,[],0,22
301,2008-06-05 15:22:14.421,1,"[{'lat': -12.385, 'long': -77.592, 'Time': Timestamp('2008-06-07 13:06:28'), 'mag': 5.0}]",1,9
302,2008-06-13 18:37:53.581,1,"[{'lat': -36.147, 'long': -100.037, 'Time': Timestamp('2008-06-13 19:57:02'), 'mag': 5.0}, {'lat': -36.623, 'long': -107.45, 'Time': Timestamp('2008-06-15 08:37:17'), 'mag': 6.0}]",2,17
303,2008-06-17 07:38:52.992,1,"[{'lat': -9.32, 'long': 67.165, 'Time': Timestamp('2008-06-17 20:57:04'), 'mag': 5.0}]",1,20
304,2008-06-08 10:55:21.082,1,"[{'lat': 37.963, 'long': 21.525, 'Time': Timestamp('2008-06-08 12:25:29'), 'mag': 6.4}]",1,11
305,2008-06-21 14:14:21.348,0,[],0,24
306,2008-06-19 17:30:53.091,0,[],0,22
307,2008-06-24 20:44:52.229,1,"[{'lat': -56.032, 'long': -144.435, 'Time': Timestamp('2008-06-25 02:35:16'), 'mag': 5.2}, {'lat': -56.015, 'long': -143.685, 'Time': Timestamp('2008-06-25 02:41:43'), 'mag': 5.3}, {'lat': -54.288, 'long': -136.479, 'Time': Timestamp('2008-06-26 12:13:02'), 'mag': 5.2}]",3,27
308,2008-06-02 23:58:53.197,1,"[{'lat': 32.067, 'long': 104.602, 'Time': Timestamp('2008-06-03 03:09:29'), 'mag': 5.0}, {'lat': -3.444, 'long': 68.312, 'Time': Timestamp('2008-06-03 08:42:16'), 'mag': 5.3}, {'lat': 0.354, 'long': 97.759, 'Time': Timestamp('2008-06-03 10:15:50'), 'mag': 5.3}, {'lat': -10.509, 'long': 161.273, 'Time': Timestamp('2008-06-03 16:20:50'), 'mag': 6.2}, {'lat': -8.166, 'long': 120.255, 'Time': Timestamp('2008-06-03 17:31:32'), 'mag': 5.9}, {'lat': -8.125, 'long': 120.265, 'Time': Timestamp('2008-06-03 21:03:46'), 'mag': 5.8}, {'lat': -8.1, 'long': 120.231, 'Time': Timestamp('2008-06-03 22:04:27'), 'mag': 6.0}, {'lat': -2.077, 'long': 99.975, 'Time': Timestamp('2008-06-03 22:49:57'), 'mag': 5.2}, {'lat': -8.143, 'long': 120.127, 'Time': Timestamp('2008-06-03 23:43:26'), 'mag': 5.1}, {'lat': -0.627, 'long': 122.639, 'Time': Timestamp('2008-06-04 01:25:24'), 'mag': 5.3}, {'lat': 37.347, 'long': 72.146, 'Time': Timestamp('2008-06-04 04:17:40'), 'mag': 5.0}, {'lat': -2.48, 'long': 140.021, 'Time': Timestamp('2008-06-04 11:49:53'), 'mag': 5.0}, {'lat': 41.538, 'long': 139.058, 'Time': Timestamp('2008-06-04 17:03:06'), 'mag': 5.7}]",13,5
309,2008-06-25 06:31:24.152,0,[],0,27
310,2008-06-06 09:47:36.840,0,[],0,8
311,2008-06-17 13:06:23.412,0,[],0,19
312,2008-06-08 16:23:50.675,1,"[{'lat': 13.346, 'long': -90.672, 'Time': Timestamp('2008-06-09 07:33:28'), 'mag': 5.0}]",1,10
313,2008-06-10 19:38:23.518,0,[],0,12
314,2008-06-06 22:51:53.572,1,"[{'lat': -22.457, 'long': -175.069, 'Time': Timestamp('2008-06-07 21:53:12'), 'mag': 5.2}]",1,8
315,2008-06-15 07:01:54.677,0,[],0,16
316,2008-06-13 10:18:20.857,1,"[{'lat': -17.836, 'long': -13.493, 'Time': Timestamp('2008-06-13 20:06:46'), 'mag': 5.3}]",1,14
317,2008-06-28 13:37:23.813,1,"[{'lat': 26.113, 'long': -44.821, 'Time': Timestamp('2008-06-28 23:29:02'), 'mag': 5.0}]",1,29
318,2008-06-09 16:54:23.867,0,[],0,10
319,2008-06-24 21:45:24.359,1,"[{'lat': -56.032, 'long': -144.435, 'Time': Timestamp('2008-06-25 02:35:16'), 'mag': 5.2}, {'lat': -56.015, 'long': -143.685, 'Time': Timestamp('2008-06-25 02:41:43'), 'mag': 5.3}, {'lat': -8.903, 'long': -75.629, 'Time': Timestamp('2008-06-26 00:06:39'), 'mag': 5.0}, {'lat': -54.288, 'long': -136.479, 'Time': Timestamp('2008-06-26 12:13:02'), 'mag': 5.2}, {'lat': -8.919, 'long': -75.584, 'Time': Timestamp('2008-06-26 12:34:01'), 'mag': 5.2}, {'lat': -20.768, 'long': -173.342, 'Time': Timestamp('2008-06-26 21:19:15'), 'mag': 6.2}]",6,25
320,2008-06-16 00:59:18.765,1,"[{'lat': -49.332, 'long': 116.505, 'Time': Timestamp('2008-06-16 10:17:51'), 'mag': 5.0}, {'lat': 38.997, 'long': 140.841, 'Time': Timestamp('2008-06-16 14:14:38'), 'mag': 5.1}, {'lat': 53.967, 'long': 127.985, 'Time': Timestamp('2008-06-17 17:26:11'), 'mag': 5.1}, {'lat': -9.32, 'long': 67.165, 'Time': Timestamp('2008-06-17 20:57:04'), 'mag': 5.0}]",4,16
321,2008-06-10 05:54:24.051,1,"[{'lat': 33.182, 'long': 91.961, 'Time': Timestamp('2008-06-10 10:04:58'), 'mag': 5.4}, {'lat': 33.176, 'long': 92.081, 'Time': Timestamp('2008-06-10 11:04:14'), 'mag': 5.1}, {'lat': 33.159, 'long': 92.09, 'Time': Timestamp('2008-06-10 14:15:38'), 'mag': 5.3}, {'lat': -17.937, 'long': 65.522, 'Time': Timestamp('2008-06-11 16:10:53'), 'mag': 5.3}]",4,10
322,2008-06-10 09:09:50.120,1,"[{'lat': 35.11, 'long': 26.19, 'Time': Timestamp('2008-06-12 00:20:45'), 'mag': 5.1}]",1,10
323,2008-06-22 12:28:53.187,0,[],0,22
324,2008-06-08 15:46:44.358,0,[],0,8
325,2008-06-26 19:01:53.294,1,"[{'lat': 13.8, 'long': -93.28, 'Time': Timestamp('2008-06-28 15:42:19'), 'mag': 5.1}, {'lat': 14.332, 'long': -92.698, 'Time': Timestamp('2008-06-28 16:28:55'), 'mag': 5.1}]",2,26
326,2008-06-14 22:15:48.772,1,"[{'lat': 10.616, 'long': -86.173, 'Time': Timestamp('2008-06-15 08:18:50'), 'mag': 5.2}, {'lat': -36.623, 'long': -107.45, 'Time': Timestamp('2008-06-15 08:37:17'), 'mag': 6.0}, {'lat': -23.076, 'long': -66.417, 'Time': Timestamp('2008-06-15 12:21:28'), 'mag': 5.0}, {'lat': -49.332, 'long': 116.505, 'Time': Timestamp('2008-06-16 10:17:51'), 'mag': 5.0}]",4,14
327,2008-06-07 01:29:51.715,1,"[{'lat': -3.552, 'long': 140.851, 'Time': Timestamp('2008-06-07 19:10:48'), 'mag': 5.0}, {'lat': -8.155, 'long': 120.343, 'Time': Timestamp('2008-06-07 22:03:18'), 'mag': 5.3}, {'lat': -8.115, 'long': 120.431, 'Time': Timestamp('2008-06-07 22:09:04'), 'mag': 5.1}]",3,6
328,2008-06-14 06:25:24.329,0,[],0,13
329,2008-06-25 09:40:50.632,0,[],0,24
330,2008-06-09 12:59:53.589,1,"[{'lat': -56.719, 'long': -25.412, 'Time': Timestamp('2008-06-10 13:59:46'), 'mag': 5.0}, {'lat': -33.101, 'long': -15.859, 'Time': Timestamp('2008-06-11 12:30:04'), 'mag': 5.0}]",2,8
331,2008-06-09 22:45:53.748,1,"[{'lat': -18.098, 'long': 167.88, 'Time': Timestamp('2008-06-10 04:13:37'), 'mag': 5.9}, {'lat': -18.068, 'long': 167.886, 'Time': Timestamp('2008-06-10 05:49:40'), 'mag': 5.6}, {'lat': -56.719, 'long': -25.412, 'Time': Timestamp('2008-06-10 13:59:46'), 'mag': 5.0}, {'lat': 51.158, 'long': -179.25, 'Time': Timestamp('2008-06-11 11:12:26'), 'mag': 5.2}, {'lat': -33.101, 'long': -15.859, 'Time': Timestamp('2008-06-11 12:30:04'), 'mag': 5.0}, {'lat': -31.721, 'long': -178.525, 'Time': Timestamp('2008-06-11 14:30:10'), 'mag': 5.2}]",6,8
332,2008-07-01 02:00:25.432,0,[],0,29
333,2008-06-10 05:18:02.785,1,"[{'lat': 33.182, 'long': 91.961, 'Time': Timestamp('2008-06-10 10:04:58'), 'mag': 5.4}, {'lat': 33.176, 'long': 92.081, 'Time': Timestamp('2008-06-10 11:04:14'), 'mag': 5.1}, {'lat': 33.159, 'long': 92.09, 'Time': Timestamp('2008-06-10 14:15:38'), 'mag': 5.3}, {'lat': -17.937, 'long': 65.522, 'Time': Timestamp('2008-06-11 16:10:53'), 'mag': 5.3}]",4,8
334,2008-06-19 08:34:21.007,0,[],0,17
335,2008-06-12 11:51:23.962,1,"[{'lat': -17.836, 'long': -13.493, 'Time': Timestamp('2008-06-13 20:06:46'), 'mag': 5.3}]",1,10
336,2008-06-29 15:09:57.086,1,"[{'lat': -10.368, 'long': -75.512, 'Time': Timestamp('2008-07-01 00:17:33'), 'mag': 5.4}]",1,27
337,2008-06-26 18:25:19.952,1,"[{'lat': 13.8, 'long': -93.28, 'Time': Timestamp('2008-06-28 15:42:19'), 'mag': 5.1}, {'lat': 14.332, 'long': -92.698, 'Time': Timestamp('2008-06-28 16:28:55'), 'mag': 5.1}]",2,24
338,2008-06-30 21:39:23.537,1,"[{'lat': -10.368, 'long': -75.512, 'Time': Timestamp('2008-07-01 00:17:33'), 'mag': 5.4}, {'lat': -58.318, 'long': -22.183, 'Time': Timestamp('2008-07-01 00:48:00'), 'mag': 5.3}, {'lat': -58.121, 'long': -21.882, 'Time': Timestamp('2008-07-01 01:54:41'), 'mag': 5.6}, {'lat': -33.075, 'long': -16.007, 'Time': Timestamp('2008-07-01 10:38:09'), 'mag': 5.0}, {'lat': 12.451, 'long': -44.202, 'Time': Timestamp('2008-07-02 00:08:31'), 'mag': 5.0}]",5,28
339,2008-06-22 00:53:17.942,1,"[{'lat': -8.865, 'long': 157.804, 'Time': Timestamp('2008-06-22 07:22:06'), 'mag': 5.8}, {'lat': -8.809, 'long': 157.879, 'Time': Timestamp('2008-06-22 13:15:34'), 'mag': 5.3}, {'lat': -12.689, 'long': 166.695, 'Time': Timestamp('2008-06-22 20:18:41'), 'mag': 5.2}, {'lat': 67.698, 'long': 141.276, 'Time': Timestamp('2008-06-22 23:56:30'), 'mag': 6.1}, {'lat': 46.482, 'long': 153.267, 'Time': Timestamp('2008-06-23 12:32:12'), 'mag': 5.6}]",5,19
340,2008-06-23 05:48:25.668,1,"[{'lat': 40.039, 'long': 70.841, 'Time': Timestamp('2008-06-24 18:26:53'), 'mag': 5.0}, {'lat': -3.185, 'long': 101.433, 'Time': Timestamp('2008-06-24 19:14:44'), 'mag': 5.1}, {'lat': 1.324, 'long': 97.158, 'Time': Timestamp('2008-06-25 01:52:36'), 'mag': 5.5}, {'lat': 1.344, 'long': 97.191, 'Time': Timestamp('2008-06-25 02:53:25'), 'mag': 5.7}]",4,20
341,2008-06-19 13:23:53.302,0,[],0,14
342,2008-07-03 16:40:49.461,1,"[{'lat': 15.82, 'long': -94.126, 'Time': Timestamp('2008-07-03 18:21:17'), 'mag': 5.0}, {'lat': -1.421, 'long': -77.582, 'Time': Timestamp('2008-07-04 06:02:49'), 'mag': 5.2}]",2,28
343,2008-06-10 19:55:23.409,0,[],0,5
344,2008-07-05 23:08:53.461,1,"[{'lat': -25.459, 'long': -176.351, 'Time': Timestamp('2008-07-06 04:30:26'), 'mag': 5.3}, {'lat': -16.428, 'long': -174.047, 'Time': Timestamp('2008-07-07 04:44:55'), 'mag': 5.5}, {'lat': -58.09, 'long': 147.77, 'Time': Timestamp('2008-07-07 07:46:05'), 'mag': 5.0}, {'lat': 51.938, 'long': -177.063, 'Time': Timestamp('2008-07-07 22:43:50'), 'mag': 5.3}]",4,30
345,2008-07-02 08:55:50.609,1,"[{'lat': 35.5, 'long': 58.8, 'Time': Timestamp('2008-07-03 23:10:02'), 'mag': 5.2}]",1,26
346,2008-06-19 12:14:53.676,0,[],0,13
347,2008-06-24 15:32:46.063,1,"[{'lat': -8.903, 'long': -75.629, 'Time': Timestamp('2008-06-26 00:06:39'), 'mag': 5.0}, {'lat': -8.919, 'long': -75.584, 'Time': Timestamp('2008-06-26 12:34:01'), 'mag': 5.2}]",2,18
348,2008-07-05 18:47:49.665,0,[],0,29
349,2008-06-15 22:01:52.028,1,"[{'lat': -49.332, 'long': 116.505, 'Time': Timestamp('2008-06-16 10:17:51'), 'mag': 5.0}, {'lat': -64.728, 'long': 177.402, 'Time': Timestamp('2008-06-16 20:13:01'), 'mag': 5.2}, {'lat': 5.008, 'long': -82.652, 'Time': Timestamp('2008-06-17 17:42:09'), 'mag': 5.9}]",3,9
350,2008-06-26 01:15:43.231,1,"[{'lat': 11.005, 'long': 91.824, 'Time': Timestamp('2008-06-27 11:40:13'), 'mag': 6.6}, {'lat': 10.894, 'long': 91.777, 'Time': Timestamp('2008-06-27 13:07:08'), 'mag': 5.9}, {'lat': 10.89, 'long': 92.003, 'Time': Timestamp('2008-06-27 13:10:12'), 'mag': 5.2}, {'lat': 0.206, 'long': 96.666, 'Time': Timestamp('2008-06-27 14:16:21'), 'mag': 5.1}, {'lat': 10.892, 'long': 91.782, 'Time': Timestamp('2008-06-27 18:05:13'), 'mag': 5.0}]",5,19
351,2008-07-07 11:05:53.917,1,"[{'lat': -58.065, 'long': -22.148, 'Time': Timestamp('2008-07-07 21:39:25'), 'mag': 5.0}, {'lat': -60.069, 'long': -18.713, 'Time': Timestamp('2008-07-08 18:23:00'), 'mag': 5.1}]",2,30
352,2008-06-27 14:24:17.536,1,"[{'lat': 26.113, 'long': -44.821, 'Time': Timestamp('2008-06-28 23:29:02'), 'mag': 5.0}]",1,20
353,2008-06-22 17:40:23.157,0,[],0,15
354,2008-06-22 20:54:22.296,0,[],0,15
355,2008-07-04 00:08:23.264,1,"[{'lat': 75.398, 'long': 133.948, 'Time': Timestamp('2008-07-04 04:55:05'), 'mag': 5.0}, {'lat': -3.505, 'long': 145.379, 'Time': Timestamp('2008-07-04 10:18:02'), 'mag': 5.1}, {'lat': 53.882, 'long': 152.886, 'Time': Timestamp('2008-07-05 02:12:04'), 'mag': 7.7}, {'lat': 54.083, 'long': 153.986, 'Time': Timestamp('2008-07-05 02:30:56'), 'mag': 5.0}, {'lat': 36.643, 'long': 140.952, 'Time': Timestamp('2008-07-05 07:49:02'), 'mag': 5.1}, {'lat': 51.66, 'long': 179.461, 'Time': Timestamp('2008-07-05 12:56:13'), 'mag': 5.1}]",6,26
356,2008-06-21 05:03:02.273,0,[],0,13
357,2008-06-22 09:56:21.850,0,[],0,14
358,2008-07-09 00:38:18.431,1,"[{'lat': -12.406, 'long': 166.46, 'Time': Timestamp('2008-07-09 02:34:43'), 'mag': 5.0}, {'lat': -20.919, 'long': 168.769, 'Time': Timestamp('2008-07-09 08:24:16'), 'mag': 5.4}, {'lat': 3.434, 'long': 126.791, 'Time': Timestamp('2008-07-09 09:13:01'), 'mag': 5.0}, {'lat': 49.261, 'long': 151.341, 'Time': Timestamp('2008-07-09 12:29:41'), 'mag': 5.2}, {'lat': -1.831, 'long': 101.137, 'Time': Timestamp('2008-07-09 22:17:41'), 'mag': 5.3}, {'lat': -20.975, 'long': 168.6, 'Time': Timestamp('2008-07-10 03:46:45'), 'mag': 5.0}, {'lat': -15.204, 'long': 167.516, 'Time': Timestamp('2008-07-10 05:16:27'), 'mag': 5.3}, {'lat': 0.938, 'long': 125.962, 'Time': Timestamp('2008-07-10 06:29:49'), 'mag': 5.1}, {'lat': -20.081, 'long': 169.205, 'Time': Timestamp('2008-07-10 16:01:06'), 'mag': 5.1}, {'lat': 6.497, 'long': 124.631, 'Time': Timestamp('2008-07-10 17:32:29'), 'mag': 5.1}]",10,30
359,2008-07-05 07:10:57.064,0,[],0,26
360,2008-06-25 10:27:19.596,0,[],0,16
361,2008-07-03 13:46:23.879,0,[],0,24
362,2008-06-29 17:02:53.933,1,"[{'lat': -38.396, 'long': -93.252, 'Time': Timestamp('2008-06-30 04:05:59'), 'mag': 5.2}, {'lat': 14.47, 'long': -93.06, 'Time': Timestamp('2008-06-30 11:49:22'), 'mag': 5.0}, {'lat': -10.368, 'long': -75.512, 'Time': Timestamp('2008-07-01 00:17:33'), 'mag': 5.4}]",3,20
363,2008-07-04 01:07:48.831,1,"[{'lat': 75.398, 'long': 133.948, 'Time': Timestamp('2008-07-04 04:55:05'), 'mag': 5.0}, {'lat': -3.505, 'long': 145.379, 'Time': Timestamp('2008-07-04 10:18:02'), 'mag': 5.1}, {'lat': 53.882, 'long': 152.886, 'Time': Timestamp('2008-07-05 02:12:04'), 'mag': 7.7}, {'lat': 54.083, 'long': 153.986, 'Time': Timestamp('2008-07-05 02:30:56'), 'mag': 5.0}, {'lat': 36.643, 'long': 140.952, 'Time': Timestamp('2008-07-05 07:49:02'), 'mag': 5.1}, {'lat': 51.66, 'long': 179.461, 'Time': Timestamp('2008-07-05 12:56:13'), 'mag': 5.1}, {'lat': 45.354, 'long': 151.044, 'Time': Timestamp('2008-07-06 01:00:08'), 'mag': 5.7}]",7,24
364,2008-06-18 06:02:54.117,1,"[{'lat': 33.205, 'long': 92.016, 'Time': Timestamp('2008-06-18 08:12:18'), 'mag': 5.2}, {'lat': 6.791, 'long': 92.701, 'Time': Timestamp('2008-06-19 00:35:33'), 'mag': 5.1}]",2,8
365,2008-06-20 09:18:18.858,1,"[{'lat': 36.1, 'long': 21.93, 'Time': Timestamp('2008-06-21 05:57:16'), 'mag': 5.2}, {'lat': 36.06, 'long': 21.82, 'Time': Timestamp('2008-06-21 11:36:23'), 'mag': 5.6}]",2,10
366,2008-07-06 12:37:23.254,1,"[{'lat': -58.065, 'long': -22.148, 'Time': Timestamp('2008-07-07 21:39:25'), 'mag': 5.0}]",1,26
367,2008-07-03 15:54:50.517,1,"[{'lat': -1.421, 'long': -77.582, 'Time': Timestamp('2008-07-04 06:02:49'), 'mag': 5.2}]",1,23
368,2008-07-01 19:09:49.354,1,"[{'lat': 15.82, 'long': -94.126, 'Time': Timestamp('2008-07-03 18:21:17'), 'mag': 5.0}]",1,21
369,2008-06-23 22:23:53.413,1,"[{'lat': -56.032, 'long': -144.435, 'Time': Timestamp('2008-06-25 02:35:16'), 'mag': 5.2}, {'lat': -56.015, 'long': -143.685, 'Time': Timestamp('2008-06-25 02:41:43'), 'mag': 5.3}]",2,13
370,2008-06-22 01:37:51.781,1,"[{'lat': -8.865, 'long': 157.804, 'Time': Timestamp('2008-06-22 07:22:06'), 'mag': 5.8}, {'lat': -8.809, 'long': 157.879, 'Time': Timestamp('2008-06-22 13:15:34'), 'mag': 5.3}, {'lat': 67.698, 'long': 141.276, 'Time': Timestamp('2008-06-22 23:56:30'), 'mag': 6.1}, {'lat': 46.482, 'long': 153.267, 'Time': Timestamp('2008-06-23 12:32:12'), 'mag': 5.6}]",4,11
371,2008-06-27 08:11:19.779,0,[],0,16
372,2008-07-04 11:28:23.763,0,[],0,23
373,2008-06-30 14:46:51.127,1,"[{'lat': -10.368, 'long': -75.512, 'Time': Timestamp('2008-07-01 00:17:33'), 'mag': 5.4}, {'lat': 12.451, 'long': -44.202, 'Time': Timestamp('2008-07-02 00:08:31'), 'mag': 5.0}]",2,19
374,2008-06-19 21:16:24.336,1,"[{'lat': -18.699, 'long': -174.661, 'Time': Timestamp('2008-06-20 00:18:32'), 'mag': 5.2}, {'lat': -15.264, 'long': -174.639, 'Time': Timestamp('2008-06-20 04:24:37'), 'mag': 5.1}]",2,8
375,2008-07-01 00:30:18.742,1,"[{'lat': 52.399, 'long': -168.288, 'Time': Timestamp('2008-07-01 15:50:32'), 'mag': 5.0}, {'lat': 35.777, 'long': 88.36, 'Time': Timestamp('2008-07-02 20:22:56'), 'mag': 5.2}]",2,19
376,2008-06-24 08:39:51.425,1,"[{'lat': 40.039, 'long': 70.841, 'Time': Timestamp('2008-06-24 18:26:53'), 'mag': 5.0}]",1,12
377,2008-06-24 11:58:53.164,0,[],0,12
378,2008-07-09 15:16:53.632,0,[],0,27
379,2008-07-02 18:32:23.271,1,"[{'lat': 15.82, 'long': -94.126, 'Time': Timestamp('2008-07-03 18:21:17'), 'mag': 5.0}]",1,20
380,2008-07-11 21:46:23.738,1,"[{'lat': -45.82, 'long': 166.79, 'Time': Timestamp('2008-07-12 00:08:56'), 'mag': 5.1}, {'lat': 43.294, 'long': -126.445, 'Time': Timestamp('2008-07-12 15:46:02'), 'mag': 5.0}]",2,29
381,2008-06-28 01:00:20.911,1,"[{'lat': 10.873, 'long': 91.899, 'Time': Timestamp('2008-06-28 03:26:52'), 'mag': 5.1}, {'lat': -5.161, 'long': 150.95, 'Time': Timestamp('2008-06-28 09:31:00'), 'mag': 5.0}, {'lat': -6.518, 'long': 154.939, 'Time': Timestamp('2008-06-28 12:10:44'), 'mag': 5.0}, {'lat': 10.847, 'long': 91.712, 'Time': Timestamp('2008-06-28 12:54:46'), 'mag': 6.1}, {'lat': 10.902, 'long': 91.925, 'Time': Timestamp('2008-06-28 15:29:11'), 'mag': 5.4}, {'lat': 26.113, 'long': -44.821, 'Time': Timestamp('2008-06-28 23:29:02'), 'mag': 5.0}, {'lat': 11.003, 'long': 91.728, 'Time': Timestamp('2008-06-29 00:32:13'), 'mag': 5.0}, {'lat': 10.75, 'long': 91.64, 'Time': Timestamp('2008-06-29 04:14:37'), 'mag': 5.2}, {'lat': 35.711, 'long': 88.343, 'Time': Timestamp('2008-06-29 08:41:59'), 'mag': 5.0}, {'lat': 35.658, 'long': 88.307, 'Time': Timestamp('2008-06-29 12:47:26'), 'mag': 5.5}, {'lat': 51.924, 'long': -169.924, 'Time': Timestamp('2008-06-29 17:02:18'), 'mag': 5.4}, {'lat': 45.156, 'long': 137.446, 'Time': Timestamp('2008-06-29 20:53:04'), 'mag': 6.0}]",12,15
382,2008-06-19 05:54:54.429,1,"[{'lat': -3.086, 'long': 101.267, 'Time': Timestamp('2008-06-20 10:01:38'), 'mag': 5.0}, {'lat': -2.035, 'long': 98.704, 'Time': Timestamp('2008-06-20 12:24:58'), 'mag': 5.2}]",2,6
383,2008-07-10 09:10:20.498,0,[],0,27
384,2008-06-21 12:29:23.566,0,[],0,8
385,2008-07-03 15:47:18.831,1,"[{'lat': -1.421, 'long': -77.582, 'Time': Timestamp('2008-07-04 06:02:49'), 'mag': 5.2}]",1,20
386,2008-07-11 19:02:23.673,1,"[{'lat': 43.294, 'long': -126.445, 'Time': Timestamp('2008-07-12 15:46:02'), 'mag': 5.0}]",1,28
387,2008-06-20 22:15:50.478,1,"[{'lat': -22.625, 'long': 171.155, 'Time': Timestamp('2008-06-21 00:29:14'), 'mag': 5.2}, {'lat': 16.704, 'long': -93.943, 'Time': Timestamp('2008-06-22 01:32:06'), 'mag': 5.1}]",2,7
388,2008-07-07 01:29:52.093,1,"[{'lat': -58.09, 'long': 147.77, 'Time': Timestamp('2008-07-07 07:46:05'), 'mag': 5.0}, {'lat': 27.532, 'long': 128.334, 'Time': Timestamp('2008-07-08 07:42:10'), 'mag': 6.0}]",2,23
389,2008-06-19 06:24:51.940,0,[],0,5
390,2008-06-26 09:40:51.063,0,[],0,12
391,2008-06-30 12:59:53.967,1,"[{'lat': -58.146, 'long': -21.697, 'Time': Timestamp('2008-06-30 17:18:14'), 'mag': 5.1}, {'lat': -58.318, 'long': -22.183, 'Time': Timestamp('2008-07-01 00:48:00'), 'mag': 5.3}, {'lat': -58.121, 'long': -21.882, 'Time': Timestamp('2008-07-01 01:54:41'), 'mag': 5.6}, {'lat': -33.075, 'long': -16.007, 'Time': Timestamp('2008-07-01 10:38:09'), 'mag': 5.0}, {'lat': 12.451, 'long': -44.202, 'Time': Timestamp('2008-07-02 00:08:31'), 'mag': 5.0}]",5,16
392,2008-06-24 17:54:54.047,1,"[{'lat': -56.032, 'long': -144.435, 'Time': Timestamp('2008-06-25 02:35:16'), 'mag': 5.2}, {'lat': -56.015, 'long': -143.685, 'Time': Timestamp('2008-06-25 02:41:43'), 'mag': 5.3}, {'lat': -54.288, 'long': -136.479, 'Time': Timestamp('2008-06-26 12:13:02'), 'mag': 5.2}]",3,10
393,2008-06-25 21:08:52.185,1,"[{'lat': -20.768, 'long': -173.342, 'Time': Timestamp('2008-06-26 21:19:15'), 'mag': 6.2}, {'lat': -22.168, 'long': -174.898, 'Time': Timestamp('2008-06-27 02:16:00'), 'mag': 5.0}]",2,11
394,2008-06-20 00:22:16.478,1,"[{'lat': -4.775, 'long': 148.922, 'Time': Timestamp('2008-06-20 03:16:02'), 'mag': 5.5}, {'lat': -3.086, 'long': 101.267, 'Time': Timestamp('2008-06-20 10:01:38'), 'mag': 5.0}, {'lat': -2.035, 'long': 98.704, 'Time': Timestamp('2008-06-20 12:24:58'), 'mag': 5.2}, {'lat': -22.625, 'long': 171.155, 'Time': Timestamp('2008-06-21 00:29:14'), 'mag': 5.2}, {'lat': 36.1, 'long': 21.93, 'Time': Timestamp('2008-06-21 05:57:16'), 'mag': 5.2}, {'lat': -5.396, 'long': 152.067, 'Time': Timestamp('2008-06-21 07:28:44'), 'mag': 5.1}, {'lat': 36.06, 'long': 21.82, 'Time': Timestamp('2008-06-21 11:36:23'), 'mag': 5.6}, {'lat': 36.474, 'long': 70.234, 'Time': Timestamp('2008-06-21 19:52:16'), 'mag': 5.1}]",8,5
395,2008-07-05 05:17:32.162,0,[],0,20
396,2008-06-21 08:33:50.385,1,"[{'lat': 36.474, 'long': 70.234, 'Time': Timestamp('2008-06-21 19:52:16'), 'mag': 5.1}]",1,6
397,2008-07-04 11:50:53.340,0,[],0,19
398,2008-06-28 15:09:21.040,1,"[{'lat': 26.113, 'long': -44.821, 'Time': Timestamp('2008-06-28 23:29:02'), 'mag': 5.0}]",1,13
399,2008-07-14 21:38:23.914,1,"[{'lat': -47.366, 'long': -12.17, 'Time': Timestamp('2008-07-15 05:07:11'), 'mag': 5.7}, {'lat': -59.345, 'long': -17.996, 'Time': Timestamp('2008-07-16 07:24:23'), 'mag': 5.0}, {'lat': -16.599, 'long': -172.963, 'Time': Timestamp('2008-07-16 08:11:04'), 'mag': 5.7}, {'lat': 8.286, 'long': -102.874, 'Time': Timestamp('2008-07-16 10:36:49'), 'mag': 5.4}, {'lat': -28.22, 'long': -175.738, 'Time': Timestamp('2008-07-16 12:48:41'), 'mag': 5.1}, {'lat': 8.439, 'long': -102.892, 'Time': Timestamp('2008-07-16 13:42:16'), 'mag': 5.1}, {'lat': -31.131, 'long': -178.506, 'Time': Timestamp('2008-07-16 17:09:19'), 'mag': 5.5}]",7,29
400,2008-06-28 00:52:18.319,1,"[{'lat': 10.873, 'long': 91.899, 'Time': Timestamp('2008-06-28 03:26:52'), 'mag': 5.1}, {'lat': -5.161, 'long': 150.95, 'Time': Timestamp('2008-06-28 09:31:00'), 'mag': 5.0}, {'lat': -6.518, 'long': 154.939, 'Time': Timestamp('2008-06-28 12:10:44'), 'mag': 5.0}, {'lat': 10.847, 'long': 91.712, 'Time': Timestamp('2008-06-28 12:54:46'), 'mag': 6.1}, {'lat': 10.902, 'long': 91.925, 'Time': Timestamp('2008-06-28 15:29:11'), 'mag': 5.4}, {'lat': 26.113, 'long': -44.821, 'Time': Timestamp('2008-06-28 23:29:02'), 'mag': 5.0}, {'lat': 11.003, 'long': 91.728, 'Time': Timestamp('2008-06-29 00:32:13'), 'mag': 5.0}, {'lat': 10.75, 'long': 91.64, 'Time': Timestamp('2008-06-29 04:14:37'), 'mag': 5.2}, {'lat': 35.711, 'long': 88.343, 'Time': Timestamp('2008-06-29 08:41:59'), 'mag': 5.0}, {'lat': 35.658, 'long': 88.307, 'Time': Timestamp('2008-06-29 12:47:26'), 'mag': 5.5}, {'lat': 51.924, 'long': -169.924, 'Time': Timestamp('2008-06-29 17:02:18'), 'mag': 5.4}, {'lat': 45.156, 'long': 137.446, 'Time': Timestamp('2008-06-29 20:53:04'), 'mag': 6.0}]",12,12
401,2008-07-11 07:25:22.857,0,[],0,25
402,2008-07-08 10:41:50.813,1,"[{'lat': -60.069, 'long': -18.713, 'Time': Timestamp('2008-07-08 18:23:00'), 'mag': 5.1}]",1,22
403,2008-06-22 15:39:14.801,0,[],0,6
404,2008-07-07 18:54:18.403,0,[],0,21
405,2008-06-21 22:07:53.422,1,"[{'lat': 16.704, 'long': -93.943, 'Time': Timestamp('2008-06-22 01:32:06'), 'mag': 5.1}]",1,5
406,2008-07-14 01:22:19.613,1,"[{'lat': 2.177, 'long': 96.518, 'Time': Timestamp('2008-07-14 04:44:51'), 'mag': 5.6}, {'lat': 35.8, 'long': 27.86, 'Time': Timestamp('2008-07-15 03:26:34'), 'mag': 6.4}, {'lat': 31.562, 'long': 104.116, 'Time': Timestamp('2008-07-15 09:26:22'), 'mag': 5.0}]",3,27
407,2008-06-28 06:17:24.884,1,"[{'lat': 10.847, 'long': 91.712, 'Time': Timestamp('2008-06-28 12:54:46'), 'mag': 6.1}, {'lat': 10.902, 'long': 91.925, 'Time': Timestamp('2008-06-28 15:29:11'), 'mag': 5.4}, {'lat': 11.003, 'long': 91.728, 'Time': Timestamp('2008-06-29 00:32:13'), 'mag': 5.0}, {'lat': 10.75, 'long': 91.64, 'Time': Timestamp('2008-06-29 04:14:37'), 'mag': 5.2}, {'lat': 35.711, 'long': 88.343, 'Time': Timestamp('2008-06-29 08:41:59'), 'mag': 5.0}, {'lat': 35.658, 'long': 88.307, 'Time': Timestamp('2008-06-29 12:47:26'), 'mag': 5.5}]",6,11
408,2008-07-14 09:32:50.186,1,"[{'lat': 35.8, 'long': 27.86, 'Time': Timestamp('2008-07-15 03:26:34'), 'mag': 6.4}, {'lat': -47.366, 'long': -12.17, 'Time': Timestamp('2008-07-15 05:07:11'), 'mag': 5.7}]",2,27
409,2008-06-26 12:51:53.142,1,"[{'lat': -33.099, 'long': -16.037, 'Time': Timestamp('2008-06-28 08:56:57'), 'mag': 5.2}]",1,9
410,2008-07-10 16:09:19.190,0,[],0,23
411,2008-06-23 19:24:23.250,1,"[{'lat': -56.032, 'long': -144.435, 'Time': Timestamp('2008-06-25 02:35:16'), 'mag': 5.2}, {'lat': -56.015, 'long': -143.685, 'Time': Timestamp('2008-06-25 02:41:43'), 'mag': 5.3}]",2,6
412,2008-07-15 13:22:21.773,0,[],0,27
413,2008-07-09 23:07:25.806,1,"[{'lat': -20.975, 'long': 168.6, 'Time': Timestamp('2008-07-10 03:46:45'), 'mag': 5.0}, {'lat': -15.204, 'long': 167.516, 'Time': Timestamp('2008-07-10 05:16:27'), 'mag': 5.3}, {'lat': -20.081, 'long': 169.205, 'Time': Timestamp('2008-07-10 16:01:06'), 'mag': 5.1}]",3,21
414,2008-07-10 07:17:25.939,0,[],0,21
415,2008-06-29 10:33:54.665,1,"[{'lat': -58.227, 'long': -22.099, 'Time': Timestamp('2008-06-30 06:17:43'), 'mag': 7.0}, {'lat': -58.146, 'long': -21.697, 'Time': Timestamp('2008-06-30 17:18:14'), 'mag': 5.1}, {'lat': -58.318, 'long': -22.183, 'Time': Timestamp('2008-07-01 00:48:00'), 'mag': 5.3}, {'lat': -58.121, 'long': -21.882, 'Time': Timestamp('2008-07-01 01:54:41'), 'mag': 5.6}]",4,10
416,2008-07-09 13:52:53.942,0,[],0,20
417,2008-07-18 17:09:22.668,1,"[{'lat': 10.667, 'long': -85.777, 'Time': Timestamp('2008-07-20 02:34:12'), 'mag': 5.1}]",1,29
418,2008-06-24 20:23:28.034,1,"[{'lat': -56.032, 'long': -144.435, 'Time': Timestamp('2008-06-25 02:35:16'), 'mag': 5.2}, {'lat': -56.015, 'long': -143.685, 'Time': Timestamp('2008-06-25 02:41:43'), 'mag': 5.3}, {'lat': -54.288, 'long': -136.479, 'Time': Timestamp('2008-06-26 12:13:02'), 'mag': 5.2}]",3,5
419,2008-07-11 23:37:25.207,1,"[{'lat': -45.82, 'long': 166.79, 'Time': Timestamp('2008-07-12 00:08:56'), 'mag': 5.1}, {'lat': -10.644, 'long': 161.664, 'Time': Timestamp('2008-07-12 08:42:34'), 'mag': 5.3}, {'lat': -18.088, 'long': 168.138, 'Time': Timestamp('2008-07-13 12:02:17'), 'mag': 5.0}]",3,22
420,2008-06-29 07:47:54.012,0,[],0,9
421,2008-06-28 11:04:22.738,1,"[{'lat': -58.227, 'long': -22.099, 'Time': Timestamp('2008-06-30 06:17:43'), 'mag': 7.0}]",1,8
422,2008-07-19 14:22:54.344,0,[],0,29
423,2008-07-05 17:39:23.069,0,[],0,15
424,2008-07-11 20:53:28.435,1,"[{'lat': 43.294, 'long': -126.445, 'Time': Timestamp('2008-07-12 15:46:02'), 'mag': 5.0}]",1,21
425,2008-07-07 00:06:52.840,1,"[{'lat': -58.09, 'long': 147.77, 'Time': Timestamp('2008-07-07 07:46:05'), 'mag': 5.0}, {'lat': 10.742, 'long': 91.695, 'Time': Timestamp('2008-07-07 09:58:52'), 'mag': 5.0}, {'lat': 51.938, 'long': -177.063, 'Time': Timestamp('2008-07-07 22:43:50'), 'mag': 5.3}, {'lat': 15.329, 'long': 122.491, 'Time': Timestamp('2008-07-08 01:41:53'), 'mag': 5.1}, {'lat': 27.532, 'long': 128.334, 'Time': Timestamp('2008-07-08 07:42:10'), 'mag': 6.0}, {'lat': 39.517, 'long': 73.176, 'Time': Timestamp('2008-07-08 16:08:35'), 'mag': 5.0}]",6,16
426,2008-07-16 09:55:22.230,0,[],0,25
427,2008-07-20 13:14:23.858,0,[],0,29
428,2008-06-26 16:31:21.234,1,"[{'lat': 11.148, 'long': -62.413, 'Time': Timestamp('2008-06-27 05:08:11'), 'mag': 5.2}, {'lat': 13.8, 'long': -93.28, 'Time': Timestamp('2008-06-28 15:42:19'), 'mag': 5.1}, {'lat': 14.332, 'long': -92.698, 'Time': Timestamp('2008-06-28 16:28:55'), 'mag': 5.1}]",3,5
429,2008-06-26 19:45:54.278,0,[],0,5
430,2008-07-18 22:59:54.018,1,"[{'lat': -11.041, 'long': 164.493, 'Time': Timestamp('2008-07-19 09:27:01'), 'mag': 6.6}, {'lat': -11.043, 'long': 164.531, 'Time': Timestamp('2008-07-19 09:34:26'), 'mag': 5.5}, {'lat': -11.239, 'long': 164.597, 'Time': Timestamp('2008-07-19 10:35:38'), 'mag': 5.0}, {'lat': -11.066, 'long': 164.616, 'Time': Timestamp('2008-07-19 11:01:17'), 'mag': 6.2}, {'lat': -11.033, 'long': 164.562, 'Time': Timestamp('2008-07-19 11:15:24'), 'mag': 5.2}, {'lat': -10.985, 'long': 164.624, 'Time': Timestamp('2008-07-19 11:45:40'), 'mag': 5.2}, {'lat': -17.337, 'long': -177.312, 'Time': Timestamp('2008-07-19 22:39:52'), 'mag': 6.4}]",7,27
431,2008-07-20 08:46:20.165,0,[],0,28
432,2008-07-02 12:05:23.232,0,[],0,10
433,2008-07-17 15:23:22.371,1,"[{'lat': -1.976, 'long': -80.276, 'Time': Timestamp('2008-07-18 05:41:55'), 'mag': 5.0}]",1,25
434,2008-07-15 18:38:49.221,1,"[{'lat': 8.286, 'long': -102.874, 'Time': Timestamp('2008-07-16 10:36:49'), 'mag': 5.4}, {'lat': 8.439, 'long': -102.892, 'Time': Timestamp('2008-07-16 13:42:16'), 'mag': 5.1}, {'lat': -54.922, 'long': -127.505, 'Time': Timestamp('2008-07-16 22:31:28'), 'mag': 5.1}]",3,23
435,2008-07-04 21:52:18.929,1,"[{'lat': -25.459, 'long': -176.351, 'Time': Timestamp('2008-07-06 04:30:26'), 'mag': 5.3}]",1,12
436,2008-07-04 01:06:50.979,1,"[{'lat': 75.398, 'long': 133.948, 'Time': Timestamp('2008-07-04 04:55:05'), 'mag': 5.0}, {'lat': -3.505, 'long': 145.379, 'Time': Timestamp('2008-07-04 10:18:02'), 'mag': 5.1}, {'lat': 53.882, 'long': 152.886, 'Time': Timestamp('2008-07-05 02:12:04'), 'mag': 7.7}, {'lat': 54.083, 'long': 153.986, 'Time': Timestamp('2008-07-05 02:30:56'), 'mag': 5.0}, {'lat': 36.643, 'long': 140.952, 'Time': Timestamp('2008-07-05 07:49:02'), 'mag': 5.1}, {'lat': 51.66, 'long': 179.461, 'Time': Timestamp('2008-07-05 12:56:13'), 'mag': 5.1}, {'lat': 45.354, 'long': 151.044, 'Time': Timestamp('2008-07-06 01:00:08'), 'mag': 5.7}]",7,11
437,2008-07-21 06:01:28.593,0,[],0,28
438,2008-07-14 09:16:50.566,1,"[{'lat': 35.8, 'long': 27.86, 'Time': Timestamp('2008-07-15 03:26:34'), 'mag': 6.4}]",1,21
439,2008-07-15 17:31:23.714,1,"[{'lat': 8.286, 'long': -102.874, 'Time': Timestamp('2008-07-16 10:36:49'), 'mag': 5.4}, {'lat': 8.439, 'long': -102.892, 'Time': Timestamp('2008-07-16 13:42:16'), 'mag': 5.1}, {'lat': -54.922, 'long': -127.505, 'Time': Timestamp('2008-07-16 22:31:28'), 'mag': 5.1}]",3,22
440,2008-07-31 11:41:23.999,0,[],0,30
441,2008-07-30 14:59:53.026,1,"[{'lat': -22.362, 'long': -66.632, 'Time': Timestamp('2008-08-01 06:18:38'), 'mag': 5.3}]",1,29
442,2008-07-07 18:15:23.107,0,[],0,6
443,2008-07-11 21:29:23.159,1,"[{'lat': 43.294, 'long': -126.445, 'Time': Timestamp('2008-07-12 15:46:02'), 'mag': 5.0}]",1,10
444,2008-07-15 00:43:20.534,1,"[{'lat': 35.8, 'long': 27.86, 'Time': Timestamp('2008-07-15 03:26:34'), 'mag': 6.4}, {'lat': 31.562, 'long': 104.116, 'Time': Timestamp('2008-07-15 09:26:22'), 'mag': 5.0}, {'lat': 16.834, 'long': 148.102, 'Time': Timestamp('2008-07-16 17:23:43'), 'mag': 5.0}, {'lat': 33.171, 'long': 92.079, 'Time': Timestamp('2008-07-16 22:58:20'), 'mag': 5.3}]",4,13
445,2008-07-14 07:16:26.612,0,[],0,12
446,2008-07-11 10:32:20.511,0,[],0,9
447,2008-07-26 13:51:23.467,1,"[{'lat': -0.253, 'long': -18.287, 'Time': Timestamp('2008-07-27 21:15:42'), 'mag': 5.9}]",1,24
448,2008-07-12 23:35:53.627,0,[],0,10
449,2008-07-21 09:23:23.541,0,[],0,18
450,2008-07-13 12:42:23.841,1,"[{'lat': -47.366, 'long': -12.17, 'Time': Timestamp('2008-07-15 05:07:11'), 'mag': 5.7}]",1,10
451,2008-08-01 16:00:21.105,0,[],0,29
452,2008-07-24 19:14:48.613,0,[],0,21
453,2008-07-22 22:28:54.001,1,"[{'lat': -55.75, 'long': -125.25, 'Time': Timestamp('2008-07-23 03:59:28'), 'mag': 5.0}, {'lat': -21.343, 'long': 170.48, 'Time': Timestamp('2008-07-24 11:07:02'), 'mag': 5.0}]",2,19
454,2008-07-18 01:42:52.368,1,"[{'lat': 37.552, 'long': 142.214, 'Time': Timestamp('2008-07-19 02:39:28'), 'mag': 7.0}, {'lat': 37.562, 'long': 142.402, 'Time': Timestamp('2008-07-19 02:47:29'), 'mag': 5.3}]",2,14
455,2008-07-31 06:38:23.983,0,[],0,27
456,2008-07-09 09:53:51.614,0,[],0,5
457,2008-07-14 13:12:53.242,0,[],0,10
458,2008-07-26 16:30:20.618,1,"[{'lat': 11.377, 'long': -86.838, 'Time': Timestamp('2008-07-27 05:42:29'), 'mag': 5.1}]",1,22
459,2008-07-14 19:44:53.349,0,[],0,10
460,2008-07-21 00:35:15.426,1,"[{'lat': 37.816, 'long': 142.559, 'Time': Timestamp('2008-07-21 09:01:04'), 'mag': 5.0}, {'lat': 37.186, 'long': 142.051, 'Time': Timestamp('2008-07-21 11:30:29'), 'mag': 6.0}, {'lat': -11.048, 'long': 164.586, 'Time': Timestamp('2008-07-21 15:47:51'), 'mag': 5.1}, {'lat': 37.728, 'long': 142.31, 'Time': Timestamp('2008-07-22 08:46:47'), 'mag': 5.4}]",4,16
461,2008-07-14 08:46:53.428,1,"[{'lat': 35.8, 'long': 27.86, 'Time': Timestamp('2008-07-15 03:26:34'), 'mag': 6.4}]",1,9
462,2008-07-30 12:03:53.616,1,"[{'lat': -59.644, 'long': -27.806, 'Time': Timestamp('2008-07-30 20:15:11'), 'mag': 5.6}]",1,25
463,2008-07-22 15:22:21.427,0,[],0,17
464,2008-08-03 18:37:19.605,0,[],0,29
465,2008-08-03 21:51:23.776,0,[],0,29
466,2008-07-31 01:05:22.691,1,"[{'lat': -10.488, 'long': 163.505, 'Time': Timestamp('2008-07-31 08:07:41'), 'mag': 5.2}, {'lat': 13.659, 'long': 118.634, 'Time': Timestamp('2008-08-01 02:21:40'), 'mag': 5.4}, {'lat': 32.033, 'long': 104.722, 'Time': Timestamp('2008-08-01 08:32:43'), 'mag': 5.7}, {'lat': 13.516, 'long': 120.757, 'Time': Timestamp('2008-08-01 10:35:24'), 'mag': 5.6}]",4,25
467,2008-07-20 06:00:27.648,1,"[{'lat': 4.867, 'long': 62.088, 'Time': Timestamp('2008-07-20 08:21:42'), 'mag': 5.3}]",1,14
468,2008-07-11 09:15:20.949,0,[],0,5
469,2008-07-25 12:34:54.017,1,"[{'lat': -59.68, 'long': -30.211, 'Time': Timestamp('2008-07-25 16:26:32'), 'mag': 5.1}]",1,19
470,2008-07-20 15:52:22.275,0,[],0,14
471,2008-07-31 22:20:53.177,1,"[{'lat': -22.362, 'long': -66.632, 'Time': Timestamp('2008-08-01 06:18:38'), 'mag': 5.3}, {'lat': -16.314, 'long': 178.163, 'Time': Timestamp('2008-08-02 15:34:22'), 'mag': 5.5}]",2,25
472,2008-07-14 06:30:24.159,0,[],0,7
473,2008-07-18 09:45:53.119,0,[],0,11
474,2008-08-02 13:04:53.419,0,[],0,26
475,2008-08-03 16:22:23.472,0,[],0,27
476,2008-07-24 19:36:53.525,0,[],0,17
477,2008-07-30 22:50:53.578,1,"[{'lat': -10.488, 'long': 163.505, 'Time': Timestamp('2008-07-31 08:07:41'), 'mag': 5.2}]",1,23
478,2008-08-06 07:00:24.683,0,[],0,29
479,2008-07-23 10:16:22.191,0,[],0,15
480,2008-08-07 13:35:23.819,0,[],0,30
481,2008-07-26 16:52:23.873,1,"[{'lat': 11.377, 'long': -86.838, 'Time': Timestamp('2008-07-27 05:42:29'), 'mag': 5.1}]",1,18
482,2008-08-07 20:06:53.926,0,[],0,30
483,2008-07-14 23:20:23.979,1,"[{'lat': -16.599, 'long': -172.963, 'Time': Timestamp('2008-07-16 08:11:04'), 'mag': 5.7}, {'lat': -28.22, 'long': -175.738, 'Time': Timestamp('2008-07-16 12:48:41'), 'mag': 5.1}, {'lat': -31.131, 'long': -178.506, 'Time': Timestamp('2008-07-16 17:09:19'), 'mag': 5.5}]",3,6
484,2008-07-23 07:30:26.406,0,[],0,14
485,2008-07-22 10:46:50.407,0,[],0,13
486,2008-07-21 14:05:53.364,0,[],0,12
487,2008-07-20 14:36:22.292,0,[],0,10
488,2008-07-22 17:52:25.124,1,"[{'lat': -55.75, 'long': -125.25, 'Time': Timestamp('2008-07-23 03:59:28'), 'mag': 5.0}]",1,12
489,2008-07-30 21:04:54.720,0,[],0,20
490,2008-07-25 00:19:45.922,1,"[{'lat': -5.808, 'long': 146.658, 'Time': Timestamp('2008-07-25 20:11:07'), 'mag': 5.5}, {'lat': 11.611, 'long': 91.659, 'Time': Timestamp('2008-07-26 05:35:33'), 'mag': 5.1}, {'lat': 19.184, 'long': 119.666, 'Time': Timestamp('2008-07-27 00:02:50'), 'mag': 5.2}]",3,14
491,2008-08-08 08:29:18.276,0,[],0,28
492,2008-08-03 11:47:53.111,0,[],0,23
493,2008-07-29 15:06:22.139,0,[],0,18
494,2008-08-06 18:21:49.101,1,"[{'lat': 26.64, 'long': -111.0, 'Time': Timestamp('2008-08-07 02:18:13'), 'mag': 5.5}, {'lat': -9.139, 'long': -109.518, 'Time': Timestamp('2008-08-07 22:58:33'), 'mag': 5.6}, {'lat': 12.572, 'long': -87.721, 'Time': Timestamp('2008-08-07 23:41:27'), 'mag': 5.1}]",3,26
495,2008-08-08 21:34:51.464,1,"[{'lat': -60.648, 'long': 153.771, 'Time': Timestamp('2008-08-09 06:01:48'), 'mag': 6.5}, {'lat': -60.693, 'long': 153.826, 'Time': Timestamp('2008-08-09 16:36:38'), 'mag': 6.3}, {'lat': -18.855, 'long': -174.68, 'Time': Timestamp('2008-08-10 05:19:51'), 'mag': 5.0}, {'lat': -60.5, 'long': 153.5, 'Time': Timestamp('2008-08-10 11:53:52'), 'mag': 5.1}]",4,28
496,2008-08-01 00:49:50.858,1,"[{'lat': 13.659, 'long': 118.634, 'Time': Timestamp('2008-08-01 02:21:40'), 'mag': 5.4}, {'lat': 32.033, 'long': 104.722, 'Time': Timestamp('2008-08-01 08:32:43'), 'mag': 5.7}, {'lat': 13.516, 'long': 120.757, 'Time': Timestamp('2008-08-01 10:35:24'), 'mag': 5.6}, {'lat': 29.355, 'long': 130.284, 'Time': Timestamp('2008-08-02 04:03:27'), 'mag': 5.1}, {'lat': 39.608, 'long': 23.849, 'Time': Timestamp('2008-08-03 00:39:16'), 'mag': 5.3}]",5,20
497,2008-07-17 05:44:25.816,1,"[{'lat': 31.643, 'long': 104.197, 'Time': Timestamp('2008-07-17 16:40:42'), 'mag': 5.1}]",1,5
498,2008-07-31 08:59:21.773,0,[],0,19
499,2008-08-05 12:18:53.513,1,"[{'lat': -58.674, 'long': -25.112, 'Time': Timestamp('2008-08-06 14:45:35'), 'mag': 5.0}]",1,24
500,2008-07-29 15:36:22.763,0,[],0,17
501,2008-07-19 18:51:48.173,0,[],0,7
502,2008-08-10 22:04:24.745,1,"[{'lat': 53.684, 'long': -163.563, 'Time': Timestamp('2008-08-11 00:09:36'), 'mag': 5.3}, {'lat': 10.514, 'long': -64.171, 'Time': Timestamp('2008-08-11 07:19:26'), 'mag': 5.2}, {'lat': -1.02, 'long': -21.843, 'Time': Timestamp('2008-08-11 23:38:38'), 'mag': 6.0}, {'lat': -0.99, 'long': -22.05, 'Time': Timestamp('2008-08-12 00:49:03'), 'mag': 5.3}]",4,29
503,2008-07-25 01:19:20.713,1,"[{'lat': -5.808, 'long': 146.658, 'Time': Timestamp('2008-07-25 20:11:07'), 'mag': 5.5}, {'lat': 11.611, 'long': 91.659, 'Time': Timestamp('2008-07-26 05:35:33'), 'mag': 5.1}, {'lat': 19.184, 'long': 119.666, 'Time': Timestamp('2008-07-27 00:02:50'), 'mag': 5.2}]",3,12
504,2008-07-24 06:14:21.887,1,"[{'lat': 11.611, 'long': 91.659, 'Time': Timestamp('2008-07-26 05:35:33'), 'mag': 5.1}]",1,11
505,2008-08-02 09:29:53.614,1,"[{'lat': 39.608, 'long': 23.849, 'Time': Timestamp('2008-08-03 00:39:16'), 'mag': 5.3}]",1,20
506,2008-07-31 12:49:23.914,0,[],0,18
507,2008-08-10 16:06:52.171,1,"[{'lat': 10.514, 'long': -64.171, 'Time': Timestamp('2008-08-11 07:19:26'), 'mag': 5.2}]",1,28
508,2008-07-30 19:21:24.021,0,[],0,17
509,2008-08-04 22:35:24.074,1,"[{'lat': -27.339, 'long': -176.319, 'Time': Timestamp('2008-08-05 23:05:27'), 'mag': 5.2}, {'lat': -54.186, 'long': -133.402, 'Time': Timestamp('2008-08-06 02:18:37'), 'mag': 5.0}, {'lat': -58.674, 'long': -25.112, 'Time': Timestamp('2008-08-06 14:45:35'), 'mag': 5.0}]",3,22
510,2008-07-30 01:49:21.877,0,[],0,16
511,2008-08-11 06:44:51.400,1,"[{'lat': 36.547, 'long': 71.472, 'Time': Timestamp('2008-08-12 05:25:36'), 'mag': 5.0}]",1,28
512,2008-07-25 10:00:18.361,0,[],0,11
513,2008-08-06 13:19:48.639,1,"[{'lat': -58.674, 'long': -25.112, 'Time': Timestamp('2008-08-06 14:45:35'), 'mag': 5.0}]",1,23
514,2008-08-03 16:36:51.572,0,[],0,20
515,2008-07-27 19:51:18.745,1,"[{'lat': 33.9485, 'long': -117.7663333, 'Time': Timestamp('2008-07-29 18:42:15'), 'mag': 5.44}]",1,13
516,2008-07-30 23:04:55.439,1,"[{'lat': -10.488, 'long': 163.505, 'Time': Timestamp('2008-07-31 08:07:41'), 'mag': 5.2}]",1,16
517,2008-08-09 08:51:49.293,0,[],0,25
518,2008-08-14 12:10:53.689,1,"[{'lat': 8.076, 'long': -38.012, 'Time': Timestamp('2008-08-14 17:16:20'), 'mag': 5.0}, {'lat': 0.459, 'long': -25.243, 'Time': Timestamp('2008-08-15 00:49:43'), 'mag': 5.0}, {'lat': -58.326, 'long': -22.873, 'Time': Timestamp('2008-08-15 03:38:17'), 'mag': 5.2}]",3,30
519,2008-07-27 15:28:51.500,0,[],0,12
520,2008-08-01 18:43:49.678,0,[],0,17
521,2008-08-04 21:56:54.921,1,"[{'lat': -54.186, 'long': -133.402, 'Time': Timestamp('2008-08-06 02:18:37'), 'mag': 5.0}, {'lat': -58.674, 'long': -25.112, 'Time': Timestamp('2008-08-06 14:45:35'), 'mag': 5.0}]",2,20
522,2008-08-04 01:11:51.436,1,"[{'lat': -8.201, 'long': 120.305, 'Time': Timestamp('2008-08-04 03:26:50'), 'mag': 5.1}, {'lat': 49.852, 'long': 156.38, 'Time': Timestamp('2008-08-04 04:42:14'), 'mag': 5.8}, {'lat': 27.081, 'long': 126.166, 'Time': Timestamp('2008-08-04 10:25:58'), 'mag': 5.3}, {'lat': -5.06, 'long': 151.796, 'Time': Timestamp('2008-08-04 15:16:53'), 'mag': 5.5}, {'lat': 34.098, 'long': 26.576, 'Time': Timestamp('2008-08-04 19:38:25'), 'mag': 5.3}, {'lat': -5.916, 'long': 130.195, 'Time': Timestamp('2008-08-04 20:45:13'), 'mag': 6.3}, {'lat': 26.985, 'long': 126.484, 'Time': Timestamp('2008-08-05 01:00:46'), 'mag': 5.2}, {'lat': 32.756, 'long': 105.494, 'Time': Timestamp('2008-08-05 09:49:17'), 'mag': 6.0}, {'lat': 13.865, 'long': 93.581, 'Time': Timestamp('2008-08-05 10:08:11'), 'mag': 5.2}, {'lat': 33.118, 'long': 91.969, 'Time': Timestamp('2008-08-05 21:59:44'), 'mag': 5.0}]",10,19
523,2008-08-04 06:06:56.282,1,"[{'lat': 13.865, 'long': 93.581, 'Time': Timestamp('2008-08-05 10:08:11'), 'mag': 5.2}, {'lat': 33.118, 'long': 91.969, 'Time': Timestamp('2008-08-05 21:59:44'), 'mag': 5.0}]",2,19
524,2008-07-22 09:21:52.932,0,[],0,6
525,2008-08-09 12:41:23.232,0,[],0,24
526,2008-07-29 22:27:23.391,1,"[{'lat': 15.979, 'long': -96.095, 'Time': Timestamp('2008-07-30 10:23:33'), 'mag': 5.3}, {'lat': -59.644, 'long': -27.806, 'Time': Timestamp('2008-07-30 20:15:11'), 'mag': 5.6}]",2,13
527,2008-07-30 08:15:19.757,0,[],0,13
528,2008-07-22 11:32:23.606,0,[],0,5
529,2008-07-22 14:50:49.865,0,[],0,5
530,2008-07-24 18:06:22.251,0,[],0,7
531,2008-08-15 21:19:21.958,1,"[{'lat': 14.548, 'long': -91.975, 'Time': Timestamp('2008-08-17 14:25:08'), 'mag': 5.0}, {'lat': -52.873, 'long': -4.453, 'Time': Timestamp('2008-08-17 15:39:08'), 'mag': 5.6}]",2,29
532,2008-07-28 00:34:18.585,1,"[{'lat': -1.069, 'long': 99.792, 'Time': Timestamp('2008-07-28 07:10:04'), 'mag': 5.3}, {'lat': 51.349, 'long': -179.043, 'Time': Timestamp('2008-07-28 13:06:40'), 'mag': 5.1}, {'lat': -10.606, 'long': 163.162, 'Time': Timestamp('2008-07-28 21:37:32'), 'mag': 5.9}, {'lat': -10.578, 'long': 163.103, 'Time': Timestamp('2008-07-28 21:40:47'), 'mag': 6.0}, {'lat': -2.67, 'long': 152.659, 'Time': Timestamp('2008-07-29 18:54:35'), 'mag': 5.3}]",5,10
533,2008-08-12 07:06:57.219,0,[],0,25
534,2008-08-01 10:22:52.406,1,"[{'lat': 39.608, 'long': 23.849, 'Time': Timestamp('2008-08-03 00:39:16'), 'mag': 5.3}]",1,14
535,2008-07-30 13:42:24.034,1,"[{'lat': -22.362, 'long': -66.632, 'Time': Timestamp('2008-08-01 06:18:38'), 'mag': 5.3}]",1,12
536,2008-08-14 16:58:53.087,1,"[{'lat': 7.292, 'long': -82.726, 'Time': Timestamp('2008-08-14 22:55:47'), 'mag': 5.5}]",1,27
537,2008-07-26 20:13:23.140,0,[],0,8
538,2008-07-24 01:03:47.985,1,"[{'lat': 50.967, 'long': 157.584, 'Time': Timestamp('2008-07-24 01:43:16'), 'mag': 6.2}, {'lat': 39.62, 'long': 141.522, 'Time': Timestamp('2008-07-24 02:27:53'), 'mag': 5.2}, {'lat': 32.747, 'long': 105.542, 'Time': Timestamp('2008-07-24 07:09:30'), 'mag': 5.7}, {'lat': -3.448, 'long': 101.658, 'Time': Timestamp('2008-07-24 13:21:50'), 'mag': 5.1}, {'lat': 51.279, 'long': 178.982, 'Time': Timestamp('2008-07-25 00:29:22'), 'mag': 5.9}, {'lat': -5.808, 'long': 146.658, 'Time': Timestamp('2008-07-25 20:11:07'), 'mag': 5.5}]",6,5
539,2008-08-11 05:58:54.272,1,"[{'lat': 36.547, 'long': 71.472, 'Time': Timestamp('2008-08-12 05:25:36'), 'mag': 5.0}, {'lat': 31.868, 'long': 104.227, 'Time': Timestamp('2008-08-12 21:03:21'), 'mag': 5.0}]",2,23
540,2008-07-28 10:53:53.247,1,"[{'lat': 38.02, 'long': 20.12, 'Time': Timestamp('2008-07-30 05:02:56'), 'mag': 5.0}]",1,9
541,2008-08-13 14:12:20.746,1,"[{'lat': 8.076, 'long': -38.012, 'Time': Timestamp('2008-08-14 17:16:20'), 'mag': 5.0}, {'lat': 0.459, 'long': -25.243, 'Time': Timestamp('2008-08-15 00:49:43'), 'mag': 5.0}]",2,25
542,2008-08-12 17:28:53.243,1,"[{'lat': -13.382, 'long': -111.281, 'Time': Timestamp('2008-08-13 01:32:45'), 'mag': 5.7}]",1,24
543,2008-07-24 20:39:50.862,0,[],0,5
544,2008-07-31 23:56:23.594,1,"[{'lat': 13.659, 'long': 118.634, 'Time': Timestamp('2008-08-01 02:21:40'), 'mag': 5.4}, {'lat': 32.033, 'long': 104.722, 'Time': Timestamp('2008-08-01 08:32:43'), 'mag': 5.7}, {'lat': 13.516, 'long': 120.757, 'Time': Timestamp('2008-08-01 10:35:24'), 'mag': 5.6}, {'lat': 29.355, 'long': 130.284, 'Time': Timestamp('2008-08-02 04:03:27'), 'mag': 5.1}, {'lat': -16.314, 'long': 178.163, 'Time': Timestamp('2008-08-02 15:34:22'), 'mag': 5.5}]",5,12
545,2008-08-18 08:07:17.166,0,[],0,29
546,2008-08-09 11:24:23.782,0,[],0,20
547,2008-08-12 14:42:52.475,0,[],0,23
548,2008-08-16 17:58:55.196,1,"[{'lat': 14.548, 'long': -91.975, 'Time': Timestamp('2008-08-17 14:25:08'), 'mag': 5.0}, {'lat': -34.814, 'long': -108.286, 'Time': Timestamp('2008-08-17 21:28:38'), 'mag': 5.2}, {'lat': 11.106, 'long': -87.941, 'Time': Timestamp('2008-08-18 09:16:46'), 'mag': 5.0}, {'lat': -5.845, 'long': -80.924, 'Time': Timestamp('2008-08-18 15:38:08'), 'mag': 5.1}]",4,27
549,2008-08-09 21:11:22.134,1,"[{'lat': -18.855, 'long': -174.68, 'Time': Timestamp('2008-08-10 05:19:51'), 'mag': 5.0}]",1,20
550,2008-07-28 00:26:21.316,1,"[{'lat': -1.069, 'long': 99.792, 'Time': Timestamp('2008-07-28 07:10:04'), 'mag': 5.3}, {'lat': 51.349, 'long': -179.043, 'Time': Timestamp('2008-07-28 13:06:40'), 'mag': 5.1}, {'lat': -10.606, 'long': 163.162, 'Time': Timestamp('2008-07-28 21:37:32'), 'mag': 5.9}, {'lat': -10.578, 'long': 163.103, 'Time': Timestamp('2008-07-28 21:40:47'), 'mag': 6.0}, {'lat': -2.67, 'long': 152.659, 'Time': Timestamp('2008-07-29 18:54:35'), 'mag': 5.3}]",5,7
551,2008-08-12 08:35:51.443,0,[],0,22
552,2008-08-19 11:54:53.183,0,[],0,29
553,2008-08-16 15:12:53.650,0,[],0,26
554,2008-08-15 18:28:19.172,1,"[{'lat': 14.548, 'long': -91.975, 'Time': Timestamp('2008-08-17 14:25:08'), 'mag': 5.0}]",1,25
555,2008-08-04 21:41:27.182,1,"[{'lat': -27.339, 'long': -176.319, 'Time': Timestamp('2008-08-05 23:05:27'), 'mag': 5.2}, {'lat': -54.186, 'long': -133.402, 'Time': Timestamp('2008-08-06 02:18:37'), 'mag': 5.0}, {'lat': -58.674, 'long': -25.112, 'Time': Timestamp('2008-08-06 14:45:35'), 'mag': 5.0}]",3,14
556,2008-08-15 00:56:20.930,1,"[{'lat': -7.56, 'long': 154.75, 'Time': Timestamp('2008-08-15 02:36:54'), 'mag': 5.2}, {'lat': 12.897, 'long': 124.319, 'Time': Timestamp('2008-08-15 10:25:16'), 'mag': 6.0}, {'lat': 52.272, 'long': 98.207, 'Time': Timestamp('2008-08-16 04:01:08'), 'mag': 5.7}, {'lat': 52.238, 'long': 98.288, 'Time': Timestamp('2008-08-16 04:06:41'), 'mag': 5.0}, {'lat': -7.022, 'long': 157.626, 'Time': Timestamp('2008-08-16 05:03:58'), 'mag': 5.1}, {'lat': 5.717, 'long': 61.212, 'Time': Timestamp('2008-08-16 07:25:56'), 'mag': 5.4}, {'lat': 5.711, 'long': 61.333, 'Time': Timestamp('2008-08-16 08:20:21'), 'mag': 5.2}, {'lat': 5.519, 'long': 61.303, 'Time': Timestamp('2008-08-16 08:26:23'), 'mag': 5.1}, {'lat': 15.83, 'long': 147.019, 'Time': Timestamp('2008-08-16 21:29:35'), 'mag': 5.1}]",9,24
557,2008-08-05 05:51:59.314,1,"[{'lat': 32.756, 'long': 105.494, 'Time': Timestamp('2008-08-05 09:49:17'), 'mag': 6.0}, {'lat': 13.865, 'long': 93.581, 'Time': Timestamp('2008-08-05 10:08:11'), 'mag': 5.2}, {'lat': 33.118, 'long': 91.969, 'Time': Timestamp('2008-08-05 21:59:44'), 'mag': 5.0}]",3,14
558,2008-08-02 09:06:19.735,1,"[{'lat': 39.608, 'long': 23.849, 'Time': Timestamp('2008-08-03 00:39:16'), 'mag': 5.3}]",1,11
559,2008-07-28 12:25:21.341,0,[],0,6
560,2008-08-07 15:43:24.275,1,"[{'lat': 12.572, 'long': -87.721, 'Time': Timestamp('2008-08-07 23:41:27'), 'mag': 5.1}]",1,16
561,2008-07-27 18:58:18.245,1,"[{'lat': 33.9485, 'long': -117.7663333, 'Time': Timestamp('2008-07-29 18:42:15'), 'mag': 5.44}]",1,5
562,2008-08-03 22:11:53.376,0,[],0,12
563,2008-08-07 01:25:52.112,1,"[{'lat': -8.166, 'long': 117.809, 'Time': Timestamp('2008-08-07 03:46:22'), 'mag': 5.0}, {'lat': -3.942, 'long': 101.076, 'Time': Timestamp('2008-08-08 06:37:41'), 'mag': 5.8}, {'lat': -3.907, 'long': 100.993, 'Time': Timestamp('2008-08-08 07:32:53'), 'mag': 5.3}, {'lat': -25.406, 'long': 70.085, 'Time': Timestamp('2008-08-08 14:43:48'), 'mag': 5.3}, {'lat': 41.171, 'long': 142.189, 'Time': Timestamp('2008-08-08 15:53:09'), 'mag': 5.4}, {'lat': 21.574, 'long': 121.518, 'Time': Timestamp('2008-08-08 22:05:15'), 'mag': 5.0}]",6,15
564,2008-08-08 11:16:23.103,0,[],0,16
565,2008-08-13 14:34:53.013,1,"[{'lat': 8.076, 'long': -38.012, 'Time': Timestamp('2008-08-14 17:16:20'), 'mag': 5.0}]",1,21
566,2008-08-03 21:01:47.817,0,[],0,11
567,2008-08-18 00:18:53.506,1,"[{'lat': 47.264, 'long': 153.93, 'Time': Timestamp('2008-08-18 01:46:32'), 'mag': 5.1}, {'lat': 52.146, 'long': -170.6, 'Time': Timestamp('2008-08-18 02:21:19'), 'mag': 5.2}, {'lat': -10.656, 'long': 164.586, 'Time': Timestamp('2008-08-18 09:16:21'), 'mag': 5.0}, {'lat': -19.74, 'long': 180.0, 'Time': Timestamp('2008-08-18 09:53:28'), 'mag': 5.3}, {'lat': 33.628, 'long': 91.92, 'Time': Timestamp('2008-08-18 14:11:05'), 'mag': 5.3}, {'lat': 25.051, 'long': 97.919, 'Time': Timestamp('2008-08-19 21:35:17'), 'mag': 5.0}]",6,25
568,2008-08-04 11:46:53.504,0,[],0,11
569,2008-08-10 15:05:21.204,1,"[{'lat': 10.514, 'long': -64.171, 'Time': Timestamp('2008-08-11 07:19:26'), 'mag': 5.2}]",1,17
570,2008-08-04 18:20:52.262,1,"[{'lat': -54.186, 'long': -133.402, 'Time': Timestamp('2008-08-06 02:18:37'), 'mag': 5.0}]",1,11
571,2008-08-18 21:33:27.280,1,"[{'lat': -8.201, 'long': -13.449, 'Time': Timestamp('2008-08-19 08:33:55'), 'mag': 5.5}, {'lat': -28.545, 'long': -112.842, 'Time': Timestamp('2008-08-19 10:58:00'), 'mag': 5.7}, {'lat': -14.915, 'long': -173.246, 'Time': Timestamp('2008-08-19 13:37:28'), 'mag': 5.7}, {'lat': -15.087, 'long': -173.476, 'Time': Timestamp('2008-08-19 16:30:13'), 'mag': 6.1}, {'lat': 9.033, 'long': -84.081, 'Time': Timestamp('2008-08-20 06:20:57'), 'mag': 5.3}]",5,25
572,2008-07-31 00:48:22.580,1,"[{'lat': -10.488, 'long': 163.505, 'Time': Timestamp('2008-07-31 08:07:41'), 'mag': 5.2}, {'lat': 13.659, 'long': 118.634, 'Time': Timestamp('2008-08-01 02:21:40'), 'mag': 5.4}, {'lat': 32.033, 'long': 104.722, 'Time': Timestamp('2008-08-01 08:32:43'), 'mag': 5.7}, {'lat': 13.516, 'long': 120.757, 'Time': Timestamp('2008-08-01 10:35:24'), 'mag': 5.6}]",4,6
573,2008-08-07 07:21:27.117,1,"[{'lat': -25.406, 'long': 70.085, 'Time': Timestamp('2008-08-08 14:43:48'), 'mag': 5.3}]",1,13
574,2008-08-05 10:37:50.976,1,"[{'lat': -58.674, 'long': -25.112, 'Time': Timestamp('2008-08-06 14:45:35'), 'mag': 5.0}]",1,11
575,2008-08-07 13:56:53.932,0,[],0,13
576,2008-08-21 17:13:23.986,1,"[{'lat': 5.237, 'long': -82.684, 'Time': Timestamp('2008-08-21 22:51:42'), 'mag': 5.2}, {'lat': 8.321, 'long': -82.801, 'Time': Timestamp('2008-08-22 11:04:56'), 'mag': 5.0}, {'lat': -8.356, 'long': -74.268, 'Time': Timestamp('2008-08-22 21:03:24'), 'mag': 5.2}, {'lat': -41.09, 'long': -86.141, 'Time': Timestamp('2008-08-23 09:30:03'), 'mag': 5.2}]",4,27
577,2008-07-30 20:24:24.038,0,[],0,5
578,2008-08-11 23:40:53.092,1,"[{'lat': -11.432, 'long': 166.23, 'Time': Timestamp('2008-08-12 05:25:57'), 'mag': 5.9}, {'lat': -56.283, 'long': 147.016, 'Time': Timestamp('2008-08-13 00:27:36'), 'mag': 5.0}, {'lat': -54.64, 'long': 143.902, 'Time': Timestamp('2008-08-13 16:24:37'), 'mag': 5.3}]",3,17
579,2008-08-09 07:51:53.415,0,[],0,14
580,2008-08-04 11:08:20.601,1,"[{'lat': 34.098, 'long': 26.576, 'Time': Timestamp('2008-08-04 19:38:25'), 'mag': 5.3}]",1,9
581,2008-08-16 14:26:54.406,0,[],0,21
582,2008-08-09 00:10:53.493,1,"[{'lat': -60.648, 'long': 153.771, 'Time': Timestamp('2008-08-09 06:01:48'), 'mag': 6.5}, {'lat': 26.486, 'long': 128.522, 'Time': Timestamp('2008-08-09 11:54:19'), 'mag': 5.2}, {'lat': 51.504, 'long': -178.441, 'Time': Timestamp('2008-08-09 15:18:16'), 'mag': 5.5}, {'lat': -60.693, 'long': 153.826, 'Time': Timestamp('2008-08-09 16:36:38'), 'mag': 6.3}, {'lat': -14.79, 'long': 167.241, 'Time': Timestamp('2008-08-09 18:32:45'), 'mag': 5.1}, {'lat': -21.156, 'long': 173.997, 'Time': Timestamp('2008-08-10 04:00:54'), 'mag': 5.1}, {'lat': 11.055, 'long': 91.814, 'Time': Timestamp('2008-08-10 08:20:33'), 'mag': 6.2}, {'lat': 11.025, 'long': 91.757, 'Time': Timestamp('2008-08-10 09:27:57'), 'mag': 5.3}, {'lat': -60.5, 'long': 153.5, 'Time': Timestamp('2008-08-10 11:53:52'), 'mag': 5.1}, {'lat': 10.947, 'long': 91.711, 'Time': Timestamp('2008-08-10 12:21:11'), 'mag': 5.7}, {'lat': 10.985, 'long': 91.79, 'Time': Timestamp('2008-08-10 13:01:31'), 'mag': 5.3}, {'lat': 53.684, 'long': -163.563, 'Time': Timestamp('2008-08-11 00:09:36'), 'mag': 5.3}]",12,13
583,2008-08-02 05:05:32.502,0,[],0,6
584,2008-08-26 08:21:49.832,1,"[{'lat': -10.751, 'long': 41.469, 'Time': Timestamp('2008-08-27 06:46:19'), 'mag': 5.7}, {'lat': 32.308, 'long': 47.35, 'Time': Timestamp('2008-08-27 21:52:38'), 'mag': 5.8}]",2,30
585,2008-08-06 11:38:53.681,1,"[{'lat': -58.674, 'long': -25.112, 'Time': Timestamp('2008-08-06 14:45:35'), 'mag': 5.0}]",1,10
586,2008-08-01 14:57:21.380,0,[],0,5
587,2008-08-01 21:25:52.033,1,"[{'lat': -33.321, 'long': -178.368, 'Time': Timestamp('2008-08-02 03:10:04'), 'mag': 5.0}]",1,5
588,2008-08-20 00:40:48.659,1,"[{'lat': 14.906, 'long': 119.995, 'Time': Timestamp('2008-08-20 09:37:29'), 'mag': 5.1}, {'lat': 12.95, 'long': 124.319, 'Time': Timestamp('2008-08-20 13:18:05'), 'mag': 5.3}, {'lat': -10.17, 'long': 161.453, 'Time': Timestamp('2008-08-20 19:32:59'), 'mag': 5.0}, {'lat': 23.853, 'long': 122.602, 'Time': Timestamp('2008-08-21 06:53:07'), 'mag': 5.0}, {'lat': 25.039, 'long': 97.697, 'Time': Timestamp('2008-08-21 12:24:30'), 'mag': 6.0}, {'lat': -0.294, 'long': 119.731, 'Time': Timestamp('2008-08-21 21:30:48'), 'mag': 5.0}]",6,23
589,2008-08-17 07:13:27.293,0,[],0,20
590,2008-08-08 10:29:51.153,0,[],0,11
591,2008-08-10 13:48:53.109,1,"[{'lat': -1.02, 'long': -21.843, 'Time': Timestamp('2008-08-11 23:38:38'), 'mag': 6.0}, {'lat': -0.99, 'long': -22.05, 'Time': Timestamp('2008-08-12 00:49:03'), 'mag': 5.3}]",2,13
592,2008-08-20 17:05:23.162,1,"[{'lat': 5.237, 'long': -82.684, 'Time': Timestamp('2008-08-21 22:51:42'), 'mag': 5.2}, {'lat': 8.321, 'long': -82.801, 'Time': Timestamp('2008-08-22 11:04:56'), 'mag': 5.0}]",2,23
593,2008-08-17 20:16:23.214,0,[],0,20
594,2008-08-04 23:33:23.268,1,"[{'lat': -27.339, 'long': -176.319, 'Time': Timestamp('2008-08-05 23:05:27'), 'mag': 5.2}, {'lat': -8.914, 'long': 157.846, 'Time': Timestamp('2008-08-06 08:38:32'), 'mag': 5.2}]",2,7
595,2008-08-09 07:43:55.367,0,[],0,11
596,2008-08-08 11:00:20.554,0,[],0,10
597,2008-08-17 14:18:49.046,1,"[{'lat': -22.143, 'long': -68.392, 'Time': Timestamp('2008-08-18 20:28:16'), 'mag': 5.0}]",1,19
598,2008-08-14 17:35:22.648,1,"[{'lat': 7.292, 'long': -82.726, 'Time': Timestamp('2008-08-14 22:55:47'), 'mag': 5.5}]",1,16
599,2008-08-03 20:46:16.830,0,[],0,5
600,2008-08-08 00:02:48.323,1,"[{'lat': -3.942, 'long': 101.076, 'Time': Timestamp('2008-08-08 06:37:41'), 'mag': 5.8}, {'lat': -3.907, 'long': 100.993, 'Time': Timestamp('2008-08-08 07:32:53'), 'mag': 5.3}, {'lat': -25.406, 'long': 70.085, 'Time': Timestamp('2008-08-08 14:43:48'), 'mag': 5.3}, {'lat': 41.171, 'long': 142.189, 'Time': Timestamp('2008-08-08 15:53:09'), 'mag': 5.4}, {'lat': 21.574, 'long': 121.518, 'Time': Timestamp('2008-08-08 22:05:15'), 'mag': 5.0}, {'lat': -60.648, 'long': 153.771, 'Time': Timestamp('2008-08-09 06:01:48'), 'mag': 6.5}, {'lat': 26.486, 'long': 128.522, 'Time': Timestamp('2008-08-09 11:54:19'), 'mag': 5.2}, {'lat': 51.504, 'long': -178.441, 'Time': Timestamp('2008-08-09 15:18:16'), 'mag': 5.5}, {'lat': -60.693, 'long': 153.826, 'Time': Timestamp('2008-08-09 16:36:38'), 'mag': 6.3}, {'lat': -14.79, 'long': 167.241, 'Time': Timestamp('2008-08-09 18:32:45'), 'mag': 5.1}]",10,9
601,2008-08-29 08:13:54.105,0,[],0,30
602,2008-08-06 13:10:24.031,1,"[{'lat': -58.674, 'long': -25.112, 'Time': Timestamp('2008-08-06 14:45:35'), 'mag': 5.0}]",1,7
603,2008-08-07 22:55:53.191,1,"[{'lat': -60.648, 'long': 153.771, 'Time': Timestamp('2008-08-09 06:01:48'), 'mag': 6.5}, {'lat': 51.504, 'long': -178.441, 'Time': Timestamp('2008-08-09 15:18:16'), 'mag': 5.5}, {'lat': -60.693, 'long': 153.826, 'Time': Timestamp('2008-08-09 16:36:38'), 'mag': 6.3}, {'lat': -14.79, 'long': 167.241, 'Time': Timestamp('2008-08-09 18:32:45'), 'mag': 5.1}]",4,8
604,2008-08-21 08:42:20.338,0,[],0,21
605,2008-08-15 12:01:23.405,0,[],0,15
606,2008-08-18 15:19:19.776,1,"[{'lat': -5.845, 'long': -80.924, 'Time': Timestamp('2008-08-18 15:38:08'), 'mag': 5.1}, {'lat': -22.143, 'long': -68.392, 'Time': Timestamp('2008-08-18 20:28:16'), 'mag': 5.0}, {'lat': 9.033, 'long': -84.081, 'Time': Timestamp('2008-08-20 06:20:57'), 'mag': 5.3}]",3,18
607,2008-08-22 18:34:53.512,0,[],0,22
608,2008-08-21 21:48:54.748,1,"[{'lat': 5.237, 'long': -82.684, 'Time': Timestamp('2008-08-21 22:51:42'), 'mag': 5.2}, {'lat': -62.84, 'long': -158.207, 'Time': Timestamp('2008-08-22 02:24:00'), 'mag': 5.2}, {'lat': 8.321, 'long': -82.801, 'Time': Timestamp('2008-08-22 11:04:56'), 'mag': 5.0}, {'lat': -58.602, 'long': -25.046, 'Time': Timestamp('2008-08-22 17:38:59'), 'mag': 5.3}, {'lat': -8.356, 'long': -74.268, 'Time': Timestamp('2008-08-22 21:03:24'), 'mag': 5.2}, {'lat': -41.09, 'long': -86.141, 'Time': Timestamp('2008-08-23 09:30:03'), 'mag': 5.2}]",6,21
609,2008-08-20 01:02:51.151,1,"[{'lat': 14.906, 'long': 119.995, 'Time': Timestamp('2008-08-20 09:37:29'), 'mag': 5.1}, {'lat': 12.95, 'long': 124.319, 'Time': Timestamp('2008-08-20 13:18:05'), 'mag': 5.3}, {'lat': -10.17, 'long': 161.453, 'Time': Timestamp('2008-08-20 19:32:59'), 'mag': 5.0}, {'lat': 23.853, 'long': 122.602, 'Time': Timestamp('2008-08-21 06:53:07'), 'mag': 5.0}, {'lat': 25.039, 'long': 97.697, 'Time': Timestamp('2008-08-21 12:24:30'), 'mag': 6.0}, {'lat': -0.294, 'long': 119.731, 'Time': Timestamp('2008-08-21 21:30:48'), 'mag': 5.0}]",6,19
610,2008-08-22 05:57:28.765,1,"[{'lat': -17.769, 'long': 65.394, 'Time': Timestamp('2008-08-22 07:47:39'), 'mag': 6.0}]",1,21
611,2008-08-19 09:12:50.739,0,[],0,18
612,2008-08-25 12:31:53.806,0,[],0,24
613,2008-08-15 15:49:49.184,0,[],0,14
614,2008-08-07 19:04:53.913,1,"[{'lat': -9.139, 'long': -109.518, 'Time': Timestamp('2008-08-07 22:58:33'), 'mag': 5.6}]",1,6
615,2008-08-10 22:18:23.375,1,"[{'lat': 53.684, 'long': -163.563, 'Time': Timestamp('2008-08-11 00:09:36'), 'mag': 5.3}, {'lat': 10.514, 'long': -64.171, 'Time': Timestamp('2008-08-11 07:19:26'), 'mag': 5.2}, {'lat': -1.02, 'long': -21.843, 'Time': Timestamp('2008-08-11 23:38:38'), 'mag': 6.0}, {'lat': -0.99, 'long': -22.05, 'Time': Timestamp('2008-08-12 00:49:03'), 'mag': 5.3}, {'lat': -11.432, 'long': 166.23, 'Time': Timestamp('2008-08-12 05:25:57'), 'mag': 5.9}]",5,9
616,2008-08-14 01:32:22.334,1,"[{'lat': 43.976, 'long': 147.554, 'Time': Timestamp('2008-08-14 11:10:35'), 'mag': 5.4}, {'lat': -7.56, 'long': 154.75, 'Time': Timestamp('2008-08-15 02:36:54'), 'mag': 5.2}, {'lat': 12.897, 'long': 124.319, 'Time': Timestamp('2008-08-15 10:25:16'), 'mag': 6.0}]",3,12
617,2008-08-21 08:04:17.780,0,[],0,19
618,2008-08-16 11:22:53.180,1,"[{'lat': -52.873, 'long': -4.453, 'Time': Timestamp('2008-08-17 15:39:08'), 'mag': 5.6}]",1,14
619,2008-08-10 14:41:19.105,1,"[{'lat': 10.514, 'long': -64.171, 'Time': Timestamp('2008-08-11 07:19:26'), 'mag': 5.2}]",1,8
620,2008-08-20 17:57:24.593,1,"[{'lat': 5.237, 'long': -82.684, 'Time': Timestamp('2008-08-21 22:51:42'), 'mag': 5.2}, {'lat': 8.321, 'long': -82.801, 'Time': Timestamp('2008-08-22 11:04:56'), 'mag': 5.0}]",2,18
621,2008-08-15 21:11:23.341,1,"[{'lat': 14.548, 'long': -91.975, 'Time': Timestamp('2008-08-17 14:25:08'), 'mag': 5.0}, {'lat': -52.873, 'long': -4.453, 'Time': Timestamp('2008-08-17 15:39:08'), 'mag': 5.6}]",2,13
622,2008-08-14 00:24:49.487,1,"[{'lat': 43.976, 'long': 147.554, 'Time': Timestamp('2008-08-14 11:10:35'), 'mag': 5.4}, {'lat': -7.56, 'long': 154.75, 'Time': Timestamp('2008-08-15 02:36:54'), 'mag': 5.2}, {'lat': 12.897, 'long': 124.319, 'Time': Timestamp('2008-08-15 10:25:16'), 'mag': 6.0}]",3,11
623,2008-08-09 03:41:53.860,1,"[{'lat': 26.486, 'long': 128.522, 'Time': Timestamp('2008-08-09 11:54:19'), 'mag': 5.2}, {'lat': 11.055, 'long': 91.814, 'Time': Timestamp('2008-08-10 08:20:33'), 'mag': 6.2}, {'lat': 11.025, 'long': 91.757, 'Time': Timestamp('2008-08-10 09:27:57'), 'mag': 5.3}, {'lat': 10.947, 'long': 91.711, 'Time': Timestamp('2008-08-10 12:21:11'), 'mag': 5.7}, {'lat': 10.985, 'long': 91.79, 'Time': Timestamp('2008-08-10 13:01:31'), 'mag': 5.3}]",5,6
624,2008-08-25 06:57:53.144,1,"[{'lat': 30.901, 'long': 83.52, 'Time': Timestamp('2008-08-25 13:21:58'), 'mag': 6.7}, {'lat': 30.712, 'long': 83.377, 'Time': Timestamp('2008-08-25 13:29:22'), 'mag': 5.0}, {'lat': 30.797, 'long': 83.38, 'Time': Timestamp('2008-08-25 13:39:38'), 'mag': 5.2}, {'lat': 30.831, 'long': 83.523, 'Time': Timestamp('2008-08-25 14:16:02'), 'mag': 5.2}, {'lat': 30.634, 'long': 83.285, 'Time': Timestamp('2008-08-25 19:13:52'), 'mag': 5.1}, {'lat': 30.928, 'long': 83.473, 'Time': Timestamp('2008-08-25 20:40:45'), 'mag': 5.0}, {'lat': 30.659, 'long': 83.284, 'Time': Timestamp('2008-08-26 23:54:23'), 'mag': 5.0}, {'lat': -10.751, 'long': 41.469, 'Time': Timestamp('2008-08-27 06:46:19'), 'mag': 5.7}]",8,22
625,2008-08-22 10:13:50.653,0,[],0,19
626,2008-08-31 13:32:53.608,0,[],0,28
627,2008-09-01 23:17:53.768,1,"[{'lat': -20.426, 'long': 169.243, 'Time': Timestamp('2008-09-02 18:41:39'), 'mag': 5.2}, {'lat': -15.414, 'long': -173.336, 'Time': Timestamp('2008-09-02 20:01:03'), 'mag': 5.3}, {'lat': -10.359, 'long': 161.395, 'Time': Timestamp('2008-09-03 12:16:00'), 'mag': 5.3}]",3,29
628,2008-08-16 07:27:53.098,1,"[{'lat': 5.711, 'long': 61.333, 'Time': Timestamp('2008-08-16 08:20:21'), 'mag': 5.2}, {'lat': 5.519, 'long': 61.303, 'Time': Timestamp('2008-08-16 08:26:23'), 'mag': 5.1}]",2,12
629,2008-09-01 10:44:21.053,1,"[{'lat': -57.92, 'long': -25.542, 'Time': Timestamp('2008-09-01 19:54:45'), 'mag': 5.1}, {'lat': 37.507, 'long': 38.503, 'Time': Timestamp('2008-09-03 02:22:47'), 'mag': 5.0}]",2,28
630,2008-08-22 14:03:24.009,1,"[{'lat': 44.399, 'long': -28.185, 'Time': Timestamp('2008-08-23 07:45:18'), 'mag': 5.0}]",1,18
631,2008-08-21 17:19:54.063,1,"[{'lat': 5.237, 'long': -82.684, 'Time': Timestamp('2008-08-21 22:51:42'), 'mag': 5.2}, {'lat': 8.321, 'long': -82.801, 'Time': Timestamp('2008-08-22 11:04:56'), 'mag': 5.0}, {'lat': -8.356, 'long': -74.268, 'Time': Timestamp('2008-08-22 21:03:24'), 'mag': 5.2}, {'lat': -41.09, 'long': -86.141, 'Time': Timestamp('2008-08-23 09:30:03'), 'mag': 5.2}]",4,17
632,2008-08-21 20:33:53.116,1,"[{'lat': -62.84, 'long': -158.207, 'Time': Timestamp('2008-08-22 02:24:00'), 'mag': 5.2}]",1,17
633,2008-08-10 23:47:23.169,1,"[{'lat': 53.684, 'long': -163.563, 'Time': Timestamp('2008-08-11 00:09:36'), 'mag': 5.3}, {'lat': -3.091, 'long': 147.357, 'Time': Timestamp('2008-08-11 16:27:28'), 'mag': 5.1}, {'lat': -3.109, 'long': 147.26, 'Time': Timestamp('2008-08-11 20:41:36'), 'mag': 5.0}]",3,6
634,2008-08-22 07:58:17.075,1,"[{'lat': 8.15, 'long': 59.039, 'Time': Timestamp('2008-08-24 07:35:10'), 'mag': 5.0}]",1,17
635,2008-08-22 11:14:53.356,1,"[{'lat': -58.602, 'long': -25.046, 'Time': Timestamp('2008-08-22 17:38:59'), 'mag': 5.3}]",1,17
636,2008-09-04 14:33:24.594,1,"[{'lat': 30.098, 'long': -42.591, 'Time': Timestamp('2008-09-04 18:47:55'), 'mag': 5.4}]",1,30
637,2008-08-12 17:49:22.002,1,"[{'lat': -13.382, 'long': -111.281, 'Time': Timestamp('2008-08-13 01:32:45'), 'mag': 5.7}]",1,7
638,2008-08-25 06:49:53.309,1,"[{'lat': 30.901, 'long': 83.52, 'Time': Timestamp('2008-08-25 13:21:58'), 'mag': 6.7}, {'lat': 30.712, 'long': 83.377, 'Time': Timestamp('2008-08-25 13:29:22'), 'mag': 5.0}, {'lat': 30.797, 'long': 83.38, 'Time': Timestamp('2008-08-25 13:39:38'), 'mag': 5.2}, {'lat': 30.831, 'long': 83.523, 'Time': Timestamp('2008-08-25 14:16:02'), 'mag': 5.2}, {'lat': 30.634, 'long': 83.285, 'Time': Timestamp('2008-08-25 19:13:52'), 'mag': 5.1}, {'lat': 30.928, 'long': 83.473, 'Time': Timestamp('2008-08-25 20:40:45'), 'mag': 5.0}, {'lat': 30.659, 'long': 83.284, 'Time': Timestamp('2008-08-26 23:54:23'), 'mag': 5.0}, {'lat': -10.751, 'long': 41.469, 'Time': Timestamp('2008-08-27 06:46:19'), 'mag': 5.7}]",8,19
639,2008-08-31 10:05:52.304,0,[],0,25
640,2008-08-21 13:24:53.933,1,"[{'lat': 44.399, 'long': -28.185, 'Time': Timestamp('2008-08-23 07:45:18'), 'mag': 5.0}]",1,15
641,2008-09-03 23:09:53.092,1,"[{'lat': -12.143, 'long': 167.101, 'Time': Timestamp('2008-09-04 09:37:03'), 'mag': 5.7}, {'lat': -31.555, 'long': -177.806, 'Time': Timestamp('2008-09-04 16:09:51'), 'mag': 5.8}, {'lat': -13.273, 'long': 166.966, 'Time': Timestamp('2008-09-05 12:35:43'), 'mag': 5.6}]",3,28
642,2008-08-13 05:41:55.610,0,[],0,6
643,2008-08-15 08:56:50.239,0,[],0,8
644,2008-08-22 12:15:53.306,1,"[{'lat': -58.602, 'long': -25.046, 'Time': Timestamp('2008-08-22 17:38:59'), 'mag': 5.3}, {'lat': 44.399, 'long': -28.185, 'Time': Timestamp('2008-08-23 07:45:18'), 'mag': 5.0}]",2,15
645,2008-08-21 15:33:52.557,1,"[{'lat': 5.237, 'long': -82.684, 'Time': Timestamp('2008-08-21 22:51:42'), 'mag': 5.2}, {'lat': 8.321, 'long': -82.801, 'Time': Timestamp('2008-08-22 11:04:56'), 'mag': 5.0}, {'lat': -8.356, 'long': -74.268, 'Time': Timestamp('2008-08-22 21:03:24'), 'mag': 5.2}, {'lat': -41.09, 'long': -86.141, 'Time': Timestamp('2008-08-23 09:30:03'), 'mag': 5.2}]",4,14
646,2008-09-06 18:48:49.295,0,[],0,30
647,2008-08-27 22:02:51.659,1,"[{'lat': 50.082, 'long': -129.59, 'Time': Timestamp('2008-08-27 22:12:38'), 'mag': 5.1}, {'lat': 50.136, 'long': -129.667, 'Time': Timestamp('2008-08-28 01:15:15'), 'mag': 5.0}, {'lat': 50.147, 'long': -129.596, 'Time': Timestamp('2008-08-28 01:58:35'), 'mag': 5.0}, {'lat': 50.147, 'long': -129.679, 'Time': Timestamp('2008-08-28 09:20:30'), 'mag': 5.0}, {'lat': 50.165, 'long': -129.628, 'Time': Timestamp('2008-08-28 12:37:35'), 'mag': 5.9}, {'lat': -0.134, 'long': -17.626, 'Time': Timestamp('2008-08-28 15:22:18'), 'mag': 5.2}, {'lat': -0.252, 'long': -17.358, 'Time': Timestamp('2008-08-28 15:22:23'), 'mag': 6.3}, {'lat': -56.276, 'long': -30.62, 'Time': Timestamp('2008-08-28 23:41:42'), 'mag': 5.2}]",8,20
648,2008-08-20 01:16:47.850,1,"[{'lat': 14.906, 'long': 119.995, 'Time': Timestamp('2008-08-20 09:37:29'), 'mag': 5.1}, {'lat': 12.95, 'long': 124.319, 'Time': Timestamp('2008-08-20 13:18:05'), 'mag': 5.3}, {'lat': -10.17, 'long': 161.453, 'Time': Timestamp('2008-08-20 19:32:59'), 'mag': 5.0}, {'lat': 23.853, 'long': 122.602, 'Time': Timestamp('2008-08-21 06:53:07'), 'mag': 5.0}, {'lat': 25.039, 'long': 97.697, 'Time': Timestamp('2008-08-21 12:24:30'), 'mag': 6.0}, {'lat': -0.294, 'long': 119.731, 'Time': Timestamp('2008-08-21 21:30:48'), 'mag': 5.0}]",6,12
649,2008-08-30 06:11:55.776,1,"[{'lat': 26.241, 'long': 101.889, 'Time': Timestamp('2008-08-30 08:30:53'), 'mag': 6.0}, {'lat': 42.733, 'long': 83.899, 'Time': Timestamp('2008-08-30 12:46:47'), 'mag': 5.3}, {'lat': -20.41, 'long': 67.172, 'Time': Timestamp('2008-08-30 14:42:28'), 'mag': 5.2}, {'lat': 30.755, 'long': 83.44, 'Time': Timestamp('2008-08-30 21:31:12'), 'mag': 5.0}, {'lat': -18.579, 'long': 65.541, 'Time': Timestamp('2008-09-01 00:37:39'), 'mag': 5.1}, {'lat': 37.328, 'long': 68.928, 'Time': Timestamp('2008-09-01 04:24:30'), 'mag': 5.4}]",6,22
650,2008-09-06 09:27:22.079,0,[],0,29
651,2008-08-13 12:46:23.708,1,"[{'lat': 8.076, 'long': -38.012, 'Time': Timestamp('2008-08-14 17:16:20'), 'mag': 5.0}, {'lat': 0.459, 'long': -25.243, 'Time': Timestamp('2008-08-15 00:49:43'), 'mag': 5.0}, {'lat': -58.326, 'long': -22.873, 'Time': Timestamp('2008-08-15 03:38:17'), 'mag': 5.2}]",3,5
652,2008-08-27 16:03:53.293,0,[],0,19
653,2008-08-17 19:18:49.920,1,"[{'lat': -34.814, 'long': -108.286, 'Time': Timestamp('2008-08-17 21:28:38'), 'mag': 5.2}, {'lat': -28.545, 'long': -112.842, 'Time': Timestamp('2008-08-19 10:58:00'), 'mag': 5.7}]",2,9
654,2008-09-07 22:32:23.867,1,"[{'lat': -19.964, 'long': 169.108, 'Time': Timestamp('2008-09-08 03:03:15'), 'mag': 6.2}, {'lat': -13.501, 'long': 166.967, 'Time': Timestamp('2008-09-08 18:52:06'), 'mag': 6.9}, {'lat': -17.578, 'long': 179.61, 'Time': Timestamp('2008-09-08 19:51:44'), 'mag': 5.2}]",3,30
655,2008-08-19 01:46:51.677,1,"[{'lat': 14.906, 'long': 119.995, 'Time': Timestamp('2008-08-20 09:37:29'), 'mag': 5.1}, {'lat': 12.95, 'long': 124.319, 'Time': Timestamp('2008-08-20 13:18:05'), 'mag': 5.3}]",2,10
656,2008-09-02 06:41:50.753,0,[],0,24
657,2008-08-14 09:57:52.481,0,[],0,5
658,2008-09-07 13:16:53.108,0,[],0,29
659,2008-08-16 16:33:53.163,1,"[{'lat': 14.548, 'long': -91.975, 'Time': Timestamp('2008-08-17 14:25:08'), 'mag': 5.0}, {'lat': -34.814, 'long': -108.286, 'Time': Timestamp('2008-08-17 21:28:38'), 'mag': 5.2}, {'lat': 11.106, 'long': -87.941, 'Time': Timestamp('2008-08-18 09:16:46'), 'mag': 5.0}, {'lat': -5.845, 'long': -80.924, 'Time': Timestamp('2008-08-18 15:38:08'), 'mag': 5.1}]",4,7
660,2008-09-06 19:48:23.216,0,[],0,28
661,2008-08-21 00:39:18.061,1,"[{'lat': 23.853, 'long': 122.602, 'Time': Timestamp('2008-08-21 06:53:07'), 'mag': 5.0}, {'lat': 25.039, 'long': 97.697, 'Time': Timestamp('2008-08-21 12:24:30'), 'mag': 6.0}, {'lat': -0.294, 'long': 119.731, 'Time': Timestamp('2008-08-21 21:30:48'), 'mag': 5.0}, {'lat': -21.442, 'long': 170.383, 'Time': Timestamp('2008-08-22 01:34:00'), 'mag': 5.0}, {'lat': -5.627, 'long': 103.043, 'Time': Timestamp('2008-08-22 07:21:22'), 'mag': 5.2}, {'lat': -17.769, 'long': 65.394, 'Time': Timestamp('2008-08-22 07:47:39'), 'mag': 6.0}, {'lat': 6.591, 'long': 144.568, 'Time': Timestamp('2008-08-22 09:48:34'), 'mag': 5.0}, {'lat': 36.463, 'long': 140.401, 'Time': Timestamp('2008-08-22 10:59:50'), 'mag': 5.2}]",8,11
662,2008-08-28 07:12:26.694,0,[],0,18
663,2008-08-16 10:28:20.554,1,"[{'lat': -52.873, 'long': -4.453, 'Time': Timestamp('2008-08-17 15:39:08'), 'mag': 5.6}]",1,6
664,2008-08-26 13:47:23.510,0,[],0,16
665,2008-08-20 23:31:53.670,1,"[{'lat': -15.29, 'long': -173.202, 'Time': Timestamp('2008-08-21 08:33:23'), 'mag': 5.1}, {'lat': -25.205, 'long': -177.784, 'Time': Timestamp('2008-08-21 17:03:59'), 'mag': 5.1}, {'lat': -21.442, 'long': 170.383, 'Time': Timestamp('2008-08-22 01:34:00'), 'mag': 5.0}]",3,10
666,2008-08-28 07:42:25.321,0,[],0,17
667,2008-09-08 10:58:55.051,0,[],0,28
668,2008-08-27 14:17:45.351,0,[],0,16
669,2008-08-31 17:33:51.174,1,"[{'lat': -24.463, 'long': -116.094, 'Time': Timestamp('2008-08-31 20:58:31'), 'mag': 5.0}]",1,20
670,2008-08-21 20:47:54.018,1,"[{'lat': -62.84, 'long': -158.207, 'Time': Timestamp('2008-08-22 02:24:00'), 'mag': 5.2}]",1,10
671,2008-08-26 00:01:54.071,1,"[{'lat': -3.245, 'long': 147.936, 'Time': Timestamp('2008-08-26 01:56:28'), 'mag': 5.0}, {'lat': -2.919, 'long': 147.425, 'Time': Timestamp('2008-08-26 02:06:27'), 'mag': 5.4}, {'lat': -6.338, 'long': 104.469, 'Time': Timestamp('2008-08-26 03:07:29'), 'mag': 5.7}, {'lat': 30.659, 'long': 83.284, 'Time': Timestamp('2008-08-26 23:54:23'), 'mag': 5.0}, {'lat': 51.607, 'long': 104.158, 'Time': Timestamp('2008-08-27 01:35:32'), 'mag': 6.3}, {'lat': 46.725, 'long': 152.484, 'Time': Timestamp('2008-08-27 05:24:41'), 'mag': 5.4}, {'lat': -10.751, 'long': 41.469, 'Time': Timestamp('2008-08-27 06:46:19'), 'mag': 5.7}, {'lat': 32.308, 'long': 47.35, 'Time': Timestamp('2008-08-27 21:52:38'), 'mag': 5.8}]",8,14
672,2008-09-11 08:10:46.530,0,[],0,30
673,2008-08-22 11:29:23.258,1,"[{'lat': -58.602, 'long': -25.046, 'Time': Timestamp('2008-08-22 17:38:59'), 'mag': 5.3}]",1,10
674,2008-08-31 14:47:50.845,0,[],0,19
675,2008-08-26 18:03:54.671,0,[],0,14
676,2008-08-28 08:42:53.471,0,[],0,15
677,2008-09-03 11:59:53.823,0,[],0,21
678,2008-08-26 15:18:22.962,1,"[{'lat': -7.641, 'long': -74.377, 'Time': Timestamp('2008-08-26 21:00:36'), 'mag': 6.4}]",1,13
679,2008-09-11 21:47:23.983,1,"[{'lat': 47.921, 'long': -128.438, 'Time': Timestamp('2008-09-11 23:13:35'), 'mag': 5.1}, {'lat': 47.24, 'long': -129.14, 'Time': Timestamp('2008-09-11 23:26:19'), 'mag': 5.2}, {'lat': 4.79, 'long': -75.517, 'Time': Timestamp('2008-09-13 09:32:01'), 'mag': 5.7}, {'lat': -48.711, 'long': -113.195, 'Time': Timestamp('2008-09-13 15:45:26'), 'mag': 5.2}]",4,29
680,2008-09-06 01:01:22.898,1,"[{'lat': 36.487, 'long': 70.934, 'Time': Timestamp('2008-09-06 05:47:39'), 'mag': 5.8}, {'lat': -23.71, 'long': 69.493, 'Time': Timestamp('2008-09-07 02:05:33'), 'mag': 5.4}, {'lat': -23.719, 'long': 69.558, 'Time': Timestamp('2008-09-07 02:39:10'), 'mag': 5.0}, {'lat': 12.943, 'long': 92.389, 'Time': Timestamp('2008-09-07 09:00:28'), 'mag': 5.0}]",4,23
681,2008-08-29 05:56:24.088,1,"[{'lat': 26.241, 'long': 101.889, 'Time': Timestamp('2008-08-30 08:30:53'), 'mag': 6.0}, {'lat': 42.733, 'long': 83.899, 'Time': Timestamp('2008-08-30 12:46:47'), 'mag': 5.3}, {'lat': -20.41, 'long': 67.172, 'Time': Timestamp('2008-08-30 14:42:28'), 'mag': 5.2}, {'lat': 30.755, 'long': 83.44, 'Time': Timestamp('2008-08-30 21:31:12'), 'mag': 5.0}]",4,15
682,2008-08-29 09:11:20.157,0,[],0,15
683,2008-08-24 12:30:23.224,0,[],0,10
684,2008-08-26 15:48:19.930,1,"[{'lat': -7.641, 'long': -74.377, 'Time': Timestamp('2008-08-26 21:00:36'), 'mag': 6.4}]",1,12
685,2008-09-04 19:03:21.311,1,"[{'lat': 49.791, 'long': -130.113, 'Time': Timestamp('2008-09-06 01:10:20'), 'mag': 5.2}, {'lat': -35.597, 'long': -103.963, 'Time': Timestamp('2008-09-06 17:37:41'), 'mag': 5.1}]",2,21
686,2008-09-03 22:16:53.384,1,"[{'lat': -12.143, 'long': 167.101, 'Time': Timestamp('2008-09-04 09:37:03'), 'mag': 5.7}, {'lat': 13.69, 'long': -91.286, 'Time': Timestamp('2008-09-04 21:39:29'), 'mag': 5.2}, {'lat': -13.273, 'long': 166.966, 'Time': Timestamp('2008-09-05 12:35:43'), 'mag': 5.6}, {'lat': -1.171, 'long': -13.955, 'Time': Timestamp('2008-09-05 19:07:38'), 'mag': 5.8}, {'lat': -34.261, 'long': -14.547, 'Time': Timestamp('2008-09-05 20:41:35'), 'mag': 5.1}]",5,20
687,2008-09-06 01:31:22.522,0,[],0,22
688,2008-08-24 04:48:18.915,1,"[{'lat': 30.901, 'long': 83.52, 'Time': Timestamp('2008-08-25 13:21:58'), 'mag': 6.7}, {'lat': 30.712, 'long': 83.377, 'Time': Timestamp('2008-08-25 13:29:22'), 'mag': 5.0}, {'lat': 30.797, 'long': 83.38, 'Time': Timestamp('2008-08-25 13:39:38'), 'mag': 5.2}, {'lat': 30.831, 'long': 83.523, 'Time': Timestamp('2008-08-25 14:16:02'), 'mag': 5.2}, {'lat': 30.634, 'long': 83.285, 'Time': Timestamp('2008-08-25 19:13:52'), 'mag': 5.1}, {'lat': 30.928, 'long': 83.473, 'Time': Timestamp('2008-08-25 20:40:45'), 'mag': 5.0}, {'lat': -6.338, 'long': 104.469, 'Time': Timestamp('2008-08-26 03:07:29'), 'mag': 5.7}]",7,9
689,2008-08-24 08:04:46.982,1,"[{'lat': -52.509, 'long': 12.386, 'Time': Timestamp('2008-08-26 02:28:24'), 'mag': 5.2}]",1,9
690,2008-08-28 11:21:25.563,1,"[{'lat': -0.134, 'long': -17.626, 'Time': Timestamp('2008-08-28 15:22:18'), 'mag': 5.2}, {'lat': -0.252, 'long': -17.358, 'Time': Timestamp('2008-08-28 15:22:23'), 'mag': 6.3}, {'lat': -56.276, 'long': -30.62, 'Time': Timestamp('2008-08-28 23:41:42'), 'mag': 5.2}]",3,13
691,2008-08-27 14:40:19.523,0,[],0,12
692,2008-09-10 17:55:52.244,0,[],0,26
693,2008-09-02 21:09:53.758,1,"[{'lat': -26.736, 'long': -63.225, 'Time': Timestamp('2008-09-03 11:25:14'), 'mag': 6.3}, {'lat': -31.555, 'long': -177.806, 'Time': Timestamp('2008-09-04 16:09:51'), 'mag': 5.8}, {'lat': 30.098, 'long': -42.591, 'Time': Timestamp('2008-09-04 18:47:55'), 'mag': 5.4}]",3,18
694,2008-08-24 00:23:52.572,1,"[{'lat': 8.15, 'long': 59.039, 'Time': Timestamp('2008-08-24 07:35:10'), 'mag': 5.0}, {'lat': 10.307, 'long': 125.252, 'Time': Timestamp('2008-08-25 02:43:06'), 'mag': 5.8}, {'lat': 30.901, 'long': 83.52, 'Time': Timestamp('2008-08-25 13:21:58'), 'mag': 6.7}, {'lat': 30.712, 'long': 83.377, 'Time': Timestamp('2008-08-25 13:29:22'), 'mag': 5.0}, {'lat': 30.797, 'long': 83.38, 'Time': Timestamp('2008-08-25 13:39:38'), 'mag': 5.2}, {'lat': 30.831, 'long': 83.523, 'Time': Timestamp('2008-08-25 14:16:02'), 'mag': 5.2}, {'lat': 30.634, 'long': 83.285, 'Time': Timestamp('2008-08-25 19:13:52'), 'mag': 5.1}, {'lat': 30.928, 'long': 83.473, 'Time': Timestamp('2008-08-25 20:40:45'), 'mag': 5.0}]",8,8
695,2008-09-03 05:18:23.413,1,"[{'lat': 24.869, 'long': 97.78, 'Time': Timestamp('2008-09-03 06:27:25'), 'mag': 5.0}, {'lat': 30.279, 'long': 80.349, 'Time': Timestamp('2008-09-04 12:53:11'), 'mag': 5.0}, {'lat': 36.536, 'long': 71.291, 'Time': Timestamp('2008-09-05 04:57:52'), 'mag': 5.4}]",3,18
696,2008-09-15 08:34:55.140,1,"[{'lat': -4.979, 'long': 30.149, 'Time': Timestamp('2008-09-15 15:50:51'), 'mag': 5.2}]",1,30
697,2008-09-15 11:51:53.999,1,"[{'lat': 0.902, 'long': -28.998, 'Time': Timestamp('2008-09-16 07:28:25'), 'mag': 5.8}]",1,30
698,2008-08-31 15:10:20.371,0,[],0,15
699,2008-08-30 18:25:47.660,1,"[{'lat': -24.463, 'long': -116.094, 'Time': Timestamp('2008-08-31 20:58:31'), 'mag': 5.0}]",1,14
700,2008-09-06 21:38:24.231,1,"[{'lat': -23.71, 'long': 69.493, 'Time': Timestamp('2008-09-07 02:05:33'), 'mag': 5.4}, {'lat': -23.719, 'long': 69.558, 'Time': Timestamp('2008-09-07 02:39:10'), 'mag': 5.0}]",2,21
701,2008-09-12 00:53:17.978,1,"[{'lat': -21.682, 'long': 170.471, 'Time': Timestamp('2008-09-12 16:44:30'), 'mag': 5.8}, {'lat': 56.312, 'long': 164.07, 'Time': Timestamp('2008-09-12 23:07:50'), 'mag': 5.9}, {'lat': 56.246, 'long': 164.302, 'Time': Timestamp('2008-09-12 23:49:53'), 'mag': 5.4}, {'lat': -3.78, 'long': 128.956, 'Time': Timestamp('2008-09-13 00:04:04'), 'mag': 5.6}, {'lat': -21.227, 'long': 167.933, 'Time': Timestamp('2008-09-13 07:32:14'), 'mag': 5.1}, {'lat': -2.339, 'long': 138.97, 'Time': Timestamp('2008-09-13 07:58:02'), 'mag': 5.0}, {'lat': 29.076, 'long': 130.081, 'Time': Timestamp('2008-09-13 20:21:35'), 'mag': 5.3}, {'lat': -8.728, 'long': 126.855, 'Time': Timestamp('2008-09-14 00:00:09'), 'mag': 5.6}]",8,26
702,2008-08-31 05:48:24.264,1,"[{'lat': 26.232, 'long': 101.97, 'Time': Timestamp('2008-08-31 08:31:10'), 'mag': 5.6}, {'lat': -18.579, 'long': 65.541, 'Time': Timestamp('2008-09-01 00:37:39'), 'mag': 5.1}, {'lat': 37.328, 'long': 68.928, 'Time': Timestamp('2008-09-01 04:24:30'), 'mag': 5.4}, {'lat': -18.614, 'long': 65.376, 'Time': Timestamp('2008-09-01 08:28:19'), 'mag': 5.0}]",4,14
703,2008-09-12 09:03:20.333,0,[],0,26
704,2008-09-08 12:22:53.400,0,[],0,22
705,2008-08-24 15:40:22.651,1,"[{'lat': -42.672, 'long': -83.541, 'Time': Timestamp('2008-08-25 16:47:22'), 'mag': 5.0}]",1,7
706,2008-09-09 22:08:27.288,1,"[{'lat': 8.093, 'long': -38.705, 'Time': Timestamp('2008-09-10 13:08:14'), 'mag': 6.6}, {'lat': -20.262, 'long': -69.224, 'Time': Timestamp('2008-09-10 16:12:04'), 'mag': 5.7}, {'lat': -22.881, 'long': 170.392, 'Time': Timestamp('2008-09-11 14:45:55'), 'mag': 5.0}, {'lat': -19.649, 'long': -69.052, 'Time': Timestamp('2008-09-11 17:11:34'), 'mag': 5.3}]",4,23
707,2008-09-06 01:23:21.929,1,"[{'lat': 36.487, 'long': 70.934, 'Time': Timestamp('2008-09-06 05:47:39'), 'mag': 5.8}, {'lat': -23.71, 'long': 69.493, 'Time': Timestamp('2008-09-07 02:05:33'), 'mag': 5.4}, {'lat': -23.719, 'long': 69.558, 'Time': Timestamp('2008-09-07 02:39:10'), 'mag': 5.0}, {'lat': 12.943, 'long': 92.389, 'Time': Timestamp('2008-09-07 09:00:28'), 'mag': 5.0}]",4,19
708,2008-08-24 06:18:25.871,1,"[{'lat': 8.15, 'long': 59.039, 'Time': Timestamp('2008-08-24 07:35:10'), 'mag': 5.0}, {'lat': 30.901, 'long': 83.52, 'Time': Timestamp('2008-08-25 13:21:58'), 'mag': 6.7}, {'lat': 30.712, 'long': 83.377, 'Time': Timestamp('2008-08-25 13:29:22'), 'mag': 5.0}, {'lat': 30.797, 'long': 83.38, 'Time': Timestamp('2008-08-25 13:39:38'), 'mag': 5.2}, {'lat': 30.831, 'long': 83.523, 'Time': Timestamp('2008-08-25 14:16:02'), 'mag': 5.2}, {'lat': 30.634, 'long': 83.285, 'Time': Timestamp('2008-08-25 19:13:52'), 'mag': 5.1}, {'lat': 30.928, 'long': 83.473, 'Time': Timestamp('2008-08-25 20:40:45'), 'mag': 5.0}]",7,6
709,2008-09-10 09:33:46.750,0,[],0,23
710,2008-09-11 12:52:53.802,0,[],0,24
711,2008-08-30 16:10:23.855,1,"[{'lat': -61.233, 'long': -67.738, 'Time': Timestamp('2008-08-31 01:15:25'), 'mag': 5.5}]",1,12
712,2008-09-10 19:25:23.908,1,"[{'lat': 47.921, 'long': -128.438, 'Time': Timestamp('2008-09-11 23:13:35'), 'mag': 5.1}, {'lat': 47.24, 'long': -129.14, 'Time': Timestamp('2008-09-11 23:26:19'), 'mag': 5.2}]",2,23
713,2008-08-31 22:38:53.961,1,"[{'lat': -39.105, 'long': 175.894, 'Time': Timestamp('2008-09-01 01:21:50'), 'mag': 5.2}, {'lat': -25.387, 'long': -177.636, 'Time': Timestamp('2008-09-01 04:00:39'), 'mag': 6.0}, {'lat': -15.638, 'long': -175.236, 'Time': Timestamp('2008-09-01 10:31:49'), 'mag': 5.0}, {'lat': -22.739, 'long': -174.933, 'Time': Timestamp('2008-09-01 11:01:19'), 'mag': 5.0}, {'lat': -57.92, 'long': -25.542, 'Time': Timestamp('2008-09-01 19:54:45'), 'mag': 5.1}, {'lat': -20.426, 'long': 169.243, 'Time': Timestamp('2008-09-02 18:41:39'), 'mag': 5.2}, {'lat': -15.414, 'long': -173.336, 'Time': Timestamp('2008-09-02 20:01:03'), 'mag': 5.3}]",7,13
714,2008-08-31 01:53:17.341,1,"[{'lat': -6.215, 'long': 147.431, 'Time': Timestamp('2008-08-31 12:12:00'), 'mag': 5.0}, {'lat': 4.538, 'long': 126.041, 'Time': Timestamp('2008-09-01 17:19:11'), 'mag': 5.6}, {'lat': 29.732, 'long': 139.334, 'Time': Timestamp('2008-09-01 20:53:25'), 'mag': 5.0}]",3,12
715,2008-08-24 06:48:28.151,1,"[{'lat': 8.15, 'long': 59.039, 'Time': Timestamp('2008-08-24 07:35:10'), 'mag': 5.0}, {'lat': 30.901, 'long': 83.52, 'Time': Timestamp('2008-08-25 13:21:58'), 'mag': 6.7}, {'lat': 30.712, 'long': 83.377, 'Time': Timestamp('2008-08-25 13:29:22'), 'mag': 5.0}, {'lat': 30.797, 'long': 83.38, 'Time': Timestamp('2008-08-25 13:39:38'), 'mag': 5.2}, {'lat': 30.831, 'long': 83.523, 'Time': Timestamp('2008-08-25 14:16:02'), 'mag': 5.2}, {'lat': 30.634, 'long': 83.285, 'Time': Timestamp('2008-08-25 19:13:52'), 'mag': 5.1}, {'lat': 30.928, 'long': 83.473, 'Time': Timestamp('2008-08-25 20:40:45'), 'mag': 5.0}]",7,5
716,2008-09-08 10:04:21.575,0,[],0,20
717,2008-08-31 13:23:23.203,0,[],0,12
718,2008-08-25 16:40:23.257,1,"[{'lat': -42.672, 'long': -83.541, 'Time': Timestamp('2008-08-25 16:47:22'), 'mag': 5.0}, {'lat': -7.641, 'long': -74.377, 'Time': Timestamp('2008-08-26 21:00:36'), 'mag': 6.4}]",2,6
719,2008-08-27 19:54:53.310,1,"[{'lat': 50.19, 'long': -129.811, 'Time': Timestamp('2008-08-27 19:59:22'), 'mag': 5.0}, {'lat': 50.228, 'long': -130.035, 'Time': Timestamp('2008-08-27 20:17:35'), 'mag': 5.4}, {'lat': 50.082, 'long': -129.59, 'Time': Timestamp('2008-08-27 22:12:38'), 'mag': 5.1}, {'lat': 50.136, 'long': -129.667, 'Time': Timestamp('2008-08-28 01:15:15'), 'mag': 5.0}, {'lat': 50.147, 'long': -129.596, 'Time': Timestamp('2008-08-28 01:58:35'), 'mag': 5.0}, {'lat': 50.147, 'long': -129.679, 'Time': Timestamp('2008-08-28 09:20:30'), 'mag': 5.0}, {'lat': 50.165, 'long': -129.628, 'Time': Timestamp('2008-08-28 12:37:35'), 'mag': 5.9}]",7,8
720,2008-09-09 08:55:21.837,1,"[{'lat': 26.743, 'long': 55.828, 'Time': Timestamp('2008-09-10 11:00:34'), 'mag': 6.1}, {'lat': 26.93, 'long': 55.73, 'Time': Timestamp('2008-09-10 11:08:43'), 'mag': 5.0}, {'lat': 26.929, 'long': 55.635, 'Time': Timestamp('2008-09-11 02:16:09'), 'mag': 5.2}]",3,20
721,2008-09-10 12:14:53.715,0,[],0,21
722,2008-09-13 15:32:55.733,0,[],0,24
723,2008-09-14 22:00:24.946,1,"[{'lat': -4.979, 'long': 30.149, 'Time': Timestamp('2008-09-15 15:50:51'), 'mag': 5.2}, {'lat': -24.166, 'long': -66.799, 'Time': Timestamp('2008-09-15 23:36:52'), 'mag': 5.1}, {'lat': 0.902, 'long': -28.998, 'Time': Timestamp('2008-09-16 07:28:25'), 'mag': 5.8}, {'lat': -16.637, 'long': -172.739, 'Time': Timestamp('2008-09-16 09:46:54'), 'mag': 5.3}, {'lat': -20.389, 'long': -68.615, 'Time': Timestamp('2008-09-16 21:56:40'), 'mag': 5.0}]",5,25
724,2008-09-10 01:15:19.587,1,"[{'lat': 30.795, 'long': 83.397, 'Time': Timestamp('2008-09-10 01:28:06'), 'mag': 5.4}, {'lat': 2.506, 'long': 96.323, 'Time': Timestamp('2008-09-10 03:00:30'), 'mag': 5.5}, {'lat': 26.743, 'long': 55.828, 'Time': Timestamp('2008-09-10 11:00:34'), 'mag': 6.1}, {'lat': 26.93, 'long': 55.73, 'Time': Timestamp('2008-09-10 11:08:43'), 'mag': 5.0}, {'lat': 1.885, 'long': 127.363, 'Time': Timestamp('2008-09-11 00:00:02'), 'mag': 6.6}, {'lat': 41.892, 'long': 143.754, 'Time': Timestamp('2008-09-11 00:20:50'), 'mag': 6.8}, {'lat': 41.753, 'long': 143.882, 'Time': Timestamp('2008-09-11 00:32:48'), 'mag': 5.3}, {'lat': 41.678, 'long': 144.079, 'Time': Timestamp('2008-09-11 01:08:10'), 'mag': 5.0}, {'lat': 26.929, 'long': 55.635, 'Time': Timestamp('2008-09-11 02:16:09'), 'mag': 5.2}, {'lat': 32.911, 'long': 105.629, 'Time': Timestamp('2008-09-11 17:39:01'), 'mag': 5.1}, {'lat': 42.42, 'long': 144.549, 'Time': Timestamp('2008-09-11 22:34:45'), 'mag': 5.0}]",11,20
725,2008-09-10 06:10:23.975,0,[],0,20
726,2008-09-08 09:25:53.816,0,[],0,18
727,2008-09-04 12:45:23.116,1,"[{'lat': -1.171, 'long': -13.955, 'Time': Timestamp('2008-09-05 19:07:38'), 'mag': 5.8}, {'lat': -34.261, 'long': -14.547, 'Time': Timestamp('2008-09-05 20:41:35'), 'mag': 5.1}]",2,14
728,2008-09-07 16:02:51.373,0,[],0,17
729,2008-09-19 19:17:19.328,0,[],0,29
730,2008-09-13 22:31:23.276,1,"[{'lat': 51.397, 'long': -178.347, 'Time': Timestamp('2008-09-15 05:41:46'), 'mag': 5.2}]",1,23
731,2008-09-12 01:45:17.983,1,"[{'lat': 56.312, 'long': 164.07, 'Time': Timestamp('2008-09-12 23:07:50'), 'mag': 5.9}, {'lat': 56.246, 'long': 164.302, 'Time': Timestamp('2008-09-12 23:49:53'), 'mag': 5.4}, {'lat': -3.78, 'long': 128.956, 'Time': Timestamp('2008-09-13 00:04:04'), 'mag': 5.6}, {'lat': -2.339, 'long': 138.97, 'Time': Timestamp('2008-09-13 07:58:02'), 'mag': 5.0}, {'lat': 29.076, 'long': 130.081, 'Time': Timestamp('2008-09-13 20:21:35'), 'mag': 5.3}, {'lat': -8.728, 'long': 126.855, 'Time': Timestamp('2008-09-14 00:00:09'), 'mag': 5.6}]",6,21
732,2008-09-01 06:40:52.930,1,"[{'lat': -18.614, 'long': 65.376, 'Time': Timestamp('2008-09-01 08:28:19'), 'mag': 5.0}]",1,10
733,2008-09-18 09:56:21.889,0,[],0,27
734,2008-08-28 13:15:53.517,1,"[{'lat': -0.134, 'long': -17.626, 'Time': Timestamp('2008-08-28 15:22:18'), 'mag': 5.2}, {'lat': -0.252, 'long': -17.358, 'Time': Timestamp('2008-08-28 15:22:23'), 'mag': 6.3}, {'lat': -56.276, 'long': -30.62, 'Time': Timestamp('2008-08-28 23:41:42'), 'mag': 5.2}]",3,6
735,2008-08-27 16:32:53.571,0,[],0,5
736,2008-09-01 19:47:23.624,0,[],0,10
737,2008-08-30 08:49:21.817,0,[],0,7
738,2008-09-07 12:06:51.983,0,[],0,15
739,2008-09-02 15:24:51.702,1,"[{'lat': 59.905, 'long': -29.853, 'Time': Timestamp('2008-09-03 09:52:47'), 'mag': 5.2}, {'lat': -26.736, 'long': -63.225, 'Time': Timestamp('2008-09-03 11:25:14'), 'mag': 6.3}]",2,10
740,2008-09-06 18:39:49.880,0,[],0,14
741,2008-09-01 07:40:54.729,1,"[{'lat': -18.614, 'long': 65.376, 'Time': Timestamp('2008-09-01 08:28:19'), 'mag': 5.0}, {'lat': 38.724, 'long': 45.794, 'Time': Timestamp('2008-09-02 20:00:50'), 'mag': 5.0}, {'lat': 37.507, 'long': 38.503, 'Time': Timestamp('2008-09-03 02:22:47'), 'mag': 5.0}]",3,8
742,2008-09-12 10:57:20.364,0,[],0,19
743,2008-09-10 14:16:16.087,1,"[{'lat': -20.262, 'long': -69.224, 'Time': Timestamp('2008-09-10 16:12:04'), 'mag': 5.7}, {'lat': -19.649, 'long': -69.052, 'Time': Timestamp('2008-09-11 17:11:34'), 'mag': 5.3}]",2,17
744,2008-09-16 17:32:20.583,1,"[{'lat': -4.554, 'long': -105.999, 'Time': Timestamp('2008-09-18 01:41:03'), 'mag': 6.0}, {'lat': -4.645, 'long': -106.109, 'Time': Timestamp('2008-09-18 02:02:43'), 'mag': 5.2}]",2,23
745,2008-09-10 20:45:20.858,1,"[{'lat': 47.921, 'long': -128.438, 'Time': Timestamp('2008-09-11 23:13:35'), 'mag': 5.1}, {'lat': 47.24, 'long': -129.14, 'Time': Timestamp('2008-09-11 23:26:19'), 'mag': 5.2}]",2,17
746,2008-09-17 00:00:23.478,1,"[{'lat': 27.0, 'long': 56.2, 'Time': Timestamp('2008-09-17 17:43:49'), 'mag': 5.2}, {'lat': -5.212, 'long': 102.22, 'Time': Timestamp('2008-09-17 20:11:43'), 'mag': 5.1}, {'lat': 18.588, 'long': 145.604, 'Time': Timestamp('2008-09-17 21:32:05'), 'mag': 5.0}, {'lat': 46.158, 'long': 143.56, 'Time': Timestamp('2008-09-18 09:30:00'), 'mag': 5.4}, {'lat': 51.94, 'long': 158.363, 'Time': Timestamp('2008-09-18 11:58:47'), 'mag': 5.9}, {'lat': -4.729, 'long': 153.262, 'Time': Timestamp('2008-09-18 18:46:45'), 'mag': 5.1}, {'lat': 10.932, 'long': 91.784, 'Time': Timestamp('2008-09-18 20:32:45'), 'mag': 5.0}, {'lat': 36.491, 'long': 71.275, 'Time': Timestamp('2008-09-18 21:52:18'), 'mag': 5.0}]",8,23
747,2008-09-06 06:32:54.435,1,"[{'lat': -23.71, 'long': 69.493, 'Time': Timestamp('2008-09-07 02:05:33'), 'mag': 5.4}, {'lat': -23.719, 'long': 69.558, 'Time': Timestamp('2008-09-07 02:39:10'), 'mag': 5.0}, {'lat': 12.943, 'long': 92.389, 'Time': Timestamp('2008-09-07 09:00:28'), 'mag': 5.0}]",3,12
748,2008-09-16 09:48:23.394,0,[],0,22
749,2008-09-21 13:07:53.694,0,[],0,27
750,2008-09-03 16:24:53.747,1,"[{'lat': 13.69, 'long': -91.286, 'Time': Timestamp('2008-09-04 21:39:29'), 'mag': 5.2}]",1,9
751,2008-08-30 19:39:24.113,1,"[{'lat': -24.463, 'long': -116.094, 'Time': Timestamp('2008-08-31 20:58:31'), 'mag': 5.0}]",1,5
752,2008-09-14 22:53:23.853,1,"[{'lat': 51.397, 'long': -178.347, 'Time': Timestamp('2008-09-15 05:41:46'), 'mag': 5.2}, {'lat': -16.637, 'long': -172.739, 'Time': Timestamp('2008-09-16 09:46:54'), 'mag': 5.3}]",2,20
753,2008-09-08 13:38:23.095,1,"[{'lat': 8.093, 'long': -38.705, 'Time': Timestamp('2008-09-10 13:08:14'), 'mag': 6.6}]",1,13
754,2008-09-18 16:54:53.148,1,"[{'lat': 14.393, 'long': -92.098, 'Time': Timestamp('2008-09-20 04:52:26'), 'mag': 5.2}, {'lat': -16.125, 'long': -73.63, 'Time': Timestamp('2008-09-20 14:43:05'), 'mag': 5.4}]",2,23
755,2008-09-06 20:09:23.201,0,[],0,11
756,2008-09-20 23:22:53.254,1,"[{'lat': -16.094, 'long': -173.842, 'Time': Timestamp('2008-09-21 06:36:29'), 'mag': 5.2}, {'lat': -31.378, 'long': 179.968, 'Time': Timestamp('2008-09-21 18:50:21'), 'mag': 5.3}, {'lat': -5.992, 'long': 150.964, 'Time': Timestamp('2008-09-22 08:17:22'), 'mag': 5.0}, {'lat': -23.429, 'long': -179.744, 'Time': Timestamp('2008-09-22 20:21:00'), 'mag': 5.2}]",4,25
757,2008-09-06 07:33:25.353,1,"[{'lat': -23.71, 'long': 69.493, 'Time': Timestamp('2008-09-07 02:05:33'), 'mag': 5.4}, {'lat': -23.719, 'long': 69.558, 'Time': Timestamp('2008-09-07 02:39:10'), 'mag': 5.0}]",2,10
758,2008-09-12 10:49:20.693,0,[],0,16
759,2008-09-03 14:08:22.398,1,"[{'lat': 30.098, 'long': -42.591, 'Time': Timestamp('2008-09-04 18:47:55'), 'mag': 5.4}]",1,7
760,2008-09-26 23:52:23.808,1,"[{'lat': -15.567, 'long': 167.527, 'Time': Timestamp('2008-09-27 03:29:29'), 'mag': 5.0}]",1,30
761,2008-09-07 08:03:17.380,0,[],0,10
762,2008-09-21 11:20:23.995,0,[],0,24
763,2008-09-13 14:38:51.249,0,[],0,16
764,2008-09-26 17:54:54.409,1,"[{'lat': 16.663, 'long': -86.152, 'Time': Timestamp('2008-09-28 09:23:09'), 'mag': 5.0}, {'lat': -35.947, 'long': -101.21, 'Time': Timestamp('2008-09-28 15:34:12'), 'mag': 5.0}]",2,29
765,2008-09-11 21:07:25.444,1,"[{'lat': 47.921, 'long': -128.438, 'Time': Timestamp('2008-09-11 23:13:35'), 'mag': 5.1}, {'lat': 47.24, 'long': -129.14, 'Time': Timestamp('2008-09-11 23:26:19'), 'mag': 5.2}]",2,14
766,2008-09-12 00:22:23.298,1,"[{'lat': -21.682, 'long': 170.471, 'Time': Timestamp('2008-09-12 16:44:30'), 'mag': 5.8}, {'lat': 56.312, 'long': 164.07, 'Time': Timestamp('2008-09-12 23:07:50'), 'mag': 5.9}, {'lat': 56.246, 'long': 164.302, 'Time': Timestamp('2008-09-12 23:49:53'), 'mag': 5.4}, {'lat': -3.78, 'long': 128.956, 'Time': Timestamp('2008-09-13 00:04:04'), 'mag': 5.6}, {'lat': -21.227, 'long': 167.933, 'Time': Timestamp('2008-09-13 07:32:14'), 'mag': 5.1}, {'lat': -2.339, 'long': 138.97, 'Time': Timestamp('2008-09-13 07:58:02'), 'mag': 5.0}, {'lat': 29.076, 'long': 130.081, 'Time': Timestamp('2008-09-13 20:21:35'), 'mag': 5.3}, {'lat': -8.728, 'long': 126.855, 'Time': Timestamp('2008-09-14 00:00:09'), 'mag': 5.6}]",8,14
767,2008-09-07 08:31:51.657,0,[],0,9
768,2008-09-17 11:50:53.397,1,"[{'lat': -28.105, 'long': -13.189, 'Time': Timestamp('2008-09-17 18:14:27'), 'mag': 5.1}, {'lat': -28.203, 'long': -12.86, 'Time': Timestamp('2008-09-17 21:03:40'), 'mag': 5.0}]",2,19
769,2008-09-22 15:08:55.192,0,[],0,24
770,2008-09-12 18:24:19.386,1,"[{'lat': -48.711, 'long': -113.195, 'Time': Timestamp('2008-09-13 15:45:26'), 'mag': 5.2}]",1,14
771,2008-09-18 09:02:20.730,0,[],0,19
772,2008-09-08 12:21:23.797,0,[],0,9
773,2008-09-05 15:39:25.816,0,[],0,6
774,2008-09-12 18:54:15.133,1,"[{'lat': -48.711, 'long': -113.195, 'Time': Timestamp('2008-09-13 15:45:26'), 'mag': 5.2}]",1,13
775,2008-09-18 09:32:21.571,0,[],0,18
776,2008-09-30 12:51:53.199,0,[],0,30
777,2008-09-29 22:37:23.359,1,"[{'lat': -24.2, 'long': -115.236, 'Time': Timestamp('2008-09-30 16:57:12'), 'mag': 5.0}, {'lat': -29.997, 'long': -177.476, 'Time': Timestamp('2008-10-01 03:03:24'), 'mag': 5.0}, {'lat': -35.018, 'long': -70.726, 'Time': Timestamp('2008-10-01 17:03:46'), 'mag': 5.2}]",3,29
778,2008-09-16 01:51:48.066,1,"[{'lat': -8.779, 'long': 126.844, 'Time': Timestamp('2008-09-16 11:15:41'), 'mag': 5.7}, {'lat': 18.588, 'long': 145.604, 'Time': Timestamp('2008-09-17 21:32:05'), 'mag': 5.0}]",2,15
779,2008-09-29 05:08:57.082,1,"[{'lat': 2.28, 'long': 96.203, 'Time': Timestamp('2008-09-29 20:21:36'), 'mag': 5.0}]",1,28
780,2008-09-29 08:23:49.612,0,[],0,28
781,2008-09-10 11:42:53.573,0,[],0,9
782,2008-09-13 15:01:21.273,0,[],0,12
783,2008-09-13 18:16:54.986,0,[],0,12
784,2008-09-13 21:29:24.046,1,"[{'lat': -23.614, 'long': -177.329, 'Time': Timestamp('2008-09-14 20:18:53'), 'mag': 5.5}, {'lat': -4.979, 'long': 30.149, 'Time': Timestamp('2008-09-15 15:50:51'), 'mag': 5.2}]",2,12
785,2008-10-01 00:44:21.107,1,"[{'lat': 30.165, 'long': 138.78, 'Time': Timestamp('2008-10-01 09:38:12'), 'mag': 5.7}, {'lat': 13.367, 'long': 120.444, 'Time': Timestamp('2008-10-01 18:04:23'), 'mag': 5.5}, {'lat': 13.465, 'long': 120.569, 'Time': Timestamp('2008-10-01 18:06:49'), 'mag': 5.2}, {'lat': -19.36, 'long': 168.735, 'Time': Timestamp('2008-10-02 01:04:04'), 'mag': 5.0}, {'lat': -23.019, 'long': 169.861, 'Time': Timestamp('2008-10-02 23:28:09'), 'mag': 5.8}, {'lat': -23.014, 'long': 169.704, 'Time': Timestamp('2008-10-03 00:25:26'), 'mag': 5.3}, {'lat': -23.194, 'long': 169.723, 'Time': Timestamp('2008-10-03 00:32:05'), 'mag': 5.3}]",7,29
786,2008-09-22 07:17:27.186,0,[],0,20
787,2008-09-10 10:33:51.046,0,[],0,8
788,2008-09-18 13:52:54.001,0,[],0,16
789,2008-09-12 17:09:24.055,1,"[{'lat': 4.79, 'long': -75.517, 'Time': Timestamp('2008-09-13 09:32:01'), 'mag': 5.7}, {'lat': -48.711, 'long': -113.195, 'Time': Timestamp('2008-09-13 15:45:26'), 'mag': 5.2}]",2,10
790,2008-09-15 20:23:23.108,0,[],0,13
791,2008-09-22 23:36:53.160,1,"[{'lat': -14.498, 'long': 167.738, 'Time': Timestamp('2008-09-24 01:36:59'), 'mag': 5.0}, {'lat': -10.242, 'long': 161.369, 'Time': Timestamp('2008-09-24 06:00:51'), 'mag': 5.2}, {'lat': -42.198, 'long': 173.984, 'Time': Timestamp('2008-09-24 22:40:41'), 'mag': 5.0}]",3,20
792,2008-09-21 07:47:53.484,0,[],0,18
793,2008-09-28 11:04:22.153,0,[],0,25
794,2008-09-29 14:22:50.534,0,[],0,26
795,2008-09-14 20:52:53.664,1,"[{'lat': -16.637, 'long': -172.739, 'Time': Timestamp('2008-09-16 09:46:54'), 'mag': 5.3}]",1,11
796,2008-09-14 00:06:53.717,1,"[{'lat': -7.41, 'long': 128.261, 'Time': Timestamp('2008-09-14 18:51:07'), 'mag': 5.2}, {'lat': 51.397, 'long': -178.347, 'Time': Timestamp('2008-09-15 05:41:46'), 'mag': 5.2}, {'lat': -4.979, 'long': 30.149, 'Time': Timestamp('2008-09-15 15:50:51'), 'mag': 5.2}]",3,10
797,2008-09-15 06:39:20.576,1,"[{'lat': 17.438, 'long': 73.915, 'Time': Timestamp('2008-09-16 21:47:14'), 'mag': 5.0}]",1,11
798,2008-09-13 14:53:21.604,0,[],0,9
799,2008-09-10 18:08:52.550,0,[],0,6
800,2008-10-03 21:21:54.377,1,"[{'lat': -29.832, 'long': -177.602, 'Time': Timestamp('2008-10-04 00:03:49'), 'mag': 5.1}, {'lat': 21.339, 'long': -45.731, 'Time': Timestamp('2008-10-04 05:41:52'), 'mag': 5.3}, {'lat': -59.34, 'long': -25.903, 'Time': Timestamp('2008-10-04 07:56:52'), 'mag': 5.7}, {'lat': -38.885, 'long': -91.23, 'Time': Timestamp('2008-10-04 11:47:05'), 'mag': 5.5}, {'lat': -30.43, 'long': -177.252, 'Time': Timestamp('2008-10-04 14:50:30'), 'mag': 5.3}, {'lat': -1.126, 'long': 29.118, 'Time': Timestamp('2008-10-05 00:02:12'), 'mag': 5.3}, {'lat': -30.184, 'long': -177.176, 'Time': Timestamp('2008-10-05 09:12:36'), 'mag': 6.1}, {'lat': -30.607, 'long': -176.926, 'Time': Timestamp('2008-10-05 10:44:59'), 'mag': 5.4}, {'lat': -31.164, 'long': -177.57, 'Time': Timestamp('2008-10-05 14:09:49'), 'mag': 5.2}]",9,29
801,2008-10-05 00:36:15.116,1,"[{'lat': 39.533, 'long': 73.824, 'Time': Timestamp('2008-10-05 15:52:49'), 'mag': 6.7}, {'lat': 39.359, 'long': 73.663, 'Time': Timestamp('2008-10-05 15:55:24'), 'mag': 5.9}, {'lat': 39.508, 'long': 73.888, 'Time': Timestamp('2008-10-05 16:11:10'), 'mag': 5.6}, {'lat': 39.431, 'long': 73.92, 'Time': Timestamp('2008-10-05 18:27:40'), 'mag': 5.1}, {'lat': -25.903, 'long': 70.513, 'Time': Timestamp('2008-10-05 22:49:23'), 'mag': 5.0}, {'lat': 33.886, 'long': 69.47, 'Time': Timestamp('2008-10-05 22:56:28'), 'mag': 6.0}, {'lat': 29.807, 'long': 90.35, 'Time': Timestamp('2008-10-06 08:30:45'), 'mag': 6.3}, {'lat': 29.752, 'long': 90.461, 'Time': Timestamp('2008-10-06 08:45:10'), 'mag': 5.0}, {'lat': 29.806, 'long': 90.42, 'Time': Timestamp('2008-10-06 10:17:11'), 'mag': 5.1}, {'lat': 29.653, 'long': 90.32, 'Time': Timestamp('2008-10-06 12:10:33'), 'mag': 5.2}, {'lat': 5.42, 'long': 94.534, 'Time': Timestamp('2008-10-06 12:43:59'), 'mag': 5.0}]",11,30
802,2008-09-21 07:09:26.517,0,[],0,16
803,2008-09-16 10:25:50.377,1,"[{'lat': -28.105, 'long': -13.189, 'Time': Timestamp('2008-09-17 18:14:27'), 'mag': 5.1}, {'lat': -28.203, 'long': -12.86, 'Time': Timestamp('2008-09-17 21:03:40'), 'mag': 5.0}]",2,11
804,2008-09-19 13:44:53.333,0,[],0,14
805,2008-09-16 17:01:23.386,1,"[{'lat': -4.554, 'long': -105.999, 'Time': Timestamp('2008-09-18 01:41:03'), 'mag': 6.0}, {'lat': -4.645, 'long': -106.109, 'Time': Timestamp('2008-09-18 02:02:43'), 'mag': 5.2}]",2,11
806,2008-09-26 20:15:23.440,0,[],0,21
807,2008-09-19 01:06:23.519,1,"[{'lat': -11.185, 'long': 164.481, 'Time': Timestamp('2008-09-19 22:49:04'), 'mag': 5.6}, {'lat': 38.313, 'long': 73.457, 'Time': Timestamp('2008-09-20 02:54:36'), 'mag': 5.3}, {'lat': 63.588, 'long': -129.029, 'Time': Timestamp('2008-09-20 05:16:10'), 'mag': 5.2}]",3,13
808,2008-09-29 06:01:25.898,1,"[{'lat': 2.28, 'long': 96.203, 'Time': Timestamp('2008-09-29 20:21:36'), 'mag': 5.0}]",1,23
809,2008-09-16 09:16:49.312,1,"[{'lat': 27.0, 'long': 56.2, 'Time': Timestamp('2008-09-17 17:43:49'), 'mag': 5.2}]",1,10
810,2008-09-28 12:35:53.707,0,[],0,22
811,2008-09-28 15:53:20.971,0,[],0,22
812,2008-09-23 19:08:19.807,1,"[{'lat': 16.448, 'long': -100.111, 'Time': Timestamp('2008-09-23 22:46:15'), 'mag': 5.0}, {'lat': 17.612, 'long': -105.497, 'Time': Timestamp('2008-09-24 02:33:05'), 'mag': 6.4}]",2,17
813,2008-09-16 22:21:53.867,1,"[{'lat': -28.105, 'long': -13.189, 'Time': Timestamp('2008-09-17 18:14:27'), 'mag': 5.1}, {'lat': -28.203, 'long': -12.86, 'Time': Timestamp('2008-09-17 21:03:40'), 'mag': 5.0}, {'lat': -4.554, 'long': -105.999, 'Time': Timestamp('2008-09-18 01:41:03'), 'mag': 6.0}, {'lat': -4.645, 'long': -106.109, 'Time': Timestamp('2008-09-18 02:02:43'), 'mag': 5.2}]",4,10
814,2008-09-18 01:36:22.235,1,"[{'lat': 46.158, 'long': 143.56, 'Time': Timestamp('2008-09-18 09:30:00'), 'mag': 5.4}, {'lat': 51.94, 'long': 158.363, 'Time': Timestamp('2008-09-18 11:58:47'), 'mag': 5.9}, {'lat': -4.729, 'long': 153.262, 'Time': Timestamp('2008-09-18 18:46:45'), 'mag': 5.1}]",3,11
815,2008-09-29 06:31:22.081,0,[],0,22
816,2008-09-25 09:47:17.492,0,[],0,18
817,2008-09-16 13:06:20.865,1,"[{'lat': -28.105, 'long': -13.189, 'Time': Timestamp('2008-09-17 18:14:27'), 'mag': 5.1}, {'lat': -28.203, 'long': -12.86, 'Time': Timestamp('2008-09-17 21:03:40'), 'mag': 5.0}]",2,9
818,2008-10-01 22:51:50.802,1,"[{'lat': -19.36, 'long': 168.735, 'Time': Timestamp('2008-10-02 01:04:04'), 'mag': 5.0}, {'lat': -20.039, 'long': -174.374, 'Time': Timestamp('2008-10-02 04:16:04'), 'mag': 5.1}, {'lat': -30.781, 'long': -178.133, 'Time': Timestamp('2008-10-02 13:03:08'), 'mag': 5.4}, {'lat': -32.84, 'long': -178.383, 'Time': Timestamp('2008-10-02 17:00:58'), 'mag': 5.0}, {'lat': -23.019, 'long': 169.861, 'Time': Timestamp('2008-10-02 23:28:09'), 'mag': 5.8}, {'lat': -23.014, 'long': 169.704, 'Time': Timestamp('2008-10-03 00:25:26'), 'mag': 5.3}, {'lat': -23.194, 'long': 169.723, 'Time': Timestamp('2008-10-03 00:32:05'), 'mag': 5.3}, {'lat': -22.36, 'long': 171.21, 'Time': Timestamp('2008-10-03 03:40:28'), 'mag': 5.6}, {'lat': -15.285, 'long': -173.536, 'Time': Timestamp('2008-10-03 08:34:05'), 'mag': 5.2}]",9,24
819,2008-09-17 02:06:20.855,1,"[{'lat': 18.588, 'long': 145.604, 'Time': Timestamp('2008-09-17 21:32:05'), 'mag': 5.0}, {'lat': 46.158, 'long': 143.56, 'Time': Timestamp('2008-09-18 09:30:00'), 'mag': 5.4}, {'lat': 51.94, 'long': 158.363, 'Time': Timestamp('2008-09-18 11:58:47'), 'mag': 5.9}, {'lat': -4.729, 'long': 153.262, 'Time': Timestamp('2008-09-18 18:46:45'), 'mag': 5.1}]",4,9
820,2008-09-15 07:01:56.694,1,"[{'lat': 17.438, 'long': 73.915, 'Time': Timestamp('2008-09-16 21:47:14'), 'mag': 5.0}]",1,7
821,2008-10-01 10:17:50.553,0,[],0,23
822,2008-10-04 13:36:53.509,0,[],0,26
823,2008-09-24 16:53:23.563,0,[],0,16
824,2008-09-14 20:07:53.616,0,[],0,6
825,2008-09-27 23:21:23.668,1,"[{'lat': -29.756, 'long': -177.683, 'Time': Timestamp('2008-09-29 15:19:31'), 'mag': 7.0}, {'lat': -29.873, 'long': -177.609, 'Time': Timestamp('2008-09-29 16:10:38'), 'mag': 5.3}, {'lat': -30.233, 'long': -177.458, 'Time': Timestamp('2008-09-29 19:49:06'), 'mag': 5.0}, {'lat': -29.944, 'long': -177.756, 'Time': Timestamp('2008-09-29 20:58:11'), 'mag': 5.0}]",4,19
826,2008-09-14 07:31:52.999,1,"[{'lat': -4.979, 'long': 30.149, 'Time': Timestamp('2008-09-15 15:50:51'), 'mag': 5.2}]",1,5
827,2008-10-05 10:48:25.050,0,[],0,26
828,2008-10-09 14:07:24.871,0,[],0,30
829,2008-10-09 17:23:23.964,0,[],0,30
830,2008-09-24 20:37:24.017,0,[],0,15
831,2008-09-27 23:51:24.070,1,"[{'lat': -6.328, 'long': 130.172, 'Time': Timestamp('2008-09-28 13:42:58'), 'mag': 5.1}, {'lat': -6.096, 'long': 130.287, 'Time': Timestamp('2008-09-28 18:03:49'), 'mag': 5.2}, {'lat': 71.325, 'long': -3.882, 'Time': Timestamp('2008-09-28 22:20:21'), 'mag': 5.5}, {'lat': 71.355, 'long': -4.202, 'Time': Timestamp('2008-09-29 19:20:22'), 'mag': 5.0}, {'lat': 2.28, 'long': 96.203, 'Time': Timestamp('2008-09-29 20:21:36'), 'mag': 5.0}]",5,18
832,2008-10-01 08:01:47.970,0,[],0,21
833,2008-09-27 11:18:53.258,0,[],0,17
834,2008-10-04 14:37:20.511,1,"[{'lat': -18.398, 'long': -68.931, 'Time': Timestamp('2008-10-06 00:18:28'), 'mag': 5.0}]",1,24
835,2008-10-06 13:28:53.685,0,[],0,25
836,2008-09-19 16:45:53.382,1,"[{'lat': 14.393, 'long': -92.098, 'Time': Timestamp('2008-09-20 04:52:26'), 'mag': 5.2}, {'lat': -16.125, 'long': -73.63, 'Time': Timestamp('2008-09-20 14:43:05'), 'mag': 5.4}, {'lat': -40.762, 'long': -90.27, 'Time': Timestamp('2008-09-21 03:15:36'), 'mag': 5.1}]",3,8
837,2008-10-05 19:59:53.792,1,"[{'lat': -56.086, 'long': -143.789, 'Time': Timestamp('2008-10-07 00:31:42'), 'mag': 5.0}, {'lat': -56.34, 'long': -143.453, 'Time': Timestamp('2008-10-07 03:07:20'), 'mag': 5.0}]",2,24
838,2008-10-07 23:13:53.845,1,"[{'lat': -12.091, 'long': 166.614, 'Time': Timestamp('2008-10-08 09:15:29'), 'mag': 5.1}, {'lat': 60.718, 'long': -143.7219, 'Time': Timestamp('2008-10-08 09:53:01'), 'mag': 5.2}, {'lat': 51.757, 'long': -173.503, 'Time': Timestamp('2008-10-09 01:00:55'), 'mag': 5.0}, {'lat': -61.895, 'long': 161.19, 'Time': Timestamp('2008-10-09 09:01:26'), 'mag': 5.0}, {'lat': -21.03, 'long': -174.42, 'Time': Timestamp('2008-10-09 17:49:58'), 'mag': 5.9}, {'lat': -15.248, 'long': -173.515, 'Time': Timestamp('2008-10-09 23:08:45'), 'mag': 5.6}]",6,26
839,2008-10-07 09:00:50.992,0,[],0,25
840,2008-10-09 12:19:53.259,0,[],0,27
841,2008-09-22 15:37:44.317,0,[],0,10
842,2008-10-11 18:52:47.920,0,[],0,29
843,2008-09-23 22:06:18.843,1,"[{'lat': 16.448, 'long': -100.111, 'Time': Timestamp('2008-09-23 22:46:15'), 'mag': 5.0}, {'lat': 17.612, 'long': -105.497, 'Time': Timestamp('2008-09-24 02:33:05'), 'mag': 6.4}, {'lat': -22.709, 'long': -12.764, 'Time': Timestamp('2008-09-24 17:12:15'), 'mag': 5.3}, {'lat': -42.198, 'long': 173.984, 'Time': Timestamp('2008-09-24 22:40:41'), 'mag': 5.0}]",4,11
844,2008-10-05 01:20:49.130,1,"[{'lat': 39.533, 'long': 73.824, 'Time': Timestamp('2008-10-05 15:52:49'), 'mag': 6.7}, {'lat': 39.359, 'long': 73.663, 'Time': Timestamp('2008-10-05 15:55:24'), 'mag': 5.9}, {'lat': 39.508, 'long': 73.888, 'Time': Timestamp('2008-10-05 16:11:10'), 'mag': 5.6}, {'lat': 39.431, 'long': 73.92, 'Time': Timestamp('2008-10-05 18:27:40'), 'mag': 5.1}, {'lat': -25.903, 'long': 70.513, 'Time': Timestamp('2008-10-05 22:49:23'), 'mag': 5.0}, {'lat': 33.886, 'long': 69.47, 'Time': Timestamp('2008-10-05 22:56:28'), 'mag': 6.0}, {'lat': 29.807, 'long': 90.35, 'Time': Timestamp('2008-10-06 08:30:45'), 'mag': 6.3}, {'lat': 29.752, 'long': 90.461, 'Time': Timestamp('2008-10-06 08:45:10'), 'mag': 5.0}, {'lat': 29.806, 'long': 90.42, 'Time': Timestamp('2008-10-06 10:17:11'), 'mag': 5.1}, {'lat': 29.653, 'long': 90.32, 'Time': Timestamp('2008-10-06 12:10:33'), 'mag': 5.2}, {'lat': 5.42, 'long': 94.534, 'Time': Timestamp('2008-10-06 12:43:59'), 'mag': 5.0}]",11,22
845,2008-10-13 06:15:54.401,1,"[{'lat': 36.187, 'long': 71.001, 'Time': Timestamp('2008-10-13 08:07:44'), 'mag': 5.3}, {'lat': 39.58, 'long': 73.858, 'Time': Timestamp('2008-10-13 09:23:35'), 'mag': 5.1}, {'lat': 39.514, 'long': 73.646, 'Time': Timestamp('2008-10-13 09:25:39'), 'mag': 5.0}, {'lat': 39.5, 'long': 73.814, 'Time': Timestamp('2008-10-13 16:05:25'), 'mag': 5.2}, {'lat': 38.559, 'long': 70.338, 'Time': Timestamp('2008-10-13 17:16:09'), 'mag': 5.2}, {'lat': 4.027, 'long': 68.838, 'Time': Timestamp('2008-10-14 19:51:35'), 'mag': 5.0}]",6,30
846,2008-09-25 09:31:20.703,0,[],0,12
847,2008-09-29 12:50:23.660,1,"[{'lat': 71.355, 'long': -4.202, 'Time': Timestamp('2008-09-29 19:20:22'), 'mag': 5.0}]",1,16
848,2008-09-20 16:07:52.363,1,"[{'lat': -40.762, 'long': -90.27, 'Time': Timestamp('2008-09-21 03:15:36'), 'mag': 5.1}]",1,7
849,2008-10-11 20:59:23.793,1,"[{'lat': -21.186, 'long': -174.638, 'Time': Timestamp('2008-10-13 12:07:47'), 'mag': 5.0}]",1,28
850,2008-09-28 00:13:24.036,1,"[{'lat': -6.328, 'long': 130.172, 'Time': Timestamp('2008-09-28 13:42:58'), 'mag': 5.1}, {'lat': -6.096, 'long': 130.287, 'Time': Timestamp('2008-09-28 18:03:49'), 'mag': 5.2}, {'lat': 71.325, 'long': -3.882, 'Time': Timestamp('2008-09-28 22:20:21'), 'mag': 5.5}, {'lat': 71.355, 'long': -4.202, 'Time': Timestamp('2008-09-29 19:20:22'), 'mag': 5.0}, {'lat': 2.28, 'long': 96.203, 'Time': Timestamp('2008-09-29 20:21:36'), 'mag': 5.0}]",5,14
851,2008-10-11 05:07:53.447,1,"[{'lat': -5.609, 'long': 110.122, 'Time': Timestamp('2008-10-11 19:57:28'), 'mag': 5.2}]",1,27
852,2008-10-06 08:24:20.185,0,[],0,22
853,2008-09-24 11:41:24.034,1,"[{'lat': -22.709, 'long': -12.764, 'Time': Timestamp('2008-09-24 17:12:15'), 'mag': 5.3}]",1,10
854,2008-10-14 14:59:50.733,1,"[{'lat': -15.004, 'long': -71.991, 'Time': Timestamp('2008-10-15 00:17:56'), 'mag': 5.0}]",1,30
855,2008-10-04 21:29:22.826,1,"[{'lat': -30.184, 'long': -177.176, 'Time': Timestamp('2008-10-05 09:12:36'), 'mag': 6.1}, {'lat': -30.607, 'long': -176.926, 'Time': Timestamp('2008-10-05 10:44:59'), 'mag': 5.4}, {'lat': -31.164, 'long': -177.57, 'Time': Timestamp('2008-10-05 14:09:49'), 'mag': 5.2}, {'lat': -25.903, 'long': 70.513, 'Time': Timestamp('2008-10-05 22:49:23'), 'mag': 5.0}, {'lat': -18.398, 'long': -68.931, 'Time': Timestamp('2008-10-06 00:18:28'), 'mag': 5.0}, {'lat': -30.275, 'long': -176.952, 'Time': Timestamp('2008-10-06 02:01:05'), 'mag': 5.1}, {'lat': -15.303, 'long': -177.114, 'Time': Timestamp('2008-10-06 20:56:29'), 'mag': 5.2}]",7,20
856,2008-10-06 00:42:52.109,1,"[{'lat': 29.807, 'long': 90.35, 'Time': Timestamp('2008-10-06 08:30:45'), 'mag': 6.3}, {'lat': 29.752, 'long': 90.461, 'Time': Timestamp('2008-10-06 08:45:10'), 'mag': 5.0}, {'lat': 29.806, 'long': 90.42, 'Time': Timestamp('2008-10-06 10:17:11'), 'mag': 5.1}, {'lat': 29.653, 'long': 90.32, 'Time': Timestamp('2008-10-06 12:10:33'), 'mag': 5.2}, {'lat': 5.42, 'long': 94.534, 'Time': Timestamp('2008-10-06 12:43:59'), 'mag': 5.0}, {'lat': 11.27, 'long': 125.415, 'Time': Timestamp('2008-10-07 03:34:35'), 'mag': 5.4}]",6,21
857,2008-09-25 05:37:55.738,1,"[{'lat': 3.074, 'long': 65.316, 'Time': Timestamp('2008-09-26 18:46:18'), 'mag': 5.7}]",1,10
858,2008-10-06 08:52:50.367,0,[],0,21
859,2008-10-05 12:11:53.434,0,[],0,20
860,2008-10-12 15:29:49.917,1,"[{'lat': -20.123, 'long': -64.971, 'Time': Timestamp('2008-10-12 20:55:41'), 'mag': 6.2}]",1,27
861,2008-10-04 18:44:50.752,0,[],0,19
862,2008-10-10 21:57:54.666,1,"[{'lat': 19.161, 'long': -64.833, 'Time': Timestamp('2008-10-11 10:40:14'), 'mag': 6.1}, {'lat': -20.169, 'long': -178.255, 'Time': Timestamp('2008-10-12 00:39:53'), 'mag': 5.3}, {'lat': -41.448, 'long': -88.666, 'Time': Timestamp('2008-10-12 09:03:42'), 'mag': 5.0}, {'lat': -20.123, 'long': -64.971, 'Time': Timestamp('2008-10-12 20:55:41'), 'mag': 6.2}]",4,25
863,2008-10-12 01:12:47.978,1,"[{'lat': 11.597, 'long': 141.07, 'Time': Timestamp('2008-10-12 06:33:33'), 'mag': 5.1}, {'lat': 36.187, 'long': 71.001, 'Time': Timestamp('2008-10-13 08:07:44'), 'mag': 5.3}, {'lat': 39.58, 'long': 73.858, 'Time': Timestamp('2008-10-13 09:23:35'), 'mag': 5.1}, {'lat': 39.514, 'long': 73.646, 'Time': Timestamp('2008-10-13 09:25:39'), 'mag': 5.0}, {'lat': 39.5, 'long': 73.814, 'Time': Timestamp('2008-10-13 16:05:25'), 'mag': 5.2}, {'lat': 38.559, 'long': 70.338, 'Time': Timestamp('2008-10-13 17:16:09'), 'mag': 5.2}, {'lat': 5.5, 'long': 124.105, 'Time': Timestamp('2008-10-14 01:04:25'), 'mag': 5.3}]",7,26
864,2008-10-12 06:07:56.027,1,"[{'lat': 36.187, 'long': 71.001, 'Time': Timestamp('2008-10-13 08:07:44'), 'mag': 5.3}, {'lat': 39.58, 'long': 73.858, 'Time': Timestamp('2008-10-13 09:23:35'), 'mag': 5.1}, {'lat': 39.514, 'long': 73.646, 'Time': Timestamp('2008-10-13 09:25:39'), 'mag': 5.0}, {'lat': 39.5, 'long': 73.814, 'Time': Timestamp('2008-10-13 16:05:25'), 'mag': 5.2}, {'lat': 38.559, 'long': 70.338, 'Time': Timestamp('2008-10-13 17:16:09'), 'mag': 5.2}]",5,26
865,2008-10-11 09:23:22.208,0,[],0,25
866,2008-10-11 15:59:53.979,1,"[{'lat': -41.448, 'long': -88.666, 'Time': Timestamp('2008-10-12 09:03:42'), 'mag': 5.0}, {'lat': -20.123, 'long': -64.971, 'Time': Timestamp('2008-10-12 20:55:41'), 'mag': 6.2}]",2,25
867,2008-10-10 19:14:51.376,0,[],0,24
868,2008-10-09 22:28:23.995,1,"[{'lat': 19.161, 'long': -64.833, 'Time': Timestamp('2008-10-11 10:40:14'), 'mag': 6.1}]",1,23
869,2008-10-02 01:42:49.596,0,[],0,15
870,2008-10-14 06:37:51.210,1,"[{'lat': 4.027, 'long': 68.838, 'Time': Timestamp('2008-10-14 19:51:35'), 'mag': 5.0}]",1,27
871,2008-09-30 09:53:51.722,0,[],0,13
872,2008-10-14 13:12:53.349,0,[],0,27
873,2008-10-02 16:29:53.492,1,"[{'lat': -38.885, 'long': -91.23, 'Time': Timestamp('2008-10-04 11:47:05'), 'mag': 5.5}]",1,15
874,2008-09-26 19:44:23.768,0,[],0,9
875,2008-10-05 22:58:23.509,1,"[{'lat': -30.275, 'long': -176.952, 'Time': Timestamp('2008-10-06 02:01:05'), 'mag': 5.1}, {'lat': -15.303, 'long': -177.114, 'Time': Timestamp('2008-10-06 20:56:29'), 'mag': 5.2}]",2,18
876,2008-09-25 08:44:50.655,1,"[{'lat': 27.33, 'long': 56.79, 'Time': Timestamp('2008-09-26 15:52:21'), 'mag': 5.1}]",1,7
877,2008-10-13 12:03:53.723,0,[],0,25
878,2008-10-07 15:21:52.862,1,"[{'lat': -37.209, 'long': -95.969, 'Time': Timestamp('2008-10-08 11:51:46'), 'mag': 5.2}]",1,19
879,2008-10-05 18:37:19.712,1,"[{'lat': -56.086, 'long': -143.789, 'Time': Timestamp('2008-10-07 00:31:42'), 'mag': 5.0}, {'lat': -56.34, 'long': -143.453, 'Time': Timestamp('2008-10-07 03:07:20'), 'mag': 5.0}]",2,17
880,2008-10-10 21:49:54.954,1,"[{'lat': 19.161, 'long': -64.833, 'Time': Timestamp('2008-10-11 10:40:14'), 'mag': 6.1}, {'lat': -29.821, 'long': -176.902, 'Time': Timestamp('2008-10-11 12:23:29'), 'mag': 5.5}, {'lat': -20.169, 'long': -178.255, 'Time': Timestamp('2008-10-12 00:39:53'), 'mag': 5.3}, {'lat': -41.448, 'long': -88.666, 'Time': Timestamp('2008-10-12 09:03:42'), 'mag': 5.0}, {'lat': -20.123, 'long': -64.971, 'Time': Timestamp('2008-10-12 20:55:41'), 'mag': 6.2}]",5,22
881,2008-10-09 01:04:53.936,1,"[{'lat': -17.332, 'long': 66.536, 'Time': Timestamp('2008-10-09 02:33:34'), 'mag': 5.0}, {'lat': -36.635, 'long': 79.336, 'Time': Timestamp('2008-10-09 20:20:34'), 'mag': 5.2}]",2,20
882,2008-09-28 05:59:59.084,1,"[{'lat': 2.28, 'long': 96.203, 'Time': Timestamp('2008-09-29 20:21:36'), 'mag': 5.0}]",1,9
883,2008-10-18 09:15:21.057,0,[],0,29
884,2008-10-04 12:34:23.124,0,[],0,15
885,2008-09-28 15:52:21.828,0,[],0,9
886,2008-10-15 19:06:50.553,1,"[{'lat': -62.46, 'long': -160.41, 'Time': Timestamp('2008-10-16 00:29:37'), 'mag': 5.1}]",1,26
887,2008-10-07 22:20:51.365,1,"[{'lat': -12.091, 'long': 166.614, 'Time': Timestamp('2008-10-08 09:15:29'), 'mag': 5.1}, {'lat': 60.718, 'long': -143.7219, 'Time': Timestamp('2008-10-08 09:53:01'), 'mag': 5.2}, {'lat': -37.209, 'long': -95.969, 'Time': Timestamp('2008-10-08 11:51:46'), 'mag': 5.2}, {'lat': 51.757, 'long': -173.503, 'Time': Timestamp('2008-10-09 01:00:55'), 'mag': 5.0}, {'lat': -54.787, 'long': -130.676, 'Time': Timestamp('2008-10-09 01:23:19'), 'mag': 5.3}, {'lat': -61.895, 'long': 161.19, 'Time': Timestamp('2008-10-09 09:01:26'), 'mag': 5.0}, {'lat': -36.635, 'long': 79.336, 'Time': Timestamp('2008-10-09 20:20:34'), 'mag': 5.2}]",7,18
888,2008-10-20 01:34:51.652,1,"[{'lat': 0.109, 'long': 120.681, 'Time': Timestamp('2008-10-20 04:54:19'), 'mag': 5.9}, {'lat': 32.266, 'long': 139.987, 'Time': Timestamp('2008-10-20 15:51:23'), 'mag': 5.0}, {'lat': -3.374, 'long': 150.729, 'Time': Timestamp('2008-10-20 23:15:42'), 'mag': 5.2}, {'lat': -3.61, 'long': 149.574, 'Time': Timestamp('2008-10-21 05:02:58'), 'mag': 5.2}, {'lat': -7.47, 'long': 127.732, 'Time': Timestamp('2008-10-21 13:00:48'), 'mag': 5.6}, {'lat': 28.852, 'long': 130.04, 'Time': Timestamp('2008-10-22 00:39:28'), 'mag': 5.0}]",6,30
889,2008-09-26 06:30:24.266,1,"[{'lat': 27.33, 'long': 56.79, 'Time': Timestamp('2008-09-26 15:52:21'), 'mag': 5.1}, {'lat': 3.074, 'long': 65.316, 'Time': Timestamp('2008-09-26 18:46:18'), 'mag': 5.7}]",2,6
890,2008-10-10 11:25:23.498,0,[],0,20
891,2008-10-06 14:43:50.863,0,[],0,16
892,2008-10-07 17:59:54.911,1,"[{'lat': -37.209, 'long': -95.969, 'Time': Timestamp('2008-10-08 11:51:46'), 'mag': 5.2}, {'lat': -54.787, 'long': -130.676, 'Time': Timestamp('2008-10-09 01:23:19'), 'mag': 5.3}]",2,17
893,2008-10-10 21:10:51.739,1,"[{'lat': -29.821, 'long': -176.902, 'Time': Timestamp('2008-10-11 12:23:29'), 'mag': 5.5}, {'lat': -20.169, 'long': -178.255, 'Time': Timestamp('2008-10-12 00:39:53'), 'mag': 5.3}]",2,20
894,2008-10-19 00:27:15.710,1,"[{'lat': -3.557, 'long': 139.999, 'Time': Timestamp('2008-10-19 23:29:14'), 'mag': 5.0}, {'lat': -61.323, 'long': 154.316, 'Time': Timestamp('2008-10-20 03:13:09'), 'mag': 5.3}, {'lat': 0.109, 'long': 120.681, 'Time': Timestamp('2008-10-20 04:54:19'), 'mag': 5.9}, {'lat': 35.343, 'long': 91.262, 'Time': Timestamp('2008-10-20 14:26:32'), 'mag': 5.0}, {'lat': 32.266, 'long': 139.987, 'Time': Timestamp('2008-10-20 15:51:23'), 'mag': 5.0}, {'lat': -3.374, 'long': 150.729, 'Time': Timestamp('2008-10-20 23:15:42'), 'mag': 5.2}]",6,28
895,2008-10-18 08:38:55.040,0,[],0,27
896,2008-10-03 11:55:53.899,1,"[{'lat': -59.34, 'long': -25.903, 'Time': Timestamp('2008-10-04 07:56:52'), 'mag': 5.7}]",1,12
897,2008-10-01 15:14:23.038,1,"[{'lat': -35.018, 'long': -70.726, 'Time': Timestamp('2008-10-01 17:03:46'), 'mag': 5.2}, {'lat': 7.517, 'long': -36.758, 'Time': Timestamp('2008-10-03 05:26:20'), 'mag': 5.7}, {'lat': 7.561, 'long': -36.882, 'Time': Timestamp('2008-10-03 05:30:24'), 'mag': 5.6}]",3,10
898,2008-10-12 18:29:24.007,0,[],0,21
899,2008-10-15 21:42:25.131,1,"[{'lat': -62.46, 'long': -160.41, 'Time': Timestamp('2008-10-16 00:29:37'), 'mag': 5.1}, {'lat': 14.423, 'long': -92.364, 'Time': Timestamp('2008-10-16 19:41:25'), 'mag': 6.7}, {'lat': 14.256, 'long': -92.554, 'Time': Timestamp('2008-10-16 19:43:37'), 'mag': 5.8}]",3,24
900,2008-10-08 00:57:21.974,1,"[{'lat': -12.091, 'long': 166.614, 'Time': Timestamp('2008-10-08 09:15:29'), 'mag': 5.1}, {'lat': 60.718, 'long': -143.7219, 'Time': Timestamp('2008-10-08 09:53:01'), 'mag': 5.2}, {'lat': 29.757, 'long': 90.328, 'Time': Timestamp('2008-10-08 14:07:16'), 'mag': 5.5}, {'lat': 12.976, 'long': 124.361, 'Time': Timestamp('2008-10-08 19:09:28'), 'mag': 5.4}, {'lat': 51.757, 'long': -173.503, 'Time': Timestamp('2008-10-09 01:00:55'), 'mag': 5.0}, {'lat': -17.332, 'long': 66.536, 'Time': Timestamp('2008-10-09 02:33:34'), 'mag': 5.0}, {'lat': -36.635, 'long': 79.336, 'Time': Timestamp('2008-10-09 20:20:34'), 'mag': 5.2}]",7,16
901,2008-10-06 05:52:24.164,1,"[{'lat': 29.807, 'long': 90.35, 'Time': Timestamp('2008-10-06 08:30:45'), 'mag': 6.3}, {'lat': 29.752, 'long': 90.461, 'Time': Timestamp('2008-10-06 08:45:10'), 'mag': 5.0}, {'lat': 29.806, 'long': 90.42, 'Time': Timestamp('2008-10-06 10:17:11'), 'mag': 5.1}, {'lat': 29.653, 'long': 90.32, 'Time': Timestamp('2008-10-06 12:10:33'), 'mag': 5.2}, {'lat': 5.42, 'long': 94.534, 'Time': Timestamp('2008-10-06 12:43:59'), 'mag': 5.0}]",5,14
902,2008-10-07 09:07:20.233,0,[],0,15
903,2008-10-17 12:26:23.301,1,"[{'lat': -55.94, 'long': -28.186, 'Time': Timestamp('2008-10-19 02:56:14'), 'mag': 5.1}]",1,25
904,2008-09-30 15:44:17.238,1,"[{'lat': -35.018, 'long': -70.726, 'Time': Timestamp('2008-10-01 17:03:46'), 'mag': 5.2}]",1,8
905,2008-10-22 18:59:23.408,0,[],0,30
906,2008-10-03 22:12:53.092,1,"[{'lat': 21.339, 'long': -45.731, 'Time': Timestamp('2008-10-04 05:41:52'), 'mag': 5.3}, {'lat': -59.34, 'long': -25.903, 'Time': Timestamp('2008-10-04 07:56:52'), 'mag': 5.7}, {'lat': -38.885, 'long': -91.23, 'Time': Timestamp('2008-10-04 11:47:05'), 'mag': 5.5}]",3,11
907,2008-10-04 01:27:20.500,0,[],0,11
908,2008-10-16 04:44:23.087,0,[],0,23
909,2008-10-21 08:00:51.155,0,[],0,28
910,2008-09-29 11:17:23.675,1,"[{'lat': 71.355, 'long': -4.202, 'Time': Timestamp('2008-09-29 19:20:22'), 'mag': 5.0}]",1,6
911,2008-10-17 14:35:52.256,0,[],0,24
912,2008-10-03 17:51:52.320,1,"[{'lat': -38.885, 'long': -91.23, 'Time': Timestamp('2008-10-04 11:47:05'), 'mag': 5.5}]",1,10
913,2008-10-17 21:04:56.123,1,"[{'lat': -21.863, 'long': -173.819, 'Time': Timestamp('2008-10-19 05:10:33'), 'mag': 6.9}, {'lat': -21.972, 'long': -173.7, 'Time': Timestamp('2008-10-19 12:55:05'), 'mag': 5.6}]",2,24
914,2008-10-06 00:19:45.886,1,"[{'lat': 29.807, 'long': 90.35, 'Time': Timestamp('2008-10-06 08:30:45'), 'mag': 6.3}, {'lat': 29.752, 'long': 90.461, 'Time': Timestamp('2008-10-06 08:45:10'), 'mag': 5.0}, {'lat': 29.806, 'long': 90.42, 'Time': Timestamp('2008-10-06 10:17:11'), 'mag': 5.1}, {'lat': 29.653, 'long': 90.32, 'Time': Timestamp('2008-10-06 12:10:33'), 'mag': 5.2}, {'lat': 5.42, 'long': 94.534, 'Time': Timestamp('2008-10-06 12:43:59'), 'mag': 5.0}, {'lat': 11.27, 'long': 125.415, 'Time': Timestamp('2008-10-07 03:34:35'), 'mag': 5.4}]",6,12
915,2008-10-14 05:14:23.489,1,"[{'lat': 4.027, 'long': 68.838, 'Time': Timestamp('2008-10-14 19:51:35'), 'mag': 5.0}, {'lat': 1.962, 'long': 97.966, 'Time': Timestamp('2008-10-15 08:02:01'), 'mag': 5.0}]",2,20
916,2008-10-10 08:30:51.120,1,"[{'lat': 43.372, 'long': 46.254, 'Time': Timestamp('2008-10-11 09:06:10'), 'mag': 5.8}, {'lat': 43.337, 'long': 46.192, 'Time': Timestamp('2008-10-11 09:22:01'), 'mag': 5.3}]",2,16
917,2008-10-21 11:47:53.235,1,"[{'lat': 0.071, 'long': -17.574, 'Time': Timestamp('2008-10-21 23:04:36'), 'mag': 5.1}]",1,27
918,2008-10-20 15:06:20.934,0,[],0,26
919,2008-10-14 21:34:21.699,1,"[{'lat': -15.004, 'long': -71.991, 'Time': Timestamp('2008-10-15 00:17:56'), 'mag': 5.0}, {'lat': -62.46, 'long': -160.41, 'Time': Timestamp('2008-10-16 00:29:37'), 'mag': 5.1}, {'lat': 14.423, 'long': -92.364, 'Time': Timestamp('2008-10-16 19:41:25'), 'mag': 6.7}, {'lat': 14.256, 'long': -92.554, 'Time': Timestamp('2008-10-16 19:43:37'), 'mag': 5.8}]",4,20
920,2008-10-03 00:49:18.214,1,"[{'lat': -22.36, 'long': 171.21, 'Time': Timestamp('2008-10-03 03:40:28'), 'mag': 5.6}, {'lat': 10.764, 'long': 91.659, 'Time': Timestamp('2008-10-03 21:20:23'), 'mag': 5.6}, {'lat': 21.339, 'long': -45.731, 'Time': Timestamp('2008-10-04 05:41:52'), 'mag': 5.3}, {'lat': -1.126, 'long': 29.118, 'Time': Timestamp('2008-10-05 00:02:12'), 'mag': 5.3}]",4,8
921,2008-10-14 05:44:25.940,1,"[{'lat': 4.027, 'long': 68.838, 'Time': Timestamp('2008-10-14 19:51:35'), 'mag': 5.0}, {'lat': 1.962, 'long': 97.966, 'Time': Timestamp('2008-10-15 08:02:01'), 'mag': 5.0}]",2,19
922,2008-10-11 08:59:20.569,1,"[{'lat': 43.372, 'long': 46.254, 'Time': Timestamp('2008-10-11 09:06:10'), 'mag': 5.8}, {'lat': 43.337, 'long': 46.192, 'Time': Timestamp('2008-10-11 09:22:01'), 'mag': 5.3}]",2,16
923,2008-10-21 12:18:23.636,1,"[{'lat': 0.071, 'long': -17.574, 'Time': Timestamp('2008-10-21 23:04:36'), 'mag': 5.1}]",1,26
924,2008-10-02 15:36:18.791,1,"[{'lat': 21.339, 'long': -45.731, 'Time': Timestamp('2008-10-04 05:41:52'), 'mag': 5.3}, {'lat': -38.885, 'long': -91.23, 'Time': Timestamp('2008-10-04 11:47:05'), 'mag': 5.5}]",2,7
925,2008-10-22 18:51:23.743,0,[],0,27
926,2008-10-25 07:52:55.921,1,"[{'lat': 26.533, 'long': 54.985, 'Time': Timestamp('2008-10-25 20:17:20'), 'mag': 5.4}, {'lat': 36.49, 'long': 70.683, 'Time': Timestamp('2008-10-26 01:28:56'), 'mag': 5.7}]",2,29
927,2008-10-16 17:44:24.424,1,"[{'lat': 14.423, 'long': -92.364, 'Time': Timestamp('2008-10-16 19:41:25'), 'mag': 6.7}, {'lat': 14.256, 'long': -92.554, 'Time': Timestamp('2008-10-16 19:43:37'), 'mag': 5.8}]",2,20
928,2008-10-15 20:56:55.347,1,"[{'lat': -62.46, 'long': -160.41, 'Time': Timestamp('2008-10-16 00:29:37'), 'mag': 5.1}]",1,19
929,2008-10-18 00:11:53.413,1,"[{'lat': -6.951, 'long': 147.269, 'Time': Timestamp('2008-10-18 00:54:39'), 'mag': 5.7}, {'lat': -6.058, 'long': 104.751, 'Time': Timestamp('2008-10-18 18:41:32'), 'mag': 5.1}, {'lat': -3.557, 'long': 139.999, 'Time': Timestamp('2008-10-19 23:29:14'), 'mag': 5.0}]",3,21
930,2008-10-24 08:21:19.451,1,"[{'lat': 26.533, 'long': 54.985, 'Time': Timestamp('2008-10-25 20:17:20'), 'mag': 5.4}, {'lat': 36.49, 'long': 70.683, 'Time': Timestamp('2008-10-26 01:28:56'), 'mag': 5.7}]",2,27
931,2008-10-25 11:39:53.411,1,"[{'lat': -16.732, 'long': -23.383, 'Time': Timestamp('2008-10-25 20:12:45'), 'mag': 5.0}]",1,28
932,2008-10-16 14:58:22.439,0,[],0,19
933,2008-10-15 18:13:52.057,1,"[{'lat': 14.423, 'long': -92.364, 'Time': Timestamp('2008-10-16 19:41:25'), 'mag': 6.7}, {'lat': 14.256, 'long': -92.554, 'Time': Timestamp('2008-10-16 19:43:37'), 'mag': 5.8}]",2,18
934,2008-10-16 21:26:51.764,0,[],0,19
935,2008-10-22 00:41:50.946,1,"[{'lat': -7.171, 'long': 155.049, 'Time': Timestamp('2008-10-22 04:51:46'), 'mag': 5.3}, {'lat': 41.985, 'long': 131.321, 'Time': Timestamp('2008-10-22 16:18:36'), 'mag': 5.0}, {'lat': 5.957, 'long': 125.778, 'Time': Timestamp('2008-10-23 09:21:15'), 'mag': 5.7}, {'lat': -2.635, 'long': 145.574, 'Time': Timestamp('2008-10-23 10:04:35'), 'mag': 6.3}, {'lat': -2.641, 'long': 145.903, 'Time': Timestamp('2008-10-23 11:15:28'), 'mag': 5.3}, {'lat': -19.213, 'long': 169.239, 'Time': Timestamp('2008-10-23 14:44:10'), 'mag': 5.1}]",6,24
936,2008-10-06 07:14:57.024,0,[],0,8
937,2008-10-23 10:30:50.883,0,[],0,25
938,2008-10-12 13:49:53.840,1,"[{'lat': -20.123, 'long': -64.971, 'Time': Timestamp('2008-10-12 20:55:41'), 'mag': 6.2}]",1,14
939,2008-10-13 23:34:23.999,1,"[{'lat': -21.558, 'long': -178.126, 'Time': Timestamp('2008-10-14 16:52:53'), 'mag': 5.2}, {'lat': -16.07, 'long': 166.783, 'Time': Timestamp('2008-10-15 14:28:18'), 'mag': 5.2}]",2,15
940,2008-10-09 07:44:50.555,0,[],0,10
941,2008-10-05 11:01:21.836,0,[],0,6
942,2008-10-10 14:20:17.672,1,"[{'lat': 19.161, 'long': -64.833, 'Time': Timestamp('2008-10-11 10:40:14'), 'mag': 6.1}]",1,11
943,2008-10-13 17:36:24.600,0,[],0,14
944,2008-10-14 20:50:22.756,1,"[{'lat': -62.46, 'long': -160.41, 'Time': Timestamp('2008-10-16 00:29:37'), 'mag': 5.1}]",1,15
945,2008-10-17 00:04:23.590,1,"[{'lat': -6.951, 'long': 147.269, 'Time': Timestamp('2008-10-18 00:54:39'), 'mag': 5.7}, {'lat': -6.058, 'long': 104.751, 'Time': Timestamp('2008-10-18 18:41:32'), 'mag': 5.1}]",2,17
946,2008-10-17 09:52:21.987,0,[],0,17
947,2008-10-22 13:11:23.615,0,[],0,22
948,2008-10-26 16:28:49.662,1,"[{'lat': -27.236, 'long': -69.322, 'Time': Timestamp('2008-10-27 19:08:17'), 'mag': 5.1}]",1,26
949,2008-10-15 19:43:23.721,1,"[{'lat': -62.46, 'long': -160.41, 'Time': Timestamp('2008-10-16 00:29:37'), 'mag': 5.1}]",1,15
950,2008-10-05 22:56:53.775,1,"[{'lat': -30.275, 'long': -176.952, 'Time': Timestamp('2008-10-06 02:01:05'), 'mag': 5.1}, {'lat': -15.303, 'long': -177.114, 'Time': Timestamp('2008-10-06 20:56:29'), 'mag': 5.2}]",2,5
951,2008-10-26 08:45:23.801,0,[],0,25
952,2008-10-06 12:02:21.131,0,[],0,5
953,2008-10-21 15:20:50.962,1,"[{'lat': 6.781, 'long': -82.356, 'Time': Timestamp('2008-10-22 09:52:17'), 'mag': 5.0}]",1,20
954,2008-10-25 21:49:48.524,1,"[{'lat': -45.218, 'long': 97.05, 'Time': Timestamp('2008-10-25 22:35:07'), 'mag': 5.1}, {'lat': -27.236, 'long': -69.322, 'Time': Timestamp('2008-10-27 19:08:17'), 'mag': 5.1}]",2,24
955,2008-10-17 01:03:50.898,1,"[{'lat': -6.951, 'long': 147.269, 'Time': Timestamp('2008-10-18 00:54:39'), 'mag': 5.7}, {'lat': -6.058, 'long': 104.751, 'Time': Timestamp('2008-10-18 18:41:32'), 'mag': 5.1}]",2,15
956,2008-10-28 05:58:54.417,1,"[{'lat': 30.563, 'long': 67.444, 'Time': Timestamp('2008-10-28 22:33:08'), 'mag': 5.3}, {'lat': 30.639, 'long': 67.351, 'Time': Timestamp('2008-10-28 23:09:57'), 'mag': 6.4}, {'lat': 30.598, 'long': 67.455, 'Time': Timestamp('2008-10-29 11:32:43'), 'mag': 6.4}]",3,26
957,2008-10-21 09:13:50.485,0,[],0,19
958,2008-10-19 12:33:23.574,1,"[{'lat': -60.54, 'long': -51.858, 'Time': Timestamp('2008-10-20 03:39:16'), 'mag': 5.2}]",1,17
959,2008-10-30 15:50:50.838,0,[],0,28
960,2008-10-23 19:05:49.674,0,[],0,21
961,2008-10-14 22:19:23.734,1,"[{'lat': -15.004, 'long': -71.991, 'Time': Timestamp('2008-10-15 00:17:56'), 'mag': 5.0}, {'lat': -16.07, 'long': 166.783, 'Time': Timestamp('2008-10-15 14:28:18'), 'mag': 5.2}, {'lat': -62.46, 'long': -160.41, 'Time': Timestamp('2008-10-16 00:29:37'), 'mag': 5.1}, {'lat': 14.423, 'long': -92.364, 'Time': Timestamp('2008-10-16 19:41:25'), 'mag': 6.7}, {'lat': 14.256, 'long': -92.554, 'Time': Timestamp('2008-10-16 19:43:37'), 'mag': 5.8}]",5,12
962,2008-10-19 06:28:50.620,1,"[{'lat': 35.343, 'long': 91.262, 'Time': Timestamp('2008-10-20 14:26:32'), 'mag': 5.0}]",1,16
963,2008-10-11 09:44:23.675,0,[],0,8
964,2008-10-21 13:03:53.975,1,"[{'lat': 0.071, 'long': -17.574, 'Time': Timestamp('2008-10-21 23:04:36'), 'mag': 5.1}]",1,18
965,2008-10-28 16:20:51.238,1,"[{'lat': -35.75, 'long': -104.75, 'Time': Timestamp('2008-10-28 19:59:12'), 'mag': 5.0}, {'lat': 14.607, 'long': -93.174, 'Time': Timestamp('2008-10-29 18:12:04'), 'mag': 5.0}, {'lat': -24.034, 'long': -70.105, 'Time': Timestamp('2008-10-30 01:32:40'), 'mag': 5.3}]",3,25
966,2008-10-19 19:35:23.394,1,"[{'lat': 17.462, 'long': -101.003, 'Time': Timestamp('2008-10-20 05:01:04'), 'mag': 5.2}, {'lat': -54.281, 'long': -133.05, 'Time': Timestamp('2008-10-20 05:13:13'), 'mag': 5.1}]",2,16
967,2008-10-11 22:49:23.135,1,"[{'lat': -20.169, 'long': -178.255, 'Time': Timestamp('2008-10-12 00:39:53'), 'mag': 5.3}, {'lat': -21.186, 'long': -174.638, 'Time': Timestamp('2008-10-13 12:07:47'), 'mag': 5.0}]",2,8
968,2008-10-12 08:35:50.281,1,"[{'lat': 38.85, 'long': 23.62, 'Time': Timestamp('2008-10-14 02:06:34'), 'mag': 5.2}]",1,8
969,2008-10-14 11:54:53.349,0,[],0,10
970,2008-10-25 15:12:52.488,0,[],0,21
971,2008-10-12 18:28:23.456,0,[],0,8
972,2008-11-03 21:41:53.509,1,"[{'lat': -17.321, 'long': -174.362, 'Time': Timestamp('2008-11-05 03:41:43'), 'mag': 5.7}, {'lat': -55.726, 'long': 147.054, 'Time': Timestamp('2008-11-05 08:53:38'), 'mag': 5.0}, {'lat': 5.856, 'long': -82.417, 'Time': Timestamp('2008-11-05 15:33:02'), 'mag': 5.1}]",3,30
973,2008-10-24 00:55:48.328,1,"[{'lat': 35.953, 'long': 141.624, 'Time': Timestamp('2008-10-25 06:01:37'), 'mag': 5.0}, {'lat': -17.227, 'long': 167.255, 'Time': Timestamp('2008-10-25 19:24:50'), 'mag': 5.7}, {'lat': 26.533, 'long': 54.985, 'Time': Timestamp('2008-10-25 20:17:20'), 'mag': 5.4}]",3,19
974,2008-10-29 05:50:54.614,1,"[{'lat': 30.598, 'long': 67.455, 'Time': Timestamp('2008-10-29 11:32:43'), 'mag': 6.4}]",1,24
975,2008-10-11 09:05:50.683,1,"[{'lat': 43.372, 'long': 46.254, 'Time': Timestamp('2008-10-11 09:06:10'), 'mag': 5.8}, {'lat': 43.337, 'long': 46.192, 'Time': Timestamp('2008-10-11 09:22:01'), 'mag': 5.3}]",2,6
976,2008-11-04 12:25:23.750,0,[],0,30
977,2008-10-16 15:42:49.017,0,[],0,11
978,2008-10-29 22:11:49.335,1,"[{'lat': -24.034, 'long': -70.105, 'Time': Timestamp('2008-10-30 01:32:40'), 'mag': 5.3}, {'lat': -9.02, 'long': -108.246, 'Time': Timestamp('2008-10-30 15:15:41'), 'mag': 6.1}, {'lat': 51.705, 'long': -174.423, 'Time': Timestamp('2008-10-31 14:23:02'), 'mag': 5.1}, {'lat': 51.586, 'long': -174.415, 'Time': Timestamp('2008-10-31 22:10:35'), 'mag': 5.3}]",4,24
979,2008-10-25 01:25:52.278,1,"[{'lat': 35.953, 'long': 141.624, 'Time': Timestamp('2008-10-25 06:01:37'), 'mag': 5.0}, {'lat': -0.141, 'long': 123.015, 'Time': Timestamp('2008-10-26 09:08:34'), 'mag': 5.6}]",2,19
980,2008-10-19 06:20:52.125,1,"[{'lat': 35.343, 'long': 91.262, 'Time': Timestamp('2008-10-20 14:26:32'), 'mag': 5.0}]",1,13
981,2008-10-24 09:36:16.099,0,[],0,18
982,2008-10-18 12:55:53.151,1,"[{'lat': -55.94, 'long': -28.186, 'Time': Timestamp('2008-10-19 02:56:14'), 'mag': 5.1}, {'lat': -60.54, 'long': -51.858, 'Time': Timestamp('2008-10-20 03:39:16'), 'mag': 5.2}]",2,12
983,2008-10-23 16:12:50.415,0,[],0,17
984,2008-10-24 19:27:53.258,0,[],0,18
985,2008-10-18 22:41:23.311,1,"[{'lat': -55.94, 'long': -28.186, 'Time': Timestamp('2008-10-19 02:56:14'), 'mag': 5.1}, {'lat': -21.863, 'long': -173.819, 'Time': Timestamp('2008-10-19 05:10:33'), 'mag': 6.9}, {'lat': -21.972, 'long': -173.7, 'Time': Timestamp('2008-10-19 12:55:05'), 'mag': 5.6}, {'lat': -21.061, 'long': -113.815, 'Time': Timestamp('2008-10-19 18:58:59'), 'mag': 5.0}, {'lat': -61.323, 'long': 154.316, 'Time': Timestamp('2008-10-20 03:13:09'), 'mag': 5.3}, {'lat': -60.54, 'long': -51.858, 'Time': Timestamp('2008-10-20 03:39:16'), 'mag': 5.2}, {'lat': 17.462, 'long': -101.003, 'Time': Timestamp('2008-10-20 05:01:04'), 'mag': 5.2}, {'lat': -54.281, 'long': -133.05, 'Time': Timestamp('2008-10-20 05:13:13'), 'mag': 5.1}]",8,12
986,2008-10-14 01:55:50.898,1,"[{'lat': 14.224, 'long': 145.334, 'Time': Timestamp('2008-10-15 10:52:13'), 'mag': 5.0}]",1,7
987,2008-10-27 06:50:54.416,1,"[{'lat': 30.563, 'long': 67.444, 'Time': Timestamp('2008-10-28 22:33:08'), 'mag': 5.3}, {'lat': 30.639, 'long': 67.351, 'Time': Timestamp('2008-10-28 23:09:57'), 'mag': 6.4}]",2,20
988,2008-10-14 10:06:51.924,0,[],0,7
989,2008-10-19 13:26:23.552,1,"[{'lat': -60.54, 'long': -51.858, 'Time': Timestamp('2008-10-20 03:39:16'), 'mag': 5.2}]",1,12
990,2008-10-14 16:42:54.577,1,"[{'lat': -15.004, 'long': -71.991, 'Time': Timestamp('2008-10-15 00:17:56'), 'mag': 5.0}]",1,7
991,2008-10-23 19:57:23.659,0,[],0,16
992,2008-10-14 23:11:23.712,1,"[{'lat': -16.07, 'long': 166.783, 'Time': Timestamp('2008-10-15 14:28:18'), 'mag': 5.2}]",1,7
993,2008-11-04 13:14:22.629,1,"[{'lat': 56.812, 'long': -34.138, 'Time': Timestamp('2008-11-06 10:24:22'), 'mag': 5.1}]",1,25
994,2008-10-20 16:35:20.027,1,"[{'lat': 6.781, 'long': -82.356, 'Time': Timestamp('2008-10-22 09:52:17'), 'mag': 5.0}]",1,10
995,2008-10-31 19:49:53.975,0,[],0,21
996,2008-10-23 23:03:24.028,1,"[{'lat': -18.022, 'long': -176.736, 'Time': Timestamp('2008-10-23 23:36:11'), 'mag': 5.1}, {'lat': -26.577, 'long': -177.43, 'Time': Timestamp('2008-10-24 00:26:10'), 'mag': 5.2}, {'lat': -22.216, 'long': 170.73, 'Time': Timestamp('2008-10-25 07:21:23'), 'mag': 5.2}, {'lat': -17.227, 'long': 167.255, 'Time': Timestamp('2008-10-25 19:24:50'), 'mag': 5.7}]",4,13
997,2008-11-04 13:48:23.269,1,"[{'lat': 56.812, 'long': -34.138, 'Time': Timestamp('2008-11-06 10:24:22'), 'mag': 5.1}]",1,24
998,2008-10-27 17:04:53.323,1,"[{'lat': -35.75, 'long': -104.75, 'Time': Timestamp('2008-10-28 19:59:12'), 'mag': 5.0}, {'lat': -8.986, 'long': -108.281, 'Time': Timestamp('2008-10-28 20:42:42'), 'mag': 5.3}, {'lat': -8.896, 'long': -108.395, 'Time': Timestamp('2008-10-29 01:35:58'), 'mag': 5.7}]",3,16
999,2008-11-06 20:19:23.376,0,[],0,26
1000,2008-11-06 23:32:53.429,1,"[{'lat': -14.829, 'long': 168.032, 'Time': Timestamp('2008-11-07 07:19:35'), 'mag': 6.4}, {'lat': -14.793, 'long': 168.09, 'Time': Timestamp('2008-11-07 07:23:00'), 'mag': 5.0}, {'lat': -14.946, 'long': 167.94, 'Time': Timestamp('2008-11-07 07:35:45'), 'mag': 5.7}, {'lat': -14.945, 'long': 168.079, 'Time': Timestamp('2008-11-07 07:45:52'), 'mag': 5.2}, {'lat': -14.79, 'long': 167.945, 'Time': Timestamp('2008-11-07 09:26:43'), 'mag': 5.0}, {'lat': -14.924, 'long': 168.12, 'Time': Timestamp('2008-11-07 09:40:00'), 'mag': 5.5}, {'lat': -15.022, 'long': 167.817, 'Time': Timestamp('2008-11-07 12:07:24'), 'mag': 5.0}, {'lat': -6.043, 'long': 151.272, 'Time': Timestamp('2008-11-07 19:44:17'), 'mag': 5.0}, {'lat': -15.223, 'long': -174.232, 'Time': Timestamp('2008-11-08 07:49:59'), 'mag': 6.0}, {'lat': -15.218, 'long': -174.211, 'Time': Timestamp('2008-11-08 09:15:51'), 'mag': 5.5}]",10,26
1001,2008-10-25 07:43:20.984,1,"[{'lat': 26.533, 'long': 54.985, 'Time': Timestamp('2008-10-25 20:17:20'), 'mag': 5.4}, {'lat': 36.49, 'long': 70.683, 'Time': Timestamp('2008-10-26 01:28:56'), 'mag': 5.7}]",2,13
1002,2008-10-23 10:57:56.026,0,[],0,11
1003,2008-10-28 14:14:49.093,1,"[{'lat': -24.034, 'long': -70.105, 'Time': Timestamp('2008-10-30 01:32:40'), 'mag': 5.3}]",1,16
1004,2008-11-03 20:48:53.776,0,[],0,22
1005,2008-11-11 00:02:53.829,1,"[{'lat': -4.151, 'long': 102.186, 'Time': Timestamp('2008-11-11 01:46:12'), 'mag': 5.0}, {'lat': 1.591, 'long': 66.703, 'Time': Timestamp('2008-11-11 12:18:12'), 'mag': 5.2}, {'lat': 37.539, 'long': 95.84, 'Time': Timestamp('2008-11-11 21:56:01'), 'mag': 5.1}, {'lat': 0.019, 'long': 67.088, 'Time': Timestamp('2008-11-11 22:46:38'), 'mag': 5.1}, {'lat': 6.991, 'long': 126.328, 'Time': Timestamp('2008-11-12 02:04:52'), 'mag': 5.1}, {'lat': -63.181, 'long': 169.732, 'Time': Timestamp('2008-11-12 04:21:46'), 'mag': 5.1}, {'lat': 38.841, 'long': 35.524, 'Time': Timestamp('2008-11-12 14:03:18'), 'mag': 5.1}]",7,29
1006,2008-10-31 04:57:32.839,1,"[{'lat': -11.483, 'long': 66.514, 'Time': Timestamp('2008-10-31 13:30:01'), 'mag': 5.2}]",1,18
1007,2008-11-04 08:13:50.169,0,[],0,22
1008,2008-11-04 11:28:22.890,0,[],0,22
1009,2008-11-05 14:48:48.949,1,"[{'lat': 56.812, 'long': -34.138, 'Time': Timestamp('2008-11-06 10:24:22'), 'mag': 5.1}]",1,23
1010,2008-11-03 18:04:54.431,1,"[{'lat': 5.856, 'long': -82.417, 'Time': Timestamp('2008-11-05 15:33:02'), 'mag': 5.1}]",1,21
1011,2008-11-08 21:18:53.178,1,"[{'lat': 59.9967, 'long': -153.0191, 'Time': Timestamp('2008-11-09 23:36:57'), 'mag': 5.0}, {'lat': -31.979, 'long': -179.302, 'Time': Timestamp('2008-11-10 09:52:02'), 'mag': 5.1}]",2,26
1012,2008-10-29 00:32:15.229,1,"[{'lat': 30.598, 'long': 67.455, 'Time': Timestamp('2008-10-29 11:32:43'), 'mag': 6.4}, {'lat': 38.09, 'long': 141.638, 'Time': Timestamp('2008-10-29 15:48:40'), 'mag': 5.1}, {'lat': 4.152, 'long': 126.635, 'Time': Timestamp('2008-10-29 19:54:38'), 'mag': 5.2}, {'lat': 4.184, 'long': 126.535, 'Time': Timestamp('2008-10-29 22:16:58'), 'mag': 5.2}, {'lat': 46.425, 'long': 153.213, 'Time': Timestamp('2008-10-30 01:55:14'), 'mag': 5.5}, {'lat': 1.429, 'long': 126.966, 'Time': Timestamp('2008-10-30 22:38:11'), 'mag': 5.1}]",6,15
1013,2008-11-13 07:05:26.630,0,[],0,30
1014,2008-10-21 10:21:21.818,0,[],0,7
1015,2008-10-29 13:36:19.438,0,[],0,15
1016,2008-11-05 16:57:23.499,0,[],0,22
1017,2008-10-20 20:11:23.552,0,[],0,6
1018,2008-10-21 01:02:22.493,1,"[{'lat': -3.61, 'long': 149.574, 'Time': Timestamp('2008-10-21 05:02:58'), 'mag': 5.2}, {'lat': -7.47, 'long': 127.732, 'Time': Timestamp('2008-10-21 13:00:48'), 'mag': 5.6}, {'lat': 28.852, 'long': 130.04, 'Time': Timestamp('2008-10-22 00:39:28'), 'mag': 5.0}, {'lat': -7.171, 'long': 155.049, 'Time': Timestamp('2008-10-22 04:51:46'), 'mag': 5.3}, {'lat': 41.985, 'long': 131.321, 'Time': Timestamp('2008-10-22 16:18:36'), 'mag': 5.0}]",5,6
1019,2008-11-14 05:57:24.683,1,"[{'lat': 32.139, 'long': 104.753, 'Time': Timestamp('2008-11-15 22:59:50'), 'mag': 5.0}]",1,30
1020,2008-10-27 10:51:51.056,0,[],0,12
1021,2008-10-23 22:17:53.144,1,"[{'lat': -22.216, 'long': 170.73, 'Time': Timestamp('2008-10-25 07:21:23'), 'mag': 5.2}, {'lat': -17.227, 'long': 167.255, 'Time': Timestamp('2008-10-25 19:24:50'), 'mag': 5.7}, {'lat': -16.732, 'long': -23.383, 'Time': Timestamp('2008-10-25 20:12:45'), 'mag': 5.0}]",3,8
1022,2008-10-29 01:32:20.184,1,"[{'lat': 38.09, 'long': 141.638, 'Time': Timestamp('2008-10-29 15:48:40'), 'mag': 5.1}, {'lat': 4.152, 'long': 126.635, 'Time': Timestamp('2008-10-29 19:54:38'), 'mag': 5.2}, {'lat': 4.184, 'long': 126.535, 'Time': Timestamp('2008-10-29 22:16:58'), 'mag': 5.2}, {'lat': 46.425, 'long': 153.213, 'Time': Timestamp('2008-10-30 01:55:14'), 'mag': 5.5}, {'lat': 1.429, 'long': 126.966, 'Time': Timestamp('2008-10-30 22:38:11'), 'mag': 5.1}]",5,13
1023,2008-11-12 04:49:22.771,0,[],0,27
1024,2008-11-06 08:05:49.510,0,[],0,21
1025,2008-11-07 11:20:22.231,0,[],0,22
1026,2008-11-10 14:41:20.723,0,[],0,25
1027,2008-11-12 17:56:47.350,1,"[{'lat': 10.838, 'long': -86.115, 'Time': Timestamp('2008-11-13 09:49:51'), 'mag': 5.4}, {'lat': -56.92, 'long': -140.801, 'Time': Timestamp('2008-11-13 16:02:08'), 'mag': 5.5}, {'lat': -56.85, 'long': -141.268, 'Time': Timestamp('2008-11-13 16:32:10'), 'mag': 5.0}, {'lat': -56.901, 'long': -141.004, 'Time': Timestamp('2008-11-13 18:12:55'), 'mag': 5.3}]",4,27
1028,2008-11-04 21:10:48.620,1,"[{'lat': -17.321, 'long': -174.362, 'Time': Timestamp('2008-11-05 03:41:43'), 'mag': 5.7}, {'lat': -55.726, 'long': 147.054, 'Time': Timestamp('2008-11-05 08:53:38'), 'mag': 5.0}, {'lat': 5.856, 'long': -82.417, 'Time': Timestamp('2008-11-05 15:33:02'), 'mag': 5.1}, {'lat': -29.855, 'long': -177.441, 'Time': Timestamp('2008-11-06 09:11:05'), 'mag': 5.9}, {'lat': -55.225, 'long': -128.76, 'Time': Timestamp('2008-11-06 13:09:30'), 'mag': 5.2}]",5,19
1029,2008-11-14 00:24:52.433,1,"[{'lat': -21.625, 'long': 170.557, 'Time': Timestamp('2008-11-14 22:53:00'), 'mag': 5.3}, {'lat': 51.417, 'long': -175.035, 'Time': Timestamp('2008-11-15 04:03:25'), 'mag': 5.3}, {'lat': -19.093, 'long': 168.502, 'Time': Timestamp('2008-11-15 21:58:30'), 'mag': 5.0}, {'lat': 32.139, 'long': 104.753, 'Time': Timestamp('2008-11-15 22:59:50'), 'mag': 5.0}]",4,28
1030,2008-11-13 06:57:24.092,0,[],0,27
1031,2008-11-07 10:13:20.049,0,[],0,21
1032,2008-10-31 13:16:23.301,0,[],0,8
1033,2008-10-30 16:33:20.787,0,[],0,7
1034,2008-11-22 19:47:53.407,0,[],0,30
1035,2008-11-19 23:01:53.461,1,"[{'lat': -15.876, 'long': -179.599, 'Time': Timestamp('2008-11-20 17:59:02'), 'mag': 5.1}, {'lat': -8.947, 'long': 159.553, 'Time': Timestamp('2008-11-21 07:05:34'), 'mag': 6.1}, {'lat': -14.724, 'long': 167.218, 'Time': Timestamp('2008-11-21 13:55:41'), 'mag': 5.1}]",3,27
1036,2008-11-15 12:07:19.880,0,[],0,22
1037,2008-11-04 15:25:22.813,1,"[{'lat': 5.856, 'long': -82.417, 'Time': Timestamp('2008-11-05 15:33:02'), 'mag': 5.1}, {'lat': 56.812, 'long': -34.138, 'Time': Timestamp('2008-11-06 10:24:22'), 'mag': 5.1}]",2,11
1038,2008-10-29 18:40:46.003,1,"[{'lat': -9.02, 'long': -108.246, 'Time': Timestamp('2008-10-30 15:15:41'), 'mag': 6.1}]",1,5
1039,2008-11-02 21:54:15.051,1,"[{'lat': -16.297, 'long': -176.325, 'Time': Timestamp('2008-11-03 19:36:21'), 'mag': 5.6}]",1,9
1040,2008-11-04 01:08:21.421,1,"[{'lat': -17.135, 'long': 168.458, 'Time': Timestamp('2008-11-04 18:35:45'), 'mag': 6.3}, {'lat': -55.726, 'long': 147.054, 'Time': Timestamp('2008-11-05 08:53:38'), 'mag': 5.0}, {'lat': 12.924, 'long': 124.374, 'Time': Timestamp('2008-11-06 01:04:33'), 'mag': 5.2}]",3,10
1041,2008-11-22 06:03:26.268,0,[],0,28
1042,2008-11-10 09:18:53.776,0,[],0,16
1043,2008-11-15 17:33:23.157,1,"[{'lat': 13.05, 'long': -88.75, 'Time': Timestamp('2008-11-15 23:03:16'), 'mag': 5.8}]",1,21
1044,2008-11-24 20:47:20.754,1,"[{'lat': -54.301, 'long': -136.097, 'Time': Timestamp('2008-11-26 10:14:34'), 'mag': 5.1}]",1,30
1045,2008-11-15 00:01:23.262,1,"[{'lat': 51.417, 'long': -175.035, 'Time': Timestamp('2008-11-15 04:03:25'), 'mag': 5.3}, {'lat': -19.093, 'long': 168.502, 'Time': Timestamp('2008-11-15 21:58:30'), 'mag': 5.0}, {'lat': 32.139, 'long': 104.753, 'Time': Timestamp('2008-11-15 22:59:50'), 'mag': 5.0}, {'lat': 10.833, 'long': 91.711, 'Time': Timestamp('2008-11-16 12:20:36'), 'mag': 5.5}, {'lat': 1.271, 'long': 122.091, 'Time': Timestamp('2008-11-16 17:02:32'), 'mag': 7.4}, {'lat': 1.291, 'long': 122.106, 'Time': Timestamp('2008-11-16 17:34:38'), 'mag': 5.6}, {'lat': 1.127, 'long': 121.775, 'Time': Timestamp('2008-11-16 18:20:32'), 'mag': 5.5}]",7,20
1046,2008-11-12 08:14:08.866,1,"[{'lat': 38.841, 'long': 35.524, 'Time': Timestamp('2008-11-12 14:03:18'), 'mag': 5.1}, {'lat': -6.366, 'long': 26.858, 'Time': Timestamp('2008-11-13 11:07:23'), 'mag': 5.0}, {'lat': -53.794, 'long': 8.727, 'Time': Timestamp('2008-11-14 02:05:09'), 'mag': 5.9}, {'lat': -53.83, 'long': 8.578, 'Time': Timestamp('2008-11-14 02:43:54'), 'mag': 5.4}]",4,17
1047,2008-11-23 11:28:53.449,1,"[{'lat': -46.781, 'long': -10.723, 'Time': Timestamp('2008-11-25 01:19:47'), 'mag': 5.4}]",1,28
1048,2008-11-04 14:47:19.709,1,"[{'lat': 56.812, 'long': -34.138, 'Time': Timestamp('2008-11-06 10:24:22'), 'mag': 5.1}]",1,9
1049,2008-11-09 21:15:55.898,1,"[{'lat': 59.9967, 'long': -153.0191, 'Time': Timestamp('2008-11-09 23:36:57'), 'mag': 5.0}, {'lat': -31.979, 'long': -179.302, 'Time': Timestamp('2008-11-10 09:52:02'), 'mag': 5.1}, {'lat': 14.028, 'long': -90.601, 'Time': Timestamp('2008-11-11 15:05:55'), 'mag': 5.1}]",3,14
1050,2008-11-10 00:30:50.985,1,"[{'lat': 37.565, 'long': 95.833, 'Time': Timestamp('2008-11-10 01:22:02'), 'mag': 6.3}, {'lat': 37.558, 'long': 95.762, 'Time': Timestamp('2008-11-10 03:47:23'), 'mag': 5.0}, {'lat': -0.255, 'long': 100.141, 'Time': Timestamp('2008-11-10 08:58:50'), 'mag': 5.1}, {'lat': 3.332, 'long': 145.518, 'Time': Timestamp('2008-11-10 12:44:41'), 'mag': 5.0}, {'lat': 1.756, 'long': 127.315, 'Time': Timestamp('2008-11-10 18:47:12'), 'mag': 5.0}, {'lat': -4.151, 'long': 102.186, 'Time': Timestamp('2008-11-11 01:46:12'), 'mag': 5.0}, {'lat': 1.591, 'long': 66.703, 'Time': Timestamp('2008-11-11 12:18:12'), 'mag': 5.2}, {'lat': 37.539, 'long': 95.84, 'Time': Timestamp('2008-11-11 21:56:01'), 'mag': 5.1}, {'lat': 0.019, 'long': 67.088, 'Time': Timestamp('2008-11-11 22:46:38'), 'mag': 5.1}]",9,14
1051,2008-11-05 10:19:55.018,0,[],0,9
1052,2008-11-21 13:38:53.878,0,[],0,25
1053,2008-11-12 16:55:23.931,1,"[{'lat': 10.838, 'long': -86.115, 'Time': Timestamp('2008-11-13 09:49:51'), 'mag': 5.4}]",1,16
1054,2008-11-11 20:09:53.985,1,"[{'lat': -56.92, 'long': -140.801, 'Time': Timestamp('2008-11-13 16:02:08'), 'mag': 5.5}, {'lat': -56.85, 'long': -141.268, 'Time': Timestamp('2008-11-13 16:32:10'), 'mag': 5.0}, {'lat': -56.901, 'long': -141.004, 'Time': Timestamp('2008-11-13 18:12:55'), 'mag': 5.3}]",3,15
1055,2008-11-18 23:23:24.038,1,"[{'lat': -22.168, 'long': -179.717, 'Time': Timestamp('2008-11-19 20:38:58'), 'mag': 5.8}, {'lat': -15.876, 'long': -179.599, 'Time': Timestamp('2008-11-20 17:59:02'), 'mag': 5.1}]",2,22
1056,2008-11-24 07:33:52.367,1,"[{'lat': -4.921, 'long': 68.547, 'Time': Timestamp('2008-11-26 04:47:01'), 'mag': 5.2}]",1,27
1057,2008-11-18 12:29:53.252,1,"[{'lat': 47.372, 'long': -27.449, 'Time': Timestamp('2008-11-19 15:20:58'), 'mag': 5.2}]",1,21
1058,2008-11-16 15:47:50.515,0,[],0,19
1059,2008-11-09 19:02:53.359,0,[],0,12
1060,2008-11-12 22:16:22.821,1,"[{'lat': 10.838, 'long': -86.115, 'Time': Timestamp('2008-11-13 09:49:51'), 'mag': 5.4}, {'lat': -6.366, 'long': 26.858, 'Time': Timestamp('2008-11-13 11:07:23'), 'mag': 5.0}, {'lat': -55.961, 'long': -27.234, 'Time': Timestamp('2008-11-13 15:10:15'), 'mag': 5.6}, {'lat': -56.92, 'long': -140.801, 'Time': Timestamp('2008-11-13 16:02:08'), 'mag': 5.5}, {'lat': -56.85, 'long': -141.268, 'Time': Timestamp('2008-11-13 16:32:10'), 'mag': 5.0}, {'lat': -56.901, 'long': -141.004, 'Time': Timestamp('2008-11-13 18:12:55'), 'mag': 5.3}, {'lat': 43.5, 'long': -127.393, 'Time': Timestamp('2008-11-14 01:48:37'), 'mag': 5.3}, {'lat': -53.794, 'long': 8.727, 'Time': Timestamp('2008-11-14 02:05:09'), 'mag': 5.9}, {'lat': -53.83, 'long': 8.578, 'Time': Timestamp('2008-11-14 02:43:54'), 'mag': 5.4}, {'lat': -56.447, 'long': -25.447, 'Time': Timestamp('2008-11-14 19:10:47'), 'mag': 5.0}]",10,15
1061,2008-11-13 01:30:21.780,0,[],0,15
1062,2008-11-13 06:25:54.394,0,[],0,15
1063,2008-11-24 09:41:22.025,1,"[{'lat': -46.781, 'long': -10.723, 'Time': Timestamp('2008-11-25 01:19:47'), 'mag': 5.4}]",1,26
1064,2008-11-22 13:00:23.822,1,"[{'lat': -1.23, 'long': -13.933, 'Time': Timestamp('2008-11-22 18:49:42'), 'mag': 6.3}]",1,24
1065,2008-11-23 22:45:53.982,1,"[{'lat': -46.781, 'long': -10.723, 'Time': Timestamp('2008-11-25 01:19:47'), 'mag': 5.4}, {'lat': -30.244, 'long': -177.876, 'Time': Timestamp('2008-11-25 01:36:30'), 'mag': 5.6}, {'lat': -19.434, 'long': 169.819, 'Time': Timestamp('2008-11-25 06:03:14'), 'mag': 5.3}, {'lat': -22.901, 'long': -175.201, 'Time': Timestamp('2008-11-25 15:04:44'), 'mag': 5.6}]",4,25
1066,2008-11-11 02:00:25.665,1,"[{'lat': 6.991, 'long': 126.328, 'Time': Timestamp('2008-11-12 02:04:52'), 'mag': 5.1}]",1,12
1067,2008-11-15 05:17:32.018,1,"[{'lat': 32.139, 'long': 104.753, 'Time': Timestamp('2008-11-15 22:59:50'), 'mag': 5.0}, {'lat': 10.833, 'long': 91.711, 'Time': Timestamp('2008-11-16 12:20:36'), 'mag': 5.5}]",2,16
1068,2008-11-12 08:32:21.457,1,"[{'lat': 38.841, 'long': 35.524, 'Time': Timestamp('2008-11-12 14:03:18'), 'mag': 5.1}, {'lat': -6.366, 'long': 26.858, 'Time': Timestamp('2008-11-13 11:07:23'), 'mag': 5.0}, {'lat': -53.794, 'long': 8.727, 'Time': Timestamp('2008-11-14 02:05:09'), 'mag': 5.9}, {'lat': -53.83, 'long': 8.578, 'Time': Timestamp('2008-11-14 02:43:54'), 'mag': 5.4}]",4,13
1069,2008-11-08 11:51:23.197,0,[],0,9
1070,2008-11-23 15:09:52.335,1,"[{'lat': -36.322, 'long': -73.009, 'Time': Timestamp('2008-11-23 21:19:40'), 'mag': 5.3}]",1,24
1071,2008-11-13 18:24:49.237,0,[],0,14
1072,2008-11-29 21:38:51.773,1,"[{'lat': -64.108, 'long': -169.06, 'Time': Timestamp('2008-12-01 04:52:08'), 'mag': 5.3}, {'lat': -22.941, 'long': -175.19, 'Time': Timestamp('2008-12-01 20:21:34'), 'mag': 5.3}]",2,30
1073,2008-11-12 00:52:52.272,1,"[{'lat': 6.991, 'long': 126.328, 'Time': Timestamp('2008-11-12 02:04:52'), 'mag': 5.1}, {'lat': 38.841, 'long': 35.524, 'Time': Timestamp('2008-11-12 14:03:18'), 'mag': 5.1}, {'lat': -6.366, 'long': 26.858, 'Time': Timestamp('2008-11-13 11:07:23'), 'mag': 5.0}]",3,12
1074,2008-11-19 05:47:53.133,1,"[{'lat': 8.657, 'long': 93.64, 'Time': Timestamp('2008-11-19 17:14:20'), 'mag': 5.2}]",1,19
1075,2008-11-27 09:02:50.530,0,[],0,27
1076,2008-11-06 12:21:53.597,0,[],0,6
1077,2008-11-05 15:39:46.096,1,"[{'lat': 56.812, 'long': -34.138, 'Time': Timestamp('2008-11-06 10:24:22'), 'mag': 5.1}]",1,5
1078,2008-11-28 07:56:17.691,0,[],0,27
1079,2008-12-01 11:12:53.972,0,[],0,30
1080,2008-11-16 14:31:23.881,0,[],0,15
1081,2008-11-10 17:47:24.079,1,"[{'lat': 14.028, 'long': -90.601, 'Time': Timestamp('2008-11-11 15:05:55'), 'mag': 5.1}]",1,9
1082,2008-11-12 21:01:23.132,1,"[{'lat': -56.92, 'long': -140.801, 'Time': Timestamp('2008-11-13 16:02:08'), 'mag': 5.5}, {'lat': -56.85, 'long': -141.268, 'Time': Timestamp('2008-11-13 16:32:10'), 'mag': 5.0}, {'lat': -56.901, 'long': -141.004, 'Time': Timestamp('2008-11-13 18:12:55'), 'mag': 5.3}, {'lat': 43.5, 'long': -127.393, 'Time': Timestamp('2008-11-14 01:48:37'), 'mag': 5.3}]",4,11
1083,2008-11-14 00:15:15.183,1,"[{'lat': -21.625, 'long': 170.557, 'Time': Timestamp('2008-11-14 22:53:00'), 'mag': 5.3}, {'lat': 51.417, 'long': -175.035, 'Time': Timestamp('2008-11-15 04:03:25'), 'mag': 5.3}, {'lat': -19.093, 'long': 168.502, 'Time': Timestamp('2008-11-15 21:58:30'), 'mag': 5.0}, {'lat': 32.139, 'long': 104.753, 'Time': Timestamp('2008-11-15 22:59:50'), 'mag': 5.0}]",4,12
1084,2008-11-18 05:10:02.195,1,"[{'lat': 8.657, 'long': 93.64, 'Time': Timestamp('2008-11-19 17:14:20'), 'mag': 5.2}]",1,16
1085,2008-11-12 08:26:23.174,1,"[{'lat': 38.841, 'long': 35.524, 'Time': Timestamp('2008-11-12 14:03:18'), 'mag': 5.1}, {'lat': -6.366, 'long': 26.858, 'Time': Timestamp('2008-11-13 11:07:23'), 'mag': 5.0}, {'lat': -53.794, 'long': 8.727, 'Time': Timestamp('2008-11-14 02:05:09'), 'mag': 5.9}, {'lat': -53.83, 'long': 8.578, 'Time': Timestamp('2008-11-14 02:43:54'), 'mag': 5.4}]",4,10
1086,2008-11-29 11:43:23.373,0,[],0,27
1087,2008-11-30 15:01:46.977,0,[],0,28
1088,2008-11-17 21:30:53.533,1,"[{'lat': -37.75, 'long': -94.75, 'Time': Timestamp('2008-11-18 20:01:44'), 'mag': 5.0}, {'lat': 8.267, 'long': -82.967, 'Time': Timestamp('2008-11-19 06:11:20'), 'mag': 6.3}, {'lat': -7.796, 'long': -74.431, 'Time': Timestamp('2008-11-19 07:49:53'), 'mag': 5.3}, {'lat': -22.168, 'long': -179.717, 'Time': Timestamp('2008-11-19 20:38:58'), 'mag': 5.8}]",4,15
1089,2008-11-19 00:44:52.448,1,"[{'lat': -5.025, 'long': 143.6, 'Time': Timestamp('2008-11-19 00:54:45'), 'mag': 5.4}, {'lat': -19.15, 'long': 169.682, 'Time': Timestamp('2008-11-19 03:10:39'), 'mag': 5.1}, {'lat': 47.372, 'long': -27.449, 'Time': Timestamp('2008-11-19 15:20:58'), 'mag': 5.2}, {'lat': 8.657, 'long': 93.64, 'Time': Timestamp('2008-11-19 17:14:20'), 'mag': 5.2}, {'lat': 35.972, 'long': 141.567, 'Time': Timestamp('2008-11-19 19:25:42'), 'mag': 5.0}]",5,16
1090,2008-11-20 07:17:56.986,0,[],0,17
1091,2008-12-02 10:34:20.845,0,[],0,29
1092,2008-11-26 13:53:23.801,1,"[{'lat': 22.482, 'long': -45.016, 'Time': Timestamp('2008-11-28 09:38:14'), 'mag': 5.2}]",1,23
1093,2008-11-16 22:00:52.127,1,"[{'lat': -16.839, 'long': 171.998, 'Time': Timestamp('2008-11-17 13:16:35'), 'mag': 5.4}, {'lat': -19.027, 'long': 169.55, 'Time': Timestamp('2008-11-18 11:12:21'), 'mag': 5.0}, {'lat': -18.897, 'long': 169.48, 'Time': Timestamp('2008-11-18 14:03:15'), 'mag': 5.5}, {'lat': -18.92, 'long': 169.635, 'Time': Timestamp('2008-11-18 14:38:47'), 'mag': 5.3}, {'lat': -37.75, 'long': -94.75, 'Time': Timestamp('2008-11-18 20:01:44'), 'mag': 5.0}]",5,13
1094,2008-11-13 01:14:48.318,1,"[{'lat': -6.366, 'long': 26.858, 'Time': Timestamp('2008-11-13 11:07:23'), 'mag': 5.0}]",1,9
1095,2008-11-25 06:09:56.802,1,"[{'lat': -4.921, 'long': 68.547, 'Time': Timestamp('2008-11-26 04:47:01'), 'mag': 5.2}]",1,21
1096,2008-11-11 09:25:21.548,1,"[{'lat': 38.841, 'long': 35.524, 'Time': Timestamp('2008-11-12 14:03:18'), 'mag': 5.1}]",1,7
1097,2008-11-28 12:44:23.175,0,[],0,24
1098,2008-12-02 16:01:49.222,0,[],0,28
1099,2008-12-03 19:16:53.283,0,[],0,29
1100,2008-11-10 22:30:23.335,1,"[{'lat': 14.028, 'long': -90.601, 'Time': Timestamp('2008-11-11 15:05:55'), 'mag': 5.1}, {'lat': -63.181, 'long': 169.732, 'Time': Timestamp('2008-11-12 04:21:46'), 'mag': 5.1}]",2,6
1101,2008-11-29 08:18:16.376,0,[],0,24
1102,2008-11-25 11:35:23.549,0,[],0,20
1103,2008-11-25 14:53:51.419,1,"[{'lat': -15.867, 'long': -73.453, 'Time': Timestamp('2008-11-27 03:04:57'), 'mag': 5.0}]",1,20
1104,2008-11-12 21:23:23.880,1,"[{'lat': 10.838, 'long': -86.115, 'Time': Timestamp('2008-11-13 09:49:51'), 'mag': 5.4}, {'lat': -21.802, 'long': -178.147, 'Time': Timestamp('2008-11-13 10:31:37'), 'mag': 5.3}, {'lat': -6.366, 'long': 26.858, 'Time': Timestamp('2008-11-13 11:07:23'), 'mag': 5.0}, {'lat': -55.961, 'long': -27.234, 'Time': Timestamp('2008-11-13 15:10:15'), 'mag': 5.6}, {'lat': -56.92, 'long': -140.801, 'Time': Timestamp('2008-11-13 16:02:08'), 'mag': 5.5}, {'lat': -56.85, 'long': -141.268, 'Time': Timestamp('2008-11-13 16:32:10'), 'mag': 5.0}, {'lat': -56.901, 'long': -141.004, 'Time': Timestamp('2008-11-13 18:12:55'), 'mag': 5.3}, {'lat': 43.5, 'long': -127.393, 'Time': Timestamp('2008-11-14 01:48:37'), 'mag': 5.3}, {'lat': -53.794, 'long': 8.727, 'Time': Timestamp('2008-11-14 02:05:09'), 'mag': 5.9}, {'lat': -53.83, 'long': 8.578, 'Time': Timestamp('2008-11-14 02:43:54'), 'mag': 5.4}, {'lat': -56.447, 'long': -25.447, 'Time': Timestamp('2008-11-14 19:10:47'), 'mag': 5.0}]",11,7
1105,2008-11-17 00:36:45.930,1,"[{'lat': -5.659, 'long': 128.799, 'Time': Timestamp('2008-11-17 06:00:58'), 'mag': 5.6}, {'lat': -2.613, 'long': 145.451, 'Time': Timestamp('2008-11-17 09:48:25'), 'mag': 5.2}, {'lat': -11.51, 'long': 166.159, 'Time': Timestamp('2008-11-17 11:31:52'), 'mag': 5.4}, {'lat': -16.839, 'long': 171.998, 'Time': Timestamp('2008-11-17 13:16:35'), 'mag': 5.4}, {'lat': 4.787, 'long': 124.8, 'Time': Timestamp('2008-11-18 05:46:55'), 'mag': 5.3}, {'lat': -19.027, 'long': 169.55, 'Time': Timestamp('2008-11-18 11:12:21'), 'mag': 5.0}, {'lat': -18.897, 'long': 169.48, 'Time': Timestamp('2008-11-18 14:03:15'), 'mag': 5.5}, {'lat': -18.92, 'long': 169.635, 'Time': Timestamp('2008-11-18 14:38:47'), 'mag': 5.3}, {'lat': -4.44, 'long': 152.756, 'Time': Timestamp('2008-11-18 20:41:30'), 'mag': 5.0}]",9,11
1106,2008-12-02 07:09:53.237,0,[],0,26
1107,2008-11-22 10:26:18.864,1,"[{'lat': -1.23, 'long': -13.933, 'Time': Timestamp('2008-11-22 18:49:42'), 'mag': 6.3}]",1,16
1108,2008-11-17 07:40:20.305,0,[],0,10
1109,2008-12-05 10:56:53.360,0,[],0,28
1110,2008-11-29 14:15:14.988,0,[],0,22
1111,2008-11-27 17:31:53.602,0,[],0,20
1112,2008-11-29 20:45:53.656,1,"[{'lat': -64.108, 'long': -169.06, 'Time': Timestamp('2008-12-01 04:52:08'), 'mag': 5.3}]",1,22
1113,2008-11-22 23:59:23.708,1,"[{'lat': -22.434, 'long': 171.322, 'Time': Timestamp('2008-11-23 08:58:18'), 'mag': 5.6}, {'lat': -4.644, 'long': 153.049, 'Time': Timestamp('2008-11-23 11:57:48'), 'mag': 5.3}, {'lat': 54.203, 'long': 154.322, 'Time': Timestamp('2008-11-24 09:02:58'), 'mag': 7.3}]",3,15
1114,2008-11-25 14:45:50.156,1,"[{'lat': -15.867, 'long': -73.453, 'Time': Timestamp('2008-11-27 03:04:57'), 'mag': 5.0}]",1,17
1115,2008-11-23 18:01:24.003,1,"[{'lat': 17.386, 'long': -93.687, 'Time': Timestamp('2008-11-23 18:06:41'), 'mag': 5.0}]",1,15
1116,2008-11-22 21:15:24.056,1,"[{'lat': -37.244, 'long': -95.065, 'Time': Timestamp('2008-11-22 23:06:47'), 'mag': 5.7}, {'lat': -20.256, 'long': -175.574, 'Time': Timestamp('2008-11-23 07:53:45'), 'mag': 5.5}, {'lat': 19.49, 'long': -66.325, 'Time': Timestamp('2008-11-23 09:05:20'), 'mag': 5.0}, {'lat': 17.386, 'long': -93.687, 'Time': Timestamp('2008-11-23 18:06:41'), 'mag': 5.0}, {'lat': -36.322, 'long': -73.009, 'Time': Timestamp('2008-11-23 21:19:40'), 'mag': 5.3}]",5,14
1117,2008-11-14 00:29:17.875,1,"[{'lat': -21.625, 'long': 170.557, 'Time': Timestamp('2008-11-14 22:53:00'), 'mag': 5.3}, {'lat': 51.417, 'long': -175.035, 'Time': Timestamp('2008-11-15 04:03:25'), 'mag': 5.3}, {'lat': -19.093, 'long': 168.502, 'Time': Timestamp('2008-11-15 21:58:30'), 'mag': 5.0}, {'lat': 32.139, 'long': 104.753, 'Time': Timestamp('2008-11-15 22:59:50'), 'mag': 5.0}]",4,5
1118,2008-11-17 05:23:55.600,0,[],0,8
1119,2008-11-30 08:38:53.242,1,"[{'lat': 35.299, 'long': 46.544, 'Time': Timestamp('2008-12-01 10:18:40'), 'mag': 5.0}]",1,21
1120,2008-11-30 11:57:53.297,0,[],0,21
1121,2008-12-01 15:15:49.668,0,[],0,22
1122,2008-11-18 18:31:23.405,0,[],0,9
1123,2008-11-14 21:44:53.457,1,"[{'lat': 13.05, 'long': -88.75, 'Time': Timestamp('2008-11-15 23:03:16'), 'mag': 5.8}]",1,5
1124,2008-11-18 00:58:48.276,1,"[{'lat': 4.787, 'long': 124.8, 'Time': Timestamp('2008-11-18 05:46:55'), 'mag': 5.3}, {'lat': -18.897, 'long': 169.48, 'Time': Timestamp('2008-11-18 14:03:15'), 'mag': 5.5}, {'lat': -4.44, 'long': 152.756, 'Time': Timestamp('2008-11-18 20:41:30'), 'mag': 5.0}, {'lat': -5.025, 'long': 143.6, 'Time': Timestamp('2008-11-19 00:54:45'), 'mag': 5.4}, {'lat': 47.372, 'long': -27.449, 'Time': Timestamp('2008-11-19 15:20:58'), 'mag': 5.2}, {'lat': 8.657, 'long': 93.64, 'Time': Timestamp('2008-11-19 17:14:20'), 'mag': 5.2}, {'lat': 35.972, 'long': 141.567, 'Time': Timestamp('2008-11-19 19:25:42'), 'mag': 5.0}]",7,8
1125,2008-11-21 05:53:54.561,0,[],0,11
1126,2008-11-18 09:09:20.630,0,[],0,8
1127,2008-11-18 12:28:23.698,1,"[{'lat': 47.372, 'long': -27.449, 'Time': Timestamp('2008-11-19 15:20:58'), 'mag': 5.2}]",1,8
1128,2008-11-21 15:45:50.404,1,"[{'lat': -9.069, 'long': -75.664, 'Time': Timestamp('2008-11-22 20:25:52'), 'mag': 5.1}, {'lat': -37.244, 'long': -95.065, 'Time': Timestamp('2008-11-22 23:06:47'), 'mag': 5.7}, {'lat': 19.49, 'long': -66.325, 'Time': Timestamp('2008-11-23 09:05:20'), 'mag': 5.0}]",3,11
1129,2008-11-30 19:00:53.805,0,[],0,20
1130,2008-12-09 22:14:53.858,1,"[{'lat': -12.337, 'long': 166.572, 'Time': Timestamp('2008-12-10 13:15:34'), 'mag': 6.0}]",1,29
1131,2008-11-16 01:28:52.226,1,"[{'lat': 1.271, 'long': 122.091, 'Time': Timestamp('2008-11-16 17:02:32'), 'mag': 7.4}, {'lat': 1.291, 'long': 122.106, 'Time': Timestamp('2008-11-16 17:34:38'), 'mag': 5.6}, {'lat': 1.127, 'long': 121.775, 'Time': Timestamp('2008-11-16 18:20:32'), 'mag': 5.5}, {'lat': -5.659, 'long': 128.799, 'Time': Timestamp('2008-11-17 06:00:58'), 'mag': 5.6}, {'lat': -2.613, 'long': 145.451, 'Time': Timestamp('2008-11-17 09:48:25'), 'mag': 5.2}]",5,5
1132,2008-11-27 06:23:56.168,0,[],0,16
1133,2008-11-30 09:39:23.800,1,"[{'lat': 35.299, 'long': 46.544, 'Time': Timestamp('2008-12-01 10:18:40'), 'mag': 5.0}]",1,19
1134,2008-12-08 12:58:53.099,0,[],0,27
1135,2008-12-07 16:15:51.691,0,[],0,26
1136,2008-11-17 19:30:53.206,0,[],0,6
1137,2008-11-26 22:44:23.259,1,"[{'lat': -17.801, 'long': 167.588, 'Time': Timestamp('2008-11-27 17:31:27'), 'mag': 5.5}, {'lat': -17.84, 'long': 167.615, 'Time': Timestamp('2008-11-27 17:37:45'), 'mag': 5.1}, {'lat': -22.755, 'long': -175.236, 'Time': Timestamp('2008-11-28 01:34:01'), 'mag': 5.3}]",3,15
1138,2008-11-21 01:58:50.845,1,"[{'lat': 43.189, 'long': 145.809, 'Time': Timestamp('2008-11-21 15:44:46'), 'mag': 5.2}]",1,9
1139,2008-11-27 06:54:23.035,0,[],0,15
1140,2008-11-29 10:10:20.715,0,[],0,17
1141,2008-11-17 13:29:23.671,0,[],0,5
1142,2008-12-02 23:13:53.830,0,[],0,20
1143,2008-12-13 07:24:22.156,1,"[{'lat': -7.346, 'long': 30.128, 'Time': Timestamp('2008-12-14 09:43:10'), 'mag': 5.2}]",1,30
1144,2008-12-03 10:40:52.668,0,[],0,20
1145,2008-11-30 13:59:24.072,0,[],0,17
1146,2008-12-08 18:53:17.706,0,[],0,25
1147,2008-12-12 22:06:53.205,1,"[{'lat': -48.981, 'long': 123.398, 'Time': Timestamp('2008-12-13 08:45:36'), 'mag': 5.9}, {'lat': -49.007, 'long': 123.505, 'Time': Timestamp('2008-12-13 08:59:41'), 'mag': 5.4}, {'lat': 8.012, 'long': -38.022, 'Time': Timestamp('2008-12-13 17:21:14'), 'mag': 5.0}, {'lat': -58.846, 'long': -26.058, 'Time': Timestamp('2008-12-14 05:13:07'), 'mag': 5.0}, {'lat': -7.346, 'long': 30.128, 'Time': Timestamp('2008-12-14 09:43:10'), 'mag': 5.2}, {'lat': -42.039, 'long': 84.608, 'Time': Timestamp('2008-12-14 16:25:24'), 'mag': 5.1}, {'lat': -60.078, 'long': -18.762, 'Time': Timestamp('2008-12-14 20:36:29'), 'mag': 5.5}]",7,29
1148,2008-11-23 01:20:51.573,1,"[{'lat': -4.644, 'long': 153.049, 'Time': Timestamp('2008-11-23 11:57:48'), 'mag': 5.3}, {'lat': 54.203, 'long': 154.322, 'Time': Timestamp('2008-11-24 09:02:58'), 'mag': 7.3}]",2,9
1149,2008-11-26 06:15:55.515,0,[],0,12
1150,2008-12-02 09:31:21.818,0,[],0,18
1151,2008-12-14 12:50:53.446,0,[],0,30
1152,2008-11-24 16:08:22.149,0,[],0,10
1153,2008-11-30 19:22:53.553,0,[],0,16
1154,2008-12-10 03:30:24.546,1,"[{'lat': 1.551, 'long': 126.508, 'Time': Timestamp('2008-12-11 14:23:42'), 'mag': 5.0}, {'lat': -3.649, 'long': 100.753, 'Time': Timestamp('2008-12-11 17:06:06'), 'mag': 5.7}, {'lat': -5.845, 'long': 105.333, 'Time': Timestamp('2008-12-11 20:55:04'), 'mag': 5.2}, {'lat': -6.02, 'long': 105.317, 'Time': Timestamp('2008-12-11 20:57:25'), 'mag': 5.1}, {'lat': 0.063, 'long': 123.433, 'Time': Timestamp('2008-12-11 21:40:51'), 'mag': 5.9}]",5,25
1155,2008-12-14 06:46:23.372,1,"[{'lat': -16.173, 'long': 67.508, 'Time': Timestamp('2008-12-15 16:50:44'), 'mag': 5.0}]",1,29
1156,2008-12-13 10:01:52.219,1,"[{'lat': -7.346, 'long': 30.128, 'Time': Timestamp('2008-12-14 09:43:10'), 'mag': 5.2}, {'lat': -60.078, 'long': -18.762, 'Time': Timestamp('2008-12-14 20:36:29'), 'mag': 5.5}]",2,28
1157,2008-11-28 13:21:23.847,0,[],0,13
1158,2008-11-24 16:38:23.544,0,[],0,9
1159,2008-12-03 19:52:53.954,0,[],0,18
1160,2008-11-30 11:56:23.774,0,[],0,8
1161,2008-12-20 15:14:22.914,1,"[{'lat': -31.577, 'long': -68.106, 'Time': Timestamp('2008-12-20 17:07:00'), 'mag': 5.2}, {'lat': -22.875, 'long': -67.967, 'Time': Timestamp('2008-12-21 06:48:14'), 'mag': 5.2}, {'lat': -17.637, 'long': -69.064, 'Time': Timestamp('2008-12-22 13:52:40'), 'mag': 5.0}]",3,28
1162,2008-12-13 18:29:53.882,0,[],0,21
1163,2008-12-22 12:49:23.876,0,[],0,25
1164,2008-12-15 17:44:23.957,1,"[{'lat': 9.558, 'long': -84.215, 'Time': Timestamp('2008-12-16 04:53:37'), 'mag': 5.0}]",1,18
1165,2008-12-19 20:58:24.010,1,"[{'lat': -31.054, 'long': -177.791, 'Time': Timestamp('2008-12-20 06:10:33'), 'mag': 5.0}, {'lat': -31.247, 'long': -177.179, 'Time': Timestamp('2008-12-20 22:40:02'), 'mag': 5.0}]",2,22
1166,2008-12-26 00:11:51.485,1,"[{'lat': -2.427, 'long': 68.144, 'Time': Timestamp('2008-12-26 18:14:45'), 'mag': 5.0}, {'lat': -49.504, 'long': 163.989, 'Time': Timestamp('2008-12-27 06:59:57'), 'mag': 5.1}, {'lat': 53.391, 'long': -163.528, 'Time': Timestamp('2008-12-27 14:50:28'), 'mag': 5.2}, {'lat': 43.934, 'long': 148.283, 'Time': Timestamp('2008-12-27 19:16:23'), 'mag': 5.1}, {'lat': -14.833, 'long': 167.77, 'Time': Timestamp('2008-12-27 21:07:48'), 'mag': 5.2}]",5,28
1167,2008-12-27 08:21:17.404,1,"[{'lat': 40.39, 'long': 25.78, 'Time': Timestamp('2008-12-28 22:58:59'), 'mag': 5.2}, {'lat': 36.389, 'long': 71.075, 'Time': Timestamp('2008-12-29 03:37:41'), 'mag': 5.8}]",2,29
1168,2008-12-10 11:40:23.251,0,[],0,12
1169,2008-12-04 14:58:18.182,1,"[{'lat': -21.389, 'long': -68.288, 'Time': Timestamp('2008-12-04 16:47:09'), 'mag': 5.5}]",1,6
1170,2008-12-16 18:13:53.358,0,[],0,18
1171,2008-12-27 02:19:22.240,1,"[{'lat': 43.934, 'long': 148.283, 'Time': Timestamp('2008-12-27 19:16:23'), 'mag': 5.1}, {'lat': 48.284, 'long': 154.365, 'Time': Timestamp('2008-12-28 13:31:36'), 'mag': 5.4}, {'lat': 48.225, 'long': 154.384, 'Time': Timestamp('2008-12-28 18:03:38'), 'mag': 5.0}, {'lat': 48.289, 'long': 154.292, 'Time': Timestamp('2008-12-28 21:40:16'), 'mag': 5.4}, {'lat': 48.248, 'long': 154.283, 'Time': Timestamp('2008-12-28 22:39:45'), 'mag': 5.0}]",5,28
1172,2008-12-29 12:10:53.652,0,[],0,30
1173,2008-12-05 15:28:44.711,1,"[{'lat': 13.35, 'long': -44.826, 'Time': Timestamp('2008-12-07 06:23:09'), 'mag': 5.6}]",1,6
1174,2008-12-13 18:43:49.640,0,[],0,14
1175,2008-12-16 21:57:23.332,1,"[{'lat': -29.726, 'long': -71.506, 'Time': Timestamp('2008-12-16 22:05:25'), 'mag': 5.1}, {'lat': -17.744, 'long': -178.371, 'Time': Timestamp('2008-12-17 10:55:59'), 'mag': 5.8}, {'lat': -36.914, 'long': 177.732, 'Time': Timestamp('2008-12-17 20:33:57'), 'mag': 5.2}, {'lat': -17.004, 'long': 168.551, 'Time': Timestamp('2008-12-18 03:20:02'), 'mag': 5.1}, {'lat': 18.622, 'long': -69.408, 'Time': Timestamp('2008-12-18 17:13:47'), 'mag': 5.1}, {'lat': -23.495, 'long': -179.996, 'Time': Timestamp('2008-12-18 20:57:39'), 'mag': 5.6}, {'lat': -32.458, 'long': -71.726, 'Time': Timestamp('2008-12-18 21:19:28'), 'mag': 6.2}, {'lat': -32.473, 'long': -72.051, 'Time': Timestamp('2008-12-18 21:50:28'), 'mag': 6.0}]",8,17
1176,2008-12-10 01:11:48.196,1,"[{'lat': -12.337, 'long': 166.572, 'Time': Timestamp('2008-12-10 13:15:34'), 'mag': 6.0}, {'lat': 35.313, 'long': 81.409, 'Time': Timestamp('2008-12-11 12:31:05'), 'mag': 5.0}, {'lat': 1.551, 'long': 126.508, 'Time': Timestamp('2008-12-11 14:23:42'), 'mag': 5.0}, {'lat': -3.649, 'long': 100.753, 'Time': Timestamp('2008-12-11 17:06:06'), 'mag': 5.7}, {'lat': -5.845, 'long': 105.333, 'Time': Timestamp('2008-12-11 20:55:04'), 'mag': 5.2}, {'lat': -6.02, 'long': 105.317, 'Time': Timestamp('2008-12-11 20:57:25'), 'mag': 5.1}, {'lat': 0.063, 'long': 123.433, 'Time': Timestamp('2008-12-11 21:40:51'), 'mag': 5.9}]",7,10
1177,2008-12-28 06:06:52.584,1,"[{'lat': 36.389, 'long': 71.075, 'Time': Timestamp('2008-12-29 03:37:41'), 'mag': 5.8}, {'lat': -1.191, 'long': 67.556, 'Time': Timestamp('2008-12-29 12:11:45'), 'mag': 5.2}]",2,28
1178,2008-12-14 09:21:53.753,1,"[{'lat': -7.346, 'long': 30.128, 'Time': Timestamp('2008-12-14 09:43:10'), 'mag': 5.2}]",1,14
1179,2008-12-19 12:41:24.053,1,"[{'lat': -31.193, 'long': -13.338, 'Time': Timestamp('2008-12-20 21:05:16'), 'mag': 5.8}, {'lat': -31.12, 'long': -13.419, 'Time': Timestamp('2008-12-20 22:13:48'), 'mag': 5.4}]",2,19
1180,2008-12-08 22:27:23.212,1,"[{'lat': -31.232, 'long': -176.924, 'Time': Timestamp('2008-12-09 06:23:59'), 'mag': 6.8}, {'lat': -15.929, 'long': 168.173, 'Time': Timestamp('2008-12-09 17:28:58'), 'mag': 6.1}, {'lat': -31.106, 'long': -176.894, 'Time': Timestamp('2008-12-09 18:18:31'), 'mag': 5.0}, {'lat': -12.337, 'long': 166.572, 'Time': Timestamp('2008-12-10 13:15:34'), 'mag': 6.0}]",4,8
1181,2008-12-21 06:36:54.195,1,"[{'lat': 35.962, 'long': 71.407, 'Time': Timestamp('2008-12-21 22:38:29'), 'mag': 5.0}]",1,20
1182,2008-12-23 09:52:21.826,1,"[{'lat': 44.555, 'long': 10.41, 'Time': Timestamp('2008-12-23 15:24:22'), 'mag': 5.4}, {'lat': 44.521, 'long': 10.392, 'Time': Timestamp('2008-12-23 21:58:25'), 'mag': 5.0}]",2,22
1183,2008-12-29 13:11:53.454,0,[],0,28
1184,2008-12-19 16:28:49.501,1,"[{'lat': -32.607, 'long': -71.99, 'Time': Timestamp('2008-12-19 16:48:50'), 'mag': 5.2}, {'lat': -32.501, 'long': -71.917, 'Time': Timestamp('2008-12-20 11:29:37'), 'mag': 5.0}, {'lat': -31.577, 'long': -68.106, 'Time': Timestamp('2008-12-20 17:07:00'), 'mag': 5.2}, {'lat': -22.875, 'long': -67.967, 'Time': Timestamp('2008-12-21 06:48:14'), 'mag': 5.2}]",4,18
1185,2008-12-21 19:43:23.561,0,[],0,20
1186,2008-12-18 22:56:53.614,1,"[{'lat': -9.957, 'long': 160.479, 'Time': Timestamp('2008-12-19 20:02:19'), 'mag': 5.1}, {'lat': -9.956, 'long': 160.404, 'Time': Timestamp('2008-12-19 22:33:20'), 'mag': 5.2}, {'lat': -31.054, 'long': -177.791, 'Time': Timestamp('2008-12-20 06:10:33'), 'mag': 5.0}, {'lat': -31.247, 'long': -177.179, 'Time': Timestamp('2008-12-20 22:40:02'), 'mag': 5.0}]",4,17
1187,2008-12-15 07:06:57.040,1,"[{'lat': -16.173, 'long': 67.508, 'Time': Timestamp('2008-12-15 16:50:44'), 'mag': 5.0}, {'lat': -16.289, 'long': 67.125, 'Time': Timestamp('2008-12-16 10:19:40'), 'mag': 5.2}]",2,13
1188,2008-12-23 15:20:51.639,0,[],0,21
1189,2008-12-12 18:35:49.817,0,[],0,10
1190,2008-12-30 21:49:50.852,1,"[{'lat': -25.378, 'long': -177.612, 'Time': Timestamp('2008-12-31 14:02:27'), 'mag': 5.3}, {'lat': -8.823, 'long': -75.872, 'Time': Timestamp('2008-12-31 21:23:42'), 'mag': 5.0}, {'lat': -34.84, 'long': -107.647, 'Time': Timestamp('2009-01-01 06:27:51'), 'mag': 5.8}, {'lat': -34.876, 'long': -107.781, 'Time': Timestamp('2009-01-01 12:42:05'), 'mag': 5.0}]",4,28
1191,2008-12-16 01:03:51.575,1,"[{'lat': -16.289, 'long': 67.125, 'Time': Timestamp('2008-12-16 10:19:40'), 'mag': 5.2}, {'lat': -7.177, 'long': 147.892, 'Time': Timestamp('2008-12-17 08:09:57'), 'mag': 5.3}, {'lat': 6.88, 'long': 94.756, 'Time': Timestamp('2008-12-17 13:47:59'), 'mag': 5.0}, {'lat': -6.072, 'long': 103.514, 'Time': Timestamp('2008-12-17 16:06:58'), 'mag': 5.2}, {'lat': 39.206, 'long': 15.444, 'Time': Timestamp('2008-12-17 21:57:44'), 'mag': 5.3}]",5,13
1192,2009-01-01 05:58:55.421,0,[],0,29
1193,2008-12-10 09:13:50.162,0,[],0,7
1194,2008-12-20 12:33:23.432,1,"[{'lat': -31.193, 'long': -13.338, 'Time': Timestamp('2008-12-20 21:05:16'), 'mag': 5.8}, {'lat': -31.12, 'long': -13.419, 'Time': Timestamp('2008-12-20 22:13:48'), 'mag': 5.4}]",2,17
1195,2008-12-29 22:19:23.592,1,"[{'lat': -8.823, 'long': -75.872, 'Time': Timestamp('2008-12-31 21:23:42'), 'mag': 5.0}]",1,26
1196,2008-12-11 06:28:50.479,1,"[{'lat': 35.313, 'long': 81.409, 'Time': Timestamp('2008-12-11 12:31:05'), 'mag': 5.0}]",1,7
1197,2008-12-12 09:44:22.206,1,"[{'lat': 38.72, 'long': 22.57, 'Time': Timestamp('2008-12-13 08:27:19'), 'mag': 5.2}, {'lat': -7.346, 'long': 30.128, 'Time': Timestamp('2008-12-14 09:43:10'), 'mag': 5.2}]",2,8
1198,2008-12-11 13:03:53.834,0,[],0,7
1199,2008-12-24 16:20:51.097,0,[],0,20
1200,2008-12-13 19:35:24.253,0,[],0,9
1201,2008-12-28 22:49:23.993,1,"[{'lat': -10.619, 'long': 161.162, 'Time': Timestamp('2008-12-30 17:43:51'), 'mag': 5.4}]",1,24
1202,2008-12-18 08:35:50.140,0,[],0,13
1203,2008-12-22 11:54:53.207,1,"[{'lat': 44.555, 'long': 10.41, 'Time': Timestamp('2008-12-23 15:24:22'), 'mag': 5.4}, {'lat': 44.521, 'long': 10.392, 'Time': Timestamp('2008-12-23 21:58:25'), 'mag': 5.0}]",2,17
1204,2008-12-11 15:12:52.347,0,[],0,6
1205,2008-12-18 18:28:23.315,0,[],0,13
1206,2008-12-22 21:41:53.367,1,"[{'lat': -17.29, 'long': -171.909, 'Time': Timestamp('2008-12-24 09:11:34'), 'mag': 6.0}]",1,17
1207,2008-12-27 00:55:48.186,1,"[{'lat': 43.934, 'long': 148.283, 'Time': Timestamp('2008-12-27 19:16:23'), 'mag': 5.1}, {'lat': -14.833, 'long': 167.77, 'Time': Timestamp('2008-12-27 21:07:48'), 'mag': 5.2}, {'lat': 35.131, 'long': -35.173, 'Time': Timestamp('2008-12-28 13:01:22'), 'mag': 5.0}, {'lat': 48.284, 'long': 154.365, 'Time': Timestamp('2008-12-28 13:31:36'), 'mag': 5.4}, {'lat': 48.225, 'long': 154.384, 'Time': Timestamp('2008-12-28 18:03:38'), 'mag': 5.0}, {'lat': -11.33, 'long': 166.459, 'Time': Timestamp('2008-12-28 20:25:31'), 'mag': 5.0}, {'lat': 48.289, 'long': 154.292, 'Time': Timestamp('2008-12-28 21:40:16'), 'mag': 5.4}, {'lat': 48.248, 'long': 154.283, 'Time': Timestamp('2008-12-28 22:39:45'), 'mag': 5.0}, {'lat': 40.39, 'long': 25.78, 'Time': Timestamp('2008-12-28 22:58:59'), 'mag': 5.2}]",9,21
1208,2008-12-17 05:50:54.472,1,"[{'lat': 6.88, 'long': 94.756, 'Time': Timestamp('2008-12-17 13:47:59'), 'mag': 5.0}, {'lat': 36.755, 'long': 96.449, 'Time': Timestamp('2008-12-18 17:39:25'), 'mag': 5.1}]",2,11
1209,2008-12-30 09:05:50.541,1,"[{'lat': 17.217, 'long': 40.519, 'Time': Timestamp('2009-01-01 01:39:21'), 'mag': 5.0}]",1,24
1210,2008-12-19 12:25:23.608,1,"[{'lat': -31.193, 'long': -13.338, 'Time': Timestamp('2008-12-20 21:05:16'), 'mag': 5.8}, {'lat': -31.12, 'long': -13.419, 'Time': Timestamp('2008-12-20 22:13:48'), 'mag': 5.4}]",2,13
1211,2008-12-14 15:42:51.642,1,"[{'lat': 9.558, 'long': -84.215, 'Time': Timestamp('2008-12-16 04:53:37'), 'mag': 5.0}]",1,8
1212,2008-12-18 18:57:53.716,0,[],0,12
1213,2009-01-05 22:11:52.073,1,"[{'lat': -57.196, 'long': -143.039, 'Time': Timestamp('2009-01-07 17:29:56'), 'mag': 5.2}]",1,30
1214,2008-12-19 01:25:50.809,1,"[{'lat': 1.227, 'long': 126.839, 'Time': Timestamp('2008-12-19 08:06:12'), 'mag': 5.2}, {'lat': 47.006, 'long': -27.29, 'Time': Timestamp('2008-12-19 08:31:51'), 'mag': 5.9}, {'lat': -9.957, 'long': 160.479, 'Time': Timestamp('2008-12-19 20:02:19'), 'mag': 5.1}, {'lat': -9.956, 'long': 160.404, 'Time': Timestamp('2008-12-19 22:33:20'), 'mag': 5.2}, {'lat': 36.541, 'long': 142.425, 'Time': Timestamp('2008-12-20 10:29:23'), 'mag': 6.3}, {'lat': 36.561, 'long': 142.461, 'Time': Timestamp('2008-12-20 10:48:23'), 'mag': 5.2}, {'lat': 8.872, 'long': 126.537, 'Time': Timestamp('2008-12-20 13:50:02'), 'mag': 5.0}, {'lat': 8.844, 'long': 126.532, 'Time': Timestamp('2008-12-20 15:43:08'), 'mag': 5.6}, {'lat': 12.769, 'long': 143.102, 'Time': Timestamp('2008-12-20 17:27:40'), 'mag': 5.0}, {'lat': 36.612, 'long': 142.204, 'Time': Timestamp('2008-12-20 17:37:16'), 'mag': 5.1}, {'lat': -2.769, 'long': 138.996, 'Time': Timestamp('2008-12-20 17:44:45'), 'mag': 5.5}, {'lat': 36.671, 'long': 142.045, 'Time': Timestamp('2008-12-20 19:13:38'), 'mag': 5.4}, {'lat': 8.843, 'long': 126.609, 'Time': Timestamp('2008-12-20 21:00:45'), 'mag': 5.0}, {'lat': 22.746, 'long': 95.898, 'Time': Timestamp('2008-12-20 23:22:48'), 'mag': 5.3}]",14,12
1215,2008-12-23 06:20:56.201,0,[],0,16
1216,2008-12-29 09:36:16.958,0,[],0,22
1217,2009-01-06 12:55:54.010,0,[],0,30
1218,2009-01-02 22:41:23.170,1,"[{'lat': -25.385, 'long': -175.492, 'Time': Timestamp('2009-01-03 08:22:59'), 'mag': 5.2}, {'lat': -12.429, 'long': 166.739, 'Time': Timestamp('2009-01-03 16:49:25'), 'mag': 5.4}, {'lat': -28.54, 'long': -63.011, 'Time': Timestamp('2009-01-03 21:15:01'), 'mag': 5.1}, {'lat': -58.331, 'long': -139.855, 'Time': Timestamp('2009-01-04 17:46:34'), 'mag': 5.2}, {'lat': -34.462, 'long': -70.582, 'Time': Timestamp('2009-01-04 20:53:26'), 'mag': 5.1}]",5,26
1219,2008-12-30 08:27:51.645,1,"[{'lat': 17.217, 'long': 40.519, 'Time': Timestamp('2009-01-01 01:39:21'), 'mag': 5.0}]",1,22
1220,2008-12-21 11:46:53.384,0,[],0,13
1221,2008-12-17 15:04:55.179,1,"[{'lat': 18.622, 'long': -69.408, 'Time': Timestamp('2008-12-18 17:13:47'), 'mag': 5.1}, {'lat': -32.458, 'long': -71.726, 'Time': Timestamp('2008-12-18 21:19:28'), 'mag': 6.2}, {'lat': -32.473, 'long': -72.051, 'Time': Timestamp('2008-12-18 21:50:28'), 'mag': 6.0}, {'lat': -32.537, 'long': -72.02, 'Time': Timestamp('2008-12-19 07:30:06'), 'mag': 5.4}, {'lat': 47.006, 'long': -27.29, 'Time': Timestamp('2008-12-19 08:31:51'), 'mag': 5.9}, {'lat': -32.458, 'long': -71.949, 'Time': Timestamp('2008-12-19 09:36:04'), 'mag': 5.7}, {'lat': -32.584, 'long': -71.852, 'Time': Timestamp('2008-12-19 13:57:30'), 'mag': 5.2}]",7,9
1222,2008-12-16 18:20:19.373,0,[],0,8
1223,2008-12-20 21:33:24.616,1,"[{'lat': -31.12, 'long': -13.419, 'Time': Timestamp('2008-12-20 22:13:48'), 'mag': 5.4}, {'lat': -31.247, 'long': -177.179, 'Time': Timestamp('2008-12-20 22:40:02'), 'mag': 5.0}, {'lat': -22.875, 'long': -67.967, 'Time': Timestamp('2008-12-21 06:48:14'), 'mag': 5.2}, {'lat': -30.484, 'long': -176.646, 'Time': Timestamp('2008-12-22 06:06:07'), 'mag': 5.0}, {'lat': -17.637, 'long': -69.064, 'Time': Timestamp('2008-12-22 13:52:40'), 'mag': 5.0}, {'lat': -17.31, 'long': -172.635, 'Time': Timestamp('2008-12-22 18:06:32'), 'mag': 5.0}]",6,12
1224,2008-12-19 00:48:21.131,1,"[{'lat': 1.227, 'long': 126.839, 'Time': Timestamp('2008-12-19 08:06:12'), 'mag': 5.2}, {'lat': 47.006, 'long': -27.29, 'Time': Timestamp('2008-12-19 08:31:51'), 'mag': 5.9}, {'lat': -9.957, 'long': 160.479, 'Time': Timestamp('2008-12-19 20:02:19'), 'mag': 5.1}, {'lat': -9.956, 'long': 160.404, 'Time': Timestamp('2008-12-19 22:33:20'), 'mag': 5.2}, {'lat': 36.541, 'long': 142.425, 'Time': Timestamp('2008-12-20 10:29:23'), 'mag': 6.3}, {'lat': 36.561, 'long': 142.461, 'Time': Timestamp('2008-12-20 10:48:23'), 'mag': 5.2}, {'lat': 8.872, 'long': 126.537, 'Time': Timestamp('2008-12-20 13:50:02'), 'mag': 5.0}, {'lat': 8.844, 'long': 126.532, 'Time': Timestamp('2008-12-20 15:43:08'), 'mag': 5.6}, {'lat': 12.769, 'long': 143.102, 'Time': Timestamp('2008-12-20 17:27:40'), 'mag': 5.0}, {'lat': 36.612, 'long': 142.204, 'Time': Timestamp('2008-12-20 17:37:16'), 'mag': 5.1}, {'lat': -2.769, 'long': 138.996, 'Time': Timestamp('2008-12-20 17:44:45'), 'mag': 5.5}, {'lat': 36.671, 'long': 142.045, 'Time': Timestamp('2008-12-20 19:13:38'), 'mag': 5.4}, {'lat': 8.843, 'long': 126.609, 'Time': Timestamp('2008-12-20 21:00:45'), 'mag': 5.0}, {'lat': 22.746, 'long': 95.898, 'Time': Timestamp('2008-12-20 23:22:48'), 'mag': 5.3}]",14,10
1225,2008-12-25 07:21:21.896,1,"[{'lat': 23.417, 'long': 64.499, 'Time': Timestamp('2008-12-25 22:40:23'), 'mag': 5.8}, {'lat': -2.427, 'long': 68.144, 'Time': Timestamp('2008-12-26 18:14:45'), 'mag': 5.0}]",2,16
1226,2008-12-29 10:37:22.184,0,[],0,20
1227,2008-12-22 13:56:22.005,0,[],0,13
1228,2008-12-17 17:12:53.865,1,"[{'lat': 18.622, 'long': -69.408, 'Time': Timestamp('2008-12-18 17:13:47'), 'mag': 5.1}]",1,8
1229,2008-12-22 20:26:53.918,0,[],0,13
1230,2008-12-15 23:40:53.972,1,"[{'lat': -7.177, 'long': 147.892, 'Time': Timestamp('2008-12-17 08:09:57'), 'mag': 5.3}, {'lat': -36.914, 'long': 177.732, 'Time': Timestamp('2008-12-17 20:33:57'), 'mag': 5.2}]",2,6
1231,2008-12-23 09:28:21.732,1,"[{'lat': 44.555, 'long': 10.41, 'Time': Timestamp('2008-12-23 15:24:22'), 'mag': 5.4}, {'lat': 44.521, 'long': 10.392, 'Time': Timestamp('2008-12-23 21:58:25'), 'mag': 5.0}]",2,13
1232,2009-01-06 12:47:53.360,0,[],0,27
1233,2009-01-09 22:33:23.519,1,"[{'lat': -23.039, 'long': -70.805, 'Time': Timestamp('2009-01-09 22:43:30'), 'mag': 5.0}, {'lat': -56.219, 'long': -142.911, 'Time': Timestamp('2009-01-10 06:10:19'), 'mag': 5.1}, {'lat': -26.729, 'long': -175.966, 'Time': Timestamp('2009-01-11 18:29:04'), 'mag': 5.2}]",3,30
1234,2009-01-07 01:47:47.233,1,"[{'lat': 1.788, 'long': 127.318, 'Time': Timestamp('2009-01-07 03:43:07'), 'mag': 5.0}, {'lat': -9.114, 'long': 123.846, 'Time': Timestamp('2009-01-07 04:43:55'), 'mag': 5.0}, {'lat': -0.41, 'long': 132.854, 'Time': Timestamp('2009-01-07 15:02:47'), 'mag': 5.2}, {'lat': -3.435, 'long': 150.182, 'Time': Timestamp('2009-01-07 16:29:35'), 'mag': 5.1}, {'lat': -0.641, 'long': 132.94, 'Time': Timestamp('2009-01-07 23:38:50'), 'mag': 5.2}, {'lat': -0.411, 'long': 132.934, 'Time': Timestamp('2009-01-08 16:18:50'), 'mag': 5.5}, {'lat': -4.773, 'long': 153.072, 'Time': Timestamp('2009-01-08 21:47:03'), 'mag': 5.3}]",7,27
1235,2009-01-01 06:43:27.392,0,[],0,21
1236,2009-01-06 09:58:52.132,1,"[{'lat': -53.057, 'long': 9.543, 'Time': Timestamp('2009-01-07 23:02:45'), 'mag': 5.0}]",1,26
1237,2009-01-05 13:18:23.761,1,"[{'lat': 42.418, 'long': -30.54, 'Time': Timestamp('2009-01-05 18:56:05'), 'mag': 5.1}]",1,25
1238,2008-12-18 16:35:23.814,1,"[{'lat': 18.622, 'long': -69.408, 'Time': Timestamp('2008-12-18 17:13:47'), 'mag': 5.1}, {'lat': -32.458, 'long': -71.726, 'Time': Timestamp('2008-12-18 21:19:28'), 'mag': 6.2}, {'lat': -32.473, 'long': -72.051, 'Time': Timestamp('2008-12-18 21:50:28'), 'mag': 6.0}, {'lat': -32.537, 'long': -72.02, 'Time': Timestamp('2008-12-19 07:30:06'), 'mag': 5.4}, {'lat': -32.458, 'long': -71.949, 'Time': Timestamp('2008-12-19 09:36:04'), 'mag': 5.7}, {'lat': -32.584, 'long': -71.852, 'Time': Timestamp('2008-12-19 13:57:30'), 'mag': 5.2}, {'lat': -32.607, 'long': -71.99, 'Time': Timestamp('2008-12-19 16:48:50'), 'mag': 5.2}, {'lat': -32.501, 'long': -71.917, 'Time': Timestamp('2008-12-20 11:29:37'), 'mag': 5.0}]",8,7
1239,2009-01-06 19:49:23.867,1,"[{'lat': -57.196, 'long': -143.039, 'Time': Timestamp('2009-01-07 17:29:56'), 'mag': 5.2}]",1,26
1240,2008-12-18 23:03:23.920,1,"[{'lat': -9.957, 'long': 160.479, 'Time': Timestamp('2008-12-19 20:02:19'), 'mag': 5.1}, {'lat': -9.956, 'long': 160.404, 'Time': Timestamp('2008-12-19 22:33:20'), 'mag': 5.2}, {'lat': -31.054, 'long': -177.791, 'Time': Timestamp('2008-12-20 06:10:33'), 'mag': 5.0}, {'lat': -31.247, 'long': -177.179, 'Time': Timestamp('2008-12-20 22:40:02'), 'mag': 5.0}]",4,7
1241,2008-12-19 02:17:52.723,1,"[{'lat': 1.227, 'long': 126.839, 'Time': Timestamp('2008-12-19 08:06:12'), 'mag': 5.2}, {'lat': 36.541, 'long': 142.425, 'Time': Timestamp('2008-12-20 10:29:23'), 'mag': 6.3}, {'lat': 36.561, 'long': 142.461, 'Time': Timestamp('2008-12-20 10:48:23'), 'mag': 5.2}, {'lat': 8.872, 'long': 126.537, 'Time': Timestamp('2008-12-20 13:50:02'), 'mag': 5.0}, {'lat': 8.844, 'long': 126.532, 'Time': Timestamp('2008-12-20 15:43:08'), 'mag': 5.6}, {'lat': 12.769, 'long': 143.102, 'Time': Timestamp('2008-12-20 17:27:40'), 'mag': 5.0}, {'lat': 36.612, 'long': 142.204, 'Time': Timestamp('2008-12-20 17:37:16'), 'mag': 5.1}, {'lat': -2.769, 'long': 138.996, 'Time': Timestamp('2008-12-20 17:44:45'), 'mag': 5.5}, {'lat': 36.671, 'long': 142.045, 'Time': Timestamp('2008-12-20 19:13:38'), 'mag': 5.4}, {'lat': 8.843, 'long': 126.609, 'Time': Timestamp('2008-12-20 21:00:45'), 'mag': 5.0}]",10,7
1242,2008-12-19 07:13:27.346,0,[],0,7
1243,2008-12-29 10:29:20.205,0,[],0,17
1244,2009-01-07 13:48:23.162,0,[],0,26
1245,2009-01-03 17:05:23.215,0,[],0,22
1246,2008-12-17 20:19:23.269,0,[],0,5
1247,2009-01-01 23:32:53.321,1,"[{'lat': -19.186, 'long': -174.908, 'Time': Timestamp('2009-01-02 08:51:34'), 'mag': 5.0}, {'lat': 58.3943, 'long': -151.9586, 'Time': Timestamp('2009-01-02 14:17:14'), 'mag': 5.3}, {'lat': -11.412, 'long': 166.339, 'Time': Timestamp('2009-01-02 20:37:17'), 'mag': 5.3}, {'lat': -25.385, 'long': -175.492, 'Time': Timestamp('2009-01-03 08:22:59'), 'mag': 5.2}, {'lat': -12.429, 'long': 166.739, 'Time': Timestamp('2009-01-03 16:49:25'), 'mag': 5.4}]",5,20
1248,2009-01-11 07:43:17.551,1,"[{'lat': -10.228, 'long': 66.311, 'Time': Timestamp('2009-01-12 23:07:08'), 'mag': 5.0}, {'lat': -13.147, 'long': 66.078, 'Time': Timestamp('2009-01-13 01:04:42'), 'mag': 6.0}]",2,29
1249,2008-12-21 10:59:50.607,0,[],0,8
1250,2009-01-01 22:25:53.695,1,"[{'lat': -34.799, 'long': -107.331, 'Time': Timestamp('2009-01-02 08:31:38'), 'mag': 5.0}, {'lat': -19.186, 'long': -174.908, 'Time': Timestamp('2009-01-02 08:51:34'), 'mag': 5.0}, {'lat': 58.3943, 'long': -151.9586, 'Time': Timestamp('2009-01-02 14:17:14'), 'mag': 5.3}, {'lat': 0.624, 'long': -26.661, 'Time': Timestamp('2009-01-02 19:42:27'), 'mag': 5.6}, {'lat': 0.791, 'long': -27.118, 'Time': Timestamp('2009-01-02 20:14:30'), 'mag': 5.5}, {'lat': -11.412, 'long': 166.339, 'Time': Timestamp('2009-01-02 20:37:17'), 'mag': 5.3}, {'lat': -12.429, 'long': 166.739, 'Time': Timestamp('2009-01-03 16:49:25'), 'mag': 5.4}, {'lat': -28.54, 'long': -63.011, 'Time': Timestamp('2009-01-03 21:15:01'), 'mag': 5.1}]",8,19
1251,2009-01-13 01:41:54.597,1,"[{'lat': 20.0, 'long': 147.093, 'Time': Timestamp('2009-01-13 18:45:43'), 'mag': 5.0}, {'lat': -6.472, 'long': 155.704, 'Time': Timestamp('2009-01-14 04:48:58'), 'mag': 5.2}, {'lat': 52.267, 'long': 159.294, 'Time': Timestamp('2009-01-14 05:14:23'), 'mag': 5.4}, {'lat': -7.748, 'long': 118.687, 'Time': Timestamp('2009-01-14 11:09:18'), 'mag': 5.0}, {'lat': -0.51, 'long': 132.951, 'Time': Timestamp('2009-01-14 13:33:08'), 'mag': 5.0}, {'lat': -0.394, 'long': 132.207, 'Time': Timestamp('2009-01-14 18:46:31'), 'mag': 5.0}]",6,30
1252,2008-12-19 06:35:28.896,0,[],0,5
1253,2009-01-11 09:50:52.309,1,"[{'lat': 35.66, 'long': 26.39, 'Time': Timestamp('2009-01-13 06:12:42'), 'mag': 5.3}]",1,28
1254,2009-01-06 13:10:23.937,0,[],0,23
1255,2009-01-07 16:27:23.990,1,"[{'lat': 10.165, 'long': -84.197, 'Time': Timestamp('2009-01-08 19:21:35'), 'mag': 6.1}]",1,24
1256,2009-01-10 19:41:54.043,0,[],0,27
1257,2009-01-02 22:55:23.096,1,"[{'lat': -25.385, 'long': -175.492, 'Time': Timestamp('2009-01-03 08:22:59'), 'mag': 5.2}, {'lat': -12.429, 'long': 166.739, 'Time': Timestamp('2009-01-03 16:49:25'), 'mag': 5.4}]",2,19
1258,2009-01-08 08:42:18.915,1,"[{'lat': 10.437, 'long': 56.962, 'Time': Timestamp('2009-01-09 03:44:38'), 'mag': 5.7}]",1,24
1259,2009-01-13 12:01:23.311,0,[],0,29
1260,2008-12-25 15:19:25.218,0,[],0,10
1261,2009-01-04 18:34:23.418,1,"[{'lat': 23.808, 'long': -108.757, 'Time': Timestamp('2009-01-05 10:59:30'), 'mag': 5.5}]",1,20
1262,2008-12-20 21:47:24.542,1,"[{'lat': -31.12, 'long': -13.419, 'Time': Timestamp('2008-12-20 22:13:48'), 'mag': 5.4}, {'lat': -31.247, 'long': -177.179, 'Time': Timestamp('2008-12-20 22:40:02'), 'mag': 5.0}, {'lat': -22.875, 'long': -67.967, 'Time': Timestamp('2008-12-21 06:48:14'), 'mag': 5.2}, {'lat': -30.484, 'long': -176.646, 'Time': Timestamp('2008-12-22 06:06:07'), 'mag': 5.0}, {'lat': -17.637, 'long': -69.064, 'Time': Timestamp('2008-12-22 13:52:40'), 'mag': 5.0}, {'lat': -17.31, 'long': -172.635, 'Time': Timestamp('2008-12-22 18:06:32'), 'mag': 5.0}]",6,5
1263,2009-01-11 01:02:21.057,1,"[{'lat': -6.388, 'long': 147.423, 'Time': Timestamp('2009-01-11 14:03:49'), 'mag': 5.2}, {'lat': -0.769, 'long': 133.506, 'Time': Timestamp('2009-01-11 14:15:54'), 'mag': 5.0}, {'lat': 6.436, 'long': 126.871, 'Time': Timestamp('2009-01-11 15:53:01'), 'mag': 5.1}, {'lat': -0.545, 'long': 132.88, 'Time': Timestamp('2009-01-11 18:13:01'), 'mag': 5.2}, {'lat': -1.59, 'long': 99.726, 'Time': Timestamp('2009-01-11 19:50:46'), 'mag': 5.0}, {'lat': 13.496, 'long': 120.823, 'Time': Timestamp('2009-01-12 02:00:48'), 'mag': 5.2}, {'lat': 2.817, 'long': 95.782, 'Time': Timestamp('2009-01-12 22:14:10'), 'mag': 5.1}, {'lat': -10.228, 'long': 66.311, 'Time': Timestamp('2009-01-12 23:07:08'), 'mag': 5.0}]",8,26
1264,2009-01-04 05:57:24.575,1,"[{'lat': 6.449, 'long': 94.169, 'Time': Timestamp('2009-01-04 20:22:54'), 'mag': 5.3}, {'lat': 36.442, 'long': 70.883, 'Time': Timestamp('2009-01-04 23:12:59'), 'mag': 5.7}]",2,19
1265,2009-01-07 09:12:20.645,1,"[{'lat': -53.057, 'long': 9.543, 'Time': Timestamp('2009-01-07 23:02:45'), 'mag': 5.0}]",1,22
1266,2009-01-04 12:31:53.712,1,"[{'lat': 42.418, 'long': -30.54, 'Time': Timestamp('2009-01-05 18:56:05'), 'mag': 5.1}]",1,19
1267,2008-12-27 15:49:21.199,0,[],0,11
1268,2008-12-23 19:04:19.812,1,"[{'lat': 49.128, 'long': -128.621, 'Time': Timestamp('2008-12-25 08:11:58'), 'mag': 5.8}]",1,7
1269,2008-12-25 22:17:54.832,1,"[{'lat': -49.504, 'long': 163.989, 'Time': Timestamp('2008-12-27 06:59:57'), 'mag': 5.1}, {'lat': 53.391, 'long': -163.528, 'Time': Timestamp('2008-12-27 14:50:28'), 'mag': 5.2}, {'lat': -14.833, 'long': 167.77, 'Time': Timestamp('2008-12-27 21:07:48'), 'mag': 5.2}]",3,9
1270,2008-12-25 01:32:20.911,1,"[{'lat': 5.752, 'long': 125.377, 'Time': Timestamp('2008-12-25 03:20:29'), 'mag': 6.3}, {'lat': 36.397, 'long': 142.36, 'Time': Timestamp('2008-12-25 10:43:12'), 'mag': 5.3}, {'lat': 5.323, 'long': 124.26, 'Time': Timestamp('2008-12-25 18:12:07'), 'mag': 5.4}]",3,8
1271,2009-01-01 06:27:26.885,0,[],0,15
1272,2008-12-25 13:02:23.282,0,[],0,8
1273,2009-01-13 22:47:53.442,1,"[{'lat': -22.352, 'long': 170.635, 'Time': Timestamp('2009-01-15 07:27:20'), 'mag': 6.7}, {'lat': -22.54, 'long': 170.43, 'Time': Timestamp('2009-01-15 13:02:31'), 'mag': 5.6}, {'lat': -22.152, 'long': -173.637, 'Time': Timestamp('2009-01-15 15:44:52'), 'mag': 5.0}, {'lat': -10.334, 'long': 161.211, 'Time': Timestamp('2009-01-15 16:15:01'), 'mag': 5.7}]",4,27
1274,2008-12-25 06:57:24.547,1,"[{'lat': 23.417, 'long': 64.499, 'Time': Timestamp('2008-12-25 22:40:23'), 'mag': 5.8}, {'lat': -2.427, 'long': 68.144, 'Time': Timestamp('2008-12-26 18:14:45'), 'mag': 5.0}]",2,7
1275,2008-12-29 10:13:24.823,0,[],0,11
1276,2008-12-25 13:32:53.683,0,[],0,7
1277,2009-01-17 16:49:23.737,0,[],0,30
1278,2009-01-08 20:03:53.790,1,"[{'lat': -56.219, 'long': -142.911, 'Time': Timestamp('2009-01-10 06:10:19'), 'mag': 5.1}]",1,21
1279,2009-01-12 23:17:23.842,1,"[{'lat': -22.79, 'long': -175.211, 'Time': Timestamp('2009-01-13 10:38:18'), 'mag': 5.0}, {'lat': -6.472, 'long': 155.704, 'Time': Timestamp('2009-01-14 04:48:58'), 'mag': 5.2}]",2,25
1280,2009-01-18 07:27:52.169,0,[],0,30
1281,2009-01-08 10:44:21.128,0,[],0,20
1282,2009-01-14 14:02:53.084,0,[],0,26
1283,2008-12-31 17:19:23.138,1,"[{'lat': -8.823, 'long': -75.872, 'Time': Timestamp('2008-12-31 21:23:42'), 'mag': 5.0}, {'lat': -34.84, 'long': -107.647, 'Time': Timestamp('2009-01-01 06:27:51'), 'mag': 5.8}, {'lat': -34.876, 'long': -107.781, 'Time': Timestamp('2009-01-01 12:42:05'), 'mag': 5.0}, {'lat': -34.799, 'long': -107.331, 'Time': Timestamp('2009-01-02 08:31:38'), 'mag': 5.0}]",4,12
1284,2009-01-12 20:33:23.191,0,[],0,24
1285,2009-01-03 01:24:21.585,1,"[{'lat': -7.44, 'long': 128.464, 'Time': Timestamp('2009-01-03 16:30:46'), 'mag': 5.4}, {'lat': -0.414, 'long': 132.885, 'Time': Timestamp('2009-01-03 19:43:50'), 'mag': 7.7}, {'lat': -0.589, 'long': 133.363, 'Time': Timestamp('2009-01-03 19:53:18'), 'mag': 5.6}, {'lat': -0.447, 'long': 132.894, 'Time': Timestamp('2009-01-03 19:54:55'), 'mag': 5.0}, {'lat': -0.529, 'long': 133.005, 'Time': Timestamp('2009-01-03 20:04:20'), 'mag': 5.0}, {'lat': -8.161, 'long': 119.683, 'Time': Timestamp('2009-01-03 20:20:36'), 'mag': 5.0}, {'lat': -0.304, 'long': 132.584, 'Time': Timestamp('2009-01-03 20:21:33'), 'mag': 5.1}, {'lat': -0.386, 'long': 132.611, 'Time': Timestamp('2009-01-03 20:30:12'), 'mag': 5.1}, {'lat': -0.674, 'long': 133.295, 'Time': Timestamp('2009-01-03 20:35:09'), 'mag': 5.0}, {'lat': -0.519, 'long': 133.095, 'Time': Timestamp('2009-01-03 21:30:44'), 'mag': 5.0}, {'lat': -0.325, 'long': 132.885, 'Time': Timestamp('2009-01-03 21:49:30'), 'mag': 5.6}, {'lat': -0.305, 'long': 133.038, 'Time': Timestamp('2009-01-03 21:52:59'), 'mag': 5.2}, {'lat': -0.404, 'long': 132.511, 'Time': Timestamp('2009-01-03 22:03:19'), 'mag': 5.0}, {'lat': -0.279, 'long': 132.857, 'Time': Timestamp('2009-01-03 22:07:47'), 'mag': 5.3}, {'lat': -0.691, 'long': 133.305, 'Time': Timestamp('2009-01-03 22:33:40'), 'mag': 7.4}, {'lat': -0.511, 'long': 133.222, 'Time': Timestamp('2009-01-03 23:01:04'), 'mag': 5.2}, {'lat': -0.694, 'long': 133.275, 'Time': Timestamp('2009-01-04 00:00:38'), 'mag': 5.5}, {'lat': -0.192, 'long': 132.992, 'Time': Timestamp('2009-01-04 00:05:09'), 'mag': 5.2}, {'lat': -0.185, 'long': 132.863, 'Time': Timestamp('2009-01-04 00:55:36'), 'mag': 5.1}, {'lat': -0.731, 'long': 133.554, 'Time': Timestamp('2009-01-04 01:55:23'), 'mag': 5.3}, {'lat': -0.669, 'long': 133.194, 'Time': Timestamp('2009-01-04 05:44:04'), 'mag': 5.7}, {'lat': 1.095, 'long': 121.856, 'Time': Timestamp('2009-01-04 07:09:02'), 'mag': 5.0}, {'lat': -0.395, 'long': 132.757, 'Time': Timestamp('2009-01-04 07:14:00'), 'mag': 5.9}, {'lat': -0.713, 'long': 133.6, 'Time': Timestamp('2009-01-04 07:33:00'), 'mag': 5.0}, {'lat': -0.733, 'long': 133.487, 'Time': Timestamp('2009-01-04 08:12:11'), 'mag': 5.0}, {'lat': -0.676, 'long': 133.837, 'Time': Timestamp('2009-01-04 11:49:49'), 'mag': 5.1}, {'lat': -0.571, 'long': 132.728, 'Time': Timestamp('2009-01-04 13:06:31'), 'mag': 5.3}, {'lat': 19.965, 'long': 147.009, 'Time': Timestamp('2009-01-04 20:39:14'), 'mag': 5.0}]",28,14
1286,2009-01-17 17:49:23.539,0,[],0,28
1287,2009-01-06 21:03:19.128,1,"[{'lat': -32.322, 'long': -179.893, 'Time': Timestamp('2009-01-07 08:40:41'), 'mag': 5.4}, {'lat': -57.196, 'long': -143.039, 'Time': Timestamp('2009-01-07 17:29:56'), 'mag': 5.2}]",2,17
1288,2009-01-03 00:16:51.067,1,"[{'lat': -7.44, 'long': 128.464, 'Time': Timestamp('2009-01-03 16:30:46'), 'mag': 5.4}, {'lat': -12.429, 'long': 166.739, 'Time': Timestamp('2009-01-03 16:49:25'), 'mag': 5.4}, {'lat': -0.414, 'long': 132.885, 'Time': Timestamp('2009-01-03 19:43:50'), 'mag': 7.7}, {'lat': -0.589, 'long': 133.363, 'Time': Timestamp('2009-01-03 19:53:18'), 'mag': 5.6}, {'lat': -0.447, 'long': 132.894, 'Time': Timestamp('2009-01-03 19:54:55'), 'mag': 5.0}, {'lat': -0.529, 'long': 133.005, 'Time': Timestamp('2009-01-03 20:04:20'), 'mag': 5.0}, {'lat': -8.161, 'long': 119.683, 'Time': Timestamp('2009-01-03 20:20:36'), 'mag': 5.0}, {'lat': -0.304, 'long': 132.584, 'Time': Timestamp('2009-01-03 20:21:33'), 'mag': 5.1}, {'lat': 36.419, 'long': 70.743, 'Time': Timestamp('2009-01-03 20:23:20'), 'mag': 6.6}, {'lat': -0.386, 'long': 132.611, 'Time': Timestamp('2009-01-03 20:30:12'), 'mag': 5.1}, {'lat': -0.674, 'long': 133.295, 'Time': Timestamp('2009-01-03 20:35:09'), 'mag': 5.0}, {'lat': -0.519, 'long': 133.095, 'Time': Timestamp('2009-01-03 21:30:44'), 'mag': 5.0}, {'lat': -0.325, 'long': 132.885, 'Time': Timestamp('2009-01-03 21:49:30'), 'mag': 5.6}, {'lat': -0.305, 'long': 133.038, 'Time': Timestamp('2009-01-03 21:52:59'), 'mag': 5.2}, {'lat': -0.404, 'long': 132.511, 'Time': Timestamp('2009-01-03 22:03:19'), 'mag': 5.0}, {'lat': 24.163, 'long': 121.745, 'Time': Timestamp('2009-01-03 22:04:34'), 'mag': 5.0}, {'lat': -0.279, 'long': 132.857, 'Time': Timestamp('2009-01-03 22:07:47'), 'mag': 5.3}, {'lat': -0.691, 'long': 133.305, 'Time': Timestamp('2009-01-03 22:33:40'), 'mag': 7.4}, {'lat': -0.511, 'long': 133.222, 'Time': Timestamp('2009-01-03 23:01:04'), 'mag': 5.2}, {'lat': -0.694, 'long': 133.275, 'Time': Timestamp('2009-01-04 00:00:38'), 'mag': 5.5}, {'lat': -0.192, 'long': 132.992, 'Time': Timestamp('2009-01-04 00:05:09'), 'mag': 5.2}, {'lat': -0.185, 'long': 132.863, 'Time': Timestamp('2009-01-04 00:55:36'), 'mag': 5.1}, {'lat': -0.731, 'long': 133.554, 'Time': Timestamp('2009-01-04 01:55:23'), 'mag': 5.3}, {'lat': -0.669, 'long': 133.194, 'Time': Timestamp('2009-01-04 05:44:04'), 'mag': 5.7}, {'lat': 1.095, 'long': 121.856, 'Time': Timestamp('2009-01-04 07:09:02'), 'mag': 5.0}, {'lat': -0.395, 'long': 132.757, 'Time': Timestamp('2009-01-04 07:14:00'), 'mag': 5.9}, {'lat': -0.713, 'long': 133.6, 'Time': Timestamp('2009-01-04 07:33:00'), 'mag': 5.0}, {'lat': -0.733, 'long': 133.487, 'Time': Timestamp('2009-01-04 08:12:11'), 'mag': 5.0}, {'lat': -0.676, 'long': 133.837, 'Time': Timestamp('2009-01-04 11:49:49'), 'mag': 5.1}, {'lat': -0.571, 'long': 132.728, 'Time': Timestamp('2009-01-04 13:06:31'), 'mag': 5.3}, {'lat': 6.449, 'long': 94.169, 'Time': Timestamp('2009-01-04 20:22:54'), 'mag': 5.3}, {'lat': 19.965, 'long': 147.009, 'Time': Timestamp('2009-01-04 20:39:14'), 'mag': 5.0}, {'lat': 36.442, 'long': 70.883, 'Time': Timestamp('2009-01-04 23:12:59'), 'mag': 5.7}]",33,13
1289,2009-01-11 03:33:54.111,1,"[{'lat': -0.769, 'long': 133.506, 'Time': Timestamp('2009-01-11 14:15:54'), 'mag': 5.0}, {'lat': 6.436, 'long': 126.871, 'Time': Timestamp('2009-01-11 15:53:01'), 'mag': 5.1}, {'lat': -0.545, 'long': 132.88, 'Time': Timestamp('2009-01-11 18:13:01'), 'mag': 5.2}, {'lat': -1.59, 'long': 99.726, 'Time': Timestamp('2009-01-11 19:50:46'), 'mag': 5.0}, {'lat': 13.496, 'long': 120.823, 'Time': Timestamp('2009-01-12 02:00:48'), 'mag': 5.2}, {'lat': 2.817, 'long': 95.782, 'Time': Timestamp('2009-01-12 22:14:10'), 'mag': 5.1}]",6,21
1290,2009-01-18 06:49:53.395,0,[],0,28
1291,2009-01-12 10:05:55.000,1,"[{'lat': 35.66, 'long': 26.39, 'Time': Timestamp('2009-01-13 06:12:42'), 'mag': 5.3}]",1,22
1292,2009-01-18 13:24:53.859,0,[],0,28
1293,2009-01-04 23:09:54.019,1,"[{'lat': -27.48, 'long': -176.706, 'Time': Timestamp('2009-01-05 22:27:13'), 'mag': 5.4}]",1,14
1294,2009-01-03 02:24:22.822,1,"[{'lat': -7.44, 'long': 128.464, 'Time': Timestamp('2009-01-03 16:30:46'), 'mag': 5.4}, {'lat': -0.414, 'long': 132.885, 'Time': Timestamp('2009-01-03 19:43:50'), 'mag': 7.7}, {'lat': -0.589, 'long': 133.363, 'Time': Timestamp('2009-01-03 19:53:18'), 'mag': 5.6}, {'lat': -0.447, 'long': 132.894, 'Time': Timestamp('2009-01-03 19:54:55'), 'mag': 5.0}, {'lat': -0.529, 'long': 133.005, 'Time': Timestamp('2009-01-03 20:04:20'), 'mag': 5.0}, {'lat': -8.161, 'long': 119.683, 'Time': Timestamp('2009-01-03 20:20:36'), 'mag': 5.0}, {'lat': -0.304, 'long': 132.584, 'Time': Timestamp('2009-01-03 20:21:33'), 'mag': 5.1}, {'lat': -0.386, 'long': 132.611, 'Time': Timestamp('2009-01-03 20:30:12'), 'mag': 5.1}, {'lat': -0.674, 'long': 133.295, 'Time': Timestamp('2009-01-03 20:35:09'), 'mag': 5.0}, {'lat': -0.519, 'long': 133.095, 'Time': Timestamp('2009-01-03 21:30:44'), 'mag': 5.0}, {'lat': -0.325, 'long': 132.885, 'Time': Timestamp('2009-01-03 21:49:30'), 'mag': 5.6}, {'lat': -0.305, 'long': 133.038, 'Time': Timestamp('2009-01-03 21:52:59'), 'mag': 5.2}, {'lat': -0.404, 'long': 132.511, 'Time': Timestamp('2009-01-03 22:03:19'), 'mag': 5.0}, {'lat': 24.163, 'long': 121.745, 'Time': Timestamp('2009-01-03 22:04:34'), 'mag': 5.0}, {'lat': -0.279, 'long': 132.857, 'Time': Timestamp('2009-01-03 22:07:47'), 'mag': 5.3}, {'lat': -0.691, 'long': 133.305, 'Time': Timestamp('2009-01-03 22:33:40'), 'mag': 7.4}, {'lat': -0.511, 'long': 133.222, 'Time': Timestamp('2009-01-03 23:01:04'), 'mag': 5.2}, {'lat': -0.694, 'long': 133.275, 'Time': Timestamp('2009-01-04 00:00:38'), 'mag': 5.5}, {'lat': -0.192, 'long': 132.992, 'Time': Timestamp('2009-01-04 00:05:09'), 'mag': 5.2}, {'lat': -0.185, 'long': 132.863, 'Time': Timestamp('2009-01-04 00:55:36'), 'mag': 5.1}, {'lat': -0.731, 'long': 133.554, 'Time': Timestamp('2009-01-04 01:55:23'), 'mag': 5.3}, {'lat': -0.669, 'long': 133.194, 'Time': Timestamp('2009-01-04 05:44:04'), 'mag': 5.7}, {'lat': 1.095, 'long': 121.856, 'Time': Timestamp('2009-01-04 07:09:02'), 'mag': 5.0}, {'lat': -0.395, 'long': 132.757, 'Time': Timestamp('2009-01-04 07:14:00'), 'mag': 5.9}, {'lat': -0.713, 'long': 133.6, 'Time': Timestamp('2009-01-04 07:33:00'), 'mag': 5.0}, {'lat': -0.733, 'long': 133.487, 'Time': Timestamp('2009-01-04 08:12:11'), 'mag': 5.0}, {'lat': -0.676, 'long': 133.837, 'Time': Timestamp('2009-01-04 11:49:49'), 'mag': 5.1}, {'lat': -0.571, 'long': 132.728, 'Time': Timestamp('2009-01-04 13:06:31'), 'mag': 5.3}, {'lat': 19.965, 'long': 147.009, 'Time': Timestamp('2009-01-04 20:39:14'), 'mag': 5.0}]",29,12
1295,2009-01-08 07:19:51.345,1,"[{'lat': 10.437, 'long': 56.962, 'Time': Timestamp('2009-01-09 03:44:38'), 'mag': 5.7}]",1,17
1296,2009-01-10 10:36:20.305,0,[],0,19
1297,2009-01-10 13:55:24.221,0,[],0,19
1298,2009-01-01 17:11:23.314,1,"[{'lat': -34.799, 'long': -107.331, 'Time': Timestamp('2009-01-02 08:31:38'), 'mag': 5.0}]",1,10
1299,2009-01-11 20:25:53.367,0,[],0,20
1300,2009-01-07 23:39:23.420,1,"[{'lat': -4.773, 'long': 153.072, 'Time': Timestamp('2009-01-08 21:47:03'), 'mag': 5.3}, {'lat': -4.279, 'long': 152.172, 'Time': Timestamp('2009-01-09 08:45:52'), 'mag': 5.1}]",2,16
1301,2008-12-29 07:49:47.650,1,"[{'lat': -1.191, 'long': 67.556, 'Time': Timestamp('2008-12-29 12:11:45'), 'mag': 5.2}]",1,6
1302,2009-01-15 17:41:23.715,1,"[{'lat': 15.739, 'long': -92.744, 'Time': Timestamp('2009-01-17 02:57:31'), 'mag': 5.8}]",1,23
1303,2009-01-17 20:53:57.273,1,"[{'lat': -30.199, 'long': -177.951, 'Time': Timestamp('2009-01-18 14:11:48'), 'mag': 6.4}, {'lat': -16.536, 'long': -175.06, 'Time': Timestamp('2009-01-18 20:40:55'), 'mag': 5.1}]",2,25
1304,2009-01-02 00:09:23.821,1,"[{'lat': 32.655, 'long': 138.038, 'Time': Timestamp('2009-01-02 07:42:53'), 'mag': 5.1}, {'lat': -11.412, 'long': 166.339, 'Time': Timestamp('2009-01-02 20:37:17'), 'mag': 5.3}, {'lat': -7.44, 'long': 128.464, 'Time': Timestamp('2009-01-03 16:30:46'), 'mag': 5.4}, {'lat': -12.429, 'long': 166.739, 'Time': Timestamp('2009-01-03 16:49:25'), 'mag': 5.4}, {'lat': -0.414, 'long': 132.885, 'Time': Timestamp('2009-01-03 19:43:50'), 'mag': 7.7}, {'lat': -0.589, 'long': 133.363, 'Time': Timestamp('2009-01-03 19:53:18'), 'mag': 5.6}, {'lat': -0.447, 'long': 132.894, 'Time': Timestamp('2009-01-03 19:54:55'), 'mag': 5.0}, {'lat': -0.529, 'long': 133.005, 'Time': Timestamp('2009-01-03 20:04:20'), 'mag': 5.0}, {'lat': -8.161, 'long': 119.683, 'Time': Timestamp('2009-01-03 20:20:36'), 'mag': 5.0}, {'lat': -0.304, 'long': 132.584, 'Time': Timestamp('2009-01-03 20:21:33'), 'mag': 5.1}, {'lat': 36.419, 'long': 70.743, 'Time': Timestamp('2009-01-03 20:23:20'), 'mag': 6.6}, {'lat': -0.386, 'long': 132.611, 'Time': Timestamp('2009-01-03 20:30:12'), 'mag': 5.1}, {'lat': -0.674, 'long': 133.295, 'Time': Timestamp('2009-01-03 20:35:09'), 'mag': 5.0}, {'lat': -0.519, 'long': 133.095, 'Time': Timestamp('2009-01-03 21:30:44'), 'mag': 5.0}, {'lat': -0.325, 'long': 132.885, 'Time': Timestamp('2009-01-03 21:49:30'), 'mag': 5.6}, {'lat': -0.305, 'long': 133.038, 'Time': Timestamp('2009-01-03 21:52:59'), 'mag': 5.2}, {'lat': -0.404, 'long': 132.511, 'Time': Timestamp('2009-01-03 22:03:19'), 'mag': 5.0}, {'lat': 24.163, 'long': 121.745, 'Time': Timestamp('2009-01-03 22:04:34'), 'mag': 5.0}, {'lat': -0.279, 'long': 132.857, 'Time': Timestamp('2009-01-03 22:07:47'), 'mag': 5.3}, {'lat': -0.691, 'long': 133.305, 'Time': Timestamp('2009-01-03 22:33:40'), 'mag': 7.4}, {'lat': -0.511, 'long': 133.222, 'Time': Timestamp('2009-01-03 23:01:04'), 'mag': 5.2}, {'lat': -0.694, 'long': 133.275, 'Time': Timestamp('2009-01-04 00:00:38'), 'mag': 5.5}, {'lat': -0.192, 'long': 132.992, 'Time': Timestamp('2009-01-04 00:05:09'), 'mag': 5.2}]",23,9
1305,2009-01-10 05:04:02.831,1,"[{'lat': -1.59, 'long': 99.726, 'Time': Timestamp('2009-01-11 19:50:46'), 'mag': 5.0}]",1,17
1306,2009-01-18 08:20:26.467,0,[],0,25
1307,2009-01-11 11:37:23.181,0,[],0,18
1308,2009-01-15 14:55:50.880,1,"[{'lat': 14.487, 'long': -45.058, 'Time': Timestamp('2009-01-16 22:13:59'), 'mag': 5.4}]",1,22
1309,2008-12-30 18:11:23.289,1,"[{'lat': -34.84, 'long': -107.647, 'Time': Timestamp('2009-01-01 06:27:51'), 'mag': 5.8}, {'lat': -34.876, 'long': -107.781, 'Time': Timestamp('2009-01-01 12:42:05'), 'mag': 5.0}]",2,6
1310,2009-01-19 21:24:53.341,1,"[{'lat': 22.772, 'long': -111.094, 'Time': Timestamp('2009-01-19 23:50:47'), 'mag': 5.3}, {'lat': -20.175, 'long': 66.411, 'Time': Timestamp('2009-01-21 06:27:57'), 'mag': 5.2}, {'lat': -54.289, 'long': -133.167, 'Time': Timestamp('2009-01-21 14:14:30'), 'mag': 5.3}]",3,26
1311,2009-01-06 00:38:50.716,1,"[{'lat': -0.417, 'long': 132.745, 'Time': Timestamp('2009-01-06 16:28:08'), 'mag': 5.1}, {'lat': -6.788, 'long': 129.601, 'Time': Timestamp('2009-01-06 18:01:31'), 'mag': 5.0}, {'lat': -0.566, 'long': 132.784, 'Time': Timestamp('2009-01-06 19:56:25'), 'mag': 5.3}, {'lat': -0.751, 'long': 133.249, 'Time': Timestamp('2009-01-06 20:12:11'), 'mag': 5.0}, {'lat': -0.659, 'long': 133.434, 'Time': Timestamp('2009-01-06 22:48:27'), 'mag': 6.0}, {'lat': 1.788, 'long': 127.318, 'Time': Timestamp('2009-01-07 03:43:07'), 'mag': 5.0}, {'lat': -9.114, 'long': 123.846, 'Time': Timestamp('2009-01-07 04:43:55'), 'mag': 5.0}, {'lat': -0.41, 'long': 132.854, 'Time': Timestamp('2009-01-07 15:02:47'), 'mag': 5.2}, {'lat': -3.435, 'long': 150.182, 'Time': Timestamp('2009-01-07 16:29:35'), 'mag': 5.1}, {'lat': -0.641, 'long': 132.94, 'Time': Timestamp('2009-01-07 23:38:50'), 'mag': 5.2}]",10,12
1312,2008-12-31 07:11:52.698,1,"[{'lat': 17.217, 'long': 40.519, 'Time': Timestamp('2009-01-01 01:39:21'), 'mag': 5.0}]",1,6
1313,2009-01-01 10:28:19.325,0,[],0,7
1314,2009-01-14 13:47:23.609,0,[],0,20
1315,2008-12-31 17:03:53.662,1,"[{'lat': -8.823, 'long': -75.872, 'Time': Timestamp('2008-12-31 21:23:42'), 'mag': 5.0}, {'lat': -34.84, 'long': -107.647, 'Time': Timestamp('2009-01-01 06:27:51'), 'mag': 5.8}, {'lat': -34.876, 'long': -107.781, 'Time': Timestamp('2009-01-01 12:42:05'), 'mag': 5.0}, {'lat': -34.799, 'long': -107.331, 'Time': Timestamp('2009-01-02 08:31:38'), 'mag': 5.0}]",4,6
1316,2008-12-30 20:17:53.715,0,[],0,5
1317,2009-01-07 23:31:53.769,1,"[{'lat': -4.773, 'long': 153.072, 'Time': Timestamp('2009-01-08 21:47:03'), 'mag': 5.3}, {'lat': -4.279, 'long': 152.172, 'Time': Timestamp('2009-01-09 08:45:52'), 'mag': 5.1}]",2,13
1318,2009-01-01 07:42:20.767,0,[],0,6
1319,2009-01-23 19:10:50.524,0,[],0,28
1320,2009-01-06 22:24:21.335,1,"[{'lat': -57.196, 'long': -143.039, 'Time': Timestamp('2009-01-07 17:29:56'), 'mag': 5.2}, {'lat': -53.057, 'long': 9.543, 'Time': Timestamp('2009-01-07 23:02:45'), 'mag': 5.0}, {'lat': 10.165, 'long': -84.197, 'Time': Timestamp('2009-01-08 19:21:35'), 'mag': 6.1}]",3,11
1321,2009-01-18 01:38:50.183,1,"[{'lat': 19.217, 'long': 121.247, 'Time': Timestamp('2009-01-18 08:15:38'), 'mag': 5.1}, {'lat': -0.472, 'long': 131.905, 'Time': Timestamp('2009-01-19 00:14:56'), 'mag': 5.0}, {'lat': -0.196, 'long': 132.836, 'Time': Timestamp('2009-01-19 01:06:29'), 'mag': 5.2}, {'lat': 53.828, 'long': 160.397, 'Time': Timestamp('2009-01-19 03:38:36'), 'mag': 5.1}, {'lat': 34.613, 'long': 141.634, 'Time': Timestamp('2009-01-19 11:13:59'), 'mag': 5.1}, {'lat': 7.65, 'long': 126.788, 'Time': Timestamp('2009-01-19 17:28:58'), 'mag': 5.1}]",6,22
1322,2009-01-08 06:33:55.576,1,"[{'lat': 10.437, 'long': 56.962, 'Time': Timestamp('2009-01-09 03:44:38'), 'mag': 5.7}]",1,12
1323,2009-01-20 09:49:50.429,0,[],0,24
1324,2009-01-10 13:08:53.384,0,[],0,14
1325,2009-01-09 16:25:53.438,1,"[{'lat': -23.039, 'long': -70.805, 'Time': Timestamp('2009-01-09 22:43:30'), 'mag': 5.0}]",1,13
1326,2009-01-01 19:40:23.491,0,[],0,5
1327,2009-01-03 22:54:23.544,1,"[{'lat': -27.48, 'long': -176.706, 'Time': Timestamp('2009-01-05 22:27:13'), 'mag': 5.4}]",1,7
1328,2009-01-21 07:03:58.299,0,[],0,24
1329,2009-01-10 10:20:23.598,0,[],0,13
1330,2009-01-13 13:39:23.785,0,[],0,16
1331,2009-01-19 23:23:53.945,0,[],0,22
1332,2009-01-06 07:34:21.271,0,[],0,8
1333,2009-01-17 10:50:50.231,1,"[{'lat': -39.25, 'long': -15.25, 'Time': Timestamp('2009-01-19 08:59:28'), 'mag': 5.0}, {'lat': -38.945, 'long': -15.764, 'Time': Timestamp('2009-01-19 09:11:33'), 'mag': 5.1}, {'lat': -38.794, 'long': -15.88, 'Time': Timestamp('2009-01-19 09:19:06'), 'mag': 5.1}, {'lat': -38.958, 'long': -15.705, 'Time': Timestamp('2009-01-19 10:27:12'), 'mag': 5.4}, {'lat': -38.968, 'long': -15.858, 'Time': Timestamp('2009-01-19 10:37:50'), 'mag': 5.3}]",5,19
1334,2009-01-07 14:09:45.954,0,[],0,9
1335,2009-01-18 17:25:53.240,1,"[{'lat': 22.772, 'long': -111.094, 'Time': Timestamp('2009-01-19 23:50:47'), 'mag': 5.3}]",1,20
1336,2009-01-12 20:39:53.293,0,[],0,14
1337,2009-01-22 23:53:53.346,1,"[{'lat': -15.201, 'long': 167.506, 'Time': Timestamp('2009-01-23 01:50:19'), 'mag': 5.1}, {'lat': -6.339, 'long': 154.945, 'Time': Timestamp('2009-01-23 02:48:16'), 'mag': 5.1}, {'lat': 21.118, 'long': 121.24, 'Time': Timestamp('2009-01-23 12:38:13'), 'mag': 5.3}, {'lat': -5.134, 'long': 68.559, 'Time': Timestamp('2009-01-23 13:18:39'), 'mag': 5.0}, {'lat': -0.509, 'long': 132.913, 'Time': Timestamp('2009-01-24 13:41:06'), 'mag': 5.1}, {'lat': -8.412, 'long': 125.014, 'Time': Timestamp('2009-01-24 13:52:28'), 'mag': 5.1}, {'lat': 59.4302, 'long': -152.8875, 'Time': Timestamp('2009-01-24 18:09:50'), 'mag': 5.9}, {'lat': 5.485, 'long': 126.283, 'Time': Timestamp('2009-01-24 22:43:08'), 'mag': 5.1}]",8,24
1338,2009-01-07 08:04:21.672,1,"[{'lat': -53.057, 'long': 9.543, 'Time': Timestamp('2009-01-07 23:02:45'), 'mag': 5.0}, {'lat': 10.437, 'long': 56.962, 'Time': Timestamp('2009-01-09 03:44:38'), 'mag': 5.7}]",2,8
1339,2009-01-29 02:00:55.403,1,"[{'lat': -9.009, 'long': 124.114, 'Time': Timestamp('2009-01-29 04:45:05'), 'mag': 5.0}, {'lat': 10.973, 'long': 124.964, 'Time': Timestamp('2009-01-29 22:43:45'), 'mag': 5.4}]",2,29
1340,2009-01-25 06:56:23.497,1,"[{'lat': 38.181, 'long': 72.241, 'Time': Timestamp('2009-01-25 21:16:18'), 'mag': 5.0}]",1,25
1341,2009-01-18 10:42:50.579,1,"[{'lat': -39.25, 'long': -15.25, 'Time': Timestamp('2009-01-19 08:59:28'), 'mag': 5.0}, {'lat': -38.945, 'long': -15.764, 'Time': Timestamp('2009-01-19 09:11:33'), 'mag': 5.1}, {'lat': -38.794, 'long': -15.88, 'Time': Timestamp('2009-01-19 09:19:06'), 'mag': 5.1}, {'lat': -38.958, 'long': -15.705, 'Time': Timestamp('2009-01-19 10:27:12'), 'mag': 5.4}, {'lat': -38.968, 'long': -15.858, 'Time': Timestamp('2009-01-19 10:37:50'), 'mag': 5.3}, {'lat': -39.012, 'long': -15.868, 'Time': Timestamp('2009-01-19 15:10:21'), 'mag': 5.1}]",6,17
1342,2009-01-20 14:01:53.535,0,[],0,19
1343,2009-01-25 17:17:53.589,1,"[{'lat': -22.967, 'long': -114.471, 'Time': Timestamp('2009-01-26 14:34:19'), 'mag': 5.1}]",1,24
1344,2009-01-17 20:32:23.642,0,[],0,16
1345,2009-01-11 23:45:53.695,0,[],0,10
1346,2009-01-12 07:56:50.693,1,"[{'lat': -10.228, 'long': 66.311, 'Time': Timestamp('2009-01-12 23:07:08'), 'mag': 5.0}, {'lat': -13.147, 'long': 66.078, 'Time': Timestamp('2009-01-13 01:04:42'), 'mag': 6.0}]",2,10
1347,2009-01-25 11:13:23.883,0,[],0,23
1348,2009-01-30 14:31:53.792,1,"[{'lat': -22.88, 'long': -70.271, 'Time': Timestamp('2009-01-31 14:40:14'), 'mag': 5.1}, {'lat': -19.41, 'long': -69.065, 'Time': Timestamp('2009-01-31 16:29:36'), 'mag': 5.5}]",2,28
1349,2009-01-10 17:47:53.990,0,[],0,8
1350,2009-01-17 21:01:54.043,1,"[{'lat': -30.199, 'long': -177.951, 'Time': Timestamp('2009-01-18 14:11:48'), 'mag': 6.4}, {'lat': -16.536, 'long': -175.06, 'Time': Timestamp('2009-01-18 20:40:55'), 'mag': 5.1}]",2,15
1351,2009-01-10 00:15:49.190,1,"[{'lat': -6.388, 'long': 147.423, 'Time': Timestamp('2009-01-11 14:03:49'), 'mag': 5.2}, {'lat': -0.769, 'long': 133.506, 'Time': Timestamp('2009-01-11 14:15:54'), 'mag': 5.0}, {'lat': 6.436, 'long': 126.871, 'Time': Timestamp('2009-01-11 15:53:01'), 'mag': 5.1}, {'lat': -0.545, 'long': 132.88, 'Time': Timestamp('2009-01-11 18:13:01'), 'mag': 5.2}, {'lat': -1.59, 'long': 99.726, 'Time': Timestamp('2009-01-11 19:50:46'), 'mag': 5.0}]",5,7
1352,2009-01-29 05:10:32.105,1,"[{'lat': 11.803, 'long': 94.962, 'Time': Timestamp('2009-01-31 04:27:35'), 'mag': 5.1}]",1,26
1353,2009-01-22 08:26:55.752,0,[],0,19
1354,2009-01-14 11:43:53.283,0,[],0,11
1355,2009-01-30 15:02:25.079,1,"[{'lat': -22.88, 'long': -70.271, 'Time': Timestamp('2009-01-31 14:40:14'), 'mag': 5.1}, {'lat': -19.41, 'long': -69.065, 'Time': Timestamp('2009-01-31 16:29:36'), 'mag': 5.5}]",2,27
1356,2009-01-09 18:17:53.391,1,"[{'lat': -56.219, 'long': -142.911, 'Time': Timestamp('2009-01-10 06:10:19'), 'mag': 5.1}]",1,6
1357,2009-01-12 21:31:23.444,1,"[{'lat': -8.951, 'long': -109.337, 'Time': Timestamp('2009-01-13 07:30:45'), 'mag': 5.2}, {'lat': -22.79, 'long': -175.211, 'Time': Timestamp('2009-01-13 10:38:18'), 'mag': 5.0}, {'lat': -29.549, 'long': -71.224, 'Time': Timestamp('2009-01-13 17:17:13'), 'mag': 5.1}]",3,9
1358,2009-01-22 00:45:22.359,1,"[{'lat': -0.523, 'long': 127.431, 'Time': Timestamp('2009-01-22 03:01:54'), 'mag': 5.1}, {'lat': 47.056, 'long': 155.512, 'Time': Timestamp('2009-01-22 05:09:40'), 'mag': 5.1}, {'lat': -0.334, 'long': 132.805, 'Time': Timestamp('2009-01-22 07:20:18'), 'mag': 5.0}, {'lat': -22.494, 'long': 170.932, 'Time': Timestamp('2009-01-22 08:12:09'), 'mag': 5.1}, {'lat': -5.912, 'long': 148.511, 'Time': Timestamp('2009-01-22 13:40:25'), 'mag': 6.1}, {'lat': 53.032, 'long': -35.101, 'Time': Timestamp('2009-01-22 14:34:28'), 'mag': 5.0}, {'lat': -7.307, 'long': 128.568, 'Time': Timestamp('2009-01-22 20:16:34'), 'mag': 6.1}, {'lat': -15.201, 'long': 167.506, 'Time': Timestamp('2009-01-23 01:50:19'), 'mag': 5.1}, {'lat': -6.339, 'long': 154.945, 'Time': Timestamp('2009-01-23 02:48:16'), 'mag': 5.1}, {'lat': 21.118, 'long': 121.24, 'Time': Timestamp('2009-01-23 12:38:13'), 'mag': 5.3}, {'lat': -5.134, 'long': 68.559, 'Time': Timestamp('2009-01-23 13:18:39'), 'mag': 5.0}]",11,18
1359,2009-01-18 07:18:21.796,0,[],0,14
1360,2009-01-17 10:34:50.756,1,"[{'lat': -39.25, 'long': -15.25, 'Time': Timestamp('2009-01-19 08:59:28'), 'mag': 5.0}, {'lat': -38.945, 'long': -15.764, 'Time': Timestamp('2009-01-19 09:11:33'), 'mag': 5.1}, {'lat': -38.794, 'long': -15.88, 'Time': Timestamp('2009-01-19 09:19:06'), 'mag': 5.1}, {'lat': -38.958, 'long': -15.705, 'Time': Timestamp('2009-01-19 10:27:12'), 'mag': 5.4}]",4,13
1361,2009-01-18 13:53:54.672,0,[],0,14
1362,2009-01-24 23:38:23.871,1,"[{'lat': -17.796, 'long': -178.591, 'Time': Timestamp('2009-01-26 11:54:39'), 'mag': 5.8}, {'lat': 51.955, 'long': -171.159, 'Time': Timestamp('2009-01-26 19:11:47'), 'mag': 5.8}]",2,20
1363,2009-01-10 07:48:50.869,0,[],0,5
1364,2009-01-11 11:05:24.059,1,"[{'lat': 35.66, 'long': 26.39, 'Time': Timestamp('2009-01-13 06:12:42'), 'mag': 5.3}]",1,6
1365,2009-01-27 14:23:52.982,0,[],0,22
1366,2009-01-12 17:40:23.292,1,"[{'lat': -8.951, 'long': -109.337, 'Time': Timestamp('2009-01-13 07:30:45'), 'mag': 5.2}]",1,7
1367,2009-01-20 20:53:53.345,0,[],0,15
1368,2009-01-15 00:07:53.397,1,"[{'lat': -22.352, 'long': 170.635, 'Time': Timestamp('2009-01-15 07:27:20'), 'mag': 6.7}, {'lat': -22.54, 'long': 170.43, 'Time': Timestamp('2009-01-15 13:02:31'), 'mag': 5.6}, {'lat': -10.334, 'long': 161.211, 'Time': Timestamp('2009-01-15 16:15:01'), 'mag': 5.7}, {'lat': 46.857, 'long': 155.154, 'Time': Timestamp('2009-01-15 17:49:39'), 'mag': 7.4}, {'lat': -0.299, 'long': 132.596, 'Time': Timestamp('2009-01-15 23:52:36'), 'mag': 5.0}, {'lat': -0.556, 'long': 132.708, 'Time': Timestamp('2009-01-15 23:58:48'), 'mag': 5.0}, {'lat': -15.064, 'long': 167.991, 'Time': Timestamp('2009-01-16 06:47:56'), 'mag': 5.0}, {'lat': -22.282, 'long': 170.441, 'Time': Timestamp('2009-01-16 19:11:01'), 'mag': 5.3}, {'lat': -22.304, 'long': 170.274, 'Time': Timestamp('2009-01-16 19:55:22'), 'mag': 5.8}, {'lat': -22.288, 'long': 170.378, 'Time': Timestamp('2009-01-16 20:05:22'), 'mag': 5.3}, {'lat': -22.496, 'long': 170.42, 'Time': Timestamp('2009-01-16 23:02:59'), 'mag': 5.1}]",11,9
1369,2009-01-28 08:18:57.371,0,[],0,22
1370,2009-01-20 11:35:53.585,0,[],0,14
1371,2009-01-29 14:54:22.612,1,"[{'lat': -8.108, 'long': -71.402, 'Time': Timestamp('2009-01-29 22:28:05'), 'mag': 5.6}, {'lat': -22.88, 'long': -70.271, 'Time': Timestamp('2009-01-31 14:40:14'), 'mag': 5.1}]",2,23
1372,2009-02-04 18:09:53.692,1,"[{'lat': 23.556, 'long': -109.452, 'Time': Timestamp('2009-02-05 19:27:14'), 'mag': 5.0}]",1,29
1373,2009-01-13 07:10:57.198,0,[],0,6
1374,2009-01-19 10:26:51.106,1,"[{'lat': -38.958, 'long': -15.705, 'Time': Timestamp('2009-01-19 10:27:12'), 'mag': 5.4}, {'lat': -38.968, 'long': -15.858, 'Time': Timestamp('2009-01-19 10:37:50'), 'mag': 5.3}, {'lat': -39.012, 'long': -15.868, 'Time': Timestamp('2009-01-19 15:10:21'), 'mag': 5.1}]",3,12
1375,2009-01-29 13:45:54.063,0,[],0,22
1376,2009-01-22 23:30:23.222,1,"[{'lat': -15.201, 'long': 167.506, 'Time': Timestamp('2009-01-23 01:50:19'), 'mag': 5.1}, {'lat': -6.339, 'long': 154.945, 'Time': Timestamp('2009-01-23 02:48:16'), 'mag': 5.1}, {'lat': -28.25, 'long': -176.697, 'Time': Timestamp('2009-01-24 01:28:39'), 'mag': 5.9}, {'lat': -19.584, 'long': -179.112, 'Time': Timestamp('2009-01-24 09:01:58'), 'mag': 5.6}, {'lat': 59.4302, 'long': -152.8875, 'Time': Timestamp('2009-01-24 18:09:50'), 'mag': 5.9}]",5,15
1377,2009-02-02 07:40:47.452,1,"[{'lat': 27.228, 'long': 66.322, 'Time': Timestamp('2009-02-02 08:36:51'), 'mag': 5.1}, {'lat': -3.895, 'long': 34.853, 'Time': Timestamp('2009-02-03 15:48:53'), 'mag': 5.1}]",2,25
1378,2009-02-07 10:57:36.891,0,[],0,30
1379,2009-01-14 14:16:17.672,0,[],0,6
1380,2009-01-13 17:32:23.517,0,[],0,5
1381,2009-01-21 20:46:23.570,0,[],0,13
1382,2009-02-03 00:00:23.623,1,"[{'lat': -19.05, 'long': 169.493, 'Time': Timestamp('2009-02-03 00:07:10'), 'mag': 5.3}, {'lat': -6.479, 'long': 130.141, 'Time': Timestamp('2009-02-03 13:57:27'), 'mag': 5.1}, {'lat': -3.895, 'long': 34.853, 'Time': Timestamp('2009-02-03 15:48:53'), 'mag': 5.1}]",3,25
1383,2009-02-01 08:09:20.509,1,"[{'lat': 27.228, 'long': 66.322, 'Time': Timestamp('2009-02-02 08:36:51'), 'mag': 5.1}]",1,23
1384,2009-01-30 11:27:53.810,0,[],0,21
1385,2009-02-06 14:46:20.071,0,[],0,28
1386,2009-01-31 18:02:23.918,1,"[{'lat': -34.969, 'long': -111.447, 'Time': Timestamp('2009-02-01 15:18:05'), 'mag': 5.0}]",1,22
1387,2009-01-20 02:07:21.584,1,"[{'lat': 0.47, 'long': 120.993, 'Time': Timestamp('2009-01-20 04:06:57'), 'mag': 5.1}, {'lat': -4.667, 'long': 129.814, 'Time': Timestamp('2009-01-20 10:46:53'), 'mag': 5.5}, {'lat': -10.685, 'long': 115.025, 'Time': Timestamp('2009-01-20 12:34:34'), 'mag': 5.1}]",3,10
1388,2009-01-24 07:02:56.424,1,"[{'lat': 43.236, 'long': 80.893, 'Time': Timestamp('2009-01-25 01:47:47'), 'mag': 5.1}, {'lat': 38.181, 'long': 72.241, 'Time': Timestamp('2009-01-25 21:16:18'), 'mag': 5.0}]",2,14
1389,2009-01-17 10:18:54.379,1,"[{'lat': -39.25, 'long': -15.25, 'Time': Timestamp('2009-01-19 08:59:28'), 'mag': 5.0}, {'lat': -38.945, 'long': -15.764, 'Time': Timestamp('2009-01-19 09:11:33'), 'mag': 5.1}, {'lat': -38.794, 'long': -15.88, 'Time': Timestamp('2009-01-19 09:19:06'), 'mag': 5.1}]",3,7
1390,2009-02-05 13:37:53.238,0,[],0,26
1391,2009-01-18 16:54:53.293,0,[],0,8
1392,2009-01-24 20:08:53.346,0,[],0,14
1393,2009-01-24 23:22:52.808,1,"[{'lat': -30.013, 'long': -177.842, 'Time': Timestamp('2009-01-25 09:15:41'), 'mag': 5.0}, {'lat': -17.796, 'long': -178.591, 'Time': Timestamp('2009-01-26 11:54:39'), 'mag': 5.8}, {'lat': 51.955, 'long': -171.159, 'Time': Timestamp('2009-01-26 19:11:47'), 'mag': 5.8}]",3,14
1394,2009-01-18 07:32:50.285,0,[],0,7
1395,2009-01-25 10:49:19.010,0,[],0,14
1396,2009-02-07 14:08:17.848,0,[],0,27
1397,2009-01-26 23:52:23.799,1,"[{'lat': -17.687, 'long': 176.004, 'Time': Timestamp('2009-01-27 00:54:58'), 'mag': 5.3}, {'lat': -11.379, 'long': 117.55, 'Time': Timestamp('2009-01-27 00:57:35'), 'mag': 5.1}, {'lat': 55.536, 'long': 164.298, 'Time': Timestamp('2009-01-27 23:57:13'), 'mag': 5.5}, {'lat': -0.262, 'long': 98.28, 'Time': Timestamp('2009-01-28 00:01:14'), 'mag': 5.7}, {'lat': -0.204, 'long': 98.416, 'Time': Timestamp('2009-01-28 00:03:28'), 'mag': 5.0}, {'lat': -2.925, 'long': 136.588, 'Time': Timestamp('2009-01-28 01:34:33'), 'mag': 5.3}, {'lat': -8.936, 'long': 124.157, 'Time': Timestamp('2009-01-28 07:53:38'), 'mag': 5.7}, {'lat': 2.451, 'long': 128.606, 'Time': Timestamp('2009-01-28 19:51:57'), 'mag': 5.0}, {'lat': 13.727, 'long': 92.819, 'Time': Timestamp('2009-01-28 20:29:56'), 'mag': 5.1}]",9,15
1398,2009-01-22 04:47:02.808,1,"[{'lat': 21.118, 'long': 121.24, 'Time': Timestamp('2009-01-23 12:38:13'), 'mag': 5.3}]",1,10
1399,2009-01-31 08:03:16.702,0,[],0,19
1400,2009-01-23 11:19:53.987,0,[],0,11
1401,2009-02-04 14:38:52.679,1,"[{'lat': -27.987, 'long': -71.104, 'Time': Timestamp('2009-02-06 02:58:35'), 'mag': 5.3}]",1,23
1402,2009-02-06 17:54:23.095,1,"[{'lat': -57.25, 'long': -143.25, 'Time': Timestamp('2009-02-06 19:37:28'), 'mag': 5.2}, {'lat': -29.784, 'long': -111.941, 'Time': Timestamp('2009-02-08 06:34:30'), 'mag': 5.3}]",2,25
1403,2009-02-02 21:08:23.147,1,"[{'lat': -24.457, 'long': -179.664, 'Time': Timestamp('2009-02-03 15:05:59'), 'mag': 5.2}, {'lat': -3.895, 'long': 34.853, 'Time': Timestamp('2009-02-03 15:48:53'), 'mag': 5.1}]",2,21
1404,2009-01-29 00:22:17.966,1,"[{'lat': -9.009, 'long': 124.114, 'Time': Timestamp('2009-01-29 04:45:05'), 'mag': 5.0}, {'lat': 10.973, 'long': 124.964, 'Time': Timestamp('2009-01-29 22:43:45'), 'mag': 5.4}]",2,16
1405,2009-01-31 05:16:55.692,0,[],0,18
1406,2009-01-26 08:33:24.529,1,"[{'lat': -44.85, 'long': 35.685, 'Time': Timestamp('2009-01-27 23:19:49'), 'mag': 5.1}]",1,13
1407,2009-01-27 11:50:53.388,0,[],0,14
1408,2009-01-21 15:08:52.527,1,"[{'lat': 53.032, 'long': -35.101, 'Time': Timestamp('2009-01-22 14:34:28'), 'mag': 5.0}, {'lat': -36.386, 'long': -70.81, 'Time': Timestamp('2009-01-23 12:56:08'), 'mag': 5.2}]",2,8
1409,2009-01-26 18:24:23.495,1,"[{'lat': 13.34, 'long': -89.707, 'Time': Timestamp('2009-01-28 17:24:41'), 'mag': 5.2}]",1,13
1410,2009-01-23 07:24:55.997,1,"[{'lat': -5.134, 'long': 68.559, 'Time': Timestamp('2009-01-23 13:18:39'), 'mag': 5.0}, {'lat': 43.236, 'long': 80.893, 'Time': Timestamp('2009-01-25 01:47:47'), 'mag': 5.1}]",2,9
1411,2009-01-29 10:41:25.133,0,[],0,15
1412,2009-02-13 14:00:23.993,0,[],0,30
1413,2009-02-10 23:44:53.153,1,"[{'lat': -0.084, 'long': 124.285, 'Time': Timestamp('2009-02-11 04:17:31'), 'mag': 5.0}, {'lat': -16.221, 'long': 178.329, 'Time': Timestamp('2009-02-11 13:52:41'), 'mag': 5.7}, {'lat': -5.528, 'long': 151.758, 'Time': Timestamp('2009-02-11 16:02:06'), 'mag': 5.0}, {'lat': 3.886, 'long': 126.387, 'Time': Timestamp('2009-02-11 17:34:50'), 'mag': 7.2}, {'lat': 3.615, 'long': 126.606, 'Time': Timestamp('2009-02-11 17:41:55'), 'mag': 5.5}, {'lat': 3.875, 'long': 126.643, 'Time': Timestamp('2009-02-11 17:44:04'), 'mag': 5.5}, {'lat': 3.817, 'long': 126.729, 'Time': Timestamp('2009-02-11 17:47:18'), 'mag': 5.3}, {'lat': 3.892, 'long': 126.533, 'Time': Timestamp('2009-02-11 17:49:17'), 'mag': 5.6}, {'lat': 3.749, 'long': 126.794, 'Time': Timestamp('2009-02-11 17:52:58'), 'mag': 5.2}, {'lat': 3.848, 'long': 126.404, 'Time': Timestamp('2009-02-11 17:53:49'), 'mag': 5.2}, {'lat': 3.376, 'long': 126.102, 'Time': Timestamp('2009-02-11 17:57:26'), 'mag': 5.0}, {'lat': 3.978, 'long': 126.744, 'Time': Timestamp('2009-02-11 18:18:54'), 'mag': 5.0}, {'lat': 3.959, 'long': 126.652, 'Time': Timestamp('2009-02-11 18:22:04'), 'mag': 5.1}, {'lat': 4.026, 'long': 126.783, 'Time': Timestamp('2009-02-11 18:25:11'), 'mag': 6.0}, {'lat': 4.003, 'long': 126.541, 'Time': Timestamp('2009-02-11 18:27:29'), 'mag': 5.4}, {'lat': 3.833, 'long': 126.512, 'Time': Timestamp('2009-02-11 18:47:26'), 'mag': 5.3}, {'lat': 3.949, 'long': 126.705, 'Time': Timestamp('2009-02-11 18:54:03'), 'mag': 5.1}, {'lat': 3.826, 'long': 126.482, 'Time': Timestamp('2009-02-11 19:01:55'), 'mag': 5.5}, {'lat': 3.839, 'long': 126.882, 'Time': Timestamp('2009-02-11 19:06:02'), 'mag': 5.0}, {'lat': 3.946, 'long': 126.834, 'Time': Timestamp('2009-02-11 19:18:54'), 'mag': 5.0}, {'lat': 3.961, 'long': 126.658, 'Time': Timestamp('2009-02-11 19:56:48'), 'mag': 5.5}, {'lat': 4.028, 'long': 126.74, 'Time': Timestamp('2009-02-11 20:09:30'), 'mag': 5.4}, {'lat': 3.938, 'long': 126.595, 'Time': Timestamp('2009-02-11 20:10:09'), 'mag': 5.2}, {'lat': 3.783, 'long': 126.467, 'Time': Timestamp('2009-02-11 20:16:18'), 'mag': 5.0}, {'lat': 3.794, 'long': 126.661, 'Time': Timestamp('2009-02-11 20:19:48'), 'mag': 5.1}, {'lat': 3.72, 'long': 126.6, 'Time': Timestamp('2009-02-11 20:27:25'), 'mag': 5.2}, {'lat': 3.729, 'long': 126.79, 'Time': Timestamp('2009-02-11 21:10:40'), 'mag': 5.0}, {'lat': 3.715, 'long': 126.65, 'Time': Timestamp('2009-02-11 22:14:26'), 'mag': 5.9}, {'lat': 3.815, 'long': 126.944, 'Time': Timestamp('2009-02-11 22:32:49'), 'mag': 5.1}, {'lat': -5.541, 'long': 151.663, 'Time': Timestamp('2009-02-11 23:43:35'), 'mag': 5.3}, {'lat': 3.933, 'long': 126.58, 'Time': Timestamp('2009-02-12 00:03:00'), 'mag': 5.5}, {'lat': 4.042, 'long': 126.798, 'Time': Timestamp('2009-02-12 01:25:25'), 'mag': 5.6}, {'lat': 4.006, 'long': 126.626, 'Time': Timestamp('2009-02-12 01:42:09'), 'mag': 5.3}, {'lat': 4.032, 'long': 126.765, 'Time': Timestamp('2009-02-12 02:15:05'), 'mag': 5.0}, {'lat': 3.808, 'long': 126.568, 'Time': Timestamp('2009-02-12 03:01:15'), 'mag': 5.1}, {'lat': 3.593, 'long': 126.648, 'Time': Timestamp('2009-02-12 03:19:15'), 'mag': 5.1}, {'lat': 3.947, 'long': 126.411, 'Time': Timestamp('2009-02-12 03:49:39'), 'mag': 6.0}, {'lat': 3.747, 'long': 126.504, 'Time': Timestamp('2009-02-12 04:16:39'), 'mag': 5.2}, {'lat': 4.013, 'long': 126.568, 'Time': Timestamp('2009-02-12 04:27:06'), 'mag': 5.3}, {'lat': 4.119, 'long': 126.734, 'Time': Timestamp('2009-02-12 04:40:02'), 'mag': 5.0}, {'lat': 4.136, 'long': 126.878, 'Time': Timestamp('2009-02-12 06:01:59'), 'mag': 5.0}, {'lat': 4.022, 'long': 126.662, 'Time': Timestamp('2009-02-12 07:07:37'), 'mag': 5.2}, {'lat': 3.706, 'long': 126.793, 'Time': Timestamp('2009-02-12 07:38:06'), 'mag': 5.6}, {'lat': 3.972, 'long': 126.724, 'Time': Timestamp('2009-02-12 08:30:17'), 'mag': 6.0}, {'lat': 4.013, 'long': 126.509, 'Time': Timestamp('2009-02-12 08:38:30'), 'mag': 5.0}, {'lat': 3.987, 'long': 126.685, 'Time': Timestamp('2009-02-12 11:35:13'), 'mag': 5.1}, {'lat': 4.036, 'long': 126.548, 'Time': Timestamp('2009-02-12 13:15:06'), 'mag': 6.3}, {'lat': 45.533, 'long': 150.662, 'Time': Timestamp('2009-02-12 13:22:30'), 'mag': 5.2}, {'lat': 3.989, 'long': 127.153, 'Time': Timestamp('2009-02-12 13:22:45'), 'mag': 5.0}, {'lat': 4.026, 'long': 126.735, 'Time': Timestamp('2009-02-12 13:40:06'), 'mag': 5.0}, {'lat': 12.148, 'long': 143.767, 'Time': Timestamp('2009-02-12 13:41:43'), 'mag': 5.3}, {'lat': 4.002, 'long': 126.572, 'Time': Timestamp('2009-02-12 14:07:18'), 'mag': 5.0}, {'lat': 3.694, 'long': 126.512, 'Time': Timestamp('2009-02-12 14:16:18'), 'mag': 5.3}, {'lat': 3.93, 'long': 126.472, 'Time': Timestamp('2009-02-12 15:44:19'), 'mag': 5.0}, {'lat': 4.03, 'long': 126.647, 'Time': Timestamp('2009-02-12 16:57:52'), 'mag': 5.1}, {'lat': 3.979, 'long': 126.483, 'Time': Timestamp('2009-02-12 17:46:05'), 'mag': 5.7}, {'lat': -8.24, 'long': 121.373, 'Time': Timestamp('2009-02-12 20:25:05'), 'mag': 5.4}]",57,27
1414,2009-02-02 09:32:16.315,1,"[{'lat': -3.895, 'long': 34.853, 'Time': Timestamp('2009-02-03 15:48:53'), 'mag': 5.1}]",1,18
1415,2009-02-12 12:51:53.367,0,[],0,28
1416,2009-01-29 16:08:53.421,1,"[{'lat': -8.108, 'long': -71.402, 'Time': Timestamp('2009-01-29 22:28:05'), 'mag': 5.6}, {'lat': -22.88, 'long': -70.271, 'Time': Timestamp('2009-01-31 14:40:14'), 'mag': 5.1}]",2,14
1417,2009-01-30 19:23:53.474,1,"[{'lat': 17.66, 'long': -101.939, 'Time': Timestamp('2009-01-31 13:24:57'), 'mag': 5.1}, {'lat': -34.969, 'long': -111.447, 'Time': Timestamp('2009-02-01 15:18:05'), 'mag': 5.0}]",2,15
1418,2009-02-06 22:37:23.526,1,"[{'lat': -29.784, 'long': -111.941, 'Time': Timestamp('2009-02-08 06:34:30'), 'mag': 5.3}, {'lat': -24.715, 'long': -177.031, 'Time': Timestamp('2009-02-08 07:24:31'), 'mag': 5.1}, {'lat': -2.532, 'long': -78.893, 'Time': Timestamp('2009-02-08 20:49:24'), 'mag': 5.0}, {'lat': -6.757, 'long': -80.89, 'Time': Timestamp('2009-02-08 21:23:17'), 'mag': 5.1}]",4,22
1419,2009-02-09 01:51:51.113,1,"[{'lat': 1.317, 'long': 123.467, 'Time': Timestamp('2009-02-09 10:47:49'), 'mag': 5.4}]",1,24
1420,2009-02-15 06:46:54.632,0,[],0,30
1421,2009-02-10 10:02:52.140,0,[],0,25
1422,2009-01-23 13:21:53.768,0,[],0,7
1423,2009-01-30 16:38:53.821,1,"[{'lat': 17.66, 'long': -101.939, 'Time': Timestamp('2009-01-31 13:24:57'), 'mag': 5.1}, {'lat': -22.88, 'long': -70.271, 'Time': Timestamp('2009-01-31 14:40:14'), 'mag': 5.1}, {'lat': -19.41, 'long': -69.065, 'Time': Timestamp('2009-01-31 16:29:36'), 'mag': 5.5}, {'lat': -34.969, 'long': -111.447, 'Time': Timestamp('2009-02-01 15:18:05'), 'mag': 5.0}]",4,14
1424,2009-02-14 19:53:23.874,0,[],0,29
1425,2009-02-09 23:06:53.928,1,"[{'lat': -20.775, 'long': -177.298, 'Time': Timestamp('2009-02-11 09:31:04'), 'mag': 5.5}]",1,24
1426,2009-01-29 07:17:22.254,0,[],0,12
1427,2009-01-24 10:33:16.664,0,[],0,7
1428,2009-02-16 13:52:25.134,0,[],0,30
1429,2009-01-29 18:46:12.926,1,"[{'lat': 17.66, 'long': -101.939, 'Time': Timestamp('2009-01-31 13:24:57'), 'mag': 5.1}]",1,12
1430,2009-02-17 07:47:21.654,1,"[{'lat': -52.963, 'long': 20.885, 'Time': Timestamp('2009-02-18 00:09:18'), 'mag': 5.1}, {'lat': -52.992, 'long': 20.953, 'Time': Timestamp('2009-02-18 00:16:21'), 'mag': 5.0}, {'lat': -52.966, 'long': 20.909, 'Time': Timestamp('2009-02-18 03:07:50'), 'mag': 5.9}, {'lat': -14.347, 'long': 66.135, 'Time': Timestamp('2009-02-19 00:28:50'), 'mag': 5.4}]",4,30
1431,2009-01-27 11:03:53.516,0,[],0,9
1432,2009-02-07 14:22:52.097,0,[],0,20
1433,2009-01-23 17:38:53.623,0,[],0,5
1434,2009-01-25 01:43:52.506,1,"[{'lat': -6.912, 'long': 130.275, 'Time': Timestamp('2009-01-25 19:13:47'), 'mag': 5.2}, {'lat': -11.379, 'long': 117.55, 'Time': Timestamp('2009-01-27 00:57:35'), 'mag': 5.1}]",2,6
1435,2009-01-25 05:00:57.426,1,"[{'lat': 0.072, 'long': 100.044, 'Time': Timestamp('2009-01-26 05:23:24'), 'mag': 5.0}, {'lat': -0.352, 'long': 98.184, 'Time': Timestamp('2009-01-26 19:33:04'), 'mag': 5.7}, {'lat': 57.511, 'long': 120.578, 'Time': Timestamp('2009-01-26 21:30:38'), 'mag': 5.4}]",3,6
1436,2009-01-29 08:15:50.727,0,[],0,10
1437,2009-02-09 11:34:53.918,0,[],0,21
1438,2009-02-07 14:52:52.944,1,"[{'lat': -2.532, 'long': -78.893, 'Time': Timestamp('2009-02-08 20:49:24'), 'mag': 5.0}, {'lat': -6.757, 'long': -80.89, 'Time': Timestamp('2009-02-08 21:23:17'), 'mag': 5.1}, {'lat': -6.567, 'long': -81.15, 'Time': Timestamp('2009-02-09 14:09:02'), 'mag': 6.0}]",3,19
1439,2009-02-16 18:08:54.025,0,[],0,28
1440,2009-02-03 15:23:21.130,0,[],0,14
1441,2009-02-01 18:38:19.308,0,[],0,12
1442,2009-01-25 21:52:24.438,1,"[{'lat': -17.796, 'long': -178.591, 'Time': Timestamp('2009-01-26 11:54:39'), 'mag': 5.8}, {'lat': -22.967, 'long': -114.471, 'Time': Timestamp('2009-01-26 14:34:19'), 'mag': 5.1}, {'lat': 51.955, 'long': -171.159, 'Time': Timestamp('2009-01-26 19:11:47'), 'mag': 5.8}, {'lat': -17.687, 'long': 176.004, 'Time': Timestamp('2009-01-27 00:54:58'), 'mag': 5.3}, {'lat': -17.837, 'long': -178.677, 'Time': Timestamp('2009-01-27 06:29:13'), 'mag': 5.9}]",5,5
1443,2009-02-12 01:06:21.065,1,"[{'lat': 4.042, 'long': 126.798, 'Time': Timestamp('2009-02-12 01:25:25'), 'mag': 5.6}, {'lat': 4.006, 'long': 126.626, 'Time': Timestamp('2009-02-12 01:42:09'), 'mag': 5.3}, {'lat': 4.032, 'long': 126.765, 'Time': Timestamp('2009-02-12 02:15:05'), 'mag': 5.0}, {'lat': 3.808, 'long': 126.568, 'Time': Timestamp('2009-02-12 03:01:15'), 'mag': 5.1}, {'lat': 3.593, 'long': 126.648, 'Time': Timestamp('2009-02-12 03:19:15'), 'mag': 5.1}, {'lat': 3.947, 'long': 126.411, 'Time': Timestamp('2009-02-12 03:49:39'), 'mag': 6.0}, {'lat': 3.747, 'long': 126.504, 'Time': Timestamp('2009-02-12 04:16:39'), 'mag': 5.2}, {'lat': 4.013, 'long': 126.568, 'Time': Timestamp('2009-02-12 04:27:06'), 'mag': 5.3}, {'lat': 4.119, 'long': 126.734, 'Time': Timestamp('2009-02-12 04:40:02'), 'mag': 5.0}, {'lat': 4.136, 'long': 126.878, 'Time': Timestamp('2009-02-12 06:01:59'), 'mag': 5.0}, {'lat': 4.022, 'long': 126.662, 'Time': Timestamp('2009-02-12 07:07:37'), 'mag': 5.2}, {'lat': 3.706, 'long': 126.793, 'Time': Timestamp('2009-02-12 07:38:06'), 'mag': 5.6}, {'lat': 3.972, 'long': 126.724, 'Time': Timestamp('2009-02-12 08:30:17'), 'mag': 6.0}, {'lat': 4.013, 'long': 126.509, 'Time': Timestamp('2009-02-12 08:38:30'), 'mag': 5.0}, {'lat': 3.987, 'long': 126.685, 'Time': Timestamp('2009-02-12 11:35:13'), 'mag': 5.1}, {'lat': 4.036, 'long': 126.548, 'Time': Timestamp('2009-02-12 13:15:06'), 'mag': 6.3}, {'lat': 45.533, 'long': 150.662, 'Time': Timestamp('2009-02-12 13:22:30'), 'mag': 5.2}, {'lat': 3.989, 'long': 127.153, 'Time': Timestamp('2009-02-12 13:22:45'), 'mag': 5.0}, {'lat': 4.026, 'long': 126.735, 'Time': Timestamp('2009-02-12 13:40:06'), 'mag': 5.0}, {'lat': 12.148, 'long': 143.767, 'Time': Timestamp('2009-02-12 13:41:43'), 'mag': 5.3}, {'lat': 4.002, 'long': 126.572, 'Time': Timestamp('2009-02-12 14:07:18'), 'mag': 5.0}, {'lat': 3.694, 'long': 126.512, 'Time': Timestamp('2009-02-12 14:16:18'), 'mag': 5.3}, {'lat': 3.93, 'long': 126.472, 'Time': Timestamp('2009-02-12 15:44:19'), 'mag': 5.0}, {'lat': 4.03, 'long': 126.647, 'Time': Timestamp('2009-02-12 16:57:52'), 'mag': 5.1}, {'lat': 3.979, 'long': 126.483, 'Time': Timestamp('2009-02-12 17:46:05'), 'mag': 5.7}, {'lat': -8.24, 'long': 121.373, 'Time': Timestamp('2009-02-12 20:25:05'), 'mag': 5.4}, {'lat': 3.744, 'long': 126.732, 'Time': Timestamp('2009-02-13 02:24:22'), 'mag': 5.3}, {'lat': 3.747, 'long': 126.609, 'Time': Timestamp('2009-02-13 03:28:55'), 'mag': 5.0}, {'lat': 3.988, 'long': 126.606, 'Time': Timestamp('2009-02-13 06:28:42'), 'mag': 5.0}, {'lat': 3.65, 'long': 126.622, 'Time': Timestamp('2009-02-13 07:56:06'), 'mag': 5.2}, {'lat': 3.97, 'long': 126.82, 'Time': Timestamp('2009-02-13 11:31:49'), 'mag': 5.0}, {'lat': 3.754, 'long': 126.683, 'Time': Timestamp('2009-02-13 12:37:51'), 'mag': 5.6}, {'lat': 4.139, 'long': 126.769, 'Time': Timestamp('2009-02-13 14:38:30'), 'mag': 5.0}, {'lat': 3.643, 'long': 126.842, 'Time': Timestamp('2009-02-13 16:49:12'), 'mag': 5.3}, {'lat': 3.776, 'long': 126.461, 'Time': Timestamp('2009-02-13 21:26:36'), 'mag': 5.4}, {'lat': 46.746, 'long': 84.5, 'Time': Timestamp('2009-02-13 23:32:42'), 'mag': 5.0}]",36,22
1444,2009-02-17 06:01:25.911,1,"[{'lat': 30.667, 'long': 83.857, 'Time': Timestamp('2009-02-18 10:11:43'), 'mag': 5.1}, {'lat': -14.347, 'long': 66.135, 'Time': Timestamp('2009-02-19 00:28:50'), 'mag': 5.4}]",2,27
1445,2009-01-30 09:16:19.324,0,[],0,9
1446,2009-01-30 12:35:53.897,0,[],0,9
1447,2009-01-30 06:31:25.490,0,[],0,8
1448,2009-01-28 09:46:51.671,0,[],0,6
1449,2009-02-02 13:06:23.299,0,[],0,11
1450,2009-01-31 16:23:23.352,1,"[{'lat': -19.41, 'long': -69.065, 'Time': Timestamp('2009-01-31 16:29:36'), 'mag': 5.5}]",1,9
1451,2009-02-02 19:37:53.718,0,[],0,11
1452,2009-01-31 22:51:53.458,0,[],0,9
1453,2009-02-22 08:38:19.277,1,"[{'lat': 27.582, 'long': 55.372, 'Time': Timestamp('2009-02-23 11:10:56'), 'mag': 5.1}]",1,30
1454,2009-02-06 11:57:23.673,0,[],0,14
1455,2009-02-04 15:15:22.811,1,"[{'lat': -27.987, 'long': -71.104, 'Time': Timestamp('2009-02-06 02:58:35'), 'mag': 5.3}]",1,12
1456,2009-02-18 18:30:49.662,0,[],0,26
1457,2009-02-18 07:31:54.953,1,"[{'lat': -14.347, 'long': 66.135, 'Time': Timestamp('2009-02-19 00:28:50'), 'mag': 5.4}, {'lat': 34.203, 'long': 73.9, 'Time': Timestamp('2009-02-20 03:48:48'), 'mag': 5.5}]",2,25
1458,2009-02-11 10:48:25.240,0,[],0,18
1459,2009-02-14 14:06:50.411,1,"[{'lat': -29.134, 'long': -69.807, 'Time': Timestamp('2009-02-16 02:22:50'), 'mag': 5.4}]",1,21
1460,2009-02-18 17:23:23.154,0,[],0,25
1461,2009-02-07 20:37:19.413,0,[],0,14
1462,2009-01-31 23:51:20.682,1,"[{'lat': 4.847, 'long': 127.765, 'Time': Timestamp('2009-02-01 01:50:07'), 'mag': 5.1}, {'lat': 37.884, 'long': 142.403, 'Time': Timestamp('2009-02-01 09:32:48'), 'mag': 5.1}, {'lat': 27.228, 'long': 66.322, 'Time': Timestamp('2009-02-02 08:36:51'), 'mag': 5.1}, {'lat': -4.546, 'long': 102.759, 'Time': Timestamp('2009-02-02 09:04:34'), 'mag': 5.0}]",4,7
1463,2009-02-07 11:18:48.214,0,[],0,13
1464,2009-02-08 14:37:22.141,0,[],0,14
1465,2009-02-12 21:06:53.608,1,"[{'lat': -30.712, 'long': -178.2, 'Time': Timestamp('2009-02-13 02:17:50'), 'mag': 5.3}, {'lat': -8.517, 'long': -73.993, 'Time': Timestamp('2009-02-13 13:18:36'), 'mag': 5.2}, {'lat': 18.674, 'long': -68.919, 'Time': Timestamp('2009-02-14 07:48:38'), 'mag': 5.0}]",3,18
1466,2009-02-20 00:20:50.983,1,"[{'lat': 34.203, 'long': 73.9, 'Time': Timestamp('2009-02-20 03:48:48'), 'mag': 5.5}, {'lat': 40.657, 'long': 78.692, 'Time': Timestamp('2009-02-20 10:02:29'), 'mag': 5.3}, {'lat': 28.875, 'long': 130.864, 'Time': Timestamp('2009-02-21 00:12:56'), 'mag': 5.5}, {'lat': -0.397, 'long': 132.67, 'Time': Timestamp('2009-02-21 13:35:37'), 'mag': 5.5}, {'lat': 55.472, 'long': -35.115, 'Time': Timestamp('2009-02-21 15:40:43'), 'mag': 5.1}, {'lat': 55.451, 'long': -35.066, 'Time': Timestamp('2009-02-21 16:53:54'), 'mag': 5.4}]",6,25
1467,2009-02-20 10:09:22.248,0,[],0,25
1468,2009-02-08 13:28:53.876,0,[],0,13
1469,2009-01-31 16:45:23.929,1,"[{'lat': -34.969, 'long': -111.447, 'Time': Timestamp('2009-02-01 15:18:05'), 'mag': 5.0}]",1,5
1470,2009-02-15 19:59:53.982,0,[],0,20
1471,2009-02-06 23:13:54.036,1,"[{'lat': -20.538, 'long': -178.214, 'Time': Timestamp('2009-02-07 21:51:56'), 'mag': 5.4}, {'lat': -24.715, 'long': -177.031, 'Time': Timestamp('2009-02-08 07:24:31'), 'mag': 5.1}]",2,11
1472,2009-02-15 07:23:51.361,1,"[{'lat': -3.949, 'long': 34.843, 'Time': Timestamp('2009-02-16 08:24:21'), 'mag': 5.0}]",1,19
1473,2009-02-20 10:40:21.873,0,[],0,24
1474,2009-02-08 13:58:53.277,0,[],0,12
1475,2009-02-03 17:15:23.330,0,[],0,7
1476,2009-02-10 20:29:23.383,0,[],0,14
1477,2009-02-16 23:43:23.437,1,"[{'lat': -18.851, 'long': 168.854, 'Time': Timestamp('2009-02-17 19:21:30'), 'mag': 5.0}, {'lat': -61.706, 'long': 154.752, 'Time': Timestamp('2009-02-18 03:30:34'), 'mag': 5.6}]",2,20
1478,2009-02-19 20:59:23.963,1,"[{'lat': -25.887, 'long': -175.952, 'Time': Timestamp('2009-02-21 14:30:35'), 'mag': 5.0}]",1,22
1479,2009-02-19 00:13:16.013,1,"[{'lat': -14.347, 'long': 66.135, 'Time': Timestamp('2009-02-19 00:28:50'), 'mag': 5.4}, {'lat': -7.389, 'long': 120.642, 'Time': Timestamp('2009-02-19 09:03:21'), 'mag': 5.2}, {'lat': 34.203, 'long': 73.9, 'Time': Timestamp('2009-02-20 03:48:48'), 'mag': 5.5}, {'lat': 40.657, 'long': 78.692, 'Time': Timestamp('2009-02-20 10:02:29'), 'mag': 5.3}, {'lat': 28.875, 'long': 130.864, 'Time': Timestamp('2009-02-21 00:12:56'), 'mag': 5.5}]",5,21
1480,2009-02-26 05:08:02.025,1,"[{'lat': 1.518, 'long': 97.089, 'Time': Timestamp('2009-02-27 05:25:48'), 'mag': 5.1}]",1,28
1481,2009-02-11 08:24:23.005,0,[],0,13
1482,2009-02-19 11:41:23.203,0,[],0,21
1483,2009-02-04 14:59:50.903,1,"[{'lat': -27.987, 'long': -71.104, 'Time': Timestamp('2009-02-06 02:58:35'), 'mag': 5.3}]",1,6
1484,2009-02-23 18:15:23.310,1,"[{'lat': 8.181, 'long': -103.778, 'Time': Timestamp('2009-02-24 07:05:36'), 'mag': 5.2}]",1,25
1485,2009-02-26 21:28:53.364,1,"[{'lat': -27.121, 'long': -176.135, 'Time': Timestamp('2009-02-27 19:08:32'), 'mag': 5.1}, {'lat': -45.114, 'long': -80.698, 'Time': Timestamp('2009-02-28 00:50:08'), 'mag': 5.2}, {'lat': -60.525, 'long': -24.796, 'Time': Timestamp('2009-02-28 14:33:06'), 'mag': 6.3}]",3,28
1486,2009-02-13 00:42:52.279,1,"[{'lat': 3.744, 'long': 126.732, 'Time': Timestamp('2009-02-13 02:24:22'), 'mag': 5.3}, {'lat': 3.747, 'long': 126.609, 'Time': Timestamp('2009-02-13 03:28:55'), 'mag': 5.0}, {'lat': 3.988, 'long': 126.606, 'Time': Timestamp('2009-02-13 06:28:42'), 'mag': 5.0}, {'lat': 3.65, 'long': 126.622, 'Time': Timestamp('2009-02-13 07:56:06'), 'mag': 5.2}, {'lat': 3.97, 'long': 126.82, 'Time': Timestamp('2009-02-13 11:31:49'), 'mag': 5.0}, {'lat': 3.754, 'long': 126.683, 'Time': Timestamp('2009-02-13 12:37:51'), 'mag': 5.6}, {'lat': 4.139, 'long': 126.769, 'Time': Timestamp('2009-02-13 14:38:30'), 'mag': 5.0}, {'lat': 3.643, 'long': 126.842, 'Time': Timestamp('2009-02-13 16:49:12'), 'mag': 5.3}, {'lat': 3.776, 'long': 126.461, 'Time': Timestamp('2009-02-13 21:26:36'), 'mag': 5.4}, {'lat': 46.746, 'long': 84.5, 'Time': Timestamp('2009-02-13 23:32:42'), 'mag': 5.0}, {'lat': -21.514, 'long': 170.422, 'Time': Timestamp('2009-02-14 02:06:54'), 'mag': 5.2}, {'lat': 4.182, 'long': 126.747, 'Time': Timestamp('2009-02-14 05:30:10'), 'mag': 5.0}, {'lat': -15.722, 'long': 167.459, 'Time': Timestamp('2009-02-14 08:29:39'), 'mag': 5.0}, {'lat': -5.417, 'long': 151.72, 'Time': Timestamp('2009-02-14 20:29:11'), 'mag': 5.4}]",14,14
1487,2009-02-14 07:15:56.816,0,[],0,15
1488,2009-02-21 10:32:19.348,0,[],0,22
1489,2009-02-18 13:51:23.631,0,[],0,19
1490,2009-02-19 17:07:53.685,0,[],0,20
1491,2009-02-14 20:21:53.738,0,[],0,15
1492,2009-02-16 23:35:23.790,1,"[{'lat': -18.851, 'long': 168.854, 'Time': Timestamp('2009-02-17 19:21:30'), 'mag': 5.0}, {'lat': -61.706, 'long': 154.752, 'Time': Timestamp('2009-02-18 03:30:34'), 'mag': 5.6}]",2,17
1493,2009-02-06 07:46:20.789,0,[],0,6
1494,2009-02-14 11:02:53.844,0,[],0,14
1495,2009-02-05 14:21:25.104,1,"[{'lat': -27.987, 'long': -71.104, 'Time': Timestamp('2009-02-06 02:58:35'), 'mag': 5.3}]",1,5
1496,2009-02-07 17:37:23.086,1,"[{'lat': -29.784, 'long': -111.941, 'Time': Timestamp('2009-02-08 06:34:30'), 'mag': 5.3}, {'lat': -2.532, 'long': -78.893, 'Time': Timestamp('2009-02-08 20:49:24'), 'mag': 5.0}, {'lat': -6.757, 'long': -80.89, 'Time': Timestamp('2009-02-08 21:23:17'), 'mag': 5.1}, {'lat': -6.567, 'long': -81.15, 'Time': Timestamp('2009-02-09 14:09:02'), 'mag': 6.0}]",4,7
1497,2009-02-08 06:37:51.613,0,[],0,7
1498,2009-02-27 09:53:50.450,0,[],0,26
1499,2009-02-09 13:12:53.819,0,[],0,8
1500,2009-02-21 22:57:48.332,0,[],0,20
1501,2009-02-21 07:07:56.993,0,[],0,19
1502,2009-02-13 10:24:19.523,0,[],0,11
1503,2009-02-25 13:43:23.808,0,[],0,23
1504,2009-03-03 16:59:53.862,1,"[{'lat': 18.286, 'long': -68.563, 'Time': Timestamp('2009-03-04 22:30:26'), 'mag': 5.0}]",1,29
1505,2009-02-15 20:13:53.915,0,[],0,13
1506,2009-02-22 23:27:53.967,1,"[{'lat': -23.18, 'long': 170.557, 'Time': Timestamp('2009-02-24 12:39:41'), 'mag': 5.7}, {'lat': -27.003, 'long': -176.402, 'Time': Timestamp('2009-02-24 18:28:12'), 'mag': 5.0}, {'lat': -13.175, 'long': 167.244, 'Time': Timestamp('2009-02-24 18:30:15'), 'mag': 5.2}]",3,20
1507,2009-02-10 07:38:25.390,0,[],0,7
1508,2009-02-22 10:54:50.253,1,"[{'lat': -0.255, 'long': -18.315, 'Time': Timestamp('2009-02-24 00:46:40'), 'mag': 5.2}]",1,19
1509,2009-02-17 14:13:14.649,0,[],0,14
1510,2009-02-16 17:29:53.262,0,[],0,13
1511,2009-02-13 20:43:53.316,0,[],0,10
1512,2009-03-05 23:57:23.368,1,"[{'lat': -10.742, 'long': 162.391, 'Time': Timestamp('2009-03-06 19:19:31'), 'mag': 5.3}, {'lat': -9.329, 'long': 124.847, 'Time': Timestamp('2009-03-07 00:36:14'), 'mag': 5.0}, {'lat': 41.796, 'long': 143.693, 'Time': Timestamp('2009-03-07 14:33:04'), 'mag': 5.3}, {'lat': -8.352, 'long': 123.592, 'Time': Timestamp('2009-03-07 16:27:20'), 'mag': 5.3}]",4,30
1513,2009-02-27 08:08:25.791,0,[],0,23
1514,2009-02-28 11:25:23.738,1,"[{'lat': -60.525, 'long': -24.796, 'Time': Timestamp('2009-02-28 14:33:06'), 'mag': 6.3}]",1,24
1515,2009-02-09 14:43:51.326,0,[],0,5
1516,2009-03-04 21:13:23.898,1,"[{'lat': 18.286, 'long': -68.563, 'Time': Timestamp('2009-03-04 22:30:26'), 'mag': 5.0}, {'lat': -30.753, 'long': -13.497, 'Time': Timestamp('2009-03-05 01:32:33'), 'mag': 5.1}, {'lat': -17.512, 'long': -179.056, 'Time': Timestamp('2009-03-05 19:33:14'), 'mag': 5.9}, {'lat': -8.029, 'long': -13.532, 'Time': Timestamp('2009-03-05 22:13:52'), 'mag': 5.0}, {'lat': -15.156, 'long': -173.309, 'Time': Timestamp('2009-03-06 07:01:48'), 'mag': 5.8}, {'lat': -15.079, 'long': -173.446, 'Time': Timestamp('2009-03-06 07:24:04'), 'mag': 5.1}, {'lat': -15.262, 'long': -173.346, 'Time': Timestamp('2009-03-06 08:21:25'), 'mag': 5.3}, {'lat': -14.983, 'long': -173.428, 'Time': Timestamp('2009-03-06 20:19:04'), 'mag': 5.1}]",8,28
1517,2009-03-07 00:27:21.273,1,"[{'lat': -9.329, 'long': 124.847, 'Time': Timestamp('2009-03-07 00:36:14'), 'mag': 5.0}, {'lat': 41.796, 'long': 143.693, 'Time': Timestamp('2009-03-07 14:33:04'), 'mag': 5.3}, {'lat': -8.352, 'long': 123.592, 'Time': Timestamp('2009-03-07 16:27:20'), 'mag': 5.3}]",3,30
1518,2009-02-20 08:36:50.071,0,[],0,15
1519,2009-02-14 11:55:53.140,0,[],0,9
1520,2009-02-25 15:13:49.510,0,[],0,20
1521,2009-02-18 18:29:23.247,0,[],0,13
1522,2009-02-10 21:43:23.300,1,"[{'lat': 2.268, 'long': -84.463, 'Time': Timestamp('2009-02-11 04:44:56'), 'mag': 5.1}, {'lat': -20.775, 'long': -177.298, 'Time': Timestamp('2009-02-11 09:31:04'), 'mag': 5.5}, {'lat': 6.749, 'long': -72.914, 'Time': Timestamp('2009-02-11 17:17:03'), 'mag': 5.0}, {'lat': -20.249, 'long': -68.794, 'Time': Timestamp('2009-02-11 20:45:32'), 'mag': 5.3}, {'lat': -31.232, 'long': -178.111, 'Time': Timestamp('2009-02-12 18:54:28'), 'mag': 5.8}, {'lat': -55.0, 'long': -129.0, 'Time': Timestamp('2009-02-12 20:21:44'), 'mag': 5.1}]",6,5
1523,2009-02-24 00:57:20.886,1,"[{'lat': -27.046, 'long': 75.142, 'Time': Timestamp('2009-02-24 01:26:16'), 'mag': 5.1}, {'lat': 13.787, 'long': 146.303, 'Time': Timestamp('2009-02-24 05:58:00'), 'mag': 5.9}, {'lat': -1.744, 'long': 120.538, 'Time': Timestamp('2009-02-24 10:35:39'), 'mag': 5.1}, {'lat': 1.425, 'long': 97.165, 'Time': Timestamp('2009-02-24 12:13:13'), 'mag': 5.6}, {'lat': -13.175, 'long': 167.244, 'Time': Timestamp('2009-02-24 18:30:15'), 'mag': 5.2}, {'lat': 9.1, 'long': 126.278, 'Time': Timestamp('2009-02-25 07:51:45'), 'mag': 5.0}]",6,18
1524,2009-02-12 05:51:54.404,1,"[{'lat': 46.746, 'long': 84.5, 'Time': Timestamp('2009-02-13 23:32:42'), 'mag': 5.0}]",1,6
1525,2009-02-16 09:07:20.472,1,"[{'lat': 37.13, 'long': 20.78, 'Time': Timestamp('2009-02-16 23:16:38'), 'mag': 5.5}, {'lat': 39.107, 'long': 29.039, 'Time': Timestamp('2009-02-17 05:28:19'), 'mag': 5.2}, {'lat': -52.963, 'long': 20.885, 'Time': Timestamp('2009-02-18 00:09:18'), 'mag': 5.1}, {'lat': -52.992, 'long': 20.953, 'Time': Timestamp('2009-02-18 00:16:21'), 'mag': 5.0}, {'lat': -52.966, 'long': 20.909, 'Time': Timestamp('2009-02-18 03:07:50'), 'mag': 5.9}]",5,10
1526,2009-02-23 12:26:23.540,1,"[{'lat': -0.255, 'long': -18.315, 'Time': Timestamp('2009-02-24 00:46:40'), 'mag': 5.2}]",1,17
1527,2009-02-16 15:44:18.918,0,[],0,10
1528,2009-03-08 18:59:23.647,1,"[{'lat': 16.46, 'long': -93.65, 'Time': Timestamp('2009-03-10 00:36:44'), 'mag': 5.0}]",1,30
1529,2009-03-05 22:12:53.701,1,"[{'lat': -8.029, 'long': -13.532, 'Time': Timestamp('2009-03-05 22:13:52'), 'mag': 5.0}]",1,27
1530,2009-02-27 01:26:52.068,1,"[{'lat': -5.552, 'long': 130.989, 'Time': Timestamp('2009-02-27 12:48:07'), 'mag': 5.0}, {'lat': 42.61, 'long': 142.104, 'Time': Timestamp('2009-02-28 00:35:56'), 'mag': 5.5}, {'lat': 3.67, 'long': 126.632, 'Time': Timestamp('2009-02-28 01:43:31'), 'mag': 5.3}, {'lat': 3.834, 'long': 126.48, 'Time': Timestamp('2009-02-28 10:50:22'), 'mag': 5.3}, {'lat': 3.904, 'long': 126.516, 'Time': Timestamp('2009-02-28 12:24:12'), 'mag': 5.0}]",5,20
1531,2009-02-28 06:22:24.805,0,[],0,21
1532,2009-02-27 12:56:53.941,1,"[{'lat': -60.525, 'long': -24.796, 'Time': Timestamp('2009-02-28 14:33:06'), 'mag': 6.3}]",1,20
1533,2009-03-04 16:14:23.996,1,"[{'lat': 18.286, 'long': -68.563, 'Time': Timestamp('2009-03-04 22:30:26'), 'mag': 5.0}]",1,25
1534,2009-02-27 00:19:23.217,1,"[{'lat': -11.876, 'long': 166.309, 'Time': Timestamp('2009-02-27 02:57:42'), 'mag': 5.0}, {'lat': 1.518, 'long': 97.089, 'Time': Timestamp('2009-02-27 05:25:48'), 'mag': 5.1}, {'lat': -5.552, 'long': 130.989, 'Time': Timestamp('2009-02-27 12:48:07'), 'mag': 5.0}, {'lat': 42.61, 'long': 142.104, 'Time': Timestamp('2009-02-28 00:35:56'), 'mag': 5.5}, {'lat': 3.67, 'long': 126.632, 'Time': Timestamp('2009-02-28 01:43:31'), 'mag': 5.3}, {'lat': 3.834, 'long': 126.48, 'Time': Timestamp('2009-02-28 10:50:22'), 'mag': 5.3}, {'lat': 3.904, 'long': 126.516, 'Time': Timestamp('2009-02-28 12:24:12'), 'mag': 5.0}, {'lat': -16.764, 'long': 177.171, 'Time': Timestamp('2009-02-28 21:18:53'), 'mag': 5.1}]",8,19
1535,2009-03-08 05:14:32.137,1,"[{'lat': -17.178, 'long': 66.797, 'Time': Timestamp('2009-03-09 03:44:23'), 'mag': 5.2}]",1,28
1536,2009-02-28 08:30:54.456,0,[],0,20
1537,2009-03-07 11:47:53.316,0,[],0,27
1538,2009-02-19 15:06:22.454,0,[],0,11
1539,2009-02-23 21:35:23.476,1,"[{'lat': -0.255, 'long': -18.315, 'Time': Timestamp('2009-02-24 00:46:40'), 'mag': 5.2}, {'lat': -27.046, 'long': 75.142, 'Time': Timestamp('2009-02-24 01:26:16'), 'mag': 5.1}, {'lat': 8.181, 'long': -103.778, 'Time': Timestamp('2009-02-24 07:05:36'), 'mag': 5.2}, {'lat': -27.003, 'long': -176.402, 'Time': Timestamp('2009-02-24 18:28:12'), 'mag': 5.0}, {'lat': -41.887, 'long': 88.634, 'Time': Timestamp('2009-02-25 16:08:00'), 'mag': 5.5}]",5,15
1540,2009-02-25 00:49:22.391,1,"[{'lat': 9.1, 'long': 126.278, 'Time': Timestamp('2009-02-25 07:51:45'), 'mag': 5.0}, {'lat': -23.146, 'long': 170.559, 'Time': Timestamp('2009-02-25 09:19:48'), 'mag': 5.3}, {'lat': 19.017, 'long': 121.265, 'Time': Timestamp('2009-02-26 12:32:52'), 'mag': 5.5}, {'lat': 3.691, 'long': 126.641, 'Time': Timestamp('2009-02-26 16:15:53'), 'mag': 5.0}, {'lat': -7.467, 'long': 127.772, 'Time': Timestamp('2009-02-26 21:09:30'), 'mag': 5.5}]",5,16
1541,2009-03-05 05:44:24.580,1,"[{'lat': 15.577, 'long': 95.993, 'Time': Timestamp('2009-03-05 15:49:52'), 'mag': 5.1}]",1,24
1542,2009-03-02 08:59:20.649,0,[],0,21
1543,2009-03-05 12:18:20.257,1,"[{'lat': -8.029, 'long': -13.532, 'Time': Timestamp('2009-03-05 22:13:52'), 'mag': 5.0}]",1,24
1544,2009-02-20 15:36:25.735,1,"[{'lat': 55.472, 'long': -35.115, 'Time': Timestamp('2009-02-21 15:40:43'), 'mag': 5.1}, {'lat': 55.451, 'long': -35.066, 'Time': Timestamp('2009-02-21 16:53:54'), 'mag': 5.4}, {'lat': -2.699, 'long': -78.203, 'Time': Timestamp('2009-02-21 22:47:33'), 'mag': 5.0}]",3,11
1545,2009-03-07 18:51:13.612,1,"[{'lat': 14.046, 'long': -91.356, 'Time': Timestamp('2009-03-08 22:15:02'), 'mag': 5.0}, {'lat': 13.54, 'long': -90.57, 'Time': Timestamp('2009-03-09 06:01:11'), 'mag': 5.4}]",2,26
1546,2009-02-26 22:04:48.977,1,"[{'lat': -45.114, 'long': -80.698, 'Time': Timestamp('2009-02-28 00:50:08'), 'mag': 5.2}, {'lat': -60.525, 'long': -24.796, 'Time': Timestamp('2009-02-28 14:33:06'), 'mag': 6.3}, {'lat': -16.764, 'long': 177.171, 'Time': Timestamp('2009-02-28 21:18:53'), 'mag': 5.1}]",3,17
1547,2009-02-20 01:19:21.575,1,"[{'lat': 34.203, 'long': 73.9, 'Time': Timestamp('2009-02-20 03:48:48'), 'mag': 5.5}, {'lat': 40.657, 'long': 78.692, 'Time': Timestamp('2009-02-20 10:02:29'), 'mag': 5.3}, {'lat': 28.875, 'long': 130.864, 'Time': Timestamp('2009-02-21 00:12:56'), 'mag': 5.5}, {'lat': -0.397, 'long': 132.67, 'Time': Timestamp('2009-02-21 13:35:37'), 'mag': 5.5}, {'lat': 55.472, 'long': -35.115, 'Time': Timestamp('2009-02-21 15:40:43'), 'mag': 5.1}, {'lat': 55.451, 'long': -35.066, 'Time': Timestamp('2009-02-21 16:53:54'), 'mag': 5.4}]",6,10
1548,2009-03-07 06:14:22.436,1,"[{'lat': -17.178, 'long': 66.797, 'Time': Timestamp('2009-03-09 03:44:23'), 'mag': 5.2}]",1,25
1549,2009-02-15 09:29:47.065,1,"[{'lat': -3.949, 'long': 34.843, 'Time': Timestamp('2009-02-16 08:24:21'), 'mag': 5.0}, {'lat': 37.13, 'long': 20.78, 'Time': Timestamp('2009-02-16 23:16:38'), 'mag': 5.5}, {'lat': 39.107, 'long': 29.039, 'Time': Timestamp('2009-02-17 05:28:19'), 'mag': 5.2}]",3,5
1550,2009-02-16 12:48:53.118,0,[],0,6
1551,2009-02-22 16:06:23.172,1,"[{'lat': -41.65, 'long': -88.468, 'Time': Timestamp('2009-02-23 03:49:13'), 'mag': 5.1}]",1,12
1552,2009-02-25 19:21:23.225,0,[],0,15
1553,2009-02-27 22:34:53.277,1,"[{'lat': -45.114, 'long': -80.698, 'Time': Timestamp('2009-02-28 00:50:08'), 'mag': 5.2}, {'lat': -60.525, 'long': -24.796, 'Time': Timestamp('2009-02-28 14:33:06'), 'mag': 6.3}, {'lat': -16.764, 'long': 177.171, 'Time': Timestamp('2009-02-28 21:18:53'), 'mag': 5.1}, {'lat': -27.364, 'long': -176.346, 'Time': Timestamp('2009-03-01 08:17:39'), 'mag': 5.3}, {'lat': -21.762, 'long': -176.58, 'Time': Timestamp('2009-03-01 15:42:13'), 'mag': 5.5}, {'lat': -35.044, 'long': -178.928, 'Time': Timestamp('2009-03-01 19:11:54'), 'mag': 5.2}]",6,17
1554,2009-03-08 06:44:24.382,1,"[{'lat': -17.178, 'long': 66.797, 'Time': Timestamp('2009-03-09 03:44:23'), 'mag': 5.2}]",1,25
1555,2009-03-08 10:00:20.747,0,[],0,25
1556,2009-02-19 13:19:23.703,0,[],0,8
1557,2009-03-05 16:36:23.757,0,[],0,22
1558,2009-03-04 19:50:53.810,0,[],0,21
1559,2009-02-27 23:04:23.863,1,"[{'lat': -27.364, 'long': -176.346, 'Time': Timestamp('2009-03-01 08:17:39'), 'mag': 5.3}, {'lat': -21.762, 'long': -176.58, 'Time': Timestamp('2009-03-01 15:42:13'), 'mag': 5.5}, {'lat': -35.044, 'long': -178.928, 'Time': Timestamp('2009-03-01 19:11:54'), 'mag': 5.2}]",3,16
1560,2009-03-10 07:14:57.289,0,[],0,26
1561,2009-03-05 10:30:49.820,1,"[{'lat': -8.029, 'long': -13.532, 'Time': Timestamp('2009-03-05 22:13:52'), 'mag': 5.0}]",1,21
1562,2009-03-03 13:49:51.297,0,[],0,19
1563,2009-03-06 17:06:23.158,0,[],0,22
1564,2009-02-18 20:20:23.210,0,[],0,6
1565,2009-03-01 23:34:23.264,1,"[{'lat': -4.874, 'long': 153.465, 'Time': Timestamp('2009-03-02 07:56:14'), 'mag': 5.0}, {'lat': -3.763, 'long': 151.242, 'Time': Timestamp('2009-03-03 01:19:38'), 'mag': 5.3}, {'lat': -3.718, 'long': 151.319, 'Time': Timestamp('2009-03-03 04:52:02'), 'mag': 5.2}]",3,17
1566,2009-02-28 07:44:59.782,0,[],0,15
1567,2009-02-23 12:40:53.479,1,"[{'lat': -0.255, 'long': -18.315, 'Time': Timestamp('2009-02-24 00:46:40'), 'mag': 5.2}]",1,10
1568,2009-02-20 15:58:50.965,1,"[{'lat': -2.699, 'long': -78.203, 'Time': Timestamp('2009-02-21 22:47:33'), 'mag': 5.0}]",1,7
1569,2009-02-28 19:13:19.691,0,[],0,15
1570,2009-03-05 22:26:53.638,1,"[{'lat': -15.156, 'long': -173.309, 'Time': Timestamp('2009-03-06 07:01:48'), 'mag': 5.8}, {'lat': -15.079, 'long': -173.446, 'Time': Timestamp('2009-03-06 07:24:04'), 'mag': 5.1}, {'lat': -15.262, 'long': -173.346, 'Time': Timestamp('2009-03-06 08:21:25'), 'mag': 5.3}, {'lat': -14.983, 'long': -173.428, 'Time': Timestamp('2009-03-06 20:19:04'), 'mag': 5.1}]",4,20
1571,2009-03-06 01:41:17.017,1,"[{'lat': -9.329, 'long': 124.847, 'Time': Timestamp('2009-03-07 00:36:14'), 'mag': 5.0}, {'lat': 41.796, 'long': 143.693, 'Time': Timestamp('2009-03-07 14:33:04'), 'mag': 5.3}, {'lat': -8.352, 'long': 123.592, 'Time': Timestamp('2009-03-07 16:27:20'), 'mag': 5.3}]",3,20
1572,2009-03-05 06:36:23.415,0,[],0,19
1573,2009-02-21 09:52:22.251,0,[],0,7
1574,2009-02-25 13:11:23.880,0,[],0,11
1575,2009-03-04 16:28:53.934,1,"[{'lat': 18.286, 'long': -68.563, 'Time': Timestamp('2009-03-04 22:30:26'), 'mag': 5.0}]",1,18
1576,2009-02-19 19:43:23.987,0,[],0,5
1577,2009-03-05 22:56:54.039,1,"[{'lat': -15.156, 'long': -173.309, 'Time': Timestamp('2009-03-06 07:01:48'), 'mag': 5.8}, {'lat': -15.079, 'long': -173.446, 'Time': Timestamp('2009-03-06 07:24:04'), 'mag': 5.1}, {'lat': -15.262, 'long': -173.346, 'Time': Timestamp('2009-03-06 08:21:25'), 'mag': 5.3}, {'lat': -10.742, 'long': 162.391, 'Time': Timestamp('2009-03-06 19:19:31'), 'mag': 5.3}, {'lat': -14.983, 'long': -173.428, 'Time': Timestamp('2009-03-06 20:19:04'), 'mag': 5.1}]",5,19
1578,2009-02-27 02:11:21.842,1,"[{'lat': -5.552, 'long': 130.989, 'Time': Timestamp('2009-02-27 12:48:07'), 'mag': 5.0}, {'lat': 42.61, 'long': 142.104, 'Time': Timestamp('2009-02-28 00:35:56'), 'mag': 5.5}, {'lat': 3.67, 'long': 126.632, 'Time': Timestamp('2009-02-28 01:43:31'), 'mag': 5.3}, {'lat': 3.834, 'long': 126.48, 'Time': Timestamp('2009-02-28 10:50:22'), 'mag': 5.3}, {'lat': 3.904, 'long': 126.516, 'Time': Timestamp('2009-02-28 12:24:12'), 'mag': 5.0}]",5,12
1579,2009-03-15 07:06:56.466,0,[],0,28
1580,2009-03-09 10:22:50.325,0,[],0,22
1581,2009-03-14 13:41:53.280,1,"[{'lat': -30.987, 'long': -65.396, 'Time': Timestamp('2009-03-15 13:50:38'), 'mag': 5.2}]",1,27
1582,2009-03-12 16:58:23.334,1,"[{'lat': 5.686, 'long': -82.767, 'Time': Timestamp('2009-03-12 23:23:34'), 'mag': 6.3}, {'lat': 8.575, 'long': -83.169, 'Time': Timestamp('2009-03-13 17:33:12'), 'mag': 5.1}, {'lat': 2.332, 'long': -95.339, 'Time': Timestamp('2009-03-14 06:49:31'), 'mag': 5.2}]",3,25
1583,2009-03-15 20:12:53.387,1,"[{'lat': -55.144, 'long': -129.7, 'Time': Timestamp('2009-03-16 07:13:36'), 'mag': 5.9}]",1,28
1584,2009-03-01 23:26:23.440,1,"[{'lat': -4.874, 'long': 153.465, 'Time': Timestamp('2009-03-02 07:56:14'), 'mag': 5.0}, {'lat': -3.763, 'long': 151.242, 'Time': Timestamp('2009-03-03 01:19:38'), 'mag': 5.3}, {'lat': -3.718, 'long': 151.319, 'Time': Timestamp('2009-03-03 04:52:02'), 'mag': 5.2}]",3,14
1585,2009-03-07 07:36:51.766,1,"[{'lat': -17.178, 'long': 66.797, 'Time': Timestamp('2009-03-09 03:44:23'), 'mag': 5.2}]",1,19
1586,2009-02-27 10:53:20.725,1,"[{'lat': -60.525, 'long': -24.796, 'Time': Timestamp('2009-02-28 14:33:06'), 'mag': 6.3}]",1,11
1587,2009-03-01 14:12:15.122,0,[],0,13
1588,2009-03-15 17:28:23.735,1,"[{'lat': 2.414, 'long': -95.107, 'Time': Timestamp('2009-03-15 23:00:55'), 'mag': 5.0}, {'lat': 2.35, 'long': -95.367, 'Time': Timestamp('2009-03-15 23:02:58'), 'mag': 5.1}, {'lat': -55.144, 'long': -129.7, 'Time': Timestamp('2009-03-16 07:13:36'), 'mag': 5.9}]",3,27
1589,2009-03-03 20:42:23.788,0,[],0,15
1590,2009-03-08 23:56:23.841,1,"[{'lat': -17.178, 'long': 66.797, 'Time': Timestamp('2009-03-09 03:44:23'), 'mag': 5.2}, {'lat': -3.49, 'long': 149.604, 'Time': Timestamp('2009-03-09 12:19:10'), 'mag': 5.2}, {'lat': -4.773, 'long': 144.633, 'Time': Timestamp('2009-03-10 01:21:55'), 'mag': 5.0}, {'lat': -1.878, 'long': 139.119, 'Time': Timestamp('2009-03-10 17:42:14'), 'mag': 5.5}, {'lat': -1.814, 'long': 139.161, 'Time': Timestamp('2009-03-10 17:52:31'), 'mag': 5.1}, {'lat': 3.629, 'long': 126.686, 'Time': Timestamp('2009-03-10 20:22:42'), 'mag': 5.0}]",6,20
1591,2009-03-12 04:51:02.850,1,"[{'lat': 32.386, 'long': 105.096, 'Time': Timestamp('2009-03-12 08:25:38'), 'mag': 5.3}, {'lat': 4.674, 'long': 95.049, 'Time': Timestamp('2009-03-12 10:05:08'), 'mag': 5.0}]",2,23
1592,2009-03-16 08:07:24.935,1,"[{'lat': -26.949, 'long': 26.753, 'Time': Timestamp('2009-03-16 14:05:42'), 'mag': 5.0}, {'lat': 25.911, 'long': 67.238, 'Time': Timestamp('2009-03-17 23:14:47'), 'mag': 5.0}]",2,27
1593,2009-02-28 11:23:58.873,1,"[{'lat': -60.525, 'long': -24.796, 'Time': Timestamp('2009-02-28 14:33:06'), 'mag': 6.3}]",1,11
1594,2009-03-04 14:42:19.065,1,"[{'lat': 18.286, 'long': -68.563, 'Time': Timestamp('2009-03-04 22:30:26'), 'mag': 5.0}]",1,15
1595,2009-03-08 17:58:21.339,1,"[{'lat': 14.046, 'long': -91.356, 'Time': Timestamp('2009-03-08 22:15:02'), 'mag': 5.0}, {'lat': 13.54, 'long': -90.57, 'Time': Timestamp('2009-03-09 06:01:11'), 'mag': 5.4}, {'lat': 16.46, 'long': -93.65, 'Time': Timestamp('2009-03-10 00:36:44'), 'mag': 5.0}, {'lat': 11.726, 'long': -88.375, 'Time': Timestamp('2009-03-10 07:10:11'), 'mag': 5.1}]",4,19
1596,2009-02-27 21:12:18.512,1,"[{'lat': -45.114, 'long': -80.698, 'Time': Timestamp('2009-02-28 00:50:08'), 'mag': 5.2}, {'lat': -60.525, 'long': -24.796, 'Time': Timestamp('2009-02-28 14:33:06'), 'mag': 6.3}, {'lat': -27.364, 'long': -176.346, 'Time': Timestamp('2009-03-01 08:17:39'), 'mag': 5.3}, {'lat': -21.762, 'long': -176.58, 'Time': Timestamp('2009-03-01 15:42:13'), 'mag': 5.5}, {'lat': -35.044, 'long': -178.928, 'Time': Timestamp('2009-03-01 19:11:54'), 'mag': 5.2}]",5,10
1597,2009-03-08 00:25:45.239,1,"[{'lat': -17.178, 'long': 66.797, 'Time': Timestamp('2009-03-09 03:44:23'), 'mag': 5.2}, {'lat': -3.49, 'long': 149.604, 'Time': Timestamp('2009-03-09 12:19:10'), 'mag': 5.2}]",2,18
1598,2009-02-25 06:58:56.642,0,[],0,7
1599,2009-03-14 10:14:54.782,0,[],0,24
1600,2009-02-26 13:33:53.641,0,[],0,8
1601,2009-03-07 23:18:53.801,1,"[{'lat': -21.904, 'long': -175.183, 'Time': Timestamp('2009-03-09 19:42:20'), 'mag': 5.3}]",1,17
1602,2009-03-08 07:28:52.127,1,"[{'lat': -17.178, 'long': 66.797, 'Time': Timestamp('2009-03-09 03:44:23'), 'mag': 5.2}]",1,17
1603,2009-03-16 10:45:21.086,0,[],0,25
1604,2009-02-26 14:04:22.793,1,"[{'lat': -45.114, 'long': -80.698, 'Time': Timestamp('2009-02-28 00:50:08'), 'mag': 5.2}]",1,7
1605,2009-03-11 17:20:53.096,1,"[{'lat': 8.504, 'long': -83.219, 'Time': Timestamp('2009-03-11 17:24:36'), 'mag': 5.9}, {'lat': 8.616, 'long': -83.092, 'Time': Timestamp('2009-03-11 17:26:52'), 'mag': 5.3}, {'lat': 8.493, 'long': -83.206, 'Time': Timestamp('2009-03-11 21:03:58'), 'mag': 5.9}, {'lat': 5.686, 'long': -82.767, 'Time': Timestamp('2009-03-12 23:23:34'), 'mag': 6.3}]",4,20
1606,2009-03-02 20:34:53.149,0,[],0,11
1607,2009-03-04 23:48:23.202,1,"[{'lat': 15.577, 'long': 95.993, 'Time': Timestamp('2009-03-05 15:49:52'), 'mag': 5.1}, {'lat': -13.283, 'long': 167.732, 'Time': Timestamp('2009-03-05 18:20:35'), 'mag': 5.0}, {'lat': -10.742, 'long': 162.391, 'Time': Timestamp('2009-03-06 19:19:31'), 'mag': 5.3}]",3,13
1608,2009-03-13 07:59:20.200,1,"[{'lat': 30.154, 'long': 68.474, 'Time': Timestamp('2009-03-14 13:26:23'), 'mag': 5.0}]",1,21
1609,2009-03-01 11:16:23.389,1,"[{'lat': -56.347, 'long': -27.064, 'Time': Timestamp('2009-03-03 06:05:03'), 'mag': 5.3}]",1,9
1610,2009-03-12 14:34:49.315,0,[],0,20
1611,2009-02-25 17:50:23.497,0,[],0,5
1612,2009-03-17 22:41:23.576,1,"[{'lat': -23.043, 'long': -174.66, 'Time': Timestamp('2009-03-19 18:17:40'), 'mag': 7.6}, {'lat': -23.084, 'long': -174.978, 'Time': Timestamp('2009-03-19 19:27:03'), 'mag': 5.0}, {'lat': -23.091, 'long': -174.676, 'Time': Timestamp('2009-03-19 20:33:59'), 'mag': 5.3}]",3,25
1613,2009-03-02 06:50:54.681,1,"[{'lat': 30.518, 'long': 67.776, 'Time': Timestamp('2009-03-02 15:05:02'), 'mag': 5.0}, {'lat': 38.072, 'long': 71.588, 'Time': Timestamp('2009-03-03 14:22:10'), 'mag': 5.1}]",2,9
1614,2009-03-07 10:06:54.958,0,[],0,14
1615,2009-03-01 13:26:23.818,0,[],0,8
1616,2009-03-07 16:42:53.871,1,"[{'lat': 14.046, 'long': -91.356, 'Time': Timestamp('2009-03-08 22:15:02'), 'mag': 5.0}, {'lat': 13.54, 'long': -90.57, 'Time': Timestamp('2009-03-09 06:01:11'), 'mag': 5.4}]",2,14
1617,2009-03-13 19:57:23.924,0,[],0,20
1618,2009-03-23 23:10:53.978,1,"[{'lat': -15.165, 'long': -173.714, 'Time': Timestamp('2009-03-24 18:12:49'), 'mag': 5.2}, {'lat': -17.093, 'long': -172.071, 'Time': Timestamp('2009-03-25 06:31:35'), 'mag': 5.2}, {'lat': -62.007, 'long': 155.608, 'Time': Timestamp('2009-03-25 20:25:12'), 'mag': 5.2}, {'lat': -23.665, 'long': -175.776, 'Time': Timestamp('2009-03-25 21:46:00'), 'mag': 5.5}]",4,30
1619,2009-03-24 07:21:21.303,0,[],0,30
1620,2009-03-10 10:37:21.591,1,"[{'lat': -60.861, 'long': -23.81, 'Time': Timestamp('2009-03-12 05:18:08'), 'mag': 5.5}]",1,16
1621,2009-03-07 13:56:23.219,0,[],0,13
1622,2009-03-09 23:40:53.379,0,[],0,15
1623,2009-03-19 07:51:21.705,0,[],0,24
1624,2009-03-15 11:07:53.565,0,[],0,20
1625,2009-03-11 14:26:50.708,1,"[{'lat': 15.585, 'long': -46.733, 'Time': Timestamp('2009-03-11 23:50:33'), 'mag': 5.0}, {'lat': 19.07, 'long': -66.367, 'Time': Timestamp('2009-03-12 02:05:38'), 'mag': 5.1}, {'lat': -45.019, 'long': -78.061, 'Time': Timestamp('2009-03-12 11:03:10'), 'mag': 5.0}]",3,16
1626,2009-03-01 17:42:53.674,0,[],0,6
1627,2009-03-15 20:56:53.727,1,"[{'lat': -20.619, 'long': -175.705, 'Time': Timestamp('2009-03-16 15:25:20'), 'mag': 5.0}]",1,20
1628,2009-03-15 00:10:17.106,1,"[{'lat': 3.807, 'long': 126.552, 'Time': Timestamp('2009-03-16 14:15:56'), 'mag': 6.3}, {'lat': 3.566, 'long': 126.52, 'Time': Timestamp('2009-03-16 14:24:36'), 'mag': 5.0}, {'lat': 3.608, 'long': 126.649, 'Time': Timestamp('2009-03-16 14:27:39'), 'mag': 5.0}, {'lat': 3.597, 'long': 126.7, 'Time': Timestamp('2009-03-16 17:42:03'), 'mag': 5.7}, {'lat': 3.69, 'long': 126.751, 'Time': Timestamp('2009-03-16 17:44:53'), 'mag': 5.2}]",5,19
1629,2009-03-05 08:19:52.217,0,[],0,9
1630,2009-03-08 11:38:53.967,0,[],0,12
1631,2009-03-04 14:56:52.994,1,"[{'lat': 18.286, 'long': -68.563, 'Time': Timestamp('2009-03-04 22:30:26'), 'mag': 5.0}]",1,8
1632,2009-03-17 18:12:50.838,0,[],0,21
1633,2009-03-26 21:26:18.339,1,"[{'lat': 61.012, 'long': -138.414, 'Time': Timestamp('2009-03-27 02:58:38'), 'mag': 5.0}, {'lat': 17.399, 'long': -100.8, 'Time': Timestamp('2009-03-27 08:48:16'), 'mag': 5.3}, {'lat': -12.804, 'long': -14.551, 'Time': Timestamp('2009-03-27 10:00:47'), 'mag': 5.0}, {'lat': -19.08, 'long': -69.213, 'Time': Timestamp('2009-03-27 17:26:42'), 'mag': 5.4}, {'lat': 18.644, 'long': -107.325, 'Time': Timestamp('2009-03-27 17:53:04'), 'mag': 5.1}, {'lat': -62.389, 'long': 164.551, 'Time': Timestamp('2009-03-28 00:43:19'), 'mag': 5.0}, {'lat': -23.351, 'long': -174.901, 'Time': Timestamp('2009-03-28 05:07:01'), 'mag': 5.0}]",7,30
1634,2009-03-03 00:40:19.609,1,"[{'lat': -3.763, 'long': 151.242, 'Time': Timestamp('2009-03-03 01:19:38'), 'mag': 5.3}, {'lat': -3.718, 'long': 151.319, 'Time': Timestamp('2009-03-03 04:52:02'), 'mag': 5.2}, {'lat': 13.097, 'long': 143.835, 'Time': Timestamp('2009-03-03 05:10:50'), 'mag': 5.3}, {'lat': 38.072, 'long': 71.588, 'Time': Timestamp('2009-03-03 14:22:10'), 'mag': 5.1}, {'lat': 31.799, 'long': 104.792, 'Time': Timestamp('2009-03-03 16:21:48'), 'mag': 5.1}, {'lat': 2.798, 'long': 95.445, 'Time': Timestamp('2009-03-04 10:56:43'), 'mag': 5.2}, {'lat': -13.111, 'long': 167.765, 'Time': Timestamp('2009-03-04 17:06:15'), 'mag': 5.1}, {'lat': 16.211, 'long': 145.778, 'Time': Timestamp('2009-03-04 20:45:29'), 'mag': 5.0}]",8,6
1635,2009-03-18 03:57:23.759,1,"[{'lat': 3.87, 'long': 126.443, 'Time': Timestamp('2009-03-18 04:28:51'), 'mag': 5.0}, {'lat': 3.648, 'long': 126.655, 'Time': Timestamp('2009-03-18 09:03:08'), 'mag': 5.5}, {'lat': 3.628, 'long': 126.876, 'Time': Timestamp('2009-03-18 23:09:15'), 'mag': 5.0}]",3,21
1636,2009-03-25 07:13:26.580,1,"[{'lat': -27.462, 'long': 73.303, 'Time': Timestamp('2009-03-26 06:14:22'), 'mag': 5.7}]",1,28
1637,2009-03-15 10:29:25.493,0,[],0,18
1638,2009-03-21 13:48:23.583,0,[],0,24
1639,2009-03-08 23:32:53.742,1,"[{'lat': -3.49, 'long': 149.604, 'Time': Timestamp('2009-03-09 12:19:10'), 'mag': 5.2}]",1,11
1640,2009-03-25 07:43:17.972,0,[],0,27
1641,2009-03-07 11:00:23.796,0,[],0,9
1642,2009-03-18 14:18:55.055,0,[],0,20
1643,2009-03-07 17:34:54.037,1,"[{'lat': 14.046, 'long': -91.356, 'Time': Timestamp('2009-03-08 22:15:02'), 'mag': 5.0}, {'lat': 13.54, 'long': -90.57, 'Time': Timestamp('2009-03-09 06:01:11'), 'mag': 5.4}]",2,9
1644,2009-03-28 20:48:53.090,1,"[{'lat': -23.106, 'long': -174.794, 'Time': Timestamp('2009-03-28 22:06:50'), 'mag': 5.1}, {'lat': 56.2872, 'long': -152.4774, 'Time': Timestamp('2009-03-30 03:42:46'), 'mag': 5.2}, {'lat': 56.2165, 'long': -152.3473, 'Time': Timestamp('2009-03-30 07:13:03'), 'mag': 5.9}, {'lat': 56.3028, 'long': -152.6549, 'Time': Timestamp('2009-03-30 17:38:13'), 'mag': 5.0}]",4,30
1645,2009-03-25 00:02:53.143,1,"[{'lat': 0.728, 'long': 98.554, 'Time': Timestamp('2009-03-25 18:27:35'), 'mag': 5.0}, {'lat': -62.007, 'long': 155.608, 'Time': Timestamp('2009-03-25 20:25:12'), 'mag': 5.2}, {'lat': -27.462, 'long': 73.303, 'Time': Timestamp('2009-03-26 06:14:22'), 'mag': 5.7}, {'lat': 12.199, 'long': 143.954, 'Time': Timestamp('2009-03-26 10:30:36'), 'mag': 5.0}, {'lat': 27.415, 'long': 126.702, 'Time': Timestamp('2009-03-26 19:19:59'), 'mag': 5.9}]",5,26
1646,2009-03-26 04:57:32.153,1,"[{'lat': -27.462, 'long': 73.303, 'Time': Timestamp('2009-03-26 06:14:22'), 'mag': 5.7}, {'lat': -6.963, 'long': 106.154, 'Time': Timestamp('2009-03-27 20:53:26'), 'mag': 5.0}]",2,27
1647,2009-03-25 08:13:51.581,0,[],0,26
1648,2009-03-28 11:30:53.331,0,[],0,29
1649,2009-03-26 14:49:21.031,1,"[{'lat': -19.08, 'long': -69.213, 'Time': Timestamp('2009-03-27 17:26:42'), 'mag': 5.4}]",1,27
1650,2009-03-11 18:04:53.438,1,"[{'lat': 8.493, 'long': -83.206, 'Time': Timestamp('2009-03-11 21:03:58'), 'mag': 5.9}, {'lat': 5.686, 'long': -82.767, 'Time': Timestamp('2009-03-12 23:23:34'), 'mag': 6.3}, {'lat': 8.575, 'long': -83.169, 'Time': Timestamp('2009-03-13 17:33:12'), 'mag': 5.1}]",3,12
1651,2009-03-04 21:18:53.491,1,"[{'lat': 18.286, 'long': -68.563, 'Time': Timestamp('2009-03-04 22:30:26'), 'mag': 5.0}, {'lat': -30.753, 'long': -13.497, 'Time': Timestamp('2009-03-05 01:32:33'), 'mag': 5.1}, {'lat': -17.512, 'long': -179.056, 'Time': Timestamp('2009-03-05 19:33:14'), 'mag': 5.9}, {'lat': -8.029, 'long': -13.532, 'Time': Timestamp('2009-03-05 22:13:52'), 'mag': 5.0}, {'lat': -15.156, 'long': -173.309, 'Time': Timestamp('2009-03-06 07:01:48'), 'mag': 5.8}, {'lat': -15.079, 'long': -173.446, 'Time': Timestamp('2009-03-06 07:24:04'), 'mag': 5.1}, {'lat': -15.262, 'long': -173.346, 'Time': Timestamp('2009-03-06 08:21:25'), 'mag': 5.3}, {'lat': -14.983, 'long': -173.428, 'Time': Timestamp('2009-03-06 20:19:04'), 'mag': 5.1}]",8,5
1652,2009-03-09 00:32:15.542,1,"[{'lat': -17.178, 'long': 66.797, 'Time': Timestamp('2009-03-09 03:44:23'), 'mag': 5.2}, {'lat': -3.49, 'long': 149.604, 'Time': Timestamp('2009-03-09 12:19:10'), 'mag': 5.2}, {'lat': -4.773, 'long': 144.633, 'Time': Timestamp('2009-03-10 01:21:55'), 'mag': 5.0}, {'lat': -1.878, 'long': 139.119, 'Time': Timestamp('2009-03-10 17:42:14'), 'mag': 5.5}, {'lat': -1.814, 'long': 139.161, 'Time': Timestamp('2009-03-10 17:52:31'), 'mag': 5.1}, {'lat': 3.629, 'long': 126.686, 'Time': Timestamp('2009-03-10 20:22:42'), 'mag': 5.0}, {'lat': -11.959, 'long': 166.201, 'Time': Timestamp('2009-03-11 00:31:29'), 'mag': 5.2}]",7,9
1653,2009-03-30 07:05:22.848,1,"[{'lat': 33.659, 'long': 82.437, 'Time': Timestamp('2009-04-01 02:34:36'), 'mag': 5.0}]",1,30
1654,2009-03-11 10:21:20.803,1,"[{'lat': -60.861, 'long': -23.81, 'Time': Timestamp('2009-03-12 05:18:08'), 'mag': 5.5}]",1,11
1655,2009-03-06 13:40:53.759,0,[],0,6
1656,2009-03-23 16:57:23.813,0,[],0,23
1657,2009-03-18 20:11:23.866,0,[],0,18
1658,2009-03-09 23:25:23.918,1,"[{'lat': -24.618, 'long': -176.362, 'Time': Timestamp('2009-03-10 04:04:23'), 'mag': 5.5}, {'lat': -11.959, 'long': 166.201, 'Time': Timestamp('2009-03-11 00:31:29'), 'mag': 5.2}, {'lat': -22.51, 'long': -174.703, 'Time': Timestamp('2009-03-11 02:56:33'), 'mag': 5.0}]",3,9
1659,2009-03-18 07:35:55.012,0,[],0,17
1660,2009-03-28 10:52:22.972,0,[],0,27
1661,2009-03-21 14:10:45.928,0,[],0,20
1662,2009-03-28 20:41:23.267,1,"[{'lat': 56.2872, 'long': -152.4774, 'Time': Timestamp('2009-03-30 03:42:46'), 'mag': 5.2}, {'lat': 56.2165, 'long': -152.3473, 'Time': Timestamp('2009-03-30 07:13:03'), 'mag': 5.9}, {'lat': 56.3028, 'long': -152.6549, 'Time': Timestamp('2009-03-30 17:38:13'), 'mag': 5.0}]",3,27
1663,2009-03-21 23:54:53.319,1,"[{'lat': 26.063, 'long': 128.488, 'Time': Timestamp('2009-03-22 14:45:47'), 'mag': 5.1}, {'lat': -5.324, 'long': 151.738, 'Time': Timestamp('2009-03-22 19:34:20'), 'mag': 5.4}, {'lat': 9.796, 'long': 57.819, 'Time': Timestamp('2009-03-23 04:28:21'), 'mag': 5.5}, {'lat': 5.364, 'long': 94.38, 'Time': Timestamp('2009-03-23 14:58:12'), 'mag': 5.1}]",4,20
1664,2009-03-17 08:05:46.221,1,"[{'lat': 25.911, 'long': 67.238, 'Time': Timestamp('2009-03-17 23:14:47'), 'mag': 5.0}]",1,15
1665,2009-03-18 11:22:53.507,0,[],0,16
1666,2009-03-21 16:19:23.588,0,[],0,19
1667,2009-03-12 19:33:51.186,0,[],0,10
1668,2009-03-10 22:47:53.694,1,"[{'lat': -11.959, 'long': 166.201, 'Time': Timestamp('2009-03-11 00:31:29'), 'mag': 5.2}, {'lat': -22.51, 'long': -174.703, 'Time': Timestamp('2009-03-11 02:56:33'), 'mag': 5.0}, {'lat': -9.807, 'long': 159.817, 'Time': Timestamp('2009-03-12 15:13:24'), 'mag': 5.0}]",3,8
1669,2009-03-17 06:57:28.449,1,"[{'lat': 25.911, 'long': 67.238, 'Time': Timestamp('2009-03-17 23:14:47'), 'mag': 5.0}]",1,14
1670,2009-03-25 10:13:50.979,1,"[{'lat': -6.775, 'long': -12.537, 'Time': Timestamp('2009-03-26 18:43:47'), 'mag': 5.4}, {'lat': -6.86, 'long': -12.424, 'Time': Timestamp('2009-03-26 19:13:36'), 'mag': 5.1}]",2,22
1671,2009-03-09 13:32:53.936,0,[],0,6
1672,2009-04-02 16:49:23.989,1,"[{'lat': 1.919, 'long': -97.95, 'Time': Timestamp('2009-04-02 19:11:57'), 'mag': 5.1}]",1,30
1673,2009-03-12 20:03:54.042,0,[],0,9
1674,2009-03-13 23:17:23.095,1,"[{'lat': -20.03, 'long': -175.382, 'Time': Timestamp('2009-03-14 03:04:12'), 'mag': 5.2}, {'lat': -63.192, 'long': 171.593, 'Time': Timestamp('2009-03-14 07:53:27'), 'mag': 5.0}, {'lat': -49.191, 'long': 164.744, 'Time': Timestamp('2009-03-14 10:50:49'), 'mag': 5.1}, {'lat': -37.017, 'long': 177.562, 'Time': Timestamp('2009-03-14 17:38:59'), 'mag': 5.0}, {'lat': -30.282, 'long': -177.773, 'Time': Timestamp('2009-03-15 18:08:30'), 'mag': 5.1}, {'lat': -15.416, 'long': -173.218, 'Time': Timestamp('2009-03-15 20:28:53'), 'mag': 5.5}]",6,10
1675,2009-03-26 12:23:51.256,1,"[{'lat': -6.775, 'long': -12.537, 'Time': Timestamp('2009-03-26 18:43:47'), 'mag': 5.4}, {'lat': -6.86, 'long': -12.424, 'Time': Timestamp('2009-03-26 19:13:36'), 'mag': 5.1}, {'lat': -12.804, 'long': -14.551, 'Time': Timestamp('2009-03-27 10:00:47'), 'mag': 5.0}]",3,22
1676,2009-03-11 15:41:50.093,1,"[{'lat': 8.504, 'long': -83.219, 'Time': Timestamp('2009-03-11 17:24:36'), 'mag': 5.9}, {'lat': 8.616, 'long': -83.092, 'Time': Timestamp('2009-03-11 17:26:52'), 'mag': 5.3}, {'lat': 8.493, 'long': -83.206, 'Time': Timestamp('2009-03-11 21:03:58'), 'mag': 5.9}, {'lat': 15.585, 'long': -46.733, 'Time': Timestamp('2009-03-11 23:50:33'), 'mag': 5.0}, {'lat': 19.07, 'long': -66.367, 'Time': Timestamp('2009-03-12 02:05:38'), 'mag': 5.1}, {'lat': -45.019, 'long': -78.061, 'Time': Timestamp('2009-03-12 11:03:10'), 'mag': 5.0}, {'lat': 5.686, 'long': -82.767, 'Time': Timestamp('2009-03-12 23:23:34'), 'mag': 6.3}]",7,7
1677,2009-03-26 22:10:23.659,1,"[{'lat': 61.012, 'long': -138.414, 'Time': Timestamp('2009-03-27 02:58:38'), 'mag': 5.0}, {'lat': 17.399, 'long': -100.8, 'Time': Timestamp('2009-03-27 08:48:16'), 'mag': 5.3}, {'lat': -12.804, 'long': -14.551, 'Time': Timestamp('2009-03-27 10:00:47'), 'mag': 5.0}, {'lat': -24.055, 'long': 179.509, 'Time': Timestamp('2009-03-27 10:41:23'), 'mag': 5.1}, {'lat': -19.08, 'long': -69.213, 'Time': Timestamp('2009-03-27 17:26:42'), 'mag': 5.4}, {'lat': 18.644, 'long': -107.325, 'Time': Timestamp('2009-03-27 17:53:04'), 'mag': 5.1}, {'lat': -62.389, 'long': 164.551, 'Time': Timestamp('2009-03-28 00:43:19'), 'mag': 5.0}]",7,22
1678,2009-04-01 01:24:22.027,1,"[{'lat': -3.522, 'long': 144.102, 'Time': Timestamp('2009-04-01 03:54:58'), 'mag': 6.4}, {'lat': -3.551, 'long': 144.22, 'Time': Timestamp('2009-04-02 03:29:32'), 'mag': 5.2}]",2,27
1679,2009-03-23 06:19:26.092,1,"[{'lat': 5.364, 'long': 94.38, 'Time': Timestamp('2009-03-23 14:58:12'), 'mag': 5.1}, {'lat': 5.257, 'long': 94.31, 'Time': Timestamp('2009-03-24 04:35:45'), 'mag': 5.0}]",2,18
1680,2009-03-17 09:35:20.944,0,[],0,12
1681,2009-03-20 12:54:23.900,1,"[{'lat': -58.686, 'long': -24.845, 'Time': Timestamp('2009-03-20 16:01:14'), 'mag': 5.4}, {'lat': -12.931, 'long': -14.59, 'Time': Timestamp('2009-03-22 05:52:28'), 'mag': 5.1}, {'lat': -12.826, 'long': -14.553, 'Time': Timestamp('2009-03-22 06:06:35'), 'mag': 5.3}, {'lat': -12.867, 'long': -14.56, 'Time': Timestamp('2009-03-22 08:02:26'), 'mag': 5.1}]",4,15
1682,2009-03-26 16:11:53.954,1,"[{'lat': -5.72, 'long': -81.338, 'Time': Timestamp('2009-03-26 17:35:14'), 'mag': 5.8}, {'lat': -19.08, 'long': -69.213, 'Time': Timestamp('2009-03-27 17:26:42'), 'mag': 5.4}]",2,21
1683,2009-04-03 19:26:24.007,0,[],0,29
1684,2009-03-30 22:39:54.059,1,"[{'lat': -15.664, 'long': -173.452, 'Time': Timestamp('2009-03-31 07:56:17'), 'mag': 5.0}]",1,25
1685,2009-03-15 01:54:20.647,1,"[{'lat': 3.807, 'long': 126.552, 'Time': Timestamp('2009-03-16 14:15:56'), 'mag': 6.3}, {'lat': 3.566, 'long': 126.52, 'Time': Timestamp('2009-03-16 14:24:36'), 'mag': 5.0}, {'lat': 3.608, 'long': 126.649, 'Time': Timestamp('2009-03-16 14:27:39'), 'mag': 5.0}, {'lat': 3.597, 'long': 126.7, 'Time': Timestamp('2009-03-16 17:42:03'), 'mag': 5.7}, {'lat': 3.69, 'long': 126.751, 'Time': Timestamp('2009-03-16 17:44:53'), 'mag': 5.2}]",5,9
1686,2009-03-16 05:11:26.783,1,"[{'lat': -45.847, 'long': 95.789, 'Time': Timestamp('2009-03-17 16:12:22'), 'mag': 5.0}]",1,10
1687,2009-04-03 08:26:21.535,0,[],0,28
1688,2009-03-13 11:45:23.274,0,[],0,7
1689,2009-04-05 15:03:49.645,0,[],0,30
1690,2009-03-11 18:18:53.381,0,[],0,5
1691,2009-03-25 21:32:53.434,1,"[{'lat': -23.665, 'long': -175.776, 'Time': Timestamp('2009-03-25 21:46:00'), 'mag': 5.5}, {'lat': -27.462, 'long': 73.303, 'Time': Timestamp('2009-03-26 06:14:22'), 'mag': 5.7}, {'lat': -23.062, 'long': -175.174, 'Time': Timestamp('2009-03-26 10:00:30'), 'mag': 5.2}, {'lat': -5.72, 'long': -81.338, 'Time': Timestamp('2009-03-26 17:35:14'), 'mag': 5.8}, {'lat': -6.775, 'long': -12.537, 'Time': Timestamp('2009-03-26 18:43:47'), 'mag': 5.4}, {'lat': -6.86, 'long': -12.424, 'Time': Timestamp('2009-03-26 19:13:36'), 'mag': 5.1}, {'lat': 61.012, 'long': -138.414, 'Time': Timestamp('2009-03-27 02:58:38'), 'mag': 5.0}, {'lat': 17.399, 'long': -100.8, 'Time': Timestamp('2009-03-27 08:48:16'), 'mag': 5.3}, {'lat': -12.804, 'long': -14.551, 'Time': Timestamp('2009-03-27 10:00:47'), 'mag': 5.0}, {'lat': -19.08, 'long': -69.213, 'Time': Timestamp('2009-03-27 17:26:42'), 'mag': 5.4}, {'lat': 18.644, 'long': -107.325, 'Time': Timestamp('2009-03-27 17:53:04'), 'mag': 5.1}]",11,19
1692,2009-04-03 00:46:52.349,1,"[{'lat': -8.01, 'long': 130.229, 'Time': Timestamp('2009-04-03 13:37:58'), 'mag': 5.6}, {'lat': 5.149, 'long': 127.201, 'Time': Timestamp('2009-04-04 05:31:55'), 'mag': 6.3}, {'lat': -62.599, 'long': 155.117, 'Time': Timestamp('2009-04-04 07:19:41'), 'mag': 5.9}, {'lat': -3.092, 'long': 126.673, 'Time': Timestamp('2009-04-04 09:29:48'), 'mag': 5.1}]",4,27
1693,2009-04-01 07:19:51.787,0,[],0,25
1694,2009-03-12 10:34:24.841,0,[],0,5
1695,2009-03-27 13:55:24.663,1,"[{'lat': -19.08, 'long': -69.213, 'Time': Timestamp('2009-03-27 17:26:42'), 'mag': 5.4}]",1,20
1696,2009-03-14 17:11:53.756,1,"[{'lat': 2.401, 'long': -95.388, 'Time': Timestamp('2009-03-14 22:54:16'), 'mag': 5.0}, {'lat': -40.386, 'long': -91.95, 'Time': Timestamp('2009-03-15 00:53:12'), 'mag': 5.1}, {'lat': -40.367, 'long': -91.622, 'Time': Timestamp('2009-03-15 00:56:32'), 'mag': 5.2}, {'lat': 2.429, 'long': -95.124, 'Time': Timestamp('2009-03-15 03:14:31'), 'mag': 5.8}, {'lat': 2.414, 'long': -95.107, 'Time': Timestamp('2009-03-15 23:00:55'), 'mag': 5.0}, {'lat': 2.35, 'long': -95.367, 'Time': Timestamp('2009-03-15 23:02:58'), 'mag': 5.1}, {'lat': -55.144, 'long': -129.7, 'Time': Timestamp('2009-03-16 07:13:36'), 'mag': 5.9}]",7,7
1697,2009-03-19 20:25:53.808,0,[],0,12
1698,2009-03-15 23:39:23.862,1,"[{'lat': -36.488, 'long': 178.024, 'Time': Timestamp('2009-03-16 06:50:45'), 'mag': 5.1}]",1,8
1699,2009-03-16 07:50:20.860,1,"[{'lat': -26.949, 'long': 26.753, 'Time': Timestamp('2009-03-16 14:05:42'), 'mag': 5.0}, {'lat': 25.911, 'long': 67.238, 'Time': Timestamp('2009-03-17 23:14:47'), 'mag': 5.0}]",2,8
1700,2009-03-27 11:06:54.049,0,[],0,19
1701,2009-03-21 14:25:21.518,0,[],0,13
1702,2009-04-04 20:55:23.209,1,"[{'lat': -22.455, 'long': -174.872, 'Time': Timestamp('2009-04-05 08:14:29'), 'mag': 5.0}, {'lat': -22.384, 'long': -174.938, 'Time': Timestamp('2009-04-06 12:16:08'), 'mag': 5.6}]",2,27
1703,2009-03-14 05:03:52.864,0,[],0,5
1704,2009-03-14 08:20:20.483,1,"[{'lat': 30.154, 'long': 68.474, 'Time': Timestamp('2009-03-14 13:26:23'), 'mag': 5.0}]",1,5
1705,2009-04-06 11:37:23.450,1,"[{'lat': 42.451, 'long': 13.364, 'Time': Timestamp('2009-04-06 23:15:37'), 'mag': 5.1}, {'lat': 37.663, 'long': -17.387, 'Time': Timestamp('2009-04-07 15:18:41'), 'mag': 5.0}, {'lat': 42.275, 'long': 13.464, 'Time': Timestamp('2009-04-07 17:47:37'), 'mag': 5.5}, {'lat': -58.096, 'long': -6.263, 'Time': Timestamp('2009-04-08 06:26:54'), 'mag': 5.6}]",4,28
1706,2009-03-14 14:55:51.150,1,"[{'lat': -14.452, 'long': -70.365, 'Time': Timestamp('2009-03-15 08:19:05'), 'mag': 5.7}, {'lat': -30.987, 'long': -65.396, 'Time': Timestamp('2009-03-15 13:50:38'), 'mag': 5.2}]",2,5
1707,2009-03-25 18:11:23.557,1,"[{'lat': 17.399, 'long': -100.8, 'Time': Timestamp('2009-03-27 08:48:16'), 'mag': 5.3}, {'lat': 18.644, 'long': -107.325, 'Time': Timestamp('2009-03-27 17:53:04'), 'mag': 5.1}]",2,16
1708,2009-03-29 21:25:23.611,1,"[{'lat': 56.2872, 'long': -152.4774, 'Time': Timestamp('2009-03-30 03:42:46'), 'mag': 5.2}, {'lat': 56.2165, 'long': -152.3473, 'Time': Timestamp('2009-03-30 07:13:03'), 'mag': 5.9}, {'lat': 56.3028, 'long': -152.6549, 'Time': Timestamp('2009-03-30 17:38:13'), 'mag': 5.0}, {'lat': -15.664, 'long': -173.452, 'Time': Timestamp('2009-03-31 07:56:17'), 'mag': 5.0}]",4,20
1709,2009-03-18 00:38:52.525,1,"[{'lat': 3.87, 'long': 126.443, 'Time': Timestamp('2009-03-18 04:28:51'), 'mag': 5.0}, {'lat': 3.648, 'long': 126.655, 'Time': Timestamp('2009-03-18 09:03:08'), 'mag': 5.5}, {'lat': 3.628, 'long': 126.876, 'Time': Timestamp('2009-03-18 23:09:15'), 'mag': 5.0}, {'lat': -1.959, 'long': 138.95, 'Time': Timestamp('2009-03-19 01:35:13'), 'mag': 5.1}, {'lat': -0.704, 'long': 133.126, 'Time': Timestamp('2009-03-19 02:17:29'), 'mag': 5.2}, {'lat': -1.996, 'long': 139.024, 'Time': Timestamp('2009-03-19 07:03:34'), 'mag': 5.0}]",6,8
1710,2009-04-03 07:11:52.967,0,[],0,24
1711,2009-04-09 10:28:27.787,1,"[{'lat': 42.513, 'long': 13.331, 'Time': Timestamp('2009-04-09 19:38:17'), 'mag': 5.2}]",1,30
1712,2009-04-09 13:47:23.878,0,[],0,30
1713,2009-03-17 17:03:53.932,0,[],0,7
1714,2009-04-06 20:17:53.985,0,[],0,27
1715,2009-03-18 23:31:54.038,1,"[{'lat': -21.48, 'long': -179.38, 'Time': Timestamp('2009-03-20 12:26:03'), 'mag': 5.5}, {'lat': -18.059, 'long': 167.459, 'Time': Timestamp('2009-03-20 14:21:49'), 'mag': 5.0}]",2,8
1716,2009-03-21 07:42:24.132,1,"[{'lat': -14.505, 'long': 66.103, 'Time': Timestamp('2009-03-21 23:22:39'), 'mag': 5.0}, {'lat': 9.796, 'long': 57.819, 'Time': Timestamp('2009-03-23 04:28:21'), 'mag': 5.5}]",2,10
1717,2009-03-23 10:58:53.284,0,[],0,12
1718,2009-03-17 14:17:19.119,0,[],0,6
1719,2009-03-18 01:38:49.639,1,"[{'lat': 3.87, 'long': 126.443, 'Time': Timestamp('2009-03-18 04:28:51'), 'mag': 5.0}, {'lat': 3.648, 'long': 126.655, 'Time': Timestamp('2009-03-18 09:03:08'), 'mag': 5.5}, {'lat': 3.628, 'long': 126.876, 'Time': Timestamp('2009-03-18 23:09:15'), 'mag': 5.0}, {'lat': -1.959, 'long': 138.95, 'Time': Timestamp('2009-03-19 01:35:13'), 'mag': 5.1}, {'lat': -0.704, 'long': 133.126, 'Time': Timestamp('2009-03-19 02:17:29'), 'mag': 5.2}, {'lat': -1.996, 'long': 139.024, 'Time': Timestamp('2009-03-19 07:03:34'), 'mag': 5.0}]",6,6
1720,2009-03-19 06:33:53.380,0,[],0,7
1721,2009-04-02 09:49:50.890,0,[],0,21
1722,2009-04-06 13:08:53.846,1,"[{'lat': 37.663, 'long': -17.387, 'Time': Timestamp('2009-04-07 15:18:41'), 'mag': 5.0}, {'lat': 8.063, 'long': -37.952, 'Time': Timestamp('2009-04-08 08:22:58'), 'mag': 5.2}]",2,25
1723,2009-03-19 16:25:53.899,0,[],0,7
1724,2009-04-03 19:40:24.265,0,[],0,22
1725,2009-03-31 22:54:24.005,1,"[{'lat': -61.83, 'long': 160.151, 'Time': Timestamp('2009-04-02 21:09:08'), 'mag': 5.0}]",1,19
1726,2009-03-25 07:04:26.431,1,"[{'lat': -27.462, 'long': 73.303, 'Time': Timestamp('2009-03-26 06:14:22'), 'mag': 5.7}]",1,12
1727,2009-03-21 10:20:20.290,1,"[{'lat': -12.931, 'long': -14.59, 'Time': Timestamp('2009-03-22 05:52:28'), 'mag': 5.1}, {'lat': -12.826, 'long': -14.553, 'Time': Timestamp('2009-03-22 06:06:35'), 'mag': 5.3}, {'lat': -12.867, 'long': -14.56, 'Time': Timestamp('2009-03-22 08:02:26'), 'mag': 5.1}, {'lat': -12.738, 'long': -14.687, 'Time': Timestamp('2009-03-22 12:54:51'), 'mag': 5.0}]",4,8
1728,2009-03-26 13:39:23.247,0,[],0,13
1729,2009-03-31 16:55:53.300,0,[],0,18
1730,2009-04-04 20:10:23.353,0,[],0,22
1731,2009-04-01 23:23:53.406,1,"[{'lat': -61.83, 'long': 160.151, 'Time': Timestamp('2009-04-02 21:09:08'), 'mag': 5.0}, {'lat': -31.403, 'long': -178.564, 'Time': Timestamp('2009-04-03 14:37:53'), 'mag': 5.0}]",2,19
1732,2009-04-01 07:34:22.736,0,[],0,18
1733,2009-04-04 10:50:50.691,1,"[{'lat': -55.976, 'long': -27.727, 'Time': Timestamp('2009-04-04 18:39:17'), 'mag': 5.5}, {'lat': 42.334, 'long': 13.334, 'Time': Timestamp('2009-04-06 01:32:39'), 'mag': 6.3}]",2,21
1734,2009-04-12 14:09:46.416,0,[],0,29
1735,2009-03-26 17:25:53.701,1,"[{'lat': -5.72, 'long': -81.338, 'Time': Timestamp('2009-03-26 17:35:14'), 'mag': 5.8}, {'lat': 17.399, 'long': -100.8, 'Time': Timestamp('2009-03-27 08:48:16'), 'mag': 5.3}, {'lat': 18.644, 'long': -107.325, 'Time': Timestamp('2009-03-27 17:53:04'), 'mag': 5.1}]",3,12
1736,2009-03-24 20:39:51.299,0,[],0,10
1737,2009-04-09 23:53:53.807,1,"[{'lat': -3.346, 'long': 148.68, 'Time': Timestamp('2009-04-10 04:09:42'), 'mag': 5.2}, {'lat': -3.121, 'long': 127.5, 'Time': Timestamp('2009-04-10 05:40:32'), 'mag': 5.4}, {'lat': -18.467, 'long': 65.94, 'Time': Timestamp('2009-04-10 06:51:47'), 'mag': 5.2}, {'lat': -8.893, 'long': 159.633, 'Time': Timestamp('2009-04-10 13:21:51'), 'mag': 5.0}, {'lat': 4.396, 'long': 125.477, 'Time': Timestamp('2009-04-11 21:45:22'), 'mag': 5.1}]",5,26
1738,2009-03-31 08:02:50.035,0,[],0,16
1739,2009-04-01 11:21:23.994,1,"[{'lat': -59.553, 'long': -26.253, 'Time': Timestamp('2009-04-03 09:11:48'), 'mag': 5.2}]",1,17
1740,2009-03-22 14:39:51.359,1,"[{'lat': 14.473, 'long': -45.065, 'Time': Timestamp('2009-03-24 12:34:54'), 'mag': 5.2}]",1,7
1741,2009-04-13 17:55:53.102,1,"[{'lat': -4.441, 'long': -105.017, 'Time': Timestamp('2009-04-15 13:48:59'), 'mag': 5.3}, {'lat': -4.16, 'long': -104.716, 'Time': Timestamp('2009-04-15 14:04:29'), 'mag': 5.2}]",2,29
1742,2009-04-14 21:08:25.443,1,"[{'lat': -16.395, 'long': -177.742, 'Time': Timestamp('2009-04-14 22:37:46'), 'mag': 5.1}, {'lat': -16.308, 'long': -177.732, 'Time': Timestamp('2009-04-14 23:29:33'), 'mag': 5.9}, {'lat': -62.962, 'long': -157.704, 'Time': Timestamp('2009-04-15 02:54:52'), 'mag': 5.2}, {'lat': 44.19, 'long': -129.274, 'Time': Timestamp('2009-04-16 04:18:32'), 'mag': 5.0}]",4,30
1743,2009-04-14 00:23:15.206,1,"[{'lat': 48.837, 'long': 154.883, 'Time': Timestamp('2009-04-14 03:04:27'), 'mag': 5.5}, {'lat': 7.048, 'long': 123.733, 'Time': Timestamp('2009-04-14 07:02:15'), 'mag': 5.0}, {'lat': 26.968, 'long': 129.848, 'Time': Timestamp('2009-04-15 07:23:37'), 'mag': 5.1}, {'lat': 12.348, 'long': 58.071, 'Time': Timestamp('2009-04-15 10:20:04'), 'mag': 5.7}, {'lat': -18.492, 'long': 65.951, 'Time': Timestamp('2009-04-15 14:07:09'), 'mag': 5.2}, {'lat': -2.039, 'long': 133.615, 'Time': Timestamp('2009-04-15 15:51:35'), 'mag': 5.0}, {'lat': -3.079, 'long': 100.424, 'Time': Timestamp('2009-04-15 17:47:27'), 'mag': 5.7}, {'lat': -5.828, 'long': 154.06, 'Time': Timestamp('2009-04-15 18:26:34'), 'mag': 5.3}, {'lat': -3.115, 'long': 100.471, 'Time': Timestamp('2009-04-15 20:01:34'), 'mag': 6.3}]",9,29
1744,2009-04-14 08:32:50.328,1,"[{'lat': 12.348, 'long': 58.071, 'Time': Timestamp('2009-04-15 10:20:04'), 'mag': 5.7}]",1,29
1745,2009-04-13 11:51:53.396,1,"[{'lat': 42.504, 'long': 13.363, 'Time': Timestamp('2009-04-13 21:14:24'), 'mag': 5.0}]",1,28
1746,2009-04-05 15:10:22.535,0,[],0,20
1747,2009-03-21 18:25:23.503,0,[],0,5
1748,2009-03-24 21:38:24.628,1,"[{'lat': -17.093, 'long': -172.071, 'Time': Timestamp('2009-03-25 06:31:35'), 'mag': 5.2}, {'lat': -62.007, 'long': 155.608, 'Time': Timestamp('2009-03-25 20:25:12'), 'mag': 5.2}, {'lat': -23.665, 'long': -175.776, 'Time': Timestamp('2009-03-25 21:46:00'), 'mag': 5.5}, {'lat': -27.462, 'long': 73.303, 'Time': Timestamp('2009-03-26 06:14:22'), 'mag': 5.7}, {'lat': -23.062, 'long': -175.174, 'Time': Timestamp('2009-03-26 10:00:30'), 'mag': 5.2}, {'lat': -5.72, 'long': -81.338, 'Time': Timestamp('2009-03-26 17:35:14'), 'mag': 5.8}, {'lat': -6.775, 'long': -12.537, 'Time': Timestamp('2009-03-26 18:43:47'), 'mag': 5.4}, {'lat': -6.86, 'long': -12.424, 'Time': Timestamp('2009-03-26 19:13:36'), 'mag': 5.1}]",8,8
1749,2009-04-13 00:53:22.470,1,"[{'lat': -6.822, 'long': 125.093, 'Time': Timestamp('2009-04-13 13:36:46'), 'mag': 5.6}, {'lat': 42.504, 'long': 13.363, 'Time': Timestamp('2009-04-13 21:14:24'), 'mag': 5.0}, {'lat': 48.837, 'long': 154.883, 'Time': Timestamp('2009-04-14 03:04:27'), 'mag': 5.5}, {'lat': 7.048, 'long': 123.733, 'Time': Timestamp('2009-04-14 07:02:15'), 'mag': 5.0}]",4,27
1750,2009-04-06 05:48:23.332,0,[],0,20
1751,2009-04-11 09:03:20.729,0,[],0,25
1752,2009-03-30 12:22:23.796,0,[],0,13
1753,2009-04-03 15:40:25.927,1,"[{'lat': -27.842, 'long': -66.593, 'Time': Timestamp('2009-04-03 17:54:50'), 'mag': 5.7}]",1,17
1754,2009-04-03 18:55:23.904,0,[],0,17
1755,2009-04-09 22:08:54.917,1,"[{'lat': 18.166, 'long': -102.135, 'Time': Timestamp('2009-04-11 09:22:11'), 'mag': 5.1}, {'lat': -59.6, 'long': -26.274, 'Time': Timestamp('2009-04-11 17:14:36'), 'mag': 5.2}]",2,23
1756,2009-04-03 07:56:50.651,0,[],0,16
1757,2009-04-03 22:38:53.550,1,"[{'lat': -62.599, 'long': 155.117, 'Time': Timestamp('2009-04-04 07:19:41'), 'mag': 5.9}, {'lat': -22.515, 'long': -174.656, 'Time': Timestamp('2009-04-04 11:07:12'), 'mag': 5.5}, {'lat': -22.539, 'long': -174.755, 'Time': Timestamp('2009-04-04 11:59:37'), 'mag': 5.0}, {'lat': -55.976, 'long': -27.727, 'Time': Timestamp('2009-04-04 18:39:17'), 'mag': 5.5}, {'lat': 14.378, 'long': -90.413, 'Time': Timestamp('2009-04-04 21:22:05'), 'mag': 5.2}, {'lat': -22.455, 'long': -174.872, 'Time': Timestamp('2009-04-05 08:14:29'), 'mag': 5.0}]",6,16
1758,2009-04-13 06:48:22.544,0,[],0,25
1759,2009-04-14 10:04:22.598,0,[],0,26
1760,2009-03-29 13:23:22.876,0,[],0,10
1761,2009-03-27 16:40:20.273,1,"[{'lat': -19.08, 'long': -69.213, 'Time': Timestamp('2009-03-27 17:26:42'), 'mag': 5.4}]",1,8
1762,2009-04-01 19:54:50.215,0,[],0,13
1763,2009-04-14 23:08:23.950,1,"[{'lat': -16.308, 'long': -177.732, 'Time': Timestamp('2009-04-14 23:29:33'), 'mag': 5.9}, {'lat': -5.828, 'long': 154.06, 'Time': Timestamp('2009-04-15 18:26:34'), 'mag': 5.3}, {'lat': -6.484, 'long': 154.151, 'Time': Timestamp('2009-04-16 00:43:20'), 'mag': 5.8}]",3,26
1764,2009-04-15 07:18:26.377,1,"[{'lat': 12.348, 'long': 58.071, 'Time': Timestamp('2009-04-15 10:20:04'), 'mag': 5.7}, {'lat': -18.492, 'long': 65.951, 'Time': Timestamp('2009-04-15 14:07:09'), 'mag': 5.2}, {'lat': -12.446, 'long': 65.209, 'Time': Timestamp('2009-04-16 05:17:19'), 'mag': 5.2}, {'lat': 34.185, 'long': 70.076, 'Time': Timestamp('2009-04-16 21:27:51'), 'mag': 5.2}, {'lat': 34.106, 'long': 70.056, 'Time': Timestamp('2009-04-16 23:42:51'), 'mag': 5.1}]",5,26
1765,2009-03-29 10:34:50.236,0,[],0,9
1766,2009-03-28 13:53:54.152,0,[],0,8
1767,2009-04-01 17:10:23.245,1,"[{'lat': 1.919, 'long': -97.95, 'Time': Timestamp('2009-04-02 19:11:57'), 'mag': 5.1}]",1,12
1768,2009-04-02 20:24:23.298,0,[],0,13
1769,2009-04-12 23:38:23.351,0,[],0,23
1770,2009-04-02 07:48:55.450,0,[],0,12
1771,2009-04-15 11:05:23.538,1,"[{'lat': -60.203, 'long': -26.858, 'Time': Timestamp('2009-04-16 14:57:06'), 'mag': 6.7}, {'lat': -60.382, 'long': -26.924, 'Time': Timestamp('2009-04-16 15:03:40'), 'mag': 5.0}, {'lat': -60.236, 'long': -26.938, 'Time': Timestamp('2009-04-16 15:13:18'), 'mag': 5.0}]",3,25
1772,2009-04-12 14:24:20.680,0,[],0,22
1773,2009-04-18 17:40:23.647,0,[],0,28
1774,2009-04-20 20:53:49.124,1,"[{'lat': -31.332, 'long': -177.718, 'Time': Timestamp('2009-04-21 06:00:12'), 'mag': 5.1}, {'lat': -17.225, 'long': -174.454, 'Time': Timestamp('2009-04-22 15:18:19'), 'mag': 5.1}]",2,30
1775,2009-04-01 00:07:53.942,1,"[{'lat': 33.659, 'long': 82.437, 'Time': Timestamp('2009-04-01 02:34:36'), 'mag': 5.0}, {'lat': -3.522, 'long': 144.102, 'Time': Timestamp('2009-04-01 03:54:58'), 'mag': 6.4}, {'lat': -5.963, 'long': 101.907, 'Time': Timestamp('2009-04-01 06:29:40'), 'mag': 5.6}, {'lat': -3.513, 'long': 100.628, 'Time': Timestamp('2009-04-01 14:27:46'), 'mag': 5.3}, {'lat': -3.551, 'long': 144.22, 'Time': Timestamp('2009-04-02 03:29:32'), 'mag': 5.2}, {'lat': -61.83, 'long': 160.151, 'Time': Timestamp('2009-04-02 21:09:08'), 'mag': 5.0}]",6,10
1776,2009-04-21 08:17:15.884,1,"[{'lat': 14.434, 'long': 56.283, 'Time': Timestamp('2009-04-21 19:45:03'), 'mag': 5.3}, {'lat': 14.39, 'long': 56.194, 'Time': Timestamp('2009-04-21 19:47:25'), 'mag': 5.1}, {'lat': 14.461, 'long': 56.294, 'Time': Timestamp('2009-04-21 20:08:43'), 'mag': 5.0}, {'lat': 14.378, 'long': 56.234, 'Time': Timestamp('2009-04-21 20:18:32'), 'mag': 5.0}]",4,30
1777,2009-04-16 11:35:53.939,1,"[{'lat': -60.203, 'long': -26.858, 'Time': Timestamp('2009-04-16 14:57:06'), 'mag': 6.7}, {'lat': -60.382, 'long': -26.924, 'Time': Timestamp('2009-04-16 15:03:40'), 'mag': 5.0}, {'lat': -60.236, 'long': -26.938, 'Time': Timestamp('2009-04-16 15:13:18'), 'mag': 5.0}]",3,25
1778,2009-04-10 14:54:22.968,0,[],0,19
1779,2009-04-03 21:22:51.292,1,"[{'lat': -62.599, 'long': 155.117, 'Time': Timestamp('2009-04-04 07:19:41'), 'mag': 5.9}, {'lat': -22.515, 'long': -174.656, 'Time': Timestamp('2009-04-04 11:07:12'), 'mag': 5.5}, {'lat': -22.539, 'long': -174.755, 'Time': Timestamp('2009-04-04 11:59:37'), 'mag': 5.0}, {'lat': -55.976, 'long': -27.727, 'Time': Timestamp('2009-04-04 18:39:17'), 'mag': 5.5}, {'lat': 14.378, 'long': -90.413, 'Time': Timestamp('2009-04-04 21:22:05'), 'mag': 5.2}, {'lat': -22.455, 'long': -174.872, 'Time': Timestamp('2009-04-05 08:14:29'), 'mag': 5.0}]",6,12
1780,2009-03-30 00:37:50.475,1,"[{'lat': 51.535, 'long': -178.258, 'Time': Timestamp('2009-03-30 12:07:28'), 'mag': 5.7}, {'lat': 51.526, 'long': -178.267, 'Time': Timestamp('2009-03-30 12:11:54'), 'mag': 5.8}, {'lat': -2.009, 'long': 139.029, 'Time': Timestamp('2009-03-31 01:21:03'), 'mag': 5.1}, {'lat': -6.787, 'long': 155.089, 'Time': Timestamp('2009-03-31 02:33:01'), 'mag': 5.0}, {'lat': 3.904, 'long': 126.776, 'Time': Timestamp('2009-03-31 11:31:21'), 'mag': 5.4}, {'lat': 14.606, 'long': 123.813, 'Time': Timestamp('2009-03-31 13:26:19'), 'mag': 5.1}, {'lat': 18.313, 'long': 145.716, 'Time': Timestamp('2009-03-31 15:29:31'), 'mag': 5.5}]",7,7
1781,2009-04-04 05:32:25.644,1,"[{'lat': -5.259, 'long': 68.554, 'Time': Timestamp('2009-04-05 12:56:14'), 'mag': 5.6}]",1,12
1782,2009-04-13 08:47:21.601,0,[],0,21
1783,2009-04-20 12:06:23.340,0,[],0,28
1784,2009-04-12 15:24:25.248,0,[],0,20
1785,2009-04-14 18:39:49.330,1,"[{'lat': -62.962, 'long': -157.704, 'Time': Timestamp('2009-04-15 02:54:52'), 'mag': 5.2}, {'lat': -4.441, 'long': -105.017, 'Time': Timestamp('2009-04-15 13:48:59'), 'mag': 5.3}, {'lat': -4.16, 'long': -104.716, 'Time': Timestamp('2009-04-15 14:04:29'), 'mag': 5.2}]",3,22
1786,2009-03-28 21:53:21.916,1,"[{'lat': -23.106, 'long': -174.794, 'Time': Timestamp('2009-03-28 22:06:50'), 'mag': 5.1}, {'lat': 52.703, 'long': -170.288, 'Time': Timestamp('2009-03-28 22:37:33'), 'mag': 5.0}, {'lat': 56.2872, 'long': -152.4774, 'Time': Timestamp('2009-03-30 03:42:46'), 'mag': 5.2}, {'lat': 56.2165, 'long': -152.3473, 'Time': Timestamp('2009-03-30 07:13:03'), 'mag': 5.9}, {'lat': 56.3028, 'long': -152.6549, 'Time': Timestamp('2009-03-30 17:38:13'), 'mag': 5.0}]",5,5
1787,2009-04-08 01:07:21.088,1,"[{'lat': 45.983, 'long': 151.73, 'Time': Timestamp('2009-04-08 16:17:56'), 'mag': 5.0}, {'lat': 42.484, 'long': 13.343, 'Time': Timestamp('2009-04-09 00:52:59'), 'mag': 5.4}, {'lat': 27.143, 'long': 70.749, 'Time': Timestamp('2009-04-09 01:46:58'), 'mag': 5.1}, {'lat': 3.613, 'long': 126.685, 'Time': Timestamp('2009-04-09 06:14:29'), 'mag': 5.0}, {'lat': 6.263, 'long': 94.441, 'Time': Timestamp('2009-04-09 08:10:54'), 'mag': 5.1}, {'lat': 42.513, 'long': 13.331, 'Time': Timestamp('2009-04-09 19:38:17'), 'mag': 5.2}, {'lat': 3.711, 'long': 126.661, 'Time': Timestamp('2009-04-09 22:10:29'), 'mag': 5.0}]",7,15
1788,2009-04-03 06:02:25.933,0,[],0,10
1789,2009-04-12 09:17:53.443,1,"[{'lat': 42.504, 'long': 13.363, 'Time': Timestamp('2009-04-13 21:14:24'), 'mag': 5.0}]",1,19
1790,2009-04-01 12:36:53.742,1,"[{'lat': -59.553, 'long': -26.253, 'Time': Timestamp('2009-04-03 09:11:48'), 'mag': 5.2}]",1,8
1791,2009-04-12 15:54:52.557,0,[],0,19
1792,2009-04-16 19:09:21.282,0,[],0,23
1793,2009-04-02 22:23:23.902,1,"[{'lat': -59.553, 'long': -26.253, 'Time': Timestamp('2009-04-03 09:11:48'), 'mag': 5.2}, {'lat': -27.842, 'long': -66.593, 'Time': Timestamp('2009-04-03 17:54:50'), 'mag': 5.7}, {'lat': -62.599, 'long': 155.117, 'Time': Timestamp('2009-04-04 07:19:41'), 'mag': 5.9}, {'lat': -22.515, 'long': -174.656, 'Time': Timestamp('2009-04-04 11:07:12'), 'mag': 5.5}, {'lat': -22.539, 'long': -174.755, 'Time': Timestamp('2009-04-04 11:59:37'), 'mag': 5.0}, {'lat': -55.976, 'long': -27.727, 'Time': Timestamp('2009-04-04 18:39:17'), 'mag': 5.5}, {'lat': 14.378, 'long': -90.413, 'Time': Timestamp('2009-04-04 21:22:05'), 'mag': 5.2}]",7,9
1794,2009-04-07 01:37:22.270,1,"[{'lat': 46.049, 'long': 151.548, 'Time': Timestamp('2009-04-07 04:23:33'), 'mag': 6.9}, {'lat': -7.043, 'long': 129.363, 'Time': Timestamp('2009-04-07 13:29:53'), 'mag': 5.1}, {'lat': 46.161, 'long': 151.569, 'Time': Timestamp('2009-04-08 00:59:15'), 'mag': 5.0}, {'lat': 45.983, 'long': 151.73, 'Time': Timestamp('2009-04-08 16:17:56'), 'mag': 5.0}]",4,13
1795,2009-04-04 06:32:57.775,1,"[{'lat': -5.259, 'long': 68.554, 'Time': Timestamp('2009-04-05 12:56:14'), 'mag': 5.6}]",1,10
1796,2009-04-21 09:48:21.709,0,[],0,27
1797,2009-04-24 13:07:23.337,0,[],0,30
1798,2009-04-24 22:52:53.497,1,"[{'lat': -30.3, 'long': -178.582, 'Time': Timestamp('2009-04-26 00:06:53'), 'mag': 6.1}]",1,30
1799,2009-04-11 02:07:21.084,1,"[{'lat': 4.396, 'long': 125.477, 'Time': Timestamp('2009-04-11 21:45:22'), 'mag': 5.1}, {'lat': 1.981, 'long': 122.119, 'Time': Timestamp('2009-04-12 05:19:59'), 'mag': 5.2}]",2,16
1800,2009-04-02 05:24:26.014,0,[],0,7
1801,2009-04-05 08:39:20.643,0,[],0,10
1802,2009-04-21 11:58:23.711,0,[],0,26
1803,2009-04-08 15:16:51.522,0,[],0,13
1804,2009-04-02 18:31:49.700,1,"[{'lat': 1.919, 'long': -97.95, 'Time': Timestamp('2009-04-02 19:11:57'), 'mag': 5.1}]",1,7
1805,2009-04-16 21:44:54.943,1,"[{'lat': -19.584, 'long': -70.483, 'Time': Timestamp('2009-04-17 02:08:08'), 'mag': 6.1}, {'lat': -19.515, 'long': -70.408, 'Time': Timestamp('2009-04-17 02:17:54'), 'mag': 5.0}, {'lat': -49.519, 'long': 125.928, 'Time': Timestamp('2009-04-17 15:35:56'), 'mag': 5.3}, {'lat': -28.915, 'long': -177.445, 'Time': Timestamp('2009-04-18 02:03:52'), 'mag': 5.8}, {'lat': 13.238, 'long': -92.633, 'Time': Timestamp('2009-04-18 07:06:29'), 'mag': 5.0}, {'lat': -23.286, 'long': -68.296, 'Time': Timestamp('2009-04-18 15:29:19'), 'mag': 5.1}, {'lat': -20.613, 'long': -178.482, 'Time': Timestamp('2009-04-18 17:49:39'), 'mag': 5.7}]",7,21
1806,2009-04-21 00:59:51.458,1,"[{'lat': 44.516, 'long': 148.065, 'Time': Timestamp('2009-04-21 01:16:47'), 'mag': 5.0}, {'lat': 50.833, 'long': 155.009, 'Time': Timestamp('2009-04-21 05:26:11'), 'mag': 6.2}, {'lat': -4.23, 'long': 129.664, 'Time': Timestamp('2009-04-21 05:33:22'), 'mag': 5.7}, {'lat': 37.365, 'long': 141.399, 'Time': Timestamp('2009-04-21 09:57:50'), 'mag': 5.3}, {'lat': 64.506, 'long': 168.476, 'Time': Timestamp('2009-04-21 12:22:35'), 'mag': 5.0}, {'lat': -5.968, 'long': 147.091, 'Time': Timestamp('2009-04-21 16:32:14'), 'mag': 5.0}, {'lat': 12.274, 'long': 126.292, 'Time': Timestamp('2009-04-21 18:47:36'), 'mag': 5.1}, {'lat': 14.434, 'long': 56.283, 'Time': Timestamp('2009-04-21 19:45:03'), 'mag': 5.3}, {'lat': 14.39, 'long': 56.194, 'Time': Timestamp('2009-04-21 19:47:25'), 'mag': 5.1}, {'lat': 14.461, 'long': 56.294, 'Time': Timestamp('2009-04-21 20:08:43'), 'mag': 5.0}, {'lat': 14.378, 'long': 56.234, 'Time': Timestamp('2009-04-21 20:18:32'), 'mag': 5.0}, {'lat': -10.796, 'long': 166.028, 'Time': Timestamp('2009-04-21 21:09:59'), 'mag': 5.7}, {'lat': -13.65, 'long': 167.212, 'Time': Timestamp('2009-04-22 01:48:26'), 'mag': 5.3}, {'lat': 40.027, 'long': 77.233, 'Time': Timestamp('2009-04-22 09:26:03'), 'mag': 5.0}]",14,25
1807,2009-04-18 05:54:57.743,1,"[{'lat': 41.277, 'long': 78.203, 'Time': Timestamp('2009-04-19 04:08:20'), 'mag': 5.4}, {'lat': 2.8, 'long': 99.086, 'Time': Timestamp('2009-04-19 11:10:00'), 'mag': 5.1}]",2,22
1808,2009-04-09 09:09:51.045,0,[],0,13
1809,2009-04-04 12:28:53.112,1,"[{'lat': -55.976, 'long': -27.727, 'Time': Timestamp('2009-04-04 18:39:17'), 'mag': 5.5}]",1,8
1810,2009-04-22 15:46:51.928,0,[],0,26
1811,2009-04-05 19:01:49.212,0,[],0,9
1812,2009-04-10 22:15:21.353,1,"[{'lat': 18.166, 'long': -102.135, 'Time': Timestamp('2009-04-11 09:22:11'), 'mag': 5.1}, {'lat': -59.6, 'long': -26.274, 'Time': Timestamp('2009-04-11 17:14:36'), 'mag': 5.2}]",2,14
1813,2009-04-26 06:24:51.609,1,"[{'lat': 42.841, 'long': 72.435, 'Time': Timestamp('2009-04-27 20:04:14'), 'mag': 5.0}]",1,29
1814,2009-04-24 09:40:21.886,1,"[{'lat': 45.654, 'long': 26.606, 'Time': Timestamp('2009-04-25 17:18:48'), 'mag': 5.2}]",1,27
1815,2009-04-04 12:59:23.513,1,"[{'lat': -55.976, 'long': -27.727, 'Time': Timestamp('2009-04-04 18:39:17'), 'mag': 5.5}]",1,7
1816,2009-04-03 16:16:53.567,1,"[{'lat': -27.842, 'long': -66.593, 'Time': Timestamp('2009-04-03 17:54:50'), 'mag': 5.7}, {'lat': 14.378, 'long': -90.413, 'Time': Timestamp('2009-04-04 21:22:05'), 'mag': 5.2}]",2,6
1817,2009-04-14 19:31:23.933,1,"[{'lat': -62.962, 'long': -157.704, 'Time': Timestamp('2009-04-15 02:54:52'), 'mag': 5.2}, {'lat': 44.19, 'long': -129.274, 'Time': Timestamp('2009-04-16 04:18:32'), 'mag': 5.0}]",2,17
1818,2009-04-18 22:44:53.673,1,"[{'lat': 7.712, 'long': -73.272, 'Time': Timestamp('2009-04-20 08:54:01'), 'mag': 5.1}, {'lat': -15.165, 'long': -173.724, 'Time': Timestamp('2009-04-20 20:02:27'), 'mag': 5.6}]",2,21
1819,2009-04-08 08:33:25.028,0,[],0,10
1820,2009-04-16 11:50:23.887,1,"[{'lat': -60.203, 'long': -26.858, 'Time': Timestamp('2009-04-16 14:57:06'), 'mag': 6.7}, {'lat': -60.382, 'long': -26.924, 'Time': Timestamp('2009-04-16 15:03:40'), 'mag': 5.0}, {'lat': -60.236, 'long': -26.938, 'Time': Timestamp('2009-04-16 15:13:18'), 'mag': 5.0}]",3,18
1821,2009-04-19 15:08:53.026,1,"[{'lat': 7.712, 'long': -73.272, 'Time': Timestamp('2009-04-20 08:54:01'), 'mag': 5.1}, {'lat': -35.085, 'long': -71.565, 'Time': Timestamp('2009-04-21 00:27:44'), 'mag': 5.2}]",2,21
1822,2009-04-11 21:37:52.463,1,"[{'lat': -17.837, 'long': -178.734, 'Time': Timestamp('2009-04-13 05:30:42'), 'mag': 5.2}]",1,13
1823,2009-04-18 00:51:51.962,1,"[{'lat': 46.015, 'long': 151.427, 'Time': Timestamp('2009-04-18 19:17:58'), 'mag': 6.6}, {'lat': 53.13, 'long': 170.953, 'Time': Timestamp('2009-04-18 23:31:23'), 'mag': 5.3}, {'lat': 41.277, 'long': 78.203, 'Time': Timestamp('2009-04-19 04:08:20'), 'mag': 5.4}, {'lat': 4.136, 'long': 126.678, 'Time': Timestamp('2009-04-19 05:23:25'), 'mag': 6.1}, {'lat': 53.464, 'long': -35.327, 'Time': Timestamp('2009-04-19 08:19:20'), 'mag': 5.0}, {'lat': 53.512, 'long': -35.224, 'Time': Timestamp('2009-04-19 08:20:08'), 'mag': 5.0}, {'lat': 14.839, 'long': 144.567, 'Time': Timestamp('2009-04-19 08:45:48'), 'mag': 5.0}, {'lat': 14.818, 'long': 144.559, 'Time': Timestamp('2009-04-19 08:54:46'), 'mag': 5.1}, {'lat': 23.163, 'long': 142.216, 'Time': Timestamp('2009-04-19 09:05:54'), 'mag': 5.2}, {'lat': 2.8, 'long': 99.086, 'Time': Timestamp('2009-04-19 11:10:00'), 'mag': 5.1}, {'lat': 4.036, 'long': 126.681, 'Time': Timestamp('2009-04-19 15:23:44'), 'mag': 5.2}]",11,19
1824,2009-04-21 05:46:54.152,1,"[{'lat': 40.027, 'long': 77.233, 'Time': Timestamp('2009-04-22 09:26:03'), 'mag': 5.0}]",1,22
1825,2009-04-10 09:01:50.221,0,[],0,11
1826,2009-04-18 12:21:23.288,0,[],0,19
1827,2009-04-07 15:38:52.651,0,[],0,8
1828,2009-04-21 18:53:53.396,0,[],0,22
1829,2009-04-15 22:07:23.080,1,"[{'lat': 44.19, 'long': -129.274, 'Time': Timestamp('2009-04-16 04:18:32'), 'mag': 5.0}, {'lat': -60.203, 'long': -26.858, 'Time': Timestamp('2009-04-16 14:57:06'), 'mag': 6.7}, {'lat': -60.382, 'long': -26.924, 'Time': Timestamp('2009-04-16 15:03:40'), 'mag': 5.0}, {'lat': -60.236, 'long': -26.938, 'Time': Timestamp('2009-04-16 15:13:18'), 'mag': 5.0}, {'lat': -19.584, 'long': -70.483, 'Time': Timestamp('2009-04-17 02:08:08'), 'mag': 6.1}, {'lat': -19.515, 'long': -70.408, 'Time': Timestamp('2009-04-17 02:17:54'), 'mag': 5.0}, {'lat': -49.519, 'long': 125.928, 'Time': Timestamp('2009-04-17 15:35:56'), 'mag': 5.3}]",7,16
1830,2009-04-22 01:21:50.488,1,"[{'lat': 40.027, 'long': 77.233, 'Time': Timestamp('2009-04-22 09:26:03'), 'mag': 5.0}, {'lat': 55.855, 'long': 161.066, 'Time': Timestamp('2009-04-23 02:11:43'), 'mag': 5.2}, {'lat': 4.416, 'long': 126.815, 'Time': Timestamp('2009-04-23 12:16:19'), 'mag': 5.5}]",3,22
1831,2009-04-11 06:16:54.776,0,[],0,11
1832,2009-04-13 09:32:16.638,1,"[{'lat': 42.504, 'long': 13.363, 'Time': Timestamp('2009-04-13 21:14:24'), 'mag': 5.0}]",1,13
1833,2009-04-17 12:51:53.690,1,"[{'lat': 53.464, 'long': -35.327, 'Time': Timestamp('2009-04-19 08:19:20'), 'mag': 5.0}, {'lat': 53.512, 'long': -35.224, 'Time': Timestamp('2009-04-19 08:20:08'), 'mag': 5.0}]",2,17
1834,2009-04-10 16:08:53.744,0,[],0,10
1835,2009-04-09 19:23:53.797,1,"[{'lat': 18.166, 'long': -102.135, 'Time': Timestamp('2009-04-11 09:22:11'), 'mag': 5.1}]",1,9
