index,time_window,label,matched_eqs,total_eq,random_offset_days
0,2009-04-11 05:08:53.477,0,[],0,10
1,2009-04-28 08:23:50.996,0,[],0,27
2,2009-04-17 11:42:23.259,0,[],0,16
3,2009-04-09 15:00:48.190,0,[],0,8
4,2009-04-23 21:30:23.420,1,"[{'lat': -31.669, 'long': -177.613, 'Time': Timestamp('2009-04-24 05:37:35'), 'mag': 5.1}, {'lat': -31.669, 'long': -177.613, 'Time': Timestamp('2009-04-24 05:37:35'), 'mag': 5.1}, {'lat': -31.669, 'long': -177.613, 'Time': Timestamp('2009-04-24 05:37:35'), 'mag': 5.1}]",3,22
5,2009-04-11 00:44:23.472,0,[],0,9
6,2009-04-17 05:38:55.964,0,[],0,15
7,2009-04-11 08:53:51.921,0,[],0,9
8,2009-04-21 12:13:23.660,0,[],0,19
9,2009-04-28 15:30:48.815,1,"[{'lat': 52.666, 'long': -35.028, 'Time': Timestamp('2009-04-28 19:54:35'), 'mag': 5.6}, {'lat': 52.666, 'long': -35.028, 'Time': Timestamp('2009-04-28 19:54:35'), 'mag': 5.6}]",2,26
10,2009-04-23 18:46:18.321,0,[],0,21
11,2009-04-29 21:59:52.012,1,"[{'lat': 58.9929, 'long': -151.3109, 'Time': Timestamp('2009-04-30 04:54:57'), 'mag': 5.0}, {'lat': 58.9929, 'long': -151.3109, 'Time': Timestamp('2009-04-30 04:54:57'), 'mag': 5.0}]",2,27
12,2009-04-10 01:13:50.860,1,"[{'lat': -3.346, 'long': 148.68, 'Time': Timestamp('2009-04-10 04:09:42'), 'mag': 5.2}, {'lat': -3.346, 'long': 148.68, 'Time': Timestamp('2009-04-10 04:09:42'), 'mag': 5.2}, {'lat': -3.346, 'long': 148.68, 'Time': Timestamp('2009-04-10 04:09:42'), 'mag': 5.2}, {'lat': -3.121, 'long': 127.5, 'Time': Timestamp('2009-04-10 05:40:32'), 'mag': 5.4}, {'lat': -3.121, 'long': 127.5, 'Time': Timestamp('2009-04-10 05:40:32'), 'mag': 5.4}, {'lat': -3.121, 'long': 127.5, 'Time': Timestamp('2009-04-10 05:40:32'), 'mag': 5.4}]",6,7
13,2009-04-20 06:08:56.689,0,[],0,17
14,2009-04-13 09:24:22.433,1,"[{'lat': 42.504, 'long': 13.363, 'Time': Timestamp('2009-04-13 21:14:24'), 'mag': 5.0}, {'lat': 42.504, 'long': 13.363, 'Time': Timestamp('2009-04-13 21:14:24'), 'mag': 5.0}]",2,10
15,2009-04-20 12:43:54.062,0,[],0,17
16,2009-04-17 16:01:21.318,0,[],0,14
17,2009-04-28 19:15:53.168,0,[],0,25
18,2009-04-26 00:06:23.437,0,[],0,22
19,2009-05-02 08:15:52.354,0,[],0,28
20,2009-04-25 11:34:53.436,1,"[{'lat': 45.654, 'long': 26.606, 'Time': Timestamp('2009-04-25 17:18:48'), 'mag': 5.2}]",1,21
21,2009-05-02 21:22:23.596,0,[],0,28
22,2009-04-22 00:36:20.970,1,"[{'lat': -13.65, 'long': 167.212, 'Time': Timestamp('2009-04-22 01:48:26'), 'mag': 5.3}, {'lat': -13.65, 'long': 167.212, 'Time': Timestamp('2009-04-22 01:48:26'), 'mag': 5.3}, {'lat': -13.65, 'long': 167.212, 'Time': Timestamp('2009-04-22 01:48:26'), 'mag': 5.3}]",3,17
23,2009-04-15 10:25:20.907,0,[],0,10
24,2009-04-23 13:44:23.863,0,[],0,18
25,2009-04-25 23:28:54.023,0,[],0,20
26,2009-04-20 07:39:20.579,0,[],0,14
27,2009-04-22 10:17:20.282,0,[],0,14
28,2009-05-06 13:36:23.238,0,[],0,28
29,2009-04-21 23:21:23.397,1,"[{'lat': -13.65, 'long': 167.212, 'Time': Timestamp('2009-04-22 01:48:26'), 'mag': 5.3}, {'lat': -13.65, 'long': 167.212, 'Time': Timestamp('2009-04-22 01:48:26'), 'mag': 5.3}, {'lat': -13.65, 'long': 167.212, 'Time': Timestamp('2009-04-22 01:48:26'), 'mag': 5.3}]",3,13
30,2009-05-07 07:31:22.728,0,[],0,28
31,2009-05-04 10:47:50.683,0,[],0,25
32,2009-04-19 14:06:50.950,0,[],0,10
33,2009-04-21 17:23:23.693,0,[],0,12
34,2009-04-19 20:37:23.746,0,[],0,10
35,2009-04-30 23:50:53.798,1,"[{'lat': -2.983, 'long': 147.824, 'Time': Timestamp('2009-05-01 02:15:08'), 'mag': 5.0}, {'lat': -2.983, 'long': 147.824, 'Time': Timestamp('2009-05-01 02:15:08'), 'mag': 5.0}, {'lat': -10.77, 'long': 162.219, 'Time': Timestamp('2009-05-01 06:03:05'), 'mag': 5.9}, {'lat': -10.77, 'long': 162.219, 'Time': Timestamp('2009-05-01 06:03:05'), 'mag': 5.9}]",4,21
36,2009-04-17 03:07:25.046,1,"[{'lat': 46.168, 'long': 151.704, 'Time': Timestamp('2009-04-17 14:51:58'), 'mag': 5.7}, {'lat': 46.168, 'long': 151.704, 'Time': Timestamp('2009-04-17 14:51:58'), 'mag': 5.7}, {'lat': 14.817, 'long': 144.533, 'Time': Timestamp('2009-04-17 07:04:20'), 'mag': 5.0}, {'lat': 14.836, 'long': 144.474, 'Time': Timestamp('2009-04-17 11:19:29'), 'mag': 5.0}, {'lat': 14.817, 'long': 144.533, 'Time': Timestamp('2009-04-17 07:04:20'), 'mag': 5.0}, {'lat': 14.836, 'long': 144.474, 'Time': Timestamp('2009-04-17 11:19:29'), 'mag': 5.0}, {'lat': -7.425, 'long': 128.244, 'Time': Timestamp('2009-04-17 04:09:59'), 'mag': 5.4}, {'lat': -7.425, 'long': 128.244, 'Time': Timestamp('2009-04-17 04:09:59'), 'mag': 5.4}, {'lat': -7.425, 'long': 128.244, 'Time': Timestamp('2009-04-17 04:09:59'), 'mag': 5.4}]",9,7
37,2009-05-09 06:23:26.784,0,[],0,29
38,2009-05-03 09:38:52.385,0,[],0,23
39,2009-05-01 12:58:24.013,0,[],0,21
40,2009-05-07 16:15:24.066,0,[],0,27
41,2009-04-20 19:29:53.120,0,[],0,10
42,2009-05-05 22:43:55.137,0,[],0,25
43,2009-05-11 08:30:16.994,0,[],0,30
44,2009-04-25 07:23:55.672,0,[],0,13
45,2009-04-18 12:19:53.788,0,[],0,6
46,2009-05-04 15:37:16.287,0,[],0,22
47,2009-04-20 18:52:23.895,0,[],0,8
48,2009-04-27 22:06:19.373,0,[],0,15
49,2009-04-24 01:20:22.316,0,[],0,11
50,2009-05-13 06:15:25.381,0,[],0,30
51,2009-04-30 09:30:46.138,0,[],0,17
52,2009-04-25 12:50:23.190,0,[],0,12
53,2009-05-08 16:07:23.243,0,[],0,25
54,2009-05-04 19:22:23.296,0,[],0,21
55,2009-04-28 22:35:53.350,0,[],0,15
56,2009-04-19 01:50:20.936,1,"[{'lat': 14.839, 'long': 144.567, 'Time': Timestamp('2009-04-19 08:45:48'), 'mag': 5.0}, {'lat': 14.818, 'long': 144.559, 'Time': Timestamp('2009-04-19 08:54:46'), 'mag': 5.1}, {'lat': 14.839, 'long': 144.567, 'Time': Timestamp('2009-04-19 08:45:48'), 'mag': 5.0}, {'lat': 14.818, 'long': 144.559, 'Time': Timestamp('2009-04-19 08:54:46'), 'mag': 5.1}, {'lat': 23.163, 'long': 142.216, 'Time': Timestamp('2009-04-19 09:05:54'), 'mag': 5.2}, {'lat': 14.839, 'long': 144.567, 'Time': Timestamp('2009-04-19 08:45:48'), 'mag': 5.0}, {'lat': 14.818, 'long': 144.559, 'Time': Timestamp('2009-04-19 08:54:46'), 'mag': 5.1}, {'lat': 23.163, 'long': 142.216, 'Time': Timestamp('2009-04-19 09:05:54'), 'mag': 5.2}, {'lat': 4.136, 'long': 126.678, 'Time': Timestamp('2009-04-19 05:23:25'), 'mag': 6.1}, {'lat': 4.136, 'long': 126.678, 'Time': Timestamp('2009-04-19 05:23:25'), 'mag': 6.1}, {'lat': 4.136, 'long': 126.678, 'Time': Timestamp('2009-04-19 05:23:25'), 'mag': 6.1}]",11,5
57,2009-04-30 06:45:24.454,1,"[{'lat': 27.742, 'long': 61.422, 'Time': Timestamp('2009-04-30 10:04:26'), 'mag': 5.2}, {'lat': 27.742, 'long': 61.422, 'Time': Timestamp('2009-04-30 10:04:26'), 'mag': 5.2}, {'lat': 27.742, 'long': 61.422, 'Time': Timestamp('2009-04-30 10:04:26'), 'mag': 5.2}]",3,16
58,2009-04-21 10:01:21.963,0,[],0,7
59,2009-04-30 13:20:53.591,0,[],0,16
60,2009-04-28 16:37:23.645,0,[],0,14
61,2009-04-27 19:51:53.698,0,[],0,13
62,2009-04-26 00:42:51.311,0,[],0,11
63,2009-04-28 05:37:26.268,0,[],0,13
64,2009-05-15 08:52:22.225,0,[],0,30
65,2009-04-26 12:11:53.163,0,[],0,11
66,2009-05-04 15:29:22.413,0,[],0,19
67,2009-05-08 18:44:47.824,0,[],0,23
68,2009-04-23 21:58:21.515,0,[],0,8
69,2009-05-11 01:12:20.362,0,[],0,25
70,2009-05-04 06:07:23.423,0,[],0,18
71,2009-05-08 09:22:51.936,0,[],0,22
72,2009-04-27 12:42:23.564,0,[],0,11
73,2009-04-27 15:59:51.821,0,[],0,11
74,2009-05-08 19:14:23.670,0,[],0,22
75,2009-04-22 22:28:23.723,0,[],0,6
76,2009-05-02 01:42:22.527,0,[],0,15
77,2009-05-13 06:37:57.596,0,[],0,26
78,2009-05-14 09:53:22.337,0,[],0,27
79,2009-05-05 13:12:53.965,0,[],0,18
80,2009-05-12 16:29:54.018,0,[],0,25
81,2009-05-17 19:44:24.072,0,[],0,30
82,2009-04-25 22:57:53.124,1,"[{'lat': -30.3, 'long': -178.582, 'Time': Timestamp('2009-04-26 00:06:53'), 'mag': 6.1}, {'lat': -30.3, 'long': -178.582, 'Time': Timestamp('2009-04-26 00:06:53'), 'mag': 6.1}, {'lat': -30.3, 'long': -178.582, 'Time': Timestamp('2009-04-26 00:06:53'), 'mag': 6.1}]",3,8
83,2009-04-30 02:12:21.928,0,[],0,12
84,2009-05-10 07:07:57.656,1,"[{'lat': 38.234, 'long': 67.687, 'Time': Timestamp('2009-05-10 17:34:07'), 'mag': 5.0}, {'lat': 38.234, 'long': 67.687, 'Time': Timestamp('2009-05-10 17:34:07'), 'mag': 5.0}]",2,22
85,2009-04-25 10:23:48.189,1,"[{'lat': 45.654, 'long': 26.606, 'Time': Timestamp('2009-04-25 17:18:48'), 'mag': 5.2}, {'lat': 45.654, 'long': 26.606, 'Time': Timestamp('2009-04-25 17:18:48'), 'mag': 5.2}, {'lat': 45.654, 'long': 26.606, 'Time': Timestamp('2009-04-25 17:18:48'), 'mag': 5.2}]",3,7
86,2009-05-18 13:42:48.467,0,[],0,30
87,2009-05-08 16:59:53.420,0,[],0,20
88,2009-05-14 20:13:53.473,0,[],0,26
89,2009-04-26 23:27:23.526,0,[],0,8
90,2009-05-03 07:37:51.081,0,[],0,14
91,2009-04-28 10:54:20.812,0,[],0,9
92,2009-05-16 14:13:13.879,0,[],0,27
93,2009-05-13 20:43:23.874,1,"[{'lat': -15.75, 'long': -173.49, 'Time': Timestamp('2009-05-13 21:31:17'), 'mag': 5.8}]",1,24
94,2009-05-04 23:57:24.117,0,[],0,15
95,2009-05-06 04:52:02.936,0,[],0,16
96,2009-04-28 08:08:24.362,0,[],0,8
97,2009-05-20 11:25:23.114,0,[],0,30
98,2009-05-03 14:43:52.142,0,[],0,13
99,2009-05-11 17:59:23.222,0,[],0,21
100,2009-05-15 21:13:23.275,1,"[{'lat': -31.553, 'long': -178.833, 'Time': Timestamp('2009-05-16 00:53:51'), 'mag': 6.5}, {'lat': -31.388, 'long': -177.977, 'Time': Timestamp('2009-05-16 01:05:59'), 'mag': 5.2}, {'lat': -31.553, 'long': -178.833, 'Time': Timestamp('2009-05-16 00:53:51'), 'mag': 6.5}, {'lat': -31.388, 'long': -177.977, 'Time': Timestamp('2009-05-16 01:05:59'), 'mag': 5.2}, {'lat': -31.553, 'long': -178.833, 'Time': Timestamp('2009-05-16 00:53:51'), 'mag': 6.5}, {'lat': -31.388, 'long': -177.977, 'Time': Timestamp('2009-05-16 01:05:59'), 'mag': 5.2}]",6,25
101,2009-05-08 00:26:45.326,0,[],0,17
102,2009-05-09 06:59:56.727,0,[],0,18
103,2009-05-12 10:15:54.683,0,[],0,21
104,2009-05-09 13:34:53.543,0,[],0,18
105,2009-05-06 16:51:53.596,0,[],0,15
106,2009-05-14 20:05:53.649,0,[],0,23
107,2009-05-01 00:56:52.590,1,"[{'lat': -10.77, 'long': 162.219, 'Time': Timestamp('2009-05-01 06:03:05'), 'mag': 5.9}, {'lat': -10.77, 'long': 162.219, 'Time': Timestamp('2009-05-01 06:03:05'), 'mag': 5.9}, {'lat': -10.77, 'long': 162.219, 'Time': Timestamp('2009-05-01 06:03:05'), 'mag': 5.9}, {'lat': -2.983, 'long': 147.824, 'Time': Timestamp('2009-05-01 02:15:08'), 'mag': 5.0}]",4,9
108,2009-05-08 05:51:54.780,1,"[{'lat': 3.36, 'long': 97.654, 'Time': Timestamp('2009-05-08 13:19:01'), 'mag': 5.2}, {'lat': 3.36, 'long': 97.654, 'Time': Timestamp('2009-05-08 13:19:01'), 'mag': 5.2}, {'lat': 3.36, 'long': 97.654, 'Time': Timestamp('2009-05-08 13:19:01'), 'mag': 5.2}]",3,16
109,2009-05-09 09:06:50.849,0,[],0,17
110,2009-05-08 12:26:23.917,0,[],0,16
111,2009-05-02 15:43:54.060,0,[],0,10
112,2009-04-29 22:12:24.077,1,"[{'lat': 58.9929, 'long': -151.3109, 'Time': Timestamp('2009-04-30 04:54:57'), 'mag': 5.0}, {'lat': 58.9929, 'long': -151.3109, 'Time': Timestamp('2009-04-30 04:54:57'), 'mag': 5.0}]",2,7
113,2009-04-30 01:26:50.116,0,[],0,7
114,2009-05-06 06:21:56.090,0,[],0,13
115,2009-05-09 09:37:17.819,0,[],0,16
116,2009-05-15 12:56:53.542,0,[],0,22
117,2009-04-30 16:13:53.596,1,"[{'lat': -1.548, 'long': -77.306, 'Time': Timestamp('2009-05-01 00:34:10'), 'mag': 5.1}]",1,7
118,2009-05-08 19:28:23.649,0,[],0,15
119,2009-05-05 22:42:23.703,0,[],0,12
120,2009-05-13 11:47:53.917,1,"[{'lat': -55.873, 'long': -26.915, 'Time': Timestamp('2009-05-13 23:02:45'), 'mag': 5.4}]",1,19
121,2009-05-05 15:05:53.056,0,[],0,11
122,2009-04-30 18:21:24.024,0,[],0,6
123,2009-05-08 07:22:24.755,0,[],0,13
124,2009-05-09 10:38:20.713,0,[],0,14
125,2009-05-25 13:57:19.662,0,[],0,30
126,2009-05-13 17:13:49.716,0,[],0,18
127,2009-05-10 20:27:50.986,0,[],0,15
128,2009-05-13 23:41:53.504,0,[],0,18
129,2009-05-12 07:52:26.931,1,"[{'lat': -12.429, 'long': 65.138, 'Time': Timestamp('2009-05-12 12:38:30'), 'mag': 5.8}, {'lat': -12.429, 'long': 65.138, 'Time': Timestamp('2009-05-12 12:38:30'), 'mag': 5.8}]",2,16
130,2009-05-05 11:09:23.692,0,[],0,9
131,2009-05-04 14:27:53.601,0,[],0,8
132,2009-05-04 20:57:53.852,1,"[{'lat': -17.656, 'long': -173.243, 'Time': Timestamp('2009-05-05 03:20:05'), 'mag': 5.0}, {'lat': -17.656, 'long': -173.243, 'Time': Timestamp('2009-05-05 03:20:05'), 'mag': 5.0}, {'lat': -17.656, 'long': -173.243, 'Time': Timestamp('2009-05-05 03:20:05'), 'mag': 5.0}]",3,8
133,2009-05-26 00:11:18.570,0,[],0,29
134,2009-05-13 08:20:53.682,0,[],0,16
135,2009-05-14 11:39:53.093,0,[],0,17
136,2009-05-15 14:57:52.121,0,[],0,18
137,2009-05-09 18:13:23.200,1,"[{'lat': 1.393, 'long': -85.169, 'Time': Timestamp('2009-05-10 01:16:06'), 'mag': 6.1}, {'lat': 1.291, 'long': -85.321, 'Time': Timestamp('2009-05-10 03:20:56'), 'mag': 5.1}, {'lat': 1.393, 'long': -85.169, 'Time': Timestamp('2009-05-10 01:16:06'), 'mag': 6.1}, {'lat': 1.291, 'long': -85.321, 'Time': Timestamp('2009-05-10 03:20:56'), 'mag': 5.1}]",4,12
138,2009-05-10 21:27:23.253,1,"[{'lat': -16.309, 'long': -177.78, 'Time': Timestamp('2009-05-11 05:26:41'), 'mag': 5.2}, {'lat': -16.309, 'long': -177.78, 'Time': Timestamp('2009-05-11 05:26:41'), 'mag': 5.2}, {'lat': -16.309, 'long': -177.78, 'Time': Timestamp('2009-05-11 05:26:41'), 'mag': 5.2}]",3,13
139,2009-05-05 00:41:20.840,0,[],0,7
140,2009-05-06 08:51:20.427,0,[],0,8
141,2009-05-17 12:10:23.494,0,[],0,19
142,2009-05-28 15:28:18.649,0,[],0,30
143,2009-05-04 18:43:18.156,0,[],0,6
144,2009-05-17 21:56:53.175,0,[],0,19
145,2009-05-07 01:10:50.694,0,[],0,8
146,2009-05-17 06:06:22.427,0,[],0,18
147,2009-05-17 09:21:23.768,0,[],0,18
148,2009-05-15 12:40:54.067,0,[],0,16
149,2009-05-22 22:26:53.227,1,"[{'lat': -24.381, 'long': 178.846, 'Time': Timestamp('2009-05-23 02:59:28'), 'mag': 5.5}, {'lat': -24.381, 'long': 178.846, 'Time': Timestamp('2009-05-23 02:59:28'), 'mag': 5.5}, {'lat': -24.381, 'long': 178.846, 'Time': Timestamp('2009-05-23 02:59:28'), 'mag': 5.5}, {'lat': -62.5, 'long': 165.5, 'Time': Timestamp('2009-05-23 09:03:20'), 'mag': 5.0}]",4,23
150,2009-05-14 04:58:32.263,0,[],0,14
151,2009-05-14 08:14:56.568,0,[],0,14
152,2009-05-06 11:31:53.441,0,[],0,6
153,2009-05-05 14:50:25.236,0,[],0,5
154,2009-05-08 18:05:53.549,0,[],0,8
155,2009-05-13 21:19:23.602,1,"[{'lat': -15.75, 'long': -173.49, 'Time': Timestamp('2009-05-13 21:31:17'), 'mag': 5.8}, {'lat': -15.75, 'long': -173.49, 'Time': Timestamp('2009-05-13 21:31:17'), 'mag': 5.8}, {'lat': -15.75, 'long': -173.49, 'Time': Timestamp('2009-05-13 21:31:17'), 'mag': 5.8}]",3,13
156,2009-05-17 00:33:20.976,1,"[{'lat': 54.092, 'long': 169.115, 'Time': Timestamp('2009-05-17 02:03:27'), 'mag': 5.2}, {'lat': 54.092, 'long': 169.115, 'Time': Timestamp('2009-05-17 02:03:27'), 'mag': 5.2}, {'lat': 54.092, 'long': 169.115, 'Time': Timestamp('2009-05-17 02:03:27'), 'mag': 5.2}]",3,16
157,2009-05-27 07:06:27.054,0,[],0,26
158,2009-05-14 10:22:20.913,0,[],0,13
159,2009-05-18 13:41:53.870,0,[],0,17
160,2009-05-19 16:58:23.923,1,"[{'lat': 19.002, 'long': -65.497, 'Time': Timestamp('2009-05-20 03:36:09'), 'mag': 5.0}, {'lat': 19.002, 'long': -65.497, 'Time': Timestamp('2009-05-20 03:36:09'), 'mag': 5.0}, {'lat': 19.002, 'long': -65.497, 'Time': Timestamp('2009-05-20 03:36:09'), 'mag': 5.0}]",3,18
161,2009-05-27 20:12:23.976,0,[],0,26
162,2009-05-29 23:26:24.029,1,"[{'lat': -6.17, 'long': 151.093, 'Time': Timestamp('2009-05-29 23:48:01'), 'mag': 5.2}, {'lat': -6.17, 'long': 151.093, 'Time': Timestamp('2009-05-29 23:48:01'), 'mag': 5.2}, {'lat': -6.17, 'long': 151.093, 'Time': Timestamp('2009-05-29 23:48:01'), 'mag': 5.2}]",3,28
163,2009-05-17 07:36:53.353,0,[],0,15
164,2009-05-07 10:53:23.082,0,[],0,5
165,2009-05-25 14:11:44.711,0,[],0,23
166,2009-05-30 17:28:21.081,0,[],0,28
167,2009-05-22 23:55:50.852,1,"[{'lat': -24.381, 'long': 178.846, 'Time': Timestamp('2009-05-23 02:59:28'), 'mag': 5.5}, {'lat': -24.381, 'long': 178.846, 'Time': Timestamp('2009-05-23 02:59:28'), 'mag': 5.5}, {'lat': -24.381, 'long': 178.846, 'Time': Timestamp('2009-05-23 02:59:28'), 'mag': 5.5}, {'lat': -62.5, 'long': 165.5, 'Time': Timestamp('2009-05-23 09:03:20'), 'mag': 5.0}, {'lat': 14.029, 'long': 145.162, 'Time': Timestamp('2009-05-23 00:40:07'), 'mag': 5.1}]",5,20
168,2009-05-12 03:12:22.346,0,[],0,9
169,2009-05-11 06:28:22.399,0,[],0,8
170,2009-05-08 09:44:20.689,0,[],0,5
171,2009-05-08 13:03:23.645,0,[],0,5
172,2009-05-21 22:48:53.805,0,[],0,18
173,2009-05-19 06:58:27.231,1,"[{'lat': -7.106, 'long': 67.865, 'Time': Timestamp('2009-05-19 07:04:16'), 'mag': 5.0}, {'lat': -7.045, 'long': 68.025, 'Time': Timestamp('2009-05-19 07:22:43'), 'mag': 5.0}, {'lat': -7.106, 'long': 67.865, 'Time': Timestamp('2009-05-19 07:04:16'), 'mag': 5.0}, {'lat': -7.045, 'long': 68.025, 'Time': Timestamp('2009-05-19 07:22:43'), 'mag': 5.0}, {'lat': -7.106, 'long': 67.865, 'Time': Timestamp('2009-05-19 07:04:16'), 'mag': 5.0}, {'lat': -7.045, 'long': 68.025, 'Time': Timestamp('2009-05-19 07:22:43'), 'mag': 5.0}]",6,15
174,2009-05-26 10:14:53.858,0,[],0,22
175,2009-05-16 13:33:54.046,0,[],0,12
176,2009-05-20 16:50:23.100,0,[],0,16
177,2009-05-15 20:04:53.153,0,[],0,11
178,2009-05-16 23:18:23.206,1,"[{'lat': -16.825, 'long': -173.491, 'Time': Timestamp('2009-05-17 06:23:03'), 'mag': 5.6}, {'lat': -16.825, 'long': -173.491, 'Time': Timestamp('2009-05-17 06:23:03'), 'mag': 5.6}, {'lat': -16.825, 'long': -173.491, 'Time': Timestamp('2009-05-17 06:23:03'), 'mag': 5.6}, {'lat': 54.092, 'long': 169.115, 'Time': Timestamp('2009-05-17 02:03:27'), 'mag': 5.2}, {'lat': 54.092, 'long': 169.115, 'Time': Timestamp('2009-05-17 02:03:27'), 'mag': 5.2}, {'lat': 54.092, 'long': 169.115, 'Time': Timestamp('2009-05-17 02:03:27'), 'mag': 5.2}]",6,12
179,2009-06-01 07:28:52.536,0,[],0,27
180,2009-05-20 10:45:20.491,0,[],0,15
181,2009-05-19 14:03:52.086,0,[],0,14
182,2009-05-15 17:20:23.501,0,[],0,10
183,2009-05-10 20:34:23.554,0,[],0,5
184,2009-05-27 23:48:23.606,1,"[{'lat': -5.028, 'long': 151.226, 'Time': Timestamp('2009-05-28 10:59:50'), 'mag': 5.2}, {'lat': -5.028, 'long': 151.226, 'Time': Timestamp('2009-05-28 10:59:50'), 'mag': 5.2}, {'lat': -5.028, 'long': 151.226, 'Time': Timestamp('2009-05-28 10:59:50'), 'mag': 5.2}]",3,22
185,2009-05-21 07:58:51.274,1,"[{'lat': 36.267, 'long': 77.538, 'Time': Timestamp('2009-05-21 12:33:55'), 'mag': 5.1}]",1,15
186,2009-05-11 11:15:53.998,1,"[{'lat': -30.054, 'long': -13.899, 'Time': Timestamp('2009-05-11 14:32:30'), 'mag': 5.2}, {'lat': -30.054, 'long': -13.899, 'Time': Timestamp('2009-05-11 14:32:30'), 'mag': 5.2}, {'lat': -30.054, 'long': -13.899, 'Time': Timestamp('2009-05-11 14:32:30'), 'mag': 5.2}]",3,5
187,2009-06-04 14:34:19.923,0,[],0,29
188,2009-05-24 21:03:53.159,0,[],0,18
189,2009-05-25 00:17:50.533,1,"[{'lat': -62.316, 'long': 165.062, 'Time': Timestamp('2009-05-25 06:40:14'), 'mag': 5.5}]",1,18
190,2009-05-19 03:34:53.678,0,[],0,12
191,2009-06-04 06:50:52.962,1,"[{'lat': -45.833, 'long': 35.139, 'Time': Timestamp('2009-06-04 17:25:25'), 'mag': 6.0}, {'lat': -45.833, 'long': 35.139, 'Time': Timestamp('2009-06-04 17:25:25'), 'mag': 6.0}, {'lat': -45.833, 'long': 35.139, 'Time': Timestamp('2009-06-04 17:25:25'), 'mag': 6.0}]",3,28
192,2009-06-04 10:06:54.567,0,[],0,28
193,2009-05-29 13:25:53.427,0,[],0,22
194,2009-05-26 16:42:53.480,0,[],0,19
195,2009-06-03 19:56:53.533,1,"[{'lat': 19.553, 'long': -109.165, 'Time': Timestamp('2009-06-03 21:37:37'), 'mag': 5.6}, {'lat': 19.553, 'long': -109.165, 'Time': Timestamp('2009-06-03 21:37:37'), 'mag': 5.6}, {'lat': 19.553, 'long': -109.165, 'Time': Timestamp('2009-06-03 21:37:37'), 'mag': 5.6}]",3,27
196,2009-05-28 23:10:53.586,1,"[{'lat': -17.026, 'long': 168.329, 'Time': Timestamp('2009-05-29 06:20:14'), 'mag': 5.7}, {'lat': -17.026, 'long': 168.329, 'Time': Timestamp('2009-05-29 06:20:14'), 'mag': 5.7}, {'lat': -17.026, 'long': 168.329, 'Time': Timestamp('2009-05-29 06:20:14'), 'mag': 5.7}]",3,21
197,2009-06-03 07:20:52.917,0,[],0,26
198,2009-05-22 10:37:24.967,0,[],0,14
199,2009-05-16 13:56:23.828,0,[],0,8
200,2009-06-01 17:12:23.881,1,"[{'lat': -35.855, 'long': -103.393, 'Time': Timestamp('2009-06-02 00:22:01'), 'mag': 5.3}, {'lat': -35.855, 'long': -103.393, 'Time': Timestamp('2009-06-02 00:22:01'), 'mag': 5.3}]",2,24
201,2009-05-13 20:26:53.934,0,[],0,5
202,2009-05-30 23:40:23.987,0,[],0,22
203,2009-06-01 11:07:53.175,0,[],0,23
204,2009-06-02 19:19:23.309,0,[],0,24
205,2009-05-28 22:33:23.362,1,"[{'lat': -17.026, 'long': 168.329, 'Time': Timestamp('2009-05-29 06:20:14'), 'mag': 5.7}, {'lat': -17.026, 'long': 168.329, 'Time': Timestamp('2009-05-29 06:20:14'), 'mag': 5.7}, {'lat': -17.026, 'long': 168.329, 'Time': Timestamp('2009-05-29 06:20:14'), 'mag': 5.7}]",3,19
206,2009-05-16 06:42:54.467,0,[],0,6
207,2009-05-23 10:01:06.473,0,[],0,13
208,2009-06-02 13:17:51.583,0,[],0,23
209,2009-05-17 23:02:51.520,0,[],0,7
210,2009-05-19 08:49:50.910,1,"[{'lat': 25.248, 'long': 37.703, 'Time': Timestamp('2009-05-19 16:54:31'), 'mag': 5.0}, {'lat': 25.291, 'long': 37.74, 'Time': Timestamp('2009-05-19 17:35:01'), 'mag': 5.7}, {'lat': 25.248, 'long': 37.703, 'Time': Timestamp('2009-05-19 16:54:31'), 'mag': 5.0}, {'lat': 25.291, 'long': 37.74, 'Time': Timestamp('2009-05-19 17:35:01'), 'mag': 5.7}]",4,8
211,2009-05-29 12:08:53.977,0,[],0,18
212,2009-05-18 15:26:49.132,1,"[{'lat': -44.885, 'long': -80.76, 'Time': Timestamp('2009-05-18 17:26:29'), 'mag': 5.1}, {'lat': -44.885, 'long': -80.76, 'Time': Timestamp('2009-05-18 17:26:29'), 'mag': 5.1}]",2,7
213,2009-05-29 18:41:48.966,0,[],0,18
214,2009-05-29 21:55:51.330,0,[],0,18
215,2009-06-08 01:09:47.521,0,[],0,27
216,2009-05-25 06:04:56.005,0,[],0,13
217,2009-06-01 10:59:53.217,0,[],0,20
218,2009-06-11 14:18:24.477,0,[],0,30
219,2009-06-03 17:34:53.459,1,"[{'lat': 19.553, 'long': -109.165, 'Time': Timestamp('2009-06-03 21:37:37'), 'mag': 5.6}, {'lat': 19.553, 'long': -109.165, 'Time': Timestamp('2009-06-03 21:37:37'), 'mag': 5.6}, {'lat': 19.553, 'long': -109.165, 'Time': Timestamp('2009-06-03 21:37:37'), 'mag': 5.6}]",3,22
220,2009-05-17 20:48:23.512,0,[],0,5
221,2009-05-27 00:02:23.565,0,[],0,14
222,2009-05-20 08:13:24.000,0,[],0,7
223,2009-06-12 11:30:23.753,0,[],0,30
224,2009-06-06 14:48:52.986,1,"[{'lat': 23.864, 'long': -46.105, 'Time': Timestamp('2009-06-06 20:33:28'), 'mag': 6.0}, {'lat': 23.864, 'long': -46.105, 'Time': Timestamp('2009-06-06 20:33:28'), 'mag': 6.0}, {'lat': 23.864, 'long': -46.105, 'Time': Timestamp('2009-06-06 20:33:28'), 'mag': 6.0}, {'lat': -8.629, 'long': -74.679, 'Time': Timestamp('2009-06-06 21:51:21'), 'mag': 5.2}, {'lat': -8.629, 'long': -74.679, 'Time': Timestamp('2009-06-06 21:51:21'), 'mag': 5.2}, {'lat': -8.629, 'long': -74.679, 'Time': Timestamp('2009-06-06 21:51:21'), 'mag': 5.2}]",6,24
225,2009-06-12 18:04:24.066,0,[],0,30
226,2009-05-25 21:18:23.119,1,"[{'lat': -21.011, 'long': -177.017, 'Time': Timestamp('2009-05-26 00:49:39'), 'mag': 5.5}, {'lat': -21.011, 'long': -177.017, 'Time': Timestamp('2009-05-26 00:49:39'), 'mag': 5.5}, {'lat': -21.011, 'long': -177.017, 'Time': Timestamp('2009-05-26 00:49:39'), 'mag': 5.5}]",3,12
227,2009-06-13 00:32:17.937,0,[],0,30
228,2009-06-13 05:26:55.663,1,"[{'lat': 44.725, 'long': 78.866, 'Time': Timestamp('2009-06-13 17:17:37'), 'mag': 5.4}, {'lat': 44.725, 'long': 78.866, 'Time': Timestamp('2009-06-13 17:17:37'), 'mag': 5.4}, {'lat': 44.725, 'long': 78.866, 'Time': Timestamp('2009-06-13 17:17:37'), 'mag': 5.4}]",3,30
229,2009-06-01 08:41:50.292,0,[],0,18
230,2009-05-20 12:00:53.360,0,[],0,6
231,2009-05-23 15:18:51.170,0,[],0,9
232,2009-05-29 23:24:53.546,1,"[{'lat': -6.17, 'long': 151.093, 'Time': Timestamp('2009-05-29 23:48:01'), 'mag': 5.2}, {'lat': -6.17, 'long': 151.093, 'Time': Timestamp('2009-05-29 23:48:01'), 'mag': 5.2}, {'lat': -6.17, 'long': 151.093, 'Time': Timestamp('2009-05-29 23:48:01'), 'mag': 5.2}]",3,15
233,2009-06-10 07:35:25.198,0,[],0,26
234,2009-06-01 10:51:50.832,0,[],0,17
235,2009-05-29 14:10:45.228,0,[],0,14
236,2009-05-25 17:26:53.842,0,[],0,10
237,2009-05-20 22:17:53.921,1,"[{'lat': -15.293, 'long': -173.24, 'Time': Timestamp('2009-05-21 00:29:41'), 'mag': 5.1}]",1,5
238,2009-06-14 01:31:52.288,1,"[{'lat': 5.361, 'long': 126.438, 'Time': Timestamp('2009-06-14 05:58:43'), 'mag': 6.1}, {'lat': 5.389, 'long': 126.514, 'Time': Timestamp('2009-06-14 08:15:54'), 'mag': 5.4}, {'lat': 5.361, 'long': 126.438, 'Time': Timestamp('2009-06-14 05:58:43'), 'mag': 6.1}, {'lat': 5.389, 'long': 126.514, 'Time': Timestamp('2009-06-14 08:15:54'), 'mag': 5.4}, {'lat': -7.686, 'long': 117.2, 'Time': Timestamp('2009-06-14 03:36:00'), 'mag': 5.5}, {'lat': 5.361, 'long': 126.438, 'Time': Timestamp('2009-06-14 05:58:43'), 'mag': 6.1}, {'lat': 5.389, 'long': 126.514, 'Time': Timestamp('2009-06-14 08:15:54'), 'mag': 5.4}, {'lat': -7.686, 'long': 117.2, 'Time': Timestamp('2009-06-14 03:36:00'), 'mag': 5.5}]",8,29
239,2009-06-15 06:27:25.025,1,"[{'lat': 9.045, 'long': 93.624, 'Time': Timestamp('2009-06-15 12:05:26'), 'mag': 5.2}]",1,30
240,2009-05-21 11:22:23.135,0,[],0,5
241,2009-05-25 14:40:50.723,0,[],0,9
242,2009-06-04 17:56:53.243,0,[],0,19
243,2009-06-10 21:10:23.295,1,"[{'lat': -24.195, 'long': -176.87, 'Time': Timestamp('2009-06-11 03:37:52'), 'mag': 5.5}, {'lat': -24.195, 'long': -176.87, 'Time': Timestamp('2009-06-11 03:37:52'), 'mag': 5.5}, {'lat': -24.195, 'long': -176.87, 'Time': Timestamp('2009-06-11 03:37:52'), 'mag': 5.5}]",3,25
244,2009-06-07 00:24:15.347,0,[],0,21
245,2009-05-24 10:13:24.704,1,"[{'lat': 41.303, 'long': 22.714, 'Time': Timestamp('2009-05-24 16:17:50'), 'mag': 5.3}, {'lat': 41.303, 'long': 22.714, 'Time': Timestamp('2009-05-24 16:17:50'), 'mag': 5.3}, {'lat': 41.303, 'long': 22.714, 'Time': Timestamp('2009-05-24 16:17:50'), 'mag': 5.3}]",3,7
246,2009-06-04 13:32:23.564,0,[],0,18
247,2009-06-16 16:49:23.617,0,[],0,30
248,2009-06-07 20:03:23.670,1,"[{'lat': 58.7695, 'long': -136.6582, 'Time': Timestamp('2009-06-07 23:24:35'), 'mag': 5.0}, {'lat': 58.7695, 'long': -136.6582, 'Time': Timestamp('2009-06-07 23:24:35'), 'mag': 5.0}]",2,21
249,2009-06-07 23:17:23.723,1,"[{'lat': -22.912, 'long': -174.96, 'Time': Timestamp('2009-06-08 03:31:49'), 'mag': 5.0}, {'lat': -22.234, 'long': -179.613, 'Time': Timestamp('2009-06-08 04:33:19'), 'mag': 5.5}, {'lat': -22.912, 'long': -174.96, 'Time': Timestamp('2009-06-08 03:31:49'), 'mag': 5.0}, {'lat': -22.234, 'long': -179.613, 'Time': Timestamp('2009-06-08 04:33:19'), 'mag': 5.5}, {'lat': -22.912, 'long': -174.96, 'Time': Timestamp('2009-06-08 03:31:49'), 'mag': 5.0}, {'lat': -22.234, 'long': -179.613, 'Time': Timestamp('2009-06-08 04:33:19'), 'mag': 5.5}]",6,21
250,2009-06-10 07:27:23.054,0,[],0,23
251,2009-06-03 10:43:47.795,0,[],0,16
252,2009-05-28 14:02:51.275,0,[],0,10
253,2009-06-15 23:46:53.124,0,[],0,28
254,2009-05-28 04:41:22.725,0,[],0,9
255,2009-05-29 07:57:50.791,0,[],0,10
256,2009-05-27 11:14:23.311,0,[],0,8
257,2009-06-07 14:32:50.564,0,[],0,19
258,2009-06-18 21:02:53.472,0,[],0,30
259,2009-05-25 00:16:52.286,1,"[{'lat': -62.316, 'long': 165.062, 'Time': Timestamp('2009-05-25 06:40:14'), 'mag': 5.5}]",1,5
260,2009-06-01 05:11:23.126,0,[],0,12
261,2009-06-09 08:27:54.853,0,[],0,20
262,2009-06-05 11:44:53.918,0,[],0,16
263,2009-06-10 15:03:23.058,1,"[{'lat': -41.78, 'long': -84.076, 'Time': Timestamp('2009-06-10 22:05:34'), 'mag': 5.0}, {'lat': -41.716, 'long': -83.995, 'Time': Timestamp('2009-06-10 23:13:21'), 'mag': 5.7}, {'lat': -41.78, 'long': -84.076, 'Time': Timestamp('2009-06-10 22:05:34'), 'mag': 5.0}, {'lat': -41.716, 'long': -83.995, 'Time': Timestamp('2009-06-10 23:13:21'), 'mag': 5.7}, {'lat': -41.78, 'long': -84.076, 'Time': Timestamp('2009-06-10 22:05:34'), 'mag': 5.0}, {'lat': -41.716, 'long': -83.995, 'Time': Timestamp('2009-06-10 23:13:21'), 'mag': 5.7}]",6,21
264,2009-05-31 18:18:52.676,0,[],0,11
265,2009-06-17 21:32:24.079,0,[],0,28
266,2009-06-13 00:46:17.898,0,[],0,23
267,2009-06-15 05:41:24.184,1,"[{'lat': 9.045, 'long': 93.624, 'Time': Timestamp('2009-06-15 12:05:26'), 'mag': 5.2}, {'lat': 9.045, 'long': 93.624, 'Time': Timestamp('2009-06-15 12:05:26'), 'mag': 5.2}, {'lat': 9.045, 'long': 93.624, 'Time': Timestamp('2009-06-15 12:05:26'), 'mag': 5.2}]",3,25
268,2009-06-15 08:56:20.252,0,[],0,25
269,2009-05-29 12:15:53.320,0,[],0,8
270,2009-06-11 15:33:18.475,0,[],0,21
271,2009-06-14 18:48:23.427,0,[],0,24
272,2009-06-19 22:02:23.480,0,[],0,29
273,2009-06-12 01:16:20.519,0,[],0,21
274,2009-06-16 06:11:25.913,0,[],0,25
275,2009-06-16 09:26:46.669,1,"[{'lat': -54.366, 'long': 5.871, 'Time': Timestamp('2009-06-16 20:05:56'), 'mag': 6.1}, {'lat': -54.366, 'long': 5.871, 'Time': Timestamp('2009-06-16 20:05:56'), 'mag': 6.1}]",2,25
276,2009-05-27 12:45:53.721,0,[],0,5
277,2009-06-19 16:03:21.979,0,[],0,28
278,2009-06-10 00:08:50.001,1,"[{'lat': -11.083, 'long': 166.275, 'Time': Timestamp('2009-06-10 08:10:14'), 'mag': 5.1}, {'lat': -11.083, 'long': 166.275, 'Time': Timestamp('2009-06-10 08:10:14'), 'mag': 5.1}, {'lat': -11.083, 'long': 166.275, 'Time': Timestamp('2009-06-10 08:10:14'), 'mag': 5.1}]",3,18
279,2009-05-30 08:18:21.017,0,[],0,7
280,2009-06-19 16:33:23.176,0,[],0,27
281,2009-06-03 19:47:53.229,1,"[{'lat': 19.553, 'long': -109.165, 'Time': Timestamp('2009-06-03 21:37:37'), 'mag': 5.6}, {'lat': 19.553, 'long': -109.165, 'Time': Timestamp('2009-06-03 21:37:37'), 'mag': 5.6}, {'lat': 19.553, 'long': -109.165, 'Time': Timestamp('2009-06-03 21:37:37'), 'mag': 5.6}]",3,11
282,2009-05-30 23:01:53.282,0,[],0,7
283,2009-06-02 08:48:21.757,1,"[{'lat': 40.28, 'long': 53.015, 'Time': Timestamp('2009-06-02 14:39:35'), 'mag': 5.0}, {'lat': 40.28, 'long': 53.015, 'Time': Timestamp('2009-06-02 14:39:35'), 'mag': 5.0}, {'lat': 40.28, 'long': 53.015, 'Time': Timestamp('2009-06-02 14:39:35'), 'mag': 5.0}]",3,9
284,2009-05-30 12:07:53.497,0,[],0,6
285,2009-06-15 15:25:55.515,1,"[{'lat': 16.318, 'long': -87.036, 'Time': Timestamp('2009-06-15 16:00:53'), 'mag': 5.1}]",1,22
286,2009-06-18 21:54:21.849,0,[],0,25
287,2009-06-18 01:08:19.368,1,"[{'lat': 31.3, 'long': 141.752, 'Time': Timestamp('2009-06-18 06:21:06'), 'mag': 5.1}, {'lat': 31.3, 'long': 141.752, 'Time': Timestamp('2009-06-18 06:21:06'), 'mag': 5.1}, {'lat': 31.3, 'long': 141.752, 'Time': Timestamp('2009-06-18 06:21:06'), 'mag': 5.1}, {'lat': 7.898, 'long': 126.9, 'Time': Timestamp('2009-06-18 05:17:22'), 'mag': 5.0}, {'lat': 7.898, 'long': 126.9, 'Time': Timestamp('2009-06-18 05:17:22'), 'mag': 5.0}]",5,24
288,2009-06-21 06:03:23.757,0,[],0,27
289,2009-06-22 09:18:50.272,0,[],0,28
290,2009-06-23 15:55:50.715,0,[],0,29
291,2009-06-18 19:10:19.329,0,[],0,24
292,2009-05-30 22:24:24.057,0,[],0,5
293,2009-06-21 01:38:16.772,0,[],0,26
294,2009-06-12 06:33:55.602,0,[],0,17
295,2009-06-11 09:49:21.671,0,[],0,16
296,2009-06-12 13:08:53.299,0,[],0,17
297,2009-06-16 16:25:53.353,0,[],0,21
298,2009-06-04 19:40:23.406,0,[],0,9
299,2009-06-04 22:53:53.458,0,[],0,9
300,2009-06-11 08:40:49.278,0,[],0,15
301,2009-06-24 11:59:53.883,0,[],0,28
302,2009-06-07 15:17:51.694,0,[],0,11
303,2009-06-13 21:46:50.908,0,[],0,17
304,2009-06-06 01:00:50.630,1,"[{'lat': -14.755, 'long': 168.032, 'Time': Timestamp('2009-06-06 11:17:28'), 'mag': 5.0}, {'lat': -14.755, 'long': 168.032, 'Time': Timestamp('2009-06-06 11:17:28'), 'mag': 5.0}, {'lat': 54.661, 'long': 161.448, 'Time': Timestamp('2009-06-06 04:15:26'), 'mag': 5.2}, {'lat': 54.661, 'long': 161.448, 'Time': Timestamp('2009-06-06 04:15:26'), 'mag': 5.2}, {'lat': 44.552, 'long': 148.95, 'Time': Timestamp('2009-06-06 10:37:54'), 'mag': 5.0}, {'lat': 44.552, 'long': 148.95, 'Time': Timestamp('2009-06-06 10:37:54'), 'mag': 5.0}, {'lat': 35.483, 'long': 140.914, 'Time': Timestamp('2009-06-06 05:52:43'), 'mag': 5.8}, {'lat': 44.552, 'long': 148.95, 'Time': Timestamp('2009-06-06 10:37:54'), 'mag': 5.0}, {'lat': 35.483, 'long': 140.914, 'Time': Timestamp('2009-06-06 05:52:43'), 'mag': 5.8}, {'lat': 35.483, 'long': 140.914, 'Time': Timestamp('2009-06-06 05:52:43'), 'mag': 5.8}]",10,9
305,2009-06-05 05:55:55.476,0,[],0,8
306,2009-06-15 09:10:50.217,0,[],0,18
307,2009-06-04 12:30:23.284,0,[],0,7
308,2009-06-12 15:47:53.428,0,[],0,15
309,2009-06-16 19:02:49.385,0,[],0,19
310,2009-06-19 22:16:23.444,0,[],0,22
311,2009-06-17 01:30:50.484,0,[],0,19
312,2009-06-21 04:48:02.480,0,[],0,23
313,2009-06-25 08:04:19.141,0,[],0,27
314,2009-06-18 11:21:23.659,0,[],0,20
315,2009-06-25 14:39:51.246,0,[],0,27
316,2009-06-13 17:55:23.766,0,[],0,15
317,2009-06-07 22:46:23.845,1,"[{'lat': 58.7695, 'long': -136.6582, 'Time': Timestamp('2009-06-07 23:24:35'), 'mag': 5.0}, {'lat': -22.912, 'long': -174.96, 'Time': Timestamp('2009-06-08 03:31:49'), 'mag': 5.0}, {'lat': -22.912, 'long': -174.96, 'Time': Timestamp('2009-06-08 03:31:49'), 'mag': 5.0}, {'lat': -22.234, 'long': -179.613, 'Time': Timestamp('2009-06-08 04:33:19'), 'mag': 5.5}, {'lat': -22.912, 'long': -174.96, 'Time': Timestamp('2009-06-08 03:31:49'), 'mag': 5.0}, {'lat': -22.234, 'long': -179.613, 'Time': Timestamp('2009-06-08 04:33:19'), 'mag': 5.5}]",6,9
318,2009-06-24 08:32:49.664,0,[],0,25
319,2009-06-27 11:51:54.059,1,"[{'lat': -33.201, 'long': -15.935, 'Time': Timestamp('2009-06-27 15:45:49'), 'mag': 5.6}, {'lat': -33.201, 'long': -15.935, 'Time': Timestamp('2009-06-27 15:45:49'), 'mag': 5.6}, {'lat': -33.201, 'long': -15.935, 'Time': Timestamp('2009-06-27 15:45:49'), 'mag': 5.6}]",3,28
320,2009-06-09 15:09:52.198,0,[],0,10
321,2009-06-23 18:25:23.167,0,[],0,24
322,2009-06-27 21:38:53.220,0,[],0,28
323,2009-06-13 00:52:48.039,0,[],0,13
324,2009-06-22 05:47:54.325,0,[],0,22
325,2009-06-25 09:03:20.393,0,[],0,25
326,2009-06-05 12:22:23.461,0,[],0,5
327,2009-06-07 15:39:50.167,0,[],0,7
328,2009-06-18 18:54:53.568,0,[],0,18
329,2009-06-11 07:56:23.414,0,[],0,10
330,2009-07-01 11:13:23.835,0,[],0,30
331,2009-06-24 14:31:41.568,0,[],0,23
332,2009-06-20 21:01:20.313,0,[],0,19
333,2009-06-16 00:15:22.910,0,[],0,14
334,2009-06-22 08:24:51.497,0,[],0,20
335,2009-06-07 11:43:53.236,1,"[{'lat': -36.696, 'long': -20.074, 'Time': Timestamp('2009-06-07 17:48:39'), 'mag': 5.2}, {'lat': -36.696, 'long': -20.074, 'Time': Timestamp('2009-06-07 17:48:39'), 'mag': 5.2}]",2,5
336,2009-06-07 15:01:53.704,0,[],0,5
337,2009-06-30 18:17:23.343,0,[],0,28
338,2009-06-17 08:55:20.570,0,[],0,14
339,2009-07-02 12:14:23.850,0,[],0,29
340,2009-06-20 15:32:19.005,0,[],0,17
341,2009-06-22 22:00:54.010,1,"[{'lat': -23.9, 'long': 179.938, 'Time': Timestamp('2009-06-22 22:24:12'), 'mag': 5.1}, {'lat': -23.9, 'long': 179.938, 'Time': Timestamp('2009-06-22 22:24:12'), 'mag': 5.1}, {'lat': -23.9, 'long': 179.938, 'Time': Timestamp('2009-06-22 22:24:12'), 'mag': 5.1}]",3,19
342,2009-06-29 07:48:43.283,0,[],0,25
343,2009-06-30 11:05:23.224,0,[],0,26
344,2009-06-25 14:23:54.462,0,[],0,21
345,2009-06-10 17:39:53.332,1,"[{'lat': -41.716, 'long': -83.995, 'Time': Timestamp('2009-06-10 23:13:21'), 'mag': 5.7}]",1,6
346,2009-07-03 20:53:53.385,0,[],0,29
347,2009-06-19 00:07:49.531,0,[],0,14
348,2009-06-19 05:02:32.447,1,"[{'lat': -39.505, 'long': 78.143, 'Time': Timestamp('2009-06-19 13:49:43'), 'mag': 5.2}, {'lat': -39.505, 'long': 78.143, 'Time': Timestamp('2009-06-19 13:49:43'), 'mag': 5.2}]",2,14
349,2009-07-01 08:18:50.659,1,"[{'lat': 34.164, 'long': 25.471, 'Time': Timestamp('2009-07-01 09:30:10'), 'mag': 6.4}, {'lat': 34.164, 'long': 25.471, 'Time': Timestamp('2009-07-01 09:30:10'), 'mag': 6.4}]",2,26
350,2009-06-24 11:35:53.625,0,[],0,19
351,2009-06-11 14:54:21.324,0,[],0,6
352,2009-07-02 18:09:53.733,0,[],0,27
353,2009-07-06 08:47:20.959,0,[],0,30
354,2009-06-14 12:06:24.026,1,"[{'lat': -56.116, 'long': -27.624, 'Time': Timestamp('2009-06-14 22:10:04'), 'mag': 5.0}, {'lat': -58.972, 'long': -24.977, 'Time': Timestamp('2009-06-14 20:25:17'), 'mag': 5.1}, {'lat': -56.116, 'long': -27.624, 'Time': Timestamp('2009-06-14 22:10:04'), 'mag': 5.0}]",3,8
355,2009-06-29 15:24:18.181,0,[],0,23
356,2009-06-25 18:39:19.016,0,[],0,19
357,2009-06-13 21:53:21.379,0,[],0,7
358,2009-06-22 01:07:17.570,0,[],0,15
359,2009-07-07 06:02:26.055,1,"[{'lat': -26.74, 'long': 67.478, 'Time': Timestamp('2009-07-07 16:31:41'), 'mag': 5.7}]",1,30
360,2009-06-21 09:17:51.800,0,[],0,14
361,2009-06-15 12:36:53.427,0,[],0,8
362,2009-07-03 22:22:53.588,0,[],0,26
363,2009-07-08 01:37:16.967,0,[],0,30
364,2009-06-18 06:32:20.474,0,[],0,10
365,2009-07-03 09:48:20.873,1,"[{'lat': -49.752, 'long': -8.045, 'Time': Timestamp('2009-07-03 20:28:15'), 'mag': 5.3}, {'lat': -49.752, 'long': -8.045, 'Time': Timestamp('2009-07-03 20:28:15'), 'mag': 5.3}]",2,25
366,2009-07-06 13:07:23.829,0,[],0,28
367,2009-07-04 16:24:23.883,1,"[{'lat': -39.936, 'long': -91.408, 'Time': Timestamp('2009-07-04 22:48:30'), 'mag': 5.0}, {'lat': -39.936, 'long': -91.408, 'Time': Timestamp('2009-07-04 22:48:30'), 'mag': 5.0}]",2,26
368,2009-06-20 19:38:48.814,0,[],0,12
369,2009-07-18 10:25:20.833,1,"[{'lat': -55.681, 'long': -27.918, 'Time': Timestamp('2009-07-18 22:19:09'), 'mag': 5.0}]",1,29
370,2009-07-18 13:44:23.789,1,"[{'lat': 0.85, 'long': -29.319, 'Time': Timestamp('2009-07-18 17:06:35'), 'mag': 5.1}, {'lat': 0.85, 'long': -29.319, 'Time': Timestamp('2009-07-18 17:06:35'), 'mag': 5.1}, {'lat': 0.85, 'long': -29.319, 'Time': Timestamp('2009-07-18 17:06:35'), 'mag': 5.1}]",3,29
371,2009-07-16 17:00:53.843,0,[],0,27
372,2009-06-29 20:15:23.895,0,[],0,10
373,2009-07-16 23:28:53.949,1,"[{'lat': -21.228, 'long': -174.285, 'Time': Timestamp('2009-07-17 00:59:51'), 'mag': 5.1}, {'lat': -21.773, 'long': -175.075, 'Time': Timestamp('2009-07-17 03:20:29'), 'mag': 5.7}, {'lat': -21.228, 'long': -174.285, 'Time': Timestamp('2009-07-17 00:59:51'), 'mag': 5.1}, {'lat': -21.773, 'long': -175.075, 'Time': Timestamp('2009-07-17 03:20:29'), 'mag': 5.7}, {'lat': -45.429, 'long': 166.535, 'Time': Timestamp('2009-07-17 06:39:23'), 'mag': 5.2}, {'lat': -45.429, 'long': 166.535, 'Time': Timestamp('2009-07-17 06:39:23'), 'mag': 5.2}, {'lat': -45.429, 'long': 166.535, 'Time': Timestamp('2009-07-17 06:39:23'), 'mag': 5.2}]",7,27
374,2009-07-02 07:39:22.715,0,[],0,12
375,2009-07-02 10:56:23.002,0,[],0,12
376,2009-07-12 14:14:51.606,1,"[{'lat': -30.653, 'long': -71.147, 'Time': Timestamp('2009-07-12 14:43:50'), 'mag': 5.2}, {'lat': -30.653, 'long': -71.147, 'Time': Timestamp('2009-07-12 14:43:50'), 'mag': 5.2}, {'lat': -30.653, 'long': -71.147, 'Time': Timestamp('2009-07-12 14:43:50'), 'mag': 5.2}]",3,22
377,2009-06-29 17:30:53.244,0,[],0,9
378,2009-06-30 20:44:53.297,0,[],0,10
379,2009-07-20 23:58:53.350,1,"[{'lat': -22.949, 'long': 172.565, 'Time': Timestamp('2009-07-21 11:40:21'), 'mag': 5.1}, {'lat': -22.949, 'long': 172.565, 'Time': Timestamp('2009-07-21 11:40:21'), 'mag': 5.1}, {'lat': -22.949, 'long': 172.565, 'Time': Timestamp('2009-07-21 11:40:21'), 'mag': 5.1}]",3,30
380,2009-07-12 06:31:24.306,0,[],0,21
381,2009-07-21 09:47:36.993,0,[],0,30
382,2009-07-21 13:06:23.564,0,[],0,30
383,2009-07-17 22:51:23.724,0,[],0,26
384,2009-06-30 07:02:01.682,0,[],0,8
385,2009-07-06 10:17:21.010,0,[],0,14
386,2009-07-18 13:36:53.966,1,"[{'lat': 0.85, 'long': -29.319, 'Time': Timestamp('2009-07-18 17:06:35'), 'mag': 5.1}, {'lat': 0.85, 'long': -29.319, 'Time': Timestamp('2009-07-18 17:06:35'), 'mag': 5.1}, {'lat': 0.85, 'long': -29.319, 'Time': Timestamp('2009-07-18 17:06:35'), 'mag': 5.1}, {'lat': -55.681, 'long': -27.918, 'Time': Timestamp('2009-07-18 22:19:09'), 'mag': 5.0}]",4,26
387,2009-07-14 16:53:24.019,0,[],0,22
388,2009-07-13 20:07:24.072,0,[],0,21
389,2009-07-21 23:21:23.125,0,[],0,29
390,2009-07-15 07:31:52.891,0,[],0,22
391,2009-07-05 10:48:23.179,0,[],0,12
392,2009-07-08 14:06:46.136,0,[],0,15
393,2009-07-18 17:23:23.421,0,[],0,25
394,2009-07-19 20:37:23.473,0,[],0,26
395,2009-07-03 08:01:50.636,0,[],0,9
396,2009-07-15 12:58:21.943,0,[],0,21
397,2009-07-24 22:43:53.122,1,"[{'lat': 59.2961, 'long': -143.6646, 'Time': Timestamp('2009-07-25 01:43:40'), 'mag': 5.6}, {'lat': 59.2961, 'long': -143.6646, 'Time': Timestamp('2009-07-25 01:43:40'), 'mag': 5.6}]",2,30
398,2009-07-20 06:53:24.216,0,[],0,25
399,2009-07-23 10:09:50.408,0,[],0,28
400,2009-07-03 13:28:53.363,0,[],0,8
401,2009-07-14 16:45:23.417,1,"[{'lat': -21.822, 'long': -67.087, 'Time': Timestamp('2009-07-14 18:38:08'), 'mag': 5.7}]",1,19
402,2009-07-19 19:59:53.470,0,[],0,24
403,2009-07-11 23:13:23.523,0,[],0,16
404,2009-07-09 07:23:53.289,0,[],0,13
405,2009-07-13 10:40:20.809,0,[],0,17
406,2009-07-10 13:59:24.725,0,[],0,14
407,2009-07-25 17:15:23.819,1,"[{'lat': -55.365, 'long': -125.018, 'Time': Timestamp('2009-07-25 18:12:24'), 'mag': 5.1}, {'lat': -55.365, 'long': -125.018, 'Time': Timestamp('2009-07-25 18:12:24'), 'mag': 5.1}, {'lat': -55.365, 'long': -125.018, 'Time': Timestamp('2009-07-25 18:12:24'), 'mag': 5.1}, {'lat': -55.365, 'long': -125.018, 'Time': Timestamp('2009-07-25 18:12:24'), 'mag': 5.1}]",4,29
408,2009-07-07 20:29:23.871,0,[],0,11
409,2009-07-13 23:43:23.924,0,[],0,17
410,2009-07-23 07:53:45.498,0,[],0,26
411,2009-07-07 11:10:53.112,0,[],0,10
412,2009-07-16 14:29:20.365,1,"[{'lat': 3.337, 'long': -31.509, 'Time': Timestamp('2009-07-16 15:05:43'), 'mag': 5.2}, {'lat': 3.337, 'long': -31.509, 'Time': Timestamp('2009-07-16 15:05:43'), 'mag': 5.2}, {'lat': 3.337, 'long': -31.509, 'Time': Timestamp('2009-07-16 15:05:43'), 'mag': 5.2}]",3,19
413,2009-07-27 17:45:23.220,0,[],0,30
414,2009-07-05 20:59:23.273,0,[],0,8
415,2009-07-21 00:12:50.748,1,"[{'lat': -22.949, 'long': 172.565, 'Time': Timestamp('2009-07-21 11:40:21'), 'mag': 5.1}, {'lat': -22.949, 'long': 172.565, 'Time': Timestamp('2009-07-21 11:40:21'), 'mag': 5.1}, {'lat': -22.949, 'long': 172.565, 'Time': Timestamp('2009-07-21 11:40:21'), 'mag': 5.1}]",3,23
416,2009-07-13 03:29:53.792,1,"[{'lat': -9.139, 'long': 119.32, 'Time': Timestamp('2009-07-13 10:52:19'), 'mag': 5.9}, {'lat': -9.139, 'long': 119.32, 'Time': Timestamp('2009-07-13 10:52:19'), 'mag': 5.9}, {'lat': -9.139, 'long': 119.32, 'Time': Timestamp('2009-07-13 10:52:19'), 'mag': 5.9}]",3,15
417,2009-07-08 08:24:20.557,0,[],0,10
418,2009-07-14 11:41:23.513,0,[],0,16
419,2009-07-20 14:59:51.212,0,[],0,22
420,2009-07-05 21:28:53.673,0,[],0,7
421,2009-07-29 00:42:52.588,1,"[{'lat': -10.796, 'long': 164.946, 'Time': Timestamp('2009-07-29 09:09:57'), 'mag': 5.0}, {'lat': -10.796, 'long': 164.946, 'Time': Timestamp('2009-07-29 09:09:57'), 'mag': 5.0}, {'lat': -10.796, 'long': 164.946, 'Time': Timestamp('2009-07-29 09:09:57'), 'mag': 5.0}]",3,30
422,2009-07-10 07:15:49.370,0,[],0,11
423,2009-07-08 10:32:19.769,0,[],0,9
424,2009-07-04 13:51:23.942,0,[],0,5
425,2009-07-15 17:07:53.995,0,[],0,16
426,2009-07-16 20:21:54.049,0,[],0,17
427,2009-07-27 23:35:23.101,0,[],0,28
428,2009-07-18 07:46:18.771,0,[],0,18
429,2009-07-07 11:02:53.289,0,[],0,7
430,2009-07-25 14:21:24.638,0,[],0,25
431,2009-07-06 17:37:23.396,0,[],0,6
432,2009-07-21 06:37:58.665,0,[],0,20
433,2009-07-29 09:53:50.981,0,[],0,28
434,2009-07-12 13:12:53.937,0,[],0,11
435,2009-07-26 05:29:55.615,1,"[{'lat': 10.702, 'long': 94.315, 'Time': Timestamp('2009-07-26 07:12:04'), 'mag': 5.0}, {'lat': 10.751, 'long': 94.286, 'Time': Timestamp('2009-07-26 07:40:13'), 'mag': 5.1}, {'lat': 10.769, 'long': 94.374, 'Time': Timestamp('2009-07-26 08:11:15'), 'mag': 5.2}, {'lat': 10.713, 'long': 94.397, 'Time': Timestamp('2009-07-26 08:40:55'), 'mag': 5.1}, {'lat': 11.279, 'long': 94.65, 'Time': Timestamp('2009-07-26 09:06:45'), 'mag': 5.0}, {'lat': 10.639, 'long': 94.332, 'Time': Timestamp('2009-07-26 09:40:26'), 'mag': 5.1}, {'lat': 10.75, 'long': 94.388, 'Time': Timestamp('2009-07-26 10:14:15'), 'mag': 5.0}, {'lat': 10.67, 'long': 94.317, 'Time': Timestamp('2009-07-26 10:58:02'), 'mag': 5.1}, {'lat': 10.608, 'long': 94.186, 'Time': Timestamp('2009-07-26 11:55:44'), 'mag': 5.1}, {'lat': 10.733, 'long': 94.288, 'Time': Timestamp('2009-07-26 12:48:36'), 'mag': 5.0}, {'lat': 10.691, 'long': 94.308, 'Time': Timestamp('2009-07-26 13:29:15'), 'mag': 5.1}, {'lat': 10.644, 'long': 94.201, 'Time': Timestamp('2009-07-26 14:58:14'), 'mag': 5.0}, {'lat': 10.764, 'long': 94.294, 'Time': Timestamp('2009-07-26 15:26:57'), 'mag': 5.0}, {'lat': 10.659, 'long': 94.317, 'Time': Timestamp('2009-07-26 15:51:02'), 'mag': 5.0}, {'lat': 10.702, 'long': 94.315, 'Time': Timestamp('2009-07-26 07:12:04'), 'mag': 5.0}, {'lat': 10.751, 'long': 94.286, 'Time': Timestamp('2009-07-26 07:40:13'), 'mag': 5.1}, {'lat': 10.769, 'long': 94.374, 'Time': Timestamp('2009-07-26 08:11:15'), 'mag': 5.2}, {'lat': 10.713, 'long': 94.397, 'Time': Timestamp('2009-07-26 08:40:55'), 'mag': 5.1}, {'lat': 11.279, 'long': 94.65, 'Time': Timestamp('2009-07-26 09:06:45'), 'mag': 5.0}, {'lat': 10.639, 'long': 94.332, 'Time': Timestamp('2009-07-26 09:40:26'), 'mag': 5.1}, {'lat': 10.75, 'long': 94.388, 'Time': Timestamp('2009-07-26 10:14:15'), 'mag': 5.0}, {'lat': 10.67, 'long': 94.317, 'Time': Timestamp('2009-07-26 10:58:02'), 'mag': 5.1}, {'lat': 10.608, 'long': 94.186, 'Time': Timestamp('2009-07-26 11:55:44'), 'mag': 5.1}, {'lat': 10.733, 'long': 94.288, 'Time': Timestamp('2009-07-26 12:48:36'), 'mag': 5.0}, {'lat': 10.691, 'long': 94.308, 'Time': Timestamp('2009-07-26 13:29:15'), 'mag': 5.1}, {'lat': 10.644, 'long': 94.201, 'Time': Timestamp('2009-07-26 14:58:14'), 'mag': 5.0}, {'lat': 10.764, 'long': 94.294, 'Time': Timestamp('2009-07-26 15:26:57'), 'mag': 5.0}, {'lat': 10.659, 'long': 94.317, 'Time': Timestamp('2009-07-26 15:51:02'), 'mag': 5.0}, {'lat': 10.702, 'long': 94.315, 'Time': Timestamp('2009-07-26 07:12:04'), 'mag': 5.0}, {'lat': 10.751, 'long': 94.286, 'Time': Timestamp('2009-07-26 07:40:13'), 'mag': 5.1}, {'lat': 10.769, 'long': 94.374, 'Time': Timestamp('2009-07-26 08:11:15'), 'mag': 5.2}, {'lat': 10.713, 'long': 94.397, 'Time': Timestamp('2009-07-26 08:40:55'), 'mag': 5.1}, {'lat': 11.279, 'long': 94.65, 'Time': Timestamp('2009-07-26 09:06:45'), 'mag': 5.0}, {'lat': 10.639, 'long': 94.332, 'Time': Timestamp('2009-07-26 09:40:26'), 'mag': 5.1}, {'lat': 10.75, 'long': 94.388, 'Time': Timestamp('2009-07-26 10:14:15'), 'mag': 5.0}, {'lat': 10.67, 'long': 94.317, 'Time': Timestamp('2009-07-26 10:58:02'), 'mag': 5.1}, {'lat': 10.608, 'long': 94.186, 'Time': Timestamp('2009-07-26 11:55:44'), 'mag': 5.1}, {'lat': 10.733, 'long': 94.288, 'Time': Timestamp('2009-07-26 12:48:36'), 'mag': 5.0}, {'lat': 10.691, 'long': 94.308, 'Time': Timestamp('2009-07-26 13:29:15'), 'mag': 5.1}, {'lat': 10.644, 'long': 94.201, 'Time': Timestamp('2009-07-26 14:58:14'), 'mag': 5.0}, {'lat': 10.764, 'long': 94.294, 'Time': Timestamp('2009-07-26 15:26:57'), 'mag': 5.0}, {'lat': 10.659, 'long': 94.317, 'Time': Timestamp('2009-07-26 15:51:02'), 'mag': 5.0}]",42,24
436,2009-07-11 08:44:51.572,0,[],0,9
437,2009-07-25 12:03:53.311,0,[],0,23
438,2009-07-30 15:21:53.890,0,[],0,28
439,2009-07-22 18:37:19.301,0,[],0,20
440,2009-07-29 21:50:51.663,0,[],0,27
441,2009-07-08 01:04:51.058,0,[],0,5
442,2009-07-23 05:59:55.904,0,[],0,20
443,2009-07-19 09:15:23.412,0,[],0,16
444,2009-07-17 12:34:23.712,0,[],0,14
445,2009-07-19 15:51:49.760,0,[],0,16
446,2009-07-13 19:06:51.253,1,"[{'lat': -53.174, 'long': -118.414, 'Time': Timestamp('2009-07-13 22:31:56'), 'mag': 5.2}, {'lat': -53.174, 'long': -118.414, 'Time': Timestamp('2009-07-13 22:31:56'), 'mag': 5.2}, {'lat': -53.174, 'long': -118.414, 'Time': Timestamp('2009-07-13 22:31:56'), 'mag': 5.2}]",3,10
447,2009-07-26 22:20:23.873,1,"[{'lat': -17.755, 'long': 168.089, 'Time': Timestamp('2009-07-26 23:01:31'), 'mag': 5.8}, {'lat': -17.755, 'long': 168.089, 'Time': Timestamp('2009-07-26 23:01:31'), 'mag': 5.8}, {'lat': -17.755, 'long': 168.089, 'Time': Timestamp('2009-07-26 23:01:31'), 'mag': 5.8}]",3,23
448,2009-08-02 01:34:50.800,1,"[{'lat': -0.447, 'long': 132.908, 'Time': Timestamp('2009-08-02 08:54:33'), 'mag': 6.1}, {'lat': -0.447, 'long': 132.908, 'Time': Timestamp('2009-08-02 08:54:33'), 'mag': 6.1}, {'lat': -0.447, 'long': 132.908, 'Time': Timestamp('2009-08-02 08:54:33'), 'mag': 6.1}]",3,29
449,2009-07-26 06:29:52.086,0,[],0,22
450,2009-07-16 09:45:52.486,0,[],0,12
451,2009-08-02 13:04:53.114,0,[],0,29
452,2009-07-16 16:22:23.168,0,[],0,12
453,2009-07-20 19:36:53.220,0,[],0,16
454,2009-07-18 22:50:23.273,1,"[{'lat': -15.041, 'long': -173.949, 'Time': Timestamp('2009-07-19 07:16:45'), 'mag': 5.2}, {'lat': -15.0, 'long': -173.0, 'Time': Timestamp('2009-07-19 07:16:48'), 'mag': 5.2}, {'lat': -15.041, 'long': -173.949, 'Time': Timestamp('2009-07-19 07:16:45'), 'mag': 5.2}, {'lat': -15.0, 'long': -173.0, 'Time': Timestamp('2009-07-19 07:16:48'), 'mag': 5.2}, {'lat': -15.041, 'long': -173.949, 'Time': Timestamp('2009-07-19 07:16:45'), 'mag': 5.2}, {'lat': -15.0, 'long': -173.0, 'Time': Timestamp('2009-07-19 07:16:48'), 'mag': 5.2}, {'lat': -45.384, 'long': 166.105, 'Time': Timestamp('2009-07-19 05:11:32'), 'mag': 5.4}, {'lat': -45.541, 'long': 166.285, 'Time': Timestamp('2009-07-19 08:48:45'), 'mag': 5.2}, {'lat': -45.384, 'long': 166.105, 'Time': Timestamp('2009-07-19 05:11:32'), 'mag': 5.4}, {'lat': -45.541, 'long': 166.285, 'Time': Timestamp('2009-07-19 08:48:45'), 'mag': 5.2}]",10,14
455,2009-08-02 02:04:50.860,1,"[{'lat': -0.447, 'long': 132.908, 'Time': Timestamp('2009-08-02 08:54:33'), 'mag': 6.1}]",1,28
456,2009-07-20 05:21:55.791,0,[],0,15
457,2009-07-12 08:36:50.420,0,[],0,7
458,2009-07-13 11:55:53.488,0,[],0,8
459,2009-07-10 15:14:21.299,0,[],0,5
460,2009-07-10 21:43:20.513,0,[],0,5
461,2009-07-15 00:57:21.235,1,"[{'lat': -3.335, 'long': 150.357, 'Time': Timestamp('2009-07-15 12:55:41'), 'mag': 5.4}]",1,9
462,2009-07-11 05:52:26.081,0,[],0,5
463,2009-07-18 09:07:20.821,1,"[{'lat': 35.888, 'long': 43.353, 'Time': Timestamp('2009-07-18 20:32:29'), 'mag': 5.1}, {'lat': 35.888, 'long': 43.353, 'Time': Timestamp('2009-07-18 20:32:29'), 'mag': 5.1}, {'lat': 35.888, 'long': 43.353, 'Time': Timestamp('2009-07-18 20:32:29'), 'mag': 5.1}]",3,12
464,2009-07-28 12:26:53.890,0,[],0,22
465,2009-07-21 15:44:24.032,0,[],0,15
466,2009-07-11 18:59:19.990,1,"[{'lat': 25.043, 'long': -106.679, 'Time': Timestamp('2009-07-12 03:01:14'), 'mag': 5.1}, {'lat': 25.043, 'long': -106.679, 'Time': Timestamp('2009-07-12 03:01:14'), 'mag': 5.1}, {'lat': 25.043, 'long': -106.679, 'Time': Timestamp('2009-07-12 03:01:14'), 'mag': 5.1}]",3,5
467,2009-07-29 04:44:32.085,1,"[{'lat': -5.517, 'long': 101.581, 'Time': Timestamp('2009-07-29 09:31:07'), 'mag': 5.2}, {'lat': -5.517, 'long': 101.581, 'Time': Timestamp('2009-07-29 09:31:07'), 'mag': 5.2}, {'lat': -5.517, 'long': 101.581, 'Time': Timestamp('2009-07-29 09:31:07'), 'mag': 5.2}]",3,22
468,2009-08-02 08:00:47.418,0,[],0,26
469,2009-07-18 11:17:23.263,1,"[{'lat': 0.85, 'long': -29.319, 'Time': Timestamp('2009-07-18 17:06:35'), 'mag': 5.1}, {'lat': -55.681, 'long': -27.918, 'Time': Timestamp('2009-07-18 22:19:09'), 'mag': 5.0}, {'lat': -55.681, 'long': -27.918, 'Time': Timestamp('2009-07-18 22:19:09'), 'mag': 5.0}]",3,11
470,2009-07-21 14:36:19.300,0,[],0,14
471,2009-07-26 17:51:53.371,0,[],0,19
472,2009-07-19 21:05:53.424,0,[],0,12
473,2009-07-28 00:19:48.243,0,[],0,20
474,2009-07-24 06:52:20.448,0,[],0,16
475,2009-07-25 10:08:24.832,0,[],0,17
476,2009-08-07 13:27:23.692,0,[],0,30
477,2009-07-22 23:12:23.852,0,[],0,14
478,2009-07-16 07:22:53.618,0,[],0,7
479,2009-07-30 10:38:51.137,0,[],0,21
480,2009-07-16 13:57:51.285,1,"[{'lat': 3.337, 'long': -31.509, 'Time': Timestamp('2009-07-16 15:05:43'), 'mag': 5.2}, {'lat': 3.337, 'long': -31.509, 'Time': Timestamp('2009-07-16 15:05:43'), 'mag': 5.2}, {'lat': 3.337, 'long': -31.509, 'Time': Timestamp('2009-07-16 15:05:43'), 'mag': 5.2}]",3,7
481,2009-07-29 17:14:23.147,0,[],0,20
482,2009-07-29 20:28:23.199,0,[],0,20
483,2009-07-24 23:42:23.253,1,"[{'lat': -14.6, 'long': 167.405, 'Time': Timestamp('2009-07-25 11:16:36'), 'mag': 5.2}, {'lat': -14.6, 'long': 167.405, 'Time': Timestamp('2009-07-25 11:16:36'), 'mag': 5.2}, {'lat': -6.492, 'long': 154.973, 'Time': Timestamp('2009-07-25 01:42:23'), 'mag': 5.9}, {'lat': -6.492, 'long': 154.973, 'Time': Timestamp('2009-07-25 01:42:23'), 'mag': 5.9}, {'lat': -6.492, 'long': 154.973, 'Time': Timestamp('2009-07-25 01:42:23'), 'mag': 5.9}]",5,15
484,2009-08-08 07:52:44.827,0,[],0,29
485,2009-07-17 11:09:53.728,0,[],0,7
486,2009-08-04 14:28:20.981,0,[],0,25
487,2009-08-05 17:44:23.835,0,[],0,26
488,2009-08-04 01:49:21.502,0,[],0,24
489,2009-07-23 06:44:53.692,0,[],0,12
490,2009-08-05 10:00:21.528,0,[],0,25
491,2009-07-27 13:19:53.156,0,[],0,16
492,2009-08-07 16:36:23.209,0,[],0,27
493,2009-07-20 19:50:53.263,0,[],0,9
494,2009-07-23 23:04:53.316,0,[],0,12
495,2009-08-05 08:51:50.462,0,[],0,24
496,2009-07-21 12:10:53.531,0,[],0,9
497,2009-07-17 15:28:48.685,1,"[{'lat': 34.211, 'long': -37.353, 'Time': Timestamp('2009-07-18 02:41:28'), 'mag': 5.0}, {'lat': 34.211, 'long': -37.353, 'Time': Timestamp('2009-07-18 02:41:28'), 'mag': 5.0}]",2,5
498,2009-07-27 18:43:48.191,0,[],0,15
499,2009-08-08 21:57:23.211,0,[],0,27
500,2009-07-26 01:11:20.730,1,"[{'lat': -0.321, 'long': 132.335, 'Time': Timestamp('2009-07-26 06:06:44'), 'mag': 5.4}, {'lat': -0.321, 'long': 132.335, 'Time': Timestamp('2009-07-26 06:06:44'), 'mag': 5.4}, {'lat': -0.321, 'long': 132.335, 'Time': Timestamp('2009-07-26 06:06:44'), 'mag': 5.4}]",3,13
501,2009-08-06 06:06:54.673,0,[],0,24
502,2009-08-03 09:22:20.975,0,[],0,21
503,2009-08-10 12:41:23.931,0,[],0,28
504,2009-07-28 15:58:52.189,0,[],0,15
505,2009-07-25 19:13:24.038,0,[],0,12
506,2009-07-28 22:27:23.091,1,"[{'lat': -10.796, 'long': 164.946, 'Time': Timestamp('2009-07-29 09:09:57'), 'mag': 5.0}, {'lat': -10.796, 'long': 164.946, 'Time': Timestamp('2009-07-29 09:09:57'), 'mag': 5.0}, {'lat': -10.796, 'long': 164.946, 'Time': Timestamp('2009-07-29 09:09:57'), 'mag': 5.0}]",3,15
507,2009-08-08 06:36:58.281,0,[],0,25
508,2009-07-27 09:52:50.377,0,[],0,13
509,2009-07-29 13:11:53.333,0,[],0,15
510,2009-07-25 16:28:53.386,0,[],0,11
511,2009-07-26 19:43:23.440,0,[],0,12
512,2009-07-28 22:56:53.493,1,"[{'lat': -10.796, 'long': 164.946, 'Time': Timestamp('2009-07-29 09:09:57'), 'mag': 5.0}, {'lat': -10.796, 'long': 164.946, 'Time': Timestamp('2009-07-29 09:09:57'), 'mag': 5.0}, {'lat': -10.796, 'long': 164.946, 'Time': Timestamp('2009-07-29 09:09:57'), 'mag': 5.0}]",3,14
513,2009-08-11 08:43:50.640,0,[],0,27
514,2009-07-27 12:02:53.869,0,[],0,12
515,2009-08-09 15:20:54.447,0,[],0,25
516,2009-07-30 18:35:44.980,0,[],0,15
517,2009-07-27 21:49:48.125,0,[],0,12
518,2009-07-27 01:03:42.423,1,"[{'lat': -5.497, 'long': 151.77, 'Time': Timestamp('2009-07-27 11:08:19'), 'mag': 5.0}, {'lat': -5.524, 'long': 151.741, 'Time': Timestamp('2009-07-27 12:34:19'), 'mag': 5.3}, {'lat': -5.497, 'long': 151.77, 'Time': Timestamp('2009-07-27 11:08:19'), 'mag': 5.0}, {'lat': -5.524, 'long': 151.741, 'Time': Timestamp('2009-07-27 12:34:19'), 'mag': 5.3}, {'lat': -5.497, 'long': 151.77, 'Time': Timestamp('2009-07-27 11:08:19'), 'mag': 5.0}, {'lat': -5.524, 'long': 151.741, 'Time': Timestamp('2009-07-27 12:34:19'), 'mag': 5.3}]",6,11
519,2009-08-03 07:37:25.700,0,[],0,18
520,2009-08-06 20:42:53.403,0,[],0,21
521,2009-08-09 23:56:23.457,1,"[{'lat': -11.612, 'long': 166.09, 'Time': Timestamp('2009-08-10 04:06:31'), 'mag': 6.6}, {'lat': -11.553, 'long': 166.224, 'Time': Timestamp('2009-08-10 05:28:16'), 'mag': 5.0}, {'lat': -11.612, 'long': 166.09, 'Time': Timestamp('2009-08-10 04:06:31'), 'mag': 6.6}, {'lat': -11.553, 'long': 166.224, 'Time': Timestamp('2009-08-10 05:28:16'), 'mag': 5.0}, {'lat': -11.612, 'long': 166.09, 'Time': Timestamp('2009-08-10 04:06:31'), 'mag': 6.6}, {'lat': -11.553, 'long': 166.224, 'Time': Timestamp('2009-08-10 05:28:16'), 'mag': 5.0}]",6,24
522,2009-08-11 08:07:19.127,0,[],0,25
523,2009-08-05 11:24:23.644,0,[],0,19
524,2009-08-06 14:42:48.576,0,[],0,20
525,2009-07-23 17:58:23.752,0,[],0,6
526,2009-08-05 22:49:23.831,0,[],0,19
527,2009-08-09 08:35:50.978,0,[],0,22
528,2009-08-14 11:54:54.045,0,[],0,27
529,2009-08-14 15:12:52.184,0,[],0,27
530,2009-08-10 18:28:20.363,0,[],0,23
531,2009-08-06 21:41:48.741,1,"[{'lat': -15.728, 'long': -177.218, 'Time': Timestamp('2009-08-07 02:42:34'), 'mag': 5.0}, {'lat': -15.652, 'long': -177.203, 'Time': Timestamp('2009-08-07 03:34:37'), 'mag': 5.0}, {'lat': -15.728, 'long': -177.218, 'Time': Timestamp('2009-08-07 02:42:34'), 'mag': 5.0}, {'lat': -15.652, 'long': -177.203, 'Time': Timestamp('2009-08-07 03:34:37'), 'mag': 5.0}, {'lat': -15.728, 'long': -177.218, 'Time': Timestamp('2009-08-07 02:42:34'), 'mag': 5.0}, {'lat': -15.652, 'long': -177.203, 'Time': Timestamp('2009-08-07 03:34:37'), 'mag': 5.0}]",6,19
532,2009-07-29 00:55:48.024,1,"[{'lat': -10.796, 'long': 164.946, 'Time': Timestamp('2009-07-29 09:09:57'), 'mag': 5.0}, {'lat': -10.796, 'long': 164.946, 'Time': Timestamp('2009-07-29 09:09:57'), 'mag': 5.0}, {'lat': -10.796, 'long': 164.946, 'Time': Timestamp('2009-07-29 09:09:57'), 'mag': 5.0}]",3,10
533,2009-07-24 05:50:58.406,0,[],0,5
534,2009-07-29 09:06:21.707,0,[],0,10
535,2009-08-13 12:25:23.447,0,[],0,25
536,2009-07-28 22:11:53.607,1,"[{'lat': -10.796, 'long': 164.946, 'Time': Timestamp('2009-07-29 09:09:57'), 'mag': 5.0}]",1,9
537,2009-08-16 01:25:50.535,0,[],0,27
538,2009-08-08 06:21:26.620,0,[],0,19
539,2009-08-08 09:36:50.781,0,[],0,19
540,2009-08-05 12:55:53.848,0,[],0,16
541,2009-08-08 16:13:23.902,0,[],0,19
542,2009-08-08 19:27:54.268,0,[],0,19
543,2009-08-19 22:41:24.008,0,[],0,30
544,2009-07-30 08:29:54.363,0,[],0,9
545,2009-08-07 11:46:53.223,0,[],0,17
546,2009-08-10 15:05:22.362,0,[],0,20
547,2009-07-29 18:20:20.540,0,[],0,8
548,2009-07-27 07:21:19.079,0,[],0,5
549,2009-08-06 10:37:50.921,0,[],0,15
550,2009-08-20 13:56:54.837,0,[],0,29
551,2009-08-15 06:13:20.565,0,[],0,23
552,2009-08-20 09:28:50.183,0,[],0,28
553,2009-07-29 12:48:23.251,0,[],0,6
554,2009-08-22 16:05:23.305,0,[],0,30
555,2009-08-06 19:19:53.358,0,[],0,14
556,2009-08-03 22:33:53.411,0,[],0,11
557,2009-08-20 06:43:24.516,0,[],0,27
558,2009-08-13 09:59:20.585,0,[],0,20
559,2009-08-03 13:18:23.653,0,[],0,10
560,2009-08-03 16:35:19.588,1,"[{'lat': -14.301, 'long': -75.489, 'Time': Timestamp('2009-08-03 20:10:17'), 'mag': 5.3}, {'lat': -14.301, 'long': -75.489, 'Time': Timestamp('2009-08-03 20:10:17'), 'mag': 5.3}, {'lat': -14.301, 'long': -75.489, 'Time': Timestamp('2009-08-03 20:10:17'), 'mag': 5.3}]",3,10
561,2009-08-02 19:49:53.759,0,[],0,9
562,2009-08-13 00:40:53.839,0,[],0,19
563,2009-08-10 05:35:26.330,0,[],0,16
564,2009-08-04 08:50:23.615,0,[],0,10
565,2009-07-31 12:09:54.027,0,[],0,6
566,2009-08-12 15:27:22.277,1,"[{'lat': -27.893, 'long': -66.672, 'Time': Timestamp('2009-08-12 18:00:52'), 'mag': 5.5}, {'lat': -27.893, 'long': -66.672, 'Time': Timestamp('2009-08-12 18:00:52'), 'mag': 5.5}, {'lat': -27.893, 'long': -66.672, 'Time': Timestamp('2009-08-12 18:00:52'), 'mag': 5.5}]",3,18
567,2009-08-22 18:42:51.783,0,[],0,28
568,2009-07-31 21:56:21.379,0,[],0,6
569,2009-08-13 01:10:24.210,0,[],0,18
570,2009-08-20 06:05:23.287,0,[],0,25
571,2009-08-12 09:20:51.688,0,[],0,17
572,2009-08-11 12:40:23.428,0,[],0,16
573,2009-08-03 22:26:23.588,0,[],0,8
574,2009-08-03 01:40:17.302,1,"[{'lat': 12.32, 'long': 143.926, 'Time': Timestamp('2009-08-03 01:47:56'), 'mag': 5.2}, {'lat': 12.32, 'long': 143.926, 'Time': Timestamp('2009-08-03 01:47:56'), 'mag': 5.2}, {'lat': 12.32, 'long': 143.926, 'Time': Timestamp('2009-08-03 01:47:56'), 'mag': 5.2}]",3,7
575,2009-08-16 04:57:27.311,1,"[{'lat': -1.479, 'long': 99.49, 'Time': Timestamp('2009-08-16 07:38:21'), 'mag': 6.7}, {'lat': -1.548, 'long': 99.415, 'Time': Timestamp('2009-08-16 10:45:26'), 'mag': 5.4}, {'lat': -1.448, 'long': 99.433, 'Time': Timestamp('2009-08-16 12:49:00'), 'mag': 5.8}, {'lat': -1.565, 'long': 99.427, 'Time': Timestamp('2009-08-16 12:57:56'), 'mag': 5.0}, {'lat': -1.479, 'long': 99.49, 'Time': Timestamp('2009-08-16 07:38:21'), 'mag': 6.7}, {'lat': -1.548, 'long': 99.415, 'Time': Timestamp('2009-08-16 10:45:26'), 'mag': 5.4}, {'lat': -1.448, 'long': 99.433, 'Time': Timestamp('2009-08-16 12:49:00'), 'mag': 5.8}, {'lat': -1.565, 'long': 99.427, 'Time': Timestamp('2009-08-16 12:57:56'), 'mag': 5.0}, {'lat': -1.479, 'long': 99.49, 'Time': Timestamp('2009-08-16 07:38:21'), 'mag': 6.7}, {'lat': -1.548, 'long': 99.415, 'Time': Timestamp('2009-08-16 10:45:26'), 'mag': 5.4}, {'lat': -1.448, 'long': 99.433, 'Time': Timestamp('2009-08-16 12:49:00'), 'mag': 5.8}, {'lat': -1.565, 'long': 99.427, 'Time': Timestamp('2009-08-16 12:57:56'), 'mag': 5.0}]",12,20
576,2009-08-15 08:12:19.284,0,[],0,19
577,2009-08-17 11:31:23.802,0,[],0,21
578,2009-08-04 14:49:22.829,0,[],0,8
579,2009-08-20 18:05:23.888,0,[],0,24
580,2009-08-20 21:18:53.962,0,[],0,24
581,2009-08-05 00:32:51.337,1,"[{'lat': -45.554, 'long': 166.356, 'Time': Timestamp('2009-08-05 08:31:40'), 'mag': 6.1}, {'lat': -45.554, 'long': 166.356, 'Time': Timestamp('2009-08-05 08:31:40'), 'mag': 6.1}]",2,8
582,2009-08-10 07:05:52.754,0,[],0,13
583,2009-08-04 10:22:21.602,0,[],0,7
584,2009-08-13 13:41:23.230,0,[],0,16
585,2009-08-27 16:57:51.934,0,[],0,30
586,2009-08-23 20:11:53.337,0,[],0,26
587,2009-08-26 23:25:53.390,1,"[{'lat': -10.229, 'long': 161.451, 'Time': Timestamp('2009-08-27 05:05:27'), 'mag': 5.0}, {'lat': -10.229, 'long': 161.451, 'Time': Timestamp('2009-08-27 05:05:27'), 'mag': 5.0}, {'lat': -10.229, 'long': 161.451, 'Time': Timestamp('2009-08-27 05:05:27'), 'mag': 5.0}]",3,29
588,2009-08-08 07:36:27.252,0,[],0,10
589,2009-08-25 10:52:53.443,0,[],0,27
590,2009-08-13 08:06:20.901,0,[],0,14
591,2009-08-29 11:23:19.443,0,[],0,30
592,2009-08-24 14:41:56.361,0,[],0,25
593,2009-08-22 17:57:15.567,0,[],0,23
594,2009-08-10 21:11:23.398,0,[],0,11
595,2009-08-09 00:25:18.217,1,"[{'lat': -4.62, 'long': 153.187, 'Time': Timestamp('2009-08-09 07:08:59'), 'mag': 5.5}, {'lat': -4.62, 'long': 153.187, 'Time': Timestamp('2009-08-09 07:08:59'), 'mag': 5.5}]",2,9
596,2009-08-09 05:19:55.943,0,[],0,9
597,2009-08-14 08:34:53.585,0,[],0,14
598,2009-08-22 11:53:53.640,1,"[{'lat': 0.914, 'long': -28.542, 'Time': Timestamp('2009-08-22 12:34:50'), 'mag': 5.3}, {'lat': 0.914, 'long': -28.542, 'Time': Timestamp('2009-08-22 12:34:50'), 'mag': 5.3}, {'lat': 0.914, 'long': -28.542, 'Time': Timestamp('2009-08-22 12:34:50'), 'mag': 5.3}]",3,22
599,2009-08-14 15:11:55.546,0,[],0,14
600,2009-08-07 18:27:20.956,0,[],0,7
601,2009-08-20 09:05:22.301,0,[],0,19
602,2009-08-08 12:24:24.041,0,[],0,7
603,2009-08-21 15:42:23.095,0,[],0,20
604,2009-08-29 18:56:53.148,0,[],0,28
605,2009-08-08 22:10:51.281,0,[],0,7
606,2009-09-01 01:24:50.129,0,[],0,30
607,2009-08-27 06:20:26.214,0,[],0,25
608,2009-08-12 09:35:50.374,0,[],0,10
609,2009-08-14 12:54:53.442,0,[],0,12
610,2009-08-14 22:40:23.602,0,[],0,12
611,2009-08-17 08:28:56.642,0,[],0,14
612,2009-08-15 11:45:53.816,1,"[{'lat': -56.159, 'long': -27.633, 'Time': Timestamp('2009-08-15 21:14:19'), 'mag': 5.0}]",1,12
613,2009-08-13 15:04:23.870,0,[],0,10
614,2009-08-16 18:19:21.133,0,[],0,13
615,2009-08-29 21:33:24.936,0,[],0,26
616,2009-08-28 00:47:24.030,1,"[{'lat': -9.202, 'long': 154.166, 'Time': Timestamp('2009-08-28 02:52:48'), 'mag': 5.1}, {'lat': -9.202, 'long': 154.166, 'Time': Timestamp('2009-08-28 02:52:48'), 'mag': 5.1}, {'lat': -9.202, 'long': 154.166, 'Time': Timestamp('2009-08-28 02:52:48'), 'mag': 5.1}]",3,24
617,2009-08-31 05:42:25.990,1,"[{'lat': 37.606, 'long': 95.831, 'Time': Timestamp('2009-08-31 10:15:29'), 'mag': 5.8}, {'lat': 37.606, 'long': 95.831, 'Time': Timestamp('2009-08-31 10:15:29'), 'mag': 5.8}, {'lat': 37.606, 'long': 95.831, 'Time': Timestamp('2009-08-31 10:15:29'), 'mag': 5.8}]",3,27
618,2009-09-01 08:57:21.478,0,[],0,28
619,2009-08-23 12:16:23.217,0,[],0,19
620,2009-08-31 15:34:23.271,0,[],0,27
621,2009-08-22 18:49:20.758,0,[],0,18
622,2009-09-01 22:02:51.570,0,[],0,28
623,2009-08-14 01:17:20.306,0,[],0,9
624,2009-08-27 11:07:23.788,0,[],0,22
625,2009-09-04 14:26:23.843,1,"[{'lat': -41.202, 'long': -86.114, 'Time': Timestamp('2009-09-04 17:59:41'), 'mag': 5.4}]",1,30
626,2009-08-10 20:54:53.470,0,[],0,5
627,2009-08-23 00:09:54.002,0,[],0,17
628,2009-08-24 06:42:25.988,0,[],0,18
629,2009-08-16 09:58:20.149,0,[],0,10
630,2009-08-22 13:17:23.217,0,[],0,16
631,2009-09-03 16:34:19.152,0,[],0,28
632,2009-09-04 19:48:55.289,0,[],0,29
633,2009-08-25 23:02:19.694,1,"[{'lat': -15.323, 'long': -173.343, 'Time': Timestamp('2009-08-26 07:30:39'), 'mag': 5.2}, {'lat': -15.323, 'long': -173.343, 'Time': Timestamp('2009-08-26 07:30:39'), 'mag': 5.2}, {'lat': -15.323, 'long': -173.343, 'Time': Timestamp('2009-08-26 07:30:39'), 'mag': 5.2}]",3,19
634,2009-08-21 07:12:52.595,0,[],0,14
635,2009-08-22 10:28:52.649,0,[],0,15
636,2009-08-25 13:47:53.618,1,"[{'lat': -21.177, 'long': -68.837, 'Time': Timestamp('2009-08-25 21:35:00'), 'mag': 5.1}, {'lat': -21.177, 'long': -68.837, 'Time': Timestamp('2009-08-25 21:35:00'), 'mag': 5.1}]",2,18
637,2009-08-15 17:04:23.650,0,[],0,8
638,2009-08-30 20:18:23.725,0,[],0,23
639,2009-08-18 23:32:23.778,0,[],0,11
640,2009-08-24 12:39:23.993,0,[],0,16
641,2009-08-19 15:56:54.046,0,[],0,11
642,2009-08-22 19:11:23.100,0,[],0,14
643,2009-08-18 22:25:23.153,0,[],0,10
644,2009-09-03 01:39:20.081,1,"[{'lat': 31.14, 'long': 130.014, 'Time': Timestamp('2009-09-03 13:26:17'), 'mag': 6.2}, {'lat': 31.14, 'long': 130.014, 'Time': Timestamp('2009-09-03 13:26:17'), 'mag': 6.2}, {'lat': 31.14, 'long': 130.014, 'Time': Timestamp('2009-09-03 13:26:17'), 'mag': 6.2}, {'lat': -3.379, 'long': 135.552, 'Time': Timestamp('2009-09-03 04:55:04'), 'mag': 5.0}, {'lat': -3.379, 'long': 135.552, 'Time': Timestamp('2009-09-03 04:55:04'), 'mag': 5.0}]",5,25
645,2009-08-26 06:34:56.166,0,[],0,17
646,2009-09-07 09:50:24.423,0,[],0,29
647,2009-08-16 13:09:53.394,0,[],0,7
648,2009-09-02 16:26:53.447,0,[],0,24
649,2009-09-02 19:41:23.501,0,[],0,24
650,2009-08-26 22:54:53.553,1,"[{'lat': -10.229, 'long': 161.451, 'Time': Timestamp('2009-08-27 05:05:27'), 'mag': 5.0}, {'lat': -10.229, 'long': 161.451, 'Time': Timestamp('2009-08-27 05:05:27'), 'mag': 5.0}, {'lat': -10.229, 'long': 161.451, 'Time': Timestamp('2009-08-27 05:05:27'), 'mag': 5.0}]",3,17
651,2009-09-05 07:04:56.567,0,[],0,26
652,2009-09-07 10:21:22.167,0,[],0,28
653,2009-08-28 13:40:23.796,0,[],0,18
654,2009-08-29 16:56:52.499,0,[],0,19
655,2009-08-18 20:10:53.902,0,[],0,8
656,2009-09-09 23:24:53.955,0,[],0,30
657,2009-09-02 07:35:25.968,0,[],0,22
658,2009-08-23 10:51:53.232,0,[],0,12
659,2009-08-17 14:10:23.197,0,[],0,6
660,2009-09-05 17:26:53.228,1,"[{'lat': 8.61, 'long': -82.932, 'Time': Timestamp('2009-09-06 05:02:44'), 'mag': 5.1}, {'lat': 8.61, 'long': -82.932, 'Time': Timestamp('2009-09-06 05:02:44'), 'mag': 5.1}, {'lat': 8.61, 'long': -82.932, 'Time': Timestamp('2009-09-06 05:02:44'), 'mag': 5.1}]",3,25
661,2009-08-26 20:37:54.720,0,[],0,15
662,2009-08-22 23:54:23.356,0,[],0,11
663,2009-08-18 08:05:26.369,0,[],0,6
664,2009-09-10 11:22:23.775,0,[],0,29
665,2009-08-18 14:40:53.830,0,[],0,6
666,2009-08-21 17:56:21.093,0,[],0,9
667,2009-09-03 21:09:26.224,0,[],0,22
668,2009-08-26 00:24:23.989,1,"[{'lat': -3.05, 'long': 147.45, 'Time': Timestamp('2009-08-26 09:11:09'), 'mag': 5.0}, {'lat': -3.05, 'long': 147.45, 'Time': Timestamp('2009-08-26 09:11:09'), 'mag': 5.0}, {'lat': -3.05, 'long': 147.45, 'Time': Timestamp('2009-08-26 09:11:09'), 'mag': 5.0}]",3,13
669,2009-09-10 05:18:56.949,0,[],0,28
670,2009-09-06 08:33:53.122,0,[],0,24
671,2009-09-03 11:52:53.177,0,[],0,21
672,2009-09-02 15:10:53.231,0,[],0,20
673,2009-09-03 18:26:20.494,0,[],0,21
674,2009-09-03 21:38:52.857,0,[],0,21
675,2009-09-07 00:53:50.265,1,"[{'lat': 3.181, 'long': 126.932, 'Time': Timestamp('2009-09-07 03:58:07'), 'mag': 5.0}, {'lat': -8.901, 'long': 127.3, 'Time': Timestamp('2009-09-07 12:09:12'), 'mag': 5.0}, {'lat': -8.901, 'long': 127.3, 'Time': Timestamp('2009-09-07 12:09:12'), 'mag': 5.0}, {'lat': -8.901, 'long': 127.3, 'Time': Timestamp('2009-09-07 12:09:12'), 'mag': 5.0}]",4,24
676,2009-09-09 05:48:56.350,0,[],0,26
677,2009-08-24 09:04:25.488,0,[],0,10
678,2009-08-25 12:23:21.670,0,[],0,11
679,2009-08-31 15:41:21.835,0,[],0,17
680,2009-09-13 18:55:50.449,0,[],0,30
681,2009-08-21 22:09:47.723,0,[],0,7
682,2009-08-24 01:23:50.666,1,"[{'lat': 41.016, 'long': 140.065, 'Time': Timestamp('2009-08-24 05:26:17'), 'mag': 5.3}, {'lat': 41.016, 'long': 140.065, 'Time': Timestamp('2009-08-24 05:26:17'), 'mag': 5.3}, {'lat': 41.016, 'long': 140.065, 'Time': Timestamp('2009-08-24 05:26:17'), 'mag': 5.3}]",3,9
683,2009-09-01 06:19:26.751,0,[],0,17
684,2009-08-27 09:34:55.008,0,[],0,12
685,2009-08-23 12:53:53.979,0,[],0,8
686,2009-08-30 16:11:24.034,0,[],0,15
687,2009-09-01 19:25:53.086,0,[],0,17
688,2009-08-23 22:39:23.140,0,[],0,8
689,2009-09-08 06:49:26.152,0,[],0,23
690,2009-09-15 10:05:23.081,0,[],0,30
691,2009-08-31 13:24:23.381,0,[],0,15
692,2009-08-31 16:41:17.988,0,[],0,15
693,2009-08-21 19:55:23.488,0,[],0,5
694,2009-09-02 23:09:23.541,1,"[{'lat': -22.053, 'long': -174.639, 'Time': Timestamp('2009-09-02 23:27:15'), 'mag': 5.0}, {'lat': -22.053, 'long': -174.639, 'Time': Timestamp('2009-09-02 23:27:15'), 'mag': 5.0}, {'lat': -22.053, 'long': -174.639, 'Time': Timestamp('2009-09-02 23:27:15'), 'mag': 5.0}]",3,17
695,2009-08-30 07:19:26.554,0,[],0,13
696,2009-09-12 15:33:23.809,1,"[{'lat': 10.709, 'long': -67.927, 'Time': Timestamp('2009-09-12 20:06:25'), 'mag': 6.4}, {'lat': 10.709, 'long': -67.927, 'Time': Timestamp('2009-09-12 20:06:25'), 'mag': 6.4}]",2,26
697,2009-09-08 18:48:21.296,0,[],0,22
698,2009-08-24 22:01:52.107,1,"[{'lat': -11.603, 'long': 166.382, 'Time': Timestamp('2009-08-25 06:41:22'), 'mag': 5.0}, {'lat': -46.209, 'long': 166.138, 'Time': Timestamp('2009-08-25 04:57:24'), 'mag': 5.2}, {'lat': -46.209, 'long': 166.138, 'Time': Timestamp('2009-08-25 04:57:24'), 'mag': 5.2}, {'lat': -46.209, 'long': 166.138, 'Time': Timestamp('2009-08-25 04:57:24'), 'mag': 5.2}]",4,7
699,2009-09-12 01:16:20.843,0,[],0,25
700,2009-08-26 06:11:26.928,0,[],0,8
701,2009-09-03 09:26:54.185,0,[],0,16
702,2009-09-07 12:45:53.156,0,[],0,20
703,2009-09-01 16:03:23.211,0,[],0,14
704,2009-08-25 19:18:23.264,1,"[{'lat': -9.25, 'long': -108.75, 'Time': Timestamp('2009-08-26 03:57:20'), 'mag': 5.1}, {'lat': -9.25, 'long': -108.75, 'Time': Timestamp('2009-08-26 03:57:20'), 'mag': 5.1}, {'lat': -9.25, 'long': -108.75, 'Time': Timestamp('2009-08-26 03:57:20'), 'mag': 5.1}]",3,7
705,2009-08-28 00:08:53.343,1,"[{'lat': -9.202, 'long': 154.166, 'Time': Timestamp('2009-08-28 02:52:48'), 'mag': 5.1}, {'lat': -9.202, 'long': 154.166, 'Time': Timestamp('2009-08-28 02:52:48'), 'mag': 5.1}, {'lat': -9.202, 'long': 154.166, 'Time': Timestamp('2009-08-28 02:52:48'), 'mag': 5.1}]",3,9
706,2009-09-16 06:41:26.330,0,[],0,28
707,2009-09-17 09:57:20.724,0,[],0,29
708,2009-09-01 13:16:23.792,0,[],0,13
709,2009-09-07 23:01:23.952,1,"[{'lat': -21.429, 'long': -176.347, 'Time': Timestamp('2009-09-08 09:17:39'), 'mag': 5.2}, {'lat': -21.429, 'long': -176.347, 'Time': Timestamp('2009-09-08 09:17:39'), 'mag': 5.2}, {'lat': -21.429, 'long': -176.347, 'Time': Timestamp('2009-09-08 09:17:39'), 'mag': 5.2}]",3,19
710,2009-09-09 07:11:55.965,0,[],0,20
711,2009-08-29 10:27:48.797,0,[],0,9
712,2009-09-19 13:46:53.193,0,[],0,30
713,2009-09-14 17:03:23.224,0,[],0,25
714,2009-09-05 20:14:20.732,0,[],0,16
715,2009-09-14 23:31:23.352,0,[],0,25
716,2009-08-30 07:41:56.366,0,[],0,9
717,2009-09-12 10:58:20.973,0,[],0,22
718,2009-09-19 14:17:19.030,0,[],0,29
719,2009-09-02 17:33:19.084,0,[],0,12
720,2009-09-11 20:44:17.361,0,[],0,21
721,2009-09-05 00:01:25.718,0,[],0,14
722,2009-09-08 03:17:54.444,1,"[{'lat': 5.26, 'long': 94.315, 'Time': Timestamp('2009-09-08 03:39:52'), 'mag': 5.0}, {'lat': 5.26, 'long': 94.315, 'Time': Timestamp('2009-09-08 03:39:52'), 'mag': 5.0}, {'lat': 5.26, 'long': 94.315, 'Time': Timestamp('2009-09-08 03:39:52'), 'mag': 5.0}]",3,17
723,2009-09-10 06:33:56.741,0,[],0,19
724,2009-09-09 09:49:24.997,0,[],0,18
725,2009-09-19 13:08:53.968,0,[],0,28
726,2009-09-14 16:25:54.023,0,[],0,23
727,2009-09-03 19:40:24.076,0,[],0,12
728,2009-09-18 22:53:53.129,0,[],0,27
729,2009-09-09 07:03:56.142,0,[],0,17
730,2009-09-05 10:20:21.742,0,[],0,13
731,2009-08-28 13:39:23.370,0,[],0,5
732,2009-09-12 23:23:53.529,1,"[{'lat': -14.592, 'long': 167.304, 'Time': Timestamp('2009-09-13 05:14:41'), 'mag': 5.3}, {'lat': -14.592, 'long': 167.304, 'Time': Timestamp('2009-09-13 05:14:41'), 'mag': 5.3}]",2,20
733,2009-09-01 07:34:26.543,0,[],0,8
734,2009-09-18 10:50:53.807,0,[],0,25
735,2009-09-17 14:09:23.771,0,[],0,24
736,2009-09-09 17:25:53.802,0,[],0,16
737,2009-08-31 20:36:55.294,0,[],0,7
738,2009-09-07 23:53:23.931,0,[],0,14
739,2009-09-05 09:41:50.078,0,[],0,11
740,2009-09-11 13:00:53.146,0,[],0,17
741,2009-09-03 16:17:53.199,0,[],0,9
742,2009-08-30 19:32:23.252,0,[],0,5
743,2009-09-19 06:56:26.318,0,[],0,24
744,2009-09-10 10:12:19.387,0,[],0,15
745,2009-09-08 13:31:23.783,0,[],0,13
746,2009-09-13 23:15:53.943,0,[],0,18
747,2009-09-24 09:03:21.417,0,[],0,28
748,2009-09-18 12:22:23.157,0,[],0,22
749,2009-09-14 15:40:23.211,0,[],0,18
750,2009-09-07 18:55:23.264,1,"[{'lat': 17.544, 'long': -95.753, 'Time': Timestamp('2009-09-08 05:14:32'), 'mag': 5.1}, {'lat': 17.544, 'long': -95.753, 'Time': Timestamp('2009-09-08 05:14:32'), 'mag': 5.1}, {'lat': 17.544, 'long': -95.753, 'Time': Timestamp('2009-09-08 05:14:32'), 'mag': 5.1}]",3,11
751,2009-09-10 07:56:51.781,0,[],0,13
752,2009-09-12 11:13:23.531,0,[],0,15
753,2009-09-17 14:31:53.586,0,[],0,20
754,2009-09-16 17:47:48.851,0,[],0,19
755,2009-09-06 21:01:44.908,1,"[{'lat': -18.799, 'long': -174.85, 'Time': Timestamp('2009-09-06 22:50:31'), 'mag': 5.1}, {'lat': -18.799, 'long': -174.85, 'Time': Timestamp('2009-09-06 22:50:31'), 'mag': 5.1}, {'lat': -18.799, 'long': -174.85, 'Time': Timestamp('2009-09-06 22:50:31'), 'mag': 5.1}]",3,9
756,2009-09-22 00:15:21.390,1,"[{'lat': 51.432, 'long': -178.12, 'Time': Timestamp('2009-09-22 10:45:25'), 'mag': 5.2}, {'lat': 51.432, 'long': -178.12, 'Time': Timestamp('2009-09-22 10:45:25'), 'mag': 5.2}, {'lat': 51.432, 'long': -178.12, 'Time': Timestamp('2009-09-22 10:45:25'), 'mag': 5.2}, {'lat': -3.775, 'long': 141.958, 'Time': Timestamp('2009-09-22 04:38:11'), 'mag': 5.6}, {'lat': -3.775, 'long': 141.958, 'Time': Timestamp('2009-09-22 04:38:11'), 'mag': 5.6}, {'lat': -3.775, 'long': 141.958, 'Time': Timestamp('2009-09-22 04:38:11'), 'mag': 5.6}]",6,24
757,2009-09-05 05:10:24.239,0,[],0,7
758,2009-09-25 08:26:55.286,0,[],0,27
759,2009-09-18 11:43:53.932,0,[],0,20
760,2009-09-18 15:02:23.986,0,[],0,20
761,2009-09-23 18:17:49.922,0,[],0,25
762,2009-09-16 21:31:24.053,0,[],0,18
763,2009-09-12 00:45:23.146,0,[],0,13
764,2009-09-13 05:40:26.106,0,[],0,14
765,2009-09-27 13:53:53.361,0,[],0,28
766,2009-09-27 23:37:53.520,0,[],0,28
767,2009-09-13 07:48:53.287,0,[],0,13
768,2009-09-11 11:05:23.708,0,[],0,11
769,2009-09-14 14:24:23.763,0,[],0,14
770,2009-09-15 17:40:23.793,0,[],0,15
771,2009-09-11 20:53:46.637,0,[],0,11
772,2009-09-16 00:07:53.922,0,[],0,15
773,2009-09-22 08:17:23.799,0,[],0,21
774,2009-09-23 11:36:23.110,0,[],0,22
775,2009-09-07 14:54:23.164,0,[],0,6
776,2009-09-18 18:09:50.426,1,"[{'lat': 19.269, 'long': -108.481, 'Time': Timestamp('2009-09-18 18:46:08'), 'mag': 5.6}, {'lat': 19.269, 'long': -108.481, 'Time': Timestamp('2009-09-18 18:46:08'), 'mag': 5.6}, {'lat': 19.269, 'long': -108.481, 'Time': Timestamp('2009-09-18 18:46:08'), 'mag': 5.6}]",3,17
777,2009-09-29 21:23:52.902,1,"[{'lat': -15.375, 'long': -173.359, 'Time': Timestamp('2009-09-29 22:08:30'), 'mag': 5.1}, {'lat': -15.606, 'long': -173.372, 'Time': Timestamp('2009-09-29 23:11:51'), 'mag': 5.5}, {'lat': -15.546, 'long': -173.334, 'Time': Timestamp('2009-09-29 23:32:56'), 'mag': 5.3}, {'lat': -15.832, 'long': -172.551, 'Time': Timestamp('2009-09-29 23:45:03'), 'mag': 6.0}, {'lat': -15.471, 'long': -172.926, 'Time': Timestamp('2009-09-30 00:40:52'), 'mag': 5.0}, {'lat': -15.033, 'long': -173.38, 'Time': Timestamp('2009-09-30 01:05:33'), 'mag': 5.1}, {'lat': -15.033, 'long': -173.629, 'Time': Timestamp('2009-09-30 01:09:29'), 'mag': 5.0}, {'lat': -15.562, 'long': -173.187, 'Time': Timestamp('2009-09-30 01:39:50'), 'mag': 5.0}, {'lat': -15.837, 'long': -173.111, 'Time': Timestamp('2009-09-30 02:47:26'), 'mag': 5.0}, {'lat': -15.344, 'long': -173.293, 'Time': Timestamp('2009-09-30 05:24:51'), 'mag': 5.3}, {'lat': -15.54, 'long': -173.37, 'Time': Timestamp('2009-09-30 05:25:47'), 'mag': 5.3}, {'lat': -16.62, 'long': -172.623, 'Time': Timestamp('2009-09-30 08:24:58'), 'mag': 5.3}, {'lat': -16.146, 'long': -172.936, 'Time': Timestamp('2009-09-30 09:05:12'), 'mag': 5.0}, {'lat': -15.375, 'long': -173.359, 'Time': Timestamp('2009-09-29 22:08:30'), 'mag': 5.1}, {'lat': -15.606, 'long': -173.372, 'Time': Timestamp('2009-09-29 23:11:51'), 'mag': 5.5}, {'lat': -15.546, 'long': -173.334, 'Time': Timestamp('2009-09-29 23:32:56'), 'mag': 5.3}, {'lat': -15.832, 'long': -172.551, 'Time': Timestamp('2009-09-29 23:45:03'), 'mag': 6.0}, {'lat': -15.471, 'long': -172.926, 'Time': Timestamp('2009-09-30 00:40:52'), 'mag': 5.0}, {'lat': -15.033, 'long': -173.38, 'Time': Timestamp('2009-09-30 01:05:33'), 'mag': 5.1}, {'lat': -15.033, 'long': -173.629, 'Time': Timestamp('2009-09-30 01:09:29'), 'mag': 5.0}, {'lat': -15.562, 'long': -173.187, 'Time': Timestamp('2009-09-30 01:39:50'), 'mag': 5.0}, {'lat': -15.837, 'long': -173.111, 'Time': Timestamp('2009-09-30 02:47:26'), 'mag': 5.0}, {'lat': -15.344, 'long': -173.293, 'Time': Timestamp('2009-09-30 05:24:51'), 'mag': 5.3}, {'lat': -15.54, 'long': -173.37, 'Time': Timestamp('2009-09-30 05:25:47'), 'mag': 5.3}, {'lat': -16.62, 'long': -172.623, 'Time': Timestamp('2009-09-30 08:24:58'), 'mag': 5.3}, {'lat': -16.146, 'long': -172.936, 'Time': Timestamp('2009-09-30 09:05:12'), 'mag': 5.0}, {'lat': -15.375, 'long': -173.359, 'Time': Timestamp('2009-09-29 22:08:30'), 'mag': 5.1}, {'lat': -15.606, 'long': -173.372, 'Time': Timestamp('2009-09-29 23:11:51'), 'mag': 5.5}, {'lat': -15.546, 'long': -173.334, 'Time': Timestamp('2009-09-29 23:32:56'), 'mag': 5.3}, {'lat': -15.832, 'long': -172.551, 'Time': Timestamp('2009-09-29 23:45:03'), 'mag': 6.0}, {'lat': -15.471, 'long': -172.926, 'Time': Timestamp('2009-09-30 00:40:52'), 'mag': 5.0}, {'lat': -15.033, 'long': -173.38, 'Time': Timestamp('2009-09-30 01:05:33'), 'mag': 5.1}, {'lat': -15.033, 'long': -173.629, 'Time': Timestamp('2009-09-30 01:09:29'), 'mag': 5.0}, {'lat': -15.562, 'long': -173.187, 'Time': Timestamp('2009-09-30 01:39:50'), 'mag': 5.0}, {'lat': -15.837, 'long': -173.111, 'Time': Timestamp('2009-09-30 02:47:26'), 'mag': 5.0}, {'lat': -15.344, 'long': -173.293, 'Time': Timestamp('2009-09-30 05:24:51'), 'mag': 5.3}, {'lat': -15.54, 'long': -173.37, 'Time': Timestamp('2009-09-30 05:25:47'), 'mag': 5.3}, {'lat': -16.62, 'long': -172.623, 'Time': Timestamp('2009-09-30 08:24:58'), 'mag': 5.3}, {'lat': -16.146, 'long': -172.936, 'Time': Timestamp('2009-09-30 09:05:12'), 'mag': 5.0}]",39,28
778,2009-09-07 00:37:53.323,0,[],0,5
779,2009-09-09 07:10:53.062,0,[],0,7
780,2009-09-28 10:26:49.379,1,"[{'lat': -25.629, 'long': -13.748, 'Time': Timestamp('2009-09-28 12:13:17'), 'mag': 5.4}, {'lat': -25.629, 'long': -13.748, 'Time': Timestamp('2009-09-28 12:13:17'), 'mag': 5.4}, {'lat': -25.629, 'long': -13.748, 'Time': Timestamp('2009-09-28 12:13:17'), 'mag': 5.4}]",3,26
781,2009-09-21 13:45:53.775,1,"[{'lat': 3.81, 'long': -31.482, 'Time': Timestamp('2009-09-21 23:18:31'), 'mag': 5.0}, {'lat': 3.81, 'long': -31.482, 'Time': Timestamp('2009-09-21 23:18:31'), 'mag': 5.0}, {'lat': 3.81, 'long': -31.482, 'Time': Timestamp('2009-09-21 23:18:31'), 'mag': 5.0}]",3,19
782,2009-09-19 23:30:23.935,0,[],0,17
783,2009-09-20 07:40:53.701,0,[],0,17
784,2009-09-30 10:57:53.122,0,[],0,27
785,2009-10-02 14:16:23.177,0,[],0,29
786,2009-09-28 17:32:23.208,0,[],0,25
787,2009-09-19 20:46:18.596,1,"[{'lat': 32.3706667, 'long': -115.2611667, 'Time': Timestamp('2009-09-19 22:55:17'), 'mag': 5.08}]",1,16
788,2009-09-22 00:00:23.336,1,"[{'lat': 51.432, 'long': -178.12, 'Time': Timestamp('2009-09-22 10:45:25'), 'mag': 5.2}, {'lat': 51.432, 'long': -178.12, 'Time': Timestamp('2009-09-22 10:45:25'), 'mag': 5.2}, {'lat': 51.432, 'long': -178.12, 'Time': Timestamp('2009-09-22 10:45:25'), 'mag': 5.2}, {'lat': -3.775, 'long': 141.958, 'Time': Timestamp('2009-09-22 04:38:11'), 'mag': 5.6}, {'lat': -3.775, 'long': 141.958, 'Time': Timestamp('2009-09-22 04:38:11'), 'mag': 5.6}, {'lat': -3.775, 'long': 141.958, 'Time': Timestamp('2009-09-22 04:38:11'), 'mag': 5.6}]",6,18
789,2009-09-12 06:32:56.323,0,[],0,8
790,2009-09-17 09:48:53.251,0,[],0,13
791,2009-09-22 13:07:53.551,0,[],0,18
792,2009-09-17 16:24:53.605,1,"[{'lat': -29.144, 'long': -112.267, 'Time': Timestamp('2009-09-17 23:21:38'), 'mag': 6.2}]",1,13
793,2009-10-03 19:39:23.658,0,[],0,29
794,2009-09-14 22:52:53.710,0,[],0,10
795,2009-09-25 08:39:53.871,0,[],0,20
796,2009-09-30 11:58:53.925,0,[],0,25
797,2009-09-18 15:16:53.979,0,[],0,13
798,2009-09-22 18:32:21.242,0,[],0,17
799,2009-10-04 21:45:54.045,1,"[{'lat': -16.443, 'long': -173.232, 'Time': Timestamp('2009-10-05 09:22:49'), 'mag': 5.1}, {'lat': -16.443, 'long': -173.232, 'Time': Timestamp('2009-10-05 09:22:49'), 'mag': 5.1}]",2,29
800,2009-09-11 00:59:54.109,1,"[{'lat': 48.294, 'long': 154.23, 'Time': Timestamp('2009-09-11 08:49:11'), 'mag': 5.6}, {'lat': 48.294, 'long': 154.23, 'Time': Timestamp('2009-09-11 08:49:11'), 'mag': 5.6}, {'lat': 48.294, 'long': 154.23, 'Time': Timestamp('2009-09-11 08:49:11'), 'mag': 5.6}]",3,5
801,2009-09-16 05:54:56.098,0,[],0,10
802,2009-09-18 09:10:21.587,0,[],0,12
803,2009-09-30 12:29:23.326,0,[],0,24
804,2009-09-23 15:46:53.380,0,[],0,17
805,2009-09-22 19:01:53.433,0,[],0,16
806,2009-09-13 22:15:20.239,0,[],0,7
807,2009-09-21 01:29:50.414,0,[],0,14
808,2009-09-22 06:24:55.796,0,[],0,15
809,2009-10-02 09:40:50.660,0,[],0,25
810,2009-10-01 10:56:53.581,0,[],0,15
811,2009-09-25 14:15:23.513,1,"[{'lat': -32.107, 'long': -71.608, 'Time': Timestamp('2009-09-25 15:47:23'), 'mag': 5.1}, {'lat': -32.107, 'long': -71.608, 'Time': Timestamp('2009-09-25 15:47:23'), 'mag': 5.1}, {'lat': -32.107, 'long': -71.608, 'Time': Timestamp('2009-09-25 15:47:23'), 'mag': 5.1}]",3,9
812,2009-10-14 20:45:23.876,1,"[{'lat': -33.372, 'long': -178.672, 'Time': Timestamp('2009-10-15 05:52:54'), 'mag': 5.1}, {'lat': -33.372, 'long': -178.672, 'Time': Timestamp('2009-10-15 05:52:54'), 'mag': 5.1}]",2,28
813,2009-10-12 23:59:23.929,1,"[{'lat': 52.754, 'long': -166.997, 'Time': Timestamp('2009-10-13 05:37:23'), 'mag': 6.5}, {'lat': 52.754, 'long': -166.997, 'Time': Timestamp('2009-10-13 05:37:23'), 'mag': 6.5}, {'lat': 52.719, 'long': -167.166, 'Time': Timestamp('2009-10-13 07:41:12'), 'mag': 5.3}, {'lat': 52.663, 'long': -167.183, 'Time': Timestamp('2009-10-13 07:46:25'), 'mag': 5.0}, {'lat': 52.754, 'long': -166.997, 'Time': Timestamp('2009-10-13 05:37:23'), 'mag': 6.5}, {'lat': 52.719, 'long': -167.166, 'Time': Timestamp('2009-10-13 07:41:12'), 'mag': 5.3}, {'lat': 52.663, 'long': -167.183, 'Time': Timestamp('2009-10-13 07:46:25'), 'mag': 5.0}, {'lat': 52.754, 'long': -166.997, 'Time': Timestamp('2009-10-13 05:37:23'), 'mag': 6.5}, {'lat': 52.719, 'long': -167.166, 'Time': Timestamp('2009-10-13 07:41:12'), 'mag': 5.3}, {'lat': 52.663, 'long': -167.183, 'Time': Timestamp('2009-10-13 07:46:25'), 'mag': 5.0}, {'lat': -13.504, 'long': 166.592, 'Time': Timestamp('2009-10-13 00:21:35'), 'mag': 5.1}, {'lat': -13.504, 'long': 166.592, 'Time': Timestamp('2009-10-13 00:21:35'), 'mag': 5.1}, {'lat': -13.504, 'long': 166.592, 'Time': Timestamp('2009-10-13 00:21:35'), 'mag': 5.1}, {'lat': 44.578, 'long': 149.129, 'Time': Timestamp('2009-10-13 10:15:13'), 'mag': 5.7}]",14,26
814,2009-10-04 04:54:02.938,1,"[{'lat': -1.015, 'long': 67.627, 'Time': Timestamp('2009-10-04 15:08:58'), 'mag': 5.1}, {'lat': -1.015, 'long': 67.627, 'Time': Timestamp('2009-10-04 15:08:58'), 'mag': 5.1}]",2,17
815,2009-09-24 08:10:20.269,0,[],0,7
816,2009-10-14 11:27:23.116,0,[],0,27
817,2009-10-10 14:45:52.144,1,"[{'lat': -24.941, 'long': -70.684, 'Time': Timestamp('2009-10-10 15:26:19'), 'mag': 5.6}, {'lat': -25.017, 'long': -70.723, 'Time': Timestamp('2009-10-10 17:10:17'), 'mag': 5.3}, {'lat': -24.941, 'long': -70.684, 'Time': Timestamp('2009-10-10 15:26:19'), 'mag': 5.6}, {'lat': -25.017, 'long': -70.723, 'Time': Timestamp('2009-10-10 17:10:17'), 'mag': 5.3}, {'lat': -24.941, 'long': -70.684, 'Time': Timestamp('2009-10-10 15:26:19'), 'mag': 5.6}, {'lat': -25.017, 'long': -70.723, 'Time': Timestamp('2009-10-10 17:10:17'), 'mag': 5.3}]",6,23
818,2009-10-07 18:01:20.434,0,[],0,20
819,2009-10-08 21:15:23.277,0,[],0,21
820,2009-10-10 00:29:20.651,1,"[{'lat': -13.596, 'long': 166.521, 'Time': Timestamp('2009-10-10 11:11:12'), 'mag': 5.1}, {'lat': -13.596, 'long': 166.521, 'Time': Timestamp('2009-10-10 11:11:12'), 'mag': 5.1}, {'lat': 41.808, 'long': 142.084, 'Time': Timestamp('2009-10-10 08:42:51'), 'mag': 5.1}, {'lat': 41.808, 'long': 142.084, 'Time': Timestamp('2009-10-10 08:42:51'), 'mag': 5.1}]",4,22
821,2009-10-07 05:23:55.822,0,[],0,19
822,2009-10-12 08:38:51.779,0,[],0,24
823,2009-09-29 11:57:53.518,0,[],0,11
824,2009-10-07 15:15:55.425,1,"[{'lat': 46.63, 'long': -27.077, 'Time': Timestamp('2009-10-07 23:22:31'), 'mag': 5.4}]",1,19
825,2009-09-25 18:31:20.835,0,[],0,7
826,2009-10-09 21:44:50.543,0,[],0,21
827,2009-10-02 00:58:53.598,1,"[{'lat': -6.031, 'long': 151.372, 'Time': Timestamp('2009-10-02 09:57:16'), 'mag': 5.1}, {'lat': -6.031, 'long': 151.372, 'Time': Timestamp('2009-10-02 09:57:16'), 'mag': 5.1}, {'lat': -6.031, 'long': 151.372, 'Time': Timestamp('2009-10-02 09:57:16'), 'mag': 5.1}]",3,13
828,2009-10-13 05:53:56.111,1,"[{'lat': 38.786, 'long': 70.704, 'Time': Timestamp('2009-10-13 12:47:20'), 'mag': 5.0}, {'lat': 38.786, 'long': 70.704, 'Time': Timestamp('2009-10-13 12:47:20'), 'mag': 5.0}, {'lat': 38.786, 'long': 70.704, 'Time': Timestamp('2009-10-13 12:47:20'), 'mag': 5.0}]",3,24
829,2009-09-24 09:09:23.619,0,[],0,5
830,2009-09-30 12:28:23.919,0,[],0,11
831,2009-09-27 15:46:22.735,0,[],0,8
832,2009-10-04 19:00:48.692,0,[],0,15
833,2009-10-14 22:14:54.079,1,"[{'lat': 52.853, 'long': -166.75, 'Time': Timestamp('2009-10-15 00:13:33'), 'mag': 5.5}, {'lat': 52.853, 'long': -166.75, 'Time': Timestamp('2009-10-15 00:13:33'), 'mag': 5.5}, {'lat': 52.853, 'long': -166.75, 'Time': Timestamp('2009-10-15 00:13:33'), 'mag': 5.5}, {'lat': -12.657, 'long': 166.195, 'Time': Timestamp('2009-10-15 08:50:36'), 'mag': 5.2}, {'lat': -12.657, 'long': 166.195, 'Time': Timestamp('2009-10-15 08:50:36'), 'mag': 5.2}, {'lat': -22.562, 'long': 171.2, 'Time': Timestamp('2009-10-15 03:32:08'), 'mag': 5.0}, {'lat': -12.657, 'long': 166.195, 'Time': Timestamp('2009-10-15 08:50:36'), 'mag': 5.2}, {'lat': -22.562, 'long': 171.2, 'Time': Timestamp('2009-10-15 03:32:08'), 'mag': 5.0}, {'lat': -22.562, 'long': 171.2, 'Time': Timestamp('2009-10-15 03:32:08'), 'mag': 5.0}]",9,25
834,2009-09-25 01:28:51.447,1,"[{'lat': -6.372, 'long': 130.217, 'Time': Timestamp('2009-09-25 09:06:13'), 'mag': 5.6}, {'lat': -6.372, 'long': 130.217, 'Time': Timestamp('2009-09-25 09:06:13'), 'mag': 5.6}, {'lat': -6.372, 'long': 130.217, 'Time': Timestamp('2009-09-25 09:06:13'), 'mag': 5.6}]",3,5
835,2009-10-06 06:24:24.062,1,"[{'lat': -2.261, 'long': 68.787, 'Time': Timestamp('2009-10-06 11:04:57'), 'mag': 5.2}, {'lat': -2.264, 'long': 68.697, 'Time': Timestamp('2009-10-06 11:13:34'), 'mag': 5.3}, {'lat': -2.261, 'long': 68.787, 'Time': Timestamp('2009-10-06 11:04:57'), 'mag': 5.2}, {'lat': -2.264, 'long': 68.697, 'Time': Timestamp('2009-10-06 11:13:34'), 'mag': 5.3}]",4,16
836,2009-10-12 09:39:51.692,0,[],0,22
837,2009-10-15 14:37:49.553,0,[],0,25
838,2009-10-19 21:07:23.454,1,"[{'lat': -15.36, 'long': -172.264, 'Time': Timestamp('2009-10-19 22:49:38'), 'mag': 6.0}, {'lat': -15.36, 'long': -172.264, 'Time': Timestamp('2009-10-19 22:49:38'), 'mag': 6.0}, {'lat': -15.36, 'long': -172.264, 'Time': Timestamp('2009-10-19 22:49:38'), 'mag': 6.0}]",3,29
839,2009-10-10 00:21:15.505,1,"[{'lat': -13.596, 'long': 166.521, 'Time': Timestamp('2009-10-10 11:11:12'), 'mag': 5.1}, {'lat': -13.596, 'long': 166.521, 'Time': Timestamp('2009-10-10 11:11:12'), 'mag': 5.1}, {'lat': -13.596, 'long': 166.521, 'Time': Timestamp('2009-10-10 11:11:12'), 'mag': 5.1}, {'lat': 41.808, 'long': 142.084, 'Time': Timestamp('2009-10-10 08:42:51'), 'mag': 5.1}]",4,19
840,2009-10-13 06:54:26.906,1,"[{'lat': 38.786, 'long': 70.704, 'Time': Timestamp('2009-10-13 12:47:20'), 'mag': 5.0}, {'lat': 38.786, 'long': 70.704, 'Time': Timestamp('2009-10-13 12:47:20'), 'mag': 5.0}]",2,22
841,2009-10-07 10:10:24.862,0,[],0,16
842,2009-10-15 13:29:23.722,0,[],0,24
843,2009-10-09 16:46:22.425,1,"[{'lat': -0.962, 'long': -77.817, 'Time': Timestamp('2009-10-09 18:11:39'), 'mag': 5.2}, {'lat': -0.962, 'long': -77.817, 'Time': Timestamp('2009-10-09 18:11:39'), 'mag': 5.2}, {'lat': -0.962, 'long': -77.817, 'Time': Timestamp('2009-10-09 18:11:39'), 'mag': 5.2}]",3,18
844,2009-10-16 00:51:22.769,1,"[{'lat': -11.947, 'long': 165.795, 'Time': Timestamp('2009-10-16 09:37:36'), 'mag': 5.0}, {'lat': -11.947, 'long': 165.795, 'Time': Timestamp('2009-10-16 09:37:36'), 'mag': 5.0}, {'lat': -11.947, 'long': 165.795, 'Time': Timestamp('2009-10-16 09:37:36'), 'mag': 5.0}]",3,24
845,2009-10-11 05:46:24.960,0,[],0,19
846,2009-10-09 09:01:21.028,0,[],0,17
847,2009-10-14 12:20:53.096,0,[],0,22
848,2009-10-05 15:38:23.240,0,[],0,13
849,2009-09-30 18:53:23.203,0,[],0,8
850,2009-10-18 22:06:53.256,1,"[{'lat': -11.261, 'long': 166.303, 'Time': Timestamp('2009-10-18 22:10:53'), 'mag': 5.0}, {'lat': -11.261, 'long': 166.303, 'Time': Timestamp('2009-10-18 22:10:53'), 'mag': 5.0}, {'lat': -13.061, 'long': 166.113, 'Time': Timestamp('2009-10-19 07:35:54'), 'mag': 5.3}]",3,26
851,2009-10-16 01:21:20.296,0,[],0,23
852,2009-10-14 06:16:25.566,0,[],0,21
853,2009-10-17 14:30:21.191,0,[],0,24
854,2009-10-04 20:59:53.876,0,[],0,11
855,2009-09-30 00:13:48.695,0,[],0,6
856,2009-10-03 05:08:23.529,0,[],0,9
857,2009-10-09 08:23:22.377,0,[],0,15
858,2009-10-23 11:42:23.117,0,[],0,29
859,2009-10-19 15:00:23.583,0,[],0,25
860,2009-10-09 18:15:50.433,0,[],0,15
861,2009-10-12 21:29:53.277,1,"[{'lat': 52.754, 'long': -166.997, 'Time': Timestamp('2009-10-13 05:37:23'), 'mag': 6.5}, {'lat': 52.719, 'long': -167.166, 'Time': Timestamp('2009-10-13 07:41:12'), 'mag': 5.3}, {'lat': 52.663, 'long': -167.183, 'Time': Timestamp('2009-10-13 07:46:25'), 'mag': 5.0}, {'lat': 52.754, 'long': -166.997, 'Time': Timestamp('2009-10-13 05:37:23'), 'mag': 6.5}, {'lat': 52.719, 'long': -167.166, 'Time': Timestamp('2009-10-13 07:41:12'), 'mag': 5.3}, {'lat': 52.663, 'long': -167.183, 'Time': Timestamp('2009-10-13 07:46:25'), 'mag': 5.0}]",6,18
862,2009-10-24 00:43:50.864,0,[],0,29
863,2009-10-09 05:38:24.382,0,[],0,14
864,2009-10-09 08:53:50.450,0,[],0,14
865,2009-10-21 12:12:53.518,0,[],0,26
866,2009-10-20 15:30:50.112,0,[],0,25
867,2009-10-08 18:45:52.275,0,[],0,13
868,2009-10-20 21:59:20.431,0,[],0,25
869,2009-10-03 01:13:22.045,0,[],0,7
870,2009-10-22 06:08:54.660,0,[],0,26
871,2009-10-08 09:24:20.963,0,[],0,12
872,2009-10-04 12:43:23.919,0,[],0,8
873,2009-10-22 16:00:53.973,0,[],0,26
874,2009-10-04 19:15:24.026,0,[],0,8
875,2009-10-21 22:29:24.079,0,[],0,25
876,2009-10-18 06:38:47.421,1,"[{'lat': -2.958, 'long': 68.061, 'Time': Timestamp('2009-10-18 14:14:04'), 'mag': 5.2}, {'lat': -2.958, 'long': 68.061, 'Time': Timestamp('2009-10-18 14:14:04'), 'mag': 5.2}, {'lat': -2.958, 'long': 68.061, 'Time': Timestamp('2009-10-18 14:14:04'), 'mag': 5.2}]",3,21
877,2009-10-21 09:54:54.461,0,[],0,24
878,2009-10-20 13:13:53.321,0,[],0,23
879,2009-10-12 22:58:53.480,1,"[{'lat': 52.754, 'long': -166.997, 'Time': Timestamp('2009-10-13 05:37:23'), 'mag': 6.5}, {'lat': 52.719, 'long': -167.166, 'Time': Timestamp('2009-10-13 07:41:12'), 'mag': 5.3}, {'lat': 52.663, 'long': -167.183, 'Time': Timestamp('2009-10-13 07:46:25'), 'mag': 5.0}, {'lat': 52.754, 'long': -166.997, 'Time': Timestamp('2009-10-13 05:37:23'), 'mag': 6.5}, {'lat': 52.719, 'long': -167.166, 'Time': Timestamp('2009-10-13 07:41:12'), 'mag': 5.3}, {'lat': 52.663, 'long': -167.183, 'Time': Timestamp('2009-10-13 07:46:25'), 'mag': 5.0}, {'lat': -13.504, 'long': 166.592, 'Time': Timestamp('2009-10-13 00:21:35'), 'mag': 5.1}, {'lat': -13.504, 'long': 166.592, 'Time': Timestamp('2009-10-13 00:21:35'), 'mag': 5.1}, {'lat': -13.504, 'long': 166.592, 'Time': Timestamp('2009-10-13 00:21:35'), 'mag': 5.1}]",9,15
880,2009-10-10 08:45:50.627,0,[],0,12
881,2009-10-24 12:04:53.695,0,[],0,26
882,2009-10-14 15:22:48.849,1,"[{'lat': -4.602, 'long': -80.21, 'Time': Timestamp('2009-10-15 01:43:00'), 'mag': 5.0}, {'lat': -4.602, 'long': -80.21, 'Time': Timestamp('2009-10-15 01:43:00'), 'mag': 5.0}, {'lat': -4.602, 'long': -80.21, 'Time': Timestamp('2009-10-15 01:43:00'), 'mag': 5.0}]",3,16
883,2009-10-06 18:37:52.452,0,[],0,8
884,2009-10-15 21:51:52.047,0,[],0,17
885,2009-10-29 01:05:49.566,1,"[{'lat': 1.258, 'long': 126.197, 'Time': Timestamp('2009-10-29 05:21:20'), 'mag': 5.2}, {'lat': -5.26, 'long': 140.377, 'Time': Timestamp('2009-10-29 01:34:00'), 'mag': 5.1}, {'lat': 1.258, 'long': 126.197, 'Time': Timestamp('2009-10-29 05:21:20'), 'mag': 5.2}, {'lat': -5.26, 'long': 140.377, 'Time': Timestamp('2009-10-29 01:34:00'), 'mag': 5.1}, {'lat': 1.258, 'long': 126.197, 'Time': Timestamp('2009-10-29 05:21:20'), 'mag': 5.2}, {'lat': -5.26, 'long': 140.377, 'Time': Timestamp('2009-10-29 01:34:00'), 'mag': 5.1}]",6,30
886,2009-10-13 06:00:56.165,1,"[{'lat': 38.786, 'long': 70.704, 'Time': Timestamp('2009-10-13 12:47:20'), 'mag': 5.0}, {'lat': 38.786, 'long': 70.704, 'Time': Timestamp('2009-10-13 12:47:20'), 'mag': 5.0}, {'lat': 38.786, 'long': 70.704, 'Time': Timestamp('2009-10-13 12:47:20'), 'mag': 5.0}]",3,14
887,2009-10-23 09:16:22.468,0,[],0,24
888,2009-10-08 12:35:23.096,1,"[{'lat': -4.878, 'long': -11.593, 'Time': Timestamp('2009-10-08 19:09:38'), 'mag': 5.1}, {'lat': -4.878, 'long': -11.593, 'Time': Timestamp('2009-10-08 19:09:38'), 'mag': 5.1}, {'lat': -4.878, 'long': -11.593, 'Time': Timestamp('2009-10-08 19:09:38'), 'mag': 5.1}]",3,9
889,2009-10-17 15:52:52.681,0,[],0,18
890,2009-10-18 19:07:53.203,0,[],0,19
891,2009-10-20 22:21:23.256,0,[],0,21
892,2009-10-12 01:35:50.731,0,[],0,12
893,2009-10-13 06:30:48.814,1,"[{'lat': 38.786, 'long': 70.704, 'Time': Timestamp('2009-10-13 12:47:20'), 'mag': 5.0}, {'lat': 38.786, 'long': 70.704, 'Time': Timestamp('2009-10-13 12:47:20'), 'mag': 5.0}]",2,13
894,2009-10-23 09:46:52.114,0,[],0,23
895,2009-10-09 13:05:53.742,0,[],0,9
896,2009-10-07 22:51:23.901,1,"[{'lat': -16.739, 'long': -172.4, 'Time': Timestamp('2009-10-07 23:38:08'), 'mag': 5.3}, {'lat': -16.739, 'long': -172.4, 'Time': Timestamp('2009-10-07 23:38:08'), 'mag': 5.3}, {'lat': -16.739, 'long': -172.4, 'Time': Timestamp('2009-10-07 23:38:08'), 'mag': 5.3}, {'lat': -12.827, 'long': 165.886, 'Time': Timestamp('2009-10-07 22:55:43'), 'mag': 5.2}, {'lat': -12.478, 'long': 166.326, 'Time': Timestamp('2009-10-07 23:03:35'), 'mag': 5.0}, {'lat': -13.093, 'long': 166.497, 'Time': Timestamp('2009-10-07 23:13:48'), 'mag': 7.4}, {'lat': -12.564, 'long': 165.957, 'Time': Timestamp('2009-10-07 23:23:28'), 'mag': 5.5}, {'lat': -12.107, 'long': 166.015, 'Time': Timestamp('2009-10-07 23:26:06'), 'mag': 5.3}, {'lat': -13.039, 'long': 166.193, 'Time': Timestamp('2009-10-07 23:41:14'), 'mag': 5.0}, {'lat': -11.26, 'long': 167.074, 'Time': Timestamp('2009-10-08 00:25:07'), 'mag': 5.2}, {'lat': -12.798, 'long': 166.204, 'Time': Timestamp('2009-10-08 01:08:36'), 'mag': 5.3}, {'lat': -12.639, 'long': 166.493, 'Time': Timestamp('2009-10-08 01:19:27'), 'mag': 5.0}, {'lat': -11.293, 'long': 165.668, 'Time': Timestamp('2009-10-08 01:42:44'), 'mag': 5.0}, {'lat': -11.898, 'long': 165.96, 'Time': Timestamp('2009-10-08 01:59:19'), 'mag': 5.9}, {'lat': -11.889, 'long': 165.834, 'Time': Timestamp('2009-10-08 02:02:39'), 'mag': 5.3}, {'lat': -11.66, 'long': 166.177, 'Time': Timestamp('2009-10-08 02:12:39'), 'mag': 5.8}, {'lat': -12.707, 'long': 165.903, 'Time': Timestamp('2009-10-08 03:40:54'), 'mag': 5.1}, {'lat': -13.021, 'long': 166.031, 'Time': Timestamp('2009-10-08 04:17:53'), 'mag': 5.3}, {'lat': -12.922, 'long': 166.004, 'Time': Timestamp('2009-10-08 04:38:50'), 'mag': 5.0}, {'lat': -11.437, 'long': 165.717, 'Time': Timestamp('2009-10-08 06:07:11'), 'mag': 5.0}, {'lat': -12.237, 'long': 166.489, 'Time': Timestamp('2009-10-08 08:34:36'), 'mag': 6.0}, {'lat': -11.263, 'long': 165.819, 'Time': Timestamp('2009-10-08 10:11:07'), 'mag': 6.1}, {'lat': -12.267, 'long': 165.447, 'Time': Timestamp('2009-10-08 10:47:23'), 'mag': 5.2}, {'lat': -12.827, 'long': 165.886, 'Time': Timestamp('2009-10-07 22:55:43'), 'mag': 5.2}, {'lat': -12.478, 'long': 166.326, 'Time': Timestamp('2009-10-07 23:03:35'), 'mag': 5.0}, {'lat': -13.093, 'long': 166.497, 'Time': Timestamp('2009-10-07 23:13:48'), 'mag': 7.4}, {'lat': -12.564, 'long': 165.957, 'Time': Timestamp('2009-10-07 23:23:28'), 'mag': 5.5}, {'lat': -12.107, 'long': 166.015, 'Time': Timestamp('2009-10-07 23:26:06'), 'mag': 5.3}, {'lat': -13.24, 'long': 166.554, 'Time': Timestamp('2009-10-07 23:29:27'), 'mag': 5.0}, {'lat': -13.039, 'long': 166.193, 'Time': Timestamp('2009-10-07 23:41:14'), 'mag': 5.0}, {'lat': -13.538, 'long': 166.399, 'Time': Timestamp('2009-10-07 23:48:52'), 'mag': 5.7}, {'lat': -13.235, 'long': 166.356, 'Time': Timestamp('2009-10-07 23:54:16'), 'mag': 5.8}, {'lat': -13.22, 'long': 166.423, 'Time': Timestamp('2009-10-08 00:15:20'), 'mag': 5.0}, {'lat': -13.285, 'long': 166.142, 'Time': Timestamp('2009-10-08 00:22:04'), 'mag': 5.1}, {'lat': -11.26, 'long': 167.074, 'Time': Timestamp('2009-10-08 00:25:07'), 'mag': 5.2}, {'lat': -12.798, 'long': 166.204, 'Time': Timestamp('2009-10-08 01:08:36'), 'mag': 5.3}, {'lat': -12.639, 'long': 166.493, 'Time': Timestamp('2009-10-08 01:19:27'), 'mag': 5.0}, {'lat': -13.45, 'long': 166.489, 'Time': Timestamp('2009-10-08 01:31:00'), 'mag': 5.2}, {'lat': -11.293, 'long': 165.668, 'Time': Timestamp('2009-10-08 01:42:44'), 'mag': 5.0}, {'lat': -11.898, 'long': 165.96, 'Time': Timestamp('2009-10-08 01:59:19'), 'mag': 5.9}, {'lat': -11.889, 'long': 165.834, 'Time': Timestamp('2009-10-08 02:02:39'), 'mag': 5.3}, {'lat': -11.66, 'long': 166.177, 'Time': Timestamp('2009-10-08 02:12:39'), 'mag': 5.8}, {'lat': -12.707, 'long': 165.903, 'Time': Timestamp('2009-10-08 03:40:54'), 'mag': 5.1}, {'lat': -13.021, 'long': 166.031, 'Time': Timestamp('2009-10-08 04:17:53'), 'mag': 5.3}, {'lat': -12.922, 'long': 166.004, 'Time': Timestamp('2009-10-08 04:38:50'), 'mag': 5.0}, {'lat': -11.437, 'long': 165.717, 'Time': Timestamp('2009-10-08 06:07:11'), 'mag': 5.0}, {'lat': -13.298, 'long': 165.91, 'Time': Timestamp('2009-10-08 08:28:47'), 'mag': 6.8}, {'lat': -12.237, 'long': 166.489, 'Time': Timestamp('2009-10-08 08:34:36'), 'mag': 6.0}, {'lat': -11.263, 'long': 165.819, 'Time': Timestamp('2009-10-08 10:11:07'), 'mag': 6.1}, {'lat': -12.267, 'long': 165.447, 'Time': Timestamp('2009-10-08 10:47:23'), 'mag': 5.2}, {'lat': -12.827, 'long': 165.886, 'Time': Timestamp('2009-10-07 22:55:43'), 'mag': 5.2}, {'lat': -12.478, 'long': 166.326, 'Time': Timestamp('2009-10-07 23:03:35'), 'mag': 5.0}, {'lat': -13.093, 'long': 166.497, 'Time': Timestamp('2009-10-07 23:13:48'), 'mag': 7.4}, {'lat': -12.564, 'long': 165.957, 'Time': Timestamp('2009-10-07 23:23:28'), 'mag': 5.5}, {'lat': -12.107, 'long': 166.015, 'Time': Timestamp('2009-10-07 23:26:06'), 'mag': 5.3}, {'lat': -13.24, 'long': 166.554, 'Time': Timestamp('2009-10-07 23:29:27'), 'mag': 5.0}, {'lat': -13.039, 'long': 166.193, 'Time': Timestamp('2009-10-07 23:41:14'), 'mag': 5.0}, {'lat': -13.538, 'long': 166.399, 'Time': Timestamp('2009-10-07 23:48:52'), 'mag': 5.7}, {'lat': -13.235, 'long': 166.356, 'Time': Timestamp('2009-10-07 23:54:16'), 'mag': 5.8}, {'lat': -13.22, 'long': 166.423, 'Time': Timestamp('2009-10-08 00:15:20'), 'mag': 5.0}, {'lat': -13.285, 'long': 166.142, 'Time': Timestamp('2009-10-08 00:22:04'), 'mag': 5.1}, {'lat': -11.26, 'long': 167.074, 'Time': Timestamp('2009-10-08 00:25:07'), 'mag': 5.2}, {'lat': -12.798, 'long': 166.204, 'Time': Timestamp('2009-10-08 01:08:36'), 'mag': 5.3}, {'lat': -12.639, 'long': 166.493, 'Time': Timestamp('2009-10-08 01:19:27'), 'mag': 5.0}, {'lat': -13.45, 'long': 166.489, 'Time': Timestamp('2009-10-08 01:31:00'), 'mag': 5.2}, {'lat': -11.293, 'long': 165.668, 'Time': Timestamp('2009-10-08 01:42:44'), 'mag': 5.0}, {'lat': -11.898, 'long': 165.96, 'Time': Timestamp('2009-10-08 01:59:19'), 'mag': 5.9}, {'lat': -11.889, 'long': 165.834, 'Time': Timestamp('2009-10-08 02:02:39'), 'mag': 5.3}, {'lat': -11.66, 'long': 166.177, 'Time': Timestamp('2009-10-08 02:12:39'), 'mag': 5.8}, {'lat': -12.707, 'long': 165.903, 'Time': Timestamp('2009-10-08 03:40:54'), 'mag': 5.1}, {'lat': -13.021, 'long': 166.031, 'Time': Timestamp('2009-10-08 04:17:53'), 'mag': 5.3}, {'lat': -12.922, 'long': 166.004, 'Time': Timestamp('2009-10-08 04:38:50'), 'mag': 5.0}, {'lat': -11.437, 'long': 165.717, 'Time': Timestamp('2009-10-08 06:07:11'), 'mag': 5.0}, {'lat': -13.298, 'long': 165.91, 'Time': Timestamp('2009-10-08 08:28:47'), 'mag': 6.8}, {'lat': -12.237, 'long': 166.489, 'Time': Timestamp('2009-10-08 08:34:36'), 'mag': 6.0}, {'lat': -11.263, 'long': 165.819, 'Time': Timestamp('2009-10-08 10:11:07'), 'mag': 6.1}, {'lat': -12.267, 'long': 165.447, 'Time': Timestamp('2009-10-08 10:47:23'), 'mag': 5.2}, {'lat': -13.538, 'long': 166.399, 'Time': Timestamp('2009-10-07 23:48:52'), 'mag': 5.7}]",78,7
897,2009-10-11 08:37:52.376,0,[],0,10
898,2009-10-13 11:56:53.116,0,[],0,12
899,2009-10-19 15:15:25.023,0,[],0,18
900,2009-10-15 18:30:20.434,0,[],0,14
901,2009-10-28 21:43:50.140,1,"[{'lat': -15.794, 'long': -173.388, 'Time': Timestamp('2009-10-28 23:56:40'), 'mag': 5.5}, {'lat': -15.794, 'long': -173.388, 'Time': Timestamp('2009-10-28 23:56:40'), 'mag': 5.5}]",2,27
902,2009-10-09 00:58:23.631,1,"[{'lat': -12.846, 'long': 166.563, 'Time': Timestamp('2009-10-09 03:47:29'), 'mag': 5.1}, {'lat': -13.232, 'long': 166.282, 'Time': Timestamp('2009-10-09 07:33:28'), 'mag': 5.6}, {'lat': -11.715, 'long': 165.978, 'Time': Timestamp('2009-10-09 09:14:42'), 'mag': 5.6}, {'lat': -12.846, 'long': 166.563, 'Time': Timestamp('2009-10-09 03:47:29'), 'mag': 5.1}, {'lat': -13.232, 'long': 166.282, 'Time': Timestamp('2009-10-09 07:33:28'), 'mag': 5.6}, {'lat': -11.715, 'long': 165.978, 'Time': Timestamp('2009-10-09 09:14:42'), 'mag': 5.6}, {'lat': -12.846, 'long': 166.563, 'Time': Timestamp('2009-10-09 03:47:29'), 'mag': 5.1}, {'lat': -13.232, 'long': 166.282, 'Time': Timestamp('2009-10-09 07:33:28'), 'mag': 5.6}, {'lat': -11.715, 'long': 165.978, 'Time': Timestamp('2009-10-09 09:14:42'), 'mag': 5.6}]",9,7
903,2009-10-14 05:52:55.709,0,[],0,12
904,2009-10-07 09:08:23.217,0,[],0,5
905,2009-10-22 12:27:53.518,0,[],0,20
906,2009-10-24 15:45:22.333,0,[],0,22
907,2009-10-26 19:00:22.386,0,[],0,24
908,2009-10-16 22:13:53.678,0,[],0,14
909,2009-10-22 06:23:24.659,0,[],0,19
910,2009-10-21 09:38:52.290,0,[],0,18
911,2009-10-15 12:58:23.918,0,[],0,12
912,2009-10-14 16:15:23.972,1,"[{'lat': -4.602, 'long': -80.21, 'Time': Timestamp('2009-10-15 01:43:00'), 'mag': 5.0}, {'lat': 1.111, 'long': -85.322, 'Time': Timestamp('2009-10-15 03:34:28'), 'mag': 5.5}, {'lat': 1.111, 'long': -85.322, 'Time': Timestamp('2009-10-15 03:34:28'), 'mag': 5.5}, {'lat': 1.111, 'long': -85.322, 'Time': Timestamp('2009-10-15 03:34:28'), 'mag': 5.5}]",4,11
913,2009-10-23 19:29:54.338,0,[],0,20
914,2009-10-10 22:43:24.078,1,"[{'lat': -11.615, 'long': 165.171, 'Time': Timestamp('2009-10-11 03:12:22'), 'mag': 5.2}, {'lat': -11.615, 'long': 165.171, 'Time': Timestamp('2009-10-11 03:12:22'), 'mag': 5.2}, {'lat': -13.003, 'long': 166.116, 'Time': Timestamp('2009-10-11 04:47:51'), 'mag': 5.7}, {'lat': -22.0, 'long': 170.248, 'Time': Timestamp('2009-10-11 03:12:13'), 'mag': 6.0}, {'lat': -11.615, 'long': 165.171, 'Time': Timestamp('2009-10-11 03:12:22'), 'mag': 5.2}, {'lat': -13.003, 'long': 166.116, 'Time': Timestamp('2009-10-11 04:47:51'), 'mag': 5.7}, {'lat': -22.0, 'long': 170.248, 'Time': Timestamp('2009-10-11 03:12:13'), 'mag': 6.0}, {'lat': -13.003, 'long': 166.116, 'Time': Timestamp('2009-10-11 04:47:51'), 'mag': 5.7}, {'lat': -22.0, 'long': 170.248, 'Time': Timestamp('2009-10-11 03:12:13'), 'mag': 6.0}]",9,7
915,2009-10-18 08:30:18.897,0,[],0,14
916,2009-10-20 11:49:23.293,0,[],0,16
917,2009-11-03 15:07:22.432,1,"[{'lat': -25.694, 'long': -70.2, 'Time': Timestamp('2009-11-04 01:35:44'), 'mag': 5.1}, {'lat': -25.694, 'long': -70.2, 'Time': Timestamp('2009-11-04 01:35:44'), 'mag': 5.1}]",2,30
918,2009-10-24 21:36:18.989,1,"[{'lat': -23.091, 'long': -179.205, 'Time': Timestamp('2009-10-25 07:53:52'), 'mag': 6.0}, {'lat': -23.091, 'long': -179.205, 'Time': Timestamp('2009-10-25 07:53:52'), 'mag': 6.0}]",2,20
919,2009-10-17 00:50:18.272,0,[],0,12
920,2009-10-25 05:45:24.558,1,"[{'lat': 34.848, 'long': 80.38, 'Time': Timestamp('2009-10-25 11:40:49'), 'mag': 5.0}, {'lat': 34.848, 'long': 80.38, 'Time': Timestamp('2009-10-25 11:40:49'), 'mag': 5.0}, {'lat': 34.848, 'long': 80.38, 'Time': Timestamp('2009-10-25 11:40:49'), 'mag': 5.0}]",3,20
921,2009-10-19 09:00:50.626,0,[],0,14
922,2009-10-19 12:19:53.694,0,[],0,14
923,2009-11-04 15:37:23.837,1,"[{'lat': 10.728, 'long': -86.426, 'Time': Timestamp('2009-11-05 01:46:21'), 'mag': 5.1}, {'lat': 10.728, 'long': -86.426, 'Time': Timestamp('2009-11-05 01:46:21'), 'mag': 5.1}, {'lat': 10.728, 'long': -86.426, 'Time': Timestamp('2009-11-05 01:46:21'), 'mag': 5.1}]",3,30
924,2009-10-15 18:52:23.801,0,[],0,10
925,2009-11-04 07:53:51.548,0,[],0,29
926,2009-10-23 11:10:54.068,0,[],0,17
927,2009-10-23 14:29:21.761,0,[],0,17
928,2009-10-15 17:45:23.154,1,"[{'lat': 3.272, 'long': -103.823, 'Time': Timestamp('2009-10-15 17:48:21'), 'mag': 6.0}, {'lat': 3.272, 'long': -103.823, 'Time': Timestamp('2009-10-15 17:48:21'), 'mag': 6.0}]",2,9
929,2009-10-21 20:58:53.228,0,[],0,15
930,2009-10-22 00:12:50.603,0,[],0,15
931,2009-10-29 03:29:53.748,1,"[{'lat': 1.258, 'long': 126.197, 'Time': Timestamp('2009-10-29 05:21:20'), 'mag': 5.2}, {'lat': 1.258, 'long': 126.197, 'Time': Timestamp('2009-10-29 05:21:20'), 'mag': 5.2}, {'lat': 1.258, 'long': 126.197, 'Time': Timestamp('2009-10-29 05:21:20'), 'mag': 5.2}, {'lat': 32.522, 'long': 105.238, 'Time': Timestamp('2009-10-29 13:28:01'), 'mag': 5.2}, {'lat': 32.522, 'long': 105.238, 'Time': Timestamp('2009-10-29 13:28:01'), 'mag': 5.2}, {'lat': 32.522, 'long': 105.238, 'Time': Timestamp('2009-10-29 13:28:01'), 'mag': 5.2}]",6,22
932,2009-11-03 06:45:53.032,0,[],0,27
933,2009-10-31 10:01:54.886,0,[],0,24
934,2009-10-16 13:20:53.746,1,"[{'lat': -18.605, 'long': -63.416, 'Time': Timestamp('2009-10-16 23:31:04'), 'mag': 5.0}, {'lat': -18.605, 'long': -63.416, 'Time': Timestamp('2009-10-16 23:31:04'), 'mag': 5.0}]",2,9
935,2009-10-12 16:37:48.353,1,"[{'lat': 15.216, 'long': -105.208, 'Time': Timestamp('2009-10-12 20:03:37'), 'mag': 5.3}, {'lat': 15.75, 'long': -105.25, 'Time': Timestamp('2009-10-12 20:10:00'), 'mag': 5.1}, {'lat': 15.216, 'long': -105.208, 'Time': Timestamp('2009-10-12 20:03:37'), 'mag': 5.3}, {'lat': 15.75, 'long': -105.25, 'Time': Timestamp('2009-10-12 20:10:00'), 'mag': 5.1}]",4,5
936,2009-11-01 19:51:53.852,0,[],0,25
937,2009-10-25 23:05:53.905,0,[],0,18
938,2009-10-16 07:15:53.236,0,[],0,8
939,2009-10-26 10:32:24.287,0,[],0,18
940,2009-11-04 13:51:23.146,1,"[{'lat': 36.155, 'long': -33.878, 'Time': Timestamp('2009-11-04 18:41:43'), 'mag': 5.9}, {'lat': 36.155, 'long': -33.878, 'Time': Timestamp('2009-11-04 18:41:43'), 'mag': 5.9}, {'lat': 36.155, 'long': -33.878, 'Time': Timestamp('2009-11-04 18:41:43'), 'mag': 5.9}]",3,27
941,2009-10-22 17:07:51.850,0,[],0,14
942,2009-11-02 20:21:53.253,0,[],0,25
943,2009-10-27 23:35:23.306,1,"[{'lat': 53.699, 'long': 160.536, 'Time': Timestamp('2009-10-28 08:36:29'), 'mag': 5.0}, {'lat': 53.699, 'long': 160.536, 'Time': Timestamp('2009-10-28 08:36:29'), 'mag': 5.0}]",2,19
944,2009-11-07 07:46:17.212,0,[],0,29
945,2009-10-21 11:02:53.494,0,[],0,12
946,2009-10-20 14:21:53.404,0,[],0,11
947,2009-11-07 17:37:20.811,0,[],0,29
948,2009-11-05 06:37:53.446,1,"[{'lat': 12.108, 'long': 45.907, 'Time': Timestamp('2009-11-05 07:12:32'), 'mag': 5.6}, {'lat': 12.075, 'long': 45.924, 'Time': Timestamp('2009-11-05 07:57:30'), 'mag': 5.4}, {'lat': 12.101, 'long': 45.903, 'Time': Timestamp('2009-11-05 08:05:49'), 'mag': 5.2}, {'lat': 12.108, 'long': 45.907, 'Time': Timestamp('2009-11-05 07:12:32'), 'mag': 5.6}, {'lat': 12.075, 'long': 45.924, 'Time': Timestamp('2009-11-05 07:57:30'), 'mag': 5.4}, {'lat': 12.101, 'long': 45.903, 'Time': Timestamp('2009-11-05 08:05:49'), 'mag': 5.2}, {'lat': 12.108, 'long': 45.907, 'Time': Timestamp('2009-11-05 07:12:32'), 'mag': 5.6}, {'lat': 12.075, 'long': 45.924, 'Time': Timestamp('2009-11-05 07:57:30'), 'mag': 5.4}, {'lat': 12.101, 'long': 45.903, 'Time': Timestamp('2009-11-05 08:05:49'), 'mag': 5.2}]",9,26
949,2009-10-25 09:53:55.062,0,[],0,15
950,2009-11-06 13:12:53.922,0,[],0,27
951,2009-10-30 16:29:53.976,0,[],0,20
952,2009-10-28 19:44:24.029,0,[],0,18
953,2009-10-20 22:57:53.082,0,[],0,10
954,2009-10-20 07:08:26.508,0,[],0,9
955,2009-10-24 10:24:21.695,0,[],0,13
956,2009-11-08 13:43:21.515,0,[],0,28
957,2009-10-18 16:59:53.355,0,[],0,7
958,2009-10-23 21:50:51.649,0,[],0,12
959,2009-10-26 01:04:50.496,1,"[{'lat': -3.842, 'long': 151.227, 'Time': Timestamp('2009-10-26 01:39:05'), 'mag': 5.2}, {'lat': -3.842, 'long': 151.227, 'Time': Timestamp('2009-10-26 01:39:05'), 'mag': 5.2}]",2,14
960,2009-11-03 05:59:51.670,0,[],0,22
961,2009-10-27 13:35:53.752,0,[],0,13
962,2009-11-07 23:20:23.911,0,[],0,24
963,2009-11-03 07:30:54.234,0,[],0,19
964,2009-11-06 10:47:22.965,0,[],0,22
965,2009-11-04 14:05:44.593,1,"[{'lat': 36.155, 'long': -33.878, 'Time': Timestamp('2009-11-04 18:41:43'), 'mag': 5.9}, {'lat': 36.155, 'long': -33.878, 'Time': Timestamp('2009-11-04 18:41:43'), 'mag': 5.9}, {'lat': 36.155, 'long': -33.878, 'Time': Timestamp('2009-11-04 18:41:43'), 'mag': 5.9}]",3,20
966,2009-11-13 17:22:23.184,0,[],0,29
967,2009-10-30 20:33:20.691,0,[],0,15
968,2009-11-03 23:49:53.312,0,[],0,19
969,2009-10-24 08:00:49.652,0,[],0,8
970,2009-11-03 11:17:53.500,1,"[{'lat': -56.93, 'long': -24.935, 'Time': Timestamp('2009-11-03 11:30:06'), 'mag': 5.4}, {'lat': -56.93, 'long': -24.935, 'Time': Timestamp('2009-11-03 11:30:06'), 'mag': 5.4}]",2,18
971,2009-11-14 14:36:19.760,1,"[{'lat': -22.965, 'long': -66.641, 'Time': Timestamp('2009-11-14 19:44:29'), 'mag': 6.2}, {'lat': -22.965, 'long': -66.641, 'Time': Timestamp('2009-11-14 19:44:29'), 'mag': 6.2}, {'lat': -22.965, 'long': -66.641, 'Time': Timestamp('2009-11-14 19:44:29'), 'mag': 6.2}]",3,29
972,2009-10-22 17:51:50.817,0,[],0,6
973,2009-11-13 21:04:53.973,0,[],0,28
974,2009-11-08 00:19:48.479,0,[],0,22
975,2009-11-04 05:14:26.204,0,[],0,18
976,2009-11-06 08:29:20.834,0,[],0,20
977,2009-11-06 11:48:23.900,0,[],0,20
978,2009-10-25 15:06:23.040,0,[],0,8
979,2009-10-25 18:21:51.218,1,"[{'lat': 19.094, 'long': -107.868, 'Time': Timestamp('2009-10-26 01:30:36'), 'mag': 5.0}]",1,8
980,2009-11-04 21:35:19.597,1,"[{'lat': -17.75, 'long': -176.25, 'Time': Timestamp('2009-11-05 06:00:40'), 'mag': 5.0}, {'lat': -17.568, 'long': -176.887, 'Time': Timestamp('2009-11-05 06:04:55'), 'mag': 5.3}, {'lat': -17.75, 'long': -176.25, 'Time': Timestamp('2009-11-05 06:11:52'), 'mag': 5.0}, {'lat': -17.75, 'long': -176.25, 'Time': Timestamp('2009-11-05 06:00:40'), 'mag': 5.0}, {'lat': -17.568, 'long': -176.887, 'Time': Timestamp('2009-11-05 06:04:55'), 'mag': 5.3}, {'lat': -17.75, 'long': -176.25, 'Time': Timestamp('2009-11-05 06:11:52'), 'mag': 5.0}, {'lat': -17.75, 'long': -176.25, 'Time': Timestamp('2009-11-05 06:00:40'), 'mag': 5.0}, {'lat': -17.568, 'long': -176.887, 'Time': Timestamp('2009-11-05 06:04:55'), 'mag': 5.3}, {'lat': -17.75, 'long': -176.25, 'Time': Timestamp('2009-11-05 06:11:52'), 'mag': 5.0}]",9,18
981,2009-11-05 00:49:17.880,1,"[{'lat': -52.292, 'long': 160.703, 'Time': Timestamp('2009-11-05 09:43:20'), 'mag': 6.0}, {'lat': -2.606, 'long': 138.949, 'Time': Timestamp('2009-11-05 04:17:17'), 'mag': 5.4}, {'lat': -2.606, 'long': 138.949, 'Time': Timestamp('2009-11-05 04:17:17'), 'mag': 5.4}, {'lat': -2.606, 'long': 138.949, 'Time': Timestamp('2009-11-05 04:17:17'), 'mag': 5.4}]",4,18
982,2009-10-23 05:44:28.262,1,"[{'lat': 34.898, 'long': 99.457, 'Time': Timestamp('2009-10-23 11:32:14'), 'mag': 5.1}, {'lat': 34.898, 'long': 99.457, 'Time': Timestamp('2009-10-23 11:32:14'), 'mag': 5.1}, {'lat': 34.898, 'long': 99.457, 'Time': Timestamp('2009-10-23 11:32:14'), 'mag': 5.1}, {'lat': -12.392, 'long': 65.208, 'Time': Timestamp('2009-10-23 11:37:54'), 'mag': 5.4}, {'lat': -12.392, 'long': 65.208, 'Time': Timestamp('2009-10-23 11:37:54'), 'mag': 5.4}, {'lat': -12.392, 'long': 65.208, 'Time': Timestamp('2009-10-23 11:37:54'), 'mag': 5.4}]",6,5
983,2009-11-02 08:59:50.234,0,[],0,15
984,2009-11-17 12:18:53.302,0,[],0,30
985,2009-11-16 15:36:52.118,1,"[{'lat': -19.556, 'long': -70.365, 'Time': Timestamp('2009-11-16 18:34:24'), 'mag': 5.2}, {'lat': -19.556, 'long': -70.365, 'Time': Timestamp('2009-11-16 18:34:24'), 'mag': 5.2}, {'lat': -19.556, 'long': -70.365, 'Time': Timestamp('2009-11-16 18:34:24'), 'mag': 5.2}]",3,29
986,2009-10-31 23:42:23.489,0,[],0,13
987,2009-11-16 07:51:18.276,0,[],0,28
988,2009-11-08 11:09:53.676,0,[],0,20
989,2009-11-06 14:28:19.601,0,[],0,18
990,2009-11-06 17:44:23.762,0,[],0,18
991,2009-10-26 20:57:24.149,0,[],0,7
992,2009-11-17 00:11:49.983,0,[],0,28
993,2009-11-04 05:07:02.899,0,[],0,15
994,2009-11-18 08:23:25.218,0,[],0,29
995,2009-10-27 11:40:24.077,0,[],0,7
996,2009-11-07 14:58:52.217,0,[],0,18
997,2009-10-28 18:14:19.066,0,[],0,8
998,2009-11-13 07:14:52.595,0,[],0,23
999,2009-11-07 10:31:19.333,0,[],0,17
1000,2009-11-04 13:50:23.761,1,"[{'lat': 36.155, 'long': -33.878, 'Time': Timestamp('2009-11-04 18:41:43'), 'mag': 5.9}, {'lat': 36.155, 'long': -33.878, 'Time': Timestamp('2009-11-04 18:41:43'), 'mag': 5.9}, {'lat': 36.155, 'long': -33.878, 'Time': Timestamp('2009-11-04 18:41:43'), 'mag': 5.9}]",3,14
1001,2009-11-14 23:34:23.921,1,"[{'lat': -6.665, 'long': 155.123, 'Time': Timestamp('2009-11-15 05:05:50'), 'mag': 5.0}, {'lat': -6.665, 'long': 155.123, 'Time': Timestamp('2009-11-15 05:05:50'), 'mag': 5.0}, {'lat': -6.665, 'long': 155.123, 'Time': Timestamp('2009-11-15 05:05:50'), 'mag': 5.0}]",3,24
1002,2009-11-13 07:45:17.827,0,[],0,22
1003,2009-11-10 11:01:53.109,0,[],0,19
1004,2009-11-05 14:20:53.018,0,[],0,14
1005,2009-11-14 22:27:23.295,0,[],0,23
1006,2009-11-12 08:13:46.893,0,[],0,20
1007,2009-11-13 11:32:23.509,1,"[{'lat': -38.5, 'long': -15.5, 'Time': Timestamp('2009-11-13 20:40:32'), 'mag': 5.1}, {'lat': -38.5, 'long': -15.5, 'Time': Timestamp('2009-11-13 20:40:32'), 'mag': 5.1}]",2,21
1008,2009-11-08 14:50:52.537,0,[],0,16
1009,2009-11-22 18:06:20.827,0,[],0,30
1010,2009-11-08 23:56:53.689,1,"[{'lat': 52.3, 'long': -168.493, 'Time': Timestamp('2009-11-09 01:14:00'), 'mag': 5.1}, {'lat': 52.3, 'long': -168.493, 'Time': Timestamp('2009-11-09 01:14:00'), 'mag': 5.1}, {'lat': 52.3, 'long': -168.493, 'Time': Timestamp('2009-11-09 01:14:00'), 'mag': 5.1}, {'lat': -17.239, 'long': 178.331, 'Time': Timestamp('2009-11-09 10:44:55'), 'mag': 7.3}, {'lat': -17.239, 'long': 178.331, 'Time': Timestamp('2009-11-09 10:44:55'), 'mag': 7.3}, {'lat': -17.239, 'long': 178.331, 'Time': Timestamp('2009-11-09 10:44:55'), 'mag': 7.3}]",6,14
1011,2009-11-03 06:29:23.127,0,[],0,8
1012,2009-11-12 09:44:52.086,0,[],0,17
1013,2009-11-13 13:04:23.713,0,[],0,18
1014,2009-11-04 16:21:23.768,1,"[{'lat': 10.728, 'long': -86.426, 'Time': Timestamp('2009-11-05 01:46:21'), 'mag': 5.1}, {'lat': 10.728, 'long': -86.426, 'Time': Timestamp('2009-11-05 01:46:21'), 'mag': 5.1}, {'lat': 10.728, 'long': -86.426, 'Time': Timestamp('2009-11-05 01:46:21'), 'mag': 5.1}]",3,9
1015,2009-11-23 19:35:53.821,0,[],0,28
1016,2009-11-21 22:49:23.873,1,"[{'lat': -17.794, 'long': -178.425, 'Time': Timestamp('2009-11-22 07:48:20'), 'mag': 6.4}, {'lat': -17.794, 'long': -178.425, 'Time': Timestamp('2009-11-22 07:48:20'), 'mag': 6.4}, {'lat': -31.407, 'long': -178.882, 'Time': Timestamp('2009-11-21 22:52:17'), 'mag': 5.2}, {'lat': -17.794, 'long': -178.425, 'Time': Timestamp('2009-11-22 07:48:20'), 'mag': 6.4}, {'lat': -31.407, 'long': -178.882, 'Time': Timestamp('2009-11-21 22:52:17'), 'mag': 5.2}, {'lat': -31.407, 'long': -178.882, 'Time': Timestamp('2009-11-21 22:52:17'), 'mag': 5.2}]",6,26
1017,2009-11-04 08:36:19.692,0,[],0,8
1018,2009-11-10 11:55:23.088,0,[],0,14
1019,2009-11-16 15:13:20.899,1,"[{'lat': -19.556, 'long': -70.365, 'Time': Timestamp('2009-11-16 18:34:24'), 'mag': 5.2}]",1,20
1020,2009-11-16 18:28:23.195,0,[],0,20
1021,2009-11-21 07:29:53.599,0,[],0,24
1022,2009-11-24 10:46:23.328,0,[],0,27
1023,2009-11-09 14:04:44.956,0,[],0,12
1024,2009-11-11 20:35:23.890,0,[],0,14
1025,2009-11-17 23:48:53.943,0,[],0,20
1026,2009-11-20 12:56:23.158,1,"[{'lat': -0.18, 'long': -18.002, 'Time': Timestamp('2009-11-20 19:31:26'), 'mag': 5.5}, {'lat': -0.18, 'long': -18.002, 'Time': Timestamp('2009-11-20 19:31:26'), 'mag': 5.5}, {'lat': -0.18, 'long': -18.002, 'Time': Timestamp('2009-11-20 19:31:26'), 'mag': 5.5}]",3,22
1027,2009-11-13 16:13:23.211,0,[],0,15
1028,2009-11-10 19:28:23.577,0,[],0,12
1029,2009-11-17 22:41:53.317,0,[],0,19
1030,2009-11-29 01:56:20.904,1,"[{'lat': 5.402, 'long': 126.382, 'Time': Timestamp('2009-11-29 02:28:03'), 'mag': 5.4}, {'lat': 0.415, 'long': 126.083, 'Time': Timestamp('2009-11-29 12:29:37'), 'mag': 5.5}, {'lat': 5.402, 'long': 126.382, 'Time': Timestamp('2009-11-29 02:28:03'), 'mag': 5.4}, {'lat': 0.415, 'long': 126.083, 'Time': Timestamp('2009-11-29 12:29:37'), 'mag': 5.5}, {'lat': 5.402, 'long': 126.382, 'Time': Timestamp('2009-11-29 02:28:03'), 'mag': 5.4}, {'lat': 0.415, 'long': 126.083, 'Time': Timestamp('2009-11-29 12:29:37'), 'mag': 5.5}]",6,30
1031,2009-11-19 06:51:56.744,0,[],0,20
1032,2009-11-18 10:07:50.603,0,[],0,19
1033,2009-11-04 13:26:53.559,1,"[{'lat': 36.155, 'long': -33.878, 'Time': Timestamp('2009-11-04 18:41:43'), 'mag': 5.9}, {'lat': 36.155, 'long': -33.878, 'Time': Timestamp('2009-11-04 18:41:43'), 'mag': 5.9}, {'lat': 36.155, 'long': -33.878, 'Time': Timestamp('2009-11-04 18:41:43'), 'mag': 5.9}]",3,5
1034,2009-11-05 16:43:23.613,0,[],0,6
1035,2009-11-16 19:57:53.666,0,[],0,17
1036,2009-11-10 00:48:51.279,0,[],0,10
1037,2009-11-27 05:43:24.797,0,[],0,27
1038,2009-11-24 08:58:50.865,0,[],0,24
1039,2009-11-09 12:17:53.934,0,[],0,9
1040,2009-11-06 15:35:49.311,0,[],0,6
1041,2009-11-15 18:50:54.041,0,[],0,15
1042,2009-11-10 22:04:23.094,0,[],0,10
1043,2009-11-25 07:52:16.691,0,[],0,24
1044,2009-11-18 11:08:53.308,0,[],0,17
1045,2009-11-12 14:27:19.233,0,[],0,11
1046,2009-11-18 20:57:23.468,0,[],0,17
1047,2009-11-26 00:11:22.282,1,"[{'lat': -3.008, 'long': 136.156, 'Time': Timestamp('2009-11-26 11:33:04'), 'mag': 5.0}]",1,24
1048,2009-11-18 05:05:53.122,0,[],0,16
1049,2009-11-21 08:22:24.849,0,[],0,19
1050,2009-11-25 11:39:23.708,0,[],0,23
1051,2009-11-26 14:57:52.848,0,[],0,24
1052,2009-11-29 18:13:22.466,0,[],0,27
1053,2009-11-27 21:26:53.869,1,"[{'lat': -20.985, 'long': -173.809, 'Time': Timestamp('2009-11-27 23:48:18'), 'mag': 5.2}, {'lat': -20.985, 'long': -173.809, 'Time': Timestamp('2009-11-27 23:48:18'), 'mag': 5.2}, {'lat': -29.216, 'long': -177.018, 'Time': Timestamp('2009-11-28 09:21:17'), 'mag': 6.0}, {'lat': -20.985, 'long': -173.809, 'Time': Timestamp('2009-11-27 23:48:18'), 'mag': 5.2}, {'lat': -29.216, 'long': -177.018, 'Time': Timestamp('2009-11-28 09:21:17'), 'mag': 6.0}, {'lat': -29.216, 'long': -177.018, 'Time': Timestamp('2009-11-28 09:21:17'), 'mag': 6.0}]",6,25
1054,2009-11-30 00:40:48.688,0,[],0,27
1055,2009-11-28 05:35:54.973,0,[],0,25
1056,2009-11-20 08:50:51.043,0,[],0,17
1057,2009-11-30 12:10:23.110,0,[],0,27
1058,2009-11-28 15:27:48.264,0,[],0,25
1059,2009-11-27 18:42:49.099,0,[],0,24
1060,2009-12-02 21:56:51.462,1,"[{'lat': 53.693, 'long': -165.518, 'Time': Timestamp('2009-12-03 01:56:36'), 'mag': 5.3}, {'lat': 53.693, 'long': -165.518, 'Time': Timestamp('2009-12-03 01:56:36'), 'mag': 5.3}, {'lat': 53.693, 'long': -165.518, 'Time': Timestamp('2009-12-03 01:56:36'), 'mag': 5.3}]",3,29
1061,2009-11-09 01:10:51.638,0,[],0,5
1062,2009-11-24 06:05:51.484,0,[],0,20
1063,2009-11-16 09:21:16.698,0,[],0,12
1064,2009-11-19 12:40:53.750,0,[],0,15
1065,2009-11-24 15:57:53.804,1,"[{'lat': -45.5, 'long': -80.5, 'Time': Timestamp('2009-11-24 17:45:12'), 'mag': 5.1}, {'lat': -45.5, 'long': -80.5, 'Time': Timestamp('2009-11-24 17:45:12'), 'mag': 5.1}, {'lat': -45.5, 'long': -80.5, 'Time': Timestamp('2009-11-24 17:45:12'), 'mag': 5.1}]",3,20
1066,2009-11-11 19:12:53.857,0,[],0,7
1067,2009-11-24 22:26:23.927,1,"[{'lat': -16.094, 'long': -173.076, 'Time': Timestamp('2009-11-25 10:05:52'), 'mag': 5.2}, {'lat': -16.094, 'long': -173.076, 'Time': Timestamp('2009-11-25 10:05:52'), 'mag': 5.2}, {'lat': -16.094, 'long': -173.076, 'Time': Timestamp('2009-11-25 10:05:52'), 'mag': 5.2}, {'lat': -12.29, 'long': 165.994, 'Time': Timestamp('2009-11-24 22:36:09'), 'mag': 5.0}, {'lat': -12.29, 'long': 165.994, 'Time': Timestamp('2009-11-24 22:36:09'), 'mag': 5.0}, {'lat': -12.29, 'long': 165.994, 'Time': Timestamp('2009-11-24 22:36:09'), 'mag': 5.0}]",6,20
1068,2009-11-26 01:40:47.306,1,"[{'lat': -3.008, 'long': 136.156, 'Time': Timestamp('2009-11-26 11:33:04'), 'mag': 5.0}, {'lat': -3.008, 'long': 136.156, 'Time': Timestamp('2009-11-26 11:33:04'), 'mag': 5.0}]",2,21
1069,2009-11-10 06:36:23.693,0,[],0,5
1070,2009-11-30 09:51:51.541,0,[],0,25
1071,2009-11-24 13:11:23.169,0,[],0,19
1072,2009-11-21 16:28:23.222,1,"[{'lat': 14.198, 'long': -92.165, 'Time': Timestamp('2009-11-21 21:18:46'), 'mag': 5.1}, {'lat': 14.198, 'long': -92.165, 'Time': Timestamp('2009-11-21 21:18:46'), 'mag': 5.1}, {'lat': 14.198, 'long': -92.165, 'Time': Timestamp('2009-11-21 21:18:46'), 'mag': 5.1}]",3,16
1073,2009-11-11 19:42:23.275,0,[],0,6
1074,2009-11-16 22:56:23.328,0,[],0,11
1075,2009-12-01 02:10:52.132,1,"[{'lat': -5.086, 'long': 152.057, 'Time': Timestamp('2009-12-01 05:11:22'), 'mag': 5.2}]",1,25
1076,2009-11-25 07:06:26.755,0,[],0,19
1077,2009-11-28 10:22:24.710,0,[],0,22
1078,2009-11-28 13:41:53.570,0,[],0,22
1079,2009-11-25 16:58:23.623,0,[],0,19
1080,2009-11-21 20:12:23.677,0,[],0,15
1081,2009-11-27 23:25:53.729,1,"[{'lat': -20.985, 'long': -173.809, 'Time': Timestamp('2009-11-27 23:48:18'), 'mag': 5.2}]",1,21
1082,2009-12-01 07:36:54.053,0,[],0,24
1083,2009-12-07 10:53:23.783,0,[],0,30
1084,2009-11-28 14:11:50.947,0,[],0,21
1085,2009-11-19 17:27:54.024,0,[],0,12
1086,2009-11-29 20:41:48.854,1,"[{'lat': -21.939, 'long': -176.499, 'Time': Timestamp('2009-11-30 01:13:18'), 'mag': 5.1}]",1,22
1087,2009-11-16 23:55:53.131,0,[],0,9
1088,2009-11-16 04:50:32.139,0,[],0,8
1089,2009-11-20 08:06:49.470,0,[],0,12
1090,2009-11-26 11:23:53.318,1,"[{'lat': 36.091, 'long': 21.4, 'Time': Timestamp('2009-11-26 15:09:16'), 'mag': 5.0}, {'lat': 36.091, 'long': 21.4, 'Time': Timestamp('2009-11-26 15:09:16'), 'mag': 5.0}, {'lat': 36.091, 'long': 21.4, 'Time': Timestamp('2009-11-26 15:09:16'), 'mag': 5.0}]",3,18
1091,2009-12-03 14:42:22.345,0,[],0,25
1092,2009-11-23 17:57:53.426,0,[],0,15
1093,2009-11-21 22:48:23.505,1,"[{'lat': -17.794, 'long': -178.425, 'Time': Timestamp('2009-11-22 07:48:20'), 'mag': 6.4}, {'lat': -17.794, 'long': -178.425, 'Time': Timestamp('2009-11-22 07:48:20'), 'mag': 6.4}, {'lat': -31.407, 'long': -178.882, 'Time': Timestamp('2009-11-21 22:52:17'), 'mag': 5.2}, {'lat': -17.794, 'long': -178.425, 'Time': Timestamp('2009-11-22 07:48:20'), 'mag': 6.4}, {'lat': -31.407, 'long': -178.882, 'Time': Timestamp('2009-11-21 22:52:17'), 'mag': 5.2}, {'lat': -31.407, 'long': -178.882, 'Time': Timestamp('2009-11-21 22:52:17'), 'mag': 5.2}]",6,13
1094,2009-11-18 06:58:26.931,0,[],0,9
1095,2009-12-07 10:14:49.462,0,[],0,28
1096,2009-12-06 13:33:53.747,0,[],0,27
1097,2009-12-04 16:50:23.800,0,[],0,25
1098,2009-11-29 20:04:53.853,0,[],0,20
1099,2009-11-22 23:18:23.906,0,[],0,13
1100,2009-11-29 07:28:55.558,0,[],0,19
1101,2009-12-04 10:45:20.191,0,[],0,24
1102,2009-12-09 14:04:14.588,0,[],0,29
1103,2009-11-17 17:20:23.201,0,[],0,7
1104,2009-12-04 20:31:20.575,0,[],0,24
1105,2009-11-23 23:48:23.307,1,"[{'lat': 56.09, 'long': 164.083, 'Time': Timestamp('2009-11-24 10:41:42'), 'mag': 5.0}, {'lat': 56.09, 'long': 164.083, 'Time': Timestamp('2009-11-24 10:41:42'), 'mag': 5.0}, {'lat': 13.125, 'long': 145.138, 'Time': Timestamp('2009-11-24 02:45:59'), 'mag': 5.0}]",3,13
1106,2009-11-25 08:29:23.709,0,[],0,13
1107,2009-11-29 11:46:23.176,0,[],0,17
1108,2009-11-18 15:04:52.315,0,[],0,6
1109,2009-11-29 18:19:53.283,0,[],0,17
1110,2009-11-23 21:32:48.761,0,[],0,11
1111,2009-11-18 00:47:52.251,0,[],0,5
1112,2009-11-20 05:42:54.441,1,"[{'lat': 30.762, 'long': 83.448, 'Time': Timestamp('2009-11-20 07:16:58'), 'mag': 5.0}, {'lat': 30.762, 'long': 83.448, 'Time': Timestamp('2009-11-20 07:16:58'), 'mag': 5.0}]",2,7
1113,2009-11-21 08:57:50.509,0,[],0,8
1114,2009-12-01 12:17:23.578,0,[],0,18
1115,2009-11-22 15:34:58.476,1,"[{'lat': 10.026, 'long': -61.035, 'Time': Timestamp('2009-11-22 22:51:00'), 'mag': 5.2}, {'lat': 10.064, 'long': -61.042, 'Time': Timestamp('2009-11-22 23:34:16'), 'mag': 5.2}, {'lat': 10.026, 'long': -61.035, 'Time': Timestamp('2009-11-22 22:51:00'), 'mag': 5.2}, {'lat': 10.064, 'long': -61.042, 'Time': Timestamp('2009-11-22 23:34:16'), 'mag': 5.2}, {'lat': 10.026, 'long': -61.035, 'Time': Timestamp('2009-11-22 22:51:00'), 'mag': 5.2}, {'lat': 10.064, 'long': -61.042, 'Time': Timestamp('2009-11-22 23:34:16'), 'mag': 5.2}, {'lat': -39.634, 'long': -74.967, 'Time': Timestamp('2009-11-22 22:07:48'), 'mag': 5.9}, {'lat': -39.634, 'long': -74.967, 'Time': Timestamp('2009-11-22 22:07:48'), 'mag': 5.9}, {'lat': -39.634, 'long': -74.967, 'Time': Timestamp('2009-11-22 22:07:48'), 'mag': 5.9}]",9,9
1116,2009-11-23 18:49:53.684,0,[],0,10
1117,2009-11-25 22:03:24.697,0,[],0,12
1118,2009-12-09 01:17:50.777,0,[],0,25
1119,2009-11-20 06:12:56.048,1,"[{'lat': 30.762, 'long': 83.448, 'Time': Timestamp('2009-11-20 07:16:58'), 'mag': 5.0}, {'lat': 30.762, 'long': 83.448, 'Time': Timestamp('2009-11-20 07:16:58'), 'mag': 5.0}, {'lat': 30.762, 'long': 83.448, 'Time': Timestamp('2009-11-20 07:16:58'), 'mag': 5.0}, {'lat': 13.261, 'long': 50.828, 'Time': Timestamp('2009-11-20 08:00:30'), 'mag': 5.0}, {'lat': 13.261, 'long': 50.828, 'Time': Timestamp('2009-11-20 08:00:30'), 'mag': 5.0}]",5,6
1120,2009-11-29 09:28:16.927,0,[],0,15
1121,2009-12-09 12:47:53.978,1,"[{'lat': -0.642, 'long': -21.072, 'Time': Timestamp('2009-12-09 16:00:43'), 'mag': 6.4}, {'lat': -0.642, 'long': -21.072, 'Time': Timestamp('2009-12-09 16:00:43'), 'mag': 6.4}]",2,25
1122,2009-11-27 16:04:54.032,0,[],0,13
1123,2009-11-21 19:19:53.086,0,[],0,7
1124,2009-11-22 22:33:23.138,0,[],0,8
1125,2009-12-07 08:19:51.613,1,"[{'lat': -10.113, 'long': 33.837, 'Time': Timestamp('2009-12-07 09:31:44'), 'mag': 5.0}, {'lat': -9.998, 'long': 33.844, 'Time': Timestamp('2009-12-07 18:16:32'), 'mag': 5.0}, {'lat': -10.113, 'long': 33.837, 'Time': Timestamp('2009-12-07 09:31:44'), 'mag': 5.0}, {'lat': -9.998, 'long': 33.844, 'Time': Timestamp('2009-12-07 18:16:32'), 'mag': 5.0}]",4,22
1126,2009-12-06 11:38:53.353,0,[],0,21
1127,2009-11-25 14:56:53.820,0,[],0,10
1128,2009-11-30 21:25:23.257,0,[],0,15
1129,2009-12-06 00:40:21.100,0,[],0,20
1130,2009-12-10 05:34:54.618,0,[],0,24
1131,2009-11-22 08:52:07.183,0,[],0,6
1132,2009-11-22 12:09:23.754,0,[],0,6
1133,2009-11-25 15:27:17.581,0,[],0,9
1134,2009-12-09 18:42:18.415,0,[],0,23
1135,2009-11-22 21:54:52.106,1,"[{'lat': -31.569, 'long': 179.467, 'Time': Timestamp('2009-11-22 22:47:27'), 'mag': 6.2}, {'lat': -31.569, 'long': 179.467, 'Time': Timestamp('2009-11-22 22:47:27'), 'mag': 6.2}, {'lat': -31.569, 'long': 179.467, 'Time': Timestamp('2009-11-22 22:47:27'), 'mag': 6.2}]",3,6
1136,2009-11-27 01:09:52.282,1,"[{'lat': 43.907, 'long': 147.235, 'Time': Timestamp('2009-11-27 04:36:47'), 'mag': 5.0}, {'lat': 43.907, 'long': 147.235, 'Time': Timestamp('2009-11-27 04:36:47'), 'mag': 5.0}, {'lat': 43.907, 'long': 147.235, 'Time': Timestamp('2009-11-27 04:36:47'), 'mag': 5.0}]",3,10
1137,2009-11-26 11:00:23.129,1,"[{'lat': 36.091, 'long': 21.4, 'Time': Timestamp('2009-11-26 15:09:16'), 'mag': 5.0}, {'lat': 36.091, 'long': 21.4, 'Time': Timestamp('2009-11-26 15:09:16'), 'mag': 5.0}, {'lat': 36.091, 'long': 21.4, 'Time': Timestamp('2009-11-26 15:09:16'), 'mag': 5.0}]",3,9
1138,2009-12-17 14:18:51.709,1,"[{'lat': 42.447, 'long': -30.565, 'Time': Timestamp('2009-12-17 14:55:36'), 'mag': 5.5}, {'lat': 42.447, 'long': -30.565, 'Time': Timestamp('2009-12-17 14:55:36'), 'mag': 5.5}, {'lat': 42.447, 'long': -30.565, 'Time': Timestamp('2009-12-17 14:55:36'), 'mag': 5.5}]",3,30
1139,2009-12-16 17:34:53.236,0,[],0,29
1140,2009-12-11 20:47:54.137,0,[],0,24
1141,2009-12-08 00:02:49.436,0,[],0,20
1142,2009-12-14 04:57:32.351,0,[],0,26
1143,2009-12-14 08:13:55.217,0,[],0,26
1144,2009-12-15 11:30:53.752,0,[],0,27
1145,2009-12-18 14:49:21.452,0,[],0,30
1146,2009-12-11 21:17:23.433,1,"[{'lat': -16.168, 'long': -173.46, 'Time': Timestamp('2009-12-12 09:08:05'), 'mag': 5.1}, {'lat': -16.168, 'long': -173.46, 'Time': Timestamp('2009-12-12 09:08:05'), 'mag': 5.1}, {'lat': -16.168, 'long': -173.46, 'Time': Timestamp('2009-12-12 09:08:05'), 'mag': 5.1}]",3,23
1147,2009-11-28 00:32:21.288,0,[],0,9
1148,2009-11-30 07:05:23.269,0,[],0,11
1149,2009-12-15 10:21:48.897,0,[],0,26
1150,2009-12-19 13:40:53.181,0,[],0,30
1151,2009-12-01 16:57:23.235,0,[],0,12
1152,2009-12-08 20:11:23.287,1,"[{'lat': -54.709, 'long': -135.814, 'Time': Timestamp('2009-12-09 07:48:13'), 'mag': 5.6}, {'lat': -54.709, 'long': -135.814, 'Time': Timestamp('2009-12-09 07:48:13'), 'mag': 5.6}]",2,19
1153,2009-12-07 23:25:23.340,0,[],0,18
1154,2009-11-28 07:35:55.438,0,[],0,8
1155,2009-12-10 10:54:39.890,0,[],0,20
1156,2009-12-07 14:11:23.326,0,[],0,17
1157,2009-12-07 17:27:23.635,0,[],0,17
1158,2009-12-12 20:41:21.234,0,[],0,22
1159,2009-11-29 23:54:53.742,0,[],0,9
1160,2009-12-16 08:04:19.969,0,[],0,25
1161,2009-12-11 11:22:53.929,0,[],0,20
1162,2009-11-30 14:41:18.861,0,[],0,9
1163,2009-12-19 17:57:24.037,0,[],0,28
1164,2009-12-04 21:10:53.089,0,[],0,13
1165,2009-12-08 00:24:50.464,0,[],0,16
1166,2009-12-16 08:34:20.263,0,[],0,24
1167,2009-12-07 11:53:23.331,0,[],0,15
1168,2009-12-08 15:11:51.141,0,[],0,16
1169,2009-12-09 21:40:50.355,0,[],0,17
1170,2009-12-09 00:54:53.846,0,[],0,16
1171,2009-12-22 05:49:55.924,0,[],0,29
1172,2009-11-30 09:04:50.664,0,[],0,7
1173,2009-12-16 12:24:23.732,0,[],0,23
1174,2009-11-29 15:41:53.875,1,"[{'lat': -21.968, 'long': -65.717, 'Time': Timestamp('2009-11-29 17:05:30'), 'mag': 5.4}, {'lat': -21.968, 'long': -65.717, 'Time': Timestamp('2009-11-29 17:05:30'), 'mag': 5.4}, {'lat': -21.968, 'long': -65.717, 'Time': Timestamp('2009-11-29 17:05:30'), 'mag': 5.4}]",3,6
1175,2009-12-13 18:56:49.832,0,[],0,20
1176,2009-12-01 22:10:23.891,1,"[{'lat': -20.4, 'long': -173.663, 'Time': Timestamp('2009-12-02 08:19:59'), 'mag': 5.0}]",1,8
1177,2009-12-23 06:19:54.874,0,[],0,29
1178,2009-12-05 09:35:21.505,0,[],0,11
1179,2009-12-19 12:54:53.133,0,[],0,25
1180,2009-12-09 16:11:53.187,0,[],0,15
1181,2009-12-14 19:26:23.552,0,[],0,20
1182,2009-12-01 00:17:18.086,1,"[{'lat': -16.321, 'long': 167.856, 'Time': Timestamp('2009-12-01 01:01:56'), 'mag': 5.1}, {'lat': -16.321, 'long': 167.856, 'Time': Timestamp('2009-12-01 01:01:56'), 'mag': 5.1}, {'lat': -16.321, 'long': 167.856, 'Time': Timestamp('2009-12-01 01:01:56'), 'mag': 5.1}, {'lat': -5.086, 'long': 152.057, 'Time': Timestamp('2009-12-01 05:11:22'), 'mag': 5.2}, {'lat': -5.086, 'long': 152.057, 'Time': Timestamp('2009-12-01 05:11:22'), 'mag': 5.2}, {'lat': -5.086, 'long': 152.057, 'Time': Timestamp('2009-12-01 05:11:22'), 'mag': 5.2}]",6,6
1183,2009-12-20 06:49:52.623,0,[],0,25
1184,2009-12-16 10:05:54.936,0,[],0,21
1185,2009-12-24 13:25:23.797,1,"[{'lat': -55.438, 'long': -26.739, 'Time': Timestamp('2009-12-24 22:04:51'), 'mag': 5.2}]",1,29
1186,2009-12-17 23:09:53.956,1,"[{'lat': 59.0436, 'long': -153.4015, 'Time': Timestamp('2009-12-18 03:33:14'), 'mag': 5.1}, {'lat': 59.0436, 'long': -153.4015, 'Time': Timestamp('2009-12-18 03:33:14'), 'mag': 5.1}, {'lat': -19.939, 'long': -173.66, 'Time': Timestamp('2009-12-18 09:45:41'), 'mag': 5.0}, {'lat': -19.939, 'long': -173.66, 'Time': Timestamp('2009-12-18 09:45:41'), 'mag': 5.0}, {'lat': -19.939, 'long': -173.66, 'Time': Timestamp('2009-12-18 09:45:41'), 'mag': 5.0}]",5,22
1187,2009-12-20 07:20:22.286,0,[],0,24
1188,2009-12-09 10:36:50.241,1,"[{'lat': -0.642, 'long': -21.072, 'Time': Timestamp('2009-12-09 16:00:43'), 'mag': 6.4}]",1,13
1189,2009-12-03 13:55:21.948,0,[],0,7
1190,2009-12-03 17:11:53.251,0,[],0,7
1191,2009-12-13 20:25:53.304,0,[],0,17
1192,2009-12-25 01:16:51.698,0,[],0,28
1193,2009-12-23 06:11:55.640,0,[],0,26
1194,2009-12-18 09:27:51.944,0,[],0,21
1195,2009-12-06 17:41:53.652,1,"[{'lat': 14.012, 'long': -92.285, 'Time': Timestamp('2009-12-07 02:02:37'), 'mag': 5.1}, {'lat': 14.012, 'long': -92.285, 'Time': Timestamp('2009-12-07 02:02:37'), 'mag': 5.1}, {'lat': 14.012, 'long': -92.285, 'Time': Timestamp('2009-12-07 02:02:37'), 'mag': 5.1}]",3,9
1196,2009-12-24 06:42:23.509,0,[],0,26
1197,2009-12-25 09:58:25.113,0,[],0,27
1198,2009-12-04 13:17:23.973,1,"[{'lat': -56.08, 'long': -27.664, 'Time': Timestamp('2009-12-05 00:20:08'), 'mag': 5.0}]",1,6
1199,2009-12-18 16:34:24.027,0,[],0,20
1200,2009-12-28 19:48:54.080,0,[],0,30
1201,2009-12-24 23:02:23.133,0,[],0,26
1202,2009-12-27 07:12:22.463,0,[],0,28
1203,2009-12-28 10:28:49.202,0,[],0,29
1204,2009-12-27 13:47:53.374,1,"[{'lat': -22.501, 'long': -70.131, 'Time': Timestamp('2009-12-28 00:57:16'), 'mag': 5.2}, {'lat': -22.501, 'long': -70.131, 'Time': Timestamp('2009-12-28 00:57:16'), 'mag': 5.2}]",2,28
1205,2009-12-13 01:09:19.219,0,[],0,13
1206,2009-12-07 06:04:25.818,0,[],0,7
1207,2009-12-07 09:19:46.696,1,"[{'lat': -10.113, 'long': 33.837, 'Time': Timestamp('2009-12-07 09:31:44'), 'mag': 5.0}, {'lat': -9.998, 'long': 33.844, 'Time': Timestamp('2009-12-07 18:16:32'), 'mag': 5.0}, {'lat': -10.113, 'long': 33.837, 'Time': Timestamp('2009-12-07 09:31:44'), 'mag': 5.0}, {'lat': -9.998, 'long': 33.844, 'Time': Timestamp('2009-12-07 18:16:32'), 'mag': 5.0}, {'lat': -10.113, 'long': 33.837, 'Time': Timestamp('2009-12-07 09:31:44'), 'mag': 5.0}, {'lat': -9.998, 'long': 33.844, 'Time': Timestamp('2009-12-07 18:16:32'), 'mag': 5.0}]",6,7
1208,2009-12-05 12:38:53.748,0,[],0,5
1209,2009-12-14 15:56:23.334,0,[],0,14
1210,2009-12-27 19:11:23.855,0,[],0,27
1211,2009-12-24 22:24:53.909,0,[],0,24
1212,2009-12-30 01:39:17.288,1,"[{'lat': 10.6, 'long': 125.299, 'Time': Timestamp('2009-12-30 07:48:57'), 'mag': 5.3}, {'lat': 10.6, 'long': 125.299, 'Time': Timestamp('2009-12-30 07:48:57'), 'mag': 5.3}, {'lat': 6.52, 'long': 126.341, 'Time': Timestamp('2009-12-30 11:17:49'), 'mag': 5.5}, {'lat': 10.6, 'long': 125.299, 'Time': Timestamp('2009-12-30 07:48:57'), 'mag': 5.3}, {'lat': 6.52, 'long': 126.341, 'Time': Timestamp('2009-12-30 11:17:49'), 'mag': 5.5}, {'lat': -8.306, 'long': 126.892, 'Time': Timestamp('2009-12-30 05:40:01'), 'mag': 5.1}, {'lat': 6.52, 'long': 126.341, 'Time': Timestamp('2009-12-30 11:17:49'), 'mag': 5.5}, {'lat': -8.306, 'long': 126.892, 'Time': Timestamp('2009-12-30 05:40:01'), 'mag': 5.1}, {'lat': -8.306, 'long': 126.892, 'Time': Timestamp('2009-12-30 05:40:01'), 'mag': 5.1}]",9,29
1213,2009-12-30 06:34:29.098,0,[],0,29
1214,2009-12-20 09:50:21.522,0,[],0,19
1215,2009-12-12 13:09:53.150,0,[],0,11
1216,2009-12-18 16:26:53.204,0,[],0,17
1217,2009-12-16 19:40:53.256,0,[],0,15
1218,2009-12-27 22:54:53.310,0,[],0,26
1219,2009-12-10 02:09:22.113,1,"[{'lat': 53.417, 'long': 152.756, 'Time': Timestamp('2009-12-10 02:30:52'), 'mag': 6.3}, {'lat': 53.417, 'long': 152.756, 'Time': Timestamp('2009-12-10 02:30:52'), 'mag': 6.3}, {'lat': 53.417, 'long': 152.756, 'Time': Timestamp('2009-12-10 02:30:52'), 'mag': 6.3}, {'lat': -7.316, 'long': 129.226, 'Time': Timestamp('2009-12-10 03:13:24'), 'mag': 5.1}, {'lat': -7.316, 'long': 129.226, 'Time': Timestamp('2009-12-10 03:13:24'), 'mag': 5.1}]",5,8
1220,2009-12-09 07:04:56.736,0,[],0,7
1221,2009-12-09 10:20:50.860,0,[],0,7
1222,2009-12-08 13:39:53.816,0,[],0,6
1223,2009-12-28 23:24:23.975,1,"[{'lat': -5.173, 'long': 152.268, 'Time': Timestamp('2009-12-29 05:12:29'), 'mag': 5.3}, {'lat': -5.173, 'long': 152.268, 'Time': Timestamp('2009-12-29 05:12:29'), 'mag': 5.3}, {'lat': -12.462, 'long': 166.664, 'Time': Timestamp('2009-12-29 10:07:56'), 'mag': 5.1}, {'lat': -5.173, 'long': 152.268, 'Time': Timestamp('2009-12-29 05:12:29'), 'mag': 5.3}, {'lat': -12.462, 'long': 166.664, 'Time': Timestamp('2009-12-29 10:07:56'), 'mag': 5.1}]",5,26
1224,2009-12-21 07:35:23.299,0,[],0,18
1225,2009-12-19 10:51:53.029,0,[],0,16
1226,2009-12-11 19:03:49.402,0,[],0,8
1227,2009-12-29 22:17:23.350,1,"[{'lat': 52.062, 'long': -171.421, 'Time': Timestamp('2009-12-29 23:12:18'), 'mag': 5.1}, {'lat': 52.062, 'long': -171.421, 'Time': Timestamp('2009-12-29 23:12:18'), 'mag': 5.1}, {'lat': 52.062, 'long': -171.421, 'Time': Timestamp('2009-12-29 23:12:18'), 'mag': 5.1}]",3,26
1228,2009-12-12 06:26:50.236,0,[],0,8
1229,2010-01-01 09:42:50.710,0,[],0,28
1230,2009-12-31 13:01:53.666,0,[],0,27
1231,2009-12-19 16:18:53.720,0,[],0,15
1232,2009-12-28 19:33:23.773,0,[],0,24
1233,2009-12-31 00:24:18.619,1,"[{'lat': -2.008, 'long': 137.452, 'Time': Timestamp('2009-12-31 06:26:10'), 'mag': 5.6}, {'lat': -2.008, 'long': 137.452, 'Time': Timestamp('2009-12-31 06:26:10'), 'mag': 5.6}, {'lat': -2.008, 'long': 137.452, 'Time': Timestamp('2009-12-31 06:26:10'), 'mag': 5.6}]",3,26
1234,2009-12-13 05:18:56.343,1,"[{'lat': 41.724, 'long': 94.318, 'Time': Timestamp('2009-12-13 16:04:00'), 'mag': 5.4}, {'lat': 41.724, 'long': 94.318, 'Time': Timestamp('2009-12-13 16:04:00'), 'mag': 5.4}]",2,8
1235,2009-12-22 08:33:53.986,0,[],0,17
1236,2009-12-16 11:52:54.040,0,[],0,11
1237,2009-12-20 15:10:52.179,0,[],0,15
1238,2009-12-30 18:26:19.030,1,"[{'lat': 32.464, 'long': -115.1891667, 'Time': Timestamp('2009-12-30 18:48:57'), 'mag': 5.8}, {'lat': 32.464, 'long': -115.1891667, 'Time': Timestamp('2009-12-30 18:48:57'), 'mag': 5.8}, {'lat': 32.464, 'long': -115.1891667, 'Time': Timestamp('2009-12-30 18:48:57'), 'mag': 5.8}]",3,25
1239,2009-12-23 21:39:50.065,0,[],0,18
1240,2009-12-19 00:53:53.253,1,"[{'lat': 14.005, 'long': 146.437, 'Time': Timestamp('2009-12-19 11:14:28'), 'mag': 5.1}, {'lat': 14.005, 'long': 146.437, 'Time': Timestamp('2009-12-19 11:14:28'), 'mag': 5.1}, {'lat': 14.005, 'long': 146.437, 'Time': Timestamp('2009-12-19 11:14:28'), 'mag': 5.1}]",3,13
1241,2009-12-15 05:48:55.634,0,[],0,9
1242,2009-12-29 09:04:20.374,1,"[{'lat': 32.567, 'long': 15.064, 'Time': Timestamp('2009-12-29 11:08:54'), 'mag': 5.0}, {'lat': 32.567, 'long': 15.064, 'Time': Timestamp('2009-12-29 11:08:54'), 'mag': 5.0}, {'lat': 32.567, 'long': 15.064, 'Time': Timestamp('2009-12-29 11:08:54'), 'mag': 5.0}]",3,23
1243,2009-12-25 12:23:23.441,0,[],0,19
1244,2009-12-17 15:41:22.257,0,[],0,11
1245,2009-12-14 18:55:50.870,0,[],0,8
1246,2009-12-14 22:09:53.601,0,[],0,8
1247,2009-12-13 01:23:51.969,0,[],0,6
1248,2009-12-29 06:19:24.584,1,"[{'lat': 24.357, 'long': 94.807, 'Time': Timestamp('2009-12-29 09:01:55'), 'mag': 5.6}, {'lat': 24.357, 'long': 94.807, 'Time': Timestamp('2009-12-29 09:01:55'), 'mag': 5.6}]",2,22
1249,2009-12-15 09:34:52.215,0,[],0,8
1250,2009-12-15 12:53:53.843,0,[],0,8
1251,2010-01-05 16:11:23.897,1,"[{'lat': 14.221, 'long': -91.875, 'Time': Timestamp('2010-01-06 00:28:34'), 'mag': 5.2}, {'lat': 14.221, 'long': -91.875, 'Time': Timestamp('2010-01-06 00:28:34'), 'mag': 5.2}, {'lat': 14.221, 'long': -91.875, 'Time': Timestamp('2010-01-06 00:28:34'), 'mag': 5.2}]",3,29
1252,2009-12-31 19:25:54.263,0,[],0,24
1253,2009-12-30 22:39:24.003,0,[],0,23
1254,2009-12-16 08:26:18.822,0,[],0,8
1255,2009-12-16 18:18:53.324,0,[],0,8
1256,2009-12-23 07:19:55.502,0,[],0,14
1257,2009-12-26 12:15:53.809,0,[],0,17
1258,2009-12-27 15:33:28.706,1,"[{'lat': -22.501, 'long': -70.131, 'Time': Timestamp('2009-12-28 00:57:16'), 'mag': 5.2}, {'lat': -22.501, 'long': -70.131, 'Time': Timestamp('2009-12-28 00:57:16'), 'mag': 5.2}, {'lat': -22.501, 'long': -70.131, 'Time': Timestamp('2009-12-28 00:57:16'), 'mag': 5.2}]",3,18
1259,2009-12-15 18:48:23.916,0,[],0,6
1260,2009-12-25 22:02:23.969,0,[],0,16
1261,2009-12-15 01:16:22.336,0,[],0,5
1262,2009-12-18 06:11:25.279,1,"[{'lat': -17.73, 'long': 65.867, 'Time': Timestamp('2009-12-18 07:32:59'), 'mag': 5.8}]",1,8
1263,2009-12-27 09:27:21.583,0,[],0,17
1264,2009-12-18 12:46:23.210,0,[],0,8
1265,2009-12-19 16:03:53.264,0,[],0,9
1266,2010-01-06 19:18:23.317,1,"[{'lat': -56.75, 'long': -143.75, 'Time': Timestamp('2010-01-07 03:11:20'), 'mag': 5.3}, {'lat': -56.75, 'long': -143.75, 'Time': Timestamp('2010-01-07 03:11:20'), 'mag': 5.3}, {'lat': -56.75, 'long': -143.75, 'Time': Timestamp('2010-01-07 03:11:20'), 'mag': 5.3}]",3,27
1267,2010-01-04 22:31:53.370,0,[],0,25
1268,2009-12-22 01:46:20.957,1,"[{'lat': 1.683, 'long': 127.291, 'Time': Timestamp('2009-12-22 12:21:03'), 'mag': 5.2}, {'lat': 1.683, 'long': 127.291, 'Time': Timestamp('2009-12-22 12:21:03'), 'mag': 5.2}, {'lat': 1.683, 'long': 127.291, 'Time': Timestamp('2009-12-22 12:21:03'), 'mag': 5.2}, {'lat': -47.55, 'long': 100.343, 'Time': Timestamp('2009-12-22 07:57:24'), 'mag': 5.4}]",4,11
1269,2009-12-18 05:03:27.093,1,"[{'lat': -17.73, 'long': 65.867, 'Time': Timestamp('2009-12-18 07:32:59'), 'mag': 5.8}, {'lat': -17.73, 'long': 65.867, 'Time': Timestamp('2009-12-18 07:32:59'), 'mag': 5.8}, {'lat': -17.73, 'long': 65.867, 'Time': Timestamp('2009-12-18 07:32:59'), 'mag': 5.8}]",3,7
1270,2009-12-27 08:18:21.844,0,[],0,16
1271,2009-12-19 11:37:23.584,0,[],0,8
1272,2009-12-28 16:33:53.665,0,[],0,17
1273,2010-01-02 19:47:53.718,0,[],0,22
1274,2010-01-02 00:38:52.659,1,"[{'lat': 12.397, 'long': 142.16, 'Time': Timestamp('2010-01-02 05:20:50'), 'mag': 5.1}, {'lat': 12.462, 'long': 142.185, 'Time': Timestamp('2010-01-02 05:28:59'), 'mag': 5.2}, {'lat': 12.424, 'long': 141.949, 'Time': Timestamp('2010-01-02 08:45:33'), 'mag': 6.1}, {'lat': 12.397, 'long': 142.16, 'Time': Timestamp('2010-01-02 05:20:50'), 'mag': 5.1}, {'lat': 12.462, 'long': 142.185, 'Time': Timestamp('2010-01-02 05:28:59'), 'mag': 5.2}, {'lat': 12.424, 'long': 141.949, 'Time': Timestamp('2010-01-02 08:45:33'), 'mag': 6.1}, {'lat': 12.397, 'long': 142.16, 'Time': Timestamp('2010-01-02 05:20:50'), 'mag': 5.1}, {'lat': 12.462, 'long': 142.185, 'Time': Timestamp('2010-01-02 05:28:59'), 'mag': 5.2}, {'lat': 12.424, 'long': 141.949, 'Time': Timestamp('2010-01-02 08:45:33'), 'mag': 6.1}]",9,21
1275,2009-12-18 07:11:53.102,1,"[{'lat': -17.73, 'long': 65.867, 'Time': Timestamp('2009-12-18 07:32:59'), 'mag': 5.8}, {'lat': -17.73, 'long': 65.867, 'Time': Timestamp('2009-12-18 07:32:59'), 'mag': 5.8}, {'lat': -17.73, 'long': 65.867, 'Time': Timestamp('2009-12-18 07:32:59'), 'mag': 5.8}]",3,6
1276,2009-12-19 10:28:19.840,0,[],0,7
1277,2009-12-29 13:47:24.013,0,[],0,17
1278,2010-01-11 17:03:54.066,1,"[{'lat': 15.437, 'long': -88.761, 'Time': Timestamp('2010-01-11 23:30:44'), 'mag': 5.1}]",1,30
1279,2009-12-30 20:17:53.119,0,[],0,18
1280,2010-01-07 23:31:23.172,1,"[{'lat': -8.798, 'long': 157.616, 'Time': Timestamp('2010-01-08 04:29:08'), 'mag': 5.0}, {'lat': -8.798, 'long': 157.616, 'Time': Timestamp('2010-01-08 04:29:08'), 'mag': 5.0}, {'lat': -8.798, 'long': 157.616, 'Time': Timestamp('2010-01-08 04:29:08'), 'mag': 5.0}]",3,26
1281,2009-12-28 07:42:15.304,0,[],0,15
1282,2010-01-06 10:58:53.360,1,"[{'lat': -41.605, 'long': -16.568, 'Time': Timestamp('2010-01-06 16:38:35'), 'mag': 5.6}, {'lat': -41.605, 'long': -16.568, 'Time': Timestamp('2010-01-06 16:38:35'), 'mag': 5.6}, {'lat': -41.605, 'long': -16.568, 'Time': Timestamp('2010-01-06 16:38:35'), 'mag': 5.6}]",3,24
1283,2010-01-05 14:17:50.502,0,[],0,23
1284,2010-01-13 01:38:46.926,1,"[{'lat': 6.609, 'long': 124.4, 'Time': Timestamp('2010-01-13 12:42:38'), 'mag': 5.0}, {'lat': 6.609, 'long': 124.4, 'Time': Timestamp('2010-01-13 12:42:38'), 'mag': 5.0}, {'lat': 6.609, 'long': 124.4, 'Time': Timestamp('2010-01-13 12:42:38'), 'mag': 5.0}]",3,30
1285,2009-12-22 06:33:58.736,0,[],0,8
1286,2010-01-02 09:49:50.832,0,[],0,19
1287,2010-01-07 13:08:53.788,0,[],0,24
1288,2010-01-07 16:25:53.842,0,[],0,24
1289,2010-01-12 19:40:23.895,0,[],0,29
1290,2009-12-30 22:54:23.948,0,[],0,16
1291,2010-01-11 08:40:51.423,0,[],0,27
1292,2010-01-08 12:00:23.162,0,[],0,24
1293,2009-12-23 15:18:25.181,0,[],0,8
1294,2009-12-25 18:33:19.152,0,[],0,10
1295,2009-12-31 21:46:52.843,0,[],0,16
1296,2010-01-14 01:00:49.034,0,[],0,29
1297,2009-12-31 05:56:22.095,1,"[{'lat': 27.319, 'long': 91.51, 'Time': Timestamp('2009-12-31 09:57:29'), 'mag': 5.5}, {'lat': 27.319, 'long': 91.51, 'Time': Timestamp('2009-12-31 09:57:29'), 'mag': 5.5}, {'lat': 27.319, 'long': 91.51, 'Time': Timestamp('2009-12-31 09:57:29'), 'mag': 5.5}]",3,15
1298,2009-12-31 09:11:23.264,0,[],0,15
1299,2010-01-08 12:30:53.832,0,[],0,23
1300,2009-12-31 22:16:53.991,0,[],0,15
1301,2010-01-11 06:26:19.878,0,[],0,25
1302,2010-01-14 09:42:20.277,0,[],0,28
1303,2010-01-07 13:01:23.233,0,[],0,21
1304,2009-12-25 16:18:23.287,0,[],0,8
1305,2009-12-24 19:32:53.340,0,[],0,7
1306,2010-01-05 22:46:23.392,1,"[{'lat': -9.062, 'long': 157.763, 'Time': Timestamp('2010-01-06 05:22:03'), 'mag': 5.0}, {'lat': -7.86, 'long': 157.454, 'Time': Timestamp('2010-01-06 04:29:56'), 'mag': 5.0}, {'lat': -9.062, 'long': 157.763, 'Time': Timestamp('2010-01-06 05:22:03'), 'mag': 5.0}, {'lat': -7.86, 'long': 157.454, 'Time': Timestamp('2010-01-06 04:29:56'), 'mag': 5.0}, {'lat': -9.062, 'long': 157.763, 'Time': Timestamp('2010-01-06 05:22:03'), 'mag': 5.0}, {'lat': -49.789, 'long': 164.192, 'Time': Timestamp('2010-01-06 09:48:46'), 'mag': 5.7}, {'lat': -49.789, 'long': 164.192, 'Time': Timestamp('2010-01-06 09:48:46'), 'mag': 5.7}]",7,19
1307,2009-12-27 08:33:23.553,0,[],0,9
1308,2010-01-10 11:52:23.607,0,[],0,23
1309,2009-12-23 15:10:21.418,0,[],0,5
1310,2009-12-26 18:25:49.596,0,[],0,8
1311,2009-12-26 21:39:20.632,1,"[{'lat': 56.3334, 'long': -152.6155, 'Time': Timestamp('2009-12-27 03:12:42'), 'mag': 5.3}, {'lat': 56.3334, 'long': -152.6155, 'Time': Timestamp('2009-12-27 03:12:42'), 'mag': 5.3}, {'lat': 56.3334, 'long': -152.6155, 'Time': Timestamp('2009-12-27 03:12:42'), 'mag': 5.3}]",3,8
1312,2009-12-25 00:53:23.820,0,[],0,6
1313,2010-01-11 05:48:26.200,0,[],0,23
1314,2010-01-13 09:03:50.941,0,[],0,25
1315,2010-01-05 12:22:54.008,0,[],0,17
1316,2010-01-12 15:40:52.823,1,"[{'lat': 18.443, 'long': -72.571, 'Time': Timestamp('2010-01-12 21:53:10'), 'mag': 7.0}, {'lat': 18.387, 'long': -72.784, 'Time': Timestamp('2010-01-12 22:00:41'), 'mag': 6.0}, {'lat': 18.463, 'long': -72.626, 'Time': Timestamp('2010-01-12 22:07:02'), 'mag': 5.0}, {'lat': 18.452, 'long': -72.513, 'Time': Timestamp('2010-01-12 22:12:04'), 'mag': 5.7}, {'lat': 18.402, 'long': -72.513, 'Time': Timestamp('2010-01-12 23:12:03'), 'mag': 5.3}, {'lat': 18.482, 'long': -72.469, 'Time': Timestamp('2010-01-13 00:43:27'), 'mag': 5.0}, {'lat': 18.354, 'long': -72.807, 'Time': Timestamp('2010-01-13 00:59:05'), 'mag': 5.2}, {'lat': 18.425, 'long': -72.814, 'Time': Timestamp('2010-01-13 01:16:50'), 'mag': 5.1}, {'lat': 18.42, 'long': -72.861, 'Time': Timestamp('2010-01-13 01:32:44'), 'mag': 5.6}, {'lat': 18.404, 'long': -72.826, 'Time': Timestamp('2010-01-13 01:36:31'), 'mag': 5.6}, {'lat': 18.337, 'long': -72.842, 'Time': Timestamp('2010-01-13 01:55:16'), 'mag': 5.1}, {'lat': 18.393, 'long': -72.884, 'Time': Timestamp('2010-01-13 01:57:34'), 'mag': 5.4}, {'lat': 18.402, 'long': -73.037, 'Time': Timestamp('2010-01-13 02:11:30'), 'mag': 5.0}, {'lat': 18.443, 'long': -72.571, 'Time': Timestamp('2010-01-12 21:53:10'), 'mag': 7.0}, {'lat': 18.387, 'long': -72.784, 'Time': Timestamp('2010-01-12 22:00:41'), 'mag': 6.0}, {'lat': 18.463, 'long': -72.626, 'Time': Timestamp('2010-01-12 22:07:02'), 'mag': 5.0}, {'lat': 18.452, 'long': -72.513, 'Time': Timestamp('2010-01-12 22:12:04'), 'mag': 5.7}, {'lat': 18.402, 'long': -72.513, 'Time': Timestamp('2010-01-12 23:12:03'), 'mag': 5.3}, {'lat': 18.482, 'long': -72.469, 'Time': Timestamp('2010-01-13 00:43:27'), 'mag': 5.0}, {'lat': 18.354, 'long': -72.807, 'Time': Timestamp('2010-01-13 00:59:05'), 'mag': 5.2}, {'lat': 18.425, 'long': -72.814, 'Time': Timestamp('2010-01-13 01:16:50'), 'mag': 5.1}, {'lat': 18.42, 'long': -72.861, 'Time': Timestamp('2010-01-13 01:32:44'), 'mag': 5.6}, {'lat': 18.404, 'long': -72.826, 'Time': Timestamp('2010-01-13 01:36:31'), 'mag': 5.6}, {'lat': 18.337, 'long': -72.842, 'Time': Timestamp('2010-01-13 01:55:16'), 'mag': 5.1}, {'lat': 18.393, 'long': -72.884, 'Time': Timestamp('2010-01-13 01:57:34'), 'mag': 5.4}, {'lat': 18.402, 'long': -73.037, 'Time': Timestamp('2010-01-13 02:11:30'), 'mag': 5.0}, {'lat': 18.443, 'long': -72.571, 'Time': Timestamp('2010-01-12 21:53:10'), 'mag': 7.0}, {'lat': 18.387, 'long': -72.784, 'Time': Timestamp('2010-01-12 22:00:41'), 'mag': 6.0}, {'lat': 18.463, 'long': -72.626, 'Time': Timestamp('2010-01-12 22:07:02'), 'mag': 5.0}, {'lat': 18.452, 'long': -72.513, 'Time': Timestamp('2010-01-12 22:12:04'), 'mag': 5.7}, {'lat': 18.402, 'long': -72.513, 'Time': Timestamp('2010-01-12 23:12:03'), 'mag': 5.3}, {'lat': 18.482, 'long': -72.469, 'Time': Timestamp('2010-01-13 00:43:27'), 'mag': 5.0}, {'lat': 18.354, 'long': -72.807, 'Time': Timestamp('2010-01-13 00:59:05'), 'mag': 5.2}, {'lat': 18.425, 'long': -72.814, 'Time': Timestamp('2010-01-13 01:16:50'), 'mag': 5.1}, {'lat': 18.42, 'long': -72.861, 'Time': Timestamp('2010-01-13 01:32:44'), 'mag': 5.6}, {'lat': 18.404, 'long': -72.826, 'Time': Timestamp('2010-01-13 01:36:31'), 'mag': 5.6}, {'lat': 18.337, 'long': -72.842, 'Time': Timestamp('2010-01-13 01:55:16'), 'mag': 5.1}, {'lat': 18.393, 'long': -72.884, 'Time': Timestamp('2010-01-13 01:57:34'), 'mag': 5.4}, {'lat': 18.402, 'long': -73.037, 'Time': Timestamp('2010-01-13 02:11:30'), 'mag': 5.0}]",39,24
1317,2010-01-08 18:55:20.437,0,[],0,20
1318,2010-01-04 22:09:23.168,0,[],0,16
1319,2010-01-18 01:23:21.537,1,"[{'lat': -6.251, 'long': 130.634, 'Time': Timestamp('2010-01-18 12:19:13'), 'mag': 5.1}, {'lat': -6.251, 'long': 130.634, 'Time': Timestamp('2010-01-18 12:19:13'), 'mag': 5.1}, {'lat': -6.251, 'long': 130.634, 'Time': Timestamp('2010-01-18 12:19:13'), 'mag': 5.1}, {'lat': -48.293, 'long': 106.602, 'Time': Timestamp('2010-01-18 11:46:19'), 'mag': 5.3}, {'lat': -48.581, 'long': 107.282, 'Time': Timestamp('2010-01-18 11:49:00'), 'mag': 5.1}]",5,29
1320,2009-12-31 06:18:54.150,1,"[{'lat': 27.319, 'long': 91.51, 'Time': Timestamp('2009-12-31 09:57:29'), 'mag': 5.5}, {'lat': 27.319, 'long': 91.51, 'Time': Timestamp('2009-12-31 09:57:29'), 'mag': 5.5}, {'lat': 27.319, 'long': 91.51, 'Time': Timestamp('2009-12-31 09:57:29'), 'mag': 5.5}]",3,11
1321,2010-01-06 12:53:23.409,1,"[{'lat': -41.605, 'long': -16.568, 'Time': Timestamp('2010-01-06 16:38:35'), 'mag': 5.6}]",1,17
1322,2010-01-14 21:02:23.543,0,[],0,25
1323,2009-12-27 00:15:45.594,0,[],0,6
1324,2009-12-31 06:48:52.900,1,"[{'lat': 27.319, 'long': 91.51, 'Time': Timestamp('2009-12-31 09:57:29'), 'mag': 5.5}]",1,10
1325,2010-01-10 10:04:54.951,0,[],0,20
1326,2009-12-27 13:23:53.811,0,[],0,6
1327,2010-01-02 16:40:53.865,0,[],0,12
1328,2009-12-29 19:54:53.918,0,[],0,8
1329,2010-01-12 23:08:53.970,0,[],0,22
1330,2010-01-17 07:19:25.069,0,[],0,26
1331,2010-01-19 10:35:20.256,0,[],0,28
1332,2010-01-20 13:54:21.962,1,"[{'lat': -36.281, 'long': -73.16, 'Time': Timestamp('2010-01-21 00:15:14'), 'mag': 5.1}, {'lat': -36.281, 'long': -73.16, 'Time': Timestamp('2010-01-21 00:15:14'), 'mag': 5.1}, {'lat': -36.281, 'long': -73.16, 'Time': Timestamp('2010-01-21 00:15:14'), 'mag': 5.1}, {'lat': -57.773, 'long': -65.809, 'Time': Timestamp('2010-01-20 19:07:38'), 'mag': 5.1}, {'lat': -57.773, 'long': -65.809, 'Time': Timestamp('2010-01-20 19:07:38'), 'mag': 5.1}]",5,29
1333,2009-12-30 17:10:53.266,0,[],0,8
1334,2010-01-05 20:24:53.318,0,[],0,14
1335,2009-12-29 23:38:53.371,0,[],0,7
1336,2010-01-04 09:26:19.459,0,[],0,12
1337,2009-12-29 12:45:53.858,0,[],0,6
1338,2010-01-07 16:03:23.911,0,[],0,15
1339,2010-01-17 19:17:53.964,0,[],0,25
1340,2009-12-29 00:08:24.133,1,"[{'lat': -12.462, 'long': 166.664, 'Time': Timestamp('2009-12-29 10:07:56'), 'mag': 5.1}, {'lat': -12.462, 'long': 166.664, 'Time': Timestamp('2009-12-29 10:07:56'), 'mag': 5.1}, {'lat': -12.462, 'long': 166.664, 'Time': Timestamp('2009-12-29 10:07:56'), 'mag': 5.1}, {'lat': -5.173, 'long': 152.268, 'Time': Timestamp('2009-12-29 05:12:29'), 'mag': 5.3}, {'lat': -5.173, 'long': 152.268, 'Time': Timestamp('2009-12-29 05:12:29'), 'mag': 5.3}, {'lat': -5.173, 'long': 152.268, 'Time': Timestamp('2009-12-29 05:12:29'), 'mag': 5.3}]",6,5
1341,2010-01-22 03:25:23.511,1,"[{'lat': 3.025, 'long': 93.789, 'Time': Timestamp('2010-01-22 06:46:17'), 'mag': 5.0}, {'lat': 3.025, 'long': 93.789, 'Time': Timestamp('2010-01-22 06:46:17'), 'mag': 5.0}, {'lat': 3.025, 'long': 93.789, 'Time': Timestamp('2010-01-22 06:46:17'), 'mag': 5.0}]",3,29
1342,2010-01-22 06:41:22.794,0,[],0,29
1343,2010-01-10 09:57:24.399,0,[],0,17
1344,2009-12-30 13:16:23.259,0,[],0,6
1345,2010-01-22 16:33:23.313,0,[],0,29
1346,2010-01-01 19:47:23.365,0,[],0,8
1347,2010-01-18 23:01:23.418,1,"[{'lat': -9.04, 'long': 158.08, 'Time': Timestamp('2010-01-18 23:11:03'), 'mag': 5.2}, {'lat': -8.952, 'long': 158.1, 'Time': Timestamp('2010-01-18 23:12:41'), 'mag': 5.1}, {'lat': -8.946, 'long': 158.128, 'Time': Timestamp('2010-01-19 00:16:58'), 'mag': 5.1}, {'lat': -8.997, 'long': 158.071, 'Time': Timestamp('2010-01-19 00:17:48'), 'mag': 5.6}, {'lat': -8.865, 'long': 157.777, 'Time': Timestamp('2010-01-19 01:00:22'), 'mag': 5.1}, {'lat': -10.1, 'long': 161.023, 'Time': Timestamp('2010-01-19 08:08:47'), 'mag': 5.0}, {'lat': -9.04, 'long': 158.08, 'Time': Timestamp('2010-01-18 23:11:03'), 'mag': 5.2}, {'lat': -8.952, 'long': 158.1, 'Time': Timestamp('2010-01-18 23:12:41'), 'mag': 5.1}, {'lat': -8.946, 'long': 158.128, 'Time': Timestamp('2010-01-19 00:16:58'), 'mag': 5.1}, {'lat': -8.997, 'long': 158.071, 'Time': Timestamp('2010-01-19 00:17:48'), 'mag': 5.6}, {'lat': -8.865, 'long': 157.777, 'Time': Timestamp('2010-01-19 01:00:22'), 'mag': 5.1}, {'lat': -10.1, 'long': 161.023, 'Time': Timestamp('2010-01-19 08:08:47'), 'mag': 5.0}, {'lat': -9.04, 'long': 158.08, 'Time': Timestamp('2010-01-18 23:11:03'), 'mag': 5.2}, {'lat': -8.952, 'long': 158.1, 'Time': Timestamp('2010-01-18 23:12:41'), 'mag': 5.1}, {'lat': -8.946, 'long': 158.128, 'Time': Timestamp('2010-01-19 00:16:58'), 'mag': 5.1}, {'lat': -8.997, 'long': 158.071, 'Time': Timestamp('2010-01-19 00:17:48'), 'mag': 5.6}, {'lat': -8.865, 'long': 157.777, 'Time': Timestamp('2010-01-19 01:00:22'), 'mag': 5.1}, {'lat': -10.1, 'long': 161.023, 'Time': Timestamp('2010-01-19 08:08:47'), 'mag': 5.0}]",18,25
1348,2010-01-05 08:48:20.566,0,[],0,11
1349,2010-01-23 12:07:23.633,0,[],0,29
1350,2010-01-19 15:25:18.787,1,"[{'lat': -27.584, 'long': -65.829, 'Time': Timestamp('2010-01-19 17:28:15'), 'mag': 5.2}, {'lat': -27.584, 'long': -65.829, 'Time': Timestamp('2010-01-19 17:28:15'), 'mag': 5.2}, {'lat': -27.584, 'long': -65.829, 'Time': Timestamp('2010-01-19 17:28:15'), 'mag': 5.2}]",3,25
1351,2010-01-12 18:40:18.294,0,[],0,18
1352,2010-01-15 21:54:21.986,0,[],0,21
1353,2010-01-02 01:08:19.504,1,"[{'lat': 12.397, 'long': 142.16, 'Time': Timestamp('2010-01-02 05:20:50'), 'mag': 5.1}, {'lat': 12.462, 'long': 142.185, 'Time': Timestamp('2010-01-02 05:28:59'), 'mag': 5.2}, {'lat': 12.424, 'long': 141.949, 'Time': Timestamp('2010-01-02 08:45:33'), 'mag': 6.1}, {'lat': 12.397, 'long': 142.16, 'Time': Timestamp('2010-01-02 05:20:50'), 'mag': 5.1}, {'lat': 12.462, 'long': 142.185, 'Time': Timestamp('2010-01-02 05:28:59'), 'mag': 5.2}, {'lat': 12.424, 'long': 141.949, 'Time': Timestamp('2010-01-02 08:45:33'), 'mag': 6.1}, {'lat': 12.397, 'long': 142.16, 'Time': Timestamp('2010-01-02 05:20:50'), 'mag': 5.1}, {'lat': 12.462, 'long': 142.185, 'Time': Timestamp('2010-01-02 05:28:59'), 'mag': 5.2}, {'lat': 12.424, 'long': 141.949, 'Time': Timestamp('2010-01-02 08:45:33'), 'mag': 6.1}]",9,7
1354,2010-01-21 06:03:26.104,0,[],0,26
1355,2010-01-15 09:18:46.982,0,[],0,20
1356,2010-01-12 12:37:54.035,0,[],0,17
1357,2010-01-11 15:55:22.620,1,"[{'lat': 15.437, 'long': -88.761, 'Time': Timestamp('2010-01-11 23:30:44'), 'mag': 5.1}, {'lat': 15.437, 'long': -88.761, 'Time': Timestamp('2010-01-11 23:30:44'), 'mag': 5.1}, {'lat': 15.437, 'long': -88.761, 'Time': Timestamp('2010-01-11 23:30:44'), 'mag': 5.1}]",3,16
1358,2010-01-10 19:10:23.141,0,[],0,15
1359,2010-01-10 22:23:53.194,1,"[{'lat': -16.861, 'long': -174.228, 'Time': Timestamp('2010-01-10 22:44:33'), 'mag': 5.3}, {'lat': -16.861, 'long': -174.228, 'Time': Timestamp('2010-01-10 22:44:33'), 'mag': 5.3}]",2,15
1360,2010-01-01 01:38:16.573,0,[],0,5
1361,2010-01-17 06:33:28.384,0,[],0,21
1362,2010-01-11 09:49:21.808,0,[],0,15
1363,2010-01-15 13:08:23.435,0,[],0,19
1364,2010-01-09 22:53:53.596,0,[],0,13
1365,2010-01-15 08:40:50.742,0,[],0,18
1366,2010-01-27 11:59:53.809,1,"[{'lat': -14.1, 'long': -14.554, 'Time': Timestamp('2010-01-27 17:42:45'), 'mag': 5.8}, {'lat': -14.1, 'long': -14.554, 'Time': Timestamp('2010-01-27 17:42:45'), 'mag': 5.8}, {'lat': -14.1, 'long': -14.554, 'Time': Timestamp('2010-01-27 17:42:45'), 'mag': 5.8}, {'lat': -38.904, 'long': -15.829, 'Time': Timestamp('2010-01-27 12:31:35'), 'mag': 5.4}, {'lat': -38.815, 'long': -15.93, 'Time': Timestamp('2010-01-27 15:47:59'), 'mag': 5.0}, {'lat': -38.904, 'long': -15.829, 'Time': Timestamp('2010-01-27 12:31:35'), 'mag': 5.4}, {'lat': -38.815, 'long': -15.93, 'Time': Timestamp('2010-01-27 15:47:59'), 'mag': 5.0}, {'lat': -38.904, 'long': -15.829, 'Time': Timestamp('2010-01-27 12:31:35'), 'mag': 5.4}, {'lat': -38.815, 'long': -15.93, 'Time': Timestamp('2010-01-27 15:47:59'), 'mag': 5.0}]",9,30
1367,2010-01-06 15:17:53.060,0,[],0,9
1368,2010-01-12 18:32:49.798,0,[],0,15
1369,2010-01-19 21:46:23.490,0,[],0,22
1370,2010-01-09 01:00:48.354,1,"[{'lat': -9.131, 'long': 157.626, 'Time': Timestamp('2010-01-09 05:51:30'), 'mag': 6.2}, {'lat': -9.221, 'long': 157.704, 'Time': Timestamp('2010-01-09 07:04:34'), 'mag': 5.3}, {'lat': -9.179, 'long': 157.745, 'Time': Timestamp('2010-01-09 11:59:15'), 'mag': 5.0}, {'lat': -9.131, 'long': 157.626, 'Time': Timestamp('2010-01-09 05:51:30'), 'mag': 6.2}, {'lat': -9.221, 'long': 157.704, 'Time': Timestamp('2010-01-09 07:04:34'), 'mag': 5.3}, {'lat': -9.179, 'long': 157.745, 'Time': Timestamp('2010-01-09 11:59:15'), 'mag': 5.0}, {'lat': -9.131, 'long': 157.626, 'Time': Timestamp('2010-01-09 05:51:30'), 'mag': 6.2}, {'lat': -9.221, 'long': 157.704, 'Time': Timestamp('2010-01-09 07:04:34'), 'mag': 5.3}, {'lat': -9.179, 'long': 157.745, 'Time': Timestamp('2010-01-09 11:59:15'), 'mag': 5.0}]",9,11
1371,2010-01-15 05:55:55.838,0,[],0,17
1372,2010-01-08 09:10:52.912,0,[],0,10
1373,2010-01-11 12:30:23.211,0,[],0,13
1374,2010-01-22 15:47:52.026,0,[],0,24
1375,2010-01-04 19:02:49.423,0,[],0,6
1376,2010-01-17 22:16:23.371,1,"[{'lat': -31.956, 'long': -177.89, 'Time': Timestamp('2010-01-17 22:38:19'), 'mag': 5.2}, {'lat': -11.543, 'long': 166.24, 'Time': Timestamp('2010-01-18 06:00:30'), 'mag': 5.3}, {'lat': -11.543, 'long': 166.24, 'Time': Timestamp('2010-01-18 06:00:30'), 'mag': 5.3}, {'lat': -11.543, 'long': 166.24, 'Time': Timestamp('2010-01-18 06:00:30'), 'mag': 5.3}]",4,19
1377,2010-01-27 08:04:19.737,0,[],0,28
1378,2010-01-15 11:21:23.857,0,[],0,16
1379,2010-01-19 14:39:48.788,1,"[{'lat': -27.584, 'long': -65.829, 'Time': Timestamp('2010-01-19 17:28:15'), 'mag': 5.2}, {'lat': -27.584, 'long': -65.829, 'Time': Timestamp('2010-01-19 17:28:15'), 'mag': 5.2}]",2,20
1380,2010-01-20 21:09:24.017,0,[],0,21
1381,2010-01-18 00:23:18.835,1,"[{'lat': -11.543, 'long': 166.24, 'Time': Timestamp('2010-01-18 06:00:30'), 'mag': 5.3}, {'lat': -11.543, 'long': 166.24, 'Time': Timestamp('2010-01-18 06:00:30'), 'mag': 5.3}, {'lat': -11.543, 'long': 166.24, 'Time': Timestamp('2010-01-18 06:00:30'), 'mag': 5.3}, {'lat': 46.482, 'long': 153.262, 'Time': Timestamp('2010-01-18 01:02:16'), 'mag': 5.6}, {'lat': 46.482, 'long': 153.262, 'Time': Timestamp('2010-01-18 01:02:16'), 'mag': 5.6}, {'lat': 46.482, 'long': 153.262, 'Time': Timestamp('2010-01-18 01:02:16'), 'mag': 5.6}, {'lat': -6.251, 'long': 130.634, 'Time': Timestamp('2010-01-18 12:19:13'), 'mag': 5.1}]",7,18
1382,2010-01-24 05:17:55.561,0,[],0,24
1383,2010-01-26 08:32:53.204,0,[],0,26
1384,2010-01-24 11:51:53.257,0,[],0,24
1385,2010-01-10 15:09:51.069,0,[],0,10
1386,2010-01-19 18:25:19.246,0,[],0,19
1387,2010-01-30 21:38:48.954,1,"[{'lat': -20.535, 'long': -178.104, 'Time': Timestamp('2010-01-31 00:59:08'), 'mag': 5.2}, {'lat': -21.014, 'long': -178.747, 'Time': Timestamp('2010-01-31 02:01:15'), 'mag': 5.3}, {'lat': -20.535, 'long': -178.104, 'Time': Timestamp('2010-01-31 00:59:08'), 'mag': 5.2}, {'lat': -21.014, 'long': -178.747, 'Time': Timestamp('2010-01-31 02:01:15'), 'mag': 5.3}, {'lat': -20.535, 'long': -178.104, 'Time': Timestamp('2010-01-31 00:59:08'), 'mag': 5.2}, {'lat': -21.014, 'long': -178.747, 'Time': Timestamp('2010-01-31 02:01:15'), 'mag': 5.3}]",6,30
1388,2010-01-23 00:52:53.471,1,"[{'lat': -5.923, 'long': 152.516, 'Time': Timestamp('2010-01-23 04:42:18'), 'mag': 5.1}, {'lat': -5.923, 'long': 152.516, 'Time': Timestamp('2010-01-23 04:42:18'), 'mag': 5.1}, {'lat': -11.539, 'long': 166.359, 'Time': Timestamp('2010-01-23 04:43:40'), 'mag': 5.2}, {'lat': -5.923, 'long': 152.516, 'Time': Timestamp('2010-01-23 04:42:18'), 'mag': 5.1}, {'lat': -11.539, 'long': 166.359, 'Time': Timestamp('2010-01-23 04:43:40'), 'mag': 5.2}]",5,22
1389,2010-01-13 05:47:55.850,0,[],0,12
1390,2010-01-28 09:03:20.592,0,[],0,27
1391,2010-01-19 12:22:23.659,0,[],0,18
1392,2010-01-20 15:40:22.474,1,"[{'lat': -36.281, 'long': -73.16, 'Time': Timestamp('2010-01-21 00:15:14'), 'mag': 5.1}, {'lat': -36.281, 'long': -73.16, 'Time': Timestamp('2010-01-21 00:15:14'), 'mag': 5.1}, {'lat': -36.281, 'long': -73.16, 'Time': Timestamp('2010-01-21 00:15:14'), 'mag': 5.1}, {'lat': -57.773, 'long': -65.809, 'Time': Timestamp('2010-01-20 19:07:38'), 'mag': 5.1}, {'lat': -57.773, 'long': -65.809, 'Time': Timestamp('2010-01-20 19:07:38'), 'mag': 5.1}]",5,19
1393,2010-01-11 18:54:51.087,0,[],0,10
1394,2010-01-09 22:08:53.819,0,[],0,8
1395,2010-01-08 07:56:50.185,0,[],0,6
1396,2010-01-31 11:13:24.033,0,[],0,29
1397,2010-01-28 14:31:49.070,0,[],0,26
1398,2010-01-19 17:47:53.141,0,[],0,17
1399,2010-01-11 21:01:53.194,0,[],0,9
1400,2010-01-22 00:15:43.917,1,"[{'lat': -19.513, 'long': 175.282, 'Time': Timestamp('2010-01-22 01:24:51'), 'mag': 5.3}, {'lat': -19.513, 'long': 175.282, 'Time': Timestamp('2010-01-22 01:24:51'), 'mag': 5.3}, {'lat': -19.513, 'long': 175.282, 'Time': Timestamp('2010-01-22 01:24:51'), 'mag': 5.3}]",3,19
1401,2010-01-11 06:48:26.646,0,[],0,8
1402,2010-01-16 10:04:24.601,0,[],0,13
1403,2010-01-21 15:02:22.574,0,[],0,18
1404,2010-01-19 18:17:53.542,0,[],0,16
1405,2010-01-13 21:31:23.594,0,[],0,10
1406,2010-02-01 00:45:18.413,0,[],0,28
1407,2010-01-30 05:40:24.699,0,[],0,26
1408,2010-01-28 08:55:22.096,0,[],0,24
1409,2010-01-23 12:14:53.835,0,[],0,19
1410,2010-01-12 15:32:21.870,1,"[{'lat': 18.443, 'long': -72.571, 'Time': Timestamp('2010-01-12 21:53:10'), 'mag': 7.0}, {'lat': 18.387, 'long': -72.784, 'Time': Timestamp('2010-01-12 22:00:41'), 'mag': 6.0}, {'lat': 18.463, 'long': -72.626, 'Time': Timestamp('2010-01-12 22:07:02'), 'mag': 5.0}, {'lat': 18.452, 'long': -72.513, 'Time': Timestamp('2010-01-12 22:12:04'), 'mag': 5.7}, {'lat': 18.402, 'long': -72.513, 'Time': Timestamp('2010-01-12 23:12:03'), 'mag': 5.3}, {'lat': 18.482, 'long': -72.469, 'Time': Timestamp('2010-01-13 00:43:27'), 'mag': 5.0}, {'lat': 18.354, 'long': -72.807, 'Time': Timestamp('2010-01-13 00:59:05'), 'mag': 5.2}, {'lat': 18.425, 'long': -72.814, 'Time': Timestamp('2010-01-13 01:16:50'), 'mag': 5.1}, {'lat': 18.42, 'long': -72.861, 'Time': Timestamp('2010-01-13 01:32:44'), 'mag': 5.6}, {'lat': 18.404, 'long': -72.826, 'Time': Timestamp('2010-01-13 01:36:31'), 'mag': 5.6}, {'lat': 18.337, 'long': -72.842, 'Time': Timestamp('2010-01-13 01:55:16'), 'mag': 5.1}, {'lat': 18.393, 'long': -72.884, 'Time': Timestamp('2010-01-13 01:57:34'), 'mag': 5.4}, {'lat': 18.402, 'long': -73.037, 'Time': Timestamp('2010-01-13 02:11:30'), 'mag': 5.0}, {'lat': 18.443, 'long': -72.571, 'Time': Timestamp('2010-01-12 21:53:10'), 'mag': 7.0}, {'lat': 18.387, 'long': -72.784, 'Time': Timestamp('2010-01-12 22:00:41'), 'mag': 6.0}, {'lat': 18.463, 'long': -72.626, 'Time': Timestamp('2010-01-12 22:07:02'), 'mag': 5.0}, {'lat': 18.452, 'long': -72.513, 'Time': Timestamp('2010-01-12 22:12:04'), 'mag': 5.7}, {'lat': 18.402, 'long': -72.513, 'Time': Timestamp('2010-01-12 23:12:03'), 'mag': 5.3}, {'lat': 18.482, 'long': -72.469, 'Time': Timestamp('2010-01-13 00:43:27'), 'mag': 5.0}, {'lat': 18.354, 'long': -72.807, 'Time': Timestamp('2010-01-13 00:59:05'), 'mag': 5.2}, {'lat': 18.425, 'long': -72.814, 'Time': Timestamp('2010-01-13 01:16:50'), 'mag': 5.1}, {'lat': 18.42, 'long': -72.861, 'Time': Timestamp('2010-01-13 01:32:44'), 'mag': 5.6}, {'lat': 18.404, 'long': -72.826, 'Time': Timestamp('2010-01-13 01:36:31'), 'mag': 5.6}, {'lat': 18.337, 'long': -72.842, 'Time': Timestamp('2010-01-13 01:55:16'), 'mag': 5.1}, {'lat': 18.393, 'long': -72.884, 'Time': Timestamp('2010-01-13 01:57:34'), 'mag': 5.4}, {'lat': 18.402, 'long': -73.037, 'Time': Timestamp('2010-01-13 02:11:30'), 'mag': 5.0}, {'lat': 18.443, 'long': -72.571, 'Time': Timestamp('2010-01-12 21:53:10'), 'mag': 7.0}, {'lat': 18.387, 'long': -72.784, 'Time': Timestamp('2010-01-12 22:00:41'), 'mag': 6.0}, {'lat': 18.463, 'long': -72.626, 'Time': Timestamp('2010-01-12 22:07:02'), 'mag': 5.0}, {'lat': 18.452, 'long': -72.513, 'Time': Timestamp('2010-01-12 22:12:04'), 'mag': 5.7}, {'lat': 18.402, 'long': -72.513, 'Time': Timestamp('2010-01-12 23:12:03'), 'mag': 5.3}, {'lat': 18.482, 'long': -72.469, 'Time': Timestamp('2010-01-13 00:43:27'), 'mag': 5.0}, {'lat': 18.354, 'long': -72.807, 'Time': Timestamp('2010-01-13 00:59:05'), 'mag': 5.2}, {'lat': 18.425, 'long': -72.814, 'Time': Timestamp('2010-01-13 01:16:50'), 'mag': 5.1}, {'lat': 18.42, 'long': -72.861, 'Time': Timestamp('2010-01-13 01:32:44'), 'mag': 5.6}, {'lat': 18.404, 'long': -72.826, 'Time': Timestamp('2010-01-13 01:36:31'), 'mag': 5.6}, {'lat': 18.337, 'long': -72.842, 'Time': Timestamp('2010-01-13 01:55:16'), 'mag': 5.1}, {'lat': 18.393, 'long': -72.884, 'Time': Timestamp('2010-01-13 01:57:34'), 'mag': 5.4}, {'lat': 18.402, 'long': -73.037, 'Time': Timestamp('2010-01-13 02:11:30'), 'mag': 5.0}]",39,8
1411,2010-01-30 18:47:23.942,1,"[{'lat': -57.638, 'long': -141.462, 'Time': Timestamp('2010-01-30 19:21:27'), 'mag': 5.6}, {'lat': -57.638, 'long': -141.462, 'Time': Timestamp('2010-01-30 19:21:27'), 'mag': 5.6}, {'lat': -57.638, 'long': -141.462, 'Time': Timestamp('2010-01-30 19:21:27'), 'mag': 5.6}]",3,26
1412,2010-01-16 22:01:23.996,0,[],0,12
1413,2010-01-17 01:15:22.364,1,"[{'lat': -6.122, 'long': 152.587, 'Time': Timestamp('2010-01-17 09:46:40'), 'mag': 5.7}, {'lat': -6.122, 'long': 152.587, 'Time': Timestamp('2010-01-17 09:46:40'), 'mag': 5.7}, {'lat': -6.122, 'long': 152.587, 'Time': Timestamp('2010-01-17 09:46:40'), 'mag': 5.7}, {'lat': 37.938, 'long': 143.599, 'Time': Timestamp('2010-01-17 06:04:36'), 'mag': 5.6}, {'lat': 37.938, 'long': 143.599, 'Time': Timestamp('2010-01-17 06:04:36'), 'mag': 5.6}, {'lat': 37.938, 'long': 143.599, 'Time': Timestamp('2010-01-17 06:04:36'), 'mag': 5.6}]",6,12
1414,2010-02-04 06:10:25.305,0,[],0,30
1415,2010-01-29 09:26:20.280,0,[],0,24
1416,2010-01-11 12:45:23.237,0,[],0,6
1417,2010-01-26 16:02:53.290,0,[],0,21
1418,2010-01-23 19:17:23.343,0,[],0,18
1419,2010-01-15 00:07:53.512,0,[],0,9
1420,2010-01-11 05:02:27.120,0,[],0,5
1421,2010-01-11 08:19:24.752,0,[],0,5
1422,2010-01-28 11:36:23.889,0,[],0,22
1423,2010-01-19 14:54:50.259,1,"[{'lat': -27.584, 'long': -65.829, 'Time': Timestamp('2010-01-19 17:28:15'), 'mag': 5.2}]",1,13
1424,2010-01-29 18:10:23.995,1,"[{'lat': 1.514, 'long': -90.714, 'Time': Timestamp('2010-01-29 20:38:08'), 'mag': 5.2}, {'lat': 1.585, 'long': -90.602, 'Time': Timestamp('2010-01-29 20:47:53'), 'mag': 5.6}, {'lat': 1.514, 'long': -90.714, 'Time': Timestamp('2010-01-29 20:38:08'), 'mag': 5.2}, {'lat': 1.585, 'long': -90.602, 'Time': Timestamp('2010-01-29 20:47:53'), 'mag': 5.6}, {'lat': 1.514, 'long': -90.714, 'Time': Timestamp('2010-01-29 20:38:08'), 'mag': 5.2}, {'lat': 1.585, 'long': -90.602, 'Time': Timestamp('2010-01-29 20:47:53'), 'mag': 5.6}]",6,23
1425,2010-01-18 21:23:54.049,1,"[{'lat': -18.324, 'long': -173.215, 'Time': Timestamp('2010-01-18 21:35:23'), 'mag': 5.4}, {'lat': -18.324, 'long': -173.215, 'Time': Timestamp('2010-01-18 21:35:23'), 'mag': 5.4}, {'lat': -18.324, 'long': -173.215, 'Time': Timestamp('2010-01-18 21:35:23'), 'mag': 5.4}]",3,12
1426,2010-02-04 00:37:51.963,0,[],0,28
1427,2010-01-16 07:10:56.501,0,[],0,9
1428,2010-01-19 10:27:39.624,0,[],0,12
1429,2010-01-14 13:46:23.316,0,[],0,7
1430,2010-01-31 17:02:53.370,0,[],0,24
1431,2010-01-28 20:16:53.423,0,[],0,21
1432,2010-02-04 23:30:53.476,0,[],0,28
1433,2010-01-17 07:41:22.807,0,[],0,9
1434,2010-01-17 10:57:53.663,0,[],0,9
1435,2010-01-23 14:16:50.805,0,[],0,15
1436,2010-01-31 17:32:53.771,0,[],0,23
1437,2010-02-01 20:46:53.824,0,[],0,24
1438,2010-02-07 00:00:21.299,1,"[{'lat': -5.502, 'long': 147.495, 'Time': Timestamp('2010-02-07 07:41:55'), 'mag': 5.1}, {'lat': -5.502, 'long': 147.495, 'Time': Timestamp('2010-02-07 07:41:55'), 'mag': 5.1}, {'lat': -5.502, 'long': 147.495, 'Time': Timestamp('2010-02-07 07:41:55'), 'mag': 5.1}]",3,29
1439,2010-02-03 08:09:52.872,0,[],0,25
1440,2010-01-30 11:28:54.064,0,[],0,21
1441,2010-02-06 14:46:52.093,0,[],0,28
1442,2010-01-16 18:02:53.173,0,[],0,7
1443,2010-02-01 21:16:23.225,0,[],0,23
1444,2010-01-16 00:30:20.600,0,[],0,6
1445,2010-01-21 07:03:26.678,0,[],0,11
1446,2010-01-28 10:19:49.209,0,[],0,18
1447,2010-01-20 13:38:53.493,1,"[{'lat': -36.281, 'long': -73.16, 'Time': Timestamp('2010-01-21 00:15:14'), 'mag': 5.1}, {'lat': -57.773, 'long': -65.809, 'Time': Timestamp('2010-01-20 19:07:38'), 'mag': 5.1}, {'lat': -57.773, 'long': -65.809, 'Time': Timestamp('2010-01-20 19:07:38'), 'mag': 5.1}, {'lat': -57.773, 'long': -65.809, 'Time': Timestamp('2010-01-20 19:07:38'), 'mag': 5.1}]",4,10
1448,2010-01-28 23:23:23.653,1,"[{'lat': -19.11, 'long': 169.349, 'Time': Timestamp('2010-01-29 08:15:27'), 'mag': 5.2}, {'lat': -18.948, 'long': 169.665, 'Time': Timestamp('2010-01-29 09:19:54'), 'mag': 5.8}, {'lat': -19.11, 'long': 169.349, 'Time': Timestamp('2010-01-29 08:15:27'), 'mag': 5.2}, {'lat': -18.948, 'long': 169.665, 'Time': Timestamp('2010-01-29 09:19:54'), 'mag': 5.8}]",4,18
1449,2010-02-01 07:33:53.977,0,[],0,21
1450,2010-02-08 10:50:23.707,1,"[{'lat': -56.193, 'long': -24.57, 'Time': Timestamp('2010-02-08 12:08:31'), 'mag': 5.2}, {'lat': -56.193, 'long': -24.57, 'Time': Timestamp('2010-02-08 12:08:31'), 'mag': 5.2}]",2,28
1451,2010-01-28 14:08:56.294,0,[],0,17
1452,2010-01-17 17:25:23.948,1,"[{'lat': -34.939, 'long': -108.557, 'Time': Timestamp('2010-01-18 03:51:01'), 'mag': 5.1}, {'lat': -34.939, 'long': -108.557, 'Time': Timestamp('2010-01-18 03:51:01'), 'mag': 5.1}]",2,6
1453,2010-01-30 20:39:24.001,0,[],0,19
1454,2010-01-31 23:52:54.054,0,[],0,20
1455,2010-02-01 08:03:53.489,0,[],0,20
1456,2010-01-18 11:20:53.242,1,"[{'lat': 38.404, 'long': 21.961, 'Time': Timestamp('2010-01-18 15:56:09'), 'mag': 5.5}, {'lat': 38.404, 'long': 21.961, 'Time': Timestamp('2010-01-18 15:56:09'), 'mag': 5.5}, {'lat': 38.404, 'long': 21.961, 'Time': Timestamp('2010-01-18 15:56:09'), 'mag': 5.5}]",3,6
1457,2010-01-23 14:39:18.173,0,[],0,11
1458,2010-01-25 17:54:53.348,0,[],0,13
1459,2010-02-02 02:00:18.135,1,"[{'lat': 10.188, 'long': 125.931, 'Time': Timestamp('2010-02-02 11:19:08'), 'mag': 5.1}, {'lat': 10.188, 'long': 125.931, 'Time': Timestamp('2010-02-02 11:19:08'), 'mag': 5.1}, {'lat': 10.188, 'long': 125.931, 'Time': Timestamp('2010-02-02 11:19:08'), 'mag': 5.1}]",3,20
1460,2010-02-11 06:55:56.855,0,[],0,29
1461,2010-01-24 10:11:50.992,0,[],0,11
1462,2010-02-03 13:30:53.948,0,[],0,21
1463,2010-01-23 23:15:23.108,0,[],0,10
1464,2010-01-21 07:25:52.439,0,[],0,7
1465,2010-02-13 10:42:20.394,0,[],0,30
1466,2010-02-06 14:01:16.117,0,[],0,23
1467,2010-01-23 17:17:53.403,1,"[{'lat': 8.335, 'long': -83.049, 'Time': Timestamp('2010-01-23 20:22:23'), 'mag': 5.0}, {'lat': 8.335, 'long': -83.049, 'Time': Timestamp('2010-01-23 20:22:23'), 'mag': 5.0}, {'lat': 8.335, 'long': -83.049, 'Time': Timestamp('2010-01-23 20:22:23'), 'mag': 5.0}]",3,9
1468,2010-01-24 20:31:53.456,0,[],0,10
1469,2010-01-31 23:45:23.509,0,[],0,17
1470,2010-01-26 03:01:53.864,1,"[{'lat': -0.324, 'long': 99.093, 'Time': Timestamp('2010-01-26 06:53:25'), 'mag': 5.0}, {'lat': -0.324, 'long': 99.093, 'Time': Timestamp('2010-01-26 06:53:25'), 'mag': 5.0}, {'lat': -0.324, 'long': 99.093, 'Time': Timestamp('2010-01-26 06:53:25'), 'mag': 5.0}]",3,11
1471,2010-01-29 06:17:55.793,0,[],0,14
1472,2010-01-29 09:33:22.096,0,[],0,14
1473,2010-01-21 12:52:53.724,0,[],0,6
1474,2010-01-31 16:09:53.777,0,[],0,16
1475,2010-02-01 19:24:21.375,0,[],0,17
1476,2010-01-28 22:38:23.883,1,"[{'lat': -19.11, 'long': 169.349, 'Time': Timestamp('2010-01-29 08:15:27'), 'mag': 5.2}, {'lat': -18.948, 'long': 169.665, 'Time': Timestamp('2010-01-29 09:19:54'), 'mag': 5.8}, {'lat': -19.11, 'long': 169.349, 'Time': Timestamp('2010-01-29 08:15:27'), 'mag': 5.2}, {'lat': -18.948, 'long': 169.665, 'Time': Timestamp('2010-01-29 09:19:54'), 'mag': 5.8}, {'lat': -19.11, 'long': 169.349, 'Time': Timestamp('2010-01-29 08:15:27'), 'mag': 5.2}, {'lat': -18.948, 'long': 169.665, 'Time': Timestamp('2010-01-29 09:19:54'), 'mag': 5.8}]",6,13
1477,2010-02-06 06:48:27.310,0,[],0,21
1478,2010-02-01 10:04:21.169,0,[],0,16
1479,2010-02-02 13:23:23.125,0,[],0,17
1480,2010-02-14 16:39:53.179,1,"[{'lat': -13.566, 'long': -111.514, 'Time': Timestamp('2010-02-14 22:58:40'), 'mag': 5.0}, {'lat': -13.566, 'long': -111.514, 'Time': Timestamp('2010-02-14 22:58:40'), 'mag': 5.0}]",2,29
1481,2010-02-06 19:54:23.232,0,[],0,21
1482,2010-02-04 23:07:53.284,0,[],0,19
1483,2010-01-31 07:18:22.615,0,[],0,14
1484,2010-02-03 10:34:50.570,0,[],0,17
1485,2010-02-03 13:53:52.277,0,[],0,17
1486,2010-01-31 23:37:53.686,0,[],0,14
1487,2010-02-14 06:10:24.642,0,[],0,27
1488,2010-02-04 09:25:50.945,0,[],0,17
1489,2010-02-07 12:44:53.901,0,[],0,20
1490,2010-02-10 16:02:23.954,0,[],0,23
1491,2010-01-26 19:16:54.008,0,[],0,8
1492,2010-02-09 22:30:54.060,1,"[{'lat': -23.058, 'long': 170.349, 'Time': Timestamp('2010-02-10 04:51:11'), 'mag': 5.0}, {'lat': -23.058, 'long': 170.349, 'Time': Timestamp('2010-02-10 04:51:11'), 'mag': 5.0}, {'lat': -23.058, 'long': 170.349, 'Time': Timestamp('2010-02-10 04:51:11'), 'mag': 5.0}]",3,22
1493,2010-02-16 06:40:24.165,0,[],0,28
1494,2010-02-03 09:56:24.442,0,[],0,15
1495,2010-02-07 13:15:23.301,1,"[{'lat': -23.225, 'long': -66.564, 'Time': Timestamp('2010-02-07 17:09:47'), 'mag': 5.6}]",1,19
1496,2010-01-24 16:32:23.356,1,"[{'lat': 16.029, 'long': -60.925, 'Time': Timestamp('2010-01-24 22:43:23'), 'mag': 5.0}, {'lat': 16.029, 'long': -60.925, 'Time': Timestamp('2010-01-24 22:43:23'), 'mag': 5.0}, {'lat': 16.029, 'long': -60.925, 'Time': Timestamp('2010-01-24 22:43:23'), 'mag': 5.0}]",3,5
1497,2010-02-13 00:37:18.254,0,[],0,24
1498,2010-02-18 05:32:25.979,0,[],0,29
1499,2010-02-10 08:47:21.936,0,[],0,21
1500,2010-01-27 12:06:53.676,1,"[{'lat': -14.1, 'long': -14.554, 'Time': Timestamp('2010-01-27 17:42:45'), 'mag': 5.8}, {'lat': -14.1, 'long': -14.554, 'Time': Timestamp('2010-01-27 17:42:45'), 'mag': 5.8}, {'lat': -14.1, 'long': -14.554, 'Time': Timestamp('2010-01-27 17:42:45'), 'mag': 5.8}, {'lat': -38.904, 'long': -15.829, 'Time': Timestamp('2010-01-27 12:31:35'), 'mag': 5.4}, {'lat': -38.815, 'long': -15.93, 'Time': Timestamp('2010-01-27 15:47:59'), 'mag': 5.0}, {'lat': -38.904, 'long': -15.829, 'Time': Timestamp('2010-01-27 12:31:35'), 'mag': 5.4}, {'lat': -38.815, 'long': -15.93, 'Time': Timestamp('2010-01-27 15:47:59'), 'mag': 5.0}, {'lat': -38.904, 'long': -15.829, 'Time': Timestamp('2010-01-27 12:31:35'), 'mag': 5.4}, {'lat': -38.815, 'long': -15.93, 'Time': Timestamp('2010-01-27 15:47:59'), 'mag': 5.0}]",9,7
1501,2010-02-14 15:24:22.926,0,[],0,25
1502,2010-02-11 21:53:23.836,0,[],0,22
1503,2010-01-31 01:07:19.313,0,[],0,10
1504,2010-02-01 06:02:26.268,0,[],0,11
1505,2010-02-01 09:18:21.121,0,[],0,11
1506,2010-02-20 12:37:24.077,0,[],0,30
1507,2010-01-29 15:54:51.334,1,"[{'lat': 1.514, 'long': -90.714, 'Time': Timestamp('2010-01-29 20:38:08'), 'mag': 5.2}, {'lat': 1.585, 'long': -90.602, 'Time': Timestamp('2010-01-29 20:47:53'), 'mag': 5.6}, {'lat': 1.514, 'long': -90.714, 'Time': Timestamp('2010-01-29 20:38:08'), 'mag': 5.2}, {'lat': 1.585, 'long': -90.602, 'Time': Timestamp('2010-01-29 20:47:53'), 'mag': 5.6}, {'lat': 1.514, 'long': -90.714, 'Time': Timestamp('2010-01-29 20:38:08'), 'mag': 5.2}, {'lat': 1.585, 'long': -90.602, 'Time': Timestamp('2010-01-29 20:47:53'), 'mag': 5.6}]",6,8
1508,2010-02-15 19:09:23.184,0,[],0,25
1509,2010-02-18 22:23:23.237,0,[],0,28
1510,2010-02-12 06:32:58.437,0,[],0,21
1511,2010-02-01 09:48:50.523,0,[],0,10
1512,2010-02-09 14:46:55.247,0,[],0,18
1513,2010-02-19 18:02:23.558,0,[],0,28
1514,2010-02-20 21:15:53.612,0,[],0,29
1515,2010-01-29 00:29:52.526,1,"[{'lat': -19.11, 'long': 169.349, 'Time': Timestamp('2010-01-29 08:15:27'), 'mag': 5.2}, {'lat': -18.948, 'long': 169.665, 'Time': Timestamp('2010-01-29 09:19:54'), 'mag': 5.8}, {'lat': -19.11, 'long': 169.349, 'Time': Timestamp('2010-01-29 08:15:27'), 'mag': 5.2}, {'lat': -18.948, 'long': 169.665, 'Time': Timestamp('2010-01-29 09:19:54'), 'mag': 5.8}, {'lat': -19.11, 'long': 169.349, 'Time': Timestamp('2010-01-29 08:15:27'), 'mag': 5.2}, {'lat': -18.948, 'long': 169.665, 'Time': Timestamp('2010-01-29 09:19:54'), 'mag': 5.8}]",6,6
1516,2010-01-31 07:02:52.968,0,[],0,8
1517,2010-01-30 10:19:19.595,0,[],0,7
1518,2010-02-22 13:38:23.879,0,[],0,30
1519,2010-02-08 16:54:53.933,1,"[{'lat': 15.893, 'long': -96.861, 'Time': Timestamp('2010-02-09 00:47:40'), 'mag': 5.7}, {'lat': 15.893, 'long': -96.861, 'Time': Timestamp('2010-02-09 00:47:40'), 'mag': 5.7}, {'lat': 15.893, 'long': -96.861, 'Time': Timestamp('2010-02-09 00:47:40'), 'mag': 5.7}]",3,16
1520,2010-02-15 20:08:53.986,0,[],0,23
1521,2010-01-31 23:22:54.039,0,[],0,8
1522,2010-02-10 07:33:20.595,0,[],0,17
1523,2010-02-17 10:49:50.325,0,[],0,24
1524,2010-02-18 14:08:54.352,1,"[{'lat': -23.067, 'long': -68.514, 'Time': Timestamp('2010-02-18 20:56:33'), 'mag': 5.2}, {'lat': -23.067, 'long': -68.514, 'Time': Timestamp('2010-02-18 20:56:33'), 'mag': 5.2}, {'lat': -23.067, 'long': -68.514, 'Time': Timestamp('2010-02-18 20:56:33'), 'mag': 5.2}]",3,25
1525,2010-02-21 20:38:53.387,1,"[{'lat': -21.511, 'long': -173.778, 'Time': Timestamp('2010-02-22 05:08:49'), 'mag': 5.7}, {'lat': -21.511, 'long': -173.778, 'Time': Timestamp('2010-02-22 05:08:49'), 'mag': 5.7}, {'lat': -23.626, 'long': -176.036, 'Time': Timestamp('2010-02-22 07:00:51'), 'mag': 6.0}, {'lat': -23.738, 'long': -175.917, 'Time': Timestamp('2010-02-22 07:24:45'), 'mag': 5.6}]",4,28
1526,2010-01-31 23:52:23.440,0,[],0,7
1527,2010-02-01 08:01:53.764,0,[],0,7
1528,2010-02-20 11:20:23.627,0,[],0,26
1529,2010-02-02 14:38:48.559,0,[],0,8
1530,2010-01-30 17:54:53.736,1,"[{'lat': -57.638, 'long': -141.462, 'Time': Timestamp('2010-01-30 19:21:27'), 'mag': 5.6}, {'lat': -57.638, 'long': -141.462, 'Time': Timestamp('2010-01-30 19:21:27'), 'mag': 5.6}, {'lat': -57.638, 'long': -141.462, 'Time': Timestamp('2010-01-30 19:21:27'), 'mag': 5.6}]",3,5
1531,2010-02-17 21:08:23.788,0,[],0,23
1532,2010-02-15 00:22:15.839,0,[],0,20
1533,2010-02-05 06:55:27.241,0,[],0,10
1534,2010-01-31 10:11:20.622,0,[],0,5
1535,2010-02-14 13:30:23.578,0,[],0,19
1536,2010-02-14 16:47:23.633,1,"[{'lat': -13.566, 'long': -111.514, 'Time': Timestamp('2010-02-14 22:58:40'), 'mag': 5.0}, {'lat': -13.566, 'long': -111.514, 'Time': Timestamp('2010-02-14 22:58:40'), 'mag': 5.0}, {'lat': -13.566, 'long': -111.514, 'Time': Timestamp('2010-02-14 22:58:40'), 'mag': 5.0}]",3,19
1537,2010-01-31 20:01:23.685,0,[],0,5
1538,2010-02-25 00:52:21.298,1,"[{'lat': -14.845, 'long': 167.331, 'Time': Timestamp('2010-02-25 12:21:43'), 'mag': 5.1}, {'lat': -14.845, 'long': 167.331, 'Time': Timestamp('2010-02-25 12:21:43'), 'mag': 5.1}, {'lat': 8.315, 'long': 137.703, 'Time': Timestamp('2010-02-25 00:53:52'), 'mag': 5.0}, {'lat': 8.315, 'long': 137.703, 'Time': Timestamp('2010-02-25 00:53:52'), 'mag': 5.0}, {'lat': 8.315, 'long': 137.703, 'Time': Timestamp('2010-02-25 00:53:52'), 'mag': 5.0}]",5,29
1539,2010-02-22 05:47:26.144,0,[],0,26
1540,2010-02-19 09:02:49.557,0,[],0,23
1541,2010-02-18 12:21:53.952,0,[],0,22
1542,2010-02-23 22:07:53.112,0,[],0,27
1543,2010-02-03 01:22:18.590,0,[],0,6
1544,2010-02-26 06:17:21.450,0,[],0,29
1545,2010-02-12 09:33:21.726,0,[],0,15
1546,2010-02-05 12:52:23.354,0,[],0,8
1547,2010-02-18 16:09:23.407,1,"[{'lat': -23.067, 'long': -68.514, 'Time': Timestamp('2010-02-18 20:56:33'), 'mag': 5.2}, {'lat': -23.067, 'long': -68.514, 'Time': Timestamp('2010-02-18 20:56:33'), 'mag': 5.2}, {'lat': -23.067, 'long': -68.514, 'Time': Timestamp('2010-02-18 20:56:33'), 'mag': 5.2}, {'lat': -35.029, 'long': -108.397, 'Time': Timestamp('2010-02-18 19:47:39'), 'mag': 5.4}, {'lat': -35.029, 'long': -108.397, 'Time': Timestamp('2010-02-18 19:47:39'), 'mag': 5.4}, {'lat': -35.029, 'long': -108.397, 'Time': Timestamp('2010-02-18 19:47:39'), 'mag': 5.4}]",6,21
1548,2010-02-19 19:24:23.774,0,[],0,22
1549,2010-02-18 22:37:53.513,0,[],0,21
1550,2010-02-03 01:52:23.087,0,[],0,5
1551,2010-02-12 06:47:56.940,0,[],0,14
1552,2010-02-08 10:03:54.895,1,"[{'lat': -56.193, 'long': -24.57, 'Time': Timestamp('2010-02-08 12:08:31'), 'mag': 5.2}]",1,10
1553,2010-02-27 13:22:53.755,1,"[{'lat': 10.84, 'long': -43.406, 'Time': Timestamp('2010-02-27 19:54:28'), 'mag': 5.8}, {'lat': 10.84, 'long': -43.406, 'Time': Timestamp('2010-02-27 19:54:28'), 'mag': 5.8}, {'lat': 10.84, 'long': -43.406, 'Time': Timestamp('2010-02-27 19:54:28'), 'mag': 5.8}, {'lat': -24.872, 'long': -65.602, 'Time': Timestamp('2010-02-27 15:45:37'), 'mag': 6.3}, {'lat': -24.872, 'long': -65.602, 'Time': Timestamp('2010-02-27 15:45:37'), 'mag': 6.3}]",5,29
1554,2010-02-06 16:39:53.809,0,[],0,8
1555,2010-02-19 19:53:53.862,0,[],0,21
1556,2010-03-01 00:44:52.803,0,[],0,30
1557,2010-02-14 05:39:53.665,0,[],0,15
1558,2010-02-06 08:54:51.061,0,[],0,7
1559,2010-02-22 12:13:53.129,0,[],0,23
1560,2010-02-14 15:31:58.027,0,[],0,15
1561,2010-02-28 18:46:53.236,0,[],0,29
1562,2010-02-18 22:00:23.290,0,[],0,19
1563,2010-02-11 01:14:48.767,1,"[{'lat': -6.657, 'long': 147.749, 'Time': Timestamp('2010-02-11 07:46:45'), 'mag': 5.1}, {'lat': -6.657, 'long': 147.749, 'Time': Timestamp('2010-02-11 07:46:45'), 'mag': 5.1}, {'lat': -6.657, 'long': 147.749, 'Time': Timestamp('2010-02-11 07:46:45'), 'mag': 5.1}]",3,11
1564,2010-02-20 06:09:54.617,0,[],0,20
1565,2010-03-02 09:25:16.479,0,[],0,30
1566,2010-02-10 12:44:53.530,0,[],0,10
1567,2010-02-26 16:01:53.585,0,[],0,26
1568,2010-02-26 19:16:53.638,1,"[{'lat': -54.027, 'long': -133.64, 'Time': Timestamp('2010-02-27 06:34:16'), 'mag': 5.6}, {'lat': -54.027, 'long': -133.64, 'Time': Timestamp('2010-02-27 06:34:16'), 'mag': 5.6}, {'lat': -54.027, 'long': -133.64, 'Time': Timestamp('2010-02-27 06:34:16'), 'mag': 5.6}, {'lat': -54.027, 'long': -133.64, 'Time': Timestamp('2010-02-27 06:34:16'), 'mag': 5.6}]",4,26
1569,2010-02-21 22:30:23.690,1,"[{'lat': -21.511, 'long': -173.778, 'Time': Timestamp('2010-02-22 05:08:49'), 'mag': 5.7}, {'lat': -23.626, 'long': -176.036, 'Time': Timestamp('2010-02-22 07:00:51'), 'mag': 6.0}, {'lat': -23.738, 'long': -175.917, 'Time': Timestamp('2010-02-22 07:24:45'), 'mag': 5.6}, {'lat': -23.66, 'long': -175.915, 'Time': Timestamp('2010-02-22 08:42:39'), 'mag': 5.5}, {'lat': -21.511, 'long': -173.778, 'Time': Timestamp('2010-02-22 05:08:49'), 'mag': 5.7}, {'lat': -23.626, 'long': -176.036, 'Time': Timestamp('2010-02-22 07:00:51'), 'mag': 6.0}, {'lat': -23.738, 'long': -175.917, 'Time': Timestamp('2010-02-22 07:24:45'), 'mag': 5.6}, {'lat': -23.66, 'long': -175.915, 'Time': Timestamp('2010-02-22 08:42:39'), 'mag': 5.5}, {'lat': -21.511, 'long': -173.778, 'Time': Timestamp('2010-02-22 05:08:49'), 'mag': 5.7}, {'lat': -23.626, 'long': -176.036, 'Time': Timestamp('2010-02-22 07:00:51'), 'mag': 6.0}, {'lat': -23.738, 'long': -175.917, 'Time': Timestamp('2010-02-22 07:24:45'), 'mag': 5.6}, {'lat': -23.66, 'long': -175.915, 'Time': Timestamp('2010-02-22 08:42:39'), 'mag': 5.5}]",12,21
1570,2010-02-21 01:44:49.168,0,[],0,20
1571,2010-02-11 06:39:54.795,0,[],0,10
1572,2010-02-10 09:55:52.304,0,[],0,9
1573,2010-02-09 13:15:23.932,0,[],0,8
1574,2010-02-25 16:31:53.985,0,[],0,24
1575,2010-02-21 19:46:24.038,0,[],0,20
1576,2010-02-19 23:00:23.091,0,[],0,18
1577,2010-02-25 08:47:20.238,0,[],0,23
1578,2010-02-11 12:06:23.306,0,[],0,9
1579,2010-03-01 15:24:18.461,1,"[{'lat': -36.297, 'long': -72.473, 'Time': Timestamp('2010-03-01 16:56:49'), 'mag': 5.0}, {'lat': -33.898, 'long': -71.424, 'Time': Timestamp('2010-03-01 21:51:01'), 'mag': 5.0}, {'lat': -39.76, 'long': -71.366, 'Time': Timestamp('2010-03-02 02:09:35'), 'mag': 5.1}, {'lat': -36.759, 'long': -73.551, 'Time': Timestamp('2010-03-01 15:52:38'), 'mag': 5.1}, {'lat': -36.297, 'long': -72.473, 'Time': Timestamp('2010-03-01 16:56:49'), 'mag': 5.0}, {'lat': -33.898, 'long': -71.424, 'Time': Timestamp('2010-03-01 21:51:01'), 'mag': 5.0}, {'lat': -34.831, 'long': -73.814, 'Time': Timestamp('2010-03-01 22:40:18'), 'mag': 5.0}, {'lat': -39.76, 'long': -71.366, 'Time': Timestamp('2010-03-02 02:09:35'), 'mag': 5.1}, {'lat': -36.759, 'long': -73.551, 'Time': Timestamp('2010-03-01 15:52:38'), 'mag': 5.1}, {'lat': -36.297, 'long': -72.473, 'Time': Timestamp('2010-03-01 16:56:49'), 'mag': 5.0}, {'lat': -33.898, 'long': -71.424, 'Time': Timestamp('2010-03-01 21:51:01'), 'mag': 5.0}, {'lat': -34.831, 'long': -73.814, 'Time': Timestamp('2010-03-01 22:40:18'), 'mag': 5.0}, {'lat': -39.76, 'long': -71.366, 'Time': Timestamp('2010-03-02 02:09:35'), 'mag': 5.1}]",13,27
1580,2010-02-14 18:39:26.158,1,"[{'lat': -13.566, 'long': -111.514, 'Time': Timestamp('2010-02-14 22:58:40'), 'mag': 5.0}, {'lat': -13.566, 'long': -111.514, 'Time': Timestamp('2010-02-14 22:58:40'), 'mag': 5.0}, {'lat': -13.566, 'long': -111.514, 'Time': Timestamp('2010-02-14 22:58:40'), 'mag': 5.0}]",3,12
1581,2010-02-22 21:52:48.890,0,[],0,20
1582,2010-02-08 01:07:17.615,0,[],0,5
1583,2010-03-03 06:02:25.899,0,[],0,28
1584,2010-02-27 09:17:51.073,0,[],0,24
1585,2010-02-26 12:36:54.029,0,[],0,23
1586,2010-02-24 15:54:22.615,1,"[{'lat': 11.176, 'long': -86.126, 'Time': Timestamp('2010-02-25 03:15:03'), 'mag': 5.7}, {'lat': 11.176, 'long': -86.126, 'Time': Timestamp('2010-02-25 03:15:03'), 'mag': 5.7}, {'lat': 11.176, 'long': -86.126, 'Time': Timestamp('2010-02-25 03:15:03'), 'mag': 5.7}]",3,21
1587,2010-02-26 19:09:23.137,1,"[{'lat': -54.027, 'long': -133.64, 'Time': Timestamp('2010-02-27 06:34:16'), 'mag': 5.6}, {'lat': -54.027, 'long': -133.64, 'Time': Timestamp('2010-02-27 06:34:16'), 'mag': 5.6}, {'lat': -54.027, 'long': -133.64, 'Time': Timestamp('2010-02-27 06:34:16'), 'mag': 5.6}]",3,23
1588,2010-02-13 22:22:53.189,1,"[{'lat': -33.301, 'long': -179.19, 'Time': Timestamp('2010-02-14 03:04:52'), 'mag': 5.1}, {'lat': -33.301, 'long': -179.19, 'Time': Timestamp('2010-02-14 03:04:52'), 'mag': 5.1}]",2,10
1589,2010-02-18 06:32:28.390,0,[],0,14
1590,2010-03-01 09:48:20.475,0,[],0,25
1591,2010-02-23 13:07:23.431,0,[],0,19
1592,2010-02-16 16:24:23.484,0,[],0,12
1593,2010-03-01 19:38:53.537,0,[],0,25
1594,2010-03-06 22:52:53.591,0,[],0,30
1595,2010-02-23 07:02:57.017,1,"[{'lat': 32.508, 'long': 48.29, 'Time': Timestamp('2010-02-23 10:25:56'), 'mag': 5.2}, {'lat': 32.508, 'long': 48.29, 'Time': Timestamp('2010-02-23 10:25:56'), 'mag': 5.2}, {'lat': 32.508, 'long': 48.29, 'Time': Timestamp('2010-02-23 10:25:56'), 'mag': 5.2}]",3,18
1596,2010-02-15 10:18:50.876,0,[],0,10
1597,2010-03-07 15:16:20.288,1,"[{'lat': -34.608, 'long': -71.906, 'Time': Timestamp('2010-03-07 18:36:00'), 'mag': 5.3}, {'lat': -34.109, 'long': -71.977, 'Time': Timestamp('2010-03-07 22:00:35'), 'mag': 5.2}, {'lat': -37.99, 'long': -73.3, 'Time': Timestamp('2010-03-07 15:59:44'), 'mag': 5.9}, {'lat': -38.046, 'long': -73.5, 'Time': Timestamp('2010-03-07 16:18:28'), 'mag': 5.0}, {'lat': -34.608, 'long': -71.906, 'Time': Timestamp('2010-03-07 18:36:00'), 'mag': 5.3}, {'lat': -34.109, 'long': -71.977, 'Time': Timestamp('2010-03-07 22:00:35'), 'mag': 5.2}, {'lat': -36.156, 'long': -73.042, 'Time': Timestamp('2010-03-07 23:46:57'), 'mag': 5.1}]",7,30
1598,2010-02-27 18:31:49.794,0,[],0,22
1599,2010-02-19 21:45:22.157,0,[],0,14
1600,2010-02-12 00:59:15.346,0,[],0,6
1601,2010-03-08 07:32:50.548,1,"[{'lat': 38.709, 'long': 40.051, 'Time': Timestamp('2010-03-08 07:47:41'), 'mag': 5.6}, {'lat': 38.828, 'long': 40.119, 'Time': Timestamp('2010-03-08 10:14:23'), 'mag': 5.2}, {'lat': 38.776, 'long': 40.143, 'Time': Timestamp('2010-03-08 11:12:10'), 'mag': 5.1}, {'lat': 38.709, 'long': 40.051, 'Time': Timestamp('2010-03-08 07:47:41'), 'mag': 5.6}, {'lat': 38.828, 'long': 40.119, 'Time': Timestamp('2010-03-08 10:14:23'), 'mag': 5.2}, {'lat': 38.776, 'long': 40.143, 'Time': Timestamp('2010-03-08 11:12:10'), 'mag': 5.1}, {'lat': 38.709, 'long': 40.051, 'Time': Timestamp('2010-03-08 07:47:41'), 'mag': 5.6}, {'lat': 38.828, 'long': 40.119, 'Time': Timestamp('2010-03-08 10:14:23'), 'mag': 5.2}, {'lat': 38.776, 'long': 40.143, 'Time': Timestamp('2010-03-08 11:12:10'), 'mag': 5.1}]",9,30
1602,2010-03-07 10:49:20.277,0,[],0,29
1603,2010-02-25 15:46:50.693,0,[],0,19
1604,2010-02-12 19:01:20.746,0,[],0,6
1605,2010-03-06 22:15:23.367,0,[],0,28
1606,2010-02-26 08:03:23.829,0,[],0,19
1607,2010-02-21 11:20:23.580,0,[],0,14
1608,2010-02-21 14:38:51.280,0,[],0,14
1609,2010-03-06 17:54:23.688,0,[],0,27
1610,2010-02-17 21:08:23.741,0,[],0,10
1611,2010-02-28 00:22:18.560,1,"[{'lat': -45.608, 'long': 167.153, 'Time': Timestamp('2010-02-28 05:14:41'), 'mag': 5.1}, {'lat': -45.608, 'long': 167.153, 'Time': Timestamp('2010-02-28 05:14:41'), 'mag': 5.1}, {'lat': 34.832, 'long': 141.468, 'Time': Timestamp('2010-02-28 08:17:44'), 'mag': 5.6}]",3,20
1612,2010-03-06 06:54:57.193,0,[],0,26
1613,2010-03-04 10:11:19.724,0,[],0,24
1614,2010-03-06 13:30:24.009,1,"[{'lat': -36.174, 'long': -72.972, 'Time': Timestamp('2010-03-06 18:03:22'), 'mag': 5.0}]",1,26
1615,2010-02-23 16:46:53.277,0,[],0,15
1616,2010-03-01 20:01:23.330,0,[],0,21
1617,2010-02-26 23:14:53.382,1,"[{'lat': -11.443, 'long': 166.288, 'Time': Timestamp('2010-02-26 23:30:57'), 'mag': 5.1}, {'lat': -11.443, 'long': 166.288, 'Time': Timestamp('2010-02-26 23:30:57'), 'mag': 5.1}, {'lat': -11.443, 'long': 166.288, 'Time': Timestamp('2010-02-26 23:30:57'), 'mag': 5.1}]",3,18
1618,2010-03-11 07:25:25.035,0,[],0,30
1619,2010-02-15 10:41:50.668,0,[],0,6
1620,2010-02-25 14:00:45.065,0,[],0,16
1621,2010-02-18 17:16:53.678,1,"[{'lat': -35.029, 'long': -108.397, 'Time': Timestamp('2010-02-18 19:47:39'), 'mag': 5.4}, {'lat': -35.029, 'long': -108.397, 'Time': Timestamp('2010-02-18 19:47:39'), 'mag': 5.4}, {'lat': -35.029, 'long': -108.397, 'Time': Timestamp('2010-02-18 19:47:39'), 'mag': 5.4}]",3,9
1622,2010-02-18 20:30:53.731,0,[],0,9
1623,2010-03-05 23:44:53.784,0,[],0,24
1624,2010-02-25 07:53:47.243,0,[],0,15
1625,2010-03-09 11:12:23.971,0,[],0,27
1626,2010-03-08 14:30:50.008,1,"[{'lat': -32.66, 'long': -71.644, 'Time': Timestamp('2010-03-08 16:49:51'), 'mag': 5.0}, {'lat': -25.712, 'long': -66.617, 'Time': Timestamp('2010-03-08 17:03:16'), 'mag': 5.8}, {'lat': -32.595, 'long': -71.641, 'Time': Timestamp('2010-03-08 17:50:45'), 'mag': 5.3}, {'lat': -32.614, 'long': -71.613, 'Time': Timestamp('2010-03-08 18:08:01'), 'mag': 5.3}, {'lat': -32.634, 'long': -71.721, 'Time': Timestamp('2010-03-08 18:18:51'), 'mag': 5.0}, {'lat': -32.569, 'long': -71.631, 'Time': Timestamp('2010-03-08 23:43:29'), 'mag': 5.0}, {'lat': -35.947, 'long': -73.255, 'Time': Timestamp('2010-03-08 16:04:12'), 'mag': 5.0}, {'lat': -32.66, 'long': -71.644, 'Time': Timestamp('2010-03-08 16:49:51'), 'mag': 5.0}, {'lat': -25.712, 'long': -66.617, 'Time': Timestamp('2010-03-08 17:03:16'), 'mag': 5.8}, {'lat': -32.595, 'long': -71.641, 'Time': Timestamp('2010-03-08 17:50:45'), 'mag': 5.3}, {'lat': -32.614, 'long': -71.613, 'Time': Timestamp('2010-03-08 18:08:01'), 'mag': 5.3}, {'lat': -32.634, 'long': -71.721, 'Time': Timestamp('2010-03-08 18:18:51'), 'mag': 5.0}, {'lat': -32.714, 'long': -71.827, 'Time': Timestamp('2010-03-08 18:43:24'), 'mag': 5.1}, {'lat': -32.569, 'long': -71.631, 'Time': Timestamp('2010-03-08 23:43:29'), 'mag': 5.0}, {'lat': -35.947, 'long': -73.255, 'Time': Timestamp('2010-03-08 16:04:12'), 'mag': 5.0}, {'lat': -32.66, 'long': -71.644, 'Time': Timestamp('2010-03-08 16:49:51'), 'mag': 5.0}, {'lat': -25.712, 'long': -66.617, 'Time': Timestamp('2010-03-08 17:03:16'), 'mag': 5.8}, {'lat': -32.595, 'long': -71.641, 'Time': Timestamp('2010-03-08 17:50:45'), 'mag': 5.3}, {'lat': -32.614, 'long': -71.613, 'Time': Timestamp('2010-03-08 18:08:01'), 'mag': 5.3}, {'lat': -32.634, 'long': -71.721, 'Time': Timestamp('2010-03-08 18:18:51'), 'mag': 5.0}, {'lat': -32.714, 'long': -71.827, 'Time': Timestamp('2010-03-08 18:43:24'), 'mag': 5.1}, {'lat': -32.569, 'long': -71.631, 'Time': Timestamp('2010-03-08 23:43:29'), 'mag': 5.0}, {'lat': -35.947, 'long': -73.255, 'Time': Timestamp('2010-03-08 16:04:12'), 'mag': 5.0}]",23,26
1627,2010-03-01 20:59:53.444,0,[],0,19
1628,2010-02-26 00:14:15.182,0,[],0,15
1629,2010-03-01 06:47:22.489,0,[],0,18
1630,2010-02-17 10:03:24.540,0,[],0,6
1631,2010-03-04 13:22:23.399,0,[],0,21
1632,2010-02-28 16:39:23.453,1,"[{'lat': -34.907, 'long': -71.877, 'Time': Timestamp('2010-02-28 18:19:51'), 'mag': 5.0}, {'lat': -36.793, 'long': -72.729, 'Time': Timestamp('2010-02-28 18:44:30'), 'mag': 5.1}, {'lat': -38.099, 'long': -73.68, 'Time': Timestamp('2010-02-28 19:48:35'), 'mag': 5.9}, {'lat': -36.847, 'long': -73.331, 'Time': Timestamp('2010-02-28 22:41:28'), 'mag': 5.0}, {'lat': -35.353, 'long': -72.322, 'Time': Timestamp('2010-02-28 23:45:05'), 'mag': 5.2}, {'lat': -37.348, 'long': -73.065, 'Time': Timestamp('2010-02-28 23:49:04'), 'mag': 5.1}, {'lat': -38.308, 'long': -73.916, 'Time': Timestamp('2010-03-01 00:01:26'), 'mag': 5.1}, {'lat': -35.237, 'long': -71.919, 'Time': Timestamp('2010-03-01 01:10:57'), 'mag': 5.2}, {'lat': -35.174, 'long': -73.819, 'Time': Timestamp('2010-03-01 01:15:12'), 'mag': 5.0}, {'lat': -35.039, 'long': -72.487, 'Time': Timestamp('2010-03-01 02:44:42'), 'mag': 5.7}, {'lat': -36.048, 'long': -72.794, 'Time': Timestamp('2010-03-01 03:07:48'), 'mag': 5.0}, {'lat': -38.599, 'long': -73.113, 'Time': Timestamp('2010-03-01 03:53:16'), 'mag': 5.0}, {'lat': -36.793, 'long': -72.729, 'Time': Timestamp('2010-02-28 18:44:30'), 'mag': 5.1}, {'lat': -38.099, 'long': -73.68, 'Time': Timestamp('2010-02-28 19:48:35'), 'mag': 5.9}, {'lat': -36.847, 'long': -73.331, 'Time': Timestamp('2010-02-28 22:41:28'), 'mag': 5.0}, {'lat': -35.353, 'long': -72.322, 'Time': Timestamp('2010-02-28 23:45:05'), 'mag': 5.2}, {'lat': -37.348, 'long': -73.065, 'Time': Timestamp('2010-02-28 23:49:04'), 'mag': 5.1}, {'lat': -38.308, 'long': -73.916, 'Time': Timestamp('2010-03-01 00:01:26'), 'mag': 5.1}, {'lat': -35.174, 'long': -73.819, 'Time': Timestamp('2010-03-01 01:15:12'), 'mag': 5.0}, {'lat': -35.039, 'long': -72.487, 'Time': Timestamp('2010-03-01 02:44:42'), 'mag': 5.7}, {'lat': -36.048, 'long': -72.794, 'Time': Timestamp('2010-03-01 03:07:48'), 'mag': 5.0}, {'lat': -38.599, 'long': -73.113, 'Time': Timestamp('2010-03-01 03:53:16'), 'mag': 5.0}]",22,17
1633,2010-03-08 19:53:53.507,0,[],0,25
1634,2010-02-16 23:07:23.560,0,[],0,5
1635,2010-02-22 07:17:55.657,0,[],0,10
1636,2010-03-06 10:33:50.845,0,[],0,22
1637,2010-02-21 13:52:52.552,0,[],0,9
1638,2010-03-06 17:09:23.855,0,[],0,22
1639,2010-03-11 20:23:23.907,0,[],0,27
1640,2010-03-13 23:37:23.960,0,[],0,29
1641,2010-02-27 07:47:54.724,0,[],0,14
1642,2010-02-24 11:04:53.148,0,[],0,11
1643,2010-03-07 14:23:20.401,1,"[{'lat': -37.99, 'long': -73.3, 'Time': Timestamp('2010-03-07 15:59:44'), 'mag': 5.9}, {'lat': -38.046, 'long': -73.5, 'Time': Timestamp('2010-03-07 16:18:28'), 'mag': 5.0}, {'lat': -34.608, 'long': -71.906, 'Time': Timestamp('2010-03-07 18:36:00'), 'mag': 5.3}, {'lat': -34.109, 'long': -71.977, 'Time': Timestamp('2010-03-07 22:00:35'), 'mag': 5.2}, {'lat': -36.156, 'long': -73.042, 'Time': Timestamp('2010-03-07 23:46:57'), 'mag': 5.1}, {'lat': -37.99, 'long': -73.3, 'Time': Timestamp('2010-03-07 15:59:44'), 'mag': 5.9}, {'lat': -38.046, 'long': -73.5, 'Time': Timestamp('2010-03-07 16:18:28'), 'mag': 5.0}, {'lat': -34.608, 'long': -71.906, 'Time': Timestamp('2010-03-07 18:36:00'), 'mag': 5.3}, {'lat': -34.109, 'long': -71.977, 'Time': Timestamp('2010-03-07 22:00:35'), 'mag': 5.2}, {'lat': -36.156, 'long': -73.042, 'Time': Timestamp('2010-03-07 23:46:57'), 'mag': 5.1}, {'lat': -37.99, 'long': -73.3, 'Time': Timestamp('2010-03-07 15:59:44'), 'mag': 5.9}, {'lat': -38.046, 'long': -73.5, 'Time': Timestamp('2010-03-07 16:18:28'), 'mag': 5.0}, {'lat': -34.608, 'long': -71.906, 'Time': Timestamp('2010-03-07 18:36:00'), 'mag': 5.3}, {'lat': -34.109, 'long': -71.977, 'Time': Timestamp('2010-03-07 22:00:35'), 'mag': 5.2}, {'lat': -36.156, 'long': -73.042, 'Time': Timestamp('2010-03-07 23:46:57'), 'mag': 5.1}]",15,22
1644,2010-03-12 17:39:23.256,0,[],0,27
1645,2010-03-12 20:50:24.837,1,"[{'lat': 44.218, 'long': -129.355, 'Time': Timestamp('2010-03-13 04:53:39'), 'mag': 5.0}, {'lat': 44.218, 'long': -129.355, 'Time': Timestamp('2010-03-13 04:53:39'), 'mag': 5.0}, {'lat': 44.218, 'long': -129.355, 'Time': Timestamp('2010-03-13 04:53:39'), 'mag': 5.0}]",3,27
1646,2010-02-26 00:06:53.451,0,[],0,12
1647,2010-03-13 03:23:53.829,1,"[{'lat': 37.594, 'long': 141.299, 'Time': Timestamp('2010-03-13 12:46:26'), 'mag': 5.6}, {'lat': 37.594, 'long': 141.299, 'Time': Timestamp('2010-03-13 12:46:26'), 'mag': 5.6}, {'lat': 37.594, 'long': 141.299, 'Time': Timestamp('2010-03-13 12:46:26'), 'mag': 5.6}, {'lat': 1.323, 'long': 97.171, 'Time': Timestamp('2010-03-13 14:59:00'), 'mag': 5.8}, {'lat': 1.323, 'long': 97.171, 'Time': Timestamp('2010-03-13 14:59:00'), 'mag': 5.8}, {'lat': 1.323, 'long': 97.171, 'Time': Timestamp('2010-03-13 14:59:00'), 'mag': 5.8}]",6,27
1648,2010-03-02 06:39:53.111,0,[],0,16
1649,2010-02-28 09:55:53.523,1,"[{'lat': -58.205, 'long': -7.825, 'Time': Timestamp('2010-02-28 16:13:45'), 'mag': 5.4}]",1,14
1650,2010-03-13 13:14:53.577,0,[],0,27
1651,2010-02-27 22:59:53.736,1,"[{'lat': -45.608, 'long': 167.153, 'Time': Timestamp('2010-02-28 05:14:41'), 'mag': 5.1}]",1,13
1652,2010-02-22 08:46:53.897,0,[],0,7
1653,2010-03-13 12:05:53.951,0,[],0,26
1654,2010-03-10 15:23:53.292,1,"[{'lat': -38.093, 'long': -74.906, 'Time': Timestamp('2010-03-10 16:00:51'), 'mag': 5.1}]",1,23
1655,2010-03-01 18:38:53.346,0,[],0,14
1656,2010-02-27 21:52:53.399,1,"[{'lat': -45.608, 'long': 167.153, 'Time': Timestamp('2010-02-28 05:14:41'), 'mag': 5.1}, {'lat': -45.608, 'long': 167.153, 'Time': Timestamp('2010-02-28 05:14:41'), 'mag': 5.1}, {'lat': -45.608, 'long': 167.153, 'Time': Timestamp('2010-02-28 05:14:41'), 'mag': 5.1}]",3,12
1657,2010-03-13 01:06:53.452,1,"[{'lat': 37.594, 'long': 141.299, 'Time': Timestamp('2010-03-13 12:46:26'), 'mag': 5.6}, {'lat': 37.594, 'long': 141.299, 'Time': Timestamp('2010-03-13 12:46:26'), 'mag': 5.6}, {'lat': 37.594, 'long': 141.299, 'Time': Timestamp('2010-03-13 12:46:26'), 'mag': 5.6}, {'lat': 2.192, 'long': 133.02, 'Time': Timestamp('2010-03-13 02:53:15'), 'mag': 5.9}, {'lat': 2.192, 'long': 133.02, 'Time': Timestamp('2010-03-13 02:53:15'), 'mag': 5.9}, {'lat': 2.192, 'long': 133.02, 'Time': Timestamp('2010-03-13 02:53:15'), 'mag': 5.9}]",6,25
1658,2010-03-03 06:01:56.267,0,[],0,15
1659,2010-03-14 09:17:23.586,0,[],0,26
1660,2010-02-26 12:36:23.640,0,[],0,10
1661,2010-03-09 15:53:49.464,1,"[{'lat': -34.765, 'long': -73.949, 'Time': Timestamp('2010-03-09 21:59:23'), 'mag': 5.0}, {'lat': -33.855, 'long': -72.324, 'Time': Timestamp('2010-03-09 22:10:50'), 'mag': 5.1}, {'lat': -36.981, 'long': -72.718, 'Time': Timestamp('2010-03-10 02:41:48'), 'mag': 5.2}, {'lat': -34.765, 'long': -73.949, 'Time': Timestamp('2010-03-09 21:59:23'), 'mag': 5.0}, {'lat': -33.855, 'long': -72.324, 'Time': Timestamp('2010-03-09 22:10:50'), 'mag': 5.1}, {'lat': -36.981, 'long': -72.718, 'Time': Timestamp('2010-03-10 02:41:48'), 'mag': 5.2}, {'lat': -34.765, 'long': -73.949, 'Time': Timestamp('2010-03-09 21:59:23'), 'mag': 5.0}, {'lat': -33.855, 'long': -72.324, 'Time': Timestamp('2010-03-09 22:10:50'), 'mag': 5.1}, {'lat': -36.981, 'long': -72.718, 'Time': Timestamp('2010-03-10 02:41:48'), 'mag': 5.2}]",9,21
1662,2010-03-01 19:08:53.747,0,[],0,13
1663,2010-03-13 23:59:23.826,0,[],0,25
1664,2010-03-11 08:08:53.960,0,[],0,22
1665,2010-03-19 11:27:54.014,0,[],0,30
1666,2010-03-08 14:45:53.042,1,"[{'lat': -32.66, 'long': -71.644, 'Time': Timestamp('2010-03-08 16:49:51'), 'mag': 5.0}, {'lat': -25.712, 'long': -66.617, 'Time': Timestamp('2010-03-08 17:03:16'), 'mag': 5.8}, {'lat': -32.595, 'long': -71.641, 'Time': Timestamp('2010-03-08 17:50:45'), 'mag': 5.3}, {'lat': -32.614, 'long': -71.613, 'Time': Timestamp('2010-03-08 18:08:01'), 'mag': 5.3}, {'lat': -32.634, 'long': -71.721, 'Time': Timestamp('2010-03-08 18:18:51'), 'mag': 5.0}, {'lat': -32.714, 'long': -71.827, 'Time': Timestamp('2010-03-08 18:43:24'), 'mag': 5.1}, {'lat': -32.569, 'long': -71.631, 'Time': Timestamp('2010-03-08 23:43:29'), 'mag': 5.0}, {'lat': -35.947, 'long': -73.255, 'Time': Timestamp('2010-03-08 16:04:12'), 'mag': 5.0}, {'lat': -32.66, 'long': -71.644, 'Time': Timestamp('2010-03-08 16:49:51'), 'mag': 5.0}, {'lat': -25.712, 'long': -66.617, 'Time': Timestamp('2010-03-08 17:03:16'), 'mag': 5.8}, {'lat': -32.595, 'long': -71.641, 'Time': Timestamp('2010-03-08 17:50:45'), 'mag': 5.3}, {'lat': -32.614, 'long': -71.613, 'Time': Timestamp('2010-03-08 18:08:01'), 'mag': 5.3}, {'lat': -32.634, 'long': -71.721, 'Time': Timestamp('2010-03-08 18:18:51'), 'mag': 5.0}, {'lat': -32.714, 'long': -71.827, 'Time': Timestamp('2010-03-08 18:43:24'), 'mag': 5.1}, {'lat': -32.569, 'long': -71.631, 'Time': Timestamp('2010-03-08 23:43:29'), 'mag': 5.0}, {'lat': -35.947, 'long': -73.255, 'Time': Timestamp('2010-03-08 16:04:12'), 'mag': 5.0}, {'lat': -32.66, 'long': -71.644, 'Time': Timestamp('2010-03-08 16:49:51'), 'mag': 5.0}, {'lat': -32.595, 'long': -71.641, 'Time': Timestamp('2010-03-08 17:50:45'), 'mag': 5.3}, {'lat': -32.614, 'long': -71.613, 'Time': Timestamp('2010-03-08 18:08:01'), 'mag': 5.3}, {'lat': -32.634, 'long': -71.721, 'Time': Timestamp('2010-03-08 18:18:51'), 'mag': 5.0}, {'lat': -32.714, 'long': -71.827, 'Time': Timestamp('2010-03-08 18:43:24'), 'mag': 5.1}, {'lat': -32.569, 'long': -71.631, 'Time': Timestamp('2010-03-08 23:43:29'), 'mag': 5.0}, {'lat': -35.947, 'long': -73.255, 'Time': Timestamp('2010-03-08 16:04:12'), 'mag': 5.0}]",23,19
1667,2010-03-08 21:15:23.175,0,[],0,19
1668,2010-03-14 00:29:22.089,1,"[{'lat': 37.745, 'long': 141.59, 'Time': Timestamp('2010-03-14 08:08:03'), 'mag': 6.5}, {'lat': 37.745, 'long': 141.59, 'Time': Timestamp('2010-03-14 08:08:03'), 'mag': 6.5}]",2,24
1669,2010-03-12 07:02:26.628,0,[],0,22
1670,2010-03-11 15:16:22.666,1,"[{'lat': -34.245, 'long': -71.866, 'Time': Timestamp('2010-03-11 15:26:15'), 'mag': 5.3}, {'lat': -34.344, 'long': -71.728, 'Time': Timestamp('2010-03-11 15:34:50'), 'mag': 5.0}, {'lat': -34.507, 'long': -72.124, 'Time': Timestamp('2010-03-11 15:54:35'), 'mag': 5.0}, {'lat': -34.393, 'long': -71.802, 'Time': Timestamp('2010-03-11 16:56:33'), 'mag': 5.3}, {'lat': -34.293, 'long': -71.906, 'Time': Timestamp('2010-03-11 17:18:49'), 'mag': 5.2}, {'lat': -34.469, 'long': -71.978, 'Time': Timestamp('2010-03-11 18:20:23'), 'mag': 5.0}, {'lat': -34.346, 'long': -71.976, 'Time': Timestamp('2010-03-11 19:28:06'), 'mag': 5.4}, {'lat': -34.381, 'long': -71.979, 'Time': Timestamp('2010-03-11 20:11:20'), 'mag': 5.6}, {'lat': -34.416, 'long': -72.006, 'Time': Timestamp('2010-03-11 21:50:03'), 'mag': 5.2}, {'lat': -34.417, 'long': -71.985, 'Time': Timestamp('2010-03-12 01:46:55'), 'mag': 5.0}, {'lat': -34.245, 'long': -71.866, 'Time': Timestamp('2010-03-11 15:26:15'), 'mag': 5.3}, {'lat': -34.344, 'long': -71.728, 'Time': Timestamp('2010-03-11 15:34:50'), 'mag': 5.0}, {'lat': -34.507, 'long': -72.124, 'Time': Timestamp('2010-03-11 15:54:35'), 'mag': 5.0}, {'lat': -34.393, 'long': -71.802, 'Time': Timestamp('2010-03-11 16:56:33'), 'mag': 5.3}, {'lat': -34.293, 'long': -71.906, 'Time': Timestamp('2010-03-11 17:18:49'), 'mag': 5.2}, {'lat': -34.469, 'long': -71.978, 'Time': Timestamp('2010-03-11 18:20:23'), 'mag': 5.0}, {'lat': -34.346, 'long': -71.976, 'Time': Timestamp('2010-03-11 19:28:06'), 'mag': 5.4}, {'lat': -34.381, 'long': -71.979, 'Time': Timestamp('2010-03-11 20:11:20'), 'mag': 5.6}, {'lat': -34.416, 'long': -72.006, 'Time': Timestamp('2010-03-11 21:50:03'), 'mag': 5.2}, {'lat': -37.705, 'long': -73.651, 'Time': Timestamp('2010-03-11 22:34:03'), 'mag': 5.3}, {'lat': -34.417, 'long': -71.985, 'Time': Timestamp('2010-03-12 01:46:55'), 'mag': 5.0}]",21,21
1671,2010-02-25 18:31:19.405,0,[],0,7
1672,2010-03-19 21:45:21.768,0,[],0,29
1673,2010-03-01 00:59:17.959,1,"[{'lat': 7.052, 'long': 126.309, 'Time': Timestamp('2010-03-01 03:15:53'), 'mag': 5.1}, {'lat': 7.052, 'long': 126.309, 'Time': Timestamp('2010-03-01 03:15:53'), 'mag': 5.1}]",2,10
1674,2010-03-17 05:54:26.443,0,[],0,26
1675,2010-02-25 09:09:52.189,0,[],0,6
1676,2010-03-20 12:28:53.817,0,[],0,29
1677,2010-03-02 20:38:23.950,0,[],0,11
1678,2010-03-04 23:51:54.003,1,"[{'lat': -16.708, 'long': 176.417, 'Time': Timestamp('2010-03-05 02:44:05'), 'mag': 5.3}, {'lat': -16.708, 'long': 176.417, 'Time': Timestamp('2010-03-05 02:44:05'), 'mag': 5.3}, {'lat': -16.708, 'long': 176.417, 'Time': Timestamp('2010-03-05 02:44:05'), 'mag': 5.3}]",3,13
1679,2010-03-14 08:02:49.343,1,"[{'lat': 35.303, 'long': 74.498, 'Time': Timestamp('2010-03-14 19:09:05'), 'mag': 5.2}]",1,22
1680,2010-02-25 11:19:53.191,0,[],0,5
1681,2010-03-14 14:38:18.122,1,"[{'lat': -34.932, 'long': -72.565, 'Time': Timestamp('2010-03-14 19:10:46'), 'mag': 5.0}, {'lat': -38.526, 'long': -73.534, 'Time': Timestamp('2010-03-14 20:04:54'), 'mag': 5.6}, {'lat': -34.376, 'long': -72.035, 'Time': Timestamp('2010-03-15 00:42:51'), 'mag': 5.1}, {'lat': -34.932, 'long': -72.565, 'Time': Timestamp('2010-03-14 19:10:46'), 'mag': 5.0}, {'lat': -38.526, 'long': -73.534, 'Time': Timestamp('2010-03-14 20:04:54'), 'mag': 5.6}, {'lat': -34.376, 'long': -72.035, 'Time': Timestamp('2010-03-15 00:42:51'), 'mag': 5.1}, {'lat': -34.932, 'long': -72.565, 'Time': Timestamp('2010-03-14 19:10:46'), 'mag': 5.0}, {'lat': -38.526, 'long': -73.534, 'Time': Timestamp('2010-03-14 20:04:54'), 'mag': 5.6}, {'lat': -34.376, 'long': -72.035, 'Time': Timestamp('2010-03-15 00:42:51'), 'mag': 5.1}]",9,22
1682,2010-03-13 17:53:53.298,0,[],0,21
1683,2010-03-17 21:07:53.351,0,[],0,25
1684,2010-03-10 00:21:50.726,1,"[{'lat': -18.526, 'long': 168.951, 'Time': Timestamp('2010-03-10 05:19:07'), 'mag': 5.1}, {'lat': -18.526, 'long': 168.951, 'Time': Timestamp('2010-03-10 05:19:07'), 'mag': 5.1}, {'lat': -18.526, 'long': 168.951, 'Time': Timestamp('2010-03-10 05:19:07'), 'mag': 5.1}]",3,17
1685,2010-03-04 08:31:20.525,0,[],0,11
1686,2010-03-10 11:50:23.592,0,[],0,17
1687,2010-03-04 15:08:51.403,1,"[{'lat': -22.227, 'long': -68.328, 'Time': Timestamp('2010-03-04 22:39:26'), 'mag': 6.3}, {'lat': -34.18, 'long': -72.074, 'Time': Timestamp('2010-03-04 17:37:48'), 'mag': 5.4}, {'lat': -34.541, 'long': -72.708, 'Time': Timestamp('2010-03-04 19:28:37'), 'mag': 5.1}, {'lat': -34.18, 'long': -72.074, 'Time': Timestamp('2010-03-04 17:37:48'), 'mag': 5.4}, {'lat': -34.541, 'long': -72.708, 'Time': Timestamp('2010-03-04 19:28:37'), 'mag': 5.1}, {'lat': -34.541, 'long': -72.708, 'Time': Timestamp('2010-03-04 19:28:37'), 'mag': 5.1}]",6,11
1688,2010-03-20 21:37:50.617,1,"[{'lat': -62.607, 'long': -159.343, 'Time': Timestamp('2010-03-21 07:43:10'), 'mag': 5.3}, {'lat': -62.607, 'long': -159.343, 'Time': Timestamp('2010-03-21 07:43:10'), 'mag': 5.3}]",2,27
1689,2010-03-24 00:51:51.339,0,[],0,30
1690,2010-03-07 05:46:56.185,0,[],0,13
1691,2010-03-18 09:01:50.926,0,[],0,24
1692,2010-03-15 12:21:23.994,0,[],0,21
1693,2010-03-07 15:39:43.288,1,"[{'lat': -37.99, 'long': -73.3, 'Time': Timestamp('2010-03-07 15:59:44'), 'mag': 5.9}, {'lat': -38.046, 'long': -73.5, 'Time': Timestamp('2010-03-07 16:18:28'), 'mag': 5.0}, {'lat': -34.608, 'long': -71.906, 'Time': Timestamp('2010-03-07 18:36:00'), 'mag': 5.3}, {'lat': -34.109, 'long': -71.977, 'Time': Timestamp('2010-03-07 22:00:35'), 'mag': 5.2}, {'lat': -36.156, 'long': -73.042, 'Time': Timestamp('2010-03-07 23:46:57'), 'mag': 5.1}, {'lat': -37.99, 'long': -73.3, 'Time': Timestamp('2010-03-07 15:59:44'), 'mag': 5.9}, {'lat': -38.046, 'long': -73.5, 'Time': Timestamp('2010-03-07 16:18:28'), 'mag': 5.0}, {'lat': -34.608, 'long': -71.906, 'Time': Timestamp('2010-03-07 18:36:00'), 'mag': 5.3}, {'lat': -34.109, 'long': -71.977, 'Time': Timestamp('2010-03-07 22:00:35'), 'mag': 5.2}, {'lat': -36.156, 'long': -73.042, 'Time': Timestamp('2010-03-07 23:46:57'), 'mag': 5.1}, {'lat': -37.99, 'long': -73.3, 'Time': Timestamp('2010-03-07 15:59:44'), 'mag': 5.9}, {'lat': -38.046, 'long': -73.5, 'Time': Timestamp('2010-03-07 16:18:28'), 'mag': 5.0}, {'lat': -34.608, 'long': -71.906, 'Time': Timestamp('2010-03-07 18:36:00'), 'mag': 5.3}, {'lat': -34.109, 'long': -71.977, 'Time': Timestamp('2010-03-07 22:00:35'), 'mag': 5.2}, {'lat': -36.156, 'long': -73.042, 'Time': Timestamp('2010-03-07 23:46:57'), 'mag': 5.1}]",15,13
1694,2010-03-01 18:53:49.094,0,[],0,7
1695,2010-03-09 22:07:23.154,1,"[{'lat': -18.526, 'long': 168.951, 'Time': Timestamp('2010-03-10 05:19:07'), 'mag': 5.1}, {'lat': -18.526, 'long': 168.951, 'Time': Timestamp('2010-03-10 05:19:07'), 'mag': 5.1}, {'lat': -18.526, 'long': 168.951, 'Time': Timestamp('2010-03-10 05:19:07'), 'mag': 5.1}]",3,15
1696,2010-03-06 01:21:50.193,0,[],0,11
1697,2010-03-25 06:16:55.586,0,[],0,30
1698,2010-03-13 09:32:21.766,0,[],0,18
1699,2010-03-06 17:46:23.475,0,[],0,11
1700,2010-03-12 21:00:23.528,1,"[{'lat': 44.218, 'long': -129.355, 'Time': Timestamp('2010-03-13 04:53:39'), 'mag': 5.0}, {'lat': 44.218, 'long': -129.355, 'Time': Timestamp('2010-03-13 04:53:39'), 'mag': 5.0}, {'lat': 44.218, 'long': -129.355, 'Time': Timestamp('2010-03-13 04:53:39'), 'mag': 5.0}]",3,17
1701,2010-03-06 00:14:18.347,1,"[{'lat': -13.141, 'long': 166.687, 'Time': Timestamp('2010-03-06 12:10:56'), 'mag': 5.5}, {'lat': -13.141, 'long': 166.687, 'Time': Timestamp('2010-03-06 12:10:56'), 'mag': 5.5}, {'lat': -13.141, 'long': 166.687, 'Time': Timestamp('2010-03-06 12:10:56'), 'mag': 5.5}]",3,10
1702,2010-03-20 06:47:26.981,0,[],0,24
1703,2010-03-05 10:03:20.840,0,[],0,9
1704,2010-03-15 13:22:23.163,0,[],0,19
1705,2010-03-26 23:07:23.323,0,[],0,30
1706,2010-03-24 07:17:22.653,1,"[{'lat': 38.821, 'long': 40.138, 'Time': Timestamp('2010-03-24 14:11:31'), 'mag': 5.1}, {'lat': 38.821, 'long': 40.138, 'Time': Timestamp('2010-03-24 14:11:31'), 'mag': 5.1}, {'lat': 38.821, 'long': 40.138, 'Time': Timestamp('2010-03-24 14:11:31'), 'mag': 5.1}]",3,27
1707,2010-03-24 10:33:26.033,0,[],0,27
1708,2010-03-27 13:52:52.314,0,[],0,30
1709,2010-03-06 17:08:53.618,0,[],0,9
1710,2010-03-03 20:23:23.671,0,[],0,6
1711,2010-03-12 23:36:53.724,0,[],0,15
1712,2010-03-09 02:53:26.300,1,"[{'lat': 11.23, 'long': 125.458, 'Time': Timestamp('2010-03-09 06:00:45'), 'mag': 5.1}, {'lat': 11.23, 'long': 125.458, 'Time': Timestamp('2010-03-09 06:00:45'), 'mag': 5.1}, {'lat': 11.23, 'long': 125.458, 'Time': Timestamp('2010-03-09 06:00:45'), 'mag': 5.1}]",3,11
1713,2010-03-18 06:09:26.130,1,"[{'lat': 34.334, 'long': 81.759, 'Time': Timestamp('2010-03-18 07:52:29'), 'mag': 5.0}, {'lat': 34.334, 'long': 81.759, 'Time': Timestamp('2010-03-18 07:52:29'), 'mag': 5.0}, {'lat': 34.334, 'long': 81.759, 'Time': Timestamp('2010-03-18 07:52:29'), 'mag': 5.0}]",3,20
1714,2010-03-18 09:24:46.886,0,[],0,20
1715,2010-03-15 12:43:53.938,0,[],0,17
1716,2010-03-07 16:01:23.992,1,"[{'lat': -38.046, 'long': -73.5, 'Time': Timestamp('2010-03-07 16:18:28'), 'mag': 5.0}, {'lat': -34.608, 'long': -71.906, 'Time': Timestamp('2010-03-07 18:36:00'), 'mag': 5.3}, {'lat': -34.109, 'long': -71.977, 'Time': Timestamp('2010-03-07 22:00:35'), 'mag': 5.2}, {'lat': -36.156, 'long': -73.042, 'Time': Timestamp('2010-03-07 23:46:57'), 'mag': 5.1}, {'lat': -38.046, 'long': -73.5, 'Time': Timestamp('2010-03-07 16:18:28'), 'mag': 5.0}, {'lat': -34.608, 'long': -71.906, 'Time': Timestamp('2010-03-07 18:36:00'), 'mag': 5.3}, {'lat': -34.109, 'long': -71.977, 'Time': Timestamp('2010-03-07 22:00:35'), 'mag': 5.2}, {'lat': -36.156, 'long': -73.042, 'Time': Timestamp('2010-03-07 23:46:57'), 'mag': 5.1}, {'lat': -38.046, 'long': -73.5, 'Time': Timestamp('2010-03-07 16:18:28'), 'mag': 5.0}, {'lat': -34.608, 'long': -71.906, 'Time': Timestamp('2010-03-07 18:36:00'), 'mag': 5.3}, {'lat': -34.109, 'long': -71.977, 'Time': Timestamp('2010-03-07 22:00:35'), 'mag': 5.2}, {'lat': -36.156, 'long': -73.042, 'Time': Timestamp('2010-03-07 23:46:57'), 'mag': 5.1}]",12,9
1717,2010-03-06 19:16:24.045,1,"[{'lat': -16.236, 'long': -115.296, 'Time': Timestamp('2010-03-07 07:05:24'), 'mag': 6.3}, {'lat': -16.236, 'long': -115.296, 'Time': Timestamp('2010-03-07 07:05:24'), 'mag': 6.3}, {'lat': -16.236, 'long': -115.296, 'Time': Timestamp('2010-03-07 07:05:24'), 'mag': 6.3}]",3,8
1718,2010-03-25 22:29:53.098,1,"[{'lat': -18.396, 'long': -173.184, 'Time': Timestamp('2010-03-26 05:33:08'), 'mag': 5.0}, {'lat': -18.396, 'long': -173.184, 'Time': Timestamp('2010-03-26 05:33:08'), 'mag': 5.0}, {'lat': -18.396, 'long': -173.184, 'Time': Timestamp('2010-03-26 05:33:08'), 'mag': 5.0}]",3,27
1719,2010-03-18 06:39:24.203,1,"[{'lat': 34.334, 'long': 81.759, 'Time': Timestamp('2010-03-18 07:52:29'), 'mag': 5.0}, {'lat': 34.334, 'long': 81.759, 'Time': Timestamp('2010-03-18 07:52:29'), 'mag': 5.0}, {'lat': 34.334, 'long': 81.759, 'Time': Timestamp('2010-03-18 07:52:29'), 'mag': 5.0}]",3,19
1720,2010-03-29 09:55:21.712,0,[],0,30
1721,2010-03-06 13:14:53.340,0,[],0,7
1722,2010-03-24 16:31:23.393,1,"[{'lat': 14.004, 'long': -91.385, 'Time': Timestamp('2010-03-24 17:08:28'), 'mag': 5.0}, {'lat': 14.004, 'long': -91.385, 'Time': Timestamp('2010-03-24 17:08:28'), 'mag': 5.0}, {'lat': 14.004, 'long': -91.385, 'Time': Timestamp('2010-03-24 17:08:28'), 'mag': 5.0}]",3,25
1723,2010-03-11 19:45:53.446,0,[],0,12
1724,2010-03-13 22:59:23.500,0,[],0,14
1725,2010-03-14 08:46:50.647,0,[],0,14
1726,2010-03-17 13:45:23.742,1,"[{'lat': -35.444, 'long': -73.041, 'Time': Timestamp('2010-03-17 18:29:37'), 'mag': 5.1}, {'lat': -36.596, 'long': -72.91, 'Time': Timestamp('2010-03-17 19:00:06'), 'mag': 5.0}, {'lat': -43.842, 'long': -72.569, 'Time': Timestamp('2010-03-17 17:38:33'), 'mag': 5.4}, {'lat': -35.444, 'long': -73.041, 'Time': Timestamp('2010-03-17 18:29:37'), 'mag': 5.1}, {'lat': -36.596, 'long': -72.91, 'Time': Timestamp('2010-03-17 19:00:06'), 'mag': 5.0}, {'lat': -43.842, 'long': -72.569, 'Time': Timestamp('2010-03-17 17:38:33'), 'mag': 5.4}, {'lat': -35.444, 'long': -73.041, 'Time': Timestamp('2010-03-17 18:29:37'), 'mag': 5.1}, {'lat': -36.596, 'long': -72.91, 'Time': Timestamp('2010-03-17 19:00:06'), 'mag': 5.0}, {'lat': -43.842, 'long': -72.569, 'Time': Timestamp('2010-03-17 17:38:33'), 'mag': 5.4}]",9,17
1727,2010-03-08 23:29:23.900,0,[],0,8
1728,2010-03-19 07:40:24.224,0,[],0,18
1729,2010-03-13 10:56:53.088,0,[],0,12
1730,2010-03-12 14:15:24.326,1,"[{'lat': -34.337, 'long': -71.942, 'Time': Timestamp('2010-03-12 16:04:51'), 'mag': 5.0}, {'lat': -34.233, 'long': -71.917, 'Time': Timestamp('2010-03-12 16:50:01'), 'mag': 5.8}, {'lat': -34.337, 'long': -71.942, 'Time': Timestamp('2010-03-12 16:04:51'), 'mag': 5.0}, {'lat': -34.233, 'long': -71.917, 'Time': Timestamp('2010-03-12 16:50:01'), 'mag': 5.8}, {'lat': -34.337, 'long': -71.942, 'Time': Timestamp('2010-03-12 16:04:51'), 'mag': 5.0}, {'lat': -34.233, 'long': -71.917, 'Time': Timestamp('2010-03-12 16:50:01'), 'mag': 5.8}]",6,11
1731,2010-03-11 17:31:23.196,0,[],0,10
1732,2010-03-22 20:45:23.249,1,"[{'lat': -33.889, 'long': -178.74, 'Time': Timestamp('2010-03-23 06:33:30'), 'mag': 5.2}, {'lat': -33.889, 'long': -178.74, 'Time': Timestamp('2010-03-23 06:33:30'), 'mag': 5.2}]",2,21
1733,2010-03-30 23:59:23.491,1,"[{'lat': 51.697, 'long': -175.379, 'Time': Timestamp('2010-03-31 03:51:02'), 'mag': 5.1}, {'lat': 51.697, 'long': -175.379, 'Time': Timestamp('2010-03-31 03:51:02'), 'mag': 5.1}, {'lat': 51.697, 'long': -175.379, 'Time': Timestamp('2010-03-31 03:51:02'), 'mag': 5.1}]",3,29
1734,2010-03-16 04:53:52.903,0,[],0,14
1735,2010-04-01 08:10:22.409,1,"[{'lat': 30.088, 'long': 69.541, 'Time': Timestamp('2010-04-01 14:07:30'), 'mag': 5.0}]",1,30
1736,2010-03-15 11:27:23.490,0,[],0,13
1737,2010-03-09 14:45:52.517,1,"[{'lat': -34.765, 'long': -73.949, 'Time': Timestamp('2010-03-09 21:59:23'), 'mag': 5.0}, {'lat': -33.855, 'long': -72.324, 'Time': Timestamp('2010-03-09 22:10:50'), 'mag': 5.1}, {'lat': -36.981, 'long': -72.718, 'Time': Timestamp('2010-03-10 02:41:48'), 'mag': 5.2}, {'lat': -34.765, 'long': -73.949, 'Time': Timestamp('2010-03-09 21:59:23'), 'mag': 5.0}, {'lat': -33.855, 'long': -72.324, 'Time': Timestamp('2010-03-09 22:10:50'), 'mag': 5.1}, {'lat': -36.981, 'long': -72.718, 'Time': Timestamp('2010-03-10 02:41:48'), 'mag': 5.2}, {'lat': -34.765, 'long': -73.949, 'Time': Timestamp('2010-03-09 21:59:23'), 'mag': 5.0}, {'lat': -33.855, 'long': -72.324, 'Time': Timestamp('2010-03-09 22:10:50'), 'mag': 5.1}, {'lat': -36.981, 'long': -72.718, 'Time': Timestamp('2010-03-10 02:41:48'), 'mag': 5.2}]",9,7
1738,2010-03-25 22:52:23.676,1,"[{'lat': -18.396, 'long': -173.184, 'Time': Timestamp('2010-03-26 05:33:08'), 'mag': 5.0}, {'lat': -18.396, 'long': -173.184, 'Time': Timestamp('2010-03-26 05:33:08'), 'mag': 5.0}, {'lat': -18.396, 'long': -173.184, 'Time': Timestamp('2010-03-26 05:33:08'), 'mag': 5.0}]",3,23
1739,2010-03-23 07:02:27.102,1,"[{'lat': 37.487, 'long': 74.63, 'Time': Timestamp('2010-03-23 15:02:08'), 'mag': 5.1}, {'lat': 37.463, 'long': 74.618, 'Time': Timestamp('2010-03-23 15:51:25'), 'mag': 5.0}, {'lat': 37.487, 'long': 74.63, 'Time': Timestamp('2010-03-23 15:02:08'), 'mag': 5.1}, {'lat': 37.463, 'long': 74.618, 'Time': Timestamp('2010-03-23 15:51:25'), 'mag': 5.0}, {'lat': 37.487, 'long': 74.63, 'Time': Timestamp('2010-03-23 15:02:08'), 'mag': 5.1}, {'lat': 37.463, 'long': 74.618, 'Time': Timestamp('2010-03-23 15:51:25'), 'mag': 5.0}]",6,20
1740,2010-03-26 10:18:24.348,0,[],0,23
1741,2010-03-10 13:37:23.208,1,"[{'lat': -38.093, 'long': -74.906, 'Time': Timestamp('2010-03-10 16:00:51'), 'mag': 5.1}]",1,7
1742,2010-03-24 16:53:53.262,1,"[{'lat': 14.004, 'long': -91.385, 'Time': Timestamp('2010-03-24 17:08:28'), 'mag': 5.0}, {'lat': 14.004, 'long': -91.385, 'Time': Timestamp('2010-03-24 17:08:28'), 'mag': 5.0}, {'lat': 14.004, 'long': -91.385, 'Time': Timestamp('2010-03-24 17:08:28'), 'mag': 5.0}]",3,21
1743,2010-03-16 20:08:23.315,0,[],0,13
1744,2010-03-29 23:21:53.368,0,[],0,26
1745,2010-03-20 07:32:20.924,0,[],0,16
1746,2010-03-11 10:49:23.422,0,[],0,7
1747,2010-03-11 14:07:49.369,1,"[{'lat': -34.29, 'long': -71.891, 'Time': Timestamp('2010-03-11 14:39:43'), 'mag': 6.9}, {'lat': -34.255, 'long': -71.674, 'Time': Timestamp('2010-03-11 14:48:31'), 'mag': 5.2}, {'lat': -34.326, 'long': -71.799, 'Time': Timestamp('2010-03-11 14:55:27'), 'mag': 7.0}, {'lat': -34.614, 'long': -71.99, 'Time': Timestamp('2010-03-11 14:58:15'), 'mag': 5.6}, {'lat': -34.47, 'long': -72.004, 'Time': Timestamp('2010-03-11 15:06:02'), 'mag': 6.0}, {'lat': -34.245, 'long': -71.866, 'Time': Timestamp('2010-03-11 15:26:15'), 'mag': 5.3}, {'lat': -34.344, 'long': -71.728, 'Time': Timestamp('2010-03-11 15:34:50'), 'mag': 5.0}, {'lat': -34.507, 'long': -72.124, 'Time': Timestamp('2010-03-11 15:54:35'), 'mag': 5.0}, {'lat': -34.393, 'long': -71.802, 'Time': Timestamp('2010-03-11 16:56:33'), 'mag': 5.3}, {'lat': -34.293, 'long': -71.906, 'Time': Timestamp('2010-03-11 17:18:49'), 'mag': 5.2}, {'lat': -34.469, 'long': -71.978, 'Time': Timestamp('2010-03-11 18:20:23'), 'mag': 5.0}, {'lat': -34.346, 'long': -71.976, 'Time': Timestamp('2010-03-11 19:28:06'), 'mag': 5.4}, {'lat': -34.381, 'long': -71.979, 'Time': Timestamp('2010-03-11 20:11:20'), 'mag': 5.6}, {'lat': -34.416, 'long': -72.006, 'Time': Timestamp('2010-03-11 21:50:03'), 'mag': 5.2}, {'lat': -37.705, 'long': -73.651, 'Time': Timestamp('2010-03-11 22:34:03'), 'mag': 5.3}, {'lat': -34.417, 'long': -71.985, 'Time': Timestamp('2010-03-12 01:46:55'), 'mag': 5.0}, {'lat': -34.29, 'long': -71.891, 'Time': Timestamp('2010-03-11 14:39:43'), 'mag': 6.9}, {'lat': -34.255, 'long': -71.674, 'Time': Timestamp('2010-03-11 14:48:31'), 'mag': 5.2}, {'lat': -34.326, 'long': -71.799, 'Time': Timestamp('2010-03-11 14:55:27'), 'mag': 7.0}, {'lat': -34.614, 'long': -71.99, 'Time': Timestamp('2010-03-11 14:58:15'), 'mag': 5.6}, {'lat': -34.47, 'long': -72.004, 'Time': Timestamp('2010-03-11 15:06:02'), 'mag': 6.0}, {'lat': -34.245, 'long': -71.866, 'Time': Timestamp('2010-03-11 15:26:15'), 'mag': 5.3}, {'lat': -34.344, 'long': -71.728, 'Time': Timestamp('2010-03-11 15:34:50'), 'mag': 5.0}, {'lat': -34.507, 'long': -72.124, 'Time': Timestamp('2010-03-11 15:54:35'), 'mag': 5.0}, {'lat': -34.393, 'long': -71.802, 'Time': Timestamp('2010-03-11 16:56:33'), 'mag': 5.3}, {'lat': -34.293, 'long': -71.906, 'Time': Timestamp('2010-03-11 17:18:49'), 'mag': 5.2}, {'lat': -34.469, 'long': -71.978, 'Time': Timestamp('2010-03-11 18:20:23'), 'mag': 5.0}, {'lat': -34.346, 'long': -71.976, 'Time': Timestamp('2010-03-11 19:28:06'), 'mag': 5.4}, {'lat': -34.381, 'long': -71.979, 'Time': Timestamp('2010-03-11 20:11:20'), 'mag': 5.6}, {'lat': -34.416, 'long': -72.006, 'Time': Timestamp('2010-03-11 21:50:03'), 'mag': 5.2}, {'lat': -37.705, 'long': -73.651, 'Time': Timestamp('2010-03-11 22:34:03'), 'mag': 5.3}, {'lat': -34.417, 'long': -71.985, 'Time': Timestamp('2010-03-12 01:46:55'), 'mag': 5.0}, {'lat': -34.29, 'long': -71.891, 'Time': Timestamp('2010-03-11 14:39:43'), 'mag': 6.9}, {'lat': -34.255, 'long': -71.674, 'Time': Timestamp('2010-03-11 14:48:31'), 'mag': 5.2}, {'lat': -34.326, 'long': -71.799, 'Time': Timestamp('2010-03-11 14:55:27'), 'mag': 7.0}, {'lat': -34.614, 'long': -71.99, 'Time': Timestamp('2010-03-11 14:58:15'), 'mag': 5.6}, {'lat': -34.47, 'long': -72.004, 'Time': Timestamp('2010-03-11 15:06:02'), 'mag': 6.0}, {'lat': -34.245, 'long': -71.866, 'Time': Timestamp('2010-03-11 15:26:15'), 'mag': 5.3}, {'lat': -34.344, 'long': -71.728, 'Time': Timestamp('2010-03-11 15:34:50'), 'mag': 5.0}, {'lat': -34.507, 'long': -72.124, 'Time': Timestamp('2010-03-11 15:54:35'), 'mag': 5.0}, {'lat': -34.393, 'long': -71.802, 'Time': Timestamp('2010-03-11 16:56:33'), 'mag': 5.3}, {'lat': -34.293, 'long': -71.906, 'Time': Timestamp('2010-03-11 17:18:49'), 'mag': 5.2}, {'lat': -34.469, 'long': -71.978, 'Time': Timestamp('2010-03-11 18:20:23'), 'mag': 5.0}, {'lat': -34.346, 'long': -71.976, 'Time': Timestamp('2010-03-11 19:28:06'), 'mag': 5.4}, {'lat': -34.381, 'long': -71.979, 'Time': Timestamp('2010-03-11 20:11:20'), 'mag': 5.6}, {'lat': -34.416, 'long': -72.006, 'Time': Timestamp('2010-03-11 21:50:03'), 'mag': 5.2}, {'lat': -37.705, 'long': -73.651, 'Time': Timestamp('2010-03-11 22:34:03'), 'mag': 5.3}, {'lat': -34.417, 'long': -71.985, 'Time': Timestamp('2010-03-12 01:46:55'), 'mag': 5.0}]",48,7
1748,2010-03-25 17:23:53.663,1,"[{'lat': -1.098, 'long': -78.129, 'Time': Timestamp('2010-03-26 01:56:37'), 'mag': 5.0}, {'lat': -1.098, 'long': -78.129, 'Time': Timestamp('2010-03-26 01:56:37'), 'mag': 5.0}, {'lat': -1.098, 'long': -78.129, 'Time': Timestamp('2010-03-26 01:56:37'), 'mag': 5.0}]",3,21
1749,2010-03-31 20:37:53.716,0,[],0,27
1750,2010-03-10 23:51:53.769,0,[],0,6
1751,2010-03-21 04:46:32.778,1,"[{'lat': -29.413, 'long': 60.914, 'Time': Timestamp('2010-03-21 06:55:37'), 'mag': 5.0}, {'lat': -29.413, 'long': 60.914, 'Time': Timestamp('2010-03-21 06:55:37'), 'mag': 5.0}]",2,16
1752,2010-03-28 08:02:54.204,0,[],0,23
1753,2010-03-15 11:19:53.957,0,[],0,10
1754,2010-03-22 14:38:18.889,0,[],0,17
1755,2010-03-28 17:53:54.064,1,"[{'lat': -55.139, 'long': -128.373, 'Time': Timestamp('2010-03-28 20:01:05'), 'mag': 5.7}, {'lat': -55.139, 'long': -128.373, 'Time': Timestamp('2010-03-28 20:01:05'), 'mag': 5.7}]",2,23
1756,2010-03-27 21:07:53.117,1,"[{'lat': -15.394, 'long': -175.499, 'Time': Timestamp('2010-03-28 02:07:24'), 'mag': 5.2}, {'lat': -15.329, 'long': -175.419, 'Time': Timestamp('2010-03-28 02:51:00'), 'mag': 5.1}, {'lat': -15.394, 'long': -175.499, 'Time': Timestamp('2010-03-28 02:07:24'), 'mag': 5.2}, {'lat': -15.329, 'long': -175.419, 'Time': Timestamp('2010-03-28 02:51:00'), 'mag': 5.1}, {'lat': -15.394, 'long': -175.499, 'Time': Timestamp('2010-03-28 02:07:24'), 'mag': 5.2}, {'lat': -15.329, 'long': -175.419, 'Time': Timestamp('2010-03-28 02:51:00'), 'mag': 5.1}]",6,22
1757,2010-03-22 00:21:47.936,0,[],0,16
1758,2010-03-17 05:16:25.427,0,[],0,11
1759,2010-03-11 08:31:20.291,0,[],0,5
1760,2010-03-25 11:50:23.358,0,[],0,19
1761,2010-04-04 15:08:22.497,0,[],0,29
1762,2010-04-04 18:23:49.347,1,"[{'lat': 32.2861667, 'long': -115.2953333, 'Time': Timestamp('2010-04-04 22:40:42'), 'mag': 7.2}, {'lat': 32.4533333, 'long': -115.632, 'Time': Timestamp('2010-04-04 22:43:00'), 'mag': 5.26}, {'lat': 32.0986667, 'long': -115.0481667, 'Time': Timestamp('2010-04-04 22:50:17'), 'mag': 5.7}, {'lat': 32.3, 'long': -115.2595, 'Time': Timestamp('2010-04-04 23:15:14'), 'mag': 5.43}, {'lat': 32.2661667, 'long': -115.2925, 'Time': Timestamp('2010-04-04 23:25:07'), 'mag': 5.38}, {'lat': 31.9788333, 'long': -115.1341667, 'Time': Timestamp('2010-04-05 00:07:07'), 'mag': 5.22}, {'lat': 32.2861667, 'long': -115.2953333, 'Time': Timestamp('2010-04-04 22:40:42'), 'mag': 7.2}, {'lat': 32.4533333, 'long': -115.632, 'Time': Timestamp('2010-04-04 22:43:00'), 'mag': 5.26}, {'lat': 32.0986667, 'long': -115.0481667, 'Time': Timestamp('2010-04-04 22:50:17'), 'mag': 5.7}, {'lat': 32.3, 'long': -115.2595, 'Time': Timestamp('2010-04-04 23:15:14'), 'mag': 5.43}, {'lat': 32.2661667, 'long': -115.2925, 'Time': Timestamp('2010-04-04 23:25:07'), 'mag': 5.38}, {'lat': 31.9788333, 'long': -115.1341667, 'Time': Timestamp('2010-04-05 00:07:07'), 'mag': 5.22}, {'lat': 32.2861667, 'long': -115.2953333, 'Time': Timestamp('2010-04-04 22:40:42'), 'mag': 7.2}, {'lat': 32.4533333, 'long': -115.632, 'Time': Timestamp('2010-04-04 22:43:00'), 'mag': 5.26}, {'lat': 32.0986667, 'long': -115.0481667, 'Time': Timestamp('2010-04-04 22:50:17'), 'mag': 5.7}, {'lat': 32.3, 'long': -115.2595, 'Time': Timestamp('2010-04-04 23:15:14'), 'mag': 5.43}, {'lat': 32.2661667, 'long': -115.2925, 'Time': Timestamp('2010-04-04 23:25:07'), 'mag': 5.38}, {'lat': 31.9788333, 'long': -115.1341667, 'Time': Timestamp('2010-04-05 00:07:07'), 'mag': 5.22}]",18,29
1763,2010-03-15 21:37:19.054,0,[],0,9
1764,2010-04-02 00:51:53.571,1,"[{'lat': 17.041, 'long': 147.275, 'Time': Timestamp('2010-04-02 10:24:49'), 'mag': 5.0}, {'lat': 17.041, 'long': 147.275, 'Time': Timestamp('2010-04-02 10:24:49'), 'mag': 5.0}, {'lat': 17.041, 'long': 147.275, 'Time': Timestamp('2010-04-02 10:24:49'), 'mag': 5.0}, {'lat': -7.633, 'long': 127.485, 'Time': Timestamp('2010-04-02 02:42:07'), 'mag': 5.4}, {'lat': -7.633, 'long': 127.485, 'Time': Timestamp('2010-04-02 02:42:07'), 'mag': 5.4}, {'lat': -7.633, 'long': 127.485, 'Time': Timestamp('2010-04-02 02:42:07'), 'mag': 5.4}]",6,26
1765,2010-03-27 05:46:25.951,0,[],0,20
1766,2010-04-04 09:01:50.691,0,[],0,28
1767,2010-04-03 12:21:23.759,0,[],0,27
1768,2010-04-03 15:38:52.574,0,[],0,27
1769,2010-03-29 18:53:49.859,0,[],0,22
1770,2010-03-13 22:07:23.919,0,[],0,6
1771,2010-04-04 06:16:56.352,0,[],0,27
1772,2010-04-02 09:32:21.533,0,[],0,25
1773,2010-03-31 12:51:53.160,0,[],0,23
1774,2010-04-01 16:08:53.215,1,"[{'lat': -34.199, 'long': -72.104, 'Time': Timestamp('2010-04-01 19:43:02'), 'mag': 5.1}, {'lat': -34.199, 'long': -72.104, 'Time': Timestamp('2010-04-01 19:43:02'), 'mag': 5.1}, {'lat': -34.199, 'long': -72.104, 'Time': Timestamp('2010-04-01 19:43:02'), 'mag': 5.1}]",3,24
1775,2010-03-19 19:23:20.812,1,"[{'lat': 17.395, 'long': -100.985, 'Time': Timestamp('2010-03-19 20:48:46'), 'mag': 5.0}]",1,11
1776,2010-03-16 22:37:23.321,1,"[{'lat': -24.472, 'long': -176.043, 'Time': Timestamp('2010-03-17 00:22:34'), 'mag': 5.0}, {'lat': -24.472, 'long': -176.043, 'Time': Timestamp('2010-03-17 00:22:34'), 'mag': 5.0}, {'lat': -24.472, 'long': -176.043, 'Time': Timestamp('2010-03-17 00:22:34'), 'mag': 5.0}]",3,8
1777,2010-03-21 06:46:56.746,1,"[{'lat': -29.413, 'long': 60.914, 'Time': Timestamp('2010-03-21 06:55:37'), 'mag': 5.0}, {'lat': -29.413, 'long': 60.914, 'Time': Timestamp('2010-03-21 06:55:37'), 'mag': 5.0}, {'lat': -29.413, 'long': 60.914, 'Time': Timestamp('2010-03-21 06:55:37'), 'mag': 5.0}]",3,12
1778,2010-03-27 10:03:23.374,0,[],0,18
1779,2010-03-20 13:22:23.562,0,[],0,11
1780,2010-03-23 16:38:53.615,1,"[{'lat': -15.327, 'long': -74.56, 'Time': Timestamp('2010-03-23 20:19:25'), 'mag': 5.2}, {'lat': -15.327, 'long': -74.56, 'Time': Timestamp('2010-03-23 20:19:25'), 'mag': 5.2}, {'lat': -15.327, 'long': -74.56, 'Time': Timestamp('2010-03-23 20:19:25'), 'mag': 5.2}, {'lat': -37.15, 'long': -73.557, 'Time': Timestamp('2010-03-24 00:05:14'), 'mag': 5.1}, {'lat': -37.15, 'long': -73.557, 'Time': Timestamp('2010-03-24 00:05:14'), 'mag': 5.1}]",5,14
1781,2010-04-06 19:53:23.668,0,[],0,28
1782,2010-03-18 00:44:21.281,1,"[{'lat': -48.519, 'long': 164.895, 'Time': Timestamp('2010-03-18 06:42:08'), 'mag': 5.3}, {'lat': 1.321, 'long': 126.343, 'Time': Timestamp('2010-03-18 07:07:32'), 'mag': 5.1}]",2,8
1783,2010-03-25 05:38:54.799,0,[],0,15
1784,2010-03-24 08:54:20.868,1,"[{'lat': 38.821, 'long': 40.138, 'Time': Timestamp('2010-03-24 14:11:31'), 'mag': 5.1}, {'lat': 38.821, 'long': 40.138, 'Time': Timestamp('2010-03-24 14:11:31'), 'mag': 5.1}, {'lat': 38.821, 'long': 40.138, 'Time': Timestamp('2010-03-24 14:11:31'), 'mag': 5.1}]",3,14
1785,2010-03-23 12:13:23.229,0,[],0,13
1786,2010-04-02 15:31:19.935,1,"[{'lat': -36.119, 'long': -72.697, 'Time': Timestamp('2010-04-02 19:34:10'), 'mag': 5.1}, {'lat': -36.227, 'long': -72.878, 'Time': Timestamp('2010-04-02 22:58:07'), 'mag': 6.0}, {'lat': -36.119, 'long': -72.697, 'Time': Timestamp('2010-04-02 19:34:10'), 'mag': 5.1}, {'lat': -36.227, 'long': -72.878, 'Time': Timestamp('2010-04-02 22:58:07'), 'mag': 6.0}, {'lat': -36.119, 'long': -72.697, 'Time': Timestamp('2010-04-02 19:34:10'), 'mag': 5.1}, {'lat': -36.227, 'long': -72.878, 'Time': Timestamp('2010-04-02 22:58:07'), 'mag': 6.0}]",6,23
1787,2010-03-30 21:59:53.388,1,"[{'lat': 51.697, 'long': -175.379, 'Time': Timestamp('2010-03-31 03:51:02'), 'mag': 5.1}, {'lat': 51.697, 'long': -175.379, 'Time': Timestamp('2010-03-31 03:51:02'), 'mag': 5.1}]",2,20
1788,2010-03-25 07:47:51.083,0,[],0,14
1789,2010-03-20 11:04:23.603,0,[],0,9
1790,2010-04-06 14:22:50.855,0,[],0,26
1791,2010-04-02 17:38:53.710,0,[],0,22
1792,2010-04-04 20:52:53.763,0,[],0,24
1793,2010-03-18 00:06:52.577,1,"[{'lat': -48.618, 'long': 164.855, 'Time': Timestamp('2010-03-18 06:24:16'), 'mag': 5.3}, {'lat': -48.733, 'long': 164.672, 'Time': Timestamp('2010-03-18 06:28:50'), 'mag': 5.6}, {'lat': -48.519, 'long': 164.895, 'Time': Timestamp('2010-03-18 06:42:08'), 'mag': 5.3}, {'lat': -48.618, 'long': 164.855, 'Time': Timestamp('2010-03-18 06:24:16'), 'mag': 5.3}, {'lat': -48.733, 'long': 164.672, 'Time': Timestamp('2010-03-18 06:28:50'), 'mag': 5.6}, {'lat': -48.519, 'long': 164.895, 'Time': Timestamp('2010-03-18 06:42:08'), 'mag': 5.3}, {'lat': -48.618, 'long': 164.855, 'Time': Timestamp('2010-03-18 06:24:16'), 'mag': 5.3}, {'lat': -48.733, 'long': 164.672, 'Time': Timestamp('2010-03-18 06:28:50'), 'mag': 5.6}, {'lat': -48.519, 'long': 164.895, 'Time': Timestamp('2010-03-18 06:42:08'), 'mag': 5.3}]",9,6
1794,2010-04-06 06:39:24.894,0,[],0,25
1795,2010-04-05 09:55:25.171,0,[],0,24
1796,2010-04-06 13:14:24.031,0,[],0,25
1797,2010-03-31 16:31:23.085,0,[],0,19
1798,2010-03-25 00:36:17.983,0,[],0,12
1799,2010-03-19 05:31:24.268,1,"[{'lat': 54.496, 'long': 110.105, 'Time': Timestamp('2010-03-19 09:30:39'), 'mag': 5.3}, {'lat': 54.496, 'long': 110.105, 'Time': Timestamp('2010-03-19 09:30:39'), 'mag': 5.3}, {'lat': 54.496, 'long': 110.105, 'Time': Timestamp('2010-03-19 09:30:39'), 'mag': 5.3}]",3,6
1800,2010-04-12 08:46:21.666,0,[],0,30
1801,2010-04-02 12:05:53.405,0,[],0,20
1802,2010-04-03 15:23:47.232,0,[],0,21
1803,2010-03-30 18:38:48.066,0,[],0,17
1804,2010-04-05 21:52:23.566,0,[],0,23
1805,2010-04-01 01:06:19.043,0,[],0,18
1806,2010-03-30 06:01:54.781,1,"[{'lat': 13.667, 'long': 92.831, 'Time': Timestamp('2010-03-30 16:54:46'), 'mag': 6.6}, {'lat': 13.667, 'long': 92.831, 'Time': Timestamp('2010-03-30 16:54:46'), 'mag': 6.6}, {'lat': 13.667, 'long': 92.831, 'Time': Timestamp('2010-03-30 16:54:46'), 'mag': 6.6}]",3,16
1807,2010-04-04 09:17:20.851,0,[],0,21
1808,2010-03-19 12:36:23.807,0,[],0,5
1809,2010-04-09 22:22:23.966,0,[],0,26
1810,2010-03-21 06:31:58.167,1,"[{'lat': -29.413, 'long': 60.914, 'Time': Timestamp('2010-03-21 06:55:37'), 'mag': 5.0}, {'lat': -29.413, 'long': 60.914, 'Time': Timestamp('2010-03-21 06:55:37'), 'mag': 5.0}, {'lat': -29.413, 'long': 60.914, 'Time': Timestamp('2010-03-21 06:55:37'), 'mag': 5.0}]",3,6
1811,2010-04-13 09:47:50.252,0,[],0,29
1812,2010-03-25 13:06:53.207,0,[],0,10
1813,2010-03-21 16:23:53.262,1,"[{'lat': -16.186, 'long': -69.515, 'Time': Timestamp('2010-03-22 01:00:41'), 'mag': 5.3}, {'lat': -16.186, 'long': -69.515, 'Time': Timestamp('2010-03-22 01:00:41'), 'mag': 5.3}, {'lat': -16.186, 'long': -69.515, 'Time': Timestamp('2010-03-22 01:00:41'), 'mag': 5.3}, {'lat': -36.344, 'long': -73.164, 'Time': Timestamp('2010-03-21 18:31:04'), 'mag': 5.5}, {'lat': -36.344, 'long': -73.164, 'Time': Timestamp('2010-03-21 18:31:04'), 'mag': 5.5}, {'lat': -36.344, 'long': -73.164, 'Time': Timestamp('2010-03-21 18:31:04'), 'mag': 5.5}]",6,6
1814,2010-03-21 19:38:23.315,0,[],0,6
1815,2010-04-03 22:51:53.367,1,"[{'lat': -22.419, 'long': -179.278, 'Time': Timestamp('2010-04-04 09:40:59'), 'mag': 5.3}, {'lat': -22.419, 'long': -179.278, 'Time': Timestamp('2010-04-04 09:40:59'), 'mag': 5.3}, {'lat': -22.419, 'long': -179.278, 'Time': Timestamp('2010-04-04 09:40:59'), 'mag': 5.3}]",3,19
1816,2010-04-10 07:02:25.465,0,[],0,25
1817,2010-04-02 10:18:19.325,0,[],0,17
1818,2010-03-23 13:37:23.609,1,"[{'lat': -37.15, 'long': -73.557, 'Time': Timestamp('2010-03-24 00:05:14'), 'mag': 5.1}]",1,7
1819,2010-03-27 16:53:53.662,1,"[{'lat': -10.152, 'long': -78.055, 'Time': Timestamp('2010-03-28 01:08:24'), 'mag': 5.2}, {'lat': -10.152, 'long': -78.055, 'Time': Timestamp('2010-03-28 01:08:24'), 'mag': 5.2}, {'lat': -10.152, 'long': -78.055, 'Time': Timestamp('2010-03-28 01:08:24'), 'mag': 5.2}]",3,11
1820,2010-03-21 20:08:23.715,0,[],0,5
1821,2010-03-31 00:58:49.220,0,[],0,14
1822,2010-04-07 05:53:53.842,0,[],0,21
1823,2010-04-07 09:09:23.684,0,[],0,21
1824,2010-04-10 12:28:53.279,0,[],0,24
1825,2010-04-07 22:14:53.438,1,"[{'lat': -27.665, 'long': -175.953, 'Time': Timestamp('2010-04-08 04:26:10'), 'mag': 5.0}, {'lat': -27.665, 'long': -175.953, 'Time': Timestamp('2010-04-08 04:26:10'), 'mag': 5.0}]",2,21
1826,2010-04-08 06:24:25.983,0,[],0,21
1827,2010-03-31 09:39:52.052,0,[],0,13
1828,2010-03-26 12:59:23.680,0,[],0,8
1829,2010-04-09 16:16:23.734,1,"[{'lat': -28.559, 'long': -68.124, 'Time': Timestamp('2010-04-09 22:23:02'), 'mag': 5.8}, {'lat': -28.559, 'long': -68.124, 'Time': Timestamp('2010-04-09 22:23:02'), 'mag': 5.8}, {'lat': -28.559, 'long': -68.124, 'Time': Timestamp('2010-04-09 22:23:02'), 'mag': 5.8}]",3,22
1830,2010-04-11 19:30:53.787,0,[],0,24
1831,2010-04-07 22:44:23.840,1,"[{'lat': -27.665, 'long': -175.953, 'Time': Timestamp('2010-04-08 04:26:10'), 'mag': 5.0}, {'lat': -27.665, 'long': -175.953, 'Time': Timestamp('2010-04-08 04:26:10'), 'mag': 5.0}, {'lat': -27.665, 'long': -175.953, 'Time': Timestamp('2010-04-08 04:26:10'), 'mag': 5.0}]",3,20
1832,2010-03-29 06:54:27.266,0,[],0,10
1833,2010-03-28 10:10:49.797,0,[],0,9
1834,2010-04-04 13:29:53.082,0,[],0,16
1835,2010-04-01 16:46:23.135,0,[],0,13
1836,2010-04-13 00:51:23.268,1,"[{'lat': -4.413, 'long': 153.489, 'Time': Timestamp('2010-04-13 00:55:40'), 'mag': 5.2}, {'lat': -4.413, 'long': 153.489, 'Time': Timestamp('2010-04-13 00:55:40'), 'mag': 5.2}]",2,24
1837,2010-03-30 05:48:03.951,1,"[{'lat': 13.667, 'long': 92.831, 'Time': Timestamp('2010-03-30 16:54:46'), 'mag': 6.6}, {'lat': 13.667, 'long': 92.831, 'Time': Timestamp('2010-03-30 16:54:46'), 'mag': 6.6}, {'lat': 13.667, 'long': 92.831, 'Time': Timestamp('2010-03-30 16:54:46'), 'mag': 6.6}]",3,10
1838,2010-04-07 09:01:49.060,0,[],0,18
1839,2010-03-27 12:20:53.456,0,[],0,7
1840,2010-04-16 15:38:52.270,1,"[{'lat': -37.503, 'long': -73.687, 'Time': Timestamp('2010-04-16 22:38:27'), 'mag': 5.0}, {'lat': -37.46, 'long': -73.732, 'Time': Timestamp('2010-04-16 22:41:33'), 'mag': 5.7}, {'lat': -37.42, 'long': -73.669, 'Time': Timestamp('2010-04-16 23:15:36'), 'mag': 5.7}, {'lat': -37.503, 'long': -73.687, 'Time': Timestamp('2010-04-16 22:38:27'), 'mag': 5.0}, {'lat': -37.46, 'long': -73.732, 'Time': Timestamp('2010-04-16 22:41:33'), 'mag': 5.7}, {'lat': -37.42, 'long': -73.669, 'Time': Timestamp('2010-04-16 23:15:36'), 'mag': 5.7}, {'lat': -37.503, 'long': -73.687, 'Time': Timestamp('2010-04-16 22:38:27'), 'mag': 5.0}, {'lat': -37.46, 'long': -73.732, 'Time': Timestamp('2010-04-16 22:41:33'), 'mag': 5.7}, {'lat': -37.42, 'long': -73.669, 'Time': Timestamp('2010-04-16 23:15:36'), 'mag': 5.7}]",9,27
1841,2010-03-27 18:53:20.884,0,[],0,7
1842,2010-04-12 22:07:23.615,0,[],0,23
1843,2010-04-15 01:21:19.093,0,[],0,25
1844,2010-04-07 06:16:54.721,0,[],0,17
1845,2010-04-05 09:32:22.229,0,[],0,15
1846,2010-04-01 12:51:23.857,0,[],0,11
1847,2010-03-30 16:08:53.911,0,[],0,9
1848,2010-04-11 19:23:24.276,0,[],0,21
1849,2010-04-08 22:36:54.017,1,"[{'lat': -21.8, 'long': -174.543, 'Time': Timestamp('2010-04-09 06:04:21'), 'mag': 5.0}, {'lat': -21.8, 'long': -174.543, 'Time': Timestamp('2010-04-09 06:04:21'), 'mag': 5.0}, {'lat': -21.8, 'long': -174.543, 'Time': Timestamp('2010-04-09 06:04:21'), 'mag': 5.0}]",3,18
1850,2010-04-15 06:46:56.443,0,[],0,24
1851,2010-04-18 10:02:54.398,0,[],0,27
1852,2010-04-18 13:21:53.258,0,[],0,27
1853,2010-03-28 16:38:53.312,1,"[{'lat': -35.387, 'long': -73.385, 'Time': Timestamp('2010-03-28 21:38:28'), 'mag': 6.0}, {'lat': -35.406, 'long': -72.897, 'Time': Timestamp('2010-03-28 21:43:13'), 'mag': 5.6}, {'lat': -35.387, 'long': -73.385, 'Time': Timestamp('2010-03-28 21:38:28'), 'mag': 6.0}, {'lat': -35.406, 'long': -72.897, 'Time': Timestamp('2010-03-28 21:43:13'), 'mag': 5.6}]",4,6
1854,2010-04-17 00:43:48.210,1,"[{'lat': 3.739, 'long': 126.585, 'Time': Timestamp('2010-04-17 07:22:59'), 'mag': 5.4}]",1,25
1855,2010-04-17 05:38:54.496,0,[],0,25
1856,2010-04-05 08:54:20.565,0,[],0,13
1857,2010-04-06 12:13:23.632,0,[],0,14
1858,2010-03-29 15:30:50.338,0,[],0,6
1859,2010-04-16 18:45:53.739,0,[],0,24
1860,2010-04-21 21:59:53.793,0,[],0,29
1861,2010-04-09 01:13:53.366,0,[],0,16
1862,2010-04-01 06:08:56.225,1,"[{'lat': 30.088, 'long': 69.541, 'Time': Timestamp('2010-04-01 14:07:30'), 'mag': 5.0}, {'lat': 30.088, 'long': 69.541, 'Time': Timestamp('2010-04-01 14:07:30'), 'mag': 5.0}, {'lat': 30.088, 'long': 69.541, 'Time': Timestamp('2010-04-01 14:07:30'), 'mag': 5.0}]",3,8
1863,2010-04-15 09:24:51.701,0,[],0,22
1864,2010-04-20 12:43:53.329,0,[],0,27
1865,2010-04-11 16:01:23.382,0,[],0,18
1866,2010-04-06 19:15:53.435,0,[],0,13
1867,2010-04-07 22:29:23.489,1,"[{'lat': -27.665, 'long': -175.953, 'Time': Timestamp('2010-04-08 04:26:10'), 'mag': 5.0}, {'lat': -27.665, 'long': -175.953, 'Time': Timestamp('2010-04-08 04:26:10'), 'mag': 5.0}, {'lat': -27.665, 'long': -175.953, 'Time': Timestamp('2010-04-08 04:26:10'), 'mag': 5.0}]",3,14
1868,2010-04-08 06:39:23.265,0,[],0,14
1869,2010-04-09 09:55:24.870,0,[],0,15
1870,2010-04-01 13:14:23.730,0,[],0,7
1871,2010-04-04 16:31:23.784,0,[],0,10
1872,2010-04-24 19:45:53.837,0,[],0,30
1873,2010-04-10 22:59:23.889,1,"[{'lat': -10.878, 'long': 161.116, 'Time': Timestamp('2010-04-11 09:40:25'), 'mag': 6.9}, {'lat': -12.973, 'long': 166.523, 'Time': Timestamp('2010-04-11 02:19:06'), 'mag': 5.8}, {'lat': -5.196, 'long': 152.429, 'Time': Timestamp('2010-04-11 08:45:12'), 'mag': 5.4}, {'lat': -10.878, 'long': 161.116, 'Time': Timestamp('2010-04-11 09:40:25'), 'mag': 6.9}, {'lat': -12.973, 'long': 166.523, 'Time': Timestamp('2010-04-11 02:19:06'), 'mag': 5.8}, {'lat': -5.196, 'long': 152.429, 'Time': Timestamp('2010-04-11 08:45:12'), 'mag': 5.4}, {'lat': -10.878, 'long': 161.116, 'Time': Timestamp('2010-04-11 09:40:25'), 'mag': 6.9}, {'lat': -12.973, 'long': 166.523, 'Time': Timestamp('2010-04-11 02:19:06'), 'mag': 5.8}]",8,16
1874,2010-04-03 07:09:27.316,0,[],0,8
1875,2010-04-20 10:25:49.959,0,[],0,25
1876,2010-04-13 13:44:53.131,0,[],0,18
1877,2010-04-23 09:16:46.454,0,[],0,27
1878,2010-04-22 12:36:23.506,0,[],0,26
1879,2010-04-19 15:53:53.560,0,[],0,23
1880,2010-04-20 19:08:23.613,0,[],0,24
1881,2010-04-01 22:21:53.665,1,"[{'lat': -24.646, 'long': -176.137, 'Time': Timestamp('2010-04-02 03:50:22'), 'mag': 5.0}, {'lat': -24.646, 'long': -176.137, 'Time': Timestamp('2010-04-02 03:50:22'), 'mag': 5.0}]",2,5
1882,2010-04-18 01:36:15.046,0,[],0,21
1883,2010-04-07 06:31:57.538,0,[],0,10
1884,2010-04-13 09:47:22.279,0,[],0,16
1885,2010-04-10 13:06:53.907,0,[],0,13
1886,2010-04-24 16:23:53.960,0,[],0,27
1887,2010-04-08 19:38:24.013,0,[],0,11
1888,2010-04-12 22:51:54.067,0,[],0,15
1889,2010-04-14 08:38:50.213,0,[],0,16
1890,2010-04-09 11:57:53.280,0,[],0,11
1891,2010-04-04 15:15:48.436,0,[],0,6
1892,2010-04-12 18:30:49.269,0,[],0,14
1893,2010-04-13 21:44:51.633,0,[],0,15
1894,2010-04-26 00:58:44.822,1,"[{'lat': -11.157, 'long': 162.351, 'Time': Timestamp('2010-04-26 09:25:33'), 'mag': 5.0}, {'lat': -11.157, 'long': 162.351, 'Time': Timestamp('2010-04-26 09:25:33'), 'mag': 5.0}, {'lat': -11.157, 'long': 162.351, 'Time': Timestamp('2010-04-26 09:25:33'), 'mag': 5.0}]",3,27
1895,2010-04-18 05:53:56.309,0,[],0,19
1896,2010-04-29 09:09:22.054,0,[],0,30
1897,2010-04-23 12:28:23.682,0,[],0,24
1898,2010-04-23 15:45:52.497,1,"[{'lat': -36.303, 'long': -99.775, 'Time': Timestamp('2010-04-24 00:23:43'), 'mag': 5.2}, {'lat': -36.303, 'long': -99.775, 'Time': Timestamp('2010-04-24 00:23:43'), 'mag': 5.2}, {'lat': -36.303, 'long': -99.775, 'Time': Timestamp('2010-04-24 00:23:43'), 'mag': 5.2}]",3,24
1899,2010-04-13 19:00:49.894,1,"[{'lat': 17.969, 'long': -101.735, 'Time': Timestamp('2010-04-14 05:16:14'), 'mag': 5.2}, {'lat': 17.969, 'long': -101.735, 'Time': Timestamp('2010-04-14 05:16:14'), 'mag': 5.2}, {'lat': 17.969, 'long': -101.735, 'Time': Timestamp('2010-04-14 05:16:14'), 'mag': 5.2}]",3,14
1900,2010-04-22 22:14:23.842,0,[],0,23
1901,2010-04-27 01:28:49.320,0,[],0,27
1902,2010-04-05 06:23:53.619,0,[],0,5
1903,2010-04-20 09:39:51.756,0,[],0,20
1904,2010-04-13 12:58:53.384,1,"[{'lat': -56.331, 'long': -27.311, 'Time': Timestamp('2010-04-13 20:27:00'), 'mag': 5.5}, {'lat': -56.331, 'long': -27.311, 'Time': Timestamp('2010-04-13 20:27:00'), 'mag': 5.5}]",2,13
1905,2010-04-20 16:16:23.437,0,[],0,20
1906,2010-04-25 19:30:53.490,0,[],0,25
1907,2010-04-23 22:44:23.543,1,"[{'lat': -10.355, 'long': 161.38, 'Time': Timestamp('2010-04-24 00:00:16'), 'mag': 5.1}, {'lat': -10.355, 'long': 161.38, 'Time': Timestamp('2010-04-24 00:00:16'), 'mag': 5.1}, {'lat': -10.355, 'long': 161.38, 'Time': Timestamp('2010-04-24 00:00:16'), 'mag': 5.1}]",3,23
