index,time_window,label,matched_eqs,total_eq,first_eq_time,fname,delta_t_hours
1120,2007-11-09 23:46:53.794,1,"[{'lat': -51.777, 'long': 161.318, 'Time': Timestamp('2007-11-10 01:13:29'), 'mag': 6.6}, {'lat': -51.777, 'long': 161.318, 'Time': Timestamp('2007-11-10 01:13:29'), 'mag': 6.6}]",2,2007-11-10 01:13:29,RDM_df_train_30D-22SW-tw12_w9.csv,1.443112777777778
1241,2007-11-22 07:44:49.369,1,"[{'lat': -15.074, 'long': 66.878, 'Time': Timestamp('2007-11-22 16:24:09'), 'mag': 5.0}, {'lat': -15.074, 'long': 66.878, 'Time': Timestamp('2007-11-22 16:24:09'), 'mag': 5.0}, {'lat': -15.074, 'long': 66.878, 'Time': Timestamp('2007-11-22 16:24:09'), 'mag': 5.0}]",3,2007-11-22 16:24:09,RDM_df_train_30D-22SW-tw12_w9.csv,8.655453055555556
470,2007-07-23 01:05:52.504,1,"[{'lat': -21.501, 'long': 170.856, 'Time': Timestamp('2007-07-23 08:48:09'), 'mag': 5.1}]",1,2007-07-23 08:48:09,RDM_df_train_30D-22SW-tw12_w9.csv,7.704582222222222
747,2007-09-15 07:03:22.312,1,"[{'lat': 2.737, 'long': 66.142, 'Time': Timestamp('2007-09-15 07:30:02'), 'mag': 5.0}, {'lat': 2.737, 'long': 66.142, 'Time': Timestamp('2007-09-15 07:30:02'), 'mag': 5.0}, {'lat': 2.737, 'long': 66.142, 'Time': Timestamp('2007-09-15 07:30:02'), 'mag': 5.0}]",3,2007-09-15 07:30:02,RDM_df_train_30D-22SW-tw12_w9.csv,0.4443577777777778
1067,2007-10-23 21:57:50.719,1,"[{'lat': -15.078, 'long': -177.359, 'Time': Timestamp('2007-10-24 01:43:09'), 'mag': 5.2}, {'lat': -15.078, 'long': -177.359, 'Time': Timestamp('2007-10-24 01:43:09'), 'mag': 5.2}, {'lat': -15.078, 'long': -177.359, 'Time': Timestamp('2007-10-24 01:43:09'), 'mag': 5.2}]",3,2007-10-24 01:43:09,RDM_df_train_30D-22SW-tw12_w9.csv,3.755078055555556
414,2007-07-05 12:59:54.047,1,"[{'lat': -42.603, 'long': -19.656, 'Time': Timestamp('2007-07-05 13:26:23'), 'mag': 5.3}, {'lat': -42.603, 'long': -19.656, 'Time': Timestamp('2007-07-05 13:26:23'), 'mag': 5.3}, {'lat': -42.603, 'long': -19.656, 'Time': Timestamp('2007-07-05 13:26:23'), 'mag': 5.3}]",3,2007-07-05 13:26:23,RDM_df_train_30D-22SW-tw12_w9.csv,0.4413758333333333
169,2007-05-28 23:10:20.643,1,"[{'lat': -13.833, 'long': 166.615, 'Time': Timestamp('2007-05-29 05:48:29'), 'mag': 5.7}, {'lat': -13.833, 'long': 166.615, 'Time': Timestamp('2007-05-29 05:48:29'), 'mag': 5.7}, {'lat': -13.833, 'long': 166.615, 'Time': Timestamp('2007-05-29 05:48:29'), 'mag': 5.7}]",3,2007-05-29 05:48:29,RDM_df_train_30D-22SW-tw12_w9.csv,6.635654722222222
675,2007-08-13 21:09:24.434,1,"[{'lat': 19.3446667, 'long': -155.0685, 'Time': Timestamp('2007-08-14 05:38:06'), 'mag': 5.4}, {'lat': 19.3446667, 'long': -155.0685, 'Time': Timestamp('2007-08-14 05:38:06'), 'mag': 5.4}, {'lat': 19.3446667, 'long': -155.0685, 'Time': Timestamp('2007-08-14 05:38:06'), 'mag': 5.4}, {'lat': -30.417, 'long': -177.803, 'Time': Timestamp('2007-08-14 05:52:34'), 'mag': 5.1}, {'lat': -30.417, 'long': -177.803, 'Time': Timestamp('2007-08-14 05:52:34'), 'mag': 5.1}]",5,2007-08-14 05:38:06,RDM_df_train_30D-22SW-tw12_w9.csv,8.478212777777777
1850,2008-03-24 06:54:56.820,1,"[{'lat': 35.6, 'long': 81.644, 'Time': Timestamp('2008-03-24 07:58:32'), 'mag': 5.1}, {'lat': 35.6, 'long': 81.644, 'Time': Timestamp('2008-03-24 07:58:32'), 'mag': 5.1}, {'lat': 35.6, 'long': 81.644, 'Time': Timestamp('2008-03-24 07:58:32'), 'mag': 5.1}]",3,2008-03-24 07:58:32,RDM_df_train_30D-22SW-tw12_w9.csv,1.0597722222222221
1906,2008-04-17 01:04:18.189,1,"[{'lat': -19.147, 'long': 167.722, 'Time': Timestamp('2008-04-17 10:20:26'), 'mag': 5.0}, {'lat': -19.147, 'long': 167.722, 'Time': Timestamp('2008-04-17 10:20:26'), 'mag': 5.0}]",2,2008-04-17 10:20:26,RDM_df_train_30D-22SW-tw12_w9.csv,9.26883638888889
506,2007-07-24 23:16:51.133,1,"[{'lat': -15.823, 'long': 167.823, 'Time': Timestamp('2007-07-25 01:41:33'), 'mag': 5.3}, {'lat': -15.823, 'long': 167.823, 'Time': Timestamp('2007-07-25 01:41:33'), 'mag': 5.3}, {'lat': -15.823, 'long': 167.823, 'Time': Timestamp('2007-07-25 01:41:33'), 'mag': 5.3}]",3,2007-07-25 01:41:33,RDM_df_train_30D-22SW-tw12_w9.csv,2.4116297222222225
1050,2007-11-07 06:12:55.999,1,"[{'lat': 22.15, 'long': 92.388, 'Time': Timestamp('2007-11-07 07:10:21'), 'mag': 5.5}, {'lat': 22.15, 'long': 92.388, 'Time': Timestamp('2007-11-07 07:10:21'), 'mag': 5.5}, {'lat': 22.15, 'long': 92.388, 'Time': Timestamp('2007-11-07 07:10:21'), 'mag': 5.5}]",3,2007-11-07 07:10:21,RDM_df_train_30D-22SW-tw12_w9.csv,0.9569447222222223
506,2007-07-24 23:16:51.133,1,"[{'lat': -15.823, 'long': 167.823, 'Time': Timestamp('2007-07-25 01:41:33'), 'mag': 5.3}, {'lat': -15.823, 'long': 167.823, 'Time': Timestamp('2007-07-25 01:41:33'), 'mag': 5.3}, {'lat': -15.823, 'long': 167.823, 'Time': Timestamp('2007-07-25 01:41:33'), 'mag': 5.3}]",3,2007-07-25 01:41:33,RDM_df_train_30D-22SW-tw12_w9.csv,2.4116297222222225
352,2007-06-21 01:17:52.656,1,"[{'lat': -18.122, 'long': 168.234, 'Time': Timestamp('2007-06-21 12:40:12'), 'mag': 5.0}, {'lat': -18.122, 'long': 168.234, 'Time': Timestamp('2007-06-21 12:40:12'), 'mag': 5.0}, {'lat': 46.483, 'long': 153.316, 'Time': Timestamp('2007-06-21 04:39:16'), 'mag': 5.3}, {'lat': 46.483, 'long': 153.316, 'Time': Timestamp('2007-06-21 04:39:16'), 'mag': 5.3}, {'lat': 46.483, 'long': 153.316, 'Time': Timestamp('2007-06-21 04:39:16'), 'mag': 5.3}]",5,2007-06-21 12:40:12,RDM_df_train_30D-22SW-tw12_w9.csv,11.372039999999998
829,2007-09-25 23:59:53.964,1,"[{'lat': -39.54, 'long': 178.5, 'Time': Timestamp('2007-09-26 10:54:16'), 'mag': 5.0}, {'lat': -39.54, 'long': 178.5, 'Time': Timestamp('2007-09-26 10:54:16'), 'mag': 5.0}, {'lat': -39.54, 'long': 178.5, 'Time': Timestamp('2007-09-26 10:54:16'), 'mag': 5.0}]",3,2007-09-26 10:54:16,RDM_df_train_30D-22SW-tw12_w9.csv,10.90612111111111
1919,2008-04-22 13:36:23.529,1,"[{'lat': -25.76, 'long': -45.469, 'Time': Timestamp('2008-04-23 00:00:47'), 'mag': 5.2}, {'lat': -25.76, 'long': -45.469, 'Time': Timestamp('2008-04-23 00:00:47'), 'mag': 5.2}, {'lat': -25.76, 'long': -45.469, 'Time': Timestamp('2008-04-23 00:00:47'), 'mag': 5.2}]",3,2008-04-23 00:00:47,RDM_df_train_30D-22SW-tw12_w9.csv,10.406519722222221
1252,2007-11-29 17:00:23.882,1,"[{'lat': 14.944, 'long': -61.274, 'Time': Timestamp('2007-11-29 19:00:20'), 'mag': 7.4}, {'lat': 15.092, 'long': -61.381, 'Time': Timestamp('2007-11-29 19:34:46'), 'mag': 5.1}, {'lat': 15.035, 'long': -61.27, 'Time': Timestamp('2007-11-30 04:00:00'), 'mag': 5.0}, {'lat': 14.944, 'long': -61.274, 'Time': Timestamp('2007-11-29 19:00:20'), 'mag': 7.4}, {'lat': 15.092, 'long': -61.381, 'Time': Timestamp('2007-11-29 19:34:46'), 'mag': 5.1}, {'lat': 15.035, 'long': -61.27, 'Time': Timestamp('2007-11-30 04:00:00'), 'mag': 5.0}, {'lat': 14.944, 'long': -61.274, 'Time': Timestamp('2007-11-29 19:00:20'), 'mag': 7.4}, {'lat': 15.092, 'long': -61.381, 'Time': Timestamp('2007-11-29 19:34:46'), 'mag': 5.1}, {'lat': 15.035, 'long': -61.27, 'Time': Timestamp('2007-11-30 04:00:00'), 'mag': 5.0}]",9,2007-11-29 19:00:20,RDM_df_train_30D-22SW-tw12_w9.csv,1.9989216666666667
1795,2008-03-19 09:57:52.401,1,"[{'lat': -47.0, 'long': -13.0, 'Time': Timestamp('2008-03-19 10:16:16'), 'mag': 5.0}, {'lat': -47.0, 'long': -13.0, 'Time': Timestamp('2008-03-19 10:16:16'), 'mag': 5.0}, {'lat': -47.0, 'long': -13.0, 'Time': Timestamp('2008-03-19 10:16:16'), 'mag': 5.0}]",3,2008-03-19 10:16:16,RDM_df_train_30D-22SW-tw12_w9.csv,0.30655527777777775
810,2007-09-09 19:15:23.623,1,"[{'lat': 24.772, 'long': -109.732, 'Time': Timestamp('2007-09-10 00:20:18'), 'mag': 5.1}, {'lat': 24.772, 'long': -109.732, 'Time': Timestamp('2007-09-10 00:20:18'), 'mag': 5.1}, {'lat': 24.772, 'long': -109.732, 'Time': Timestamp('2007-09-10 00:20:18'), 'mag': 5.1}]",3,2007-09-10 00:20:18,RDM_df_train_30D-22SW-tw12_w9.csv,5.081771388888889
1233,2007-11-25 18:13:23.235,1,"[{'lat': -35.451, 'long': -104.973, 'Time': Timestamp('2007-11-26 00:10:10'), 'mag': 5.2}, {'lat': -35.451, 'long': -104.973, 'Time': Timestamp('2007-11-26 00:10:10'), 'mag': 5.2}, {'lat': -35.451, 'long': -104.973, 'Time': Timestamp('2007-11-26 00:10:10'), 'mag': 5.2}]",3,2007-11-26 00:10:10,RDM_df_train_30D-22SW-tw12_w9.csv,5.946323611111111
1382,2007-12-21 17:49:23.619,1,"[{'lat': -23.068, 'long': -114.621, 'Time': Timestamp('2007-12-22 02:06:08'), 'mag': 5.0}, {'lat': -23.021, 'long': -114.29, 'Time': Timestamp('2007-12-22 02:22:07'), 'mag': 5.2}, {'lat': -23.068, 'long': -114.621, 'Time': Timestamp('2007-12-22 02:06:08'), 'mag': 5.0}, {'lat': -23.021, 'long': -114.29, 'Time': Timestamp('2007-12-22 02:22:07'), 'mag': 5.2}, {'lat': -23.068, 'long': -114.621, 'Time': Timestamp('2007-12-22 02:06:08'), 'mag': 5.0}, {'lat': -23.021, 'long': -114.29, 'Time': Timestamp('2007-12-22 02:22:07'), 'mag': 5.2}]",6,2007-12-22 02:06:08,RDM_df_train_30D-22SW-tw12_w9.csv,8.278994722222222
1129,2007-11-15 23:10:23.662,1,"[{'lat': -21.656, 'long': -173.836, 'Time': Timestamp('2007-11-16 07:54:01'), 'mag': 5.1}, {'lat': -21.656, 'long': -173.836, 'Time': Timestamp('2007-11-16 07:54:01'), 'mag': 5.1}, {'lat': -21.656, 'long': -173.836, 'Time': Timestamp('2007-11-16 07:54:01'), 'mag': 5.1}]",3,2007-11-16 07:54:01,RDM_df_train_30D-22SW-tw12_w9.csv,8.727038333333333
10,2007-04-30 00:10:53.496,1,"[{'lat': -14.772, 'long': 167.3, 'Time': Timestamp('2007-04-30 00:26:18'), 'mag': 5.1}, {'lat': -14.772, 'long': 167.3, 'Time': Timestamp('2007-04-30 00:26:18'), 'mag': 5.1}, {'lat': -14.772, 'long': 167.3, 'Time': Timestamp('2007-04-30 00:26:18'), 'mag': 5.1}]",3,2007-04-30 00:26:18,RDM_df_train_30D-22SW-tw12_w9.csv,0.2568066666666667
1290,2007-12-19 01:23:43.209,1,"[{'lat': 51.09, 'long': 179.995, 'Time': Timestamp('2007-12-19 06:47:59'), 'mag': 5.0}, {'lat': 51.09, 'long': 179.995, 'Time': Timestamp('2007-12-19 06:47:59'), 'mag': 5.0}, {'lat': 51.09, 'long': 179.995, 'Time': Timestamp('2007-12-19 06:47:59'), 'mag': 5.0}, {'lat': -6.952, 'long': 155.778, 'Time': Timestamp('2007-12-19 11:34:56'), 'mag': 5.9}, {'lat': -6.952, 'long': 155.778, 'Time': Timestamp('2007-12-19 11:34:56'), 'mag': 5.9}, {'lat': -6.952, 'long': 155.778, 'Time': Timestamp('2007-12-19 11:34:56'), 'mag': 5.9}, {'lat': -9.188, 'long': 123.945, 'Time': Timestamp('2007-12-19 06:12:25'), 'mag': 5.3}, {'lat': -9.188, 'long': 123.945, 'Time': Timestamp('2007-12-19 06:12:25'), 'mag': 5.3}, {'lat': -9.188, 'long': 123.945, 'Time': Timestamp('2007-12-19 06:12:25'), 'mag': 5.3}]",9,2007-12-19 06:47:59,RDM_df_train_30D-22SW-tw12_w9.csv,5.404386388888889
1571,2008-02-06 16:28:53.536,1,"[{'lat': 15.003, 'long': -60.407, 'Time': Timestamp('2008-02-06 18:37:57'), 'mag': 5.3}, {'lat': 15.003, 'long': -60.407, 'Time': Timestamp('2008-02-06 18:37:57'), 'mag': 5.3}, {'lat': 15.003, 'long': -60.407, 'Time': Timestamp('2008-02-06 18:37:57'), 'mag': 5.3}]",3,2008-02-06 18:37:57,RDM_df_train_30D-22SW-tw12_w9.csv,2.150962222222222
1582,2008-02-07 17:29:53.338,1,"[{'lat': -35.859, 'long': -103.785, 'Time': Timestamp('2008-02-07 19:44:47'), 'mag': 5.0}, {'lat': -35.859, 'long': -103.785, 'Time': Timestamp('2008-02-07 19:44:47'), 'mag': 5.0}]",2,2008-02-07 19:44:47,RDM_df_train_30D-22SW-tw12_w9.csv,2.2482394444444447
1229,2007-12-12 05:05:23.541,1,"[{'lat': 15.341, 'long': 119.888, 'Time': Timestamp('2007-12-12 15:22:18'), 'mag': 5.0}]",1,2007-12-12 15:22:18,RDM_df_train_30D-22SW-tw12_w9.csv,10.281794166666668
1719,2008-02-27 01:10:21.966,1,"[{'lat': 26.816, 'long': 142.438, 'Time': Timestamp('2008-02-27 06:54:20'), 'mag': 6.2}, {'lat': 26.816, 'long': 142.438, 'Time': Timestamp('2008-02-27 06:54:20'), 'mag': 6.2}, {'lat': 26.816, 'long': 142.438, 'Time': Timestamp('2008-02-27 06:54:20'), 'mag': 6.2}]",3,2008-02-27 06:54:20,RDM_df_train_30D-22SW-tw12_w9.csv,5.732787222222222
1649,2008-02-17 21:49:24.798,1,"[{'lat': -27.814, 'long': -176.087, 'Time': Timestamp('2008-02-18 09:04:53'), 'mag': 5.0}, {'lat': -27.814, 'long': -176.087, 'Time': Timestamp('2008-02-18 09:04:53'), 'mag': 5.0}]",2,2008-02-18 09:04:53,RDM_df_train_30D-22SW-tw12_w9.csv,11.257833888888888
234,2007-05-25 14:38:51.604,1,"[{'lat': -24.222, 'long': -67.027, 'Time': Timestamp('2007-05-25 17:47:31'), 'mag': 5.9}, {'lat': -24.222, 'long': -67.027, 'Time': Timestamp('2007-05-25 17:47:31'), 'mag': 5.9}, {'lat': -24.222, 'long': -67.027, 'Time': Timestamp('2007-05-25 17:47:31'), 'mag': 5.9}]",3,2007-05-25 17:47:31,RDM_df_train_30D-22SW-tw12_w9.csv,3.144276666666667
1889,2008-04-13 20:19:51.359,1,"[{'lat': 44.279, 'long': -129.492, 'Time': Timestamp('2008-04-14 05:38:32'), 'mag': 5.1}, {'lat': 44.279, 'long': -129.492, 'Time': Timestamp('2008-04-14 05:38:32'), 'mag': 5.1}]",2,2008-04-14 05:38:32,RDM_df_train_30D-22SW-tw12_w9.csv,9.311289166666668
633,2007-08-21 16:00:19.319,1,"[{'lat': -13.688, 'long': -76.263, 'Time': Timestamp('2007-08-21 20:37:48'), 'mag': 5.3}, {'lat': -13.624, 'long': -76.944, 'Time': Timestamp('2007-08-21 21:32:24'), 'mag': 5.3}, {'lat': -13.688, 'long': -76.263, 'Time': Timestamp('2007-08-21 20:37:48'), 'mag': 5.3}, {'lat': -13.624, 'long': -76.944, 'Time': Timestamp('2007-08-21 21:32:24'), 'mag': 5.3}, {'lat': -13.624, 'long': -76.944, 'Time': Timestamp('2007-08-21 21:32:24'), 'mag': 5.3}]",5,2007-08-21 20:37:48,RDM_df_train_30D-22SW-tw12_w9.csv,4.624633611111111
1523,2008-01-30 16:47:23.898,1,"[{'lat': -34.746, 'long': -108.87, 'Time': Timestamp('2008-01-31 00:31:29'), 'mag': 5.2}, {'lat': -34.746, 'long': -108.87, 'Time': Timestamp('2008-01-31 00:31:29'), 'mag': 5.2}, {'lat': -34.746, 'long': -108.87, 'Time': Timestamp('2008-01-31 00:31:29'), 'mag': 5.2}]",3,2008-01-31 00:31:29,RDM_df_train_30D-22SW-tw12_w9.csv,7.734750555555555
502,2007-07-28 10:12:25.026,1,"[{'lat': -54.13, 'long': 7.881, 'Time': Timestamp('2007-07-28 16:13:43'), 'mag': 5.5}, {'lat': -54.157, 'long': 7.908, 'Time': Timestamp('2007-07-28 17:46:28'), 'mag': 5.1}, {'lat': -54.13, 'long': 7.881, 'Time': Timestamp('2007-07-28 16:13:43'), 'mag': 5.5}, {'lat': -54.157, 'long': 7.908, 'Time': Timestamp('2007-07-28 17:46:28'), 'mag': 5.1}]",4,2007-07-28 16:13:43,RDM_df_train_30D-22SW-tw12_w9.csv,6.021659444444444
544,2007-08-04 07:45:49.436,1,"[{'lat': -3.474, 'long': 68.353, 'Time': Timestamp('2007-08-04 13:43:34'), 'mag': 5.0}, {'lat': -3.474, 'long': 68.353, 'Time': Timestamp('2007-08-04 13:43:34'), 'mag': 5.0}, {'lat': -3.474, 'long': 68.353, 'Time': Timestamp('2007-08-04 13:43:34'), 'mag': 5.0}]",3,2007-08-04 13:43:34,RDM_df_train_30D-22SW-tw12_w9.csv,5.962378888888889
84,2007-05-06 12:16:23.308,1,"[{'lat': -7.666, 'long': -13.563, 'Time': Timestamp('2007-05-06 17:44:40'), 'mag': 5.0}, {'lat': -7.666, 'long': -13.563, 'Time': Timestamp('2007-05-06 17:44:40'), 'mag': 5.0}]",2,2007-05-06 17:44:40,RDM_df_train_30D-22SW-tw12_w9.csv,5.471303333333333
1912,2008-04-07 22:20:54.731,1,"[{'lat': -19.965, 'long': 168.452, 'Time': Timestamp('2008-04-07 22:54:36'), 'mag': 5.8}, {'lat': -19.965, 'long': 168.452, 'Time': Timestamp('2008-04-07 22:54:36'), 'mag': 5.8}, {'lat': -19.965, 'long': 168.452, 'Time': Timestamp('2008-04-07 22:54:36'), 'mag': 5.8}]",3,2008-04-07 22:54:36,RDM_df_train_30D-22SW-tw12_w9.csv,0.5614636111111111
945,2007-10-05 21:38:50.633,1,"[{'lat': -23.244, 'long': -177.181, 'Time': Timestamp('2007-10-06 03:03:36'), 'mag': 5.3}, {'lat': -23.244, 'long': -177.181, 'Time': Timestamp('2007-10-06 03:03:36'), 'mag': 5.3}, {'lat': -23.244, 'long': -177.181, 'Time': Timestamp('2007-10-06 03:03:36'), 'mag': 5.3}]",3,2007-10-06 03:03:36,RDM_df_train_30D-22SW-tw12_w9.csv,5.412601944444444
1820,2008-03-31 05:59:24.958,1,"[{'lat': -2.859, 'long': 101.177, 'Time': Timestamp('2008-03-31 13:30:56'), 'mag': 5.1}, {'lat': -42.113, 'long': 85.558, 'Time': Timestamp('2008-03-31 14:48:41'), 'mag': 5.1}, {'lat': -42.113, 'long': 85.558, 'Time': Timestamp('2008-03-31 14:48:41'), 'mag': 5.1}, {'lat': -42.113, 'long': 85.558, 'Time': Timestamp('2008-03-31 14:48:41'), 'mag': 5.1}]",4,2008-03-31 13:30:56,RDM_df_train_30D-22SW-tw12_w9.csv,7.525289444444445
910,2007-10-09 01:06:22.908,1,"[{'lat': -10.945, 'long': 162.224, 'Time': Timestamp('2007-10-09 08:57:30'), 'mag': 5.4}, {'lat': -10.945, 'long': 162.224, 'Time': Timestamp('2007-10-09 08:57:30'), 'mag': 5.4}, {'lat': -10.945, 'long': 162.224, 'Time': Timestamp('2007-10-09 08:57:30'), 'mag': 5.4}]",3,2007-10-09 08:57:30,RDM_df_train_30D-22SW-tw12_w9.csv,7.851970000000001
873,2007-10-05 23:11:18.938,1,"[{'lat': -23.244, 'long': -177.181, 'Time': Timestamp('2007-10-06 03:03:36'), 'mag': 5.3}, {'lat': -23.244, 'long': -177.181, 'Time': Timestamp('2007-10-06 03:03:36'), 'mag': 5.3}, {'lat': -23.244, 'long': -177.181, 'Time': Timestamp('2007-10-06 03:03:36'), 'mag': 5.3}, {'lat': -11.976, 'long': 165.86, 'Time': Timestamp('2007-10-06 02:37:16'), 'mag': 5.1}, {'lat': -11.976, 'long': 165.86, 'Time': Timestamp('2007-10-06 02:37:16'), 'mag': 5.1}, {'lat': -11.976, 'long': 165.86, 'Time': Timestamp('2007-10-06 02:37:16'), 'mag': 5.1}]",6,2007-10-06 03:03:36,RDM_df_train_30D-22SW-tw12_w9.csv,3.871406111111111
1156,2007-11-26 17:36:53.536,1,"[{'lat': 15.28, 'long': -93.363, 'Time': Timestamp('2007-11-26 17:41:40'), 'mag': 5.7}, {'lat': 18.654, 'long': -101.703, 'Time': Timestamp('2007-11-26 21:56:12'), 'mag': 5.8}, {'lat': 15.28, 'long': -93.363, 'Time': Timestamp('2007-11-26 17:41:40'), 'mag': 5.7}, {'lat': 18.654, 'long': -101.703, 'Time': Timestamp('2007-11-26 21:56:12'), 'mag': 5.8}]",4,2007-11-26 17:41:40,RDM_df_train_30D-22SW-tw12_w9.csv,0.07957333333333333
123,2007-05-23 23:28:23.873,1,"[{'lat': -9.228, 'long': 157.433, 'Time': Timestamp('2007-05-24 01:06:58'), 'mag': 5.5}, {'lat': -9.228, 'long': 157.433, 'Time': Timestamp('2007-05-24 01:06:58'), 'mag': 5.5}, {'lat': -9.228, 'long': 157.433, 'Time': Timestamp('2007-05-24 01:06:58'), 'mag': 5.5}]",3,2007-05-24 01:06:58,RDM_df_train_30D-22SW-tw12_w9.csv,1.6428130555555556
1536,2008-01-26 00:16:23.806,1,"[{'lat': -22.534, 'long': 173.263, 'Time': Timestamp('2008-01-26 04:00:14'), 'mag': 5.1}, {'lat': -22.534, 'long': 173.263, 'Time': Timestamp('2008-01-26 04:00:14'), 'mag': 5.1}, {'lat': -22.534, 'long': 173.263, 'Time': Timestamp('2008-01-26 04:00:14'), 'mag': 5.1}]",3,2008-01-26 04:00:14,RDM_df_train_30D-22SW-tw12_w9.csv,3.730609444444444
864,2007-10-01 01:24:42.771,1,"[{'lat': 22.833, 'long': 142.552, 'Time': Timestamp('2007-10-01 10:06:18'), 'mag': 5.1}, {'lat': 22.833, 'long': 142.552, 'Time': Timestamp('2007-10-01 10:06:18'), 'mag': 5.1}, {'lat': 22.833, 'long': 142.552, 'Time': Timestamp('2007-10-01 10:06:18'), 'mag': 5.1}]",3,2007-10-01 10:06:18,RDM_df_train_30D-22SW-tw12_w9.csv,8.693119166666666
1287,2007-12-06 15:40:52.904,1,"[{'lat': 22.692, 'long': -45.113, 'Time': Timestamp('2007-12-06 17:12:03'), 'mag': 5.8}, {'lat': 22.692, 'long': -45.113, 'Time': Timestamp('2007-12-06 17:12:03'), 'mag': 5.8}, {'lat': 22.692, 'long': -45.113, 'Time': Timestamp('2007-12-06 17:12:03'), 'mag': 5.8}, {'lat': -13.516, 'long': -76.656, 'Time': Timestamp('2007-12-07 01:41:01'), 'mag': 5.6}, {'lat': -13.516, 'long': -76.656, 'Time': Timestamp('2007-12-07 01:41:01'), 'mag': 5.6}, {'lat': -13.516, 'long': -76.656, 'Time': Timestamp('2007-12-07 01:41:01'), 'mag': 5.6}]",6,2007-12-06 17:12:03,RDM_df_train_30D-22SW-tw12_w9.csv,1.519471111111111
979,2007-10-09 07:45:18.862,1,"[{'lat': 42.927, 'long': 77.868, 'Time': Timestamp('2007-10-09 16:00:42'), 'mag': 5.0}, {'lat': 42.927, 'long': 77.868, 'Time': Timestamp('2007-10-09 16:00:42'), 'mag': 5.0}, {'lat': 42.927, 'long': 77.868, 'Time': Timestamp('2007-10-09 16:00:42'), 'mag': 5.0}]",3,2007-10-09 16:00:42,RDM_df_train_30D-22SW-tw12_w9.csv,8.256427222222221
875,2007-09-25 17:13:23.473,1,"[{'lat': -3.918, 'long': -79.208, 'Time': Timestamp('2007-09-26 04:43:17'), 'mag': 5.9}, {'lat': -3.918, 'long': -79.208, 'Time': Timestamp('2007-09-26 04:43:17'), 'mag': 5.9}, {'lat': -3.918, 'long': -79.208, 'Time': Timestamp('2007-09-26 04:43:17'), 'mag': 5.9}]",3,2007-09-26 04:43:17,RDM_df_train_30D-22SW-tw12_w9.csv,11.498201944444444
1338,2007-12-19 15:22:22.421,1,"[{'lat': -32.713, 'long': -71.788, 'Time': Timestamp('2007-12-20 03:06:56'), 'mag': 5.5}, {'lat': -32.713, 'long': -71.788, 'Time': Timestamp('2007-12-20 03:06:56'), 'mag': 5.5}, {'lat': -32.713, 'long': -71.788, 'Time': Timestamp('2007-12-20 03:06:56'), 'mag': 5.5}]",3,2007-12-20 03:06:56,RDM_df_train_30D-22SW-tw12_w9.csv,11.742660833333332
687,2007-09-02 06:20:26.401,1,"[{'lat': 44.579, 'long': 78.339, 'Time': Timestamp('2007-09-02 15:30:37'), 'mag': 5.1}, {'lat': 44.579, 'long': 78.339, 'Time': Timestamp('2007-09-02 15:30:37'), 'mag': 5.1}, {'lat': 44.579, 'long': 78.339, 'Time': Timestamp('2007-09-02 15:30:37'), 'mag': 5.1}]",3,2007-09-02 15:30:37,RDM_df_train_30D-22SW-tw12_w9.csv,9.169610833333333
1430,2008-01-02 23:58:53.460,1,"[{'lat': -5.16, 'long': 152.066, 'Time': Timestamp('2008-01-03 10:58:17'), 'mag': 5.0}, {'lat': -5.16, 'long': 152.066, 'Time': Timestamp('2008-01-03 10:58:17'), 'mag': 5.0}, {'lat': -5.16, 'long': 152.066, 'Time': Timestamp('2008-01-03 10:58:17'), 'mag': 5.0}]",3,2008-01-03 10:58:17,RDM_df_train_30D-22SW-tw12_w9.csv,10.989872222222223
1709,2008-03-16 01:46:51.644,1,"[{'lat': 26.908, 'long': 142.763, 'Time': Timestamp('2008-03-16 04:16:47'), 'mag': 5.0}, {'lat': 26.908, 'long': 142.763, 'Time': Timestamp('2008-03-16 04:16:47'), 'mag': 5.0}, {'lat': 26.908, 'long': 142.763, 'Time': Timestamp('2008-03-16 04:16:47'), 'mag': 5.0}, {'lat': 13.288, 'long': 125.592, 'Time': Timestamp('2008-03-16 05:18:57'), 'mag': 5.0}, {'lat': 13.288, 'long': 125.592, 'Time': Timestamp('2008-03-16 05:18:57'), 'mag': 5.0}, {'lat': 13.288, 'long': 125.592, 'Time': Timestamp('2008-03-16 05:18:57'), 'mag': 5.0}]",6,2008-03-16 04:16:47,RDM_df_train_30D-22SW-tw12_w9.csv,2.49871
972,2007-10-16 00:41:48.695,1,"[{'lat': 56.131, 'long': -162.144, 'Time': Timestamp('2007-10-16 10:18:02'), 'mag': 5.0}]",1,2007-10-16 10:18:02,RDM_df_train_30D-22SW-tw12_w9.csv,9.603695833333333
1650,2008-02-18 01:04:22.641,1,"[{'lat': -21.619, 'long': 170.372, 'Time': Timestamp('2008-02-18 09:54:23'), 'mag': 5.3}, {'lat': -3.627, 'long': 135.51, 'Time': Timestamp('2008-02-18 09:37:24'), 'mag': 5.0}, {'lat': -3.627, 'long': 135.51, 'Time': Timestamp('2008-02-18 09:37:24'), 'mag': 5.0}, {'lat': -3.627, 'long': 135.51, 'Time': Timestamp('2008-02-18 09:37:24'), 'mag': 5.0}]",4,2008-02-18 09:54:23,RDM_df_train_30D-22SW-tw12_w9.csv,8.833433055555556
1166,2007-11-23 10:24:22.494,1,"[{'lat': -53.27, 'long': 9.426, 'Time': Timestamp('2007-11-23 19:18:47'), 'mag': 5.5}]",1,2007-11-23 19:18:47,RDM_df_train_30D-22SW-tw12_w9.csv,8.906807222222223
1727,2008-02-29 06:35:56.466,1,"[{'lat': 3.931, 'long': 93.477, 'Time': Timestamp('2008-02-29 08:18:20'), 'mag': 5.6}]",1,2008-02-29 08:18:20,RDM_df_train_30D-22SW-tw12_w9.csv,1.7065372222222221
1307,2007-12-06 07:51:25.116,1,"[{'lat': -9.365, 'long': 66.909, 'Time': Timestamp('2007-12-06 10:25:45'), 'mag': 5.4}, {'lat': -9.365, 'long': 66.909, 'Time': Timestamp('2007-12-06 10:25:45'), 'mag': 5.4}, {'lat': -9.365, 'long': 66.909, 'Time': Timestamp('2007-12-06 10:25:45'), 'mag': 5.4}]",3,2007-12-06 10:25:45,RDM_df_train_30D-22SW-tw12_w9.csv,2.57219
1661,2008-02-19 19:36:53.584,1,"[{'lat': 29.785, 'long': -114.063, 'Time': Timestamp('2008-02-19 20:24:27'), 'mag': 5.1}, {'lat': 32.4325, 'long': -115.313, 'Time': Timestamp('2008-02-19 22:41:29'), 'mag': 5.01}, {'lat': 29.785, 'long': -114.063, 'Time': Timestamp('2008-02-19 20:24:27'), 'mag': 5.1}, {'lat': 32.4325, 'long': -115.313, 'Time': Timestamp('2008-02-19 22:41:29'), 'mag': 5.01}, {'lat': 29.785, 'long': -114.063, 'Time': Timestamp('2008-02-19 20:24:27'), 'mag': 5.1}, {'lat': 32.4325, 'long': -115.313, 'Time': Timestamp('2008-02-19 22:41:29'), 'mag': 5.01}]",6,2008-02-19 20:24:27,RDM_df_train_30D-22SW-tw12_w9.csv,0.7926155555555556
1313,2007-12-20 18:13:23.812,1,"[{'lat': 5.565, 'long': -82.609, 'Time': Timestamp('2007-12-21 05:13:56'), 'mag': 5.0}, {'lat': 5.565, 'long': -82.609, 'Time': Timestamp('2007-12-21 05:13:56'), 'mag': 5.0}, {'lat': 5.565, 'long': -82.609, 'Time': Timestamp('2007-12-21 05:13:56'), 'mag': 5.0}, {'lat': -57.72, 'long': -141.447, 'Time': Timestamp('2007-12-21 03:10:57'), 'mag': 5.6}, {'lat': -57.72, 'long': -141.447, 'Time': Timestamp('2007-12-21 03:10:57'), 'mag': 5.6}]",5,2007-12-21 05:13:56,RDM_df_train_30D-22SW-tw12_w9.csv,11.008941111111112
160,2007-05-28 23:46:53.720,1,"[{'lat': -4.587, 'long': 151.841, 'Time': Timestamp('2007-05-29 01:03:27'), 'mag': 6.1}, {'lat': -4.587, 'long': 151.841, 'Time': Timestamp('2007-05-29 01:03:27'), 'mag': 6.1}, {'lat': -13.833, 'long': 166.615, 'Time': Timestamp('2007-05-29 05:48:29'), 'mag': 5.7}, {'lat': -13.833, 'long': 166.615, 'Time': Timestamp('2007-05-29 05:48:29'), 'mag': 5.7}]",4,2007-05-29 01:03:27,RDM_df_train_30D-22SW-tw12_w9.csv,1.275911111111111
1903,2008-04-13 13:42:23.237,1,"[{'lat': 13.387, 'long': -44.872, 'Time': Timestamp('2008-04-13 23:29:52'), 'mag': 5.1}, {'lat': 13.387, 'long': -44.872, 'Time': Timestamp('2008-04-13 23:29:52'), 'mag': 5.1}, {'lat': 13.387, 'long': -44.872, 'Time': Timestamp('2008-04-13 23:29:52'), 'mag': 5.1}]",3,2008-04-13 23:29:52,RDM_df_train_30D-22SW-tw12_w9.csv,9.791323055555555
963,2007-10-12 01:18:21.598,1,"[{'lat': -5.694, 'long': 146.072, 'Time': Timestamp('2007-10-12 11:33:33'), 'mag': 5.0}, {'lat': -5.694, 'long': 146.072, 'Time': Timestamp('2007-10-12 11:33:33'), 'mag': 5.0}]",2,2007-10-12 11:33:33,RDM_df_train_30D-22SW-tw12_w9.csv,10.253167222222222
1014,2007-10-21 00:59:52.636,1,"[{'lat': -6.31, 'long': 154.77, 'Time': Timestamp('2007-10-21 10:24:52'), 'mag': 6.0}, {'lat': -6.31, 'long': 154.77, 'Time': Timestamp('2007-10-21 10:24:52'), 'mag': 6.0}, {'lat': -6.31, 'long': 154.77, 'Time': Timestamp('2007-10-21 10:24:52'), 'mag': 6.0}]",3,2007-10-21 10:24:52,RDM_df_train_30D-22SW-tw12_w9.csv,9.41649
1628,2008-02-23 12:08:53.389,1,"[{'lat': -57.335, 'long': -23.433, 'Time': Timestamp('2008-02-23 15:57:20'), 'mag': 6.8}, {'lat': -57.028, 'long': -23.528, 'Time': Timestamp('2008-02-23 17:58:24'), 'mag': 5.0}, {'lat': -57.335, 'long': -23.433, 'Time': Timestamp('2008-02-23 15:57:20'), 'mag': 6.8}, {'lat': -57.028, 'long': -23.528, 'Time': Timestamp('2008-02-23 17:58:24'), 'mag': 5.0}, {'lat': 40.684, 'long': -29.34, 'Time': Timestamp('2008-02-23 12:35:31'), 'mag': 5.1}]",5,2008-02-23 15:57:20,RDM_df_train_30D-22SW-tw12_w9.csv,3.807391944444445
1142,2007-11-03 11:38:53.652,1,"[{'lat': -55.284, 'long': -29.439, 'Time': Timestamp('2007-11-03 13:52:11'), 'mag': 5.2}, {'lat': -55.284, 'long': -29.439, 'Time': Timestamp('2007-11-03 13:52:11'), 'mag': 5.2}]",2,2007-11-03 13:52:11,RDM_df_train_30D-22SW-tw12_w9.csv,2.2214855555555557
1800,2008-03-26 07:12:56.615,1,"[{'lat': 35.696, 'long': 81.715, 'Time': Timestamp('2008-03-26 10:39:27'), 'mag': 5.2}, {'lat': 35.696, 'long': 81.715, 'Time': Timestamp('2008-03-26 10:39:27'), 'mag': 5.2}, {'lat': 35.696, 'long': 81.715, 'Time': Timestamp('2008-03-26 10:39:27'), 'mag': 5.2}]",3,2008-03-26 10:39:27,RDM_df_train_30D-22SW-tw12_w9.csv,3.441773611111111
982,2007-10-04 17:37:23.599,1,"[{'lat': -42.6, 'long': -82.856, 'Time': Timestamp('2007-10-05 04:18:12'), 'mag': 5.1}, {'lat': -42.6, 'long': -82.856, 'Time': Timestamp('2007-10-05 04:18:12'), 'mag': 5.1}]",2,2007-10-05 04:18:12,RDM_df_train_30D-22SW-tw12_w9.csv,10.68011138888889
404,2007-06-26 00:59:22.319,1,"[{'lat': 46.451, 'long': 152.986, 'Time': Timestamp('2007-06-26 08:04:15'), 'mag': 5.0}, {'lat': 46.451, 'long': 152.986, 'Time': Timestamp('2007-06-26 08:04:15'), 'mag': 5.0}, {'lat': 46.451, 'long': 152.986, 'Time': Timestamp('2007-06-26 08:04:15'), 'mag': 5.0}]",3,2007-06-26 08:04:15,RDM_df_train_30D-22SW-tw12_w9.csv,7.081300277777778
1682,2008-03-01 13:29:54.056,1,"[{'lat': 36.426, 'long': -33.82, 'Time': Timestamp('2008-03-02 00:19:59'), 'mag': 5.3}, {'lat': 36.426, 'long': -33.82, 'Time': Timestamp('2008-03-02 00:19:59'), 'mag': 5.3}, {'lat': 36.426, 'long': -33.82, 'Time': Timestamp('2008-03-02 00:19:59'), 'mag': 5.3}]",3,2008-03-02 00:19:59,RDM_df_train_30D-22SW-tw12_w9.csv,10.834706666666667
1560,2008-02-03 18:42:49.669,1,"[{'lat': -53.25, 'long': -117.75, 'Time': Timestamp('2008-02-04 04:46:00'), 'mag': 5.0}, {'lat': -53.25, 'long': -117.75, 'Time': Timestamp('2008-02-04 04:46:00'), 'mag': 5.0}, {'lat': -53.25, 'long': -117.75, 'Time': Timestamp('2008-02-04 04:46:00'), 'mag': 5.0}]",3,2008-02-04 04:46:00,RDM_df_train_30D-22SW-tw12_w9.csv,10.052869722222221
866,2007-09-17 22:40:53.777,1,"[{'lat': -15.421, 'long': 179.888, 'Time': Timestamp('2007-09-18 06:10:59'), 'mag': 5.5}, {'lat': -15.421, 'long': 179.888, 'Time': Timestamp('2007-09-18 06:10:59'), 'mag': 5.5}, {'lat': -15.421, 'long': 179.888, 'Time': Timestamp('2007-09-18 06:10:59'), 'mag': 5.5}]",3,2007-09-18 06:10:59,RDM_df_train_30D-22SW-tw12_w9.csv,7.501450833333334
696,2007-08-28 18:20:53.112,1,"[{'lat': -0.462, 'long': -91.22, 'Time': Timestamp('2007-08-28 22:46:39'), 'mag': 5.2}, {'lat': -0.462, 'long': -91.22, 'Time': Timestamp('2007-08-28 22:46:39'), 'mag': 5.2}, {'lat': -0.462, 'long': -91.22, 'Time': Timestamp('2007-08-28 22:46:39'), 'mag': 5.2}]",3,2007-08-28 22:46:39,RDM_df_train_30D-22SW-tw12_w9.csv,4.429413333333334
1279,2007-12-17 02:00:16.752,1,"[{'lat': 50.965, 'long': 179.633, 'Time': Timestamp('2007-12-17 09:03:16'), 'mag': 5.2}, {'lat': 51.137, 'long': 179.568, 'Time': Timestamp('2007-12-17 09:04:47'), 'mag': 5.1}, {'lat': -10.755, 'long': 113.355, 'Time': Timestamp('2007-12-17 12:46:14'), 'mag': 5.3}, {'lat': -10.755, 'long': 113.355, 'Time': Timestamp('2007-12-17 12:46:14'), 'mag': 5.3}]",4,2007-12-17 09:03:16,RDM_df_train_30D-22SW-tw12_w9.csv,7.049791111111111
1486,2008-01-26 00:34:47.939,1,"[{'lat': -22.534, 'long': 173.263, 'Time': Timestamp('2008-01-26 04:00:14'), 'mag': 5.1}, {'lat': -22.534, 'long': 173.263, 'Time': Timestamp('2008-01-26 04:00:14'), 'mag': 5.1}, {'lat': -22.534, 'long': 173.263, 'Time': Timestamp('2008-01-26 04:00:14'), 'mag': 5.1}]",3,2008-01-26 04:00:14,RDM_df_train_30D-22SW-tw12_w9.csv,3.4239058333333334
89,2007-04-30 06:12:56.481,1,"[{'lat': 38.414, 'long': 97.834, 'Time': Timestamp('2007-04-30 13:59:41'), 'mag': 5.2}, {'lat': 38.414, 'long': 97.834, 'Time': Timestamp('2007-04-30 13:59:41'), 'mag': 5.2}, {'lat': 38.414, 'long': 97.834, 'Time': Timestamp('2007-04-30 13:59:41'), 'mag': 5.2}]",3,2007-04-30 13:59:41,RDM_df_train_30D-22SW-tw12_w9.csv,7.779033055555556
61,2007-04-21 16:17:20.731,1,"[{'lat': -45.243, 'long': -72.648, 'Time': Timestamp('2007-04-21 17:53:46'), 'mag': 6.2}, {'lat': -45.243, 'long': -72.648, 'Time': Timestamp('2007-04-21 17:53:46'), 'mag': 6.2}, {'lat': -45.243, 'long': -72.648, 'Time': Timestamp('2007-04-21 17:53:46'), 'mag': 6.2}]",3,2007-04-21 17:53:46,RDM_df_train_30D-22SW-tw12_w9.csv,1.6070191666666667
1115,2007-10-28 23:16:23.393,1,"[{'lat': -31.452, 'long': -175.985, 'Time': Timestamp('2007-10-29 00:15:57'), 'mag': 5.0}, {'lat': -31.452, 'long': -175.985, 'Time': Timestamp('2007-10-29 00:15:57'), 'mag': 5.0}, {'lat': -31.452, 'long': -175.985, 'Time': Timestamp('2007-10-29 00:15:57'), 'mag': 5.0}]",3,2007-10-29 00:15:57,RDM_df_train_30D-22SW-tw12_w9.csv,0.9926686111111112
753,2007-09-16 09:10:54.396,1,"[{'lat': -11.812, 'long': 42.082, 'Time': Timestamp('2007-09-16 14:01:47'), 'mag': 5.0}, {'lat': -11.812, 'long': 42.082, 'Time': Timestamp('2007-09-16 14:01:47'), 'mag': 5.0}, {'lat': -11.812, 'long': 42.082, 'Time': Timestamp('2007-09-16 14:01:47'), 'mag': 5.0}]",3,2007-09-16 14:01:47,RDM_df_train_30D-22SW-tw12_w9.csv,4.8479455555555555
245,2007-06-06 07:26:24.756,1,"[{'lat': 42.614, 'long': 75.417, 'Time': Timestamp('2007-06-06 11:09:26'), 'mag': 5.0}, {'lat': 42.614, 'long': 75.417, 'Time': Timestamp('2007-06-06 11:09:26'), 'mag': 5.0}, {'lat': 42.614, 'long': 75.417, 'Time': Timestamp('2007-06-06 11:09:26'), 'mag': 5.0}]",3,2007-06-06 11:09:26,RDM_df_train_30D-22SW-tw12_w9.csv,3.7170122222222224
1182,2007-11-10 00:28:46.639,1,"[{'lat': -51.777, 'long': 161.318, 'Time': Timestamp('2007-11-10 01:13:29'), 'mag': 6.6}, {'lat': -51.777, 'long': 161.318, 'Time': Timestamp('2007-11-10 01:13:29'), 'mag': 6.6}]",2,2007-11-10 01:13:29,RDM_df_train_30D-22SW-tw12_w9.csv,0.7451002777777778
1233,2007-11-25 18:13:23.235,1,"[{'lat': -35.451, 'long': -104.973, 'Time': Timestamp('2007-11-26 00:10:10'), 'mag': 5.2}, {'lat': -35.451, 'long': -104.973, 'Time': Timestamp('2007-11-26 00:10:10'), 'mag': 5.2}, {'lat': -35.451, 'long': -104.973, 'Time': Timestamp('2007-11-26 00:10:10'), 'mag': 5.2}]",3,2007-11-26 00:10:10,RDM_df_train_30D-22SW-tw12_w9.csv,5.946323611111111
197,2007-05-30 11:01:20.420,1,"[{'lat': -59.972, 'long': -26.457, 'Time': Timestamp('2007-05-30 19:35:21'), 'mag': 5.5}]",1,2007-05-30 19:35:21,RDM_df_train_30D-22SW-tw12_w9.csv,8.566827777777778
1280,2007-12-16 05:18:02.075,1,"[{'lat': -3.267, 'long': 100.63, 'Time': Timestamp('2007-12-16 09:14:00'), 'mag': 5.1}, {'lat': -3.267, 'long': 100.63, 'Time': Timestamp('2007-12-16 09:14:00'), 'mag': 5.1}, {'lat': -3.267, 'long': 100.63, 'Time': Timestamp('2007-12-16 09:14:00'), 'mag': 5.1}, {'lat': -23.095, 'long': 69.223, 'Time': Timestamp('2007-12-16 06:35:51'), 'mag': 5.2}, {'lat': -23.095, 'long': 69.223, 'Time': Timestamp('2007-12-16 06:35:51'), 'mag': 5.2}, {'lat': -23.095, 'long': 69.223, 'Time': Timestamp('2007-12-16 06:35:51'), 'mag': 5.2}]",6,2007-12-16 09:14:00,RDM_df_train_30D-22SW-tw12_w9.csv,3.9327569444444443
200,2007-05-26 01:42:20.548,1,"[{'lat': -8.603, 'long': 149.686, 'Time': Timestamp('2007-05-26 06:11:19'), 'mag': 5.1}, {'lat': -8.603, 'long': 149.686, 'Time': Timestamp('2007-05-26 06:11:19'), 'mag': 5.1}, {'lat': -8.603, 'long': 149.686, 'Time': Timestamp('2007-05-26 06:11:19'), 'mag': 5.1}, {'lat': -9.366, 'long': 117.779, 'Time': Timestamp('2007-05-26 06:07:23'), 'mag': 5.0}]",4,2007-05-26 06:11:19,RDM_df_train_30D-22SW-tw12_w9.csv,4.482903333333333
600,2007-08-16 11:14:52.463,1,"[{'lat': -3.522, 'long': -12.153, 'Time': Timestamp('2007-08-16 14:18:24'), 'mag': 5.5}, {'lat': -3.588, 'long': -11.798, 'Time': Timestamp('2007-08-16 14:44:04'), 'mag': 5.3}, {'lat': -3.522, 'long': -12.153, 'Time': Timestamp('2007-08-16 14:18:24'), 'mag': 5.5}, {'lat': -3.588, 'long': -11.798, 'Time': Timestamp('2007-08-16 14:44:04'), 'mag': 5.3}, {'lat': -3.522, 'long': -12.153, 'Time': Timestamp('2007-08-16 14:18:24'), 'mag': 5.5}, {'lat': -3.588, 'long': -11.798, 'Time': Timestamp('2007-08-16 14:44:04'), 'mag': 5.3}]",6,2007-08-16 14:18:24,RDM_df_train_30D-22SW-tw12_w9.csv,3.058760277777778
1252,2007-11-29 17:00:23.882,1,"[{'lat': 14.944, 'long': -61.274, 'Time': Timestamp('2007-11-29 19:00:20'), 'mag': 7.4}, {'lat': 15.092, 'long': -61.381, 'Time': Timestamp('2007-11-29 19:34:46'), 'mag': 5.1}, {'lat': 15.035, 'long': -61.27, 'Time': Timestamp('2007-11-30 04:00:00'), 'mag': 5.0}, {'lat': 14.944, 'long': -61.274, 'Time': Timestamp('2007-11-29 19:00:20'), 'mag': 7.4}, {'lat': 15.092, 'long': -61.381, 'Time': Timestamp('2007-11-29 19:34:46'), 'mag': 5.1}, {'lat': 15.035, 'long': -61.27, 'Time': Timestamp('2007-11-30 04:00:00'), 'mag': 5.0}, {'lat': 14.944, 'long': -61.274, 'Time': Timestamp('2007-11-29 19:00:20'), 'mag': 7.4}, {'lat': 15.092, 'long': -61.381, 'Time': Timestamp('2007-11-29 19:34:46'), 'mag': 5.1}, {'lat': 15.035, 'long': -61.27, 'Time': Timestamp('2007-11-30 04:00:00'), 'mag': 5.0}]",9,2007-11-29 19:00:20,RDM_df_train_30D-22SW-tw12_w9.csv,1.9989216666666667
1849,2008-04-11 01:59:17.327,1,"[{'lat': 16.226, 'long': 145.107, 'Time': Timestamp('2008-04-11 02:01:53'), 'mag': 5.0}, {'lat': 16.185, 'long': 144.932, 'Time': Timestamp('2008-04-11 02:23:25'), 'mag': 5.3}, {'lat': 16.128, 'long': 144.853, 'Time': Timestamp('2008-04-11 02:44:51'), 'mag': 5.1}, {'lat': 16.099, 'long': 144.958, 'Time': Timestamp('2008-04-11 03:16:40'), 'mag': 5.5}, {'lat': 16.174, 'long': 144.885, 'Time': Timestamp('2008-04-11 05:02:53'), 'mag': 5.5}, {'lat': 16.205, 'long': 144.909, 'Time': Timestamp('2008-04-11 09:56:21'), 'mag': 5.4}, {'lat': 16.226, 'long': 145.107, 'Time': Timestamp('2008-04-11 02:01:53'), 'mag': 5.0}, {'lat': 16.185, 'long': 144.932, 'Time': Timestamp('2008-04-11 02:23:25'), 'mag': 5.3}, {'lat': 16.128, 'long': 144.853, 'Time': Timestamp('2008-04-11 02:44:51'), 'mag': 5.1}, {'lat': 16.099, 'long': 144.958, 'Time': Timestamp('2008-04-11 03:16:40'), 'mag': 5.5}, {'lat': 16.174, 'long': 144.885, 'Time': Timestamp('2008-04-11 05:02:53'), 'mag': 5.5}, {'lat': 16.205, 'long': 144.909, 'Time': Timestamp('2008-04-11 09:56:21'), 'mag': 5.4}, {'lat': 16.226, 'long': 145.107, 'Time': Timestamp('2008-04-11 02:01:53'), 'mag': 5.0}, {'lat': 16.185, 'long': 144.932, 'Time': Timestamp('2008-04-11 02:23:25'), 'mag': 5.3}, {'lat': 16.128, 'long': 144.853, 'Time': Timestamp('2008-04-11 02:44:51'), 'mag': 5.1}, {'lat': 16.099, 'long': 144.958, 'Time': Timestamp('2008-04-11 03:16:40'), 'mag': 5.5}, {'lat': 16.174, 'long': 144.885, 'Time': Timestamp('2008-04-11 05:02:53'), 'mag': 5.5}, {'lat': 16.205, 'long': 144.909, 'Time': Timestamp('2008-04-11 09:56:21'), 'mag': 5.4}]",18,2008-04-11 02:01:53,RDM_df_train_30D-22SW-tw12_w9.csv,0.0432425
129,2007-05-01 01:35:53.334,1,"[{'lat': -7.168, 'long': 155.107, 'Time': Timestamp('2007-05-01 01:45:23'), 'mag': 5.8}, {'lat': -7.168, 'long': 155.107, 'Time': Timestamp('2007-05-01 01:45:23'), 'mag': 5.8}, {'lat': -7.168, 'long': 155.107, 'Time': Timestamp('2007-05-01 01:45:23'), 'mag': 5.8}]",3,2007-05-01 01:45:23,RDM_df_train_30D-22SW-tw12_w9.csv,0.15824055555555558
1292,2007-12-20 09:34:19.660,1,"[{'lat': 39.417, 'long': 33.212, 'Time': Timestamp('2007-12-20 09:48:29'), 'mag': 5.7}]",1,2007-12-20 09:48:29,RDM_df_train_30D-22SW-tw12_w9.csv,0.2359277777777778
1598,2008-02-17 00:58:18.121,1,"[{'lat': 52.334, 'long': -168.662, 'Time': Timestamp('2008-02-17 05:46:41'), 'mag': 5.0}, {'lat': -61.51, 'long': 153.696, 'Time': Timestamp('2008-02-17 04:22:08'), 'mag': 5.1}]",2,2008-02-17 05:46:41,RDM_df_train_30D-22SW-tw12_w9.csv,4.806355277777778
929,2007-10-14 07:33:26.209,1,"[{'lat': -22.844, 'long': 69.432, 'Time': Timestamp('2007-10-14 18:46:32'), 'mag': 5.0}, {'lat': -22.844, 'long': 69.432, 'Time': Timestamp('2007-10-14 18:46:32'), 'mag': 5.0}, {'lat': -22.844, 'long': 69.432, 'Time': Timestamp('2007-10-14 18:46:32'), 'mag': 5.0}]",3,2007-10-14 18:46:32,RDM_df_train_30D-22SW-tw12_w9.csv,11.218275277777778
1523,2008-01-30 16:47:23.898,1,"[{'lat': -34.746, 'long': -108.87, 'Time': Timestamp('2008-01-31 00:31:29'), 'mag': 5.2}, {'lat': -34.746, 'long': -108.87, 'Time': Timestamp('2008-01-31 00:31:29'), 'mag': 5.2}, {'lat': -34.746, 'long': -108.87, 'Time': Timestamp('2008-01-31 00:31:29'), 'mag': 5.2}]",3,2008-01-31 00:31:29,RDM_df_train_30D-22SW-tw12_w9.csv,7.734750555555555
836,2007-09-26 11:58:53.552,1,"[{'lat': -7.074, 'long': -11.713, 'Time': Timestamp('2007-09-26 18:39:34'), 'mag': 5.6}, {'lat': -7.074, 'long': -11.713, 'Time': Timestamp('2007-09-26 18:39:34'), 'mag': 5.6}]",2,2007-09-26 18:39:34,RDM_df_train_30D-22SW-tw12_w9.csv,6.677902222222222
1843,2008-03-24 06:23:55.979,1,"[{'lat': 35.6, 'long': 81.644, 'Time': Timestamp('2008-03-24 07:58:32'), 'mag': 5.1}, {'lat': 35.6, 'long': 81.644, 'Time': Timestamp('2008-03-24 07:58:32'), 'mag': 5.1}]",2,2008-03-24 07:58:32,RDM_df_train_30D-22SW-tw12_w9.csv,1.5766725
578,2007-08-13 10:49:52.695,1,"[{'lat': -31.073, 'long': -13.397, 'Time': Timestamp('2007-08-13 20:22:13'), 'mag': 5.1}, {'lat': -30.994, 'long': -13.408, 'Time': Timestamp('2007-08-13 22:23:04'), 'mag': 5.5}, {'lat': -31.073, 'long': -13.397, 'Time': Timestamp('2007-08-13 20:22:13'), 'mag': 5.1}, {'lat': -30.994, 'long': -13.408, 'Time': Timestamp('2007-08-13 22:23:04'), 'mag': 5.5}, {'lat': -31.073, 'long': -13.397, 'Time': Timestamp('2007-08-13 20:22:13'), 'mag': 5.1}, {'lat': -30.994, 'long': -13.408, 'Time': Timestamp('2007-08-13 22:23:04'), 'mag': 5.5}]",6,2007-08-13 20:22:13,RDM_df_train_30D-22SW-tw12_w9.csv,9.53897361111111
1259,2007-12-08 08:09:53.155,1,"[{'lat': -7.558, 'long': 37.646, 'Time': Timestamp('2007-12-08 19:55:19'), 'mag': 5.6}, {'lat': -7.558, 'long': 37.646, 'Time': Timestamp('2007-12-08 19:55:19'), 'mag': 5.6}, {'lat': -7.558, 'long': 37.646, 'Time': Timestamp('2007-12-08 19:55:19'), 'mag': 5.6}]",3,2007-12-08 19:55:19,RDM_df_train_30D-22SW-tw12_w9.csv,11.757179166666667
132,2007-05-04 13:06:23.224,1,"[{'lat': -56.46, 'long': -27.322, 'Time': Timestamp('2007-05-04 17:37:47'), 'mag': 5.0}, {'lat': -56.46, 'long': -27.322, 'Time': Timestamp('2007-05-04 17:37:47'), 'mag': 5.0}, {'lat': -60.867, 'long': -20.124, 'Time': Timestamp('2007-05-04 18:01:26'), 'mag': 5.0}]",3,2007-05-04 17:37:47,RDM_df_train_30D-22SW-tw12_w9.csv,4.523271111111111
1430,2008-01-02 23:58:53.460,1,"[{'lat': -5.16, 'long': 152.066, 'Time': Timestamp('2008-01-03 10:58:17'), 'mag': 5.0}, {'lat': -5.16, 'long': 152.066, 'Time': Timestamp('2008-01-03 10:58:17'), 'mag': 5.0}, {'lat': -5.16, 'long': 152.066, 'Time': Timestamp('2008-01-03 10:58:17'), 'mag': 5.0}]",3,2008-01-03 10:58:17,RDM_df_train_30D-22SW-tw12_w9.csv,10.989872222222223
100,2007-04-30 02:18:53.382,1,"[{'lat': -7.268, 'long': 156.314, 'Time': Timestamp('2007-04-30 12:37:58'), 'mag': 5.0}, {'lat': -6.922, 'long': 155.651, 'Time': Timestamp('2007-04-30 13:44:42'), 'mag': 5.0}, {'lat': -7.268, 'long': 156.314, 'Time': Timestamp('2007-04-30 12:37:58'), 'mag': 5.0}, {'lat': -6.922, 'long': 155.651, 'Time': Timestamp('2007-04-30 13:44:42'), 'mag': 5.0}]",4,2007-04-30 12:37:58,RDM_df_train_30D-22SW-tw12_w9.csv,10.317949444444444
56,2007-04-18 22:15:53.115,1,"[{'lat': -17.064, 'long': -174.445, 'Time': Timestamp('2007-04-19 03:26:01'), 'mag': 5.4}, {'lat': -20.966, 'long': 169.92, 'Time': Timestamp('2007-04-19 03:20:24'), 'mag': 5.1}, {'lat': -20.966, 'long': 169.92, 'Time': Timestamp('2007-04-19 03:20:24'), 'mag': 5.1}]",3,2007-04-19 03:26:01,RDM_df_train_30D-22SW-tw12_w9.csv,5.168856944444444
1355,2007-12-25 23:22:23.746,1,"[{'lat': -22.103, 'long': -176.454, 'Time': Timestamp('2007-12-26 05:06:05'), 'mag': 5.1}, {'lat': -22.103, 'long': -176.454, 'Time': Timestamp('2007-12-26 05:06:05'), 'mag': 5.1}, {'lat': -22.103, 'long': -176.454, 'Time': Timestamp('2007-12-26 05:06:05'), 'mag': 5.1}, {'lat': -8.722, 'long': 157.567, 'Time': Timestamp('2007-12-26 04:14:19'), 'mag': 5.0}, {'lat': -7.601, 'long': 154.654, 'Time': Timestamp('2007-12-26 06:38:10'), 'mag': 5.1}, {'lat': -6.907, 'long': 155.835, 'Time': Timestamp('2007-12-26 08:20:42'), 'mag': 5.0}, {'lat': -8.722, 'long': 157.567, 'Time': Timestamp('2007-12-26 04:14:19'), 'mag': 5.0}, {'lat': -7.601, 'long': 154.654, 'Time': Timestamp('2007-12-26 06:38:10'), 'mag': 5.1}, {'lat': -6.907, 'long': 155.835, 'Time': Timestamp('2007-12-26 08:20:42'), 'mag': 5.0}, {'lat': -8.722, 'long': 157.567, 'Time': Timestamp('2007-12-26 04:14:19'), 'mag': 5.0}, {'lat': -7.601, 'long': 154.654, 'Time': Timestamp('2007-12-26 06:38:10'), 'mag': 5.1}, {'lat': -6.907, 'long': 155.835, 'Time': Timestamp('2007-12-26 08:20:42'), 'mag': 5.0}]",12,2007-12-26 05:06:05,RDM_df_train_30D-22SW-tw12_w9.csv,5.728126111111111
979,2007-10-09 07:45:18.862,1,"[{'lat': 42.927, 'long': 77.868, 'Time': Timestamp('2007-10-09 16:00:42'), 'mag': 5.0}, {'lat': 42.927, 'long': 77.868, 'Time': Timestamp('2007-10-09 16:00:42'), 'mag': 5.0}, {'lat': 42.927, 'long': 77.868, 'Time': Timestamp('2007-10-09 16:00:42'), 'mag': 5.0}]",3,2007-10-09 16:00:42,RDM_df_train_30D-22SW-tw12_w9.csv,8.256427222222221
1208,2007-12-09 01:23:42.730,1,"[{'lat': 12.277, 'long': 125.42, 'Time': Timestamp('2007-12-09 05:22:11'), 'mag': 5.6}, {'lat': 12.373, 'long': 125.51, 'Time': Timestamp('2007-12-09 05:34:30'), 'mag': 5.0}]",2,2007-12-09 05:22:11,RDM_df_train_30D-22SW-tw12_w9.csv,3.9745194444444447
1254,2007-11-22 23:28:23.988,1,"[{'lat': -4.63, 'long': 151.869, 'Time': Timestamp('2007-11-23 01:26:47'), 'mag': 5.9}]",1,2007-11-23 01:26:47,RDM_df_train_30D-22SW-tw12_w9.csv,1.973058888888889
1105,2007-11-15 11:20:23.671,1,"[{'lat': -56.313, 'long': -26.635, 'Time': Timestamp('2007-11-15 12:42:36'), 'mag': 5.0}, {'lat': -56.313, 'long': -26.635, 'Time': Timestamp('2007-11-15 12:42:36'), 'mag': 5.0}]",2,2007-11-15 12:42:36,RDM_df_train_30D-22SW-tw12_w9.csv,1.3700913888888888
636,2007-08-17 01:43:24.802,1,"[{'lat': 14.07, 'long': 146.535, 'Time': Timestamp('2007-08-17 02:11:16'), 'mag': 5.3}, {'lat': -5.301, 'long': 129.469, 'Time': Timestamp('2007-08-17 02:16:30'), 'mag': 5.8}, {'lat': -5.261, 'long': 129.432, 'Time': Timestamp('2007-08-17 03:04:03'), 'mag': 6.4}, {'lat': -5.301, 'long': 129.469, 'Time': Timestamp('2007-08-17 02:16:30'), 'mag': 5.8}, {'lat': -5.261, 'long': 129.432, 'Time': Timestamp('2007-08-17 03:04:03'), 'mag': 6.4}, {'lat': -5.301, 'long': 129.469, 'Time': Timestamp('2007-08-17 02:16:30'), 'mag': 5.8}, {'lat': -5.261, 'long': 129.432, 'Time': Timestamp('2007-08-17 03:04:03'), 'mag': 6.4}]",7,2007-08-17 02:11:16,RDM_df_train_30D-22SW-tw12_w9.csv,0.4642216666666667
728,2007-09-07 00:36:23.654,1,"[{'lat': -2.609, 'long': 134.116, 'Time': Timestamp('2007-09-07 08:52:31'), 'mag': 5.2}]",1,2007-09-07 08:52:31,RDM_df_train_30D-22SW-tw12_w9.csv,8.268707222222222
623,2007-08-09 14:58:53.787,1,"[{'lat': 25.918, 'long': -45.001, 'Time': Timestamp('2007-08-09 17:25:05'), 'mag': 5.6}, {'lat': 25.918, 'long': -45.001, 'Time': Timestamp('2007-08-09 17:25:05'), 'mag': 5.6}, {'lat': 25.918, 'long': -45.001, 'Time': Timestamp('2007-08-09 17:25:05'), 'mag': 5.6}]",3,2007-08-09 17:25:05,RDM_df_train_30D-22SW-tw12_w9.csv,2.4364480555555557
1605,2008-01-31 01:28:50.743,1,"[{'lat': -6.163, 'long': 129.753, 'Time': Timestamp('2008-01-31 01:41:55'), 'mag': 5.3}, {'lat': -6.142, 'long': 129.894, 'Time': Timestamp('2008-01-31 08:54:20'), 'mag': 5.0}, {'lat': -6.163, 'long': 129.753, 'Time': Timestamp('2008-01-31 01:41:55'), 'mag': 5.3}, {'lat': -6.142, 'long': 129.894, 'Time': Timestamp('2008-01-31 08:54:20'), 'mag': 5.0}, {'lat': -6.163, 'long': 129.753, 'Time': Timestamp('2008-01-31 01:41:55'), 'mag': 5.3}, {'lat': -6.142, 'long': 129.894, 'Time': Timestamp('2008-01-31 08:54:20'), 'mag': 5.0}]",6,2008-01-31 01:41:55,RDM_df_train_30D-22SW-tw12_w9.csv,0.21784916666666665
922,2007-09-24 00:29:53.821,1,"[{'lat': -11.827, 'long': 166.1, 'Time': Timestamp('2007-09-24 11:13:00'), 'mag': 5.0}, {'lat': -11.774, 'long': 166.182, 'Time': Timestamp('2007-09-24 11:55:06'), 'mag': 5.6}, {'lat': -15.337, 'long': 167.844, 'Time': Timestamp('2007-09-24 09:33:33'), 'mag': 5.0}, {'lat': -11.827, 'long': 166.1, 'Time': Timestamp('2007-09-24 11:13:00'), 'mag': 5.0}, {'lat': -11.774, 'long': 166.182, 'Time': Timestamp('2007-09-24 11:55:06'), 'mag': 5.6}, {'lat': -15.337, 'long': 167.844, 'Time': Timestamp('2007-09-24 09:33:33'), 'mag': 5.0}, {'lat': -11.827, 'long': 166.1, 'Time': Timestamp('2007-09-24 11:13:00'), 'mag': 5.0}, {'lat': -11.774, 'long': 166.182, 'Time': Timestamp('2007-09-24 11:55:06'), 'mag': 5.6}, {'lat': -15.337, 'long': 167.844, 'Time': Timestamp('2007-09-24 09:33:33'), 'mag': 5.0}]",9,2007-09-24 11:13:00,RDM_df_train_30D-22SW-tw12_w9.csv,10.718383055555554
1062,2007-11-03 00:41:15.393,1,"[{'lat': 44.431, 'long': 147.198, 'Time': Timestamp('2007-11-03 10:42:11'), 'mag': 5.0}, {'lat': 44.431, 'long': 147.198, 'Time': Timestamp('2007-11-03 10:42:11'), 'mag': 5.0}]",2,2007-11-03 10:42:11,RDM_df_train_30D-22SW-tw12_w9.csv,10.01544638888889
81,2007-05-04 19:56:24.041,1,"[{'lat': 50.767, 'long': -130.049, 'Time': Timestamp('2007-05-05 06:15:43'), 'mag': 5.0}, {'lat': 50.767, 'long': -130.049, 'Time': Timestamp('2007-05-05 06:15:43'), 'mag': 5.0}, {'lat': 50.767, 'long': -130.049, 'Time': Timestamp('2007-05-05 06:15:43'), 'mag': 5.0}]",3,2007-05-05 06:15:43,RDM_df_train_30D-22SW-tw12_w9.csv,10.321933055555556
618,2007-07-28 17:44:23.439,1,"[{'lat': 19.722, 'long': -109.195, 'Time': Timestamp('2007-07-28 19:11:17'), 'mag': 5.3}, {'lat': 19.722, 'long': -109.195, 'Time': Timestamp('2007-07-28 19:11:17'), 'mag': 5.3}, {'lat': 19.722, 'long': -109.195, 'Time': Timestamp('2007-07-28 19:11:17'), 'mag': 5.3}]",3,2007-07-28 19:11:17,RDM_df_train_30D-22SW-tw12_w9.csv,1.4482113888888888
1130,2007-11-20 02:24:52.465,1,"[{'lat': 32.665, 'long': 140.669, 'Time': Timestamp('2007-11-20 11:46:31'), 'mag': 5.0}, {'lat': 32.665, 'long': 140.669, 'Time': Timestamp('2007-11-20 11:46:31'), 'mag': 5.0}, {'lat': -6.907, 'long': 155.672, 'Time': Timestamp('2007-11-20 12:52:59'), 'mag': 6.0}]",3,2007-11-20 11:46:31,RDM_df_train_30D-22SW-tw12_w9.csv,9.360704166666668
63,2007-04-26 00:23:23.542,1,"[{'lat': -18.095, 'long': 172.933, 'Time': Timestamp('2007-04-26 09:39:55'), 'mag': 5.4}, {'lat': -18.039, 'long': 172.875, 'Time': Timestamp('2007-04-26 10:00:41'), 'mag': 5.3}, {'lat': -18.095, 'long': 172.933, 'Time': Timestamp('2007-04-26 09:39:55'), 'mag': 5.4}, {'lat': -18.039, 'long': 172.875, 'Time': Timestamp('2007-04-26 10:00:41'), 'mag': 5.3}, {'lat': -18.095, 'long': 172.933, 'Time': Timestamp('2007-04-26 09:39:55'), 'mag': 5.4}, {'lat': -18.039, 'long': 172.875, 'Time': Timestamp('2007-04-26 10:00:41'), 'mag': 5.3}]",6,2007-04-26 09:39:55,RDM_df_train_30D-22SW-tw12_w9.csv,9.275405
1709,2008-03-16 01:46:51.644,1,"[{'lat': 26.908, 'long': 142.763, 'Time': Timestamp('2008-03-16 04:16:47'), 'mag': 5.0}, {'lat': 26.908, 'long': 142.763, 'Time': Timestamp('2008-03-16 04:16:47'), 'mag': 5.0}, {'lat': 26.908, 'long': 142.763, 'Time': Timestamp('2008-03-16 04:16:47'), 'mag': 5.0}, {'lat': 13.288, 'long': 125.592, 'Time': Timestamp('2008-03-16 05:18:57'), 'mag': 5.0}, {'lat': 13.288, 'long': 125.592, 'Time': Timestamp('2008-03-16 05:18:57'), 'mag': 5.0}, {'lat': 13.288, 'long': 125.592, 'Time': Timestamp('2008-03-16 05:18:57'), 'mag': 5.0}]",6,2008-03-16 04:16:47,RDM_df_train_30D-22SW-tw12_w9.csv,2.49871
940,2007-10-04 05:18:22.810,1,"[{'lat': 2.543, 'long': 92.903, 'Time': Timestamp('2007-10-04 12:40:31'), 'mag': 6.2}, {'lat': 2.543, 'long': 92.903, 'Time': Timestamp('2007-10-04 12:40:31'), 'mag': 6.2}]",2,2007-10-04 12:40:31,RDM_df_train_30D-22SW-tw12_w9.csv,7.368941666666666
922,2007-09-24 00:29:53.821,1,"[{'lat': -11.827, 'long': 166.1, 'Time': Timestamp('2007-09-24 11:13:00'), 'mag': 5.0}, {'lat': -11.774, 'long': 166.182, 'Time': Timestamp('2007-09-24 11:55:06'), 'mag': 5.6}, {'lat': -15.337, 'long': 167.844, 'Time': Timestamp('2007-09-24 09:33:33'), 'mag': 5.0}, {'lat': -11.827, 'long': 166.1, 'Time': Timestamp('2007-09-24 11:13:00'), 'mag': 5.0}, {'lat': -11.774, 'long': 166.182, 'Time': Timestamp('2007-09-24 11:55:06'), 'mag': 5.6}, {'lat': -15.337, 'long': 167.844, 'Time': Timestamp('2007-09-24 09:33:33'), 'mag': 5.0}, {'lat': -11.827, 'long': 166.1, 'Time': Timestamp('2007-09-24 11:13:00'), 'mag': 5.0}, {'lat': -11.774, 'long': 166.182, 'Time': Timestamp('2007-09-24 11:55:06'), 'mag': 5.6}, {'lat': -15.337, 'long': 167.844, 'Time': Timestamp('2007-09-24 09:33:33'), 'mag': 5.0}]",9,2007-09-24 11:13:00,RDM_df_train_30D-22SW-tw12_w9.csv,10.718383055555554
1690,2008-02-26 09:33:22.312,1,"[{'lat': 35.907, 'long': 21.866, 'Time': Timestamp('2008-02-26 10:46:07'), 'mag': 5.4}, {'lat': 36.09, 'long': 21.886, 'Time': Timestamp('2008-02-26 16:10:40'), 'mag': 5.0}, {'lat': 35.907, 'long': 21.866, 'Time': Timestamp('2008-02-26 10:46:07'), 'mag': 5.4}, {'lat': 36.09, 'long': 21.886, 'Time': Timestamp('2008-02-26 16:10:40'), 'mag': 5.0}, {'lat': 35.907, 'long': 21.866, 'Time': Timestamp('2008-02-26 10:46:07'), 'mag': 5.4}, {'lat': 36.09, 'long': 21.886, 'Time': Timestamp('2008-02-26 16:10:40'), 'mag': 5.0}]",6,2008-02-26 10:46:07,RDM_df_train_30D-22SW-tw12_w9.csv,1.2124133333333333
1156,2007-11-26 17:36:53.536,1,"[{'lat': 15.28, 'long': -93.363, 'Time': Timestamp('2007-11-26 17:41:40'), 'mag': 5.7}, {'lat': 18.654, 'long': -101.703, 'Time': Timestamp('2007-11-26 21:56:12'), 'mag': 5.8}, {'lat': 15.28, 'long': -93.363, 'Time': Timestamp('2007-11-26 17:41:40'), 'mag': 5.7}, {'lat': 18.654, 'long': -101.703, 'Time': Timestamp('2007-11-26 21:56:12'), 'mag': 5.8}]",4,2007-11-26 17:41:40,RDM_df_train_30D-22SW-tw12_w9.csv,0.07957333333333333
776,2007-09-01 19:27:23.176,1,"[{'lat': 24.502, 'long': -109.915, 'Time': Timestamp('2007-09-01 23:35:26'), 'mag': 5.0}, {'lat': 24.502, 'long': -109.915, 'Time': Timestamp('2007-09-01 23:35:26'), 'mag': 5.0}, {'lat': 24.502, 'long': -109.915, 'Time': Timestamp('2007-09-01 23:35:26'), 'mag': 5.0}]",3,2007-09-01 23:35:26,RDM_df_train_30D-22SW-tw12_w9.csv,4.134117777777778
190,2007-05-26 07:14:23.509,1,"[{'lat': 0.511, 'long': 67.171, 'Time': Timestamp('2007-05-26 19:13:35'), 'mag': 5.1}, {'lat': 0.511, 'long': 67.171, 'Time': Timestamp('2007-05-26 19:13:35'), 'mag': 5.1}, {'lat': 0.511, 'long': 67.171, 'Time': Timestamp('2007-05-26 19:13:35'), 'mag': 5.1}]",3,2007-05-26 19:13:35,RDM_df_train_30D-22SW-tw12_w9.csv,11.986525277777778
1848,2008-03-24 22:44:53.948,1,"[{'lat': 52.538, 'long': -168.73, 'Time': Timestamp('2008-03-25 00:57:47'), 'mag': 5.2}, {'lat': 52.371, 'long': -168.638, 'Time': Timestamp('2008-03-25 01:14:21'), 'mag': 5.0}, {'lat': 52.421, 'long': -168.626, 'Time': Timestamp('2008-03-25 01:26:25'), 'mag': 5.0}, {'lat': 52.538, 'long': -168.73, 'Time': Timestamp('2008-03-25 00:57:47'), 'mag': 5.2}, {'lat': 52.371, 'long': -168.638, 'Time': Timestamp('2008-03-25 01:14:21'), 'mag': 5.0}, {'lat': 52.421, 'long': -168.626, 'Time': Timestamp('2008-03-25 01:26:25'), 'mag': 5.0}, {'lat': 52.538, 'long': -168.73, 'Time': Timestamp('2008-03-25 00:57:47'), 'mag': 5.2}, {'lat': 52.371, 'long': -168.638, 'Time': Timestamp('2008-03-25 01:14:21'), 'mag': 5.0}, {'lat': 52.421, 'long': -168.626, 'Time': Timestamp('2008-03-25 01:26:25'), 'mag': 5.0}]",9,2008-03-25 00:57:47,RDM_df_train_30D-22SW-tw12_w9.csv,2.2147366666666666
549,2007-07-25 00:05:53.279,1,"[{'lat': -15.823, 'long': 167.823, 'Time': Timestamp('2007-07-25 01:41:33'), 'mag': 5.3}, {'lat': -25.77, 'long': 179.938, 'Time': Timestamp('2007-07-25 01:03:45'), 'mag': 5.4}, {'lat': -15.823, 'long': 167.823, 'Time': Timestamp('2007-07-25 01:41:33'), 'mag': 5.3}, {'lat': -25.77, 'long': 179.938, 'Time': Timestamp('2007-07-25 01:03:45'), 'mag': 5.4}, {'lat': -15.823, 'long': 167.823, 'Time': Timestamp('2007-07-25 01:41:33'), 'mag': 5.3}, {'lat': -25.77, 'long': 179.938, 'Time': Timestamp('2007-07-25 01:03:45'), 'mag': 5.4}]",6,2007-07-25 01:41:33,RDM_df_train_30D-22SW-tw12_w9.csv,1.5943669444444444
511,2007-07-27 22:10:20.284,1,"[{'lat': 44.401, 'long': -129.76, 'Time': Timestamp('2007-07-27 23:22:48'), 'mag': 5.3}, {'lat': 44.545, 'long': -129.759, 'Time': Timestamp('2007-07-28 00:20:38'), 'mag': 5.0}, {'lat': 44.611, 'long': -129.778, 'Time': Timestamp('2007-07-28 00:30:29'), 'mag': 5.3}, {'lat': 44.401, 'long': -129.76, 'Time': Timestamp('2007-07-27 23:22:48'), 'mag': 5.3}, {'lat': 44.545, 'long': -129.759, 'Time': Timestamp('2007-07-28 00:20:38'), 'mag': 5.0}, {'lat': 44.611, 'long': -129.778, 'Time': Timestamp('2007-07-28 00:30:29'), 'mag': 5.3}, {'lat': -15.898, 'long': -175.288, 'Time': Timestamp('2007-07-28 08:53:13'), 'mag': 5.4}, {'lat': -15.898, 'long': -175.288, 'Time': Timestamp('2007-07-28 08:53:13'), 'mag': 5.4}]",8,2007-07-27 23:22:48,RDM_df_train_30D-22SW-tw12_w9.csv,1.2076988888888889
1044,2007-11-08 00:47:15.125,1,"[{'lat': 12.195, 'long': 143.464, 'Time': Timestamp('2007-11-08 11:59:15'), 'mag': 5.3}, {'lat': 12.195, 'long': 143.464, 'Time': Timestamp('2007-11-08 11:59:15'), 'mag': 5.3}, {'lat': 12.195, 'long': 143.464, 'Time': Timestamp('2007-11-08 11:59:15'), 'mag': 5.3}]",3,2007-11-08 11:59:15,RDM_df_train_30D-22SW-tw12_w9.csv,11.199965277777778
1202,2007-11-17 23:16:23.961,1,"[{'lat': -21.852, 'long': -176.552, 'Time': Timestamp('2007-11-18 00:32:00'), 'mag': 5.1}, {'lat': -21.852, 'long': -176.552, 'Time': Timestamp('2007-11-18 00:32:00'), 'mag': 5.1}, {'lat': -21.852, 'long': -176.552, 'Time': Timestamp('2007-11-18 00:32:00'), 'mag': 5.1}]",3,2007-11-18 00:32:00,RDM_df_train_30D-22SW-tw12_w9.csv,1.2600108333333333
459,2007-07-20 06:37:26.124,1,"[{'lat': 42.913, 'long': 82.378, 'Time': Timestamp('2007-07-20 10:06:52'), 'mag': 5.6}, {'lat': 42.913, 'long': 82.378, 'Time': Timestamp('2007-07-20 10:06:52'), 'mag': 5.6}, {'lat': 42.913, 'long': 82.378, 'Time': Timestamp('2007-07-20 10:06:52'), 'mag': 5.6}]",3,2007-07-20 10:06:52,RDM_df_train_30D-22SW-tw12_w9.csv,3.490521111111111
895,2007-10-02 22:28:53.217,1,"[{'lat': 51.675, 'long': -175.521, 'Time': Timestamp('2007-10-03 09:15:11'), 'mag': 5.0}, {'lat': 51.519, 'long': -178.402, 'Time': Timestamp('2007-10-03 02:25:50'), 'mag': 5.0}, {'lat': 51.675, 'long': -175.521, 'Time': Timestamp('2007-10-03 09:15:11'), 'mag': 5.0}, {'lat': -48.635, 'long': 164.658, 'Time': Timestamp('2007-10-03 01:43:25'), 'mag': 5.1}, {'lat': -48.724, 'long': 164.698, 'Time': Timestamp('2007-10-03 03:32:56'), 'mag': 5.1}, {'lat': -48.635, 'long': 164.658, 'Time': Timestamp('2007-10-03 01:43:25'), 'mag': 5.1}, {'lat': -48.724, 'long': 164.698, 'Time': Timestamp('2007-10-03 03:32:56'), 'mag': 5.1}, {'lat': -48.635, 'long': 164.658, 'Time': Timestamp('2007-10-03 01:43:25'), 'mag': 5.1}, {'lat': -48.724, 'long': 164.698, 'Time': Timestamp('2007-10-03 03:32:56'), 'mag': 5.1}]",9,2007-10-03 09:15:11,RDM_df_train_30D-22SW-tw12_w9.csv,10.77160638888889
600,2007-08-16 11:14:52.463,1,"[{'lat': -3.522, 'long': -12.153, 'Time': Timestamp('2007-08-16 14:18:24'), 'mag': 5.5}, {'lat': -3.588, 'long': -11.798, 'Time': Timestamp('2007-08-16 14:44:04'), 'mag': 5.3}, {'lat': -3.522, 'long': -12.153, 'Time': Timestamp('2007-08-16 14:18:24'), 'mag': 5.5}, {'lat': -3.588, 'long': -11.798, 'Time': Timestamp('2007-08-16 14:44:04'), 'mag': 5.3}, {'lat': -3.522, 'long': -12.153, 'Time': Timestamp('2007-08-16 14:18:24'), 'mag': 5.5}, {'lat': -3.588, 'long': -11.798, 'Time': Timestamp('2007-08-16 14:44:04'), 'mag': 5.3}]",6,2007-08-16 14:18:24,RDM_df_train_30D-22SW-tw12_w9.csv,3.058760277777778
550,2007-08-07 14:52:19.471,1,"[{'lat': 0.818, 'long': -29.168, 'Time': Timestamp('2007-08-08 01:01:39'), 'mag': 5.1}, {'lat': 0.818, 'long': -29.168, 'Time': Timestamp('2007-08-08 01:01:39'), 'mag': 5.1}]",2,2007-08-08 01:01:39,RDM_df_train_30D-22SW-tw12_w9.csv,10.155424722222223
1142,2007-11-03 11:38:53.652,1,"[{'lat': -55.284, 'long': -29.439, 'Time': Timestamp('2007-11-03 13:52:11'), 'mag': 5.2}, {'lat': -55.284, 'long': -29.439, 'Time': Timestamp('2007-11-03 13:52:11'), 'mag': 5.2}]",2,2007-11-03 13:52:11,RDM_df_train_30D-22SW-tw12_w9.csv,2.2214855555555557
1725,2008-03-13 22:26:23.453,1,"[{'lat': 61.0731, 'long': -152.64, 'Time': Timestamp('2008-03-14 09:38:21'), 'mag': 5.1}, {'lat': 61.0731, 'long': -152.64, 'Time': Timestamp('2008-03-14 09:38:21'), 'mag': 5.1}]",2,2008-03-14 09:38:21,RDM_df_train_30D-22SW-tw12_w9.csv,11.19931861111111
689,2007-08-20 12:54:53.630,1,"[{'lat': 8.037, 'long': -39.251, 'Time': Timestamp('2007-08-20 22:42:28'), 'mag': 6.5}, {'lat': 8.037, 'long': -39.251, 'Time': Timestamp('2007-08-20 22:42:28'), 'mag': 6.5}, {'lat': 8.037, 'long': -39.251, 'Time': Timestamp('2007-08-20 22:42:28'), 'mag': 6.5}]",3,2007-08-20 22:42:28,RDM_df_train_30D-22SW-tw12_w9.csv,9.792880555555556
590,2007-07-28 10:12:53.352,1,"[{'lat': -54.13, 'long': 7.881, 'Time': Timestamp('2007-07-28 16:13:43'), 'mag': 5.5}, {'lat': -54.157, 'long': 7.908, 'Time': Timestamp('2007-07-28 17:46:28'), 'mag': 5.1}, {'lat': -54.13, 'long': 7.881, 'Time': Timestamp('2007-07-28 16:13:43'), 'mag': 5.5}, {'lat': -54.157, 'long': 7.908, 'Time': Timestamp('2007-07-28 17:46:28'), 'mag': 5.1}]",4,2007-07-28 16:13:43,RDM_df_train_30D-22SW-tw12_w9.csv,6.013791111111112
1738,2008-03-21 19:06:53.690,1,"[{'lat': -8.699, 'long': -109.517, 'Time': Timestamp('2008-03-21 20:36:14'), 'mag': 5.2}, {'lat': -8.699, 'long': -109.517, 'Time': Timestamp('2008-03-21 20:36:14'), 'mag': 5.2}, {'lat': -8.699, 'long': -109.517, 'Time': Timestamp('2008-03-21 20:36:14'), 'mag': 5.2}]",3,2008-03-21 20:36:14,RDM_df_train_30D-22SW-tw12_w9.csv,1.4889750000000002
1319,2007-12-06 17:06:23.186,1,"[{'lat': -13.516, 'long': -76.656, 'Time': Timestamp('2007-12-07 01:41:01'), 'mag': 5.6}, {'lat': -13.516, 'long': -76.656, 'Time': Timestamp('2007-12-07 01:41:01'), 'mag': 5.6}, {'lat': -13.516, 'long': -76.656, 'Time': Timestamp('2007-12-07 01:41:01'), 'mag': 5.6}]",3,2007-12-07 01:41:01,RDM_df_train_30D-22SW-tw12_w9.csv,8.577170555555556
929,2007-10-14 07:33:26.209,1,"[{'lat': -22.844, 'long': 69.432, 'Time': Timestamp('2007-10-14 18:46:32'), 'mag': 5.0}, {'lat': -22.844, 'long': 69.432, 'Time': Timestamp('2007-10-14 18:46:32'), 'mag': 5.0}, {'lat': -22.844, 'long': 69.432, 'Time': Timestamp('2007-10-14 18:46:32'), 'mag': 5.0}]",3,2007-10-14 18:46:32,RDM_df_train_30D-22SW-tw12_w9.csv,11.218275277777778
684,2007-08-14 18:57:23.336,1,"[{'lat': 2.185, 'long': -101.561, 'Time': Timestamp('2007-08-15 03:49:11'), 'mag': 5.1}, {'lat': 2.185, 'long': -101.561, 'Time': Timestamp('2007-08-15 03:49:11'), 'mag': 5.1}, {'lat': 2.185, 'long': -101.561, 'Time': Timestamp('2007-08-15 03:49:11'), 'mag': 5.1}]",3,2007-08-15 03:49:11,RDM_df_train_30D-22SW-tw12_w9.csv,8.86324
502,2007-07-28 10:12:25.026,1,"[{'lat': -54.13, 'long': 7.881, 'Time': Timestamp('2007-07-28 16:13:43'), 'mag': 5.5}, {'lat': -54.157, 'long': 7.908, 'Time': Timestamp('2007-07-28 17:46:28'), 'mag': 5.1}, {'lat': -54.13, 'long': 7.881, 'Time': Timestamp('2007-07-28 16:13:43'), 'mag': 5.5}, {'lat': -54.157, 'long': 7.908, 'Time': Timestamp('2007-07-28 17:46:28'), 'mag': 5.1}]",4,2007-07-28 16:13:43,RDM_df_train_30D-22SW-tw12_w9.csv,6.021659444444444
106,2007-05-12 23:34:19.712,1,"[{'lat': -19.513, 'long': -179.329, 'Time': Timestamp('2007-05-13 11:26:42'), 'mag': 5.8}, {'lat': -21.683, 'long': -179.211, 'Time': Timestamp('2007-05-13 03:36:14'), 'mag': 5.5}, {'lat': -19.513, 'long': -179.329, 'Time': Timestamp('2007-05-13 11:26:42'), 'mag': 5.8}, {'lat': -21.683, 'long': -179.211, 'Time': Timestamp('2007-05-13 03:36:14'), 'mag': 5.5}, {'lat': -19.513, 'long': -179.329, 'Time': Timestamp('2007-05-13 11:26:42'), 'mag': 5.8}, {'lat': -21.683, 'long': -179.211, 'Time': Timestamp('2007-05-13 03:36:14'), 'mag': 5.5}]",6,2007-05-13 11:26:42,RDM_df_train_30D-22SW-tw12_w9.csv,11.872857777777778
1093,2007-10-26 22:52:23.815,1,"[{'lat': -14.852, 'long': 167.286, 'Time': Timestamp('2007-10-27 10:10:40'), 'mag': 5.0}, {'lat': -14.852, 'long': 167.286, 'Time': Timestamp('2007-10-27 10:10:40'), 'mag': 5.0}, {'lat': -35.65, 'long': 177.931, 'Time': Timestamp('2007-10-27 07:54:58'), 'mag': 5.3}, {'lat': -14.852, 'long': 167.286, 'Time': Timestamp('2007-10-27 10:10:40'), 'mag': 5.0}]",4,2007-10-27 10:10:40,RDM_df_train_30D-22SW-tw12_w9.csv,11.304495833333332
261,2007-06-06 07:20:22.727,1,"[{'lat': 42.614, 'long': 75.417, 'Time': Timestamp('2007-06-06 11:09:26'), 'mag': 5.0}, {'lat': 42.614, 'long': 75.417, 'Time': Timestamp('2007-06-06 11:09:26'), 'mag': 5.0}, {'lat': 42.614, 'long': 75.417, 'Time': Timestamp('2007-06-06 11:09:26'), 'mag': 5.0}]",3,2007-06-06 11:09:26,RDM_df_train_30D-22SW-tw12_w9.csv,3.817575833333333
1889,2008-04-13 20:19:51.359,1,"[{'lat': 44.279, 'long': -129.492, 'Time': Timestamp('2008-04-14 05:38:32'), 'mag': 5.1}, {'lat': 44.279, 'long': -129.492, 'Time': Timestamp('2008-04-14 05:38:32'), 'mag': 5.1}]",2,2008-04-14 05:38:32,RDM_df_train_30D-22SW-tw12_w9.csv,9.311289166666668
1660,2008-02-22 16:22:23.531,1,"[{'lat': 3.974, 'long': -78.749, 'Time': Timestamp('2008-02-23 03:23:06'), 'mag': 5.1}, {'lat': 3.974, 'long': -78.749, 'Time': Timestamp('2008-02-23 03:23:06'), 'mag': 5.1}, {'lat': 3.974, 'long': -78.749, 'Time': Timestamp('2008-02-23 03:23:06'), 'mag': 5.1}]",3,2008-02-23 03:23:06,RDM_df_train_30D-22SW-tw12_w9.csv,11.011796944444443
1166,2007-11-23 10:24:22.494,1,"[{'lat': -53.27, 'long': 9.426, 'Time': Timestamp('2007-11-23 19:18:47'), 'mag': 5.5}]",1,2007-11-23 19:18:47,RDM_df_train_30D-22SW-tw12_w9.csv,8.906807222222223
1143,2007-11-07 14:57:21.240,1,"[{'lat': -24.185, 'long': -69.514, 'Time': Timestamp('2007-11-07 15:06:16'), 'mag': 5.0}, {'lat': -24.185, 'long': -69.514, 'Time': Timestamp('2007-11-07 15:06:16'), 'mag': 5.0}, {'lat': -24.185, 'long': -69.514, 'Time': Timestamp('2007-11-07 15:06:16'), 'mag': 5.0}]",3,2007-11-07 15:06:16,RDM_df_train_30D-22SW-tw12_w9.csv,0.14854444444444445
202,2007-05-21 09:52:50.794,1,"[{'lat': 35.117, 'long': 27.808, 'Time': Timestamp('2007-05-21 16:39:08'), 'mag': 5.0}, {'lat': 35.117, 'long': 27.808, 'Time': Timestamp('2007-05-21 16:39:08'), 'mag': 5.0}]",2,2007-05-21 16:39:08,RDM_df_train_30D-22SW-tw12_w9.csv,6.771446111111111
650,2007-08-04 07:39:57.330,1,"[{'lat': -3.474, 'long': 68.353, 'Time': Timestamp('2007-08-04 13:43:34'), 'mag': 5.0}, {'lat': -3.474, 'long': 68.353, 'Time': Timestamp('2007-08-04 13:43:34'), 'mag': 5.0}, {'lat': -3.474, 'long': 68.353, 'Time': Timestamp('2007-08-04 13:43:34'), 'mag': 5.0}]",3,2007-08-04 13:43:34,RDM_df_train_30D-22SW-tw12_w9.csv,6.06018611111111
1313,2007-12-20 18:13:23.812,1,"[{'lat': 5.565, 'long': -82.609, 'Time': Timestamp('2007-12-21 05:13:56'), 'mag': 5.0}, {'lat': 5.565, 'long': -82.609, 'Time': Timestamp('2007-12-21 05:13:56'), 'mag': 5.0}, {'lat': 5.565, 'long': -82.609, 'Time': Timestamp('2007-12-21 05:13:56'), 'mag': 5.0}, {'lat': -57.72, 'long': -141.447, 'Time': Timestamp('2007-12-21 03:10:57'), 'mag': 5.6}, {'lat': -57.72, 'long': -141.447, 'Time': Timestamp('2007-12-21 03:10:57'), 'mag': 5.6}]",5,2007-12-21 05:13:56,RDM_df_train_30D-22SW-tw12_w9.csv,11.008941111111112
816,2007-09-23 16:30:53.970,1,"[{'lat': -12.686, 'long': -71.316, 'Time': Timestamp('2007-09-24 02:25:44'), 'mag': 5.1}, {'lat': -12.686, 'long': -71.316, 'Time': Timestamp('2007-09-24 02:25:44'), 'mag': 5.1}, {'lat': -12.686, 'long': -71.316, 'Time': Timestamp('2007-09-24 02:25:44'), 'mag': 5.1}]",3,2007-09-24 02:25:44,RDM_df_train_30D-22SW-tw12_w9.csv,9.913897222222221
1202,2007-11-17 23:16:23.961,1,"[{'lat': -21.852, 'long': -176.552, 'Time': Timestamp('2007-11-18 00:32:00'), 'mag': 5.1}, {'lat': -21.852, 'long': -176.552, 'Time': Timestamp('2007-11-18 00:32:00'), 'mag': 5.1}, {'lat': -21.852, 'long': -176.552, 'Time': Timestamp('2007-11-18 00:32:00'), 'mag': 5.1}]",3,2007-11-18 00:32:00,RDM_df_train_30D-22SW-tw12_w9.csv,1.2600108333333333
939,2007-10-12 00:23:53.086,1,"[{'lat': -5.694, 'long': 146.072, 'Time': Timestamp('2007-10-12 11:33:33'), 'mag': 5.0}, {'lat': -5.694, 'long': 146.072, 'Time': Timestamp('2007-10-12 11:33:33'), 'mag': 5.0}, {'lat': -5.694, 'long': 146.072, 'Time': Timestamp('2007-10-12 11:33:33'), 'mag': 5.0}]",3,2007-10-12 11:33:33,RDM_df_train_30D-22SW-tw12_w9.csv,11.161087222222221
1727,2008-02-29 06:35:56.466,1,"[{'lat': 3.931, 'long': 93.477, 'Time': Timestamp('2008-02-29 08:18:20'), 'mag': 5.6}]",1,2008-02-29 08:18:20,RDM_df_train_30D-22SW-tw12_w9.csv,1.7065372222222221
1730,2008-03-06 22:56:53.966,1,"[{'lat': -17.025, 'long': 175.736, 'Time': Timestamp('2008-03-07 09:40:10'), 'mag': 5.0}, {'lat': -17.025, 'long': 175.736, 'Time': Timestamp('2008-03-07 09:40:10'), 'mag': 5.0}, {'lat': -17.025, 'long': 175.736, 'Time': Timestamp('2008-03-07 09:40:10'), 'mag': 5.0}]",3,2008-03-07 09:40:10,RDM_df_train_30D-22SW-tw12_w9.csv,10.721120555555556
178,2007-05-30 12:47:23.172,1,"[{'lat': -59.972, 'long': -26.457, 'Time': Timestamp('2007-05-30 19:35:21'), 'mag': 5.5}]",1,2007-05-30 19:35:21,RDM_df_train_30D-22SW-tw12_w9.csv,6.799396666666667
673,2007-08-29 14:40:23.480,1,"[{'lat': -20.948, 'long': -68.36, 'Time': Timestamp('2007-08-29 16:18:10'), 'mag': 5.5}, {'lat': -20.948, 'long': -68.36, 'Time': Timestamp('2007-08-29 16:18:10'), 'mag': 5.5}, {'lat': -20.948, 'long': -68.36, 'Time': Timestamp('2007-08-29 16:18:10'), 'mag': 5.5}]",3,2007-08-29 16:18:10,RDM_df_train_30D-22SW-tw12_w9.csv,1.629588888888889
788,2007-08-30 01:18:53.151,1,"[{'lat': -11.436, 'long': 166.172, 'Time': Timestamp('2007-08-30 10:14:34'), 'mag': 5.4}, {'lat': -11.436, 'long': 166.172, 'Time': Timestamp('2007-08-30 10:14:34'), 'mag': 5.4}, {'lat': -11.436, 'long': 166.172, 'Time': Timestamp('2007-08-30 10:14:34'), 'mag': 5.4}, {'lat': -49.583, 'long': 117.397, 'Time': Timestamp('2007-08-30 07:34:43'), 'mag': 5.1}, {'lat': -49.583, 'long': 117.397, 'Time': Timestamp('2007-08-30 07:34:43'), 'mag': 5.1}]",5,2007-08-30 10:14:34,RDM_df_train_30D-22SW-tw12_w9.csv,8.92801361111111
702,2007-08-15 15:35:51.651,1,"[{'lat': -13.386, 'long': -76.603, 'Time': Timestamp('2007-08-15 23:40:57'), 'mag': 8.0}, {'lat': -13.365, 'long': -76.747, 'Time': Timestamp('2007-08-15 23:57:32'), 'mag': 5.1}, {'lat': -13.378, 'long': -76.799, 'Time': Timestamp('2007-08-16 00:01:41'), 'mag': 5.0}, {'lat': -13.255, 'long': -76.489, 'Time': Timestamp('2007-08-16 00:02:41'), 'mag': 5.6}, {'lat': -14.226, 'long': -75.944, 'Time': Timestamp('2007-08-16 00:19:13'), 'mag': 5.8}, {'lat': -14.13, 'long': -76.199, 'Time': Timestamp('2007-08-16 00:24:36'), 'mag': 5.3}, {'lat': -13.355, 'long': -76.601, 'Time': Timestamp('2007-08-16 01:02:23'), 'mag': 5.8}, {'lat': -13.574, 'long': -76.841, 'Time': Timestamp('2007-08-16 01:06:17'), 'mag': 5.2}, {'lat': -14.184, 'long': -76.759, 'Time': Timestamp('2007-08-16 01:35:37'), 'mag': 5.4}, {'lat': -13.73, 'long': -76.073, 'Time': Timestamp('2007-08-16 02:17:09'), 'mag': 5.0}, {'lat': -13.539, 'long': -76.581, 'Time': Timestamp('2007-08-16 02:54:19'), 'mag': 5.0}, {'lat': -13.386, 'long': -76.603, 'Time': Timestamp('2007-08-15 23:40:57'), 'mag': 8.0}, {'lat': -13.365, 'long': -76.747, 'Time': Timestamp('2007-08-15 23:57:32'), 'mag': 5.1}, {'lat': -13.378, 'long': -76.799, 'Time': Timestamp('2007-08-16 00:01:41'), 'mag': 5.0}, {'lat': -13.255, 'long': -76.489, 'Time': Timestamp('2007-08-16 00:02:41'), 'mag': 5.6}, {'lat': -14.226, 'long': -75.944, 'Time': Timestamp('2007-08-16 00:19:13'), 'mag': 5.8}, {'lat': -14.13, 'long': -76.199, 'Time': Timestamp('2007-08-16 00:24:36'), 'mag': 5.3}, {'lat': -13.355, 'long': -76.601, 'Time': Timestamp('2007-08-16 01:02:23'), 'mag': 5.8}, {'lat': -13.574, 'long': -76.841, 'Time': Timestamp('2007-08-16 01:06:17'), 'mag': 5.2}, {'lat': -14.184, 'long': -76.759, 'Time': Timestamp('2007-08-16 01:35:37'), 'mag': 5.4}, {'lat': -13.73, 'long': -76.073, 'Time': Timestamp('2007-08-16 02:17:09'), 'mag': 5.0}, {'lat': -13.539, 'long': -76.581, 'Time': Timestamp('2007-08-16 02:54:19'), 'mag': 5.0}, {'lat': -13.386, 'long': -76.603, 'Time': Timestamp('2007-08-15 23:40:57'), 'mag': 8.0}, {'lat': -13.365, 'long': -76.747, 'Time': Timestamp('2007-08-15 23:57:32'), 'mag': 5.1}, {'lat': -13.378, 'long': -76.799, 'Time': Timestamp('2007-08-16 00:01:41'), 'mag': 5.0}, {'lat': -13.255, 'long': -76.489, 'Time': Timestamp('2007-08-16 00:02:41'), 'mag': 5.6}, {'lat': -14.226, 'long': -75.944, 'Time': Timestamp('2007-08-16 00:19:13'), 'mag': 5.8}, {'lat': -14.13, 'long': -76.199, 'Time': Timestamp('2007-08-16 00:24:36'), 'mag': 5.3}, {'lat': -13.355, 'long': -76.601, 'Time': Timestamp('2007-08-16 01:02:23'), 'mag': 5.8}, {'lat': -13.574, 'long': -76.841, 'Time': Timestamp('2007-08-16 01:06:17'), 'mag': 5.2}, {'lat': -14.184, 'long': -76.759, 'Time': Timestamp('2007-08-16 01:35:37'), 'mag': 5.4}, {'lat': -13.73, 'long': -76.073, 'Time': Timestamp('2007-08-16 02:17:09'), 'mag': 5.0}, {'lat': -13.539, 'long': -76.581, 'Time': Timestamp('2007-08-16 02:54:19'), 'mag': 5.0}]",33,2007-08-15 23:40:57,RDM_df_train_30D-22SW-tw12_w9.csv,8.084819166666666
1254,2007-11-22 23:28:23.988,1,"[{'lat': -4.63, 'long': 151.869, 'Time': Timestamp('2007-11-23 01:26:47'), 'mag': 5.9}]",1,2007-11-23 01:26:47,RDM_df_train_30D-22SW-tw12_w9.csv,1.973058888888889
1815,2008-03-16 07:06:54.583,1,"[{'lat': -45.518, 'long': 34.902, 'Time': Timestamp('2008-03-16 15:09:20'), 'mag': 5.0}, {'lat': -45.518, 'long': 34.902, 'Time': Timestamp('2008-03-16 15:09:20'), 'mag': 5.0}, {'lat': -45.518, 'long': 34.902, 'Time': Timestamp('2008-03-16 15:09:20'), 'mag': 5.0}]",3,2008-03-16 15:09:20,RDM_df_train_30D-22SW-tw12_w9.csv,8.040393611111112
1712,2008-03-09 13:17:23.517,1,"[{'lat': 0.718, 'long': -29.933, 'Time': Timestamp('2008-03-09 17:17:24'), 'mag': 5.1}, {'lat': -58.065, 'long': -24.909, 'Time': Timestamp('2008-03-09 15:27:51'), 'mag': 5.1}, {'lat': -58.065, 'long': -24.909, 'Time': Timestamp('2008-03-09 15:27:51'), 'mag': 5.1}, {'lat': 0.718, 'long': -29.933, 'Time': Timestamp('2008-03-09 17:17:24'), 'mag': 5.1}]",4,2008-03-09 17:17:24,RDM_df_train_30D-22SW-tw12_w9.csv,4.000134166666666
544,2007-08-04 07:45:49.436,1,"[{'lat': -3.474, 'long': 68.353, 'Time': Timestamp('2007-08-04 13:43:34'), 'mag': 5.0}, {'lat': -3.474, 'long': 68.353, 'Time': Timestamp('2007-08-04 13:43:34'), 'mag': 5.0}, {'lat': -3.474, 'long': 68.353, 'Time': Timestamp('2007-08-04 13:43:34'), 'mag': 5.0}]",3,2007-08-04 13:43:34,RDM_df_train_30D-22SW-tw12_w9.csv,5.962378888888889
1559,2008-02-04 15:27:26.915,1,"[{'lat': -20.166, 'long': -70.037, 'Time': Timestamp('2008-02-04 17:01:29'), 'mag': 6.3}, {'lat': -20.166, 'long': -70.037, 'Time': Timestamp('2008-02-04 17:01:29'), 'mag': 6.3}]",2,2008-02-04 17:01:29,RDM_df_train_30D-22SW-tw12_w9.csv,1.5672458333333334
1863,2008-04-09 22:38:53.125,1,"[{'lat': -20.334, 'long': 168.937, 'Time': Timestamp('2008-04-10 01:10:02'), 'mag': 5.8}, {'lat': -19.934, 'long': 168.496, 'Time': Timestamp('2008-04-10 01:17:34'), 'mag': 5.5}, {'lat': -20.319, 'long': 168.866, 'Time': Timestamp('2008-04-10 04:29:35'), 'mag': 5.5}, {'lat': -20.334, 'long': 168.937, 'Time': Timestamp('2008-04-10 01:10:02'), 'mag': 5.8}, {'lat': -19.934, 'long': 168.496, 'Time': Timestamp('2008-04-10 01:17:34'), 'mag': 5.5}, {'lat': -20.319, 'long': 168.866, 'Time': Timestamp('2008-04-10 04:29:35'), 'mag': 5.5}, {'lat': -20.334, 'long': 168.937, 'Time': Timestamp('2008-04-10 01:10:02'), 'mag': 5.8}, {'lat': -19.934, 'long': 168.496, 'Time': Timestamp('2008-04-10 01:17:34'), 'mag': 5.5}, {'lat': -20.319, 'long': 168.866, 'Time': Timestamp('2008-04-10 04:29:35'), 'mag': 5.5}]",9,2008-04-10 01:10:02,RDM_df_train_30D-22SW-tw12_w9.csv,2.5191319444444447
1604,2008-02-02 22:14:51.896,1,"[{'lat': -51.75, 'long': 160.75, 'Time': Timestamp('2008-02-03 02:00:56'), 'mag': 5.2}, {'lat': -51.75, 'long': 160.75, 'Time': Timestamp('2008-02-03 02:00:56'), 'mag': 5.2}]",2,2008-02-03 02:00:56,RDM_df_train_30D-22SW-tw12_w9.csv,3.7678066666666665
563,2007-08-09 15:53:55.803,1,"[{'lat': 25.918, 'long': -45.001, 'Time': Timestamp('2007-08-09 17:25:05'), 'mag': 5.6}, {'lat': 25.918, 'long': -45.001, 'Time': Timestamp('2007-08-09 17:25:05'), 'mag': 5.6}, {'lat': 25.918, 'long': -45.001, 'Time': Timestamp('2007-08-09 17:25:05'), 'mag': 5.6}]",3,2007-08-09 17:25:05,RDM_df_train_30D-22SW-tw12_w9.csv,1.519221388888889
1598,2008-02-17 00:58:18.121,1,"[{'lat': 52.334, 'long': -168.662, 'Time': Timestamp('2008-02-17 05:46:41'), 'mag': 5.0}, {'lat': -61.51, 'long': 153.696, 'Time': Timestamp('2008-02-17 04:22:08'), 'mag': 5.1}]",2,2008-02-17 05:46:41,RDM_df_train_30D-22SW-tw12_w9.csv,4.806355277777778
1730,2008-03-06 22:56:53.966,1,"[{'lat': -17.025, 'long': 175.736, 'Time': Timestamp('2008-03-07 09:40:10'), 'mag': 5.0}, {'lat': -17.025, 'long': 175.736, 'Time': Timestamp('2008-03-07 09:40:10'), 'mag': 5.0}, {'lat': -17.025, 'long': 175.736, 'Time': Timestamp('2008-03-07 09:40:10'), 'mag': 5.0}]",3,2008-03-07 09:40:10,RDM_df_train_30D-22SW-tw12_w9.csv,10.721120555555556
1328,2007-12-17 04:59:32.703,1,"[{'lat': -10.755, 'long': 113.355, 'Time': Timestamp('2007-12-17 12:46:14'), 'mag': 5.3}, {'lat': -10.755, 'long': 113.355, 'Time': Timestamp('2007-12-17 12:46:14'), 'mag': 5.3}, {'lat': -10.755, 'long': 113.355, 'Time': Timestamp('2007-12-17 12:46:14'), 'mag': 5.3}]",3,2007-12-17 12:46:14,RDM_df_train_30D-22SW-tw12_w9.csv,7.778138055555555
1428,2007-12-27 17:30:53.354,1,"[{'lat': 19.225, 'long': -64.678, 'Time': Timestamp('2007-12-28 03:34:13'), 'mag': 5.2}]",1,2007-12-28 03:34:13,RDM_df_train_30D-22SW-tw12_w9.csv,10.055457222222222
1290,2007-12-19 01:23:43.209,1,"[{'lat': 51.09, 'long': 179.995, 'Time': Timestamp('2007-12-19 06:47:59'), 'mag': 5.0}, {'lat': 51.09, 'long': 179.995, 'Time': Timestamp('2007-12-19 06:47:59'), 'mag': 5.0}, {'lat': 51.09, 'long': 179.995, 'Time': Timestamp('2007-12-19 06:47:59'), 'mag': 5.0}, {'lat': -6.952, 'long': 155.778, 'Time': Timestamp('2007-12-19 11:34:56'), 'mag': 5.9}, {'lat': -6.952, 'long': 155.778, 'Time': Timestamp('2007-12-19 11:34:56'), 'mag': 5.9}, {'lat': -6.952, 'long': 155.778, 'Time': Timestamp('2007-12-19 11:34:56'), 'mag': 5.9}, {'lat': -9.188, 'long': 123.945, 'Time': Timestamp('2007-12-19 06:12:25'), 'mag': 5.3}, {'lat': -9.188, 'long': 123.945, 'Time': Timestamp('2007-12-19 06:12:25'), 'mag': 5.3}, {'lat': -9.188, 'long': 123.945, 'Time': Timestamp('2007-12-19 06:12:25'), 'mag': 5.3}]",9,2007-12-19 06:47:59,RDM_df_train_30D-22SW-tw12_w9.csv,5.404386388888889
1783,2008-03-29 08:26:54.072,1,"[{'lat': -41.055, 'long': 42.525, 'Time': Timestamp('2008-03-29 15:12:03'), 'mag': 5.5}, {'lat': -41.055, 'long': 42.525, 'Time': Timestamp('2008-03-29 15:12:03'), 'mag': 5.5}, {'lat': -41.055, 'long': 42.525, 'Time': Timestamp('2008-03-29 15:12:03'), 'mag': 5.5}]",3,2008-03-29 15:12:03,RDM_df_train_30D-22SW-tw12_w9.csv,6.75248
1803,2008-03-11 23:33:23.702,1,"[{'lat': -16.544, 'long': 167.207, 'Time': Timestamp('2008-03-12 02:07:05'), 'mag': 5.3}, {'lat': -16.567, 'long': 167.335, 'Time': Timestamp('2008-03-12 11:23:34'), 'mag': 6.4}, {'lat': -16.498, 'long': 167.179, 'Time': Timestamp('2008-03-12 11:30:15'), 'mag': 5.1}, {'lat': -16.544, 'long': 167.207, 'Time': Timestamp('2008-03-12 02:07:05'), 'mag': 5.3}, {'lat': -16.567, 'long': 167.335, 'Time': Timestamp('2008-03-12 11:23:34'), 'mag': 6.4}, {'lat': -16.498, 'long': 167.179, 'Time': Timestamp('2008-03-12 11:30:15'), 'mag': 5.1}, {'lat': -16.544, 'long': 167.207, 'Time': Timestamp('2008-03-12 02:07:05'), 'mag': 5.3}, {'lat': -16.567, 'long': 167.335, 'Time': Timestamp('2008-03-12 11:23:34'), 'mag': 6.4}, {'lat': -16.498, 'long': 167.179, 'Time': Timestamp('2008-03-12 11:30:15'), 'mag': 5.1}]",9,2008-03-12 02:07:05,RDM_df_train_30D-22SW-tw12_w9.csv,2.561471666666667
692,2007-08-10 22:41:23.645,1,"[{'lat': -30.545, 'long': -177.411, 'Time': Timestamp('2007-08-11 00:26:52'), 'mag': 5.0}]",1,2007-08-11 00:26:52,RDM_df_train_30D-22SW-tw12_w9.csv,1.7578763888888889
1650,2008-02-18 01:04:22.641,1,"[{'lat': -21.619, 'long': 170.372, 'Time': Timestamp('2008-02-18 09:54:23'), 'mag': 5.3}, {'lat': -3.627, 'long': 135.51, 'Time': Timestamp('2008-02-18 09:37:24'), 'mag': 5.0}, {'lat': -3.627, 'long': 135.51, 'Time': Timestamp('2008-02-18 09:37:24'), 'mag': 5.0}, {'lat': -3.627, 'long': 135.51, 'Time': Timestamp('2008-02-18 09:37:24'), 'mag': 5.0}]",4,2008-02-18 09:54:23,RDM_df_train_30D-22SW-tw12_w9.csv,8.833433055555556
1919,2008-04-22 13:36:23.529,1,"[{'lat': -25.76, 'long': -45.469, 'Time': Timestamp('2008-04-23 00:00:47'), 'mag': 5.2}, {'lat': -25.76, 'long': -45.469, 'Time': Timestamp('2008-04-23 00:00:47'), 'mag': 5.2}, {'lat': -25.76, 'long': -45.469, 'Time': Timestamp('2008-04-23 00:00:47'), 'mag': 5.2}]",3,2008-04-23 00:00:47,RDM_df_train_30D-22SW-tw12_w9.csv,10.406519722222221
583,2007-08-06 08:04:27.462,1,"[{'lat': 2.481, 'long': 66.274, 'Time': Timestamp('2007-08-06 09:32:28'), 'mag': 5.3}, {'lat': 2.523, 'long': 66.295, 'Time': Timestamp('2007-08-06 10:07:44'), 'mag': 5.1}, {'lat': 2.481, 'long': 66.274, 'Time': Timestamp('2007-08-06 09:32:28'), 'mag': 5.3}, {'lat': 2.523, 'long': 66.295, 'Time': Timestamp('2007-08-06 10:07:44'), 'mag': 5.1}, {'lat': 2.481, 'long': 66.274, 'Time': Timestamp('2007-08-06 09:32:28'), 'mag': 5.3}, {'lat': 2.523, 'long': 66.295, 'Time': Timestamp('2007-08-06 10:07:44'), 'mag': 5.1}]",6,2007-08-06 09:32:28,RDM_df_train_30D-22SW-tw12_w9.csv,1.466816111111111
1166,2007-11-23 10:24:22.494,1,"[{'lat': -53.27, 'long': 9.426, 'Time': Timestamp('2007-11-23 19:18:47'), 'mag': 5.5}]",1,2007-11-23 19:18:47,RDM_df_train_30D-22SW-tw12_w9.csv,8.906807222222223
1762,2008-03-21 17:53:53.241,1,"[{'lat': -8.699, 'long': -109.517, 'Time': Timestamp('2008-03-21 20:36:14'), 'mag': 5.2}, {'lat': -8.699, 'long': -109.517, 'Time': Timestamp('2008-03-21 20:36:14'), 'mag': 5.2}, {'lat': -8.699, 'long': -109.517, 'Time': Timestamp('2008-03-21 20:36:14'), 'mag': 5.2}]",3,2008-03-21 20:36:14,RDM_df_train_30D-22SW-tw12_w9.csv,2.7057663888888888
512,2007-07-21 01:24:17.804,1,"[{'lat': 46.942, 'long': 156.588, 'Time': Timestamp('2007-07-21 01:50:02'), 'mag': 5.0}, {'lat': 46.942, 'long': 156.588, 'Time': Timestamp('2007-07-21 01:50:02'), 'mag': 5.0}]",2,2007-07-21 01:50:02,RDM_df_train_30D-22SW-tw12_w9.csv,0.4289433333333333
352,2007-06-21 01:17:52.656,1,"[{'lat': -18.122, 'long': 168.234, 'Time': Timestamp('2007-06-21 12:40:12'), 'mag': 5.0}, {'lat': -18.122, 'long': 168.234, 'Time': Timestamp('2007-06-21 12:40:12'), 'mag': 5.0}, {'lat': 46.483, 'long': 153.316, 'Time': Timestamp('2007-06-21 04:39:16'), 'mag': 5.3}, {'lat': 46.483, 'long': 153.316, 'Time': Timestamp('2007-06-21 04:39:16'), 'mag': 5.3}, {'lat': 46.483, 'long': 153.316, 'Time': Timestamp('2007-06-21 04:39:16'), 'mag': 5.3}]",5,2007-06-21 12:40:12,RDM_df_train_30D-22SW-tw12_w9.csv,11.372039999999998
1105,2007-11-15 11:20:23.671,1,"[{'lat': -56.313, 'long': -26.635, 'Time': Timestamp('2007-11-15 12:42:36'), 'mag': 5.0}, {'lat': -56.313, 'long': -26.635, 'Time': Timestamp('2007-11-15 12:42:36'), 'mag': 5.0}]",2,2007-11-15 12:42:36,RDM_df_train_30D-22SW-tw12_w9.csv,1.3700913888888888
1738,2008-03-21 19:06:53.690,1,"[{'lat': -8.699, 'long': -109.517, 'Time': Timestamp('2008-03-21 20:36:14'), 'mag': 5.2}, {'lat': -8.699, 'long': -109.517, 'Time': Timestamp('2008-03-21 20:36:14'), 'mag': 5.2}, {'lat': -8.699, 'long': -109.517, 'Time': Timestamp('2008-03-21 20:36:14'), 'mag': 5.2}]",3,2008-03-21 20:36:14,RDM_df_train_30D-22SW-tw12_w9.csv,1.4889750000000002
945,2007-10-05 21:38:50.633,1,"[{'lat': -23.244, 'long': -177.181, 'Time': Timestamp('2007-10-06 03:03:36'), 'mag': 5.3}, {'lat': -23.244, 'long': -177.181, 'Time': Timestamp('2007-10-06 03:03:36'), 'mag': 5.3}, {'lat': -23.244, 'long': -177.181, 'Time': Timestamp('2007-10-06 03:03:36'), 'mag': 5.3}]",3,2007-10-06 03:03:36,RDM_df_train_30D-22SW-tw12_w9.csv,5.412601944444444
782,2007-09-13 23:11:20.811,1,"[{'lat': -15.464, 'long': -176.184, 'Time': Timestamp('2007-09-14 05:46:45'), 'mag': 5.7}, {'lat': -15.464, 'long': -176.184, 'Time': Timestamp('2007-09-14 05:46:45'), 'mag': 5.7}, {'lat': -15.464, 'long': -176.184, 'Time': Timestamp('2007-09-14 05:46:45'), 'mag': 5.7}]",3,2007-09-14 05:46:45,RDM_df_train_30D-22SW-tw12_w9.csv,6.5900525
1890,2008-04-08 23:33:23.220,1,"[{'lat': -20.175, 'long': 168.861, 'Time': Timestamp('2008-04-09 11:13:17'), 'mag': 6.4}, {'lat': -20.185, 'long': 168.905, 'Time': Timestamp('2008-04-09 11:23:40'), 'mag': 6.3}, {'lat': -20.175, 'long': 168.861, 'Time': Timestamp('2008-04-09 11:13:17'), 'mag': 6.4}, {'lat': -20.185, 'long': 168.905, 'Time': Timestamp('2008-04-09 11:23:40'), 'mag': 6.3}]",4,2008-04-09 11:13:17,RDM_df_train_30D-22SW-tw12_w9.csv,11.664938888888889
339,2007-06-23 09:34:23.506,1,"[{'lat': -12.183, 'long': 46.476, 'Time': Timestamp('2007-06-23 11:54:54'), 'mag': 5.1}, {'lat': -12.183, 'long': 46.476, 'Time': Timestamp('2007-06-23 11:54:54'), 'mag': 5.1}]",2,2007-06-23 11:54:54,RDM_df_train_30D-22SW-tw12_w9.csv,2.3418038888888892
1536,2008-01-26 00:16:23.806,1,"[{'lat': -22.534, 'long': 173.263, 'Time': Timestamp('2008-01-26 04:00:14'), 'mag': 5.1}, {'lat': -22.534, 'long': 173.263, 'Time': Timestamp('2008-01-26 04:00:14'), 'mag': 5.1}, {'lat': -22.534, 'long': 173.263, 'Time': Timestamp('2008-01-26 04:00:14'), 'mag': 5.1}]",3,2008-01-26 04:00:14,RDM_df_train_30D-22SW-tw12_w9.csv,3.730609444444444
790,2007-08-31 09:29:23.039,1,"[{'lat': 12.606, 'long': 47.989, 'Time': Timestamp('2007-08-31 21:09:44'), 'mag': 5.1}, {'lat': 12.606, 'long': 47.989, 'Time': Timestamp('2007-08-31 21:09:44'), 'mag': 5.1}, {'lat': 12.606, 'long': 47.989, 'Time': Timestamp('2007-08-31 21:09:44'), 'mag': 5.1}, {'lat': 36.655, 'long': 26.272, 'Time': Timestamp('2007-08-31 20:52:43'), 'mag': 5.2}, {'lat': 36.655, 'long': 26.272, 'Time': Timestamp('2007-08-31 20:52:43'), 'mag': 5.2}, {'lat': 36.655, 'long': 26.272, 'Time': Timestamp('2007-08-31 20:52:43'), 'mag': 5.2}]",6,2007-08-31 21:09:44,RDM_df_train_30D-22SW-tw12_w9.csv,11.672489166666667
538,2007-07-24 07:14:58.677,1,"[{'lat': 27.64, 'long': 56.14, 'Time': Timestamp('2007-07-24 10:08:06'), 'mag': 5.0}, {'lat': 27.64, 'long': 56.14, 'Time': Timestamp('2007-07-24 10:08:06'), 'mag': 5.0}, {'lat': 27.64, 'long': 56.14, 'Time': Timestamp('2007-07-24 10:08:06'), 'mag': 5.0}]",3,2007-07-24 10:08:06,RDM_df_train_30D-22SW-tw12_w9.csv,2.8853675
1502,2008-01-19 08:38:21.798,1,"[{'lat': 36.428, 'long': 70.767, 'Time': Timestamp('2008-01-19 19:24:59'), 'mag': 5.2}]",1,2008-01-19 19:24:59,RDM_df_train_30D-22SW-tw12_w9.csv,10.777000555555555
776,2007-09-01 19:27:23.176,1,"[{'lat': 24.502, 'long': -109.915, 'Time': Timestamp('2007-09-01 23:35:26'), 'mag': 5.0}, {'lat': 24.502, 'long': -109.915, 'Time': Timestamp('2007-09-01 23:35:26'), 'mag': 5.0}, {'lat': 24.502, 'long': -109.915, 'Time': Timestamp('2007-09-01 23:35:26'), 'mag': 5.0}]",3,2007-09-01 23:35:26,RDM_df_train_30D-22SW-tw12_w9.csv,4.134117777777778
604,2007-08-06 00:18:23.369,1,"[{'lat': -2.75, 'long': 141.606, 'Time': Timestamp('2007-08-06 00:26:35'), 'mag': 5.4}, {'lat': -2.911, 'long': 141.554, 'Time': Timestamp('2007-08-06 07:47:45'), 'mag': 5.0}, {'lat': -2.75, 'long': 141.606, 'Time': Timestamp('2007-08-06 00:26:35'), 'mag': 5.4}, {'lat': -2.911, 'long': 141.554, 'Time': Timestamp('2007-08-06 07:47:45'), 'mag': 5.0}]",4,2007-08-06 00:26:35,RDM_df_train_30D-22SW-tw12_w9.csv,0.13656416666666665
917,2007-10-07 01:36:53.447,1,"[{'lat': 35.567, 'long': 140.505, 'Time': Timestamp('2007-10-07 13:36:06'), 'mag': 5.0}, {'lat': 35.567, 'long': 140.505, 'Time': Timestamp('2007-10-07 13:36:06'), 'mag': 5.0}, {'lat': 35.567, 'long': 140.505, 'Time': Timestamp('2007-10-07 13:36:06'), 'mag': 5.0}]",3,2007-10-07 13:36:06,RDM_df_train_30D-22SW-tw12_w9.csv,11.986820277777777
652,2007-08-04 14:15:23.821,1,"[{'lat': -22.268, 'long': -68.349, 'Time': Timestamp('2007-08-04 17:56:59'), 'mag': 5.3}, {'lat': -22.268, 'long': -68.349, 'Time': Timestamp('2007-08-04 17:56:59'), 'mag': 5.3}, {'lat': -22.268, 'long': -68.349, 'Time': Timestamp('2007-08-04 17:56:59'), 'mag': 5.3}]",3,2007-08-04 17:56:59,RDM_df_train_30D-22SW-tw12_w9.csv,3.6931052777777778
49,2007-04-17 16:54:22.450,1,"[{'lat': -24.082, 'long': -66.626, 'Time': Timestamp('2007-04-18 01:08:08'), 'mag': 5.6}, {'lat': -24.082, 'long': -66.626, 'Time': Timestamp('2007-04-18 01:08:08'), 'mag': 5.6}, {'lat': -24.082, 'long': -66.626, 'Time': Timestamp('2007-04-18 01:08:08'), 'mag': 5.6}]",3,2007-04-18 01:08:08,RDM_df_train_30D-22SW-tw12_w9.csv,8.229319444444444
1850,2008-03-24 06:54:56.820,1,"[{'lat': 35.6, 'long': 81.644, 'Time': Timestamp('2008-03-24 07:58:32'), 'mag': 5.1}, {'lat': 35.6, 'long': 81.644, 'Time': Timestamp('2008-03-24 07:58:32'), 'mag': 5.1}, {'lat': 35.6, 'long': 81.644, 'Time': Timestamp('2008-03-24 07:58:32'), 'mag': 5.1}]",3,2008-03-24 07:58:32,RDM_df_train_30D-22SW-tw12_w9.csv,1.0597722222222221
129,2007-05-01 01:35:53.334,1,"[{'lat': -7.168, 'long': 155.107, 'Time': Timestamp('2007-05-01 01:45:23'), 'mag': 5.8}, {'lat': -7.168, 'long': 155.107, 'Time': Timestamp('2007-05-01 01:45:23'), 'mag': 5.8}, {'lat': -7.168, 'long': 155.107, 'Time': Timestamp('2007-05-01 01:45:23'), 'mag': 5.8}]",3,2007-05-01 01:45:23,RDM_df_train_30D-22SW-tw12_w9.csv,0.15824055555555558
1319,2007-12-06 17:06:23.186,1,"[{'lat': -13.516, 'long': -76.656, 'Time': Timestamp('2007-12-07 01:41:01'), 'mag': 5.6}, {'lat': -13.516, 'long': -76.656, 'Time': Timestamp('2007-12-07 01:41:01'), 'mag': 5.6}, {'lat': -13.516, 'long': -76.656, 'Time': Timestamp('2007-12-07 01:41:01'), 'mag': 5.6}]",3,2007-12-07 01:41:01,RDM_df_train_30D-22SW-tw12_w9.csv,8.577170555555556
703,2007-09-06 18:50:53.512,1,"[{'lat': -56.081, 'long': -123.314, 'Time': Timestamp('2007-09-07 04:46:45'), 'mag': 5.9}, {'lat': -56.081, 'long': -123.314, 'Time': Timestamp('2007-09-07 04:46:45'), 'mag': 5.9}]",2,2007-09-07 04:46:45,RDM_df_train_30D-22SW-tw12_w9.csv,9.930968888888888
1792,2008-03-28 15:33:21.037,1,"[{'lat': -43.078, 'long': -74.102, 'Time': Timestamp('2008-03-29 01:34:35'), 'mag': 5.1}, {'lat': 6.685, 'long': -72.916, 'Time': Timestamp('2008-03-28 16:35:56'), 'mag': 5.0}, {'lat': 6.685, 'long': -72.916, 'Time': Timestamp('2008-03-28 16:35:56'), 'mag': 5.0}, {'lat': 6.685, 'long': -72.916, 'Time': Timestamp('2008-03-28 16:35:56'), 'mag': 5.0}]",4,2008-03-29 01:34:35,RDM_df_train_30D-22SW-tw12_w9.csv,10.020545277777778
963,2007-10-12 01:18:21.598,1,"[{'lat': -5.694, 'long': 146.072, 'Time': Timestamp('2007-10-12 11:33:33'), 'mag': 5.0}, {'lat': -5.694, 'long': 146.072, 'Time': Timestamp('2007-10-12 11:33:33'), 'mag': 5.0}]",2,2007-10-12 11:33:33,RDM_df_train_30D-22SW-tw12_w9.csv,10.253167222222222
817,2007-09-16 19:45:24.023,1,"[{'lat': 24.489, 'long': -109.85, 'Time': Timestamp('2007-09-17 00:16:31'), 'mag': 5.4}, {'lat': 24.489, 'long': -109.85, 'Time': Timestamp('2007-09-17 00:16:31'), 'mag': 5.4}, {'lat': 24.489, 'long': -109.85, 'Time': Timestamp('2007-09-17 00:16:31'), 'mag': 5.4}]",3,2007-09-17 00:16:31,RDM_df_train_30D-22SW-tw12_w9.csv,4.518604722222222
453,2007-07-20 06:06:54.517,1,"[{'lat': 42.913, 'long': 82.378, 'Time': Timestamp('2007-07-20 10:06:52'), 'mag': 5.6}, {'lat': 42.913, 'long': 82.378, 'Time': Timestamp('2007-07-20 10:06:52'), 'mag': 5.6}, {'lat': 42.913, 'long': 82.378, 'Time': Timestamp('2007-07-20 10:06:52'), 'mag': 5.6}]",3,2007-07-20 10:06:52,RDM_df_train_30D-22SW-tw12_w9.csv,3.9993008333333333
875,2007-09-25 17:13:23.473,1,"[{'lat': -3.918, 'long': -79.208, 'Time': Timestamp('2007-09-26 04:43:17'), 'mag': 5.9}, {'lat': -3.918, 'long': -79.208, 'Time': Timestamp('2007-09-26 04:43:17'), 'mag': 5.9}, {'lat': -3.918, 'long': -79.208, 'Time': Timestamp('2007-09-26 04:43:17'), 'mag': 5.9}]",3,2007-09-26 04:43:17,RDM_df_train_30D-22SW-tw12_w9.csv,11.498201944444444
1810,2008-03-16 08:14:49.444,1,"[{'lat': -45.518, 'long': 34.902, 'Time': Timestamp('2008-03-16 15:09:20'), 'mag': 5.0}, {'lat': -45.518, 'long': 34.902, 'Time': Timestamp('2008-03-16 15:09:20'), 'mag': 5.0}]",2,2008-03-16 15:09:20,RDM_df_train_30D-22SW-tw12_w9.csv,6.908487777777778
1307,2007-12-06 07:51:25.116,1,"[{'lat': -9.365, 'long': 66.909, 'Time': Timestamp('2007-12-06 10:25:45'), 'mag': 5.4}, {'lat': -9.365, 'long': 66.909, 'Time': Timestamp('2007-12-06 10:25:45'), 'mag': 5.4}, {'lat': -9.365, 'long': 66.909, 'Time': Timestamp('2007-12-06 10:25:45'), 'mag': 5.4}]",3,2007-12-06 10:25:45,RDM_df_train_30D-22SW-tw12_w9.csv,2.57219
123,2007-05-23 23:28:23.873,1,"[{'lat': -9.228, 'long': 157.433, 'Time': Timestamp('2007-05-24 01:06:58'), 'mag': 5.5}, {'lat': -9.228, 'long': 157.433, 'Time': Timestamp('2007-05-24 01:06:58'), 'mag': 5.5}, {'lat': -9.228, 'long': 157.433, 'Time': Timestamp('2007-05-24 01:06:58'), 'mag': 5.5}]",3,2007-05-24 01:06:58,RDM_df_train_30D-22SW-tw12_w9.csv,1.6428130555555556
1235,2007-11-22 07:14:26.741,1,"[{'lat': -15.074, 'long': 66.878, 'Time': Timestamp('2007-11-22 16:24:09'), 'mag': 5.0}, {'lat': -15.074, 'long': 66.878, 'Time': Timestamp('2007-11-22 16:24:09'), 'mag': 5.0}, {'lat': -15.074, 'long': 66.878, 'Time': Timestamp('2007-11-22 16:24:09'), 'mag': 5.0}]",3,2007-11-22 16:24:09,RDM_df_train_30D-22SW-tw12_w9.csv,9.16173861111111
182,2007-06-04 01:48:20.371,1,"[{'lat': -4.402, 'long': 123.433, 'Time': Timestamp('2007-06-04 12:48:01'), 'mag': 5.0}, {'lat': -4.402, 'long': 123.433, 'Time': Timestamp('2007-06-04 12:48:01'), 'mag': 5.0}, {'lat': -4.402, 'long': 123.433, 'Time': Timestamp('2007-06-04 12:48:01'), 'mag': 5.0}]",3,2007-06-04 12:48:01,RDM_df_train_30D-22SW-tw12_w9.csv,10.994619166666666
1661,2008-02-19 19:36:53.584,1,"[{'lat': 29.785, 'long': -114.063, 'Time': Timestamp('2008-02-19 20:24:27'), 'mag': 5.1}, {'lat': 32.4325, 'long': -115.313, 'Time': Timestamp('2008-02-19 22:41:29'), 'mag': 5.01}, {'lat': 29.785, 'long': -114.063, 'Time': Timestamp('2008-02-19 20:24:27'), 'mag': 5.1}, {'lat': 32.4325, 'long': -115.313, 'Time': Timestamp('2008-02-19 22:41:29'), 'mag': 5.01}, {'lat': 29.785, 'long': -114.063, 'Time': Timestamp('2008-02-19 20:24:27'), 'mag': 5.1}, {'lat': 32.4325, 'long': -115.313, 'Time': Timestamp('2008-02-19 22:41:29'), 'mag': 5.01}]",6,2008-02-19 20:24:27,RDM_df_train_30D-22SW-tw12_w9.csv,0.7926155555555556
538,2007-07-24 07:14:58.677,1,"[{'lat': 27.64, 'long': 56.14, 'Time': Timestamp('2007-07-24 10:08:06'), 'mag': 5.0}, {'lat': 27.64, 'long': 56.14, 'Time': Timestamp('2007-07-24 10:08:06'), 'mag': 5.0}, {'lat': 27.64, 'long': 56.14, 'Time': Timestamp('2007-07-24 10:08:06'), 'mag': 5.0}]",3,2007-07-24 10:08:06,RDM_df_train_30D-22SW-tw12_w9.csv,2.8853675
1814,2008-03-21 02:11:25.161,1,"[{'lat': 33.006, 'long': 141.58, 'Time': Timestamp('2008-03-21 12:56:01'), 'mag': 5.0}, {'lat': 12.558, 'long': 141.835, 'Time': Timestamp('2008-03-21 10:20:22'), 'mag': 5.0}, {'lat': 12.558, 'long': 141.835, 'Time': Timestamp('2008-03-21 10:20:22'), 'mag': 5.0}, {'lat': 12.558, 'long': 141.835, 'Time': Timestamp('2008-03-21 10:20:22'), 'mag': 5.0}, {'lat': 33.006, 'long': 141.58, 'Time': Timestamp('2008-03-21 12:56:01'), 'mag': 5.0}]",5,2008-03-21 12:56:01,RDM_df_train_30D-22SW-tw12_w9.csv,10.743288611111112
795,2007-09-12 01:49:24.523,1,"[{'lat': -0.88, 'long': 146.57, 'Time': Timestamp('2007-09-12 01:55:44'), 'mag': 5.1}, {'lat': -0.88, 'long': 146.57, 'Time': Timestamp('2007-09-12 01:55:44'), 'mag': 5.1}, {'lat': -0.88, 'long': 146.57, 'Time': Timestamp('2007-09-12 01:55:44'), 'mag': 5.1}]",3,2007-09-12 01:55:44,RDM_df_train_30D-22SW-tw12_w9.csv,0.10541027777777777
229,2007-06-11 10:48:54.928,1,"[{'lat': -35.687, 'long': -16.144, 'Time': Timestamp('2007-06-11 17:13:44'), 'mag': 5.5}, {'lat': -35.687, 'long': -16.144, 'Time': Timestamp('2007-06-11 17:13:44'), 'mag': 5.5}, {'lat': -35.687, 'long': -16.144, 'Time': Timestamp('2007-06-11 17:13:44'), 'mag': 5.5}]",3,2007-06-11 17:13:44,RDM_df_train_30D-22SW-tw12_w9.csv,6.413631111111111
1794,2008-04-02 06:42:26.220,1,"[{'lat': -4.879, 'long': 69.239, 'Time': Timestamp('2008-04-02 14:36:10'), 'mag': 5.7}, {'lat': -4.879, 'long': 69.239, 'Time': Timestamp('2008-04-02 14:36:10'), 'mag': 5.7}]",2,2008-04-02 14:36:10,RDM_df_train_30D-22SW-tw12_w9.csv,7.895494444444444
963,2007-10-12 01:18:21.598,1,"[{'lat': -5.694, 'long': 146.072, 'Time': Timestamp('2007-10-12 11:33:33'), 'mag': 5.0}, {'lat': -5.694, 'long': 146.072, 'Time': Timestamp('2007-10-12 11:33:33'), 'mag': 5.0}]",2,2007-10-12 11:33:33,RDM_df_train_30D-22SW-tw12_w9.csv,10.253167222222222
918,2007-10-10 06:31:55.704,1,"[{'lat': 9.702, 'long': 91.8, 'Time': Timestamp('2007-10-10 12:25:36'), 'mag': 5.2}, {'lat': 9.702, 'long': 91.8, 'Time': Timestamp('2007-10-10 12:25:36'), 'mag': 5.2}, {'lat': 9.702, 'long': 91.8, 'Time': Timestamp('2007-10-10 12:25:36'), 'mag': 5.2}]",3,2007-10-10 12:25:36,RDM_df_train_30D-22SW-tw12_w9.csv,5.894526666666666
84,2007-05-06 12:16:23.308,1,"[{'lat': -7.666, 'long': -13.563, 'Time': Timestamp('2007-05-06 17:44:40'), 'mag': 5.0}, {'lat': -7.666, 'long': -13.563, 'Time': Timestamp('2007-05-06 17:44:40'), 'mag': 5.0}]",2,2007-05-06 17:44:40,RDM_df_train_30D-22SW-tw12_w9.csv,5.471303333333333
567,2007-07-24 08:10:43.669,1,"[{'lat': 27.64, 'long': 56.14, 'Time': Timestamp('2007-07-24 10:08:06'), 'mag': 5.0}, {'lat': 27.64, 'long': 56.14, 'Time': Timestamp('2007-07-24 10:08:06'), 'mag': 5.0}, {'lat': 27.64, 'long': 56.14, 'Time': Timestamp('2007-07-24 10:08:06'), 'mag': 5.0}]",3,2007-07-24 10:08:06,RDM_df_train_30D-22SW-tw12_w9.csv,1.9562030555555556
1173,2007-11-20 14:14:23.753,1,"[{'lat': 13.359, 'long': -44.831, 'Time': Timestamp('2007-11-21 00:37:55'), 'mag': 5.0}, {'lat': 13.359, 'long': -44.831, 'Time': Timestamp('2007-11-21 00:37:55'), 'mag': 5.0}, {'lat': 13.359, 'long': -44.831, 'Time': Timestamp('2007-11-21 00:37:55'), 'mag': 5.0}, {'lat': -23.147, 'long': -70.392, 'Time': Timestamp('2007-11-20 16:44:28'), 'mag': 5.4}, {'lat': -22.917, 'long': -70.483, 'Time': Timestamp('2007-11-20 17:55:51'), 'mag': 6.1}, {'lat': -23.209, 'long': -70.648, 'Time': Timestamp('2007-11-20 20:55:28'), 'mag': 5.0}, {'lat': -23.147, 'long': -70.392, 'Time': Timestamp('2007-11-20 16:44:28'), 'mag': 5.4}, {'lat': -22.917, 'long': -70.483, 'Time': Timestamp('2007-11-20 17:55:51'), 'mag': 6.1}, {'lat': -23.209, 'long': -70.648, 'Time': Timestamp('2007-11-20 20:55:28'), 'mag': 5.0}]",9,2007-11-21 00:37:55,RDM_df_train_30D-22SW-tw12_w9.csv,10.392013055555557
1671,2008-02-23 12:27:23.253,1,"[{'lat': -57.335, 'long': -23.433, 'Time': Timestamp('2008-02-23 15:57:20'), 'mag': 6.8}, {'lat': -57.028, 'long': -23.528, 'Time': Timestamp('2008-02-23 17:58:24'), 'mag': 5.0}, {'lat': -57.335, 'long': -23.433, 'Time': Timestamp('2008-02-23 15:57:20'), 'mag': 6.8}, {'lat': -57.028, 'long': -23.528, 'Time': Timestamp('2008-02-23 17:58:24'), 'mag': 5.0}, {'lat': 40.684, 'long': -29.34, 'Time': Timestamp('2008-02-23 12:35:31'), 'mag': 5.1}, {'lat': 40.684, 'long': -29.34, 'Time': Timestamp('2008-02-23 12:35:31'), 'mag': 5.1}]",6,2008-02-23 15:57:20,RDM_df_train_30D-22SW-tw12_w9.csv,3.499096388888889
658,2007-08-22 21:15:21.410,1,"[{'lat': -16.397, 'long': -177.498, 'Time': Timestamp('2007-08-22 22:24:36'), 'mag': 5.4}]",1,2007-08-22 22:24:36,RDM_df_train_30D-22SW-tw12_w9.csv,1.1540527777777778
1156,2007-11-26 17:36:53.536,1,"[{'lat': 15.28, 'long': -93.363, 'Time': Timestamp('2007-11-26 17:41:40'), 'mag': 5.7}, {'lat': 18.654, 'long': -101.703, 'Time': Timestamp('2007-11-26 21:56:12'), 'mag': 5.8}, {'lat': 15.28, 'long': -93.363, 'Time': Timestamp('2007-11-26 17:41:40'), 'mag': 5.7}, {'lat': 18.654, 'long': -101.703, 'Time': Timestamp('2007-11-26 21:56:12'), 'mag': 5.8}]",4,2007-11-26 17:41:40,RDM_df_train_30D-22SW-tw12_w9.csv,0.07957333333333333
1518,2008-01-28 00:22:21.052,1,"[{'lat': 49.666, 'long': 155.859, 'Time': Timestamp('2008-01-28 04:05:13'), 'mag': 5.0}, {'lat': 49.666, 'long': 155.859, 'Time': Timestamp('2008-01-28 04:05:13'), 'mag': 5.0}, {'lat': 49.666, 'long': 155.859, 'Time': Timestamp('2008-01-28 04:05:13'), 'mag': 5.0}]",3,2008-01-28 04:05:13,RDM_df_train_30D-22SW-tw12_w9.csv,3.71443
1312,2007-12-18 14:57:21.292,1,"[{'lat': 19.198, 'long': -64.648, 'Time': Timestamp('2007-12-19 01:57:23'), 'mag': 5.3}, {'lat': 19.198, 'long': -64.648, 'Time': Timestamp('2007-12-19 01:57:23'), 'mag': 5.3}]",2,2007-12-19 01:57:23,RDM_df_train_30D-22SW-tw12_w9.csv,11.000474444444444
696,2007-08-28 18:20:53.112,1,"[{'lat': -0.462, 'long': -91.22, 'Time': Timestamp('2007-08-28 22:46:39'), 'mag': 5.2}, {'lat': -0.462, 'long': -91.22, 'Time': Timestamp('2007-08-28 22:46:39'), 'mag': 5.2}, {'lat': -0.462, 'long': -91.22, 'Time': Timestamp('2007-08-28 22:46:39'), 'mag': 5.2}]",3,2007-08-28 22:46:39,RDM_df_train_30D-22SW-tw12_w9.csv,4.429413333333334
1486,2008-01-26 00:34:47.939,1,"[{'lat': -22.534, 'long': 173.263, 'Time': Timestamp('2008-01-26 04:00:14'), 'mag': 5.1}, {'lat': -22.534, 'long': 173.263, 'Time': Timestamp('2008-01-26 04:00:14'), 'mag': 5.1}, {'lat': -22.534, 'long': 173.263, 'Time': Timestamp('2008-01-26 04:00:14'), 'mag': 5.1}]",3,2008-01-26 04:00:14,RDM_df_train_30D-22SW-tw12_w9.csv,3.4239058333333334
1303,2007-12-25 13:55:53.858,1,"[{'lat': -19.445, 'long': -69.048, 'Time': Timestamp('2007-12-25 16:20:52'), 'mag': 5.8}]",1,2007-12-25 16:20:52,RDM_df_train_30D-22SW-tw12_w9.csv,2.4161505555555554
1546,2008-02-08 01:16:51.142,1,"[{'lat': 9.465, 'long': 138.214, 'Time': Timestamp('2008-02-08 07:05:40'), 'mag': 5.4}, {'lat': 9.465, 'long': 138.214, 'Time': Timestamp('2008-02-08 07:05:40'), 'mag': 5.4}, {'lat': 9.465, 'long': 138.214, 'Time': Timestamp('2008-02-08 07:05:40'), 'mag': 5.4}]",3,2008-02-08 07:05:40,RDM_df_train_30D-22SW-tw12_w9.csv,5.813571666666666
647,2007-08-09 17:01:23.474,1,"[{'lat': -50.25, 'long': -115.75, 'Time': Timestamp('2007-08-09 18:59:12'), 'mag': 5.1}, {'lat': -50.25, 'long': -115.75, 'Time': Timestamp('2007-08-09 18:59:12'), 'mag': 5.1}, {'lat': -50.25, 'long': -115.75, 'Time': Timestamp('2007-08-09 18:59:12'), 'mag': 5.1}]",3,2007-08-09 18:59:12,RDM_df_train_30D-22SW-tw12_w9.csv,1.9634794444444443
1353,2007-12-19 16:54:23.640,1,"[{'lat': -32.713, 'long': -71.788, 'Time': Timestamp('2007-12-20 03:06:56'), 'mag': 5.5}, {'lat': -32.713, 'long': -71.788, 'Time': Timestamp('2007-12-20 03:06:56'), 'mag': 5.5}, {'lat': -32.713, 'long': -71.788, 'Time': Timestamp('2007-12-20 03:06:56'), 'mag': 5.5}]",3,2007-12-20 03:06:56,RDM_df_train_30D-22SW-tw12_w9.csv,10.20898888888889
1543,2008-02-06 15:33:51.207,1,"[{'lat': 15.003, 'long': -60.407, 'Time': Timestamp('2008-02-06 18:37:57'), 'mag': 5.3}]",1,2008-02-06 18:37:57,RDM_df_train_30D-22SW-tw12_w9.csv,3.0682758333333333
882,2007-09-28 00:11:53.980,1,"[{'lat': -21.28, 'long': 169.26, 'Time': Timestamp('2007-09-28 00:44:47'), 'mag': 5.7}, {'lat': -21.207, 'long': 169.362, 'Time': Timestamp('2007-09-28 01:01:49'), 'mag': 6.3}, {'lat': -21.074, 'long': 169.323, 'Time': Timestamp('2007-09-28 01:25:15'), 'mag': 5.4}, {'lat': -21.133, 'long': 169.373, 'Time': Timestamp('2007-09-28 01:35:51'), 'mag': 6.5}, {'lat': -21.901, 'long': 169.342, 'Time': Timestamp('2007-09-28 01:44:02'), 'mag': 5.3}, {'lat': -21.246, 'long': 169.403, 'Time': Timestamp('2007-09-28 01:50:59'), 'mag': 5.5}, {'lat': -21.138, 'long': 169.325, 'Time': Timestamp('2007-09-28 02:01:33'), 'mag': 5.0}, {'lat': -21.251, 'long': 169.394, 'Time': Timestamp('2007-09-28 02:20:04'), 'mag': 5.1}, {'lat': -21.049, 'long': 169.305, 'Time': Timestamp('2007-09-28 02:36:23'), 'mag': 5.0}, {'lat': -21.238, 'long': 169.407, 'Time': Timestamp('2007-09-28 08:21:22'), 'mag': 5.5}, {'lat': -21.168, 'long': 169.408, 'Time': Timestamp('2007-09-28 10:12:18'), 'mag': 5.0}, {'lat': -21.53, 'long': 169.259, 'Time': Timestamp('2007-09-28 10:40:35'), 'mag': 5.2}, {'lat': -21.402, 'long': 169.193, 'Time': Timestamp('2007-09-28 11:12:40'), 'mag': 5.8}, {'lat': -21.329, 'long': 169.141, 'Time': Timestamp('2007-09-28 11:16:39'), 'mag': 5.9}, {'lat': -21.28, 'long': 169.26, 'Time': Timestamp('2007-09-28 00:44:47'), 'mag': 5.7}, {'lat': -21.207, 'long': 169.362, 'Time': Timestamp('2007-09-28 01:01:49'), 'mag': 6.3}, {'lat': -21.074, 'long': 169.323, 'Time': Timestamp('2007-09-28 01:25:15'), 'mag': 5.4}, {'lat': -21.133, 'long': 169.373, 'Time': Timestamp('2007-09-28 01:35:51'), 'mag': 6.5}, {'lat': -21.901, 'long': 169.342, 'Time': Timestamp('2007-09-28 01:44:02'), 'mag': 5.3}, {'lat': -21.246, 'long': 169.403, 'Time': Timestamp('2007-09-28 01:50:59'), 'mag': 5.5}, {'lat': -21.138, 'long': 169.325, 'Time': Timestamp('2007-09-28 02:01:33'), 'mag': 5.0}, {'lat': -21.251, 'long': 169.394, 'Time': Timestamp('2007-09-28 02:20:04'), 'mag': 5.1}, {'lat': -21.049, 'long': 169.305, 'Time': Timestamp('2007-09-28 02:36:23'), 'mag': 5.0}, {'lat': -21.238, 'long': 169.407, 'Time': Timestamp('2007-09-28 08:21:22'), 'mag': 5.5}, {'lat': -21.168, 'long': 169.408, 'Time': Timestamp('2007-09-28 10:12:18'), 'mag': 5.0}, {'lat': -21.53, 'long': 169.259, 'Time': Timestamp('2007-09-28 10:40:35'), 'mag': 5.2}, {'lat': -21.402, 'long': 169.193, 'Time': Timestamp('2007-09-28 11:12:40'), 'mag': 5.8}, {'lat': -21.329, 'long': 169.141, 'Time': Timestamp('2007-09-28 11:16:39'), 'mag': 5.9}, {'lat': -21.28, 'long': 169.26, 'Time': Timestamp('2007-09-28 00:44:47'), 'mag': 5.7}, {'lat': -21.207, 'long': 169.362, 'Time': Timestamp('2007-09-28 01:01:49'), 'mag': 6.3}, {'lat': -21.074, 'long': 169.323, 'Time': Timestamp('2007-09-28 01:25:15'), 'mag': 5.4}, {'lat': -21.133, 'long': 169.373, 'Time': Timestamp('2007-09-28 01:35:51'), 'mag': 6.5}, {'lat': -21.901, 'long': 169.342, 'Time': Timestamp('2007-09-28 01:44:02'), 'mag': 5.3}, {'lat': -21.246, 'long': 169.403, 'Time': Timestamp('2007-09-28 01:50:59'), 'mag': 5.5}, {'lat': -21.138, 'long': 169.325, 'Time': Timestamp('2007-09-28 02:01:33'), 'mag': 5.0}, {'lat': -21.251, 'long': 169.394, 'Time': Timestamp('2007-09-28 02:20:04'), 'mag': 5.1}, {'lat': -21.049, 'long': 169.305, 'Time': Timestamp('2007-09-28 02:36:23'), 'mag': 5.0}, {'lat': -21.238, 'long': 169.407, 'Time': Timestamp('2007-09-28 08:21:22'), 'mag': 5.5}, {'lat': -21.168, 'long': 169.408, 'Time': Timestamp('2007-09-28 10:12:18'), 'mag': 5.0}, {'lat': -21.53, 'long': 169.259, 'Time': Timestamp('2007-09-28 10:40:35'), 'mag': 5.2}, {'lat': -21.402, 'long': 169.193, 'Time': Timestamp('2007-09-28 11:12:40'), 'mag': 5.8}, {'lat': -21.329, 'long': 169.141, 'Time': Timestamp('2007-09-28 11:16:39'), 'mag': 5.9}]",42,2007-09-28 00:44:47,RDM_df_train_30D-22SW-tw12_w9.csv,0.5480611111111111
1815,2008-03-16 07:06:54.583,1,"[{'lat': -45.518, 'long': 34.902, 'Time': Timestamp('2008-03-16 15:09:20'), 'mag': 5.0}, {'lat': -45.518, 'long': 34.902, 'Time': Timestamp('2008-03-16 15:09:20'), 'mag': 5.0}, {'lat': -45.518, 'long': 34.902, 'Time': Timestamp('2008-03-16 15:09:20'), 'mag': 5.0}]",3,2008-03-16 15:09:20,RDM_df_train_30D-22SW-tw12_w9.csv,8.040393611111112
647,2007-08-09 17:01:23.474,1,"[{'lat': -50.25, 'long': -115.75, 'Time': Timestamp('2007-08-09 18:59:12'), 'mag': 5.1}, {'lat': -50.25, 'long': -115.75, 'Time': Timestamp('2007-08-09 18:59:12'), 'mag': 5.1}, {'lat': -50.25, 'long': -115.75, 'Time': Timestamp('2007-08-09 18:59:12'), 'mag': 5.1}]",3,2007-08-09 18:59:12,RDM_df_train_30D-22SW-tw12_w9.csv,1.9634794444444443
499,2007-07-15 00:23:23.671,1,"[{'lat': -15.383, 'long': 168.597, 'Time': Timestamp('2007-07-15 09:27:34'), 'mag': 6.1}, {'lat': -15.383, 'long': 168.597, 'Time': Timestamp('2007-07-15 09:27:34'), 'mag': 6.1}, {'lat': -15.383, 'long': 168.597, 'Time': Timestamp('2007-07-15 09:27:34'), 'mag': 6.1}]",3,2007-07-15 09:27:34,RDM_df_train_30D-22SW-tw12_w9.csv,9.069535833333333
1518,2008-01-28 00:22:21.052,1,"[{'lat': 49.666, 'long': 155.859, 'Time': Timestamp('2008-01-28 04:05:13'), 'mag': 5.0}, {'lat': 49.666, 'long': 155.859, 'Time': Timestamp('2008-01-28 04:05:13'), 'mag': 5.0}, {'lat': 49.666, 'long': 155.859, 'Time': Timestamp('2008-01-28 04:05:13'), 'mag': 5.0}]",3,2008-01-28 04:05:13,RDM_df_train_30D-22SW-tw12_w9.csv,3.71443
1881,2008-04-02 14:56:18.563,1,"[{'lat': -28.64, 'long': -71.465, 'Time': Timestamp('2008-04-03 01:00:21'), 'mag': 5.1}, {'lat': -28.64, 'long': -71.465, 'Time': Timestamp('2008-04-03 01:00:21'), 'mag': 5.1}, {'lat': -28.64, 'long': -71.465, 'Time': Timestamp('2008-04-03 01:00:21'), 'mag': 5.1}]",3,2008-04-03 01:00:21,RDM_df_train_30D-22SW-tw12_w9.csv,10.067343611111111
888,2007-09-15 23:04:50.443,1,"[{'lat': -15.315, 'long': -173.401, 'Time': Timestamp('2007-09-16 04:00:49'), 'mag': 5.2}, {'lat': -15.315, 'long': -173.401, 'Time': Timestamp('2007-09-16 04:00:49'), 'mag': 5.2}, {'lat': -15.315, 'long': -173.401, 'Time': Timestamp('2007-09-16 04:00:49'), 'mag': 5.2}]",3,2007-09-16 04:00:49,RDM_df_train_30D-22SW-tw12_w9.csv,4.932932500000001
1581,2008-02-06 14:13:23.285,1,"[{'lat': 15.003, 'long': -60.407, 'Time': Timestamp('2008-02-06 18:37:57'), 'mag': 5.3}, {'lat': 15.003, 'long': -60.407, 'Time': Timestamp('2008-02-06 18:37:57'), 'mag': 5.3}, {'lat': 15.003, 'long': -60.407, 'Time': Timestamp('2008-02-06 18:37:57'), 'mag': 5.3}]",3,2008-02-06 18:37:57,RDM_df_train_30D-22SW-tw12_w9.csv,4.409365277777778
610,2007-08-15 00:48:23.769,1,"[{'lat': 14.087, 'long': 146.534, 'Time': Timestamp('2007-08-15 10:12:44'), 'mag': 5.3}, {'lat': 14.087, 'long': 146.534, 'Time': Timestamp('2007-08-15 10:12:44'), 'mag': 5.3}, {'lat': 14.087, 'long': 146.534, 'Time': Timestamp('2007-08-15 10:12:44'), 'mag': 5.3}]",3,2007-08-15 10:12:44,RDM_df_train_30D-22SW-tw12_w9.csv,9.405619722222221
717,2007-09-09 18:44:53.772,1,"[{'lat': 24.772, 'long': -109.732, 'Time': Timestamp('2007-09-10 00:20:18'), 'mag': 5.1}, {'lat': 24.772, 'long': -109.732, 'Time': Timestamp('2007-09-10 00:20:18'), 'mag': 5.1}, {'lat': 24.772, 'long': -109.732, 'Time': Timestamp('2007-09-10 00:20:18'), 'mag': 5.1}]",3,2007-09-10 00:20:18,RDM_df_train_30D-22SW-tw12_w9.csv,5.590063333333333
123,2007-05-23 23:28:23.873,1,"[{'lat': -9.228, 'long': 157.433, 'Time': Timestamp('2007-05-24 01:06:58'), 'mag': 5.5}, {'lat': -9.228, 'long': 157.433, 'Time': Timestamp('2007-05-24 01:06:58'), 'mag': 5.5}, {'lat': -9.228, 'long': 157.433, 'Time': Timestamp('2007-05-24 01:06:58'), 'mag': 5.5}]",3,2007-05-24 01:06:58,RDM_df_train_30D-22SW-tw12_w9.csv,1.6428130555555556
560,2007-08-07 06:01:24.212,1,"[{'lat': -9.211, 'long': 67.093, 'Time': Timestamp('2007-08-07 10:12:21'), 'mag': 5.0}, {'lat': -9.211, 'long': 67.093, 'Time': Timestamp('2007-08-07 10:12:21'), 'mag': 5.0}, {'lat': -9.211, 'long': 67.093, 'Time': Timestamp('2007-08-07 10:12:21'), 'mag': 5.0}]",3,2007-08-07 10:12:21,RDM_df_train_30D-22SW-tw12_w9.csv,4.182441111111111
1284,2007-12-21 18:25:23.360,1,"[{'lat': -23.068, 'long': -114.621, 'Time': Timestamp('2007-12-22 02:06:08'), 'mag': 5.0}, {'lat': -23.021, 'long': -114.29, 'Time': Timestamp('2007-12-22 02:22:07'), 'mag': 5.2}, {'lat': -23.068, 'long': -114.621, 'Time': Timestamp('2007-12-22 02:06:08'), 'mag': 5.0}, {'lat': -23.021, 'long': -114.29, 'Time': Timestamp('2007-12-22 02:22:07'), 'mag': 5.2}, {'lat': -23.068, 'long': -114.621, 'Time': Timestamp('2007-12-22 02:06:08'), 'mag': 5.0}]",5,2007-12-22 02:06:08,RDM_df_train_30D-22SW-tw12_w9.csv,7.6790666666666665
689,2007-08-20 12:54:53.630,1,"[{'lat': 8.037, 'long': -39.251, 'Time': Timestamp('2007-08-20 22:42:28'), 'mag': 6.5}, {'lat': 8.037, 'long': -39.251, 'Time': Timestamp('2007-08-20 22:42:28'), 'mag': 6.5}, {'lat': 8.037, 'long': -39.251, 'Time': Timestamp('2007-08-20 22:42:28'), 'mag': 6.5}]",3,2007-08-20 22:42:28,RDM_df_train_30D-22SW-tw12_w9.csv,9.792880555555556
1278,2007-11-30 22:45:54.039,1,"[{'lat': -54.299, 'long': 158.852, 'Time': Timestamp('2007-12-01 03:35:41'), 'mag': 5.2}, {'lat': -54.299, 'long': 158.852, 'Time': Timestamp('2007-12-01 03:35:41'), 'mag': 5.2}]",2,2007-12-01 03:35:41,RDM_df_train_30D-22SW-tw12_w9.csv,4.829711388888889
414,2007-07-05 12:59:54.047,1,"[{'lat': -42.603, 'long': -19.656, 'Time': Timestamp('2007-07-05 13:26:23'), 'mag': 5.3}, {'lat': -42.603, 'long': -19.656, 'Time': Timestamp('2007-07-05 13:26:23'), 'mag': 5.3}, {'lat': -42.603, 'long': -19.656, 'Time': Timestamp('2007-07-05 13:26:23'), 'mag': 5.3}]",3,2007-07-05 13:26:23,RDM_df_train_30D-22SW-tw12_w9.csv,0.4413758333333333
410,2007-07-01 22:15:51.998,1,"[{'lat': -17.583, 'long': -176.951, 'Time': Timestamp('2007-07-02 00:54:59'), 'mag': 5.3}]",1,2007-07-02 00:54:59,RDM_df_train_30D-22SW-tw12_w9.csv,2.651945
895,2007-10-02 22:28:53.217,1,"[{'lat': 51.675, 'long': -175.521, 'Time': Timestamp('2007-10-03 09:15:11'), 'mag': 5.0}, {'lat': 51.519, 'long': -178.402, 'Time': Timestamp('2007-10-03 02:25:50'), 'mag': 5.0}, {'lat': 51.675, 'long': -175.521, 'Time': Timestamp('2007-10-03 09:15:11'), 'mag': 5.0}, {'lat': -48.635, 'long': 164.658, 'Time': Timestamp('2007-10-03 01:43:25'), 'mag': 5.1}, {'lat': -48.724, 'long': 164.698, 'Time': Timestamp('2007-10-03 03:32:56'), 'mag': 5.1}, {'lat': -48.635, 'long': 164.658, 'Time': Timestamp('2007-10-03 01:43:25'), 'mag': 5.1}, {'lat': -48.724, 'long': 164.698, 'Time': Timestamp('2007-10-03 03:32:56'), 'mag': 5.1}, {'lat': -48.635, 'long': 164.658, 'Time': Timestamp('2007-10-03 01:43:25'), 'mag': 5.1}, {'lat': -48.724, 'long': 164.698, 'Time': Timestamp('2007-10-03 03:32:56'), 'mag': 5.1}]",9,2007-10-03 09:15:11,RDM_df_train_30D-22SW-tw12_w9.csv,10.77160638888889
327,2007-06-29 10:11:55.170,1,"[{'lat': 39.268, 'long': 20.263, 'Time': Timestamp('2007-06-29 18:09:11'), 'mag': 5.4}, {'lat': 39.268, 'long': 20.263, 'Time': Timestamp('2007-06-29 18:09:11'), 'mag': 5.4}, {'lat': 39.268, 'long': 20.263, 'Time': Timestamp('2007-06-29 18:09:11'), 'mag': 5.4}]",3,2007-06-29 18:09:11,RDM_df_train_30D-22SW-tw12_w9.csv,7.954397222222223
816,2007-09-23 16:30:53.970,1,"[{'lat': -12.686, 'long': -71.316, 'Time': Timestamp('2007-09-24 02:25:44'), 'mag': 5.1}, {'lat': -12.686, 'long': -71.316, 'Time': Timestamp('2007-09-24 02:25:44'), 'mag': 5.1}, {'lat': -12.686, 'long': -71.316, 'Time': Timestamp('2007-09-24 02:25:44'), 'mag': 5.1}]",3,2007-09-24 02:25:44,RDM_df_train_30D-22SW-tw12_w9.csv,9.913897222222221
1888,2008-04-14 17:05:23.114,1,"[{'lat': 13.564, 'long': -90.599, 'Time': Timestamp('2008-04-15 03:03:04'), 'mag': 6.1}, {'lat': 13.564, 'long': -90.599, 'Time': Timestamp('2008-04-15 03:03:04'), 'mag': 6.1}, {'lat': 13.564, 'long': -90.599, 'Time': Timestamp('2008-04-15 03:03:04'), 'mag': 6.1}]",3,2008-04-15 03:03:04,RDM_df_train_30D-22SW-tw12_w9.csv,9.961357222222222
590,2007-07-28 10:12:53.352,1,"[{'lat': -54.13, 'long': 7.881, 'Time': Timestamp('2007-07-28 16:13:43'), 'mag': 5.5}, {'lat': -54.157, 'long': 7.908, 'Time': Timestamp('2007-07-28 17:46:28'), 'mag': 5.1}, {'lat': -54.13, 'long': 7.881, 'Time': Timestamp('2007-07-28 16:13:43'), 'mag': 5.5}, {'lat': -54.157, 'long': 7.908, 'Time': Timestamp('2007-07-28 17:46:28'), 'mag': 5.1}]",4,2007-07-28 16:13:43,RDM_df_train_30D-22SW-tw12_w9.csv,6.013791111111112
1302,2007-12-07 10:36:45.031,1,"[{'lat': -39.693, 'long': -15.015, 'Time': Timestamp('2007-12-07 14:54:03'), 'mag': 5.0}, {'lat': -39.693, 'long': -15.015, 'Time': Timestamp('2007-12-07 14:54:03'), 'mag': 5.0}, {'lat': -39.693, 'long': -15.015, 'Time': Timestamp('2007-12-07 14:54:03'), 'mag': 5.0}]",3,2007-12-07 14:54:03,RDM_df_train_30D-22SW-tw12_w9.csv,4.288324722222222
1135,2007-11-03 07:51:22.717,1,"[{'lat': 36.458, 'long': 70.862, 'Time': Timestamp('2007-11-03 09:19:05'), 'mag': 5.0}, {'lat': 36.458, 'long': 70.862, 'Time': Timestamp('2007-11-03 09:19:05'), 'mag': 5.0}, {'lat': 36.458, 'long': 70.862, 'Time': Timestamp('2007-11-03 09:19:05'), 'mag': 5.0}]",3,2007-11-03 09:19:05,RDM_df_train_30D-22SW-tw12_w9.csv,1.461745277777778
572,2007-08-13 00:29:53.936,1,"[{'lat': -60.549, 'long': 153.785, 'Time': Timestamp('2007-08-13 10:27:23'), 'mag': 6.1}]",1,2007-08-13 10:27:23,RDM_df_train_30D-22SW-tw12_w9.csv,9.958073333333333
421,2007-06-26 00:53:20.955,1,"[{'lat': 46.451, 'long': 152.986, 'Time': Timestamp('2007-06-26 08:04:15'), 'mag': 5.0}, {'lat': 46.451, 'long': 152.986, 'Time': Timestamp('2007-06-26 08:04:15'), 'mag': 5.0}, {'lat': 46.451, 'long': 152.986, 'Time': Timestamp('2007-06-26 08:04:15'), 'mag': 5.0}]",3,2007-06-26 08:04:15,RDM_df_train_30D-22SW-tw12_w9.csv,7.181679166666666
512,2007-07-21 01:24:17.804,1,"[{'lat': 46.942, 'long': 156.588, 'Time': Timestamp('2007-07-21 01:50:02'), 'mag': 5.0}, {'lat': 46.942, 'long': 156.588, 'Time': Timestamp('2007-07-21 01:50:02'), 'mag': 5.0}]",2,2007-07-21 01:50:02,RDM_df_train_30D-22SW-tw12_w9.csv,0.4289433333333333
1006,2007-10-09 22:52:23.112,1,"[{'lat': -15.379, 'long': -173.169, 'Time': Timestamp('2007-10-10 01:50:57'), 'mag': 5.4}, {'lat': -15.379, 'long': -173.169, 'Time': Timestamp('2007-10-10 01:50:57'), 'mag': 5.4}, {'lat': -15.379, 'long': -173.169, 'Time': Timestamp('2007-10-10 01:50:57'), 'mag': 5.4}, {'lat': -25.153, 'long': 179.803, 'Time': Timestamp('2007-10-10 05:18:57'), 'mag': 5.2}]",4,2007-10-10 01:50:57,RDM_df_train_30D-22SW-tw12_w9.csv,2.97608
49,2007-04-17 16:54:22.450,1,"[{'lat': -24.082, 'long': -66.626, 'Time': Timestamp('2007-04-18 01:08:08'), 'mag': 5.6}, {'lat': -24.082, 'long': -66.626, 'Time': Timestamp('2007-04-18 01:08:08'), 'mag': 5.6}, {'lat': -24.082, 'long': -66.626, 'Time': Timestamp('2007-04-18 01:08:08'), 'mag': 5.6}]",3,2007-04-18 01:08:08,RDM_df_train_30D-22SW-tw12_w9.csv,8.229319444444444
334,2007-06-27 15:40:54.642,1,"[{'lat': -24.282, 'long': -66.958, 'Time': Timestamp('2007-06-28 00:12:13'), 'mag': 5.0}, {'lat': -24.282, 'long': -66.958, 'Time': Timestamp('2007-06-28 00:12:13'), 'mag': 5.0}, {'lat': -24.282, 'long': -66.958, 'Time': Timestamp('2007-06-28 00:12:13'), 'mag': 5.0}]",3,2007-06-28 00:12:13,RDM_df_train_30D-22SW-tw12_w9.csv,8.521766111111111
1921,2008-04-09 00:58:18.482,1,"[{'lat': -20.175, 'long': 168.861, 'Time': Timestamp('2008-04-09 11:13:17'), 'mag': 6.4}, {'lat': -20.185, 'long': 168.905, 'Time': Timestamp('2008-04-09 11:23:40'), 'mag': 6.3}, {'lat': -20.222, 'long': 168.916, 'Time': Timestamp('2008-04-09 12:12:27'), 'mag': 5.0}, {'lat': -20.071, 'long': 168.892, 'Time': Timestamp('2008-04-09 12:46:12'), 'mag': 7.3}, {'lat': -20.175, 'long': 168.861, 'Time': Timestamp('2008-04-09 11:13:17'), 'mag': 6.4}, {'lat': -20.185, 'long': 168.905, 'Time': Timestamp('2008-04-09 11:23:40'), 'mag': 6.3}, {'lat': -20.222, 'long': 168.916, 'Time': Timestamp('2008-04-09 12:12:27'), 'mag': 5.0}, {'lat': -20.071, 'long': 168.892, 'Time': Timestamp('2008-04-09 12:46:12'), 'mag': 7.3}, {'lat': -20.175, 'long': 168.861, 'Time': Timestamp('2008-04-09 11:13:17'), 'mag': 6.4}, {'lat': -20.185, 'long': 168.905, 'Time': Timestamp('2008-04-09 11:23:40'), 'mag': 6.3}, {'lat': -20.222, 'long': 168.916, 'Time': Timestamp('2008-04-09 12:12:27'), 'mag': 5.0}, {'lat': -20.071, 'long': 168.892, 'Time': Timestamp('2008-04-09 12:46:12'), 'mag': 7.3}]",12,2008-04-09 11:13:17,RDM_df_train_30D-22SW-tw12_w9.csv,10.249588333333332
499,2007-07-15 00:23:23.671,1,"[{'lat': -15.383, 'long': 168.597, 'Time': Timestamp('2007-07-15 09:27:34'), 'mag': 6.1}, {'lat': -15.383, 'long': 168.597, 'Time': Timestamp('2007-07-15 09:27:34'), 'mag': 6.1}, {'lat': -15.383, 'long': 168.597, 'Time': Timestamp('2007-07-15 09:27:34'), 'mag': 6.1}]",3,2007-07-15 09:27:34,RDM_df_train_30D-22SW-tw12_w9.csv,9.069535833333333
155,2007-05-11 13:30:53.158,1,"[{'lat': -55.936, 'long': -27.782, 'Time': Timestamp('2007-05-11 20:33:34'), 'mag': 5.0}, {'lat': -55.936, 'long': -27.782, 'Time': Timestamp('2007-05-11 20:33:34'), 'mag': 5.0}]",2,2007-05-11 20:33:34,RDM_df_train_30D-22SW-tw12_w9.csv,7.044678333333334
544,2007-08-04 07:45:49.436,1,"[{'lat': -3.474, 'long': 68.353, 'Time': Timestamp('2007-08-04 13:43:34'), 'mag': 5.0}, {'lat': -3.474, 'long': 68.353, 'Time': Timestamp('2007-08-04 13:43:34'), 'mag': 5.0}, {'lat': -3.474, 'long': 68.353, 'Time': Timestamp('2007-08-04 13:43:34'), 'mag': 5.0}]",3,2007-08-04 13:43:34,RDM_df_train_30D-22SW-tw12_w9.csv,5.962378888888889
1279,2007-12-17 02:00:16.752,1,"[{'lat': 50.965, 'long': 179.633, 'Time': Timestamp('2007-12-17 09:03:16'), 'mag': 5.2}, {'lat': 51.137, 'long': 179.568, 'Time': Timestamp('2007-12-17 09:04:47'), 'mag': 5.1}, {'lat': -10.755, 'long': 113.355, 'Time': Timestamp('2007-12-17 12:46:14'), 'mag': 5.3}, {'lat': -10.755, 'long': 113.355, 'Time': Timestamp('2007-12-17 12:46:14'), 'mag': 5.3}]",4,2007-12-17 09:03:16,RDM_df_train_30D-22SW-tw12_w9.csv,7.049791111111111
1633,2008-02-19 06:05:28.750,1,"[{'lat': -3.292, 'long': 100.934, 'Time': Timestamp('2008-02-19 06:29:53'), 'mag': 5.3}, {'lat': -2.434, 'long': 99.946, 'Time': Timestamp('2008-02-19 17:01:29'), 'mag': 5.4}]",2,2008-02-19 06:29:53,RDM_df_train_30D-22SW-tw12_w9.csv,0.40673611111111113
178,2007-05-30 12:47:23.172,1,"[{'lat': -59.972, 'long': -26.457, 'Time': Timestamp('2007-05-30 19:35:21'), 'mag': 5.5}]",1,2007-05-30 19:35:21,RDM_df_train_30D-22SW-tw12_w9.csv,6.799396666666667
566,2007-07-20 01:36:51.877,1,"[{'lat': -1.144, 'long': 127.07, 'Time': Timestamp('2007-07-20 09:06:37'), 'mag': 5.0}, {'lat': -1.144, 'long': 127.07, 'Time': Timestamp('2007-07-20 09:06:37'), 'mag': 5.0}, {'lat': -1.144, 'long': 127.07, 'Time': Timestamp('2007-07-20 09:06:37'), 'mag': 5.0}, {'lat': -9.36, 'long': 117.988, 'Time': Timestamp('2007-07-20 09:49:46'), 'mag': 5.2}]",4,2007-07-20 09:06:37,RDM_df_train_30D-22SW-tw12_w9.csv,7.4958675
1493,2008-02-03 12:34:53.763,1,"[{'lat': -56.272, 'long': -27.043, 'Time': Timestamp('2008-02-03 14:24:37'), 'mag': 5.6}, {'lat': -56.272, 'long': -27.043, 'Time': Timestamp('2008-02-03 14:24:37'), 'mag': 5.6}]",2,2008-02-03 14:24:37,RDM_df_train_30D-22SW-tw12_w9.csv,1.8286769444444444
839,2007-09-06 21:45:17.697,1,"[{'lat': -17.879, 'long': -174.91, 'Time': Timestamp('2007-09-06 23:43:44'), 'mag': 5.4}, {'lat': -17.879, 'long': -174.91, 'Time': Timestamp('2007-09-06 23:43:44'), 'mag': 5.4}, {'lat': -17.879, 'long': -174.91, 'Time': Timestamp('2007-09-06 23:43:44'), 'mag': 5.4}]",3,2007-09-06 23:43:44,RDM_df_train_30D-22SW-tw12_w9.csv,1.9739730555555555
750,2007-09-10 16:55:23.170,1,"[{'lat': 15.413, 'long': -94.593, 'Time': Timestamp('2007-09-11 03:12:04'), 'mag': 5.0}, {'lat': 15.413, 'long': -94.593, 'Time': Timestamp('2007-09-11 03:12:04'), 'mag': 5.0}, {'lat': 15.413, 'long': -94.593, 'Time': Timestamp('2007-09-11 03:12:04'), 'mag': 5.0}]",3,2007-09-11 03:12:04,RDM_df_train_30D-22SW-tw12_w9.csv,10.278008333333334
818,2007-09-03 22:59:22.931,1,"[{'lat': -33.083, 'long': -179.338, 'Time': Timestamp('2007-09-04 09:41:57'), 'mag': 5.4}, {'lat': -33.083, 'long': -179.338, 'Time': Timestamp('2007-09-04 09:41:57'), 'mag': 5.4}, {'lat': -33.083, 'long': -179.338, 'Time': Timestamp('2007-09-04 09:41:57'), 'mag': 5.4}]",3,2007-09-04 09:41:57,RDM_df_train_30D-22SW-tw12_w9.csv,10.709463611111111
1396,2008-01-06 16:05:22.520,1,"[{'lat': 14.078, 'long': -91.561, 'Time': Timestamp('2008-01-06 16:55:17'), 'mag': 5.1}, {'lat': 14.078, 'long': -91.561, 'Time': Timestamp('2008-01-06 16:55:17'), 'mag': 5.1}]",2,2008-01-06 16:55:17,RDM_df_train_30D-22SW-tw12_w9.csv,0.8318
1459,2008-01-22 06:18:52.104,1,"[{'lat': 0.922, 'long': 97.462, 'Time': Timestamp('2008-01-22 17:14:52'), 'mag': 5.4}, {'lat': 1.011, 'long': 97.442, 'Time': Timestamp('2008-01-22 17:14:57'), 'mag': 6.2}]",2,2008-01-22 17:14:52,RDM_df_train_30D-22SW-tw12_w9.csv,10.933304444444445
1938,2008-04-26 07:25:57.292,1,"[{'lat': 50.634, 'long': 51.834, 'Time': Timestamp('2008-04-26 13:14:52'), 'mag': 5.1}, {'lat': 50.634, 'long': 51.834, 'Time': Timestamp('2008-04-26 13:14:52'), 'mag': 5.1}, {'lat': 50.634, 'long': 51.834, 'Time': Timestamp('2008-04-26 13:14:52'), 'mag': 5.1}, {'lat': 13.904, 'long': 51.658, 'Time': Timestamp('2008-04-26 12:38:59'), 'mag': 5.3}, {'lat': 13.904, 'long': 51.658, 'Time': Timestamp('2008-04-26 12:38:59'), 'mag': 5.3}, {'lat': 13.904, 'long': 51.658, 'Time': Timestamp('2008-04-26 12:38:59'), 'mag': 5.3}]",6,2008-04-26 13:14:52,RDM_df_train_30D-22SW-tw12_w9.csv,5.815196666666666
878,2007-09-27 07:51:45.041,1,"[{'lat': -13.88, 'long': 66.048, 'Time': Timestamp('2007-09-27 10:18:28'), 'mag': 5.0}, {'lat': -13.88, 'long': 66.048, 'Time': Timestamp('2007-09-27 10:18:28'), 'mag': 5.0}, {'lat': -13.88, 'long': 66.048, 'Time': Timestamp('2007-09-27 10:18:28'), 'mag': 5.0}]",3,2007-09-27 10:18:28,RDM_df_train_30D-22SW-tw12_w9.csv,2.4452663888888893
795,2007-09-12 01:49:24.523,1,"[{'lat': -0.88, 'long': 146.57, 'Time': Timestamp('2007-09-12 01:55:44'), 'mag': 5.1}, {'lat': -0.88, 'long': 146.57, 'Time': Timestamp('2007-09-12 01:55:44'), 'mag': 5.1}, {'lat': -0.88, 'long': 146.57, 'Time': Timestamp('2007-09-12 01:55:44'), 'mag': 5.1}]",3,2007-09-12 01:55:44,RDM_df_train_30D-22SW-tw12_w9.csv,0.10541027777777777
234,2007-05-25 14:38:51.604,1,"[{'lat': -24.222, 'long': -67.027, 'Time': Timestamp('2007-05-25 17:47:31'), 'mag': 5.9}, {'lat': -24.222, 'long': -67.027, 'Time': Timestamp('2007-05-25 17:47:31'), 'mag': 5.9}, {'lat': -24.222, 'long': -67.027, 'Time': Timestamp('2007-05-25 17:47:31'), 'mag': 5.9}]",3,2007-05-25 17:47:31,RDM_df_train_30D-22SW-tw12_w9.csv,3.144276666666667
87,2007-05-06 22:02:53.324,1,"[{'lat': -62.505, 'long': -158.648, 'Time': Timestamp('2007-05-07 04:14:54'), 'mag': 5.1}, {'lat': -62.505, 'long': -158.648, 'Time': Timestamp('2007-05-07 04:14:54'), 'mag': 5.1}, {'lat': -19.251, 'long': -179.362, 'Time': Timestamp('2007-05-07 00:24:47'), 'mag': 5.6}, {'lat': -19.251, 'long': -179.362, 'Time': Timestamp('2007-05-07 00:24:47'), 'mag': 5.6}, {'lat': -19.251, 'long': -179.362, 'Time': Timestamp('2007-05-07 00:24:47'), 'mag': 5.6}, {'lat': -29.811, 'long': -177.699, 'Time': Timestamp('2007-05-07 04:50:11'), 'mag': 5.1}]",6,2007-05-07 04:14:54,RDM_df_train_30D-22SW-tw12_w9.csv,6.200187777777778
1493,2008-02-03 12:34:53.763,1,"[{'lat': -56.272, 'long': -27.043, 'Time': Timestamp('2008-02-03 14:24:37'), 'mag': 5.6}, {'lat': -56.272, 'long': -27.043, 'Time': Timestamp('2008-02-03 14:24:37'), 'mag': 5.6}]",2,2008-02-03 14:24:37,RDM_df_train_30D-22SW-tw12_w9.csv,1.8286769444444444
864,2007-10-01 01:24:42.771,1,"[{'lat': 22.833, 'long': 142.552, 'Time': Timestamp('2007-10-01 10:06:18'), 'mag': 5.1}, {'lat': 22.833, 'long': 142.552, 'Time': Timestamp('2007-10-01 10:06:18'), 'mag': 5.1}, {'lat': 22.833, 'long': 142.552, 'Time': Timestamp('2007-10-01 10:06:18'), 'mag': 5.1}]",3,2007-10-01 10:06:18,RDM_df_train_30D-22SW-tw12_w9.csv,8.693119166666666
1911,2008-04-16 19:06:53.719,1,"[{'lat': 15.459, 'long': -93.501, 'Time': Timestamp('2008-04-17 01:53:00'), 'mag': 5.2}, {'lat': 15.459, 'long': -93.501, 'Time': Timestamp('2008-04-17 01:53:00'), 'mag': 5.2}]",2,2008-04-17 01:53:00,RDM_df_train_30D-22SW-tw12_w9.csv,6.768411388888889
1671,2008-02-23 12:27:23.253,1,"[{'lat': -57.335, 'long': -23.433, 'Time': Timestamp('2008-02-23 15:57:20'), 'mag': 6.8}, {'lat': -57.028, 'long': -23.528, 'Time': Timestamp('2008-02-23 17:58:24'), 'mag': 5.0}, {'lat': -57.335, 'long': -23.433, 'Time': Timestamp('2008-02-23 15:57:20'), 'mag': 6.8}, {'lat': -57.028, 'long': -23.528, 'Time': Timestamp('2008-02-23 17:58:24'), 'mag': 5.0}, {'lat': 40.684, 'long': -29.34, 'Time': Timestamp('2008-02-23 12:35:31'), 'mag': 5.1}, {'lat': 40.684, 'long': -29.34, 'Time': Timestamp('2008-02-23 12:35:31'), 'mag': 5.1}]",6,2008-02-23 15:57:20,RDM_df_train_30D-22SW-tw12_w9.csv,3.499096388888889
242,2007-05-25 18:25:23.694,1,"[{'lat': -35.928, 'long': -103.097, 'Time': Timestamp('2007-05-26 02:44:46'), 'mag': 5.5}, {'lat': -35.928, 'long': -103.097, 'Time': Timestamp('2007-05-26 02:44:46'), 'mag': 5.5}, {'lat': -35.928, 'long': -103.097, 'Time': Timestamp('2007-05-26 02:44:46'), 'mag': 5.5}]",3,2007-05-26 02:44:46,RDM_df_train_30D-22SW-tw12_w9.csv,8.322862777777777
663,2007-08-10 18:32:53.678,1,"[{'lat': -35.852, 'long': -102.904, 'Time': Timestamp('2007-08-10 20:43:15'), 'mag': 5.3}, {'lat': -35.852, 'long': -102.904, 'Time': Timestamp('2007-08-10 20:43:15'), 'mag': 5.3}, {'lat': -35.852, 'long': -102.904, 'Time': Timestamp('2007-08-10 20:43:15'), 'mag': 5.3}]",3,2007-08-10 20:43:15,RDM_df_train_30D-22SW-tw12_w9.csv,2.1725894444444447
89,2007-04-30 06:12:56.481,1,"[{'lat': 38.414, 'long': 97.834, 'Time': Timestamp('2007-04-30 13:59:41'), 'mag': 5.2}, {'lat': 38.414, 'long': 97.834, 'Time': Timestamp('2007-04-30 13:59:41'), 'mag': 5.2}, {'lat': 38.414, 'long': 97.834, 'Time': Timestamp('2007-04-30 13:59:41'), 'mag': 5.2}]",3,2007-04-30 13:59:41,RDM_df_train_30D-22SW-tw12_w9.csv,7.779033055555556
505,2007-07-27 20:03:23.993,1,"[{'lat': 44.401, 'long': -129.76, 'Time': Timestamp('2007-07-27 23:22:48'), 'mag': 5.3}, {'lat': 44.545, 'long': -129.759, 'Time': Timestamp('2007-07-28 00:20:38'), 'mag': 5.0}, {'lat': 44.611, 'long': -129.778, 'Time': Timestamp('2007-07-28 00:30:29'), 'mag': 5.3}, {'lat': 44.401, 'long': -129.76, 'Time': Timestamp('2007-07-27 23:22:48'), 'mag': 5.3}, {'lat': 44.545, 'long': -129.759, 'Time': Timestamp('2007-07-28 00:20:38'), 'mag': 5.0}, {'lat': 44.611, 'long': -129.778, 'Time': Timestamp('2007-07-28 00:30:29'), 'mag': 5.3}, {'lat': 44.401, 'long': -129.76, 'Time': Timestamp('2007-07-27 23:22:48'), 'mag': 5.3}, {'lat': 44.545, 'long': -129.759, 'Time': Timestamp('2007-07-28 00:20:38'), 'mag': 5.0}]",8,2007-07-27 23:22:48,RDM_df_train_30D-22SW-tw12_w9.csv,3.323335277777778
1203,2007-12-08 09:03:18.546,1,"[{'lat': -7.558, 'long': 37.646, 'Time': Timestamp('2007-12-08 19:55:19'), 'mag': 5.6}, {'lat': -7.558, 'long': 37.646, 'Time': Timestamp('2007-12-08 19:55:19'), 'mag': 5.6}, {'lat': -7.558, 'long': 37.646, 'Time': Timestamp('2007-12-08 19:55:19'), 'mag': 5.6}]",3,2007-12-08 19:55:19,RDM_df_train_30D-22SW-tw12_w9.csv,10.866792777777777
1382,2007-12-21 17:49:23.619,1,"[{'lat': -23.068, 'long': -114.621, 'Time': Timestamp('2007-12-22 02:06:08'), 'mag': 5.0}, {'lat': -23.021, 'long': -114.29, 'Time': Timestamp('2007-12-22 02:22:07'), 'mag': 5.2}, {'lat': -23.068, 'long': -114.621, 'Time': Timestamp('2007-12-22 02:06:08'), 'mag': 5.0}, {'lat': -23.021, 'long': -114.29, 'Time': Timestamp('2007-12-22 02:22:07'), 'mag': 5.2}, {'lat': -23.068, 'long': -114.621, 'Time': Timestamp('2007-12-22 02:06:08'), 'mag': 5.0}, {'lat': -23.021, 'long': -114.29, 'Time': Timestamp('2007-12-22 02:22:07'), 'mag': 5.2}]",6,2007-12-22 02:06:08,RDM_df_train_30D-22SW-tw12_w9.csv,8.278994722222222
1233,2007-11-25 18:13:23.235,1,"[{'lat': -35.451, 'long': -104.973, 'Time': Timestamp('2007-11-26 00:10:10'), 'mag': 5.2}, {'lat': -35.451, 'long': -104.973, 'Time': Timestamp('2007-11-26 00:10:10'), 'mag': 5.2}, {'lat': -35.451, 'long': -104.973, 'Time': Timestamp('2007-11-26 00:10:10'), 'mag': 5.2}]",3,2007-11-26 00:10:10,RDM_df_train_30D-22SW-tw12_w9.csv,5.946323611111111
1762,2008-03-21 17:53:53.241,1,"[{'lat': -8.699, 'long': -109.517, 'Time': Timestamp('2008-03-21 20:36:14'), 'mag': 5.2}, {'lat': -8.699, 'long': -109.517, 'Time': Timestamp('2008-03-21 20:36:14'), 'mag': 5.2}, {'lat': -8.699, 'long': -109.517, 'Time': Timestamp('2008-03-21 20:36:14'), 'mag': 5.2}]",3,2008-03-21 20:36:14,RDM_df_train_30D-22SW-tw12_w9.csv,2.7057663888888888
857,2007-10-04 16:48:53.809,1,"[{'lat': -42.6, 'long': -82.856, 'Time': Timestamp('2007-10-05 04:18:12'), 'mag': 5.1}, {'lat': -42.6, 'long': -82.856, 'Time': Timestamp('2007-10-05 04:18:12'), 'mag': 5.1}, {'lat': -42.6, 'long': -82.856, 'Time': Timestamp('2007-10-05 04:18:12'), 'mag': 5.1}]",3,2007-10-05 04:18:12,RDM_df_train_30D-22SW-tw12_w9.csv,11.48838638888889
502,2007-07-28 10:12:25.026,1,"[{'lat': -54.13, 'long': 7.881, 'Time': Timestamp('2007-07-28 16:13:43'), 'mag': 5.5}, {'lat': -54.157, 'long': 7.908, 'Time': Timestamp('2007-07-28 17:46:28'), 'mag': 5.1}, {'lat': -54.13, 'long': 7.881, 'Time': Timestamp('2007-07-28 16:13:43'), 'mag': 5.5}, {'lat': -54.157, 'long': 7.908, 'Time': Timestamp('2007-07-28 17:46:28'), 'mag': 5.1}]",4,2007-07-28 16:13:43,RDM_df_train_30D-22SW-tw12_w9.csv,6.021659444444444
1911,2008-04-16 19:06:53.719,1,"[{'lat': 15.459, 'long': -93.501, 'Time': Timestamp('2008-04-17 01:53:00'), 'mag': 5.2}, {'lat': 15.459, 'long': -93.501, 'Time': Timestamp('2008-04-17 01:53:00'), 'mag': 5.2}]",2,2008-04-17 01:53:00,RDM_df_train_30D-22SW-tw12_w9.csv,6.768411388888889
81,2007-05-04 19:56:24.041,1,"[{'lat': 50.767, 'long': -130.049, 'Time': Timestamp('2007-05-05 06:15:43'), 'mag': 5.0}, {'lat': 50.767, 'long': -130.049, 'Time': Timestamp('2007-05-05 06:15:43'), 'mag': 5.0}, {'lat': 50.767, 'long': -130.049, 'Time': Timestamp('2007-05-05 06:15:43'), 'mag': 5.0}]",3,2007-05-05 06:15:43,RDM_df_train_30D-22SW-tw12_w9.csv,10.321933055555556
56,2007-04-18 22:15:53.115,1,"[{'lat': -17.064, 'long': -174.445, 'Time': Timestamp('2007-04-19 03:26:01'), 'mag': 5.4}, {'lat': -20.966, 'long': 169.92, 'Time': Timestamp('2007-04-19 03:20:24'), 'mag': 5.1}, {'lat': -20.966, 'long': 169.92, 'Time': Timestamp('2007-04-19 03:20:24'), 'mag': 5.1}]",3,2007-04-19 03:26:01,RDM_df_train_30D-22SW-tw12_w9.csv,5.168856944444444
1738,2008-03-21 19:06:53.690,1,"[{'lat': -8.699, 'long': -109.517, 'Time': Timestamp('2008-03-21 20:36:14'), 'mag': 5.2}, {'lat': -8.699, 'long': -109.517, 'Time': Timestamp('2008-03-21 20:36:14'), 'mag': 5.2}, {'lat': -8.699, 'long': -109.517, 'Time': Timestamp('2008-03-21 20:36:14'), 'mag': 5.2}]",3,2008-03-21 20:36:14,RDM_df_train_30D-22SW-tw12_w9.csv,1.4889750000000002
63,2007-04-26 00:23:23.542,1,"[{'lat': -18.095, 'long': 172.933, 'Time': Timestamp('2007-04-26 09:39:55'), 'mag': 5.4}, {'lat': -18.039, 'long': 172.875, 'Time': Timestamp('2007-04-26 10:00:41'), 'mag': 5.3}, {'lat': -18.095, 'long': 172.933, 'Time': Timestamp('2007-04-26 09:39:55'), 'mag': 5.4}, {'lat': -18.039, 'long': 172.875, 'Time': Timestamp('2007-04-26 10:00:41'), 'mag': 5.3}, {'lat': -18.095, 'long': 172.933, 'Time': Timestamp('2007-04-26 09:39:55'), 'mag': 5.4}, {'lat': -18.039, 'long': 172.875, 'Time': Timestamp('2007-04-26 10:00:41'), 'mag': 5.3}]",6,2007-04-26 09:39:55,RDM_df_train_30D-22SW-tw12_w9.csv,9.275405
732,2007-09-06 18:38:53.948,1,"[{'lat': -56.081, 'long': -123.314, 'Time': Timestamp('2007-09-07 04:46:45'), 'mag': 5.9}, {'lat': -56.081, 'long': -123.314, 'Time': Timestamp('2007-09-07 04:46:45'), 'mag': 5.9}]",2,2007-09-07 04:46:45,RDM_df_train_30D-22SW-tw12_w9.csv,10.13084777777778
689,2007-08-20 12:54:53.630,1,"[{'lat': 8.037, 'long': -39.251, 'Time': Timestamp('2007-08-20 22:42:28'), 'mag': 6.5}, {'lat': 8.037, 'long': -39.251, 'Time': Timestamp('2007-08-20 22:42:28'), 'mag': 6.5}, {'lat': 8.037, 'long': -39.251, 'Time': Timestamp('2007-08-20 22:42:28'), 'mag': 6.5}]",3,2007-08-20 22:42:28,RDM_df_train_30D-22SW-tw12_w9.csv,9.792880555555556
376,2007-06-13 17:36:53.300,1,"[{'lat': 13.554, 'long': -90.618, 'Time': Timestamp('2007-06-13 19:29:40'), 'mag': 6.7}, {'lat': 13.554, 'long': -90.618, 'Time': Timestamp('2007-06-13 19:29:40'), 'mag': 6.7}]",2,2007-06-13 19:29:40,RDM_df_train_30D-22SW-tw12_w9.csv,1.8796388888888889
867,2007-09-17 01:55:21.587,1,"[{'lat': 54.127, 'long': 169.233, 'Time': Timestamp('2007-09-17 05:55:44'), 'mag': 5.4}, {'lat': 52.9846, 'long': 169.0675, 'Time': Timestamp('2007-09-17 05:55:45'), 'mag': 5.4}, {'lat': 54.127, 'long': 169.233, 'Time': Timestamp('2007-09-17 05:55:44'), 'mag': 5.4}, {'lat': 52.9846, 'long': 169.0675, 'Time': Timestamp('2007-09-17 05:55:45'), 'mag': 5.4}, {'lat': 54.127, 'long': 169.233, 'Time': Timestamp('2007-09-17 05:55:44'), 'mag': 5.4}, {'lat': 52.9846, 'long': 169.0675, 'Time': Timestamp('2007-09-17 05:55:45'), 'mag': 5.4}, {'lat': -6.563, 'long': 147.517, 'Time': Timestamp('2007-09-17 04:27:31'), 'mag': 5.1}, {'lat': -6.563, 'long': 147.517, 'Time': Timestamp('2007-09-17 04:27:31'), 'mag': 5.1}, {'lat': -6.563, 'long': 147.517, 'Time': Timestamp('2007-09-17 04:27:31'), 'mag': 5.1}]",9,2007-09-17 05:55:44,RDM_df_train_30D-22SW-tw12_w9.csv,4.006225833333334
1067,2007-10-23 21:57:50.719,1,"[{'lat': -15.078, 'long': -177.359, 'Time': Timestamp('2007-10-24 01:43:09'), 'mag': 5.2}, {'lat': -15.078, 'long': -177.359, 'Time': Timestamp('2007-10-24 01:43:09'), 'mag': 5.2}, {'lat': -15.078, 'long': -177.359, 'Time': Timestamp('2007-10-24 01:43:09'), 'mag': 5.2}]",3,2007-10-24 01:43:09,RDM_df_train_30D-22SW-tw12_w9.csv,3.755078055555556
1397,2007-12-27 00:10:54.003,1,"[{'lat': -38.95, 'long': 175.67, 'Time': Timestamp('2007-12-27 08:07:03'), 'mag': 5.2}, {'lat': -38.95, 'long': 175.67, 'Time': Timestamp('2007-12-27 08:07:03'), 'mag': 5.2}, {'lat': -38.95, 'long': 175.67, 'Time': Timestamp('2007-12-27 08:07:03'), 'mag': 5.2}]",3,2007-12-27 08:07:03,RDM_df_train_30D-22SW-tw12_w9.csv,7.9358325
197,2007-05-30 11:01:20.420,1,"[{'lat': -59.972, 'long': -26.457, 'Time': Timestamp('2007-05-30 19:35:21'), 'mag': 5.5}]",1,2007-05-30 19:35:21,RDM_df_train_30D-22SW-tw12_w9.csv,8.566827777777778
723,2007-08-17 00:05:53.252,1,"[{'lat': 14.07, 'long': 146.535, 'Time': Timestamp('2007-08-17 02:11:16'), 'mag': 5.3}]",1,2007-08-17 02:11:16,RDM_df_train_30D-22SW-tw12_w9.csv,2.089652222222222
1007,2007-10-30 02:06:50.843,1,"[{'lat': -4.779, 'long': 154.156, 'Time': Timestamp('2007-10-30 02:49:53'), 'mag': 5.2}, {'lat': -4.779, 'long': 154.156, 'Time': Timestamp('2007-10-30 02:49:53'), 'mag': 5.2}, {'lat': -4.779, 'long': 154.156, 'Time': Timestamp('2007-10-30 02:49:53'), 'mag': 5.2}]",3,2007-10-30 02:49:53,RDM_df_train_30D-22SW-tw12_w9.csv,0.7172658333333334
1933,2008-04-14 00:22:15.489,1,"[{'lat': 12.149, 'long': 143.756, 'Time': Timestamp('2008-04-14 10:11:23'), 'mag': 5.1}, {'lat': 12.149, 'long': 143.756, 'Time': Timestamp('2008-04-14 10:11:23'), 'mag': 5.1}, {'lat': 12.149, 'long': 143.756, 'Time': Timestamp('2008-04-14 10:11:23'), 'mag': 5.1}]",3,2008-04-14 10:11:23,RDM_df_train_30D-22SW-tw12_w9.csv,9.818753055555556
219,2007-06-08 14:45:22.540,1,"[{'lat': 9.433, 'long': -40.53, 'Time': Timestamp('2007-06-08 22:01:22'), 'mag': 5.1}, {'lat': 9.433, 'long': -40.53, 'Time': Timestamp('2007-06-08 22:01:22'), 'mag': 5.1}, {'lat': 9.433, 'long': -40.53, 'Time': Timestamp('2007-06-08 22:01:22'), 'mag': 5.1}, {'lat': 24.845, 'long': -45.878, 'Time': Timestamp('2007-06-09 01:31:55'), 'mag': 5.0}]",4,2007-06-08 22:01:22,RDM_df_train_30D-22SW-tw12_w9.csv,7.266516666666666
1645,2008-02-20 08:43:50.499,1,"[{'lat': 36.288, 'long': 21.775, 'Time': Timestamp('2008-02-20 18:27:06'), 'mag': 6.2}]",1,2008-02-20 18:27:06,RDM_df_train_30D-22SW-tw12_w9.csv,9.720972499999998
1278,2007-11-30 22:45:54.039,1,"[{'lat': -54.299, 'long': 158.852, 'Time': Timestamp('2007-12-01 03:35:41'), 'mag': 5.2}, {'lat': -54.299, 'long': 158.852, 'Time': Timestamp('2007-12-01 03:35:41'), 'mag': 5.2}]",2,2007-12-01 03:35:41,RDM_df_train_30D-22SW-tw12_w9.csv,4.829711388888889
246,2007-06-11 10:42:55.155,1,"[{'lat': -35.687, 'long': -16.144, 'Time': Timestamp('2007-06-11 17:13:44'), 'mag': 5.5}, {'lat': -35.687, 'long': -16.144, 'Time': Timestamp('2007-06-11 17:13:44'), 'mag': 5.5}]",2,2007-06-11 17:13:44,RDM_df_train_30D-22SW-tw12_w9.csv,6.513568055555556
772,2007-09-14 22:09:53.236,1,"[{'lat': -20.244, 'long': 169.043, 'Time': Timestamp('2007-09-15 02:21:28'), 'mag': 5.6}, {'lat': -20.244, 'long': 169.043, 'Time': Timestamp('2007-09-15 02:21:28'), 'mag': 5.6}]",2,2007-09-15 02:21:28,RDM_df_train_30D-22SW-tw12_w9.csv,4.19299
1889,2008-04-13 20:19:51.359,1,"[{'lat': 44.279, 'long': -129.492, 'Time': Timestamp('2008-04-14 05:38:32'), 'mag': 5.1}, {'lat': 44.279, 'long': -129.492, 'Time': Timestamp('2008-04-14 05:38:32'), 'mag': 5.1}]",2,2008-04-14 05:38:32,RDM_df_train_30D-22SW-tw12_w9.csv,9.311289166666668
1743,2008-03-23 13:04:53.984,1,"[{'lat': -1.148, 'long': -14.459, 'Time': Timestamp('2008-03-23 21:32:27'), 'mag': 5.0}, {'lat': -1.148, 'long': -14.459, 'Time': Timestamp('2008-03-23 21:32:27'), 'mag': 5.0}, {'lat': -1.148, 'long': -14.459, 'Time': Timestamp('2008-03-23 21:32:27'), 'mag': 5.0}]",3,2008-03-23 21:32:27,RDM_df_train_30D-22SW-tw12_w9.csv,8.459171111111111
834,2007-09-13 21:13:20.398,1,"[{'lat': -15.464, 'long': -176.184, 'Time': Timestamp('2007-09-14 05:46:45'), 'mag': 5.7}, {'lat': -15.464, 'long': -176.184, 'Time': Timestamp('2007-09-14 05:46:45'), 'mag': 5.7}]",2,2007-09-14 05:46:45,RDM_df_train_30D-22SW-tw12_w9.csv,8.556833888888889
1133,2007-11-19 15:34:21.687,1,"[{'lat': -22.882, 'long': -70.555, 'Time': Timestamp('2007-11-19 18:19:22'), 'mag': 5.0}, {'lat': -22.904, 'long': -70.602, 'Time': Timestamp('2007-11-19 20:21:07'), 'mag': 5.3}, {'lat': -22.791, 'long': -70.769, 'Time': Timestamp('2007-11-19 23:30:28'), 'mag': 5.9}, {'lat': -23.085, 'long': -70.066, 'Time': Timestamp('2007-11-20 00:51:09'), 'mag': 5.1}, {'lat': -22.882, 'long': -70.555, 'Time': Timestamp('2007-11-19 18:19:22'), 'mag': 5.0}, {'lat': -22.904, 'long': -70.602, 'Time': Timestamp('2007-11-19 20:21:07'), 'mag': 5.3}, {'lat': -22.791, 'long': -70.769, 'Time': Timestamp('2007-11-19 23:30:28'), 'mag': 5.9}]",7,2007-11-19 18:19:22,RDM_df_train_30D-22SW-tw12_w9.csv,2.7500869444444445
245,2007-06-06 07:26:24.756,1,"[{'lat': 42.614, 'long': 75.417, 'Time': Timestamp('2007-06-06 11:09:26'), 'mag': 5.0}, {'lat': 42.614, 'long': 75.417, 'Time': Timestamp('2007-06-06 11:09:26'), 'mag': 5.0}, {'lat': 42.614, 'long': 75.417, 'Time': Timestamp('2007-06-06 11:09:26'), 'mag': 5.0}]",3,2007-06-06 11:09:26,RDM_df_train_30D-22SW-tw12_w9.csv,3.7170122222222224
99,2007-05-12 23:04:19.088,1,"[{'lat': -21.683, 'long': -179.211, 'Time': Timestamp('2007-05-13 03:36:14'), 'mag': 5.5}, {'lat': -21.683, 'long': -179.211, 'Time': Timestamp('2007-05-13 03:36:14'), 'mag': 5.5}]",2,2007-05-13 03:36:14,RDM_df_train_30D-22SW-tw12_w9.csv,4.53192
764,2007-08-27 15:10:47.640,1,"[{'lat': 49.525, 'long': -28.494, 'Time': Timestamp('2007-08-27 18:09:34'), 'mag': 5.0}, {'lat': 49.525, 'long': -28.494, 'Time': Timestamp('2007-08-27 18:09:34'), 'mag': 5.0}, {'lat': 49.525, 'long': -28.494, 'Time': Timestamp('2007-08-27 18:09:34'), 'mag': 5.0}]",3,2007-08-27 18:09:34,RDM_df_train_30D-22SW-tw12_w9.csv,2.9795444444444446
894,2007-10-11 15:59:44.663,1,"[{'lat': 13.93, 'long': -91.844, 'Time': Timestamp('2007-10-11 16:16:57'), 'mag': 5.2}]",1,2007-10-11 16:16:57,RDM_df_train_30D-22SW-tw12_w9.csv,0.2867602777777778
1067,2007-10-23 21:57:50.719,1,"[{'lat': -15.078, 'long': -177.359, 'Time': Timestamp('2007-10-24 01:43:09'), 'mag': 5.2}, {'lat': -15.078, 'long': -177.359, 'Time': Timestamp('2007-10-24 01:43:09'), 'mag': 5.2}, {'lat': -15.078, 'long': -177.359, 'Time': Timestamp('2007-10-24 01:43:09'), 'mag': 5.2}]",3,2007-10-24 01:43:09,RDM_df_train_30D-22SW-tw12_w9.csv,3.755078055555556
667,2007-08-29 14:09:24.079,1,"[{'lat': -20.948, 'long': -68.36, 'Time': Timestamp('2007-08-29 16:18:10'), 'mag': 5.5}, {'lat': -20.948, 'long': -68.36, 'Time': Timestamp('2007-08-29 16:18:10'), 'mag': 5.5}, {'lat': -20.948, 'long': -68.36, 'Time': Timestamp('2007-08-29 16:18:10'), 'mag': 5.5}]",3,2007-08-29 16:18:10,RDM_df_train_30D-22SW-tw12_w9.csv,2.1460891666666666
750,2007-09-10 16:55:23.170,1,"[{'lat': 15.413, 'long': -94.593, 'Time': Timestamp('2007-09-11 03:12:04'), 'mag': 5.0}, {'lat': 15.413, 'long': -94.593, 'Time': Timestamp('2007-09-11 03:12:04'), 'mag': 5.0}, {'lat': 15.413, 'long': -94.593, 'Time': Timestamp('2007-09-11 03:12:04'), 'mag': 5.0}]",3,2007-09-11 03:12:04,RDM_df_train_30D-22SW-tw12_w9.csv,10.278008333333334
1382,2007-12-21 17:49:23.619,1,"[{'lat': -23.068, 'long': -114.621, 'Time': Timestamp('2007-12-22 02:06:08'), 'mag': 5.0}, {'lat': -23.021, 'long': -114.29, 'Time': Timestamp('2007-12-22 02:22:07'), 'mag': 5.2}, {'lat': -23.068, 'long': -114.621, 'Time': Timestamp('2007-12-22 02:06:08'), 'mag': 5.0}, {'lat': -23.021, 'long': -114.29, 'Time': Timestamp('2007-12-22 02:22:07'), 'mag': 5.2}, {'lat': -23.068, 'long': -114.621, 'Time': Timestamp('2007-12-22 02:06:08'), 'mag': 5.0}, {'lat': -23.021, 'long': -114.29, 'Time': Timestamp('2007-12-22 02:22:07'), 'mag': 5.2}]",6,2007-12-22 02:06:08,RDM_df_train_30D-22SW-tw12_w9.csv,8.278994722222222
1075,2007-11-07 06:37:25.455,1,"[{'lat': 22.15, 'long': 92.388, 'Time': Timestamp('2007-11-07 07:10:21'), 'mag': 5.5}, {'lat': 22.15, 'long': 92.388, 'Time': Timestamp('2007-11-07 07:10:21'), 'mag': 5.5}, {'lat': 22.15, 'long': 92.388, 'Time': Timestamp('2007-11-07 07:10:21'), 'mag': 5.5}]",3,2007-11-07 07:10:21,RDM_df_train_30D-22SW-tw12_w9.csv,0.5487625
63,2007-04-26 00:23:23.542,1,"[{'lat': -18.095, 'long': 172.933, 'Time': Timestamp('2007-04-26 09:39:55'), 'mag': 5.4}, {'lat': -18.039, 'long': 172.875, 'Time': Timestamp('2007-04-26 10:00:41'), 'mag': 5.3}, {'lat': -18.095, 'long': 172.933, 'Time': Timestamp('2007-04-26 09:39:55'), 'mag': 5.4}, {'lat': -18.039, 'long': 172.875, 'Time': Timestamp('2007-04-26 10:00:41'), 'mag': 5.3}, {'lat': -18.095, 'long': 172.933, 'Time': Timestamp('2007-04-26 09:39:55'), 'mag': 5.4}, {'lat': -18.039, 'long': 172.875, 'Time': Timestamp('2007-04-26 10:00:41'), 'mag': 5.3}]",6,2007-04-26 09:39:55,RDM_df_train_30D-22SW-tw12_w9.csv,9.275405
604,2007-08-06 00:18:23.369,1,"[{'lat': -2.75, 'long': 141.606, 'Time': Timestamp('2007-08-06 00:26:35'), 'mag': 5.4}, {'lat': -2.911, 'long': 141.554, 'Time': Timestamp('2007-08-06 07:47:45'), 'mag': 5.0}, {'lat': -2.75, 'long': 141.606, 'Time': Timestamp('2007-08-06 00:26:35'), 'mag': 5.4}, {'lat': -2.911, 'long': 141.554, 'Time': Timestamp('2007-08-06 07:47:45'), 'mag': 5.0}]",4,2007-08-06 00:26:35,RDM_df_train_30D-22SW-tw12_w9.csv,0.13656416666666665
636,2007-08-17 01:43:24.802,1,"[{'lat': 14.07, 'long': 146.535, 'Time': Timestamp('2007-08-17 02:11:16'), 'mag': 5.3}, {'lat': -5.301, 'long': 129.469, 'Time': Timestamp('2007-08-17 02:16:30'), 'mag': 5.8}, {'lat': -5.261, 'long': 129.432, 'Time': Timestamp('2007-08-17 03:04:03'), 'mag': 6.4}, {'lat': -5.301, 'long': 129.469, 'Time': Timestamp('2007-08-17 02:16:30'), 'mag': 5.8}, {'lat': -5.261, 'long': 129.432, 'Time': Timestamp('2007-08-17 03:04:03'), 'mag': 6.4}, {'lat': -5.301, 'long': 129.469, 'Time': Timestamp('2007-08-17 02:16:30'), 'mag': 5.8}, {'lat': -5.261, 'long': 129.432, 'Time': Timestamp('2007-08-17 03:04:03'), 'mag': 6.4}]",7,2007-08-17 02:11:16,RDM_df_train_30D-22SW-tw12_w9.csv,0.4642216666666667
563,2007-08-09 15:53:55.803,1,"[{'lat': 25.918, 'long': -45.001, 'Time': Timestamp('2007-08-09 17:25:05'), 'mag': 5.6}, {'lat': 25.918, 'long': -45.001, 'Time': Timestamp('2007-08-09 17:25:05'), 'mag': 5.6}, {'lat': 25.918, 'long': -45.001, 'Time': Timestamp('2007-08-09 17:25:05'), 'mag': 5.6}]",3,2007-08-09 17:25:05,RDM_df_train_30D-22SW-tw12_w9.csv,1.519221388888889
1633,2008-02-19 06:05:28.750,1,"[{'lat': -3.292, 'long': 100.934, 'Time': Timestamp('2008-02-19 06:29:53'), 'mag': 5.3}, {'lat': -2.434, 'long': 99.946, 'Time': Timestamp('2008-02-19 17:01:29'), 'mag': 5.4}]",2,2008-02-19 06:29:53,RDM_df_train_30D-22SW-tw12_w9.csv,0.40673611111111113
1604,2008-02-02 22:14:51.896,1,"[{'lat': -51.75, 'long': 160.75, 'Time': Timestamp('2008-02-03 02:00:56'), 'mag': 5.2}, {'lat': -51.75, 'long': 160.75, 'Time': Timestamp('2008-02-03 02:00:56'), 'mag': 5.2}]",2,2008-02-03 02:00:56,RDM_df_train_30D-22SW-tw12_w9.csv,3.7678066666666665
1026,2007-10-23 00:23:23.739,1,"[{'lat': -6.347, 'long': 154.756, 'Time': Timestamp('2007-10-23 06:41:49'), 'mag': 5.3}, {'lat': -6.347, 'long': 154.756, 'Time': Timestamp('2007-10-23 06:41:49'), 'mag': 5.3}, {'lat': -6.347, 'long': 154.756, 'Time': Timestamp('2007-10-23 06:41:49'), 'mag': 5.3}]",3,2007-10-23 06:41:49,RDM_df_train_30D-22SW-tw12_w9.csv,6.307016944444444
1173,2007-11-20 14:14:23.753,1,"[{'lat': 13.359, 'long': -44.831, 'Time': Timestamp('2007-11-21 00:37:55'), 'mag': 5.0}, {'lat': 13.359, 'long': -44.831, 'Time': Timestamp('2007-11-21 00:37:55'), 'mag': 5.0}, {'lat': 13.359, 'long': -44.831, 'Time': Timestamp('2007-11-21 00:37:55'), 'mag': 5.0}, {'lat': -23.147, 'long': -70.392, 'Time': Timestamp('2007-11-20 16:44:28'), 'mag': 5.4}, {'lat': -22.917, 'long': -70.483, 'Time': Timestamp('2007-11-20 17:55:51'), 'mag': 6.1}, {'lat': -23.209, 'long': -70.648, 'Time': Timestamp('2007-11-20 20:55:28'), 'mag': 5.0}, {'lat': -23.147, 'long': -70.392, 'Time': Timestamp('2007-11-20 16:44:28'), 'mag': 5.4}, {'lat': -22.917, 'long': -70.483, 'Time': Timestamp('2007-11-20 17:55:51'), 'mag': 6.1}, {'lat': -23.209, 'long': -70.648, 'Time': Timestamp('2007-11-20 20:55:28'), 'mag': 5.0}]",9,2007-11-21 00:37:55,RDM_df_train_30D-22SW-tw12_w9.csv,10.392013055555557
453,2007-07-20 06:06:54.517,1,"[{'lat': 42.913, 'long': 82.378, 'Time': Timestamp('2007-07-20 10:06:52'), 'mag': 5.6}, {'lat': 42.913, 'long': 82.378, 'Time': Timestamp('2007-07-20 10:06:52'), 'mag': 5.6}, {'lat': 42.913, 'long': 82.378, 'Time': Timestamp('2007-07-20 10:06:52'), 'mag': 5.6}]",3,2007-07-20 10:06:52,RDM_df_train_30D-22SW-tw12_w9.csv,3.9993008333333333
1553,2008-01-21 06:42:55.390,1,"[{'lat': -10.566, 'long': 41.571, 'Time': Timestamp('2008-01-21 15:28:35'), 'mag': 5.1}]",1,2008-01-21 15:28:35,RDM_df_train_30D-22SW-tw12_w9.csv,8.761002777777778
657,2007-08-09 18:02:23.276,1,"[{'lat': -50.25, 'long': -115.75, 'Time': Timestamp('2007-08-09 18:59:12'), 'mag': 5.1}, {'lat': -50.25, 'long': -115.75, 'Time': Timestamp('2007-08-09 18:59:12'), 'mag': 5.1}, {'lat': -50.25, 'long': -115.75, 'Time': Timestamp('2007-08-09 18:59:12'), 'mag': 5.1}]",3,2007-08-09 18:59:12,RDM_df_train_30D-22SW-tw12_w9.csv,0.9468677777777779
1218,2007-12-07 00:47:17.930,1,"[{'lat': 46.643, 'long': 152.302, 'Time': Timestamp('2007-12-07 11:30:12'), 'mag': 5.3}, {'lat': 46.643, 'long': 152.302, 'Time': Timestamp('2007-12-07 11:30:12'), 'mag': 5.3}, {'lat': 46.643, 'long': 152.302, 'Time': Timestamp('2007-12-07 11:30:12'), 'mag': 5.3}, {'lat': 29.935, 'long': 141.003, 'Time': Timestamp('2007-12-07 00:47:37'), 'mag': 5.9}, {'lat': 29.935, 'long': 141.003, 'Time': Timestamp('2007-12-07 00:47:37'), 'mag': 5.9}]",5,2007-12-07 11:30:12,RDM_df_train_30D-22SW-tw12_w9.csv,10.715019444444444
587,2007-08-12 22:46:54.270,1,"[{'lat': -30.518, 'long': -177.565, 'Time': Timestamp('2007-08-13 10:11:11'), 'mag': 5.1}, {'lat': -30.518, 'long': -177.565, 'Time': Timestamp('2007-08-13 10:11:11'), 'mag': 5.1}, {'lat': -60.549, 'long': 153.785, 'Time': Timestamp('2007-08-13 10:27:23'), 'mag': 6.1}]",3,2007-08-13 10:11:11,RDM_df_train_30D-22SW-tw12_w9.csv,11.404647222222223
1849,2008-04-11 01:59:17.327,1,"[{'lat': 16.226, 'long': 145.107, 'Time': Timestamp('2008-04-11 02:01:53'), 'mag': 5.0}, {'lat': 16.185, 'long': 144.932, 'Time': Timestamp('2008-04-11 02:23:25'), 'mag': 5.3}, {'lat': 16.128, 'long': 144.853, 'Time': Timestamp('2008-04-11 02:44:51'), 'mag': 5.1}, {'lat': 16.099, 'long': 144.958, 'Time': Timestamp('2008-04-11 03:16:40'), 'mag': 5.5}, {'lat': 16.174, 'long': 144.885, 'Time': Timestamp('2008-04-11 05:02:53'), 'mag': 5.5}, {'lat': 16.205, 'long': 144.909, 'Time': Timestamp('2008-04-11 09:56:21'), 'mag': 5.4}, {'lat': 16.226, 'long': 145.107, 'Time': Timestamp('2008-04-11 02:01:53'), 'mag': 5.0}, {'lat': 16.185, 'long': 144.932, 'Time': Timestamp('2008-04-11 02:23:25'), 'mag': 5.3}, {'lat': 16.128, 'long': 144.853, 'Time': Timestamp('2008-04-11 02:44:51'), 'mag': 5.1}, {'lat': 16.099, 'long': 144.958, 'Time': Timestamp('2008-04-11 03:16:40'), 'mag': 5.5}, {'lat': 16.174, 'long': 144.885, 'Time': Timestamp('2008-04-11 05:02:53'), 'mag': 5.5}, {'lat': 16.205, 'long': 144.909, 'Time': Timestamp('2008-04-11 09:56:21'), 'mag': 5.4}, {'lat': 16.226, 'long': 145.107, 'Time': Timestamp('2008-04-11 02:01:53'), 'mag': 5.0}, {'lat': 16.185, 'long': 144.932, 'Time': Timestamp('2008-04-11 02:23:25'), 'mag': 5.3}, {'lat': 16.128, 'long': 144.853, 'Time': Timestamp('2008-04-11 02:44:51'), 'mag': 5.1}, {'lat': 16.099, 'long': 144.958, 'Time': Timestamp('2008-04-11 03:16:40'), 'mag': 5.5}, {'lat': 16.174, 'long': 144.885, 'Time': Timestamp('2008-04-11 05:02:53'), 'mag': 5.5}, {'lat': 16.205, 'long': 144.909, 'Time': Timestamp('2008-04-11 09:56:21'), 'mag': 5.4}]",18,2008-04-11 02:01:53,RDM_df_train_30D-22SW-tw12_w9.csv,0.0432425
723,2007-08-17 00:05:53.252,1,"[{'lat': 14.07, 'long': 146.535, 'Time': Timestamp('2007-08-17 02:11:16'), 'mag': 5.3}]",1,2007-08-17 02:11:16,RDM_df_train_30D-22SW-tw12_w9.csv,2.089652222222222
129,2007-05-01 01:35:53.334,1,"[{'lat': -7.168, 'long': 155.107, 'Time': Timestamp('2007-05-01 01:45:23'), 'mag': 5.8}, {'lat': -7.168, 'long': 155.107, 'Time': Timestamp('2007-05-01 01:45:23'), 'mag': 5.8}, {'lat': -7.168, 'long': 155.107, 'Time': Timestamp('2007-05-01 01:45:23'), 'mag': 5.8}]",3,2007-05-01 01:45:23,RDM_df_train_30D-22SW-tw12_w9.csv,0.15824055555555558
576,2007-07-27 23:23:21.838,1,"[{'lat': -15.898, 'long': -175.288, 'Time': Timestamp('2007-07-28 08:53:13'), 'mag': 5.4}, {'lat': -15.898, 'long': -175.288, 'Time': Timestamp('2007-07-28 08:53:13'), 'mag': 5.4}]",2,2007-07-28 08:53:13,RDM_df_train_30D-22SW-tw12_w9.csv,9.497544999999999
570,2007-08-10 18:02:23.830,1,"[{'lat': -35.852, 'long': -102.904, 'Time': Timestamp('2007-08-10 20:43:15'), 'mag': 5.3}, {'lat': -35.852, 'long': -102.904, 'Time': Timestamp('2007-08-10 20:43:15'), 'mag': 5.3}, {'lat': -35.852, 'long': -102.904, 'Time': Timestamp('2007-08-10 20:43:15'), 'mag': 5.3}]",3,2007-08-10 20:43:15,RDM_df_train_30D-22SW-tw12_w9.csv,2.6808805555555555
852,2007-09-23 22:46:53.370,1,"[{'lat': -15.337, 'long': 167.844, 'Time': Timestamp('2007-09-24 09:33:33'), 'mag': 5.0}, {'lat': -15.337, 'long': 167.844, 'Time': Timestamp('2007-09-24 09:33:33'), 'mag': 5.0}, {'lat': -15.337, 'long': 167.844, 'Time': Timestamp('2007-09-24 09:33:33'), 'mag': 5.0}]",3,2007-09-24 09:33:33,RDM_df_train_30D-22SW-tw12_w9.csv,10.777674999999999
1690,2008-02-26 09:33:22.312,1,"[{'lat': 35.907, 'long': 21.866, 'Time': Timestamp('2008-02-26 10:46:07'), 'mag': 5.4}, {'lat': 36.09, 'long': 21.886, 'Time': Timestamp('2008-02-26 16:10:40'), 'mag': 5.0}, {'lat': 35.907, 'long': 21.866, 'Time': Timestamp('2008-02-26 10:46:07'), 'mag': 5.4}, {'lat': 36.09, 'long': 21.886, 'Time': Timestamp('2008-02-26 16:10:40'), 'mag': 5.0}, {'lat': 35.907, 'long': 21.866, 'Time': Timestamp('2008-02-26 10:46:07'), 'mag': 5.4}, {'lat': 36.09, 'long': 21.886, 'Time': Timestamp('2008-02-26 16:10:40'), 'mag': 5.0}]",6,2008-02-26 10:46:07,RDM_df_train_30D-22SW-tw12_w9.csv,1.2124133333333333
160,2007-05-28 23:46:53.720,1,"[{'lat': -4.587, 'long': 151.841, 'Time': Timestamp('2007-05-29 01:03:27'), 'mag': 6.1}, {'lat': -4.587, 'long': 151.841, 'Time': Timestamp('2007-05-29 01:03:27'), 'mag': 6.1}, {'lat': -13.833, 'long': 166.615, 'Time': Timestamp('2007-05-29 05:48:29'), 'mag': 5.7}, {'lat': -13.833, 'long': 166.615, 'Time': Timestamp('2007-05-29 05:48:29'), 'mag': 5.7}]",4,2007-05-29 01:03:27,RDM_df_train_30D-22SW-tw12_w9.csv,1.275911111111111
1173,2007-11-20 14:14:23.753,1,"[{'lat': 13.359, 'long': -44.831, 'Time': Timestamp('2007-11-21 00:37:55'), 'mag': 5.0}, {'lat': 13.359, 'long': -44.831, 'Time': Timestamp('2007-11-21 00:37:55'), 'mag': 5.0}, {'lat': 13.359, 'long': -44.831, 'Time': Timestamp('2007-11-21 00:37:55'), 'mag': 5.0}, {'lat': -23.147, 'long': -70.392, 'Time': Timestamp('2007-11-20 16:44:28'), 'mag': 5.4}, {'lat': -22.917, 'long': -70.483, 'Time': Timestamp('2007-11-20 17:55:51'), 'mag': 6.1}, {'lat': -23.209, 'long': -70.648, 'Time': Timestamp('2007-11-20 20:55:28'), 'mag': 5.0}, {'lat': -23.147, 'long': -70.392, 'Time': Timestamp('2007-11-20 16:44:28'), 'mag': 5.4}, {'lat': -22.917, 'long': -70.483, 'Time': Timestamp('2007-11-20 17:55:51'), 'mag': 6.1}, {'lat': -23.209, 'long': -70.648, 'Time': Timestamp('2007-11-20 20:55:28'), 'mag': 5.0}]",9,2007-11-21 00:37:55,RDM_df_train_30D-22SW-tw12_w9.csv,10.392013055555557
1240,2007-11-29 23:34:23.811,1,"[{'lat': -10.993, 'long': 162.222, 'Time': Timestamp('2007-11-30 01:11:47'), 'mag': 5.2}, {'lat': -10.993, 'long': 162.222, 'Time': Timestamp('2007-11-30 01:11:47'), 'mag': 5.2}, {'lat': -10.993, 'long': 162.222, 'Time': Timestamp('2007-11-30 01:11:47'), 'mag': 5.2}]",3,2007-11-30 01:11:47,RDM_df_train_30D-22SW-tw12_w9.csv,1.6231080555555557
1848,2008-03-24 22:44:53.948,1,"[{'lat': 52.538, 'long': -168.73, 'Time': Timestamp('2008-03-25 00:57:47'), 'mag': 5.2}, {'lat': 52.371, 'long': -168.638, 'Time': Timestamp('2008-03-25 01:14:21'), 'mag': 5.0}, {'lat': 52.421, 'long': -168.626, 'Time': Timestamp('2008-03-25 01:26:25'), 'mag': 5.0}, {'lat': 52.538, 'long': -168.73, 'Time': Timestamp('2008-03-25 00:57:47'), 'mag': 5.2}, {'lat': 52.371, 'long': -168.638, 'Time': Timestamp('2008-03-25 01:14:21'), 'mag': 5.0}, {'lat': 52.421, 'long': -168.626, 'Time': Timestamp('2008-03-25 01:26:25'), 'mag': 5.0}, {'lat': 52.538, 'long': -168.73, 'Time': Timestamp('2008-03-25 00:57:47'), 'mag': 5.2}, {'lat': 52.371, 'long': -168.638, 'Time': Timestamp('2008-03-25 01:14:21'), 'mag': 5.0}, {'lat': 52.421, 'long': -168.626, 'Time': Timestamp('2008-03-25 01:26:25'), 'mag': 5.0}]",9,2008-03-25 00:57:47,RDM_df_train_30D-22SW-tw12_w9.csv,2.2147366666666666
567,2007-07-24 08:10:43.669,1,"[{'lat': 27.64, 'long': 56.14, 'Time': Timestamp('2007-07-24 10:08:06'), 'mag': 5.0}, {'lat': 27.64, 'long': 56.14, 'Time': Timestamp('2007-07-24 10:08:06'), 'mag': 5.0}, {'lat': 27.64, 'long': 56.14, 'Time': Timestamp('2007-07-24 10:08:06'), 'mag': 5.0}]",3,2007-07-24 10:08:06,RDM_df_train_30D-22SW-tw12_w9.csv,1.9562030555555556
940,2007-10-04 05:18:22.810,1,"[{'lat': 2.543, 'long': 92.903, 'Time': Timestamp('2007-10-04 12:40:31'), 'mag': 6.2}, {'lat': 2.543, 'long': 92.903, 'Time': Timestamp('2007-10-04 12:40:31'), 'mag': 6.2}]",2,2007-10-04 12:40:31,RDM_df_train_30D-22SW-tw12_w9.csv,7.368941666666666
1257,2007-12-05 14:14:23.230,1,"[{'lat': -23.517, 'long': -70.74, 'Time': Timestamp('2007-12-06 01:11:09'), 'mag': 5.1}, {'lat': -23.517, 'long': -70.74, 'Time': Timestamp('2007-12-06 01:11:09'), 'mag': 5.1}]",2,2007-12-06 01:11:09,RDM_df_train_30D-22SW-tw12_w9.csv,10.946047222222221
327,2007-06-29 10:11:55.170,1,"[{'lat': 39.268, 'long': 20.263, 'Time': Timestamp('2007-06-29 18:09:11'), 'mag': 5.4}, {'lat': 39.268, 'long': 20.263, 'Time': Timestamp('2007-06-29 18:09:11'), 'mag': 5.4}, {'lat': 39.268, 'long': 20.263, 'Time': Timestamp('2007-06-29 18:09:11'), 'mag': 5.4}]",3,2007-06-29 18:09:11,RDM_df_train_30D-22SW-tw12_w9.csv,7.954397222222223
1105,2007-11-15 11:20:23.671,1,"[{'lat': -56.313, 'long': -26.635, 'Time': Timestamp('2007-11-15 12:42:36'), 'mag': 5.0}, {'lat': -56.313, 'long': -26.635, 'Time': Timestamp('2007-11-15 12:42:36'), 'mag': 5.0}]",2,2007-11-15 12:42:36,RDM_df_train_30D-22SW-tw12_w9.csv,1.3700913888888888
929,2007-10-14 07:33:26.209,1,"[{'lat': -22.844, 'long': 69.432, 'Time': Timestamp('2007-10-14 18:46:32'), 'mag': 5.0}, {'lat': -22.844, 'long': 69.432, 'Time': Timestamp('2007-10-14 18:46:32'), 'mag': 5.0}, {'lat': -22.844, 'long': 69.432, 'Time': Timestamp('2007-10-14 18:46:32'), 'mag': 5.0}]",3,2007-10-14 18:46:32,RDM_df_train_30D-22SW-tw12_w9.csv,11.218275277777778
894,2007-10-11 15:59:44.663,1,"[{'lat': 13.93, 'long': -91.844, 'Time': Timestamp('2007-10-11 16:16:57'), 'mag': 5.2}]",1,2007-10-11 16:16:57,RDM_df_train_30D-22SW-tw12_w9.csv,0.2867602777777778
1195,2007-11-14 16:17:19.351,1,"[{'lat': -23.147, 'long': -70.008, 'Time': Timestamp('2007-11-14 17:18:45'), 'mag': 5.1}, {'lat': -23.215, 'long': -70.526, 'Time': Timestamp('2007-11-14 17:44:04'), 'mag': 5.7}, {'lat': -23.172, 'long': -70.476, 'Time': Timestamp('2007-11-14 17:53:28'), 'mag': 5.0}, {'lat': -22.67, 'long': -70.292, 'Time': Timestamp('2007-11-14 18:55:49'), 'mag': 5.1}, {'lat': -22.317, 'long': -69.842, 'Time': Timestamp('2007-11-14 19:17:24'), 'mag': 5.0}, {'lat': -23.218, 'long': -70.526, 'Time': Timestamp('2007-11-15 01:46:34'), 'mag': 5.0}, {'lat': -23.147, 'long': -70.008, 'Time': Timestamp('2007-11-14 17:18:45'), 'mag': 5.1}, {'lat': -23.215, 'long': -70.526, 'Time': Timestamp('2007-11-14 17:44:04'), 'mag': 5.7}, {'lat': -23.172, 'long': -70.476, 'Time': Timestamp('2007-11-14 17:53:28'), 'mag': 5.0}, {'lat': -22.67, 'long': -70.292, 'Time': Timestamp('2007-11-14 18:55:49'), 'mag': 5.1}, {'lat': -22.317, 'long': -69.842, 'Time': Timestamp('2007-11-14 19:17:24'), 'mag': 5.0}, {'lat': -23.218, 'long': -70.526, 'Time': Timestamp('2007-11-15 01:46:34'), 'mag': 5.0}, {'lat': -23.147, 'long': -70.008, 'Time': Timestamp('2007-11-14 17:18:45'), 'mag': 5.1}, {'lat': -23.215, 'long': -70.526, 'Time': Timestamp('2007-11-14 17:44:04'), 'mag': 5.7}, {'lat': -23.172, 'long': -70.476, 'Time': Timestamp('2007-11-14 17:53:28'), 'mag': 5.0}, {'lat': -22.67, 'long': -70.292, 'Time': Timestamp('2007-11-14 18:55:49'), 'mag': 5.1}, {'lat': -22.317, 'long': -69.842, 'Time': Timestamp('2007-11-14 19:17:24'), 'mag': 5.0}, {'lat': -23.218, 'long': -70.526, 'Time': Timestamp('2007-11-15 01:46:34'), 'mag': 5.0}, {'lat': 13.8, 'long': -90.748, 'Time': Timestamp('2007-11-14 17:35:41'), 'mag': 5.2}, {'lat': 13.8, 'long': -90.748, 'Time': Timestamp('2007-11-14 17:35:41'), 'mag': 5.2}, {'lat': 13.8, 'long': -90.748, 'Time': Timestamp('2007-11-14 17:35:41'), 'mag': 5.2}]",21,2007-11-14 17:18:45,RDM_df_train_30D-22SW-tw12_w9.csv,1.0237913888888888
647,2007-08-09 17:01:23.474,1,"[{'lat': -50.25, 'long': -115.75, 'Time': Timestamp('2007-08-09 18:59:12'), 'mag': 5.1}, {'lat': -50.25, 'long': -115.75, 'Time': Timestamp('2007-08-09 18:59:12'), 'mag': 5.1}, {'lat': -50.25, 'long': -115.75, 'Time': Timestamp('2007-08-09 18:59:12'), 'mag': 5.1}]",3,2007-08-09 18:59:12,RDM_df_train_30D-22SW-tw12_w9.csv,1.9634794444444443
1158,2007-11-12 00:04:53.641,1,"[{'lat': 10.449, 'long': 145.746, 'Time': Timestamp('2007-11-12 00:25:44'), 'mag': 5.7}, {'lat': 10.449, 'long': 145.746, 'Time': Timestamp('2007-11-12 00:25:44'), 'mag': 5.7}]",2,2007-11-12 00:25:44,RDM_df_train_30D-22SW-tw12_w9.csv,0.3473219444444444
1591,2008-02-20 00:28:15.844,1,"[{'lat': -10.095, 'long': 161.437, 'Time': Timestamp('2008-02-20 11:51:11'), 'mag': 5.0}, {'lat': -10.095, 'long': 161.437, 'Time': Timestamp('2008-02-20 11:51:11'), 'mag': 5.0}, {'lat': -10.095, 'long': 161.437, 'Time': Timestamp('2008-02-20 11:51:11'), 'mag': 5.0}, {'lat': -7.138, 'long': 156.035, 'Time': Timestamp('2008-02-20 06:42:46'), 'mag': 5.0}, {'lat': -7.138, 'long': 156.035, 'Time': Timestamp('2008-02-20 06:42:46'), 'mag': 5.0}, {'lat': -7.138, 'long': 156.035, 'Time': Timestamp('2008-02-20 06:42:46'), 'mag': 5.0}]",6,2008-02-20 11:51:11,RDM_df_train_30D-22SW-tw12_w9.csv,11.381987777777779
1536,2008-01-26 00:16:23.806,1,"[{'lat': -22.534, 'long': 173.263, 'Time': Timestamp('2008-01-26 04:00:14'), 'mag': 5.1}, {'lat': -22.534, 'long': 173.263, 'Time': Timestamp('2008-01-26 04:00:14'), 'mag': 5.1}, {'lat': -22.534, 'long': 173.263, 'Time': Timestamp('2008-01-26 04:00:14'), 'mag': 5.1}]",3,2008-01-26 04:00:14,RDM_df_train_30D-22SW-tw12_w9.csv,3.730609444444444
1753,2008-03-24 07:31:22.875,1,"[{'lat': 35.6, 'long': 81.644, 'Time': Timestamp('2008-03-24 07:58:32'), 'mag': 5.1}, {'lat': 35.6, 'long': 81.644, 'Time': Timestamp('2008-03-24 07:58:32'), 'mag': 5.1}, {'lat': 35.6, 'long': 81.644, 'Time': Timestamp('2008-03-24 07:58:32'), 'mag': 5.1}]",3,2008-03-24 07:58:32,RDM_df_train_30D-22SW-tw12_w9.csv,0.45253472222222224
1364,2007-12-18 16:17:19.409,1,"[{'lat': 19.198, 'long': -64.648, 'Time': Timestamp('2007-12-19 01:57:23'), 'mag': 5.3}, {'lat': 19.198, 'long': -64.648, 'Time': Timestamp('2007-12-19 01:57:23'), 'mag': 5.3}, {'lat': 19.198, 'long': -64.648, 'Time': Timestamp('2007-12-19 01:57:23'), 'mag': 5.3}]",3,2007-12-19 01:57:23,RDM_df_train_30D-22SW-tw12_w9.csv,9.667664166666667
750,2007-09-10 16:55:23.170,1,"[{'lat': 15.413, 'long': -94.593, 'Time': Timestamp('2007-09-11 03:12:04'), 'mag': 5.0}, {'lat': 15.413, 'long': -94.593, 'Time': Timestamp('2007-09-11 03:12:04'), 'mag': 5.0}, {'lat': 15.413, 'long': -94.593, 'Time': Timestamp('2007-09-11 03:12:04'), 'mag': 5.0}]",3,2007-09-11 03:12:04,RDM_df_train_30D-22SW-tw12_w9.csv,10.278008333333334
1300,2007-12-05 02:24:52.419,1,"[{'lat': -5.597, 'long': 148.401, 'Time': Timestamp('2007-12-05 12:55:03'), 'mag': 5.0}, {'lat': -5.597, 'long': 148.401, 'Time': Timestamp('2007-12-05 12:55:03'), 'mag': 5.0}, {'lat': -5.597, 'long': 148.401, 'Time': Timestamp('2007-12-05 12:55:03'), 'mag': 5.0}, {'lat': 25.824, 'long': 124.19, 'Time': Timestamp('2007-12-05 04:33:37'), 'mag': 5.0}, {'lat': 25.824, 'long': 124.19, 'Time': Timestamp('2007-12-05 04:33:37'), 'mag': 5.0}, {'lat': 25.824, 'long': 124.19, 'Time': Timestamp('2007-12-05 04:33:37'), 'mag': 5.0}]",6,2007-12-05 12:55:03,RDM_df_train_30D-22SW-tw12_w9.csv,10.502939166666666
1152,2007-11-21 23:34:23.240,1,"[{'lat': 51.172, 'long': -179.796, 'Time': Timestamp('2007-11-22 10:38:56'), 'mag': 5.4}]",1,2007-11-22 10:38:56,RDM_df_train_30D-22SW-tw12_w9.csv,11.075766666666667
352,2007-06-21 01:17:52.656,1,"[{'lat': -18.122, 'long': 168.234, 'Time': Timestamp('2007-06-21 12:40:12'), 'mag': 5.0}, {'lat': -18.122, 'long': 168.234, 'Time': Timestamp('2007-06-21 12:40:12'), 'mag': 5.0}, {'lat': 46.483, 'long': 153.316, 'Time': Timestamp('2007-06-21 04:39:16'), 'mag': 5.3}, {'lat': 46.483, 'long': 153.316, 'Time': Timestamp('2007-06-21 04:39:16'), 'mag': 5.3}, {'lat': 46.483, 'long': 153.316, 'Time': Timestamp('2007-06-21 04:39:16'), 'mag': 5.3}]",5,2007-06-21 12:40:12,RDM_df_train_30D-22SW-tw12_w9.csv,11.372039999999998
1064,2007-11-03 12:10:23.582,1,"[{'lat': -55.284, 'long': -29.439, 'Time': Timestamp('2007-11-03 13:52:11'), 'mag': 5.2}, {'lat': -55.284, 'long': -29.439, 'Time': Timestamp('2007-11-03 13:52:11'), 'mag': 5.2}]",2,2007-11-03 13:52:11,RDM_df_train_30D-22SW-tw12_w9.csv,1.696505
1129,2007-11-15 23:10:23.662,1,"[{'lat': -21.656, 'long': -173.836, 'Time': Timestamp('2007-11-16 07:54:01'), 'mag': 5.1}, {'lat': -21.656, 'long': -173.836, 'Time': Timestamp('2007-11-16 07:54:01'), 'mag': 5.1}, {'lat': -21.656, 'long': -173.836, 'Time': Timestamp('2007-11-16 07:54:01'), 'mag': 5.1}]",3,2007-11-16 07:54:01,RDM_df_train_30D-22SW-tw12_w9.csv,8.727038333333333
829,2007-09-25 23:59:53.964,1,"[{'lat': -39.54, 'long': 178.5, 'Time': Timestamp('2007-09-26 10:54:16'), 'mag': 5.0}, {'lat': -39.54, 'long': 178.5, 'Time': Timestamp('2007-09-26 10:54:16'), 'mag': 5.0}, {'lat': -39.54, 'long': 178.5, 'Time': Timestamp('2007-09-26 10:54:16'), 'mag': 5.0}]",3,2007-09-26 10:54:16,RDM_df_train_30D-22SW-tw12_w9.csv,10.90612111111111
1581,2008-02-06 14:13:23.285,1,"[{'lat': 15.003, 'long': -60.407, 'Time': Timestamp('2008-02-06 18:37:57'), 'mag': 5.3}, {'lat': 15.003, 'long': -60.407, 'Time': Timestamp('2008-02-06 18:37:57'), 'mag': 5.3}, {'lat': 15.003, 'long': -60.407, 'Time': Timestamp('2008-02-06 18:37:57'), 'mag': 5.3}]",3,2008-02-06 18:37:57,RDM_df_train_30D-22SW-tw12_w9.csv,4.409365277777778
1912,2008-04-07 22:20:54.731,1,"[{'lat': -19.965, 'long': 168.452, 'Time': Timestamp('2008-04-07 22:54:36'), 'mag': 5.8}, {'lat': -19.965, 'long': 168.452, 'Time': Timestamp('2008-04-07 22:54:36'), 'mag': 5.8}, {'lat': -19.965, 'long': 168.452, 'Time': Timestamp('2008-04-07 22:54:36'), 'mag': 5.8}]",3,2008-04-07 22:54:36,RDM_df_train_30D-22SW-tw12_w9.csv,0.5614636111111111
1843,2008-03-24 06:23:55.979,1,"[{'lat': 35.6, 'long': 81.644, 'Time': Timestamp('2008-03-24 07:58:32'), 'mag': 5.1}, {'lat': 35.6, 'long': 81.644, 'Time': Timestamp('2008-03-24 07:58:32'), 'mag': 5.1}]",2,2008-03-24 07:58:32,RDM_df_train_30D-22SW-tw12_w9.csv,1.5766725
1671,2008-02-23 12:27:23.253,1,"[{'lat': -57.335, 'long': -23.433, 'Time': Timestamp('2008-02-23 15:57:20'), 'mag': 6.8}, {'lat': -57.028, 'long': -23.528, 'Time': Timestamp('2008-02-23 17:58:24'), 'mag': 5.0}, {'lat': -57.335, 'long': -23.433, 'Time': Timestamp('2008-02-23 15:57:20'), 'mag': 6.8}, {'lat': -57.028, 'long': -23.528, 'Time': Timestamp('2008-02-23 17:58:24'), 'mag': 5.0}, {'lat': 40.684, 'long': -29.34, 'Time': Timestamp('2008-02-23 12:35:31'), 'mag': 5.1}, {'lat': 40.684, 'long': -29.34, 'Time': Timestamp('2008-02-23 12:35:31'), 'mag': 5.1}]",6,2008-02-23 15:57:20,RDM_df_train_30D-22SW-tw12_w9.csv,3.499096388888889
576,2007-07-27 23:23:21.838,1,"[{'lat': -15.898, 'long': -175.288, 'Time': Timestamp('2007-07-28 08:53:13'), 'mag': 5.4}, {'lat': -15.898, 'long': -175.288, 'Time': Timestamp('2007-07-28 08:53:13'), 'mag': 5.4}]",2,2007-07-28 08:53:13,RDM_df_train_30D-22SW-tw12_w9.csv,9.497544999999999
1459,2008-01-22 06:18:52.104,1,"[{'lat': 0.922, 'long': 97.462, 'Time': Timestamp('2008-01-22 17:14:52'), 'mag': 5.4}, {'lat': 1.011, 'long': 97.442, 'Time': Timestamp('2008-01-22 17:14:57'), 'mag': 6.2}]",2,2008-01-22 17:14:52,RDM_df_train_30D-22SW-tw12_w9.csv,10.933304444444445
927,2007-10-02 21:45:25.346,1,"[{'lat': -48.635, 'long': 164.658, 'Time': Timestamp('2007-10-03 01:43:25'), 'mag': 5.1}, {'lat': -48.724, 'long': 164.698, 'Time': Timestamp('2007-10-03 03:32:56'), 'mag': 5.1}]",2,2007-10-03 01:43:25,RDM_df_train_30D-22SW-tw12_w9.csv,3.9665705555555557
1644,2008-02-19 22:56:53.351,1,"[{'lat': -34.29, 'long': -179.088, 'Time': Timestamp('2008-02-20 01:41:24'), 'mag': 5.0}, {'lat': -34.29, 'long': -179.088, 'Time': Timestamp('2008-02-20 01:41:24'), 'mag': 5.0}, {'lat': -34.29, 'long': -179.088, 'Time': Timestamp('2008-02-20 01:41:24'), 'mag': 5.0}]",3,2008-02-20 01:41:24,RDM_df_train_30D-22SW-tw12_w9.csv,2.741846944444444
566,2007-07-20 01:36:51.877,1,"[{'lat': -1.144, 'long': 127.07, 'Time': Timestamp('2007-07-20 09:06:37'), 'mag': 5.0}, {'lat': -1.144, 'long': 127.07, 'Time': Timestamp('2007-07-20 09:06:37'), 'mag': 5.0}, {'lat': -1.144, 'long': 127.07, 'Time': Timestamp('2007-07-20 09:06:37'), 'mag': 5.0}, {'lat': -9.36, 'long': 117.988, 'Time': Timestamp('2007-07-20 09:49:46'), 'mag': 5.2}]",4,2007-07-20 09:06:37,RDM_df_train_30D-22SW-tw12_w9.csv,7.4958675
545,2007-07-15 11:02:21.164,1,"[{'lat': -59.987, 'long': -26.104, 'Time': Timestamp('2007-07-15 12:09:48'), 'mag': 5.2}]",1,2007-07-15 12:09:48,RDM_df_train_30D-22SW-tw12_w9.csv,1.1241211111111111
132,2007-05-04 13:06:23.224,1,"[{'lat': -56.46, 'long': -27.322, 'Time': Timestamp('2007-05-04 17:37:47'), 'mag': 5.0}, {'lat': -56.46, 'long': -27.322, 'Time': Timestamp('2007-05-04 17:37:47'), 'mag': 5.0}, {'lat': -60.867, 'long': -20.124, 'Time': Timestamp('2007-05-04 18:01:26'), 'mag': 5.0}]",3,2007-05-04 17:37:47,RDM_df_train_30D-22SW-tw12_w9.csv,4.523271111111111
531,2007-08-01 22:34:54.076,1,"[{'lat': 51.307, 'long': -179.971, 'Time': Timestamp('2007-08-02 03:21:42'), 'mag': 6.7}, {'lat': 51.09, 'long': -179.863, 'Time': Timestamp('2007-08-02 03:24:40'), 'mag': 5.3}, {'lat': 51.209, 'long': -179.961, 'Time': Timestamp('2007-08-02 06:23:11'), 'mag': 5.6}, {'lat': 51.307, 'long': -179.971, 'Time': Timestamp('2007-08-02 03:21:42'), 'mag': 6.7}, {'lat': 51.09, 'long': -179.863, 'Time': Timestamp('2007-08-02 03:24:40'), 'mag': 5.3}, {'lat': 51.209, 'long': -179.961, 'Time': Timestamp('2007-08-02 06:23:11'), 'mag': 5.6}]",6,2007-08-02 03:21:42,RDM_df_train_30D-22SW-tw12_w9.csv,4.7799788888888886
1459,2008-01-22 06:18:52.104,1,"[{'lat': 0.922, 'long': 97.462, 'Time': Timestamp('2008-01-22 17:14:52'), 'mag': 5.4}, {'lat': 1.011, 'long': 97.442, 'Time': Timestamp('2008-01-22 17:14:57'), 'mag': 6.2}]",2,2008-01-22 17:14:52,RDM_df_train_30D-22SW-tw12_w9.csv,10.933304444444445
1799,2008-03-16 00:39:45.213,1,"[{'lat': 26.908, 'long': 142.763, 'Time': Timestamp('2008-03-16 04:16:47'), 'mag': 5.0}, {'lat': 26.908, 'long': 142.763, 'Time': Timestamp('2008-03-16 04:16:47'), 'mag': 5.0}, {'lat': 26.908, 'long': 142.763, 'Time': Timestamp('2008-03-16 04:16:47'), 'mag': 5.0}]",3,2008-03-16 04:16:47,RDM_df_train_30D-22SW-tw12_w9.csv,3.617163055555556
1872,2008-03-24 13:54:53.767,1,"[{'lat': -20.043, 'long': -68.963, 'Time': Timestamp('2008-03-24 20:39:07'), 'mag': 6.2}]",1,2008-03-24 20:39:07,RDM_df_train_30D-22SW-tw12_w9.csv,6.737009166666667
816,2007-09-23 16:30:53.970,1,"[{'lat': -12.686, 'long': -71.316, 'Time': Timestamp('2007-09-24 02:25:44'), 'mag': 5.1}, {'lat': -12.686, 'long': -71.316, 'Time': Timestamp('2007-09-24 02:25:44'), 'mag': 5.1}, {'lat': -12.686, 'long': -71.316, 'Time': Timestamp('2007-09-24 02:25:44'), 'mag': 5.1}]",3,2007-09-24 02:25:44,RDM_df_train_30D-22SW-tw12_w9.csv,9.913897222222221
1050,2007-11-07 06:12:55.999,1,"[{'lat': 22.15, 'long': 92.388, 'Time': Timestamp('2007-11-07 07:10:21'), 'mag': 5.5}, {'lat': 22.15, 'long': 92.388, 'Time': Timestamp('2007-11-07 07:10:21'), 'mag': 5.5}, {'lat': 22.15, 'long': 92.388, 'Time': Timestamp('2007-11-07 07:10:21'), 'mag': 5.5}]",3,2007-11-07 07:10:21,RDM_df_train_30D-22SW-tw12_w9.csv,0.9569447222222223
817,2007-09-16 19:45:24.023,1,"[{'lat': 24.489, 'long': -109.85, 'Time': Timestamp('2007-09-17 00:16:31'), 'mag': 5.4}, {'lat': 24.489, 'long': -109.85, 'Time': Timestamp('2007-09-17 00:16:31'), 'mag': 5.4}, {'lat': 24.489, 'long': -109.85, 'Time': Timestamp('2007-09-17 00:16:31'), 'mag': 5.4}]",3,2007-09-17 00:16:31,RDM_df_train_30D-22SW-tw12_w9.csv,4.518604722222222
1254,2007-11-22 23:28:23.988,1,"[{'lat': -4.63, 'long': 151.869, 'Time': Timestamp('2007-11-23 01:26:47'), 'mag': 5.9}]",1,2007-11-23 01:26:47,RDM_df_train_30D-22SW-tw12_w9.csv,1.973058888888889
1188,2007-11-29 00:59:23.714,1,"[{'lat': -57.232, 'long': 147.903, 'Time': Timestamp('2007-11-29 01:50:30'), 'mag': 5.1}]",1,2007-11-29 01:50:30,RDM_df_train_30D-22SW-tw12_w9.csv,0.8517461111111111
117,2007-05-16 00:35:23.532,1,"[{'lat': 48.858, 'long': 154.768, 'Time': Timestamp('2007-05-16 10:17:45'), 'mag': 5.5}, {'lat': 48.858, 'long': 154.768, 'Time': Timestamp('2007-05-16 10:17:45'), 'mag': 5.5}, {'lat': 48.858, 'long': 154.768, 'Time': Timestamp('2007-05-16 10:17:45'), 'mag': 5.5}]",3,2007-05-16 10:17:45,RDM_df_train_30D-22SW-tw12_w9.csv,9.705963333333333
567,2007-07-24 08:10:43.669,1,"[{'lat': 27.64, 'long': 56.14, 'Time': Timestamp('2007-07-24 10:08:06'), 'mag': 5.0}, {'lat': 27.64, 'long': 56.14, 'Time': Timestamp('2007-07-24 10:08:06'), 'mag': 5.0}, {'lat': 27.64, 'long': 56.14, 'Time': Timestamp('2007-07-24 10:08:06'), 'mag': 5.0}]",3,2007-07-24 10:08:06,RDM_df_train_30D-22SW-tw12_w9.csv,1.9562030555555556
590,2007-07-28 10:12:53.352,1,"[{'lat': -54.13, 'long': 7.881, 'Time': Timestamp('2007-07-28 16:13:43'), 'mag': 5.5}, {'lat': -54.157, 'long': 7.908, 'Time': Timestamp('2007-07-28 17:46:28'), 'mag': 5.1}, {'lat': -54.13, 'long': 7.881, 'Time': Timestamp('2007-07-28 16:13:43'), 'mag': 5.5}, {'lat': -54.157, 'long': 7.908, 'Time': Timestamp('2007-07-28 17:46:28'), 'mag': 5.1}]",4,2007-07-28 16:13:43,RDM_df_train_30D-22SW-tw12_w9.csv,6.013791111111112
1186,2007-11-15 15:15:56.625,1,"[{'lat': -19.283, 'long': -63.957, 'Time': Timestamp('2007-11-15 21:17:49'), 'mag': 5.1}, {'lat': -2.312, 'long': -77.838, 'Time': Timestamp('2007-11-16 03:13:00'), 'mag': 6.8}, {'lat': -2.312, 'long': -77.838, 'Time': Timestamp('2007-11-16 03:13:00'), 'mag': 6.8}, {'lat': -2.312, 'long': -77.838, 'Time': Timestamp('2007-11-16 03:13:00'), 'mag': 6.8}, {'lat': -22.881, 'long': -70.66, 'Time': Timestamp('2007-11-15 21:12:25'), 'mag': 5.0}, {'lat': -19.283, 'long': -63.957, 'Time': Timestamp('2007-11-15 21:17:49'), 'mag': 5.1}, {'lat': -22.881, 'long': -70.66, 'Time': Timestamp('2007-11-15 21:12:25'), 'mag': 5.0}, {'lat': -22.881, 'long': -70.66, 'Time': Timestamp('2007-11-15 21:12:25'), 'mag': 5.0}]",8,2007-11-15 21:17:49,RDM_df_train_30D-22SW-tw12_w9.csv,6.031215277777778
89,2007-04-30 06:12:56.481,1,"[{'lat': 38.414, 'long': 97.834, 'Time': Timestamp('2007-04-30 13:59:41'), 'mag': 5.2}, {'lat': 38.414, 'long': 97.834, 'Time': Timestamp('2007-04-30 13:59:41'), 'mag': 5.2}, {'lat': 38.414, 'long': 97.834, 'Time': Timestamp('2007-04-30 13:59:41'), 'mag': 5.2}]",3,2007-04-30 13:59:41,RDM_df_train_30D-22SW-tw12_w9.csv,7.779033055555556
1130,2007-11-20 02:24:52.465,1,"[{'lat': 32.665, 'long': 140.669, 'Time': Timestamp('2007-11-20 11:46:31'), 'mag': 5.0}, {'lat': 32.665, 'long': 140.669, 'Time': Timestamp('2007-11-20 11:46:31'), 'mag': 5.0}, {'lat': -6.907, 'long': 155.672, 'Time': Timestamp('2007-11-20 12:52:59'), 'mag': 6.0}]",3,2007-11-20 11:46:31,RDM_df_train_30D-22SW-tw12_w9.csv,9.360704166666668
1650,2008-02-18 01:04:22.641,1,"[{'lat': -21.619, 'long': 170.372, 'Time': Timestamp('2008-02-18 09:54:23'), 'mag': 5.3}, {'lat': -3.627, 'long': 135.51, 'Time': Timestamp('2008-02-18 09:37:24'), 'mag': 5.0}, {'lat': -3.627, 'long': 135.51, 'Time': Timestamp('2008-02-18 09:37:24'), 'mag': 5.0}, {'lat': -3.627, 'long': 135.51, 'Time': Timestamp('2008-02-18 09:37:24'), 'mag': 5.0}]",4,2008-02-18 09:54:23,RDM_df_train_30D-22SW-tw12_w9.csv,8.833433055555556
1006,2007-10-09 22:52:23.112,1,"[{'lat': -15.379, 'long': -173.169, 'Time': Timestamp('2007-10-10 01:50:57'), 'mag': 5.4}, {'lat': -15.379, 'long': -173.169, 'Time': Timestamp('2007-10-10 01:50:57'), 'mag': 5.4}, {'lat': -15.379, 'long': -173.169, 'Time': Timestamp('2007-10-10 01:50:57'), 'mag': 5.4}, {'lat': -25.153, 'long': 179.803, 'Time': Timestamp('2007-10-10 05:18:57'), 'mag': 5.2}]",4,2007-10-10 01:50:57,RDM_df_train_30D-22SW-tw12_w9.csv,2.97608
1307,2007-12-06 07:51:25.116,1,"[{'lat': -9.365, 'long': 66.909, 'Time': Timestamp('2007-12-06 10:25:45'), 'mag': 5.4}, {'lat': -9.365, 'long': 66.909, 'Time': Timestamp('2007-12-06 10:25:45'), 'mag': 5.4}, {'lat': -9.365, 'long': 66.909, 'Time': Timestamp('2007-12-06 10:25:45'), 'mag': 5.4}]",3,2007-12-06 10:25:45,RDM_df_train_30D-22SW-tw12_w9.csv,2.57219
1712,2008-03-09 13:17:23.517,1,"[{'lat': 0.718, 'long': -29.933, 'Time': Timestamp('2008-03-09 17:17:24'), 'mag': 5.1}, {'lat': -58.065, 'long': -24.909, 'Time': Timestamp('2008-03-09 15:27:51'), 'mag': 5.1}, {'lat': -58.065, 'long': -24.909, 'Time': Timestamp('2008-03-09 15:27:51'), 'mag': 5.1}, {'lat': 0.718, 'long': -29.933, 'Time': Timestamp('2008-03-09 17:17:24'), 'mag': 5.1}]",4,2008-03-09 17:17:24,RDM_df_train_30D-22SW-tw12_w9.csv,4.000134166666666
1440,2008-01-12 23:22:23.235,1,"[{'lat': -16.057, 'long': -172.937, 'Time': Timestamp('2008-01-13 11:16:40'), 'mag': 5.2}, {'lat': -16.057, 'long': -172.937, 'Time': Timestamp('2008-01-13 11:16:40'), 'mag': 5.2}]",2,2008-01-13 11:16:40,RDM_df_train_30D-22SW-tw12_w9.csv,11.904656944444444
1530,2008-02-02 22:08:24.451,1,"[{'lat': -51.75, 'long': 160.75, 'Time': Timestamp('2008-02-03 02:00:56'), 'mag': 5.2}]",1,2008-02-03 02:00:56,RDM_df_train_30D-22SW-tw12_w9.csv,3.875430277777778
22,2007-04-27 14:20:17.667,1,"[{'lat': -61.828, 'long': -59.728, 'Time': Timestamp('2007-04-27 15:33:53'), 'mag': 5.0}]",1,2007-04-27 15:33:53,RDM_df_train_30D-22SW-tw12_w9.csv,1.2264813888888888
404,2007-06-26 00:59:22.319,1,"[{'lat': 46.451, 'long': 152.986, 'Time': Timestamp('2007-06-26 08:04:15'), 'mag': 5.0}, {'lat': 46.451, 'long': 152.986, 'Time': Timestamp('2007-06-26 08:04:15'), 'mag': 5.0}, {'lat': 46.451, 'long': 152.986, 'Time': Timestamp('2007-06-26 08:04:15'), 'mag': 5.0}]",3,2007-06-26 08:04:15,RDM_df_train_30D-22SW-tw12_w9.csv,7.081300277777778
1848,2008-03-24 22:44:53.948,1,"[{'lat': 52.538, 'long': -168.73, 'Time': Timestamp('2008-03-25 00:57:47'), 'mag': 5.2}, {'lat': 52.371, 'long': -168.638, 'Time': Timestamp('2008-03-25 01:14:21'), 'mag': 5.0}, {'lat': 52.421, 'long': -168.626, 'Time': Timestamp('2008-03-25 01:26:25'), 'mag': 5.0}, {'lat': 52.538, 'long': -168.73, 'Time': Timestamp('2008-03-25 00:57:47'), 'mag': 5.2}, {'lat': 52.371, 'long': -168.638, 'Time': Timestamp('2008-03-25 01:14:21'), 'mag': 5.0}, {'lat': 52.421, 'long': -168.626, 'Time': Timestamp('2008-03-25 01:26:25'), 'mag': 5.0}, {'lat': 52.538, 'long': -168.73, 'Time': Timestamp('2008-03-25 00:57:47'), 'mag': 5.2}, {'lat': 52.371, 'long': -168.638, 'Time': Timestamp('2008-03-25 01:14:21'), 'mag': 5.0}, {'lat': 52.421, 'long': -168.626, 'Time': Timestamp('2008-03-25 01:26:25'), 'mag': 5.0}]",9,2008-03-25 00:57:47,RDM_df_train_30D-22SW-tw12_w9.csv,2.2147366666666666
1173,2007-11-20 14:14:23.753,1,"[{'lat': 13.359, 'long': -44.831, 'Time': Timestamp('2007-11-21 00:37:55'), 'mag': 5.0}, {'lat': 13.359, 'long': -44.831, 'Time': Timestamp('2007-11-21 00:37:55'), 'mag': 5.0}, {'lat': 13.359, 'long': -44.831, 'Time': Timestamp('2007-11-21 00:37:55'), 'mag': 5.0}, {'lat': -23.147, 'long': -70.392, 'Time': Timestamp('2007-11-20 16:44:28'), 'mag': 5.4}, {'lat': -22.917, 'long': -70.483, 'Time': Timestamp('2007-11-20 17:55:51'), 'mag': 6.1}, {'lat': -23.209, 'long': -70.648, 'Time': Timestamp('2007-11-20 20:55:28'), 'mag': 5.0}, {'lat': -23.147, 'long': -70.392, 'Time': Timestamp('2007-11-20 16:44:28'), 'mag': 5.4}, {'lat': -22.917, 'long': -70.483, 'Time': Timestamp('2007-11-20 17:55:51'), 'mag': 6.1}, {'lat': -23.209, 'long': -70.648, 'Time': Timestamp('2007-11-20 20:55:28'), 'mag': 5.0}]",9,2007-11-21 00:37:55,RDM_df_train_30D-22SW-tw12_w9.csv,10.392013055555557
686,2007-08-19 01:24:53.441,1,"[{'lat': -9.844, 'long': 159.627, 'Time': Timestamp('2007-08-19 02:32:16'), 'mag': 5.2}, {'lat': -9.844, 'long': 159.627, 'Time': Timestamp('2007-08-19 02:32:16'), 'mag': 5.2}, {'lat': -9.844, 'long': 159.627, 'Time': Timestamp('2007-08-19 02:32:16'), 'mag': 5.2}]",3,2007-08-19 02:32:16,RDM_df_train_30D-22SW-tw12_w9.csv,1.1229330555555557
1391,2007-12-26 22:03:50.439,1,"[{'lat': 52.558, 'long': -168.221, 'Time': Timestamp('2007-12-26 22:04:54'), 'mag': 6.4}, {'lat': 52.461, 'long': -168.197, 'Time': Timestamp('2007-12-26 22:09:54'), 'mag': 5.2}, {'lat': 52.558, 'long': -168.221, 'Time': Timestamp('2007-12-26 22:04:54'), 'mag': 6.4}, {'lat': 52.461, 'long': -168.197, 'Time': Timestamp('2007-12-26 22:09:54'), 'mag': 5.2}, {'lat': -38.95, 'long': 175.67, 'Time': Timestamp('2007-12-27 08:07:03'), 'mag': 5.2}, {'lat': -38.95, 'long': 175.67, 'Time': Timestamp('2007-12-27 08:07:03'), 'mag': 5.2}, {'lat': -38.95, 'long': 175.67, 'Time': Timestamp('2007-12-27 08:07:03'), 'mag': 5.2}]",7,2007-12-26 22:04:54,RDM_df_train_30D-22SW-tw12_w9.csv,0.017655833333333332
1582,2008-02-07 17:29:53.338,1,"[{'lat': -35.859, 'long': -103.785, 'Time': Timestamp('2008-02-07 19:44:47'), 'mag': 5.0}, {'lat': -35.859, 'long': -103.785, 'Time': Timestamp('2008-02-07 19:44:47'), 'mag': 5.0}]",2,2008-02-07 19:44:47,RDM_df_train_30D-22SW-tw12_w9.csv,2.2482394444444447
550,2007-08-07 14:52:19.471,1,"[{'lat': 0.818, 'long': -29.168, 'Time': Timestamp('2007-08-08 01:01:39'), 'mag': 5.1}, {'lat': 0.818, 'long': -29.168, 'Time': Timestamp('2007-08-08 01:01:39'), 'mag': 5.1}]",2,2007-08-08 01:01:39,RDM_df_train_30D-22SW-tw12_w9.csv,10.155424722222223
1156,2007-11-26 17:36:53.536,1,"[{'lat': 15.28, 'long': -93.363, 'Time': Timestamp('2007-11-26 17:41:40'), 'mag': 5.7}, {'lat': 18.654, 'long': -101.703, 'Time': Timestamp('2007-11-26 21:56:12'), 'mag': 5.8}, {'lat': 15.28, 'long': -93.363, 'Time': Timestamp('2007-11-26 17:41:40'), 'mag': 5.7}, {'lat': 18.654, 'long': -101.703, 'Time': Timestamp('2007-11-26 21:56:12'), 'mag': 5.8}]",4,2007-11-26 17:41:40,RDM_df_train_30D-22SW-tw12_w9.csv,0.07957333333333333
676,2007-09-02 00:24:23.639,1,"[{'lat': -11.61, 'long': 165.762, 'Time': Timestamp('2007-09-02 01:05:18'), 'mag': 7.2}, {'lat': -11.629, 'long': 165.855, 'Time': Timestamp('2007-09-02 01:31:25'), 'mag': 5.0}, {'lat': -11.564, 'long': 166.064, 'Time': Timestamp('2007-09-02 01:41:31'), 'mag': 5.0}, {'lat': -11.808, 'long': 165.764, 'Time': Timestamp('2007-09-02 02:34:12'), 'mag': 5.4}, {'lat': -11.766, 'long': 165.699, 'Time': Timestamp('2007-09-02 02:35:23'), 'mag': 6.3}, {'lat': -11.689, 'long': 165.905, 'Time': Timestamp('2007-09-02 11:42:34'), 'mag': 5.2}, {'lat': -11.61, 'long': 165.762, 'Time': Timestamp('2007-09-02 01:05:18'), 'mag': 7.2}, {'lat': -11.629, 'long': 165.855, 'Time': Timestamp('2007-09-02 01:31:25'), 'mag': 5.0}, {'lat': -11.564, 'long': 166.064, 'Time': Timestamp('2007-09-02 01:41:31'), 'mag': 5.0}, {'lat': -11.808, 'long': 165.764, 'Time': Timestamp('2007-09-02 02:34:12'), 'mag': 5.4}, {'lat': -11.766, 'long': 165.699, 'Time': Timestamp('2007-09-02 02:35:23'), 'mag': 6.3}, {'lat': -11.689, 'long': 165.905, 'Time': Timestamp('2007-09-02 11:42:34'), 'mag': 5.2}, {'lat': -11.61, 'long': 165.762, 'Time': Timestamp('2007-09-02 01:05:18'), 'mag': 7.2}, {'lat': -11.629, 'long': 165.855, 'Time': Timestamp('2007-09-02 01:31:25'), 'mag': 5.0}, {'lat': -11.564, 'long': 166.064, 'Time': Timestamp('2007-09-02 01:41:31'), 'mag': 5.0}, {'lat': -11.808, 'long': 165.764, 'Time': Timestamp('2007-09-02 02:34:12'), 'mag': 5.4}, {'lat': -11.766, 'long': 165.699, 'Time': Timestamp('2007-09-02 02:35:23'), 'mag': 6.3}, {'lat': -11.689, 'long': 165.905, 'Time': Timestamp('2007-09-02 11:42:34'), 'mag': 5.2}]",18,2007-09-02 01:05:18,RDM_df_train_30D-22SW-tw12_w9.csv,0.6817669444444444
1250,2007-11-25 05:29:53.215,1,"[{'lat': 29.652, 'long': 69.524, 'Time': Timestamp('2007-11-25 13:53:47'), 'mag': 5.1}, {'lat': 29.652, 'long': 69.524, 'Time': Timestamp('2007-11-25 13:53:47'), 'mag': 5.1}]",2,2007-11-25 13:53:47,RDM_df_train_30D-22SW-tw12_w9.csv,8.398273611111112
956,2007-10-08 15:04:18.382,1,"[{'lat': -13.573, 'long': -76.12, 'Time': Timestamp('2007-10-09 01:52:23'), 'mag': 5.0}, {'lat': -13.573, 'long': -76.12, 'Time': Timestamp('2007-10-09 01:52:23'), 'mag': 5.0}, {'lat': -13.573, 'long': -76.12, 'Time': Timestamp('2007-10-09 01:52:23'), 'mag': 5.0}]",3,2007-10-09 01:52:23,RDM_df_train_30D-22SW-tw12_w9.csv,10.801282777777779
152,2007-05-14 03:39:52.971,1,"[{'lat': 31.994, 'long': 140.806, 'Time': Timestamp('2007-05-14 11:37:22'), 'mag': 5.0}, {'lat': 31.994, 'long': 140.806, 'Time': Timestamp('2007-05-14 11:37:22'), 'mag': 5.0}, {'lat': 31.994, 'long': 140.806, 'Time': Timestamp('2007-05-14 11:37:22'), 'mag': 5.0}, {'lat': 20.5, 'long': 120.262, 'Time': Timestamp('2007-05-14 09:00:39'), 'mag': 5.0}, {'lat': 1.238, 'long': 126.16, 'Time': Timestamp('2007-05-14 07:07:17'), 'mag': 5.1}, {'lat': 20.5, 'long': 120.262, 'Time': Timestamp('2007-05-14 09:00:39'), 'mag': 5.0}, {'lat': 1.238, 'long': 126.16, 'Time': Timestamp('2007-05-14 07:07:17'), 'mag': 5.1}, {'lat': 1.238, 'long': 126.16, 'Time': Timestamp('2007-05-14 07:07:17'), 'mag': 5.1}, {'lat': 1.255, 'long': 97.248, 'Time': Timestamp('2007-05-14 09:31:43'), 'mag': 5.5}, {'lat': 1.255, 'long': 97.248, 'Time': Timestamp('2007-05-14 09:31:43'), 'mag': 5.5}, {'lat': 1.255, 'long': 97.248, 'Time': Timestamp('2007-05-14 09:31:43'), 'mag': 5.5}]",11,2007-05-14 11:37:22,RDM_df_train_30D-22SW-tw12_w9.csv,7.958063611111111
1546,2008-02-08 01:16:51.142,1,"[{'lat': 9.465, 'long': 138.214, 'Time': Timestamp('2008-02-08 07:05:40'), 'mag': 5.4}, {'lat': 9.465, 'long': 138.214, 'Time': Timestamp('2008-02-08 07:05:40'), 'mag': 5.4}, {'lat': 9.465, 'long': 138.214, 'Time': Timestamp('2008-02-08 07:05:40'), 'mag': 5.4}]",3,2008-02-08 07:05:40,RDM_df_train_30D-22SW-tw12_w9.csv,5.813571666666666
1654,2008-02-22 15:51:52.438,1,"[{'lat': 3.974, 'long': -78.749, 'Time': Timestamp('2008-02-23 03:23:06'), 'mag': 5.1}, {'lat': 3.974, 'long': -78.749, 'Time': Timestamp('2008-02-23 03:23:06'), 'mag': 5.1}, {'lat': 3.974, 'long': -78.749, 'Time': Timestamp('2008-02-23 03:23:06'), 'mag': 5.1}]",3,2008-02-23 03:23:06,RDM_df_train_30D-22SW-tw12_w9.csv,11.520433888888888
829,2007-09-25 23:59:53.964,1,"[{'lat': -39.54, 'long': 178.5, 'Time': Timestamp('2007-09-26 10:54:16'), 'mag': 5.0}, {'lat': -39.54, 'long': 178.5, 'Time': Timestamp('2007-09-26 10:54:16'), 'mag': 5.0}, {'lat': -39.54, 'long': 178.5, 'Time': Timestamp('2007-09-26 10:54:16'), 'mag': 5.0}]",3,2007-09-26 10:54:16,RDM_df_train_30D-22SW-tw12_w9.csv,10.90612111111111
218,2007-05-21 11:26:23.958,1,"[{'lat': 35.117, 'long': 27.808, 'Time': Timestamp('2007-05-21 16:39:08'), 'mag': 5.0}, {'lat': 35.117, 'long': 27.808, 'Time': Timestamp('2007-05-21 16:39:08'), 'mag': 5.0}, {'lat': 35.117, 'long': 27.808, 'Time': Timestamp('2007-05-21 16:39:08'), 'mag': 5.0}]",3,2007-05-21 16:39:08,RDM_df_train_30D-22SW-tw12_w9.csv,5.212233888888889
1319,2007-12-06 17:06:23.186,1,"[{'lat': -13.516, 'long': -76.656, 'Time': Timestamp('2007-12-07 01:41:01'), 'mag': 5.6}, {'lat': -13.516, 'long': -76.656, 'Time': Timestamp('2007-12-07 01:41:01'), 'mag': 5.6}, {'lat': -13.516, 'long': -76.656, 'Time': Timestamp('2007-12-07 01:41:01'), 'mag': 5.6}]",3,2007-12-07 01:41:01,RDM_df_train_30D-22SW-tw12_w9.csv,8.577170555555556
686,2007-08-19 01:24:53.441,1,"[{'lat': -9.844, 'long': 159.627, 'Time': Timestamp('2007-08-19 02:32:16'), 'mag': 5.2}, {'lat': -9.844, 'long': 159.627, 'Time': Timestamp('2007-08-19 02:32:16'), 'mag': 5.2}, {'lat': -9.844, 'long': 159.627, 'Time': Timestamp('2007-08-19 02:32:16'), 'mag': 5.2}]",3,2007-08-19 02:32:16,RDM_df_train_30D-22SW-tw12_w9.csv,1.1229330555555557
1783,2008-03-29 08:26:54.072,1,"[{'lat': -41.055, 'long': 42.525, 'Time': Timestamp('2008-03-29 15:12:03'), 'mag': 5.5}, {'lat': -41.055, 'long': 42.525, 'Time': Timestamp('2008-03-29 15:12:03'), 'mag': 5.5}, {'lat': -41.055, 'long': 42.525, 'Time': Timestamp('2008-03-29 15:12:03'), 'mag': 5.5}]",3,2008-03-29 15:12:03,RDM_df_train_30D-22SW-tw12_w9.csv,6.75248
618,2007-07-28 17:44:23.439,1,"[{'lat': 19.722, 'long': -109.195, 'Time': Timestamp('2007-07-28 19:11:17'), 'mag': 5.3}, {'lat': 19.722, 'long': -109.195, 'Time': Timestamp('2007-07-28 19:11:17'), 'mag': 5.3}, {'lat': 19.722, 'long': -109.195, 'Time': Timestamp('2007-07-28 19:11:17'), 'mag': 5.3}]",3,2007-07-28 19:11:17,RDM_df_train_30D-22SW-tw12_w9.csv,1.4482113888888888
1582,2008-02-07 17:29:53.338,1,"[{'lat': -35.859, 'long': -103.785, 'Time': Timestamp('2008-02-07 19:44:47'), 'mag': 5.0}, {'lat': -35.859, 'long': -103.785, 'Time': Timestamp('2008-02-07 19:44:47'), 'mag': 5.0}]",2,2008-02-07 19:44:47,RDM_df_train_30D-22SW-tw12_w9.csv,2.2482394444444447
508,2007-07-25 12:22:53.260,1,"[{'lat': 44.8, 'long': -28.192, 'Time': Timestamp('2007-07-25 19:38:26'), 'mag': 5.1}, {'lat': 44.8, 'long': -28.192, 'Time': Timestamp('2007-07-25 19:38:26'), 'mag': 5.1}]",2,2007-07-25 19:38:26,RDM_df_train_30D-22SW-tw12_w9.csv,7.259094444444445
1287,2007-12-06 15:40:52.904,1,"[{'lat': 22.692, 'long': -45.113, 'Time': Timestamp('2007-12-06 17:12:03'), 'mag': 5.8}, {'lat': 22.692, 'long': -45.113, 'Time': Timestamp('2007-12-06 17:12:03'), 'mag': 5.8}, {'lat': 22.692, 'long': -45.113, 'Time': Timestamp('2007-12-06 17:12:03'), 'mag': 5.8}, {'lat': -13.516, 'long': -76.656, 'Time': Timestamp('2007-12-07 01:41:01'), 'mag': 5.6}, {'lat': -13.516, 'long': -76.656, 'Time': Timestamp('2007-12-07 01:41:01'), 'mag': 5.6}, {'lat': -13.516, 'long': -76.656, 'Time': Timestamp('2007-12-07 01:41:01'), 'mag': 5.6}]",6,2007-12-06 17:12:03,RDM_df_train_30D-22SW-tw12_w9.csv,1.519471111111111
1604,2008-02-02 22:14:51.896,1,"[{'lat': -51.75, 'long': 160.75, 'Time': Timestamp('2008-02-03 02:00:56'), 'mag': 5.2}, {'lat': -51.75, 'long': 160.75, 'Time': Timestamp('2008-02-03 02:00:56'), 'mag': 5.2}]",2,2008-02-03 02:00:56,RDM_df_train_30D-22SW-tw12_w9.csv,3.7678066666666665
1075,2007-11-07 06:37:25.455,1,"[{'lat': 22.15, 'long': 92.388, 'Time': Timestamp('2007-11-07 07:10:21'), 'mag': 5.5}, {'lat': 22.15, 'long': 92.388, 'Time': Timestamp('2007-11-07 07:10:21'), 'mag': 5.5}, {'lat': 22.15, 'long': 92.388, 'Time': Timestamp('2007-11-07 07:10:21'), 'mag': 5.5}]",3,2007-11-07 07:10:21,RDM_df_train_30D-22SW-tw12_w9.csv,0.5487625
747,2007-09-15 07:03:22.312,1,"[{'lat': 2.737, 'long': 66.142, 'Time': Timestamp('2007-09-15 07:30:02'), 'mag': 5.0}, {'lat': 2.737, 'long': 66.142, 'Time': Timestamp('2007-09-15 07:30:02'), 'mag': 5.0}, {'lat': 2.737, 'long': 66.142, 'Time': Timestamp('2007-09-15 07:30:02'), 'mag': 5.0}]",3,2007-09-15 07:30:02,RDM_df_train_30D-22SW-tw12_w9.csv,0.4443577777777778
1011,2007-10-20 15:16:26.684,1,"[{'lat': -36.469, 'long': -73.006, 'Time': Timestamp('2007-10-20 19:56:21'), 'mag': 5.2}, {'lat': -36.469, 'long': -73.006, 'Time': Timestamp('2007-10-20 19:56:21'), 'mag': 5.2}, {'lat': -36.469, 'long': -73.006, 'Time': Timestamp('2007-10-20 19:56:21'), 'mag': 5.2}]",3,2007-10-20 19:56:21,RDM_df_train_30D-22SW-tw12_w9.csv,4.665087777777777
1284,2007-12-21 18:25:23.360,1,"[{'lat': -23.068, 'long': -114.621, 'Time': Timestamp('2007-12-22 02:06:08'), 'mag': 5.0}, {'lat': -23.021, 'long': -114.29, 'Time': Timestamp('2007-12-22 02:22:07'), 'mag': 5.2}, {'lat': -23.068, 'long': -114.621, 'Time': Timestamp('2007-12-22 02:06:08'), 'mag': 5.0}, {'lat': -23.021, 'long': -114.29, 'Time': Timestamp('2007-12-22 02:22:07'), 'mag': 5.2}, {'lat': -23.068, 'long': -114.621, 'Time': Timestamp('2007-12-22 02:06:08'), 'mag': 5.0}]",5,2007-12-22 02:06:08,RDM_df_train_30D-22SW-tw12_w9.csv,7.6790666666666665
1872,2008-03-24 13:54:53.767,1,"[{'lat': -20.043, 'long': -68.963, 'Time': Timestamp('2008-03-24 20:39:07'), 'mag': 6.2}]",1,2008-03-24 20:39:07,RDM_df_train_30D-22SW-tw12_w9.csv,6.737009166666667
1478,2008-01-19 07:44:52.635,1,"[{'lat': 36.428, 'long': 70.767, 'Time': Timestamp('2008-01-19 19:24:59'), 'mag': 5.2}, {'lat': 36.428, 'long': 70.767, 'Time': Timestamp('2008-01-19 19:24:59'), 'mag': 5.2}, {'lat': 36.428, 'long': 70.767, 'Time': Timestamp('2008-01-19 19:24:59'), 'mag': 5.2}]",3,2008-01-19 19:24:59,RDM_df_train_30D-22SW-tw12_w9.csv,11.668434722222221
1019,2007-10-09 20:39:19.960,1,"[{'lat': 43.767, 'long': -127.87, 'Time': Timestamp('2007-10-10 00:15:15'), 'mag': 5.0}]",1,2007-10-10 00:15:15,RDM_df_train_30D-22SW-tw12_w9.csv,3.5986222222222226
873,2007-10-05 23:11:18.938,1,"[{'lat': -23.244, 'long': -177.181, 'Time': Timestamp('2007-10-06 03:03:36'), 'mag': 5.3}, {'lat': -23.244, 'long': -177.181, 'Time': Timestamp('2007-10-06 03:03:36'), 'mag': 5.3}, {'lat': -23.244, 'long': -177.181, 'Time': Timestamp('2007-10-06 03:03:36'), 'mag': 5.3}, {'lat': -11.976, 'long': 165.86, 'Time': Timestamp('2007-10-06 02:37:16'), 'mag': 5.1}, {'lat': -11.976, 'long': 165.86, 'Time': Timestamp('2007-10-06 02:37:16'), 'mag': 5.1}, {'lat': -11.976, 'long': 165.86, 'Time': Timestamp('2007-10-06 02:37:16'), 'mag': 5.1}]",6,2007-10-06 03:03:36,RDM_df_train_30D-22SW-tw12_w9.csv,3.871406111111111
1730,2008-03-06 22:56:53.966,1,"[{'lat': -17.025, 'long': 175.736, 'Time': Timestamp('2008-03-07 09:40:10'), 'mag': 5.0}, {'lat': -17.025, 'long': 175.736, 'Time': Timestamp('2008-03-07 09:40:10'), 'mag': 5.0}, {'lat': -17.025, 'long': 175.736, 'Time': Timestamp('2008-03-07 09:40:10'), 'mag': 5.0}]",3,2008-03-07 09:40:10,RDM_df_train_30D-22SW-tw12_w9.csv,10.721120555555556
1008,2007-10-26 05:24:25.774,1,"[{'lat': 35.304, 'long': 76.753, 'Time': Timestamp('2007-10-26 06:50:06'), 'mag': 5.2}, {'lat': 35.304, 'long': 76.753, 'Time': Timestamp('2007-10-26 06:50:06'), 'mag': 5.2}, {'lat': 35.304, 'long': 76.753, 'Time': Timestamp('2007-10-26 06:50:06'), 'mag': 5.2}]",3,2007-10-26 06:50:06,RDM_df_train_30D-22SW-tw12_w9.csv,1.4278405555555556
676,2007-09-02 00:24:23.639,1,"[{'lat': -11.61, 'long': 165.762, 'Time': Timestamp('2007-09-02 01:05:18'), 'mag': 7.2}, {'lat': -11.629, 'long': 165.855, 'Time': Timestamp('2007-09-02 01:31:25'), 'mag': 5.0}, {'lat': -11.564, 'long': 166.064, 'Time': Timestamp('2007-09-02 01:41:31'), 'mag': 5.0}, {'lat': -11.808, 'long': 165.764, 'Time': Timestamp('2007-09-02 02:34:12'), 'mag': 5.4}, {'lat': -11.766, 'long': 165.699, 'Time': Timestamp('2007-09-02 02:35:23'), 'mag': 6.3}, {'lat': -11.689, 'long': 165.905, 'Time': Timestamp('2007-09-02 11:42:34'), 'mag': 5.2}, {'lat': -11.61, 'long': 165.762, 'Time': Timestamp('2007-09-02 01:05:18'), 'mag': 7.2}, {'lat': -11.629, 'long': 165.855, 'Time': Timestamp('2007-09-02 01:31:25'), 'mag': 5.0}, {'lat': -11.564, 'long': 166.064, 'Time': Timestamp('2007-09-02 01:41:31'), 'mag': 5.0}, {'lat': -11.808, 'long': 165.764, 'Time': Timestamp('2007-09-02 02:34:12'), 'mag': 5.4}, {'lat': -11.766, 'long': 165.699, 'Time': Timestamp('2007-09-02 02:35:23'), 'mag': 6.3}, {'lat': -11.689, 'long': 165.905, 'Time': Timestamp('2007-09-02 11:42:34'), 'mag': 5.2}, {'lat': -11.61, 'long': 165.762, 'Time': Timestamp('2007-09-02 01:05:18'), 'mag': 7.2}, {'lat': -11.629, 'long': 165.855, 'Time': Timestamp('2007-09-02 01:31:25'), 'mag': 5.0}, {'lat': -11.564, 'long': 166.064, 'Time': Timestamp('2007-09-02 01:41:31'), 'mag': 5.0}, {'lat': -11.808, 'long': 165.764, 'Time': Timestamp('2007-09-02 02:34:12'), 'mag': 5.4}, {'lat': -11.766, 'long': 165.699, 'Time': Timestamp('2007-09-02 02:35:23'), 'mag': 6.3}, {'lat': -11.689, 'long': 165.905, 'Time': Timestamp('2007-09-02 11:42:34'), 'mag': 5.2}]",18,2007-09-02 01:05:18,RDM_df_train_30D-22SW-tw12_w9.csv,0.6817669444444444
686,2007-08-19 01:24:53.441,1,"[{'lat': -9.844, 'long': 159.627, 'Time': Timestamp('2007-08-19 02:32:16'), 'mag': 5.2}, {'lat': -9.844, 'long': 159.627, 'Time': Timestamp('2007-08-19 02:32:16'), 'mag': 5.2}, {'lat': -9.844, 'long': 159.627, 'Time': Timestamp('2007-08-19 02:32:16'), 'mag': 5.2}]",3,2007-08-19 02:32:16,RDM_df_train_30D-22SW-tw12_w9.csv,1.1229330555555557
663,2007-08-10 18:32:53.678,1,"[{'lat': -35.852, 'long': -102.904, 'Time': Timestamp('2007-08-10 20:43:15'), 'mag': 5.3}, {'lat': -35.852, 'long': -102.904, 'Time': Timestamp('2007-08-10 20:43:15'), 'mag': 5.3}, {'lat': -35.852, 'long': -102.904, 'Time': Timestamp('2007-08-10 20:43:15'), 'mag': 5.3}]",3,2007-08-10 20:43:15,RDM_df_train_30D-22SW-tw12_w9.csv,2.1725894444444447
334,2007-06-27 15:40:54.642,1,"[{'lat': -24.282, 'long': -66.958, 'Time': Timestamp('2007-06-28 00:12:13'), 'mag': 5.0}, {'lat': -24.282, 'long': -66.958, 'Time': Timestamp('2007-06-28 00:12:13'), 'mag': 5.0}, {'lat': -24.282, 'long': -66.958, 'Time': Timestamp('2007-06-28 00:12:13'), 'mag': 5.0}]",3,2007-06-28 00:12:13,RDM_df_train_30D-22SW-tw12_w9.csv,8.521766111111111
618,2007-07-28 17:44:23.439,1,"[{'lat': 19.722, 'long': -109.195, 'Time': Timestamp('2007-07-28 19:11:17'), 'mag': 5.3}, {'lat': 19.722, 'long': -109.195, 'Time': Timestamp('2007-07-28 19:11:17'), 'mag': 5.3}, {'lat': 19.722, 'long': -109.195, 'Time': Timestamp('2007-07-28 19:11:17'), 'mag': 5.3}]",3,2007-07-28 19:11:17,RDM_df_train_30D-22SW-tw12_w9.csv,1.4482113888888888
286,2007-06-23 08:15:48.557,1,"[{'lat': -12.183, 'long': 46.476, 'Time': Timestamp('2007-06-23 11:54:54'), 'mag': 5.1}, {'lat': -12.183, 'long': 46.476, 'Time': Timestamp('2007-06-23 11:54:54'), 'mag': 5.1}]",2,2007-06-23 11:54:54,RDM_df_train_30D-22SW-tw12_w9.csv,3.651511944444444
1912,2008-04-07 22:20:54.731,1,"[{'lat': -19.965, 'long': 168.452, 'Time': Timestamp('2008-04-07 22:54:36'), 'mag': 5.8}, {'lat': -19.965, 'long': 168.452, 'Time': Timestamp('2008-04-07 22:54:36'), 'mag': 5.8}, {'lat': -19.965, 'long': 168.452, 'Time': Timestamp('2008-04-07 22:54:36'), 'mag': 5.8}]",3,2008-04-07 22:54:36,RDM_df_train_30D-22SW-tw12_w9.csv,0.5614636111111111
257,2007-05-30 13:24:53.842,1,"[{'lat': -59.972, 'long': -26.457, 'Time': Timestamp('2007-05-30 19:35:21'), 'mag': 5.5}, {'lat': -59.972, 'long': -26.457, 'Time': Timestamp('2007-05-30 19:35:21'), 'mag': 5.5}]",2,2007-05-30 19:35:21,RDM_df_train_30D-22SW-tw12_w9.csv,6.174210555555556
587,2007-08-12 22:46:54.270,1,"[{'lat': -30.518, 'long': -177.565, 'Time': Timestamp('2007-08-13 10:11:11'), 'mag': 5.1}, {'lat': -30.518, 'long': -177.565, 'Time': Timestamp('2007-08-13 10:11:11'), 'mag': 5.1}, {'lat': -60.549, 'long': 153.785, 'Time': Timestamp('2007-08-13 10:27:23'), 'mag': 6.1}]",3,2007-08-13 10:11:11,RDM_df_train_30D-22SW-tw12_w9.csv,11.404647222222223
1129,2007-11-15 23:10:23.662,1,"[{'lat': -21.656, 'long': -173.836, 'Time': Timestamp('2007-11-16 07:54:01'), 'mag': 5.1}, {'lat': -21.656, 'long': -173.836, 'Time': Timestamp('2007-11-16 07:54:01'), 'mag': 5.1}, {'lat': -21.656, 'long': -173.836, 'Time': Timestamp('2007-11-16 07:54:01'), 'mag': 5.1}]",3,2007-11-16 07:54:01,RDM_df_train_30D-22SW-tw12_w9.csv,8.727038333333333
1649,2008-02-17 21:49:24.798,1,"[{'lat': -27.814, 'long': -176.087, 'Time': Timestamp('2008-02-18 09:04:53'), 'mag': 5.0}, {'lat': -27.814, 'long': -176.087, 'Time': Timestamp('2008-02-18 09:04:53'), 'mag': 5.0}]",2,2008-02-18 09:04:53,RDM_df_train_30D-22SW-tw12_w9.csv,11.257833888888888
261,2007-06-06 07:20:22.727,1,"[{'lat': 42.614, 'long': 75.417, 'Time': Timestamp('2007-06-06 11:09:26'), 'mag': 5.0}, {'lat': 42.614, 'long': 75.417, 'Time': Timestamp('2007-06-06 11:09:26'), 'mag': 5.0}, {'lat': 42.614, 'long': 75.417, 'Time': Timestamp('2007-06-06 11:09:26'), 'mag': 5.0}]",3,2007-06-06 11:09:26,RDM_df_train_30D-22SW-tw12_w9.csv,3.817575833333333
882,2007-09-28 00:11:53.980,1,"[{'lat': -21.28, 'long': 169.26, 'Time': Timestamp('2007-09-28 00:44:47'), 'mag': 5.7}, {'lat': -21.207, 'long': 169.362, 'Time': Timestamp('2007-09-28 01:01:49'), 'mag': 6.3}, {'lat': -21.074, 'long': 169.323, 'Time': Timestamp('2007-09-28 01:25:15'), 'mag': 5.4}, {'lat': -21.133, 'long': 169.373, 'Time': Timestamp('2007-09-28 01:35:51'), 'mag': 6.5}, {'lat': -21.901, 'long': 169.342, 'Time': Timestamp('2007-09-28 01:44:02'), 'mag': 5.3}, {'lat': -21.246, 'long': 169.403, 'Time': Timestamp('2007-09-28 01:50:59'), 'mag': 5.5}, {'lat': -21.138, 'long': 169.325, 'Time': Timestamp('2007-09-28 02:01:33'), 'mag': 5.0}, {'lat': -21.251, 'long': 169.394, 'Time': Timestamp('2007-09-28 02:20:04'), 'mag': 5.1}, {'lat': -21.049, 'long': 169.305, 'Time': Timestamp('2007-09-28 02:36:23'), 'mag': 5.0}, {'lat': -21.238, 'long': 169.407, 'Time': Timestamp('2007-09-28 08:21:22'), 'mag': 5.5}, {'lat': -21.168, 'long': 169.408, 'Time': Timestamp('2007-09-28 10:12:18'), 'mag': 5.0}, {'lat': -21.53, 'long': 169.259, 'Time': Timestamp('2007-09-28 10:40:35'), 'mag': 5.2}, {'lat': -21.402, 'long': 169.193, 'Time': Timestamp('2007-09-28 11:12:40'), 'mag': 5.8}, {'lat': -21.329, 'long': 169.141, 'Time': Timestamp('2007-09-28 11:16:39'), 'mag': 5.9}, {'lat': -21.28, 'long': 169.26, 'Time': Timestamp('2007-09-28 00:44:47'), 'mag': 5.7}, {'lat': -21.207, 'long': 169.362, 'Time': Timestamp('2007-09-28 01:01:49'), 'mag': 6.3}, {'lat': -21.074, 'long': 169.323, 'Time': Timestamp('2007-09-28 01:25:15'), 'mag': 5.4}, {'lat': -21.133, 'long': 169.373, 'Time': Timestamp('2007-09-28 01:35:51'), 'mag': 6.5}, {'lat': -21.901, 'long': 169.342, 'Time': Timestamp('2007-09-28 01:44:02'), 'mag': 5.3}, {'lat': -21.246, 'long': 169.403, 'Time': Timestamp('2007-09-28 01:50:59'), 'mag': 5.5}, {'lat': -21.138, 'long': 169.325, 'Time': Timestamp('2007-09-28 02:01:33'), 'mag': 5.0}, {'lat': -21.251, 'long': 169.394, 'Time': Timestamp('2007-09-28 02:20:04'), 'mag': 5.1}, {'lat': -21.049, 'long': 169.305, 'Time': Timestamp('2007-09-28 02:36:23'), 'mag': 5.0}, {'lat': -21.238, 'long': 169.407, 'Time': Timestamp('2007-09-28 08:21:22'), 'mag': 5.5}, {'lat': -21.168, 'long': 169.408, 'Time': Timestamp('2007-09-28 10:12:18'), 'mag': 5.0}, {'lat': -21.53, 'long': 169.259, 'Time': Timestamp('2007-09-28 10:40:35'), 'mag': 5.2}, {'lat': -21.402, 'long': 169.193, 'Time': Timestamp('2007-09-28 11:12:40'), 'mag': 5.8}, {'lat': -21.329, 'long': 169.141, 'Time': Timestamp('2007-09-28 11:16:39'), 'mag': 5.9}, {'lat': -21.28, 'long': 169.26, 'Time': Timestamp('2007-09-28 00:44:47'), 'mag': 5.7}, {'lat': -21.207, 'long': 169.362, 'Time': Timestamp('2007-09-28 01:01:49'), 'mag': 6.3}, {'lat': -21.074, 'long': 169.323, 'Time': Timestamp('2007-09-28 01:25:15'), 'mag': 5.4}, {'lat': -21.133, 'long': 169.373, 'Time': Timestamp('2007-09-28 01:35:51'), 'mag': 6.5}, {'lat': -21.901, 'long': 169.342, 'Time': Timestamp('2007-09-28 01:44:02'), 'mag': 5.3}, {'lat': -21.246, 'long': 169.403, 'Time': Timestamp('2007-09-28 01:50:59'), 'mag': 5.5}, {'lat': -21.138, 'long': 169.325, 'Time': Timestamp('2007-09-28 02:01:33'), 'mag': 5.0}, {'lat': -21.251, 'long': 169.394, 'Time': Timestamp('2007-09-28 02:20:04'), 'mag': 5.1}, {'lat': -21.049, 'long': 169.305, 'Time': Timestamp('2007-09-28 02:36:23'), 'mag': 5.0}, {'lat': -21.238, 'long': 169.407, 'Time': Timestamp('2007-09-28 08:21:22'), 'mag': 5.5}, {'lat': -21.168, 'long': 169.408, 'Time': Timestamp('2007-09-28 10:12:18'), 'mag': 5.0}, {'lat': -21.53, 'long': 169.259, 'Time': Timestamp('2007-09-28 10:40:35'), 'mag': 5.2}, {'lat': -21.402, 'long': 169.193, 'Time': Timestamp('2007-09-28 11:12:40'), 'mag': 5.8}, {'lat': -21.329, 'long': 169.141, 'Time': Timestamp('2007-09-28 11:16:39'), 'mag': 5.9}]",42,2007-09-28 00:44:47,RDM_df_train_30D-22SW-tw12_w9.csv,0.5480611111111111
502,2007-07-28 10:12:25.026,1,"[{'lat': -54.13, 'long': 7.881, 'Time': Timestamp('2007-07-28 16:13:43'), 'mag': 5.5}, {'lat': -54.157, 'long': 7.908, 'Time': Timestamp('2007-07-28 17:46:28'), 'mag': 5.1}, {'lat': -54.13, 'long': 7.881, 'Time': Timestamp('2007-07-28 16:13:43'), 'mag': 5.5}, {'lat': -54.157, 'long': 7.908, 'Time': Timestamp('2007-07-28 17:46:28'), 'mag': 5.1}]",4,2007-07-28 16:13:43,RDM_df_train_30D-22SW-tw12_w9.csv,6.021659444444444
499,2007-07-15 00:23:23.671,1,"[{'lat': -15.383, 'long': 168.597, 'Time': Timestamp('2007-07-15 09:27:34'), 'mag': 6.1}, {'lat': -15.383, 'long': 168.597, 'Time': Timestamp('2007-07-15 09:27:34'), 'mag': 6.1}, {'lat': -15.383, 'long': 168.597, 'Time': Timestamp('2007-07-15 09:27:34'), 'mag': 6.1}]",3,2007-07-15 09:27:34,RDM_df_train_30D-22SW-tw12_w9.csv,9.069535833333333
918,2007-10-10 06:31:55.704,1,"[{'lat': 9.702, 'long': 91.8, 'Time': Timestamp('2007-10-10 12:25:36'), 'mag': 5.2}, {'lat': 9.702, 'long': 91.8, 'Time': Timestamp('2007-10-10 12:25:36'), 'mag': 5.2}, {'lat': 9.702, 'long': 91.8, 'Time': Timestamp('2007-10-10 12:25:36'), 'mag': 5.2}]",3,2007-10-10 12:25:36,RDM_df_train_30D-22SW-tw12_w9.csv,5.894526666666666
40,2007-04-25 22:21:53.880,1,"[{'lat': -18.095, 'long': 172.933, 'Time': Timestamp('2007-04-26 09:39:55'), 'mag': 5.4}, {'lat': -18.039, 'long': 172.875, 'Time': Timestamp('2007-04-26 10:00:41'), 'mag': 5.3}, {'lat': -18.095, 'long': 172.933, 'Time': Timestamp('2007-04-26 09:39:55'), 'mag': 5.4}, {'lat': -18.039, 'long': 172.875, 'Time': Timestamp('2007-04-26 10:00:41'), 'mag': 5.3}, {'lat': -18.095, 'long': 172.933, 'Time': Timestamp('2007-04-26 09:39:55'), 'mag': 5.4}, {'lat': -18.039, 'long': 172.875, 'Time': Timestamp('2007-04-26 10:00:41'), 'mag': 5.3}]",6,2007-04-26 09:39:55,RDM_df_train_30D-22SW-tw12_w9.csv,11.300311111111112
1712,2008-03-09 13:17:23.517,1,"[{'lat': 0.718, 'long': -29.933, 'Time': Timestamp('2008-03-09 17:17:24'), 'mag': 5.1}, {'lat': -58.065, 'long': -24.909, 'Time': Timestamp('2008-03-09 15:27:51'), 'mag': 5.1}, {'lat': -58.065, 'long': -24.909, 'Time': Timestamp('2008-03-09 15:27:51'), 'mag': 5.1}, {'lat': 0.718, 'long': -29.933, 'Time': Timestamp('2008-03-09 17:17:24'), 'mag': 5.1}]",4,2008-03-09 17:17:24,RDM_df_train_30D-22SW-tw12_w9.csv,4.000134166666666
1279,2007-12-17 02:00:16.752,1,"[{'lat': 50.965, 'long': 179.633, 'Time': Timestamp('2007-12-17 09:03:16'), 'mag': 5.2}, {'lat': 51.137, 'long': 179.568, 'Time': Timestamp('2007-12-17 09:04:47'), 'mag': 5.1}, {'lat': -10.755, 'long': 113.355, 'Time': Timestamp('2007-12-17 12:46:14'), 'mag': 5.3}, {'lat': -10.755, 'long': 113.355, 'Time': Timestamp('2007-12-17 12:46:14'), 'mag': 5.3}]",4,2007-12-17 09:03:16,RDM_df_train_30D-22SW-tw12_w9.csv,7.049791111111111
229,2007-06-11 10:48:54.928,1,"[{'lat': -35.687, 'long': -16.144, 'Time': Timestamp('2007-06-11 17:13:44'), 'mag': 5.5}, {'lat': -35.687, 'long': -16.144, 'Time': Timestamp('2007-06-11 17:13:44'), 'mag': 5.5}, {'lat': -35.687, 'long': -16.144, 'Time': Timestamp('2007-06-11 17:13:44'), 'mag': 5.5}]",3,2007-06-11 17:13:44,RDM_df_train_30D-22SW-tw12_w9.csv,6.413631111111111
1281,2007-12-20 08:34:21.391,1,"[{'lat': 39.417, 'long': 33.212, 'Time': Timestamp('2007-12-20 09:48:29'), 'mag': 5.7}, {'lat': 39.417, 'long': 33.212, 'Time': Timestamp('2007-12-20 09:48:29'), 'mag': 5.7}, {'lat': 39.417, 'long': 33.212, 'Time': Timestamp('2007-12-20 09:48:29'), 'mag': 5.7}]",3,2007-12-20 09:48:29,RDM_df_train_30D-22SW-tw12_w9.csv,1.2354469444444445
16,2007-04-13 00:41:18.663,1,"[{'lat': 46.813, 'long': 152.839, 'Time': Timestamp('2007-04-13 01:28:09'), 'mag': 5.1}, {'lat': 46.813, 'long': 152.839, 'Time': Timestamp('2007-04-13 01:28:09'), 'mag': 5.1}, {'lat': 46.813, 'long': 152.839, 'Time': Timestamp('2007-04-13 01:28:09'), 'mag': 5.1}]",3,2007-04-13 01:28:09,RDM_df_train_30D-22SW-tw12_w9.csv,0.7806491666666666
1536,2008-01-26 00:16:23.806,1,"[{'lat': -22.534, 'long': 173.263, 'Time': Timestamp('2008-01-26 04:00:14'), 'mag': 5.1}, {'lat': -22.534, 'long': 173.263, 'Time': Timestamp('2008-01-26 04:00:14'), 'mag': 5.1}, {'lat': -22.534, 'long': 173.263, 'Time': Timestamp('2008-01-26 04:00:14'), 'mag': 5.1}]",3,2008-01-26 04:00:14,RDM_df_train_30D-22SW-tw12_w9.csv,3.730609444444444
1889,2008-04-13 20:19:51.359,1,"[{'lat': 44.279, 'long': -129.492, 'Time': Timestamp('2008-04-14 05:38:32'), 'mag': 5.1}, {'lat': 44.279, 'long': -129.492, 'Time': Timestamp('2008-04-14 05:38:32'), 'mag': 5.1}]",2,2008-04-14 05:38:32,RDM_df_train_30D-22SW-tw12_w9.csv,9.311289166666668
1500,2008-02-02 00:28:45.348,1,"[{'lat': -4.579, 'long': 152.954, 'Time': Timestamp('2008-02-02 05:06:40'), 'mag': 5.1}, {'lat': -4.579, 'long': 152.954, 'Time': Timestamp('2008-02-02 05:06:40'), 'mag': 5.1}, {'lat': -4.579, 'long': 152.954, 'Time': Timestamp('2008-02-02 05:06:40'), 'mag': 5.1}]",3,2008-02-02 05:06:40,RDM_df_train_30D-22SW-tw12_w9.csv,4.631847777777777
436,2007-07-20 08:57:23.354,1,"[{'lat': -52.563, 'long': 25.986, 'Time': Timestamp('2007-07-20 20:00:07'), 'mag': 5.4}, {'lat': -52.563, 'long': 25.986, 'Time': Timestamp('2007-07-20 20:00:07'), 'mag': 5.4}]",2,2007-07-20 20:00:07,RDM_df_train_30D-22SW-tw12_w9.csv,11.045457222222222
777,2007-09-01 22:41:23.084,1,"[{'lat': -11.61, 'long': 165.762, 'Time': Timestamp('2007-09-02 01:05:18'), 'mag': 7.2}, {'lat': -11.629, 'long': 165.855, 'Time': Timestamp('2007-09-02 01:31:25'), 'mag': 5.0}, {'lat': -11.564, 'long': 166.064, 'Time': Timestamp('2007-09-02 01:41:31'), 'mag': 5.0}, {'lat': -11.808, 'long': 165.764, 'Time': Timestamp('2007-09-02 02:34:12'), 'mag': 5.4}, {'lat': -11.766, 'long': 165.699, 'Time': Timestamp('2007-09-02 02:35:23'), 'mag': 6.3}, {'lat': -11.61, 'long': 165.762, 'Time': Timestamp('2007-09-02 01:05:18'), 'mag': 7.2}, {'lat': -11.629, 'long': 165.855, 'Time': Timestamp('2007-09-02 01:31:25'), 'mag': 5.0}, {'lat': -11.564, 'long': 166.064, 'Time': Timestamp('2007-09-02 01:41:31'), 'mag': 5.0}, {'lat': -11.808, 'long': 165.764, 'Time': Timestamp('2007-09-02 02:34:12'), 'mag': 5.4}, {'lat': -11.766, 'long': 165.699, 'Time': Timestamp('2007-09-02 02:35:23'), 'mag': 6.3}, {'lat': -11.61, 'long': 165.762, 'Time': Timestamp('2007-09-02 01:05:18'), 'mag': 7.2}, {'lat': -11.629, 'long': 165.855, 'Time': Timestamp('2007-09-02 01:31:25'), 'mag': 5.0}, {'lat': -11.564, 'long': 166.064, 'Time': Timestamp('2007-09-02 01:41:31'), 'mag': 5.0}, {'lat': -11.808, 'long': 165.764, 'Time': Timestamp('2007-09-02 02:34:12'), 'mag': 5.4}, {'lat': -11.766, 'long': 165.699, 'Time': Timestamp('2007-09-02 02:35:23'), 'mag': 6.3}]",15,2007-09-02 01:05:18,RDM_df_train_30D-22SW-tw12_w9.csv,2.3985877777777778
788,2007-08-30 01:18:53.151,1,"[{'lat': -11.436, 'long': 166.172, 'Time': Timestamp('2007-08-30 10:14:34'), 'mag': 5.4}, {'lat': -11.436, 'long': 166.172, 'Time': Timestamp('2007-08-30 10:14:34'), 'mag': 5.4}, {'lat': -11.436, 'long': 166.172, 'Time': Timestamp('2007-08-30 10:14:34'), 'mag': 5.4}, {'lat': -49.583, 'long': 117.397, 'Time': Timestamp('2007-08-30 07:34:43'), 'mag': 5.1}, {'lat': -49.583, 'long': 117.397, 'Time': Timestamp('2007-08-30 07:34:43'), 'mag': 5.1}]",5,2007-08-30 10:14:34,RDM_df_train_30D-22SW-tw12_w9.csv,8.92801361111111
506,2007-07-24 23:16:51.133,1,"[{'lat': -15.823, 'long': 167.823, 'Time': Timestamp('2007-07-25 01:41:33'), 'mag': 5.3}, {'lat': -15.823, 'long': 167.823, 'Time': Timestamp('2007-07-25 01:41:33'), 'mag': 5.3}, {'lat': -15.823, 'long': 167.823, 'Time': Timestamp('2007-07-25 01:41:33'), 'mag': 5.3}]",3,2007-07-25 01:41:33,RDM_df_train_30D-22SW-tw12_w9.csv,2.4116297222222225
1478,2008-01-19 07:44:52.635,1,"[{'lat': 36.428, 'long': 70.767, 'Time': Timestamp('2008-01-19 19:24:59'), 'mag': 5.2}, {'lat': 36.428, 'long': 70.767, 'Time': Timestamp('2008-01-19 19:24:59'), 'mag': 5.2}, {'lat': 36.428, 'long': 70.767, 'Time': Timestamp('2008-01-19 19:24:59'), 'mag': 5.2}]",3,2008-01-19 19:24:59,RDM_df_train_30D-22SW-tw12_w9.csv,11.668434722222221
1397,2007-12-27 00:10:54.003,1,"[{'lat': -38.95, 'long': 175.67, 'Time': Timestamp('2007-12-27 08:07:03'), 'mag': 5.2}, {'lat': -38.95, 'long': 175.67, 'Time': Timestamp('2007-12-27 08:07:03'), 'mag': 5.2}, {'lat': -38.95, 'long': 175.67, 'Time': Timestamp('2007-12-27 08:07:03'), 'mag': 5.2}]",3,2007-12-27 08:07:03,RDM_df_train_30D-22SW-tw12_w9.csv,7.9358325
1290,2007-12-19 01:23:43.209,1,"[{'lat': 51.09, 'long': 179.995, 'Time': Timestamp('2007-12-19 06:47:59'), 'mag': 5.0}, {'lat': 51.09, 'long': 179.995, 'Time': Timestamp('2007-12-19 06:47:59'), 'mag': 5.0}, {'lat': 51.09, 'long': 179.995, 'Time': Timestamp('2007-12-19 06:47:59'), 'mag': 5.0}, {'lat': -6.952, 'long': 155.778, 'Time': Timestamp('2007-12-19 11:34:56'), 'mag': 5.9}, {'lat': -6.952, 'long': 155.778, 'Time': Timestamp('2007-12-19 11:34:56'), 'mag': 5.9}, {'lat': -6.952, 'long': 155.778, 'Time': Timestamp('2007-12-19 11:34:56'), 'mag': 5.9}, {'lat': -9.188, 'long': 123.945, 'Time': Timestamp('2007-12-19 06:12:25'), 'mag': 5.3}, {'lat': -9.188, 'long': 123.945, 'Time': Timestamp('2007-12-19 06:12:25'), 'mag': 5.3}, {'lat': -9.188, 'long': 123.945, 'Time': Timestamp('2007-12-19 06:12:25'), 'mag': 5.3}]",9,2007-12-19 06:47:59,RDM_df_train_30D-22SW-tw12_w9.csv,5.404386388888889
1026,2007-10-23 00:23:23.739,1,"[{'lat': -6.347, 'long': 154.756, 'Time': Timestamp('2007-10-23 06:41:49'), 'mag': 5.3}, {'lat': -6.347, 'long': 154.756, 'Time': Timestamp('2007-10-23 06:41:49'), 'mag': 5.3}, {'lat': -6.347, 'long': 154.756, 'Time': Timestamp('2007-10-23 06:41:49'), 'mag': 5.3}]",3,2007-10-23 06:41:49,RDM_df_train_30D-22SW-tw12_w9.csv,6.307016944444444
1341,2007-12-25 01:05:18.261,1,"[{'lat': -3.314, 'long': 142.5, 'Time': Timestamp('2007-12-25 07:52:48'), 'mag': 5.2}, {'lat': -3.314, 'long': 142.5, 'Time': Timestamp('2007-12-25 07:52:48'), 'mag': 5.2}, {'lat': -3.314, 'long': 142.5, 'Time': Timestamp('2007-12-25 07:52:48'), 'mag': 5.2}]",3,2007-12-25 07:52:48,RDM_df_train_30D-22SW-tw12_w9.csv,6.791594166666667
703,2007-09-06 18:50:53.512,1,"[{'lat': -56.081, 'long': -123.314, 'Time': Timestamp('2007-09-07 04:46:45'), 'mag': 5.9}, {'lat': -56.081, 'long': -123.314, 'Time': Timestamp('2007-09-07 04:46:45'), 'mag': 5.9}]",2,2007-09-07 04:46:45,RDM_df_train_30D-22SW-tw12_w9.csv,9.930968888888888
285,2007-06-08 00:04:53.998,1,"[{'lat': 18.127, 'long': 147.109, 'Time': Timestamp('2007-06-08 02:48:17'), 'mag': 5.4}]",1,2007-06-08 02:48:17,RDM_df_train_30D-22SW-tw12_w9.csv,2.723056111111111
1281,2007-12-20 08:34:21.391,1,"[{'lat': 39.417, 'long': 33.212, 'Time': Timestamp('2007-12-20 09:48:29'), 'mag': 5.7}, {'lat': 39.417, 'long': 33.212, 'Time': Timestamp('2007-12-20 09:48:29'), 'mag': 5.7}, {'lat': 39.417, 'long': 33.212, 'Time': Timestamp('2007-12-20 09:48:29'), 'mag': 5.7}]",3,2007-12-20 09:48:29,RDM_df_train_30D-22SW-tw12_w9.csv,1.2354469444444445
1623,2008-02-15 23:45:53.906,1,"[{'lat': -10.284, 'long': 161.107, 'Time': Timestamp('2008-02-16 03:29:39'), 'mag': 5.0}, {'lat': -10.284, 'long': 161.107, 'Time': Timestamp('2008-02-16 03:29:39'), 'mag': 5.0}, {'lat': -10.284, 'long': 161.107, 'Time': Timestamp('2008-02-16 03:29:39'), 'mag': 5.0}]",3,2008-02-16 03:29:39,RDM_df_train_30D-22SW-tw12_w9.csv,3.7291927777777776
687,2007-09-02 06:20:26.401,1,"[{'lat': 44.579, 'long': 78.339, 'Time': Timestamp('2007-09-02 15:30:37'), 'mag': 5.1}, {'lat': 44.579, 'long': 78.339, 'Time': Timestamp('2007-09-02 15:30:37'), 'mag': 5.1}, {'lat': 44.579, 'long': 78.339, 'Time': Timestamp('2007-09-02 15:30:37'), 'mag': 5.1}]",3,2007-09-02 15:30:37,RDM_df_train_30D-22SW-tw12_w9.csv,9.169610833333333
817,2007-09-16 19:45:24.023,1,"[{'lat': 24.489, 'long': -109.85, 'Time': Timestamp('2007-09-17 00:16:31'), 'mag': 5.4}, {'lat': 24.489, 'long': -109.85, 'Time': Timestamp('2007-09-17 00:16:31'), 'mag': 5.4}, {'lat': 24.489, 'long': -109.85, 'Time': Timestamp('2007-09-17 00:16:31'), 'mag': 5.4}]",3,2007-09-17 00:16:31,RDM_df_train_30D-22SW-tw12_w9.csv,4.518604722222222
1870,2008-04-03 23:09:23.526,1,"[{'lat': -15.281, 'long': -172.836, 'Time': Timestamp('2008-04-04 04:03:01'), 'mag': 5.5}, {'lat': -15.281, 'long': -172.836, 'Time': Timestamp('2008-04-04 04:03:01'), 'mag': 5.5}, {'lat': -15.281, 'long': -172.836, 'Time': Timestamp('2008-04-04 04:03:01'), 'mag': 5.5}]",3,2008-04-04 04:03:01,RDM_df_train_30D-22SW-tw12_w9.csv,4.893742777777777
1743,2008-03-23 13:04:53.984,1,"[{'lat': -1.148, 'long': -14.459, 'Time': Timestamp('2008-03-23 21:32:27'), 'mag': 5.0}, {'lat': -1.148, 'long': -14.459, 'Time': Timestamp('2008-03-23 21:32:27'), 'mag': 5.0}, {'lat': -1.148, 'long': -14.459, 'Time': Timestamp('2008-03-23 21:32:27'), 'mag': 5.0}]",3,2008-03-23 21:32:27,RDM_df_train_30D-22SW-tw12_w9.csv,8.459171111111111
776,2007-09-01 19:27:23.176,1,"[{'lat': 24.502, 'long': -109.915, 'Time': Timestamp('2007-09-01 23:35:26'), 'mag': 5.0}, {'lat': 24.502, 'long': -109.915, 'Time': Timestamp('2007-09-01 23:35:26'), 'mag': 5.0}, {'lat': 24.502, 'long': -109.915, 'Time': Timestamp('2007-09-01 23:35:26'), 'mag': 5.0}]",3,2007-09-01 23:35:26,RDM_df_train_30D-22SW-tw12_w9.csv,4.134117777777778
580,2007-07-23 17:25:53.606,1,"[{'lat': 14.381, 'long': -90.954, 'Time': Timestamp('2007-07-23 22:30:08'), 'mag': 5.5}, {'lat': 14.381, 'long': -90.954, 'Time': Timestamp('2007-07-23 22:30:08'), 'mag': 5.5}]",2,2007-07-23 22:30:08,RDM_df_train_30D-22SW-tw12_w9.csv,5.070665
414,2007-07-05 12:59:54.047,1,"[{'lat': -42.603, 'long': -19.656, 'Time': Timestamp('2007-07-05 13:26:23'), 'mag': 5.3}, {'lat': -42.603, 'long': -19.656, 'Time': Timestamp('2007-07-05 13:26:23'), 'mag': 5.3}, {'lat': -42.603, 'long': -19.656, 'Time': Timestamp('2007-07-05 13:26:23'), 'mag': 5.3}]",3,2007-07-05 13:26:23,RDM_df_train_30D-22SW-tw12_w9.csv,0.4413758333333333
410,2007-07-01 22:15:51.998,1,"[{'lat': -17.583, 'long': -176.951, 'Time': Timestamp('2007-07-02 00:54:59'), 'mag': 5.3}]",1,2007-07-02 00:54:59,RDM_df_train_30D-22SW-tw12_w9.csv,2.651945
1100,2007-10-26 14:08:24.418,1,"[{'lat': -31.685, 'long': -69.03, 'Time': Timestamp('2007-10-27 01:16:54'), 'mag': 5.0}, {'lat': -31.685, 'long': -69.03, 'Time': Timestamp('2007-10-27 01:16:54'), 'mag': 5.0}, {'lat': -31.685, 'long': -69.03, 'Time': Timestamp('2007-10-27 01:16:54'), 'mag': 5.0}]",3,2007-10-27 01:16:54,RDM_df_train_30D-22SW-tw12_w9.csv,11.141550555555556
543,2007-07-18 23:35:21.299,1,"[{'lat': -26.084, 'long': -177.729, 'Time': Timestamp('2007-07-18 23:51:42'), 'mag': 5.7}, {'lat': -26.084, 'long': -177.729, 'Time': Timestamp('2007-07-18 23:51:42'), 'mag': 5.7}]",2,2007-07-18 23:51:42,RDM_df_train_30D-22SW-tw12_w9.csv,0.2724169444444445
1671,2008-02-23 12:27:23.253,1,"[{'lat': -57.335, 'long': -23.433, 'Time': Timestamp('2008-02-23 15:57:20'), 'mag': 6.8}, {'lat': -57.028, 'long': -23.528, 'Time': Timestamp('2008-02-23 17:58:24'), 'mag': 5.0}, {'lat': -57.335, 'long': -23.433, 'Time': Timestamp('2008-02-23 15:57:20'), 'mag': 6.8}, {'lat': -57.028, 'long': -23.528, 'Time': Timestamp('2008-02-23 17:58:24'), 'mag': 5.0}, {'lat': 40.684, 'long': -29.34, 'Time': Timestamp('2008-02-23 12:35:31'), 'mag': 5.1}, {'lat': 40.684, 'long': -29.34, 'Time': Timestamp('2008-02-23 12:35:31'), 'mag': 5.1}]",6,2008-02-23 15:57:20,RDM_df_train_30D-22SW-tw12_w9.csv,3.499096388888889
1666,2008-03-09 13:35:53.879,1,"[{'lat': 0.718, 'long': -29.933, 'Time': Timestamp('2008-03-09 17:17:24'), 'mag': 5.1}, {'lat': 0.718, 'long': -29.933, 'Time': Timestamp('2008-03-09 17:17:24'), 'mag': 5.1}, {'lat': 0.718, 'long': -29.933, 'Time': Timestamp('2008-03-09 17:17:24'), 'mag': 5.1}]",3,2008-03-09 17:17:24,RDM_df_train_30D-22SW-tw12_w9.csv,3.6917002777777777
1176,2007-11-28 23:58:53.912,1,"[{'lat': -57.232, 'long': 147.903, 'Time': Timestamp('2007-11-29 01:50:30'), 'mag': 5.1}]",1,2007-11-29 01:50:30,RDM_df_train_30D-22SW-tw12_w9.csv,1.8600244444444445
1291,2007-12-13 06:18:53.591,1,"[{'lat': -23.982, 'long': 69.569, 'Time': Timestamp('2007-12-13 07:09:43'), 'mag': 5.1}, {'lat': -39.357, 'long': 78.152, 'Time': Timestamp('2007-12-13 14:09:55'), 'mag': 5.2}, {'lat': -39.357, 'long': 78.152, 'Time': Timestamp('2007-12-13 14:09:55'), 'mag': 5.2}, {'lat': -39.357, 'long': 78.152, 'Time': Timestamp('2007-12-13 14:09:55'), 'mag': 5.2}]",4,2007-12-13 07:09:43,RDM_df_train_30D-22SW-tw12_w9.csv,0.8470580555555556
743,2007-08-31 09:47:51.417,1,"[{'lat': 12.606, 'long': 47.989, 'Time': Timestamp('2007-08-31 21:09:44'), 'mag': 5.1}, {'lat': 36.655, 'long': 26.272, 'Time': Timestamp('2007-08-31 20:52:43'), 'mag': 5.2}, {'lat': 36.655, 'long': 26.272, 'Time': Timestamp('2007-08-31 20:52:43'), 'mag': 5.2}, {'lat': 36.655, 'long': 26.272, 'Time': Timestamp('2007-08-31 20:52:43'), 'mag': 5.2}]",4,2007-08-31 21:09:44,RDM_df_train_30D-22SW-tw12_w9.csv,11.36460638888889
583,2007-08-06 08:04:27.462,1,"[{'lat': 2.481, 'long': 66.274, 'Time': Timestamp('2007-08-06 09:32:28'), 'mag': 5.3}, {'lat': 2.523, 'long': 66.295, 'Time': Timestamp('2007-08-06 10:07:44'), 'mag': 5.1}, {'lat': 2.481, 'long': 66.274, 'Time': Timestamp('2007-08-06 09:32:28'), 'mag': 5.3}, {'lat': 2.523, 'long': 66.295, 'Time': Timestamp('2007-08-06 10:07:44'), 'mag': 5.1}, {'lat': 2.481, 'long': 66.274, 'Time': Timestamp('2007-08-06 09:32:28'), 'mag': 5.3}, {'lat': 2.523, 'long': 66.295, 'Time': Timestamp('2007-08-06 10:07:44'), 'mag': 5.1}]",6,2007-08-06 09:32:28,RDM_df_train_30D-22SW-tw12_w9.csv,1.466816111111111
1194,2007-11-23 09:40:21.676,1,"[{'lat': -53.27, 'long': 9.426, 'Time': Timestamp('2007-11-23 19:18:47'), 'mag': 5.5}]",1,2007-11-23 19:18:47,RDM_df_train_30D-22SW-tw12_w9.csv,9.640367777777778
1688,2008-03-03 01:22:19.302,1,"[{'lat': -11.054, 'long': 166.48, 'Time': Timestamp('2008-03-03 04:21:31'), 'mag': 5.0}, {'lat': -11.054, 'long': 166.48, 'Time': Timestamp('2008-03-03 04:21:31'), 'mag': 5.0}, {'lat': -11.054, 'long': 166.48, 'Time': Timestamp('2008-03-03 04:21:31'), 'mag': 5.0}, {'lat': 46.406, 'long': 153.175, 'Time': Timestamp('2008-03-03 09:31:02'), 'mag': 6.5}, {'lat': 46.307, 'long': 152.974, 'Time': Timestamp('2008-03-03 10:09:41'), 'mag': 5.2}, {'lat': 46.257, 'long': 152.931, 'Time': Timestamp('2008-03-03 11:22:35'), 'mag': 5.3}, {'lat': 46.406, 'long': 153.175, 'Time': Timestamp('2008-03-03 09:31:02'), 'mag': 6.5}, {'lat': 46.307, 'long': 152.974, 'Time': Timestamp('2008-03-03 10:09:41'), 'mag': 5.2}, {'lat': 46.257, 'long': 152.931, 'Time': Timestamp('2008-03-03 11:22:35'), 'mag': 5.3}, {'lat': 46.406, 'long': 153.175, 'Time': Timestamp('2008-03-03 09:31:02'), 'mag': 6.5}, {'lat': 46.307, 'long': 152.974, 'Time': Timestamp('2008-03-03 10:09:41'), 'mag': 5.2}, {'lat': 46.257, 'long': 152.931, 'Time': Timestamp('2008-03-03 11:22:35'), 'mag': 5.3}, {'lat': 12.602, 'long': 144.342, 'Time': Timestamp('2008-03-03 03:55:27'), 'mag': 5.1}, {'lat': 12.602, 'long': 144.342, 'Time': Timestamp('2008-03-03 03:55:27'), 'mag': 5.1}, {'lat': 12.602, 'long': 144.342, 'Time': Timestamp('2008-03-03 03:55:27'), 'mag': 5.1}]",15,2008-03-03 04:21:31,RDM_df_train_30D-22SW-tw12_w9.csv,2.986582777777778
790,2007-08-31 09:29:23.039,1,"[{'lat': 12.606, 'long': 47.989, 'Time': Timestamp('2007-08-31 21:09:44'), 'mag': 5.1}, {'lat': 12.606, 'long': 47.989, 'Time': Timestamp('2007-08-31 21:09:44'), 'mag': 5.1}, {'lat': 12.606, 'long': 47.989, 'Time': Timestamp('2007-08-31 21:09:44'), 'mag': 5.1}, {'lat': 36.655, 'long': 26.272, 'Time': Timestamp('2007-08-31 20:52:43'), 'mag': 5.2}, {'lat': 36.655, 'long': 26.272, 'Time': Timestamp('2007-08-31 20:52:43'), 'mag': 5.2}, {'lat': 36.655, 'long': 26.272, 'Time': Timestamp('2007-08-31 20:52:43'), 'mag': 5.2}]",6,2007-08-31 21:09:44,RDM_df_train_30D-22SW-tw12_w9.csv,11.672489166666667
486,2007-07-04 11:57:53.682,1,"[{'lat': 38.8, 'long': 15.2, 'Time': Timestamp('2007-07-04 23:55:32'), 'mag': 5.2}, {'lat': 38.8, 'long': 15.2, 'Time': Timestamp('2007-07-04 23:55:32'), 'mag': 5.2}, {'lat': 38.8, 'long': 15.2, 'Time': Timestamp('2007-07-04 23:55:32'), 'mag': 5.2}]",3,2007-07-04 23:55:32,RDM_df_train_30D-22SW-tw12_w9.csv,11.960643888888889
