index,time_window,label,matched_eqs,total_eq,random_offset_days
0,2007-01-13 08:44:51.100,0,[],0,12
1,2007-01-16 12:03:53.699,0,[],0,15
2,2007-01-11 15:22:20.539,0,[],0,10
3,2007-01-26 18:37:51.596,1,"[{'lat': -54.07, 'long': -133.567, 'Time': Timestamp('2007-01-28 15:34:46'), 'mag': 5.4}, {'lat': -54.07, 'long': -133.567, 'Time': Timestamp('2007-01-28 15:34:46'), 'mag': 5.4}]",2,25
4,2007-01-20 21:51:53.000,0,[],0,19
5,2007-01-16 01:05:50.586,1,"[{'lat': 46.921, 'long': 155.963, 'Time': Timestamp('2007-01-16 19:25:51'), 'mag': 5.1}, {'lat': 45.917, 'long': 154.389, 'Time': Timestamp('2007-01-17 09:45:50'), 'mag': 5.2}, {'lat': 41.182, 'long': 142.714, 'Time': Timestamp('2007-01-16 12:52:36'), 'mag': 5.0}, {'lat': 46.921, 'long': 155.963, 'Time': Timestamp('2007-01-16 19:25:51'), 'mag': 5.1}, {'lat': 45.917, 'long': 154.389, 'Time': Timestamp('2007-01-17 09:45:50'), 'mag': 5.2}, {'lat': 41.182, 'long': 142.714, 'Time': Timestamp('2007-01-16 12:52:36'), 'mag': 5.0}, {'lat': 46.921, 'long': 155.963, 'Time': Timestamp('2007-01-16 19:25:51'), 'mag': 5.1}, {'lat': 45.917, 'long': 154.389, 'Time': Timestamp('2007-01-17 09:45:50'), 'mag': 5.2}, {'lat': 41.182, 'long': 142.714, 'Time': Timestamp('2007-01-16 12:52:36'), 'mag': 5.0}, {'lat': -3.448, 'long': 148.952, 'Time': Timestamp('2007-01-16 12:18:13'), 'mag': 5.0}, {'lat': -3.322, 'long': 139.834, 'Time': Timestamp('2007-01-17 04:28:26'), 'mag': 6.0}, {'lat': -3.448, 'long': 148.952, 'Time': Timestamp('2007-01-16 12:18:13'), 'mag': 5.0}, {'lat': -3.322, 'long': 139.834, 'Time': Timestamp('2007-01-17 04:28:26'), 'mag': 6.0}, {'lat': -3.448, 'long': 148.952, 'Time': Timestamp('2007-01-16 12:18:13'), 'mag': 5.0}, {'lat': -3.322, 'long': 139.834, 'Time': Timestamp('2007-01-17 04:28:26'), 'mag': 6.0}]",15,14
6,2007-02-01 07:38:53.243,1,"[{'lat': 38.965, 'long': 71.373, 'Time': Timestamp('2007-02-02 22:02:47'), 'mag': 5.2}, {'lat': 38.965, 'long': 71.373, 'Time': Timestamp('2007-02-02 22:02:47'), 'mag': 5.2}, {'lat': 38.965, 'long': 71.373, 'Time': Timestamp('2007-02-02 22:02:47'), 'mag': 5.2}]",3,30
7,2007-01-26 10:55:19.312,0,[],0,24
8,2007-01-22 14:14:21.900,1,"[{'lat': -45.313, 'long': -72.192, 'Time': Timestamp('2007-01-23 20:40:16'), 'mag': 5.3}, {'lat': -45.313, 'long': -72.192, 'Time': Timestamp('2007-01-23 20:40:16'), 'mag': 5.3}, {'lat': -45.313, 'long': -72.192, 'Time': Timestamp('2007-01-23 20:40:16'), 'mag': 5.3}]",3,20
9,2007-01-16 17:30:52.322,1,"[{'lat': -16.626, 'long': -73.383, 'Time': Timestamp('2007-01-17 16:08:46'), 'mag': 5.1}, {'lat': -16.626, 'long': -73.383, 'Time': Timestamp('2007-01-17 16:08:46'), 'mag': 5.1}, {'lat': -16.626, 'long': -73.383, 'Time': Timestamp('2007-01-17 16:08:46'), 'mag': 5.1}]",3,14
10,2007-01-17 20:44:52.375,0,[],0,15
11,2007-01-25 23:58:52.427,1,"[{'lat': -36.65, 'long': 177.13, 'Time': Timestamp('2007-01-27 10:24:19'), 'mag': 5.0}, {'lat': -36.65, 'long': 177.13, 'Time': Timestamp('2007-01-27 10:24:19'), 'mag': 5.0}, {'lat': -59.834, 'long': 150.367, 'Time': Timestamp('2007-01-27 00:15:57'), 'mag': 5.1}]",3,23
12,2007-01-16 06:31:23.495,1,"[{'lat': 1.978, 'long': 89.69, 'Time': Timestamp('2007-01-17 07:58:40'), 'mag': 5.0}, {'lat': 1.978, 'long': 89.69, 'Time': Timestamp('2007-01-17 07:58:40'), 'mag': 5.0}, {'lat': 10.125, 'long': 58.708, 'Time': Timestamp('2007-01-17 23:18:49'), 'mag': 6.2}, {'lat': 10.125, 'long': 58.708, 'Time': Timestamp('2007-01-17 23:18:49'), 'mag': 6.2}]",4,13
13,2007-01-17 09:46:49.738,0,[],0,14
14,2007-02-02 13:06:22.695,1,"[{'lat': 35.344, 'long': -35.944, 'Time': Timestamp('2007-02-04 03:33:19'), 'mag': 5.6}, {'lat': 35.344, 'long': -35.944, 'Time': Timestamp('2007-02-04 03:33:19'), 'mag': 5.6}, {'lat': 35.344, 'long': -35.944, 'Time': Timestamp('2007-02-04 03:33:19'), 'mag': 5.6}]",3,30
15,2007-01-27 22:52:22.855,1,"[{'lat': -17.75, 'long': 179.872, 'Time': Timestamp('2007-01-28 08:12:31'), 'mag': 5.6}, {'lat': -17.75, 'long': 179.872, 'Time': Timestamp('2007-01-28 08:12:31'), 'mag': 5.6}, {'lat': -17.75, 'long': 179.872, 'Time': Timestamp('2007-01-28 08:12:31'), 'mag': 5.6}]",3,24
16,2007-01-15 07:01:58.055,1,"[{'lat': 35.317, 'long': 65.494, 'Time': Timestamp('2007-01-15 11:24:33'), 'mag': 5.0}, {'lat': 35.317, 'long': 65.494, 'Time': Timestamp('2007-01-15 11:24:33'), 'mag': 5.0}, {'lat': 35.317, 'long': 65.494, 'Time': Timestamp('2007-01-15 11:24:33'), 'mag': 5.0}]",3,11
17,2007-01-12 10:17:51.469,0,[],0,8
18,2007-01-20 13:37:21.616,1,"[{'lat': -55.764, 'long': -27.016, 'Time': Timestamp('2007-01-21 15:03:16'), 'mag': 5.6}]",1,16
19,2007-01-23 16:54:22.150,1,"[{'lat': -45.313, 'long': -72.192, 'Time': Timestamp('2007-01-23 20:40:16'), 'mag': 5.3}, {'lat': -45.313, 'long': -72.192, 'Time': Timestamp('2007-01-23 20:40:16'), 'mag': 5.3}, {'lat': 15.02, 'long': -92.436, 'Time': Timestamp('2007-01-25 00:06:55'), 'mag': 5.1}, {'lat': 15.02, 'long': -92.436, 'Time': Timestamp('2007-01-25 00:06:55'), 'mag': 5.1}, {'lat': 15.02, 'long': -92.436, 'Time': Timestamp('2007-01-25 00:06:55'), 'mag': 5.1}]",5,19
20,2007-01-13 20:08:52.203,0,[],0,9
21,2007-01-20 23:22:22.256,1,"[{'lat': 51.596, 'long': -173.584, 'Time': Timestamp('2007-01-22 10:22:54'), 'mag': 5.0}, {'lat': 51.596, 'long': -173.584, 'Time': Timestamp('2007-01-22 10:22:54'), 'mag': 5.0}, {'lat': -11.37, 'long': 166.334, 'Time': Timestamp('2007-01-21 11:44:54'), 'mag': 5.1}, {'lat': -11.37, 'long': 166.334, 'Time': Timestamp('2007-01-21 11:44:54'), 'mag': 5.1}]",4,16
22,2007-02-01 07:32:54.800,1,"[{'lat': 38.965, 'long': 71.373, 'Time': Timestamp('2007-02-02 22:02:47'), 'mag': 5.2}, {'lat': 38.965, 'long': 71.373, 'Time': Timestamp('2007-02-02 22:02:47'), 'mag': 5.2}, {'lat': 38.965, 'long': 71.373, 'Time': Timestamp('2007-02-02 22:02:47'), 'mag': 5.2}]",3,27
23,2007-01-14 10:48:49.542,0,[],0,9
24,2007-02-02 14:08:23.458,1,"[{'lat': 35.344, 'long': -35.944, 'Time': Timestamp('2007-02-04 03:33:19'), 'mag': 5.6}, {'lat': 35.344, 'long': -35.944, 'Time': Timestamp('2007-02-04 03:33:19'), 'mag': 5.6}, {'lat': -17.23, 'long': -69.103, 'Time': Timestamp('2007-02-04 10:13:52'), 'mag': 5.1}, {'lat': -45.239, 'long': -72.236, 'Time': Timestamp('2007-02-03 09:00:15'), 'mag': 5.3}, {'lat': -45.239, 'long': -72.236, 'Time': Timestamp('2007-02-03 09:00:15'), 'mag': 5.3}, {'lat': -45.239, 'long': -72.236, 'Time': Timestamp('2007-02-03 09:00:15'), 'mag': 5.3}]",6,28
25,2007-01-19 17:24:52.551,0,[],0,14
26,2007-02-01 20:38:52.604,0,[],0,27
27,2007-01-11 23:52:52.657,1,"[{'lat': -21.454, 'long': 169.679, 'Time': Timestamp('2007-01-13 20:17:42'), 'mag': 5.3}, {'lat': -21.454, 'long': 169.679, 'Time': Timestamp('2007-01-13 20:17:42'), 'mag': 5.3}, {'lat': 46.697, 'long': 156.576, 'Time': Timestamp('2007-01-13 23:40:11'), 'mag': 5.2}]",3,6
28,2007-01-18 08:03:20.213,0,[],0,12
29,2007-01-21 11:20:24.809,1,"[{'lat': -55.764, 'long': -27.016, 'Time': Timestamp('2007-01-21 15:03:16'), 'mag': 5.6}, {'lat': -55.764, 'long': -27.016, 'Time': Timestamp('2007-01-21 15:03:16'), 'mag': 5.6}]",2,15
30,2007-02-03 14:38:49.874,1,"[{'lat': 35.344, 'long': -35.944, 'Time': Timestamp('2007-02-04 03:33:19'), 'mag': 5.6}, {'lat': 35.344, 'long': -35.944, 'Time': Timestamp('2007-02-04 03:33:19'), 'mag': 5.6}, {'lat': 35.344, 'long': -35.944, 'Time': Timestamp('2007-02-04 03:33:19'), 'mag': 5.6}, {'lat': -17.23, 'long': -69.103, 'Time': Timestamp('2007-02-04 10:13:52'), 'mag': 5.1}, {'lat': -17.23, 'long': -69.103, 'Time': Timestamp('2007-02-04 10:13:52'), 'mag': 5.1}]",5,28
31,2007-01-21 17:55:22.952,0,[],0,15
32,2007-01-30 21:09:23.005,1,"[{'lat': -29.776, 'long': -178.002, 'Time': Timestamp('2007-01-31 03:15:52'), 'mag': 6.5}]",1,24
33,2007-01-27 00:23:23.248,1,"[{'lat': -17.75, 'long': 179.872, 'Time': Timestamp('2007-01-28 08:12:31'), 'mag': 5.6}, {'lat': -17.75, 'long': 179.872, 'Time': Timestamp('2007-01-28 08:12:31'), 'mag': 5.6}, {'lat': -17.75, 'long': 179.872, 'Time': Timestamp('2007-01-28 08:12:31'), 'mag': 5.6}, {'lat': -36.65, 'long': 177.13, 'Time': Timestamp('2007-01-27 10:24:19'), 'mag': 5.0}, {'lat': -36.65, 'long': 177.13, 'Time': Timestamp('2007-01-27 10:24:19'), 'mag': 5.0}]",5,20
34,2007-01-16 05:17:54.327,1,"[{'lat': 1.978, 'long': 89.69, 'Time': Timestamp('2007-01-17 07:58:40'), 'mag': 5.0}]",1,9
35,2007-02-01 10:11:50.534,0,[],0,25
36,2007-01-29 13:30:50.354,0,[],0,22
37,2007-01-25 16:48:21.747,0,[],0,18
38,2007-02-03 20:02:52.380,1,"[{'lat': -55.883, 'long': -122.721, 'Time': Timestamp('2007-02-04 21:17:46'), 'mag': 6.2}, {'lat': -55.791, 'long': -123.448, 'Time': Timestamp('2007-02-04 22:52:54'), 'mag': 5.6}]",2,27
39,2007-01-16 23:16:22.433,0,[],0,9
40,2007-02-03 09:03:20.796,1,"[{'lat': 35.806, 'long': 22.432, 'Time': Timestamp('2007-02-03 13:43:23'), 'mag': 5.4}, {'lat': 35.806, 'long': 22.432, 'Time': Timestamp('2007-02-03 13:43:23'), 'mag': 5.4}]",2,26
41,2007-01-30 12:22:21.733,0,[],0,22
42,2007-01-20 15:40:54.554,0,[],0,12
43,2007-01-18 18:55:52.621,1,"[{'lat': 12.994, 'long': -89.132, 'Time': Timestamp('2007-01-19 01:43:14'), 'mag': 5.4}, {'lat': 12.994, 'long': -89.132, 'Time': Timestamp('2007-01-19 01:43:14'), 'mag': 5.4}, {'lat': 12.994, 'long': -89.132, 'Time': Timestamp('2007-01-19 01:43:14'), 'mag': 5.4}, {'lat': -9.573, 'long': -109.448, 'Time': Timestamp('2007-01-19 14:47:27'), 'mag': 5.2}, {'lat': -9.573, 'long': -109.448, 'Time': Timestamp('2007-01-19 14:47:27'), 'mag': 5.2}, {'lat': -9.573, 'long': -109.448, 'Time': Timestamp('2007-01-19 14:47:27'), 'mag': 5.2}]",6,10
44,2007-01-25 22:09:53.768,1,"[{'lat': -19.87, 'long': -174.482, 'Time': Timestamp('2007-01-26 02:34:25'), 'mag': 5.1}, {'lat': -19.87, 'long': -174.482, 'Time': Timestamp('2007-01-26 02:34:25'), 'mag': 5.1}, {'lat': -36.65, 'long': 177.13, 'Time': Timestamp('2007-01-27 10:24:19'), 'mag': 5.0}, {'lat': -36.65, 'long': 177.13, 'Time': Timestamp('2007-01-27 10:24:19'), 'mag': 5.0}, {'lat': -36.65, 'long': 177.13, 'Time': Timestamp('2007-01-27 10:24:19'), 'mag': 5.0}]",5,17
45,2007-02-03 01:23:49.735,1,"[{'lat': 13.866, 'long': 145.211, 'Time': Timestamp('2007-02-03 19:31:22'), 'mag': 5.3}, {'lat': 13.866, 'long': 145.211, 'Time': Timestamp('2007-02-03 19:31:22'), 'mag': 5.3}, {'lat': -0.567, 'long': 127.472, 'Time': Timestamp('2007-02-04 01:19:23'), 'mag': 5.2}, {'lat': -0.567, 'long': 127.472, 'Time': Timestamp('2007-02-04 01:19:23'), 'mag': 5.2}]",4,25
46,2007-01-28 06:18:49.805,1,"[{'lat': 8.359, 'long': 93.595, 'Time': Timestamp('2007-01-29 19:48:34'), 'mag': 5.4}, {'lat': 8.359, 'long': 93.595, 'Time': Timestamp('2007-01-29 19:48:34'), 'mag': 5.4}, {'lat': 8.359, 'long': 93.595, 'Time': Timestamp('2007-01-29 19:48:34'), 'mag': 5.4}, {'lat': -37.856, 'long': 77.995, 'Time': Timestamp('2007-01-30 02:35:10'), 'mag': 5.2}, {'lat': -37.856, 'long': 77.995, 'Time': Timestamp('2007-01-30 02:35:10'), 'mag': 5.2}, {'lat': -37.856, 'long': 77.995, 'Time': Timestamp('2007-01-30 02:35:10'), 'mag': 5.2}]",6,19
47,2007-01-23 09:34:19.981,0,[],0,14
48,2007-01-30 17:49:24.428,0,[],0,21
49,2007-01-15 21:03:22.182,1,"[{'lat': -56.144, 'long': -143.708, 'Time': Timestamp('2007-01-17 06:03:39'), 'mag': 5.2}, {'lat': -56.144, 'long': -143.708, 'Time': Timestamp('2007-01-17 06:03:39'), 'mag': 5.2}, {'lat': -56.144, 'long': -143.708, 'Time': Timestamp('2007-01-17 06:03:39'), 'mag': 5.2}]",3,6
50,2007-02-01 00:16:52.235,0,[],0,22
51,2007-02-07 08:28:26.766,1,"[{'lat': 38.39, 'long': 39.043, 'Time': Timestamp('2007-02-09 02:22:55'), 'mag': 5.5}, {'lat': 38.39, 'long': 39.043, 'Time': Timestamp('2007-02-09 02:22:55'), 'mag': 5.5}]",2,28
52,2007-01-24 13:24:52.504,0,[],0,14
53,2007-01-22 16:41:57.401,1,"[{'lat': -45.313, 'long': -72.192, 'Time': Timestamp('2007-01-23 20:40:16'), 'mag': 5.3}, {'lat': -45.313, 'long': -72.192, 'Time': Timestamp('2007-01-23 20:40:16'), 'mag': 5.3}, {'lat': -45.313, 'long': -72.192, 'Time': Timestamp('2007-01-23 20:40:16'), 'mag': 5.3}]",3,12
54,2007-01-28 19:56:47.387,0,[],0,18
55,2007-01-22 23:10:22.664,1,"[{'lat': -13.1, 'long': 167.054, 'Time': Timestamp('2007-01-23 17:16:20'), 'mag': 5.9}, {'lat': -13.1, 'long': 167.054, 'Time': Timestamp('2007-01-23 17:16:20'), 'mag': 5.9}, {'lat': -53.244, 'long': 159.468, 'Time': Timestamp('2007-01-24 14:35:27'), 'mag': 5.0}, {'lat': -53.244, 'long': 159.468, 'Time': Timestamp('2007-01-24 14:35:27'), 'mag': 5.0}]",4,12
56,2007-02-03 08:57:23.795,1,"[{'lat': 35.806, 'long': 22.432, 'Time': Timestamp('2007-02-03 13:43:23'), 'mag': 5.4}, {'lat': 35.806, 'long': 22.432, 'Time': Timestamp('2007-02-03 13:43:23'), 'mag': 5.4}]",2,23
57,2007-01-29 12:16:21.963,0,[],0,18
58,2007-01-18 15:34:26.113,1,"[{'lat': 22.331, 'long': -45.086, 'Time': Timestamp('2007-01-18 22:32:36'), 'mag': 5.2}, {'lat': 22.331, 'long': -45.086, 'Time': Timestamp('2007-01-18 22:32:36'), 'mag': 5.2}, {'lat': 22.331, 'long': -45.086, 'Time': Timestamp('2007-01-18 22:32:36'), 'mag': 5.2}]",3,7
59,2007-02-03 18:49:52.851,1,"[{'lat': -55.883, 'long': -122.721, 'Time': Timestamp('2007-02-04 21:17:46'), 'mag': 6.2}, {'lat': -55.791, 'long': -123.448, 'Time': Timestamp('2007-02-04 22:52:54'), 'mag': 5.6}, {'lat': -55.883, 'long': -122.721, 'Time': Timestamp('2007-02-04 21:17:46'), 'mag': 6.2}, {'lat': -55.791, 'long': -123.448, 'Time': Timestamp('2007-02-04 22:52:54'), 'mag': 5.6}]",4,23
60,2007-02-03 22:03:51.342,1,"[{'lat': -20.609, 'long': -175.65, 'Time': Timestamp('2007-02-05 09:55:51'), 'mag': 5.8}, {'lat': -20.678, 'long': -175.487, 'Time': Timestamp('2007-02-05 10:16:24'), 'mag': 5.5}, {'lat': -20.674, 'long': -175.47, 'Time': Timestamp('2007-02-05 10:19:23'), 'mag': 5.5}, {'lat': -20.609, 'long': -175.65, 'Time': Timestamp('2007-02-05 09:55:51'), 'mag': 5.8}, {'lat': -20.678, 'long': -175.487, 'Time': Timestamp('2007-02-05 10:16:24'), 'mag': 5.5}, {'lat': -20.674, 'long': -175.47, 'Time': Timestamp('2007-02-05 10:19:23'), 'mag': 5.5}, {'lat': -20.609, 'long': -175.65, 'Time': Timestamp('2007-02-05 09:55:51'), 'mag': 5.8}, {'lat': -20.678, 'long': -175.487, 'Time': Timestamp('2007-02-05 10:16:24'), 'mag': 5.5}, {'lat': -20.674, 'long': -175.47, 'Time': Timestamp('2007-02-05 10:19:23'), 'mag': 5.5}, {'lat': -39.206, 'long': 176.359, 'Time': Timestamp('2007-02-04 19:14:25'), 'mag': 5.1}, {'lat': -39.206, 'long': 176.359, 'Time': Timestamp('2007-02-04 19:14:25'), 'mag': 5.1}]",11,23
61,2007-02-01 01:17:46.857,1,"[{'lat': 1.219, 'long': 126.345, 'Time': Timestamp('2007-02-01 10:43:26'), 'mag': 5.4}]",1,20
62,2007-02-08 06:12:57.228,0,[],0,27
63,2007-02-02 09:28:20.429,1,"[{'lat': 35.806, 'long': 22.432, 'Time': Timestamp('2007-02-03 13:43:23'), 'mag': 5.4}, {'lat': 35.806, 'long': 22.432, 'Time': Timestamp('2007-02-03 13:43:23'), 'mag': 5.4}]",2,21
64,2007-01-29 12:47:24.132,0,[],0,17
65,2007-02-02 16:05:17.434,1,"[{'lat': 35.344, 'long': -35.944, 'Time': Timestamp('2007-02-04 03:33:19'), 'mag': 5.6}, {'lat': -17.23, 'long': -69.103, 'Time': Timestamp('2007-02-04 10:13:52'), 'mag': 5.1}, {'lat': -17.23, 'long': -69.103, 'Time': Timestamp('2007-02-04 10:13:52'), 'mag': 5.1}, {'lat': -45.239, 'long': -72.236, 'Time': Timestamp('2007-02-03 09:00:15'), 'mag': 5.3}, {'lat': -45.239, 'long': -72.236, 'Time': Timestamp('2007-02-03 09:00:15'), 'mag': 5.3}, {'lat': -45.239, 'long': -72.236, 'Time': Timestamp('2007-02-03 09:00:15'), 'mag': 5.3}]",6,21
66,2007-01-18 19:20:21.036,1,"[{'lat': -9.573, 'long': -109.448, 'Time': Timestamp('2007-01-19 14:47:27'), 'mag': 5.2}, {'lat': -9.573, 'long': -109.448, 'Time': Timestamp('2007-01-19 14:47:27'), 'mag': 5.2}]",2,6
67,2007-01-23 00:10:52.466,1,"[{'lat': -13.1, 'long': 167.054, 'Time': Timestamp('2007-01-23 17:16:20'), 'mag': 5.9}, {'lat': -13.1, 'long': 167.054, 'Time': Timestamp('2007-01-23 17:16:20'), 'mag': 5.9}, {'lat': -53.244, 'long': 159.468, 'Time': Timestamp('2007-01-24 14:35:27'), 'mag': 5.0}, {'lat': -53.244, 'long': 159.468, 'Time': Timestamp('2007-01-24 14:35:27'), 'mag': 5.0}, {'lat': 46.174, 'long': 153.15, 'Time': Timestamp('2007-01-23 11:34:49'), 'mag': 5.4}]",5,10
68,2007-01-24 06:43:19.437,0,[],0,11
69,2007-01-21 09:59:22.269,0,[],0,8
70,2007-02-09 18:13:22.761,1,"[{'lat': 21.344, 'long': -106.322, 'Time': Timestamp('2007-02-11 09:09:07'), 'mag': 5.0}, {'lat': 21.344, 'long': -106.322, 'Time': Timestamp('2007-02-11 09:09:07'), 'mag': 5.0}, {'lat': 21.344, 'long': -106.322, 'Time': Timestamp('2007-02-11 09:09:07'), 'mag': 5.0}, {'lat': -4.837, 'long': -106.006, 'Time': Timestamp('2007-02-10 22:00:46'), 'mag': 5.2}, {'lat': -4.837, 'long': -106.006, 'Time': Timestamp('2007-02-10 22:00:46'), 'mag': 5.2}]",5,27
71,2007-02-03 21:27:22.814,1,"[{'lat': -20.609, 'long': -175.65, 'Time': Timestamp('2007-02-05 09:55:51'), 'mag': 5.8}, {'lat': -20.678, 'long': -175.487, 'Time': Timestamp('2007-02-05 10:16:24'), 'mag': 5.5}, {'lat': -20.674, 'long': -175.47, 'Time': Timestamp('2007-02-05 10:19:23'), 'mag': 5.5}, {'lat': -20.609, 'long': -175.65, 'Time': Timestamp('2007-02-05 09:55:51'), 'mag': 5.8}, {'lat': -20.678, 'long': -175.487, 'Time': Timestamp('2007-02-05 10:16:24'), 'mag': 5.5}, {'lat': -20.674, 'long': -175.47, 'Time': Timestamp('2007-02-05 10:19:23'), 'mag': 5.5}, {'lat': -20.609, 'long': -175.65, 'Time': Timestamp('2007-02-05 09:55:51'), 'mag': 5.8}, {'lat': -20.678, 'long': -175.487, 'Time': Timestamp('2007-02-05 10:16:24'), 'mag': 5.5}, {'lat': -20.674, 'long': -175.47, 'Time': Timestamp('2007-02-05 10:19:23'), 'mag': 5.5}]",9,21
72,2007-02-11 00:41:17.633,1,"[{'lat': -5.002, 'long': 144.98, 'Time': Timestamp('2007-02-12 02:08:56'), 'mag': 5.9}, {'lat': -5.002, 'long': 144.98, 'Time': Timestamp('2007-02-12 02:08:56'), 'mag': 5.9}, {'lat': -5.002, 'long': 144.98, 'Time': Timestamp('2007-02-12 02:08:56'), 'mag': 5.9}]",3,28
73,2007-01-26 08:52:54.084,0,[],0,12
74,2007-01-30 12:09:52.140,0,[],0,16
75,2007-02-06 15:28:21.194,1,"[{'lat': 8.69, 'long': -39.466, 'Time': Timestamp('2007-02-08 10:21:57'), 'mag': 5.2}, {'lat': 8.762, 'long': -39.422, 'Time': Timestamp('2007-02-08 12:05:35'), 'mag': 5.1}, {'lat': 9.14, 'long': -39.472, 'Time': Timestamp('2007-02-08 13:00:14'), 'mag': 5.0}, {'lat': 8.16, 'long': -39.285, 'Time': Timestamp('2007-02-08 14:32:10'), 'mag': 5.1}, {'lat': 8.69, 'long': -39.466, 'Time': Timestamp('2007-02-08 10:21:57'), 'mag': 5.2}, {'lat': 8.762, 'long': -39.422, 'Time': Timestamp('2007-02-08 12:05:35'), 'mag': 5.1}, {'lat': 9.14, 'long': -39.472, 'Time': Timestamp('2007-02-08 13:00:14'), 'mag': 5.0}, {'lat': 8.16, 'long': -39.285, 'Time': Timestamp('2007-02-08 14:32:10'), 'mag': 5.1}, {'lat': 8.69, 'long': -39.466, 'Time': Timestamp('2007-02-08 10:21:57'), 'mag': 5.2}, {'lat': 8.762, 'long': -39.422, 'Time': Timestamp('2007-02-08 12:05:35'), 'mag': 5.1}, {'lat': 9.14, 'long': -39.472, 'Time': Timestamp('2007-02-08 13:00:14'), 'mag': 5.0}, {'lat': 8.16, 'long': -39.285, 'Time': Timestamp('2007-02-08 14:32:10'), 'mag': 5.1}, {'lat': -17.712, 'long': -71.079, 'Time': Timestamp('2007-02-07 18:55:00'), 'mag': 5.5}, {'lat': -17.712, 'long': -71.079, 'Time': Timestamp('2007-02-07 18:55:00'), 'mag': 5.5}]",14,23
76,2007-02-04 21:57:49.191,1,"[{'lat': -20.609, 'long': -175.65, 'Time': Timestamp('2007-02-05 09:55:51'), 'mag': 5.8}, {'lat': -20.678, 'long': -175.487, 'Time': Timestamp('2007-02-05 10:16:24'), 'mag': 5.5}, {'lat': -20.674, 'long': -175.47, 'Time': Timestamp('2007-02-05 10:19:23'), 'mag': 5.5}, {'lat': -20.609, 'long': -175.65, 'Time': Timestamp('2007-02-05 09:55:51'), 'mag': 5.8}, {'lat': -20.678, 'long': -175.487, 'Time': Timestamp('2007-02-05 10:16:24'), 'mag': 5.5}, {'lat': -20.674, 'long': -175.47, 'Time': Timestamp('2007-02-05 10:19:23'), 'mag': 5.5}, {'lat': -20.609, 'long': -175.65, 'Time': Timestamp('2007-02-05 09:55:51'), 'mag': 5.8}, {'lat': -20.678, 'long': -175.487, 'Time': Timestamp('2007-02-05 10:16:24'), 'mag': 5.5}, {'lat': -20.674, 'long': -175.47, 'Time': Timestamp('2007-02-05 10:19:23'), 'mag': 5.5}]",9,21
77,2007-02-14 01:11:51.130,1,"[{'lat': 46.543, 'long': 155.255, 'Time': Timestamp('2007-02-14 01:46:58'), 'mag': 5.1}, {'lat': 46.543, 'long': 155.255, 'Time': Timestamp('2007-02-14 01:46:58'), 'mag': 5.1}, {'lat': 46.543, 'long': 155.255, 'Time': Timestamp('2007-02-14 01:46:58'), 'mag': 5.1}, {'lat': 11.807, 'long': 141.874, 'Time': Timestamp('2007-02-15 18:29:04'), 'mag': 5.4}, {'lat': 11.807, 'long': 141.874, 'Time': Timestamp('2007-02-15 18:29:04'), 'mag': 5.4}, {'lat': 11.807, 'long': 141.874, 'Time': Timestamp('2007-02-15 18:29:04'), 'mag': 5.4}]",6,30
78,2007-01-28 06:06:57.193,1,"[{'lat': 8.359, 'long': 93.595, 'Time': Timestamp('2007-01-29 19:48:34'), 'mag': 5.4}, {'lat': 8.359, 'long': 93.595, 'Time': Timestamp('2007-01-29 19:48:34'), 'mag': 5.4}, {'lat': 8.359, 'long': 93.595, 'Time': Timestamp('2007-01-29 19:48:34'), 'mag': 5.4}, {'lat': -37.856, 'long': 77.995, 'Time': Timestamp('2007-01-30 02:35:10'), 'mag': 5.2}, {'lat': -37.856, 'long': 77.995, 'Time': Timestamp('2007-01-30 02:35:10'), 'mag': 5.2}, {'lat': -37.856, 'long': 77.995, 'Time': Timestamp('2007-01-30 02:35:10'), 'mag': 5.2}]",6,13
79,2007-01-29 09:21:50.605,0,[],0,14
80,2007-01-23 12:41:24.309,1,"[{'lat': -55.305, 'long': -29.382, 'Time': Timestamp('2007-01-23 22:46:25'), 'mag': 5.6}, {'lat': -55.305, 'long': -29.382, 'Time': Timestamp('2007-01-23 22:46:25'), 'mag': 5.6}]",2,8
81,2007-02-07 15:58:47.611,1,"[{'lat': -17.712, 'long': -71.079, 'Time': Timestamp('2007-02-07 18:55:00'), 'mag': 5.5}]",1,23
82,2007-01-29 19:14:21.101,0,[],0,14
83,2007-01-25 22:27:53.465,1,"[{'lat': 51.768, 'long': -175.418, 'Time': Timestamp('2007-01-25 23:57:49'), 'mag': 5.0}, {'lat': -36.65, 'long': 177.13, 'Time': Timestamp('2007-01-27 10:24:19'), 'mag': 5.0}, {'lat': -36.65, 'long': 177.13, 'Time': Timestamp('2007-01-27 10:24:19'), 'mag': 5.0}]",3,10
84,2007-02-14 01:42:18.216,1,"[{'lat': 46.543, 'long': 155.255, 'Time': Timestamp('2007-02-14 01:46:58'), 'mag': 5.1}, {'lat': 46.543, 'long': 155.255, 'Time': Timestamp('2007-02-14 01:46:58'), 'mag': 5.1}, {'lat': 11.807, 'long': 141.874, 'Time': Timestamp('2007-02-15 18:29:04'), 'mag': 5.4}, {'lat': 3.192, 'long': 126.624, 'Time': Timestamp('2007-02-14 11:22:37'), 'mag': 5.0}, {'lat': 11.807, 'long': 141.874, 'Time': Timestamp('2007-02-15 18:29:04'), 'mag': 5.4}, {'lat': 3.192, 'long': 126.624, 'Time': Timestamp('2007-02-14 11:22:37'), 'mag': 5.0}, {'lat': 11.807, 'long': 141.874, 'Time': Timestamp('2007-02-15 18:29:04'), 'mag': 5.4}, {'lat': 3.192, 'long': 126.624, 'Time': Timestamp('2007-02-14 11:22:37'), 'mag': 5.0}]",8,29
85,2007-02-13 06:37:19.614,1,"[{'lat': 5.208, 'long': 94.26, 'Time': Timestamp('2007-02-14 20:11:57'), 'mag': 5.2}, {'lat': 5.208, 'long': 94.26, 'Time': Timestamp('2007-02-14 20:11:57'), 'mag': 5.2}]",2,28
86,2007-02-12 09:52:52.446,0,[],0,27
87,2007-01-28 13:12:22.857,0,[],0,12
88,2007-02-12 16:29:51.004,1,"[{'lat': -19.588, 'long': -69.823, 'Time': Timestamp('2007-02-14 14:21:47'), 'mag': 5.6}, {'lat': -19.588, 'long': -69.823, 'Time': Timestamp('2007-02-14 14:21:47'), 'mag': 5.6}, {'lat': -19.588, 'long': -69.823, 'Time': Timestamp('2007-02-14 14:21:47'), 'mag': 5.6}, {'lat': 13.443, 'long': -91.059, 'Time': Timestamp('2007-02-13 18:38:49'), 'mag': 5.0}, {'lat': 13.443, 'long': -91.059, 'Time': Timestamp('2007-02-13 18:38:49'), 'mag': 5.0}, {'lat': -1.424, 'long': -77.778, 'Time': Timestamp('2007-02-13 14:56:43'), 'mag': 5.6}, {'lat': 13.443, 'long': -91.059, 'Time': Timestamp('2007-02-13 18:38:49'), 'mag': 5.0}, {'lat': -1.424, 'long': -77.778, 'Time': Timestamp('2007-02-13 14:56:43'), 'mag': 5.6}]",8,27
89,2007-02-12 19:44:19.070,1,"[{'lat': -29.59, 'long': -112.051, 'Time': Timestamp('2007-02-14 01:29:07'), 'mag': 5.9}, {'lat': -29.59, 'long': -112.051, 'Time': Timestamp('2007-02-14 01:29:07'), 'mag': 5.9}, {'lat': -29.59, 'long': -112.051, 'Time': Timestamp('2007-02-14 01:29:07'), 'mag': 5.9}]",3,27
90,2007-02-09 22:58:23.018,0,[],0,24
91,2007-01-25 08:44:51.709,0,[],0,8
92,2007-01-26 12:03:51.370,0,[],0,9
93,2007-01-31 15:22:19.985,0,[],0,14
94,2007-02-08 21:51:49.421,1,"[{'lat': -31.29, 'long': -177.652, 'Time': Timestamp('2007-02-09 03:25:12'), 'mag': 5.0}, {'lat': -31.29, 'long': -177.652, 'Time': Timestamp('2007-02-09 03:25:12'), 'mag': 5.0}, {'lat': -36.31, 'long': 177.53, 'Time': Timestamp('2007-02-09 13:51:01'), 'mag': 5.1}]",3,22
95,2007-02-04 01:05:50.032,1,"[{'lat': 51.853, 'long': -176.262, 'Time': Timestamp('2007-02-04 09:46:11'), 'mag': 5.0}, {'lat': 49.431, 'long': 155.413, 'Time': Timestamp('2007-02-05 06:42:57'), 'mag': 5.2}, {'lat': 49.431, 'long': 155.413, 'Time': Timestamp('2007-02-05 06:42:57'), 'mag': 5.2}]",3,17
96,2007-01-30 07:39:00.329,1,"[{'lat': 39.822, 'long': 70.265, 'Time': Timestamp('2007-01-31 10:52:33'), 'mag': 5.2}, {'lat': 39.822, 'long': 70.265, 'Time': Timestamp('2007-01-31 10:52:33'), 'mag': 5.2}]",2,12
97,2007-01-28 10:55:18.206,0,[],0,10
98,2007-01-28 14:14:26.554,0,[],0,10
99,2007-02-05 19:08:20.004,1,"[{'lat': -56.25, 'long': -123.75, 'Time': Timestamp('2007-02-06 14:32:08'), 'mag': 5.0}, {'lat': -56.25, 'long': -123.75, 'Time': Timestamp('2007-02-06 14:32:08'), 'mag': 5.0}]",2,18
100,2007-02-10 22:21:52.368,0,[],0,23
101,2007-02-18 01:35:49.775,1,"[{'lat': -6.622, 'long': 154.812, 'Time': Timestamp('2007-02-18 13:39:07'), 'mag': 5.0}, {'lat': -6.622, 'long': 154.812, 'Time': Timestamp('2007-02-18 13:39:07'), 'mag': 5.0}, {'lat': -6.622, 'long': 154.812, 'Time': Timestamp('2007-02-18 13:39:07'), 'mag': 5.0}, {'lat': 12.515, 'long': 141.691, 'Time': Timestamp('2007-02-19 11:42:22'), 'mag': 5.0}, {'lat': 5.56, 'long': 126.237, 'Time': Timestamp('2007-02-19 11:13:03'), 'mag': 5.4}, {'lat': 12.515, 'long': 141.691, 'Time': Timestamp('2007-02-19 11:42:22'), 'mag': 5.0}, {'lat': 5.56, 'long': 126.237, 'Time': Timestamp('2007-02-19 11:13:03'), 'mag': 5.4}, {'lat': 12.515, 'long': 141.691, 'Time': Timestamp('2007-02-19 11:42:22'), 'mag': 5.0}, {'lat': 5.56, 'long': 126.237, 'Time': Timestamp('2007-02-19 11:13:03'), 'mag': 5.4}]",9,30
102,2007-02-10 06:31:19.844,1,"[{'lat': 6.178, 'long': 94.401, 'Time': Timestamp('2007-02-11 10:47:35'), 'mag': 5.4}, {'lat': 6.178, 'long': 94.401, 'Time': Timestamp('2007-02-11 10:47:35'), 'mag': 5.4}, {'lat': 6.178, 'long': 94.401, 'Time': Timestamp('2007-02-11 10:47:35'), 'mag': 5.4}, {'lat': 36.728, 'long': 72.971, 'Time': Timestamp('2007-02-11 04:39:18'), 'mag': 5.1}, {'lat': 36.728, 'long': 72.971, 'Time': Timestamp('2007-02-11 04:39:18'), 'mag': 5.1}, {'lat': 36.728, 'long': 72.971, 'Time': Timestamp('2007-02-11 04:39:18'), 'mag': 5.1}]",6,22
103,2007-02-16 09:46:50.021,0,[],0,28
104,2007-02-17 18:01:22.169,1,"[{'lat': 6.336, 'long': -82.706, 'Time': Timestamp('2007-02-18 21:37:44'), 'mag': 5.7}, {'lat': 6.336, 'long': -82.706, 'Time': Timestamp('2007-02-18 21:37:44'), 'mag': 5.7}, {'lat': 6.336, 'long': -82.706, 'Time': Timestamp('2007-02-18 21:37:44'), 'mag': 5.7}]",3,29
105,2007-02-14 21:15:22.222,1,"[{'lat': 43.516, 'long': -127.451, 'Time': Timestamp('2007-02-14 22:12:58'), 'mag': 5.2}, {'lat': 43.516, 'long': -127.451, 'Time': Timestamp('2007-02-14 22:12:58'), 'mag': 5.2}, {'lat': 43.516, 'long': -127.451, 'Time': Timestamp('2007-02-14 22:12:58'), 'mag': 5.2}, {'lat': -32.015, 'long': -177.499, 'Time': Timestamp('2007-02-15 10:23:33'), 'mag': 5.3}, {'lat': -32.058, 'long': -177.533, 'Time': Timestamp('2007-02-15 10:27:29'), 'mag': 5.4}, {'lat': -32.015, 'long': -177.499, 'Time': Timestamp('2007-02-15 10:23:33'), 'mag': 5.3}, {'lat': -32.058, 'long': -177.533, 'Time': Timestamp('2007-02-15 10:27:29'), 'mag': 5.4}]",7,26
106,2007-02-06 00:29:22.253,0,[],0,17
107,2007-02-04 07:01:54.458,0,[],0,15
108,2007-02-07 10:17:50.750,1,"[{'lat': 38.39, 'long': 39.043, 'Time': Timestamp('2007-02-09 02:22:55'), 'mag': 5.5}, {'lat': 38.39, 'long': 39.043, 'Time': Timestamp('2007-02-09 02:22:55'), 'mag': 5.5}, {'lat': 38.39, 'long': 39.043, 'Time': Timestamp('2007-02-09 02:22:55'), 'mag': 5.5}]",3,18
109,2007-02-05 13:37:22.010,1,"[{'lat': -1.401, 'long': -14.084, 'Time': Timestamp('2007-02-05 16:37:01'), 'mag': 5.1}, {'lat': -1.401, 'long': -14.084, 'Time': Timestamp('2007-02-05 16:37:01'), 'mag': 5.1}, {'lat': -1.401, 'long': -14.084, 'Time': Timestamp('2007-02-05 16:37:01'), 'mag': 5.1}, {'lat': -59.921, 'long': -28.234, 'Time': Timestamp('2007-02-05 20:58:06'), 'mag': 5.1}, {'lat': -59.921, 'long': -28.234, 'Time': Timestamp('2007-02-05 20:58:06'), 'mag': 5.1}]",5,16
110,2007-02-11 16:54:21.963,1,"[{'lat': -1.424, 'long': -77.778, 'Time': Timestamp('2007-02-13 14:56:43'), 'mag': 5.6}, {'lat': -1.424, 'long': -77.778, 'Time': Timestamp('2007-02-13 14:56:43'), 'mag': 5.6}, {'lat': -1.424, 'long': -77.778, 'Time': Timestamp('2007-02-13 14:56:43'), 'mag': 5.6}]",3,22
111,2007-01-28 20:08:52.597,0,[],0,8
112,2007-01-31 23:22:22.649,1,"[{'lat': -31.024, 'long': -177.865, 'Time': Timestamp('2007-02-02 15:02:21'), 'mag': 5.0}, {'lat': -31.024, 'long': -177.865, 'Time': Timestamp('2007-02-02 15:02:21'), 'mag': 5.0}]",2,11
113,2007-02-10 07:33:00.506,1,"[{'lat': 36.728, 'long': 72.971, 'Time': Timestamp('2007-02-11 04:39:18'), 'mag': 5.1}, {'lat': 36.728, 'long': 72.971, 'Time': Timestamp('2007-02-11 04:39:18'), 'mag': 5.1}, {'lat': 36.728, 'long': 72.971, 'Time': Timestamp('2007-02-11 04:39:18'), 'mag': 5.1}]",3,20
114,2007-01-27 10:48:52.479,0,[],0,6
115,2007-02-07 14:08:23.851,1,"[{'lat': 8.69, 'long': -39.466, 'Time': Timestamp('2007-02-08 10:21:57'), 'mag': 5.2}, {'lat': 8.16, 'long': -39.285, 'Time': Timestamp('2007-02-08 14:32:10'), 'mag': 5.1}, {'lat': 8.596, 'long': -39.433, 'Time': Timestamp('2007-02-08 16:28:08'), 'mag': 5.3}, {'lat': 8.69, 'long': -39.466, 'Time': Timestamp('2007-02-08 10:21:57'), 'mag': 5.2}, {'lat': 8.762, 'long': -39.422, 'Time': Timestamp('2007-02-08 12:05:35'), 'mag': 5.1}, {'lat': 9.14, 'long': -39.472, 'Time': Timestamp('2007-02-08 13:00:14'), 'mag': 5.0}, {'lat': 8.16, 'long': -39.285, 'Time': Timestamp('2007-02-08 14:32:10'), 'mag': 5.1}, {'lat': 8.596, 'long': -39.433, 'Time': Timestamp('2007-02-08 16:28:08'), 'mag': 5.3}]",8,17
116,2007-02-15 23:52:53.050,1,"[{'lat': -3.596, 'long': 151.234, 'Time': Timestamp('2007-02-17 04:01:52'), 'mag': 5.1}, {'lat': -7.316, 'long': 155.858, 'Time': Timestamp('2007-02-17 07:43:33'), 'mag': 5.7}, {'lat': -7.255, 'long': 155.889, 'Time': Timestamp('2007-02-17 07:47:49'), 'mag': 5.6}, {'lat': -7.29, 'long': 155.878, 'Time': Timestamp('2007-02-17 07:56:44'), 'mag': 5.0}, {'lat': -7.252, 'long': 155.85, 'Time': Timestamp('2007-02-17 09:18:34'), 'mag': 5.3}, {'lat': -7.125, 'long': 155.827, 'Time': Timestamp('2007-02-17 12:24:49'), 'mag': 5.0}, {'lat': -7.313, 'long': 155.76, 'Time': Timestamp('2007-02-17 12:43:12'), 'mag': 5.7}, {'lat': -4.095, 'long': 154.45, 'Time': Timestamp('2007-02-17 23:41:45'), 'mag': 5.5}, {'lat': -3.596, 'long': 151.234, 'Time': Timestamp('2007-02-17 04:01:52'), 'mag': 5.1}, {'lat': -7.316, 'long': 155.858, 'Time': Timestamp('2007-02-17 07:43:33'), 'mag': 5.7}, {'lat': -7.255, 'long': 155.889, 'Time': Timestamp('2007-02-17 07:47:49'), 'mag': 5.6}, {'lat': -7.29, 'long': 155.878, 'Time': Timestamp('2007-02-17 07:56:44'), 'mag': 5.0}, {'lat': -7.252, 'long': 155.85, 'Time': Timestamp('2007-02-17 09:18:34'), 'mag': 5.3}, {'lat': -7.125, 'long': 155.827, 'Time': Timestamp('2007-02-17 12:24:49'), 'mag': 5.0}, {'lat': -7.313, 'long': 155.76, 'Time': Timestamp('2007-02-17 12:43:12'), 'mag': 5.7}, {'lat': -4.095, 'long': 154.45, 'Time': Timestamp('2007-02-17 23:41:45'), 'mag': 5.5}, {'lat': -7.316, 'long': 155.858, 'Time': Timestamp('2007-02-17 07:43:33'), 'mag': 5.7}, {'lat': -7.255, 'long': 155.889, 'Time': Timestamp('2007-02-17 07:47:49'), 'mag': 5.6}, {'lat': -7.29, 'long': 155.878, 'Time': Timestamp('2007-02-17 07:56:44'), 'mag': 5.0}, {'lat': -7.252, 'long': 155.85, 'Time': Timestamp('2007-02-17 09:18:34'), 'mag': 5.3}, {'lat': -7.125, 'long': 155.827, 'Time': Timestamp('2007-02-17 12:24:49'), 'mag': 5.0}, {'lat': -7.313, 'long': 155.76, 'Time': Timestamp('2007-02-17 12:43:12'), 'mag': 5.7}]",22,25
117,2007-02-12 08:03:19.606,0,[],0,21
118,2007-02-03 19:32:19.694,1,"[{'lat': -55.883, 'long': -122.721, 'Time': Timestamp('2007-02-04 21:17:46'), 'mag': 6.2}, {'lat': -55.791, 'long': -123.448, 'Time': Timestamp('2007-02-04 22:52:54'), 'mag': 5.6}, {'lat': -55.883, 'long': -122.721, 'Time': Timestamp('2007-02-04 21:17:46'), 'mag': 6.2}, {'lat': -55.791, 'long': -123.448, 'Time': Timestamp('2007-02-04 22:52:54'), 'mag': 5.6}]",4,12
119,2007-02-08 22:46:22.425,1,"[{'lat': -31.29, 'long': -177.652, 'Time': Timestamp('2007-02-09 03:25:12'), 'mag': 5.0}, {'lat': -36.31, 'long': 177.53, 'Time': Timestamp('2007-02-09 13:51:01'), 'mag': 5.1}, {'lat': -36.31, 'long': 177.53, 'Time': Timestamp('2007-02-09 13:51:01'), 'mag': 5.1}]",3,17
120,2007-02-04 06:55:54.746,0,[],0,12
121,2007-02-09 10:11:50.927,0,[],0,17
122,2007-01-29 13:30:50.747,0,[],0,6
123,2007-02-02 16:47:57.565,1,"[{'lat': -17.23, 'long': -69.103, 'Time': Timestamp('2007-02-04 10:13:52'), 'mag': 5.1}, {'lat': -17.23, 'long': -69.103, 'Time': Timestamp('2007-02-04 10:13:52'), 'mag': 5.1}, {'lat': -17.23, 'long': -69.103, 'Time': Timestamp('2007-02-04 10:13:52'), 'mag': 5.1}, {'lat': -45.239, 'long': -72.236, 'Time': Timestamp('2007-02-03 09:00:15'), 'mag': 5.3}, {'lat': -45.239, 'long': -72.236, 'Time': Timestamp('2007-02-03 09:00:15'), 'mag': 5.3}, {'lat': -45.239, 'long': -72.236, 'Time': Timestamp('2007-02-03 09:00:15'), 'mag': 5.3}]",6,10
124,2007-01-31 20:02:52.774,0,[],0,8
125,2007-02-03 23:16:22.826,1,"[{'lat': -20.609, 'long': -175.65, 'Time': Timestamp('2007-02-05 09:55:51'), 'mag': 5.8}, {'lat': -20.678, 'long': -175.487, 'Time': Timestamp('2007-02-05 10:16:24'), 'mag': 5.5}, {'lat': -20.674, 'long': -175.47, 'Time': Timestamp('2007-02-05 10:19:23'), 'mag': 5.5}, {'lat': -20.609, 'long': -175.65, 'Time': Timestamp('2007-02-05 09:55:51'), 'mag': 5.8}, {'lat': -20.678, 'long': -175.487, 'Time': Timestamp('2007-02-05 10:16:24'), 'mag': 5.5}, {'lat': -20.674, 'long': -175.47, 'Time': Timestamp('2007-02-05 10:19:23'), 'mag': 5.5}, {'lat': -20.609, 'long': -175.65, 'Time': Timestamp('2007-02-05 09:55:51'), 'mag': 5.8}, {'lat': -20.678, 'long': -175.487, 'Time': Timestamp('2007-02-05 10:16:24'), 'mag': 5.5}, {'lat': -20.674, 'long': -175.47, 'Time': Timestamp('2007-02-05 10:19:23'), 'mag': 5.5}, {'lat': 51.853, 'long': -176.262, 'Time': Timestamp('2007-02-04 09:46:11'), 'mag': 5.0}, {'lat': 51.853, 'long': -176.262, 'Time': Timestamp('2007-02-04 09:46:11'), 'mag': 5.0}]",11,11
126,2007-02-18 09:03:21.190,1,"[{'lat': 1.75, 'long': 30.758, 'Time': Timestamp('2007-02-19 02:33:43'), 'mag': 5.6}, {'lat': 1.75, 'long': 30.758, 'Time': Timestamp('2007-02-19 02:33:43'), 'mag': 5.6}, {'lat': 1.75, 'long': 30.758, 'Time': Timestamp('2007-02-19 02:33:43'), 'mag': 5.6}]",3,25
127,2007-02-23 12:22:21.179,0,[],0,30
128,2007-02-15 15:40:54.001,1,"[{'lat': -41.509, 'long': -89.201, 'Time': Timestamp('2007-02-15 16:27:45'), 'mag': 5.0}, {'lat': -41.509, 'long': -89.201, 'Time': Timestamp('2007-02-15 16:27:45'), 'mag': 5.0}]",2,22
129,2007-02-12 22:09:53.215,0,[],0,19
130,2007-02-10 01:23:49.183,1,"[{'lat': 5.541, 'long': 126.276, 'Time': Timestamp('2007-02-11 21:03:02'), 'mag': 5.0}, {'lat': 5.541, 'long': 126.276, 'Time': Timestamp('2007-02-11 21:03:02'), 'mag': 5.0}]",2,16
131,2007-02-06 06:18:49.252,1,"[{'lat': 2.703, 'long': 95.65, 'Time': Timestamp('2007-02-08 01:54:54'), 'mag': 5.1}, {'lat': 2.703, 'long': 95.65, 'Time': Timestamp('2007-02-08 01:54:54'), 'mag': 5.1}]",2,12
132,2007-02-10 09:34:17.989,0,[],0,16
133,2007-02-22 17:49:24.876,1,"[{'lat': -1.436, 'long': -77.97, 'Time': Timestamp('2007-02-23 14:12:28'), 'mag': 5.0}, {'lat': 1.096, 'long': -85.206, 'Time': Timestamp('2007-02-24 07:33:33'), 'mag': 5.5}, {'lat': 1.054, 'long': -85.259, 'Time': Timestamp('2007-02-24 10:31:33'), 'mag': 5.1}, {'lat': -1.436, 'long': -77.97, 'Time': Timestamp('2007-02-23 14:12:28'), 'mag': 5.0}, {'lat': -7.006, 'long': -80.485, 'Time': Timestamp('2007-02-24 02:36:23'), 'mag': 6.3}, {'lat': 1.096, 'long': -85.206, 'Time': Timestamp('2007-02-24 07:33:33'), 'mag': 5.5}, {'lat': 1.054, 'long': -85.259, 'Time': Timestamp('2007-02-24 10:31:33'), 'mag': 5.1}, {'lat': -1.436, 'long': -77.97, 'Time': Timestamp('2007-02-23 14:12:28'), 'mag': 5.0}, {'lat': -7.006, 'long': -80.485, 'Time': Timestamp('2007-02-24 02:36:23'), 'mag': 6.3}, {'lat': 1.096, 'long': -85.206, 'Time': Timestamp('2007-02-24 07:33:33'), 'mag': 5.5}, {'lat': 1.054, 'long': -85.259, 'Time': Timestamp('2007-02-24 10:31:33'), 'mag': 5.1}, {'lat': -7.006, 'long': -80.485, 'Time': Timestamp('2007-02-24 02:36:23'), 'mag': 6.3}, {'lat': -41.237, 'long': -85.977, 'Time': Timestamp('2007-02-24 01:53:57'), 'mag': 5.1}, {'lat': -41.237, 'long': -85.977, 'Time': Timestamp('2007-02-24 01:53:57'), 'mag': 5.1}, {'lat': 25.955, 'long': -110.522, 'Time': Timestamp('2007-02-23 07:12:18'), 'mag': 5.2}, {'lat': 25.988, 'long': -110.495, 'Time': Timestamp('2007-02-23 07:30:12'), 'mag': 5.2}, {'lat': 25.955, 'long': -110.522, 'Time': Timestamp('2007-02-23 07:12:18'), 'mag': 5.2}, {'lat': 25.988, 'long': -110.495, 'Time': Timestamp('2007-02-23 07:30:12'), 'mag': 5.2}]",18,28
134,2007-01-31 21:03:22.630,1,"[{'lat': -31.024, 'long': -177.865, 'Time': Timestamp('2007-02-02 15:02:21'), 'mag': 5.0}]",1,6
135,2007-02-04 00:16:52.682,1,"[{'lat': 51.853, 'long': -176.262, 'Time': Timestamp('2007-02-04 09:46:11'), 'mag': 5.0}, {'lat': 51.853, 'long': -176.262, 'Time': Timestamp('2007-02-04 09:46:11'), 'mag': 5.0}, {'lat': 51.853, 'long': -176.262, 'Time': Timestamp('2007-02-04 09:46:11'), 'mag': 5.0}, {'lat': -39.206, 'long': 176.359, 'Time': Timestamp('2007-02-04 19:14:25'), 'mag': 5.1}, {'lat': -39.206, 'long': 176.359, 'Time': Timestamp('2007-02-04 19:14:25'), 'mag': 5.1}, {'lat': -39.206, 'long': 176.359, 'Time': Timestamp('2007-02-04 19:14:25'), 'mag': 5.1}, {'lat': 49.431, 'long': 155.413, 'Time': Timestamp('2007-02-05 06:42:57'), 'mag': 5.2}]",7,9
136,2007-02-01 08:28:27.214,1,"[{'lat': 38.965, 'long': 71.373, 'Time': Timestamp('2007-02-02 22:02:47'), 'mag': 5.2}, {'lat': 38.965, 'long': 71.373, 'Time': Timestamp('2007-02-02 22:02:47'), 'mag': 5.2}]",2,6
137,2007-02-23 11:45:19.411,0,[],0,28
138,2007-02-09 15:03:49.130,1,"[{'lat': -42.978, 'long': -71.56, 'Time': Timestamp('2007-02-10 06:03:02'), 'mag': 5.5}, {'lat': -42.978, 'long': -71.56, 'Time': Timestamp('2007-02-10 06:03:02'), 'mag': 5.5}, {'lat': -42.978, 'long': -71.56, 'Time': Timestamp('2007-02-10 06:03:02'), 'mag': 5.5}]",3,14
139,2007-02-18 18:19:22.978,1,"[{'lat': 6.336, 'long': -82.706, 'Time': Timestamp('2007-02-18 21:37:44'), 'mag': 5.7}, {'lat': 6.336, 'long': -82.706, 'Time': Timestamp('2007-02-18 21:37:44'), 'mag': 5.7}, {'lat': 6.336, 'long': -82.706, 'Time': Timestamp('2007-02-18 21:37:44'), 'mag': 5.7}]",3,23
140,2007-02-20 21:33:23.030,1,"[{'lat': -24.016, 'long': -179.783, 'Time': Timestamp('2007-02-22 07:33:18'), 'mag': 5.0}, {'lat': -24.016, 'long': -179.783, 'Time': Timestamp('2007-02-22 07:33:18'), 'mag': 5.0}]",2,25
141,2007-02-23 00:47:18.177,1,"[{'lat': 51.452, 'long': -178.591, 'Time': Timestamp('2007-02-24 23:43:42'), 'mag': 5.3}, {'lat': 51.452, 'long': -178.591, 'Time': Timestamp('2007-02-24 23:43:42'), 'mag': 5.3}, {'lat': 51.452, 'long': -178.591, 'Time': Timestamp('2007-02-24 23:43:42'), 'mag': 5.3}, {'lat': -20.135, 'long': 173.081, 'Time': Timestamp('2007-02-24 08:07:58'), 'mag': 5.5}, {'lat': -20.134, 'long': 173.032, 'Time': Timestamp('2007-02-24 08:17:23'), 'mag': 5.3}, {'lat': -8.149, 'long': 156.309, 'Time': Timestamp('2007-02-24 16:19:26'), 'mag': 5.1}, {'lat': -8.104, 'long': 156.4, 'Time': Timestamp('2007-02-24 18:51:17'), 'mag': 5.0}, {'lat': -20.135, 'long': 173.081, 'Time': Timestamp('2007-02-24 08:07:58'), 'mag': 5.5}, {'lat': -20.134, 'long': 173.032, 'Time': Timestamp('2007-02-24 08:17:23'), 'mag': 5.3}, {'lat': 46.738, 'long': 152.521, 'Time': Timestamp('2007-02-24 19:47:34'), 'mag': 5.3}, {'lat': 46.738, 'long': 152.521, 'Time': Timestamp('2007-02-24 19:47:34'), 'mag': 5.3}, {'lat': 46.738, 'long': 152.521, 'Time': Timestamp('2007-02-24 19:47:34'), 'mag': 5.3}]",12,27
142,2007-02-07 07:20:24.378,0,[],0,11
143,2007-02-03 10:36:49.231,1,"[{'lat': 35.806, 'long': 22.432, 'Time': Timestamp('2007-02-03 13:43:23'), 'mag': 5.4}, {'lat': 35.806, 'long': 22.432, 'Time': Timestamp('2007-02-03 13:43:23'), 'mag': 5.4}]",2,7
144,2007-02-09 13:55:50.491,1,"[{'lat': -42.978, 'long': -71.56, 'Time': Timestamp('2007-02-10 06:03:02'), 'mag': 5.5}, {'lat': -42.978, 'long': -71.56, 'Time': Timestamp('2007-02-10 06:03:02'), 'mag': 5.5}]",2,13
145,2007-02-09 17:12:20.444,1,"[{'lat': 21.344, 'long': -106.322, 'Time': Timestamp('2007-02-11 09:09:07'), 'mag': 5.0}, {'lat': -4.837, 'long': -106.006, 'Time': Timestamp('2007-02-10 22:00:46'), 'mag': 5.2}, {'lat': -4.837, 'long': -106.006, 'Time': Timestamp('2007-02-10 22:00:46'), 'mag': 5.2}, {'lat': -4.837, 'long': -106.006, 'Time': Timestamp('2007-02-10 22:00:46'), 'mag': 5.2}]",4,13
146,2007-02-05 20:26:51.055,0,[],0,9
147,2007-02-25 23:40:52.458,1,"[{'lat': -16.457, 'long': -172.033, 'Time': Timestamp('2007-02-27 17:01:03'), 'mag': 5.1}, {'lat': -28.931, 'long': -177.048, 'Time': Timestamp('2007-02-26 03:33:04'), 'mag': 5.1}, {'lat': -16.457, 'long': -172.033, 'Time': Timestamp('2007-02-27 17:01:03'), 'mag': 5.1}, {'lat': -28.931, 'long': -177.048, 'Time': Timestamp('2007-02-26 03:33:04'), 'mag': 5.1}, {'lat': -15.966, 'long': 167.523, 'Time': Timestamp('2007-02-26 09:01:22'), 'mag': 5.5}, {'lat': -15.966, 'long': 167.523, 'Time': Timestamp('2007-02-26 09:01:22'), 'mag': 5.5}, {'lat': -15.966, 'long': 167.523, 'Time': Timestamp('2007-02-26 09:01:22'), 'mag': 5.5}]",7,29
148,2007-02-14 07:51:24.110,0,[],0,17
149,2007-02-04 11:07:50.960,1,"[{'lat': -1.401, 'long': -14.084, 'Time': Timestamp('2007-02-05 16:37:01'), 'mag': 5.1}, {'lat': -1.401, 'long': -14.084, 'Time': Timestamp('2007-02-05 16:37:01'), 'mag': 5.1}, {'lat': -1.401, 'long': -14.084, 'Time': Timestamp('2007-02-05 16:37:01'), 'mag': 5.1}, {'lat': -59.921, 'long': -28.234, 'Time': Timestamp('2007-02-05 20:58:06'), 'mag': 5.1}]",4,7
150,2007-02-24 22:33:49.586,1,"[{'lat': 51.452, 'long': -178.591, 'Time': Timestamp('2007-02-24 23:43:42'), 'mag': 5.3}, {'lat': 51.452, 'long': -178.591, 'Time': Timestamp('2007-02-24 23:43:42'), 'mag': 5.3}, {'lat': -15.966, 'long': 167.523, 'Time': Timestamp('2007-02-26 09:01:22'), 'mag': 5.5}, {'lat': -15.966, 'long': 167.523, 'Time': Timestamp('2007-02-26 09:01:22'), 'mag': 5.5}, {'lat': -15.966, 'long': 167.523, 'Time': Timestamp('2007-02-26 09:01:22'), 'mag': 5.5}]",5,27
151,2007-02-28 01:48:18.433,1,"[{'lat': 60.926, 'long': 167.118, 'Time': Timestamp('2007-02-28 19:37:15'), 'mag': 5.1}, {'lat': 60.926, 'long': 167.118, 'Time': Timestamp('2007-02-28 19:37:15'), 'mag': 5.1}, {'lat': 60.926, 'long': 167.118, 'Time': Timestamp('2007-02-28 19:37:15'), 'mag': 5.1}, {'lat': 2.476, 'long': 124.417, 'Time': Timestamp('2007-02-28 09:29:46'), 'mag': 5.1}, {'lat': 2.476, 'long': 124.417, 'Time': Timestamp('2007-02-28 09:29:46'), 'mag': 5.1}, {'lat': -1.843, 'long': 128.869, 'Time': Timestamp('2007-02-28 12:31:38'), 'mag': 5.0}, {'lat': -0.239, 'long': 124.36, 'Time': Timestamp('2007-03-01 15:15:23'), 'mag': 5.4}, {'lat': 2.476, 'long': 124.417, 'Time': Timestamp('2007-02-28 09:29:46'), 'mag': 5.1}, {'lat': -1.843, 'long': 128.869, 'Time': Timestamp('2007-02-28 12:31:38'), 'mag': 5.0}, {'lat': -0.239, 'long': 124.36, 'Time': Timestamp('2007-03-01 15:15:23'), 'mag': 5.4}, {'lat': -1.843, 'long': 128.869, 'Time': Timestamp('2007-02-28 12:31:38'), 'mag': 5.0}]",11,30
152,2007-02-26 06:43:19.831,1,"[{'lat': -41.596, 'long': 79.997, 'Time': Timestamp('2007-02-27 01:35:36'), 'mag': 5.4}, {'lat': -41.596, 'long': 79.997, 'Time': Timestamp('2007-02-27 01:35:36'), 'mag': 5.4}, {'lat': 28.1, 'long': 55.08, 'Time': Timestamp('2007-02-27 22:28:12'), 'mag': 5.0}, {'lat': 28.1, 'long': 55.08, 'Time': Timestamp('2007-02-27 22:28:12'), 'mag': 5.0}, {'lat': 28.1, 'long': 55.08, 'Time': Timestamp('2007-02-27 22:28:12'), 'mag': 5.0}, {'lat': -44.77, 'long': 35.495, 'Time': Timestamp('2007-02-26 23:49:53'), 'mag': 5.7}, {'lat': -44.836, 'long': 35.123, 'Time': Timestamp('2007-02-27 03:47:12'), 'mag': 5.1}, {'lat': -44.77, 'long': 35.495, 'Time': Timestamp('2007-02-26 23:49:53'), 'mag': 5.7}, {'lat': -44.836, 'long': 35.123, 'Time': Timestamp('2007-02-27 03:47:12'), 'mag': 5.1}]",9,28
153,2007-02-28 09:59:22.663,0,[],0,30
154,2007-02-09 13:18:23.074,0,[],0,11
155,2007-02-05 16:35:51.548,0,[],0,7
156,2007-02-06 19:50:18.286,0,[],0,8
157,2007-02-03 23:04:22.234,1,"[{'lat': -20.609, 'long': -175.65, 'Time': Timestamp('2007-02-05 09:55:51'), 'mag': 5.8}, {'lat': -20.678, 'long': -175.487, 'Time': Timestamp('2007-02-05 10:16:24'), 'mag': 5.5}, {'lat': -20.674, 'long': -175.47, 'Time': Timestamp('2007-02-05 10:19:23'), 'mag': 5.5}, {'lat': -20.609, 'long': -175.65, 'Time': Timestamp('2007-02-05 09:55:51'), 'mag': 5.8}, {'lat': -20.678, 'long': -175.487, 'Time': Timestamp('2007-02-05 10:16:24'), 'mag': 5.5}, {'lat': -20.674, 'long': -175.47, 'Time': Timestamp('2007-02-05 10:19:23'), 'mag': 5.5}, {'lat': -20.609, 'long': -175.65, 'Time': Timestamp('2007-02-05 09:55:51'), 'mag': 5.8}, {'lat': -20.678, 'long': -175.487, 'Time': Timestamp('2007-02-05 10:16:24'), 'mag': 5.5}, {'lat': -20.674, 'long': -175.47, 'Time': Timestamp('2007-02-05 10:19:23'), 'mag': 5.5}, {'lat': 51.853, 'long': -176.262, 'Time': Timestamp('2007-02-04 09:46:11'), 'mag': 5.0}, {'lat': 51.853, 'long': -176.262, 'Time': Timestamp('2007-02-04 09:46:11'), 'mag': 5.0}, {'lat': 51.853, 'long': -176.262, 'Time': Timestamp('2007-02-04 09:46:11'), 'mag': 5.0}]",12,5
158,2007-02-13 02:18:53.917,1,"[{'lat': 46.543, 'long': 155.255, 'Time': Timestamp('2007-02-14 01:46:58'), 'mag': 5.1}, {'lat': 46.543, 'long': 155.255, 'Time': Timestamp('2007-02-14 01:46:58'), 'mag': 5.1}, {'lat': 46.543, 'long': 155.255, 'Time': Timestamp('2007-02-14 01:46:58'), 'mag': 5.1}, {'lat': -6.655, 'long': 154.655, 'Time': Timestamp('2007-02-13 10:56:58'), 'mag': 5.4}, {'lat': -6.655, 'long': 154.655, 'Time': Timestamp('2007-02-13 10:56:58'), 'mag': 5.4}, {'lat': -6.655, 'long': 154.655, 'Time': Timestamp('2007-02-13 10:56:58'), 'mag': 5.4}, {'lat': 3.192, 'long': 126.624, 'Time': Timestamp('2007-02-14 11:22:37'), 'mag': 5.0}, {'lat': -0.438, 'long': 124.189, 'Time': Timestamp('2007-02-13 19:22:14'), 'mag': 5.5}, {'lat': -5.672, 'long': 127.314, 'Time': Timestamp('2007-02-13 20:03:06'), 'mag': 5.3}, {'lat': 3.192, 'long': 126.624, 'Time': Timestamp('2007-02-14 11:22:37'), 'mag': 5.0}, {'lat': -0.438, 'long': 124.189, 'Time': Timestamp('2007-02-13 19:22:14'), 'mag': 5.5}, {'lat': -5.672, 'long': 127.314, 'Time': Timestamp('2007-02-13 20:03:06'), 'mag': 5.3}, {'lat': 3.192, 'long': 126.624, 'Time': Timestamp('2007-02-14 11:22:37'), 'mag': 5.0}, {'lat': -5.672, 'long': 127.314, 'Time': Timestamp('2007-02-13 20:03:06'), 'mag': 5.3}]",14,14
159,2007-02-14 07:14:24.555,0,[],0,15
160,2007-02-11 10:30:20.736,1,"[{'lat': -4.768, 'long': -12.439, 'Time': Timestamp('2007-02-13 00:58:19'), 'mag': 5.0}]",1,12
161,2007-02-26 13:49:20.668,1,"[{'lat': 63.295, 'long': -23.926, 'Time': Timestamp('2007-02-27 05:51:50'), 'mag': 5.0}]",1,27
162,2007-02-23 17:06:20.621,1,"[{'lat': -7.006, 'long': -80.485, 'Time': Timestamp('2007-02-24 02:36:23'), 'mag': 6.3}, {'lat': -7.006, 'long': -80.485, 'Time': Timestamp('2007-02-24 02:36:23'), 'mag': 6.3}, {'lat': 1.096, 'long': -85.206, 'Time': Timestamp('2007-02-24 07:33:33'), 'mag': 5.5}, {'lat': 1.054, 'long': -85.259, 'Time': Timestamp('2007-02-24 10:31:33'), 'mag': 5.1}, {'lat': -7.006, 'long': -80.485, 'Time': Timestamp('2007-02-24 02:36:23'), 'mag': 6.3}, {'lat': -21.492, 'long': -68.027, 'Time': Timestamp('2007-02-24 13:33:04'), 'mag': 5.0}, {'lat': -21.492, 'long': -68.027, 'Time': Timestamp('2007-02-24 13:33:04'), 'mag': 5.0}, {'lat': -27.819, 'long': -67.38, 'Time': Timestamp('2007-02-25 11:19:52'), 'mag': 5.0}, {'lat': -45.337, 'long': -72.319, 'Time': Timestamp('2007-02-23 19:55:48'), 'mag': 5.7}, {'lat': -41.237, 'long': -85.977, 'Time': Timestamp('2007-02-24 01:53:57'), 'mag': 5.1}, {'lat': -41.237, 'long': -85.977, 'Time': Timestamp('2007-02-24 01:53:57'), 'mag': 5.1}, {'lat': 1.096, 'long': -85.206, 'Time': Timestamp('2007-02-24 07:33:33'), 'mag': 5.5}, {'lat': 1.054, 'long': -85.259, 'Time': Timestamp('2007-02-24 10:31:33'), 'mag': 5.1}]",13,24
163,2007-02-14 20:20:52.582,1,"[{'lat': 43.516, 'long': -127.451, 'Time': Timestamp('2007-02-14 22:12:58'), 'mag': 5.2}, {'lat': 43.516, 'long': -127.451, 'Time': Timestamp('2007-02-14 22:12:58'), 'mag': 5.2}, {'lat': 43.516, 'long': -127.451, 'Time': Timestamp('2007-02-14 22:12:58'), 'mag': 5.2}]",3,15
164,2007-03-01 01:11:51.524,0,[],0,29
165,2007-02-17 06:06:57.586,1,"[{'lat': 1.071, 'long': 97.372, 'Time': Timestamp('2007-02-18 10:45:23'), 'mag': 5.1}, {'lat': 1.071, 'long': 97.372, 'Time': Timestamp('2007-02-18 10:45:23'), 'mag': 5.1}, {'lat': 1.071, 'long': 97.372, 'Time': Timestamp('2007-02-18 10:45:23'), 'mag': 5.1}]",3,17
166,2007-02-22 09:21:50.999,0,[],0,22
167,2007-02-08 12:41:24.757,1,"[{'lat': 9.14, 'long': -39.472, 'Time': Timestamp('2007-02-08 13:00:14'), 'mag': 5.0}, {'lat': 8.16, 'long': -39.285, 'Time': Timestamp('2007-02-08 14:32:10'), 'mag': 5.1}, {'lat': 8.596, 'long': -39.433, 'Time': Timestamp('2007-02-08 16:28:08'), 'mag': 5.3}, {'lat': 9.14, 'long': -39.472, 'Time': Timestamp('2007-02-08 13:00:14'), 'mag': 5.0}, {'lat': 8.16, 'long': -39.285, 'Time': Timestamp('2007-02-08 14:32:10'), 'mag': 5.1}, {'lat': 8.596, 'long': -39.433, 'Time': Timestamp('2007-02-08 16:28:08'), 'mag': 5.3}]",6,8
168,2007-02-24 15:59:16.730,1,"[{'lat': -27.819, 'long': -67.38, 'Time': Timestamp('2007-02-25 11:19:52'), 'mag': 5.0}, {'lat': -27.819, 'long': -67.38, 'Time': Timestamp('2007-02-25 11:19:52'), 'mag': 5.0}, {'lat': -27.819, 'long': -67.38, 'Time': Timestamp('2007-02-25 11:19:52'), 'mag': 5.0}, {'lat': -7.173, 'long': -80.611, 'Time': Timestamp('2007-02-26 00:19:24'), 'mag': 5.3}, {'lat': -7.173, 'long': -80.611, 'Time': Timestamp('2007-02-26 00:19:24'), 'mag': 5.3}, {'lat': -7.173, 'long': -80.611, 'Time': Timestamp('2007-02-26 00:19:24'), 'mag': 5.3}]",6,24
169,2007-02-09 22:27:53.912,0,[],0,9
170,2007-02-16 01:42:21.760,1,"[{'lat': -3.596, 'long': 151.234, 'Time': Timestamp('2007-02-17 04:01:52'), 'mag': 5.1}, {'lat': -7.316, 'long': 155.858, 'Time': Timestamp('2007-02-17 07:43:33'), 'mag': 5.7}, {'lat': -7.255, 'long': 155.889, 'Time': Timestamp('2007-02-17 07:47:49'), 'mag': 5.6}, {'lat': -7.29, 'long': 155.878, 'Time': Timestamp('2007-02-17 07:56:44'), 'mag': 5.0}, {'lat': -7.252, 'long': 155.85, 'Time': Timestamp('2007-02-17 09:18:34'), 'mag': 5.3}, {'lat': -7.125, 'long': 155.827, 'Time': Timestamp('2007-02-17 12:24:49'), 'mag': 5.0}, {'lat': -7.313, 'long': 155.76, 'Time': Timestamp('2007-02-17 12:43:12'), 'mag': 5.7}, {'lat': -4.095, 'long': 154.45, 'Time': Timestamp('2007-02-17 23:41:45'), 'mag': 5.5}, {'lat': -3.596, 'long': 151.234, 'Time': Timestamp('2007-02-17 04:01:52'), 'mag': 5.1}, {'lat': -7.316, 'long': 155.858, 'Time': Timestamp('2007-02-17 07:43:33'), 'mag': 5.7}, {'lat': -7.255, 'long': 155.889, 'Time': Timestamp('2007-02-17 07:47:49'), 'mag': 5.6}, {'lat': -7.29, 'long': 155.878, 'Time': Timestamp('2007-02-17 07:56:44'), 'mag': 5.0}, {'lat': -7.252, 'long': 155.85, 'Time': Timestamp('2007-02-17 09:18:34'), 'mag': 5.3}, {'lat': -7.125, 'long': 155.827, 'Time': Timestamp('2007-02-17 12:24:49'), 'mag': 5.0}, {'lat': -7.313, 'long': 155.76, 'Time': Timestamp('2007-02-17 12:43:12'), 'mag': 5.7}, {'lat': -4.095, 'long': 154.45, 'Time': Timestamp('2007-02-17 23:41:45'), 'mag': 5.5}, {'lat': -7.316, 'long': 155.858, 'Time': Timestamp('2007-02-17 07:43:33'), 'mag': 5.7}, {'lat': -7.255, 'long': 155.889, 'Time': Timestamp('2007-02-17 07:47:49'), 'mag': 5.6}, {'lat': -7.29, 'long': 155.878, 'Time': Timestamp('2007-02-17 07:56:44'), 'mag': 5.0}, {'lat': -7.252, 'long': 155.85, 'Time': Timestamp('2007-02-17 09:18:34'), 'mag': 5.3}, {'lat': -7.125, 'long': 155.827, 'Time': Timestamp('2007-02-17 12:24:49'), 'mag': 5.0}, {'lat': -7.313, 'long': 155.76, 'Time': Timestamp('2007-02-17 12:43:12'), 'mag': 5.7}, {'lat': 41.794, 'long': 143.553, 'Time': Timestamp('2007-02-17 00:02:56'), 'mag': 6.0}, {'lat': 41.771, 'long': 143.602, 'Time': Timestamp('2007-02-17 00:22:27'), 'mag': 5.3}, {'lat': 41.794, 'long': 143.553, 'Time': Timestamp('2007-02-17 00:02:56'), 'mag': 6.0}, {'lat': 41.771, 'long': 143.602, 'Time': Timestamp('2007-02-17 00:22:27'), 'mag': 5.3}, {'lat': 41.794, 'long': 143.553, 'Time': Timestamp('2007-02-17 00:02:56'), 'mag': 6.0}, {'lat': 41.771, 'long': 143.602, 'Time': Timestamp('2007-02-17 00:22:27'), 'mag': 5.3}, {'lat': 11.47, 'long': 143.274, 'Time': Timestamp('2007-02-17 03:23:12'), 'mag': 5.0}, {'lat': 11.47, 'long': 143.274, 'Time': Timestamp('2007-02-17 03:23:12'), 'mag': 5.0}, {'lat': 11.47, 'long': 143.274, 'Time': Timestamp('2007-02-17 03:23:12'), 'mag': 5.0}]",31,15
171,2007-02-14 06:37:19.062,1,"[{'lat': 5.208, 'long': 94.26, 'Time': Timestamp('2007-02-14 20:11:57'), 'mag': 5.2}, {'lat': 5.208, 'long': 94.26, 'Time': Timestamp('2007-02-14 20:11:57'), 'mag': 5.2}]",2,13
172,2007-02-25 09:52:51.894,1,"[{'lat': 9.974, 'long': 42.876, 'Time': Timestamp('2007-02-26 08:48:59'), 'mag': 5.0}, {'lat': 9.974, 'long': 42.876, 'Time': Timestamp('2007-02-26 08:48:59'), 'mag': 5.0}, {'lat': 9.974, 'long': 42.876, 'Time': Timestamp('2007-02-26 08:48:59'), 'mag': 5.0}, {'lat': -44.77, 'long': 35.495, 'Time': Timestamp('2007-02-26 23:49:53'), 'mag': 5.7}, {'lat': -44.836, 'long': 35.123, 'Time': Timestamp('2007-02-27 03:47:12'), 'mag': 5.1}]",5,24
173,2007-02-19 13:12:22.306,1,"[{'lat': 49.176, 'long': -28.405, 'Time': Timestamp('2007-02-19 14:14:50'), 'mag': 5.3}, {'lat': 49.176, 'long': -28.405, 'Time': Timestamp('2007-02-19 14:14:50'), 'mag': 5.3}, {'lat': 49.176, 'long': -28.405, 'Time': Timestamp('2007-02-19 14:14:50'), 'mag': 5.3}]",3,18
174,2007-02-12 16:29:50.451,1,"[{'lat': -19.588, 'long': -69.823, 'Time': Timestamp('2007-02-14 14:21:47'), 'mag': 5.6}, {'lat': -19.588, 'long': -69.823, 'Time': Timestamp('2007-02-14 14:21:47'), 'mag': 5.6}, {'lat': -19.588, 'long': -69.823, 'Time': Timestamp('2007-02-14 14:21:47'), 'mag': 5.6}, {'lat': 13.443, 'long': -91.059, 'Time': Timestamp('2007-02-13 18:38:49'), 'mag': 5.0}, {'lat': 13.443, 'long': -91.059, 'Time': Timestamp('2007-02-13 18:38:49'), 'mag': 5.0}, {'lat': -1.424, 'long': -77.778, 'Time': Timestamp('2007-02-13 14:56:43'), 'mag': 5.6}, {'lat': 13.443, 'long': -91.059, 'Time': Timestamp('2007-02-13 18:38:49'), 'mag': 5.0}, {'lat': -1.424, 'long': -77.778, 'Time': Timestamp('2007-02-13 14:56:43'), 'mag': 5.6}]",8,11
175,2007-02-08 19:44:18.517,0,[],0,7
176,2007-02-28 22:58:22.465,1,"[{'lat': -18.672, 'long': -173.244, 'Time': Timestamp('2007-03-01 16:39:57'), 'mag': 5.0}, {'lat': -18.672, 'long': -173.244, 'Time': Timestamp('2007-03-01 16:39:57'), 'mag': 5.0}, {'lat': -30.781, 'long': -177.968, 'Time': Timestamp('2007-03-01 23:47:32'), 'mag': 5.0}, {'lat': -21.61, 'long': -177.845, 'Time': Timestamp('2007-03-02 09:06:33'), 'mag': 5.2}, {'lat': -18.672, 'long': -173.244, 'Time': Timestamp('2007-03-01 16:39:57'), 'mag': 5.0}, {'lat': -30.781, 'long': -177.968, 'Time': Timestamp('2007-03-01 23:47:32'), 'mag': 5.0}, {'lat': -21.61, 'long': -177.845, 'Time': Timestamp('2007-03-02 09:06:33'), 'mag': 5.2}, {'lat': -30.781, 'long': -177.968, 'Time': Timestamp('2007-03-01 23:47:32'), 'mag': 5.0}]",8,27
177,2007-02-25 08:44:52.157,1,"[{'lat': 9.974, 'long': 42.876, 'Time': Timestamp('2007-02-26 08:48:59'), 'mag': 5.0}, {'lat': 9.974, 'long': 42.876, 'Time': Timestamp('2007-02-26 08:48:59'), 'mag': 5.0}, {'lat': -44.77, 'long': 35.495, 'Time': Timestamp('2007-02-26 23:49:53'), 'mag': 5.7}, {'lat': -44.836, 'long': 35.123, 'Time': Timestamp('2007-02-27 03:47:12'), 'mag': 5.1}, {'lat': -44.77, 'long': 35.495, 'Time': Timestamp('2007-02-26 23:49:53'), 'mag': 5.7}, {'lat': -44.836, 'long': 35.123, 'Time': Timestamp('2007-02-27 03:47:12'), 'mag': 5.1}, {'lat': -44.77, 'long': 35.495, 'Time': Timestamp('2007-02-26 23:49:53'), 'mag': 5.7}, {'lat': -44.836, 'long': 35.123, 'Time': Timestamp('2007-02-27 03:47:12'), 'mag': 5.1}]",8,23
178,2007-02-21 12:03:51.764,0,[],0,19
179,2007-03-01 15:22:20.379,1,"[{'lat': 26.537, 'long': -44.581, 'Time': Timestamp('2007-03-01 22:45:29'), 'mag': 5.1}, {'lat': 26.461, 'long': -44.45, 'Time': Timestamp('2007-03-01 23:02:00'), 'mag': 5.3}, {'lat': 26.471, 'long': -44.448, 'Time': Timestamp('2007-03-01 23:04:35'), 'mag': 5.4}, {'lat': 26.581, 'long': -44.594, 'Time': Timestamp('2007-03-01 23:11:52'), 'mag': 6.0}, {'lat': 26.537, 'long': -44.581, 'Time': Timestamp('2007-03-01 22:45:29'), 'mag': 5.1}, {'lat': 26.461, 'long': -44.45, 'Time': Timestamp('2007-03-01 23:02:00'), 'mag': 5.3}, {'lat': 26.471, 'long': -44.448, 'Time': Timestamp('2007-03-01 23:04:35'), 'mag': 5.4}, {'lat': 26.581, 'long': -44.594, 'Time': Timestamp('2007-03-01 23:11:52'), 'mag': 6.0}, {'lat': 26.537, 'long': -44.581, 'Time': Timestamp('2007-03-01 22:45:29'), 'mag': 5.1}, {'lat': 26.461, 'long': -44.45, 'Time': Timestamp('2007-03-01 23:02:00'), 'mag': 5.3}, {'lat': 26.471, 'long': -44.448, 'Time': Timestamp('2007-03-01 23:04:35'), 'mag': 5.4}, {'lat': 26.581, 'long': -44.594, 'Time': Timestamp('2007-03-01 23:11:52'), 'mag': 6.0}, {'lat': -30.882, 'long': -71.193, 'Time': Timestamp('2007-03-02 13:07:31'), 'mag': 5.4}, {'lat': -30.882, 'long': -71.193, 'Time': Timestamp('2007-03-02 13:07:31'), 'mag': 5.4}, {'lat': -30.882, 'long': -71.193, 'Time': Timestamp('2007-03-02 13:07:31'), 'mag': 5.4}]",15,27
180,2007-02-14 18:37:47.230,0,[],0,12
181,2007-02-15 09:15:47.134,0,[],0,12
182,2007-02-25 12:34:49.838,1,"[{'lat': 73.272, 'long': 7.877, 'Time': Timestamp('2007-02-25 20:13:43'), 'mag': 5.1}, {'lat': 73.196, 'long': 6.781, 'Time': Timestamp('2007-02-25 21:53:13'), 'mag': 5.4}, {'lat': 63.295, 'long': -23.926, 'Time': Timestamp('2007-02-27 05:51:50'), 'mag': 5.0}]",3,22
183,2007-03-04 15:52:47.235,1,"[{'lat': 34.491, 'long': -36.903, 'Time': Timestamp('2007-03-04 22:39:23'), 'mag': 5.1}, {'lat': 34.491, 'long': -36.903, 'Time': Timestamp('2007-03-04 22:39:23'), 'mag': 5.1}, {'lat': 2.082, 'long': -76.495, 'Time': Timestamp('2007-03-06 13:05:12'), 'mag': 5.2}, {'lat': 2.082, 'long': -76.495, 'Time': Timestamp('2007-03-06 13:05:12'), 'mag': 5.2}, {'lat': 2.082, 'long': -76.495, 'Time': Timestamp('2007-03-06 13:05:12'), 'mag': 5.2}]",5,29
184,2007-02-25 19:08:19.399,1,"[{'lat': -35.941, 'long': -106.252, 'Time': Timestamp('2007-02-27 16:13:51'), 'mag': 5.2}, {'lat': -35.941, 'long': -106.252, 'Time': Timestamp('2007-02-27 16:13:51'), 'mag': 5.2}, {'lat': -35.941, 'long': -106.252, 'Time': Timestamp('2007-02-27 16:13:51'), 'mag': 5.2}, {'lat': -55.421, 'long': -128.71, 'Time': Timestamp('2007-02-26 20:56:49'), 'mag': 5.2}, {'lat': -55.421, 'long': -128.71, 'Time': Timestamp('2007-02-26 20:56:49'), 'mag': 5.2}, {'lat': 40.6428333, 'long': -124.8628333, 'Time': Timestamp('2007-02-26 12:19:54'), 'mag': 5.4}, {'lat': 40.642, 'long': -124.87, 'Time': Timestamp('2007-02-26 12:21:02'), 'mag': 5.4}, {'lat': 40.6428333, 'long': -124.8628333, 'Time': Timestamp('2007-02-26 12:19:54'), 'mag': 5.4}, {'lat': 40.642, 'long': -124.87, 'Time': Timestamp('2007-02-26 12:21:02'), 'mag': 5.4}, {'lat': 40.6428333, 'long': -124.8628333, 'Time': Timestamp('2007-02-26 12:19:54'), 'mag': 5.4}, {'lat': 40.642, 'long': -124.87, 'Time': Timestamp('2007-02-26 12:21:02'), 'mag': 5.4}]",11,22
185,2007-03-04 08:09:52.592,0,[],0,28
186,2007-02-20 18:01:22.563,0,[],0,16
187,2007-02-12 21:15:16.712,0,[],0,8
188,2007-02-18 00:29:18.551,1,"[{'lat': -20.205, 'long': 173.005, 'Time': Timestamp('2007-02-18 17:29:44'), 'mag': 5.2}, {'lat': -20.206, 'long': 173.088, 'Time': Timestamp('2007-02-19 14:33:34'), 'mag': 5.8}, {'lat': -20.205, 'long': 173.005, 'Time': Timestamp('2007-02-18 17:29:44'), 'mag': 5.2}, {'lat': -20.206, 'long': 173.088, 'Time': Timestamp('2007-02-19 14:33:34'), 'mag': 5.8}, {'lat': -20.205, 'long': 173.005, 'Time': Timestamp('2007-02-18 17:29:44'), 'mag': 5.2}, {'lat': -20.206, 'long': 173.088, 'Time': Timestamp('2007-02-19 14:33:34'), 'mag': 5.8}, {'lat': 12.515, 'long': 141.691, 'Time': Timestamp('2007-02-19 11:42:22'), 'mag': 5.0}, {'lat': -6.622, 'long': 154.812, 'Time': Timestamp('2007-02-18 13:39:07'), 'mag': 5.0}, {'lat': -6.622, 'long': 154.812, 'Time': Timestamp('2007-02-18 13:39:07'), 'mag': 5.0}, {'lat': -6.622, 'long': 154.812, 'Time': Timestamp('2007-02-18 13:39:07'), 'mag': 5.0}]",10,13
189,2007-02-15 07:01:54.852,1,"[{'lat': -35.079, 'long': 53.984, 'Time': Timestamp('2007-02-16 08:29:37'), 'mag': 5.0}, {'lat': -35.079, 'long': 53.984, 'Time': Timestamp('2007-02-16 08:29:37'), 'mag': 5.0}]",2,10
190,2007-02-15 10:17:51.144,0,[],0,10
191,2007-02-19 13:37:22.884,1,"[{'lat': 49.176, 'long': -28.405, 'Time': Timestamp('2007-02-19 14:14:50'), 'mag': 5.3}, {'lat': 49.176, 'long': -28.405, 'Time': Timestamp('2007-02-19 14:14:50'), 'mag': 5.3}, {'lat': 49.176, 'long': -28.405, 'Time': Timestamp('2007-02-19 14:14:50'), 'mag': 5.3}]",3,14
192,2007-03-06 16:54:22.357,1,"[{'lat': -15.094, 'long': -73.999, 'Time': Timestamp('2007-03-06 21:30:11'), 'mag': 5.2}, {'lat': -15.094, 'long': -73.999, 'Time': Timestamp('2007-03-06 21:30:11'), 'mag': 5.2}, {'lat': -15.094, 'long': -73.999, 'Time': Timestamp('2007-03-06 21:30:11'), 'mag': 5.2}]",3,29
193,2007-02-28 20:08:52.990,0,[],0,23
194,2007-02-20 23:22:23.044,1,"[{'lat': -17.031, 'long': -172.978, 'Time': Timestamp('2007-02-22 21:35:56'), 'mag': 5.0}, {'lat': -24.016, 'long': -179.783, 'Time': Timestamp('2007-02-22 07:33:18'), 'mag': 5.0}, {'lat': -17.031, 'long': -172.978, 'Time': Timestamp('2007-02-22 21:35:56'), 'mag': 5.0}, {'lat': -24.016, 'long': -179.783, 'Time': Timestamp('2007-02-22 07:33:18'), 'mag': 5.0}]",4,15
195,2007-02-28 07:32:59.901,0,[],0,22
196,2007-02-28 10:48:51.874,1,"[{'lat': -55.245, 'long': -29.142, 'Time': Timestamp('2007-02-28 23:13:15'), 'mag': 6.2}]",1,22
197,2007-02-21 14:08:22.286,0,[],0,15
198,2007-02-28 17:24:50.431,0,[],0,22
199,2007-02-24 20:38:50.584,1,"[{'lat': 40.6428333, 'long': -124.8628333, 'Time': Timestamp('2007-02-26 12:19:54'), 'mag': 5.4}, {'lat': 40.642, 'long': -124.87, 'Time': Timestamp('2007-02-26 12:21:02'), 'mag': 5.4}, {'lat': 40.6428333, 'long': -124.8628333, 'Time': Timestamp('2007-02-26 12:19:54'), 'mag': 5.4}, {'lat': 40.642, 'long': -124.87, 'Time': Timestamp('2007-02-26 12:21:02'), 'mag': 5.4}, {'lat': 26.002, 'long': -110.461, 'Time': Timestamp('2007-02-25 01:18:33'), 'mag': 5.2}, {'lat': 26.146, 'long': -110.421, 'Time': Timestamp('2007-02-25 15:00:41'), 'mag': 5.9}, {'lat': 26.029, 'long': -110.613, 'Time': Timestamp('2007-02-25 15:03:49'), 'mag': 5.2}, {'lat': 40.6428333, 'long': -124.8628333, 'Time': Timestamp('2007-02-26 12:19:54'), 'mag': 5.4}, {'lat': 40.642, 'long': -124.87, 'Time': Timestamp('2007-02-26 12:21:02'), 'mag': 5.4}, {'lat': 26.002, 'long': -110.461, 'Time': Timestamp('2007-02-25 01:18:33'), 'mag': 5.2}, {'lat': 26.146, 'long': -110.421, 'Time': Timestamp('2007-02-25 15:00:41'), 'mag': 5.9}, {'lat': 26.029, 'long': -110.613, 'Time': Timestamp('2007-02-25 15:03:49'), 'mag': 5.2}]",12,18
200,2007-02-16 08:03:15.905,1,"[{'lat': -35.079, 'long': 53.984, 'Time': Timestamp('2007-02-16 08:29:37'), 'mag': 5.0}, {'lat': -35.079, 'long': 53.984, 'Time': Timestamp('2007-02-16 08:29:37'), 'mag': 5.0}]",2,9
201,2007-02-18 19:32:20.141,0,[],0,11
202,2007-02-17 22:46:22.873,1,"[{'lat': -15.362, 'long': -173.616, 'Time': Timestamp('2007-02-19 04:55:38'), 'mag': 5.1}, {'lat': -15.362, 'long': -173.616, 'Time': Timestamp('2007-02-19 04:55:38'), 'mag': 5.1}, {'lat': -29.798, 'long': -177.689, 'Time': Timestamp('2007-02-18 17:13:31'), 'mag': 5.1}, {'lat': -20.205, 'long': 173.005, 'Time': Timestamp('2007-02-18 17:29:44'), 'mag': 5.2}, {'lat': -20.206, 'long': 173.088, 'Time': Timestamp('2007-02-19 14:33:34'), 'mag': 5.8}, {'lat': -20.205, 'long': 173.005, 'Time': Timestamp('2007-02-18 17:29:44'), 'mag': 5.2}, {'lat': -20.206, 'long': 173.088, 'Time': Timestamp('2007-02-19 14:33:34'), 'mag': 5.8}, {'lat': -20.205, 'long': 173.005, 'Time': Timestamp('2007-02-18 17:29:44'), 'mag': 5.2}, {'lat': -20.206, 'long': 173.088, 'Time': Timestamp('2007-02-19 14:33:34'), 'mag': 5.8}]",9,10
203,2007-03-07 06:55:57.850,0,[],0,27
204,2007-02-16 10:11:51.375,0,[],0,8
205,2007-03-06 13:30:52.114,1,"[{'lat': 3.018, 'long': -31.819, 'Time': Timestamp('2007-03-07 23:01:24'), 'mag': 5.5}, {'lat': 3.018, 'long': -31.819, 'Time': Timestamp('2007-03-07 23:01:24'), 'mag': 5.5}]",2,26
206,2007-02-23 16:48:21.588,1,"[{'lat': -7.006, 'long': -80.485, 'Time': Timestamp('2007-02-24 02:36:23'), 'mag': 6.3}, {'lat': -7.006, 'long': -80.485, 'Time': Timestamp('2007-02-24 02:36:23'), 'mag': 6.3}, {'lat': -21.492, 'long': -68.027, 'Time': Timestamp('2007-02-24 13:33:04'), 'mag': 5.0}, {'lat': -21.492, 'long': -68.027, 'Time': Timestamp('2007-02-24 13:33:04'), 'mag': 5.0}, {'lat': -27.819, 'long': -67.38, 'Time': Timestamp('2007-02-25 11:19:52'), 'mag': 5.0}, {'lat': -21.492, 'long': -68.027, 'Time': Timestamp('2007-02-24 13:33:04'), 'mag': 5.0}, {'lat': -27.819, 'long': -67.38, 'Time': Timestamp('2007-02-25 11:19:52'), 'mag': 5.0}, {'lat': -45.337, 'long': -72.319, 'Time': Timestamp('2007-02-23 19:55:48'), 'mag': 5.7}, {'lat': -41.237, 'long': -85.977, 'Time': Timestamp('2007-02-24 01:53:57'), 'mag': 5.1}, {'lat': -27.819, 'long': -67.38, 'Time': Timestamp('2007-02-25 11:19:52'), 'mag': 5.0}, {'lat': -45.337, 'long': -72.319, 'Time': Timestamp('2007-02-23 19:55:48'), 'mag': 5.7}, {'lat': -41.237, 'long': -85.977, 'Time': Timestamp('2007-02-24 01:53:57'), 'mag': 5.1}, {'lat': -45.337, 'long': -72.319, 'Time': Timestamp('2007-02-23 19:55:48'), 'mag': 5.7}, {'lat': 1.096, 'long': -85.206, 'Time': Timestamp('2007-02-24 07:33:33'), 'mag': 5.5}, {'lat': 1.054, 'long': -85.259, 'Time': Timestamp('2007-02-24 10:31:33'), 'mag': 5.1}, {'lat': 1.096, 'long': -85.206, 'Time': Timestamp('2007-02-24 07:33:33'), 'mag': 5.5}, {'lat': 1.054, 'long': -85.259, 'Time': Timestamp('2007-02-24 10:31:33'), 'mag': 5.1}]",17,15
207,2007-02-13 20:02:52.221,1,"[{'lat': -29.59, 'long': -112.051, 'Time': Timestamp('2007-02-14 01:29:07'), 'mag': 5.9}, {'lat': 43.516, 'long': -127.451, 'Time': Timestamp('2007-02-14 22:12:58'), 'mag': 5.2}, {'lat': 43.516, 'long': -127.451, 'Time': Timestamp('2007-02-14 22:12:58'), 'mag': 5.2}, {'lat': 43.516, 'long': -127.451, 'Time': Timestamp('2007-02-14 22:12:58'), 'mag': 5.2}]",4,5
208,2007-02-19 23:16:22.274,0,[],0,11
209,2007-03-05 09:03:20.637,0,[],0,24
210,2007-03-08 12:22:21.573,0,[],0,27
211,2007-02-24 15:40:50.299,1,"[{'lat': -27.819, 'long': -67.38, 'Time': Timestamp('2007-02-25 11:19:52'), 'mag': 5.0}, {'lat': -27.819, 'long': -67.38, 'Time': Timestamp('2007-02-25 11:19:52'), 'mag': 5.0}, {'lat': -27.819, 'long': -67.38, 'Time': Timestamp('2007-02-25 11:19:52'), 'mag': 5.0}, {'lat': -7.173, 'long': -80.611, 'Time': Timestamp('2007-02-26 00:19:24'), 'mag': 5.3}, {'lat': -7.173, 'long': -80.611, 'Time': Timestamp('2007-02-26 00:19:24'), 'mag': 5.3}, {'lat': -7.173, 'long': -80.611, 'Time': Timestamp('2007-02-26 00:19:24'), 'mag': 5.3}]",6,15
212,2007-02-19 20:32:52.622,0,[],0,10
213,2007-02-15 07:57:20.231,1,"[{'lat': -35.079, 'long': 53.984, 'Time': Timestamp('2007-02-16 08:29:37'), 'mag': 5.0}, {'lat': -35.079, 'long': 53.984, 'Time': Timestamp('2007-02-16 08:29:37'), 'mag': 5.0}, {'lat': -35.079, 'long': 53.984, 'Time': Timestamp('2007-02-16 08:29:37'), 'mag': 5.0}]",3,5
214,2007-02-27 21:03:21.216,1,"[{'lat': -18.672, 'long': -173.244, 'Time': Timestamp('2007-03-01 16:39:57'), 'mag': 5.0}]",1,17
215,2007-02-18 00:16:53.076,1,"[{'lat': -20.205, 'long': 173.005, 'Time': Timestamp('2007-02-18 17:29:44'), 'mag': 5.2}, {'lat': -20.206, 'long': 173.088, 'Time': Timestamp('2007-02-19 14:33:34'), 'mag': 5.8}, {'lat': -20.205, 'long': 173.005, 'Time': Timestamp('2007-02-18 17:29:44'), 'mag': 5.2}, {'lat': -20.206, 'long': 173.088, 'Time': Timestamp('2007-02-19 14:33:34'), 'mag': 5.8}, {'lat': -6.622, 'long': 154.812, 'Time': Timestamp('2007-02-18 13:39:07'), 'mag': 5.0}, {'lat': -6.622, 'long': 154.812, 'Time': Timestamp('2007-02-18 13:39:07'), 'mag': 5.0}, {'lat': -6.622, 'long': 154.812, 'Time': Timestamp('2007-02-18 13:39:07'), 'mag': 5.0}]",7,7
216,2007-03-12 08:28:22.511,0,[],0,29
217,2007-03-05 11:45:22.264,0,[],0,22
218,2007-02-22 15:03:48.524,1,"[{'lat': -1.436, 'long': -77.97, 'Time': Timestamp('2007-02-23 14:12:28'), 'mag': 5.0}, {'lat': -1.436, 'long': -77.97, 'Time': Timestamp('2007-02-23 14:12:28'), 'mag': 5.0}, {'lat': -7.006, 'long': -80.485, 'Time': Timestamp('2007-02-24 02:36:23'), 'mag': 6.3}, {'lat': -7.006, 'long': -80.485, 'Time': Timestamp('2007-02-24 02:36:23'), 'mag': 6.3}, {'lat': -21.492, 'long': -68.027, 'Time': Timestamp('2007-02-24 13:33:04'), 'mag': 5.0}, {'lat': -21.492, 'long': -68.027, 'Time': Timestamp('2007-02-24 13:33:04'), 'mag': 5.0}, {'lat': -21.492, 'long': -68.027, 'Time': Timestamp('2007-02-24 13:33:04'), 'mag': 5.0}, {'lat': -45.337, 'long': -72.319, 'Time': Timestamp('2007-02-23 19:55:48'), 'mag': 5.7}, {'lat': -41.237, 'long': -85.977, 'Time': Timestamp('2007-02-24 01:53:57'), 'mag': 5.1}, {'lat': -45.337, 'long': -72.319, 'Time': Timestamp('2007-02-23 19:55:48'), 'mag': 5.7}, {'lat': -41.237, 'long': -85.977, 'Time': Timestamp('2007-02-24 01:53:57'), 'mag': 5.1}, {'lat': -45.337, 'long': -72.319, 'Time': Timestamp('2007-02-23 19:55:48'), 'mag': 5.7}]",12,11
219,2007-03-05 21:33:17.848,1,"[{'lat': -17.795, 'long': -178.132, 'Time': Timestamp('2007-03-07 19:20:49'), 'mag': 5.2}, {'lat': -17.795, 'long': -178.132, 'Time': Timestamp('2007-03-07 19:20:49'), 'mag': 5.2}, {'lat': -17.795, 'long': -178.132, 'Time': Timestamp('2007-03-07 19:20:49'), 'mag': 5.2}]",3,22
220,2007-03-06 00:47:18.571,1,"[{'lat': -61.492, 'long': 159.383, 'Time': Timestamp('2007-03-07 01:51:48'), 'mag': 5.0}, {'lat': -61.176, 'long': 161.253, 'Time': Timestamp('2007-03-07 02:05:40'), 'mag': 5.2}]",2,22
221,2007-02-24 07:20:24.772,1,"[{'lat': 33.191, 'long': 90.661, 'Time': Timestamp('2007-02-25 01:49:41'), 'mag': 5.3}]",1,12
222,2007-02-19 10:36:20.953,0,[],0,7
223,2007-03-06 13:55:52.692,1,"[{'lat': 3.018, 'long': -31.819, 'Time': Timestamp('2007-03-07 23:01:24'), 'mag': 5.5}, {'lat': 3.018, 'long': -31.819, 'Time': Timestamp('2007-03-07 23:01:24'), 'mag': 5.5}]",2,22
224,2007-02-26 17:12:20.838,1,"[{'lat': 17.109, 'long': -61.487, 'Time': Timestamp('2007-02-27 09:42:40'), 'mag': 5.0}, {'lat': 17.109, 'long': -61.487, 'Time': Timestamp('2007-02-27 09:42:40'), 'mag': 5.0}, {'lat': -20.161, 'long': -68.938, 'Time': Timestamp('2007-02-26 17:58:26'), 'mag': 5.1}, {'lat': -20.161, 'long': -68.938, 'Time': Timestamp('2007-02-26 17:58:26'), 'mag': 5.1}, {'lat': -35.941, 'long': -106.252, 'Time': Timestamp('2007-02-27 16:13:51'), 'mag': 5.2}, {'lat': -35.941, 'long': -106.252, 'Time': Timestamp('2007-02-27 16:13:51'), 'mag': 5.2}, {'lat': -35.941, 'long': -106.252, 'Time': Timestamp('2007-02-27 16:13:51'), 'mag': 5.2}]",7,14
225,2007-03-13 20:26:49.664,0,[],0,29
226,2007-02-26 23:40:52.852,1,"[{'lat': -16.457, 'long': -172.033, 'Time': Timestamp('2007-02-27 17:01:03'), 'mag': 5.1}, {'lat': -16.457, 'long': -172.033, 'Time': Timestamp('2007-02-27 17:01:03'), 'mag': 5.1}]",2,14
227,2007-03-02 07:51:23.176,1,"[{'lat': 13.799, 'long': 57.087, 'Time': Timestamp('2007-03-03 18:08:53'), 'mag': 5.3}, {'lat': 13.799, 'long': 57.087, 'Time': Timestamp('2007-03-03 18:08:53'), 'mag': 5.3}]",2,17
228,2007-02-25 11:07:52.794,0,[],0,12
229,2007-02-26 14:26:44.862,1,"[{'lat': 63.295, 'long': -23.926, 'Time': Timestamp('2007-02-27 05:51:50'), 'mag': 5.0}, {'lat': 17.109, 'long': -61.487, 'Time': Timestamp('2007-02-27 09:42:40'), 'mag': 5.0}, {'lat': 17.109, 'long': -61.487, 'Time': Timestamp('2007-02-27 09:42:40'), 'mag': 5.0}, {'lat': 17.109, 'long': -61.487, 'Time': Timestamp('2007-02-27 09:42:40'), 'mag': 5.0}, {'lat': -20.161, 'long': -68.938, 'Time': Timestamp('2007-02-26 17:58:26'), 'mag': 5.1}, {'lat': -20.161, 'long': -68.938, 'Time': Timestamp('2007-02-26 17:58:26'), 'mag': 5.1}, {'lat': -20.161, 'long': -68.938, 'Time': Timestamp('2007-02-26 17:58:26'), 'mag': 5.1}]",7,13
230,2007-03-09 12:09:52.896,0,[],0,22
231,2007-02-24 15:28:22.036,1,"[{'lat': -27.819, 'long': -67.38, 'Time': Timestamp('2007-02-25 11:19:52'), 'mag': 5.0}, {'lat': -7.173, 'long': -80.611, 'Time': Timestamp('2007-02-26 00:19:24'), 'mag': 5.3}, {'lat': -7.173, 'long': -80.611, 'Time': Timestamp('2007-02-26 00:19:24'), 'mag': 5.3}, {'lat': -7.173, 'long': -80.611, 'Time': Timestamp('2007-02-26 00:19:24'), 'mag': 5.3}, {'lat': -27.819, 'long': -67.38, 'Time': Timestamp('2007-02-25 11:19:52'), 'mag': 5.0}]",5,9
232,2007-02-23 18:43:47.446,1,"[{'lat': 1.096, 'long': -85.206, 'Time': Timestamp('2007-02-24 07:33:33'), 'mag': 5.5}, {'lat': 1.054, 'long': -85.259, 'Time': Timestamp('2007-02-24 10:31:33'), 'mag': 5.1}, {'lat': 26.002, 'long': -110.461, 'Time': Timestamp('2007-02-25 01:18:33'), 'mag': 5.2}, {'lat': 26.146, 'long': -110.421, 'Time': Timestamp('2007-02-25 15:00:41'), 'mag': 5.9}, {'lat': 26.029, 'long': -110.613, 'Time': Timestamp('2007-02-25 15:03:49'), 'mag': 5.2}, {'lat': 26.002, 'long': -110.461, 'Time': Timestamp('2007-02-25 01:18:33'), 'mag': 5.2}, {'lat': 26.146, 'long': -110.421, 'Time': Timestamp('2007-02-25 15:00:41'), 'mag': 5.9}, {'lat': 26.029, 'long': -110.613, 'Time': Timestamp('2007-02-25 15:03:49'), 'mag': 5.2}, {'lat': 26.002, 'long': -110.461, 'Time': Timestamp('2007-02-25 01:18:33'), 'mag': 5.2}, {'lat': 26.146, 'long': -110.421, 'Time': Timestamp('2007-02-25 15:00:41'), 'mag': 5.9}, {'lat': 26.029, 'long': -110.613, 'Time': Timestamp('2007-02-25 15:03:49'), 'mag': 5.2}]",11,8
233,2007-03-09 21:55:51.249,1,"[{'lat': -22.487, 'long': -176.048, 'Time': Timestamp('2007-03-10 15:05:45'), 'mag': 5.1}, {'lat': -22.487, 'long': -176.048, 'Time': Timestamp('2007-03-10 15:05:45'), 'mag': 5.1}, {'lat': -22.487, 'long': -176.048, 'Time': Timestamp('2007-03-10 15:05:45'), 'mag': 5.1}]",3,22
234,2007-03-08 01:11:50.972,1,"[{'lat': 29.908, 'long': 140.204, 'Time': Timestamp('2007-03-08 05:03:32'), 'mag': 6.1}, {'lat': 29.908, 'long': 140.204, 'Time': Timestamp('2007-03-08 05:03:32'), 'mag': 6.1}, {'lat': 29.908, 'long': 140.204, 'Time': Timestamp('2007-03-08 05:03:32'), 'mag': 6.1}, {'lat': -6.364, 'long': 130.168, 'Time': Timestamp('2007-03-09 10:38:08'), 'mag': 5.6}, {'lat': -6.364, 'long': 130.168, 'Time': Timestamp('2007-03-09 10:38:08'), 'mag': 5.6}, {'lat': -6.364, 'long': 130.168, 'Time': Timestamp('2007-03-09 10:38:08'), 'mag': 5.6}]",6,20
235,2007-03-04 06:06:57.034,1,"[{'lat': -0.493, 'long': 100.498, 'Time': Timestamp('2007-03-06 03:49:38'), 'mag': 6.4}, {'lat': -0.488, 'long': 100.53, 'Time': Timestamp('2007-03-06 05:49:25'), 'mag': 6.3}, {'lat': -0.493, 'long': 100.498, 'Time': Timestamp('2007-03-06 03:49:38'), 'mag': 6.4}, {'lat': -0.488, 'long': 100.53, 'Time': Timestamp('2007-03-06 05:49:25'), 'mag': 6.3}]",4,16
236,2007-02-25 14:20:16.421,1,"[{'lat': 63.295, 'long': -23.926, 'Time': Timestamp('2007-02-27 05:51:50'), 'mag': 5.0}, {'lat': 17.109, 'long': -61.487, 'Time': Timestamp('2007-02-27 09:42:40'), 'mag': 5.0}, {'lat': 17.109, 'long': -61.487, 'Time': Timestamp('2007-02-27 09:42:40'), 'mag': 5.0}, {'lat': 17.109, 'long': -61.487, 'Time': Timestamp('2007-02-27 09:42:40'), 'mag': 5.0}, {'lat': -20.161, 'long': -68.938, 'Time': Timestamp('2007-02-26 17:58:26'), 'mag': 5.1}, {'lat': -20.161, 'long': -68.938, 'Time': Timestamp('2007-02-26 17:58:26'), 'mag': 5.1}, {'lat': -20.161, 'long': -68.938, 'Time': Timestamp('2007-02-26 17:58:26'), 'mag': 5.1}]",7,9
237,2007-03-04 17:36:51.910,1,"[{'lat': 2.082, 'long': -76.495, 'Time': Timestamp('2007-03-06 13:05:12'), 'mag': 5.2}, {'lat': 2.082, 'long': -76.495, 'Time': Timestamp('2007-03-06 13:05:12'), 'mag': 5.2}, {'lat': 2.082, 'long': -76.495, 'Time': Timestamp('2007-03-06 13:05:12'), 'mag': 5.2}]",3,16
238,2007-03-11 20:50:46.528,0,[],0,23
239,2007-03-18 06:37:19.455,0,[],0,29
240,2007-03-04 16:29:49.405,1,"[{'lat': 2.082, 'long': -76.495, 'Time': Timestamp('2007-03-06 13:05:12'), 'mag': 5.2}, {'lat': 2.082, 'long': -76.495, 'Time': Timestamp('2007-03-06 13:05:12'), 'mag': 5.2}]",2,15
241,2007-02-24 19:44:18.911,1,"[{'lat': 26.002, 'long': -110.461, 'Time': Timestamp('2007-02-25 01:18:33'), 'mag': 5.2}, {'lat': 26.146, 'long': -110.421, 'Time': Timestamp('2007-02-25 15:00:41'), 'mag': 5.9}, {'lat': 26.029, 'long': -110.613, 'Time': Timestamp('2007-02-25 15:03:49'), 'mag': 5.2}, {'lat': 26.002, 'long': -110.461, 'Time': Timestamp('2007-02-25 01:18:33'), 'mag': 5.2}, {'lat': 26.146, 'long': -110.421, 'Time': Timestamp('2007-02-25 15:00:41'), 'mag': 5.9}, {'lat': 26.029, 'long': -110.613, 'Time': Timestamp('2007-02-25 15:03:49'), 'mag': 5.2}, {'lat': 40.6428333, 'long': -124.8628333, 'Time': Timestamp('2007-02-26 12:19:54'), 'mag': 5.4}, {'lat': 40.642, 'long': -124.87, 'Time': Timestamp('2007-02-26 12:21:02'), 'mag': 5.4}, {'lat': 40.6428333, 'long': -124.8628333, 'Time': Timestamp('2007-02-26 12:19:54'), 'mag': 5.4}, {'lat': 40.642, 'long': -124.87, 'Time': Timestamp('2007-02-26 12:21:02'), 'mag': 5.4}, {'lat': 40.6428333, 'long': -124.8628333, 'Time': Timestamp('2007-02-26 12:19:54'), 'mag': 5.4}, {'lat': 40.642, 'long': -124.87, 'Time': Timestamp('2007-02-26 12:21:02'), 'mag': 5.4}]",12,7
242,2007-03-01 22:58:22.859,1,"[{'lat': -30.781, 'long': -177.968, 'Time': Timestamp('2007-03-01 23:47:32'), 'mag': 5.0}, {'lat': -21.61, 'long': -177.845, 'Time': Timestamp('2007-03-02 09:06:33'), 'mag': 5.2}, {'lat': -30.781, 'long': -177.968, 'Time': Timestamp('2007-03-01 23:47:32'), 'mag': 5.0}, {'lat': -21.61, 'long': -177.845, 'Time': Timestamp('2007-03-02 09:06:33'), 'mag': 5.2}, {'lat': -30.781, 'long': -177.968, 'Time': Timestamp('2007-03-01 23:47:32'), 'mag': 5.0}]",5,12
243,2007-03-15 08:44:52.551,0,[],0,25
244,2007-03-12 12:03:53.073,0,[],0,22
245,2007-02-23 15:22:19.773,1,"[{'lat': -7.006, 'long': -80.485, 'Time': Timestamp('2007-02-24 02:36:23'), 'mag': 6.3}, {'lat': -7.006, 'long': -80.485, 'Time': Timestamp('2007-02-24 02:36:23'), 'mag': 6.3}, {'lat': 1.096, 'long': -85.206, 'Time': Timestamp('2007-02-24 07:33:33'), 'mag': 5.5}, {'lat': 1.054, 'long': -85.259, 'Time': Timestamp('2007-02-24 10:31:33'), 'mag': 5.1}, {'lat': -7.006, 'long': -80.485, 'Time': Timestamp('2007-02-24 02:36:23'), 'mag': 6.3}, {'lat': -21.492, 'long': -68.027, 'Time': Timestamp('2007-02-24 13:33:04'), 'mag': 5.0}, {'lat': -21.492, 'long': -68.027, 'Time': Timestamp('2007-02-24 13:33:04'), 'mag': 5.0}, {'lat': -27.819, 'long': -67.38, 'Time': Timestamp('2007-02-25 11:19:52'), 'mag': 5.0}, {'lat': -21.492, 'long': -68.027, 'Time': Timestamp('2007-02-24 13:33:04'), 'mag': 5.0}, {'lat': -45.337, 'long': -72.319, 'Time': Timestamp('2007-02-23 19:55:48'), 'mag': 5.7}, {'lat': -41.237, 'long': -85.977, 'Time': Timestamp('2007-02-24 01:53:57'), 'mag': 5.1}, {'lat': -45.337, 'long': -72.319, 'Time': Timestamp('2007-02-23 19:55:48'), 'mag': 5.7}, {'lat': -41.237, 'long': -85.977, 'Time': Timestamp('2007-02-24 01:53:57'), 'mag': 5.1}]",13,5
246,2007-03-05 21:51:45.113,1,"[{'lat': -17.795, 'long': -178.132, 'Time': Timestamp('2007-03-07 19:20:49'), 'mag': 5.2}, {'lat': -17.795, 'long': -178.132, 'Time': Timestamp('2007-03-07 19:20:49'), 'mag': 5.2}]",2,15
247,2007-03-15 07:39:00.117,1,"[{'lat': 35.623, 'long': 89.433, 'Time': Timestamp('2007-03-15 18:30:08'), 'mag': 5.0}, {'lat': 35.638, 'long': 89.41, 'Time': Timestamp('2007-03-16 21:51:21'), 'mag': 5.0}, {'lat': -16.938, 'long': 67.045, 'Time': Timestamp('2007-03-15 16:26:04'), 'mag': 5.1}, {'lat': -16.938, 'long': 67.045, 'Time': Timestamp('2007-03-15 16:26:04'), 'mag': 5.1}, {'lat': -16.938, 'long': 67.045, 'Time': Timestamp('2007-03-15 16:26:04'), 'mag': 5.1}]",5,24
248,2007-03-04 10:55:17.994,0,[],0,13
249,2007-03-09 14:14:16.598,1,"[{'lat': -23.294, 'long': -69.71, 'Time': Timestamp('2007-03-10 14:07:08'), 'mag': 5.5}, {'lat': -23.294, 'long': -69.71, 'Time': Timestamp('2007-03-10 14:07:08'), 'mag': 5.5}, {'lat': -34.468, 'long': -72.199, 'Time': Timestamp('2007-03-11 13:14:17'), 'mag': 5.0}, {'lat': -34.468, 'long': -72.199, 'Time': Timestamp('2007-03-11 13:14:17'), 'mag': 5.0}, {'lat': -34.468, 'long': -72.199, 'Time': Timestamp('2007-03-11 13:14:17'), 'mag': 5.0}]",5,18
250,2007-03-09 17:30:52.087,1,"[{'lat': 13.261, 'long': -87.387, 'Time': Timestamp('2007-03-09 21:01:37'), 'mag': 5.6}, {'lat': 13.261, 'long': -87.387, 'Time': Timestamp('2007-03-09 21:01:37'), 'mag': 5.6}]",2,18
251,2007-03-20 20:44:46.705,0,[],0,29
252,2007-03-21 08:09:52.985,0,[],0,29
253,2007-02-27 19:38:20.416,1,"[{'lat': 25.981, 'long': -110.46, 'Time': Timestamp('2007-02-27 20:08:09'), 'mag': 5.0}, {'lat': 25.981, 'long': -110.46, 'Time': Timestamp('2007-02-27 20:08:09'), 'mag': 5.0}]",2,7
254,2007-03-15 22:52:23.036,1,"[{'lat': -32.32, 'long': -177.334, 'Time': Timestamp('2007-03-16 09:41:26'), 'mag': 5.0}, {'lat': -32.32, 'long': -177.334, 'Time': Timestamp('2007-03-16 09:41:26'), 'mag': 5.0}]",2,23
255,2007-03-05 08:38:48.959,0,[],0,12
256,2007-03-03 11:57:52.304,1,"[{'lat': -56.01, 'long': -27.49, 'Time': Timestamp('2007-03-04 07:08:01'), 'mag': 5.0}]",1,10
257,2007-03-10 15:15:51.332,1,"[{'lat': -34.468, 'long': -72.199, 'Time': Timestamp('2007-03-11 13:14:17'), 'mag': 5.0}, {'lat': -34.468, 'long': -72.199, 'Time': Timestamp('2007-03-11 13:14:17'), 'mag': 5.0}, {'lat': -34.468, 'long': -72.199, 'Time': Timestamp('2007-03-11 13:14:17'), 'mag': 5.0}]",3,17
258,2007-03-02 21:45:23.314,0,[],0,9
259,2007-03-07 00:59:21.380,1,"[{'lat': -61.492, 'long': 159.383, 'Time': Timestamp('2007-03-07 01:51:48'), 'mag': 5.0}, {'lat': -61.176, 'long': 161.253, 'Time': Timestamp('2007-03-07 02:05:40'), 'mag': 5.2}, {'lat': 29.908, 'long': 140.204, 'Time': Timestamp('2007-03-08 05:03:32'), 'mag': 6.1}, {'lat': 29.908, 'long': 140.204, 'Time': Timestamp('2007-03-08 05:03:32'), 'mag': 6.1}]",4,13
260,2007-02-27 05:54:24.674,1,"[{'lat': 10.292, 'long': 93.059, 'Time': Timestamp('2007-03-01 05:08:20'), 'mag': 5.0}, {'lat': 3.776, 'long': 96.336, 'Time': Timestamp('2007-03-01 02:01:07'), 'mag': 5.2}, {'lat': 10.292, 'long': 93.059, 'Time': Timestamp('2007-03-01 05:08:20'), 'mag': 5.0}, {'lat': 3.776, 'long': 96.336, 'Time': Timestamp('2007-03-01 02:01:07'), 'mag': 5.2}]",4,5
261,2007-03-19 09:09:22.183,0,[],0,25
262,2007-03-23 12:28:52.706,1,"[{'lat': -58.653, 'long': -25.181, 'Time': Timestamp('2007-03-23 17:12:51'), 'mag': 5.0}]",1,29
263,2007-03-16 15:46:51.956,1,"[{'lat': -28.7, 'long': -70.351, 'Time': Timestamp('2007-03-16 21:35:53'), 'mag': 5.1}, {'lat': -28.829, 'long': -71.473, 'Time': Timestamp('2007-03-18 07:52:54'), 'mag': 5.0}, {'lat': -28.7, 'long': -70.351, 'Time': Timestamp('2007-03-16 21:35:53'), 'mag': 5.1}, {'lat': -28.829, 'long': -71.473, 'Time': Timestamp('2007-03-18 07:52:54'), 'mag': 5.0}, {'lat': 4.551, 'long': -78.536, 'Time': Timestamp('2007-03-17 22:43:09'), 'mag': 6.0}, {'lat': 4.585, 'long': -78.494, 'Time': Timestamp('2007-03-18 02:11:05'), 'mag': 6.2}, {'lat': 4.551, 'long': -78.536, 'Time': Timestamp('2007-03-17 22:43:09'), 'mag': 6.0}, {'lat': 4.585, 'long': -78.494, 'Time': Timestamp('2007-03-18 02:11:05'), 'mag': 6.2}, {'lat': 4.551, 'long': -78.536, 'Time': Timestamp('2007-03-17 22:43:09'), 'mag': 6.0}, {'lat': 4.585, 'long': -78.494, 'Time': Timestamp('2007-03-18 02:11:05'), 'mag': 6.2}]",10,22
264,2007-03-02 19:01:52.680,1,"[{'lat': -55.252, 'long': -129.337, 'Time': Timestamp('2007-03-03 20:52:08'), 'mag': 5.7}, {'lat': -55.252, 'long': -129.337, 'Time': Timestamp('2007-03-03 20:52:08'), 'mag': 5.7}]",2,8
265,2007-03-09 08:03:20.449,0,[],0,14
266,2007-03-10 21:06:19.561,1,"[{'lat': -28.842, 'long': -177.006, 'Time': Timestamp('2007-03-12 00:54:24'), 'mag': 5.6}, {'lat': -28.855, 'long': -176.973, 'Time': Timestamp('2007-03-12 01:57:08'), 'mag': 5.2}]",2,15
267,2007-03-04 00:23:22.484,1,"[{'lat': -5.834, 'long': 152.474, 'Time': Timestamp('2007-03-04 02:50:06'), 'mag': 5.3}, {'lat': -5.4, 'long': 151.3, 'Time': Timestamp('2007-03-04 22:31:44'), 'mag': 5.0}, {'lat': -4.305, 'long': 143.512, 'Time': Timestamp('2007-03-05 23:09:18'), 'mag': 5.1}, {'lat': -5.834, 'long': 152.474, 'Time': Timestamp('2007-03-04 02:50:06'), 'mag': 5.3}, {'lat': -5.4, 'long': 151.3, 'Time': Timestamp('2007-03-04 22:31:44'), 'mag': 5.0}, {'lat': -4.305, 'long': 143.512, 'Time': Timestamp('2007-03-05 23:09:18'), 'mag': 5.1}, {'lat': -5.834, 'long': 152.474, 'Time': Timestamp('2007-03-04 02:50:06'), 'mag': 5.3}, {'lat': -5.4, 'long': 151.3, 'Time': Timestamp('2007-03-04 22:31:44'), 'mag': 5.0}]",8,8
268,2007-03-22 10:11:50.769,0,[],0,26
269,2007-03-21 13:30:52.509,1,"[{'lat': -60.335, 'long': -26.231, 'Time': Timestamp('2007-03-22 00:49:16'), 'mag': 5.0}, {'lat': -60.335, 'long': -26.231, 'Time': Timestamp('2007-03-22 00:49:16'), 'mag': 5.0}, {'lat': 15.185, 'long': -45.617, 'Time': Timestamp('2007-03-21 23:07:46'), 'mag': 5.4}, {'lat': 15.185, 'long': -45.617, 'Time': Timestamp('2007-03-21 23:07:46'), 'mag': 5.4}]",4,25
270,2007-03-25 16:48:21.983,1,"[{'lat': -17.376, 'long': -72.611, 'Time': Timestamp('2007-03-26 02:46:58'), 'mag': 5.4}, {'lat': -17.376, 'long': -72.611, 'Time': Timestamp('2007-03-26 02:46:58'), 'mag': 5.4}, {'lat': -19.485, 'long': -69.621, 'Time': Timestamp('2007-03-26 21:00:25'), 'mag': 5.1}, {'lat': -17.438, 'long': -72.748, 'Time': Timestamp('2007-03-27 03:11:27'), 'mag': 5.0}, {'lat': -17.376, 'long': -72.611, 'Time': Timestamp('2007-03-26 02:46:58'), 'mag': 5.4}, {'lat': -19.485, 'long': -69.621, 'Time': Timestamp('2007-03-26 21:00:25'), 'mag': 5.1}, {'lat': -17.438, 'long': -72.748, 'Time': Timestamp('2007-03-27 03:11:27'), 'mag': 5.0}]",7,29
271,2007-03-23 20:02:50.160,0,[],0,27
272,2007-03-09 23:16:22.668,1,"[{'lat': -22.487, 'long': -176.048, 'Time': Timestamp('2007-03-10 15:05:45'), 'mag': 5.1}, {'lat': -22.487, 'long': -176.048, 'Time': Timestamp('2007-03-10 15:05:45'), 'mag': 5.1}, {'lat': -22.487, 'long': -176.048, 'Time': Timestamp('2007-03-10 15:05:45'), 'mag': 5.1}]",3,13
273,2007-03-12 09:03:21.032,0,[],0,15
274,2007-03-08 12:22:22.883,0,[],0,11
275,2007-03-20 15:40:50.694,1,"[{'lat': 15.185, 'long': -45.617, 'Time': Timestamp('2007-03-21 23:07:46'), 'mag': 5.4}, {'lat': 15.185, 'long': -45.617, 'Time': Timestamp('2007-03-21 23:07:46'), 'mag': 5.4}, {'lat': 15.185, 'long': -45.617, 'Time': Timestamp('2007-03-21 23:07:46'), 'mag': 5.4}, {'lat': -31.726, 'long': -66.956, 'Time': Timestamp('2007-03-20 17:59:47'), 'mag': 5.2}, {'lat': -31.726, 'long': -66.956, 'Time': Timestamp('2007-03-20 17:59:47'), 'mag': 5.2}]",5,23
276,2007-03-20 22:08:51.459,1,"[{'lat': -22.328, 'long': 171.471, 'Time': Timestamp('2007-03-22 08:24:03'), 'mag': 5.4}]",1,23
277,2007-03-10 01:23:48.971,1,"[{'lat': 55.209, 'long': 161.859, 'Time': Timestamp('2007-03-10 21:12:57'), 'mag': 5.8}, {'lat': 55.209, 'long': 161.859, 'Time': Timestamp('2007-03-10 21:12:57'), 'mag': 5.8}, {'lat': 43.988, 'long': 147.891, 'Time': Timestamp('2007-03-11 07:09:26'), 'mag': 5.8}, {'lat': 43.988, 'long': 147.891, 'Time': Timestamp('2007-03-11 07:09:26'), 'mag': 5.8}]",4,12
278,2007-03-24 06:18:49.040,1,"[{'lat': -42.625, 'long': 42.035, 'Time': Timestamp('2007-03-24 07:39:38'), 'mag': 5.4}, {'lat': -42.625, 'long': 42.035, 'Time': Timestamp('2007-03-24 07:39:38'), 'mag': 5.4}]",2,26
279,2007-03-09 09:34:17.777,0,[],0,11
280,2007-03-03 16:11:18.878,0,[],0,5
281,2007-03-09 19:26:21.041,0,[],0,11
282,2007-03-28 22:39:52.444,1,"[{'lat': -14.624, 'long': 177.766, 'Time': Timestamp('2007-03-30 15:58:44'), 'mag': 5.7}, {'lat': -14.624, 'long': 177.766, 'Time': Timestamp('2007-03-30 15:58:44'), 'mag': 5.7}]",2,30
283,2007-03-04 01:54:23.357,1,"[{'lat': -5.834, 'long': 152.474, 'Time': Timestamp('2007-03-04 02:50:06'), 'mag': 5.3}, {'lat': -5.4, 'long': 151.3, 'Time': Timestamp('2007-03-04 22:31:44'), 'mag': 5.0}, {'lat': -4.305, 'long': 143.512, 'Time': Timestamp('2007-03-05 23:09:18'), 'mag': 5.1}, {'lat': -5.834, 'long': 152.474, 'Time': Timestamp('2007-03-04 02:50:06'), 'mag': 5.3}, {'lat': -5.4, 'long': 151.3, 'Time': Timestamp('2007-03-04 22:31:44'), 'mag': 5.0}, {'lat': -4.305, 'long': 143.512, 'Time': Timestamp('2007-03-05 23:09:18'), 'mag': 5.1}, {'lat': -5.834, 'long': 152.474, 'Time': Timestamp('2007-03-04 02:50:06'), 'mag': 5.3}, {'lat': -5.4, 'long': 151.3, 'Time': Timestamp('2007-03-04 22:31:44'), 'mag': 5.0}, {'lat': -4.305, 'long': 143.512, 'Time': Timestamp('2007-03-05 23:09:18'), 'mag': 5.1}, {'lat': 23.449, 'long': 142.585, 'Time': Timestamp('2007-03-05 15:10:59'), 'mag': 5.0}, {'lat': 23.449, 'long': 142.585, 'Time': Timestamp('2007-03-05 15:10:59'), 'mag': 5.0}, {'lat': 23.449, 'long': 142.585, 'Time': Timestamp('2007-03-05 15:10:59'), 'mag': 5.0}, {'lat': -1.055, 'long': 126.913, 'Time': Timestamp('2007-03-06 00:09:08'), 'mag': 5.0}, {'lat': -1.055, 'long': 126.913, 'Time': Timestamp('2007-03-06 00:09:08'), 'mag': 5.0}]",14,5
284,2007-03-28 06:49:54.978,0,[],0,29
285,2007-03-18 10:05:22.274,0,[],0,19
286,2007-03-18 13:24:52.686,0,[],0,19
287,2007-03-24 16:41:57.584,1,"[{'lat': -17.376, 'long': -72.611, 'Time': Timestamp('2007-03-26 02:46:58'), 'mag': 5.4}, {'lat': -19.722, 'long': -70.142, 'Time': Timestamp('2007-03-24 19:13:50'), 'mag': 5.7}, {'lat': -17.376, 'long': -72.611, 'Time': Timestamp('2007-03-26 02:46:58'), 'mag': 5.4}, {'lat': -19.722, 'long': -70.142, 'Time': Timestamp('2007-03-24 19:13:50'), 'mag': 5.7}, {'lat': -17.376, 'long': -72.611, 'Time': Timestamp('2007-03-26 02:46:58'), 'mag': 5.4}]",5,25
288,2007-03-14 19:56:52.792,0,[],0,15
289,2007-03-27 23:10:22.846,1,"[{'lat': -31.02, 'long': -178.074, 'Time': Timestamp('2007-03-28 08:08:04'), 'mag': 5.3}, {'lat': -31.02, 'long': -178.074, 'Time': Timestamp('2007-03-28 08:08:04'), 'mag': 5.3}, {'lat': -31.02, 'long': -178.074, 'Time': Timestamp('2007-03-28 08:08:04'), 'mag': 5.3}]",3,28
290,2007-03-18 08:57:18.664,0,[],0,18
291,2007-03-16 12:16:22.114,0,[],0,16
292,2007-03-26 15:34:12.392,1,"[{'lat': 47.718, 'long': -27.543, 'Time': Timestamp('2007-03-27 02:30:23'), 'mag': 5.0}, {'lat': 47.718, 'long': -27.543, 'Time': Timestamp('2007-03-27 02:30:23'), 'mag': 5.0}, {'lat': -19.485, 'long': -69.621, 'Time': Timestamp('2007-03-26 21:00:25'), 'mag': 5.1}, {'lat': -17.438, 'long': -72.748, 'Time': Timestamp('2007-03-27 03:11:27'), 'mag': 5.0}, {'lat': -19.485, 'long': -69.621, 'Time': Timestamp('2007-03-26 21:00:25'), 'mag': 5.1}, {'lat': -17.438, 'long': -72.748, 'Time': Timestamp('2007-03-27 03:11:27'), 'mag': 5.0}]",6,26
293,2007-03-23 22:02:50.356,1,"[{'lat': -18.858, 'long': -178.371, 'Time': Timestamp('2007-03-23 22:30:55'), 'mag': 5.8}, {'lat': -18.858, 'long': -178.371, 'Time': Timestamp('2007-03-23 22:30:55'), 'mag': 5.8}, {'lat': -18.858, 'long': -178.371, 'Time': Timestamp('2007-03-23 22:30:55'), 'mag': 5.8}, {'lat': -27.989, 'long': -176.788, 'Time': Timestamp('2007-03-25 19:21:18'), 'mag': 5.2}]",4,23
294,2007-03-23 01:17:51.190,1,"[{'lat': -15.114, 'long': 167.393, 'Time': Timestamp('2007-03-23 15:55:13'), 'mag': 5.2}, {'lat': -15.114, 'long': 167.393, 'Time': Timestamp('2007-03-23 15:55:13'), 'mag': 5.2}, {'lat': -20.617, 'long': 169.357, 'Time': Timestamp('2007-03-25 00:40:01'), 'mag': 7.1}, {'lat': -20.754, 'long': 169.354, 'Time': Timestamp('2007-03-25 01:08:19'), 'mag': 6.9}, {'lat': -15.114, 'long': 167.393, 'Time': Timestamp('2007-03-23 15:55:13'), 'mag': 5.2}, {'lat': -53.814, 'long': 140.789, 'Time': Timestamp('2007-03-24 17:29:29'), 'mag': 5.8}, {'lat': -53.814, 'long': 140.789, 'Time': Timestamp('2007-03-24 17:29:29'), 'mag': 5.8}, {'lat': 37.336, 'long': 136.588, 'Time': Timestamp('2007-03-25 00:41:57'), 'mag': 6.7}, {'lat': 37.336, 'long': 136.588, 'Time': Timestamp('2007-03-25 00:41:57'), 'mag': 6.7}]",9,22
295,2007-03-07 06:12:53.379,1,"[{'lat': 1.955, 'long': 97.908, 'Time': Timestamp('2007-03-07 10:53:37'), 'mag': 5.9}, {'lat': 1.955, 'long': 97.908, 'Time': Timestamp('2007-03-07 10:53:37'), 'mag': 5.9}]",2,6
296,2007-03-25 09:28:19.448,1,"[{'lat': 38.34, 'long': 20.42, 'Time': Timestamp('2007-03-25 13:57:58'), 'mag': 5.7}, {'lat': 38.34, 'long': 20.42, 'Time': Timestamp('2007-03-25 13:57:58'), 'mag': 5.7}, {'lat': 38.34, 'long': 20.42, 'Time': Timestamp('2007-03-25 13:57:58'), 'mag': 5.7}]",3,24
297,2007-03-24 16:05:21.332,1,"[{'lat': -19.722, 'long': -70.142, 'Time': Timestamp('2007-03-24 19:13:50'), 'mag': 5.7}, {'lat': -17.376, 'long': -72.611, 'Time': Timestamp('2007-03-26 02:46:58'), 'mag': 5.4}, {'lat': -19.722, 'long': -70.142, 'Time': Timestamp('2007-03-24 19:13:50'), 'mag': 5.7}, {'lat': -17.376, 'long': -72.611, 'Time': Timestamp('2007-03-26 02:46:58'), 'mag': 5.4}, {'lat': -19.722, 'long': -70.142, 'Time': Timestamp('2007-03-24 19:13:50'), 'mag': 5.7}]",5,23
298,2007-03-24 19:20:22.623,0,[],0,23
299,2007-03-08 22:33:52.676,0,[],0,7
300,2007-04-01 01:48:19.716,1,"[{'lat': -8.466, 'long': 157.043, 'Time': Timestamp('2007-04-01 20:39:58'), 'mag': 8.1}, {'lat': -7.169, 'long': 155.777, 'Time': Timestamp('2007-04-01 20:47:31'), 'mag': 6.6}, {'lat': -8.003, 'long': 156.193, 'Time': Timestamp('2007-04-01 20:54:57'), 'mag': 5.5}, {'lat': -7.368, 'long': 155.557, 'Time': Timestamp('2007-04-01 20:56:18'), 'mag': 5.5}, {'lat': -7.027, 'long': 156.179, 'Time': Timestamp('2007-04-01 21:02:37'), 'mag': 5.2}, {'lat': -7.746, 'long': 157.108, 'Time': Timestamp('2007-04-01 21:07:50'), 'mag': 5.4}, {'lat': -7.306, 'long': 155.741, 'Time': Timestamp('2007-04-01 21:11:33'), 'mag': 6.9}, {'lat': -7.303, 'long': 155.682, 'Time': Timestamp('2007-04-01 21:15:22'), 'mag': 6.0}, {'lat': -8.522, 'long': 156.737, 'Time': Timestamp('2007-04-01 21:18:22'), 'mag': 5.8}, {'lat': -8.652, 'long': 156.986, 'Time': Timestamp('2007-04-01 21:25:08'), 'mag': 5.4}, {'lat': -7.265, 'long': 155.409, 'Time': Timestamp('2007-04-01 21:26:26'), 'mag': 5.6}, {'lat': -7.204, 'long': 155.691, 'Time': Timestamp('2007-04-01 21:30:16'), 'mag': 5.3}, {'lat': -7.298, 'long': 156.075, 'Time': Timestamp('2007-04-01 21:31:00'), 'mag': 5.2}, {'lat': -7.316, 'long': 155.818, 'Time': Timestamp('2007-04-01 21:42:12'), 'mag': 5.2}, {'lat': -7.316, 'long': 155.619, 'Time': Timestamp('2007-04-01 21:43:20'), 'mag': 5.4}, {'lat': -7.328, 'long': 155.645, 'Time': Timestamp('2007-04-01 21:45:37'), 'mag': 5.7}, {'lat': -7.259, 'long': 155.743, 'Time': Timestamp('2007-04-01 21:48:08'), 'mag': 5.3}, {'lat': -7.244, 'long': 155.681, 'Time': Timestamp('2007-04-01 21:56:57'), 'mag': 5.4}, {'lat': -7.401, 'long': 155.453, 'Time': Timestamp('2007-04-01 22:29:53'), 'mag': 5.3}, {'lat': -7.727, 'long': 155.697, 'Time': Timestamp('2007-04-01 22:41:01'), 'mag': 5.1}, {'lat': -7.286, 'long': 155.407, 'Time': Timestamp('2007-04-01 22:42:00'), 'mag': 5.0}, {'lat': -7.178, 'long': 155.538, 'Time': Timestamp('2007-04-01 22:45:34'), 'mag': 5.0}, {'lat': -7.253, 'long': 156.006, 'Time': Timestamp('2007-04-01 22:50:15'), 'mag': 5.0}, {'lat': -7.532, 'long': 156.054, 'Time': Timestamp('2007-04-01 22:57:23'), 'mag': 5.7}, {'lat': -7.263, 'long': 155.704, 'Time': Timestamp('2007-04-01 23:09:38'), 'mag': 5.0}, {'lat': -7.401, 'long': 156.157, 'Time': Timestamp('2007-04-01 23:25:27'), 'mag': 5.2}, {'lat': -7.44, 'long': 155.975, 'Time': Timestamp('2007-04-01 23:28:06'), 'mag': 5.1}, {'lat': -7.504, 'long': 156.126, 'Time': Timestamp('2007-04-02 00:10:53'), 'mag': 5.1}, {'lat': -7.151, 'long': 155.543, 'Time': Timestamp('2007-04-02 00:49:46'), 'mag': 5.0}, {'lat': -8.326, 'long': 157.116, 'Time': Timestamp('2007-04-02 01:31:02'), 'mag': 5.4}, {'lat': -7.134, 'long': 155.408, 'Time': Timestamp('2007-04-02 01:36:15'), 'mag': 5.3}, {'lat': -7.2, 'long': 154.903, 'Time': Timestamp('2007-04-02 02:45:19'), 'mag': 5.0}, {'lat': -7.174, 'long': 156.051, 'Time': Timestamp('2007-04-02 04:11:39'), 'mag': 5.6}, {'lat': -7.641, 'long': 155.6, 'Time': Timestamp('2007-04-02 05:00:31'), 'mag': 5.0}, {'lat': -7.141, 'long': 155.658, 'Time': Timestamp('2007-04-02 05:30:45'), 'mag': 5.1}, {'lat': -7.356, 'long': 155.363, 'Time': Timestamp('2007-04-02 05:33:35'), 'mag': 5.9}, {'lat': -7.53, 'long': 156.188, 'Time': Timestamp('2007-04-02 07:16:32'), 'mag': 5.2}, {'lat': -7.225, 'long': 156.243, 'Time': Timestamp('2007-04-02 10:49:17'), 'mag': 6.1}, {'lat': -8.706, 'long': 157.62, 'Time': Timestamp('2007-04-02 12:02:23'), 'mag': 6.2}, {'lat': -8.748, 'long': 157.64, 'Time': Timestamp('2007-04-02 12:35:26'), 'mag': 5.6}, {'lat': -8.686, 'long': 157.738, 'Time': Timestamp('2007-04-02 12:44:59'), 'mag': 5.0}, {'lat': -7.848, 'long': 156.475, 'Time': Timestamp('2007-04-02 13:49:55'), 'mag': 5.6}, {'lat': -8.55, 'long': 157.528, 'Time': Timestamp('2007-04-02 13:53:07'), 'mag': 5.6}, {'lat': -8.582, 'long': 157.676, 'Time': Timestamp('2007-04-02 14:20:49'), 'mag': 5.0}, {'lat': -7.805, 'long': 155.778, 'Time': Timestamp('2007-04-02 15:40:02'), 'mag': 5.1}, {'lat': -8.644, 'long': 157.758, 'Time': Timestamp('2007-04-02 16:08:20'), 'mag': 5.0}, {'lat': -7.807, 'long': 156.555, 'Time': Timestamp('2007-04-02 18:17:43'), 'mag': 5.1}, {'lat': -7.759, 'long': 155.695, 'Time': Timestamp('2007-04-02 22:10:09'), 'mag': 5.0}, {'lat': -7.681, 'long': 155.618, 'Time': Timestamp('2007-04-02 22:41:07'), 'mag': 5.0}, {'lat': -8.617, 'long': 157.386, 'Time': Timestamp('2007-04-02 23:20:23'), 'mag': 6.2}, {'lat': -7.09, 'long': 155.491, 'Time': Timestamp('2007-04-02 23:31:13'), 'mag': 5.5}, {'lat': -8.564, 'long': 157.509, 'Time': Timestamp('2007-04-03 00:24:56'), 'mag': 5.0}, {'lat': -7.028, 'long': 155.242, 'Time': Timestamp('2007-04-03 00:28:39'), 'mag': 5.6}, {'lat': -7.083, 'long': 155.245, 'Time': Timestamp('2007-04-03 00:29:12'), 'mag': 5.4}, {'lat': -8.628, 'long': 157.668, 'Time': Timestamp('2007-04-03 00:54:02'), 'mag': 5.1}, {'lat': -8.777, 'long': 157.349, 'Time': Timestamp('2007-04-03 01:42:06'), 'mag': 5.0}, {'lat': -8.466, 'long': 157.043, 'Time': Timestamp('2007-04-01 20:39:58'), 'mag': 8.1}, {'lat': -9.505, 'long': 156.934, 'Time': Timestamp('2007-04-01 20:46:19'), 'mag': 6.1}, {'lat': -7.169, 'long': 155.777, 'Time': Timestamp('2007-04-01 20:47:31'), 'mag': 6.6}, {'lat': -8.003, 'long': 156.193, 'Time': Timestamp('2007-04-01 20:54:57'), 'mag': 5.5}, {'lat': -7.368, 'long': 155.557, 'Time': Timestamp('2007-04-01 20:56:18'), 'mag': 5.5}, {'lat': -7.027, 'long': 156.179, 'Time': Timestamp('2007-04-01 21:02:37'), 'mag': 5.2}, {'lat': -7.746, 'long': 157.108, 'Time': Timestamp('2007-04-01 21:07:50'), 'mag': 5.4}, {'lat': -7.306, 'long': 155.741, 'Time': Timestamp('2007-04-01 21:11:33'), 'mag': 6.9}, {'lat': -7.303, 'long': 155.682, 'Time': Timestamp('2007-04-01 21:15:22'), 'mag': 6.0}, {'lat': -8.522, 'long': 156.737, 'Time': Timestamp('2007-04-01 21:18:22'), 'mag': 5.8}, {'lat': -8.652, 'long': 156.986, 'Time': Timestamp('2007-04-01 21:25:08'), 'mag': 5.4}, {'lat': -7.265, 'long': 155.409, 'Time': Timestamp('2007-04-01 21:26:26'), 'mag': 5.6}, {'lat': -7.204, 'long': 155.691, 'Time': Timestamp('2007-04-01 21:30:16'), 'mag': 5.3}, {'lat': -7.298, 'long': 156.075, 'Time': Timestamp('2007-04-01 21:31:00'), 'mag': 5.2}, {'lat': -7.316, 'long': 155.818, 'Time': Timestamp('2007-04-01 21:42:12'), 'mag': 5.2}, {'lat': -7.316, 'long': 155.619, 'Time': Timestamp('2007-04-01 21:43:20'), 'mag': 5.4}, {'lat': -7.328, 'long': 155.645, 'Time': Timestamp('2007-04-01 21:45:37'), 'mag': 5.7}, {'lat': -7.259, 'long': 155.743, 'Time': Timestamp('2007-04-01 21:48:08'), 'mag': 5.3}, {'lat': -7.244, 'long': 155.681, 'Time': Timestamp('2007-04-01 21:56:57'), 'mag': 5.4}, {'lat': -7.401, 'long': 155.453, 'Time': Timestamp('2007-04-01 22:29:53'), 'mag': 5.3}, {'lat': -7.727, 'long': 155.697, 'Time': Timestamp('2007-04-01 22:41:01'), 'mag': 5.1}, {'lat': -7.286, 'long': 155.407, 'Time': Timestamp('2007-04-01 22:42:00'), 'mag': 5.0}, {'lat': -7.178, 'long': 155.538, 'Time': Timestamp('2007-04-01 22:45:34'), 'mag': 5.0}, {'lat': -7.253, 'long': 156.006, 'Time': Timestamp('2007-04-01 22:50:15'), 'mag': 5.0}, {'lat': -7.532, 'long': 156.054, 'Time': Timestamp('2007-04-01 22:57:23'), 'mag': 5.7}, {'lat': -7.263, 'long': 155.704, 'Time': Timestamp('2007-04-01 23:09:38'), 'mag': 5.0}, {'lat': -7.401, 'long': 156.157, 'Time': Timestamp('2007-04-01 23:25:27'), 'mag': 5.2}, {'lat': -7.44, 'long': 155.975, 'Time': Timestamp('2007-04-01 23:28:06'), 'mag': 5.1}, {'lat': -7.504, 'long': 156.126, 'Time': Timestamp('2007-04-02 00:10:53'), 'mag': 5.1}, {'lat': -7.151, 'long': 155.543, 'Time': Timestamp('2007-04-02 00:49:46'), 'mag': 5.0}, {'lat': -8.326, 'long': 157.116, 'Time': Timestamp('2007-04-02 01:31:02'), 'mag': 5.4}, {'lat': -7.134, 'long': 155.408, 'Time': Timestamp('2007-04-02 01:36:15'), 'mag': 5.3}, {'lat': -7.2, 'long': 154.903, 'Time': Timestamp('2007-04-02 02:45:19'), 'mag': 5.0}, {'lat': -7.174, 'long': 156.051, 'Time': Timestamp('2007-04-02 04:11:39'), 'mag': 5.6}, {'lat': -7.641, 'long': 155.6, 'Time': Timestamp('2007-04-02 05:00:31'), 'mag': 5.0}, {'lat': -7.141, 'long': 155.658, 'Time': Timestamp('2007-04-02 05:30:45'), 'mag': 5.1}, {'lat': -7.356, 'long': 155.363, 'Time': Timestamp('2007-04-02 05:33:35'), 'mag': 5.9}, {'lat': -7.53, 'long': 156.188, 'Time': Timestamp('2007-04-02 07:16:32'), 'mag': 5.2}, {'lat': -7.225, 'long': 156.243, 'Time': Timestamp('2007-04-02 10:49:17'), 'mag': 6.1}, {'lat': -8.706, 'long': 157.62, 'Time': Timestamp('2007-04-02 12:02:23'), 'mag': 6.2}, {'lat': -8.748, 'long': 157.64, 'Time': Timestamp('2007-04-02 12:35:26'), 'mag': 5.6}, {'lat': -8.686, 'long': 157.738, 'Time': Timestamp('2007-04-02 12:44:59'), 'mag': 5.0}, {'lat': -7.848, 'long': 156.475, 'Time': Timestamp('2007-04-02 13:49:55'), 'mag': 5.6}, {'lat': -8.55, 'long': 157.528, 'Time': Timestamp('2007-04-02 13:53:07'), 'mag': 5.6}, {'lat': -8.582, 'long': 157.676, 'Time': Timestamp('2007-04-02 14:20:49'), 'mag': 5.0}, {'lat': -7.805, 'long': 155.778, 'Time': Timestamp('2007-04-02 15:40:02'), 'mag': 5.1}, {'lat': -8.644, 'long': 157.758, 'Time': Timestamp('2007-04-02 16:08:20'), 'mag': 5.0}, {'lat': -7.807, 'long': 156.555, 'Time': Timestamp('2007-04-02 18:17:43'), 'mag': 5.1}, {'lat': -7.759, 'long': 155.695, 'Time': Timestamp('2007-04-02 22:10:09'), 'mag': 5.0}, {'lat': -7.681, 'long': 155.618, 'Time': Timestamp('2007-04-02 22:41:07'), 'mag': 5.0}, {'lat': -9.706, 'long': 154.663, 'Time': Timestamp('2007-04-02 22:49:53'), 'mag': 5.6}, {'lat': -8.617, 'long': 157.386, 'Time': Timestamp('2007-04-02 23:20:23'), 'mag': 6.2}, {'lat': -7.09, 'long': 155.491, 'Time': Timestamp('2007-04-02 23:31:13'), 'mag': 5.5}, {'lat': -9.742, 'long': 154.629, 'Time': Timestamp('2007-04-03 00:22:09'), 'mag': 5.5}, {'lat': -8.564, 'long': 157.509, 'Time': Timestamp('2007-04-03 00:24:56'), 'mag': 5.0}, {'lat': -7.028, 'long': 155.242, 'Time': Timestamp('2007-04-03 00:28:39'), 'mag': 5.6}, {'lat': -7.083, 'long': 155.245, 'Time': Timestamp('2007-04-03 00:29:12'), 'mag': 5.4}, {'lat': -8.628, 'long': 157.668, 'Time': Timestamp('2007-04-03 00:54:02'), 'mag': 5.1}, {'lat': -8.777, 'long': 157.349, 'Time': Timestamp('2007-04-03 01:42:06'), 'mag': 5.0}, {'lat': -8.466, 'long': 157.043, 'Time': Timestamp('2007-04-01 20:39:58'), 'mag': 8.1}, {'lat': -9.505, 'long': 156.934, 'Time': Timestamp('2007-04-01 20:46:19'), 'mag': 6.1}, {'lat': -7.169, 'long': 155.777, 'Time': Timestamp('2007-04-01 20:47:31'), 'mag': 6.6}, {'lat': -8.003, 'long': 156.193, 'Time': Timestamp('2007-04-01 20:54:57'), 'mag': 5.5}, {'lat': -7.368, 'long': 155.557, 'Time': Timestamp('2007-04-01 20:56:18'), 'mag': 5.5}, {'lat': -7.027, 'long': 156.179, 'Time': Timestamp('2007-04-01 21:02:37'), 'mag': 5.2}, {'lat': -7.746, 'long': 157.108, 'Time': Timestamp('2007-04-01 21:07:50'), 'mag': 5.4}, {'lat': -7.306, 'long': 155.741, 'Time': Timestamp('2007-04-01 21:11:33'), 'mag': 6.9}, {'lat': -7.303, 'long': 155.682, 'Time': Timestamp('2007-04-01 21:15:22'), 'mag': 6.0}, {'lat': -8.522, 'long': 156.737, 'Time': Timestamp('2007-04-01 21:18:22'), 'mag': 5.8}, {'lat': -8.652, 'long': 156.986, 'Time': Timestamp('2007-04-01 21:25:08'), 'mag': 5.4}, {'lat': -7.265, 'long': 155.409, 'Time': Timestamp('2007-04-01 21:26:26'), 'mag': 5.6}, {'lat': -7.204, 'long': 155.691, 'Time': Timestamp('2007-04-01 21:30:16'), 'mag': 5.3}, {'lat': -7.298, 'long': 156.075, 'Time': Timestamp('2007-04-01 21:31:00'), 'mag': 5.2}, {'lat': -7.316, 'long': 155.818, 'Time': Timestamp('2007-04-01 21:42:12'), 'mag': 5.2}, {'lat': -7.316, 'long': 155.619, 'Time': Timestamp('2007-04-01 21:43:20'), 'mag': 5.4}, {'lat': -7.328, 'long': 155.645, 'Time': Timestamp('2007-04-01 21:45:37'), 'mag': 5.7}, {'lat': -7.259, 'long': 155.743, 'Time': Timestamp('2007-04-01 21:48:08'), 'mag': 5.3}, {'lat': -7.244, 'long': 155.681, 'Time': Timestamp('2007-04-01 21:56:57'), 'mag': 5.4}, {'lat': -7.401, 'long': 155.453, 'Time': Timestamp('2007-04-01 22:29:53'), 'mag': 5.3}, {'lat': -7.727, 'long': 155.697, 'Time': Timestamp('2007-04-01 22:41:01'), 'mag': 5.1}, {'lat': -7.286, 'long': 155.407, 'Time': Timestamp('2007-04-01 22:42:00'), 'mag': 5.0}, {'lat': -7.178, 'long': 155.538, 'Time': Timestamp('2007-04-01 22:45:34'), 'mag': 5.0}, {'lat': -7.253, 'long': 156.006, 'Time': Timestamp('2007-04-01 22:50:15'), 'mag': 5.0}, {'lat': -7.532, 'long': 156.054, 'Time': Timestamp('2007-04-01 22:57:23'), 'mag': 5.7}, {'lat': -7.263, 'long': 155.704, 'Time': Timestamp('2007-04-01 23:09:38'), 'mag': 5.0}, {'lat': -7.401, 'long': 156.157, 'Time': Timestamp('2007-04-01 23:25:27'), 'mag': 5.2}, {'lat': -7.44, 'long': 155.975, 'Time': Timestamp('2007-04-01 23:28:06'), 'mag': 5.1}, {'lat': -7.504, 'long': 156.126, 'Time': Timestamp('2007-04-02 00:10:53'), 'mag': 5.1}, {'lat': -7.151, 'long': 155.543, 'Time': Timestamp('2007-04-02 00:49:46'), 'mag': 5.0}, {'lat': -8.326, 'long': 157.116, 'Time': Timestamp('2007-04-02 01:31:02'), 'mag': 5.4}, {'lat': -7.134, 'long': 155.408, 'Time': Timestamp('2007-04-02 01:36:15'), 'mag': 5.3}, {'lat': -7.2, 'long': 154.903, 'Time': Timestamp('2007-04-02 02:45:19'), 'mag': 5.0}, {'lat': -7.174, 'long': 156.051, 'Time': Timestamp('2007-04-02 04:11:39'), 'mag': 5.6}, {'lat': -7.641, 'long': 155.6, 'Time': Timestamp('2007-04-02 05:00:31'), 'mag': 5.0}, {'lat': -7.141, 'long': 155.658, 'Time': Timestamp('2007-04-02 05:30:45'), 'mag': 5.1}, {'lat': -7.356, 'long': 155.363, 'Time': Timestamp('2007-04-02 05:33:35'), 'mag': 5.9}, {'lat': -7.53, 'long': 156.188, 'Time': Timestamp('2007-04-02 07:16:32'), 'mag': 5.2}, {'lat': -7.225, 'long': 156.243, 'Time': Timestamp('2007-04-02 10:49:17'), 'mag': 6.1}, {'lat': -8.706, 'long': 157.62, 'Time': Timestamp('2007-04-02 12:02:23'), 'mag': 6.2}, {'lat': -8.748, 'long': 157.64, 'Time': Timestamp('2007-04-02 12:35:26'), 'mag': 5.6}, {'lat': -8.686, 'long': 157.738, 'Time': Timestamp('2007-04-02 12:44:59'), 'mag': 5.0}, {'lat': -7.848, 'long': 156.475, 'Time': Timestamp('2007-04-02 13:49:55'), 'mag': 5.6}, {'lat': -8.55, 'long': 157.528, 'Time': Timestamp('2007-04-02 13:53:07'), 'mag': 5.6}, {'lat': -8.582, 'long': 157.676, 'Time': Timestamp('2007-04-02 14:20:49'), 'mag': 5.0}, {'lat': -7.805, 'long': 155.778, 'Time': Timestamp('2007-04-02 15:40:02'), 'mag': 5.1}, {'lat': -8.644, 'long': 157.758, 'Time': Timestamp('2007-04-02 16:08:20'), 'mag': 5.0}, {'lat': -7.807, 'long': 156.555, 'Time': Timestamp('2007-04-02 18:17:43'), 'mag': 5.1}, {'lat': -7.759, 'long': 155.695, 'Time': Timestamp('2007-04-02 22:10:09'), 'mag': 5.0}, {'lat': -7.681, 'long': 155.618, 'Time': Timestamp('2007-04-02 22:41:07'), 'mag': 5.0}, {'lat': -9.706, 'long': 154.663, 'Time': Timestamp('2007-04-02 22:49:53'), 'mag': 5.6}, {'lat': -8.617, 'long': 157.386, 'Time': Timestamp('2007-04-02 23:20:23'), 'mag': 6.2}, {'lat': -7.09, 'long': 155.491, 'Time': Timestamp('2007-04-02 23:31:13'), 'mag': 5.5}, {'lat': -9.742, 'long': 154.629, 'Time': Timestamp('2007-04-03 00:22:09'), 'mag': 5.5}, {'lat': -8.564, 'long': 157.509, 'Time': Timestamp('2007-04-03 00:24:56'), 'mag': 5.0}, {'lat': -7.028, 'long': 155.242, 'Time': Timestamp('2007-04-03 00:28:39'), 'mag': 5.6}, {'lat': -7.083, 'long': 155.245, 'Time': Timestamp('2007-04-03 00:29:12'), 'mag': 5.4}, {'lat': -8.628, 'long': 157.668, 'Time': Timestamp('2007-04-03 00:54:02'), 'mag': 5.1}, {'lat': -8.777, 'long': 157.349, 'Time': Timestamp('2007-04-03 01:42:06'), 'mag': 5.0}, {'lat': 44.305, 'long': 149.167, 'Time': Timestamp('2007-04-02 06:58:51'), 'mag': 5.1}, {'lat': 44.202, 'long': 149.172, 'Time': Timestamp('2007-04-02 12:19:22'), 'mag': 5.3}, {'lat': 32.349, 'long': 137.607, 'Time': Timestamp('2007-04-01 02:51:05'), 'mag': 5.7}, {'lat': 44.305, 'long': 149.167, 'Time': Timestamp('2007-04-02 06:58:51'), 'mag': 5.1}, {'lat': 44.202, 'long': 149.172, 'Time': Timestamp('2007-04-02 12:19:22'), 'mag': 5.3}, {'lat': 32.349, 'long': 137.607, 'Time': Timestamp('2007-04-01 02:51:05'), 'mag': 5.7}, {'lat': 32.349, 'long': 137.607, 'Time': Timestamp('2007-04-01 02:51:05'), 'mag': 5.7}, {'lat': 1.409, 'long': 125.763, 'Time': Timestamp('2007-04-02 19:42:56'), 'mag': 5.5}, {'lat': 1.409, 'long': 125.763, 'Time': Timestamp('2007-04-02 19:42:56'), 'mag': 5.5}, {'lat': 1.409, 'long': 125.763, 'Time': Timestamp('2007-04-02 19:42:56'), 'mag': 5.5}]",184,30
301,2007-03-26 06:43:25.689,0,[],0,24
302,2007-03-28 09:59:21.289,1,"[{'lat': -6.268, 'long': 29.673, 'Time': Timestamp('2007-03-28 21:17:10'), 'mag': 5.8}, {'lat': -6.268, 'long': 29.673, 'Time': Timestamp('2007-03-28 21:17:10'), 'mag': 5.8}]",2,26
303,2007-03-07 13:18:22.917,1,"[{'lat': 3.018, 'long': -31.819, 'Time': Timestamp('2007-03-07 23:01:24'), 'mag': 5.5}, {'lat': 3.018, 'long': -31.819, 'Time': Timestamp('2007-03-07 23:01:24'), 'mag': 5.5}, {'lat': 3.018, 'long': -31.819, 'Time': Timestamp('2007-03-07 23:01:24'), 'mag': 5.5}]",3,5
304,2007-03-10 16:35:53.943,1,"[{'lat': -34.468, 'long': -72.199, 'Time': Timestamp('2007-03-11 13:14:17'), 'mag': 5.0}, {'lat': -34.468, 'long': -72.199, 'Time': Timestamp('2007-03-11 13:14:17'), 'mag': 5.0}, {'lat': -34.468, 'long': -72.199, 'Time': Timestamp('2007-03-11 13:14:17'), 'mag': 5.0}]",3,8
305,2007-03-27 19:50:23.025,1,"[{'lat': 25.423, 'long': -109.707, 'Time': Timestamp('2007-03-28 13:21:37'), 'mag': 5.2}, {'lat': 25.497, 'long': -109.633, 'Time': Timestamp('2007-03-28 14:28:54'), 'mag': 5.3}, {'lat': 25.423, 'long': -109.707, 'Time': Timestamp('2007-03-28 13:21:37'), 'mag': 5.2}, {'lat': 25.497, 'long': -109.633, 'Time': Timestamp('2007-03-28 14:28:54'), 'mag': 5.3}, {'lat': 19.695, 'long': -109.452, 'Time': Timestamp('2007-03-28 18:42:55'), 'mag': 5.3}, {'lat': 25.423, 'long': -109.707, 'Time': Timestamp('2007-03-28 13:21:37'), 'mag': 5.2}, {'lat': 25.497, 'long': -109.633, 'Time': Timestamp('2007-03-28 14:28:54'), 'mag': 5.3}, {'lat': 19.695, 'long': -109.452, 'Time': Timestamp('2007-03-28 18:42:55'), 'mag': 5.3}]",8,25
306,2007-03-20 23:04:21.932,1,"[{'lat': -22.328, 'long': 171.471, 'Time': Timestamp('2007-03-22 08:24:03'), 'mag': 5.4}, {'lat': -22.328, 'long': 171.471, 'Time': Timestamp('2007-03-22 08:24:03'), 'mag': 5.4}, {'lat': -22.328, 'long': 171.471, 'Time': Timestamp('2007-03-22 08:24:03'), 'mag': 5.4}]",3,18
307,2007-03-20 02:18:53.760,1,"[{'lat': 9.191, 'long': 126.121, 'Time': Timestamp('2007-03-20 03:10:30'), 'mag': 5.5}, {'lat': 9.191, 'long': 126.121, 'Time': Timestamp('2007-03-20 03:10:30'), 'mag': 5.5}, {'lat': 9.191, 'long': 126.121, 'Time': Timestamp('2007-03-20 03:10:30'), 'mag': 5.5}, {'lat': -0.755, 'long': 127.512, 'Time': Timestamp('2007-03-20 16:00:56'), 'mag': 5.3}, {'lat': -0.755, 'long': 127.512, 'Time': Timestamp('2007-03-20 16:00:56'), 'mag': 5.3}]",5,17
308,2007-03-24 07:14:21.854,1,"[{'lat': -42.625, 'long': 42.035, 'Time': Timestamp('2007-03-24 07:39:38'), 'mag': 5.4}, {'lat': -42.625, 'long': 42.035, 'Time': Timestamp('2007-03-24 07:39:38'), 'mag': 5.4}]",2,21
309,2007-03-21 10:30:23.458,0,[],0,18
310,2007-03-11 00:04:52.880,1,"[{'lat': -21.049, 'long': 169.834, 'Time': Timestamp('2007-03-12 09:59:03'), 'mag': 5.8}, {'lat': -21.049, 'long': 169.834, 'Time': Timestamp('2007-03-12 09:59:03'), 'mag': 5.8}, {'lat': 51.131, 'long': 179.392, 'Time': Timestamp('2007-03-12 13:04:43'), 'mag': 5.0}, {'lat': 51.131, 'long': 179.392, 'Time': Timestamp('2007-03-12 13:04:43'), 'mag': 5.0}]",4,6
311,2007-03-30 08:15:46.451,0,[],0,25
312,2007-03-18 11:32:53.067,0,[],0,13
313,2007-04-01 14:51:20.649,1,"[{'lat': -45.382, 'long': -73.058, 'Time': Timestamp('2007-04-02 02:49:35'), 'mag': 6.1}, {'lat': -45.382, 'long': -73.058, 'Time': Timestamp('2007-04-02 02:49:35'), 'mag': 6.1}, {'lat': -45.382, 'long': -73.058, 'Time': Timestamp('2007-04-02 02:49:35'), 'mag': 6.1}]",3,27
314,2007-03-14 18:07:22.175,1,"[{'lat': 11.514, 'long': -86.59, 'Time': Timestamp('2007-03-14 21:59:13'), 'mag': 5.5}, {'lat': 11.572, 'long': -86.671, 'Time': Timestamp('2007-03-14 22:44:08'), 'mag': 5.2}, {'lat': 11.514, 'long': -86.59, 'Time': Timestamp('2007-03-14 21:59:13'), 'mag': 5.5}, {'lat': 11.572, 'long': -86.671, 'Time': Timestamp('2007-03-14 22:44:08'), 'mag': 5.2}, {'lat': 16.071, 'long': -97.242, 'Time': Timestamp('2007-03-15 13:13:00'), 'mag': 5.3}, {'lat': 11.514, 'long': -86.59, 'Time': Timestamp('2007-03-14 21:59:13'), 'mag': 5.5}, {'lat': 11.572, 'long': -86.671, 'Time': Timestamp('2007-03-14 22:44:08'), 'mag': 5.2}, {'lat': 16.071, 'long': -97.242, 'Time': Timestamp('2007-03-15 13:13:00'), 'mag': 5.3}, {'lat': 16.071, 'long': -97.242, 'Time': Timestamp('2007-03-15 13:13:00'), 'mag': 5.3}]",9,9
315,2007-04-04 13:43:22.495,1,"[{'lat': 37.306, 'long': -24.621, 'Time': Timestamp('2007-04-05 03:56:50'), 'mag': 6.3}, {'lat': 37.306, 'long': -24.621, 'Time': Timestamp('2007-04-05 03:56:50'), 'mag': 6.3}, {'lat': 37.306, 'long': -24.621, 'Time': Timestamp('2007-04-05 03:56:50'), 'mag': 6.3}]",3,29
316,2007-04-04 17:00:22.549,1,"[{'lat': 1.507, 'long': -84.669, 'Time': Timestamp('2007-04-05 21:27:00'), 'mag': 5.5}, {'lat': -16.811, 'long': -71.265, 'Time': Timestamp('2007-04-06 14:08:57'), 'mag': 5.2}, {'lat': -16.811, 'long': -71.265, 'Time': Timestamp('2007-04-06 14:08:57'), 'mag': 5.2}, {'lat': -16.811, 'long': -71.265, 'Time': Timestamp('2007-04-06 14:08:57'), 'mag': 5.2}, {'lat': 1.507, 'long': -84.669, 'Time': Timestamp('2007-04-05 21:27:00'), 'mag': 5.5}, {'lat': -55.373, 'long': -123.645, 'Time': Timestamp('2007-04-06 05:54:20'), 'mag': 5.9}]",6,29
317,2007-03-25 20:14:52.603,0,[],0,19
318,2007-03-15 01:05:50.216,0,[],0,8
319,2007-03-29 06:00:25.173,0,[],0,22
320,2007-03-25 09:15:49.803,1,"[{'lat': 38.34, 'long': 20.42, 'Time': Timestamp('2007-03-25 13:57:58'), 'mag': 5.7}, {'lat': 38.34, 'long': 20.42, 'Time': Timestamp('2007-03-25 13:57:58'), 'mag': 5.7}, {'lat': 38.34, 'long': 20.42, 'Time': Timestamp('2007-03-25 13:57:58'), 'mag': 5.7}]",3,18
321,2007-03-20 12:34:52.926,1,"[{'lat': -60.335, 'long': -26.231, 'Time': Timestamp('2007-03-22 00:49:16'), 'mag': 5.0}]",1,13
322,2007-03-18 15:52:47.411,1,"[{'lat': 5.574, 'long': -82.694, 'Time': Timestamp('2007-03-19 08:02:19'), 'mag': 5.0}, {'lat': 5.574, 'long': -82.694, 'Time': Timestamp('2007-03-19 08:02:19'), 'mag': 5.0}, {'lat': 5.574, 'long': -82.694, 'Time': Timestamp('2007-03-19 08:02:19'), 'mag': 5.0}]",3,11
323,2007-03-28 19:08:17.587,1,"[{'lat': 15.897, 'long': -99.051, 'Time': Timestamp('2007-03-30 19:00:37'), 'mag': 5.3}, {'lat': 15.897, 'long': -99.051, 'Time': Timestamp('2007-03-30 19:00:37'), 'mag': 5.3}, {'lat': 15.897, 'long': -99.051, 'Time': Timestamp('2007-03-30 19:00:37'), 'mag': 5.3}]",3,21
324,2007-03-14 22:21:52.086,0,[],0,7
325,2007-03-30 08:09:48.340,0,[],0,22
326,2007-03-29 11:26:22.300,0,[],0,21
327,2007-03-29 14:45:22.320,1,"[{'lat': -24.308, 'long': -67.472, 'Time': Timestamp('2007-03-30 19:34:05'), 'mag': 5.0}, {'lat': -31.604, 'long': -71.708, 'Time': Timestamp('2007-03-29 17:09:07'), 'mag': 5.8}, {'lat': -31.566, 'long': -72.075, 'Time': Timestamp('2007-03-29 17:46:20'), 'mag': 5.3}, {'lat': -31.582, 'long': -71.901, 'Time': Timestamp('2007-03-29 18:31:58'), 'mag': 5.0}, {'lat': -24.308, 'long': -67.472, 'Time': Timestamp('2007-03-30 19:34:05'), 'mag': 5.0}, {'lat': -31.604, 'long': -71.708, 'Time': Timestamp('2007-03-29 17:09:07'), 'mag': 5.8}, {'lat': -31.566, 'long': -72.075, 'Time': Timestamp('2007-03-29 17:46:20'), 'mag': 5.3}, {'lat': -31.582, 'long': -71.901, 'Time': Timestamp('2007-03-29 18:31:58'), 'mag': 5.0}, {'lat': -24.308, 'long': -67.472, 'Time': Timestamp('2007-03-30 19:34:05'), 'mag': 5.0}, {'lat': -31.604, 'long': -71.708, 'Time': Timestamp('2007-03-29 17:09:07'), 'mag': 5.8}, {'lat': -31.566, 'long': -72.075, 'Time': Timestamp('2007-03-29 17:46:20'), 'mag': 5.3}, {'lat': -31.582, 'long': -71.901, 'Time': Timestamp('2007-03-29 18:31:58'), 'mag': 5.0}]",12,21
328,2007-03-17 18:01:22.407,1,"[{'lat': 4.551, 'long': -78.536, 'Time': Timestamp('2007-03-17 22:43:09'), 'mag': 6.0}, {'lat': 4.585, 'long': -78.494, 'Time': Timestamp('2007-03-18 02:11:05'), 'mag': 6.2}, {'lat': 5.574, 'long': -82.694, 'Time': Timestamp('2007-03-19 08:02:19'), 'mag': 5.0}, {'lat': 4.551, 'long': -78.536, 'Time': Timestamp('2007-03-17 22:43:09'), 'mag': 6.0}, {'lat': 4.585, 'long': -78.494, 'Time': Timestamp('2007-03-18 02:11:05'), 'mag': 6.2}, {'lat': 5.574, 'long': -82.694, 'Time': Timestamp('2007-03-19 08:02:19'), 'mag': 5.0}, {'lat': 4.551, 'long': -78.536, 'Time': Timestamp('2007-03-17 22:43:09'), 'mag': 6.0}, {'lat': 4.585, 'long': -78.494, 'Time': Timestamp('2007-03-18 02:11:05'), 'mag': 6.2}, {'lat': 5.574, 'long': -82.694, 'Time': Timestamp('2007-03-19 08:02:19'), 'mag': 5.0}]",9,9
329,2007-04-01 21:15:17.237,0,[],0,24
330,2007-04-02 00:29:22.514,1,"[{'lat': -20.633, 'long': 168.994, 'Time': Timestamp('2007-04-03 20:26:09'), 'mag': 6.2}, {'lat': -20.633, 'long': 168.994, 'Time': Timestamp('2007-04-03 20:26:09'), 'mag': 6.2}, {'lat': -20.633, 'long': 168.994, 'Time': Timestamp('2007-04-03 20:26:09'), 'mag': 6.2}, {'lat': -62.907, 'long': 167.975, 'Time': Timestamp('2007-04-03 13:49:15'), 'mag': 5.4}, {'lat': 46.623, 'long': 152.545, 'Time': Timestamp('2007-04-03 02:15:15'), 'mag': 5.0}, {'lat': 44.305, 'long': 149.167, 'Time': Timestamp('2007-04-02 06:58:51'), 'mag': 5.1}, {'lat': 44.202, 'long': 149.172, 'Time': Timestamp('2007-04-02 12:19:22'), 'mag': 5.3}, {'lat': 46.623, 'long': 152.545, 'Time': Timestamp('2007-04-03 02:15:15'), 'mag': 5.0}, {'lat': 23.343, 'long': 143.757, 'Time': Timestamp('2007-04-04 00:18:25'), 'mag': 5.1}, {'lat': 23.343, 'long': 143.757, 'Time': Timestamp('2007-04-04 00:18:25'), 'mag': 5.1}, {'lat': -7.151, 'long': 155.543, 'Time': Timestamp('2007-04-02 00:49:46'), 'mag': 5.0}, {'lat': -8.326, 'long': 157.116, 'Time': Timestamp('2007-04-02 01:31:02'), 'mag': 5.4}, {'lat': -7.134, 'long': 155.408, 'Time': Timestamp('2007-04-02 01:36:15'), 'mag': 5.3}, {'lat': -7.2, 'long': 154.903, 'Time': Timestamp('2007-04-02 02:45:19'), 'mag': 5.0}, {'lat': -7.174, 'long': 156.051, 'Time': Timestamp('2007-04-02 04:11:39'), 'mag': 5.6}, {'lat': -7.641, 'long': 155.6, 'Time': Timestamp('2007-04-02 05:00:31'), 'mag': 5.0}, {'lat': -7.141, 'long': 155.658, 'Time': Timestamp('2007-04-02 05:30:45'), 'mag': 5.1}, {'lat': -7.356, 'long': 155.363, 'Time': Timestamp('2007-04-02 05:33:35'), 'mag': 5.9}, {'lat': -7.53, 'long': 156.188, 'Time': Timestamp('2007-04-02 07:16:32'), 'mag': 5.2}, {'lat': -7.225, 'long': 156.243, 'Time': Timestamp('2007-04-02 10:49:17'), 'mag': 6.1}, {'lat': -8.706, 'long': 157.62, 'Time': Timestamp('2007-04-02 12:02:23'), 'mag': 6.2}, {'lat': -8.748, 'long': 157.64, 'Time': Timestamp('2007-04-02 12:35:26'), 'mag': 5.6}, {'lat': -8.686, 'long': 157.738, 'Time': Timestamp('2007-04-02 12:44:59'), 'mag': 5.0}, {'lat': -7.848, 'long': 156.475, 'Time': Timestamp('2007-04-02 13:49:55'), 'mag': 5.6}, {'lat': -8.55, 'long': 157.528, 'Time': Timestamp('2007-04-02 13:53:07'), 'mag': 5.6}, {'lat': -8.582, 'long': 157.676, 'Time': Timestamp('2007-04-02 14:20:49'), 'mag': 5.0}, {'lat': -7.805, 'long': 155.778, 'Time': Timestamp('2007-04-02 15:40:02'), 'mag': 5.1}, {'lat': -8.644, 'long': 157.758, 'Time': Timestamp('2007-04-02 16:08:20'), 'mag': 5.0}, {'lat': -7.807, 'long': 156.555, 'Time': Timestamp('2007-04-02 18:17:43'), 'mag': 5.1}, {'lat': -7.759, 'long': 155.695, 'Time': Timestamp('2007-04-02 22:10:09'), 'mag': 5.0}, {'lat': -7.681, 'long': 155.618, 'Time': Timestamp('2007-04-02 22:41:07'), 'mag': 5.0}, {'lat': -8.617, 'long': 157.386, 'Time': Timestamp('2007-04-02 23:20:23'), 'mag': 6.2}, {'lat': -7.09, 'long': 155.491, 'Time': Timestamp('2007-04-02 23:31:13'), 'mag': 5.5}, {'lat': -8.564, 'long': 157.509, 'Time': Timestamp('2007-04-03 00:24:56'), 'mag': 5.0}, {'lat': -7.028, 'long': 155.242, 'Time': Timestamp('2007-04-03 00:28:39'), 'mag': 5.6}, {'lat': -7.083, 'long': 155.245, 'Time': Timestamp('2007-04-03 00:29:12'), 'mag': 5.4}, {'lat': -8.628, 'long': 157.668, 'Time': Timestamp('2007-04-03 00:54:02'), 'mag': 5.1}, {'lat': -8.777, 'long': 157.349, 'Time': Timestamp('2007-04-03 01:42:06'), 'mag': 5.0}, {'lat': -7.785, 'long': 155.653, 'Time': Timestamp('2007-04-03 02:46:41'), 'mag': 5.2}, {'lat': -8.631, 'long': 157.554, 'Time': Timestamp('2007-04-03 05:07:42'), 'mag': 5.1}, {'lat': -8.781, 'long': 157.399, 'Time': Timestamp('2007-04-03 05:21:17'), 'mag': 5.3}, {'lat': -7.22, 'long': 155.719, 'Time': Timestamp('2007-04-03 09:11:43'), 'mag': 5.1}, {'lat': -6.861, 'long': 155.76, 'Time': Timestamp('2007-04-03 10:40:35'), 'mag': 5.1}, {'lat': -7.839, 'long': 155.588, 'Time': Timestamp('2007-04-03 11:57:33'), 'mag': 5.5}, {'lat': -7.857, 'long': 155.801, 'Time': Timestamp('2007-04-03 12:04:27'), 'mag': 6.1}, {'lat': -7.904, 'long': 155.836, 'Time': Timestamp('2007-04-03 13:48:08'), 'mag': 5.2}, {'lat': -7.286, 'long': 155.384, 'Time': Timestamp('2007-04-03 15:27:08'), 'mag': 5.5}, {'lat': -8.725, 'long': 157.45, 'Time': Timestamp('2007-04-03 17:25:58'), 'mag': 5.4}, {'lat': -7.065, 'long': 155.243, 'Time': Timestamp('2007-04-03 19:41:01'), 'mag': 5.6}, {'lat': -7.024, 'long': 155.32, 'Time': Timestamp('2007-04-03 19:42:19'), 'mag': 5.4}, {'lat': -8.707, 'long': 157.455, 'Time': Timestamp('2007-04-03 21:34:56'), 'mag': 5.2}, {'lat': -6.742, 'long': 154.889, 'Time': Timestamp('2007-04-03 22:17:42'), 'mag': 5.6}, {'lat': -7.151, 'long': 155.543, 'Time': Timestamp('2007-04-02 00:49:46'), 'mag': 5.0}, {'lat': -8.326, 'long': 157.116, 'Time': Timestamp('2007-04-02 01:31:02'), 'mag': 5.4}, {'lat': -7.134, 'long': 155.408, 'Time': Timestamp('2007-04-02 01:36:15'), 'mag': 5.3}, {'lat': -7.2, 'long': 154.903, 'Time': Timestamp('2007-04-02 02:45:19'), 'mag': 5.0}, {'lat': -7.174, 'long': 156.051, 'Time': Timestamp('2007-04-02 04:11:39'), 'mag': 5.6}, {'lat': -7.641, 'long': 155.6, 'Time': Timestamp('2007-04-02 05:00:31'), 'mag': 5.0}, {'lat': -7.141, 'long': 155.658, 'Time': Timestamp('2007-04-02 05:30:45'), 'mag': 5.1}, {'lat': -7.356, 'long': 155.363, 'Time': Timestamp('2007-04-02 05:33:35'), 'mag': 5.9}, {'lat': -7.53, 'long': 156.188, 'Time': Timestamp('2007-04-02 07:16:32'), 'mag': 5.2}, {'lat': -7.225, 'long': 156.243, 'Time': Timestamp('2007-04-02 10:49:17'), 'mag': 6.1}, {'lat': -8.706, 'long': 157.62, 'Time': Timestamp('2007-04-02 12:02:23'), 'mag': 6.2}, {'lat': -8.748, 'long': 157.64, 'Time': Timestamp('2007-04-02 12:35:26'), 'mag': 5.6}, {'lat': -8.686, 'long': 157.738, 'Time': Timestamp('2007-04-02 12:44:59'), 'mag': 5.0}, {'lat': -7.848, 'long': 156.475, 'Time': Timestamp('2007-04-02 13:49:55'), 'mag': 5.6}, {'lat': -8.55, 'long': 157.528, 'Time': Timestamp('2007-04-02 13:53:07'), 'mag': 5.6}, {'lat': -8.582, 'long': 157.676, 'Time': Timestamp('2007-04-02 14:20:49'), 'mag': 5.0}, {'lat': -7.805, 'long': 155.778, 'Time': Timestamp('2007-04-02 15:40:02'), 'mag': 5.1}, {'lat': -8.644, 'long': 157.758, 'Time': Timestamp('2007-04-02 16:08:20'), 'mag': 5.0}, {'lat': -7.807, 'long': 156.555, 'Time': Timestamp('2007-04-02 18:17:43'), 'mag': 5.1}, {'lat': -7.759, 'long': 155.695, 'Time': Timestamp('2007-04-02 22:10:09'), 'mag': 5.0}, {'lat': -7.681, 'long': 155.618, 'Time': Timestamp('2007-04-02 22:41:07'), 'mag': 5.0}, {'lat': -9.706, 'long': 154.663, 'Time': Timestamp('2007-04-02 22:49:53'), 'mag': 5.6}, {'lat': -8.617, 'long': 157.386, 'Time': Timestamp('2007-04-02 23:20:23'), 'mag': 6.2}, {'lat': -7.09, 'long': 155.491, 'Time': Timestamp('2007-04-02 23:31:13'), 'mag': 5.5}, {'lat': -9.742, 'long': 154.629, 'Time': Timestamp('2007-04-03 00:22:09'), 'mag': 5.5}, {'lat': -8.564, 'long': 157.509, 'Time': Timestamp('2007-04-03 00:24:56'), 'mag': 5.0}, {'lat': -7.028, 'long': 155.242, 'Time': Timestamp('2007-04-03 00:28:39'), 'mag': 5.6}, {'lat': -7.083, 'long': 155.245, 'Time': Timestamp('2007-04-03 00:29:12'), 'mag': 5.4}, {'lat': -8.628, 'long': 157.668, 'Time': Timestamp('2007-04-03 00:54:02'), 'mag': 5.1}, {'lat': -8.777, 'long': 157.349, 'Time': Timestamp('2007-04-03 01:42:06'), 'mag': 5.0}, {'lat': -7.785, 'long': 155.653, 'Time': Timestamp('2007-04-03 02:46:41'), 'mag': 5.2}, {'lat': -8.631, 'long': 157.554, 'Time': Timestamp('2007-04-03 05:07:42'), 'mag': 5.1}, {'lat': -8.781, 'long': 157.399, 'Time': Timestamp('2007-04-03 05:21:17'), 'mag': 5.3}, {'lat': -7.22, 'long': 155.719, 'Time': Timestamp('2007-04-03 09:11:43'), 'mag': 5.1}, {'lat': -6.861, 'long': 155.76, 'Time': Timestamp('2007-04-03 10:40:35'), 'mag': 5.1}, {'lat': -7.839, 'long': 155.588, 'Time': Timestamp('2007-04-03 11:57:33'), 'mag': 5.5}, {'lat': -7.857, 'long': 155.801, 'Time': Timestamp('2007-04-03 12:04:27'), 'mag': 6.1}, {'lat': -7.904, 'long': 155.836, 'Time': Timestamp('2007-04-03 13:48:08'), 'mag': 5.2}, {'lat': -7.286, 'long': 155.384, 'Time': Timestamp('2007-04-03 15:27:08'), 'mag': 5.5}, {'lat': -8.725, 'long': 157.45, 'Time': Timestamp('2007-04-03 17:25:58'), 'mag': 5.4}, {'lat': -7.065, 'long': 155.243, 'Time': Timestamp('2007-04-03 19:41:01'), 'mag': 5.6}, {'lat': -7.024, 'long': 155.32, 'Time': Timestamp('2007-04-03 19:42:19'), 'mag': 5.4}, {'lat': -8.707, 'long': 157.455, 'Time': Timestamp('2007-04-03 21:34:56'), 'mag': 5.2}, {'lat': -6.742, 'long': 154.889, 'Time': Timestamp('2007-04-03 22:17:42'), 'mag': 5.6}, {'lat': -7.151, 'long': 155.543, 'Time': Timestamp('2007-04-02 00:49:46'), 'mag': 5.0}, {'lat': -8.326, 'long': 157.116, 'Time': Timestamp('2007-04-02 01:31:02'), 'mag': 5.4}, {'lat': -7.134, 'long': 155.408, 'Time': Timestamp('2007-04-02 01:36:15'), 'mag': 5.3}, {'lat': -7.2, 'long': 154.903, 'Time': Timestamp('2007-04-02 02:45:19'), 'mag': 5.0}, {'lat': -7.174, 'long': 156.051, 'Time': Timestamp('2007-04-02 04:11:39'), 'mag': 5.6}, {'lat': -7.641, 'long': 155.6, 'Time': Timestamp('2007-04-02 05:00:31'), 'mag': 5.0}, {'lat': -7.141, 'long': 155.658, 'Time': Timestamp('2007-04-02 05:30:45'), 'mag': 5.1}, {'lat': -7.356, 'long': 155.363, 'Time': Timestamp('2007-04-02 05:33:35'), 'mag': 5.9}, {'lat': -7.53, 'long': 156.188, 'Time': Timestamp('2007-04-02 07:16:32'), 'mag': 5.2}, {'lat': -7.225, 'long': 156.243, 'Time': Timestamp('2007-04-02 10:49:17'), 'mag': 6.1}, {'lat': -8.706, 'long': 157.62, 'Time': Timestamp('2007-04-02 12:02:23'), 'mag': 6.2}, {'lat': -8.748, 'long': 157.64, 'Time': Timestamp('2007-04-02 12:35:26'), 'mag': 5.6}, {'lat': -8.686, 'long': 157.738, 'Time': Timestamp('2007-04-02 12:44:59'), 'mag': 5.0}, {'lat': -7.848, 'long': 156.475, 'Time': Timestamp('2007-04-02 13:49:55'), 'mag': 5.6}, {'lat': -8.55, 'long': 157.528, 'Time': Timestamp('2007-04-02 13:53:07'), 'mag': 5.6}, {'lat': -8.582, 'long': 157.676, 'Time': Timestamp('2007-04-02 14:20:49'), 'mag': 5.0}, {'lat': -7.805, 'long': 155.778, 'Time': Timestamp('2007-04-02 15:40:02'), 'mag': 5.1}, {'lat': -8.644, 'long': 157.758, 'Time': Timestamp('2007-04-02 16:08:20'), 'mag': 5.0}, {'lat': -7.807, 'long': 156.555, 'Time': Timestamp('2007-04-02 18:17:43'), 'mag': 5.1}, {'lat': -7.759, 'long': 155.695, 'Time': Timestamp('2007-04-02 22:10:09'), 'mag': 5.0}, {'lat': -7.681, 'long': 155.618, 'Time': Timestamp('2007-04-02 22:41:07'), 'mag': 5.0}, {'lat': -9.706, 'long': 154.663, 'Time': Timestamp('2007-04-02 22:49:53'), 'mag': 5.6}, {'lat': -8.617, 'long': 157.386, 'Time': Timestamp('2007-04-02 23:20:23'), 'mag': 6.2}, {'lat': -7.09, 'long': 155.491, 'Time': Timestamp('2007-04-02 23:31:13'), 'mag': 5.5}, {'lat': -9.742, 'long': 154.629, 'Time': Timestamp('2007-04-03 00:22:09'), 'mag': 5.5}, {'lat': -8.564, 'long': 157.509, 'Time': Timestamp('2007-04-03 00:24:56'), 'mag': 5.0}, {'lat': -7.028, 'long': 155.242, 'Time': Timestamp('2007-04-03 00:28:39'), 'mag': 5.6}, {'lat': -7.083, 'long': 155.245, 'Time': Timestamp('2007-04-03 00:29:12'), 'mag': 5.4}, {'lat': -8.628, 'long': 157.668, 'Time': Timestamp('2007-04-03 00:54:02'), 'mag': 5.1}, {'lat': -8.777, 'long': 157.349, 'Time': Timestamp('2007-04-03 01:42:06'), 'mag': 5.0}, {'lat': -7.785, 'long': 155.653, 'Time': Timestamp('2007-04-03 02:46:41'), 'mag': 5.2}, {'lat': -8.631, 'long': 157.554, 'Time': Timestamp('2007-04-03 05:07:42'), 'mag': 5.1}, {'lat': -8.781, 'long': 157.399, 'Time': Timestamp('2007-04-03 05:21:17'), 'mag': 5.3}, {'lat': -7.22, 'long': 155.719, 'Time': Timestamp('2007-04-03 09:11:43'), 'mag': 5.1}, {'lat': -6.861, 'long': 155.76, 'Time': Timestamp('2007-04-03 10:40:35'), 'mag': 5.1}, {'lat': -7.839, 'long': 155.588, 'Time': Timestamp('2007-04-03 11:57:33'), 'mag': 5.5}, {'lat': -7.857, 'long': 155.801, 'Time': Timestamp('2007-04-03 12:04:27'), 'mag': 6.1}, {'lat': -7.904, 'long': 155.836, 'Time': Timestamp('2007-04-03 13:48:08'), 'mag': 5.2}, {'lat': -7.286, 'long': 155.384, 'Time': Timestamp('2007-04-03 15:27:08'), 'mag': 5.5}, {'lat': -8.725, 'long': 157.45, 'Time': Timestamp('2007-04-03 17:25:58'), 'mag': 5.4}, {'lat': -7.065, 'long': 155.243, 'Time': Timestamp('2007-04-03 19:41:01'), 'mag': 5.6}, {'lat': -7.024, 'long': 155.32, 'Time': Timestamp('2007-04-03 19:42:19'), 'mag': 5.4}, {'lat': -8.707, 'long': 157.455, 'Time': Timestamp('2007-04-03 21:34:56'), 'mag': 5.2}, {'lat': -6.742, 'long': 154.889, 'Time': Timestamp('2007-04-03 22:17:42'), 'mag': 5.6}]",140,24
331,2007-03-28 05:23:49.458,1,"[{'lat': -4.772, 'long': 103.157, 'Time': Timestamp('2007-03-28 16:08:48'), 'mag': 5.0}, {'lat': -4.772, 'long': 103.157, 'Time': Timestamp('2007-03-28 16:08:48'), 'mag': 5.0}]",2,19
332,2007-04-06 08:38:53.618,1,"[{'lat': -39.787, 'long': 46.178, 'Time': Timestamp('2007-04-07 05:20:49'), 'mag': 5.9}, {'lat': -39.787, 'long': 46.178, 'Time': Timestamp('2007-04-07 05:20:49'), 'mag': 5.9}, {'lat': -39.787, 'long': 46.178, 'Time': Timestamp('2007-04-07 05:20:49'), 'mag': 5.9}]",3,28
333,2007-04-02 13:37:22.728,0,[],0,24
334,2007-03-19 00:59:21.776,1,"[{'lat': -60.695, 'long': 154.09, 'Time': Timestamp('2007-03-19 21:20:38'), 'mag': 5.7}]",1,9
335,2007-03-17 05:54:25.405,0,[],0,7
336,2007-03-28 09:09:50.035,1,"[{'lat': -6.268, 'long': 29.673, 'Time': Timestamp('2007-03-28 21:17:10'), 'mag': 5.8}, {'lat': -6.268, 'long': 29.673, 'Time': Timestamp('2007-03-28 21:17:10'), 'mag': 5.8}]",2,18
337,2007-03-29 12:28:52.102,0,[],0,19
338,2007-03-28 15:46:47.470,1,"[{'lat': -31.591, 'long': -71.837, 'Time': Timestamp('2007-03-29 14:40:44'), 'mag': 5.6}, {'lat': -31.604, 'long': -71.708, 'Time': Timestamp('2007-03-29 17:09:07'), 'mag': 5.8}, {'lat': -31.566, 'long': -72.075, 'Time': Timestamp('2007-03-29 17:46:20'), 'mag': 5.3}, {'lat': -31.582, 'long': -71.901, 'Time': Timestamp('2007-03-29 18:31:58'), 'mag': 5.0}, {'lat': 5.025, 'long': -82.697, 'Time': Timestamp('2007-03-29 16:19:46'), 'mag': 5.0}, {'lat': -1.404, 'long': -77.569, 'Time': Timestamp('2007-03-28 20:57:25'), 'mag': 5.3}, {'lat': 5.025, 'long': -82.697, 'Time': Timestamp('2007-03-29 16:19:46'), 'mag': 5.0}, {'lat': -1.404, 'long': -77.569, 'Time': Timestamp('2007-03-28 20:57:25'), 'mag': 5.3}, {'lat': 5.025, 'long': -82.697, 'Time': Timestamp('2007-03-29 16:19:46'), 'mag': 5.0}, {'lat': -1.404, 'long': -77.569, 'Time': Timestamp('2007-03-28 20:57:25'), 'mag': 5.3}, {'lat': -31.591, 'long': -71.837, 'Time': Timestamp('2007-03-29 14:40:44'), 'mag': 5.6}, {'lat': -31.566, 'long': -72.075, 'Time': Timestamp('2007-03-29 17:46:20'), 'mag': 5.3}, {'lat': -31.582, 'long': -71.901, 'Time': Timestamp('2007-03-29 18:31:58'), 'mag': 5.0}]",13,18
339,2007-03-26 19:01:48.092,1,"[{'lat': 19.695, 'long': -109.452, 'Time': Timestamp('2007-03-28 18:42:55'), 'mag': 5.3}, {'lat': 19.695, 'long': -109.452, 'Time': Timestamp('2007-03-28 18:42:55'), 'mag': 5.3}, {'lat': 25.423, 'long': -109.707, 'Time': Timestamp('2007-03-28 13:21:37'), 'mag': 5.2}, {'lat': 25.497, 'long': -109.633, 'Time': Timestamp('2007-03-28 14:28:54'), 'mag': 5.3}]",4,16
340,2007-03-20 22:15:50.455,1,"[{'lat': -22.328, 'long': 171.471, 'Time': Timestamp('2007-03-22 08:24:03'), 'mag': 5.4}, {'lat': -22.328, 'long': 171.471, 'Time': Timestamp('2007-03-22 08:24:03'), 'mag': 5.4}]",2,10
341,2007-04-01 01:29:47.974,1,"[{'lat': -8.466, 'long': 157.043, 'Time': Timestamp('2007-04-01 20:39:58'), 'mag': 8.1}, {'lat': -9.505, 'long': 156.934, 'Time': Timestamp('2007-04-01 20:46:19'), 'mag': 6.1}, {'lat': -7.169, 'long': 155.777, 'Time': Timestamp('2007-04-01 20:47:31'), 'mag': 6.6}, {'lat': -8.003, 'long': 156.193, 'Time': Timestamp('2007-04-01 20:54:57'), 'mag': 5.5}, {'lat': -7.368, 'long': 155.557, 'Time': Timestamp('2007-04-01 20:56:18'), 'mag': 5.5}, {'lat': -7.027, 'long': 156.179, 'Time': Timestamp('2007-04-01 21:02:37'), 'mag': 5.2}, {'lat': -7.746, 'long': 157.108, 'Time': Timestamp('2007-04-01 21:07:50'), 'mag': 5.4}, {'lat': -7.306, 'long': 155.741, 'Time': Timestamp('2007-04-01 21:11:33'), 'mag': 6.9}, {'lat': -7.303, 'long': 155.682, 'Time': Timestamp('2007-04-01 21:15:22'), 'mag': 6.0}, {'lat': -8.522, 'long': 156.737, 'Time': Timestamp('2007-04-01 21:18:22'), 'mag': 5.8}, {'lat': -8.652, 'long': 156.986, 'Time': Timestamp('2007-04-01 21:25:08'), 'mag': 5.4}, {'lat': -7.265, 'long': 155.409, 'Time': Timestamp('2007-04-01 21:26:26'), 'mag': 5.6}, {'lat': -7.204, 'long': 155.691, 'Time': Timestamp('2007-04-01 21:30:16'), 'mag': 5.3}, {'lat': -7.298, 'long': 156.075, 'Time': Timestamp('2007-04-01 21:31:00'), 'mag': 5.2}, {'lat': -7.316, 'long': 155.818, 'Time': Timestamp('2007-04-01 21:42:12'), 'mag': 5.2}, {'lat': -7.316, 'long': 155.619, 'Time': Timestamp('2007-04-01 21:43:20'), 'mag': 5.4}, {'lat': -7.328, 'long': 155.645, 'Time': Timestamp('2007-04-01 21:45:37'), 'mag': 5.7}, {'lat': -7.259, 'long': 155.743, 'Time': Timestamp('2007-04-01 21:48:08'), 'mag': 5.3}, {'lat': -7.244, 'long': 155.681, 'Time': Timestamp('2007-04-01 21:56:57'), 'mag': 5.4}, {'lat': -7.401, 'long': 155.453, 'Time': Timestamp('2007-04-01 22:29:53'), 'mag': 5.3}, {'lat': -7.727, 'long': 155.697, 'Time': Timestamp('2007-04-01 22:41:01'), 'mag': 5.1}, {'lat': -7.286, 'long': 155.407, 'Time': Timestamp('2007-04-01 22:42:00'), 'mag': 5.0}, {'lat': -7.178, 'long': 155.538, 'Time': Timestamp('2007-04-01 22:45:34'), 'mag': 5.0}, {'lat': -7.253, 'long': 156.006, 'Time': Timestamp('2007-04-01 22:50:15'), 'mag': 5.0}, {'lat': -7.532, 'long': 156.054, 'Time': Timestamp('2007-04-01 22:57:23'), 'mag': 5.7}, {'lat': -7.263, 'long': 155.704, 'Time': Timestamp('2007-04-01 23:09:38'), 'mag': 5.0}, {'lat': -7.401, 'long': 156.157, 'Time': Timestamp('2007-04-01 23:25:27'), 'mag': 5.2}, {'lat': -7.44, 'long': 155.975, 'Time': Timestamp('2007-04-01 23:28:06'), 'mag': 5.1}, {'lat': -7.504, 'long': 156.126, 'Time': Timestamp('2007-04-02 00:10:53'), 'mag': 5.1}, {'lat': -7.151, 'long': 155.543, 'Time': Timestamp('2007-04-02 00:49:46'), 'mag': 5.0}, {'lat': -8.326, 'long': 157.116, 'Time': Timestamp('2007-04-02 01:31:02'), 'mag': 5.4}, {'lat': -7.134, 'long': 155.408, 'Time': Timestamp('2007-04-02 01:36:15'), 'mag': 5.3}, {'lat': -7.2, 'long': 154.903, 'Time': Timestamp('2007-04-02 02:45:19'), 'mag': 5.0}, {'lat': -7.174, 'long': 156.051, 'Time': Timestamp('2007-04-02 04:11:39'), 'mag': 5.6}, {'lat': -7.641, 'long': 155.6, 'Time': Timestamp('2007-04-02 05:00:31'), 'mag': 5.0}, {'lat': -7.141, 'long': 155.658, 'Time': Timestamp('2007-04-02 05:30:45'), 'mag': 5.1}, {'lat': -7.356, 'long': 155.363, 'Time': Timestamp('2007-04-02 05:33:35'), 'mag': 5.9}, {'lat': -7.53, 'long': 156.188, 'Time': Timestamp('2007-04-02 07:16:32'), 'mag': 5.2}, {'lat': -7.225, 'long': 156.243, 'Time': Timestamp('2007-04-02 10:49:17'), 'mag': 6.1}, {'lat': -8.706, 'long': 157.62, 'Time': Timestamp('2007-04-02 12:02:23'), 'mag': 6.2}, {'lat': -8.748, 'long': 157.64, 'Time': Timestamp('2007-04-02 12:35:26'), 'mag': 5.6}, {'lat': -8.686, 'long': 157.738, 'Time': Timestamp('2007-04-02 12:44:59'), 'mag': 5.0}, {'lat': -7.848, 'long': 156.475, 'Time': Timestamp('2007-04-02 13:49:55'), 'mag': 5.6}, {'lat': -8.55, 'long': 157.528, 'Time': Timestamp('2007-04-02 13:53:07'), 'mag': 5.6}, {'lat': -8.582, 'long': 157.676, 'Time': Timestamp('2007-04-02 14:20:49'), 'mag': 5.0}, {'lat': -7.805, 'long': 155.778, 'Time': Timestamp('2007-04-02 15:40:02'), 'mag': 5.1}, {'lat': -8.644, 'long': 157.758, 'Time': Timestamp('2007-04-02 16:08:20'), 'mag': 5.0}, {'lat': -7.807, 'long': 156.555, 'Time': Timestamp('2007-04-02 18:17:43'), 'mag': 5.1}, {'lat': -7.759, 'long': 155.695, 'Time': Timestamp('2007-04-02 22:10:09'), 'mag': 5.0}, {'lat': -7.681, 'long': 155.618, 'Time': Timestamp('2007-04-02 22:41:07'), 'mag': 5.0}, {'lat': -9.706, 'long': 154.663, 'Time': Timestamp('2007-04-02 22:49:53'), 'mag': 5.6}, {'lat': -8.617, 'long': 157.386, 'Time': Timestamp('2007-04-02 23:20:23'), 'mag': 6.2}, {'lat': -7.09, 'long': 155.491, 'Time': Timestamp('2007-04-02 23:31:13'), 'mag': 5.5}, {'lat': -9.742, 'long': 154.629, 'Time': Timestamp('2007-04-03 00:22:09'), 'mag': 5.5}, {'lat': -8.564, 'long': 157.509, 'Time': Timestamp('2007-04-03 00:24:56'), 'mag': 5.0}, {'lat': -7.028, 'long': 155.242, 'Time': Timestamp('2007-04-03 00:28:39'), 'mag': 5.6}, {'lat': -7.083, 'long': 155.245, 'Time': Timestamp('2007-04-03 00:29:12'), 'mag': 5.4}, {'lat': -8.628, 'long': 157.668, 'Time': Timestamp('2007-04-03 00:54:02'), 'mag': 5.1}, {'lat': -8.466, 'long': 157.043, 'Time': Timestamp('2007-04-01 20:39:58'), 'mag': 8.1}, {'lat': -9.505, 'long': 156.934, 'Time': Timestamp('2007-04-01 20:46:19'), 'mag': 6.1}, {'lat': -7.169, 'long': 155.777, 'Time': Timestamp('2007-04-01 20:47:31'), 'mag': 6.6}, {'lat': -8.003, 'long': 156.193, 'Time': Timestamp('2007-04-01 20:54:57'), 'mag': 5.5}, {'lat': -7.368, 'long': 155.557, 'Time': Timestamp('2007-04-01 20:56:18'), 'mag': 5.5}, {'lat': -7.027, 'long': 156.179, 'Time': Timestamp('2007-04-01 21:02:37'), 'mag': 5.2}, {'lat': -7.746, 'long': 157.108, 'Time': Timestamp('2007-04-01 21:07:50'), 'mag': 5.4}, {'lat': -7.306, 'long': 155.741, 'Time': Timestamp('2007-04-01 21:11:33'), 'mag': 6.9}, {'lat': -7.303, 'long': 155.682, 'Time': Timestamp('2007-04-01 21:15:22'), 'mag': 6.0}, {'lat': -8.522, 'long': 156.737, 'Time': Timestamp('2007-04-01 21:18:22'), 'mag': 5.8}, {'lat': -8.652, 'long': 156.986, 'Time': Timestamp('2007-04-01 21:25:08'), 'mag': 5.4}, {'lat': -7.265, 'long': 155.409, 'Time': Timestamp('2007-04-01 21:26:26'), 'mag': 5.6}, {'lat': -7.204, 'long': 155.691, 'Time': Timestamp('2007-04-01 21:30:16'), 'mag': 5.3}, {'lat': -7.298, 'long': 156.075, 'Time': Timestamp('2007-04-01 21:31:00'), 'mag': 5.2}, {'lat': -7.316, 'long': 155.818, 'Time': Timestamp('2007-04-01 21:42:12'), 'mag': 5.2}, {'lat': -7.316, 'long': 155.619, 'Time': Timestamp('2007-04-01 21:43:20'), 'mag': 5.4}, {'lat': -7.328, 'long': 155.645, 'Time': Timestamp('2007-04-01 21:45:37'), 'mag': 5.7}, {'lat': -7.259, 'long': 155.743, 'Time': Timestamp('2007-04-01 21:48:08'), 'mag': 5.3}, {'lat': -7.244, 'long': 155.681, 'Time': Timestamp('2007-04-01 21:56:57'), 'mag': 5.4}, {'lat': -7.401, 'long': 155.453, 'Time': Timestamp('2007-04-01 22:29:53'), 'mag': 5.3}, {'lat': -7.727, 'long': 155.697, 'Time': Timestamp('2007-04-01 22:41:01'), 'mag': 5.1}, {'lat': -7.286, 'long': 155.407, 'Time': Timestamp('2007-04-01 22:42:00'), 'mag': 5.0}, {'lat': -7.178, 'long': 155.538, 'Time': Timestamp('2007-04-01 22:45:34'), 'mag': 5.0}, {'lat': -7.253, 'long': 156.006, 'Time': Timestamp('2007-04-01 22:50:15'), 'mag': 5.0}, {'lat': -7.532, 'long': 156.054, 'Time': Timestamp('2007-04-01 22:57:23'), 'mag': 5.7}, {'lat': -7.263, 'long': 155.704, 'Time': Timestamp('2007-04-01 23:09:38'), 'mag': 5.0}, {'lat': -7.401, 'long': 156.157, 'Time': Timestamp('2007-04-01 23:25:27'), 'mag': 5.2}, {'lat': -7.44, 'long': 155.975, 'Time': Timestamp('2007-04-01 23:28:06'), 'mag': 5.1}, {'lat': -7.504, 'long': 156.126, 'Time': Timestamp('2007-04-02 00:10:53'), 'mag': 5.1}, {'lat': -7.151, 'long': 155.543, 'Time': Timestamp('2007-04-02 00:49:46'), 'mag': 5.0}, {'lat': -8.326, 'long': 157.116, 'Time': Timestamp('2007-04-02 01:31:02'), 'mag': 5.4}, {'lat': -7.134, 'long': 155.408, 'Time': Timestamp('2007-04-02 01:36:15'), 'mag': 5.3}, {'lat': -7.2, 'long': 154.903, 'Time': Timestamp('2007-04-02 02:45:19'), 'mag': 5.0}, {'lat': -7.174, 'long': 156.051, 'Time': Timestamp('2007-04-02 04:11:39'), 'mag': 5.6}, {'lat': -7.641, 'long': 155.6, 'Time': Timestamp('2007-04-02 05:00:31'), 'mag': 5.0}, {'lat': -7.141, 'long': 155.658, 'Time': Timestamp('2007-04-02 05:30:45'), 'mag': 5.1}, {'lat': -7.356, 'long': 155.363, 'Time': Timestamp('2007-04-02 05:33:35'), 'mag': 5.9}, {'lat': -7.53, 'long': 156.188, 'Time': Timestamp('2007-04-02 07:16:32'), 'mag': 5.2}, {'lat': -7.225, 'long': 156.243, 'Time': Timestamp('2007-04-02 10:49:17'), 'mag': 6.1}, {'lat': -8.706, 'long': 157.62, 'Time': Timestamp('2007-04-02 12:02:23'), 'mag': 6.2}, {'lat': -8.748, 'long': 157.64, 'Time': Timestamp('2007-04-02 12:35:26'), 'mag': 5.6}, {'lat': -8.686, 'long': 157.738, 'Time': Timestamp('2007-04-02 12:44:59'), 'mag': 5.0}, {'lat': -7.848, 'long': 156.475, 'Time': Timestamp('2007-04-02 13:49:55'), 'mag': 5.6}, {'lat': -8.55, 'long': 157.528, 'Time': Timestamp('2007-04-02 13:53:07'), 'mag': 5.6}, {'lat': -8.582, 'long': 157.676, 'Time': Timestamp('2007-04-02 14:20:49'), 'mag': 5.0}, {'lat': -7.805, 'long': 155.778, 'Time': Timestamp('2007-04-02 15:40:02'), 'mag': 5.1}, {'lat': -8.644, 'long': 157.758, 'Time': Timestamp('2007-04-02 16:08:20'), 'mag': 5.0}, {'lat': -7.807, 'long': 156.555, 'Time': Timestamp('2007-04-02 18:17:43'), 'mag': 5.1}, {'lat': -7.759, 'long': 155.695, 'Time': Timestamp('2007-04-02 22:10:09'), 'mag': 5.0}, {'lat': -7.681, 'long': 155.618, 'Time': Timestamp('2007-04-02 22:41:07'), 'mag': 5.0}, {'lat': -9.706, 'long': 154.663, 'Time': Timestamp('2007-04-02 22:49:53'), 'mag': 5.6}, {'lat': -8.617, 'long': 157.386, 'Time': Timestamp('2007-04-02 23:20:23'), 'mag': 6.2}, {'lat': -7.09, 'long': 155.491, 'Time': Timestamp('2007-04-02 23:31:13'), 'mag': 5.5}, {'lat': -9.742, 'long': 154.629, 'Time': Timestamp('2007-04-03 00:22:09'), 'mag': 5.5}, {'lat': -8.564, 'long': 157.509, 'Time': Timestamp('2007-04-03 00:24:56'), 'mag': 5.0}, {'lat': -7.028, 'long': 155.242, 'Time': Timestamp('2007-04-03 00:28:39'), 'mag': 5.6}, {'lat': -7.083, 'long': 155.245, 'Time': Timestamp('2007-04-03 00:29:12'), 'mag': 5.4}, {'lat': -8.628, 'long': 157.668, 'Time': Timestamp('2007-04-03 00:54:02'), 'mag': 5.1}, {'lat': -8.466, 'long': 157.043, 'Time': Timestamp('2007-04-01 20:39:58'), 'mag': 8.1}, {'lat': -9.505, 'long': 156.934, 'Time': Timestamp('2007-04-01 20:46:19'), 'mag': 6.1}, {'lat': -7.169, 'long': 155.777, 'Time': Timestamp('2007-04-01 20:47:31'), 'mag': 6.6}, {'lat': -8.003, 'long': 156.193, 'Time': Timestamp('2007-04-01 20:54:57'), 'mag': 5.5}, {'lat': -7.368, 'long': 155.557, 'Time': Timestamp('2007-04-01 20:56:18'), 'mag': 5.5}, {'lat': -7.027, 'long': 156.179, 'Time': Timestamp('2007-04-01 21:02:37'), 'mag': 5.2}, {'lat': -7.746, 'long': 157.108, 'Time': Timestamp('2007-04-01 21:07:50'), 'mag': 5.4}, {'lat': -7.306, 'long': 155.741, 'Time': Timestamp('2007-04-01 21:11:33'), 'mag': 6.9}, {'lat': -7.303, 'long': 155.682, 'Time': Timestamp('2007-04-01 21:15:22'), 'mag': 6.0}, {'lat': -8.522, 'long': 156.737, 'Time': Timestamp('2007-04-01 21:18:22'), 'mag': 5.8}, {'lat': -8.652, 'long': 156.986, 'Time': Timestamp('2007-04-01 21:25:08'), 'mag': 5.4}, {'lat': -7.265, 'long': 155.409, 'Time': Timestamp('2007-04-01 21:26:26'), 'mag': 5.6}, {'lat': -7.204, 'long': 155.691, 'Time': Timestamp('2007-04-01 21:30:16'), 'mag': 5.3}, {'lat': -7.298, 'long': 156.075, 'Time': Timestamp('2007-04-01 21:31:00'), 'mag': 5.2}, {'lat': -7.316, 'long': 155.818, 'Time': Timestamp('2007-04-01 21:42:12'), 'mag': 5.2}, {'lat': -7.316, 'long': 155.619, 'Time': Timestamp('2007-04-01 21:43:20'), 'mag': 5.4}, {'lat': -7.328, 'long': 155.645, 'Time': Timestamp('2007-04-01 21:45:37'), 'mag': 5.7}, {'lat': -7.259, 'long': 155.743, 'Time': Timestamp('2007-04-01 21:48:08'), 'mag': 5.3}, {'lat': -7.244, 'long': 155.681, 'Time': Timestamp('2007-04-01 21:56:57'), 'mag': 5.4}, {'lat': -7.401, 'long': 155.453, 'Time': Timestamp('2007-04-01 22:29:53'), 'mag': 5.3}, {'lat': -7.727, 'long': 155.697, 'Time': Timestamp('2007-04-01 22:41:01'), 'mag': 5.1}, {'lat': -7.286, 'long': 155.407, 'Time': Timestamp('2007-04-01 22:42:00'), 'mag': 5.0}, {'lat': -7.178, 'long': 155.538, 'Time': Timestamp('2007-04-01 22:45:34'), 'mag': 5.0}, {'lat': -7.253, 'long': 156.006, 'Time': Timestamp('2007-04-01 22:50:15'), 'mag': 5.0}, {'lat': -7.532, 'long': 156.054, 'Time': Timestamp('2007-04-01 22:57:23'), 'mag': 5.7}, {'lat': -7.263, 'long': 155.704, 'Time': Timestamp('2007-04-01 23:09:38'), 'mag': 5.0}, {'lat': -7.401, 'long': 156.157, 'Time': Timestamp('2007-04-01 23:25:27'), 'mag': 5.2}, {'lat': -7.44, 'long': 155.975, 'Time': Timestamp('2007-04-01 23:28:06'), 'mag': 5.1}, {'lat': -7.504, 'long': 156.126, 'Time': Timestamp('2007-04-02 00:10:53'), 'mag': 5.1}, {'lat': -7.151, 'long': 155.543, 'Time': Timestamp('2007-04-02 00:49:46'), 'mag': 5.0}, {'lat': -8.326, 'long': 157.116, 'Time': Timestamp('2007-04-02 01:31:02'), 'mag': 5.4}, {'lat': -7.134, 'long': 155.408, 'Time': Timestamp('2007-04-02 01:36:15'), 'mag': 5.3}, {'lat': -7.2, 'long': 154.903, 'Time': Timestamp('2007-04-02 02:45:19'), 'mag': 5.0}, {'lat': -7.174, 'long': 156.051, 'Time': Timestamp('2007-04-02 04:11:39'), 'mag': 5.6}, {'lat': -7.641, 'long': 155.6, 'Time': Timestamp('2007-04-02 05:00:31'), 'mag': 5.0}, {'lat': -7.141, 'long': 155.658, 'Time': Timestamp('2007-04-02 05:30:45'), 'mag': 5.1}, {'lat': -7.356, 'long': 155.363, 'Time': Timestamp('2007-04-02 05:33:35'), 'mag': 5.9}, {'lat': -7.53, 'long': 156.188, 'Time': Timestamp('2007-04-02 07:16:32'), 'mag': 5.2}, {'lat': -7.225, 'long': 156.243, 'Time': Timestamp('2007-04-02 10:49:17'), 'mag': 6.1}, {'lat': -8.706, 'long': 157.62, 'Time': Timestamp('2007-04-02 12:02:23'), 'mag': 6.2}, {'lat': -8.748, 'long': 157.64, 'Time': Timestamp('2007-04-02 12:35:26'), 'mag': 5.6}, {'lat': -8.686, 'long': 157.738, 'Time': Timestamp('2007-04-02 12:44:59'), 'mag': 5.0}, {'lat': -7.848, 'long': 156.475, 'Time': Timestamp('2007-04-02 13:49:55'), 'mag': 5.6}, {'lat': -8.55, 'long': 157.528, 'Time': Timestamp('2007-04-02 13:53:07'), 'mag': 5.6}, {'lat': -8.582, 'long': 157.676, 'Time': Timestamp('2007-04-02 14:20:49'), 'mag': 5.0}, {'lat': -7.805, 'long': 155.778, 'Time': Timestamp('2007-04-02 15:40:02'), 'mag': 5.1}, {'lat': -8.644, 'long': 157.758, 'Time': Timestamp('2007-04-02 16:08:20'), 'mag': 5.0}, {'lat': -7.807, 'long': 156.555, 'Time': Timestamp('2007-04-02 18:17:43'), 'mag': 5.1}, {'lat': -7.759, 'long': 155.695, 'Time': Timestamp('2007-04-02 22:10:09'), 'mag': 5.0}, {'lat': -7.681, 'long': 155.618, 'Time': Timestamp('2007-04-02 22:41:07'), 'mag': 5.0}, {'lat': -9.706, 'long': 154.663, 'Time': Timestamp('2007-04-02 22:49:53'), 'mag': 5.6}, {'lat': -8.617, 'long': 157.386, 'Time': Timestamp('2007-04-02 23:20:23'), 'mag': 6.2}, {'lat': -7.09, 'long': 155.491, 'Time': Timestamp('2007-04-02 23:31:13'), 'mag': 5.5}, {'lat': -9.742, 'long': 154.629, 'Time': Timestamp('2007-04-03 00:22:09'), 'mag': 5.5}, {'lat': -8.564, 'long': 157.509, 'Time': Timestamp('2007-04-03 00:24:56'), 'mag': 5.0}, {'lat': -7.028, 'long': 155.242, 'Time': Timestamp('2007-04-03 00:28:39'), 'mag': 5.6}, {'lat': -7.083, 'long': 155.245, 'Time': Timestamp('2007-04-03 00:29:12'), 'mag': 5.4}, {'lat': -8.628, 'long': 157.668, 'Time': Timestamp('2007-04-03 00:54:02'), 'mag': 5.1}, {'lat': 44.305, 'long': 149.167, 'Time': Timestamp('2007-04-02 06:58:51'), 'mag': 5.1}, {'lat': 44.202, 'long': 149.172, 'Time': Timestamp('2007-04-02 12:19:22'), 'mag': 5.3}, {'lat': 32.349, 'long': 137.607, 'Time': Timestamp('2007-04-01 02:51:05'), 'mag': 5.7}, {'lat': 44.305, 'long': 149.167, 'Time': Timestamp('2007-04-02 06:58:51'), 'mag': 5.1}, {'lat': 44.202, 'long': 149.172, 'Time': Timestamp('2007-04-02 12:19:22'), 'mag': 5.3}, {'lat': 32.349, 'long': 137.607, 'Time': Timestamp('2007-04-01 02:51:05'), 'mag': 5.7}, {'lat': 32.349, 'long': 137.607, 'Time': Timestamp('2007-04-01 02:51:05'), 'mag': 5.7}, {'lat': 1.409, 'long': 125.763, 'Time': Timestamp('2007-04-02 19:42:56'), 'mag': 5.5}, {'lat': 1.409, 'long': 125.763, 'Time': Timestamp('2007-04-02 19:42:56'), 'mag': 5.5}, {'lat': 1.409, 'long': 125.763, 'Time': Timestamp('2007-04-02 19:42:56'), 'mag': 5.5}]",184,21
342,2007-03-24 06:25:21.035,1,"[{'lat': -42.625, 'long': 42.035, 'Time': Timestamp('2007-03-24 07:39:38'), 'mag': 5.4}, {'lat': -42.625, 'long': 42.035, 'Time': Timestamp('2007-03-24 07:39:38'), 'mag': 5.4}]",2,13
343,2007-03-28 09:40:22.204,1,"[{'lat': -6.268, 'long': 29.673, 'Time': Timestamp('2007-03-28 21:17:10'), 'mag': 5.8}, {'lat': -6.268, 'long': 29.673, 'Time': Timestamp('2007-03-28 21:17:10'), 'mag': 5.8}, {'lat': -6.268, 'long': 29.673, 'Time': Timestamp('2007-03-28 21:17:10'), 'mag': 5.8}]",3,17
344,2007-03-18 12:59:52.504,0,[],0,7
345,2007-04-06 16:17:23.975,1,"[{'lat': -17.494, 'long': -72.623, 'Time': Timestamp('2007-04-08 11:51:15'), 'mag': 5.1}, {'lat': -17.422, 'long': -72.735, 'Time': Timestamp('2007-04-08 13:28:17'), 'mag': 5.1}, {'lat': -17.494, 'long': -72.623, 'Time': Timestamp('2007-04-08 11:51:15'), 'mag': 5.1}, {'lat': -17.422, 'long': -72.735, 'Time': Timestamp('2007-04-08 13:28:17'), 'mag': 5.1}, {'lat': -41.75, 'long': -89.75, 'Time': Timestamp('2007-04-07 23:46:08'), 'mag': 5.1}, {'lat': -40.525, 'long': -89.898, 'Time': Timestamp('2007-04-07 23:46:16'), 'mag': 5.1}, {'lat': -41.75, 'long': -89.75, 'Time': Timestamp('2007-04-07 23:46:08'), 'mag': 5.1}, {'lat': -40.525, 'long': -89.898, 'Time': Timestamp('2007-04-07 23:46:16'), 'mag': 5.1}]",8,26
346,2007-03-17 19:32:18.716,0,[],0,6
347,2007-04-02 22:46:18.423,1,"[{'lat': -20.633, 'long': 168.994, 'Time': Timestamp('2007-04-03 20:26:09'), 'mag': 6.2}, {'lat': -20.715, 'long': 168.828, 'Time': Timestamp('2007-04-04 11:00:27'), 'mag': 6.2}, {'lat': -20.688, 'long': 169.056, 'Time': Timestamp('2007-04-04 11:02:29'), 'mag': 6.5}, {'lat': -20.683, 'long': 168.848, 'Time': Timestamp('2007-04-04 13:36:24'), 'mag': 5.0}, {'lat': -20.649, 'long': 168.817, 'Time': Timestamp('2007-04-04 16:38:42'), 'mag': 5.0}, {'lat': -20.633, 'long': 168.994, 'Time': Timestamp('2007-04-03 20:26:09'), 'mag': 6.2}, {'lat': -20.715, 'long': 168.828, 'Time': Timestamp('2007-04-04 11:00:27'), 'mag': 6.2}, {'lat': -20.688, 'long': 169.056, 'Time': Timestamp('2007-04-04 11:02:29'), 'mag': 6.5}, {'lat': -20.683, 'long': 168.848, 'Time': Timestamp('2007-04-04 13:36:24'), 'mag': 5.0}, {'lat': -20.649, 'long': 168.817, 'Time': Timestamp('2007-04-04 16:38:42'), 'mag': 5.0}, {'lat': -20.633, 'long': 168.994, 'Time': Timestamp('2007-04-03 20:26:09'), 'mag': 6.2}, {'lat': -20.715, 'long': 168.828, 'Time': Timestamp('2007-04-04 11:00:27'), 'mag': 6.2}, {'lat': -20.688, 'long': 169.056, 'Time': Timestamp('2007-04-04 11:02:29'), 'mag': 6.5}, {'lat': -20.683, 'long': 168.848, 'Time': Timestamp('2007-04-04 13:36:24'), 'mag': 5.0}, {'lat': -20.649, 'long': 168.817, 'Time': Timestamp('2007-04-04 16:38:42'), 'mag': 5.0}, {'lat': -62.907, 'long': 167.975, 'Time': Timestamp('2007-04-03 13:49:15'), 'mag': 5.4}]",16,22
348,2007-03-26 08:34:27.222,0,[],0,14
349,2007-03-25 11:51:22.878,1,"[{'lat': 38.34, 'long': 20.42, 'Time': Timestamp('2007-03-25 13:57:58'), 'mag': 5.7}, {'lat': 38.34, 'long': 20.42, 'Time': Timestamp('2007-03-25 13:57:58'), 'mag': 5.7}, {'lat': 38.34, 'long': 20.42, 'Time': Timestamp('2007-03-25 13:57:58'), 'mag': 5.7}]",3,13
350,2007-04-01 15:09:49.796,1,"[{'lat': -45.382, 'long': -73.058, 'Time': Timestamp('2007-04-02 02:49:35'), 'mag': 6.1}, {'lat': -45.382, 'long': -73.058, 'Time': Timestamp('2007-04-02 02:49:35'), 'mag': 6.1}, {'lat': -45.382, 'long': -73.058, 'Time': Timestamp('2007-04-02 02:49:35'), 'mag': 6.1}]",3,20
351,2007-03-19 18:25:52.986,0,[],0,7
352,2007-03-25 11:45:23.102,1,"[{'lat': 38.34, 'long': 20.42, 'Time': Timestamp('2007-03-25 13:57:58'), 'mag': 5.7}, {'lat': 38.34, 'long': 20.42, 'Time': Timestamp('2007-03-25 13:57:58'), 'mag': 5.7}, {'lat': 38.34, 'long': 20.42, 'Time': Timestamp('2007-03-25 13:57:58'), 'mag': 5.7}]",3,10
353,2007-03-29 15:03:45.924,1,"[{'lat': -24.308, 'long': -67.472, 'Time': Timestamp('2007-03-30 19:34:05'), 'mag': 5.0}, {'lat': -31.604, 'long': -71.708, 'Time': Timestamp('2007-03-29 17:09:07'), 'mag': 5.8}, {'lat': -31.566, 'long': -72.075, 'Time': Timestamp('2007-03-29 17:46:20'), 'mag': 5.3}, {'lat': -31.582, 'long': -71.901, 'Time': Timestamp('2007-03-29 18:31:58'), 'mag': 5.0}, {'lat': -24.308, 'long': -67.472, 'Time': Timestamp('2007-03-30 19:34:05'), 'mag': 5.0}, {'lat': -31.604, 'long': -71.708, 'Time': Timestamp('2007-03-29 17:09:07'), 'mag': 5.8}, {'lat': -31.566, 'long': -72.075, 'Time': Timestamp('2007-03-29 17:46:20'), 'mag': 5.3}, {'lat': -31.582, 'long': -71.901, 'Time': Timestamp('2007-03-29 18:31:58'), 'mag': 5.0}, {'lat': -24.308, 'long': -67.472, 'Time': Timestamp('2007-03-30 19:34:05'), 'mag': 5.0}, {'lat': -31.604, 'long': -71.708, 'Time': Timestamp('2007-03-29 17:09:07'), 'mag': 5.8}, {'lat': -31.566, 'long': -72.075, 'Time': Timestamp('2007-03-29 17:46:20'), 'mag': 5.3}, {'lat': -31.582, 'long': -71.901, 'Time': Timestamp('2007-03-29 18:31:58'), 'mag': 5.0}]",12,14
354,2007-04-10 18:19:23.210,0,[],0,26
355,2007-04-11 21:33:23.262,1,"[{'lat': -15.364, 'long': -173.538, 'Time': Timestamp('2007-04-12 08:06:16'), 'mag': 5.0}, {'lat': -15.364, 'long': -173.538, 'Time': Timestamp('2007-04-12 08:06:16'), 'mag': 5.0}, {'lat': -16.083, 'long': -178.877, 'Time': Timestamp('2007-04-13 01:50:27'), 'mag': 5.2}, {'lat': -15.364, 'long': -173.538, 'Time': Timestamp('2007-04-12 08:06:16'), 'mag': 5.0}, {'lat': -26.739, 'long': -177.831, 'Time': Timestamp('2007-04-12 09:26:54'), 'mag': 5.0}, {'lat': -30.415, 'long': -177.619, 'Time': Timestamp('2007-04-12 12:01:41'), 'mag': 5.0}, {'lat': -16.083, 'long': -178.877, 'Time': Timestamp('2007-04-13 01:50:27'), 'mag': 5.2}, {'lat': -26.739, 'long': -177.831, 'Time': Timestamp('2007-04-12 09:26:54'), 'mag': 5.0}, {'lat': -30.415, 'long': -177.619, 'Time': Timestamp('2007-04-12 12:01:41'), 'mag': 5.0}, {'lat': -26.739, 'long': -177.831, 'Time': Timestamp('2007-04-12 09:26:54'), 'mag': 5.0}, {'lat': -30.415, 'long': -177.619, 'Time': Timestamp('2007-04-12 12:01:41'), 'mag': 5.0}]",11,27
356,2007-04-08 00:47:15.313,1,"[{'lat': -6.834, 'long': 155.816, 'Time': Timestamp('2007-04-09 00:58:18'), 'mag': 5.4}, {'lat': 49.281, 'long': 155.464, 'Time': Timestamp('2007-04-08 03:21:58'), 'mag': 5.0}, {'lat': 48.304, 'long': 154.695, 'Time': Timestamp('2007-04-09 10:18:04'), 'mag': 5.8}, {'lat': 49.281, 'long': 155.464, 'Time': Timestamp('2007-04-08 03:21:58'), 'mag': 5.0}, {'lat': 48.304, 'long': 154.695, 'Time': Timestamp('2007-04-09 10:18:04'), 'mag': 5.8}, {'lat': 48.304, 'long': 154.695, 'Time': Timestamp('2007-04-09 10:18:04'), 'mag': 5.8}, {'lat': -6.834, 'long': 155.816, 'Time': Timestamp('2007-04-09 00:58:18'), 'mag': 5.4}]",7,23
357,2007-04-15 10:36:53.342,0,[],0,30
358,2007-04-04 13:55:53.530,1,"[{'lat': 37.306, 'long': -24.621, 'Time': Timestamp('2007-04-05 03:56:50'), 'mag': 6.3}, {'lat': 37.306, 'long': -24.621, 'Time': Timestamp('2007-04-05 03:56:50'), 'mag': 6.3}, {'lat': 37.306, 'long': -24.621, 'Time': Timestamp('2007-04-05 03:56:50'), 'mag': 6.3}]",3,19
359,2007-04-11 17:12:23.584,1,"[{'lat': -18.655, 'long': -69.368, 'Time': Timestamp('2007-04-12 02:59:06'), 'mag': 5.2}, {'lat': -18.655, 'long': -69.368, 'Time': Timestamp('2007-04-12 02:59:06'), 'mag': 5.2}, {'lat': 17.302, 'long': -100.198, 'Time': Timestamp('2007-04-13 05:42:23'), 'mag': 6.0}, {'lat': 17.135, 'long': -100.31, 'Time': Timestamp('2007-04-13 08:43:47'), 'mag': 5.3}, {'lat': 18.177, 'long': -102.735, 'Time': Timestamp('2007-04-13 14:42:26'), 'mag': 5.0}, {'lat': 17.302, 'long': -100.198, 'Time': Timestamp('2007-04-13 05:42:23'), 'mag': 6.0}, {'lat': 17.135, 'long': -100.31, 'Time': Timestamp('2007-04-13 08:43:47'), 'mag': 5.3}, {'lat': 18.177, 'long': -102.735, 'Time': Timestamp('2007-04-13 14:42:26'), 'mag': 5.0}, {'lat': 17.302, 'long': -100.198, 'Time': Timestamp('2007-04-13 05:42:23'), 'mag': 6.0}, {'lat': 17.135, 'long': -100.31, 'Time': Timestamp('2007-04-13 08:43:47'), 'mag': 5.3}]",10,26
360,2007-03-25 20:26:53.637,0,[],0,9
361,2007-04-07 11:07:50.975,0,[],0,21
362,2007-04-14 14:26:49.245,0,[],0,28
363,2007-03-24 17:42:53.985,0,[],0,7
364,2007-03-28 20:57:24.038,0,[],0,11
365,2007-04-07 00:10:53.091,1,"[{'lat': -20.833, 'long': 168.677, 'Time': Timestamp('2007-04-07 08:30:10'), 'mag': 5.2}, {'lat': -20.833, 'long': 168.677, 'Time': Timestamp('2007-04-07 08:30:10'), 'mag': 5.2}, {'lat': 49.281, 'long': 155.464, 'Time': Timestamp('2007-04-08 03:21:58'), 'mag': 5.0}]",3,20
366,2007-04-05 08:21:54.855,1,"[{'lat': -21.187, 'long': 55.658, 'Time': Timestamp('2007-04-05 20:48:53'), 'mag': 5.3}, {'lat': -21.187, 'long': 55.658, 'Time': Timestamp('2007-04-05 20:48:53'), 'mag': 5.3}, {'lat': -21.187, 'long': 55.658, 'Time': Timestamp('2007-04-05 20:48:53'), 'mag': 5.3}, {'lat': -39.787, 'long': 46.178, 'Time': Timestamp('2007-04-07 05:20:49'), 'mag': 5.9}, {'lat': -39.787, 'long': 46.178, 'Time': Timestamp('2007-04-07 05:20:49'), 'mag': 5.9}, {'lat': -39.787, 'long': 46.178, 'Time': Timestamp('2007-04-07 05:20:49'), 'mag': 5.9}]",6,18
367,2007-04-17 11:38:52.152,0,[],0,30
368,2007-04-16 14:57:20.197,1,"[{'lat': -24.082, 'long': -66.626, 'Time': Timestamp('2007-04-18 01:08:08'), 'mag': 5.6}, {'lat': -24.082, 'long': -66.626, 'Time': Timestamp('2007-04-18 01:08:08'), 'mag': 5.6}]",2,29
369,2007-04-10 18:13:23.386,0,[],0,23
370,2007-04-10 21:27:23.439,1,"[{'lat': -14.791, 'long': -173.458, 'Time': Timestamp('2007-04-11 12:41:45'), 'mag': 5.5}, {'lat': -15.364, 'long': -173.538, 'Time': Timestamp('2007-04-12 08:06:16'), 'mag': 5.0}, {'lat': -14.791, 'long': -173.458, 'Time': Timestamp('2007-04-11 12:41:45'), 'mag': 5.5}, {'lat': -15.364, 'long': -173.538, 'Time': Timestamp('2007-04-12 08:06:16'), 'mag': 5.0}, {'lat': -14.791, 'long': -173.458, 'Time': Timestamp('2007-04-11 12:41:45'), 'mag': 5.5}, {'lat': -15.364, 'long': -173.538, 'Time': Timestamp('2007-04-12 08:06:16'), 'mag': 5.0}, {'lat': -26.739, 'long': -177.831, 'Time': Timestamp('2007-04-12 09:26:54'), 'mag': 5.0}, {'lat': -30.415, 'long': -177.619, 'Time': Timestamp('2007-04-12 12:01:41'), 'mag': 5.0}, {'lat': -26.739, 'long': -177.831, 'Time': Timestamp('2007-04-12 09:26:54'), 'mag': 5.0}, {'lat': -30.415, 'long': -177.619, 'Time': Timestamp('2007-04-12 12:01:41'), 'mag': 5.0}, {'lat': -26.739, 'long': -177.831, 'Time': Timestamp('2007-04-12 09:26:54'), 'mag': 5.0}, {'lat': -30.415, 'long': -177.619, 'Time': Timestamp('2007-04-12 12:01:41'), 'mag': 5.0}]",12,23
371,2007-04-16 00:41:18.258,1,"[{'lat': -58.015, 'long': 147.964, 'Time': Timestamp('2007-04-16 13:20:38'), 'mag': 6.4}, {'lat': 27.457, 'long': 141.513, 'Time': Timestamp('2007-04-16 00:55:04'), 'mag': 5.1}, {'lat': -4.475, 'long': 152.233, 'Time': Timestamp('2007-04-17 06:20:12'), 'mag': 5.2}, {'lat': -4.475, 'long': 152.233, 'Time': Timestamp('2007-04-17 06:20:12'), 'mag': 5.2}, {'lat': -4.475, 'long': 152.233, 'Time': Timestamp('2007-04-17 06:20:12'), 'mag': 5.2}]",5,28
372,2007-04-06 15:28:20.645,1,"[{'lat': -17.494, 'long': -72.623, 'Time': Timestamp('2007-04-08 11:51:15'), 'mag': 5.1}, {'lat': -17.422, 'long': -72.735, 'Time': Timestamp('2007-04-08 13:28:17'), 'mag': 5.1}, {'lat': -17.494, 'long': -72.623, 'Time': Timestamp('2007-04-08 11:51:15'), 'mag': 5.1}, {'lat': -17.422, 'long': -72.735, 'Time': Timestamp('2007-04-08 13:28:17'), 'mag': 5.1}, {'lat': -17.494, 'long': -72.623, 'Time': Timestamp('2007-04-08 11:51:15'), 'mag': 5.1}, {'lat': -17.422, 'long': -72.735, 'Time': Timestamp('2007-04-08 13:28:17'), 'mag': 5.1}, {'lat': -41.75, 'long': -89.75, 'Time': Timestamp('2007-04-07 23:46:08'), 'mag': 5.1}, {'lat': -40.525, 'long': -89.898, 'Time': Timestamp('2007-04-07 23:46:16'), 'mag': 5.1}, {'lat': -41.75, 'long': -89.75, 'Time': Timestamp('2007-04-07 23:46:08'), 'mag': 5.1}, {'lat': -40.525, 'long': -89.898, 'Time': Timestamp('2007-04-07 23:46:16'), 'mag': 5.1}]",10,18
373,2007-04-11 01:11:51.474,1,"[{'lat': -14.582, 'long': 167.297, 'Time': Timestamp('2007-04-12 15:13:09'), 'mag': 5.2}, {'lat': -21.308, 'long': 169.156, 'Time': Timestamp('2007-04-11 16:26:36'), 'mag': 5.1}, {'lat': -21.506, 'long': 169.147, 'Time': Timestamp('2007-04-12 10:58:59'), 'mag': 5.3}, {'lat': -14.582, 'long': 167.297, 'Time': Timestamp('2007-04-12 15:13:09'), 'mag': 5.2}, {'lat': -21.308, 'long': 169.156, 'Time': Timestamp('2007-04-11 16:26:36'), 'mag': 5.1}, {'lat': -21.506, 'long': 169.147, 'Time': Timestamp('2007-04-12 10:58:59'), 'mag': 5.3}, {'lat': -14.582, 'long': 167.297, 'Time': Timestamp('2007-04-12 15:13:09'), 'mag': 5.2}, {'lat': -61.616, 'long': 160.46, 'Time': Timestamp('2007-04-12 19:11:12'), 'mag': 5.4}, {'lat': 46.453, 'long': 153.549, 'Time': Timestamp('2007-04-11 10:30:57'), 'mag': 5.3}, {'lat': 46.453, 'long': 153.549, 'Time': Timestamp('2007-04-11 10:30:57'), 'mag': 5.3}, {'lat': 46.453, 'long': 153.549, 'Time': Timestamp('2007-04-11 10:30:57'), 'mag': 5.3}]",11,22
374,2007-04-02 06:06:54.982,1,"[{'lat': 36.451, 'long': 70.688, 'Time': Timestamp('2007-04-03 03:35:07'), 'mag': 6.2}, {'lat': 36.451, 'long': 70.688, 'Time': Timestamp('2007-04-03 03:35:07'), 'mag': 6.2}, {'lat': 36.451, 'long': 70.688, 'Time': Timestamp('2007-04-03 03:35:07'), 'mag': 6.2}]",3,13
375,2007-04-02 09:21:51.061,0,[],0,13
376,2007-04-13 12:41:23.137,0,[],0,24
377,2007-04-14 15:58:49.944,1,"[{'lat': -36.75, 'long': -97.75, 'Time': Timestamp('2007-04-15 17:05:28'), 'mag': 5.1}, {'lat': -36.75, 'long': -97.75, 'Time': Timestamp('2007-04-15 17:05:28'), 'mag': 5.1}, {'lat': -36.75, 'long': -97.75, 'Time': Timestamp('2007-04-15 17:05:28'), 'mag': 5.1}]",3,25
378,2007-04-08 19:14:23.245,0,[],0,19
379,2007-03-25 22:27:50.050,1,"[{'lat': -61.905, 'long': 155.168, 'Time': Timestamp('2007-03-26 21:15:35'), 'mag': 5.3}]",1,5
380,2007-04-19 01:42:20.337,1,"[{'lat': -7.182, 'long': 155.162, 'Time': Timestamp('2007-04-20 00:39:18'), 'mag': 5.0}, {'lat': -7.182, 'long': 155.162, 'Time': Timestamp('2007-04-20 00:39:18'), 'mag': 5.0}, {'lat': -7.182, 'long': 155.162, 'Time': Timestamp('2007-04-20 00:39:18'), 'mag': 5.0}, {'lat': 27.471, 'long': 128.379, 'Time': Timestamp('2007-04-20 19:37:58'), 'mag': 5.7}, {'lat': 27.471, 'long': 128.379, 'Time': Timestamp('2007-04-20 19:37:58'), 'mag': 5.7}, {'lat': 25.722, 'long': 125.093, 'Time': Timestamp('2007-04-20 00:26:40'), 'mag': 6.1}, {'lat': 25.73, 'long': 125.148, 'Time': Timestamp('2007-04-20 00:30:59'), 'mag': 5.7}, {'lat': 25.71, 'long': 125.108, 'Time': Timestamp('2007-04-20 01:45:56'), 'mag': 6.3}, {'lat': 25.623, 'long': 125.043, 'Time': Timestamp('2007-04-20 02:23:34'), 'mag': 6.0}, {'lat': 25.701, 'long': 125.306, 'Time': Timestamp('2007-04-20 03:00:58'), 'mag': 5.3}, {'lat': 25.658, 'long': 125.319, 'Time': Timestamp('2007-04-20 03:28:54'), 'mag': 5.3}, {'lat': 25.683, 'long': 125.244, 'Time': Timestamp('2007-04-20 05:23:11'), 'mag': 5.5}, {'lat': 0.791, 'long': 125.804, 'Time': Timestamp('2007-04-19 09:05:08'), 'mag': 5.0}, {'lat': 0.791, 'long': 125.804, 'Time': Timestamp('2007-04-19 09:05:08'), 'mag': 5.0}, {'lat': -0.966, 'long': 127.063, 'Time': Timestamp('2007-04-20 01:19:09'), 'mag': 5.0}, {'lat': -0.14, 'long': 124.416, 'Time': Timestamp('2007-04-20 13:21:00'), 'mag': 5.1}, {'lat': 0.791, 'long': 125.804, 'Time': Timestamp('2007-04-19 09:05:08'), 'mag': 5.0}, {'lat': -0.966, 'long': 127.063, 'Time': Timestamp('2007-04-20 01:19:09'), 'mag': 5.0}, {'lat': -0.14, 'long': 124.416, 'Time': Timestamp('2007-04-20 13:21:00'), 'mag': 5.1}]",19,29
381,2007-04-08 04:59:22.936,1,"[{'lat': -1.317, 'long': 89.419, 'Time': Timestamp('2007-04-09 20:48:41'), 'mag': 5.0}, {'lat': -1.317, 'long': 89.419, 'Time': Timestamp('2007-04-09 20:48:41'), 'mag': 5.0}, {'lat': -1.317, 'long': 89.419, 'Time': Timestamp('2007-04-09 20:48:41'), 'mag': 5.0}]",3,18
382,2007-04-02 08:15:46.895,1,"[{'lat': 36.451, 'long': 70.688, 'Time': Timestamp('2007-04-03 03:35:07'), 'mag': 6.2}, {'lat': 36.451, 'long': 70.688, 'Time': Timestamp('2007-04-03 03:35:07'), 'mag': 6.2}, {'lat': 36.451, 'long': 70.688, 'Time': Timestamp('2007-04-03 03:35:07'), 'mag': 6.2}]",3,12
383,2007-04-11 11:32:50.952,0,[],0,21
384,2007-03-30 14:51:20.437,1,"[{'lat': -24.308, 'long': -67.472, 'Time': Timestamp('2007-03-30 19:34:05'), 'mag': 5.0}, {'lat': -24.308, 'long': -67.472, 'Time': Timestamp('2007-03-30 19:34:05'), 'mag': 5.0}, {'lat': -24.308, 'long': -67.472, 'Time': Timestamp('2007-03-30 19:34:05'), 'mag': 5.0}]",3,9
385,2007-04-02 18:07:23.626,0,[],0,12
386,2007-04-07 21:21:23.679,1,"[{'lat': -30.716, 'long': -178.599, 'Time': Timestamp('2007-04-08 15:11:30'), 'mag': 5.1}, {'lat': -20.073, 'long': -178.082, 'Time': Timestamp('2007-04-09 02:24:28'), 'mag': 5.9}, {'lat': -30.716, 'long': -178.599, 'Time': Timestamp('2007-04-08 15:11:30'), 'mag': 5.1}, {'lat': -20.073, 'long': -178.082, 'Time': Timestamp('2007-04-09 02:24:28'), 'mag': 5.9}, {'lat': -30.716, 'long': -178.599, 'Time': Timestamp('2007-04-08 15:11:30'), 'mag': 5.1}]",5,17
387,2007-04-21 00:35:19.826,1,"[{'lat': -13.838, 'long': 166.843, 'Time': Timestamp('2007-04-21 17:20:31'), 'mag': 6.1}, {'lat': -13.838, 'long': 166.843, 'Time': Timestamp('2007-04-21 17:20:31'), 'mag': 6.1}, {'lat': -23.415, 'long': 170.923, 'Time': Timestamp('2007-04-21 21:27:46'), 'mag': 5.0}, {'lat': -23.415, 'long': 170.923, 'Time': Timestamp('2007-04-21 21:27:46'), 'mag': 5.0}, {'lat': -23.415, 'long': 170.923, 'Time': Timestamp('2007-04-21 21:27:46'), 'mag': 5.0}, {'lat': -3.548, 'long': 151.266, 'Time': Timestamp('2007-04-21 07:12:48'), 'mag': 6.1}, {'lat': -6.418, 'long': 146.283, 'Time': Timestamp('2007-04-22 13:40:58'), 'mag': 5.0}, {'lat': -3.548, 'long': 151.266, 'Time': Timestamp('2007-04-21 07:12:48'), 'mag': 6.1}, {'lat': -6.418, 'long': 146.283, 'Time': Timestamp('2007-04-22 13:40:58'), 'mag': 5.0}, {'lat': -6.418, 'long': 146.283, 'Time': Timestamp('2007-04-22 13:40:58'), 'mag': 5.0}]",10,30
388,2007-04-20 05:29:56.000,1,"[{'lat': -2.958, 'long': 101.187, 'Time': Timestamp('2007-04-21 10:12:45'), 'mag': 5.0}, {'lat': -2.958, 'long': 101.187, 'Time': Timestamp('2007-04-21 10:12:45'), 'mag': 5.0}, {'lat': -2.958, 'long': 101.187, 'Time': Timestamp('2007-04-21 10:12:45'), 'mag': 5.0}]",3,29
389,2007-04-14 13:43:23.956,0,[],0,23
390,2007-04-20 17:00:26.197,1,"[{'lat': -3.741, 'long': -81.227, 'Time': Timestamp('2007-04-22 11:57:41'), 'mag': 5.4}, {'lat': -3.741, 'long': -81.227, 'Time': Timestamp('2007-04-22 11:57:41'), 'mag': 5.4}, {'lat': -31.526, 'long': -71.862, 'Time': Timestamp('2007-04-22 06:05:28'), 'mag': 5.1}, {'lat': -32.388, 'long': -71.448, 'Time': Timestamp('2007-04-22 10:22:02'), 'mag': 5.3}, {'lat': -31.526, 'long': -71.862, 'Time': Timestamp('2007-04-22 06:05:28'), 'mag': 5.1}, {'lat': -32.388, 'long': -71.448, 'Time': Timestamp('2007-04-22 10:22:02'), 'mag': 5.3}, {'lat': -45.243, 'long': -72.648, 'Time': Timestamp('2007-04-21 17:53:46'), 'mag': 6.2}, {'lat': -31.526, 'long': -71.862, 'Time': Timestamp('2007-04-22 06:05:28'), 'mag': 5.1}, {'lat': -32.388, 'long': -71.448, 'Time': Timestamp('2007-04-22 10:22:02'), 'mag': 5.3}, {'lat': -45.243, 'long': -72.648, 'Time': Timestamp('2007-04-21 17:53:46'), 'mag': 6.2}]",10,29
391,2007-04-02 20:14:54.063,0,[],0,11
392,2007-04-18 23:28:20.315,1,"[{'lat': -17.064, 'long': -174.445, 'Time': Timestamp('2007-04-19 03:26:01'), 'mag': 5.4}, {'lat': -17.064, 'long': -174.445, 'Time': Timestamp('2007-04-19 03:26:01'), 'mag': 5.4}, {'lat': -17.064, 'long': -174.445, 'Time': Timestamp('2007-04-19 03:26:01'), 'mag': 5.4}, {'lat': -34.024, 'long': -178.837, 'Time': Timestamp('2007-04-20 15:14:07'), 'mag': 5.4}, {'lat': -34.024, 'long': -178.837, 'Time': Timestamp('2007-04-20 15:14:07'), 'mag': 5.4}, {'lat': 52.654, 'long': -176.104, 'Time': Timestamp('2007-04-20 17:20:09'), 'mag': 5.4}, {'lat': -7.182, 'long': 155.162, 'Time': Timestamp('2007-04-20 00:39:18'), 'mag': 5.0}, {'lat': -7.182, 'long': 155.162, 'Time': Timestamp('2007-04-20 00:39:18'), 'mag': 5.0}, {'lat': -20.966, 'long': 169.92, 'Time': Timestamp('2007-04-19 03:20:24'), 'mag': 5.1}, {'lat': -7.182, 'long': 155.162, 'Time': Timestamp('2007-04-20 00:39:18'), 'mag': 5.0}, {'lat': -20.966, 'long': 169.92, 'Time': Timestamp('2007-04-19 03:20:24'), 'mag': 5.1}, {'lat': -20.966, 'long': 169.92, 'Time': Timestamp('2007-04-19 03:20:24'), 'mag': 5.1}]",12,27
393,2007-03-31 09:15:51.479,0,[],0,8
394,2007-04-19 12:34:53.338,0,[],0,27
395,2007-03-31 15:52:39.185,1,"[{'lat': -45.382, 'long': -73.058, 'Time': Timestamp('2007-04-02 02:49:35'), 'mag': 6.1}, {'lat': -45.382, 'long': -73.058, 'Time': Timestamp('2007-04-02 02:49:35'), 'mag': 6.1}, {'lat': -45.382, 'long': -73.058, 'Time': Timestamp('2007-04-02 02:49:35'), 'mag': 6.1}]",3,8
396,2007-04-08 08:09:53.849,1,"[{'lat': 14.451, 'long': 53.807, 'Time': Timestamp('2007-04-08 23:11:16'), 'mag': 5.1}, {'lat': 14.451, 'long': 53.807, 'Time': Timestamp('2007-04-08 23:11:16'), 'mag': 5.1}, {'lat': 14.451, 'long': 53.807, 'Time': Timestamp('2007-04-08 23:11:16'), 'mag': 5.1}]",3,15
397,2007-04-03 18:01:23.820,0,[],0,10
398,2007-04-03 21:15:23.872,1,"[{'lat': -17.332, 'long': -176.867, 'Time': Timestamp('2007-04-05 02:46:25'), 'mag': 5.1}, {'lat': -16.999, 'long': -176.941, 'Time': Timestamp('2007-04-05 03:25:07'), 'mag': 5.7}]",2,10
399,2007-04-14 00:29:15.923,1,"[{'lat': 47.002, 'long': 153.435, 'Time': Timestamp('2007-04-15 04:12:30'), 'mag': 5.5}, {'lat': 47.002, 'long': 153.435, 'Time': Timestamp('2007-04-15 04:12:30'), 'mag': 5.5}, {'lat': 47.002, 'long': 153.435, 'Time': Timestamp('2007-04-15 04:12:30'), 'mag': 5.5}, {'lat': -3.596, 'long': 145.051, 'Time': Timestamp('2007-04-14 18:00:59'), 'mag': 5.1}, {'lat': -3.521, 'long': 145.121, 'Time': Timestamp('2007-04-14 18:25:28'), 'mag': 5.1}, {'lat': -6.922, 'long': 155.74, 'Time': Timestamp('2007-04-14 18:59:19'), 'mag': 5.0}, {'lat': -3.672, 'long': 144.806, 'Time': Timestamp('2007-04-14 23:17:01'), 'mag': 5.3}, {'lat': -3.596, 'long': 145.051, 'Time': Timestamp('2007-04-14 18:00:59'), 'mag': 5.1}, {'lat': -3.521, 'long': 145.121, 'Time': Timestamp('2007-04-14 18:25:28'), 'mag': 5.1}, {'lat': -6.922, 'long': 155.74, 'Time': Timestamp('2007-04-14 18:59:19'), 'mag': 5.0}, {'lat': -3.672, 'long': 144.806, 'Time': Timestamp('2007-04-14 23:17:01'), 'mag': 5.3}, {'lat': -6.922, 'long': 155.74, 'Time': Timestamp('2007-04-14 18:59:19'), 'mag': 5.0}]",12,20
400,2007-04-24 07:01:58.876,1,"[{'lat': -16.475, 'long': 67.328, 'Time': Timestamp('2007-04-24 18:21:12'), 'mag': 5.3}, {'lat': -16.475, 'long': 67.328, 'Time': Timestamp('2007-04-24 18:21:12'), 'mag': 5.3}, {'lat': -16.475, 'long': 67.328, 'Time': Timestamp('2007-04-24 18:21:12'), 'mag': 5.3}, {'lat': 28.19, 'long': 56.22, 'Time': Timestamp('2007-04-25 04:19:00'), 'mag': 5.2}, {'lat': 28.19, 'long': 56.22, 'Time': Timestamp('2007-04-25 04:19:00'), 'mag': 5.2}, {'lat': 28.19, 'long': 56.22, 'Time': Timestamp('2007-04-25 04:19:00'), 'mag': 5.2}]",6,30
401,2007-04-09 10:17:51.401,1,"[{'lat': 38.005, 'long': 30.923, 'Time': Timestamp('2007-04-10 22:00:34'), 'mag': 5.1}, {'lat': 38.005, 'long': 30.923, 'Time': Timestamp('2007-04-10 22:00:34'), 'mag': 5.1}, {'lat': 38.551, 'long': 21.636, 'Time': Timestamp('2007-04-10 03:17:56'), 'mag': 5.0}, {'lat': 38.529, 'long': 21.542, 'Time': Timestamp('2007-04-10 07:15:41'), 'mag': 5.1}, {'lat': 38.551, 'long': 21.642, 'Time': Timestamp('2007-04-10 10:41:00'), 'mag': 5.2}, {'lat': 38.551, 'long': 21.636, 'Time': Timestamp('2007-04-10 03:17:56'), 'mag': 5.0}, {'lat': 38.529, 'long': 21.542, 'Time': Timestamp('2007-04-10 07:15:41'), 'mag': 5.1}, {'lat': 38.551, 'long': 21.642, 'Time': Timestamp('2007-04-10 10:41:00'), 'mag': 5.2}]",8,15
402,2007-04-03 13:36:53.141,1,"[{'lat': 37.306, 'long': -24.621, 'Time': Timestamp('2007-04-05 03:56:50'), 'mag': 6.3}]",1,9
403,2007-04-17 23:22:20.387,1,"[{'lat': -17.064, 'long': -174.445, 'Time': Timestamp('2007-04-19 03:26:01'), 'mag': 5.4}, {'lat': -17.064, 'long': -174.445, 'Time': Timestamp('2007-04-19 03:26:01'), 'mag': 5.4}, {'lat': -20.966, 'long': 169.92, 'Time': Timestamp('2007-04-19 03:20:24'), 'mag': 5.1}, {'lat': -20.966, 'long': 169.92, 'Time': Timestamp('2007-04-19 03:20:24'), 'mag': 5.1}, {'lat': -20.966, 'long': 169.92, 'Time': Timestamp('2007-04-19 03:20:24'), 'mag': 5.1}]",5,23
404,2007-04-14 07:32:55.734,1,"[{'lat': 39.279, 'long': 72.772, 'Time': Timestamp('2007-04-15 13:59:28'), 'mag': 5.0}, {'lat': 39.279, 'long': 72.772, 'Time': Timestamp('2007-04-15 13:59:28'), 'mag': 5.0}]",2,19
405,2007-04-20 10:51:36.995,0,[],0,25
406,2007-04-23 14:08:23.566,1,"[{'lat': 47.164, 'long': -27.457, 'Time': Timestamp('2007-04-25 02:11:54'), 'mag': 5.4}, {'lat': 28.995, 'long': -43.162, 'Time': Timestamp('2007-04-24 05:56:32'), 'mag': 5.0}, {'lat': 28.921, 'long': -43.188, 'Time': Timestamp('2007-04-24 07:25:43'), 'mag': 5.0}, {'lat': 28.879, 'long': -43.104, 'Time': Timestamp('2007-04-24 07:36:56'), 'mag': 5.1}, {'lat': 28.989, 'long': -43.231, 'Time': Timestamp('2007-04-24 12:57:51'), 'mag': 5.1}, {'lat': 28.985, 'long': -43.208, 'Time': Timestamp('2007-04-24 16:07:40'), 'mag': 5.3}, {'lat': 28.946, 'long': -43.096, 'Time': Timestamp('2007-04-24 22:47:11'), 'mag': 5.0}, {'lat': 28.864, 'long': -43.003, 'Time': Timestamp('2007-04-25 12:34:28'), 'mag': 5.1}, {'lat': 28.995, 'long': -43.162, 'Time': Timestamp('2007-04-24 05:56:32'), 'mag': 5.0}, {'lat': 28.921, 'long': -43.188, 'Time': Timestamp('2007-04-24 07:25:43'), 'mag': 5.0}, {'lat': 28.879, 'long': -43.104, 'Time': Timestamp('2007-04-24 07:36:56'), 'mag': 5.1}, {'lat': 28.989, 'long': -43.231, 'Time': Timestamp('2007-04-24 12:57:51'), 'mag': 5.1}, {'lat': 28.985, 'long': -43.208, 'Time': Timestamp('2007-04-24 16:07:40'), 'mag': 5.3}, {'lat': 28.946, 'long': -43.096, 'Time': Timestamp('2007-04-24 22:47:11'), 'mag': 5.0}, {'lat': 28.864, 'long': -43.003, 'Time': Timestamp('2007-04-25 12:34:28'), 'mag': 5.1}, {'lat': 28.995, 'long': -43.162, 'Time': Timestamp('2007-04-24 05:56:32'), 'mag': 5.0}, {'lat': 28.921, 'long': -43.188, 'Time': Timestamp('2007-04-24 07:25:43'), 'mag': 5.0}, {'lat': 28.879, 'long': -43.104, 'Time': Timestamp('2007-04-24 07:36:56'), 'mag': 5.1}, {'lat': 28.989, 'long': -43.231, 'Time': Timestamp('2007-04-24 12:57:51'), 'mag': 5.1}, {'lat': 28.985, 'long': -43.208, 'Time': Timestamp('2007-04-24 16:07:40'), 'mag': 5.3}, {'lat': 28.946, 'long': -43.096, 'Time': Timestamp('2007-04-24 22:47:11'), 'mag': 5.0}, {'lat': 28.864, 'long': -43.003, 'Time': Timestamp('2007-04-25 12:34:28'), 'mag': 5.1}]",22,28
407,2007-04-06 17:24:51.711,1,"[{'lat': -17.494, 'long': -72.623, 'Time': Timestamp('2007-04-08 11:51:15'), 'mag': 5.1}, {'lat': -17.422, 'long': -72.735, 'Time': Timestamp('2007-04-08 13:28:17'), 'mag': 5.1}, {'lat': -17.494, 'long': -72.623, 'Time': Timestamp('2007-04-08 11:51:15'), 'mag': 5.1}, {'lat': -17.422, 'long': -72.735, 'Time': Timestamp('2007-04-08 13:28:17'), 'mag': 5.1}, {'lat': -17.494, 'long': -72.623, 'Time': Timestamp('2007-04-08 11:51:15'), 'mag': 5.1}, {'lat': -17.422, 'long': -72.735, 'Time': Timestamp('2007-04-08 13:28:17'), 'mag': 5.1}, {'lat': -40.525, 'long': -89.898, 'Time': Timestamp('2007-04-07 23:46:16'), 'mag': 5.1}, {'lat': -41.75, 'long': -89.75, 'Time': Timestamp('2007-04-07 23:46:08'), 'mag': 5.1}, {'lat': -40.525, 'long': -89.898, 'Time': Timestamp('2007-04-07 23:46:16'), 'mag': 5.1}, {'lat': -41.75, 'long': -89.75, 'Time': Timestamp('2007-04-07 23:46:08'), 'mag': 5.1}, {'lat': -40.525, 'long': -89.898, 'Time': Timestamp('2007-04-07 23:46:16'), 'mag': 5.1}]",11,11
408,2007-04-07 20:38:53.672,0,[],0,12
409,2007-04-03 23:52:53.726,1,"[{'lat': -17.332, 'long': -176.867, 'Time': Timestamp('2007-04-05 02:46:25'), 'mag': 5.1}, {'lat': -16.999, 'long': -176.941, 'Time': Timestamp('2007-04-05 03:25:07'), 'mag': 5.7}, {'lat': -20.715, 'long': 168.828, 'Time': Timestamp('2007-04-04 11:00:27'), 'mag': 6.2}, {'lat': -20.688, 'long': 169.056, 'Time': Timestamp('2007-04-04 11:02:29'), 'mag': 6.5}, {'lat': -20.683, 'long': 168.848, 'Time': Timestamp('2007-04-04 13:36:24'), 'mag': 5.0}, {'lat': -20.649, 'long': 168.817, 'Time': Timestamp('2007-04-04 16:38:42'), 'mag': 5.0}, {'lat': -20.715, 'long': 168.828, 'Time': Timestamp('2007-04-04 11:00:27'), 'mag': 6.2}, {'lat': -20.688, 'long': 169.056, 'Time': Timestamp('2007-04-04 11:02:29'), 'mag': 6.5}, {'lat': -20.683, 'long': 168.848, 'Time': Timestamp('2007-04-04 13:36:24'), 'mag': 5.0}, {'lat': -20.649, 'long': 168.817, 'Time': Timestamp('2007-04-04 16:38:42'), 'mag': 5.0}, {'lat': -7.871, 'long': 156.556, 'Time': Timestamp('2007-04-04 00:35:19'), 'mag': 5.1}, {'lat': -7.141, 'long': 156.047, 'Time': Timestamp('2007-04-04 00:39:43'), 'mag': 6.0}, {'lat': -6.789, 'long': 154.957, 'Time': Timestamp('2007-04-04 06:09:42'), 'mag': 5.2}, {'lat': -7.76, 'long': 156.49, 'Time': Timestamp('2007-04-04 06:34:35'), 'mag': 6.4}, {'lat': -7.732, 'long': 155.718, 'Time': Timestamp('2007-04-04 09:16:10'), 'mag': 5.0}, {'lat': -6.819, 'long': 154.995, 'Time': Timestamp('2007-04-04 09:35:57'), 'mag': 5.6}, {'lat': -6.792, 'long': 154.98, 'Time': Timestamp('2007-04-04 09:40:25'), 'mag': 5.0}, {'lat': -6.758, 'long': 154.835, 'Time': Timestamp('2007-04-04 09:46:13'), 'mag': 5.5}, {'lat': -6.877, 'long': 154.871, 'Time': Timestamp('2007-04-05 10:06:39'), 'mag': 5.1}, {'lat': -7.871, 'long': 156.556, 'Time': Timestamp('2007-04-04 00:35:19'), 'mag': 5.1}, {'lat': -7.141, 'long': 156.047, 'Time': Timestamp('2007-04-04 00:39:43'), 'mag': 6.0}, {'lat': -6.789, 'long': 154.957, 'Time': Timestamp('2007-04-04 06:09:42'), 'mag': 5.2}, {'lat': -7.76, 'long': 156.49, 'Time': Timestamp('2007-04-04 06:34:35'), 'mag': 6.4}, {'lat': -7.732, 'long': 155.718, 'Time': Timestamp('2007-04-04 09:16:10'), 'mag': 5.0}, {'lat': -6.819, 'long': 154.995, 'Time': Timestamp('2007-04-04 09:35:57'), 'mag': 5.6}, {'lat': -6.792, 'long': 154.98, 'Time': Timestamp('2007-04-04 09:40:25'), 'mag': 5.0}, {'lat': -6.758, 'long': 154.835, 'Time': Timestamp('2007-04-04 09:46:13'), 'mag': 5.5}, {'lat': -6.877, 'long': 154.871, 'Time': Timestamp('2007-04-05 10:06:39'), 'mag': 5.1}, {'lat': -7.871, 'long': 156.556, 'Time': Timestamp('2007-04-04 00:35:19'), 'mag': 5.1}, {'lat': -7.141, 'long': 156.047, 'Time': Timestamp('2007-04-04 00:39:43'), 'mag': 6.0}, {'lat': -6.789, 'long': 154.957, 'Time': Timestamp('2007-04-04 06:09:42'), 'mag': 5.2}, {'lat': -7.76, 'long': 156.49, 'Time': Timestamp('2007-04-04 06:34:35'), 'mag': 6.4}, {'lat': -7.732, 'long': 155.718, 'Time': Timestamp('2007-04-04 09:16:10'), 'mag': 5.0}, {'lat': -6.819, 'long': 154.995, 'Time': Timestamp('2007-04-04 09:35:57'), 'mag': 5.6}, {'lat': -6.792, 'long': 154.98, 'Time': Timestamp('2007-04-04 09:40:25'), 'mag': 5.0}, {'lat': -6.758, 'long': 154.835, 'Time': Timestamp('2007-04-04 09:46:13'), 'mag': 5.5}, {'lat': -6.877, 'long': 154.871, 'Time': Timestamp('2007-04-05 10:06:39'), 'mag': 5.1}]",37,8
410,2007-04-16 08:03:21.281,0,[],0,20
411,2007-04-25 19:32:24.145,0,[],0,29
412,2007-04-14 22:45:50.195,1,"[{'lat': -16.458, 'long': -173.226, 'Time': Timestamp('2007-04-16 18:00:49'), 'mag': 5.1}, {'lat': -21.315, 'long': -174.511, 'Time': Timestamp('2007-04-16 15:50:07'), 'mag': 5.2}, {'lat': -16.458, 'long': -173.226, 'Time': Timestamp('2007-04-16 18:00:49'), 'mag': 5.1}, {'lat': -21.315, 'long': -174.511, 'Time': Timestamp('2007-04-16 15:50:07'), 'mag': 5.2}, {'lat': -63.337, 'long': 169.919, 'Time': Timestamp('2007-04-16 01:24:07'), 'mag': 5.8}]",5,18
413,2007-04-20 02:00:21.911,1,"[{'lat': -3.548, 'long': 151.266, 'Time': Timestamp('2007-04-21 07:12:48'), 'mag': 6.1}, {'lat': -3.548, 'long': 151.266, 'Time': Timestamp('2007-04-21 07:12:48'), 'mag': 6.1}, {'lat': -3.548, 'long': 151.266, 'Time': Timestamp('2007-04-21 07:12:48'), 'mag': 6.1}, {'lat': 25.623, 'long': 125.043, 'Time': Timestamp('2007-04-20 02:23:34'), 'mag': 6.0}, {'lat': 25.701, 'long': 125.306, 'Time': Timestamp('2007-04-20 03:00:58'), 'mag': 5.3}, {'lat': 25.658, 'long': 125.319, 'Time': Timestamp('2007-04-20 03:28:54'), 'mag': 5.3}, {'lat': 25.683, 'long': 125.244, 'Time': Timestamp('2007-04-20 05:23:11'), 'mag': 5.5}, {'lat': 27.471, 'long': 128.379, 'Time': Timestamp('2007-04-20 19:37:58'), 'mag': 5.7}, {'lat': 25.623, 'long': 125.043, 'Time': Timestamp('2007-04-20 02:23:34'), 'mag': 6.0}, {'lat': 25.701, 'long': 125.306, 'Time': Timestamp('2007-04-20 03:00:58'), 'mag': 5.3}, {'lat': 25.658, 'long': 125.319, 'Time': Timestamp('2007-04-20 03:28:54'), 'mag': 5.3}, {'lat': 25.683, 'long': 125.244, 'Time': Timestamp('2007-04-20 05:23:11'), 'mag': 5.5}, {'lat': 27.471, 'long': 128.379, 'Time': Timestamp('2007-04-20 19:37:58'), 'mag': 5.7}, {'lat': 21.136, 'long': 122.129, 'Time': Timestamp('2007-04-21 00:32:24'), 'mag': 5.5}, {'lat': 25.623, 'long': 125.043, 'Time': Timestamp('2007-04-20 02:23:34'), 'mag': 6.0}, {'lat': 25.701, 'long': 125.306, 'Time': Timestamp('2007-04-20 03:00:58'), 'mag': 5.3}, {'lat': 25.658, 'long': 125.319, 'Time': Timestamp('2007-04-20 03:28:54'), 'mag': 5.3}, {'lat': 25.683, 'long': 125.244, 'Time': Timestamp('2007-04-20 05:23:11'), 'mag': 5.5}, {'lat': 27.471, 'long': 128.379, 'Time': Timestamp('2007-04-20 19:37:58'), 'mag': 5.7}, {'lat': 21.136, 'long': 122.129, 'Time': Timestamp('2007-04-21 00:32:24'), 'mag': 5.5}, {'lat': 21.136, 'long': 122.129, 'Time': Timestamp('2007-04-21 00:32:24'), 'mag': 5.5}, {'lat': -0.14, 'long': 124.416, 'Time': Timestamp('2007-04-20 13:21:00'), 'mag': 5.1}, {'lat': -0.14, 'long': 124.416, 'Time': Timestamp('2007-04-20 13:21:00'), 'mag': 5.1}]",23,23
414,2007-04-11 05:17:55.403,0,[],0,14
415,2007-04-02 08:34:23.570,1,"[{'lat': 36.451, 'long': 70.688, 'Time': Timestamp('2007-04-03 03:35:07'), 'mag': 6.2}, {'lat': 36.451, 'long': 70.688, 'Time': Timestamp('2007-04-03 03:35:07'), 'mag': 6.2}, {'lat': 36.451, 'long': 70.688, 'Time': Timestamp('2007-04-03 03:35:07'), 'mag': 6.2}]",3,5
416,2007-04-07 11:51:23.330,1,"[{'lat': 37.159, 'long': -24.523, 'Time': Timestamp('2007-04-08 14:47:17'), 'mag': 5.2}, {'lat': 36.984, 'long': -24.313, 'Time': Timestamp('2007-04-08 18:25:58'), 'mag': 5.0}, {'lat': 37.191, 'long': -24.51, 'Time': Timestamp('2007-04-08 20:38:01'), 'mag': 5.4}, {'lat': 37.106, 'long': -24.514, 'Time': Timestamp('2007-04-09 08:32:23'), 'mag': 5.0}]",4,10
417,2007-04-07 15:09:50.249,1,"[{'lat': 37.159, 'long': -24.523, 'Time': Timestamp('2007-04-08 14:47:17'), 'mag': 5.2}, {'lat': 36.984, 'long': -24.313, 'Time': Timestamp('2007-04-08 18:25:58'), 'mag': 5.0}, {'lat': 37.191, 'long': -24.51, 'Time': Timestamp('2007-04-08 20:38:01'), 'mag': 5.4}, {'lat': 37.106, 'long': -24.514, 'Time': Timestamp('2007-04-09 08:32:23'), 'mag': 5.0}, {'lat': -17.494, 'long': -72.623, 'Time': Timestamp('2007-04-08 11:51:15'), 'mag': 5.1}, {'lat': -17.422, 'long': -72.735, 'Time': Timestamp('2007-04-08 13:28:17'), 'mag': 5.1}, {'lat': -17.494, 'long': -72.623, 'Time': Timestamp('2007-04-08 11:51:15'), 'mag': 5.1}, {'lat': -17.422, 'long': -72.735, 'Time': Timestamp('2007-04-08 13:28:17'), 'mag': 5.1}, {'lat': -17.494, 'long': -72.623, 'Time': Timestamp('2007-04-08 11:51:15'), 'mag': 5.1}, {'lat': -17.422, 'long': -72.735, 'Time': Timestamp('2007-04-08 13:28:17'), 'mag': 5.1}, {'lat': -41.75, 'long': -89.75, 'Time': Timestamp('2007-04-07 23:46:08'), 'mag': 5.1}, {'lat': -40.525, 'long': -89.898, 'Time': Timestamp('2007-04-07 23:46:16'), 'mag': 5.1}]",12,10
418,2007-04-19 21:39:23.490,1,"[{'lat': -34.024, 'long': -178.837, 'Time': Timestamp('2007-04-20 15:14:07'), 'mag': 5.4}, {'lat': -34.024, 'long': -178.837, 'Time': Timestamp('2007-04-20 15:14:07'), 'mag': 5.4}, {'lat': -34.024, 'long': -178.837, 'Time': Timestamp('2007-04-20 15:14:07'), 'mag': 5.4}]",3,22
419,2007-04-14 00:53:19.637,1,"[{'lat': -6.922, 'long': 155.74, 'Time': Timestamp('2007-04-14 18:59:19'), 'mag': 5.0}, {'lat': -6.922, 'long': 155.74, 'Time': Timestamp('2007-04-14 18:59:19'), 'mag': 5.0}, {'lat': 47.002, 'long': 153.435, 'Time': Timestamp('2007-04-15 04:12:30'), 'mag': 5.5}, {'lat': 47.002, 'long': 153.435, 'Time': Timestamp('2007-04-15 04:12:30'), 'mag': 5.5}, {'lat': 35.595, 'long': 142.011, 'Time': Timestamp('2007-04-14 15:50:13'), 'mag': 5.0}, {'lat': 47.002, 'long': 153.435, 'Time': Timestamp('2007-04-15 04:12:30'), 'mag': 5.5}, {'lat': 35.595, 'long': 142.011, 'Time': Timestamp('2007-04-14 15:50:13'), 'mag': 5.0}, {'lat': -3.596, 'long': 145.051, 'Time': Timestamp('2007-04-14 18:00:59'), 'mag': 5.1}, {'lat': -3.521, 'long': 145.121, 'Time': Timestamp('2007-04-14 18:25:28'), 'mag': 5.1}, {'lat': -6.922, 'long': 155.74, 'Time': Timestamp('2007-04-14 18:59:19'), 'mag': 5.0}, {'lat': -3.672, 'long': 144.806, 'Time': Timestamp('2007-04-14 23:17:01'), 'mag': 5.3}, {'lat': -3.596, 'long': 145.051, 'Time': Timestamp('2007-04-14 18:00:59'), 'mag': 5.1}, {'lat': -3.521, 'long': 145.121, 'Time': Timestamp('2007-04-14 18:25:28'), 'mag': 5.1}, {'lat': -3.672, 'long': 144.806, 'Time': Timestamp('2007-04-14 23:17:01'), 'mag': 5.3}, {'lat': -3.596, 'long': 145.051, 'Time': Timestamp('2007-04-14 18:00:59'), 'mag': 5.1}, {'lat': -3.521, 'long': 145.121, 'Time': Timestamp('2007-04-14 18:25:28'), 'mag': 5.1}, {'lat': -3.672, 'long': 144.806, 'Time': Timestamp('2007-04-14 23:17:01'), 'mag': 5.3}]",17,16
420,2007-04-13 07:26:25.839,0,[],0,15
421,2007-04-25 10:42:49.251,0,[],0,27
422,2007-04-09 14:01:53.758,0,[],0,11
423,2007-04-20 22:09:54.852,1,"[{'lat': -23.415, 'long': 170.923, 'Time': Timestamp('2007-04-21 21:27:46'), 'mag': 5.0}]",1,22
424,2007-04-09 01:23:50.820,1,"[{'lat': 48.304, 'long': 154.695, 'Time': Timestamp('2007-04-09 10:18:04'), 'mag': 5.8}, {'lat': 48.304, 'long': 154.695, 'Time': Timestamp('2007-04-09 10:18:04'), 'mag': 5.8}, {'lat': 48.304, 'long': 154.695, 'Time': Timestamp('2007-04-09 10:18:04'), 'mag': 5.8}]",3,10
425,2007-04-04 06:18:56.202,1,"[{'lat': -17.23, 'long': 66.79, 'Time': Timestamp('2007-04-04 19:58:03'), 'mag': 5.9}, {'lat': -17.23, 'long': 66.79, 'Time': Timestamp('2007-04-04 19:58:03'), 'mag': 5.9}, {'lat': -21.187, 'long': 55.658, 'Time': Timestamp('2007-04-05 20:48:53'), 'mag': 5.3}, {'lat': -17.23, 'long': 66.79, 'Time': Timestamp('2007-04-04 19:58:03'), 'mag': 5.9}, {'lat': -21.187, 'long': 55.658, 'Time': Timestamp('2007-04-05 20:48:53'), 'mag': 5.3}, {'lat': -21.187, 'long': 55.658, 'Time': Timestamp('2007-04-05 20:48:53'), 'mag': 5.3}]",6,5
426,2007-04-27 09:34:22.721,0,[],0,28
427,2007-04-07 16:11:23.823,1,"[{'lat': -17.494, 'long': -72.623, 'Time': Timestamp('2007-04-08 11:51:15'), 'mag': 5.1}, {'lat': -17.422, 'long': -72.735, 'Time': Timestamp('2007-04-08 13:28:17'), 'mag': 5.1}, {'lat': -17.494, 'long': -72.623, 'Time': Timestamp('2007-04-08 11:51:15'), 'mag': 5.1}, {'lat': -17.422, 'long': -72.735, 'Time': Timestamp('2007-04-08 13:28:17'), 'mag': 5.1}, {'lat': -40.525, 'long': -89.898, 'Time': Timestamp('2007-04-07 23:46:16'), 'mag': 5.1}, {'lat': -41.75, 'long': -89.75, 'Time': Timestamp('2007-04-07 23:46:08'), 'mag': 5.1}, {'lat': -40.525, 'long': -89.898, 'Time': Timestamp('2007-04-07 23:46:16'), 'mag': 5.1}, {'lat': -41.75, 'long': -89.75, 'Time': Timestamp('2007-04-07 23:46:08'), 'mag': 5.1}, {'lat': -40.525, 'long': -89.898, 'Time': Timestamp('2007-04-07 23:46:16'), 'mag': 5.1}]",9,8
428,2007-04-19 19:26:21.889,0,[],0,20
429,2007-04-24 22:39:52.813,1,"[{'lat': -15.61, 'long': 167.725, 'Time': Timestamp('2007-04-25 03:22:46'), 'mag': 5.3}, {'lat': -14.285, 'long': 166.863, 'Time': Timestamp('2007-04-25 13:34:14'), 'mag': 6.4}, {'lat': -18.095, 'long': 172.933, 'Time': Timestamp('2007-04-26 09:39:55'), 'mag': 5.4}, {'lat': -18.039, 'long': 172.875, 'Time': Timestamp('2007-04-26 10:00:41'), 'mag': 5.3}, {'lat': -15.61, 'long': 167.725, 'Time': Timestamp('2007-04-25 03:22:46'), 'mag': 5.3}, {'lat': -14.285, 'long': 166.863, 'Time': Timestamp('2007-04-25 13:34:14'), 'mag': 6.4}, {'lat': -18.095, 'long': 172.933, 'Time': Timestamp('2007-04-26 09:39:55'), 'mag': 5.4}, {'lat': -18.039, 'long': 172.875, 'Time': Timestamp('2007-04-26 10:00:41'), 'mag': 5.3}, {'lat': -15.61, 'long': 167.725, 'Time': Timestamp('2007-04-25 03:22:46'), 'mag': 5.3}, {'lat': -18.095, 'long': 172.933, 'Time': Timestamp('2007-04-26 09:39:55'), 'mag': 5.4}, {'lat': -18.039, 'long': 172.875, 'Time': Timestamp('2007-04-26 10:00:41'), 'mag': 5.3}]",11,25
430,2007-04-21 01:54:22.765,1,"[{'lat': -3.548, 'long': 151.266, 'Time': Timestamp('2007-04-21 07:12:48'), 'mag': 6.1}, {'lat': -6.418, 'long': 146.283, 'Time': Timestamp('2007-04-22 13:40:58'), 'mag': 5.0}, {'lat': -3.548, 'long': 151.266, 'Time': Timestamp('2007-04-21 07:12:48'), 'mag': 6.1}, {'lat': -6.418, 'long': 146.283, 'Time': Timestamp('2007-04-22 13:40:58'), 'mag': 5.0}, {'lat': -6.418, 'long': 146.283, 'Time': Timestamp('2007-04-22 13:40:58'), 'mag': 5.0}, {'lat': 25.636, 'long': 125.101, 'Time': Timestamp('2007-04-22 10:28:51'), 'mag': 5.1}, {'lat': 25.636, 'long': 125.101, 'Time': Timestamp('2007-04-22 10:28:51'), 'mag': 5.1}, {'lat': 25.636, 'long': 125.101, 'Time': Timestamp('2007-04-22 10:28:51'), 'mag': 5.1}]",8,21
431,2007-04-18 06:49:58.270,0,[],0,18
432,2007-04-29 10:05:23.122,1,"[{'lat': -53.999, 'long': 6.081, 'Time': Timestamp('2007-04-30 15:38:52'), 'mag': 5.6}, {'lat': -53.999, 'long': 6.081, 'Time': Timestamp('2007-04-30 15:38:52'), 'mag': 5.6}]",2,29
433,2007-04-20 13:24:53.534,0,[],0,20
434,2007-04-08 16:41:50.239,0,[],0,8
435,2007-04-14 19:56:23.641,0,[],0,14
436,2007-04-09 23:10:20.781,1,"[{'lat': -14.791, 'long': -173.458, 'Time': Timestamp('2007-04-11 12:41:45'), 'mag': 5.5}, {'lat': -14.791, 'long': -173.458, 'Time': Timestamp('2007-04-11 12:41:45'), 'mag': 5.5}, {'lat': -14.791, 'long': -173.458, 'Time': Timestamp('2007-04-11 12:41:45'), 'mag': 5.5}, {'lat': -21.308, 'long': 169.156, 'Time': Timestamp('2007-04-11 16:26:36'), 'mag': 5.1}, {'lat': -21.308, 'long': 169.156, 'Time': Timestamp('2007-04-11 16:26:36'), 'mag': 5.1}]",5,9
437,2007-05-01 02:24:51.281,0,[],0,30
438,2007-04-29 07:20:26.015,0,[],0,28
439,2007-04-17 10:36:22.196,0,[],0,16
440,2007-04-29 13:55:53.935,1,"[{'lat': -21.327, 'long': -68.412, 'Time': Timestamp('2007-05-01 03:52:21'), 'mag': 5.5}]",1,28
441,2007-04-06 23:40:53.095,1,"[{'lat': -27.982, 'long': -176.725, 'Time': Timestamp('2007-04-07 04:41:24'), 'mag': 5.4}, {'lat': -27.982, 'long': -176.725, 'Time': Timestamp('2007-04-07 04:41:24'), 'mag': 5.4}, {'lat': -30.716, 'long': -178.599, 'Time': Timestamp('2007-04-08 15:11:30'), 'mag': 5.1}, {'lat': -20.833, 'long': 168.677, 'Time': Timestamp('2007-04-07 08:30:10'), 'mag': 5.2}]",4,5
442,2007-04-26 07:51:23.419,1,"[{'lat': 36.447, 'long': 70.497, 'Time': Timestamp('2007-04-28 01:11:07'), 'mag': 5.0}, {'lat': 36.447, 'long': 70.497, 'Time': Timestamp('2007-04-28 01:11:07'), 'mag': 5.0}, {'lat': 36.447, 'long': 70.497, 'Time': Timestamp('2007-04-28 01:11:07'), 'mag': 5.0}]",3,24
443,2007-04-22 11:07:53.037,0,[],0,20
444,2007-05-02 14:26:52.745,0,[],0,30
445,2007-04-19 17:42:51.594,0,[],0,17
446,2007-04-18 20:57:23.443,0,[],0,16
447,2007-04-11 00:10:53.496,1,"[{'lat': -14.582, 'long': 167.297, 'Time': Timestamp('2007-04-12 15:13:09'), 'mag': 5.2}, {'lat': -21.308, 'long': 169.156, 'Time': Timestamp('2007-04-11 16:26:36'), 'mag': 5.1}, {'lat': -21.506, 'long': 169.147, 'Time': Timestamp('2007-04-12 10:58:59'), 'mag': 5.3}, {'lat': -14.582, 'long': 167.297, 'Time': Timestamp('2007-04-12 15:13:09'), 'mag': 5.2}, {'lat': -21.308, 'long': 169.156, 'Time': Timestamp('2007-04-11 16:26:36'), 'mag': 5.1}, {'lat': -21.506, 'long': 169.147, 'Time': Timestamp('2007-04-12 10:58:59'), 'mag': 5.3}, {'lat': -61.828, 'long': 160.96, 'Time': Timestamp('2007-04-12 18:24:49'), 'mag': 6.0}, {'lat': -61.616, 'long': 160.46, 'Time': Timestamp('2007-04-12 19:11:12'), 'mag': 5.4}, {'lat': 46.453, 'long': 153.549, 'Time': Timestamp('2007-04-11 10:30:57'), 'mag': 5.3}]",9,8
448,2007-04-08 08:21:51.164,1,"[{'lat': 14.451, 'long': 53.807, 'Time': Timestamp('2007-04-08 23:11:16'), 'mag': 5.1}, {'lat': 14.451, 'long': 53.807, 'Time': Timestamp('2007-04-08 23:11:16'), 'mag': 5.1}, {'lat': 14.451, 'long': 53.807, 'Time': Timestamp('2007-04-08 23:11:16'), 'mag': 5.1}]",3,5
449,2007-04-26 11:38:53.684,0,[],0,23
450,2007-04-15 14:57:12.410,0,[],0,12
451,2007-04-08 18:13:23.792,1,"[{'lat': 11.261, 'long': -86.296, 'Time': Timestamp('2007-04-10 16:45:44'), 'mag': 5.2}, {'lat': 11.261, 'long': -86.296, 'Time': Timestamp('2007-04-10 16:45:44'), 'mag': 5.2}]",2,5
452,2007-04-22 21:27:23.844,0,[],0,19
453,2007-04-22 00:41:18.663,1,"[{'lat': -20.629, 'long': 169.217, 'Time': Timestamp('2007-04-23 09:45:25'), 'mag': 5.1}, {'lat': -20.55, 'long': 169.403, 'Time': Timestamp('2007-04-23 10:45:58'), 'mag': 5.1}, {'lat': -20.629, 'long': 169.217, 'Time': Timestamp('2007-04-23 09:45:25'), 'mag': 5.1}, {'lat': -20.55, 'long': 169.403, 'Time': Timestamp('2007-04-23 10:45:58'), 'mag': 5.1}, {'lat': -6.418, 'long': 146.283, 'Time': Timestamp('2007-04-22 13:40:58'), 'mag': 5.0}, {'lat': -6.418, 'long': 146.283, 'Time': Timestamp('2007-04-22 13:40:58'), 'mag': 5.0}, {'lat': -6.418, 'long': 146.283, 'Time': Timestamp('2007-04-22 13:40:58'), 'mag': 5.0}]",7,18
454,2007-04-18 08:52:57.882,0,[],0,14
455,2007-04-17 12:09:53.143,0,[],0,13
456,2007-04-09 23:34:19.312,1,"[{'lat': -14.791, 'long': -173.458, 'Time': Timestamp('2007-04-11 12:41:45'), 'mag': 5.5}, {'lat': -14.791, 'long': -173.458, 'Time': Timestamp('2007-04-11 12:41:45'), 'mag': 5.5}, {'lat': -14.791, 'long': -173.458, 'Time': Timestamp('2007-04-11 12:41:45'), 'mag': 5.5}, {'lat': -21.308, 'long': 169.156, 'Time': Timestamp('2007-04-11 16:26:36'), 'mag': 5.1}, {'lat': -21.308, 'long': 169.156, 'Time': Timestamp('2007-04-11 16:26:36'), 'mag': 5.1}]",5,5
457,2007-04-12 07:44:53.106,0,[],0,7
458,2007-04-18 11:01:19.063,0,[],0,13
459,2007-04-22 14:20:17.667,1,"[{'lat': 28.995, 'long': -43.162, 'Time': Timestamp('2007-04-24 05:56:32'), 'mag': 5.0}, {'lat': 28.921, 'long': -43.188, 'Time': Timestamp('2007-04-24 07:25:43'), 'mag': 5.0}, {'lat': 28.879, 'long': -43.104, 'Time': Timestamp('2007-04-24 07:36:56'), 'mag': 5.1}, {'lat': 28.989, 'long': -43.231, 'Time': Timestamp('2007-04-24 12:57:51'), 'mag': 5.1}, {'lat': 28.995, 'long': -43.162, 'Time': Timestamp('2007-04-24 05:56:32'), 'mag': 5.0}, {'lat': 28.921, 'long': -43.188, 'Time': Timestamp('2007-04-24 07:25:43'), 'mag': 5.0}, {'lat': 28.879, 'long': -43.104, 'Time': Timestamp('2007-04-24 07:36:56'), 'mag': 5.1}, {'lat': 28.989, 'long': -43.231, 'Time': Timestamp('2007-04-24 12:57:51'), 'mag': 5.1}, {'lat': 28.995, 'long': -43.162, 'Time': Timestamp('2007-04-24 05:56:32'), 'mag': 5.0}, {'lat': 28.921, 'long': -43.188, 'Time': Timestamp('2007-04-24 07:25:43'), 'mag': 5.0}, {'lat': 28.879, 'long': -43.104, 'Time': Timestamp('2007-04-24 07:36:56'), 'mag': 5.1}, {'lat': 28.989, 'long': -43.231, 'Time': Timestamp('2007-04-24 12:57:51'), 'mag': 5.1}]",12,17
460,2007-04-22 00:04:53.730,1,"[{'lat': -20.629, 'long': 169.217, 'Time': Timestamp('2007-04-23 09:45:25'), 'mag': 5.1}, {'lat': -20.55, 'long': 169.403, 'Time': Timestamp('2007-04-23 10:45:58'), 'mag': 5.1}, {'lat': -20.629, 'long': 169.217, 'Time': Timestamp('2007-04-23 09:45:25'), 'mag': 5.1}, {'lat': -20.55, 'long': 169.403, 'Time': Timestamp('2007-04-23 10:45:58'), 'mag': 5.1}, {'lat': -20.629, 'long': 169.217, 'Time': Timestamp('2007-04-23 09:45:25'), 'mag': 5.1}, {'lat': -20.55, 'long': 169.403, 'Time': Timestamp('2007-04-23 10:45:58'), 'mag': 5.1}, {'lat': -6.418, 'long': 146.283, 'Time': Timestamp('2007-04-22 13:40:58'), 'mag': 5.0}, {'lat': -6.418, 'long': 146.283, 'Time': Timestamp('2007-04-22 13:40:58'), 'mag': 5.0}, {'lat': -6.418, 'long': 146.283, 'Time': Timestamp('2007-04-22 13:40:58'), 'mag': 5.0}]",9,16
461,2007-05-06 06:37:21.918,1,"[{'lat': 31.355, 'long': 97.787, 'Time': Timestamp('2007-05-07 11:59:47'), 'mag': 5.5}, {'lat': 23.161, 'long': 94.483, 'Time': Timestamp('2007-05-07 05:58:33'), 'mag': 5.0}, {'lat': 31.355, 'long': 97.787, 'Time': Timestamp('2007-05-07 11:59:47'), 'mag': 5.5}, {'lat': 23.161, 'long': 94.483, 'Time': Timestamp('2007-05-07 05:58:33'), 'mag': 5.0}, {'lat': 23.161, 'long': 94.483, 'Time': Timestamp('2007-05-07 05:58:33'), 'mag': 5.0}]",5,30
462,2007-05-01 09:52:53.534,0,[],0,25
463,2007-04-25 13:12:23.945,0,[],0,19
464,2007-04-12 16:29:52.091,1,"[{'lat': -36.4, 'long': -97.903, 'Time': Timestamp('2007-04-14 10:00:52'), 'mag': 5.4}, {'lat': -35.051, 'long': -108.836, 'Time': Timestamp('2007-04-13 18:24:19'), 'mag': 6.1}, {'lat': -36.4, 'long': -97.903, 'Time': Timestamp('2007-04-14 10:00:52'), 'mag': 5.4}, {'lat': -36.4, 'long': -97.903, 'Time': Timestamp('2007-04-14 10:00:52'), 'mag': 5.4}]",4,6
465,2007-05-06 19:44:20.157,1,"[{'lat': -54.836, 'long': -130.768, 'Time': Timestamp('2007-05-07 07:39:28'), 'mag': 5.4}, {'lat': -54.836, 'long': -130.768, 'Time': Timestamp('2007-05-07 07:39:28'), 'mag': 5.4}, {'lat': -62.505, 'long': -158.648, 'Time': Timestamp('2007-05-07 04:14:54'), 'mag': 5.1}, {'lat': -62.505, 'long': -158.648, 'Time': Timestamp('2007-05-07 04:14:54'), 'mag': 5.1}]",4,30
466,2007-04-26 22:58:18.865,1,"[{'lat': -11.98, 'long': 166.582, 'Time': Timestamp('2007-04-28 09:12:26'), 'mag': 5.2}, {'lat': -15.972, 'long': 173.417, 'Time': Timestamp('2007-04-27 22:52:08'), 'mag': 5.1}, {'lat': -11.98, 'long': 166.582, 'Time': Timestamp('2007-04-28 09:12:26'), 'mag': 5.2}, {'lat': -15.972, 'long': 173.417, 'Time': Timestamp('2007-04-27 22:52:08'), 'mag': 5.1}, {'lat': -11.98, 'long': 166.582, 'Time': Timestamp('2007-04-28 09:12:26'), 'mag': 5.2}, {'lat': -15.972, 'long': 173.417, 'Time': Timestamp('2007-04-27 22:52:08'), 'mag': 5.1}]",6,20
467,2007-04-17 07:08:28.083,0,[],0,10
468,2007-04-25 10:24:23.292,0,[],0,18
469,2007-04-24 13:43:23.346,1,"[{'lat': 47.164, 'long': -27.457, 'Time': Timestamp('2007-04-25 02:11:54'), 'mag': 5.4}, {'lat': 47.164, 'long': -27.457, 'Time': Timestamp('2007-04-25 02:11:54'), 'mag': 5.4}, {'lat': 47.164, 'long': -27.457, 'Time': Timestamp('2007-04-25 02:11:54'), 'mag': 5.4}, {'lat': 28.985, 'long': -43.208, 'Time': Timestamp('2007-04-24 16:07:40'), 'mag': 5.3}, {'lat': 28.946, 'long': -43.096, 'Time': Timestamp('2007-04-24 22:47:11'), 'mag': 5.0}, {'lat': 28.864, 'long': -43.003, 'Time': Timestamp('2007-04-25 12:34:28'), 'mag': 5.1}, {'lat': 28.985, 'long': -43.208, 'Time': Timestamp('2007-04-24 16:07:40'), 'mag': 5.3}, {'lat': 28.946, 'long': -43.096, 'Time': Timestamp('2007-04-24 22:47:11'), 'mag': 5.0}, {'lat': 28.864, 'long': -43.003, 'Time': Timestamp('2007-04-25 12:34:28'), 'mag': 5.1}]",9,17
470,2007-04-12 17:00:23.400,1,"[{'lat': 17.302, 'long': -100.198, 'Time': Timestamp('2007-04-13 05:42:23'), 'mag': 6.0}, {'lat': 17.135, 'long': -100.31, 'Time': Timestamp('2007-04-13 08:43:47'), 'mag': 5.3}, {'lat': 18.177, 'long': -102.735, 'Time': Timestamp('2007-04-13 14:42:26'), 'mag': 5.0}, {'lat': 17.302, 'long': -100.198, 'Time': Timestamp('2007-04-13 05:42:23'), 'mag': 6.0}, {'lat': 17.135, 'long': -100.31, 'Time': Timestamp('2007-04-13 08:43:47'), 'mag': 5.3}, {'lat': 18.177, 'long': -102.735, 'Time': Timestamp('2007-04-13 14:42:26'), 'mag': 5.0}, {'lat': -35.051, 'long': -108.836, 'Time': Timestamp('2007-04-13 18:24:19'), 'mag': 6.1}, {'lat': -36.4, 'long': -97.903, 'Time': Timestamp('2007-04-14 10:00:52'), 'mag': 5.4}, {'lat': -35.051, 'long': -108.836, 'Time': Timestamp('2007-04-13 18:24:19'), 'mag': 6.1}, {'lat': -36.4, 'long': -97.903, 'Time': Timestamp('2007-04-14 10:00:52'), 'mag': 5.4}, {'lat': -36.4, 'long': -97.903, 'Time': Timestamp('2007-04-14 10:00:52'), 'mag': 5.4}]",11,5
471,2007-04-23 20:14:53.454,0,[],0,16
472,2007-04-17 23:28:23.473,1,"[{'lat': -17.064, 'long': -174.445, 'Time': Timestamp('2007-04-19 03:26:01'), 'mag': 5.4}, {'lat': -17.064, 'long': -174.445, 'Time': Timestamp('2007-04-19 03:26:01'), 'mag': 5.4}, {'lat': -20.966, 'long': 169.92, 'Time': Timestamp('2007-04-19 03:20:24'), 'mag': 5.1}, {'lat': -20.966, 'long': 169.92, 'Time': Timestamp('2007-04-19 03:20:24'), 'mag': 5.1}]",4,10
473,2007-05-05 09:15:53.666,0,[],0,27
474,2007-04-24 12:34:53.720,1,"[{'lat': 47.164, 'long': -27.457, 'Time': Timestamp('2007-04-25 02:11:54'), 'mag': 5.4}, {'lat': 47.164, 'long': -27.457, 'Time': Timestamp('2007-04-25 02:11:54'), 'mag': 5.4}]",2,16
475,2007-05-03 15:52:43.664,0,[],0,25
476,2007-05-01 19:08:23.828,0,[],0,23
477,2007-04-20 22:21:53.880,1,"[{'lat': -13.838, 'long': 166.843, 'Time': Timestamp('2007-04-21 17:20:31'), 'mag': 6.1}, {'lat': -23.415, 'long': 170.923, 'Time': Timestamp('2007-04-21 21:27:46'), 'mag': 5.0}, {'lat': -23.415, 'long': 170.923, 'Time': Timestamp('2007-04-21 21:27:46'), 'mag': 5.0}]",3,12
478,2007-05-03 01:35:53.933,1,"[{'lat': 1.545, 'long': 126.362, 'Time': Timestamp('2007-05-03 11:27:17'), 'mag': 5.6}, {'lat': 3.587, 'long': 127.507, 'Time': Timestamp('2007-05-03 20:52:10'), 'mag': 5.0}, {'lat': 1.545, 'long': 126.362, 'Time': Timestamp('2007-05-03 11:27:17'), 'mag': 5.6}, {'lat': 3.587, 'long': 127.507, 'Time': Timestamp('2007-05-03 20:52:10'), 'mag': 5.0}, {'lat': 1.545, 'long': 126.362, 'Time': Timestamp('2007-05-03 11:27:17'), 'mag': 5.6}, {'lat': 3.587, 'long': 127.507, 'Time': Timestamp('2007-05-03 20:52:10'), 'mag': 5.0}]",6,24
479,2007-04-27 06:31:24.863,1,"[{'lat': 5.359, 'long': 94.635, 'Time': Timestamp('2007-04-27 08:02:49'), 'mag': 5.9}, {'lat': 5.359, 'long': 94.635, 'Time': Timestamp('2007-04-27 08:02:49'), 'mag': 5.9}, {'lat': 5.359, 'long': 94.635, 'Time': Timestamp('2007-04-27 08:02:49'), 'mag': 5.9}, {'lat': 36.447, 'long': 70.497, 'Time': Timestamp('2007-04-28 01:11:07'), 'mag': 5.0}, {'lat': 36.447, 'long': 70.497, 'Time': Timestamp('2007-04-28 01:11:07'), 'mag': 5.0}, {'lat': 36.447, 'long': 70.497, 'Time': Timestamp('2007-04-28 01:11:07'), 'mag': 5.0}]",6,18
480,2007-04-18 09:46:54.046,0,[],0,9
481,2007-04-18 13:05:53.122,0,[],0,9
482,2007-05-03 16:23:53.265,0,[],0,24
483,2007-05-03 19:38:23.229,1,"[{'lat': 17.201, 'long': -96.842, 'Time': Timestamp('2007-05-04 10:21:10'), 'mag': 5.0}, {'lat': 50.767, 'long': -130.049, 'Time': Timestamp('2007-05-05 06:15:43'), 'mag': 5.0}, {'lat': 50.767, 'long': -130.049, 'Time': Timestamp('2007-05-05 06:15:43'), 'mag': 5.0}, {'lat': 50.767, 'long': -130.049, 'Time': Timestamp('2007-05-05 06:15:43'), 'mag': 5.0}]",4,24
484,2007-05-02 22:52:19.041,1,"[{'lat': -34.115, 'long': -178.948, 'Time': Timestamp('2007-05-03 13:56:29'), 'mag': 5.6}, {'lat': -27.552, 'long': -178.073, 'Time': Timestamp('2007-05-03 17:25:25'), 'mag': 5.5}, {'lat': -34.115, 'long': -178.948, 'Time': Timestamp('2007-05-03 13:56:29'), 'mag': 5.6}, {'lat': -27.552, 'long': -178.073, 'Time': Timestamp('2007-05-03 17:25:25'), 'mag': 5.5}]",4,23
485,2007-04-23 13:37:23.523,1,"[{'lat': 47.164, 'long': -27.457, 'Time': Timestamp('2007-04-25 02:11:54'), 'mag': 5.4}, {'lat': 47.164, 'long': -27.457, 'Time': Timestamp('2007-04-25 02:11:54'), 'mag': 5.4}, {'lat': 47.164, 'long': -27.457, 'Time': Timestamp('2007-04-25 02:11:54'), 'mag': 5.4}, {'lat': 28.995, 'long': -43.162, 'Time': Timestamp('2007-04-24 05:56:32'), 'mag': 5.0}, {'lat': 28.921, 'long': -43.188, 'Time': Timestamp('2007-04-24 07:25:43'), 'mag': 5.0}, {'lat': 28.879, 'long': -43.104, 'Time': Timestamp('2007-04-24 07:36:56'), 'mag': 5.1}, {'lat': 28.989, 'long': -43.231, 'Time': Timestamp('2007-04-24 12:57:51'), 'mag': 5.1}, {'lat': 28.985, 'long': -43.208, 'Time': Timestamp('2007-04-24 16:07:40'), 'mag': 5.3}, {'lat': 28.946, 'long': -43.096, 'Time': Timestamp('2007-04-24 22:47:11'), 'mag': 5.0}, {'lat': 28.864, 'long': -43.003, 'Time': Timestamp('2007-04-25 12:34:28'), 'mag': 5.1}, {'lat': 28.995, 'long': -43.162, 'Time': Timestamp('2007-04-24 05:56:32'), 'mag': 5.0}, {'lat': 28.921, 'long': -43.188, 'Time': Timestamp('2007-04-24 07:25:43'), 'mag': 5.0}, {'lat': 28.879, 'long': -43.104, 'Time': Timestamp('2007-04-24 07:36:56'), 'mag': 5.1}, {'lat': 28.989, 'long': -43.231, 'Time': Timestamp('2007-04-24 12:57:51'), 'mag': 5.1}, {'lat': 28.985, 'long': -43.208, 'Time': Timestamp('2007-04-24 16:07:40'), 'mag': 5.3}, {'lat': 28.946, 'long': -43.096, 'Time': Timestamp('2007-04-24 22:47:11'), 'mag': 5.0}, {'lat': 28.864, 'long': -43.003, 'Time': Timestamp('2007-04-25 12:34:28'), 'mag': 5.1}]",17,13
486,2007-04-29 16:54:22.450,1,"[{'lat': -21.327, 'long': -68.412, 'Time': Timestamp('2007-05-01 03:52:21'), 'mag': 5.5}, {'lat': -21.327, 'long': -68.412, 'Time': Timestamp('2007-05-01 03:52:21'), 'mag': 5.5}, {'lat': -21.327, 'long': -68.412, 'Time': Timestamp('2007-05-01 03:52:21'), 'mag': 5.5}]",3,19
487,2007-04-19 20:08:53.630,0,[],0,9
488,2007-05-03 00:59:23.709,0,[],0,22
489,2007-05-07 05:54:26.669,1,"[{'lat': 31.355, 'long': 97.787, 'Time': Timestamp('2007-05-07 11:59:47'), 'mag': 5.5}, {'lat': 23.161, 'long': 94.483, 'Time': Timestamp('2007-05-07 05:58:33'), 'mag': 5.0}, {'lat': 31.355, 'long': 97.787, 'Time': Timestamp('2007-05-07 11:59:47'), 'mag': 5.5}, {'lat': 23.161, 'long': 94.483, 'Time': Timestamp('2007-05-07 05:58:33'), 'mag': 5.0}, {'lat': 31.355, 'long': 97.787, 'Time': Timestamp('2007-05-07 11:59:47'), 'mag': 5.5}, {'lat': 23.161, 'long': 94.483, 'Time': Timestamp('2007-05-07 05:58:33'), 'mag': 5.0}]",6,26
490,2007-04-27 09:09:23.843,1,"[{'lat': 25.316, 'long': 62.154, 'Time': Timestamp('2007-04-29 06:33:54'), 'mag': 5.0}]",1,16
491,2007-05-08 12:28:53.954,0,[],0,27
492,2007-05-01 15:46:49.321,0,[],0,20
493,2007-05-05 22:15:53.115,1,"[{'lat': -62.505, 'long': -158.648, 'Time': Timestamp('2007-05-07 04:14:54'), 'mag': 5.1}, {'lat': -19.401, 'long': -179.354, 'Time': Timestamp('2007-05-06 21:11:52'), 'mag': 6.5}, {'lat': -19.406, 'long': -179.315, 'Time': Timestamp('2007-05-06 22:01:08'), 'mag': 6.1}, {'lat': -19.251, 'long': -179.362, 'Time': Timestamp('2007-05-07 00:24:47'), 'mag': 5.6}, {'lat': -21.213, 'long': -178.619, 'Time': Timestamp('2007-05-07 20:32:32'), 'mag': 5.7}]",5,24
494,2007-05-01 01:29:53.168,1,"[{'lat': -7.168, 'long': 155.107, 'Time': Timestamp('2007-05-01 01:45:23'), 'mag': 5.8}, {'lat': -8.878, 'long': 157.814, 'Time': Timestamp('2007-05-02 11:22:31'), 'mag': 5.1}, {'lat': -7.168, 'long': 155.107, 'Time': Timestamp('2007-05-01 01:45:23'), 'mag': 5.8}, {'lat': -8.878, 'long': 157.814, 'Time': Timestamp('2007-05-02 11:22:31'), 'mag': 5.1}, {'lat': -7.168, 'long': 155.107, 'Time': Timestamp('2007-05-01 01:45:23'), 'mag': 5.8}, {'lat': -8.878, 'long': 157.814, 'Time': Timestamp('2007-05-02 11:22:31'), 'mag': 5.1}]",6,19
495,2007-04-26 06:25:25.983,1,"[{'lat': 5.359, 'long': 94.635, 'Time': Timestamp('2007-04-27 08:02:49'), 'mag': 5.9}, {'lat': 5.359, 'long': 94.635, 'Time': Timestamp('2007-04-27 08:02:49'), 'mag': 5.9}, {'lat': 5.359, 'long': 94.635, 'Time': Timestamp('2007-04-27 08:02:49'), 'mag': 5.9}, {'lat': 36.447, 'long': 70.497, 'Time': Timestamp('2007-04-28 01:11:07'), 'mag': 5.0}, {'lat': 36.447, 'long': 70.497, 'Time': Timestamp('2007-04-28 01:11:07'), 'mag': 5.0}, {'lat': 36.447, 'long': 70.497, 'Time': Timestamp('2007-04-28 01:11:07'), 'mag': 5.0}]",6,14
496,2007-05-05 09:40:17.632,0,[],0,23
497,2007-05-11 12:59:53.356,1,"[{'lat': -55.936, 'long': -27.782, 'Time': Timestamp('2007-05-11 20:33:34'), 'mag': 5.0}, {'lat': -55.936, 'long': -27.782, 'Time': Timestamp('2007-05-11 20:33:34'), 'mag': 5.0}]",2,29
498,2007-04-24 16:17:20.731,1,"[{'lat': 28.946, 'long': -43.096, 'Time': Timestamp('2007-04-24 22:47:11'), 'mag': 5.0}, {'lat': 28.864, 'long': -43.003, 'Time': Timestamp('2007-04-25 12:34:28'), 'mag': 5.1}, {'lat': 28.946, 'long': -43.096, 'Time': Timestamp('2007-04-24 22:47:11'), 'mag': 5.0}, {'lat': -28.157, 'long': -70.78, 'Time': Timestamp('2007-04-26 12:13:29'), 'mag': 5.2}, {'lat': -28.157, 'long': -70.78, 'Time': Timestamp('2007-04-26 12:13:29'), 'mag': 5.2}, {'lat': -28.157, 'long': -70.78, 'Time': Timestamp('2007-04-26 12:13:29'), 'mag': 5.2}]",6,12
499,2007-05-06 21:09:25.778,1,"[{'lat': -62.505, 'long': -158.648, 'Time': Timestamp('2007-05-07 04:14:54'), 'mag': 5.1}, {'lat': -62.505, 'long': -158.648, 'Time': Timestamp('2007-05-07 04:14:54'), 'mag': 5.1}, {'lat': -21.122, 'long': -173.708, 'Time': Timestamp('2007-05-08 05:31:39'), 'mag': 5.0}, {'lat': -21.122, 'long': -173.708, 'Time': Timestamp('2007-05-08 05:31:39'), 'mag': 5.0}, {'lat': -29.811, 'long': -177.699, 'Time': Timestamp('2007-05-07 04:50:11'), 'mag': 5.1}, {'lat': -21.122, 'long': -173.708, 'Time': Timestamp('2007-05-08 05:31:39'), 'mag': 5.0}, {'lat': -29.811, 'long': -177.699, 'Time': Timestamp('2007-05-07 04:50:11'), 'mag': 5.1}]",7,24
500,2007-04-22 00:23:23.542,1,"[{'lat': -20.629, 'long': 169.217, 'Time': Timestamp('2007-04-23 09:45:25'), 'mag': 5.1}, {'lat': -20.55, 'long': 169.403, 'Time': Timestamp('2007-04-23 10:45:58'), 'mag': 5.1}, {'lat': -20.629, 'long': 169.217, 'Time': Timestamp('2007-04-23 09:45:25'), 'mag': 5.1}, {'lat': -20.55, 'long': 169.403, 'Time': Timestamp('2007-04-23 10:45:58'), 'mag': 5.1}, {'lat': -6.418, 'long': 146.283, 'Time': Timestamp('2007-04-22 13:40:58'), 'mag': 5.0}, {'lat': -6.418, 'long': 146.283, 'Time': Timestamp('2007-04-22 13:40:58'), 'mag': 5.0}, {'lat': -6.418, 'long': 146.283, 'Time': Timestamp('2007-04-22 13:40:58'), 'mag': 5.0}]",7,9
501,2007-04-28 08:34:23.877,1,"[{'lat': 25.316, 'long': 62.154, 'Time': Timestamp('2007-04-29 06:33:54'), 'mag': 5.0}, {'lat': 25.316, 'long': 62.154, 'Time': Timestamp('2007-04-29 06:33:54'), 'mag': 5.0}]",2,15
502,2007-05-04 11:51:23.730,1,"[{'lat': -60.867, 'long': -20.124, 'Time': Timestamp('2007-05-04 18:01:26'), 'mag': 5.0}, {'lat': -1.41, 'long': -14.921, 'Time': Timestamp('2007-05-04 12:06:51'), 'mag': 6.2}, {'lat': -1.41, 'long': -14.921, 'Time': Timestamp('2007-05-04 12:06:51'), 'mag': 6.2}, {'lat': -56.46, 'long': -27.322, 'Time': Timestamp('2007-05-04 17:37:47'), 'mag': 5.0}, {'lat': -58.348, 'long': -22.903, 'Time': Timestamp('2007-05-05 05:27:14'), 'mag': 5.2}, {'lat': -56.46, 'long': -27.322, 'Time': Timestamp('2007-05-04 17:37:47'), 'mag': 5.0}]",6,21
503,2007-04-30 15:09:54.745,1,"[{'lat': -21.327, 'long': -68.412, 'Time': Timestamp('2007-05-01 03:52:21'), 'mag': 5.5}, {'lat': -21.327, 'long': -68.412, 'Time': Timestamp('2007-05-01 03:52:21'), 'mag': 5.5}, {'lat': -21.327, 'long': -68.412, 'Time': Timestamp('2007-05-01 03:52:21'), 'mag': 5.5}]",3,17
504,2007-05-02 18:25:23.837,1,"[{'lat': 17.201, 'long': -96.842, 'Time': Timestamp('2007-05-04 10:21:10'), 'mag': 5.0}, {'lat': 17.201, 'long': -96.842, 'Time': Timestamp('2007-05-04 10:21:10'), 'mag': 5.0}]",2,19
505,2007-05-12 09:03:24.077,0,[],0,28
506,2007-04-30 12:22:23.131,0,[],0,16
507,2007-04-24 15:40:48.498,1,"[{'lat': 47.164, 'long': -27.457, 'Time': Timestamp('2007-04-25 02:11:54'), 'mag': 5.4}, {'lat': 28.985, 'long': -43.208, 'Time': Timestamp('2007-04-24 16:07:40'), 'mag': 5.3}, {'lat': 28.946, 'long': -43.096, 'Time': Timestamp('2007-04-24 22:47:11'), 'mag': 5.0}, {'lat': 28.864, 'long': -43.003, 'Time': Timestamp('2007-04-25 12:34:28'), 'mag': 5.1}, {'lat': 28.985, 'long': -43.208, 'Time': Timestamp('2007-04-24 16:07:40'), 'mag': 5.3}, {'lat': 28.946, 'long': -43.096, 'Time': Timestamp('2007-04-24 22:47:11'), 'mag': 5.0}, {'lat': 28.864, 'long': -43.003, 'Time': Timestamp('2007-04-25 12:34:28'), 'mag': 5.1}, {'lat': -28.157, 'long': -70.78, 'Time': Timestamp('2007-04-26 12:13:29'), 'mag': 5.2}, {'lat': -28.157, 'long': -70.78, 'Time': Timestamp('2007-04-26 12:13:29'), 'mag': 5.2}]",9,10
508,2007-04-27 20:32:47.362,0,[],0,13
509,2007-04-28 23:46:53.318,1,"[{'lat': -15.203, 'long': -177.736, 'Time': Timestamp('2007-04-30 17:41:52'), 'mag': 5.2}, {'lat': -15.203, 'long': -177.736, 'Time': Timestamp('2007-04-30 17:41:52'), 'mag': 5.2}, {'lat': -8.308, 'long': 157.173, 'Time': Timestamp('2007-04-29 03:44:32'), 'mag': 5.5}, {'lat': -6.893, 'long': 155.993, 'Time': Timestamp('2007-04-29 17:08:51'), 'mag': 5.0}, {'lat': -7.268, 'long': 156.314, 'Time': Timestamp('2007-04-30 12:37:58'), 'mag': 5.0}, {'lat': -6.922, 'long': 155.651, 'Time': Timestamp('2007-04-30 13:44:42'), 'mag': 5.0}, {'lat': -8.308, 'long': 157.173, 'Time': Timestamp('2007-04-29 03:44:32'), 'mag': 5.5}, {'lat': -6.893, 'long': 155.993, 'Time': Timestamp('2007-04-29 17:08:51'), 'mag': 5.0}, {'lat': -14.772, 'long': 167.3, 'Time': Timestamp('2007-04-30 00:26:18'), 'mag': 5.1}, {'lat': -7.268, 'long': 156.314, 'Time': Timestamp('2007-04-30 12:37:58'), 'mag': 5.0}, {'lat': -6.922, 'long': 155.651, 'Time': Timestamp('2007-04-30 13:44:42'), 'mag': 5.0}, {'lat': -8.308, 'long': 157.173, 'Time': Timestamp('2007-04-29 03:44:32'), 'mag': 5.5}, {'lat': -6.893, 'long': 155.993, 'Time': Timestamp('2007-04-29 17:08:51'), 'mag': 5.0}, {'lat': -14.772, 'long': 167.3, 'Time': Timestamp('2007-04-30 00:26:18'), 'mag': 5.1}, {'lat': -7.268, 'long': 156.314, 'Time': Timestamp('2007-04-30 12:37:58'), 'mag': 5.0}, {'lat': -6.922, 'long': 155.651, 'Time': Timestamp('2007-04-30 13:44:42'), 'mag': 5.0}]",16,14
510,2007-05-15 07:57:26.332,0,[],0,30
511,2007-04-30 11:13:53.506,1,"[{'lat': -53.999, 'long': 6.081, 'Time': Timestamp('2007-04-30 15:38:52'), 'mag': 5.6}]",1,15
512,2007-05-12 22:39:53.548,1,"[{'lat': -41.25, 'long': 173.55, 'Time': Timestamp('2007-05-13 13:25:10'), 'mag': 5.0}, {'lat': -41.25, 'long': 173.55, 'Time': Timestamp('2007-05-13 13:25:10'), 'mag': 5.0}, {'lat': -41.25, 'long': 173.55, 'Time': Timestamp('2007-05-13 13:25:10'), 'mag': 5.0}]",3,27
513,2007-05-06 01:54:23.746,1,"[{'lat': 30.007, 'long': 130.177, 'Time': Timestamp('2007-05-07 00:29:06'), 'mag': 5.2}, {'lat': 30.007, 'long': 130.177, 'Time': Timestamp('2007-05-07 00:29:06'), 'mag': 5.2}, {'lat': 9.513, 'long': 125.759, 'Time': Timestamp('2007-05-07 03:04:39'), 'mag': 5.0}, {'lat': 17.307, 'long': 120.201, 'Time': Timestamp('2007-05-06 18:27:20'), 'mag': 5.5}, {'lat': 9.513, 'long': 125.759, 'Time': Timestamp('2007-05-07 03:04:39'), 'mag': 5.0}, {'lat': 9.513, 'long': 125.759, 'Time': Timestamp('2007-05-07 03:04:39'), 'mag': 5.0}]",6,20
514,2007-05-13 06:49:54.675,0,[],0,27
515,2007-04-27 10:05:21.425,0,[],0,11
516,2007-05-10 13:24:53.934,1,"[{'lat': -55.936, 'long': -27.782, 'Time': Timestamp('2007-05-11 20:33:34'), 'mag': 5.0}, {'lat': -55.936, 'long': -27.782, 'Time': Timestamp('2007-05-11 20:33:34'), 'mag': 5.0}]",2,24
517,2007-05-03 16:41:51.310,1,"[{'lat': 17.201, 'long': -96.842, 'Time': Timestamp('2007-05-04 10:21:10'), 'mag': 5.0}, {'lat': 17.201, 'long': -96.842, 'Time': Timestamp('2007-05-04 10:21:10'), 'mag': 5.0}, {'lat': 17.201, 'long': -96.842, 'Time': Timestamp('2007-05-04 10:21:10'), 'mag': 5.0}]",3,17
518,2007-05-13 19:56:24.041,1,"[{'lat': -55.477, 'long': -127.989, 'Time': Timestamp('2007-05-15 01:14:55'), 'mag': 5.6}, {'lat': -55.477, 'long': -127.989, 'Time': Timestamp('2007-05-15 01:14:55'), 'mag': 5.6}, {'lat': -55.477, 'long': -127.989, 'Time': Timestamp('2007-05-15 01:14:55'), 'mag': 5.6}]",3,27
519,2007-04-25 23:10:20.181,1,"[{'lat': -18.095, 'long': 172.933, 'Time': Timestamp('2007-04-26 09:39:55'), 'mag': 5.4}, {'lat': -18.039, 'long': 172.875, 'Time': Timestamp('2007-04-26 10:00:41'), 'mag': 5.3}, {'lat': -15.972, 'long': 173.417, 'Time': Timestamp('2007-04-27 22:52:08'), 'mag': 5.1}, {'lat': -18.095, 'long': 172.933, 'Time': Timestamp('2007-04-26 09:39:55'), 'mag': 5.4}, {'lat': -18.039, 'long': 172.875, 'Time': Timestamp('2007-04-26 10:00:41'), 'mag': 5.3}, {'lat': -6.965, 'long': 155.938, 'Time': Timestamp('2007-04-27 13:49:28'), 'mag': 5.8}, {'lat': -15.972, 'long': 173.417, 'Time': Timestamp('2007-04-27 22:52:08'), 'mag': 5.1}, {'lat': -18.095, 'long': 172.933, 'Time': Timestamp('2007-04-26 09:39:55'), 'mag': 5.4}, {'lat': -18.039, 'long': 172.875, 'Time': Timestamp('2007-04-26 10:00:41'), 'mag': 5.3}, {'lat': -15.972, 'long': 173.417, 'Time': Timestamp('2007-04-27 22:52:08'), 'mag': 5.1}]",10,9
520,2007-05-04 08:57:23.254,0,[],0,17
521,2007-05-12 12:16:23.308,0,[],0,25
522,2007-05-13 15:34:20.226,0,[],0,26
523,2007-04-22 18:49:53.415,0,[],0,5
524,2007-05-09 22:02:53.324,0,[],0,22
525,2007-05-14 01:17:53.521,1,"[{'lat': -7.735, 'long': 155.524, 'Time': Timestamp('2007-05-15 12:41:05'), 'mag': 5.0}, {'lat': -7.735, 'long': 155.524, 'Time': Timestamp('2007-05-15 12:41:05'), 'mag': 5.0}, {'lat': -7.735, 'long': 155.524, 'Time': Timestamp('2007-05-15 12:41:05'), 'mag': 5.0}, {'lat': 47.825, 'long': 154.546, 'Time': Timestamp('2007-05-15 11:22:18'), 'mag': 5.3}, {'lat': 46.82, 'long': 155.45, 'Time': Timestamp('2007-05-15 17:42:41'), 'mag': 5.2}, {'lat': 47.825, 'long': 154.546, 'Time': Timestamp('2007-05-15 11:22:18'), 'mag': 5.3}, {'lat': 46.82, 'long': 155.45, 'Time': Timestamp('2007-05-15 17:42:41'), 'mag': 5.2}, {'lat': 31.994, 'long': 140.806, 'Time': Timestamp('2007-05-14 11:37:22'), 'mag': 5.0}, {'lat': 47.825, 'long': 154.546, 'Time': Timestamp('2007-05-15 11:22:18'), 'mag': 5.3}, {'lat': 46.82, 'long': 155.45, 'Time': Timestamp('2007-05-15 17:42:41'), 'mag': 5.2}, {'lat': 31.994, 'long': 140.806, 'Time': Timestamp('2007-05-14 11:37:22'), 'mag': 5.0}, {'lat': 26.707, 'long': 140.277, 'Time': Timestamp('2007-05-15 11:27:18'), 'mag': 5.4}, {'lat': 31.994, 'long': 140.806, 'Time': Timestamp('2007-05-14 11:37:22'), 'mag': 5.0}, {'lat': 26.707, 'long': 140.277, 'Time': Timestamp('2007-05-15 11:27:18'), 'mag': 5.4}, {'lat': 26.707, 'long': 140.277, 'Time': Timestamp('2007-05-15 11:27:18'), 'mag': 5.4}, {'lat': 1.238, 'long': 126.16, 'Time': Timestamp('2007-05-14 07:07:17'), 'mag': 5.1}]",16,26
526,2007-05-03 06:12:56.481,1,"[{'lat': -2.328, 'long': 99.873, 'Time': Timestamp('2007-05-04 19:29:15'), 'mag': 5.0}]",1,15
527,2007-05-07 09:28:23.410,0,[],0,19
528,2007-05-06 12:47:23.767,1,"[{'lat': -7.666, 'long': -13.563, 'Time': Timestamp('2007-05-06 17:44:40'), 'mag': 5.0}, {'lat': -7.666, 'long': -13.563, 'Time': Timestamp('2007-05-06 17:44:40'), 'mag': 5.0}]",2,18
529,2007-05-10 22:33:53.927,0,[],0,22
530,2007-05-01 01:48:23.980,1,"[{'lat': -8.878, 'long': 157.814, 'Time': Timestamp('2007-05-02 11:22:31'), 'mag': 5.1}, {'lat': -8.878, 'long': 157.814, 'Time': Timestamp('2007-05-02 11:22:31'), 'mag': 5.1}, {'lat': -8.878, 'long': 157.814, 'Time': Timestamp('2007-05-02 11:22:31'), 'mag': 5.1}]",3,12
531,2007-04-30 06:43:26.237,1,"[{'lat': 38.414, 'long': 97.834, 'Time': Timestamp('2007-04-30 13:59:41'), 'mag': 5.2}, {'lat': 38.414, 'long': 97.834, 'Time': Timestamp('2007-04-30 13:59:41'), 'mag': 5.2}, {'lat': 38.414, 'long': 97.834, 'Time': Timestamp('2007-04-30 13:59:41'), 'mag': 5.2}, {'lat': 5.509, 'long': 94.617, 'Time': Timestamp('2007-05-01 19:44:19'), 'mag': 5.0}]",4,11
532,2007-04-26 09:59:21.875,0,[],0,7
533,2007-05-19 13:18:23.169,0,[],0,30
534,2007-05-17 16:35:50.543,1,"[{'lat': -28.757, 'long': -68.703, 'Time': Timestamp('2007-05-19 16:26:05'), 'mag': 5.0}, {'lat': -28.757, 'long': -68.703, 'Time': Timestamp('2007-05-19 16:26:05'), 'mag': 5.0}, {'lat': -28.757, 'long': -68.703, 'Time': Timestamp('2007-05-19 16:26:05'), 'mag': 5.0}, {'lat': 3.57, 'long': -102.272, 'Time': Timestamp('2007-05-18 08:52:02'), 'mag': 5.0}]",4,28
535,2007-05-12 19:50:23.275,0,[],0,23
536,2007-05-14 23:04:19.088,1,"[{'lat': -40.36, 'long': 174.64, 'Time': Timestamp('2007-05-16 13:18:29'), 'mag': 5.0}]",1,25
537,2007-04-27 02:18:53.382,1,"[{'lat': 48.096, 'long': 154.981, 'Time': Timestamp('2007-04-28 20:12:49'), 'mag': 5.0}, {'lat': 48.096, 'long': 154.981, 'Time': Timestamp('2007-04-28 20:12:49'), 'mag': 5.0}, {'lat': 48.096, 'long': 154.981, 'Time': Timestamp('2007-04-28 20:12:49'), 'mag': 5.0}, {'lat': 23.3, 'long': 143.272, 'Time': Timestamp('2007-04-28 13:24:51'), 'mag': 5.4}, {'lat': 23.3, 'long': 143.272, 'Time': Timestamp('2007-04-28 13:24:51'), 'mag': 5.4}, {'lat': 23.3, 'long': 143.272, 'Time': Timestamp('2007-04-28 13:24:51'), 'mag': 5.4}, {'lat': -6.965, 'long': 155.938, 'Time': Timestamp('2007-04-27 13:49:28'), 'mag': 5.8}, {'lat': -6.965, 'long': 155.938, 'Time': Timestamp('2007-04-27 13:49:28'), 'mag': 5.8}]",8,7
538,2007-04-27 07:14:26.341,1,"[{'lat': 36.447, 'long': 70.497, 'Time': Timestamp('2007-04-28 01:11:07'), 'mag': 5.0}, {'lat': 36.447, 'long': 70.497, 'Time': Timestamp('2007-04-28 01:11:07'), 'mag': 5.0}, {'lat': 36.447, 'long': 70.497, 'Time': Timestamp('2007-04-28 01:11:07'), 'mag': 5.0}, {'lat': 25.316, 'long': 62.154, 'Time': Timestamp('2007-04-29 06:33:54'), 'mag': 5.0}, {'lat': 25.316, 'long': 62.154, 'Time': Timestamp('2007-04-29 06:33:54'), 'mag': 5.0}]",5,7
539,2007-04-27 10:30:23.515,1,"[{'lat': -60.789, 'long': -20.208, 'Time': Timestamp('2007-04-28 14:02:37'), 'mag': 6.1}]",1,7
540,2007-05-04 13:49:23.570,1,"[{'lat': -56.46, 'long': -27.322, 'Time': Timestamp('2007-05-04 17:37:47'), 'mag': 5.0}, {'lat': 45.522, 'long': -27.708, 'Time': Timestamp('2007-05-06 06:07:29'), 'mag': 5.2}, {'lat': 45.522, 'long': -27.708, 'Time': Timestamp('2007-05-06 06:07:29'), 'mag': 5.2}]",3,14
541,2007-04-25 17:06:23.623,1,"[{'lat': -28.157, 'long': -70.78, 'Time': Timestamp('2007-04-26 12:13:29'), 'mag': 5.2}, {'lat': -28.157, 'long': -70.78, 'Time': Timestamp('2007-04-26 12:13:29'), 'mag': 5.2}]",2,5
542,2007-04-26 20:20:54.636,0,[],0,6
543,2007-05-01 23:34:19.712,1,"[{'lat': -34.115, 'long': -178.948, 'Time': Timestamp('2007-05-03 13:56:29'), 'mag': 5.6}, {'lat': -27.552, 'long': -178.073, 'Time': Timestamp('2007-05-03 17:25:25'), 'mag': 5.5}, {'lat': -34.115, 'long': -178.948, 'Time': Timestamp('2007-05-03 13:56:29'), 'mag': 5.6}, {'lat': -27.552, 'long': -178.073, 'Time': Timestamp('2007-05-03 17:25:25'), 'mag': 5.5}, {'lat': -8.878, 'long': 157.814, 'Time': Timestamp('2007-05-02 11:22:31'), 'mag': 5.1}, {'lat': -8.878, 'long': 157.814, 'Time': Timestamp('2007-05-02 11:22:31'), 'mag': 5.1}, {'lat': -8.878, 'long': 157.814, 'Time': Timestamp('2007-05-02 11:22:31'), 'mag': 5.1}]",7,11
544,2007-04-29 07:44:56.742,0,[],0,8
545,2007-05-15 11:01:40.279,0,[],0,24
546,2007-05-11 14:20:23.971,0,[],0,20
547,2007-05-05 17:36:54.024,1,"[{'lat': 6.705, 'long': -72.946, 'Time': Timestamp('2007-05-06 04:47:13'), 'mag': 5.4}, {'lat': 6.705, 'long': -72.946, 'Time': Timestamp('2007-05-06 04:47:13'), 'mag': 5.4}, {'lat': 6.705, 'long': -72.946, 'Time': Timestamp('2007-05-06 04:47:13'), 'mag': 5.4}, {'lat': -44.85, 'long': -80.453, 'Time': Timestamp('2007-05-07 11:15:16'), 'mag': 6.1}, {'lat': -54.836, 'long': -130.768, 'Time': Timestamp('2007-05-07 07:39:28'), 'mag': 5.4}, {'lat': -54.836, 'long': -130.768, 'Time': Timestamp('2007-05-07 07:39:28'), 'mag': 5.4}]",6,14
548,2007-04-28 20:50:55.366,0,[],0,7
549,2007-05-04 00:04:53.130,1,"[{'lat': 51.417, 'long': -177.783, 'Time': Timestamp('2007-05-05 20:55:00'), 'mag': 5.0}]",1,12
550,2007-05-09 08:15:53.465,0,[],0,17
551,2007-05-18 11:32:53.318,1,"[{'lat': -56.903, 'long': -24.964, 'Time': Timestamp('2007-05-19 10:38:33'), 'mag': 5.2}, {'lat': -56.903, 'long': -24.964, 'Time': Timestamp('2007-05-19 10:38:33'), 'mag': 5.2}]",2,26
552,2007-05-11 14:51:23.373,0,[],0,19
553,2007-05-11 21:20:21.559,1,"[{'lat': -32.588, 'long': -178.566, 'Time': Timestamp('2007-05-12 03:35:04'), 'mag': 5.0}, {'lat': -21.683, 'long': -179.211, 'Time': Timestamp('2007-05-13 03:36:14'), 'mag': 5.5}, {'lat': -19.513, 'long': -179.329, 'Time': Timestamp('2007-05-13 11:26:42'), 'mag': 5.8}, {'lat': -32.588, 'long': -178.566, 'Time': Timestamp('2007-05-12 03:35:04'), 'mag': 5.0}, {'lat': -32.588, 'long': -178.566, 'Time': Timestamp('2007-05-12 03:35:04'), 'mag': 5.0}]",5,19
554,2007-05-11 00:35:23.532,1,"[{'lat': -8.583, 'long': 157.6, 'Time': Timestamp('2007-05-11 13:22:59'), 'mag': 5.0}, {'lat': 19.03, 'long': 145.605, 'Time': Timestamp('2007-05-11 00:42:38'), 'mag': 5.1}, {'lat': 21.762, 'long': 143.015, 'Time': Timestamp('2007-05-11 05:54:07'), 'mag': 5.1}, {'lat': 20.161, 'long': 145.351, 'Time': Timestamp('2007-05-12 02:34:17'), 'mag': 5.0}, {'lat': 19.03, 'long': 145.605, 'Time': Timestamp('2007-05-11 00:42:38'), 'mag': 5.1}, {'lat': 21.762, 'long': 143.015, 'Time': Timestamp('2007-05-11 05:54:07'), 'mag': 5.1}, {'lat': 20.161, 'long': 145.351, 'Time': Timestamp('2007-05-12 02:34:17'), 'mag': 5.0}, {'lat': -8.583, 'long': 157.6, 'Time': Timestamp('2007-05-11 13:22:59'), 'mag': 5.0}, {'lat': -7.494, 'long': 156.127, 'Time': Timestamp('2007-05-12 04:38:24'), 'mag': 5.0}, {'lat': -5.463, 'long': 146.108, 'Time': Timestamp('2007-05-12 11:31:03'), 'mag': 5.9}, {'lat': -8.583, 'long': 157.6, 'Time': Timestamp('2007-05-11 13:22:59'), 'mag': 5.0}, {'lat': -7.494, 'long': 156.127, 'Time': Timestamp('2007-05-12 04:38:24'), 'mag': 5.0}, {'lat': -5.463, 'long': 146.108, 'Time': Timestamp('2007-05-12 11:31:03'), 'mag': 5.9}, {'lat': -7.494, 'long': 156.127, 'Time': Timestamp('2007-05-12 04:38:24'), 'mag': 5.0}, {'lat': -5.463, 'long': 146.108, 'Time': Timestamp('2007-05-12 11:31:03'), 'mag': 5.9}]",15,18
555,2007-05-02 07:08:26.518,0,[],0,9
556,2007-05-05 10:24:23.692,1,"[{'lat': -7.666, 'long': -13.563, 'Time': Timestamp('2007-05-06 17:44:40'), 'mag': 5.0}]",1,12
557,2007-05-02 13:43:23.746,1,"[{'lat': -1.41, 'long': -14.921, 'Time': Timestamp('2007-05-04 12:06:51'), 'mag': 6.2}, {'lat': -1.41, 'long': -14.921, 'Time': Timestamp('2007-05-04 12:06:51'), 'mag': 6.2}, {'lat': -1.41, 'long': -14.921, 'Time': Timestamp('2007-05-04 12:06:51'), 'mag': 6.2}]",3,9
558,2007-05-21 17:00:23.800,0,[],0,28
559,2007-05-16 20:14:53.719,0,[],0,23
560,2007-05-14 23:28:23.873,1,"[{'lat': -40.36, 'long': 174.64, 'Time': Timestamp('2007-05-16 13:18:29'), 'mag': 5.0}, {'lat': -7.735, 'long': 155.524, 'Time': Timestamp('2007-05-15 12:41:05'), 'mag': 5.0}, {'lat': -7.735, 'long': 155.524, 'Time': Timestamp('2007-05-15 12:41:05'), 'mag': 5.0}, {'lat': -7.735, 'long': 155.524, 'Time': Timestamp('2007-05-15 12:41:05'), 'mag': 5.0}]",4,21
561,2007-05-02 09:15:54.066,0,[],0,8
562,2007-04-29 12:34:53.645,0,[],0,5
563,2007-05-16 15:52:47.606,1,"[{'lat': -45.021, 'long': -80.722, 'Time': Timestamp('2007-05-16 16:48:09'), 'mag': 5.4}, {'lat': -45.021, 'long': -80.722, 'Time': Timestamp('2007-05-16 16:48:09'), 'mag': 5.4}]",2,22
564,2007-05-11 19:08:23.228,1,"[{'lat': -49.75, 'long': -116.75, 'Time': Timestamp('2007-05-12 10:16:56'), 'mag': 5.2}, {'lat': -49.75, 'long': -116.75, 'Time': Timestamp('2007-05-12 10:16:56'), 'mag': 5.2}, {'lat': -49.75, 'long': -116.75, 'Time': Timestamp('2007-05-12 10:16:56'), 'mag': 5.2}]",3,17
565,2007-05-02 22:21:53.281,0,[],0,8
566,2007-05-19 01:35:53.334,1,"[{'lat': 37.944, 'long': 135.393, 'Time': Timestamp('2007-05-20 22:19:40'), 'mag': 5.3}, {'lat': 37.944, 'long': 135.393, 'Time': Timestamp('2007-05-20 22:19:40'), 'mag': 5.3}]",2,24
567,2007-05-04 06:31:24.263,1,"[{'lat': 34.674, 'long': 89.982, 'Time': Timestamp('2007-05-05 17:38:23'), 'mag': 5.0}, {'lat': 34.248, 'long': 81.967, 'Time': Timestamp('2007-05-05 08:51:39'), 'mag': 6.1}, {'lat': 34.674, 'long': 89.982, 'Time': Timestamp('2007-05-05 17:38:23'), 'mag': 5.0}, {'lat': 34.126, 'long': 81.942, 'Time': Timestamp('2007-05-06 01:27:05'), 'mag': 5.0}, {'lat': 34.248, 'long': 81.967, 'Time': Timestamp('2007-05-05 08:51:39'), 'mag': 6.1}, {'lat': 34.674, 'long': 89.982, 'Time': Timestamp('2007-05-05 17:38:23'), 'mag': 5.0}, {'lat': 34.126, 'long': 81.942, 'Time': Timestamp('2007-05-06 01:27:05'), 'mag': 5.0}]",7,9
568,2007-05-01 09:46:53.504,0,[],0,6
569,2007-05-05 13:06:23.224,1,"[{'lat': -7.666, 'long': -13.563, 'Time': Timestamp('2007-05-06 17:44:40'), 'mag': 5.0}, {'lat': -7.666, 'long': -13.563, 'Time': Timestamp('2007-05-06 17:44:40'), 'mag': 5.0}, {'lat': 45.522, 'long': -27.708, 'Time': Timestamp('2007-05-06 06:07:29'), 'mag': 5.2}, {'lat': 45.522, 'long': -27.708, 'Time': Timestamp('2007-05-06 06:07:29'), 'mag': 5.2}, {'lat': 45.522, 'long': -27.708, 'Time': Timestamp('2007-05-06 06:07:29'), 'mag': 5.2}]",5,10
570,2007-05-25 22:52:23.596,1,"[{'lat': -17.704, 'long': -172.918, 'Time': Timestamp('2007-05-26 02:29:24'), 'mag': 5.4}, {'lat': -20.069, 'long': -174.519, 'Time': Timestamp('2007-05-27 18:12:34'), 'mag': 5.6}, {'lat': -17.704, 'long': -172.918, 'Time': Timestamp('2007-05-26 02:29:24'), 'mag': 5.4}, {'lat': -20.069, 'long': -174.519, 'Time': Timestamp('2007-05-27 18:12:34'), 'mag': 5.6}, {'lat': -17.704, 'long': -172.918, 'Time': Timestamp('2007-05-26 02:29:24'), 'mag': 5.4}, {'lat': -20.069, 'long': -174.519, 'Time': Timestamp('2007-05-27 18:12:34'), 'mag': 5.6}]",6,30
571,2007-05-01 08:38:52.662,0,[],0,5
572,2007-05-02 11:57:55.808,0,[],0,6
573,2007-05-15 15:15:52.425,1,"[{'lat': -45.021, 'long': -80.722, 'Time': Timestamp('2007-05-16 16:48:09'), 'mag': 5.4}, {'lat': -45.021, 'long': -80.722, 'Time': Timestamp('2007-05-16 16:48:09'), 'mag': 5.4}, {'lat': -45.021, 'long': -80.722, 'Time': Timestamp('2007-05-16 16:48:09'), 'mag': 5.4}]",3,19
574,2007-05-01 18:31:54.063,0,[],0,5
575,2007-05-19 21:44:20.314,0,[],0,23
576,2007-05-10 00:59:23.168,1,"[{'lat': -6.883, 'long': 155.412, 'Time': Timestamp('2007-05-10 11:15:07'), 'mag': 5.5}, {'lat': -8.583, 'long': 157.6, 'Time': Timestamp('2007-05-11 13:22:59'), 'mag': 5.0}, {'lat': -5.111, 'long': 153.594, 'Time': Timestamp('2007-05-10 07:20:32'), 'mag': 5.0}, {'lat': -6.883, 'long': 155.412, 'Time': Timestamp('2007-05-10 11:15:07'), 'mag': 5.5}, {'lat': -8.583, 'long': 157.6, 'Time': Timestamp('2007-05-11 13:22:59'), 'mag': 5.0}, {'lat': -6.883, 'long': 155.412, 'Time': Timestamp('2007-05-10 11:15:07'), 'mag': 5.5}, {'lat': -8.583, 'long': 157.6, 'Time': Timestamp('2007-05-11 13:22:59'), 'mag': 5.0}, {'lat': 47.076, 'long': 153.441, 'Time': Timestamp('2007-05-10 21:54:47'), 'mag': 5.1}, {'lat': 47.076, 'long': 153.441, 'Time': Timestamp('2007-05-10 21:54:47'), 'mag': 5.1}, {'lat': 47.076, 'long': 153.441, 'Time': Timestamp('2007-05-10 21:54:47'), 'mag': 5.1}, {'lat': 21.883, 'long': 143.088, 'Time': Timestamp('2007-05-10 19:21:06'), 'mag': 5.1}, {'lat': 19.03, 'long': 145.605, 'Time': Timestamp('2007-05-11 00:42:38'), 'mag': 5.1}, {'lat': 21.762, 'long': 143.015, 'Time': Timestamp('2007-05-11 05:54:07'), 'mag': 5.1}, {'lat': 21.883, 'long': 143.088, 'Time': Timestamp('2007-05-10 19:21:06'), 'mag': 5.1}, {'lat': 19.03, 'long': 145.605, 'Time': Timestamp('2007-05-11 00:42:38'), 'mag': 5.1}, {'lat': 21.762, 'long': 143.015, 'Time': Timestamp('2007-05-11 05:54:07'), 'mag': 5.1}, {'lat': 19.03, 'long': 145.605, 'Time': Timestamp('2007-05-11 00:42:38'), 'mag': 5.1}, {'lat': -5.111, 'long': 153.594, 'Time': Timestamp('2007-05-10 07:20:32'), 'mag': 5.0}, {'lat': -5.607, 'long': 133.842, 'Time': Timestamp('2007-05-10 18:37:10'), 'mag': 5.1}, {'lat': -5.607, 'long': 133.842, 'Time': Timestamp('2007-05-10 18:37:10'), 'mag': 5.1}, {'lat': -5.607, 'long': 133.842, 'Time': Timestamp('2007-05-10 18:37:10'), 'mag': 5.1}]",21,13
577,2007-05-21 05:54:26.128,1,"[{'lat': 2.009, 'long': 96.749, 'Time': Timestamp('2007-05-22 03:41:12'), 'mag': 5.0}, {'lat': 2.009, 'long': 96.749, 'Time': Timestamp('2007-05-22 03:41:12'), 'mag': 5.0}]",2,24
578,2007-05-02 09:09:23.302,0,[],0,5
579,2007-05-12 12:28:53.881,0,[],0,15
580,2007-05-23 15:46:50.497,0,[],0,26
581,2007-05-20 19:01:53.464,0,[],0,23
582,2007-05-10 22:15:52.925,0,[],0,13
583,2007-05-07 01:29:53.569,1,"[{'lat': 9.513, 'long': 125.759, 'Time': Timestamp('2007-05-07 03:04:39'), 'mag': 5.0}, {'lat': 9.513, 'long': 125.759, 'Time': Timestamp('2007-05-07 03:04:39'), 'mag': 5.0}]",2,9
584,2007-05-21 06:25:26.385,1,"[{'lat': 2.009, 'long': 96.749, 'Time': Timestamp('2007-05-22 03:41:12'), 'mag': 5.0}]",1,23
585,2007-05-05 09:40:52.130,0,[],0,7
586,2007-05-14 17:55:23.838,1,"[{'lat': -55.477, 'long': -127.989, 'Time': Timestamp('2007-05-15 01:14:55'), 'mag': 5.6}, {'lat': -55.477, 'long': -127.989, 'Time': Timestamp('2007-05-15 01:14:55'), 'mag': 5.6}]",2,16
587,2007-05-13 21:06:20.978,0,[],0,15
588,2007-05-06 00:23:23.944,0,[],0,7
589,2007-05-27 03:39:52.971,1,"[{'lat': 21.836, 'long': 143.049, 'Time': Timestamp('2007-05-28 09:15:00'), 'mag': 5.0}, {'lat': -42.038, 'long': 85.028, 'Time': Timestamp('2007-05-28 16:26:19'), 'mag': 5.0}, {'lat': -42.038, 'long': 85.028, 'Time': Timestamp('2007-05-28 16:26:19'), 'mag': 5.0}]",3,28
590,2007-05-20 06:55:49.475,0,[],0,21
591,2007-05-17 10:11:50.202,0,[],0,18
592,2007-05-24 13:30:53.158,0,[],0,25
593,2007-05-22 23:16:20.406,1,"[{'lat': -7.92, 'long': 156.633, 'Time': Timestamp('2007-05-23 22:00:11'), 'mag': 5.2}, {'lat': -9.228, 'long': 157.433, 'Time': Timestamp('2007-05-24 01:06:58'), 'mag': 5.5}, {'lat': -7.92, 'long': 156.633, 'Time': Timestamp('2007-05-23 22:00:11'), 'mag': 5.2}, {'lat': -9.228, 'long': 157.433, 'Time': Timestamp('2007-05-24 01:06:58'), 'mag': 5.5}, {'lat': -7.92, 'long': 156.633, 'Time': Timestamp('2007-05-23 22:00:11'), 'mag': 5.2}, {'lat': -9.228, 'long': 157.433, 'Time': Timestamp('2007-05-24 01:06:58'), 'mag': 5.5}]",6,23
594,2007-05-26 09:03:21.793,0,[],0,26
595,2007-05-28 17:18:53.613,1,"[{'lat': -35.837, 'long': -102.743, 'Time': Timestamp('2007-05-29 18:15:50'), 'mag': 5.1}, {'lat': -35.837, 'long': -102.743, 'Time': Timestamp('2007-05-29 18:15:50'), 'mag': 5.1}, {'lat': -35.837, 'long': -102.743, 'Time': Timestamp('2007-05-29 18:15:50'), 'mag': 5.1}]",3,28
596,2007-05-08 20:32:47.763,1,"[{'lat': 40.3745, 'long': -125.0161667, 'Time': Timestamp('2007-05-09 07:50:03'), 'mag': 5.2}, {'lat': 40.3745, 'long': -125.0161667, 'Time': Timestamp('2007-05-09 07:50:03'), 'mag': 5.2}, {'lat': 40.3745, 'long': -125.0161667, 'Time': Timestamp('2007-05-09 07:50:03'), 'mag': 5.2}]",3,8
597,2007-05-14 23:46:53.720,1,"[{'lat': -40.36, 'long': 174.64, 'Time': Timestamp('2007-05-16 13:18:29'), 'mag': 5.0}, {'lat': -40.36, 'long': 174.64, 'Time': Timestamp('2007-05-16 13:18:29'), 'mag': 5.0}, {'lat': -40.36, 'long': 174.64, 'Time': Timestamp('2007-05-16 13:18:29'), 'mag': 5.0}, {'lat': -7.735, 'long': 155.524, 'Time': Timestamp('2007-05-15 12:41:05'), 'mag': 5.0}, {'lat': -7.735, 'long': 155.524, 'Time': Timestamp('2007-05-15 12:41:05'), 'mag': 5.0}, {'lat': -7.735, 'long': 155.524, 'Time': Timestamp('2007-05-15 12:41:05'), 'mag': 5.0}]",6,14
598,2007-05-30 07:57:21.275,0,[],0,29
599,2007-05-25 11:13:51.005,1,"[{'lat': -35.75, 'long': -17.25, 'Time': Timestamp('2007-05-27 02:59:12'), 'mag': 5.0}, {'lat': -35.75, 'long': -17.25, 'Time': Timestamp('2007-05-27 02:59:12'), 'mag': 5.0}]",2,24
600,2007-05-19 14:32:45.401,1,"[{'lat': -28.757, 'long': -68.703, 'Time': Timestamp('2007-05-19 16:26:05'), 'mag': 5.0}, {'lat': -29.588, 'long': -71.12, 'Time': Timestamp('2007-05-20 12:15:45'), 'mag': 5.4}, {'lat': -28.757, 'long': -68.703, 'Time': Timestamp('2007-05-19 16:26:05'), 'mag': 5.0}, {'lat': -29.588, 'long': -71.12, 'Time': Timestamp('2007-05-20 12:15:45'), 'mag': 5.4}, {'lat': -28.757, 'long': -68.703, 'Time': Timestamp('2007-05-19 16:26:05'), 'mag': 5.0}, {'lat': -29.588, 'long': -71.12, 'Time': Timestamp('2007-05-20 12:15:45'), 'mag': 5.4}]",6,18
601,2007-05-30 17:49:24.015,1,"[{'lat': 18.655, 'long': -104.137, 'Time': Timestamp('2007-05-31 10:11:11'), 'mag': 5.1}, {'lat': 18.655, 'long': -104.137, 'Time': Timestamp('2007-05-31 10:11:11'), 'mag': 5.1}, {'lat': -2.938, 'long': -102.538, 'Time': Timestamp('2007-06-01 07:31:07'), 'mag': 5.2}, {'lat': -2.938, 'long': -102.538, 'Time': Timestamp('2007-06-01 07:31:07'), 'mag': 5.2}, {'lat': -2.938, 'long': -102.538, 'Time': Timestamp('2007-06-01 07:31:07'), 'mag': 5.2}]",5,29
602,2007-05-25 21:03:26.356,1,"[{'lat': -17.704, 'long': -172.918, 'Time': Timestamp('2007-05-26 02:29:24'), 'mag': 5.4}, {'lat': -17.704, 'long': -172.918, 'Time': Timestamp('2007-05-26 02:29:24'), 'mag': 5.4}, {'lat': -20.069, 'long': -174.519, 'Time': Timestamp('2007-05-27 18:12:34'), 'mag': 5.6}]",3,24
603,2007-05-25 00:16:53.310,1,"[{'lat': -8.603, 'long': 149.686, 'Time': Timestamp('2007-05-26 06:11:19'), 'mag': 5.1}, {'lat': -8.603, 'long': 149.686, 'Time': Timestamp('2007-05-26 06:11:19'), 'mag': 5.1}, {'lat': -8.603, 'long': 149.686, 'Time': Timestamp('2007-05-26 06:11:19'), 'mag': 5.1}]",3,23
604,2007-05-22 08:28:19.461,0,[],0,20
605,2007-05-08 13:24:53.396,0,[],0,6
606,2007-05-10 23:10:20.643,1,"[{'lat': -32.588, 'long': -178.566, 'Time': Timestamp('2007-05-12 03:35:04'), 'mag': 5.0}, {'lat': -32.588, 'long': -178.566, 'Time': Timestamp('2007-05-12 03:35:04'), 'mag': 5.0}, {'lat': -8.583, 'long': 157.6, 'Time': Timestamp('2007-05-11 13:22:59'), 'mag': 5.0}, {'lat': -8.583, 'long': 157.6, 'Time': Timestamp('2007-05-11 13:22:59'), 'mag': 5.0}, {'lat': -7.494, 'long': 156.127, 'Time': Timestamp('2007-05-12 04:38:24'), 'mag': 5.0}]",5,8
607,2007-05-25 08:57:19.374,0,[],0,22
608,2007-06-02 12:16:23.770,1,"[{'lat': -55.986, 'long': -27.696, 'Time': Timestamp('2007-06-04 03:06:59'), 'mag': 5.2}, {'lat': -55.359, 'long': -29.531, 'Time': Timestamp('2007-06-03 11:17:37'), 'mag': 5.1}]",2,30
609,2007-05-29 15:34:22.240,0,[],0,26
610,2007-05-27 18:49:49.760,1,"[{'lat': -35.837, 'long': -102.743, 'Time': Timestamp('2007-05-29 18:15:50'), 'mag': 5.1}, {'lat': -35.837, 'long': -102.743, 'Time': Timestamp('2007-05-29 18:15:50'), 'mag': 5.1}, {'lat': -35.837, 'long': -102.743, 'Time': Timestamp('2007-05-29 18:15:50'), 'mag': 5.1}]",3,24
611,2007-05-24 22:03:48.250,1,"[{'lat': -17.887, 'long': -178.731, 'Time': Timestamp('2007-05-25 17:26:11'), 'mag': 5.4}, {'lat': -17.704, 'long': -172.918, 'Time': Timestamp('2007-05-26 02:29:24'), 'mag': 5.4}, {'lat': -17.887, 'long': -178.731, 'Time': Timestamp('2007-05-25 17:26:11'), 'mag': 5.4}, {'lat': -17.704, 'long': -172.918, 'Time': Timestamp('2007-05-26 02:29:24'), 'mag': 5.4}, {'lat': -17.887, 'long': -178.731, 'Time': Timestamp('2007-05-25 17:26:11'), 'mag': 5.4}, {'lat': -17.704, 'long': -172.918, 'Time': Timestamp('2007-05-26 02:29:24'), 'mag': 5.4}]",6,21
612,2007-05-31 01:17:52.846,1,"[{'lat': 54.914, 'long': 162.413, 'Time': Timestamp('2007-06-01 11:51:32'), 'mag': 5.0}, {'lat': 54.914, 'long': 162.413, 'Time': Timestamp('2007-06-01 11:51:32'), 'mag': 5.0}, {'lat': -1.136, 'long': 127.533, 'Time': Timestamp('2007-05-31 16:47:16'), 'mag': 5.0}, {'lat': -3.454, 'long': 148.668, 'Time': Timestamp('2007-06-01 19:22:05'), 'mag': 5.5}, {'lat': -1.136, 'long': 127.533, 'Time': Timestamp('2007-05-31 16:47:16'), 'mag': 5.0}]",5,27
613,2007-05-19 06:12:55.035,0,[],0,15
614,2007-05-24 09:28:24.200,0,[],0,20
615,2007-06-01 12:47:23.172,1,"[{'lat': -55.359, 'long': -29.531, 'Time': Timestamp('2007-06-03 11:17:37'), 'mag': 5.1}, {'lat': -55.359, 'long': -29.531, 'Time': Timestamp('2007-06-03 11:17:37'), 'mag': 5.1}]",2,28
616,2007-06-03 16:05:21.429,0,[],0,30
617,2007-06-02 19:20:23.368,0,[],0,29
618,2007-05-18 22:33:53.332,0,[],0,14
619,2007-05-31 01:48:20.371,1,"[{'lat': 54.914, 'long': 162.413, 'Time': Timestamp('2007-06-01 11:51:32'), 'mag': 5.0}, {'lat': 54.914, 'long': 162.413, 'Time': Timestamp('2007-06-01 11:51:32'), 'mag': 5.0}, {'lat': 54.914, 'long': 162.413, 'Time': Timestamp('2007-06-01 11:51:32'), 'mag': 5.0}, {'lat': -3.454, 'long': 148.668, 'Time': Timestamp('2007-06-01 19:22:05'), 'mag': 5.5}, {'lat': -3.454, 'long': 148.668, 'Time': Timestamp('2007-06-01 19:22:05'), 'mag': 5.5}, {'lat': -1.136, 'long': 127.533, 'Time': Timestamp('2007-05-31 16:47:16'), 'mag': 5.0}, {'lat': -1.136, 'long': 127.533, 'Time': Timestamp('2007-05-31 16:47:16'), 'mag': 5.0}]",7,26
620,2007-06-03 06:43:25.642,1,"[{'lat': 9.378, 'long': 93.864, 'Time': Timestamp('2007-06-04 01:22:14'), 'mag': 5.0}]",1,29
621,2007-05-22 09:59:21.945,0,[],0,17
622,2007-05-22 13:18:23.573,1,"[{'lat': 52.352, 'long': -31.814, 'Time': Timestamp('2007-05-23 04:41:46'), 'mag': 5.7}, {'lat': 52.352, 'long': -31.814, 'Time': Timestamp('2007-05-23 04:41:46'), 'mag': 5.7}]",2,17
623,2007-05-17 16:35:53.627,1,"[{'lat': -28.757, 'long': -68.703, 'Time': Timestamp('2007-05-19 16:26:05'), 'mag': 5.0}, {'lat': -28.757, 'long': -68.703, 'Time': Timestamp('2007-05-19 16:26:05'), 'mag': 5.0}, {'lat': -28.757, 'long': -68.703, 'Time': Timestamp('2007-05-19 16:26:05'), 'mag': 5.0}, {'lat': 3.57, 'long': -102.272, 'Time': Timestamp('2007-05-18 08:52:02'), 'mag': 5.0}]",4,12
624,2007-06-03 19:50:21.224,0,[],0,29
625,2007-06-01 23:04:19.492,0,[],0,27
626,2007-05-22 02:18:55.415,1,"[{'lat': 21.883, 'long': 143.121, 'Time': Timestamp('2007-05-23 08:16:09'), 'mag': 5.2}, {'lat': 21.883, 'long': 143.121, 'Time': Timestamp('2007-05-23 08:16:09'), 'mag': 5.2}, {'lat': 21.883, 'long': 143.121, 'Time': Timestamp('2007-05-23 08:16:09'), 'mag': 5.2}, {'lat': -7.92, 'long': 156.633, 'Time': Timestamp('2007-05-23 22:00:11'), 'mag': 5.2}, {'lat': -7.92, 'long': 156.633, 'Time': Timestamp('2007-05-23 22:00:11'), 'mag': 5.2}, {'lat': -9.553, 'long': 118.797, 'Time': Timestamp('2007-05-24 01:06:25'), 'mag': 5.6}, {'lat': -9.553, 'long': 118.797, 'Time': Timestamp('2007-05-24 01:06:25'), 'mag': 5.6}, {'lat': -9.553, 'long': 118.797, 'Time': Timestamp('2007-05-24 01:06:25'), 'mag': 5.6}]",8,16
627,2007-05-14 07:14:23.509,0,[],0,8
628,2007-05-26 10:30:25.114,1,"[{'lat': -35.75, 'long': -17.25, 'Time': Timestamp('2007-05-27 02:59:12'), 'mag': 5.0}, {'lat': -35.75, 'long': -17.25, 'Time': Timestamp('2007-05-27 02:59:12'), 'mag': 5.0}]",2,20
629,2007-05-22 13:49:23.974,1,"[{'lat': 52.352, 'long': -31.814, 'Time': Timestamp('2007-05-23 04:41:46'), 'mag': 5.7}, {'lat': 52.352, 'long': -31.814, 'Time': Timestamp('2007-05-23 04:41:46'), 'mag': 5.7}]",2,16
630,2007-05-12 17:06:24.028,1,"[{'lat': -41.4, 'long': -89.066, 'Time': Timestamp('2007-05-13 03:23:53'), 'mag': 5.0}, {'lat': -41.4, 'long': -89.066, 'Time': Timestamp('2007-05-13 03:23:53'), 'mag': 5.0}]",2,6
631,2007-06-02 20:20:48.851,0,[],0,27
632,2007-06-02 23:34:19.116,1,"[{'lat': -7.236, 'long': 155.741, 'Time': Timestamp('2007-06-04 21:09:00'), 'mag': 5.2}, {'lat': -7.184, 'long': 155.831, 'Time': Timestamp('2007-06-04 21:13:26'), 'mag': 5.0}, {'lat': -7.236, 'long': 155.741, 'Time': Timestamp('2007-06-04 21:09:00'), 'mag': 5.2}, {'lat': -7.184, 'long': 155.831, 'Time': Timestamp('2007-06-04 21:13:26'), 'mag': 5.0}, {'lat': -7.236, 'long': 155.741, 'Time': Timestamp('2007-06-04 21:09:00'), 'mag': 5.2}, {'lat': -7.184, 'long': 155.831, 'Time': Timestamp('2007-06-04 21:13:26'), 'mag': 5.0}]",6,27
633,2007-05-31 07:44:54.350,0,[],0,24
634,2007-05-24 11:01:20.420,0,[],0,17
635,2007-06-02 14:20:21.567,0,[],0,26
636,2007-05-16 17:36:53.429,1,"[{'lat': 3.57, 'long': -102.272, 'Time': Timestamp('2007-05-18 08:52:02'), 'mag': 5.0}, {'lat': 3.57, 'long': -102.272, 'Time': Timestamp('2007-05-18 08:52:02'), 'mag': 5.0}]",2,9
637,2007-05-29 01:42:20.548,1,"[{'lat': 52.137, 'long': 157.293, 'Time': Timestamp('2007-05-30 20:22:12'), 'mag': 6.4}, {'lat': 52.137, 'long': 157.293, 'Time': Timestamp('2007-05-30 20:22:12'), 'mag': 6.4}, {'lat': 52.137, 'long': 157.293, 'Time': Timestamp('2007-05-30 20:22:12'), 'mag': 6.4}, {'lat': -1.065, 'long': 127.343, 'Time': Timestamp('2007-05-29 09:36:05'), 'mag': 6.1}, {'lat': -1.066, 'long': 127.419, 'Time': Timestamp('2007-05-29 09:42:58'), 'mag': 5.5}, {'lat': -1.074, 'long': 127.465, 'Time': Timestamp('2007-05-29 12:00:22'), 'mag': 5.1}, {'lat': -0.011, 'long': 122.796, 'Time': Timestamp('2007-05-29 20:12:39'), 'mag': 5.5}, {'lat': -1.065, 'long': 127.343, 'Time': Timestamp('2007-05-29 09:36:05'), 'mag': 6.1}, {'lat': -1.066, 'long': 127.419, 'Time': Timestamp('2007-05-29 09:42:58'), 'mag': 5.5}, {'lat': -1.074, 'long': 127.465, 'Time': Timestamp('2007-05-29 12:00:22'), 'mag': 5.1}, {'lat': -0.011, 'long': 122.796, 'Time': Timestamp('2007-05-29 20:12:39'), 'mag': 5.5}]",11,21
638,2007-06-03 06:37:25.819,1,"[{'lat': 9.378, 'long': 93.864, 'Time': Timestamp('2007-06-04 01:22:14'), 'mag': 5.0}, {'lat': 9.378, 'long': 93.864, 'Time': Timestamp('2007-06-04 01:22:14'), 'mag': 5.0}]",2,26
639,2007-06-03 09:52:50.794,0,[],0,26
640,2007-06-04 13:12:23.750,1,"[{'lat': -60.182, 'long': -26.728, 'Time': Timestamp('2007-06-05 15:27:02'), 'mag': 5.7}, {'lat': -60.182, 'long': -26.728, 'Time': Timestamp('2007-06-05 15:27:02'), 'mag': 5.7}]",2,27
641,2007-05-24 21:21:19.196,1,"[{'lat': -17.704, 'long': -172.918, 'Time': Timestamp('2007-05-26 02:29:24'), 'mag': 5.4}, {'lat': -17.887, 'long': -178.731, 'Time': Timestamp('2007-05-25 17:26:11'), 'mag': 5.4}, {'lat': -17.704, 'long': -172.918, 'Time': Timestamp('2007-05-26 02:29:24'), 'mag': 5.4}]",3,16
642,2007-05-14 00:35:20.030,1,"[{'lat': 47.825, 'long': 154.546, 'Time': Timestamp('2007-05-15 11:22:18'), 'mag': 5.3}, {'lat': 46.82, 'long': 155.45, 'Time': Timestamp('2007-05-15 17:42:41'), 'mag': 5.2}, {'lat': 47.825, 'long': 154.546, 'Time': Timestamp('2007-05-15 11:22:18'), 'mag': 5.3}, {'lat': 46.82, 'long': 155.45, 'Time': Timestamp('2007-05-15 17:42:41'), 'mag': 5.2}, {'lat': 47.825, 'long': 154.546, 'Time': Timestamp('2007-05-15 11:22:18'), 'mag': 5.3}, {'lat': 46.82, 'long': 155.45, 'Time': Timestamp('2007-05-15 17:42:41'), 'mag': 5.2}, {'lat': -7.735, 'long': 155.524, 'Time': Timestamp('2007-05-15 12:41:05'), 'mag': 5.0}, {'lat': -7.735, 'long': 155.524, 'Time': Timestamp('2007-05-15 12:41:05'), 'mag': 5.0}, {'lat': -7.735, 'long': 155.524, 'Time': Timestamp('2007-05-15 12:41:05'), 'mag': 5.0}]",9,5
643,2007-06-07 07:08:23.686,0,[],0,29
644,2007-05-20 15:22:16.228,0,[],0,11
645,2007-05-24 18:37:53.290,1,"[{'lat': -35.928, 'long': -103.097, 'Time': Timestamp('2007-05-26 02:44:46'), 'mag': 5.5}, {'lat': -35.928, 'long': -103.097, 'Time': Timestamp('2007-05-26 02:44:46'), 'mag': 5.5}, {'lat': -35.928, 'long': -103.097, 'Time': Timestamp('2007-05-26 02:44:46'), 'mag': 5.5}]",3,15
646,2007-06-02 21:51:40.464,0,[],0,24
647,2007-05-20 01:05:50.930,1,"[{'lat': -9.29, 'long': 159.114, 'Time': Timestamp('2007-05-21 05:25:13'), 'mag': 5.0}, {'lat': -9.29, 'long': 159.114, 'Time': Timestamp('2007-05-21 05:25:13'), 'mag': 5.0}, {'lat': -9.29, 'long': 159.114, 'Time': Timestamp('2007-05-21 05:25:13'), 'mag': 5.0}]",3,10
648,2007-06-01 07:38:54.586,0,[],0,22
649,2007-05-17 10:55:19.439,1,"[{'lat': -56.903, 'long': -24.964, 'Time': Timestamp('2007-05-19 10:38:33'), 'mag': 5.2}, {'lat': -56.903, 'long': -24.964, 'Time': Timestamp('2007-05-19 10:38:33'), 'mag': 5.2}]",2,7
650,2007-05-25 14:14:23.611,1,"[{'lat': -24.222, 'long': -67.027, 'Time': Timestamp('2007-05-25 17:47:31'), 'mag': 5.9}, {'lat': -27.507, 'long': -67.409, 'Time': Timestamp('2007-05-27 10:23:12'), 'mag': 5.2}, {'lat': -24.222, 'long': -67.027, 'Time': Timestamp('2007-05-25 17:47:31'), 'mag': 5.9}, {'lat': -27.507, 'long': -67.409, 'Time': Timestamp('2007-05-27 10:23:12'), 'mag': 5.2}, {'lat': -27.507, 'long': -67.409, 'Time': Timestamp('2007-05-27 10:23:12'), 'mag': 5.2}]",5,15
651,2007-06-02 17:30:53.664,0,[],0,23
652,2007-05-28 20:44:51.910,0,[],0,18
653,2007-06-09 23:58:53.770,0,[],0,30
654,2007-06-06 08:09:48.346,1,"[{'lat': 42.614, 'long': 75.417, 'Time': Timestamp('2007-06-06 11:09:26'), 'mag': 5.0}, {'lat': 42.614, 'long': 75.417, 'Time': Timestamp('2007-06-06 11:09:26'), 'mag': 5.0}, {'lat': 42.614, 'long': 75.417, 'Time': Timestamp('2007-06-06 11:09:26'), 'mag': 5.0}]",3,26
655,2007-05-27 11:26:23.958,0,[],0,16
656,2007-06-03 14:45:22.540,0,[],0,23
657,2007-06-02 18:01:24.065,0,[],0,22
658,2007-06-02 22:52:23.000,0,[],0,22
659,2007-05-29 07:01:58.335,0,[],0,17
660,2007-05-28 10:17:51.759,0,[],0,16
661,2007-05-25 13:37:23.387,1,"[{'lat': -35.75, 'long': -17.25, 'Time': Timestamp('2007-05-27 02:59:12'), 'mag': 5.0}]",1,13
662,2007-05-28 16:54:23.441,1,"[{'lat': -35.837, 'long': -102.743, 'Time': Timestamp('2007-05-29 18:15:50'), 'mag': 5.1}, {'lat': -35.837, 'long': -102.743, 'Time': Timestamp('2007-05-29 18:15:50'), 'mag': 5.1}, {'lat': -35.837, 'long': -102.743, 'Time': Timestamp('2007-05-29 18:15:50'), 'mag': 5.1}]",3,16
663,2007-06-01 20:08:53.493,0,[],0,20
664,2007-05-17 23:22:23.401,1,"[{'lat': -19.366, 'long': -173.132, 'Time': Timestamp('2007-05-18 00:45:22'), 'mag': 5.1}, {'lat': -15.314, 'long': -173.634, 'Time': Timestamp('2007-05-18 09:49:02'), 'mag': 5.2}, {'lat': -19.366, 'long': -173.132, 'Time': Timestamp('2007-05-18 00:45:22'), 'mag': 5.1}, {'lat': -15.314, 'long': -173.634, 'Time': Timestamp('2007-05-18 09:49:02'), 'mag': 5.2}, {'lat': -19.366, 'long': -173.132, 'Time': Timestamp('2007-05-18 00:45:22'), 'mag': 5.1}, {'lat': -8.617, 'long': 154.409, 'Time': Timestamp('2007-05-18 06:46:48'), 'mag': 5.2}, {'lat': -8.617, 'long': 154.409, 'Time': Timestamp('2007-05-18 06:46:48'), 'mag': 5.2}, {'lat': -7.316, 'long': 151.906, 'Time': Timestamp('2007-05-18 23:11:26'), 'mag': 5.7}]",8,5
665,2007-06-01 07:32:53.200,0,[],0,19
666,2007-06-06 10:48:54.928,0,[],0,24
667,2007-06-11 14:08:23.788,0,[],0,29
668,2007-06-11 23:52:53.948,1,"[{'lat': -16.234, 'long': -174.376, 'Time': Timestamp('2007-06-12 23:18:28'), 'mag': 5.1}, {'lat': -60.96, 'long': 160.793, 'Time': Timestamp('2007-06-12 21:03:38'), 'mag': 5.3}, {'lat': -61.5, 'long': 154.5, 'Time': Timestamp('2007-06-13 03:08:32'), 'mag': 5.0}]",3,29
669,2007-05-23 08:03:18.506,0,[],0,9
670,2007-06-10 11:20:20.456,1,"[{'lat': -35.687, 'long': -16.144, 'Time': Timestamp('2007-06-11 17:13:44'), 'mag': 5.5}, {'lat': -35.687, 'long': -16.144, 'Time': Timestamp('2007-06-11 17:13:44'), 'mag': 5.5}, {'lat': -35.687, 'long': -16.144, 'Time': Timestamp('2007-06-11 17:13:44'), 'mag': 5.5}]",3,27
671,2007-05-27 14:38:51.604,0,[],0,13
672,2007-05-20 17:55:23.243,0,[],0,6
673,2007-05-22 21:09:25.584,0,[],0,8
674,2007-05-28 00:23:23.348,1,"[{'lat': -13.833, 'long': 166.615, 'Time': Timestamp('2007-05-29 05:48:29'), 'mag': 5.7}, {'lat': -13.833, 'long': 166.615, 'Time': Timestamp('2007-05-29 05:48:29'), 'mag': 5.7}, {'lat': 21.836, 'long': 143.049, 'Time': Timestamp('2007-05-28 09:15:00'), 'mag': 5.0}, {'lat': -4.587, 'long': 151.841, 'Time': Timestamp('2007-05-29 01:03:27'), 'mag': 6.1}, {'lat': -4.587, 'long': 151.841, 'Time': Timestamp('2007-05-29 01:03:27'), 'mag': 6.1}]",5,13
675,2007-05-22 05:18:04.032,1,"[{'lat': 2.629, 'long': 95.548, 'Time': Timestamp('2007-05-23 20:19:14'), 'mag': 5.2}, {'lat': 2.629, 'long': 95.548, 'Time': Timestamp('2007-05-23 20:19:14'), 'mag': 5.2}]",2,7
676,2007-05-20 08:34:21.674,1,"[{'lat': 35.117, 'long': 27.808, 'Time': Timestamp('2007-05-21 16:39:08'), 'mag': 5.0}, {'lat': 35.117, 'long': 27.808, 'Time': Timestamp('2007-05-21 16:39:08'), 'mag': 5.0}, {'lat': 35.117, 'long': 27.808, 'Time': Timestamp('2007-05-21 16:39:08'), 'mag': 5.0}]",3,5
677,2007-06-06 11:51:23.587,0,[],0,22
678,2007-06-11 15:09:52.615,1,"[{'lat': -41.306, 'long': -90.687, 'Time': Timestamp('2007-06-12 15:07:50'), 'mag': 5.1}]",1,27
679,2007-05-27 18:25:23.694,1,"[{'lat': -35.837, 'long': -102.743, 'Time': Timestamp('2007-05-29 18:15:50'), 'mag': 5.1}, {'lat': -35.837, 'long': -102.743, 'Time': Timestamp('2007-05-29 18:15:50'), 'mag': 5.1}, {'lat': -35.837, 'long': -102.743, 'Time': Timestamp('2007-05-29 18:15:50'), 'mag': 5.1}]",3,12
680,2007-05-24 21:39:19.172,1,"[{'lat': -17.887, 'long': -178.731, 'Time': Timestamp('2007-05-25 17:26:11'), 'mag': 5.4}, {'lat': -17.704, 'long': -172.918, 'Time': Timestamp('2007-05-26 02:29:24'), 'mag': 5.4}, {'lat': -17.887, 'long': -178.731, 'Time': Timestamp('2007-05-25 17:26:11'), 'mag': 5.4}, {'lat': -17.704, 'long': -172.918, 'Time': Timestamp('2007-05-26 02:29:24'), 'mag': 5.4}, {'lat': -17.887, 'long': -178.731, 'Time': Timestamp('2007-05-25 17:26:11'), 'mag': 5.4}, {'lat': -17.704, 'long': -172.918, 'Time': Timestamp('2007-05-26 02:29:24'), 'mag': 5.4}]",6,9
681,2007-05-29 00:53:21.122,1,"[{'lat': -13.833, 'long': 166.615, 'Time': Timestamp('2007-05-29 05:48:29'), 'mag': 5.7}, {'lat': -13.833, 'long': 166.615, 'Time': Timestamp('2007-05-29 05:48:29'), 'mag': 5.7}, {'lat': -13.833, 'long': 166.615, 'Time': Timestamp('2007-05-29 05:48:29'), 'mag': 5.7}, {'lat': 52.137, 'long': 157.293, 'Time': Timestamp('2007-05-30 20:22:12'), 'mag': 6.4}, {'lat': 52.137, 'long': 157.293, 'Time': Timestamp('2007-05-30 20:22:12'), 'mag': 6.4}, {'lat': 52.137, 'long': 157.293, 'Time': Timestamp('2007-05-30 20:22:12'), 'mag': 6.4}, {'lat': -4.587, 'long': 151.841, 'Time': Timestamp('2007-05-29 01:03:27'), 'mag': 6.1}, {'lat': -4.587, 'long': 151.841, 'Time': Timestamp('2007-05-29 01:03:27'), 'mag': 6.1}, {'lat': -4.587, 'long': 151.841, 'Time': Timestamp('2007-05-29 01:03:27'), 'mag': 6.1}]",9,13
682,2007-06-15 07:26:24.756,0,[],0,30
683,2007-06-01 10:42:55.155,0,[],0,16
684,2007-06-06 14:01:54.015,0,[],0,21
685,2007-06-09 17:18:54.069,1,"[{'lat': -3.168, 'long': -79.012, 'Time': Timestamp('2007-06-11 00:19:38'), 'mag': 5.1}, {'lat': -2.17, 'long': -77.178, 'Time': Timestamp('2007-06-11 03:57:15'), 'mag': 5.1}, {'lat': -3.168, 'long': -79.012, 'Time': Timestamp('2007-06-11 00:19:38'), 'mag': 5.1}, {'lat': -2.17, 'long': -77.178, 'Time': Timestamp('2007-06-11 03:57:15'), 'mag': 5.1}, {'lat': -3.168, 'long': -79.012, 'Time': Timestamp('2007-06-11 00:19:38'), 'mag': 5.1}, {'lat': -2.17, 'long': -77.178, 'Time': Timestamp('2007-06-11 03:57:15'), 'mag': 5.1}]",6,24
686,2007-06-04 20:32:47.218,0,[],0,19
687,2007-05-30 23:46:53.175,1,"[{'lat': -3.454, 'long': 148.668, 'Time': Timestamp('2007-06-01 19:22:05'), 'mag': 5.5}]",1,14
688,2007-05-28 07:57:18.733,0,[],0,11
689,2007-06-15 19:26:22.258,0,[],0,29
690,2007-05-29 22:39:53.550,1,"[{'lat': -20.388, 'long': -174.109, 'Time': Timestamp('2007-05-30 19:38:01'), 'mag': 5.0}, {'lat': -20.388, 'long': -174.109, 'Time': Timestamp('2007-05-30 19:38:01'), 'mag': 5.0}]",2,12
691,2007-06-12 01:54:21.917,1,"[{'lat': 3.49, 'long': 127.936, 'Time': Timestamp('2007-06-13 17:27:42'), 'mag': 5.6}, {'lat': 3.49, 'long': 127.936, 'Time': Timestamp('2007-06-13 17:27:42'), 'mag': 5.6}, {'lat': 3.49, 'long': 127.936, 'Time': Timestamp('2007-06-13 17:27:42'), 'mag': 5.6}]",3,25
692,2007-06-05 06:49:54.532,1,"[{'lat': 42.614, 'long': 75.417, 'Time': Timestamp('2007-06-06 11:09:26'), 'mag': 5.0}, {'lat': 42.614, 'long': 75.417, 'Time': Timestamp('2007-06-06 11:09:26'), 'mag': 5.0}]",2,18
693,2007-05-23 10:05:22.163,0,[],0,5
694,2007-05-26 13:24:53.842,1,"[{'lat': -35.75, 'long': -17.25, 'Time': Timestamp('2007-05-27 02:59:12'), 'mag': 5.0}, {'lat': -35.75, 'long': -17.25, 'Time': Timestamp('2007-05-27 02:59:12'), 'mag': 5.0}]",2,8
695,2007-05-29 18:19:23.871,1,"[{'lat': 18.655, 'long': -104.137, 'Time': Timestamp('2007-05-31 10:11:11'), 'mag': 5.1}, {'lat': 18.655, 'long': -104.137, 'Time': Timestamp('2007-05-31 10:11:11'), 'mag': 5.1}, {'lat': 18.655, 'long': -104.137, 'Time': Timestamp('2007-05-31 10:11:11'), 'mag': 5.1}]",3,11
696,2007-05-25 21:33:23.445,1,"[{'lat': -17.704, 'long': -172.918, 'Time': Timestamp('2007-05-26 02:29:24'), 'mag': 5.4}, {'lat': -20.069, 'long': -174.519, 'Time': Timestamp('2007-05-27 18:12:34'), 'mag': 5.6}, {'lat': -17.704, 'long': -172.918, 'Time': Timestamp('2007-05-26 02:29:24'), 'mag': 5.4}, {'lat': -20.069, 'long': -174.519, 'Time': Timestamp('2007-05-27 18:12:34'), 'mag': 5.6}, {'lat': -20.069, 'long': -174.519, 'Time': Timestamp('2007-05-27 18:12:34'), 'mag': 5.6}]",5,7
697,2007-06-14 00:47:20.071,1,"[{'lat': -12.063, 'long': 166.226, 'Time': Timestamp('2007-06-16 00:32:26'), 'mag': 5.0}, {'lat': -12.063, 'long': 166.226, 'Time': Timestamp('2007-06-16 00:32:26'), 'mag': 5.0}, {'lat': -5.649, 'long': 151.563, 'Time': Timestamp('2007-06-14 17:41:04'), 'mag': 5.8}, {'lat': -5.649, 'long': 151.563, 'Time': Timestamp('2007-06-14 17:41:04'), 'mag': 5.8}, {'lat': -5.649, 'long': 151.563, 'Time': Timestamp('2007-06-14 17:41:04'), 'mag': 5.8}]",5,26
698,2007-05-31 07:20:22.727,0,[],0,12
699,2007-06-03 10:36:53.005,1,"[{'lat': -55.986, 'long': -27.696, 'Time': Timestamp('2007-06-04 03:06:59'), 'mag': 5.2}]",1,15
700,2007-05-30 13:55:53.193,0,[],0,11
701,2007-06-11 17:12:23.246,1,"[{'lat': -41.306, 'long': -90.687, 'Time': Timestamp('2007-06-12 15:07:50'), 'mag': 5.1}, {'lat': -41.306, 'long': -90.687, 'Time': Timestamp('2007-06-12 15:07:50'), 'mag': 5.1}]",2,23
702,2007-06-08 20:26:50.163,0,[],0,20
703,2007-06-16 23:40:53.352,1,"[{'lat': -27.027, 'long': -176.439, 'Time': Timestamp('2007-06-18 14:56:39'), 'mag': 5.0}, {'lat': -27.027, 'long': -176.439, 'Time': Timestamp('2007-06-18 14:56:39'), 'mag': 5.0}, {'lat': -10.274, 'long': 161.23, 'Time': Timestamp('2007-06-17 09:23:46'), 'mag': 5.0}, {'lat': -3.55, 'long': 150.962, 'Time': Timestamp('2007-06-18 06:18:45'), 'mag': 6.3}, {'lat': -10.274, 'long': 161.23, 'Time': Timestamp('2007-06-17 09:23:46'), 'mag': 5.0}, {'lat': -3.55, 'long': 150.962, 'Time': Timestamp('2007-06-18 06:18:45'), 'mag': 6.3}, {'lat': -14.86, 'long': 166.833, 'Time': Timestamp('2007-06-18 06:28:43'), 'mag': 5.8}, {'lat': -10.274, 'long': 161.23, 'Time': Timestamp('2007-06-17 09:23:46'), 'mag': 5.0}, {'lat': -14.86, 'long': 166.833, 'Time': Timestamp('2007-06-18 06:28:43'), 'mag': 5.8}, {'lat': -14.86, 'long': 166.833, 'Time': Timestamp('2007-06-18 06:28:43'), 'mag': 5.8}]",10,28
704,2007-06-06 07:51:18.910,1,"[{'lat': 42.614, 'long': 75.417, 'Time': Timestamp('2007-06-06 11:09:26'), 'mag': 5.0}, {'lat': 42.614, 'long': 75.417, 'Time': Timestamp('2007-06-06 11:09:26'), 'mag': 5.0}, {'lat': 42.614, 'long': 75.417, 'Time': Timestamp('2007-06-06 11:09:26'), 'mag': 5.0}]",3,17
705,2007-06-16 11:07:50.638,0,[],0,27
706,2007-06-12 14:26:46.362,1,"[{'lat': -23.027, 'long': -68.915, 'Time': Timestamp('2007-06-14 10:41:59'), 'mag': 5.5}, {'lat': -23.027, 'long': -68.915, 'Time': Timestamp('2007-06-14 10:41:59'), 'mag': 5.5}, {'lat': -23.027, 'long': -68.915, 'Time': Timestamp('2007-06-14 10:41:59'), 'mag': 5.5}]",3,23
707,2007-06-07 20:57:21.892,0,[],0,18
708,2007-06-01 00:10:53.753,1,"[{'lat': 54.914, 'long': 162.413, 'Time': Timestamp('2007-06-01 11:51:32'), 'mag': 5.0}, {'lat': 54.914, 'long': 162.413, 'Time': Timestamp('2007-06-01 11:51:32'), 'mag': 5.0}, {'lat': 54.914, 'long': 162.413, 'Time': Timestamp('2007-06-01 11:51:32'), 'mag': 5.0}, {'lat': -3.454, 'long': 148.668, 'Time': Timestamp('2007-06-01 19:22:05'), 'mag': 5.5}, {'lat': -6.071, 'long': 147.446, 'Time': Timestamp('2007-06-02 12:33:00'), 'mag': 5.0}, {'lat': -3.454, 'long': 148.668, 'Time': Timestamp('2007-06-01 19:22:05'), 'mag': 5.5}, {'lat': -6.071, 'long': 147.446, 'Time': Timestamp('2007-06-02 12:33:00'), 'mag': 5.0}, {'lat': -6.071, 'long': 147.446, 'Time': Timestamp('2007-06-02 12:33:00'), 'mag': 5.0}]",8,11
709,2007-06-09 08:21:49.311,0,[],0,19
710,2007-06-08 11:38:53.940,0,[],0,18
711,2007-06-19 14:57:21.306,1,"[{'lat': 7.136, 'long': -72.175, 'Time': Timestamp('2007-06-20 19:04:06'), 'mag': 5.2}, {'lat': 7.136, 'long': -72.175, 'Time': Timestamp('2007-06-20 19:04:06'), 'mag': 5.2}, {'lat': 7.136, 'long': -72.175, 'Time': Timestamp('2007-06-20 19:04:06'), 'mag': 5.2}, {'lat': -31.755, 'long': -71.157, 'Time': Timestamp('2007-06-21 09:54:54'), 'mag': 5.1}, {'lat': -31.755, 'long': -71.157, 'Time': Timestamp('2007-06-21 09:54:54'), 'mag': 5.1}]",5,29
712,2007-05-31 18:13:24.049,1,"[{'lat': -2.938, 'long': -102.538, 'Time': Timestamp('2007-06-01 07:31:07'), 'mag': 5.2}]",1,10
713,2007-06-04 21:27:22.621,1,"[{'lat': -23.789, 'long': -179.806, 'Time': Timestamp('2007-06-05 04:33:17'), 'mag': 5.3}, {'lat': -23.789, 'long': -179.806, 'Time': Timestamp('2007-06-05 04:33:17'), 'mag': 5.3}]",2,14
714,2007-05-29 00:41:17.920,1,"[{'lat': -13.833, 'long': 166.615, 'Time': Timestamp('2007-05-29 05:48:29'), 'mag': 5.7}, {'lat': -13.833, 'long': 166.615, 'Time': Timestamp('2007-05-29 05:48:29'), 'mag': 5.7}, {'lat': 52.137, 'long': 157.293, 'Time': Timestamp('2007-05-30 20:22:12'), 'mag': 6.4}, {'lat': 52.137, 'long': 157.293, 'Time': Timestamp('2007-05-30 20:22:12'), 'mag': 6.4}, {'lat': 52.137, 'long': 157.293, 'Time': Timestamp('2007-05-30 20:22:12'), 'mag': 6.4}, {'lat': -4.587, 'long': 151.841, 'Time': Timestamp('2007-05-29 01:03:27'), 'mag': 6.1}, {'lat': -4.587, 'long': 151.841, 'Time': Timestamp('2007-05-29 01:03:27'), 'mag': 6.1}, {'lat': -4.587, 'long': 151.841, 'Time': Timestamp('2007-05-29 01:03:27'), 'mag': 6.1}]",8,7
715,2007-06-21 08:52:51.480,1,"[{'lat': 37.296, 'long': 68.903, 'Time': Timestamp('2007-06-22 04:51:29'), 'mag': 5.3}]",1,30
716,2007-05-29 12:09:53.342,0,[],0,7
717,2007-06-18 15:28:21.811,0,[],0,27
718,2007-05-30 23:34:19.511,1,"[{'lat': -33.826, 'long': -178.901, 'Time': Timestamp('2007-06-01 15:23:00'), 'mag': 5.0}]",1,8
719,2007-05-29 07:44:53.183,0,[],0,6
720,2007-05-28 11:01:20.884,0,[],0,5
721,2007-06-05 14:20:22.031,0,[],0,13
722,2007-06-09 00:04:53.998,0,[],0,16
723,2007-06-12 08:15:48.557,0,[],0,19
724,2007-06-06 11:32:53.187,0,[],0,13
725,2007-06-22 14:51:20.439,0,[],0,29
726,2007-06-09 18:07:23.294,1,"[{'lat': -3.168, 'long': -79.012, 'Time': Timestamp('2007-06-11 00:19:38'), 'mag': 5.1}, {'lat': -2.17, 'long': -77.178, 'Time': Timestamp('2007-06-11 03:57:15'), 'mag': 5.1}, {'lat': -3.168, 'long': -79.012, 'Time': Timestamp('2007-06-11 00:19:38'), 'mag': 5.1}]",3,16
727,2007-06-23 21:21:22.867,1,"[{'lat': 41.1155, 'long': -124.8245, 'Time': Timestamp('2007-06-25 02:32:24'), 'mag': 5.0}, {'lat': 41.1155, 'long': -124.8245, 'Time': Timestamp('2007-06-25 02:32:24'), 'mag': 5.0}, {'lat': 41.1155, 'long': -124.8245, 'Time': Timestamp('2007-06-25 02:32:24'), 'mag': 5.0}, {'lat': -16.917, 'long': -177.069, 'Time': Timestamp('2007-06-23 21:52:03'), 'mag': 5.6}, {'lat': -17.091, 'long': -177.164, 'Time': Timestamp('2007-06-24 10:15:22'), 'mag': 5.4}, {'lat': -16.917, 'long': -177.069, 'Time': Timestamp('2007-06-23 21:52:03'), 'mag': 5.6}, {'lat': -17.091, 'long': -177.164, 'Time': Timestamp('2007-06-24 10:15:22'), 'mag': 5.4}]",7,30
728,2007-06-10 00:35:19.494,0,[],0,16
729,2007-06-16 07:08:23.150,0,[],0,22
730,2007-06-11 10:24:24.755,1,"[{'lat': -35.687, 'long': -16.144, 'Time': Timestamp('2007-06-11 17:13:44'), 'mag': 5.5}, {'lat': -35.687, 'long': -16.144, 'Time': Timestamp('2007-06-11 17:13:44'), 'mag': 5.5}]",2,17
731,2007-06-11 13:43:23.614,0,[],0,17
732,2007-06-20 17:00:23.669,1,"[{'lat': 7.136, 'long': -72.175, 'Time': Timestamp('2007-06-20 19:04:06'), 'mag': 5.2}, {'lat': 7.136, 'long': -72.175, 'Time': Timestamp('2007-06-20 19:04:06'), 'mag': 5.2}, {'lat': 7.136, 'long': -72.175, 'Time': Timestamp('2007-06-20 19:04:06'), 'mag': 5.2}, {'lat': -31.755, 'long': -71.157, 'Time': Timestamp('2007-06-21 09:54:54'), 'mag': 5.1}, {'lat': -31.755, 'long': -71.157, 'Time': Timestamp('2007-06-21 09:54:54'), 'mag': 5.1}, {'lat': -31.755, 'long': -71.157, 'Time': Timestamp('2007-06-21 09:54:54'), 'mag': 5.1}, {'lat': 12.816, 'long': -88.829, 'Time': Timestamp('2007-06-22 05:03:49'), 'mag': 5.0}, {'lat': 12.816, 'long': -88.829, 'Time': Timestamp('2007-06-22 05:03:49'), 'mag': 5.0}, {'lat': 12.816, 'long': -88.829, 'Time': Timestamp('2007-06-22 05:03:49'), 'mag': 5.0}]",9,26
733,2007-06-19 20:14:53.722,0,[],0,25
734,2007-06-11 01:05:51.335,1,"[{'lat': -60.96, 'long': 160.793, 'Time': Timestamp('2007-06-12 21:03:38'), 'mag': 5.3}, {'lat': 43.711, 'long': 148.878, 'Time': Timestamp('2007-06-12 00:55:49'), 'mag': 5.2}, {'lat': 44.246, 'long': 149.095, 'Time': Timestamp('2007-06-12 01:00:29'), 'mag': 5.1}, {'lat': 43.711, 'long': 148.878, 'Time': Timestamp('2007-06-12 00:55:49'), 'mag': 5.2}, {'lat': 44.246, 'long': 149.095, 'Time': Timestamp('2007-06-12 01:00:29'), 'mag': 5.1}, {'lat': 43.711, 'long': 148.878, 'Time': Timestamp('2007-06-12 00:55:49'), 'mag': 5.2}, {'lat': 44.246, 'long': 149.095, 'Time': Timestamp('2007-06-12 01:00:29'), 'mag': 5.1}]",7,16
735,2007-05-31 07:38:53.429,0,[],0,5
736,2007-06-21 10:55:21.060,0,[],0,26
737,2007-06-14 14:14:24.016,0,[],0,19
738,2007-05-31 17:30:54.070,1,"[{'lat': -2.938, 'long': -102.538, 'Time': Timestamp('2007-06-01 07:31:07'), 'mag': 5.2}, {'lat': -2.938, 'long': -102.538, 'Time': Timestamp('2007-06-01 07:31:07'), 'mag': 5.2}]",2,5
739,2007-06-10 20:44:55.411,0,[],0,15
740,2007-06-13 23:58:53.176,1,"[{'lat': -5.649, 'long': 151.563, 'Time': Timestamp('2007-06-14 17:41:04'), 'mag': 5.8}, {'lat': -5.649, 'long': 151.563, 'Time': Timestamp('2007-06-14 17:41:04'), 'mag': 5.8}, {'lat': -5.649, 'long': 151.563, 'Time': Timestamp('2007-06-14 17:41:04'), 'mag': 5.8}]",3,18
741,2007-06-24 08:09:44.750,0,[],0,28
742,2007-06-04 11:26:23.230,1,"[{'lat': -60.182, 'long': -26.728, 'Time': Timestamp('2007-06-05 15:27:02'), 'mag': 5.7}]",1,8
743,2007-06-07 14:45:21.944,1,"[{'lat': 24.845, 'long': -45.878, 'Time': Timestamp('2007-06-09 01:31:55'), 'mag': 5.0}, {'lat': 9.433, 'long': -40.53, 'Time': Timestamp('2007-06-08 22:01:22'), 'mag': 5.1}, {'lat': 9.433, 'long': -40.53, 'Time': Timestamp('2007-06-08 22:01:22'), 'mag': 5.1}, {'lat': 24.845, 'long': -45.878, 'Time': Timestamp('2007-06-09 01:31:55'), 'mag': 5.0}, {'lat': 18.834, 'long': -70.315, 'Time': Timestamp('2007-06-08 13:30:46'), 'mag': 5.0}]",5,11
744,2007-06-10 18:01:23.471,1,"[{'lat': -3.168, 'long': -79.012, 'Time': Timestamp('2007-06-11 00:19:38'), 'mag': 5.1}, {'lat': -2.17, 'long': -77.178, 'Time': Timestamp('2007-06-11 03:57:15'), 'mag': 5.1}, {'lat': -3.168, 'long': -79.012, 'Time': Timestamp('2007-06-11 00:19:38'), 'mag': 5.1}, {'lat': -2.17, 'long': -77.178, 'Time': Timestamp('2007-06-11 03:57:15'), 'mag': 5.1}, {'lat': -3.168, 'long': -79.012, 'Time': Timestamp('2007-06-11 00:19:38'), 'mag': 5.1}, {'lat': -41.306, 'long': -90.687, 'Time': Timestamp('2007-06-12 15:07:50'), 'mag': 5.1}, {'lat': -41.306, 'long': -90.687, 'Time': Timestamp('2007-06-12 15:07:50'), 'mag': 5.1}, {'lat': -41.306, 'long': -90.687, 'Time': Timestamp('2007-06-12 15:07:50'), 'mag': 5.1}]",8,14
745,2007-06-11 21:15:25.812,1,"[{'lat': -16.234, 'long': -174.376, 'Time': Timestamp('2007-06-12 23:18:28'), 'mag': 5.1}, {'lat': -16.234, 'long': -174.376, 'Time': Timestamp('2007-06-12 23:18:28'), 'mag': 5.1}, {'lat': -32.577, 'long': -178.144, 'Time': Timestamp('2007-06-11 22:22:26'), 'mag': 5.0}, {'lat': -20.909, 'long': -177.903, 'Time': Timestamp('2007-06-11 22:30:19'), 'mag': 5.3}, {'lat': -32.577, 'long': -178.144, 'Time': Timestamp('2007-06-11 22:22:26'), 'mag': 5.0}]",5,15
746,2007-06-13 00:29:19.670,1,"[{'lat': -61.5, 'long': 154.5, 'Time': Timestamp('2007-06-13 03:08:32'), 'mag': 5.0}, {'lat': -5.649, 'long': 151.563, 'Time': Timestamp('2007-06-14 17:41:04'), 'mag': 5.8}, {'lat': -5.649, 'long': 151.563, 'Time': Timestamp('2007-06-14 17:41:04'), 'mag': 5.8}, {'lat': -5.649, 'long': 151.563, 'Time': Timestamp('2007-06-14 17:41:04'), 'mag': 5.8}]",4,16
747,2007-06-11 05:23:53.300,1,"[{'lat': -19.912, 'long': 66.333, 'Time': Timestamp('2007-06-11 20:12:42'), 'mag': 5.0}, {'lat': -19.91, 'long': 66.219, 'Time': Timestamp('2007-06-11 20:38:05'), 'mag': 5.0}, {'lat': -19.912, 'long': 66.333, 'Time': Timestamp('2007-06-11 20:12:42'), 'mag': 5.0}, {'lat': -19.91, 'long': 66.219, 'Time': Timestamp('2007-06-11 20:38:05'), 'mag': 5.0}]",4,14
748,2007-06-11 08:38:49.023,0,[],0,14
749,2007-06-04 11:57:53.764,1,"[{'lat': -60.182, 'long': -26.728, 'Time': Timestamp('2007-06-05 15:27:02'), 'mag': 5.7}]",1,7
750,2007-06-07 15:15:48.138,1,"[{'lat': 24.845, 'long': -45.878, 'Time': Timestamp('2007-06-09 01:31:55'), 'mag': 5.0}, {'lat': 24.845, 'long': -45.878, 'Time': Timestamp('2007-06-09 01:31:55'), 'mag': 5.0}, {'lat': 9.433, 'long': -40.53, 'Time': Timestamp('2007-06-08 22:01:22'), 'mag': 5.1}, {'lat': 24.845, 'long': -45.878, 'Time': Timestamp('2007-06-09 01:31:55'), 'mag': 5.0}, {'lat': 9.433, 'long': -40.53, 'Time': Timestamp('2007-06-08 22:01:22'), 'mag': 5.1}, {'lat': 9.433, 'long': -40.53, 'Time': Timestamp('2007-06-08 22:01:22'), 'mag': 5.1}, {'lat': 18.834, 'long': -70.315, 'Time': Timestamp('2007-06-08 13:30:46'), 'mag': 5.0}, {'lat': 18.834, 'long': -70.315, 'Time': Timestamp('2007-06-08 13:30:46'), 'mag': 5.0}]",8,10
751,2007-06-10 18:31:53.872,0,[],0,13
752,2007-06-11 07:32:52.605,1,"[{'lat': -19.912, 'long': 66.333, 'Time': Timestamp('2007-06-11 20:12:42'), 'mag': 5.0}, {'lat': -19.91, 'long': 66.219, 'Time': Timestamp('2007-06-11 20:38:05'), 'mag': 5.0}, {'lat': -19.912, 'long': 66.333, 'Time': Timestamp('2007-06-11 20:12:42'), 'mag': 5.0}, {'lat': -19.91, 'long': 66.219, 'Time': Timestamp('2007-06-11 20:38:05'), 'mag': 5.0}]",4,13
753,2007-06-13 10:48:51.565,1,"[{'lat': -56.346, 'long': -27.283, 'Time': Timestamp('2007-06-14 06:58:14'), 'mag': 5.2}, {'lat': -58.596, 'long': -26.244, 'Time': Timestamp('2007-06-15 03:48:34'), 'mag': 5.5}]",2,15
754,2007-06-10 14:08:23.193,0,[],0,12
755,2007-06-28 17:24:53.247,1,"[{'lat': -15.772, 'long': -74.928, 'Time': Timestamp('2007-06-29 02:02:17'), 'mag': 5.6}, {'lat': -15.772, 'long': -74.928, 'Time': Timestamp('2007-06-29 02:02:17'), 'mag': 5.6}, {'lat': -15.772, 'long': -74.928, 'Time': Timestamp('2007-06-29 02:02:17'), 'mag': 5.6}]",3,30
756,2007-06-27 20:38:51.492,0,[],0,29
757,2007-06-11 23:52:53.353,1,"[{'lat': -16.234, 'long': -174.376, 'Time': Timestamp('2007-06-12 23:18:28'), 'mag': 5.1}, {'lat': -60.96, 'long': 160.793, 'Time': Timestamp('2007-06-12 21:03:38'), 'mag': 5.3}, {'lat': -61.5, 'long': 154.5, 'Time': Timestamp('2007-06-13 03:08:32'), 'mag': 5.0}]",3,13
758,2007-06-20 11:20:20.924,0,[],0,21
759,2007-06-17 14:38:52.072,0,[],0,18
760,2007-06-20 21:09:26.050,0,[],0,21
761,2007-06-18 00:23:23.815,1,"[{'lat': -14.86, 'long': 166.833, 'Time': Timestamp('2007-06-18 06:28:43'), 'mag': 5.8}, {'lat': -14.86, 'long': 166.833, 'Time': Timestamp('2007-06-18 06:28:43'), 'mag': 5.8}, {'lat': -14.86, 'long': 166.833, 'Time': Timestamp('2007-06-18 06:28:43'), 'mag': 5.8}, {'lat': 14.277, 'long': 146.668, 'Time': Timestamp('2007-06-19 07:03:39'), 'mag': 5.0}, {'lat': 14.277, 'long': 146.668, 'Time': Timestamp('2007-06-19 07:03:39'), 'mag': 5.0}, {'lat': 14.277, 'long': 146.668, 'Time': Timestamp('2007-06-19 07:03:39'), 'mag': 5.0}, {'lat': -3.55, 'long': 150.962, 'Time': Timestamp('2007-06-18 06:18:45'), 'mag': 6.3}, {'lat': -3.55, 'long': 150.962, 'Time': Timestamp('2007-06-18 06:18:45'), 'mag': 6.3}]",8,18
762,2007-06-15 03:39:52.843,1,"[{'lat': 1.152, 'long': 126.413, 'Time': Timestamp('2007-06-16 01:18:47'), 'mag': 5.7}, {'lat': -3.083, 'long': 138.734, 'Time': Timestamp('2007-06-16 21:52:34'), 'mag': 5.7}, {'lat': 1.152, 'long': 126.413, 'Time': Timestamp('2007-06-16 01:18:47'), 'mag': 5.7}, {'lat': -6.532, 'long': 130.024, 'Time': Timestamp('2007-06-16 14:45:17'), 'mag': 5.0}, {'lat': -6.532, 'long': 130.024, 'Time': Timestamp('2007-06-16 14:45:17'), 'mag': 5.0}, {'lat': -46.385, 'long': 95.999, 'Time': Timestamp('2007-06-15 17:29:21'), 'mag': 5.6}, {'lat': -46.385, 'long': 95.999, 'Time': Timestamp('2007-06-15 17:29:21'), 'mag': 5.6}, {'lat': -46.385, 'long': 95.999, 'Time': Timestamp('2007-06-15 17:29:21'), 'mag': 5.6}]",8,15
763,2007-06-16 06:55:53.443,0,[],0,16
764,2007-06-06 10:11:55.170,0,[],0,6
765,2007-06-05 13:30:54.030,1,"[{'lat': -60.182, 'long': -26.728, 'Time': Timestamp('2007-06-05 15:27:02'), 'mag': 5.7}, {'lat': -60.182, 'long': -26.728, 'Time': Timestamp('2007-06-05 15:27:02'), 'mag': 5.7}]",2,5
766,2007-06-05 16:48:23.084,0,[],0,5
767,2007-06-22 20:02:53.137,0,[],0,22
768,2007-06-20 23:16:20.278,1,"[{'lat': -18.122, 'long': 168.234, 'Time': Timestamp('2007-06-21 12:40:12'), 'mag': 5.0}, {'lat': -11.597, 'long': 166.312, 'Time': Timestamp('2007-06-22 17:32:44'), 'mag': 5.5}, {'lat': -18.122, 'long': 168.234, 'Time': Timestamp('2007-06-21 12:40:12'), 'mag': 5.0}, {'lat': -11.597, 'long': 166.312, 'Time': Timestamp('2007-06-22 17:32:44'), 'mag': 5.5}, {'lat': -18.122, 'long': 168.234, 'Time': Timestamp('2007-06-21 12:40:12'), 'mag': 5.0}]",5,20
769,2007-06-26 09:03:17.335,0,[],0,25
770,2007-06-11 12:22:23.405,1,"[{'lat': -35.687, 'long': -16.144, 'Time': Timestamp('2007-06-11 17:13:44'), 'mag': 5.5}, {'lat': -35.687, 'long': -16.144, 'Time': Timestamp('2007-06-11 17:13:44'), 'mag': 5.5}]",2,10
771,2007-06-07 15:40:54.642,1,"[{'lat': 24.845, 'long': -45.878, 'Time': Timestamp('2007-06-09 01:31:55'), 'mag': 5.0}, {'lat': 24.845, 'long': -45.878, 'Time': Timestamp('2007-06-09 01:31:55'), 'mag': 5.0}, {'lat': 9.433, 'long': -40.53, 'Time': Timestamp('2007-06-08 22:01:22'), 'mag': 5.1}, {'lat': 24.845, 'long': -45.878, 'Time': Timestamp('2007-06-09 01:31:55'), 'mag': 5.0}, {'lat': 9.433, 'long': -40.53, 'Time': Timestamp('2007-06-08 22:01:22'), 'mag': 5.1}, {'lat': 18.834, 'long': -70.315, 'Time': Timestamp('2007-06-08 13:30:46'), 'mag': 5.0}, {'lat': 18.834, 'long': -70.315, 'Time': Timestamp('2007-06-08 13:30:46'), 'mag': 5.0}, {'lat': 18.834, 'long': -70.315, 'Time': Timestamp('2007-06-08 13:30:46'), 'mag': 5.0}]",8,6
772,2007-06-27 18:55:49.393,0,[],0,26
773,2007-06-08 22:09:50.428,0,[],0,7
774,2007-06-12 01:23:51.152,1,"[{'lat': -61.5, 'long': 154.5, 'Time': Timestamp('2007-06-13 03:08:32'), 'mag': 5.0}, {'lat': 3.49, 'long': 127.936, 'Time': Timestamp('2007-06-13 17:27:42'), 'mag': 5.6}, {'lat': 3.49, 'long': 127.936, 'Time': Timestamp('2007-06-13 17:27:42'), 'mag': 5.6}, {'lat': 3.49, 'long': 127.936, 'Time': Timestamp('2007-06-13 17:27:42'), 'mag': 5.6}]",4,10
775,2007-06-23 06:18:55.998,1,"[{'lat': 21.473, 'long': 99.779, 'Time': Timestamp('2007-06-23 08:17:19'), 'mag': 5.6}, {'lat': 21.552, 'long': 99.909, 'Time': Timestamp('2007-06-23 08:27:48'), 'mag': 5.4}, {'lat': 21.473, 'long': 99.779, 'Time': Timestamp('2007-06-23 08:17:19'), 'mag': 5.6}, {'lat': 21.552, 'long': 99.909, 'Time': Timestamp('2007-06-23 08:27:48'), 'mag': 5.4}, {'lat': 21.473, 'long': 99.779, 'Time': Timestamp('2007-06-23 08:17:19'), 'mag': 5.6}, {'lat': 21.552, 'long': 99.909, 'Time': Timestamp('2007-06-23 08:27:48'), 'mag': 5.4}, {'lat': 5.423, 'long': 94.585, 'Time': Timestamp('2007-06-24 13:47:36'), 'mag': 5.0}, {'lat': 1.192, 'long': 97.328, 'Time': Timestamp('2007-06-23 16:47:30'), 'mag': 5.0}, {'lat': 5.423, 'long': 94.585, 'Time': Timestamp('2007-06-24 13:47:36'), 'mag': 5.0}, {'lat': 1.192, 'long': 97.328, 'Time': Timestamp('2007-06-23 16:47:30'), 'mag': 5.0}, {'lat': 5.423, 'long': 94.585, 'Time': Timestamp('2007-06-24 13:47:36'), 'mag': 5.0}]",11,21
776,2007-06-15 09:34:23.506,1,"[{'lat': 1.719, 'long': 30.834, 'Time': Timestamp('2007-06-15 18:49:53'), 'mag': 5.9}, {'lat': 1.719, 'long': 30.834, 'Time': Timestamp('2007-06-15 18:49:53'), 'mag': 5.9}]",2,13
777,2007-06-10 17:49:23.887,1,"[{'lat': -3.168, 'long': -79.012, 'Time': Timestamp('2007-06-11 00:19:38'), 'mag': 5.1}, {'lat': -2.17, 'long': -77.178, 'Time': Timestamp('2007-06-11 03:57:15'), 'mag': 5.1}, {'lat': -3.168, 'long': -79.012, 'Time': Timestamp('2007-06-11 00:19:38'), 'mag': 5.1}, {'lat': -2.17, 'long': -77.178, 'Time': Timestamp('2007-06-11 03:57:15'), 'mag': 5.1}, {'lat': -3.168, 'long': -79.012, 'Time': Timestamp('2007-06-11 00:19:38'), 'mag': 5.1}, {'lat': -2.17, 'long': -77.178, 'Time': Timestamp('2007-06-11 03:57:15'), 'mag': 5.1}, {'lat': -41.306, 'long': -90.687, 'Time': Timestamp('2007-06-12 15:07:50'), 'mag': 5.1}, {'lat': -41.306, 'long': -90.687, 'Time': Timestamp('2007-06-12 15:07:50'), 'mag': 5.1}]",8,8
778,2007-06-25 22:39:53.821,0,[],0,23
779,2007-06-14 01:54:22.333,1,"[{'lat': -5.649, 'long': 151.563, 'Time': Timestamp('2007-06-14 17:41:04'), 'mag': 5.8}, {'lat': -5.649, 'long': 151.563, 'Time': Timestamp('2007-06-14 17:41:04'), 'mag': 5.8}, {'lat': -5.649, 'long': 151.563, 'Time': Timestamp('2007-06-14 17:41:04'), 'mag': 5.8}, {'lat': 10.383, 'long': 125.308, 'Time': Timestamp('2007-06-14 14:49:54'), 'mag': 5.5}, {'lat': 10.383, 'long': 125.308, 'Time': Timestamp('2007-06-14 14:49:54'), 'mag': 5.5}, {'lat': 1.152, 'long': 126.413, 'Time': Timestamp('2007-06-16 01:18:47'), 'mag': 5.7}, {'lat': 10.383, 'long': 125.308, 'Time': Timestamp('2007-06-14 14:49:54'), 'mag': 5.5}, {'lat': 1.152, 'long': 126.413, 'Time': Timestamp('2007-06-16 01:18:47'), 'mag': 5.7}, {'lat': 1.152, 'long': 126.413, 'Time': Timestamp('2007-06-16 01:18:47'), 'mag': 5.7}]",9,11
780,2007-07-03 06:49:53.948,1,"[{'lat': 32.08, 'long': 55.9, 'Time': Timestamp('2007-07-04 06:11:07'), 'mag': 5.0}, {'lat': 32.08, 'long': 55.9, 'Time': Timestamp('2007-07-04 06:11:07'), 'mag': 5.0}]",2,30
781,2007-06-28 10:05:21.579,1,"[{'lat': 39.268, 'long': 20.263, 'Time': Timestamp('2007-06-29 18:09:11'), 'mag': 5.4}, {'lat': 39.268, 'long': 20.263, 'Time': Timestamp('2007-06-29 18:09:11'), 'mag': 5.4}, {'lat': 39.268, 'long': 20.263, 'Time': Timestamp('2007-06-29 18:09:11'), 'mag': 5.4}]",3,25
782,2007-06-11 13:24:53.207,1,"[{'lat': -35.687, 'long': -16.144, 'Time': Timestamp('2007-06-11 17:13:44'), 'mag': 5.5}, {'lat': -35.687, 'long': -16.144, 'Time': Timestamp('2007-06-11 17:13:44'), 'mag': 5.5}]",2,8
783,2007-06-15 23:10:20.454,1,"[{'lat': -10.274, 'long': 161.23, 'Time': Timestamp('2007-06-17 09:23:46'), 'mag': 5.0}, {'lat': -12.063, 'long': 166.226, 'Time': Timestamp('2007-06-16 00:32:26'), 'mag': 5.0}, {'lat': -10.274, 'long': 161.23, 'Time': Timestamp('2007-06-17 09:23:46'), 'mag': 5.0}, {'lat': -12.063, 'long': 166.226, 'Time': Timestamp('2007-06-16 00:32:26'), 'mag': 5.0}, {'lat': -7.264, 'long': 155.506, 'Time': Timestamp('2007-06-16 04:23:57'), 'mag': 5.8}, {'lat': -10.274, 'long': 161.23, 'Time': Timestamp('2007-06-17 09:23:46'), 'mag': 5.0}]",6,12
784,2007-06-27 08:57:17.512,0,[],0,23
785,2007-06-15 12:16:23.581,0,[],0,11
786,2007-06-18 15:34:22.050,0,[],0,14
787,2007-06-28 18:49:49.570,0,[],0,24
788,2007-06-28 22:03:50.941,0,[],0,24
789,2007-06-29 01:17:52.656,1,"[{'lat': -5.016, 'long': 153.17, 'Time': Timestamp('2007-06-30 08:40:02'), 'mag': 5.2}, {'lat': -5.016, 'long': 153.17, 'Time': Timestamp('2007-06-30 08:40:02'), 'mag': 5.2}, {'lat': 14.422, 'long': 146.703, 'Time': Timestamp('2007-06-29 09:05:09'), 'mag': 5.1}, {'lat': 14.422, 'long': 146.703, 'Time': Timestamp('2007-06-29 09:05:09'), 'mag': 5.1}, {'lat': -5.755, 'long': 145.842, 'Time': Timestamp('2007-06-29 18:07:28'), 'mag': 5.1}, {'lat': -5.755, 'long': 145.842, 'Time': Timestamp('2007-06-29 18:07:28'), 'mag': 5.1}, {'lat': -5.755, 'long': 145.842, 'Time': Timestamp('2007-06-29 18:07:28'), 'mag': 5.1}]",7,24
790,2007-06-21 06:12:54.846,1,"[{'lat': 37.296, 'long': 68.903, 'Time': Timestamp('2007-06-22 04:51:29'), 'mag': 5.3}, {'lat': 37.296, 'long': 68.903, 'Time': Timestamp('2007-06-22 04:51:29'), 'mag': 5.3}, {'lat': 37.296, 'long': 68.903, 'Time': Timestamp('2007-06-22 04:51:29'), 'mag': 5.3}]",3,16
791,2007-06-14 09:28:20.915,1,"[{'lat': 1.719, 'long': 30.834, 'Time': Timestamp('2007-06-15 18:49:53'), 'mag': 5.9}, {'lat': 1.719, 'long': 30.834, 'Time': Timestamp('2007-06-15 18:49:53'), 'mag': 5.9}]",2,9
792,2007-06-26 12:47:23.982,0,[],0,21
793,2007-06-10 16:05:22.240,1,"[{'lat': -3.168, 'long': -79.012, 'Time': Timestamp('2007-06-11 00:19:38'), 'mag': 5.1}, {'lat': -2.17, 'long': -77.178, 'Time': Timestamp('2007-06-11 03:57:15'), 'mag': 5.1}, {'lat': -3.168, 'long': -79.012, 'Time': Timestamp('2007-06-11 00:19:38'), 'mag': 5.1}, {'lat': -2.17, 'long': -77.178, 'Time': Timestamp('2007-06-11 03:57:15'), 'mag': 5.1}, {'lat': -3.168, 'long': -79.012, 'Time': Timestamp('2007-06-11 00:19:38'), 'mag': 5.1}, {'lat': -2.17, 'long': -77.178, 'Time': Timestamp('2007-06-11 03:57:15'), 'mag': 5.1}, {'lat': -41.306, 'long': -90.687, 'Time': Timestamp('2007-06-12 15:07:50'), 'mag': 5.1}, {'lat': -41.306, 'long': -90.687, 'Time': Timestamp('2007-06-12 15:07:50'), 'mag': 5.1}]",8,5
794,2007-06-10 19:20:23.179,0,[],0,5
795,2007-06-19 22:33:53.142,1,"[{'lat': -18.122, 'long': 168.234, 'Time': Timestamp('2007-06-21 12:40:12'), 'mag': 5.0}, {'lat': -18.122, 'long': 168.234, 'Time': Timestamp('2007-06-21 12:40:12'), 'mag': 5.0}, {'lat': -24.629, 'long': 179.965, 'Time': Timestamp('2007-06-21 20:21:10'), 'mag': 5.0}, {'lat': -18.122, 'long': 168.234, 'Time': Timestamp('2007-06-21 12:40:12'), 'mag': 5.0}, {'lat': -24.629, 'long': 179.965, 'Time': Timestamp('2007-06-21 20:21:10'), 'mag': 5.0}, {'lat': -24.629, 'long': 179.965, 'Time': Timestamp('2007-06-21 20:21:10'), 'mag': 5.0}]",6,14
796,2007-06-29 01:48:20.182,1,"[{'lat': 14.422, 'long': 146.703, 'Time': Timestamp('2007-06-29 09:05:09'), 'mag': 5.1}, {'lat': 14.422, 'long': 146.703, 'Time': Timestamp('2007-06-29 09:05:09'), 'mag': 5.1}, {'lat': -5.755, 'long': 145.842, 'Time': Timestamp('2007-06-29 18:07:28'), 'mag': 5.1}, {'lat': -5.016, 'long': 153.17, 'Time': Timestamp('2007-06-30 08:40:02'), 'mag': 5.2}, {'lat': -5.755, 'long': 145.842, 'Time': Timestamp('2007-06-29 18:07:28'), 'mag': 5.1}, {'lat': -5.016, 'long': 153.17, 'Time': Timestamp('2007-06-30 08:40:02'), 'mag': 5.2}, {'lat': -5.755, 'long': 145.842, 'Time': Timestamp('2007-06-29 18:07:28'), 'mag': 5.1}, {'lat': -5.016, 'long': 153.17, 'Time': Timestamp('2007-06-30 08:40:02'), 'mag': 5.2}]",8,23
797,2007-06-19 06:43:25.453,0,[],0,13
798,2007-06-19 09:59:21.816,0,[],0,13
799,2007-06-28 13:18:23.444,0,[],0,22
800,2007-06-18 16:35:53.498,0,[],0,12
801,2007-06-26 19:50:21.095,0,[],0,20
802,2007-06-17 23:04:19.363,1,"[{'lat': -14.826, 'long': -174.501, 'Time': Timestamp('2007-06-19 20:36:31'), 'mag': 5.1}, {'lat': -15.012, 'long': -174.288, 'Time': Timestamp('2007-06-19 20:37:07'), 'mag': 5.0}, {'lat': -14.826, 'long': -174.501, 'Time': Timestamp('2007-06-19 20:36:31'), 'mag': 5.1}, {'lat': -15.012, 'long': -174.288, 'Time': Timestamp('2007-06-19 20:37:07'), 'mag': 5.0}, {'lat': -27.027, 'long': -176.439, 'Time': Timestamp('2007-06-18 14:56:39'), 'mag': 5.0}, {'lat': -14.826, 'long': -174.501, 'Time': Timestamp('2007-06-19 20:36:31'), 'mag': 5.1}, {'lat': -15.012, 'long': -174.288, 'Time': Timestamp('2007-06-19 20:37:07'), 'mag': 5.0}, {'lat': -27.027, 'long': -176.439, 'Time': Timestamp('2007-06-18 14:56:39'), 'mag': 5.0}, {'lat': -27.027, 'long': -176.439, 'Time': Timestamp('2007-06-18 14:56:39'), 'mag': 5.0}, {'lat': -14.86, 'long': 166.833, 'Time': Timestamp('2007-06-18 06:28:43'), 'mag': 5.8}, {'lat': -14.86, 'long': 166.833, 'Time': Timestamp('2007-06-18 06:28:43'), 'mag': 5.8}, {'lat': -14.86, 'long': 166.833, 'Time': Timestamp('2007-06-18 06:28:43'), 'mag': 5.8}]",12,11
803,2007-06-28 02:18:55.286,1,"[{'lat': 14.422, 'long': 146.703, 'Time': Timestamp('2007-06-29 09:05:09'), 'mag': 5.1}, {'lat': 14.422, 'long': 146.703, 'Time': Timestamp('2007-06-29 09:05:09'), 'mag': 5.1}, {'lat': 14.422, 'long': 146.703, 'Time': Timestamp('2007-06-29 09:05:09'), 'mag': 5.1}, {'lat': -7.979, 'long': 154.635, 'Time': Timestamp('2007-06-28 02:52:10'), 'mag': 6.7}, {'lat': -5.755, 'long': 145.842, 'Time': Timestamp('2007-06-29 18:07:28'), 'mag': 5.1}, {'lat': -7.979, 'long': 154.635, 'Time': Timestamp('2007-06-28 02:52:10'), 'mag': 6.7}, {'lat': -5.755, 'long': 145.842, 'Time': Timestamp('2007-06-29 18:07:28'), 'mag': 5.1}, {'lat': -7.979, 'long': 154.635, 'Time': Timestamp('2007-06-28 02:52:10'), 'mag': 6.7}, {'lat': -5.755, 'long': 145.842, 'Time': Timestamp('2007-06-29 18:07:28'), 'mag': 5.1}]",9,21
804,2007-06-15 07:14:23.380,0,[],0,8
805,2007-07-07 10:30:24.985,1,"[{'lat': -59.131, 'long': -26.228, 'Time': Timestamp('2007-07-08 07:28:39'), 'mag': 5.1}]",1,30
806,2007-06-18 13:49:23.845,0,[],0,11
807,2007-06-30 17:06:23.899,0,[],0,23
808,2007-06-17 20:20:49.722,0,[],0,10
809,2007-07-05 23:34:22.755,1,"[{'lat': -16.418, 'long': -172.644, 'Time': Timestamp('2007-07-06 17:40:49'), 'mag': 5.7}, {'lat': -16.418, 'long': -172.644, 'Time': Timestamp('2007-07-06 17:40:49'), 'mag': 5.7}, {'lat': -34.308, 'long': -178.496, 'Time': Timestamp('2007-07-06 15:58:50'), 'mag': 5.0}, {'lat': -15.209, 'long': 170.82, 'Time': Timestamp('2007-07-07 23:09:06'), 'mag': 5.0}, {'lat': -15.209, 'long': 170.82, 'Time': Timestamp('2007-07-07 23:09:06'), 'mag': 5.0}]",5,28
810,2007-06-20 07:44:52.659,1,"[{'lat': 37.296, 'long': 68.903, 'Time': Timestamp('2007-06-22 04:51:29'), 'mag': 5.3}, {'lat': 37.296, 'long': 68.903, 'Time': Timestamp('2007-06-22 04:51:29'), 'mag': 5.3}, {'lat': 37.296, 'long': 68.903, 'Time': Timestamp('2007-06-22 04:51:29'), 'mag': 5.3}]",3,12
811,2007-06-17 11:01:20.290,0,[],0,9
812,2007-06-26 14:20:17.901,1,"[{'lat': -24.282, 'long': -66.958, 'Time': Timestamp('2007-06-28 00:12:13'), 'mag': 5.0}, {'lat': -24.282, 'long': -66.958, 'Time': Timestamp('2007-06-28 00:12:13'), 'mag': 5.0}]",2,18
813,2007-07-04 17:36:53.300,1,"[{'lat': 16.35, 'long': -93.99, 'Time': Timestamp('2007-07-06 01:09:19'), 'mag': 6.1}, {'lat': 16.35, 'long': -93.99, 'Time': Timestamp('2007-07-06 01:09:19'), 'mag': 6.1}, {'lat': 16.35, 'long': -93.99, 'Time': Timestamp('2007-07-06 01:09:19'), 'mag': 6.1}]",3,26
814,2007-06-29 20:50:59.737,0,[],0,21
815,2007-06-14 00:04:53.405,1,"[{'lat': -5.649, 'long': 151.563, 'Time': Timestamp('2007-06-14 17:41:04'), 'mag': 5.8}, {'lat': -5.649, 'long': 151.563, 'Time': Timestamp('2007-06-14 17:41:04'), 'mag': 5.8}, {'lat': -5.649, 'long': 151.563, 'Time': Timestamp('2007-06-14 17:41:04'), 'mag': 5.8}]",3,5
816,2007-06-20 03:21:25.982,1,"[{'lat': 46.483, 'long': 153.316, 'Time': Timestamp('2007-06-21 04:39:16'), 'mag': 5.3}, {'lat': 46.483, 'long': 153.316, 'Time': Timestamp('2007-06-21 04:39:16'), 'mag': 5.3}, {'lat': 35.193, 'long': 141.134, 'Time': Timestamp('2007-06-20 14:00:27'), 'mag': 5.1}, {'lat': 35.193, 'long': 141.134, 'Time': Timestamp('2007-06-20 14:00:27'), 'mag': 5.1}, {'lat': 20.982, 'long': 121.48, 'Time': Timestamp('2007-06-21 04:08:17'), 'mag': 5.1}, {'lat': 20.982, 'long': 121.48, 'Time': Timestamp('2007-06-21 04:08:17'), 'mag': 5.1}]",6,11
817,2007-06-16 06:37:25.689,0,[],0,7
818,2007-06-21 11:32:53.594,0,[],0,12
819,2007-06-19 14:51:20.847,1,"[{'lat': 7.136, 'long': -72.175, 'Time': Timestamp('2007-06-20 19:04:06'), 'mag': 5.2}, {'lat': 7.136, 'long': -72.175, 'Time': Timestamp('2007-06-20 19:04:06'), 'mag': 5.2}, {'lat': 7.136, 'long': -72.175, 'Time': Timestamp('2007-06-20 19:04:06'), 'mag': 5.2}, {'lat': -31.755, 'long': -71.157, 'Time': Timestamp('2007-06-21 09:54:54'), 'mag': 5.1}, {'lat': -31.755, 'long': -71.157, 'Time': Timestamp('2007-06-21 09:54:54'), 'mag': 5.1}, {'lat': -31.755, 'long': -71.157, 'Time': Timestamp('2007-06-21 09:54:54'), 'mag': 5.1}]",6,10
820,2007-07-04 18:07:23.701,1,"[{'lat': 16.35, 'long': -93.99, 'Time': Timestamp('2007-07-06 01:09:19'), 'mag': 6.1}, {'lat': 16.35, 'long': -93.99, 'Time': Timestamp('2007-07-06 01:09:19'), 'mag': 6.1}]",2,25
821,2007-06-24 21:21:23.274,1,"[{'lat': 41.1155, 'long': -124.8245, 'Time': Timestamp('2007-06-25 02:32:24'), 'mag': 5.0}, {'lat': 41.1155, 'long': -124.8245, 'Time': Timestamp('2007-06-25 02:32:24'), 'mag': 5.0}, {'lat': 41.1155, 'long': -124.8245, 'Time': Timestamp('2007-06-25 02:32:24'), 'mag': 5.0}, {'lat': -17.938, 'long': -176.573, 'Time': Timestamp('2007-06-26 08:01:48'), 'mag': 5.0}, {'lat': -17.938, 'long': -176.573, 'Time': Timestamp('2007-06-26 08:01:48'), 'mag': 5.0}]",5,15
822,2007-07-07 00:35:19.901,1,"[{'lat': -15.209, 'long': 170.82, 'Time': Timestamp('2007-07-07 23:09:06'), 'mag': 5.0}, {'lat': -15.209, 'long': 170.82, 'Time': Timestamp('2007-07-07 23:09:06'), 'mag': 5.0}, {'lat': -15.209, 'long': 170.82, 'Time': Timestamp('2007-07-07 23:09:06'), 'mag': 5.0}, {'lat': 46.836, 'long': 155.478, 'Time': Timestamp('2007-07-08 18:54:00'), 'mag': 5.3}, {'lat': 46.836, 'long': 155.478, 'Time': Timestamp('2007-07-08 18:54:00'), 'mag': 5.3}, {'lat': 46.836, 'long': 155.478, 'Time': Timestamp('2007-07-08 18:54:00'), 'mag': 5.3}]",6,27
823,2007-07-07 07:08:23.557,0,[],0,27
824,2007-06-16 10:24:25.162,0,[],0,6
825,2007-07-05 13:43:24.022,0,[],0,25
826,2007-07-08 23:28:23.148,1,"[{'lat': -26.257, 'long': -178.087, 'Time': Timestamp('2007-07-09 06:50:46'), 'mag': 5.6}, {'lat': -26.257, 'long': -178.087, 'Time': Timestamp('2007-07-09 06:50:46'), 'mag': 5.6}, {'lat': -26.257, 'long': -178.087, 'Time': Timestamp('2007-07-09 06:50:46'), 'mag': 5.6}, {'lat': -13.535, 'long': 167.143, 'Time': Timestamp('2007-07-10 18:40:13'), 'mag': 5.0}, {'lat': -13.535, 'long': 167.143, 'Time': Timestamp('2007-07-10 18:40:13'), 'mag': 5.0}, {'lat': -13.535, 'long': 167.143, 'Time': Timestamp('2007-07-10 18:40:13'), 'mag': 5.0}]",6,28
827,2007-07-08 07:38:52.835,0,[],0,27
828,2007-06-27 10:55:20.467,0,[],0,16
829,2007-07-06 14:14:23.423,0,[],0,25
830,2007-06-22 08:09:45.157,1,"[{'lat': -12.183, 'long': 46.476, 'Time': Timestamp('2007-06-23 11:54:54'), 'mag': 5.1}, {'lat': -12.183, 'long': 46.476, 'Time': Timestamp('2007-06-23 11:54:54'), 'mag': 5.1}]",2,10
831,2007-07-06 11:26:23.637,1,"[{'lat': -59.131, 'long': -26.228, 'Time': Timestamp('2007-07-08 07:28:39'), 'mag': 5.1}]",1,24
832,2007-06-22 14:45:21.023,0,[],0,10
833,2007-07-02 18:01:23.878,0,[],0,20
834,2007-07-02 21:15:30.315,1,"[{'lat': -26.785, 'long': -176.397, 'Time': Timestamp('2007-07-03 18:43:22'), 'mag': 5.1}, {'lat': -27.123, 'long': -176.56, 'Time': Timestamp('2007-07-04 15:33:43'), 'mag': 5.0}, {'lat': -27.146, 'long': -176.512, 'Time': Timestamp('2007-07-04 17:24:33'), 'mag': 5.1}, {'lat': -26.785, 'long': -176.397, 'Time': Timestamp('2007-07-03 18:43:22'), 'mag': 5.1}, {'lat': -27.123, 'long': -176.56, 'Time': Timestamp('2007-07-04 15:33:43'), 'mag': 5.0}, {'lat': -27.146, 'long': -176.512, 'Time': Timestamp('2007-07-04 17:24:33'), 'mag': 5.1}, {'lat': -27.146, 'long': -176.512, 'Time': Timestamp('2007-07-04 17:24:33'), 'mag': 5.1}]",7,20
835,2007-06-28 00:29:20.077,1,"[{'lat': -22.299, 'long': 171.544, 'Time': Timestamp('2007-06-28 18:50:03'), 'mag': 5.5}, {'lat': -22.299, 'long': 171.544, 'Time': Timestamp('2007-06-28 18:50:03'), 'mag': 5.5}, {'lat': 14.422, 'long': 146.703, 'Time': Timestamp('2007-06-29 09:05:09'), 'mag': 5.1}, {'lat': 14.422, 'long': 146.703, 'Time': Timestamp('2007-06-29 09:05:09'), 'mag': 5.1}, {'lat': 14.422, 'long': 146.703, 'Time': Timestamp('2007-06-29 09:05:09'), 'mag': 5.1}, {'lat': -7.979, 'long': 154.635, 'Time': Timestamp('2007-06-28 02:52:10'), 'mag': 6.7}, {'lat': -5.755, 'long': 145.842, 'Time': Timestamp('2007-06-29 18:07:28'), 'mag': 5.1}, {'lat': -7.979, 'long': 154.635, 'Time': Timestamp('2007-06-28 02:52:10'), 'mag': 6.7}, {'lat': -5.755, 'long': 145.842, 'Time': Timestamp('2007-06-29 18:07:28'), 'mag': 5.1}, {'lat': -7.979, 'long': 154.635, 'Time': Timestamp('2007-06-28 02:52:10'), 'mag': 6.7}, {'lat': -5.755, 'long': 145.842, 'Time': Timestamp('2007-06-29 18:07:28'), 'mag': 5.1}]",11,15
836,2007-07-02 05:23:53.707,1,"[{'lat': 55.474, 'long': 110.3, 'Time': Timestamp('2007-07-04 01:23:24'), 'mag': 5.4}, {'lat': 55.474, 'long': 110.3, 'Time': Timestamp('2007-07-04 01:23:24'), 'mag': 5.4}]",2,19
837,2007-07-05 08:38:48.430,0,[],0,22
838,2007-06-28 11:57:53.244,1,"[{'lat': 39.268, 'long': 20.263, 'Time': Timestamp('2007-06-29 18:09:11'), 'mag': 5.4}, {'lat': 39.268, 'long': 20.263, 'Time': Timestamp('2007-06-29 18:09:11'), 'mag': 5.4}, {'lat': 39.268, 'long': 20.263, 'Time': Timestamp('2007-06-29 18:09:11'), 'mag': 5.4}]",3,15
839,2007-07-03 15:15:47.617,0,[],0,20
840,2007-07-05 21:45:16.172,1,"[{'lat': -16.418, 'long': -172.644, 'Time': Timestamp('2007-07-06 17:40:49'), 'mag': 5.7}, {'lat': -16.418, 'long': -172.644, 'Time': Timestamp('2007-07-06 17:40:49'), 'mag': 5.7}, {'lat': -34.308, 'long': -178.496, 'Time': Timestamp('2007-07-06 15:58:50'), 'mag': 5.0}, {'lat': -34.308, 'long': -178.496, 'Time': Timestamp('2007-07-06 15:58:50'), 'mag': 5.0}, {'lat': -34.308, 'long': -178.496, 'Time': Timestamp('2007-07-06 15:58:50'), 'mag': 5.0}]",5,22
841,2007-06-21 00:59:22.319,1,"[{'lat': -18.122, 'long': 168.234, 'Time': Timestamp('2007-06-21 12:40:12'), 'mag': 5.0}, {'lat': -11.597, 'long': 166.312, 'Time': Timestamp('2007-06-22 17:32:44'), 'mag': 5.5}, {'lat': -18.122, 'long': 168.234, 'Time': Timestamp('2007-06-21 12:40:12'), 'mag': 5.0}, {'lat': -11.597, 'long': 166.312, 'Time': Timestamp('2007-06-22 17:32:44'), 'mag': 5.5}, {'lat': -22.834, 'long': 171.706, 'Time': Timestamp('2007-06-23 00:31:35'), 'mag': 5.0}, {'lat': -18.122, 'long': 168.234, 'Time': Timestamp('2007-06-21 12:40:12'), 'mag': 5.0}, {'lat': -22.834, 'long': 171.706, 'Time': Timestamp('2007-06-23 00:31:35'), 'mag': 5.0}, {'lat': 46.483, 'long': 153.316, 'Time': Timestamp('2007-06-21 04:39:16'), 'mag': 5.3}, {'lat': 46.483, 'long': 153.316, 'Time': Timestamp('2007-06-21 04:39:16'), 'mag': 5.3}, {'lat': 46.483, 'long': 153.316, 'Time': Timestamp('2007-06-21 04:39:16'), 'mag': 5.3}, {'lat': 42.539, 'long': 142.185, 'Time': Timestamp('2007-06-22 22:20:04'), 'mag': 5.0}, {'lat': 42.539, 'long': 142.185, 'Time': Timestamp('2007-06-22 22:20:04'), 'mag': 5.0}]",12,7
842,2007-07-13 05:54:25.949,0,[],0,29
843,2007-06-21 09:09:46.360,0,[],0,7
844,2007-06-27 12:28:53.646,0,[],0,13
845,2007-07-01 15:46:50.564,0,[],0,17
846,2007-07-11 19:01:49.634,1,"[{'lat': -55.604, 'long': -128.519, 'Time': Timestamp('2007-07-13 16:33:35'), 'mag': 5.7}, {'lat': -55.604, 'long': -128.519, 'Time': Timestamp('2007-07-13 16:33:35'), 'mag': 5.7}]",2,27
847,2007-07-10 22:15:51.998,0,[],0,26
848,2007-06-24 01:29:50.846,1,"[{'lat': -11.23, 'long': 165.54, 'Time': Timestamp('2007-06-25 17:10:13'), 'mag': 5.0}, {'lat': -11.23, 'long': 165.54, 'Time': Timestamp('2007-06-25 17:10:13'), 'mag': 5.0}, {'lat': 1.092, 'long': 126.974, 'Time': Timestamp('2007-06-24 14:51:04'), 'mag': 5.0}, {'lat': 1.092, 'long': 126.974, 'Time': Timestamp('2007-06-24 14:51:04'), 'mag': 5.0}, {'lat': 6.819, 'long': 123.833, 'Time': Timestamp('2007-06-25 05:28:24'), 'mag': 5.4}, {'lat': 1.092, 'long': 126.974, 'Time': Timestamp('2007-06-24 14:51:04'), 'mag': 5.0}]",6,9
849,2007-06-22 06:25:24.788,1,"[{'lat': 21.473, 'long': 99.779, 'Time': Timestamp('2007-06-23 08:17:19'), 'mag': 5.6}, {'lat': 21.552, 'long': 99.909, 'Time': Timestamp('2007-06-23 08:27:48'), 'mag': 5.4}, {'lat': 21.473, 'long': 99.779, 'Time': Timestamp('2007-06-23 08:17:19'), 'mag': 5.6}, {'lat': 21.552, 'long': 99.909, 'Time': Timestamp('2007-06-23 08:27:48'), 'mag': 5.4}, {'lat': 1.192, 'long': 97.328, 'Time': Timestamp('2007-06-23 16:47:30'), 'mag': 5.0}, {'lat': -12.183, 'long': 46.476, 'Time': Timestamp('2007-06-23 11:54:54'), 'mag': 5.1}]",6,7
850,2007-06-25 09:40:52.419,0,[],0,10
851,2007-07-15 12:59:54.047,0,[],0,30
852,2007-07-05 16:17:18.972,1,"[{'lat': 16.35, 'long': -93.99, 'Time': Timestamp('2007-07-06 01:09:19'), 'mag': 6.1}, {'lat': 16.35, 'long': -93.99, 'Time': Timestamp('2007-07-06 01:09:19'), 'mag': 6.1}]",2,20
853,2007-07-02 19:32:23.154,0,[],0,17
854,2007-07-07 11:51:23.421,1,"[{'lat': -59.131, 'long': -26.228, 'Time': Timestamp('2007-07-08 07:28:39'), 'mag': 5.1}, {'lat': -59.131, 'long': -26.228, 'Time': Timestamp('2007-07-08 07:28:39'), 'mag': 5.1}]",2,21
855,2007-06-26 15:09:52.449,1,"[{'lat': -15.679, 'long': -74.893, 'Time': Timestamp('2007-06-28 08:44:46'), 'mag': 5.8}, {'lat': -15.698, 'long': -74.903, 'Time': Timestamp('2007-06-28 12:39:15'), 'mag': 5.2}, {'lat': -15.646, 'long': -74.789, 'Time': Timestamp('2007-06-28 12:41:45'), 'mag': 5.0}, {'lat': -24.282, 'long': -66.958, 'Time': Timestamp('2007-06-28 00:12:13'), 'mag': 5.0}, {'lat': -15.679, 'long': -74.893, 'Time': Timestamp('2007-06-28 08:44:46'), 'mag': 5.8}, {'lat': -15.698, 'long': -74.903, 'Time': Timestamp('2007-06-28 12:39:15'), 'mag': 5.2}, {'lat': -15.646, 'long': -74.789, 'Time': Timestamp('2007-06-28 12:41:45'), 'mag': 5.0}, {'lat': -24.282, 'long': -66.958, 'Time': Timestamp('2007-06-28 00:12:13'), 'mag': 5.0}, {'lat': -15.679, 'long': -74.893, 'Time': Timestamp('2007-06-28 08:44:46'), 'mag': 5.8}, {'lat': -15.698, 'long': -74.903, 'Time': Timestamp('2007-06-28 12:39:15'), 'mag': 5.2}, {'lat': -15.646, 'long': -74.789, 'Time': Timestamp('2007-06-28 12:41:45'), 'mag': 5.0}, {'lat': -24.282, 'long': -66.958, 'Time': Timestamp('2007-06-28 00:12:13'), 'mag': 5.0}]",12,10
856,2007-07-04 18:25:53.528,1,"[{'lat': 16.35, 'long': -93.99, 'Time': Timestamp('2007-07-06 01:09:19'), 'mag': 6.1}, {'lat': 16.35, 'long': -93.99, 'Time': Timestamp('2007-07-06 01:09:19'), 'mag': 6.1}]",2,18
857,2007-06-22 21:39:19.005,1,"[{'lat': -17.343, 'long': -176.9, 'Time': Timestamp('2007-06-23 19:14:45'), 'mag': 5.4}, {'lat': -17.031, 'long': -177.025, 'Time': Timestamp('2007-06-23 19:20:40'), 'mag': 5.4}, {'lat': -16.927, 'long': -177.073, 'Time': Timestamp('2007-06-23 19:35:24'), 'mag': 5.1}, {'lat': -16.806, 'long': -177.117, 'Time': Timestamp('2007-06-23 21:02:07'), 'mag': 5.2}, {'lat': -16.917, 'long': -177.069, 'Time': Timestamp('2007-06-23 21:52:03'), 'mag': 5.6}, {'lat': -17.091, 'long': -177.164, 'Time': Timestamp('2007-06-24 10:15:22'), 'mag': 5.4}, {'lat': -17.343, 'long': -176.9, 'Time': Timestamp('2007-06-23 19:14:45'), 'mag': 5.4}, {'lat': -17.031, 'long': -177.025, 'Time': Timestamp('2007-06-23 19:20:40'), 'mag': 5.4}, {'lat': -16.927, 'long': -177.073, 'Time': Timestamp('2007-06-23 19:35:24'), 'mag': 5.1}, {'lat': -16.806, 'long': -177.117, 'Time': Timestamp('2007-06-23 21:02:07'), 'mag': 5.2}, {'lat': -16.917, 'long': -177.069, 'Time': Timestamp('2007-06-23 21:52:03'), 'mag': 5.6}, {'lat': -17.091, 'long': -177.164, 'Time': Timestamp('2007-06-24 10:15:22'), 'mag': 5.4}, {'lat': -17.343, 'long': -176.9, 'Time': Timestamp('2007-06-23 19:14:45'), 'mag': 5.4}, {'lat': -17.091, 'long': -177.164, 'Time': Timestamp('2007-06-24 10:15:22'), 'mag': 5.4}]",14,6
858,2007-07-03 00:53:20.955,1,"[{'lat': -10.572, 'long': 165.962, 'Time': Timestamp('2007-07-03 15:49:47'), 'mag': 5.2}, {'lat': -10.572, 'long': 165.962, 'Time': Timestamp('2007-07-03 15:49:47'), 'mag': 5.2}, {'lat': -10.572, 'long': 165.962, 'Time': Timestamp('2007-07-03 15:49:47'), 'mag': 5.2}]",3,16
859,2007-07-03 05:48:26.126,1,"[{'lat': 55.474, 'long': 110.3, 'Time': Timestamp('2007-07-04 01:23:24'), 'mag': 5.4}, {'lat': 55.474, 'long': 110.3, 'Time': Timestamp('2007-07-04 01:23:24'), 'mag': 5.4}, {'lat': 55.474, 'long': 110.3, 'Time': Timestamp('2007-07-04 01:23:24'), 'mag': 5.4}]",3,16
860,2007-06-27 09:03:17.752,0,[],0,10
861,2007-07-13 12:22:53.823,1,"[{'lat': -59.987, 'long': -26.104, 'Time': Timestamp('2007-07-15 12:09:48'), 'mag': 5.2}]",1,26
862,2007-07-15 15:40:56.165,1,"[{'lat': 7.182, 'long': -72.126, 'Time': Timestamp('2007-07-16 22:58:23'), 'mag': 5.2}, {'lat': 7.182, 'long': -72.126, 'Time': Timestamp('2007-07-16 22:58:23'), 'mag': 5.2}, {'lat': 7.182, 'long': -72.126, 'Time': Timestamp('2007-07-16 22:58:23'), 'mag': 5.2}]",3,28
863,2007-07-06 22:09:50.847,0,[],0,19
864,2007-07-10 01:23:51.569,1,"[{'lat': -4.787, 'long': 152.511, 'Time': Timestamp('2007-07-11 03:02:08'), 'mag': 5.4}, {'lat': -5.165, 'long': 152.988, 'Time': Timestamp('2007-07-11 19:21:56'), 'mag': 5.0}, {'lat': -13.535, 'long': 167.143, 'Time': Timestamp('2007-07-10 18:40:13'), 'mag': 5.0}, {'lat': -4.787, 'long': 152.511, 'Time': Timestamp('2007-07-11 03:02:08'), 'mag': 5.4}, {'lat': -5.165, 'long': 152.988, 'Time': Timestamp('2007-07-11 19:21:56'), 'mag': 5.0}, {'lat': -13.535, 'long': 167.143, 'Time': Timestamp('2007-07-10 18:40:13'), 'mag': 5.0}]",6,22
865,2007-07-14 06:18:55.415,0,[],0,26
866,2007-07-03 09:34:22.924,1,"[{'lat': 32.08, 'long': 55.9, 'Time': Timestamp('2007-07-04 06:11:07'), 'mag': 5.0}, {'lat': 38.8, 'long': 15.2, 'Time': Timestamp('2007-07-04 23:55:32'), 'mag': 5.2}, {'lat': 38.8, 'long': 15.2, 'Time': Timestamp('2007-07-04 23:55:32'), 'mag': 5.2}, {'lat': 38.8, 'long': 15.2, 'Time': Timestamp('2007-07-04 23:55:32'), 'mag': 5.2}]",4,15
867,2007-07-01 21:03:22.989,1,"[{'lat': -26.785, 'long': -176.397, 'Time': Timestamp('2007-07-03 18:43:22'), 'mag': 5.1}]",1,13
868,2007-07-04 06:49:54.366,0,[],0,15
869,2007-07-19 13:24:53.625,0,[],0,30
870,2007-06-27 16:41:53.679,1,"[{'lat': -15.679, 'long': -74.893, 'Time': Timestamp('2007-06-28 08:44:46'), 'mag': 5.8}, {'lat': -15.698, 'long': -74.903, 'Time': Timestamp('2007-06-28 12:39:15'), 'mag': 5.2}, {'lat': -15.646, 'long': -74.789, 'Time': Timestamp('2007-06-28 12:41:45'), 'mag': 5.0}, {'lat': -15.772, 'long': -74.928, 'Time': Timestamp('2007-06-29 02:02:17'), 'mag': 5.6}, {'lat': -24.282, 'long': -66.958, 'Time': Timestamp('2007-06-28 00:12:13'), 'mag': 5.0}, {'lat': -15.679, 'long': -74.893, 'Time': Timestamp('2007-06-28 08:44:46'), 'mag': 5.8}, {'lat': -15.698, 'long': -74.903, 'Time': Timestamp('2007-06-28 12:39:15'), 'mag': 5.2}, {'lat': -15.646, 'long': -74.789, 'Time': Timestamp('2007-06-28 12:41:45'), 'mag': 5.0}, {'lat': -15.772, 'long': -74.928, 'Time': Timestamp('2007-06-29 02:02:17'), 'mag': 5.6}, {'lat': -24.282, 'long': -66.958, 'Time': Timestamp('2007-06-28 00:12:13'), 'mag': 5.0}, {'lat': -15.679, 'long': -74.893, 'Time': Timestamp('2007-06-28 08:44:46'), 'mag': 5.8}, {'lat': -15.698, 'long': -74.903, 'Time': Timestamp('2007-06-28 12:39:15'), 'mag': 5.2}, {'lat': -15.646, 'long': -74.789, 'Time': Timestamp('2007-06-28 12:41:45'), 'mag': 5.0}, {'lat': -32.004, 'long': -71.34, 'Time': Timestamp('2007-06-28 19:25:21'), 'mag': 5.7}, {'lat': -15.772, 'long': -74.928, 'Time': Timestamp('2007-06-29 02:02:17'), 'mag': 5.6}, {'lat': -24.282, 'long': -66.958, 'Time': Timestamp('2007-06-28 00:12:13'), 'mag': 5.0}, {'lat': -32.004, 'long': -71.34, 'Time': Timestamp('2007-06-28 19:25:21'), 'mag': 5.7}, {'lat': -32.004, 'long': -71.34, 'Time': Timestamp('2007-06-28 19:25:21'), 'mag': 5.7}]",18,8
871,2007-07-16 19:56:52.716,1,"[{'lat': 24.55, 'long': -109.089, 'Time': Timestamp('2007-07-17 04:13:48'), 'mag': 5.3}, {'lat': 24.55, 'long': -109.089, 'Time': Timestamp('2007-07-17 04:13:48'), 'mag': 5.3}, {'lat': 24.55, 'long': -109.089, 'Time': Timestamp('2007-07-17 04:13:48'), 'mag': 5.3}]",3,27
872,2007-07-05 23:10:20.872,1,"[{'lat': -16.418, 'long': -172.644, 'Time': Timestamp('2007-07-06 17:40:49'), 'mag': 5.7}, {'lat': -16.418, 'long': -172.644, 'Time': Timestamp('2007-07-06 17:40:49'), 'mag': 5.7}, {'lat': -34.308, 'long': -178.496, 'Time': Timestamp('2007-07-06 15:58:50'), 'mag': 5.0}, {'lat': -34.308, 'long': -178.496, 'Time': Timestamp('2007-07-06 15:58:50'), 'mag': 5.0}, {'lat': -34.308, 'long': -178.496, 'Time': Timestamp('2007-07-06 15:58:50'), 'mag': 5.0}, {'lat': -15.209, 'long': 170.82, 'Time': Timestamp('2007-07-07 23:09:06'), 'mag': 5.0}, {'lat': -15.209, 'long': 170.82, 'Time': Timestamp('2007-07-07 23:09:06'), 'mag': 5.0}, {'lat': -15.209, 'long': 170.82, 'Time': Timestamp('2007-07-07 23:09:06'), 'mag': 5.0}]",8,16
873,2007-07-12 08:57:23.354,0,[],0,22
874,2007-07-01 12:16:24.075,1,"[{'lat': -55.314, 'long': -28.066, 'Time': Timestamp('2007-07-01 23:45:28'), 'mag': 5.2}, {'lat': 0.715, 'long': -30.272, 'Time': Timestamp('2007-07-03 08:26:00'), 'mag': 6.3}, {'lat': 0.715, 'long': -30.272, 'Time': Timestamp('2007-07-03 08:26:00'), 'mag': 6.3}, {'lat': 0.715, 'long': -30.272, 'Time': Timestamp('2007-07-03 08:26:00'), 'mag': 6.3}]",4,11
875,2007-07-15 15:34:22.649,1,"[{'lat': 7.182, 'long': -72.126, 'Time': Timestamp('2007-07-16 22:58:23'), 'mag': 5.2}, {'lat': 7.182, 'long': -72.126, 'Time': Timestamp('2007-07-16 22:58:23'), 'mag': 5.2}, {'lat': 7.182, 'long': -72.126, 'Time': Timestamp('2007-07-16 22:58:23'), 'mag': 5.2}]",3,25
876,2007-06-27 22:03:44.676,0,[],0,7
877,2007-07-21 01:17:48.054,1,"[{'lat': -4.469, 'long': 149.854, 'Time': Timestamp('2007-07-23 00:08:32'), 'mag': 5.9}, {'lat': 46.942, 'long': 156.588, 'Time': Timestamp('2007-07-21 01:50:02'), 'mag': 5.0}, {'lat': 46.942, 'long': 156.588, 'Time': Timestamp('2007-07-21 01:50:02'), 'mag': 5.0}, {'lat': 46.942, 'long': 156.588, 'Time': Timestamp('2007-07-21 01:50:02'), 'mag': 5.0}, {'lat': 2.621, 'long': 128.227, 'Time': Timestamp('2007-07-22 13:56:13'), 'mag': 5.2}, {'lat': -2.797, 'long': 141.66, 'Time': Timestamp('2007-07-22 10:49:35'), 'mag': 5.8}, {'lat': -2.807, 'long': 141.72, 'Time': Timestamp('2007-07-22 12:14:27'), 'mag': 5.1}, {'lat': -2.746, 'long': 141.694, 'Time': Timestamp('2007-07-22 12:40:52'), 'mag': 5.0}, {'lat': 2.621, 'long': 128.227, 'Time': Timestamp('2007-07-22 13:56:13'), 'mag': 5.2}, {'lat': -2.783, 'long': 141.724, 'Time': Timestamp('2007-07-22 14:20:43'), 'mag': 5.8}, {'lat': -2.797, 'long': 141.765, 'Time': Timestamp('2007-07-22 15:42:11'), 'mag': 5.2}, {'lat': -2.797, 'long': 141.66, 'Time': Timestamp('2007-07-22 10:49:35'), 'mag': 5.8}, {'lat': -2.807, 'long': 141.72, 'Time': Timestamp('2007-07-22 12:14:27'), 'mag': 5.1}, {'lat': -2.746, 'long': 141.694, 'Time': Timestamp('2007-07-22 12:40:52'), 'mag': 5.0}, {'lat': 2.621, 'long': 128.227, 'Time': Timestamp('2007-07-22 13:56:13'), 'mag': 5.2}, {'lat': -2.783, 'long': 141.724, 'Time': Timestamp('2007-07-22 14:20:43'), 'mag': 5.8}, {'lat': -2.797, 'long': 141.765, 'Time': Timestamp('2007-07-22 15:42:11'), 'mag': 5.2}, {'lat': -2.797, 'long': 141.66, 'Time': Timestamp('2007-07-22 10:49:35'), 'mag': 5.8}, {'lat': -2.807, 'long': 141.72, 'Time': Timestamp('2007-07-22 12:14:27'), 'mag': 5.1}, {'lat': -2.746, 'long': 141.694, 'Time': Timestamp('2007-07-22 12:40:52'), 'mag': 5.0}, {'lat': -2.783, 'long': 141.724, 'Time': Timestamp('2007-07-22 14:20:43'), 'mag': 5.8}, {'lat': -2.797, 'long': 141.765, 'Time': Timestamp('2007-07-22 15:42:11'), 'mag': 5.2}]",22,30
878,2007-07-12 06:12:58.436,1,"[{'lat': -25.4, 'long': 70.019, 'Time': Timestamp('2007-07-12 21:03:37'), 'mag': 5.0}, {'lat': -25.4, 'long': 70.019, 'Time': Timestamp('2007-07-12 21:03:37'), 'mag': 5.0}, {'lat': -25.4, 'long': 70.019, 'Time': Timestamp('2007-07-12 21:03:37'), 'mag': 5.0}]",3,21
879,2007-07-01 09:28:20.409,0,[],0,10
880,2007-06-27 12:47:23.476,0,[],0,6
881,2007-07-05 16:05:20.618,0,[],0,14
882,2007-07-09 11:38:53.850,1,"[{'lat': -56.245, 'long': -26.938, 'Time': Timestamp('2007-07-11 09:42:25'), 'mag': 5.0}, {'lat': -56.245, 'long': -26.938, 'Time': Timestamp('2007-07-11 09:42:25'), 'mag': 5.0}]",2,17
883,2007-07-02 14:57:49.887,1,"[{'lat': 0.715, 'long': -30.272, 'Time': Timestamp('2007-07-03 08:26:00'), 'mag': 6.3}, {'lat': 0.715, 'long': -30.272, 'Time': Timestamp('2007-07-03 08:26:00'), 'mag': 6.3}]",2,10
884,2007-07-02 18:13:24.009,0,[],0,10
885,2007-06-30 08:51:18.510,0,[],0,7
886,2007-07-02 12:10:23.252,1,"[{'lat': 0.715, 'long': -30.272, 'Time': Timestamp('2007-07-03 08:26:00'), 'mag': 6.3}, {'lat': 0.715, 'long': -30.272, 'Time': Timestamp('2007-07-03 08:26:00'), 'mag': 6.3}, {'lat': 0.715, 'long': -30.272, 'Time': Timestamp('2007-07-03 08:26:00'), 'mag': 6.3}]",3,9
887,2007-07-05 15:28:14.635,0,[],0,12
888,2007-07-05 18:43:53.359,1,"[{'lat': 16.35, 'long': -93.99, 'Time': Timestamp('2007-07-06 01:09:19'), 'mag': 6.1}, {'lat': 16.35, 'long': -93.99, 'Time': Timestamp('2007-07-06 01:09:19'), 'mag': 6.1}, {'lat': 16.35, 'long': -93.99, 'Time': Timestamp('2007-07-06 01:09:19'), 'mag': 6.1}, {'lat': -26.693, 'long': -114.543, 'Time': Timestamp('2007-07-07 15:02:46'), 'mag': 5.2}, {'lat': -26.693, 'long': -114.543, 'Time': Timestamp('2007-07-07 15:02:46'), 'mag': 5.2}]",5,12
889,2007-07-07 01:11:52.327,1,"[{'lat': -15.209, 'long': 170.82, 'Time': Timestamp('2007-07-07 23:09:06'), 'mag': 5.0}, {'lat': -15.209, 'long': 170.82, 'Time': Timestamp('2007-07-07 23:09:06'), 'mag': 5.0}, {'lat': 46.836, 'long': 155.478, 'Time': Timestamp('2007-07-08 18:54:00'), 'mag': 5.3}, {'lat': 46.836, 'long': 155.478, 'Time': Timestamp('2007-07-08 18:54:00'), 'mag': 5.3}, {'lat': 46.836, 'long': 155.478, 'Time': Timestamp('2007-07-08 18:54:00'), 'mag': 5.3}]",5,13
890,2007-07-11 06:06:54.517,1,"[{'lat': -25.4, 'long': 70.019, 'Time': Timestamp('2007-07-12 21:03:37'), 'mag': 5.0}, {'lat': -25.4, 'long': 70.019, 'Time': Timestamp('2007-07-12 21:03:37'), 'mag': 5.0}]",2,17
891,2007-07-16 09:22:20.586,1,"[{'lat': -2.734, 'long': 36.362, 'Time': Timestamp('2007-07-17 14:10:42'), 'mag': 5.9}, {'lat': -2.782, 'long': 36.19, 'Time': Timestamp('2007-07-17 18:27:51'), 'mag': 5.3}, {'lat': -2.734, 'long': 36.362, 'Time': Timestamp('2007-07-17 14:10:42'), 'mag': 5.9}, {'lat': -2.782, 'long': 36.19, 'Time': Timestamp('2007-07-17 18:27:51'), 'mag': 5.3}, {'lat': -2.734, 'long': 36.362, 'Time': Timestamp('2007-07-17 14:10:42'), 'mag': 5.9}, {'lat': -2.782, 'long': 36.19, 'Time': Timestamp('2007-07-17 18:27:51'), 'mag': 5.3}]",6,22
892,2007-07-24 12:41:23.653,1,"[{'lat': 44.8, 'long': -28.192, 'Time': Timestamp('2007-07-25 19:38:26'), 'mag': 5.1}, {'lat': 44.8, 'long': -28.192, 'Time': Timestamp('2007-07-25 19:38:26'), 'mag': 5.1}, {'lat': 44.8, 'long': -28.192, 'Time': Timestamp('2007-07-25 19:38:26'), 'mag': 5.1}]",3,30
893,2007-07-20 15:59:16.587,1,"[{'lat': -8.133, 'long': -71.272, 'Time': Timestamp('2007-07-21 13:27:04'), 'mag': 6.1}, {'lat': -22.151, 'long': -65.777, 'Time': Timestamp('2007-07-21 15:34:52'), 'mag': 6.4}, {'lat': -22.151, 'long': -65.777, 'Time': Timestamp('2007-07-21 15:34:52'), 'mag': 6.4}, {'lat': -22.151, 'long': -65.777, 'Time': Timestamp('2007-07-21 15:34:52'), 'mag': 6.4}, {'lat': -1.591, 'long': -78.027, 'Time': Timestamp('2007-07-21 18:58:13'), 'mag': 5.2}, {'lat': -8.133, 'long': -71.272, 'Time': Timestamp('2007-07-21 13:27:04'), 'mag': 6.1}, {'lat': -1.591, 'long': -78.027, 'Time': Timestamp('2007-07-21 18:58:13'), 'mag': 5.2}, {'lat': -1.591, 'long': -78.027, 'Time': Timestamp('2007-07-21 18:58:13'), 'mag': 5.2}]",8,26
894,2007-07-17 22:28:23.813,0,[],0,23
895,2007-07-16 01:42:22.181,1,"[{'lat': 45.264, 'long': 153.183, 'Time': Timestamp('2007-07-18 01:21:58'), 'mag': 5.1}, {'lat': 45.264, 'long': 153.183, 'Time': Timestamp('2007-07-18 01:21:58'), 'mag': 5.1}, {'lat': 45.264, 'long': 153.183, 'Time': Timestamp('2007-07-18 01:21:58'), 'mag': 5.1}, {'lat': 37.502, 'long': 138.467, 'Time': Timestamp('2007-07-16 06:37:40'), 'mag': 5.7}, {'lat': 36.808, 'long': 134.85, 'Time': Timestamp('2007-07-16 14:17:37'), 'mag': 6.8}, {'lat': 37.502, 'long': 138.467, 'Time': Timestamp('2007-07-16 06:37:40'), 'mag': 5.7}, {'lat': 36.808, 'long': 134.85, 'Time': Timestamp('2007-07-16 14:17:37'), 'mag': 6.8}, {'lat': -49.829, 'long': 117.802, 'Time': Timestamp('2007-07-17 00:06:00'), 'mag': 5.2}, {'lat': -49.829, 'long': 117.802, 'Time': Timestamp('2007-07-17 00:06:00'), 'mag': 5.2}]",9,21
896,2007-07-17 06:37:26.124,1,"[{'lat': 6.465, 'long': 84.395, 'Time': Timestamp('2007-07-18 04:27:24'), 'mag': 5.2}, {'lat': 6.465, 'long': 84.395, 'Time': Timestamp('2007-07-18 04:27:24'), 'mag': 5.2}, {'lat': 6.465, 'long': 84.395, 'Time': Timestamp('2007-07-18 04:27:24'), 'mag': 5.2}]",3,22
897,2007-07-03 09:53:21.099,1,"[{'lat': 38.8, 'long': 15.2, 'Time': Timestamp('2007-07-04 23:55:32'), 'mag': 5.2}, {'lat': 38.8, 'long': 15.2, 'Time': Timestamp('2007-07-04 23:55:32'), 'mag': 5.2}, {'lat': 38.8, 'long': 15.2, 'Time': Timestamp('2007-07-04 23:55:32'), 'mag': 5.2}]",3,8
898,2007-07-21 13:12:24.055,0,[],0,26
899,2007-07-04 21:21:22.708,1,"[{'lat': -16.418, 'long': -172.644, 'Time': Timestamp('2007-07-06 17:40:49'), 'mag': 5.7}, {'lat': -27.089, 'long': -176.353, 'Time': Timestamp('2007-07-05 16:34:11'), 'mag': 5.0}, {'lat': -16.418, 'long': -172.644, 'Time': Timestamp('2007-07-06 17:40:49'), 'mag': 5.7}, {'lat': -27.089, 'long': -176.353, 'Time': Timestamp('2007-07-05 16:34:11'), 'mag': 5.0}, {'lat': -34.308, 'long': -178.496, 'Time': Timestamp('2007-07-06 15:58:50'), 'mag': 5.0}, {'lat': -27.089, 'long': -176.353, 'Time': Timestamp('2007-07-05 16:34:11'), 'mag': 5.0}, {'lat': -34.308, 'long': -178.496, 'Time': Timestamp('2007-07-06 15:58:50'), 'mag': 5.0}, {'lat': -34.308, 'long': -178.496, 'Time': Timestamp('2007-07-06 15:58:50'), 'mag': 5.0}]",8,9
900,2007-07-14 00:35:23.430,1,"[{'lat': 56.074, 'long': -161.815, 'Time': Timestamp('2007-07-15 17:01:48'), 'mag': 5.0}, {'lat': 52.491, 'long': -168.035, 'Time': Timestamp('2007-07-15 13:08:01'), 'mag': 6.1}, {'lat': 52.362, 'long': -168.008, 'Time': Timestamp('2007-07-15 13:26:15'), 'mag': 5.9}, {'lat': 52.491, 'long': -167.95, 'Time': Timestamp('2007-07-15 14:09:18'), 'mag': 5.1}, {'lat': 56.074, 'long': -161.815, 'Time': Timestamp('2007-07-15 17:01:48'), 'mag': 5.0}, {'lat': 52.43, 'long': -167.976, 'Time': Timestamp('2007-07-15 17:27:28'), 'mag': 5.0}, {'lat': 52.491, 'long': -168.035, 'Time': Timestamp('2007-07-15 13:08:01'), 'mag': 6.1}, {'lat': 52.362, 'long': -168.008, 'Time': Timestamp('2007-07-15 13:26:15'), 'mag': 5.9}, {'lat': 52.491, 'long': -167.95, 'Time': Timestamp('2007-07-15 14:09:18'), 'mag': 5.1}, {'lat': 52.43, 'long': -167.976, 'Time': Timestamp('2007-07-15 17:27:28'), 'mag': 5.0}, {'lat': 52.491, 'long': -168.035, 'Time': Timestamp('2007-07-15 13:08:01'), 'mag': 6.1}, {'lat': 52.362, 'long': -168.008, 'Time': Timestamp('2007-07-15 13:26:15'), 'mag': 5.9}, {'lat': 52.491, 'long': -167.95, 'Time': Timestamp('2007-07-15 14:09:18'), 'mag': 5.1}, {'lat': 52.43, 'long': -167.976, 'Time': Timestamp('2007-07-15 17:27:28'), 'mag': 5.0}, {'lat': -15.383, 'long': 168.597, 'Time': Timestamp('2007-07-15 09:27:34'), 'mag': 6.1}, {'lat': -15.383, 'long': 168.597, 'Time': Timestamp('2007-07-15 09:27:34'), 'mag': 6.1}, {'lat': -15.383, 'long': 168.597, 'Time': Timestamp('2007-07-15 09:27:34'), 'mag': 6.1}, {'lat': 46.7, 'long': 152.478, 'Time': Timestamp('2007-07-15 20:41:18'), 'mag': 5.2}, {'lat': 46.7, 'long': 152.478, 'Time': Timestamp('2007-07-15 20:41:18'), 'mag': 5.2}, {'lat': 46.7, 'long': 152.478, 'Time': Timestamp('2007-07-15 20:41:18'), 'mag': 5.2}, {'lat': -3.544, 'long': 145.645, 'Time': Timestamp('2007-07-14 12:37:14'), 'mag': 5.1}, {'lat': -6.88, 'long': 155.793, 'Time': Timestamp('2007-07-15 17:58:06'), 'mag': 5.4}, {'lat': -3.544, 'long': 145.645, 'Time': Timestamp('2007-07-14 12:37:14'), 'mag': 5.1}, {'lat': -6.88, 'long': 155.793, 'Time': Timestamp('2007-07-15 17:58:06'), 'mag': 5.4}, {'lat': -3.544, 'long': 145.645, 'Time': Timestamp('2007-07-14 12:37:14'), 'mag': 5.1}, {'lat': -6.88, 'long': 155.793, 'Time': Timestamp('2007-07-15 17:58:06'), 'mag': 5.4}]",26,18
901,2007-07-22 03:52:23.708,1,"[{'lat': 23.666, 'long': 121.629, 'Time': Timestamp('2007-07-23 13:40:02'), 'mag': 5.2}, {'lat': 23.666, 'long': 121.629, 'Time': Timestamp('2007-07-23 13:40:02'), 'mag': 5.2}, {'lat': 23.666, 'long': 121.629, 'Time': Timestamp('2007-07-23 13:40:02'), 'mag': 5.2}, {'lat': 2.621, 'long': 128.227, 'Time': Timestamp('2007-07-22 13:56:13'), 'mag': 5.2}, {'lat': 2.621, 'long': 128.227, 'Time': Timestamp('2007-07-22 13:56:13'), 'mag': 5.2}, {'lat': 2.621, 'long': 128.227, 'Time': Timestamp('2007-07-22 13:56:13'), 'mag': 5.2}, {'lat': 38.426, 'long': 101.259, 'Time': Timestamp('2007-07-22 09:34:32'), 'mag': 5.0}, {'lat': 38.426, 'long': 101.259, 'Time': Timestamp('2007-07-22 09:34:32'), 'mag': 5.0}]",8,26
902,2007-07-19 07:08:24.319,1,"[{'lat': 42.913, 'long': 82.378, 'Time': Timestamp('2007-07-20 10:06:52'), 'mag': 5.6}, {'lat': 42.913, 'long': 82.378, 'Time': Timestamp('2007-07-20 10:06:52'), 'mag': 5.6}, {'lat': 42.913, 'long': 82.378, 'Time': Timestamp('2007-07-20 10:06:52'), 'mag': 5.6}, {'lat': -52.563, 'long': 25.986, 'Time': Timestamp('2007-07-20 20:00:07'), 'mag': 5.4}]",4,23
903,2007-07-26 10:24:24.595,1,"[{'lat': -2.677, 'long': 36.012, 'Time': Timestamp('2007-07-26 18:54:37'), 'mag': 5.2}, {'lat': -2.677, 'long': 36.012, 'Time': Timestamp('2007-07-26 18:54:37'), 'mag': 5.2}]",2,30
904,2007-07-21 13:43:53.455,1,"[{'lat': -22.151, 'long': -65.777, 'Time': Timestamp('2007-07-21 15:34:52'), 'mag': 6.4}]",1,25
905,2007-07-05 17:00:23.510,1,"[{'lat': 16.35, 'long': -93.99, 'Time': Timestamp('2007-07-06 01:09:19'), 'mag': 6.1}, {'lat': 16.35, 'long': -93.99, 'Time': Timestamp('2007-07-06 01:09:19'), 'mag': 6.1}, {'lat': 16.35, 'long': -93.99, 'Time': Timestamp('2007-07-06 01:09:19'), 'mag': 6.1}, {'lat': -26.693, 'long': -114.543, 'Time': Timestamp('2007-07-07 15:02:46'), 'mag': 5.2}]",4,9
906,2007-07-25 20:14:53.428,1,"[{'lat': 44.428, 'long': -129.593, 'Time': Timestamp('2007-07-27 01:37:47'), 'mag': 5.2}, {'lat': 44.46, 'long': -129.666, 'Time': Timestamp('2007-07-27 01:45:27'), 'mag': 5.3}, {'lat': 44.428, 'long': -129.593, 'Time': Timestamp('2007-07-27 01:37:47'), 'mag': 5.2}, {'lat': 44.46, 'long': -129.666, 'Time': Timestamp('2007-07-27 01:45:27'), 'mag': 5.3}, {'lat': 44.428, 'long': -129.593, 'Time': Timestamp('2007-07-27 01:37:47'), 'mag': 5.2}, {'lat': 44.46, 'long': -129.666, 'Time': Timestamp('2007-07-27 01:45:27'), 'mag': 5.3}]",6,29
907,2007-07-11 01:05:52.504,1,"[{'lat': -4.787, 'long': 152.511, 'Time': Timestamp('2007-07-11 03:02:08'), 'mag': 5.4}, {'lat': -5.165, 'long': 152.988, 'Time': Timestamp('2007-07-11 19:21:56'), 'mag': 5.0}]",2,14
908,2007-07-16 06:00:54.694,1,"[{'lat': 6.465, 'long': 84.395, 'Time': Timestamp('2007-07-18 04:27:24'), 'mag': 5.2}, {'lat': 6.465, 'long': 84.395, 'Time': Timestamp('2007-07-18 04:27:24'), 'mag': 5.2}, {'lat': 6.465, 'long': 84.395, 'Time': Timestamp('2007-07-18 04:27:24'), 'mag': 5.2}]",3,19
909,2007-07-02 09:15:47.984,1,"[{'lat': 32.08, 'long': 55.9, 'Time': Timestamp('2007-07-04 06:11:07'), 'mag': 5.0}, {'lat': 32.08, 'long': 55.9, 'Time': Timestamp('2007-07-04 06:11:07'), 'mag': 5.0}, {'lat': 32.08, 'long': 55.9, 'Time': Timestamp('2007-07-04 06:11:07'), 'mag': 5.0}]",3,5
910,2007-07-24 12:35:23.906,1,"[{'lat': 44.8, 'long': -28.192, 'Time': Timestamp('2007-07-25 19:38:26'), 'mag': 5.1}, {'lat': 44.8, 'long': -28.192, 'Time': Timestamp('2007-07-25 19:38:26'), 'mag': 5.1}, {'lat': 44.8, 'long': -28.192, 'Time': Timestamp('2007-07-25 19:38:26'), 'mag': 5.1}]",3,27
911,2007-07-20 15:53:26.361,1,"[{'lat': -22.151, 'long': -65.777, 'Time': Timestamp('2007-07-21 15:34:52'), 'mag': 6.4}, {'lat': -22.151, 'long': -65.777, 'Time': Timestamp('2007-07-21 15:34:52'), 'mag': 6.4}, {'lat': -22.151, 'long': -65.777, 'Time': Timestamp('2007-07-21 15:34:52'), 'mag': 6.4}, {'lat': -1.591, 'long': -78.027, 'Time': Timestamp('2007-07-21 18:58:13'), 'mag': 5.2}, {'lat': -8.133, 'long': -71.272, 'Time': Timestamp('2007-07-21 13:27:04'), 'mag': 6.1}, {'lat': -1.591, 'long': -78.027, 'Time': Timestamp('2007-07-21 18:58:13'), 'mag': 5.2}, {'lat': -8.133, 'long': -71.272, 'Time': Timestamp('2007-07-21 13:27:04'), 'mag': 6.1}, {'lat': -1.591, 'long': -78.027, 'Time': Timestamp('2007-07-21 18:58:13'), 'mag': 5.2}]",8,23
912,2007-07-04 22:22:24.067,0,[],0,7
913,2007-07-22 01:36:21.435,1,"[{'lat': -4.469, 'long': 149.854, 'Time': Timestamp('2007-07-23 00:08:32'), 'mag': 5.9}, {'lat': -4.469, 'long': 149.854, 'Time': Timestamp('2007-07-23 00:08:32'), 'mag': 5.9}, {'lat': 2.621, 'long': 128.227, 'Time': Timestamp('2007-07-22 13:56:13'), 'mag': 5.2}, {'lat': -2.797, 'long': 141.66, 'Time': Timestamp('2007-07-22 10:49:35'), 'mag': 5.8}, {'lat': -2.807, 'long': 141.72, 'Time': Timestamp('2007-07-22 12:14:27'), 'mag': 5.1}, {'lat': -2.746, 'long': 141.694, 'Time': Timestamp('2007-07-22 12:40:52'), 'mag': 5.0}, {'lat': 2.621, 'long': 128.227, 'Time': Timestamp('2007-07-22 13:56:13'), 'mag': 5.2}, {'lat': -2.783, 'long': 141.724, 'Time': Timestamp('2007-07-22 14:20:43'), 'mag': 5.8}, {'lat': -2.797, 'long': 141.765, 'Time': Timestamp('2007-07-22 15:42:11'), 'mag': 5.2}, {'lat': -2.797, 'long': 141.66, 'Time': Timestamp('2007-07-22 10:49:35'), 'mag': 5.8}, {'lat': -2.807, 'long': 141.72, 'Time': Timestamp('2007-07-22 12:14:27'), 'mag': 5.1}, {'lat': -2.746, 'long': 141.694, 'Time': Timestamp('2007-07-22 12:40:52'), 'mag': 5.0}, {'lat': 2.621, 'long': 128.227, 'Time': Timestamp('2007-07-22 13:56:13'), 'mag': 5.2}, {'lat': -2.783, 'long': 141.724, 'Time': Timestamp('2007-07-22 14:20:43'), 'mag': 5.8}, {'lat': -2.797, 'long': 141.765, 'Time': Timestamp('2007-07-22 15:42:11'), 'mag': 5.2}]",15,24
914,2007-07-11 06:31:25.377,1,"[{'lat': -25.4, 'long': 70.019, 'Time': Timestamp('2007-07-12 21:03:37'), 'mag': 5.0}, {'lat': -25.4, 'long': 70.019, 'Time': Timestamp('2007-07-12 21:03:37'), 'mag': 5.0}, {'lat': -25.4, 'long': 70.019, 'Time': Timestamp('2007-07-12 21:03:37'), 'mag': 5.0}]",3,13
915,2007-07-28 09:47:20.352,1,"[{'lat': -54.13, 'long': 7.881, 'Time': Timestamp('2007-07-28 16:13:43'), 'mag': 5.5}, {'lat': -54.157, 'long': 7.908, 'Time': Timestamp('2007-07-28 17:46:28'), 'mag': 5.1}]",2,30
916,2007-07-18 13:06:23.308,0,[],0,20
917,2007-07-18 16:23:53.362,0,[],0,20
918,2007-07-11 19:38:53.415,1,"[{'lat': -55.604, 'long': -128.519, 'Time': Timestamp('2007-07-13 16:33:35'), 'mag': 5.7}, {'lat': -55.604, 'long': -128.519, 'Time': Timestamp('2007-07-13 16:33:35'), 'mag': 5.7}, {'lat': -55.604, 'long': -128.519, 'Time': Timestamp('2007-07-13 16:33:35'), 'mag': 5.7}]",3,13
919,2007-07-03 22:52:23.323,1,"[{'lat': -27.123, 'long': -176.56, 'Time': Timestamp('2007-07-04 15:33:43'), 'mag': 5.0}, {'lat': -27.146, 'long': -176.512, 'Time': Timestamp('2007-07-04 17:24:33'), 'mag': 5.1}, {'lat': -27.089, 'long': -176.353, 'Time': Timestamp('2007-07-05 16:34:11'), 'mag': 5.0}, {'lat': -27.123, 'long': -176.56, 'Time': Timestamp('2007-07-04 15:33:43'), 'mag': 5.0}, {'lat': -27.146, 'long': -176.512, 'Time': Timestamp('2007-07-04 17:24:33'), 'mag': 5.1}, {'lat': -27.089, 'long': -176.353, 'Time': Timestamp('2007-07-05 16:34:11'), 'mag': 5.0}]",6,5
920,2007-07-19 02:06:44.079,1,"[{'lat': 46.942, 'long': 156.588, 'Time': Timestamp('2007-07-21 01:50:02'), 'mag': 5.0}, {'lat': 46.942, 'long': 156.588, 'Time': Timestamp('2007-07-21 01:50:02'), 'mag': 5.0}, {'lat': 46.942, 'long': 156.588, 'Time': Timestamp('2007-07-21 01:50:02'), 'mag': 5.0}, {'lat': 10.291, 'long': 125.149, 'Time': Timestamp('2007-07-19 15:10:24'), 'mag': 5.3}, {'lat': 10.291, 'long': 125.149, 'Time': Timestamp('2007-07-19 15:10:24'), 'mag': 5.3}, {'lat': 10.291, 'long': 125.149, 'Time': Timestamp('2007-07-19 15:10:24'), 'mag': 5.3}, {'lat': -1.144, 'long': 127.07, 'Time': Timestamp('2007-07-20 09:06:37'), 'mag': 5.0}, {'lat': -1.144, 'long': 127.07, 'Time': Timestamp('2007-07-20 09:06:37'), 'mag': 5.0}, {'lat': -9.36, 'long': 117.988, 'Time': Timestamp('2007-07-20 09:49:46'), 'mag': 5.2}, {'lat': -1.144, 'long': 127.07, 'Time': Timestamp('2007-07-20 09:06:37'), 'mag': 5.0}, {'lat': -9.36, 'long': 117.988, 'Time': Timestamp('2007-07-20 09:49:46'), 'mag': 5.2}, {'lat': -9.36, 'long': 117.988, 'Time': Timestamp('2007-07-20 09:49:46'), 'mag': 5.2}]",12,20
921,2007-07-14 05:24:25.985,0,[],0,15
922,2007-07-13 08:40:55.917,0,[],0,14
923,2007-07-10 11:57:53.682,1,"[{'lat': -56.245, 'long': -26.938, 'Time': Timestamp('2007-07-11 09:42:25'), 'mag': 5.0}]",1,11
924,2007-07-11 15:16:22.152,1,"[{'lat': -7.933, 'long': -74.379, 'Time': Timestamp('2007-07-12 05:23:49'), 'mag': 6.1}, {'lat': -7.933, 'long': -74.379, 'Time': Timestamp('2007-07-12 05:23:49'), 'mag': 6.1}, {'lat': -7.933, 'long': -74.379, 'Time': Timestamp('2007-07-12 05:23:49'), 'mag': 6.1}, {'lat': -30.838, 'long': -71.361, 'Time': Timestamp('2007-07-12 20:47:37'), 'mag': 5.0}, {'lat': -30.838, 'long': -71.361, 'Time': Timestamp('2007-07-12 20:47:37'), 'mag': 5.0}, {'lat': -30.838, 'long': -71.361, 'Time': Timestamp('2007-07-12 20:47:37'), 'mag': 5.0}]",6,12
925,2007-07-12 23:22:52.396,1,"[{'lat': -39.71, 'long': 173.98, 'Time': Timestamp('2007-07-13 12:47:03'), 'mag': 5.1}, {'lat': 51.838, 'long': -176.28, 'Time': Timestamp('2007-07-13 21:54:43'), 'mag': 6.0}]",2,13
926,2007-07-16 07:32:58.947,1,"[{'lat': -2.734, 'long': 36.362, 'Time': Timestamp('2007-07-17 14:10:42'), 'mag': 5.9}, {'lat': -2.782, 'long': 36.19, 'Time': Timestamp('2007-07-17 18:27:51'), 'mag': 5.3}, {'lat': -2.734, 'long': 36.362, 'Time': Timestamp('2007-07-17 14:10:42'), 'mag': 5.9}, {'lat': -2.782, 'long': 36.19, 'Time': Timestamp('2007-07-17 18:27:51'), 'mag': 5.3}, {'lat': -2.734, 'long': 36.362, 'Time': Timestamp('2007-07-17 14:10:42'), 'mag': 5.9}, {'lat': -2.782, 'long': 36.19, 'Time': Timestamp('2007-07-17 18:27:51'), 'mag': 5.3}]",6,16
927,2007-07-23 10:49:22.483,0,[],0,23
928,2007-07-28 14:08:21.303,0,[],0,28
929,2007-07-21 17:25:23.164,1,"[{'lat': -1.591, 'long': -78.027, 'Time': Timestamp('2007-07-21 18:58:13'), 'mag': 5.2}, {'lat': -1.591, 'long': -78.027, 'Time': Timestamp('2007-07-21 18:58:13'), 'mag': 5.2}, {'lat': -1.591, 'long': -78.027, 'Time': Timestamp('2007-07-21 18:58:13'), 'mag': 5.2}, {'lat': -4.109, 'long': -104.235, 'Time': Timestamp('2007-07-23 06:00:35'), 'mag': 5.5}, {'lat': -3.942, 'long': -104.029, 'Time': Timestamp('2007-07-23 06:03:52'), 'mag': 5.7}, {'lat': -4.109, 'long': -104.235, 'Time': Timestamp('2007-07-23 06:00:35'), 'mag': 5.5}, {'lat': -3.942, 'long': -104.029, 'Time': Timestamp('2007-07-23 06:03:52'), 'mag': 5.7}, {'lat': -55.091, 'long': -129.418, 'Time': Timestamp('2007-07-21 20:40:53'), 'mag': 5.7}]",8,21
930,2007-07-22 20:39:17.314,1,"[{'lat': -56.351, 'long': -142.499, 'Time': Timestamp('2007-07-24 18:33:00'), 'mag': 5.8}, {'lat': -56.351, 'long': -142.499, 'Time': Timestamp('2007-07-24 18:33:00'), 'mag': 5.8}, {'lat': -56.351, 'long': -142.499, 'Time': Timestamp('2007-07-24 18:33:00'), 'mag': 5.8}]",3,22
931,2007-07-07 23:53:23.270,0,[],0,7
932,2007-07-25 08:03:50.268,1,"[{'lat': -2.677, 'long': 36.012, 'Time': Timestamp('2007-07-26 18:54:37'), 'mag': 5.2}, {'lat': -2.677, 'long': 36.012, 'Time': Timestamp('2007-07-26 18:54:37'), 'mag': 5.2}, {'lat': -2.677, 'long': 36.012, 'Time': Timestamp('2007-07-26 18:54:37'), 'mag': 5.2}]",3,24
933,2007-07-16 11:20:53.324,0,[],0,15
934,2007-07-19 14:39:24.695,1,"[{'lat': -8.133, 'long': -71.272, 'Time': Timestamp('2007-07-21 13:27:04'), 'mag': 6.1}, {'lat': -8.133, 'long': -71.272, 'Time': Timestamp('2007-07-21 13:27:04'), 'mag': 6.1}, {'lat': -8.133, 'long': -71.272, 'Time': Timestamp('2007-07-21 13:27:04'), 'mag': 6.1}]",3,18
935,2007-07-23 21:09:49.154,1,"[{'lat': -56.351, 'long': -142.499, 'Time': Timestamp('2007-07-24 18:33:00'), 'mag': 5.8}, {'lat': -56.351, 'long': -142.499, 'Time': Timestamp('2007-07-24 18:33:00'), 'mag': 5.8}]",2,22
936,2007-07-10 00:23:23.671,1,"[{'lat': -13.535, 'long': 167.143, 'Time': Timestamp('2007-07-10 18:40:13'), 'mag': 5.0}, {'lat': -13.535, 'long': 167.143, 'Time': Timestamp('2007-07-10 18:40:13'), 'mag': 5.0}, {'lat': -4.787, 'long': 152.511, 'Time': Timestamp('2007-07-11 03:02:08'), 'mag': 5.4}, {'lat': -5.165, 'long': 152.988, 'Time': Timestamp('2007-07-11 19:21:56'), 'mag': 5.0}, {'lat': -4.787, 'long': 152.511, 'Time': Timestamp('2007-07-11 03:02:08'), 'mag': 5.4}, {'lat': -5.165, 'long': 152.988, 'Time': Timestamp('2007-07-11 19:21:56'), 'mag': 5.0}, {'lat': -4.787, 'long': 152.511, 'Time': Timestamp('2007-07-11 03:02:08'), 'mag': 5.4}, {'lat': -5.165, 'long': 152.988, 'Time': Timestamp('2007-07-11 19:21:56'), 'mag': 5.0}]",8,8
937,2007-07-13 03:40:25.466,1,"[{'lat': 1.11, 'long': 126.311, 'Time': Timestamp('2007-07-13 20:02:44'), 'mag': 5.0}, {'lat': 1.11, 'long': 126.311, 'Time': Timestamp('2007-07-13 20:02:44'), 'mag': 5.0}, {'lat': 1.11, 'long': 126.311, 'Time': Timestamp('2007-07-13 20:02:44'), 'mag': 5.0}]",3,11
938,2007-07-25 06:56:26.066,0,[],0,23
939,2007-07-14 10:12:25.026,1,"[{'lat': -2.933, 'long': 36.241, 'Time': Timestamp('2007-07-15 11:24:21'), 'mag': 5.3}, {'lat': -2.88, 'long': 36.161, 'Time': Timestamp('2007-07-15 20:42:11'), 'mag': 5.4}, {'lat': -2.933, 'long': 36.241, 'Time': Timestamp('2007-07-15 11:24:21'), 'mag': 5.3}, {'lat': -2.88, 'long': 36.161, 'Time': Timestamp('2007-07-15 20:42:11'), 'mag': 5.4}, {'lat': -2.933, 'long': 36.241, 'Time': Timestamp('2007-07-15 11:24:21'), 'mag': 5.3}, {'lat': -2.88, 'long': 36.161, 'Time': Timestamp('2007-07-15 20:42:11'), 'mag': 5.4}]",6,12
940,2007-07-09 13:31:23.886,1,"[{'lat': -56.245, 'long': -26.938, 'Time': Timestamp('2007-07-11 09:42:25'), 'mag': 5.0}, {'lat': -56.245, 'long': -26.938, 'Time': Timestamp('2007-07-11 09:42:25'), 'mag': 5.0}]",2,7
941,2007-07-30 16:48:23.940,0,[],0,28
942,2007-07-27 20:03:23.993,1,"[{'lat': 19.722, 'long': -109.195, 'Time': Timestamp('2007-07-28 19:11:17'), 'mag': 5.3}, {'lat': 19.722, 'long': -109.195, 'Time': Timestamp('2007-07-28 19:11:17'), 'mag': 5.3}, {'lat': -26.586, 'long': -114.765, 'Time': Timestamp('2007-07-28 15:23:19'), 'mag': 5.3}, {'lat': -26.586, 'long': -114.765, 'Time': Timestamp('2007-07-28 15:23:19'), 'mag': 5.3}, {'lat': 44.401, 'long': -129.76, 'Time': Timestamp('2007-07-27 23:22:48'), 'mag': 5.3}, {'lat': 44.545, 'long': -129.759, 'Time': Timestamp('2007-07-28 00:20:38'), 'mag': 5.0}, {'lat': 44.611, 'long': -129.778, 'Time': Timestamp('2007-07-28 00:30:29'), 'mag': 5.3}, {'lat': 44.401, 'long': -129.76, 'Time': Timestamp('2007-07-27 23:22:48'), 'mag': 5.3}, {'lat': 44.545, 'long': -129.759, 'Time': Timestamp('2007-07-28 00:20:38'), 'mag': 5.0}, {'lat': 44.611, 'long': -129.778, 'Time': Timestamp('2007-07-28 00:30:29'), 'mag': 5.3}]",10,25
943,2007-07-28 23:16:51.133,1,"[{'lat': -17.15, 'long': 167.149, 'Time': Timestamp('2007-07-29 17:24:47'), 'mag': 5.0}, {'lat': -17.15, 'long': 167.149, 'Time': Timestamp('2007-07-29 17:24:47'), 'mag': 5.0}, {'lat': -17.15, 'long': 167.149, 'Time': Timestamp('2007-07-29 17:24:47'), 'mag': 5.0}, {'lat': -62.354, 'long': 158.731, 'Time': Timestamp('2007-07-29 22:42:08'), 'mag': 5.2}]",4,26
944,2007-07-08 09:03:49.959,0,[],0,5
945,2007-07-25 12:22:53.260,1,"[{'lat': 44.8, 'long': -28.192, 'Time': Timestamp('2007-07-25 19:38:26'), 'mag': 5.1}, {'lat': 44.8, 'long': -28.192, 'Time': Timestamp('2007-07-25 19:38:26'), 'mag': 5.1}]",2,22
946,2007-07-18 15:41:25.603,0,[],0,15
947,2007-07-15 18:56:19.250,1,"[{'lat': 1.202, 'long': -90.763, 'Time': Timestamp('2007-07-16 04:53:28'), 'mag': 5.2}, {'lat': 1.238, 'long': -90.695, 'Time': Timestamp('2007-07-16 05:08:22'), 'mag': 5.3}, {'lat': 1.202, 'long': -90.763, 'Time': Timestamp('2007-07-16 04:53:28'), 'mag': 5.2}, {'lat': 1.238, 'long': -90.695, 'Time': Timestamp('2007-07-16 05:08:22'), 'mag': 5.3}, {'lat': 24.55, 'long': -109.089, 'Time': Timestamp('2007-07-17 04:13:48'), 'mag': 5.3}]",5,12
948,2007-07-16 22:10:20.284,1,"[{'lat': -26.206, 'long': -177.744, 'Time': Timestamp('2007-07-17 09:39:27'), 'mag': 6.1}, {'lat': -26.295, 'long': -177.738, 'Time': Timestamp('2007-07-18 00:07:35'), 'mag': 6.1}, {'lat': -26.218, 'long': -177.834, 'Time': Timestamp('2007-07-18 02:53:28'), 'mag': 5.0}]",3,13
949,2007-08-01 01:24:17.804,1,"[{'lat': -15.595, 'long': 167.68, 'Time': Timestamp('2007-08-01 17:08:51'), 'mag': 7.2}, {'lat': -15.455, 'long': 167.632, 'Time': Timestamp('2007-08-01 18:07:46'), 'mag': 5.1}, {'lat': -15.595, 'long': 167.68, 'Time': Timestamp('2007-08-01 17:08:51'), 'mag': 7.2}, {'lat': -15.455, 'long': 167.632, 'Time': Timestamp('2007-08-01 18:07:46'), 'mag': 5.1}, {'lat': 47.116, 'long': 141.798, 'Time': Timestamp('2007-08-02 02:37:42'), 'mag': 6.2}, {'lat': 46.595, 'long': 141.684, 'Time': Timestamp('2007-08-02 05:01:46'), 'mag': 5.1}, {'lat': 46.714, 'long': 141.722, 'Time': Timestamp('2007-08-02 05:22:17'), 'mag': 5.8}, {'lat': 46.743, 'long': 141.733, 'Time': Timestamp('2007-08-02 08:06:28'), 'mag': 5.2}, {'lat': 46.626, 'long': 141.771, 'Time': Timestamp('2007-08-02 10:37:31'), 'mag': 5.5}, {'lat': 47.116, 'long': 141.798, 'Time': Timestamp('2007-08-02 02:37:42'), 'mag': 6.2}, {'lat': 46.595, 'long': 141.684, 'Time': Timestamp('2007-08-02 05:01:46'), 'mag': 5.1}, {'lat': 46.714, 'long': 141.722, 'Time': Timestamp('2007-08-02 05:22:17'), 'mag': 5.8}, {'lat': 46.743, 'long': 141.733, 'Time': Timestamp('2007-08-02 08:06:28'), 'mag': 5.2}, {'lat': 46.626, 'long': 141.771, 'Time': Timestamp('2007-08-02 10:37:31'), 'mag': 5.5}, {'lat': 33.905, 'long': 136.613, 'Time': Timestamp('2007-08-01 08:16:00'), 'mag': 5.5}, {'lat': 47.116, 'long': 141.798, 'Time': Timestamp('2007-08-02 02:37:42'), 'mag': 6.2}, {'lat': 46.595, 'long': 141.684, 'Time': Timestamp('2007-08-02 05:01:46'), 'mag': 5.1}, {'lat': 46.714, 'long': 141.722, 'Time': Timestamp('2007-08-02 05:22:17'), 'mag': 5.8}, {'lat': 46.743, 'long': 141.733, 'Time': Timestamp('2007-08-02 08:06:28'), 'mag': 5.2}, {'lat': 46.626, 'long': 141.771, 'Time': Timestamp('2007-08-02 10:37:31'), 'mag': 5.5}, {'lat': 33.905, 'long': 136.613, 'Time': Timestamp('2007-08-01 08:16:00'), 'mag': 5.5}, {'lat': 33.905, 'long': 136.613, 'Time': Timestamp('2007-08-01 08:16:00'), 'mag': 5.5}, {'lat': 2.505, 'long': 126.946, 'Time': Timestamp('2007-08-02 18:02:00'), 'mag': 5.6}, {'lat': -3.664, 'long': 140.102, 'Time': Timestamp('2007-08-01 03:06:07'), 'mag': 5.3}, {'lat': 2.505, 'long': 126.946, 'Time': Timestamp('2007-08-02 18:02:00'), 'mag': 5.6}, {'lat': -3.664, 'long': 140.102, 'Time': Timestamp('2007-08-01 03:06:07'), 'mag': 5.3}, {'lat': 2.505, 'long': 126.946, 'Time': Timestamp('2007-08-02 18:02:00'), 'mag': 5.6}, {'lat': -3.664, 'long': 140.102, 'Time': Timestamp('2007-08-01 03:06:07'), 'mag': 5.3}]",28,28
950,2007-07-27 06:19:25.853,1,"[{'lat': -49.139, 'long': 68.977, 'Time': Timestamp('2007-07-28 15:32:50'), 'mag': 5.3}, {'lat': -49.139, 'long': 68.977, 'Time': Timestamp('2007-07-28 15:32:50'), 'mag': 5.3}]",2,23
951,2007-07-25 09:34:53.438,1,"[{'lat': -2.677, 'long': 36.012, 'Time': Timestamp('2007-07-26 18:54:37'), 'mag': 5.2}, {'lat': -2.677, 'long': 36.012, 'Time': Timestamp('2007-07-26 18:54:37'), 'mag': 5.2}, {'lat': -2.677, 'long': 36.012, 'Time': Timestamp('2007-07-26 18:54:37'), 'mag': 5.2}]",3,21
952,2007-07-21 00:17:23.925,1,"[{'lat': 46.942, 'long': 156.588, 'Time': Timestamp('2007-07-21 01:50:02'), 'mag': 5.0}, {'lat': 46.942, 'long': 156.588, 'Time': Timestamp('2007-07-21 01:50:02'), 'mag': 5.0}, {'lat': 46.942, 'long': 156.588, 'Time': Timestamp('2007-07-21 01:50:02'), 'mag': 5.0}, {'lat': -2.797, 'long': 141.66, 'Time': Timestamp('2007-07-22 10:49:35'), 'mag': 5.8}, {'lat': -2.807, 'long': 141.72, 'Time': Timestamp('2007-07-22 12:14:27'), 'mag': 5.1}, {'lat': -2.746, 'long': 141.694, 'Time': Timestamp('2007-07-22 12:40:52'), 'mag': 5.0}, {'lat': -2.783, 'long': 141.724, 'Time': Timestamp('2007-07-22 14:20:43'), 'mag': 5.8}, {'lat': -2.797, 'long': 141.765, 'Time': Timestamp('2007-07-22 15:42:11'), 'mag': 5.2}, {'lat': -4.469, 'long': 149.854, 'Time': Timestamp('2007-07-23 00:08:32'), 'mag': 5.9}, {'lat': -2.797, 'long': 141.66, 'Time': Timestamp('2007-07-22 10:49:35'), 'mag': 5.8}, {'lat': -2.807, 'long': 141.72, 'Time': Timestamp('2007-07-22 12:14:27'), 'mag': 5.1}, {'lat': -2.746, 'long': 141.694, 'Time': Timestamp('2007-07-22 12:40:52'), 'mag': 5.0}, {'lat': -2.783, 'long': 141.724, 'Time': Timestamp('2007-07-22 14:20:43'), 'mag': 5.8}, {'lat': -2.797, 'long': 141.765, 'Time': Timestamp('2007-07-22 15:42:11'), 'mag': 5.2}, {'lat': -4.469, 'long': 149.854, 'Time': Timestamp('2007-07-23 00:08:32'), 'mag': 5.9}, {'lat': -4.469, 'long': 149.854, 'Time': Timestamp('2007-07-23 00:08:32'), 'mag': 5.9}]",16,16
953,2007-07-21 08:28:48.155,1,"[{'lat': 38.936, 'long': 70.485, 'Time': Timestamp('2007-07-21 22:44:13'), 'mag': 5.2}, {'lat': 38.936, 'long': 70.485, 'Time': Timestamp('2007-07-21 22:44:13'), 'mag': 5.2}]",2,16
954,2007-07-21 18:19:53.221,1,"[{'lat': -3.942, 'long': -104.029, 'Time': Timestamp('2007-07-23 06:03:52'), 'mag': 5.7}, {'lat': -4.109, 'long': -104.235, 'Time': Timestamp('2007-07-23 06:00:35'), 'mag': 5.5}, {'lat': -3.942, 'long': -104.029, 'Time': Timestamp('2007-07-23 06:03:52'), 'mag': 5.7}, {'lat': -55.091, 'long': -129.418, 'Time': Timestamp('2007-07-21 20:40:53'), 'mag': 5.7}, {'lat': -55.091, 'long': -129.418, 'Time': Timestamp('2007-07-21 20:40:53'), 'mag': 5.7}, {'lat': -55.091, 'long': -129.418, 'Time': Timestamp('2007-07-21 20:40:53'), 'mag': 5.7}]",6,16
955,2007-07-13 21:33:52.794,1,"[{'lat': 56.074, 'long': -161.815, 'Time': Timestamp('2007-07-15 17:01:48'), 'mag': 5.0}, {'lat': 56.074, 'long': -161.815, 'Time': Timestamp('2007-07-15 17:01:48'), 'mag': 5.0}]",2,8
956,2007-07-11 00:47:45.324,1,"[{'lat': -4.787, 'long': 152.511, 'Time': Timestamp('2007-07-11 03:02:08'), 'mag': 5.4}, {'lat': -5.165, 'long': 152.988, 'Time': Timestamp('2007-07-11 19:21:56'), 'mag': 5.0}, {'lat': -4.787, 'long': 152.511, 'Time': Timestamp('2007-07-11 03:02:08'), 'mag': 5.4}, {'lat': -5.165, 'long': 152.988, 'Time': Timestamp('2007-07-11 19:21:56'), 'mag': 5.0}, {'lat': -4.787, 'long': 152.511, 'Time': Timestamp('2007-07-11 03:02:08'), 'mag': 5.4}, {'lat': -5.165, 'long': 152.988, 'Time': Timestamp('2007-07-11 19:21:56'), 'mag': 5.0}]",6,5
957,2007-07-26 07:20:57.172,1,"[{'lat': -2.677, 'long': 36.012, 'Time': Timestamp('2007-07-26 18:54:37'), 'mag': 5.2}, {'lat': -2.677, 'long': 36.012, 'Time': Timestamp('2007-07-26 18:54:37'), 'mag': 5.2}]",2,20
958,2007-07-13 10:37:24.682,0,[],0,7
959,2007-07-28 13:56:23.542,0,[],0,22
960,2007-08-05 18:50:19.503,1,"[{'lat': -20.578, 'long': -114.096, 'Time': Timestamp('2007-08-05 20:55:38'), 'mag': 5.1}, {'lat': -20.578, 'long': -114.096, 'Time': Timestamp('2007-08-05 20:55:38'), 'mag': 5.1}]",2,30
961,2007-07-13 22:04:15.114,1,"[{'lat': 56.074, 'long': -161.815, 'Time': Timestamp('2007-07-15 17:01:48'), 'mag': 5.0}, {'lat': 52.491, 'long': -168.035, 'Time': Timestamp('2007-07-15 13:08:01'), 'mag': 6.1}, {'lat': 52.362, 'long': -168.008, 'Time': Timestamp('2007-07-15 13:26:15'), 'mag': 5.9}, {'lat': 52.491, 'long': -167.95, 'Time': Timestamp('2007-07-15 14:09:18'), 'mag': 5.1}, {'lat': 56.074, 'long': -161.815, 'Time': Timestamp('2007-07-15 17:01:48'), 'mag': 5.0}, {'lat': 52.43, 'long': -167.976, 'Time': Timestamp('2007-07-15 17:27:28'), 'mag': 5.0}, {'lat': 52.491, 'long': -168.035, 'Time': Timestamp('2007-07-15 13:08:01'), 'mag': 6.1}, {'lat': 52.362, 'long': -168.008, 'Time': Timestamp('2007-07-15 13:26:15'), 'mag': 5.9}, {'lat': 52.491, 'long': -167.95, 'Time': Timestamp('2007-07-15 14:09:18'), 'mag': 5.1}, {'lat': 56.074, 'long': -161.815, 'Time': Timestamp('2007-07-15 17:01:48'), 'mag': 5.0}, {'lat': 52.43, 'long': -167.976, 'Time': Timestamp('2007-07-15 17:27:28'), 'mag': 5.0}]",11,7
962,2007-08-05 01:18:23.727,1,"[{'lat': -6.016, 'long': 150.767, 'Time': Timestamp('2007-08-06 17:11:50'), 'mag': 5.1}, {'lat': -6.016, 'long': 150.767, 'Time': Timestamp('2007-08-06 17:11:50'), 'mag': 5.1}, {'lat': -19.148, 'long': 168.718, 'Time': Timestamp('2007-08-05 09:28:39'), 'mag': 6.0}, {'lat': -6.016, 'long': 150.767, 'Time': Timestamp('2007-08-06 17:11:50'), 'mag': 5.1}, {'lat': -2.894, 'long': 141.389, 'Time': Timestamp('2007-08-05 16:19:37'), 'mag': 5.0}, {'lat': -2.868, 'long': 141.51, 'Time': Timestamp('2007-08-05 16:43:00'), 'mag': 5.0}, {'lat': -2.943, 'long': 141.561, 'Time': Timestamp('2007-08-05 18:11:59'), 'mag': 5.1}, {'lat': -2.75, 'long': 141.606, 'Time': Timestamp('2007-08-06 00:26:35'), 'mag': 5.4}, {'lat': -2.911, 'long': 141.554, 'Time': Timestamp('2007-08-06 07:47:45'), 'mag': 5.0}, {'lat': -2.894, 'long': 141.389, 'Time': Timestamp('2007-08-05 16:19:37'), 'mag': 5.0}, {'lat': -2.868, 'long': 141.51, 'Time': Timestamp('2007-08-05 16:43:00'), 'mag': 5.0}, {'lat': -2.943, 'long': 141.561, 'Time': Timestamp('2007-08-05 18:11:59'), 'mag': 5.1}, {'lat': -2.75, 'long': 141.606, 'Time': Timestamp('2007-08-06 00:26:35'), 'mag': 5.4}, {'lat': -2.911, 'long': 141.554, 'Time': Timestamp('2007-08-06 07:47:45'), 'mag': 5.0}, {'lat': -2.894, 'long': 141.389, 'Time': Timestamp('2007-08-05 16:19:37'), 'mag': 5.0}, {'lat': -2.868, 'long': 141.51, 'Time': Timestamp('2007-08-05 16:43:00'), 'mag': 5.0}, {'lat': -2.943, 'long': 141.561, 'Time': Timestamp('2007-08-05 18:11:59'), 'mag': 5.1}, {'lat': -2.75, 'long': 141.606, 'Time': Timestamp('2007-08-06 00:26:35'), 'mag': 5.4}, {'lat': -2.911, 'long': 141.554, 'Time': Timestamp('2007-08-06 07:47:45'), 'mag': 5.0}]",19,29
963,2007-07-29 06:13:28.875,1,"[{'lat': 19.311, 'long': 95.611, 'Time': Timestamp('2007-07-30 22:42:05'), 'mag': 5.6}, {'lat': 19.311, 'long': 95.611, 'Time': Timestamp('2007-07-30 22:42:05'), 'mag': 5.6}, {'lat': 19.311, 'long': 95.611, 'Time': Timestamp('2007-07-30 22:42:05'), 'mag': 5.6}]",3,22
964,2007-07-27 09:28:50.848,1,"[{'lat': -54.13, 'long': 7.881, 'Time': Timestamp('2007-07-28 16:13:43'), 'mag': 5.5}, {'lat': -54.157, 'long': 7.908, 'Time': Timestamp('2007-07-28 17:46:28'), 'mag': 5.1}]",2,20
965,2007-07-26 12:47:53.915,0,[],0,19
966,2007-07-17 16:05:51.056,0,[],0,10
967,2007-07-29 19:20:50.016,1,"[{'lat': -35.519, 'long': -103.846, 'Time': Timestamp('2007-07-30 06:06:50'), 'mag': 5.5}]",1,22
968,2007-08-01 22:34:54.076,1,"[{'lat': 51.307, 'long': -179.971, 'Time': Timestamp('2007-08-02 03:21:42'), 'mag': 6.7}, {'lat': 51.09, 'long': -179.863, 'Time': Timestamp('2007-08-02 03:24:40'), 'mag': 5.3}, {'lat': 51.209, 'long': -179.961, 'Time': Timestamp('2007-08-02 06:23:11'), 'mag': 5.6}]",3,25
969,2007-07-17 01:48:51.443,1,"[{'lat': 45.264, 'long': 153.183, 'Time': Timestamp('2007-07-18 01:21:58'), 'mag': 5.1}, {'lat': -7.07, 'long': 155.971, 'Time': Timestamp('2007-07-18 12:11:27'), 'mag': 5.0}, {'lat': -7.07, 'long': 155.971, 'Time': Timestamp('2007-07-18 12:11:27'), 'mag': 5.0}, {'lat': -7.07, 'long': 155.971, 'Time': Timestamp('2007-07-18 12:11:27'), 'mag': 5.0}, {'lat': 45.264, 'long': 153.183, 'Time': Timestamp('2007-07-18 01:21:58'), 'mag': 5.1}, {'lat': 30.737, 'long': 138.288, 'Time': Timestamp('2007-07-18 18:01:23'), 'mag': 5.3}, {'lat': 30.737, 'long': 138.288, 'Time': Timestamp('2007-07-18 18:01:23'), 'mag': 5.3}, {'lat': 30.737, 'long': 138.288, 'Time': Timestamp('2007-07-18 18:01:23'), 'mag': 5.3}]",8,9
970,2007-07-16 11:39:53.289,0,[],0,8
971,2007-07-16 14:58:19.326,1,"[{'lat': 7.182, 'long': -72.126, 'Time': Timestamp('2007-07-16 22:58:23'), 'mag': 5.2}, {'lat': 7.182, 'long': -72.126, 'Time': Timestamp('2007-07-16 22:58:23'), 'mag': 5.2}, {'lat': 7.182, 'long': -72.126, 'Time': Timestamp('2007-07-16 22:58:23'), 'mag': 5.2}]",3,8
972,2007-07-17 18:14:23.398,1,"[{'lat': -55.768, 'long': -124.904, 'Time': Timestamp('2007-07-19 07:48:06'), 'mag': 5.1}, {'lat': -55.768, 'long': -124.904, 'Time': Timestamp('2007-07-19 07:48:06'), 'mag': 5.1}]",2,9
973,2007-08-04 21:27:52.970,1,"[{'lat': -15.943, 'long': -174.263, 'Time': Timestamp('2007-08-05 19:11:26'), 'mag': 5.1}, {'lat': -15.943, 'long': -174.263, 'Time': Timestamp('2007-08-05 19:11:26'), 'mag': 5.1}, {'lat': -31.316, 'long': -179.822, 'Time': Timestamp('2007-08-05 20:38:24'), 'mag': 5.3}, {'lat': -31.316, 'long': -179.822, 'Time': Timestamp('2007-08-05 20:38:24'), 'mag': 5.3}]",4,27
974,2007-07-30 00:41:45.501,0,[],0,21
975,2007-08-05 07:14:58.677,1,"[{'lat': 2.64, 'long': 66.347, 'Time': Timestamp('2007-08-05 17:09:06'), 'mag': 5.0}, {'lat': 2.709, 'long': 66.406, 'Time': Timestamp('2007-08-06 00:27:40'), 'mag': 5.3}, {'lat': 2.652, 'long': 66.228, 'Time': Timestamp('2007-08-06 03:57:18'), 'mag': 5.0}, {'lat': 2.481, 'long': 66.274, 'Time': Timestamp('2007-08-06 09:32:28'), 'mag': 5.3}, {'lat': 2.523, 'long': 66.295, 'Time': Timestamp('2007-08-06 10:07:44'), 'mag': 5.1}, {'lat': 2.64, 'long': 66.347, 'Time': Timestamp('2007-08-05 17:09:06'), 'mag': 5.0}, {'lat': 2.709, 'long': 66.406, 'Time': Timestamp('2007-08-06 00:27:40'), 'mag': 5.3}, {'lat': 2.652, 'long': 66.228, 'Time': Timestamp('2007-08-06 03:57:18'), 'mag': 5.0}, {'lat': 2.481, 'long': 66.274, 'Time': Timestamp('2007-08-06 09:32:28'), 'mag': 5.3}, {'lat': 2.523, 'long': 66.295, 'Time': Timestamp('2007-08-06 10:07:44'), 'mag': 5.1}]",10,27
976,2007-08-08 10:31:23.530,0,[],0,30
977,2007-07-30 13:50:23.718,1,"[{'lat': -0.162, 'long': -17.795, 'Time': Timestamp('2007-07-31 22:55:31'), 'mag': 6.2}, {'lat': -0.162, 'long': -17.795, 'Time': Timestamp('2007-07-31 22:55:31'), 'mag': 6.2}, {'lat': -0.162, 'long': -17.795, 'Time': Timestamp('2007-07-31 22:55:31'), 'mag': 6.2}]",3,21
978,2007-07-29 17:07:23.772,1,"[{'lat': -35.519, 'long': -103.846, 'Time': Timestamp('2007-07-30 06:06:50'), 'mag': 5.5}, {'lat': -35.519, 'long': -103.846, 'Time': Timestamp('2007-07-30 06:06:50'), 'mag': 5.5}]",2,20
979,2007-08-08 20:21:19.595,0,[],0,30
980,2007-07-26 23:35:21.299,1,"[{'lat': -14.656, 'long': -175.475, 'Time': Timestamp('2007-07-27 03:51:22'), 'mag': 5.1}, {'lat': -14.656, 'long': -175.475, 'Time': Timestamp('2007-07-27 03:51:22'), 'mag': 5.1}, {'lat': -20.391, 'long': -177.108, 'Time': Timestamp('2007-07-27 15:30:38'), 'mag': 5.1}, {'lat': -15.898, 'long': -175.288, 'Time': Timestamp('2007-07-28 08:53:13'), 'mag': 5.4}, {'lat': -16.864, 'long': -177.306, 'Time': Timestamp('2007-07-28 22:02:00'), 'mag': 5.1}, {'lat': -14.656, 'long': -175.475, 'Time': Timestamp('2007-07-27 03:51:22'), 'mag': 5.1}, {'lat': -20.391, 'long': -177.108, 'Time': Timestamp('2007-07-27 15:30:38'), 'mag': 5.1}, {'lat': -15.898, 'long': -175.288, 'Time': Timestamp('2007-07-28 08:53:13'), 'mag': 5.4}, {'lat': -16.864, 'long': -177.306, 'Time': Timestamp('2007-07-28 22:02:00'), 'mag': 5.1}, {'lat': -20.391, 'long': -177.108, 'Time': Timestamp('2007-07-27 15:30:38'), 'mag': 5.1}, {'lat': -21.459, 'long': 170.939, 'Time': Timestamp('2007-07-27 14:46:26'), 'mag': 6.1}]",11,17
981,2007-07-22 07:45:49.436,1,"[{'lat': 30.881, 'long': 78.239, 'Time': Timestamp('2007-07-22 23:02:14'), 'mag': 5.1}, {'lat': 30.881, 'long': 78.239, 'Time': Timestamp('2007-07-22 23:02:14'), 'mag': 5.1}, {'lat': 30.881, 'long': 78.239, 'Time': Timestamp('2007-07-22 23:02:14'), 'mag': 5.1}]",3,12
982,2007-08-04 11:02:21.164,0,[],0,25
983,2007-08-05 14:21:21.869,0,[],0,26
984,2007-07-22 17:37:53.173,1,"[{'lat': 14.381, 'long': -90.954, 'Time': Timestamp('2007-07-23 22:30:08'), 'mag': 5.5}, {'lat': 14.381, 'long': -90.954, 'Time': Timestamp('2007-07-23 22:30:08'), 'mag': 5.5}, {'lat': -4.109, 'long': -104.235, 'Time': Timestamp('2007-07-23 06:00:35'), 'mag': 5.5}, {'lat': -3.942, 'long': -104.029, 'Time': Timestamp('2007-07-23 06:03:52'), 'mag': 5.7}, {'lat': -4.109, 'long': -104.235, 'Time': Timestamp('2007-07-23 06:00:35'), 'mag': 5.5}, {'lat': -3.942, 'long': -104.029, 'Time': Timestamp('2007-07-23 06:03:52'), 'mag': 5.7}]",6,12
985,2007-07-24 20:51:51.419,0,[],0,14
986,2007-07-30 00:05:53.279,0,[],0,19
987,2007-07-28 14:52:19.471,0,[],0,17
988,2007-08-02 21:22:25.994,1,"[{'lat': -33.458, 'long': -179.352, 'Time': Timestamp('2007-08-03 01:49:40'), 'mag': 5.1}, {'lat': -33.458, 'long': -179.352, 'Time': Timestamp('2007-08-03 01:49:40'), 'mag': 5.1}]",2,22
989,2007-07-23 00:35:53.949,1,"[{'lat': -21.501, 'long': 170.856, 'Time': Timestamp('2007-07-23 08:48:09'), 'mag': 5.1}, {'lat': -21.501, 'long': 170.856, 'Time': Timestamp('2007-07-23 08:48:09'), 'mag': 5.1}, {'lat': -21.501, 'long': 170.856, 'Time': Timestamp('2007-07-23 08:48:09'), 'mag': 5.1}, {'lat': -2.832, 'long': 141.697, 'Time': Timestamp('2007-07-24 12:07:54'), 'mag': 5.0}, {'lat': -2.919, 'long': 141.489, 'Time': Timestamp('2007-07-24 19:33:51'), 'mag': 5.1}, {'lat': -2.832, 'long': 141.697, 'Time': Timestamp('2007-07-24 12:07:54'), 'mag': 5.0}, {'lat': -2.919, 'long': 141.489, 'Time': Timestamp('2007-07-24 19:33:51'), 'mag': 5.1}, {'lat': -2.919, 'long': 141.489, 'Time': Timestamp('2007-07-24 19:33:51'), 'mag': 5.1}]",8,11
990,2007-08-03 05:30:53.482,1,"[{'lat': -3.474, 'long': 68.353, 'Time': Timestamp('2007-08-04 13:43:34'), 'mag': 5.0}, {'lat': -3.474, 'long': 68.353, 'Time': Timestamp('2007-08-04 13:43:34'), 'mag': 5.0}, {'lat': -3.474, 'long': 68.353, 'Time': Timestamp('2007-08-04 13:43:34'), 'mag': 5.0}]",3,22
991,2007-07-21 08:45:49.206,1,"[{'lat': 38.936, 'long': 70.485, 'Time': Timestamp('2007-07-21 22:44:13'), 'mag': 5.2}]",1,9
992,2007-07-19 12:04:53.948,0,[],0,7
993,2007-07-25 15:22:49.425,1,"[{'lat': 44.8, 'long': -28.192, 'Time': Timestamp('2007-07-25 19:38:26'), 'mag': 5.1}, {'lat': 44.8, 'long': -28.192, 'Time': Timestamp('2007-07-25 19:38:26'), 'mag': 5.1}, {'lat': 44.8, 'long': -28.192, 'Time': Timestamp('2007-07-25 19:38:26'), 'mag': 5.1}, {'lat': 4.651, 'long': -82.512, 'Time': Timestamp('2007-07-27 00:22:57'), 'mag': 5.3}, {'lat': 4.651, 'long': -82.512, 'Time': Timestamp('2007-07-27 00:22:57'), 'mag': 5.3}]",5,13
994,2007-08-04 18:38:24.054,1,"[{'lat': -20.578, 'long': -114.096, 'Time': Timestamp('2007-08-05 20:55:38'), 'mag': 5.1}]",1,23
995,2007-07-20 21:52:17.316,0,[],0,8
996,2007-07-19 01:06:17.927,1,"[{'lat': -20.775, 'long': 168.462, 'Time': Timestamp('2007-07-20 17:23:53'), 'mag': 5.6}, {'lat': -20.775, 'long': 168.462, 'Time': Timestamp('2007-07-20 17:23:53'), 'mag': 5.6}]",2,6
997,2007-08-04 06:01:24.212,1,"[{'lat': 2.64, 'long': 66.347, 'Time': Timestamp('2007-08-05 17:09:06'), 'mag': 5.0}, {'lat': 2.709, 'long': 66.406, 'Time': Timestamp('2007-08-06 00:27:40'), 'mag': 5.3}, {'lat': 2.652, 'long': 66.228, 'Time': Timestamp('2007-08-06 03:57:18'), 'mag': 5.0}, {'lat': -3.474, 'long': 68.353, 'Time': Timestamp('2007-08-04 13:43:34'), 'mag': 5.0}, {'lat': 2.64, 'long': 66.347, 'Time': Timestamp('2007-08-05 17:09:06'), 'mag': 5.0}, {'lat': 2.709, 'long': 66.406, 'Time': Timestamp('2007-08-06 00:27:40'), 'mag': 5.3}, {'lat': 2.652, 'long': 66.228, 'Time': Timestamp('2007-08-06 03:57:18'), 'mag': 5.0}, {'lat': -3.474, 'long': 68.353, 'Time': Timestamp('2007-08-04 13:43:34'), 'mag': 5.0}]",8,22
998,2007-07-31 09:16:46.174,1,"[{'lat': -52.444, 'long': 17.647, 'Time': Timestamp('2007-08-02 07:19:23'), 'mag': 5.5}, {'lat': -52.444, 'long': 17.647, 'Time': Timestamp('2007-08-02 07:19:23'), 'mag': 5.5}]",2,18
999,2007-07-29 12:35:53.348,1,"[{'lat': -56.058, 'long': -27.733, 'Time': Timestamp('2007-07-31 02:42:48'), 'mag': 5.6}, {'lat': -56.058, 'long': -27.733, 'Time': Timestamp('2007-07-31 02:42:48'), 'mag': 5.6}]",2,16
1000,2007-07-20 15:53:55.803,1,"[{'lat': -22.151, 'long': -65.777, 'Time': Timestamp('2007-07-21 15:34:52'), 'mag': 6.4}, {'lat': -22.151, 'long': -65.777, 'Time': Timestamp('2007-07-21 15:34:52'), 'mag': 6.4}, {'lat': -22.151, 'long': -65.777, 'Time': Timestamp('2007-07-21 15:34:52'), 'mag': 6.4}, {'lat': -1.591, 'long': -78.027, 'Time': Timestamp('2007-07-21 18:58:13'), 'mag': 5.2}, {'lat': -8.133, 'long': -71.272, 'Time': Timestamp('2007-07-21 13:27:04'), 'mag': 6.1}, {'lat': -1.591, 'long': -78.027, 'Time': Timestamp('2007-07-21 18:58:13'), 'mag': 5.2}, {'lat': -8.133, 'long': -71.272, 'Time': Timestamp('2007-07-21 13:27:04'), 'mag': 6.1}, {'lat': -1.591, 'long': -78.027, 'Time': Timestamp('2007-07-21 18:58:13'), 'mag': 5.2}]",8,7
1001,2007-07-22 19:08:48.009,1,"[{'lat': 14.381, 'long': -90.954, 'Time': Timestamp('2007-07-23 22:30:08'), 'mag': 5.5}, {'lat': 14.381, 'long': -90.954, 'Time': Timestamp('2007-07-23 22:30:08'), 'mag': 5.5}, {'lat': -4.109, 'long': -104.235, 'Time': Timestamp('2007-07-23 06:00:35'), 'mag': 5.5}, {'lat': -3.942, 'long': -104.029, 'Time': Timestamp('2007-07-23 06:03:52'), 'mag': 5.7}, {'lat': -4.109, 'long': -104.235, 'Time': Timestamp('2007-07-23 06:00:35'), 'mag': 5.5}, {'lat': -3.942, 'long': -104.029, 'Time': Timestamp('2007-07-23 06:03:52'), 'mag': 5.7}, {'lat': -56.351, 'long': -142.499, 'Time': Timestamp('2007-07-24 18:33:00'), 'mag': 5.8}, {'lat': -56.351, 'long': -142.499, 'Time': Timestamp('2007-07-24 18:33:00'), 'mag': 5.8}, {'lat': -56.351, 'long': -142.499, 'Time': Timestamp('2007-07-24 18:33:00'), 'mag': 5.8}]",9,9
1002,2007-07-31 22:22:53.508,1,"[{'lat': -15.595, 'long': 167.68, 'Time': Timestamp('2007-08-01 17:08:51'), 'mag': 7.2}, {'lat': -15.455, 'long': 167.632, 'Time': Timestamp('2007-08-01 18:07:46'), 'mag': 5.1}, {'lat': -15.595, 'long': 167.68, 'Time': Timestamp('2007-08-01 17:08:51'), 'mag': 7.2}, {'lat': -15.455, 'long': 167.632, 'Time': Timestamp('2007-08-01 18:07:46'), 'mag': 5.1}]",4,18
1003,2007-08-06 01:36:51.877,1,"[{'lat': -6.016, 'long': 150.767, 'Time': Timestamp('2007-08-06 17:11:50'), 'mag': 5.1}, {'lat': -6.016, 'long': 150.767, 'Time': Timestamp('2007-08-06 17:11:50'), 'mag': 5.1}, {'lat': -6.016, 'long': 150.767, 'Time': Timestamp('2007-08-06 17:11:50'), 'mag': 5.1}, {'lat': 27.292, 'long': 126.836, 'Time': Timestamp('2007-08-07 00:02:24'), 'mag': 6.0}, {'lat': 27.174, 'long': 126.66, 'Time': Timestamp('2007-08-07 02:57:20'), 'mag': 5.0}, {'lat': 27.292, 'long': 126.836, 'Time': Timestamp('2007-08-07 00:02:24'), 'mag': 6.0}, {'lat': 27.174, 'long': 126.66, 'Time': Timestamp('2007-08-07 02:57:20'), 'mag': 5.0}, {'lat': -2.911, 'long': 141.554, 'Time': Timestamp('2007-08-06 07:47:45'), 'mag': 5.0}, {'lat': -2.911, 'long': 141.554, 'Time': Timestamp('2007-08-06 07:47:45'), 'mag': 5.0}]",9,23
1004,2007-07-20 08:10:43.669,1,"[{'lat': 42.913, 'long': 82.378, 'Time': Timestamp('2007-07-20 10:06:52'), 'mag': 5.6}, {'lat': 38.936, 'long': 70.485, 'Time': Timestamp('2007-07-21 22:44:13'), 'mag': 5.2}, {'lat': 38.936, 'long': 70.485, 'Time': Timestamp('2007-07-21 22:44:13'), 'mag': 5.2}, {'lat': -52.563, 'long': 25.986, 'Time': Timestamp('2007-07-20 20:00:07'), 'mag': 5.4}, {'lat': -52.563, 'long': 25.986, 'Time': Timestamp('2007-07-20 20:00:07'), 'mag': 5.4}]",5,6
1005,2007-07-23 11:27:23.723,0,[],0,9
1006,2007-07-22 14:46:23.777,0,[],0,8
1007,2007-07-21 18:02:23.830,1,"[{'lat': -1.591, 'long': -78.027, 'Time': Timestamp('2007-07-21 18:58:13'), 'mag': 5.2}, {'lat': -1.591, 'long': -78.027, 'Time': Timestamp('2007-07-21 18:58:13'), 'mag': 5.2}, {'lat': -4.109, 'long': -104.235, 'Time': Timestamp('2007-07-23 06:00:35'), 'mag': 5.5}, {'lat': -3.942, 'long': -104.029, 'Time': Timestamp('2007-07-23 06:03:52'), 'mag': 5.7}, {'lat': -4.109, 'long': -104.235, 'Time': Timestamp('2007-07-23 06:00:35'), 'mag': 5.5}, {'lat': -3.942, 'long': -104.029, 'Time': Timestamp('2007-07-23 06:03:52'), 'mag': 5.7}, {'lat': -55.091, 'long': -129.418, 'Time': Timestamp('2007-07-21 20:40:53'), 'mag': 5.7}, {'lat': -55.091, 'long': -129.418, 'Time': Timestamp('2007-07-21 20:40:53'), 'mag': 5.7}]",8,7
1008,2007-08-05 21:16:26.171,0,[],0,22
1009,2007-07-24 00:29:53.936,1,"[{'lat': -15.823, 'long': 167.823, 'Time': Timestamp('2007-07-25 01:41:33'), 'mag': 5.3}, {'lat': -25.77, 'long': 179.938, 'Time': Timestamp('2007-07-25 01:03:45'), 'mag': 5.4}, {'lat': -15.823, 'long': 167.823, 'Time': Timestamp('2007-07-25 01:41:33'), 'mag': 5.3}, {'lat': -25.77, 'long': 179.938, 'Time': Timestamp('2007-07-25 01:03:45'), 'mag': 5.4}, {'lat': -15.823, 'long': 167.823, 'Time': Timestamp('2007-07-25 01:41:33'), 'mag': 5.3}, {'lat': -2.832, 'long': 141.697, 'Time': Timestamp('2007-07-24 12:07:54'), 'mag': 5.0}, {'lat': -2.919, 'long': 141.489, 'Time': Timestamp('2007-07-24 19:33:51'), 'mag': 5.1}, {'lat': -5.386, 'long': 151.556, 'Time': Timestamp('2007-07-25 15:04:21'), 'mag': 5.0}, {'lat': -2.832, 'long': 141.697, 'Time': Timestamp('2007-07-24 12:07:54'), 'mag': 5.0}, {'lat': -2.919, 'long': 141.489, 'Time': Timestamp('2007-07-24 19:33:51'), 'mag': 5.1}, {'lat': -5.386, 'long': 151.556, 'Time': Timestamp('2007-07-25 15:04:21'), 'mag': 5.0}, {'lat': -5.386, 'long': 151.556, 'Time': Timestamp('2007-07-25 15:04:21'), 'mag': 5.0}]",12,9
1010,2007-08-06 07:02:53.675,1,"[{'lat': 37.093, 'long': 71.718, 'Time': Timestamp('2007-08-08 00:37:04'), 'mag': 5.1}, {'lat': 2.481, 'long': 66.274, 'Time': Timestamp('2007-08-06 09:32:28'), 'mag': 5.3}, {'lat': 2.523, 'long': 66.295, 'Time': Timestamp('2007-08-06 10:07:44'), 'mag': 5.1}, {'lat': 2.627, 'long': 66.306, 'Time': Timestamp('2007-08-07 21:11:09'), 'mag': 5.0}, {'lat': 2.23, 'long': 65.852, 'Time': Timestamp('2007-08-07 21:22:46'), 'mag': 5.0}, {'lat': 2.491, 'long': 66.102, 'Time': Timestamp('2007-08-07 21:27:04'), 'mag': 5.0}, {'lat': 2.481, 'long': 66.274, 'Time': Timestamp('2007-08-06 09:32:28'), 'mag': 5.3}, {'lat': 2.523, 'long': 66.295, 'Time': Timestamp('2007-08-06 10:07:44'), 'mag': 5.1}, {'lat': -9.211, 'long': 67.093, 'Time': Timestamp('2007-08-07 10:12:21'), 'mag': 5.0}, {'lat': 2.627, 'long': 66.306, 'Time': Timestamp('2007-08-07 21:11:09'), 'mag': 5.0}, {'lat': 2.23, 'long': 65.852, 'Time': Timestamp('2007-08-07 21:22:46'), 'mag': 5.0}, {'lat': 2.491, 'long': 66.102, 'Time': Timestamp('2007-08-07 21:27:04'), 'mag': 5.0}, {'lat': -9.211, 'long': 67.093, 'Time': Timestamp('2007-08-07 10:12:21'), 'mag': 5.0}, {'lat': -9.211, 'long': 67.093, 'Time': Timestamp('2007-08-07 10:12:21'), 'mag': 5.0}, {'lat': 37.093, 'long': 71.718, 'Time': Timestamp('2007-08-08 00:37:04'), 'mag': 5.1}]",15,22
1011,2007-07-23 10:18:53.097,0,[],0,8
1012,2007-07-22 13:37:53.151,0,[],0,7
1013,2007-08-14 23:23:21.838,1,"[{'lat': 50.322, 'long': -177.548, 'Time': Timestamp('2007-08-15 20:22:11'), 'mag': 6.5}, {'lat': 50.243, 'long': -177.568, 'Time': Timestamp('2007-08-16 04:03:03'), 'mag': 5.8}, {'lat': -7.251, 'long': 155.652, 'Time': Timestamp('2007-08-15 16:51:44'), 'mag': 5.4}, {'lat': -9.834, 'long': 159.465, 'Time': Timestamp('2007-08-16 08:39:28'), 'mag': 6.5}, {'lat': -7.251, 'long': 155.652, 'Time': Timestamp('2007-08-15 16:51:44'), 'mag': 5.4}, {'lat': -9.834, 'long': 159.465, 'Time': Timestamp('2007-08-16 08:39:28'), 'mag': 6.5}, {'lat': -7.251, 'long': 155.652, 'Time': Timestamp('2007-08-15 16:51:44'), 'mag': 5.4}, {'lat': -9.834, 'long': 159.465, 'Time': Timestamp('2007-08-16 08:39:28'), 'mag': 6.5}]",8,30
1014,2007-08-11 07:33:57.061,1,"[{'lat': 27.344, 'long': 87.737, 'Time': Timestamp('2007-08-11 14:35:54'), 'mag': 5.0}]",1,26
1015,2007-08-09 10:49:52.695,1,"[{'lat': -5.545, 'long': -11.546, 'Time': Timestamp('2007-08-11 06:32:54'), 'mag': 5.1}, {'lat': -5.545, 'long': -11.546, 'Time': Timestamp('2007-08-11 06:32:54'), 'mag': 5.1}]",2,24
1016,2007-07-23 14:09:23.553,0,[],0,7
1017,2007-08-10 17:25:53.606,1,"[{'lat': -35.852, 'long': -102.904, 'Time': Timestamp('2007-08-10 20:43:15'), 'mag': 5.3}, {'lat': -35.852, 'long': -102.904, 'Time': Timestamp('2007-08-10 20:43:15'), 'mag': 5.3}]",2,25
1018,2007-07-24 20:39:47.755,0,[],0,8
1019,2007-07-23 23:53:53.712,1,"[{'lat': -21.66, 'long': -178.529, 'Time': Timestamp('2007-07-25 20:43:03'), 'mag': 5.3}, {'lat': -25.77, 'long': 179.938, 'Time': Timestamp('2007-07-25 01:03:45'), 'mag': 5.4}, {'lat': -15.823, 'long': 167.823, 'Time': Timestamp('2007-07-25 01:41:33'), 'mag': 5.3}, {'lat': -25.77, 'long': 179.938, 'Time': Timestamp('2007-07-25 01:03:45'), 'mag': 5.4}, {'lat': -25.77, 'long': 179.938, 'Time': Timestamp('2007-07-25 01:03:45'), 'mag': 5.4}, {'lat': -5.386, 'long': 151.556, 'Time': Timestamp('2007-07-25 15:04:21'), 'mag': 5.0}, {'lat': -15.823, 'long': 167.823, 'Time': Timestamp('2007-07-25 01:41:33'), 'mag': 5.3}, {'lat': -5.386, 'long': 151.556, 'Time': Timestamp('2007-07-25 15:04:21'), 'mag': 5.0}]",8,7
1020,2007-08-11 08:04:27.462,0,[],0,25
1021,2007-07-31 11:21:21.991,1,"[{'lat': -0.162, 'long': -17.795, 'Time': Timestamp('2007-07-31 22:55:31'), 'mag': 6.2}, {'lat': -0.162, 'long': -17.795, 'Time': Timestamp('2007-07-31 22:55:31'), 'mag': 6.2}]",2,14
1022,2007-08-10 14:39:53.954,0,[],0,24
1023,2007-07-25 19:33:24.033,1,"[{'lat': 44.428, 'long': -129.593, 'Time': Timestamp('2007-07-27 01:37:47'), 'mag': 5.2}, {'lat': 44.46, 'long': -129.666, 'Time': Timestamp('2007-07-27 01:45:27'), 'mag': 5.3}, {'lat': 44.428, 'long': -129.593, 'Time': Timestamp('2007-07-27 01:37:47'), 'mag': 5.2}, {'lat': 44.46, 'long': -129.666, 'Time': Timestamp('2007-07-27 01:45:27'), 'mag': 5.3}]",4,8
1024,2007-07-30 22:46:54.270,1,"[{'lat': -15.595, 'long': 167.68, 'Time': Timestamp('2007-08-01 17:08:51'), 'mag': 7.2}, {'lat': -15.455, 'long': 167.632, 'Time': Timestamp('2007-08-01 18:07:46'), 'mag': 5.1}, {'lat': -15.595, 'long': 167.68, 'Time': Timestamp('2007-08-01 17:08:51'), 'mag': 7.2}, {'lat': -15.455, 'long': 167.632, 'Time': Timestamp('2007-08-01 18:07:46'), 'mag': 5.1}, {'lat': -15.595, 'long': 167.68, 'Time': Timestamp('2007-08-01 17:08:51'), 'mag': 7.2}, {'lat': -15.455, 'long': 167.632, 'Time': Timestamp('2007-08-01 18:07:46'), 'mag': 5.1}]",6,13
1025,2007-07-31 02:01:24.111,1,"[{'lat': -3.664, 'long': 140.102, 'Time': Timestamp('2007-08-01 03:06:07'), 'mag': 5.3}, {'lat': -3.664, 'long': 140.102, 'Time': Timestamp('2007-08-01 03:06:07'), 'mag': 5.3}, {'lat': 33.905, 'long': 136.613, 'Time': Timestamp('2007-08-01 08:16:00'), 'mag': 5.5}, {'lat': 28.234, 'long': 138.939, 'Time': Timestamp('2007-07-31 12:58:28'), 'mag': 5.4}, {'lat': 27.343, 'long': 126.897, 'Time': Timestamp('2007-07-31 15:07:35'), 'mag': 5.9}, {'lat': 33.905, 'long': 136.613, 'Time': Timestamp('2007-08-01 08:16:00'), 'mag': 5.5}, {'lat': 28.234, 'long': 138.939, 'Time': Timestamp('2007-07-31 12:58:28'), 'mag': 5.4}, {'lat': 27.343, 'long': 126.897, 'Time': Timestamp('2007-07-31 15:07:35'), 'mag': 5.9}, {'lat': 33.905, 'long': 136.613, 'Time': Timestamp('2007-08-01 08:16:00'), 'mag': 5.5}, {'lat': 28.234, 'long': 138.939, 'Time': Timestamp('2007-07-31 12:58:28'), 'mag': 5.4}, {'lat': 27.343, 'long': 126.897, 'Time': Timestamp('2007-07-31 15:07:35'), 'mag': 5.9}]",11,13
1026,2007-08-13 06:56:51.412,0,[],0,26
1027,2007-08-16 10:12:53.352,1,"[{'lat': -2.825, 'long': 36.207, 'Time': Timestamp('2007-08-18 07:44:02'), 'mag': 5.2}, {'lat': -2.825, 'long': 36.207, 'Time': Timestamp('2007-08-18 07:44:02'), 'mag': 5.2}, {'lat': -2.825, 'long': 36.207, 'Time': Timestamp('2007-08-18 07:44:02'), 'mag': 5.2}]",3,29
1028,2007-08-12 13:31:53.407,1,"[{'lat': -37.523, 'long': -17.579, 'Time': Timestamp('2007-08-12 19:22:52'), 'mag': 5.1}]",1,25
1029,2007-08-10 23:17:20.654,1,"[{'lat': -22.264, 'long': -179.493, 'Time': Timestamp('2007-08-11 18:04:53'), 'mag': 5.7}, {'lat': -22.264, 'long': -179.493, 'Time': Timestamp('2007-08-11 18:04:53'), 'mag': 5.7}, {'lat': -30.545, 'long': -177.411, 'Time': Timestamp('2007-08-11 00:26:52'), 'mag': 5.0}, {'lat': -22.264, 'long': -179.493, 'Time': Timestamp('2007-08-11 18:04:53'), 'mag': 5.7}, {'lat': -30.545, 'long': -177.411, 'Time': Timestamp('2007-08-11 00:26:52'), 'mag': 5.0}, {'lat': -11.378, 'long': 166.273, 'Time': Timestamp('2007-08-12 12:05:19'), 'mag': 6.0}, {'lat': -11.378, 'long': 166.273, 'Time': Timestamp('2007-08-12 12:05:19'), 'mag': 6.0}, {'lat': -11.378, 'long': 166.273, 'Time': Timestamp('2007-08-12 12:05:19'), 'mag': 6.0}]",8,23
1030,2007-08-04 07:27:53.220,1,"[{'lat': -3.474, 'long': 68.353, 'Time': Timestamp('2007-08-04 13:43:34'), 'mag': 5.0}, {'lat': 2.64, 'long': 66.347, 'Time': Timestamp('2007-08-05 17:09:06'), 'mag': 5.0}, {'lat': 2.709, 'long': 66.406, 'Time': Timestamp('2007-08-06 00:27:40'), 'mag': 5.3}, {'lat': 2.652, 'long': 66.228, 'Time': Timestamp('2007-08-06 03:57:18'), 'mag': 5.0}, {'lat': -3.474, 'long': 68.353, 'Time': Timestamp('2007-08-04 13:43:34'), 'mag': 5.0}, {'lat': 2.64, 'long': 66.347, 'Time': Timestamp('2007-08-05 17:09:06'), 'mag': 5.0}, {'lat': 2.709, 'long': 66.406, 'Time': Timestamp('2007-08-06 00:27:40'), 'mag': 5.3}, {'lat': 2.652, 'long': 66.228, 'Time': Timestamp('2007-08-06 03:57:18'), 'mag': 5.0}, {'lat': -3.474, 'long': 68.353, 'Time': Timestamp('2007-08-04 13:43:34'), 'mag': 5.0}]",9,16
1031,2007-07-29 10:43:52.950,1,"[{'lat': -56.058, 'long': -27.733, 'Time': Timestamp('2007-07-31 02:42:48'), 'mag': 5.6}]",1,10
1032,2007-07-25 14:02:53.807,1,"[{'lat': 44.8, 'long': -28.192, 'Time': Timestamp('2007-07-25 19:38:26'), 'mag': 5.1}, {'lat': 44.8, 'long': -28.192, 'Time': Timestamp('2007-07-25 19:38:26'), 'mag': 5.1}, {'lat': 44.8, 'long': -28.192, 'Time': Timestamp('2007-07-25 19:38:26'), 'mag': 5.1}]",3,6
1033,2007-08-11 17:19:53.862,0,[],0,23
1034,2007-08-07 20:33:52.107,0,[],0,19
1035,2007-08-02 23:47:53.967,0,[],0,14
1036,2007-08-17 07:58:26.717,1,"[{'lat': -2.825, 'long': 36.207, 'Time': Timestamp('2007-08-18 07:44:02'), 'mag': 5.2}, {'lat': -2.825, 'long': 36.207, 'Time': Timestamp('2007-08-18 07:44:02'), 'mag': 5.2}, {'lat': -2.825, 'long': 36.207, 'Time': Timestamp('2007-08-18 07:44:02'), 'mag': 5.2}]",3,28
1037,2007-08-15 11:14:52.463,1,"[{'lat': -3.522, 'long': -12.153, 'Time': Timestamp('2007-08-16 14:18:24'), 'mag': 5.5}, {'lat': -3.588, 'long': -11.798, 'Time': Timestamp('2007-08-16 14:44:04'), 'mag': 5.3}, {'lat': -12.362, 'long': -14.864, 'Time': Timestamp('2007-08-16 01:20:31'), 'mag': 5.1}, {'lat': -3.522, 'long': -12.153, 'Time': Timestamp('2007-08-16 14:18:24'), 'mag': 5.5}, {'lat': -3.588, 'long': -11.798, 'Time': Timestamp('2007-08-16 14:44:04'), 'mag': 5.3}, {'lat': -12.362, 'long': -14.864, 'Time': Timestamp('2007-08-16 01:20:31'), 'mag': 5.1}, {'lat': -3.522, 'long': -12.153, 'Time': Timestamp('2007-08-16 14:18:24'), 'mag': 5.5}, {'lat': -3.588, 'long': -11.798, 'Time': Timestamp('2007-08-16 14:44:04'), 'mag': 5.3}, {'lat': -12.362, 'long': -14.864, 'Time': Timestamp('2007-08-16 01:20:31'), 'mag': 5.1}]",9,26
1038,2007-07-25 14:33:53.209,1,"[{'lat': 44.8, 'long': -28.192, 'Time': Timestamp('2007-07-25 19:38:26'), 'mag': 5.1}, {'lat': 44.8, 'long': -28.192, 'Time': Timestamp('2007-07-25 19:38:26'), 'mag': 5.1}]",2,5
1039,2007-08-12 17:50:23.262,0,[],0,23
1040,2007-08-07 21:04:25.604,1,"[{'lat': -15.168, 'long': -173.598, 'Time': Timestamp('2007-08-09 07:59:15'), 'mag': 5.2}]",1,18
1041,2007-08-08 00:18:23.369,1,"[{'lat': 51.932, 'long': 155.607, 'Time': Timestamp('2007-08-08 09:09:27'), 'mag': 5.1}, {'lat': 51.932, 'long': 155.607, 'Time': Timestamp('2007-08-08 09:09:27'), 'mag': 5.1}, {'lat': 14.153, 'long': 145.342, 'Time': Timestamp('2007-08-08 21:46:45'), 'mag': 5.3}, {'lat': 14.153, 'long': 145.342, 'Time': Timestamp('2007-08-08 21:46:45'), 'mag': 5.3}]",4,18
1042,2007-08-13 08:29:21.694,0,[],0,23
1043,2007-08-14 11:46:23.556,1,"[{'lat': -12.362, 'long': -14.864, 'Time': Timestamp('2007-08-16 01:20:31'), 'mag': 5.1}, {'lat': -12.362, 'long': -14.864, 'Time': Timestamp('2007-08-16 01:20:31'), 'mag': 5.1}, {'lat': -12.362, 'long': -14.864, 'Time': Timestamp('2007-08-16 01:20:31'), 'mag': 5.1}]",3,24
1044,2007-07-31 15:04:48.275,0,[],0,10
1045,2007-08-15 18:20:23.663,0,[],0,25
1046,2007-07-26 21:34:22.356,1,"[{'lat': 44.428, 'long': -129.593, 'Time': Timestamp('2007-07-27 01:37:47'), 'mag': 5.2}, {'lat': 44.46, 'long': -129.666, 'Time': Timestamp('2007-07-27 01:45:27'), 'mag': 5.3}, {'lat': 44.401, 'long': -129.76, 'Time': Timestamp('2007-07-27 23:22:48'), 'mag': 5.3}, {'lat': 44.545, 'long': -129.759, 'Time': Timestamp('2007-07-28 00:20:38'), 'mag': 5.0}, {'lat': 44.611, 'long': -129.778, 'Time': Timestamp('2007-07-28 00:30:29'), 'mag': 5.3}, {'lat': 44.428, 'long': -129.593, 'Time': Timestamp('2007-07-27 01:37:47'), 'mag': 5.2}, {'lat': 44.46, 'long': -129.666, 'Time': Timestamp('2007-07-27 01:45:27'), 'mag': 5.3}, {'lat': 44.401, 'long': -129.76, 'Time': Timestamp('2007-07-27 23:22:48'), 'mag': 5.3}, {'lat': 44.545, 'long': -129.759, 'Time': Timestamp('2007-07-28 00:20:38'), 'mag': 5.0}, {'lat': 44.611, 'long': -129.778, 'Time': Timestamp('2007-07-28 00:30:29'), 'mag': 5.3}, {'lat': -14.656, 'long': -175.475, 'Time': Timestamp('2007-07-27 03:51:22'), 'mag': 5.1}, {'lat': -14.656, 'long': -175.475, 'Time': Timestamp('2007-07-27 03:51:22'), 'mag': 5.1}, {'lat': -20.391, 'long': -177.108, 'Time': Timestamp('2007-07-27 15:30:38'), 'mag': 5.1}, {'lat': -15.898, 'long': -175.288, 'Time': Timestamp('2007-07-28 08:53:13'), 'mag': 5.4}, {'lat': -14.656, 'long': -175.475, 'Time': Timestamp('2007-07-27 03:51:22'), 'mag': 5.1}, {'lat': -20.391, 'long': -177.108, 'Time': Timestamp('2007-07-27 15:30:38'), 'mag': 5.1}, {'lat': -15.898, 'long': -175.288, 'Time': Timestamp('2007-07-28 08:53:13'), 'mag': 5.4}, {'lat': -20.391, 'long': -177.108, 'Time': Timestamp('2007-07-27 15:30:38'), 'mag': 5.1}]",18,5
1047,2007-08-17 00:48:23.769,1,"[{'lat': -22.047, 'long': 174.622, 'Time': Timestamp('2007-08-18 12:32:16'), 'mag': 5.7}, {'lat': -22.153, 'long': 174.705, 'Time': Timestamp('2007-08-18 17:57:42'), 'mag': 5.0}, {'lat': -22.047, 'long': 174.622, 'Time': Timestamp('2007-08-18 12:32:16'), 'mag': 5.7}, {'lat': -22.153, 'long': 174.705, 'Time': Timestamp('2007-08-18 17:57:42'), 'mag': 5.0}, {'lat': 14.07, 'long': 146.535, 'Time': Timestamp('2007-08-17 02:11:16'), 'mag': 5.3}, {'lat': 14.07, 'long': 146.535, 'Time': Timestamp('2007-08-17 02:11:16'), 'mag': 5.3}, {'lat': -5.073, 'long': 144.053, 'Time': Timestamp('2007-08-18 18:30:37'), 'mag': 5.3}, {'lat': -5.073, 'long': 144.053, 'Time': Timestamp('2007-08-18 18:30:37'), 'mag': 5.3}, {'lat': -5.073, 'long': 144.053, 'Time': Timestamp('2007-08-18 18:30:37'), 'mag': 5.3}]",9,26
1048,2007-08-08 07:21:24.726,0,[],0,17
1049,2007-08-07 10:37:49.031,0,[],0,16
1050,2007-08-08 13:56:53.984,1,"[{'lat': 25.918, 'long': -45.001, 'Time': Timestamp('2007-08-09 17:25:05'), 'mag': 5.6}, {'lat': 25.918, 'long': -45.001, 'Time': Timestamp('2007-08-09 17:25:05'), 'mag': 5.6}, {'lat': 25.918, 'long': -45.001, 'Time': Timestamp('2007-08-09 17:25:05'), 'mag': 5.6}]",3,17
1051,2007-07-29 23:41:53.144,1,"[{'lat': -17.374, 'long': -178.948, 'Time': Timestamp('2007-07-30 23:37:51'), 'mag': 5.1}, {'lat': -17.374, 'long': -178.948, 'Time': Timestamp('2007-07-30 23:37:51'), 'mag': 5.1}, {'lat': -17.374, 'long': -178.948, 'Time': Timestamp('2007-07-30 23:37:51'), 'mag': 5.1}]",3,7
1052,2007-08-18 07:52:26.894,1,"[{'lat': -2.71, 'long': 36.292, 'Time': Timestamp('2007-08-20 02:56:48'), 'mag': 5.4}, {'lat': -2.71, 'long': 36.292, 'Time': Timestamp('2007-08-20 02:56:48'), 'mag': 5.4}, {'lat': -2.71, 'long': 36.292, 'Time': Timestamp('2007-08-20 02:56:48'), 'mag': 5.4}]",3,26
1053,2007-08-07 11:08:55.296,0,[],0,15
1054,2007-08-01 14:27:53.386,0,[],0,9
1055,2007-07-29 17:44:23.439,1,"[{'lat': -35.519, 'long': -103.846, 'Time': Timestamp('2007-07-30 06:06:50'), 'mag': 5.5}, {'lat': -35.519, 'long': -103.846, 'Time': Timestamp('2007-07-30 06:06:50'), 'mag': 5.5}, {'lat': -35.519, 'long': -103.846, 'Time': Timestamp('2007-07-30 06:06:50'), 'mag': 5.5}]",3,6
1056,2007-08-19 20:55:19.251,0,[],0,27
1057,2007-08-09 00:11:53.545,1,"[{'lat': 51.256, 'long': -179.827, 'Time': Timestamp('2007-08-10 13:31:25'), 'mag': 5.1}, {'lat': 51.256, 'long': -179.827, 'Time': Timestamp('2007-08-10 13:31:25'), 'mag': 5.1}, {'lat': -32.499, 'long': 179.731, 'Time': Timestamp('2007-08-10 10:11:30'), 'mag': 5.3}, {'lat': -32.499, 'long': 179.731, 'Time': Timestamp('2007-08-10 10:11:30'), 'mag': 5.3}, {'lat': -32.499, 'long': 179.731, 'Time': Timestamp('2007-08-10 10:11:30'), 'mag': 5.3}, {'lat': 46.55, 'long': 153.154, 'Time': Timestamp('2007-08-10 11:47:00'), 'mag': 5.2}]",6,16
1058,2007-08-02 08:23:21.871,1,"[{'lat': 12.511, 'long': 47.462, 'Time': Timestamp('2007-08-02 13:37:29'), 'mag': 5.7}, {'lat': 12.511, 'long': 47.462, 'Time': Timestamp('2007-08-02 13:37:29'), 'mag': 5.7}]",2,9
1059,2007-08-20 11:40:23.733,1,"[{'lat': -0.256, 'long': -18.175, 'Time': Timestamp('2007-08-20 12:37:06'), 'mag': 5.7}, {'lat': -0.256, 'long': -18.175, 'Time': Timestamp('2007-08-20 12:37:06'), 'mag': 5.7}, {'lat': -0.256, 'long': -18.175, 'Time': Timestamp('2007-08-20 12:37:06'), 'mag': 5.7}]",3,27
1060,2007-08-10 14:58:53.787,0,[],0,17
1061,2007-08-09 18:14:23.841,1,"[{'lat': -35.852, 'long': -102.904, 'Time': Timestamp('2007-08-10 20:43:15'), 'mag': 5.3}, {'lat': -35.852, 'long': -102.904, 'Time': Timestamp('2007-08-10 20:43:15'), 'mag': 5.3}, {'lat': -35.852, 'long': -102.904, 'Time': Timestamp('2007-08-10 20:43:15'), 'mag': 5.3}, {'lat': -50.25, 'long': -115.75, 'Time': Timestamp('2007-08-09 18:59:12'), 'mag': 5.1}, {'lat': -50.25, 'long': -115.75, 'Time': Timestamp('2007-08-09 18:59:12'), 'mag': 5.1}, {'lat': -50.25, 'long': -115.75, 'Time': Timestamp('2007-08-09 18:59:12'), 'mag': 5.1}]",6,16
1062,2007-08-16 08:52:21.160,1,"[{'lat': -2.825, 'long': 36.207, 'Time': Timestamp('2007-08-18 07:44:02'), 'mag': 5.2}]",1,22
1063,2007-08-14 12:11:23.217,1,"[{'lat': -12.362, 'long': -14.864, 'Time': Timestamp('2007-08-16 01:20:31'), 'mag': 5.1}]",1,20
1064,2007-08-18 15:29:18.694,1,"[{'lat': 39.618, 'long': -29.88, 'Time': Timestamp('2007-08-18 16:20:45'), 'mag': 5.0}, {'lat': 39.618, 'long': -29.88, 'Time': Timestamp('2007-08-18 16:20:45'), 'mag': 5.0}, {'lat': -45.714, 'long': -72.538, 'Time': Timestamp('2007-08-19 07:42:24'), 'mag': 5.0}, {'lat': -13.627, 'long': -76.536, 'Time': Timestamp('2007-08-19 00:56:20'), 'mag': 5.1}, {'lat': -13.621, 'long': -76.617, 'Time': Timestamp('2007-08-19 01:22:38'), 'mag': 5.8}, {'lat': -13.754, 'long': -76.464, 'Time': Timestamp('2007-08-19 01:25:41'), 'mag': 5.1}, {'lat': -13.63, 'long': -76.498, 'Time': Timestamp('2007-08-19 20:11:44'), 'mag': 5.6}, {'lat': -13.627, 'long': -76.536, 'Time': Timestamp('2007-08-19 00:56:20'), 'mag': 5.1}, {'lat': -13.621, 'long': -76.617, 'Time': Timestamp('2007-08-19 01:22:38'), 'mag': 5.8}, {'lat': -13.754, 'long': -76.464, 'Time': Timestamp('2007-08-19 01:25:41'), 'mag': 5.1}, {'lat': -13.63, 'long': -76.498, 'Time': Timestamp('2007-08-19 20:11:44'), 'mag': 5.6}, {'lat': -13.627, 'long': -76.536, 'Time': Timestamp('2007-08-19 00:56:20'), 'mag': 5.1}, {'lat': -13.621, 'long': -76.617, 'Time': Timestamp('2007-08-19 01:22:38'), 'mag': 5.8}, {'lat': -13.754, 'long': -76.464, 'Time': Timestamp('2007-08-19 01:25:41'), 'mag': 5.1}, {'lat': -13.63, 'long': -76.498, 'Time': Timestamp('2007-08-19 20:11:44'), 'mag': 5.6}, {'lat': -45.714, 'long': -72.538, 'Time': Timestamp('2007-08-19 07:42:24'), 'mag': 5.0}]",16,24
1065,2007-08-09 21:57:51.457,1,"[{'lat': -22.264, 'long': -179.493, 'Time': Timestamp('2007-08-11 18:04:53'), 'mag': 5.7}, {'lat': -29.164, 'long': -177.407, 'Time': Timestamp('2007-08-10 00:20:45'), 'mag': 5.0}, {'lat': -30.545, 'long': -177.411, 'Time': Timestamp('2007-08-11 00:26:52'), 'mag': 5.0}, {'lat': -22.264, 'long': -179.493, 'Time': Timestamp('2007-08-11 18:04:53'), 'mag': 5.7}, {'lat': -29.164, 'long': -177.407, 'Time': Timestamp('2007-08-10 00:20:45'), 'mag': 5.0}, {'lat': -30.545, 'long': -177.411, 'Time': Timestamp('2007-08-11 00:26:52'), 'mag': 5.0}, {'lat': -22.264, 'long': -179.493, 'Time': Timestamp('2007-08-11 18:04:53'), 'mag': 5.7}, {'lat': -32.499, 'long': 179.731, 'Time': Timestamp('2007-08-10 10:11:30'), 'mag': 5.3}]",8,15
1066,2007-08-13 01:12:53.429,1,"[{'lat': -15.956, 'long': 167.524, 'Time': Timestamp('2007-08-14 06:23:08'), 'mag': 5.1}, {'lat': -15.956, 'long': 167.524, 'Time': Timestamp('2007-08-14 06:23:08'), 'mag': 5.1}, {'lat': -15.956, 'long': 167.524, 'Time': Timestamp('2007-08-14 06:23:08'), 'mag': 5.1}, {'lat': -60.549, 'long': 153.785, 'Time': Timestamp('2007-08-13 10:27:23'), 'mag': 6.1}, {'lat': 46.877, 'long': 141.746, 'Time': Timestamp('2007-08-14 04:13:34'), 'mag': 5.5}, {'lat': 46.877, 'long': 141.746, 'Time': Timestamp('2007-08-14 04:13:34'), 'mag': 5.5}, {'lat': 4.066, 'long': 126.639, 'Time': Timestamp('2007-08-14 21:50:12'), 'mag': 5.1}]",7,18
1067,2007-08-08 06:07:56.390,0,[],0,13
1068,2007-08-22 09:23:19.322,0,[],0,27
1069,2007-08-02 12:42:23.618,1,"[{'lat': -60.373, 'long': -26.63, 'Time': Timestamp('2007-08-02 14:14:03'), 'mag': 5.1}]",1,7
1070,2007-08-17 16:00:19.319,1,"[{'lat': -45.714, 'long': -72.538, 'Time': Timestamp('2007-08-19 07:42:24'), 'mag': 5.0}, {'lat': -45.714, 'long': -72.538, 'Time': Timestamp('2007-08-19 07:42:24'), 'mag': 5.0}, {'lat': -45.714, 'long': -72.538, 'Time': Timestamp('2007-08-19 07:42:24'), 'mag': 5.0}, {'lat': -13.805, 'long': -76.291, 'Time': Timestamp('2007-08-18 02:52:35'), 'mag': 6.0}, {'lat': -14.177, 'long': -76.739, 'Time': Timestamp('2007-08-18 06:21:36'), 'mag': 5.0}, {'lat': -13.627, 'long': -76.536, 'Time': Timestamp('2007-08-19 00:56:20'), 'mag': 5.1}, {'lat': -13.621, 'long': -76.617, 'Time': Timestamp('2007-08-19 01:22:38'), 'mag': 5.8}, {'lat': -13.754, 'long': -76.464, 'Time': Timestamp('2007-08-19 01:25:41'), 'mag': 5.1}, {'lat': -13.805, 'long': -76.291, 'Time': Timestamp('2007-08-18 02:52:35'), 'mag': 6.0}, {'lat': -14.177, 'long': -76.739, 'Time': Timestamp('2007-08-18 06:21:36'), 'mag': 5.0}, {'lat': -13.627, 'long': -76.536, 'Time': Timestamp('2007-08-19 00:56:20'), 'mag': 5.1}, {'lat': -13.621, 'long': -76.617, 'Time': Timestamp('2007-08-19 01:22:38'), 'mag': 5.8}, {'lat': -13.754, 'long': -76.464, 'Time': Timestamp('2007-08-19 01:25:41'), 'mag': 5.1}, {'lat': -13.805, 'long': -76.291, 'Time': Timestamp('2007-08-18 02:52:35'), 'mag': 6.0}, {'lat': -14.177, 'long': -76.739, 'Time': Timestamp('2007-08-18 06:21:36'), 'mag': 5.0}, {'lat': -13.627, 'long': -76.536, 'Time': Timestamp('2007-08-19 00:56:20'), 'mag': 5.1}, {'lat': -13.621, 'long': -76.617, 'Time': Timestamp('2007-08-19 01:22:38'), 'mag': 5.8}, {'lat': -13.754, 'long': -76.464, 'Time': Timestamp('2007-08-19 01:25:41'), 'mag': 5.1}]",18,22
1071,2007-08-19 19:15:23.725,0,[],0,24
1072,2007-08-24 22:28:53.777,0,[],0,29
1073,2007-08-14 01:43:24.802,1,"[{'lat': 14.087, 'long': 146.534, 'Time': Timestamp('2007-08-15 10:12:44'), 'mag': 5.3}, {'lat': -7.251, 'long': 155.652, 'Time': Timestamp('2007-08-15 16:51:44'), 'mag': 5.4}, {'lat': -7.251, 'long': 155.652, 'Time': Timestamp('2007-08-15 16:51:44'), 'mag': 5.4}, {'lat': -7.251, 'long': 155.652, 'Time': Timestamp('2007-08-15 16:51:44'), 'mag': 5.4}, {'lat': 46.877, 'long': 141.746, 'Time': Timestamp('2007-08-14 04:13:34'), 'mag': 5.5}, {'lat': 46.877, 'long': 141.746, 'Time': Timestamp('2007-08-14 04:13:34'), 'mag': 5.5}, {'lat': 46.877, 'long': 141.746, 'Time': Timestamp('2007-08-14 04:13:34'), 'mag': 5.5}, {'lat': 35.378, 'long': 140.269, 'Time': Timestamp('2007-08-15 19:15:10'), 'mag': 5.2}, {'lat': 35.296, 'long': 140.507, 'Time': Timestamp('2007-08-16 00:22:09'), 'mag': 5.0}, {'lat': 35.378, 'long': 140.269, 'Time': Timestamp('2007-08-15 19:15:10'), 'mag': 5.2}, {'lat': 35.296, 'long': 140.507, 'Time': Timestamp('2007-08-16 00:22:09'), 'mag': 5.0}, {'lat': 4.066, 'long': 126.639, 'Time': Timestamp('2007-08-14 21:50:12'), 'mag': 5.1}, {'lat': 4.066, 'long': 126.639, 'Time': Timestamp('2007-08-14 21:50:12'), 'mag': 5.1}, {'lat': 4.066, 'long': 126.639, 'Time': Timestamp('2007-08-14 21:50:12'), 'mag': 5.1}]",14,18
1074,2007-08-15 06:38:26.088,0,[],0,19
1075,2007-08-23 09:54:21.286,0,[],0,27
1076,2007-08-16 13:13:24.019,1,"[{'lat': -3.522, 'long': -12.153, 'Time': Timestamp('2007-08-16 14:18:24'), 'mag': 5.5}, {'lat': -3.588, 'long': -11.798, 'Time': Timestamp('2007-08-16 14:44:04'), 'mag': 5.3}, {'lat': -3.549, 'long': -12.104, 'Time': Timestamp('2007-08-17 16:27:40'), 'mag': 5.0}, {'lat': -3.522, 'long': -12.153, 'Time': Timestamp('2007-08-16 14:18:24'), 'mag': 5.5}, {'lat': -3.588, 'long': -11.798, 'Time': Timestamp('2007-08-16 14:44:04'), 'mag': 5.3}, {'lat': -3.549, 'long': -12.104, 'Time': Timestamp('2007-08-17 16:27:40'), 'mag': 5.0}, {'lat': -3.522, 'long': -12.153, 'Time': Timestamp('2007-08-16 14:18:24'), 'mag': 5.5}, {'lat': -3.588, 'long': -11.798, 'Time': Timestamp('2007-08-16 14:44:04'), 'mag': 5.3}, {'lat': -3.549, 'long': -12.104, 'Time': Timestamp('2007-08-17 16:27:40'), 'mag': 5.0}]",9,20
1077,2007-08-08 16:30:54.073,1,"[{'lat': -50.25, 'long': -115.75, 'Time': Timestamp('2007-08-09 18:59:12'), 'mag': 5.1}]",1,12
1078,2007-08-09 19:45:53.126,0,[],0,13
1079,2007-08-09 22:59:18.938,1,"[{'lat': -29.164, 'long': -177.407, 'Time': Timestamp('2007-08-10 00:20:45'), 'mag': 5.0}, {'lat': -30.545, 'long': -177.411, 'Time': Timestamp('2007-08-11 00:26:52'), 'mag': 5.0}, {'lat': -22.264, 'long': -179.493, 'Time': Timestamp('2007-08-11 18:04:53'), 'mag': 5.7}, {'lat': -29.164, 'long': -177.407, 'Time': Timestamp('2007-08-10 00:20:45'), 'mag': 5.0}, {'lat': -30.545, 'long': -177.411, 'Time': Timestamp('2007-08-11 00:26:52'), 'mag': 5.0}, {'lat': -22.264, 'long': -179.493, 'Time': Timestamp('2007-08-11 18:04:53'), 'mag': 5.7}, {'lat': -30.545, 'long': -177.411, 'Time': Timestamp('2007-08-11 00:26:52'), 'mag': 5.0}, {'lat': 51.256, 'long': -179.827, 'Time': Timestamp('2007-08-10 13:31:25'), 'mag': 5.1}, {'lat': 51.256, 'long': -179.827, 'Time': Timestamp('2007-08-10 13:31:25'), 'mag': 5.1}, {'lat': 51.256, 'long': -179.827, 'Time': Timestamp('2007-08-10 13:31:25'), 'mag': 5.1}]",10,13
1080,2007-08-27 02:13:54.203,1,"[{'lat': 49.69, 'long': 154.29, 'Time': Timestamp('2007-08-28 01:16:04'), 'mag': 5.6}, {'lat': 49.69, 'long': 154.29, 'Time': Timestamp('2007-08-28 01:16:04'), 'mag': 5.6}, {'lat': 18.872, 'long': 145.07, 'Time': Timestamp('2007-08-27 22:21:56'), 'mag': 5.3}, {'lat': 18.906, 'long': 145.068, 'Time': Timestamp('2007-08-27 22:24:28'), 'mag': 5.3}, {'lat': 18.872, 'long': 145.07, 'Time': Timestamp('2007-08-27 22:21:56'), 'mag': 5.3}, {'lat': 18.906, 'long': 145.068, 'Time': Timestamp('2007-08-27 22:24:28'), 'mag': 5.3}, {'lat': 18.872, 'long': 145.07, 'Time': Timestamp('2007-08-27 22:21:56'), 'mag': 5.3}, {'lat': 18.906, 'long': 145.068, 'Time': Timestamp('2007-08-27 22:24:28'), 'mag': 5.3}, {'lat': 1.271, 'long': 126.4, 'Time': Timestamp('2007-08-27 06:50:31'), 'mag': 5.1}, {'lat': 2.768, 'long': 127.413, 'Time': Timestamp('2007-08-27 20:22:05'), 'mag': 5.1}, {'lat': 2.805, 'long': 127.534, 'Time': Timestamp('2007-08-27 21:00:20'), 'mag': 5.1}, {'lat': 1.271, 'long': 126.4, 'Time': Timestamp('2007-08-27 06:50:31'), 'mag': 5.1}, {'lat': 2.768, 'long': 127.413, 'Time': Timestamp('2007-08-27 20:22:05'), 'mag': 5.1}, {'lat': 2.805, 'long': 127.534, 'Time': Timestamp('2007-08-27 21:00:20'), 'mag': 5.1}, {'lat': -1.507, 'long': 119.599, 'Time': Timestamp('2007-08-28 08:51:41'), 'mag': 5.2}, {'lat': 1.271, 'long': 126.4, 'Time': Timestamp('2007-08-27 06:50:31'), 'mag': 5.1}, {'lat': 2.768, 'long': 127.413, 'Time': Timestamp('2007-08-27 20:22:05'), 'mag': 5.1}, {'lat': 2.805, 'long': 127.534, 'Time': Timestamp('2007-08-27 21:00:20'), 'mag': 5.1}, {'lat': -1.507, 'long': 119.599, 'Time': Timestamp('2007-08-28 08:51:41'), 'mag': 5.2}, {'lat': -1.507, 'long': 119.599, 'Time': Timestamp('2007-08-28 08:51:41'), 'mag': 5.2}]",20,30
1081,2007-08-03 07:09:26.192,1,"[{'lat': -3.474, 'long': 68.353, 'Time': Timestamp('2007-08-04 13:43:34'), 'mag': 5.0}, {'lat': -3.474, 'long': 68.353, 'Time': Timestamp('2007-08-04 13:43:34'), 'mag': 5.0}, {'lat': -3.474, 'long': 68.353, 'Time': Timestamp('2007-08-04 13:43:34'), 'mag': 5.0}]",3,6
1082,2007-08-20 10:25:22.562,0,[],0,23
1083,2007-08-23 13:44:23.420,0,[],0,26
1084,2007-08-13 17:01:23.474,1,"[{'lat': 2.185, 'long': -101.561, 'Time': Timestamp('2007-08-15 03:49:11'), 'mag': 5.1}, {'lat': 2.185, 'long': -101.561, 'Time': Timestamp('2007-08-15 03:49:11'), 'mag': 5.1}, {'lat': 2.185, 'long': -101.561, 'Time': Timestamp('2007-08-15 03:49:11'), 'mag': 5.1}]",3,16
1085,2007-08-10 20:15:54.488,0,[],0,13
1086,2007-08-06 23:29:50.891,1,"[{'lat': -23.953, 'long': -179.819, 'Time': Timestamp('2007-08-08 03:03:36'), 'mag': 5.4}, {'lat': -23.953, 'long': -179.819, 'Time': Timestamp('2007-08-08 03:03:36'), 'mag': 5.4}, {'lat': -23.953, 'long': -179.819, 'Time': Timestamp('2007-08-08 03:03:36'), 'mag': 5.4}]",3,9
1087,2007-08-23 07:39:57.330,1,"[{'lat': 28.154, 'long': 56.652, 'Time': Timestamp('2007-08-25 04:24:21'), 'mag': 5.0}, {'lat': 28.154, 'long': 56.652, 'Time': Timestamp('2007-08-25 04:24:21'), 'mag': 5.0}, {'lat': 28.154, 'long': 56.652, 'Time': Timestamp('2007-08-25 04:24:21'), 'mag': 5.0}]",3,25
1088,2007-08-22 10:56:22.305,0,[],0,24
1089,2007-08-17 14:15:23.821,1,"[{'lat': 39.618, 'long': -29.88, 'Time': Timestamp('2007-08-18 16:20:45'), 'mag': 5.0}, {'lat': 39.618, 'long': -29.88, 'Time': Timestamp('2007-08-18 16:20:45'), 'mag': 5.0}, {'lat': -45.714, 'long': -72.538, 'Time': Timestamp('2007-08-19 07:42:24'), 'mag': 5.0}, {'lat': -45.714, 'long': -72.538, 'Time': Timestamp('2007-08-19 07:42:24'), 'mag': 5.0}]",4,19
1090,2007-08-12 23:59:53.981,1,"[{'lat': -15.956, 'long': 167.524, 'Time': Timestamp('2007-08-14 06:23:08'), 'mag': 5.1}, {'lat': -15.956, 'long': 167.524, 'Time': Timestamp('2007-08-14 06:23:08'), 'mag': 5.1}, {'lat': -60.549, 'long': 153.785, 'Time': Timestamp('2007-08-13 10:27:23'), 'mag': 6.1}]",3,14
1091,2007-08-20 08:10:52.636,0,[],0,21
1092,2007-08-13 11:27:53.168,1,"[{'lat': -31.073, 'long': -13.397, 'Time': Timestamp('2007-08-13 20:22:13'), 'mag': 5.1}, {'lat': -30.994, 'long': -13.408, 'Time': Timestamp('2007-08-13 22:23:04'), 'mag': 5.5}, {'lat': -31.073, 'long': -13.397, 'Time': Timestamp('2007-08-13 20:22:13'), 'mag': 5.1}, {'lat': -30.994, 'long': -13.408, 'Time': Timestamp('2007-08-13 22:23:04'), 'mag': 5.5}]",4,14
1093,2007-08-12 14:46:23.223,0,[],0,13
1094,2007-08-18 18:02:23.276,0,[],0,19
1095,2007-08-23 21:15:21.410,0,[],0,24
1096,2007-08-29 00:30:23.382,1,"[{'lat': -11.436, 'long': 166.172, 'Time': Timestamp('2007-08-30 10:14:34'), 'mag': 5.4}, {'lat': -11.436, 'long': 166.172, 'Time': Timestamp('2007-08-30 10:14:34'), 'mag': 5.4}, {'lat': -22.986, 'long': 169.973, 'Time': Timestamp('2007-08-30 06:36:33'), 'mag': 5.2}, {'lat': -11.436, 'long': 166.172, 'Time': Timestamp('2007-08-30 10:14:34'), 'mag': 5.4}, {'lat': -22.986, 'long': 169.973, 'Time': Timestamp('2007-08-30 06:36:33'), 'mag': 5.2}, {'lat': -22.986, 'long': 169.973, 'Time': Timestamp('2007-08-30 06:36:33'), 'mag': 5.2}]",6,29
1097,2007-08-26 08:39:48.829,0,[],0,26
1098,2007-08-20 11:58:53.570,1,"[{'lat': -0.256, 'long': -18.175, 'Time': Timestamp('2007-08-20 12:37:06'), 'mag': 5.7}, {'lat': -0.256, 'long': -18.175, 'Time': Timestamp('2007-08-20 12:37:06'), 'mag': 5.7}, {'lat': -0.256, 'long': -18.175, 'Time': Timestamp('2007-08-20 12:37:06'), 'mag': 5.7}]",3,20
1099,2007-08-06 15:17:20.711,1,"[{'lat': -32.475, 'long': -71.6, 'Time': Timestamp('2007-08-08 14:14:20'), 'mag': 5.3}, {'lat': -32.475, 'long': -71.6, 'Time': Timestamp('2007-08-08 14:14:20'), 'mag': 5.3}, {'lat': -32.475, 'long': -71.6, 'Time': Timestamp('2007-08-08 14:14:20'), 'mag': 5.3}]",3,6
1100,2007-08-21 18:32:53.678,0,[],0,21
1101,2007-08-13 02:38:23.809,1,"[{'lat': 46.877, 'long': 141.746, 'Time': Timestamp('2007-08-14 04:13:34'), 'mag': 5.5}, {'lat': 46.877, 'long': 141.746, 'Time': Timestamp('2007-08-14 04:13:34'), 'mag': 5.5}, {'lat': 46.877, 'long': 141.746, 'Time': Timestamp('2007-08-14 04:13:34'), 'mag': 5.5}, {'lat': 4.066, 'long': 126.639, 'Time': Timestamp('2007-08-14 21:50:12'), 'mag': 5.1}, {'lat': 4.066, 'long': 126.639, 'Time': Timestamp('2007-08-14 21:50:12'), 'mag': 5.1}, {'lat': 4.066, 'long': 126.639, 'Time': Timestamp('2007-08-14 21:50:12'), 'mag': 5.1}]",6,12
1102,2007-08-12 07:33:57.507,0,[],0,11
1103,2007-08-16 10:50:22.563,1,"[{'lat': -3.522, 'long': -12.153, 'Time': Timestamp('2007-08-16 14:18:24'), 'mag': 5.5}, {'lat': -3.588, 'long': -11.798, 'Time': Timestamp('2007-08-16 14:44:04'), 'mag': 5.3}, {'lat': -3.549, 'long': -12.104, 'Time': Timestamp('2007-08-17 16:27:40'), 'mag': 5.0}, {'lat': -3.522, 'long': -12.153, 'Time': Timestamp('2007-08-16 14:18:24'), 'mag': 5.5}, {'lat': -3.588, 'long': -11.798, 'Time': Timestamp('2007-08-16 14:44:04'), 'mag': 5.3}, {'lat': -3.549, 'long': -12.104, 'Time': Timestamp('2007-08-17 16:27:40'), 'mag': 5.0}, {'lat': -3.522, 'long': -12.153, 'Time': Timestamp('2007-08-16 14:18:24'), 'mag': 5.5}, {'lat': -3.588, 'long': -11.798, 'Time': Timestamp('2007-08-16 14:44:04'), 'mag': 5.3}, {'lat': -3.549, 'long': -12.104, 'Time': Timestamp('2007-08-17 16:27:40'), 'mag': 5.0}]",9,15
1104,2007-08-15 14:09:24.079,0,[],0,14
1105,2007-08-07 17:25:53.133,0,[],0,6
1106,2007-08-27 20:37:20.272,0,[],0,26
1107,2007-08-31 23:53:53.238,1,"[{'lat': -11.61, 'long': 165.762, 'Time': Timestamp('2007-09-02 01:05:18'), 'mag': 7.2}, {'lat': -11.629, 'long': 165.855, 'Time': Timestamp('2007-09-02 01:31:25'), 'mag': 5.0}, {'lat': -11.564, 'long': 166.064, 'Time': Timestamp('2007-09-02 01:41:31'), 'mag': 5.0}, {'lat': -11.808, 'long': 165.764, 'Time': Timestamp('2007-09-02 02:34:12'), 'mag': 5.4}, {'lat': -11.766, 'long': 165.699, 'Time': Timestamp('2007-09-02 02:35:23'), 'mag': 6.3}, {'lat': -11.689, 'long': 165.905, 'Time': Timestamp('2007-09-02 11:42:34'), 'mag': 5.2}, {'lat': -11.403, 'long': 165.634, 'Time': Timestamp('2007-09-02 12:32:31'), 'mag': 5.2}, {'lat': -11.464, 'long': 166.048, 'Time': Timestamp('2007-09-02 14:04:33'), 'mag': 5.4}, {'lat': -11.308, 'long': 165.826, 'Time': Timestamp('2007-09-02 16:33:50'), 'mag': 5.1}, {'lat': -11.497, 'long': 165.92, 'Time': Timestamp('2007-09-02 17:22:44'), 'mag': 5.1}, {'lat': -11.61, 'long': 165.762, 'Time': Timestamp('2007-09-02 01:05:18'), 'mag': 7.2}, {'lat': -11.629, 'long': 165.855, 'Time': Timestamp('2007-09-02 01:31:25'), 'mag': 5.0}, {'lat': -11.564, 'long': 166.064, 'Time': Timestamp('2007-09-02 01:41:31'), 'mag': 5.0}, {'lat': -11.808, 'long': 165.764, 'Time': Timestamp('2007-09-02 02:34:12'), 'mag': 5.4}, {'lat': -11.766, 'long': 165.699, 'Time': Timestamp('2007-09-02 02:35:23'), 'mag': 6.3}, {'lat': -11.689, 'long': 165.905, 'Time': Timestamp('2007-09-02 11:42:34'), 'mag': 5.2}, {'lat': -11.403, 'long': 165.634, 'Time': Timestamp('2007-09-02 12:32:31'), 'mag': 5.2}, {'lat': -11.464, 'long': 166.048, 'Time': Timestamp('2007-09-02 14:04:33'), 'mag': 5.4}, {'lat': -11.308, 'long': 165.826, 'Time': Timestamp('2007-09-02 16:33:50'), 'mag': 5.1}, {'lat': -11.497, 'long': 165.92, 'Time': Timestamp('2007-09-02 17:22:44'), 'mag': 5.1}]",20,30
1108,2007-08-22 08:04:56.989,0,[],0,20
1109,2007-08-26 11:21:20.859,0,[],0,24
1110,2007-08-23 14:40:23.480,0,[],0,21
1111,2007-08-20 17:56:23.534,0,[],0,18
1112,2007-08-19 21:09:24.434,0,[],0,17
1113,2007-08-17 00:24:23.639,1,"[{'lat': -22.047, 'long': 174.622, 'Time': Timestamp('2007-08-18 12:32:16'), 'mag': 5.7}, {'lat': -22.153, 'long': 174.705, 'Time': Timestamp('2007-08-18 17:57:42'), 'mag': 5.0}, {'lat': -32.505, 'long': 178.873, 'Time': Timestamp('2007-08-18 12:24:06'), 'mag': 5.0}, {'lat': -22.047, 'long': 174.622, 'Time': Timestamp('2007-08-18 12:32:16'), 'mag': 5.7}, {'lat': -22.153, 'long': 174.705, 'Time': Timestamp('2007-08-18 17:57:42'), 'mag': 5.0}, {'lat': -32.505, 'long': 178.873, 'Time': Timestamp('2007-08-18 12:24:06'), 'mag': 5.0}, {'lat': 14.07, 'long': 146.535, 'Time': Timestamp('2007-08-17 02:11:16'), 'mag': 5.3}, {'lat': 14.07, 'long': 146.535, 'Time': Timestamp('2007-08-17 02:11:16'), 'mag': 5.3}, {'lat': 14.07, 'long': 146.535, 'Time': Timestamp('2007-08-17 02:11:16'), 'mag': 5.3}, {'lat': -5.073, 'long': 144.053, 'Time': Timestamp('2007-08-18 18:30:37'), 'mag': 5.3}, {'lat': -5.073, 'long': 144.053, 'Time': Timestamp('2007-08-18 18:30:37'), 'mag': 5.3}, {'lat': -5.073, 'long': 144.053, 'Time': Timestamp('2007-08-18 18:30:37'), 'mag': 5.3}]",12,14
1114,2007-08-18 06:56:56.034,1,"[{'lat': -33.371, 'long': 77.805, 'Time': Timestamp('2007-08-19 19:22:54'), 'mag': 5.0}, {'lat': -33.371, 'long': 77.805, 'Time': Timestamp('2007-08-19 19:22:54'), 'mag': 5.0}]",2,15
1115,2007-09-02 10:12:50.229,0,[],0,30
1116,2007-08-23 13:32:23.855,0,[],0,20
1117,2007-08-11 16:49:23.908,0,[],0,8
1118,2007-08-27 09:04:52.694,0,[],0,23
1119,2007-09-01 12:23:53.229,1,"[{'lat': -56.187, 'long': -27.104, 'Time': Timestamp('2007-09-01 23:27:53'), 'mag': 5.1}]",1,28
1120,2007-09-01 15:41:51.475,1,"[{'lat': 11.607, 'long': -87.271, 'Time': Timestamp('2007-09-02 00:07:28'), 'mag': 5.2}]",1,28
1121,2007-08-29 18:57:23.336,1,"[{'lat': -0.559, 'long': -91.339, 'Time': Timestamp('2007-08-29 22:10:10'), 'mag': 5.4}, {'lat': -0.559, 'long': -91.339, 'Time': Timestamp('2007-08-29 22:10:10'), 'mag': 5.4}]",2,25
1122,2007-08-24 22:10:53.388,1,"[{'lat': -17.457, 'long': -174.335, 'Time': Timestamp('2007-08-26 12:37:31'), 'mag': 6.1}, {'lat': -17.457, 'long': -174.335, 'Time': Timestamp('2007-08-26 12:37:31'), 'mag': 6.1}]",2,20
1123,2007-08-24 01:24:53.441,1,"[{'lat': 41.807, 'long': 143.277, 'Time': Timestamp('2007-08-24 04:20:03'), 'mag': 5.0}, {'lat': 41.807, 'long': 143.277, 'Time': Timestamp('2007-08-24 04:20:03'), 'mag': 5.0}, {'lat': 41.807, 'long': 143.277, 'Time': Timestamp('2007-08-24 04:20:03'), 'mag': 5.0}, {'lat': -6.076, 'long': 129.941, 'Time': Timestamp('2007-08-24 10:16:51'), 'mag': 5.1}, {'lat': -6.076, 'long': 129.941, 'Time': Timestamp('2007-08-24 10:16:51'), 'mag': 5.1}, {'lat': -6.076, 'long': 129.941, 'Time': Timestamp('2007-08-24 10:16:51'), 'mag': 5.1}]",6,19
1124,2007-08-28 06:20:26.401,0,[],0,23
1125,2007-08-21 09:35:52.002,0,[],0,16
1126,2007-08-13 12:54:53.630,1,"[{'lat': -31.073, 'long': -13.397, 'Time': Timestamp('2007-08-13 20:22:13'), 'mag': 5.1}, {'lat': -30.994, 'long': -13.408, 'Time': Timestamp('2007-08-13 22:23:04'), 'mag': 5.5}, {'lat': -31.073, 'long': -13.397, 'Time': Timestamp('2007-08-13 20:22:13'), 'mag': 5.1}, {'lat': -30.994, 'long': -13.408, 'Time': Timestamp('2007-08-13 22:23:04'), 'mag': 5.5}]",4,8
1127,2007-08-31 16:12:22.210,1,"[{'lat': 27.843, 'long': -43.985, 'Time': Timestamp('2007-09-01 01:28:02'), 'mag': 5.2}, {'lat': 27.796, 'long': -44.106, 'Time': Timestamp('2007-09-01 01:56:49'), 'mag': 5.3}, {'lat': 27.796, 'long': -44.106, 'Time': Timestamp('2007-09-01 01:56:49'), 'mag': 5.3}, {'lat': 11.607, 'long': -87.271, 'Time': Timestamp('2007-09-02 00:07:28'), 'mag': 5.2}, {'lat': 11.607, 'long': -87.271, 'Time': Timestamp('2007-09-02 00:07:28'), 'mag': 5.2}]",5,26
1128,2007-08-18 19:27:23.736,0,[],0,13
1129,2007-08-11 22:41:23.645,1,"[{'lat': -30.518, 'long': -177.565, 'Time': Timestamp('2007-08-13 10:11:11'), 'mag': 5.1}, {'lat': -11.378, 'long': 166.273, 'Time': Timestamp('2007-08-12 12:05:19'), 'mag': 6.0}, {'lat': -11.378, 'long': 166.273, 'Time': Timestamp('2007-08-12 12:05:19'), 'mag': 6.0}, {'lat': -11.378, 'long': 166.273, 'Time': Timestamp('2007-08-12 12:05:19'), 'mag': 6.0}, {'lat': -60.549, 'long': 153.785, 'Time': Timestamp('2007-08-13 10:27:23'), 'mag': 6.1}]",5,6
1130,2007-08-15 08:29:23.470,0,[],0,9
1131,2007-08-22 11:46:24.004,0,[],0,16
1132,2007-09-05 15:04:48.723,1,"[{'lat': 7.318, 'long': -34.681, 'Time': Timestamp('2007-09-07 09:25:17'), 'mag': 5.4}, {'lat': 7.318, 'long': -34.681, 'Time': Timestamp('2007-09-07 09:25:17'), 'mag': 5.4}]",2,30
1133,2007-08-23 18:20:53.112,0,[],0,17
1134,2007-08-17 21:34:22.685,1,"[{'lat': -29.191, 'long': -177.424, 'Time': Timestamp('2007-08-18 12:48:09'), 'mag': 5.1}, {'lat': -29.191, 'long': -177.424, 'Time': Timestamp('2007-08-18 12:48:09'), 'mag': 5.1}, {'lat': -33.908, 'long': -178.69, 'Time': Timestamp('2007-08-19 13:30:41'), 'mag': 5.5}, {'lat': -31.679, 'long': -178.017, 'Time': Timestamp('2007-08-19 16:44:35'), 'mag': 5.4}, {'lat': -29.191, 'long': -177.424, 'Time': Timestamp('2007-08-18 12:48:09'), 'mag': 5.1}, {'lat': -33.908, 'long': -178.69, 'Time': Timestamp('2007-08-19 13:30:41'), 'mag': 5.5}, {'lat': -31.679, 'long': -178.017, 'Time': Timestamp('2007-08-19 16:44:35'), 'mag': 5.4}, {'lat': -33.908, 'long': -178.69, 'Time': Timestamp('2007-08-19 13:30:41'), 'mag': 5.5}]",8,11
1135,2007-08-15 00:48:23.217,1,"[{'lat': 50.322, 'long': -177.548, 'Time': Timestamp('2007-08-15 20:22:11'), 'mag': 6.5}, {'lat': 50.243, 'long': -177.568, 'Time': Timestamp('2007-08-16 04:03:03'), 'mag': 5.8}, {'lat': 50.322, 'long': -177.548, 'Time': Timestamp('2007-08-15 20:22:11'), 'mag': 6.5}, {'lat': 50.243, 'long': -177.568, 'Time': Timestamp('2007-08-16 04:03:03'), 'mag': 5.8}, {'lat': -9.834, 'long': 159.465, 'Time': Timestamp('2007-08-16 08:39:28'), 'mag': 6.5}, {'lat': -9.834, 'long': 159.465, 'Time': Timestamp('2007-08-16 08:39:28'), 'mag': 6.5}, {'lat': -7.251, 'long': 155.652, 'Time': Timestamp('2007-08-15 16:51:44'), 'mag': 5.4}, {'lat': -9.834, 'long': 159.465, 'Time': Timestamp('2007-08-16 08:39:28'), 'mag': 6.5}, {'lat': 35.296, 'long': 140.507, 'Time': Timestamp('2007-08-16 00:22:09'), 'mag': 5.0}, {'lat': 14.087, 'long': 146.534, 'Time': Timestamp('2007-08-15 10:12:44'), 'mag': 5.3}, {'lat': 14.087, 'long': 146.534, 'Time': Timestamp('2007-08-15 10:12:44'), 'mag': 5.3}, {'lat': -7.251, 'long': 155.652, 'Time': Timestamp('2007-08-15 16:51:44'), 'mag': 5.4}]",12,8
1136,2007-08-22 05:43:26.177,0,[],0,15
1137,2007-08-19 08:58:22.760,1,"[{'lat': -2.71, 'long': 36.292, 'Time': Timestamp('2007-08-20 02:56:48'), 'mag': 5.4}, {'lat': -2.71, 'long': 36.292, 'Time': Timestamp('2007-08-20 02:56:48'), 'mag': 5.4}, {'lat': -2.71, 'long': 36.292, 'Time': Timestamp('2007-08-20 02:56:48'), 'mag': 5.4}]",3,12
1138,2007-08-29 12:17:23.405,0,[],0,22
1139,2007-08-28 15:35:51.651,1,"[{'lat': -20.948, 'long': -68.36, 'Time': Timestamp('2007-08-29 16:18:10'), 'mag': 5.5}, {'lat': -20.948, 'long': -68.36, 'Time': Timestamp('2007-08-29 16:18:10'), 'mag': 5.5}]",2,21
1140,2007-09-01 18:50:53.512,1,"[{'lat': 11.607, 'long': -87.271, 'Time': Timestamp('2007-09-02 00:07:28'), 'mag': 5.2}, {'lat': 11.607, 'long': -87.271, 'Time': Timestamp('2007-09-02 00:07:28'), 'mag': 5.2}, {'lat': 24.902, 'long': -109.689, 'Time': Timestamp('2007-09-01 19:14:22'), 'mag': 6.1}, {'lat': 24.502, 'long': -109.915, 'Time': Timestamp('2007-09-01 23:35:26'), 'mag': 5.0}, {'lat': 24.615, 'long': -109.824, 'Time': Timestamp('2007-09-02 11:04:46'), 'mag': 5.2}, {'lat': 24.902, 'long': -109.689, 'Time': Timestamp('2007-09-01 19:14:22'), 'mag': 6.1}, {'lat': 24.502, 'long': -109.915, 'Time': Timestamp('2007-09-01 23:35:26'), 'mag': 5.0}, {'lat': 24.615, 'long': -109.824, 'Time': Timestamp('2007-09-02 11:04:46'), 'mag': 5.2}, {'lat': 24.502, 'long': -109.915, 'Time': Timestamp('2007-09-01 23:35:26'), 'mag': 5.0}]",9,25
1141,2007-08-21 07:52:27.342,0,[],0,13
1142,2007-08-28 11:08:53.840,0,[],0,20
1143,2007-08-26 14:27:53.916,1,"[{'lat': 49.525, 'long': -28.494, 'Time': Timestamp('2007-08-27 18:09:34'), 'mag': 5.0}, {'lat': 49.525, 'long': -28.494, 'Time': Timestamp('2007-08-27 18:09:34'), 'mag': 5.0}, {'lat': 49.525, 'long': -28.494, 'Time': Timestamp('2007-08-27 18:09:34'), 'mag': 5.0}]",3,18
1144,2007-08-24 20:58:26.311,0,[],0,16
1145,2007-08-26 00:12:24.076,1,"[{'lat': -25.732, 'long': 179.607, 'Time': Timestamp('2007-08-27 05:37:56'), 'mag': 5.4}, {'lat': -25.732, 'long': 179.607, 'Time': Timestamp('2007-08-27 05:37:56'), 'mag': 5.4}, {'lat': -25.732, 'long': 179.607, 'Time': Timestamp('2007-08-27 05:37:56'), 'mag': 5.4}, {'lat': -9.906, 'long': 154.219, 'Time': Timestamp('2007-08-26 12:23:45'), 'mag': 5.0}, {'lat': -9.776, 'long': 154.118, 'Time': Timestamp('2007-08-26 13:47:02'), 'mag': 5.3}, {'lat': -9.906, 'long': 154.219, 'Time': Timestamp('2007-08-26 12:23:45'), 'mag': 5.0}, {'lat': -9.776, 'long': 154.118, 'Time': Timestamp('2007-08-26 13:47:02'), 'mag': 5.3}, {'lat': -9.906, 'long': 154.219, 'Time': Timestamp('2007-08-26 12:23:45'), 'mag': 5.0}, {'lat': -9.776, 'long': 154.118, 'Time': Timestamp('2007-08-26 13:47:02'), 'mag': 5.3}]",9,17
1146,2007-08-16 10:00:19.665,1,"[{'lat': -2.825, 'long': 36.207, 'Time': Timestamp('2007-08-18 07:44:02'), 'mag': 5.2}, {'lat': -2.825, 'long': 36.207, 'Time': Timestamp('2007-08-18 07:44:02'), 'mag': 5.2}, {'lat': -2.825, 'long': 36.207, 'Time': Timestamp('2007-08-18 07:44:02'), 'mag': 5.2}]",3,7
1147,2007-08-26 13:19:53.291,1,"[{'lat': 49.525, 'long': -28.494, 'Time': Timestamp('2007-08-27 18:09:34'), 'mag': 5.0}, {'lat': 49.525, 'long': -28.494, 'Time': Timestamp('2007-08-27 18:09:34'), 'mag': 5.0}, {'lat': 49.525, 'long': -28.494, 'Time': Timestamp('2007-08-27 18:09:34'), 'mag': 5.0}]",3,17
1148,2007-08-18 16:36:53.344,1,"[{'lat': -13.627, 'long': -76.536, 'Time': Timestamp('2007-08-19 00:56:20'), 'mag': 5.1}, {'lat': -13.621, 'long': -76.617, 'Time': Timestamp('2007-08-19 01:22:38'), 'mag': 5.8}, {'lat': -13.754, 'long': -76.464, 'Time': Timestamp('2007-08-19 01:25:41'), 'mag': 5.1}, {'lat': -13.63, 'long': -76.498, 'Time': Timestamp('2007-08-19 20:11:44'), 'mag': 5.6}, {'lat': -13.627, 'long': -76.536, 'Time': Timestamp('2007-08-19 00:56:20'), 'mag': 5.1}, {'lat': -13.621, 'long': -76.617, 'Time': Timestamp('2007-08-19 01:22:38'), 'mag': 5.8}, {'lat': -13.754, 'long': -76.464, 'Time': Timestamp('2007-08-19 01:25:41'), 'mag': 5.1}, {'lat': -13.63, 'long': -76.498, 'Time': Timestamp('2007-08-19 20:11:44'), 'mag': 5.6}, {'lat': -13.627, 'long': -76.536, 'Time': Timestamp('2007-08-19 00:56:20'), 'mag': 5.1}, {'lat': -13.621, 'long': -76.617, 'Time': Timestamp('2007-08-19 01:22:38'), 'mag': 5.8}, {'lat': -13.754, 'long': -76.464, 'Time': Timestamp('2007-08-19 01:25:41'), 'mag': 5.1}, {'lat': -13.63, 'long': -76.498, 'Time': Timestamp('2007-08-19 20:11:44'), 'mag': 5.6}, {'lat': -45.714, 'long': -72.538, 'Time': Timestamp('2007-08-19 07:42:24'), 'mag': 5.0}, {'lat': -45.714, 'long': -72.538, 'Time': Timestamp('2007-08-19 07:42:24'), 'mag': 5.0}, {'lat': -45.714, 'long': -72.538, 'Time': Timestamp('2007-08-19 07:42:24'), 'mag': 5.0}]",15,9
1149,2007-09-01 19:51:53.398,1,"[{'lat': 24.502, 'long': -109.915, 'Time': Timestamp('2007-09-01 23:35:26'), 'mag': 5.0}, {'lat': 24.615, 'long': -109.824, 'Time': Timestamp('2007-09-02 11:04:46'), 'mag': 5.2}, {'lat': 24.502, 'long': -109.915, 'Time': Timestamp('2007-09-01 23:35:26'), 'mag': 5.0}, {'lat': 24.615, 'long': -109.824, 'Time': Timestamp('2007-09-02 11:04:46'), 'mag': 5.2}, {'lat': 24.502, 'long': -109.915, 'Time': Timestamp('2007-09-01 23:35:26'), 'mag': 5.0}, {'lat': 24.615, 'long': -109.824, 'Time': Timestamp('2007-09-02 11:04:46'), 'mag': 5.2}]",6,23
1150,2007-09-01 23:05:20.537,1,"[{'lat': 56.9284, 'long': -154.8006, 'Time': Timestamp('2007-09-03 01:01:53'), 'mag': 5.0}, {'lat': 56.9284, 'long': -154.8006, 'Time': Timestamp('2007-09-03 01:01:53'), 'mag': 5.0}, {'lat': -11.61, 'long': 165.762, 'Time': Timestamp('2007-09-02 01:05:18'), 'mag': 7.2}, {'lat': -11.629, 'long': 165.855, 'Time': Timestamp('2007-09-02 01:31:25'), 'mag': 5.0}, {'lat': -11.564, 'long': 166.064, 'Time': Timestamp('2007-09-02 01:41:31'), 'mag': 5.0}, {'lat': -11.403, 'long': 165.634, 'Time': Timestamp('2007-09-02 12:32:31'), 'mag': 5.2}, {'lat': -11.464, 'long': 166.048, 'Time': Timestamp('2007-09-02 14:04:33'), 'mag': 5.4}, {'lat': -11.308, 'long': 165.826, 'Time': Timestamp('2007-09-02 16:33:50'), 'mag': 5.1}, {'lat': -11.497, 'long': 165.92, 'Time': Timestamp('2007-09-02 17:22:44'), 'mag': 5.1}, {'lat': -11.61, 'long': 165.762, 'Time': Timestamp('2007-09-02 01:05:18'), 'mag': 7.2}, {'lat': -11.629, 'long': 165.855, 'Time': Timestamp('2007-09-02 01:31:25'), 'mag': 5.0}, {'lat': -11.564, 'long': 166.064, 'Time': Timestamp('2007-09-02 01:41:31'), 'mag': 5.0}, {'lat': -11.808, 'long': 165.764, 'Time': Timestamp('2007-09-02 02:34:12'), 'mag': 5.4}, {'lat': -11.766, 'long': 165.699, 'Time': Timestamp('2007-09-02 02:35:23'), 'mag': 6.3}, {'lat': -11.689, 'long': 165.905, 'Time': Timestamp('2007-09-02 11:42:34'), 'mag': 5.2}, {'lat': -11.403, 'long': 165.634, 'Time': Timestamp('2007-09-02 12:32:31'), 'mag': 5.2}, {'lat': -11.464, 'long': 166.048, 'Time': Timestamp('2007-09-02 14:04:33'), 'mag': 5.4}, {'lat': -11.308, 'long': 165.826, 'Time': Timestamp('2007-09-02 16:33:50'), 'mag': 5.1}, {'lat': -11.497, 'long': 165.92, 'Time': Timestamp('2007-09-02 17:22:44'), 'mag': 5.1}, {'lat': -11.937, 'long': 166.298, 'Time': Timestamp('2007-09-03 01:28:24'), 'mag': 5.1}, {'lat': -11.61, 'long': 165.762, 'Time': Timestamp('2007-09-02 01:05:18'), 'mag': 7.2}, {'lat': -11.629, 'long': 165.855, 'Time': Timestamp('2007-09-02 01:31:25'), 'mag': 5.0}, {'lat': -11.564, 'long': 166.064, 'Time': Timestamp('2007-09-02 01:41:31'), 'mag': 5.0}, {'lat': -11.808, 'long': 165.764, 'Time': Timestamp('2007-09-02 02:34:12'), 'mag': 5.4}, {'lat': -11.766, 'long': 165.699, 'Time': Timestamp('2007-09-02 02:35:23'), 'mag': 6.3}, {'lat': -11.689, 'long': 165.905, 'Time': Timestamp('2007-09-02 11:42:34'), 'mag': 5.2}, {'lat': -11.403, 'long': 165.634, 'Time': Timestamp('2007-09-02 12:32:31'), 'mag': 5.2}, {'lat': -11.464, 'long': 166.048, 'Time': Timestamp('2007-09-02 14:04:33'), 'mag': 5.4}, {'lat': -11.308, 'long': 165.826, 'Time': Timestamp('2007-09-02 16:33:50'), 'mag': 5.1}, {'lat': -11.497, 'long': 165.92, 'Time': Timestamp('2007-09-02 17:22:44'), 'mag': 5.1}, {'lat': -11.937, 'long': 166.298, 'Time': Timestamp('2007-09-03 01:28:24'), 'mag': 5.1}, {'lat': -21.487, 'long': 168.436, 'Time': Timestamp('2007-09-03 09:45:11'), 'mag': 5.0}, {'lat': -21.487, 'long': 168.436, 'Time': Timestamp('2007-09-03 09:45:11'), 'mag': 5.0}, {'lat': -21.487, 'long': 168.436, 'Time': Timestamp('2007-09-03 09:45:11'), 'mag': 5.0}]",34,23
1151,2007-08-15 08:52:23.019,0,[],0,5
1152,2007-08-27 12:11:23.664,0,[],0,17
1153,2007-08-17 15:29:19.143,1,"[{'lat': 39.618, 'long': -29.88, 'Time': Timestamp('2007-08-18 16:20:45'), 'mag': 5.0}, {'lat': 39.618, 'long': -29.88, 'Time': Timestamp('2007-08-18 16:20:45'), 'mag': 5.0}, {'lat': -45.714, 'long': -72.538, 'Time': Timestamp('2007-08-19 07:42:24'), 'mag': 5.0}, {'lat': -13.805, 'long': -76.291, 'Time': Timestamp('2007-08-18 02:52:35'), 'mag': 6.0}, {'lat': -14.177, 'long': -76.739, 'Time': Timestamp('2007-08-18 06:21:36'), 'mag': 5.0}, {'lat': -13.627, 'long': -76.536, 'Time': Timestamp('2007-08-19 00:56:20'), 'mag': 5.1}, {'lat': -13.621, 'long': -76.617, 'Time': Timestamp('2007-08-19 01:22:38'), 'mag': 5.8}, {'lat': -13.754, 'long': -76.464, 'Time': Timestamp('2007-08-19 01:25:41'), 'mag': 5.1}, {'lat': -13.805, 'long': -76.291, 'Time': Timestamp('2007-08-18 02:52:35'), 'mag': 6.0}, {'lat': -14.177, 'long': -76.739, 'Time': Timestamp('2007-08-18 06:21:36'), 'mag': 5.0}, {'lat': -13.627, 'long': -76.536, 'Time': Timestamp('2007-08-19 00:56:20'), 'mag': 5.1}, {'lat': -13.621, 'long': -76.617, 'Time': Timestamp('2007-08-19 01:22:38'), 'mag': 5.8}, {'lat': -13.754, 'long': -76.464, 'Time': Timestamp('2007-08-19 01:25:41'), 'mag': 5.1}, {'lat': -13.805, 'long': -76.291, 'Time': Timestamp('2007-08-18 02:52:35'), 'mag': 6.0}, {'lat': -14.177, 'long': -76.739, 'Time': Timestamp('2007-08-18 06:21:36'), 'mag': 5.0}, {'lat': -13.627, 'long': -76.536, 'Time': Timestamp('2007-08-19 00:56:20'), 'mag': 5.1}, {'lat': -13.621, 'long': -76.617, 'Time': Timestamp('2007-08-19 01:22:38'), 'mag': 5.8}, {'lat': -13.754, 'long': -76.464, 'Time': Timestamp('2007-08-19 01:25:41'), 'mag': 5.1}, {'lat': -45.714, 'long': -72.538, 'Time': Timestamp('2007-08-19 07:42:24'), 'mag': 5.0}]",19,7
1154,2007-08-16 18:44:53.772,0,[],0,6
1155,2007-09-06 07:46:27.601,1,"[{'lat': 2.71, 'long': 66.194, 'Time': Timestamp('2007-09-07 09:19:53'), 'mag': 5.0}, {'lat': 2.714, 'long': 66.237, 'Time': Timestamp('2007-09-07 09:56:39'), 'mag': 5.0}, {'lat': 2.71, 'long': 66.194, 'Time': Timestamp('2007-09-07 09:19:53'), 'mag': 5.0}, {'lat': 2.714, 'long': 66.237, 'Time': Timestamp('2007-09-07 09:56:39'), 'mag': 5.0}]",4,26
1156,2007-09-08 11:02:52.577,0,[],0,28
1157,2007-08-19 14:21:53.093,1,"[{'lat': 8.037, 'long': -39.251, 'Time': Timestamp('2007-08-20 22:42:28'), 'mag': 6.5}, {'lat': 8.052, 'long': -39.277, 'Time': Timestamp('2007-08-21 13:35:37'), 'mag': 5.1}, {'lat': 8.037, 'long': -39.251, 'Time': Timestamp('2007-08-20 22:42:28'), 'mag': 6.5}, {'lat': 8.052, 'long': -39.277, 'Time': Timestamp('2007-08-21 13:35:37'), 'mag': 5.1}, {'lat': 8.037, 'long': -39.251, 'Time': Timestamp('2007-08-20 22:42:28'), 'mag': 6.5}, {'lat': 8.052, 'long': -39.277, 'Time': Timestamp('2007-08-21 13:35:37'), 'mag': 5.1}, {'lat': -19.715, 'long': -66.451, 'Time': Timestamp('2007-08-20 21:01:28'), 'mag': 5.4}, {'lat': -19.715, 'long': -66.451, 'Time': Timestamp('2007-08-20 21:01:28'), 'mag': 5.4}, {'lat': -19.715, 'long': -66.451, 'Time': Timestamp('2007-08-20 21:01:28'), 'mag': 5.4}]",9,8
1158,2007-09-08 17:38:23.147,1,"[{'lat': 2.966, 'long': -77.963, 'Time': Timestamp('2007-09-10 01:49:11'), 'mag': 6.8}, {'lat': 2.966, 'long': -77.963, 'Time': Timestamp('2007-09-10 01:49:11'), 'mag': 6.8}, {'lat': 24.772, 'long': -109.732, 'Time': Timestamp('2007-09-10 00:20:18'), 'mag': 5.1}, {'lat': 24.772, 'long': -109.732, 'Time': Timestamp('2007-09-10 00:20:18'), 'mag': 5.1}, {'lat': -4.13, 'long': -103.419, 'Time': Timestamp('2007-09-10 08:00:49'), 'mag': 5.0}, {'lat': -3.989, 'long': -103.028, 'Time': Timestamp('2007-09-10 08:31:30'), 'mag': 5.1}, {'lat': -4.13, 'long': -103.419, 'Time': Timestamp('2007-09-10 08:00:49'), 'mag': 5.0}, {'lat': -3.989, 'long': -103.028, 'Time': Timestamp('2007-09-10 08:31:30'), 'mag': 5.1}]",8,28
1159,2007-08-29 20:52:17.296,0,[],0,18
1160,2007-09-03 00:05:53.252,1,"[{'lat': 56.9284, 'long': -154.8006, 'Time': Timestamp('2007-09-03 01:01:53'), 'mag': 5.0}, {'lat': 56.9284, 'long': -154.8006, 'Time': Timestamp('2007-09-03 01:01:53'), 'mag': 5.0}, {'lat': -11.937, 'long': 166.298, 'Time': Timestamp('2007-09-03 01:28:24'), 'mag': 5.1}, {'lat': -21.487, 'long': 168.436, 'Time': Timestamp('2007-09-03 09:45:11'), 'mag': 5.0}, {'lat': -11.937, 'long': 166.298, 'Time': Timestamp('2007-09-03 01:28:24'), 'mag': 5.1}, {'lat': -21.487, 'long': 168.436, 'Time': Timestamp('2007-09-03 09:45:11'), 'mag': 5.0}, {'lat': -21.487, 'long': 168.436, 'Time': Timestamp('2007-09-03 09:45:11'), 'mag': 5.0}]",7,22
1161,2007-09-09 08:15:22.795,0,[],0,28
1162,2007-09-10 11:33:53.440,0,[],0,29
1163,2007-08-24 14:52:53.494,0,[],0,12
1164,2007-08-25 21:22:23.121,1,"[{'lat': -17.457, 'long': -174.335, 'Time': Timestamp('2007-08-26 12:37:31'), 'mag': 6.1}, {'lat': -17.311, 'long': -172.249, 'Time': Timestamp('2007-08-27 17:11:59'), 'mag': 5.7}, {'lat': -17.457, 'long': -174.335, 'Time': Timestamp('2007-08-26 12:37:31'), 'mag': 6.1}, {'lat': -17.311, 'long': -172.249, 'Time': Timestamp('2007-08-27 17:11:59'), 'mag': 5.7}]",4,13
1165,2007-08-29 00:36:23.654,1,"[{'lat': -11.436, 'long': 166.172, 'Time': Timestamp('2007-08-30 10:14:34'), 'mag': 5.4}, {'lat': -11.436, 'long': 166.172, 'Time': Timestamp('2007-08-30 10:14:34'), 'mag': 5.4}, {'lat': -22.986, 'long': 169.973, 'Time': Timestamp('2007-08-30 06:36:33'), 'mag': 5.2}, {'lat': -11.436, 'long': 166.172, 'Time': Timestamp('2007-08-30 10:14:34'), 'mag': 5.4}, {'lat': -22.986, 'long': 169.973, 'Time': Timestamp('2007-08-30 06:36:33'), 'mag': 5.2}, {'lat': -22.986, 'long': 169.973, 'Time': Timestamp('2007-08-30 06:36:33'), 'mag': 5.2}]",6,16
1166,2007-09-07 08:47:56.076,0,[],0,25
1167,2007-08-22 12:04:53.842,0,[],0,9
1168,2007-09-01 15:23:19.320,0,[],0,19
1169,2007-08-20 18:38:53.948,0,[],0,7
1170,2007-08-28 21:52:48.321,0,[],0,15
1171,2007-08-26 01:06:54.055,1,"[{'lat': -9.906, 'long': 154.219, 'Time': Timestamp('2007-08-26 12:23:45'), 'mag': 5.0}, {'lat': -9.776, 'long': 154.118, 'Time': Timestamp('2007-08-26 13:47:02'), 'mag': 5.3}, {'lat': -9.906, 'long': 154.219, 'Time': Timestamp('2007-08-26 12:23:45'), 'mag': 5.0}, {'lat': -9.776, 'long': 154.118, 'Time': Timestamp('2007-08-26 13:47:02'), 'mag': 5.3}, {'lat': -9.906, 'long': 154.219, 'Time': Timestamp('2007-08-26 12:23:45'), 'mag': 5.0}, {'lat': -9.776, 'long': 154.118, 'Time': Timestamp('2007-08-26 13:47:02'), 'mag': 5.3}, {'lat': 43.799, 'long': 147.107, 'Time': Timestamp('2007-08-26 05:31:10'), 'mag': 5.4}, {'lat': 43.799, 'long': 147.107, 'Time': Timestamp('2007-08-26 05:31:10'), 'mag': 5.4}, {'lat': 18.872, 'long': 145.07, 'Time': Timestamp('2007-08-27 22:21:56'), 'mag': 5.3}, {'lat': 18.906, 'long': 145.068, 'Time': Timestamp('2007-08-27 22:24:28'), 'mag': 5.3}, {'lat': 18.872, 'long': 145.07, 'Time': Timestamp('2007-08-27 22:21:56'), 'mag': 5.3}, {'lat': 18.906, 'long': 145.068, 'Time': Timestamp('2007-08-27 22:24:28'), 'mag': 5.3}, {'lat': 18.872, 'long': 145.07, 'Time': Timestamp('2007-08-27 22:21:56'), 'mag': 5.3}, {'lat': 18.906, 'long': 145.068, 'Time': Timestamp('2007-08-27 22:24:28'), 'mag': 5.3}, {'lat': 2.768, 'long': 127.413, 'Time': Timestamp('2007-08-27 20:22:05'), 'mag': 5.1}, {'lat': 2.805, 'long': 127.534, 'Time': Timestamp('2007-08-27 21:00:20'), 'mag': 5.1}]",16,12
1172,2007-09-04 06:01:56.014,0,[],0,21
1173,2007-09-11 09:16:50.164,0,[],0,28
1174,2007-08-31 12:36:23.313,1,"[{'lat': -56.187, 'long': -27.104, 'Time': Timestamp('2007-09-01 23:27:53'), 'mag': 5.1}, {'lat': -56.187, 'long': -27.104, 'Time': Timestamp('2007-09-01 23:27:53'), 'mag': 5.1}]",2,17
1175,2007-08-30 15:54:25.768,1,"[{'lat': 27.843, 'long': -43.985, 'Time': Timestamp('2007-09-01 01:28:02'), 'mag': 5.2}, {'lat': 27.796, 'long': -44.106, 'Time': Timestamp('2007-09-01 01:56:49'), 'mag': 5.3}, {'lat': 27.843, 'long': -43.985, 'Time': Timestamp('2007-09-01 01:28:02'), 'mag': 5.2}, {'lat': 27.796, 'long': -44.106, 'Time': Timestamp('2007-09-01 01:56:49'), 'mag': 5.3}, {'lat': 11.591, 'long': -87.375, 'Time': Timestamp('2007-08-31 05:24:35'), 'mag': 5.1}, {'lat': 11.591, 'long': -87.375, 'Time': Timestamp('2007-08-31 05:24:35'), 'mag': 5.1}, {'lat': 11.591, 'long': -87.375, 'Time': Timestamp('2007-08-31 05:24:35'), 'mag': 5.1}]",7,16
1176,2007-09-05 19:09:23.420,1,"[{'lat': 19.39, 'long': -105.41, 'Time': Timestamp('2007-09-06 03:42:38'), 'mag': 5.2}, {'lat': 19.39, 'long': -105.41, 'Time': Timestamp('2007-09-06 03:42:38'), 'mag': 5.2}, {'lat': -56.081, 'long': -123.314, 'Time': Timestamp('2007-09-07 04:46:45'), 'mag': 5.9}, {'lat': -56.081, 'long': -123.314, 'Time': Timestamp('2007-09-07 04:46:45'), 'mag': 5.9}, {'lat': -56.081, 'long': -123.314, 'Time': Timestamp('2007-09-07 04:46:45'), 'mag': 5.9}]",5,22
1177,2007-09-08 22:22:53.474,0,[],0,25
1178,2007-09-04 01:37:20.401,1,"[{'lat': -11.479, 'long': 165.777, 'Time': Timestamp('2007-09-05 14:22:17'), 'mag': 5.2}, {'lat': -5.374, 'long': 130.767, 'Time': Timestamp('2007-09-04 21:53:22'), 'mag': 5.3}, {'lat': -5.374, 'long': 130.767, 'Time': Timestamp('2007-09-04 21:53:22'), 'mag': 5.3}, {'lat': -5.374, 'long': 130.767, 'Time': Timestamp('2007-09-04 21:53:22'), 'mag': 5.3}]",4,20
1179,2007-09-08 06:32:21.688,1,"[{'lat': 30.612, 'long': 69.792, 'Time': Timestamp('2007-09-09 02:00:41'), 'mag': 5.3}, {'lat': 30.612, 'long': 69.792, 'Time': Timestamp('2007-09-09 02:00:41'), 'mag': 5.3}, {'lat': 30.612, 'long': 69.792, 'Time': Timestamp('2007-09-09 02:00:41'), 'mag': 5.3}]",3,24
1180,2007-09-04 09:47:51.417,0,[],0,20
1181,2007-09-08 13:07:23.715,0,[],0,24
1182,2007-08-25 22:53:23.730,1,"[{'lat': -17.457, 'long': -174.335, 'Time': Timestamp('2007-08-26 12:37:31'), 'mag': 6.1}, {'lat': -17.311, 'long': -172.249, 'Time': Timestamp('2007-08-27 17:11:59'), 'mag': 5.7}, {'lat': -17.457, 'long': -174.335, 'Time': Timestamp('2007-08-26 12:37:31'), 'mag': 6.1}, {'lat': -17.311, 'long': -172.249, 'Time': Timestamp('2007-08-27 17:11:59'), 'mag': 5.7}, {'lat': -25.732, 'long': 179.607, 'Time': Timestamp('2007-08-27 05:37:56'), 'mag': 5.4}]",5,10
1183,2007-08-29 02:07:54.899,1,"[{'lat': 21.785, 'long': 121.427, 'Time': Timestamp('2007-08-29 03:00:17'), 'mag': 5.4}, {'lat': 21.785, 'long': 121.427, 'Time': Timestamp('2007-08-29 03:00:17'), 'mag': 5.4}, {'lat': -2.972, 'long': 129.317, 'Time': Timestamp('2007-08-30 16:17:35'), 'mag': 5.5}, {'lat': -2.972, 'long': 129.317, 'Time': Timestamp('2007-08-30 16:17:35'), 'mag': 5.5}, {'lat': -2.972, 'long': 129.317, 'Time': Timestamp('2007-08-30 16:17:35'), 'mag': 5.5}, {'lat': -49.583, 'long': 117.397, 'Time': Timestamp('2007-08-30 07:34:43'), 'mag': 5.1}, {'lat': -49.583, 'long': 117.397, 'Time': Timestamp('2007-08-30 07:34:43'), 'mag': 5.1}]",7,13
1184,2007-09-12 07:03:22.312,0,[],0,27
1185,2007-09-07 10:19:23.258,0,[],0,22
1186,2007-08-26 13:38:23.116,1,"[{'lat': 49.525, 'long': -28.494, 'Time': Timestamp('2007-08-27 18:09:34'), 'mag': 5.0}, {'lat': 49.525, 'long': -28.494, 'Time': Timestamp('2007-08-27 18:09:34'), 'mag': 5.0}, {'lat': 49.525, 'long': -28.494, 'Time': Timestamp('2007-08-27 18:09:34'), 'mag': 5.0}]",3,10
1187,2007-08-30 16:55:23.170,1,"[{'lat': 11.591, 'long': -87.375, 'Time': Timestamp('2007-08-31 05:24:35'), 'mag': 5.1}, {'lat': 11.591, 'long': -87.375, 'Time': Timestamp('2007-08-31 05:24:35'), 'mag': 5.1}]",2,14
1188,2007-08-21 20:09:53.223,0,[],0,5
1189,2007-09-07 23:23:21.803,1,"[{'lat': -20.155, 'long': -173.834, 'Time': Timestamp('2007-09-08 03:14:51'), 'mag': 5.1}, {'lat': -20.155, 'long': -173.834, 'Time': Timestamp('2007-09-08 03:14:51'), 'mag': 5.1}, {'lat': -20.155, 'long': -173.834, 'Time': Timestamp('2007-09-08 03:14:51'), 'mag': 5.1}, {'lat': -64.891, 'long': 177.619, 'Time': Timestamp('2007-09-09 22:02:06'), 'mag': 5.4}]",4,22
1190,2007-09-03 09:10:54.396,0,[],0,17
1191,2007-09-14 12:29:53.491,0,[],0,28
1192,2007-09-05 15:47:50.409,0,[],0,19
1193,2007-08-24 23:53:53.677,1,"[{'lat': -17.457, 'long': -174.335, 'Time': Timestamp('2007-08-26 12:37:31'), 'mag': 6.1}, {'lat': -9.906, 'long': 154.219, 'Time': Timestamp('2007-08-26 12:23:45'), 'mag': 5.0}, {'lat': -9.776, 'long': 154.118, 'Time': Timestamp('2007-08-26 13:47:02'), 'mag': 5.3}, {'lat': -9.906, 'long': 154.219, 'Time': Timestamp('2007-08-26 12:23:45'), 'mag': 5.0}, {'lat': -9.776, 'long': 154.118, 'Time': Timestamp('2007-08-26 13:47:02'), 'mag': 5.3}, {'lat': -9.906, 'long': 154.219, 'Time': Timestamp('2007-08-26 12:23:45'), 'mag': 5.0}, {'lat': -9.776, 'long': 154.118, 'Time': Timestamp('2007-08-26 13:47:02'), 'mag': 5.3}]",7,7
1194,2007-09-04 09:41:50.936,0,[],0,17
1195,2007-09-14 13:00:53.892,0,[],0,27
1196,2007-09-10 16:18:51.256,1,"[{'lat': 15.413, 'long': -94.593, 'Time': Timestamp('2007-09-11 03:12:04'), 'mag': 5.0}, {'lat': 15.413, 'long': -94.593, 'Time': Timestamp('2007-09-11 03:12:04'), 'mag': 5.0}]",2,23
1197,2007-08-29 19:33:23.999,0,[],0,11
1198,2007-09-01 22:47:23.906,1,"[{'lat': 56.9284, 'long': -154.8006, 'Time': Timestamp('2007-09-03 01:01:53'), 'mag': 5.0}, {'lat': 56.9284, 'long': -154.8006, 'Time': Timestamp('2007-09-03 01:01:53'), 'mag': 5.0}, {'lat': -11.61, 'long': 165.762, 'Time': Timestamp('2007-09-02 01:05:18'), 'mag': 7.2}, {'lat': -11.629, 'long': 165.855, 'Time': Timestamp('2007-09-02 01:31:25'), 'mag': 5.0}, {'lat': -11.564, 'long': 166.064, 'Time': Timestamp('2007-09-02 01:41:31'), 'mag': 5.0}, {'lat': -11.808, 'long': 165.764, 'Time': Timestamp('2007-09-02 02:34:12'), 'mag': 5.4}, {'lat': -11.766, 'long': 165.699, 'Time': Timestamp('2007-09-02 02:35:23'), 'mag': 6.3}, {'lat': -11.689, 'long': 165.905, 'Time': Timestamp('2007-09-02 11:42:34'), 'mag': 5.2}, {'lat': -11.403, 'long': 165.634, 'Time': Timestamp('2007-09-02 12:32:31'), 'mag': 5.2}, {'lat': -11.464, 'long': 166.048, 'Time': Timestamp('2007-09-02 14:04:33'), 'mag': 5.4}, {'lat': -11.308, 'long': 165.826, 'Time': Timestamp('2007-09-02 16:33:50'), 'mag': 5.1}, {'lat': -11.497, 'long': 165.92, 'Time': Timestamp('2007-09-02 17:22:44'), 'mag': 5.1}, {'lat': -11.937, 'long': 166.298, 'Time': Timestamp('2007-09-03 01:28:24'), 'mag': 5.1}, {'lat': -11.61, 'long': 165.762, 'Time': Timestamp('2007-09-02 01:05:18'), 'mag': 7.2}, {'lat': -11.629, 'long': 165.855, 'Time': Timestamp('2007-09-02 01:31:25'), 'mag': 5.0}, {'lat': -11.564, 'long': 166.064, 'Time': Timestamp('2007-09-02 01:41:31'), 'mag': 5.0}, {'lat': -11.808, 'long': 165.764, 'Time': Timestamp('2007-09-02 02:34:12'), 'mag': 5.4}, {'lat': -11.766, 'long': 165.699, 'Time': Timestamp('2007-09-02 02:35:23'), 'mag': 6.3}, {'lat': -11.689, 'long': 165.905, 'Time': Timestamp('2007-09-02 11:42:34'), 'mag': 5.2}, {'lat': -11.403, 'long': 165.634, 'Time': Timestamp('2007-09-02 12:32:31'), 'mag': 5.2}, {'lat': -11.464, 'long': 166.048, 'Time': Timestamp('2007-09-02 14:04:33'), 'mag': 5.4}, {'lat': -11.308, 'long': 165.826, 'Time': Timestamp('2007-09-02 16:33:50'), 'mag': 5.1}, {'lat': -11.497, 'long': 165.92, 'Time': Timestamp('2007-09-02 17:22:44'), 'mag': 5.1}, {'lat': -11.937, 'long': 166.298, 'Time': Timestamp('2007-09-03 01:28:24'), 'mag': 5.1}, {'lat': -11.61, 'long': 165.762, 'Time': Timestamp('2007-09-02 01:05:18'), 'mag': 7.2}, {'lat': -11.629, 'long': 165.855, 'Time': Timestamp('2007-09-02 01:31:25'), 'mag': 5.0}, {'lat': -11.564, 'long': 166.064, 'Time': Timestamp('2007-09-02 01:41:31'), 'mag': 5.0}, {'lat': -11.808, 'long': 165.764, 'Time': Timestamp('2007-09-02 02:34:12'), 'mag': 5.4}, {'lat': -11.766, 'long': 165.699, 'Time': Timestamp('2007-09-02 02:35:23'), 'mag': 6.3}, {'lat': -11.689, 'long': 165.905, 'Time': Timestamp('2007-09-02 11:42:34'), 'mag': 5.2}, {'lat': -11.403, 'long': 165.634, 'Time': Timestamp('2007-09-02 12:32:31'), 'mag': 5.2}, {'lat': -11.464, 'long': 166.048, 'Time': Timestamp('2007-09-02 14:04:33'), 'mag': 5.4}, {'lat': -11.308, 'long': 165.826, 'Time': Timestamp('2007-09-02 16:33:50'), 'mag': 5.1}, {'lat': -11.497, 'long': 165.92, 'Time': Timestamp('2007-09-02 17:22:44'), 'mag': 5.1}, {'lat': -11.937, 'long': 166.298, 'Time': Timestamp('2007-09-03 01:28:24'), 'mag': 5.1}, {'lat': -21.487, 'long': 168.436, 'Time': Timestamp('2007-09-03 09:45:11'), 'mag': 5.0}, {'lat': -21.487, 'long': 168.436, 'Time': Timestamp('2007-09-03 09:45:11'), 'mag': 5.0}]",37,14
1199,2007-09-07 08:35:26.828,1,"[{'lat': 30.612, 'long': 69.792, 'Time': Timestamp('2007-09-09 02:00:41'), 'mag': 5.3}, {'lat': 30.612, 'long': 69.792, 'Time': Timestamp('2007-09-09 02:00:41'), 'mag': 5.3}]",2,19
1200,2007-09-12 11:52:23.266,1,"[{'lat': -43.924, 'long': -16.282, 'Time': Timestamp('2007-09-13 00:49:16'), 'mag': 5.3}, {'lat': -43.924, 'long': -16.282, 'Time': Timestamp('2007-09-13 00:49:16'), 'mag': 5.3}, {'lat': -43.924, 'long': -16.282, 'Time': Timestamp('2007-09-13 00:49:16'), 'mag': 5.3}]",3,24
1201,2007-08-26 15:10:47.640,1,"[{'lat': 49.525, 'long': -28.494, 'Time': Timestamp('2007-08-27 18:09:34'), 'mag': 5.0}, {'lat': 49.525, 'long': -28.494, 'Time': Timestamp('2007-08-27 18:09:34'), 'mag': 5.0}]",2,7
1202,2007-09-17 21:40:22.065,0,[],0,29
1203,2007-09-01 00:54:23.479,1,"[{'lat': -11.61, 'long': 165.762, 'Time': Timestamp('2007-09-02 01:05:18'), 'mag': 7.2}, {'lat': -11.629, 'long': 165.855, 'Time': Timestamp('2007-09-02 01:31:25'), 'mag': 5.0}, {'lat': -11.564, 'long': 166.064, 'Time': Timestamp('2007-09-02 01:41:31'), 'mag': 5.0}, {'lat': -11.808, 'long': 165.764, 'Time': Timestamp('2007-09-02 02:34:12'), 'mag': 5.4}, {'lat': -11.766, 'long': 165.699, 'Time': Timestamp('2007-09-02 02:35:23'), 'mag': 6.3}, {'lat': -11.689, 'long': 165.905, 'Time': Timestamp('2007-09-02 11:42:34'), 'mag': 5.2}, {'lat': -11.403, 'long': 165.634, 'Time': Timestamp('2007-09-02 12:32:31'), 'mag': 5.2}, {'lat': -11.464, 'long': 166.048, 'Time': Timestamp('2007-09-02 14:04:33'), 'mag': 5.4}, {'lat': -11.308, 'long': 165.826, 'Time': Timestamp('2007-09-02 16:33:50'), 'mag': 5.1}, {'lat': -11.497, 'long': 165.92, 'Time': Timestamp('2007-09-02 17:22:44'), 'mag': 5.1}, {'lat': -11.61, 'long': 165.762, 'Time': Timestamp('2007-09-02 01:05:18'), 'mag': 7.2}, {'lat': -11.629, 'long': 165.855, 'Time': Timestamp('2007-09-02 01:31:25'), 'mag': 5.0}, {'lat': -11.564, 'long': 166.064, 'Time': Timestamp('2007-09-02 01:41:31'), 'mag': 5.0}, {'lat': -11.808, 'long': 165.764, 'Time': Timestamp('2007-09-02 02:34:12'), 'mag': 5.4}, {'lat': -11.766, 'long': 165.699, 'Time': Timestamp('2007-09-02 02:35:23'), 'mag': 6.3}, {'lat': -11.689, 'long': 165.905, 'Time': Timestamp('2007-09-02 11:42:34'), 'mag': 5.2}, {'lat': -11.403, 'long': 165.634, 'Time': Timestamp('2007-09-02 12:32:31'), 'mag': 5.2}, {'lat': -11.464, 'long': 166.048, 'Time': Timestamp('2007-09-02 14:04:33'), 'mag': 5.4}, {'lat': -11.308, 'long': 165.826, 'Time': Timestamp('2007-09-02 16:33:50'), 'mag': 5.1}, {'lat': -11.497, 'long': 165.92, 'Time': Timestamp('2007-09-02 17:22:44'), 'mag': 5.1}]",20,12
1204,2007-09-06 05:49:26.439,1,"[{'lat': -7.141, 'long': 103.279, 'Time': Timestamp('2007-09-07 23:56:23'), 'mag': 5.1}, {'lat': -7.141, 'long': 103.279, 'Time': Timestamp('2007-09-07 23:56:23'), 'mag': 5.1}, {'lat': 2.71, 'long': 66.194, 'Time': Timestamp('2007-09-07 09:19:53'), 'mag': 5.0}, {'lat': 2.714, 'long': 66.237, 'Time': Timestamp('2007-09-07 09:56:39'), 'mag': 5.0}, {'lat': 2.71, 'long': 66.194, 'Time': Timestamp('2007-09-07 09:19:53'), 'mag': 5.0}, {'lat': 2.714, 'long': 66.237, 'Time': Timestamp('2007-09-07 09:56:39'), 'mag': 5.0}]",6,17
1205,2007-09-03 09:04:24.462,0,[],0,14
1206,2007-08-26 12:23:53.667,1,"[{'lat': 49.525, 'long': -28.494, 'Time': Timestamp('2007-08-27 18:09:34'), 'mag': 5.0}]",1,6
1207,2007-09-12 15:41:51.914,1,"[{'lat': 14.239, 'long': -60.386, 'Time': Timestamp('2007-09-13 06:37:22'), 'mag': 5.0}, {'lat': 14.239, 'long': -60.386, 'Time': Timestamp('2007-09-13 06:37:22'), 'mag': 5.0}]",2,23
1208,2007-08-26 18:56:53.775,1,"[{'lat': -0.542, 'long': -91.498, 'Time': Timestamp('2007-08-27 20:16:21'), 'mag': 5.0}, {'lat': -0.542, 'long': -91.498, 'Time': Timestamp('2007-08-27 20:16:21'), 'mag': 5.0}]",2,6
1209,2007-09-12 22:09:53.236,1,"[{'lat': -15.464, 'long': -176.184, 'Time': Timestamp('2007-09-14 05:46:45'), 'mag': 5.7}, {'lat': -15.464, 'long': -176.184, 'Time': Timestamp('2007-09-14 05:46:45'), 'mag': 5.7}, {'lat': -23.645, 'long': 179.68, 'Time': Timestamp('2007-09-14 11:51:30'), 'mag': 5.9}, {'lat': -23.645, 'long': 179.68, 'Time': Timestamp('2007-09-14 11:51:30'), 'mag': 5.9}]",4,23
1210,2007-09-20 01:24:53.880,1,"[{'lat': 51.658, 'long': 178.785, 'Time': Timestamp('2007-09-20 17:08:45'), 'mag': 5.0}, {'lat': 51.658, 'long': 178.785, 'Time': Timestamp('2007-09-20 17:08:45'), 'mag': 5.0}, {'lat': 51.658, 'long': 178.785, 'Time': Timestamp('2007-09-20 17:08:45'), 'mag': 5.0}, {'lat': -58.551, 'long': 149.042, 'Time': Timestamp('2007-09-20 02:24:07'), 'mag': 5.3}, {'lat': 35.185, 'long': 140.832, 'Time': Timestamp('2007-09-20 22:54:31'), 'mag': 5.0}, {'lat': 35.185, 'long': 140.832, 'Time': Timestamp('2007-09-20 22:54:31'), 'mag': 5.0}, {'lat': 35.185, 'long': 140.832, 'Time': Timestamp('2007-09-20 22:54:31'), 'mag': 5.0}]",7,30
1211,2007-08-29 06:19:56.840,0,[],0,8
1212,2007-08-30 09:35:23.769,1,"[{'lat': 12.606, 'long': 47.989, 'Time': Timestamp('2007-08-31 21:09:44'), 'mag': 5.1}, {'lat': 12.606, 'long': 47.989, 'Time': Timestamp('2007-08-31 21:09:44'), 'mag': 5.1}, {'lat': 12.606, 'long': 47.989, 'Time': Timestamp('2007-08-31 21:09:44'), 'mag': 5.1}, {'lat': 36.655, 'long': 26.272, 'Time': Timestamp('2007-08-31 20:52:43'), 'mag': 5.2}, {'lat': 36.655, 'long': 26.272, 'Time': Timestamp('2007-08-31 20:52:43'), 'mag': 5.2}]",5,9
1213,2007-09-13 19:27:23.176,1,"[{'lat': 17.58, 'long': -94.445, 'Time': Timestamp('2007-09-15 10:30:48'), 'mag': 5.4}, {'lat': -57.625, 'long': -147.303, 'Time': Timestamp('2007-09-13 20:06:38'), 'mag': 6.0}, {'lat': -57.625, 'long': -147.303, 'Time': Timestamp('2007-09-13 20:06:38'), 'mag': 6.0}, {'lat': -57.625, 'long': -147.303, 'Time': Timestamp('2007-09-13 20:06:38'), 'mag': 6.0}]",4,23
1214,2007-09-19 22:41:23.084,0,[],0,29
1215,2007-09-17 01:55:24.252,1,"[{'lat': 54.127, 'long': 169.233, 'Time': Timestamp('2007-09-17 05:55:44'), 'mag': 5.4}, {'lat': 52.9846, 'long': 169.0675, 'Time': Timestamp('2007-09-17 05:55:45'), 'mag': 5.4}, {'lat': 54.127, 'long': 169.233, 'Time': Timestamp('2007-09-17 05:55:44'), 'mag': 5.4}, {'lat': 52.9846, 'long': 169.0675, 'Time': Timestamp('2007-09-17 05:55:45'), 'mag': 5.4}, {'lat': 54.127, 'long': 169.233, 'Time': Timestamp('2007-09-17 05:55:44'), 'mag': 5.4}, {'lat': 52.9846, 'long': 169.0675, 'Time': Timestamp('2007-09-17 05:55:45'), 'mag': 5.4}, {'lat': -6.563, 'long': 147.517, 'Time': Timestamp('2007-09-17 04:27:31'), 'mag': 5.1}, {'lat': -6.563, 'long': 147.517, 'Time': Timestamp('2007-09-17 04:27:31'), 'mag': 5.1}, {'lat': -6.563, 'long': 147.517, 'Time': Timestamp('2007-09-17 04:27:31'), 'mag': 5.1}, {'lat': 5.65, 'long': 125.914, 'Time': Timestamp('2007-09-17 14:31:49'), 'mag': 5.1}, {'lat': 5.65, 'long': 125.914, 'Time': Timestamp('2007-09-17 14:31:49'), 'mag': 5.1}, {'lat': 0.29, 'long': 125.821, 'Time': Timestamp('2007-09-17 23:27:40'), 'mag': 5.2}, {'lat': 5.65, 'long': 125.914, 'Time': Timestamp('2007-09-17 14:31:49'), 'mag': 5.1}, {'lat': 0.29, 'long': 125.821, 'Time': Timestamp('2007-09-17 23:27:40'), 'mag': 5.2}]",14,26
1216,2007-09-06 06:50:54.211,1,"[{'lat': 2.71, 'long': 66.194, 'Time': Timestamp('2007-09-07 09:19:53'), 'mag': 5.0}, {'lat': 2.714, 'long': 66.237, 'Time': Timestamp('2007-09-07 09:56:39'), 'mag': 5.0}]",2,15
1217,2007-09-02 10:06:19.938,0,[],0,11
1218,2007-08-29 13:25:53.563,0,[],0,7
1219,2007-09-04 23:11:20.811,1,"[{'lat': -18.524, 'long': -174.652, 'Time': Timestamp('2007-09-06 13:41:16'), 'mag': 5.0}, {'lat': -18.524, 'long': -174.652, 'Time': Timestamp('2007-09-06 13:41:16'), 'mag': 5.0}, {'lat': -18.524, 'long': -174.652, 'Time': Timestamp('2007-09-06 13:41:16'), 'mag': 5.0}, {'lat': -11.479, 'long': 165.777, 'Time': Timestamp('2007-09-05 14:22:17'), 'mag': 5.2}, {'lat': -11.479, 'long': 165.777, 'Time': Timestamp('2007-09-05 14:22:17'), 'mag': 5.2}, {'lat': -11.479, 'long': 165.777, 'Time': Timestamp('2007-09-05 14:22:17'), 'mag': 5.2}]",6,13
1220,2007-09-09 08:58:23.292,0,[],0,17
1221,2007-09-21 12:17:23.937,1,"[{'lat': -47.538, 'long': -13.674, 'Time': Timestamp('2007-09-21 15:11:52'), 'mag': 5.0}, {'lat': -47.538, 'long': -13.674, 'Time': Timestamp('2007-09-21 15:11:52'), 'mag': 5.0}, {'lat': -47.538, 'long': -13.674, 'Time': Timestamp('2007-09-21 15:11:52'), 'mag': 5.0}]",3,29
1222,2007-09-05 15:35:23.512,0,[],0,13
1223,2007-09-19 18:50:54.045,0,[],0,27
1224,2007-09-22 22:03:55.274,0,[],0,30
1225,2007-09-02 01:18:53.151,1,"[{'lat': -11.629, 'long': 165.855, 'Time': Timestamp('2007-09-02 01:31:25'), 'mag': 5.0}, {'lat': -11.564, 'long': 166.064, 'Time': Timestamp('2007-09-02 01:41:31'), 'mag': 5.0}, {'lat': -11.808, 'long': 165.764, 'Time': Timestamp('2007-09-02 02:34:12'), 'mag': 5.4}, {'lat': -11.766, 'long': 165.699, 'Time': Timestamp('2007-09-02 02:35:23'), 'mag': 6.3}, {'lat': -11.689, 'long': 165.905, 'Time': Timestamp('2007-09-02 11:42:34'), 'mag': 5.2}, {'lat': -11.403, 'long': 165.634, 'Time': Timestamp('2007-09-02 12:32:31'), 'mag': 5.2}, {'lat': -11.464, 'long': 166.048, 'Time': Timestamp('2007-09-02 14:04:33'), 'mag': 5.4}, {'lat': -11.308, 'long': 165.826, 'Time': Timestamp('2007-09-02 16:33:50'), 'mag': 5.1}, {'lat': -11.497, 'long': 165.92, 'Time': Timestamp('2007-09-02 17:22:44'), 'mag': 5.1}, {'lat': -11.937, 'long': 166.298, 'Time': Timestamp('2007-09-03 01:28:24'), 'mag': 5.1}, {'lat': -11.629, 'long': 165.855, 'Time': Timestamp('2007-09-02 01:31:25'), 'mag': 5.0}, {'lat': -11.564, 'long': 166.064, 'Time': Timestamp('2007-09-02 01:41:31'), 'mag': 5.0}, {'lat': -11.808, 'long': 165.764, 'Time': Timestamp('2007-09-02 02:34:12'), 'mag': 5.4}, {'lat': -11.766, 'long': 165.699, 'Time': Timestamp('2007-09-02 02:35:23'), 'mag': 6.3}, {'lat': -11.689, 'long': 165.905, 'Time': Timestamp('2007-09-02 11:42:34'), 'mag': 5.2}, {'lat': -11.403, 'long': 165.634, 'Time': Timestamp('2007-09-02 12:32:31'), 'mag': 5.2}, {'lat': -11.464, 'long': 166.048, 'Time': Timestamp('2007-09-02 14:04:33'), 'mag': 5.4}, {'lat': -11.308, 'long': 165.826, 'Time': Timestamp('2007-09-02 16:33:50'), 'mag': 5.1}, {'lat': -11.497, 'long': 165.92, 'Time': Timestamp('2007-09-02 17:22:44'), 'mag': 5.1}, {'lat': -11.937, 'long': 166.298, 'Time': Timestamp('2007-09-03 01:28:24'), 'mag': 5.1}, {'lat': -21.487, 'long': 168.436, 'Time': Timestamp('2007-09-03 09:45:11'), 'mag': 5.0}, {'lat': 45.836, 'long': 150.06, 'Time': Timestamp('2007-09-03 16:14:53'), 'mag': 6.2}, {'lat': 45.836, 'long': 150.06, 'Time': Timestamp('2007-09-03 16:14:53'), 'mag': 6.2}, {'lat': 45.836, 'long': 150.06, 'Time': Timestamp('2007-09-03 16:14:53'), 'mag': 6.2}, {'lat': 2.668, 'long': 126.921, 'Time': Timestamp('2007-09-02 06:46:54'), 'mag': 5.1}, {'lat': 2.733, 'long': 126.944, 'Time': Timestamp('2007-09-02 10:36:43'), 'mag': 5.0}, {'lat': 2.668, 'long': 126.921, 'Time': Timestamp('2007-09-02 06:46:54'), 'mag': 5.1}, {'lat': 2.733, 'long': 126.944, 'Time': Timestamp('2007-09-02 10:36:43'), 'mag': 5.0}]",28,9
1226,2007-09-02 06:13:56.111,1,"[{'lat': 44.579, 'long': 78.339, 'Time': Timestamp('2007-09-02 15:30:37'), 'mag': 5.1}, {'lat': 44.579, 'long': 78.339, 'Time': Timestamp('2007-09-02 15:30:37'), 'mag': 5.1}, {'lat': 44.579, 'long': 78.339, 'Time': Timestamp('2007-09-02 15:30:37'), 'mag': 5.1}]",3,9
1227,2007-09-02 09:29:23.039,0,[],0,9
1228,2007-09-12 12:48:23.339,1,"[{'lat': -43.924, 'long': -16.282, 'Time': Timestamp('2007-09-13 00:49:16'), 'mag': 5.3}, {'lat': -43.924, 'long': -16.282, 'Time': Timestamp('2007-09-13 00:49:16'), 'mag': 5.3}]",2,19
1229,2007-09-17 16:06:20.480,0,[],0,24
1230,2007-09-06 19:21:23.446,1,"[{'lat': -13.711, 'long': -112.002, 'Time': Timestamp('2007-09-08 00:18:49'), 'mag': 5.1}, {'lat': -13.711, 'long': -112.002, 'Time': Timestamp('2007-09-08 00:18:49'), 'mag': 5.1}, {'lat': -13.711, 'long': -112.002, 'Time': Timestamp('2007-09-08 00:18:49'), 'mag': 5.1}, {'lat': -56.081, 'long': -123.314, 'Time': Timestamp('2007-09-07 04:46:45'), 'mag': 5.9}, {'lat': -56.081, 'long': -123.314, 'Time': Timestamp('2007-09-07 04:46:45'), 'mag': 5.9}, {'lat': -56.081, 'long': -123.314, 'Time': Timestamp('2007-09-07 04:46:45'), 'mag': 5.9}]",6,13
1231,2007-09-13 22:34:53.499,1,"[{'lat': -11.982, 'long': 165.871, 'Time': Timestamp('2007-09-14 23:44:35'), 'mag': 5.0}, {'lat': -11.919, 'long': 165.935, 'Time': Timestamp('2007-09-15 11:34:35'), 'mag': 5.1}, {'lat': -23.645, 'long': 179.68, 'Time': Timestamp('2007-09-14 11:51:30'), 'mag': 5.9}, {'lat': -11.982, 'long': 165.871, 'Time': Timestamp('2007-09-14 23:44:35'), 'mag': 5.0}, {'lat': -20.244, 'long': 169.043, 'Time': Timestamp('2007-09-15 02:21:28'), 'mag': 5.6}, {'lat': -11.919, 'long': 165.935, 'Time': Timestamp('2007-09-15 11:34:35'), 'mag': 5.1}, {'lat': -23.645, 'long': 179.68, 'Time': Timestamp('2007-09-14 11:51:30'), 'mag': 5.9}, {'lat': -20.244, 'long': 169.043, 'Time': Timestamp('2007-09-15 02:21:28'), 'mag': 5.6}, {'lat': -23.645, 'long': 179.68, 'Time': Timestamp('2007-09-14 11:51:30'), 'mag': 5.9}]",9,20
1232,2007-09-05 01:49:24.523,1,"[{'lat': 24.34, 'long': 122.219, 'Time': Timestamp('2007-09-06 17:51:26'), 'mag': 6.2}, {'lat': 24.373, 'long': 122.336, 'Time': Timestamp('2007-09-06 17:55:21'), 'mag': 5.2}, {'lat': 2.749, 'long': 127.542, 'Time': Timestamp('2007-09-06 20:24:24'), 'mag': 5.2}, {'lat': 2.749, 'long': 127.542, 'Time': Timestamp('2007-09-06 20:24:24'), 'mag': 5.2}, {'lat': 2.749, 'long': 127.542, 'Time': Timestamp('2007-09-06 20:24:24'), 'mag': 5.2}]",5,11
1233,2007-09-07 11:39:53.712,0,[],0,13
1234,2007-08-30 14:58:53.767,1,"[{'lat': 27.843, 'long': -43.985, 'Time': Timestamp('2007-09-01 01:28:02'), 'mag': 5.2}, {'lat': 27.796, 'long': -44.106, 'Time': Timestamp('2007-09-01 01:56:49'), 'mag': 5.3}, {'lat': 27.843, 'long': -43.985, 'Time': Timestamp('2007-09-01 01:28:02'), 'mag': 5.2}, {'lat': 27.796, 'long': -44.106, 'Time': Timestamp('2007-09-01 01:56:49'), 'mag': 5.3}, {'lat': 27.843, 'long': -43.985, 'Time': Timestamp('2007-09-01 01:28:02'), 'mag': 5.2}, {'lat': 27.796, 'long': -44.106, 'Time': Timestamp('2007-09-01 01:56:49'), 'mag': 5.3}]",6,5
1235,2007-09-18 18:14:23.820,0,[],0,24
1236,2007-09-16 21:27:25.168,1,"[{'lat': -18.295, 'long': -175.503, 'Time': Timestamp('2007-09-17 11:52:12'), 'mag': 5.3}, {'lat': -18.295, 'long': -175.503, 'Time': Timestamp('2007-09-17 11:52:12'), 'mag': 5.3}, {'lat': -18.295, 'long': -175.503, 'Time': Timestamp('2007-09-17 11:52:12'), 'mag': 5.3}]",3,22
1237,2007-09-24 00:42:23.926,1,"[{'lat': -11.827, 'long': 166.1, 'Time': Timestamp('2007-09-24 11:13:00'), 'mag': 5.0}, {'lat': -11.774, 'long': 166.182, 'Time': Timestamp('2007-09-24 11:55:06'), 'mag': 5.6}, {'lat': -15.337, 'long': 167.844, 'Time': Timestamp('2007-09-24 09:33:33'), 'mag': 5.0}, {'lat': -11.827, 'long': 166.1, 'Time': Timestamp('2007-09-24 11:13:00'), 'mag': 5.0}, {'lat': -11.774, 'long': 166.182, 'Time': Timestamp('2007-09-24 11:55:06'), 'mag': 5.6}, {'lat': -15.337, 'long': 167.844, 'Time': Timestamp('2007-09-24 09:33:33'), 'mag': 5.0}, {'lat': -11.827, 'long': 166.1, 'Time': Timestamp('2007-09-24 11:13:00'), 'mag': 5.0}, {'lat': -11.774, 'long': 166.182, 'Time': Timestamp('2007-09-24 11:55:06'), 'mag': 5.6}, {'lat': -15.337, 'long': 167.844, 'Time': Timestamp('2007-09-24 09:33:33'), 'mag': 5.0}]",9,29
1238,2007-09-11 08:53:56.349,0,[],0,16
1239,2007-09-10 12:11:23.114,0,[],0,15
1240,2007-09-11 15:29:18.593,1,"[{'lat': 14.239, 'long': -60.386, 'Time': Timestamp('2007-09-13 06:37:22'), 'mag': 5.0}, {'lat': 14.239, 'long': -60.386, 'Time': Timestamp('2007-09-13 06:37:22'), 'mag': 5.0}]",2,16
1241,2007-09-20 21:57:55.451,0,[],0,25
1242,2007-09-25 01:12:53.327,1,"[{'lat': -4.99, 'long': 153.5, 'Time': Timestamp('2007-09-26 12:36:26'), 'mag': 6.8}, {'lat': -5.024, 'long': 153.626, 'Time': Timestamp('2007-09-26 12:49:56'), 'mag': 5.6}, {'lat': -5.266, 'long': 153.654, 'Time': Timestamp('2007-09-26 14:40:03'), 'mag': 5.3}, {'lat': -4.99, 'long': 153.5, 'Time': Timestamp('2007-09-26 12:36:26'), 'mag': 6.8}, {'lat': -5.024, 'long': 153.626, 'Time': Timestamp('2007-09-26 12:49:56'), 'mag': 5.6}, {'lat': -5.266, 'long': 153.654, 'Time': Timestamp('2007-09-26 14:40:03'), 'mag': 5.3}, {'lat': -4.99, 'long': 153.5, 'Time': Timestamp('2007-09-26 12:36:26'), 'mag': 6.8}, {'lat': -5.024, 'long': 153.626, 'Time': Timestamp('2007-09-26 12:49:56'), 'mag': 5.6}, {'lat': -5.266, 'long': 153.654, 'Time': Timestamp('2007-09-26 14:40:03'), 'mag': 5.3}]",9,29
1243,2007-09-25 06:07:56.288,1,"[{'lat': -1.774, 'long': 100.46, 'Time': Timestamp('2007-09-25 08:27:04'), 'mag': 5.3}, {'lat': -1.787, 'long': 99.488, 'Time': Timestamp('2007-09-26 15:43:01'), 'mag': 6.1}, {'lat': -1.832, 'long': 99.46, 'Time': Timestamp('2007-09-26 18:36:10'), 'mag': 5.1}, {'lat': -1.787, 'long': 99.488, 'Time': Timestamp('2007-09-26 15:43:01'), 'mag': 6.1}, {'lat': -1.832, 'long': 99.46, 'Time': Timestamp('2007-09-26 18:36:10'), 'mag': 5.1}]",5,29
1244,2007-09-23 09:22:49.119,0,[],0,27
1245,2007-09-22 12:42:23.516,0,[],0,26
1246,2007-09-08 16:00:19.217,1,"[{'lat': -17.281, 'long': -69.663, 'Time': Timestamp('2007-09-10 00:13:09'), 'mag': 5.2}, {'lat': -17.281, 'long': -69.663, 'Time': Timestamp('2007-09-10 00:13:09'), 'mag': 5.2}, {'lat': 2.966, 'long': -77.963, 'Time': Timestamp('2007-09-10 01:49:11'), 'mag': 6.8}, {'lat': 2.966, 'long': -77.963, 'Time': Timestamp('2007-09-10 01:49:11'), 'mag': 6.8}]",4,12
1247,2007-09-14 19:15:23.623,1,"[{'lat': 17.58, 'long': -94.445, 'Time': Timestamp('2007-09-15 10:30:48'), 'mag': 5.4}, {'lat': 17.58, 'long': -94.445, 'Time': Timestamp('2007-09-15 10:30:48'), 'mag': 5.4}, {'lat': 17.58, 'long': -94.445, 'Time': Timestamp('2007-09-15 10:30:48'), 'mag': 5.4}]",3,18
1248,2007-09-04 22:28:53.675,1,"[{'lat': -11.479, 'long': 165.777, 'Time': Timestamp('2007-09-05 14:22:17'), 'mag': 5.2}]",1,8
1249,2007-09-22 01:43:23.371,1,"[{'lat': 24.855, 'long': 125.267, 'Time': Timestamp('2007-09-22 08:00:18'), 'mag': 5.1}, {'lat': 13.033, 'long': 124.518, 'Time': Timestamp('2007-09-22 03:59:37'), 'mag': 5.1}, {'lat': 24.855, 'long': 125.267, 'Time': Timestamp('2007-09-22 08:00:18'), 'mag': 5.1}, {'lat': 13.033, 'long': 124.518, 'Time': Timestamp('2007-09-22 03:59:37'), 'mag': 5.1}, {'lat': 2.258, 'long': 126.768, 'Time': Timestamp('2007-09-22 06:52:50'), 'mag': 5.0}, {'lat': 2.258, 'long': 126.768, 'Time': Timestamp('2007-09-22 06:52:50'), 'mag': 5.0}, {'lat': 2.258, 'long': 126.768, 'Time': Timestamp('2007-09-22 06:52:50'), 'mag': 5.0}]",7,25
1250,2007-09-17 06:38:25.986,1,"[{'lat': 19.973, 'long': 93.666, 'Time': Timestamp('2007-09-18 09:01:50'), 'mag': 5.1}, {'lat': 19.973, 'long': 93.666, 'Time': Timestamp('2007-09-18 09:01:50'), 'mag': 5.1}, {'lat': 19.973, 'long': 93.666, 'Time': Timestamp('2007-09-18 09:01:50'), 'mag': 5.1}]",3,20
1251,2007-09-07 09:54:16.195,0,[],0,10
1252,2007-09-09 13:13:23.917,0,[],0,12
1253,2007-09-15 16:30:53.970,1,"[{'lat': -8.835, 'long': -74.518, 'Time': Timestamp('2007-09-17 10:57:43'), 'mag': 5.2}, {'lat': -8.835, 'long': -74.518, 'Time': Timestamp('2007-09-17 10:57:43'), 'mag': 5.2}, {'lat': -8.835, 'long': -74.518, 'Time': Timestamp('2007-09-17 10:57:43'), 'mag': 5.2}, {'lat': 14.828, 'long': -87.12, 'Time': Timestamp('2007-09-15 17:59:41'), 'mag': 5.3}, {'lat': 14.828, 'long': -87.12, 'Time': Timestamp('2007-09-15 17:59:41'), 'mag': 5.3}, {'lat': 14.828, 'long': -87.12, 'Time': Timestamp('2007-09-15 17:59:41'), 'mag': 5.3}]",6,18
1254,2007-09-18 19:45:24.023,0,[],0,21
1255,2007-09-20 22:59:22.931,0,[],0,23
1256,2007-09-17 08:45:52.646,0,[],0,19
1257,2007-09-18 12:04:53.375,1,"[{'lat': -32.243, 'long': -13.922, 'Time': Timestamp('2007-09-19 17:16:46'), 'mag': 5.4}, {'lat': -32.243, 'long': -13.922, 'Time': Timestamp('2007-09-19 17:16:46'), 'mag': 5.4}, {'lat': -32.243, 'long': -13.922, 'Time': Timestamp('2007-09-19 17:16:46'), 'mag': 5.4}]",3,20
1258,2007-09-08 15:23:18.854,1,"[{'lat': 2.966, 'long': -77.963, 'Time': Timestamp('2007-09-10 01:49:11'), 'mag': 6.8}, {'lat': 2.966, 'long': -77.963, 'Time': Timestamp('2007-09-10 01:49:11'), 'mag': 6.8}, {'lat': -17.281, 'long': -69.663, 'Time': Timestamp('2007-09-10 00:13:09'), 'mag': 5.2}, {'lat': -17.281, 'long': -69.663, 'Time': Timestamp('2007-09-10 00:13:09'), 'mag': 5.2}, {'lat': -17.281, 'long': -69.663, 'Time': Timestamp('2007-09-10 00:13:09'), 'mag': 5.2}]",5,10
1259,2007-09-11 21:51:22.945,0,[],0,13
1260,2007-09-21 01:06:53.588,0,[],0,22
1261,2007-09-16 07:39:53.217,1,"[{'lat': -11.812, 'long': 42.082, 'Time': Timestamp('2007-09-16 14:01:47'), 'mag': 5.0}, {'lat': -11.812, 'long': 42.082, 'Time': Timestamp('2007-09-16 14:01:47'), 'mag': 5.0}, {'lat': -11.812, 'long': 42.082, 'Time': Timestamp('2007-09-16 14:01:47'), 'mag': 5.0}]",3,17
1262,2007-09-06 10:56:22.287,0,[],0,7
1263,2007-09-26 14:15:23.804,0,[],0,27
1264,2007-09-20 17:31:53.857,1,"[{'lat': 5.759, 'long': -77.437, 'Time': Timestamp('2007-09-22 11:44:39'), 'mag': 5.0}, {'lat': 5.759, 'long': -77.437, 'Time': Timestamp('2007-09-22 11:44:39'), 'mag': 5.0}, {'lat': 5.759, 'long': -77.437, 'Time': Timestamp('2007-09-22 11:44:39'), 'mag': 5.0}, {'lat': -3.847, 'long': -103.753, 'Time': Timestamp('2007-09-22 08:29:56'), 'mag': 5.3}, {'lat': -3.816, 'long': -103.672, 'Time': Timestamp('2007-09-22 09:19:50'), 'mag': 5.1}, {'lat': -3.847, 'long': -103.753, 'Time': Timestamp('2007-09-22 08:29:56'), 'mag': 5.3}, {'lat': -3.816, 'long': -103.672, 'Time': Timestamp('2007-09-22 09:19:50'), 'mag': 5.1}]",7,21
1265,2007-09-25 20:42:50.997,0,[],0,26
1266,2007-09-11 23:59:53.964,1,"[{'lat': -0.88, 'long': 146.57, 'Time': Timestamp('2007-09-12 01:55:44'), 'mag': 5.1}, {'lat': -0.88, 'long': 146.57, 'Time': Timestamp('2007-09-12 01:55:44'), 'mag': 5.1}]",2,12
1267,2007-09-13 08:10:51.290,1,"[{'lat': 2.737, 'long': 66.142, 'Time': Timestamp('2007-09-15 07:30:02'), 'mag': 5.0}, {'lat': 2.737, 'long': 66.142, 'Time': Timestamp('2007-09-15 07:30:02'), 'mag': 5.0}]",2,13
1268,2007-09-22 11:27:23.151,1,"[{'lat': 35.27, 'long': 27.12, 'Time': Timestamp('2007-09-23 00:54:29'), 'mag': 5.3}, {'lat': 35.27, 'long': 27.12, 'Time': Timestamp('2007-09-23 00:54:29'), 'mag': 5.3}]",2,22
1269,2007-09-29 14:46:23.205,0,[],0,29
1270,2007-09-11 18:02:23.259,0,[],0,11
1271,2007-09-20 21:13:20.398,0,[],0,20
1272,2007-09-07 00:30:23.364,0,[],0,6
1273,2007-09-15 11:58:53.552,0,[],0,14
1274,2007-09-12 15:16:47.925,1,"[{'lat': 14.239, 'long': -60.386, 'Time': Timestamp('2007-09-13 06:37:22'), 'mag': 5.0}, {'lat': 14.239, 'long': -60.386, 'Time': Timestamp('2007-09-13 06:37:22'), 'mag': 5.0}, {'lat': 14.239, 'long': -60.386, 'Time': Timestamp('2007-09-13 06:37:22'), 'mag': 5.0}]",3,11
1275,2007-09-12 18:32:23.659,1,"[{'lat': -57.625, 'long': -147.303, 'Time': Timestamp('2007-09-13 20:06:38'), 'mag': 6.0}, {'lat': -57.625, 'long': -147.303, 'Time': Timestamp('2007-09-13 20:06:38'), 'mag': 6.0}]",2,11
1276,2007-09-20 21:45:17.697,0,[],0,19
1277,2007-09-08 01:00:23.766,0,[],0,6
1278,2007-09-14 05:55:26.725,1,"[{'lat': -3.003, 'long': 102.351, 'Time': Timestamp('2007-09-14 13:07:48'), 'mag': 5.3}, {'lat': -2.844, 'long': 100.247, 'Time': Timestamp('2007-09-15 01:41:06'), 'mag': 5.0}, {'lat': -2.788, 'long': 101.19, 'Time': Timestamp('2007-09-15 14:45:29'), 'mag': 5.5}, {'lat': -2.796, 'long': 101.244, 'Time': Timestamp('2007-09-15 15:04:46'), 'mag': 5.0}, {'lat': -1.762, 'long': 99.725, 'Time': Timestamp('2007-09-15 18:27:38'), 'mag': 5.0}, {'lat': -1.8, 'long': 99.538, 'Time': Timestamp('2007-09-15 18:29:07'), 'mag': 5.0}, {'lat': -2.763, 'long': 101.106, 'Time': Timestamp('2007-09-16 01:15:38'), 'mag': 5.2}, {'lat': -4.075, 'long': 101.169, 'Time': Timestamp('2007-09-14 06:01:32'), 'mag': 6.4}, {'lat': -4.416, 'long': 100.953, 'Time': Timestamp('2007-09-14 06:03:16'), 'mag': 5.8}, {'lat': -3.003, 'long': 102.351, 'Time': Timestamp('2007-09-14 13:07:48'), 'mag': 5.3}, {'lat': -4.228, 'long': 101.202, 'Time': Timestamp('2007-09-14 14:15:18'), 'mag': 5.1}, {'lat': -2.844, 'long': 100.247, 'Time': Timestamp('2007-09-15 01:41:06'), 'mag': 5.0}, {'lat': -4.234, 'long': 101.223, 'Time': Timestamp('2007-09-15 14:26:59'), 'mag': 5.0}, {'lat': -2.788, 'long': 101.19, 'Time': Timestamp('2007-09-15 14:45:29'), 'mag': 5.5}, {'lat': -2.796, 'long': 101.244, 'Time': Timestamp('2007-09-15 15:04:46'), 'mag': 5.0}, {'lat': -1.762, 'long': 99.725, 'Time': Timestamp('2007-09-15 18:27:38'), 'mag': 5.0}, {'lat': -1.8, 'long': 99.538, 'Time': Timestamp('2007-09-15 18:29:07'), 'mag': 5.0}, {'lat': -2.763, 'long': 101.106, 'Time': Timestamp('2007-09-16 01:15:38'), 'mag': 5.2}, {'lat': -4.075, 'long': 101.169, 'Time': Timestamp('2007-09-14 06:01:32'), 'mag': 6.4}, {'lat': -4.416, 'long': 100.953, 'Time': Timestamp('2007-09-14 06:03:16'), 'mag': 5.8}, {'lat': -4.228, 'long': 101.202, 'Time': Timestamp('2007-09-14 14:15:18'), 'mag': 5.1}, {'lat': -2.844, 'long': 100.247, 'Time': Timestamp('2007-09-15 01:41:06'), 'mag': 5.0}, {'lat': -4.234, 'long': 101.223, 'Time': Timestamp('2007-09-15 14:26:59'), 'mag': 5.0}, {'lat': -2.788, 'long': 101.19, 'Time': Timestamp('2007-09-15 14:45:29'), 'mag': 5.5}, {'lat': -2.796, 'long': 101.244, 'Time': Timestamp('2007-09-15 15:04:46'), 'mag': 5.0}, {'lat': -1.762, 'long': 99.725, 'Time': Timestamp('2007-09-15 18:27:38'), 'mag': 5.0}, {'lat': -1.8, 'long': 99.538, 'Time': Timestamp('2007-09-15 18:29:07'), 'mag': 5.0}, {'lat': -2.763, 'long': 101.106, 'Time': Timestamp('2007-09-16 01:15:38'), 'mag': 5.2}, {'lat': 2.737, 'long': 66.142, 'Time': Timestamp('2007-09-15 07:30:02'), 'mag': 5.0}, {'lat': 2.737, 'long': 66.142, 'Time': Timestamp('2007-09-15 07:30:02'), 'mag': 5.0}]",30,12
1279,2007-09-28 09:10:24.860,0,[],0,26
1280,2007-09-08 12:29:53.953,0,[],0,6
1281,2007-09-25 15:47:50.871,1,"[{'lat': -3.918, 'long': -79.208, 'Time': Timestamp('2007-09-26 04:43:17'), 'mag': 5.9}, {'lat': -3.918, 'long': -79.208, 'Time': Timestamp('2007-09-26 04:43:17'), 'mag': 5.9}]",2,23
1282,2007-10-01 22:15:53.426,1,"[{'lat': 58.2824, 'long': -151.2868, 'Time': Timestamp('2007-10-03 14:06:12'), 'mag': 5.2}, {'lat': 54.511, 'long': -161.708, 'Time': Timestamp('2007-10-02 18:00:06'), 'mag': 6.3}, {'lat': 54.417, 'long': -161.703, 'Time': Timestamp('2007-10-02 18:03:54'), 'mag': 5.6}, {'lat': 54.503, 'long': -161.579, 'Time': Timestamp('2007-10-02 20:57:33'), 'mag': 5.4}, {'lat': 54.1696, 'long': -161.3657, 'Time': Timestamp('2007-10-02 20:57:39'), 'mag': 5.1}, {'lat': 58.2824, 'long': -151.2868, 'Time': Timestamp('2007-10-03 14:06:12'), 'mag': 5.2}, {'lat': 54.511, 'long': -161.708, 'Time': Timestamp('2007-10-02 18:00:06'), 'mag': 6.3}, {'lat': 54.417, 'long': -161.703, 'Time': Timestamp('2007-10-02 18:03:54'), 'mag': 5.6}, {'lat': 54.503, 'long': -161.579, 'Time': Timestamp('2007-10-02 20:57:33'), 'mag': 5.4}, {'lat': 54.1696, 'long': -161.3657, 'Time': Timestamp('2007-10-02 20:57:39'), 'mag': 5.1}, {'lat': 51.675, 'long': -175.521, 'Time': Timestamp('2007-10-03 09:15:11'), 'mag': 5.0}, {'lat': -48.013, 'long': 165.008, 'Time': Timestamp('2007-10-02 06:51:33'), 'mag': 5.1}, {'lat': -42.16, 'long': 172.88, 'Time': Timestamp('2007-10-03 19:15:10'), 'mag': 5.4}, {'lat': -48.013, 'long': 165.008, 'Time': Timestamp('2007-10-02 06:51:33'), 'mag': 5.1}, {'lat': -48.635, 'long': 164.658, 'Time': Timestamp('2007-10-03 01:43:25'), 'mag': 5.1}, {'lat': -48.724, 'long': 164.698, 'Time': Timestamp('2007-10-03 03:32:56'), 'mag': 5.1}, {'lat': -48.655, 'long': 164.622, 'Time': Timestamp('2007-10-03 18:03:03'), 'mag': 5.2}, {'lat': -42.16, 'long': 172.88, 'Time': Timestamp('2007-10-03 19:15:10'), 'mag': 5.4}, {'lat': -48.013, 'long': 165.008, 'Time': Timestamp('2007-10-02 06:51:33'), 'mag': 5.1}, {'lat': -48.635, 'long': 164.658, 'Time': Timestamp('2007-10-03 01:43:25'), 'mag': 5.1}, {'lat': -48.724, 'long': 164.698, 'Time': Timestamp('2007-10-03 03:32:56'), 'mag': 5.1}, {'lat': -48.655, 'long': 164.622, 'Time': Timestamp('2007-10-03 18:03:03'), 'mag': 5.2}]",22,29
1283,2007-09-20 01:30:54.138,1,"[{'lat': 51.658, 'long': 178.785, 'Time': Timestamp('2007-09-20 17:08:45'), 'mag': 5.0}, {'lat': 51.658, 'long': 178.785, 'Time': Timestamp('2007-09-20 17:08:45'), 'mag': 5.0}, {'lat': 51.658, 'long': 178.785, 'Time': Timestamp('2007-09-20 17:08:45'), 'mag': 5.0}, {'lat': -58.551, 'long': 149.042, 'Time': Timestamp('2007-09-20 02:24:07'), 'mag': 5.3}, {'lat': 35.185, 'long': 140.832, 'Time': Timestamp('2007-09-20 22:54:31'), 'mag': 5.0}, {'lat': 35.185, 'long': 140.832, 'Time': Timestamp('2007-09-20 22:54:31'), 'mag': 5.0}, {'lat': 35.185, 'long': 140.832, 'Time': Timestamp('2007-09-20 22:54:31'), 'mag': 5.0}]",7,17
1284,2007-09-29 06:25:51.328,0,[],0,26
1285,2007-09-14 09:41:21.727,0,[],0,11
1286,2007-10-01 13:00:53.355,1,"[{'lat': 57.487, 'long': -33.03, 'Time': Timestamp('2007-10-02 16:34:46'), 'mag': 5.3}, {'lat': 57.487, 'long': -33.03, 'Time': Timestamp('2007-10-02 16:34:46'), 'mag': 5.3}]",2,28
1287,2007-09-14 16:18:20.719,1,"[{'lat': 14.828, 'long': -87.12, 'Time': Timestamp('2007-09-15 17:59:41'), 'mag': 5.3}, {'lat': 17.58, 'long': -94.445, 'Time': Timestamp('2007-09-15 10:30:48'), 'mag': 5.4}, {'lat': 14.828, 'long': -87.12, 'Time': Timestamp('2007-09-15 17:59:41'), 'mag': 5.3}, {'lat': 14.828, 'long': -87.12, 'Time': Timestamp('2007-09-15 17:59:41'), 'mag': 5.3}]",4,11
1288,2007-09-12 19:33:23.462,1,"[{'lat': -57.625, 'long': -147.303, 'Time': Timestamp('2007-09-13 20:06:38'), 'mag': 6.0}, {'lat': -57.625, 'long': -147.303, 'Time': Timestamp('2007-09-13 20:06:38'), 'mag': 6.0}, {'lat': -57.625, 'long': -147.303, 'Time': Timestamp('2007-09-13 20:06:38'), 'mag': 6.0}]",3,9
1289,2007-09-26 22:46:53.370,1,"[{'lat': -19.905, 'long': -178.243, 'Time': Timestamp('2007-09-28 11:44:21'), 'mag': 5.0}, {'lat': -21.103, 'long': 169.283, 'Time': Timestamp('2007-09-27 19:57:44'), 'mag': 6.1}, {'lat': -21.164, 'long': 169.214, 'Time': Timestamp('2007-09-27 20:00:55'), 'mag': 5.2}, {'lat': -21.334, 'long': 169.336, 'Time': Timestamp('2007-09-27 20:04:06'), 'mag': 5.1}, {'lat': -21.27, 'long': 169.474, 'Time': Timestamp('2007-09-27 20:11:07'), 'mag': 5.0}, {'lat': -21.203, 'long': 169.309, 'Time': Timestamp('2007-09-27 20:25:58'), 'mag': 5.3}, {'lat': -21.192, 'long': 169.26, 'Time': Timestamp('2007-09-27 20:47:20'), 'mag': 5.2}, {'lat': -21.302, 'long': 169.433, 'Time': Timestamp('2007-09-27 21:02:05'), 'mag': 5.0}, {'lat': -21.207, 'long': 169.388, 'Time': Timestamp('2007-09-27 21:05:33'), 'mag': 5.5}, {'lat': -21.172, 'long': 169.186, 'Time': Timestamp('2007-09-27 21:26:57'), 'mag': 5.3}, {'lat': -21.29, 'long': 169.37, 'Time': Timestamp('2007-09-27 22:01:12'), 'mag': 5.4}, {'lat': -21.096, 'long': 169.242, 'Time': Timestamp('2007-09-27 22:10:10'), 'mag': 5.0}, {'lat': -21.28, 'long': 169.26, 'Time': Timestamp('2007-09-28 00:44:47'), 'mag': 5.7}, {'lat': -21.207, 'long': 169.362, 'Time': Timestamp('2007-09-28 01:01:49'), 'mag': 6.3}, {'lat': -21.074, 'long': 169.323, 'Time': Timestamp('2007-09-28 01:25:15'), 'mag': 5.4}, {'lat': -21.133, 'long': 169.373, 'Time': Timestamp('2007-09-28 01:35:51'), 'mag': 6.5}, {'lat': -21.901, 'long': 169.342, 'Time': Timestamp('2007-09-28 01:44:02'), 'mag': 5.3}, {'lat': -21.246, 'long': 169.403, 'Time': Timestamp('2007-09-28 01:50:59'), 'mag': 5.5}, {'lat': -21.138, 'long': 169.325, 'Time': Timestamp('2007-09-28 02:01:33'), 'mag': 5.0}, {'lat': -21.251, 'long': 169.394, 'Time': Timestamp('2007-09-28 02:20:04'), 'mag': 5.1}, {'lat': -21.049, 'long': 169.305, 'Time': Timestamp('2007-09-28 02:36:23'), 'mag': 5.0}, {'lat': -21.238, 'long': 169.407, 'Time': Timestamp('2007-09-28 08:21:22'), 'mag': 5.5}, {'lat': -21.168, 'long': 169.408, 'Time': Timestamp('2007-09-28 10:12:18'), 'mag': 5.0}, {'lat': -21.53, 'long': 169.259, 'Time': Timestamp('2007-09-28 10:40:35'), 'mag': 5.2}, {'lat': -21.402, 'long': 169.193, 'Time': Timestamp('2007-09-28 11:12:40'), 'mag': 5.8}, {'lat': -21.329, 'long': 169.141, 'Time': Timestamp('2007-09-28 11:16:39'), 'mag': 5.9}, {'lat': -21.431, 'long': 169.226, 'Time': Timestamp('2007-09-28 16:02:19'), 'mag': 5.1}, {'lat': -21.103, 'long': 169.283, 'Time': Timestamp('2007-09-27 19:57:44'), 'mag': 6.1}, {'lat': -21.164, 'long': 169.214, 'Time': Timestamp('2007-09-27 20:00:55'), 'mag': 5.2}, {'lat': -21.334, 'long': 169.336, 'Time': Timestamp('2007-09-27 20:04:06'), 'mag': 5.1}, {'lat': -21.27, 'long': 169.474, 'Time': Timestamp('2007-09-27 20:11:07'), 'mag': 5.0}, {'lat': -21.203, 'long': 169.309, 'Time': Timestamp('2007-09-27 20:25:58'), 'mag': 5.3}, {'lat': -21.192, 'long': 169.26, 'Time': Timestamp('2007-09-27 20:47:20'), 'mag': 5.2}, {'lat': -21.302, 'long': 169.433, 'Time': Timestamp('2007-09-27 21:02:05'), 'mag': 5.0}, {'lat': -21.207, 'long': 169.388, 'Time': Timestamp('2007-09-27 21:05:33'), 'mag': 5.5}, {'lat': -21.172, 'long': 169.186, 'Time': Timestamp('2007-09-27 21:26:57'), 'mag': 5.3}, {'lat': -21.29, 'long': 169.37, 'Time': Timestamp('2007-09-27 22:01:12'), 'mag': 5.4}, {'lat': -21.096, 'long': 169.242, 'Time': Timestamp('2007-09-27 22:10:10'), 'mag': 5.0}, {'lat': -21.28, 'long': 169.26, 'Time': Timestamp('2007-09-28 00:44:47'), 'mag': 5.7}, {'lat': -21.207, 'long': 169.362, 'Time': Timestamp('2007-09-28 01:01:49'), 'mag': 6.3}, {'lat': -21.074, 'long': 169.323, 'Time': Timestamp('2007-09-28 01:25:15'), 'mag': 5.4}, {'lat': -21.133, 'long': 169.373, 'Time': Timestamp('2007-09-28 01:35:51'), 'mag': 6.5}, {'lat': -21.901, 'long': 169.342, 'Time': Timestamp('2007-09-28 01:44:02'), 'mag': 5.3}, {'lat': -21.246, 'long': 169.403, 'Time': Timestamp('2007-09-28 01:50:59'), 'mag': 5.5}, {'lat': -21.138, 'long': 169.325, 'Time': Timestamp('2007-09-28 02:01:33'), 'mag': 5.0}, {'lat': -21.251, 'long': 169.394, 'Time': Timestamp('2007-09-28 02:20:04'), 'mag': 5.1}, {'lat': -21.049, 'long': 169.305, 'Time': Timestamp('2007-09-28 02:36:23'), 'mag': 5.0}, {'lat': -21.238, 'long': 169.407, 'Time': Timestamp('2007-09-28 08:21:22'), 'mag': 5.5}, {'lat': -21.168, 'long': 169.408, 'Time': Timestamp('2007-09-28 10:12:18'), 'mag': 5.0}, {'lat': -21.53, 'long': 169.259, 'Time': Timestamp('2007-09-28 10:40:35'), 'mag': 5.2}, {'lat': -21.402, 'long': 169.193, 'Time': Timestamp('2007-09-28 11:12:40'), 'mag': 5.8}, {'lat': -21.329, 'long': 169.141, 'Time': Timestamp('2007-09-28 11:16:39'), 'mag': 5.9}, {'lat': -21.431, 'long': 169.226, 'Time': Timestamp('2007-09-28 16:02:19'), 'mag': 5.1}]",53,23
1290,2007-09-21 02:01:24.539,1,"[{'lat': 24.855, 'long': 125.267, 'Time': Timestamp('2007-09-22 08:00:18'), 'mag': 5.1}, {'lat': 24.855, 'long': 125.267, 'Time': Timestamp('2007-09-22 08:00:18'), 'mag': 5.1}, {'lat': 13.033, 'long': 124.518, 'Time': Timestamp('2007-09-22 03:59:37'), 'mag': 5.1}, {'lat': 24.855, 'long': 125.267, 'Time': Timestamp('2007-09-22 08:00:18'), 'mag': 5.1}, {'lat': 13.033, 'long': 124.518, 'Time': Timestamp('2007-09-22 03:59:37'), 'mag': 5.1}, {'lat': 2.258, 'long': 126.768, 'Time': Timestamp('2007-09-22 06:52:50'), 'mag': 5.0}, {'lat': 13.033, 'long': 124.518, 'Time': Timestamp('2007-09-22 03:59:37'), 'mag': 5.1}, {'lat': 2.258, 'long': 126.768, 'Time': Timestamp('2007-09-22 06:52:50'), 'mag': 5.0}, {'lat': 2.258, 'long': 126.768, 'Time': Timestamp('2007-09-22 06:52:50'), 'mag': 5.0}]",9,17
1291,2007-09-19 06:56:54.609,0,[],0,15
1292,2007-09-11 10:12:52.898,1,"[{'lat': -43.924, 'long': -16.282, 'Time': Timestamp('2007-09-13 00:49:16'), 'mag': 5.3}, {'lat': -43.924, 'long': -16.282, 'Time': Timestamp('2007-09-13 00:49:16'), 'mag': 5.3}, {'lat': -43.924, 'long': -16.282, 'Time': Timestamp('2007-09-13 00:49:16'), 'mag': 5.3}]",3,7
1293,2007-09-26 13:31:53.756,1,"[{'lat': -7.074, 'long': -11.713, 'Time': Timestamp('2007-09-26 18:39:34'), 'mag': 5.6}, {'lat': -7.074, 'long': -11.713, 'Time': Timestamp('2007-09-26 18:39:34'), 'mag': 5.6}]",2,22
1294,2007-09-09 16:48:53.809,1,"[{'lat': 2.966, 'long': -77.963, 'Time': Timestamp('2007-09-10 01:49:11'), 'mag': 6.8}, {'lat': 2.966, 'long': -77.963, 'Time': Timestamp('2007-09-10 01:49:11'), 'mag': 6.8}, {'lat': -17.281, 'long': -69.663, 'Time': Timestamp('2007-09-10 00:13:09'), 'mag': 5.2}, {'lat': -17.281, 'long': -69.663, 'Time': Timestamp('2007-09-10 00:13:09'), 'mag': 5.2}, {'lat': -17.281, 'long': -69.663, 'Time': Timestamp('2007-09-10 00:13:09'), 'mag': 5.2}, {'lat': 15.413, 'long': -94.593, 'Time': Timestamp('2007-09-11 03:12:04'), 'mag': 5.0}, {'lat': 15.413, 'long': -94.593, 'Time': Timestamp('2007-09-11 03:12:04'), 'mag': 5.0}, {'lat': 15.413, 'long': -94.593, 'Time': Timestamp('2007-09-11 03:12:04'), 'mag': 5.0}, {'lat': -4.13, 'long': -103.419, 'Time': Timestamp('2007-09-10 08:00:49'), 'mag': 5.0}, {'lat': -3.989, 'long': -103.028, 'Time': Timestamp('2007-09-10 08:31:30'), 'mag': 5.1}, {'lat': -4.13, 'long': -103.419, 'Time': Timestamp('2007-09-10 08:00:49'), 'mag': 5.0}, {'lat': -3.989, 'long': -103.028, 'Time': Timestamp('2007-09-10 08:31:30'), 'mag': 5.1}]",12,5
1295,2007-09-28 20:03:23.863,0,[],0,24
1296,2007-09-19 23:17:21.003,1,"[{'lat': 51.658, 'long': 178.785, 'Time': Timestamp('2007-09-20 17:08:45'), 'mag': 5.0}, {'lat': -58.551, 'long': 149.042, 'Time': Timestamp('2007-09-20 02:24:07'), 'mag': 5.3}]",2,15
1297,2007-09-19 09:04:18.500,0,[],0,14
1298,2007-09-10 12:23:23.216,0,[],0,5
1299,2007-09-10 15:41:22.790,0,[],0,5
1300,2007-10-01 22:10:22.896,1,"[{'lat': 54.511, 'long': -161.708, 'Time': Timestamp('2007-10-02 18:00:06'), 'mag': 6.3}, {'lat': 54.417, 'long': -161.703, 'Time': Timestamp('2007-10-02 18:03:54'), 'mag': 5.6}, {'lat': 54.503, 'long': -161.579, 'Time': Timestamp('2007-10-02 20:57:33'), 'mag': 5.4}, {'lat': 54.1696, 'long': -161.3657, 'Time': Timestamp('2007-10-02 20:57:39'), 'mag': 5.1}, {'lat': 58.2824, 'long': -151.2868, 'Time': Timestamp('2007-10-03 14:06:12'), 'mag': 5.2}, {'lat': 54.511, 'long': -161.708, 'Time': Timestamp('2007-10-02 18:00:06'), 'mag': 6.3}, {'lat': 54.417, 'long': -161.703, 'Time': Timestamp('2007-10-02 18:03:54'), 'mag': 5.6}, {'lat': 54.503, 'long': -161.579, 'Time': Timestamp('2007-10-02 20:57:33'), 'mag': 5.4}, {'lat': 54.1696, 'long': -161.3657, 'Time': Timestamp('2007-10-02 20:57:39'), 'mag': 5.1}, {'lat': 58.2824, 'long': -151.2868, 'Time': Timestamp('2007-10-03 14:06:12'), 'mag': 5.2}, {'lat': 54.511, 'long': -161.708, 'Time': Timestamp('2007-10-02 18:00:06'), 'mag': 6.3}, {'lat': 54.417, 'long': -161.703, 'Time': Timestamp('2007-10-02 18:03:54'), 'mag': 5.6}, {'lat': 54.503, 'long': -161.579, 'Time': Timestamp('2007-10-02 20:57:33'), 'mag': 5.4}, {'lat': 54.1696, 'long': -161.3657, 'Time': Timestamp('2007-10-02 20:57:39'), 'mag': 5.1}, {'lat': -42.16, 'long': 172.88, 'Time': Timestamp('2007-10-03 19:15:10'), 'mag': 5.4}, {'lat': -48.013, 'long': 165.008, 'Time': Timestamp('2007-10-02 06:51:33'), 'mag': 5.1}, {'lat': -48.635, 'long': 164.658, 'Time': Timestamp('2007-10-03 01:43:25'), 'mag': 5.1}, {'lat': -48.724, 'long': 164.698, 'Time': Timestamp('2007-10-03 03:32:56'), 'mag': 5.1}, {'lat': -48.655, 'long': 164.622, 'Time': Timestamp('2007-10-03 18:03:03'), 'mag': 5.2}, {'lat': -42.16, 'long': 172.88, 'Time': Timestamp('2007-10-03 19:15:10'), 'mag': 5.4}, {'lat': -48.013, 'long': 165.008, 'Time': Timestamp('2007-10-02 06:51:33'), 'mag': 5.1}, {'lat': -48.635, 'long': 164.658, 'Time': Timestamp('2007-10-03 01:43:25'), 'mag': 5.1}, {'lat': -48.724, 'long': 164.698, 'Time': Timestamp('2007-10-03 03:32:56'), 'mag': 5.1}, {'lat': -48.655, 'long': 164.622, 'Time': Timestamp('2007-10-03 18:03:03'), 'mag': 5.2}, {'lat': -42.16, 'long': 172.88, 'Time': Timestamp('2007-10-03 19:15:10'), 'mag': 5.4}, {'lat': -48.013, 'long': 165.008, 'Time': Timestamp('2007-10-02 06:51:33'), 'mag': 5.1}, {'lat': -48.635, 'long': 164.658, 'Time': Timestamp('2007-10-03 01:43:25'), 'mag': 5.1}, {'lat': -48.724, 'long': 164.698, 'Time': Timestamp('2007-10-03 03:32:56'), 'mag': 5.1}, {'lat': -48.655, 'long': 164.622, 'Time': Timestamp('2007-10-03 18:03:03'), 'mag': 5.2}]",29,26
1301,2007-09-20 01:24:42.771,1,"[{'lat': 51.658, 'long': 178.785, 'Time': Timestamp('2007-09-20 17:08:45'), 'mag': 5.0}, {'lat': 51.658, 'long': 178.785, 'Time': Timestamp('2007-09-20 17:08:45'), 'mag': 5.0}, {'lat': 51.658, 'long': 178.785, 'Time': Timestamp('2007-09-20 17:08:45'), 'mag': 5.0}, {'lat': -58.551, 'long': 149.042, 'Time': Timestamp('2007-09-20 02:24:07'), 'mag': 5.3}, {'lat': 35.185, 'long': 140.832, 'Time': Timestamp('2007-09-20 22:54:31'), 'mag': 5.0}, {'lat': 35.185, 'long': 140.832, 'Time': Timestamp('2007-09-20 22:54:31'), 'mag': 5.0}]",6,14
1302,2007-09-17 19:27:19.829,0,[],0,11
1303,2007-10-06 22:40:53.777,0,[],0,30
1304,2007-09-15 01:55:21.587,1,"[{'lat': 54.527, 'long': 161.427, 'Time': Timestamp('2007-09-16 20:43:09'), 'mag': 5.0}, {'lat': 54.136, 'long': 169.208, 'Time': Timestamp('2007-09-17 00:35:22'), 'mag': 5.3}, {'lat': 54.527, 'long': 161.427, 'Time': Timestamp('2007-09-16 20:43:09'), 'mag': 5.0}, {'lat': 47.136, 'long': 155.629, 'Time': Timestamp('2007-09-16 21:16:48'), 'mag': 5.0}, {'lat': 54.136, 'long': 169.208, 'Time': Timestamp('2007-09-17 00:35:22'), 'mag': 5.3}, {'lat': 54.527, 'long': 161.427, 'Time': Timestamp('2007-09-16 20:43:09'), 'mag': 5.0}, {'lat': 47.136, 'long': 155.629, 'Time': Timestamp('2007-09-16 21:16:48'), 'mag': 5.0}, {'lat': 54.136, 'long': 169.208, 'Time': Timestamp('2007-09-17 00:35:22'), 'mag': 5.3}, {'lat': 47.136, 'long': 155.629, 'Time': Timestamp('2007-09-16 21:16:48'), 'mag': 5.0}, {'lat': 20.279, 'long': 146.491, 'Time': Timestamp('2007-09-16 02:20:44'), 'mag': 5.0}, {'lat': 20.279, 'long': 146.491, 'Time': Timestamp('2007-09-16 02:20:44'), 'mag': 5.0}, {'lat': -8.775, 'long': 146.99, 'Time': Timestamp('2007-09-15 13:36:14'), 'mag': 5.2}, {'lat': -8.8, 'long': 146.934, 'Time': Timestamp('2007-09-15 13:58:09'), 'mag': 5.2}, {'lat': -8.775, 'long': 146.99, 'Time': Timestamp('2007-09-15 13:36:14'), 'mag': 5.2}, {'lat': -8.8, 'long': 146.934, 'Time': Timestamp('2007-09-15 13:58:09'), 'mag': 5.2}, {'lat': -8.775, 'long': 146.99, 'Time': Timestamp('2007-09-15 13:36:14'), 'mag': 5.2}, {'lat': -8.8, 'long': 146.934, 'Time': Timestamp('2007-09-15 13:58:09'), 'mag': 5.2}]",17,8
1305,2007-10-05 06:50:20.664,0,[],0,28
1306,2007-09-24 10:06:20.393,0,[],0,17
1307,2007-09-24 13:25:54.018,0,[],0,17
1308,2007-09-22 16:42:54.072,1,"[{'lat': -12.686, 'long': -71.316, 'Time': Timestamp('2007-09-24 02:25:44'), 'mag': 5.1}, {'lat': -12.686, 'long': -71.316, 'Time': Timestamp('2007-09-24 02:25:44'), 'mag': 5.1}, {'lat': -12.686, 'long': -71.316, 'Time': Timestamp('2007-09-24 02:25:44'), 'mag': 5.1}]",3,15
1309,2007-09-28 19:57:23.125,0,[],0,21
1310,2007-10-03 23:11:18.938,1,"[{'lat': -15.239, 'long': -174.245, 'Time': Timestamp('2007-10-05 03:52:12'), 'mag': 5.1}, {'lat': -15.25, 'long': -175.25, 'Time': Timestamp('2007-10-05 03:52:24'), 'mag': 5.1}, {'lat': -15.239, 'long': -174.245, 'Time': Timestamp('2007-10-05 03:52:12'), 'mag': 5.1}, {'lat': -15.25, 'long': -175.25, 'Time': Timestamp('2007-10-05 03:52:24'), 'mag': 5.1}, {'lat': -16.775, 'long': -177.388, 'Time': Timestamp('2007-10-05 04:17:12'), 'mag': 5.0}, {'lat': -15.239, 'long': -174.245, 'Time': Timestamp('2007-10-05 03:52:12'), 'mag': 5.1}, {'lat': -15.25, 'long': -175.25, 'Time': Timestamp('2007-10-05 03:52:24'), 'mag': 5.1}, {'lat': -16.775, 'long': -177.388, 'Time': Timestamp('2007-10-05 04:17:12'), 'mag': 5.0}, {'lat': -21.538, 'long': 168.28, 'Time': Timestamp('2007-10-03 23:36:09'), 'mag': 5.3}, {'lat': -21.538, 'long': 168.28, 'Time': Timestamp('2007-10-03 23:36:09'), 'mag': 5.3}]",10,26
1311,2007-09-28 13:56:53.420,0,[],0,20
1312,2007-09-24 17:13:23.473,1,"[{'lat': -9.09, 'long': -79.388, 'Time': Timestamp('2007-09-24 18:34:07'), 'mag': 5.0}, {'lat': -3.918, 'long': -79.208, 'Time': Timestamp('2007-09-26 04:43:17'), 'mag': 5.9}, {'lat': -9.09, 'long': -79.388, 'Time': Timestamp('2007-09-24 18:34:07'), 'mag': 5.0}, {'lat': -3.918, 'long': -79.208, 'Time': Timestamp('2007-09-26 04:43:17'), 'mag': 5.9}, {'lat': -9.09, 'long': -79.388, 'Time': Timestamp('2007-09-24 18:34:07'), 'mag': 5.0}, {'lat': -19.531, 'long': -68.539, 'Time': Timestamp('2007-09-24 19:06:37'), 'mag': 5.1}]",6,16
1313,2007-09-24 20:27:46.294,0,[],0,16
1314,2007-10-07 23:41:23.580,1,"[{'lat': -20.706, 'long': -177.398, 'Time': Timestamp('2007-10-08 18:37:53'), 'mag': 5.7}, {'lat': -20.706, 'long': -177.398, 'Time': Timestamp('2007-10-08 18:37:53'), 'mag': 5.7}, {'lat': -3.759, 'long': 150.219, 'Time': Timestamp('2007-10-08 03:12:05'), 'mag': 5.0}, {'lat': -4.808, 'long': 152.892, 'Time': Timestamp('2007-10-09 15:03:41'), 'mag': 6.0}, {'lat': -3.759, 'long': 150.219, 'Time': Timestamp('2007-10-08 03:12:05'), 'mag': 5.0}, {'lat': -10.945, 'long': 162.224, 'Time': Timestamp('2007-10-09 08:57:30'), 'mag': 5.4}, {'lat': -4.808, 'long': 152.892, 'Time': Timestamp('2007-10-09 15:03:41'), 'mag': 6.0}, {'lat': -10.945, 'long': 162.224, 'Time': Timestamp('2007-10-09 08:57:30'), 'mag': 5.4}]",8,29
1315,2007-10-08 07:51:45.041,1,"[{'lat': 42.927, 'long': 77.868, 'Time': Timestamp('2007-10-09 16:00:42'), 'mag': 5.0}, {'lat': 42.927, 'long': 77.868, 'Time': Timestamp('2007-10-09 16:00:42'), 'mag': 5.0}, {'lat': 42.927, 'long': 77.868, 'Time': Timestamp('2007-10-09 16:00:42'), 'mag': 5.0}, {'lat': -6.593, 'long': 71.532, 'Time': Timestamp('2007-10-09 03:22:36'), 'mag': 5.4}, {'lat': -6.593, 'long': 71.532, 'Time': Timestamp('2007-10-09 03:22:36'), 'mag': 5.4}]",5,29
1316,2007-10-03 11:08:51.028,0,[],0,24
1317,2007-09-22 14:27:20.685,1,"[{'lat': -12.686, 'long': -71.316, 'Time': Timestamp('2007-09-24 02:25:44'), 'mag': 5.1}, {'lat': -12.686, 'long': -71.316, 'Time': Timestamp('2007-09-24 02:25:44'), 'mag': 5.1}, {'lat': -12.686, 'long': -71.316, 'Time': Timestamp('2007-09-24 02:25:44'), 'mag': 5.1}]",3,13
1318,2007-09-28 20:57:56.216,1,"[{'lat': -28.522, 'long': -176.966, 'Time': Timestamp('2007-09-29 16:10:06'), 'mag': 5.2}]",1,19
1319,2007-09-28 00:11:53.980,1,"[{'lat': -21.074, 'long': 169.323, 'Time': Timestamp('2007-09-28 01:25:15'), 'mag': 5.4}, {'lat': -21.133, 'long': 169.373, 'Time': Timestamp('2007-09-28 01:35:51'), 'mag': 6.5}, {'lat': -21.138, 'long': 169.325, 'Time': Timestamp('2007-09-28 02:01:33'), 'mag': 5.0}, {'lat': -21.049, 'long': 169.305, 'Time': Timestamp('2007-09-28 02:36:23'), 'mag': 5.0}, {'lat': -21.14, 'long': 169.281, 'Time': Timestamp('2007-09-29 15:49:54'), 'mag': 5.0}, {'lat': -21.096, 'long': 169.269, 'Time': Timestamp('2007-09-29 17:24:58'), 'mag': 5.6}, {'lat': -21.28, 'long': 169.26, 'Time': Timestamp('2007-09-28 00:44:47'), 'mag': 5.7}, {'lat': -21.207, 'long': 169.362, 'Time': Timestamp('2007-09-28 01:01:49'), 'mag': 6.3}, {'lat': -21.074, 'long': 169.323, 'Time': Timestamp('2007-09-28 01:25:15'), 'mag': 5.4}, {'lat': -21.133, 'long': 169.373, 'Time': Timestamp('2007-09-28 01:35:51'), 'mag': 6.5}, {'lat': -21.901, 'long': 169.342, 'Time': Timestamp('2007-09-28 01:44:02'), 'mag': 5.3}, {'lat': -21.246, 'long': 169.403, 'Time': Timestamp('2007-09-28 01:50:59'), 'mag': 5.5}, {'lat': -21.138, 'long': 169.325, 'Time': Timestamp('2007-09-28 02:01:33'), 'mag': 5.0}, {'lat': -21.251, 'long': 169.394, 'Time': Timestamp('2007-09-28 02:20:04'), 'mag': 5.1}, {'lat': -21.049, 'long': 169.305, 'Time': Timestamp('2007-09-28 02:36:23'), 'mag': 5.0}, {'lat': -21.238, 'long': 169.407, 'Time': Timestamp('2007-09-28 08:21:22'), 'mag': 5.5}, {'lat': -21.168, 'long': 169.408, 'Time': Timestamp('2007-09-28 10:12:18'), 'mag': 5.0}, {'lat': -21.53, 'long': 169.259, 'Time': Timestamp('2007-09-28 10:40:35'), 'mag': 5.2}, {'lat': -21.402, 'long': 169.193, 'Time': Timestamp('2007-09-28 11:12:40'), 'mag': 5.8}, {'lat': -21.329, 'long': 169.141, 'Time': Timestamp('2007-09-28 11:16:39'), 'mag': 5.9}, {'lat': -21.431, 'long': 169.226, 'Time': Timestamp('2007-09-28 16:02:19'), 'mag': 5.1}, {'lat': -21.158, 'long': 169.243, 'Time': Timestamp('2007-09-29 15:36:44'), 'mag': 5.7}, {'lat': -21.14, 'long': 169.281, 'Time': Timestamp('2007-09-29 15:49:54'), 'mag': 5.0}, {'lat': -21.096, 'long': 169.269, 'Time': Timestamp('2007-09-29 17:24:58'), 'mag': 5.6}, {'lat': -21.463, 'long': 170.956, 'Time': Timestamp('2007-09-29 23:38:01'), 'mag': 5.1}, {'lat': -21.28, 'long': 169.26, 'Time': Timestamp('2007-09-28 00:44:47'), 'mag': 5.7}, {'lat': -21.207, 'long': 169.362, 'Time': Timestamp('2007-09-28 01:01:49'), 'mag': 6.3}, {'lat': -21.074, 'long': 169.323, 'Time': Timestamp('2007-09-28 01:25:15'), 'mag': 5.4}, {'lat': -21.133, 'long': 169.373, 'Time': Timestamp('2007-09-28 01:35:51'), 'mag': 6.5}, {'lat': -21.901, 'long': 169.342, 'Time': Timestamp('2007-09-28 01:44:02'), 'mag': 5.3}, {'lat': -21.246, 'long': 169.403, 'Time': Timestamp('2007-09-28 01:50:59'), 'mag': 5.5}, {'lat': -21.138, 'long': 169.325, 'Time': Timestamp('2007-09-28 02:01:33'), 'mag': 5.0}, {'lat': -21.251, 'long': 169.394, 'Time': Timestamp('2007-09-28 02:20:04'), 'mag': 5.1}, {'lat': -21.049, 'long': 169.305, 'Time': Timestamp('2007-09-28 02:36:23'), 'mag': 5.0}, {'lat': -21.238, 'long': 169.407, 'Time': Timestamp('2007-09-28 08:21:22'), 'mag': 5.5}, {'lat': -21.168, 'long': 169.408, 'Time': Timestamp('2007-09-28 10:12:18'), 'mag': 5.0}, {'lat': -21.53, 'long': 169.259, 'Time': Timestamp('2007-09-28 10:40:35'), 'mag': 5.2}, {'lat': -21.402, 'long': 169.193, 'Time': Timestamp('2007-09-28 11:12:40'), 'mag': 5.8}, {'lat': -21.329, 'long': 169.141, 'Time': Timestamp('2007-09-28 11:16:39'), 'mag': 5.9}, {'lat': -21.431, 'long': 169.226, 'Time': Timestamp('2007-09-28 16:02:19'), 'mag': 5.1}, {'lat': -21.158, 'long': 169.243, 'Time': Timestamp('2007-09-29 15:36:44'), 'mag': 5.7}, {'lat': -21.14, 'long': 169.281, 'Time': Timestamp('2007-09-29 15:49:54'), 'mag': 5.0}, {'lat': -21.096, 'long': 169.269, 'Time': Timestamp('2007-09-29 17:24:58'), 'mag': 5.6}, {'lat': -21.463, 'long': 170.956, 'Time': Timestamp('2007-09-29 23:38:01'), 'mag': 5.1}, {'lat': -37.78, 'long': 176.83, 'Time': Timestamp('2007-09-29 13:12:38'), 'mag': 5.0}, {'lat': -37.78, 'long': 176.83, 'Time': Timestamp('2007-09-29 13:12:38'), 'mag': 5.0}]",46,18
1320,2007-09-19 05:06:27.800,1,"[{'lat': 19.245, 'long': 121.258, 'Time': Timestamp('2007-09-20 03:31:09'), 'mag': 5.3}, {'lat': -2.746, 'long': 100.892, 'Time': Timestamp('2007-09-19 07:27:50'), 'mag': 6.0}, {'lat': -1.999, 'long': 100.141, 'Time': Timestamp('2007-09-20 08:31:14'), 'mag': 6.7}, {'lat': -2.746, 'long': 100.892, 'Time': Timestamp('2007-09-19 07:27:50'), 'mag': 6.0}, {'lat': -4.303, 'long': 101.229, 'Time': Timestamp('2007-09-20 00:50:19'), 'mag': 5.0}, {'lat': -1.999, 'long': 100.141, 'Time': Timestamp('2007-09-20 08:31:14'), 'mag': 6.7}, {'lat': -2.746, 'long': 100.892, 'Time': Timestamp('2007-09-19 07:27:50'), 'mag': 6.0}, {'lat': -4.303, 'long': 101.229, 'Time': Timestamp('2007-09-20 00:50:19'), 'mag': 5.0}, {'lat': -1.999, 'long': 100.141, 'Time': Timestamp('2007-09-20 08:31:14'), 'mag': 6.7}]",9,9
1321,2007-09-22 09:59:49.569,1,"[{'lat': 35.27, 'long': 27.12, 'Time': Timestamp('2007-09-23 00:54:29'), 'mag': 5.3}]",1,12
1322,2007-10-10 13:19:23.195,0,[],0,30
1323,2007-09-22 16:36:53.249,1,"[{'lat': -12.686, 'long': -71.316, 'Time': Timestamp('2007-09-24 02:25:44'), 'mag': 5.1}, {'lat': -12.686, 'long': -71.316, 'Time': Timestamp('2007-09-24 02:25:44'), 'mag': 5.1}, {'lat': -12.686, 'long': -71.316, 'Time': Timestamp('2007-09-24 02:25:44'), 'mag': 5.1}]",3,12
1324,2007-09-18 19:51:23.615,0,[],0,8
1325,2007-10-04 23:04:50.443,1,"[{'lat': -15.239, 'long': -174.245, 'Time': Timestamp('2007-10-05 03:52:12'), 'mag': 5.1}, {'lat': -15.25, 'long': -175.25, 'Time': Timestamp('2007-10-05 03:52:24'), 'mag': 5.1}, {'lat': -16.775, 'long': -177.388, 'Time': Timestamp('2007-10-05 04:17:12'), 'mag': 5.0}, {'lat': -15.239, 'long': -174.245, 'Time': Timestamp('2007-10-05 03:52:12'), 'mag': 5.1}, {'lat': -15.25, 'long': -175.25, 'Time': Timestamp('2007-10-05 03:52:24'), 'mag': 5.1}, {'lat': -16.775, 'long': -177.388, 'Time': Timestamp('2007-10-05 04:17:12'), 'mag': 5.0}, {'lat': -23.244, 'long': -177.181, 'Time': Timestamp('2007-10-06 03:03:36'), 'mag': 5.3}, {'lat': -15.239, 'long': -174.245, 'Time': Timestamp('2007-10-05 03:52:12'), 'mag': 5.1}, {'lat': -15.25, 'long': -175.25, 'Time': Timestamp('2007-10-05 03:52:24'), 'mag': 5.1}, {'lat': -16.775, 'long': -177.388, 'Time': Timestamp('2007-10-05 04:17:12'), 'mag': 5.0}, {'lat': -23.244, 'long': -177.181, 'Time': Timestamp('2007-10-06 03:03:36'), 'mag': 5.3}, {'lat': -23.244, 'long': -177.181, 'Time': Timestamp('2007-10-06 03:03:36'), 'mag': 5.3}, {'lat': -11.976, 'long': 165.86, 'Time': Timestamp('2007-10-06 02:37:16'), 'mag': 5.1}, {'lat': -11.976, 'long': 165.86, 'Time': Timestamp('2007-10-06 02:37:16'), 'mag': 5.1}]",14,24
1326,2007-09-17 08:51:48.828,0,[],0,6
1327,2007-10-04 12:10:53.570,0,[],0,23
1328,2007-09-30 15:29:20.711,0,[],0,19
1329,2007-09-22 18:44:23.677,0,[],0,11
1330,2007-09-25 12:41:54.057,1,"[{'lat': -7.074, 'long': -11.713, 'Time': Timestamp('2007-09-26 18:39:34'), 'mag': 5.6}, {'lat': -7.074, 'long': -11.713, 'Time': Timestamp('2007-09-26 18:39:34'), 'mag': 5.6}]",2,13
1331,2007-09-21 15:59:44.663,1,"[{'lat': -45.913, 'long': -76.276, 'Time': Timestamp('2007-09-22 08:01:03'), 'mag': 5.5}, {'lat': -45.913, 'long': -76.276, 'Time': Timestamp('2007-09-22 08:01:03'), 'mag': 5.5}, {'lat': -45.913, 'long': -76.276, 'Time': Timestamp('2007-09-22 08:01:03'), 'mag': 5.5}, {'lat': 5.759, 'long': -77.437, 'Time': Timestamp('2007-09-22 11:44:39'), 'mag': 5.0}, {'lat': 5.759, 'long': -77.437, 'Time': Timestamp('2007-09-22 11:44:39'), 'mag': 5.0}, {'lat': 5.759, 'long': -77.437, 'Time': Timestamp('2007-09-22 11:44:39'), 'mag': 5.0}]",6,9
1332,2007-09-25 22:28:53.217,1,"[{'lat': -21.103, 'long': 169.283, 'Time': Timestamp('2007-09-27 19:57:44'), 'mag': 6.1}, {'lat': -21.164, 'long': 169.214, 'Time': Timestamp('2007-09-27 20:00:55'), 'mag': 5.2}, {'lat': -21.334, 'long': 169.336, 'Time': Timestamp('2007-09-27 20:04:06'), 'mag': 5.1}, {'lat': -21.27, 'long': 169.474, 'Time': Timestamp('2007-09-27 20:11:07'), 'mag': 5.0}, {'lat': -21.203, 'long': 169.309, 'Time': Timestamp('2007-09-27 20:25:58'), 'mag': 5.3}, {'lat': -21.192, 'long': 169.26, 'Time': Timestamp('2007-09-27 20:47:20'), 'mag': 5.2}, {'lat': -21.302, 'long': 169.433, 'Time': Timestamp('2007-09-27 21:02:05'), 'mag': 5.0}, {'lat': -21.207, 'long': 169.388, 'Time': Timestamp('2007-09-27 21:05:33'), 'mag': 5.5}, {'lat': -21.172, 'long': 169.186, 'Time': Timestamp('2007-09-27 21:26:57'), 'mag': 5.3}, {'lat': -21.29, 'long': 169.37, 'Time': Timestamp('2007-09-27 22:01:12'), 'mag': 5.4}, {'lat': -21.096, 'long': 169.242, 'Time': Timestamp('2007-09-27 22:10:10'), 'mag': 5.0}, {'lat': -21.103, 'long': 169.283, 'Time': Timestamp('2007-09-27 19:57:44'), 'mag': 6.1}, {'lat': -21.164, 'long': 169.214, 'Time': Timestamp('2007-09-27 20:00:55'), 'mag': 5.2}, {'lat': -21.334, 'long': 169.336, 'Time': Timestamp('2007-09-27 20:04:06'), 'mag': 5.1}, {'lat': -21.27, 'long': 169.474, 'Time': Timestamp('2007-09-27 20:11:07'), 'mag': 5.0}, {'lat': -21.203, 'long': 169.309, 'Time': Timestamp('2007-09-27 20:25:58'), 'mag': 5.3}, {'lat': -21.192, 'long': 169.26, 'Time': Timestamp('2007-09-27 20:47:20'), 'mag': 5.2}, {'lat': -21.302, 'long': 169.433, 'Time': Timestamp('2007-09-27 21:02:05'), 'mag': 5.0}, {'lat': -21.207, 'long': 169.388, 'Time': Timestamp('2007-09-27 21:05:33'), 'mag': 5.5}, {'lat': -21.172, 'long': 169.186, 'Time': Timestamp('2007-09-27 21:26:57'), 'mag': 5.3}, {'lat': -21.29, 'long': 169.37, 'Time': Timestamp('2007-09-27 22:01:12'), 'mag': 5.4}, {'lat': -21.096, 'long': 169.242, 'Time': Timestamp('2007-09-27 22:10:10'), 'mag': 5.0}, {'lat': -21.103, 'long': 169.283, 'Time': Timestamp('2007-09-27 19:57:44'), 'mag': 6.1}, {'lat': -21.164, 'long': 169.214, 'Time': Timestamp('2007-09-27 20:00:55'), 'mag': 5.2}, {'lat': -21.334, 'long': 169.336, 'Time': Timestamp('2007-09-27 20:04:06'), 'mag': 5.1}, {'lat': -21.27, 'long': 169.474, 'Time': Timestamp('2007-09-27 20:11:07'), 'mag': 5.0}, {'lat': -21.203, 'long': 169.309, 'Time': Timestamp('2007-09-27 20:25:58'), 'mag': 5.3}, {'lat': -21.192, 'long': 169.26, 'Time': Timestamp('2007-09-27 20:47:20'), 'mag': 5.2}, {'lat': -21.302, 'long': 169.433, 'Time': Timestamp('2007-09-27 21:02:05'), 'mag': 5.0}, {'lat': -21.207, 'long': 169.388, 'Time': Timestamp('2007-09-27 21:05:33'), 'mag': 5.5}, {'lat': -21.172, 'long': 169.186, 'Time': Timestamp('2007-09-27 21:26:57'), 'mag': 5.3}, {'lat': -21.29, 'long': 169.37, 'Time': Timestamp('2007-09-27 22:01:12'), 'mag': 5.4}, {'lat': -21.096, 'long': 169.242, 'Time': Timestamp('2007-09-27 22:10:10'), 'mag': 5.0}, {'lat': -39.54, 'long': 178.5, 'Time': Timestamp('2007-09-26 10:54:16'), 'mag': 5.0}, {'lat': -39.54, 'long': 178.5, 'Time': Timestamp('2007-09-26 10:54:16'), 'mag': 5.0}, {'lat': -39.54, 'long': 178.5, 'Time': Timestamp('2007-09-26 10:54:16'), 'mag': 5.0}]",36,13
1333,2007-10-04 01:42:51.585,1,"[{'lat': 27.923, 'long': 139.559, 'Time': Timestamp('2007-10-04 04:48:04'), 'mag': 5.0}, {'lat': 27.923, 'long': 139.559, 'Time': Timestamp('2007-10-04 04:48:04'), 'mag': 5.0}, {'lat': 27.923, 'long': 139.559, 'Time': Timestamp('2007-10-04 04:48:04'), 'mag': 5.0}, {'lat': -8.285, 'long': 116.811, 'Time': Timestamp('2007-10-04 14:28:35'), 'mag': 5.7}]",4,21
1334,2007-09-28 06:38:24.199,0,[],0,15
1335,2007-10-02 09:53:49.832,0,[],0,19
1336,2007-10-06 13:12:53.458,1,"[{'lat': -42.01, 'long': -16.245, 'Time': Timestamp('2007-10-08 08:18:41'), 'mag': 5.1}, {'lat': -42.01, 'long': -16.245, 'Time': Timestamp('2007-10-08 08:18:41'), 'mag': 5.1}]",2,23
1337,2007-10-05 16:30:23.512,1,"[{'lat': -13.612, 'long': -76.984, 'Time': Timestamp('2007-10-05 20:29:03'), 'mag': 5.1}, {'lat': -13.612, 'long': -76.984, 'Time': Timestamp('2007-10-05 20:29:03'), 'mag': 5.1}, {'lat': -13.612, 'long': -76.984, 'Time': Timestamp('2007-10-05 20:29:03'), 'mag': 5.1}, {'lat': -0.413, 'long': -91.278, 'Time': Timestamp('2007-10-07 08:34:10'), 'mag': 5.2}, {'lat': -0.413, 'long': -91.278, 'Time': Timestamp('2007-10-07 08:34:10'), 'mag': 5.2}, {'lat': -0.413, 'long': -91.278, 'Time': Timestamp('2007-10-07 08:34:10'), 'mag': 5.2}]",6,22
1338,2007-10-04 19:45:23.566,1,"[{'lat': 19.222, 'long': -108.29, 'Time': Timestamp('2007-10-05 09:38:55'), 'mag': 5.4}, {'lat': 19.222, 'long': -108.29, 'Time': Timestamp('2007-10-05 09:38:55'), 'mag': 5.4}]",2,21
1339,2007-10-02 22:58:50.706,1,"[{'lat': 58.2824, 'long': -151.2868, 'Time': Timestamp('2007-10-03 14:06:12'), 'mag': 5.2}, {'lat': 58.2824, 'long': -151.2868, 'Time': Timestamp('2007-10-03 14:06:12'), 'mag': 5.2}, {'lat': 51.519, 'long': -178.402, 'Time': Timestamp('2007-10-03 02:25:50'), 'mag': 5.0}, {'lat': 51.675, 'long': -175.521, 'Time': Timestamp('2007-10-03 09:15:11'), 'mag': 5.0}, {'lat': 51.519, 'long': -178.402, 'Time': Timestamp('2007-10-03 02:25:50'), 'mag': 5.0}, {'lat': 51.675, 'long': -175.521, 'Time': Timestamp('2007-10-03 09:15:11'), 'mag': 5.0}, {'lat': 51.519, 'long': -178.402, 'Time': Timestamp('2007-10-03 02:25:50'), 'mag': 5.0}, {'lat': 51.675, 'long': -175.521, 'Time': Timestamp('2007-10-03 09:15:11'), 'mag': 5.0}, {'lat': -21.538, 'long': 168.28, 'Time': Timestamp('2007-10-03 23:36:09'), 'mag': 5.3}, {'lat': -21.538, 'long': 168.28, 'Time': Timestamp('2007-10-03 23:36:09'), 'mag': 5.3}, {'lat': -48.635, 'long': 164.658, 'Time': Timestamp('2007-10-03 01:43:25'), 'mag': 5.1}, {'lat': -48.724, 'long': 164.698, 'Time': Timestamp('2007-10-03 03:32:56'), 'mag': 5.1}, {'lat': -48.655, 'long': 164.622, 'Time': Timestamp('2007-10-03 18:03:03'), 'mag': 5.2}, {'lat': -42.16, 'long': 172.88, 'Time': Timestamp('2007-10-03 19:15:10'), 'mag': 5.4}, {'lat': -48.635, 'long': 164.658, 'Time': Timestamp('2007-10-03 01:43:25'), 'mag': 5.1}, {'lat': -48.724, 'long': 164.698, 'Time': Timestamp('2007-10-03 03:32:56'), 'mag': 5.1}, {'lat': -48.655, 'long': 164.622, 'Time': Timestamp('2007-10-03 18:03:03'), 'mag': 5.2}, {'lat': -48.635, 'long': 164.658, 'Time': Timestamp('2007-10-03 01:43:25'), 'mag': 5.1}, {'lat': -48.724, 'long': 164.698, 'Time': Timestamp('2007-10-03 03:32:56'), 'mag': 5.1}, {'lat': -48.655, 'long': 164.622, 'Time': Timestamp('2007-10-03 18:03:03'), 'mag': 5.2}]",20,19
1340,2007-09-21 02:13:25.301,1,"[{'lat': 24.855, 'long': 125.267, 'Time': Timestamp('2007-09-22 08:00:18'), 'mag': 5.1}, {'lat': 24.855, 'long': 125.267, 'Time': Timestamp('2007-09-22 08:00:18'), 'mag': 5.1}, {'lat': 13.033, 'long': 124.518, 'Time': Timestamp('2007-09-22 03:59:37'), 'mag': 5.1}, {'lat': 24.855, 'long': 125.267, 'Time': Timestamp('2007-09-22 08:00:18'), 'mag': 5.1}, {'lat': 13.033, 'long': 124.518, 'Time': Timestamp('2007-09-22 03:59:37'), 'mag': 5.1}, {'lat': 2.258, 'long': 126.768, 'Time': Timestamp('2007-09-22 06:52:50'), 'mag': 5.0}, {'lat': 13.033, 'long': 124.518, 'Time': Timestamp('2007-09-22 03:59:37'), 'mag': 5.1}, {'lat': 2.258, 'long': 126.768, 'Time': Timestamp('2007-09-22 06:52:50'), 'mag': 5.0}, {'lat': 2.258, 'long': 126.768, 'Time': Timestamp('2007-09-22 06:52:50'), 'mag': 5.0}]",9,7
1341,2007-09-21 05:30:56.136,1,"[{'lat': -2.181, 'long': 99.53, 'Time': Timestamp('2007-09-21 13:33:09'), 'mag': 5.1}, {'lat': -4.337, 'long': 101.057, 'Time': Timestamp('2007-09-22 08:03:39'), 'mag': 5.0}, {'lat': -2.003, 'long': 99.939, 'Time': Timestamp('2007-09-22 11:02:44'), 'mag': 5.3}, {'lat': -2.181, 'long': 99.53, 'Time': Timestamp('2007-09-21 13:33:09'), 'mag': 5.1}, {'lat': -4.337, 'long': 101.057, 'Time': Timestamp('2007-09-22 08:03:39'), 'mag': 5.0}, {'lat': -2.003, 'long': 99.939, 'Time': Timestamp('2007-09-22 11:02:44'), 'mag': 5.3}, {'lat': -2.181, 'long': 99.53, 'Time': Timestamp('2007-09-21 13:33:09'), 'mag': 5.1}, {'lat': -4.337, 'long': 101.057, 'Time': Timestamp('2007-09-22 08:03:39'), 'mag': 5.0}, {'lat': -2.003, 'long': 99.939, 'Time': Timestamp('2007-09-22 11:02:44'), 'mag': 5.3}]",9,7
1342,2007-10-09 08:47:21.971,0,[],0,25
1343,2007-09-24 12:04:23.832,0,[],0,10
1344,2007-09-28 15:22:52.302,0,[],0,14
1345,2007-10-03 18:38:19.822,1,"[{'lat': 19.222, 'long': -108.29, 'Time': Timestamp('2007-10-05 09:38:55'), 'mag': 5.4}, {'lat': 19.222, 'long': -108.29, 'Time': Timestamp('2007-10-05 09:38:55'), 'mag': 5.4}]",2,19
1346,2007-10-10 21:52:16.873,1,"[{'lat': -33.209, 'long': -178.224, 'Time': Timestamp('2007-10-12 14:43:09'), 'mag': 5.3}, {'lat': -33.209, 'long': -178.224, 'Time': Timestamp('2007-10-12 14:43:09'), 'mag': 5.3}, {'lat': -36.59, 'long': 177.1, 'Time': Timestamp('2007-10-11 10:19:12'), 'mag': 5.1}, {'lat': -49.052, 'long': 164.31, 'Time': Timestamp('2007-10-11 16:25:05'), 'mag': 5.6}]",4,26
1347,2007-09-20 01:06:22.908,1,"[{'lat': 51.658, 'long': 178.785, 'Time': Timestamp('2007-09-20 17:08:45'), 'mag': 5.0}, {'lat': 51.658, 'long': 178.785, 'Time': Timestamp('2007-09-20 17:08:45'), 'mag': 5.0}, {'lat': -58.551, 'long': 149.042, 'Time': Timestamp('2007-09-20 02:24:07'), 'mag': 5.3}, {'lat': 35.185, 'long': 140.832, 'Time': Timestamp('2007-09-20 22:54:31'), 'mag': 5.0}, {'lat': 35.185, 'long': 140.832, 'Time': Timestamp('2007-09-20 22:54:31'), 'mag': 5.0}]",5,5
1348,2007-10-15 06:01:24.097,1,"[{'lat': 2.975, 'long': 96.455, 'Time': Timestamp('2007-10-17 02:55:29'), 'mag': 5.0}, {'lat': 2.975, 'long': 96.455, 'Time': Timestamp('2007-10-17 02:55:29'), 'mag': 5.0}]",2,30
1349,2007-10-14 09:16:23.180,0,[],0,29
1350,2007-09-22 12:35:53.234,0,[],0,7
1351,2007-09-27 15:53:53.288,0,[],0,12
1352,2007-09-24 19:08:53.341,0,[],0,9
1353,2007-10-10 22:22:23.394,1,"[{'lat': -18.495, 'long': 169.0, 'Time': Timestamp('2007-10-11 05:31:55'), 'mag': 5.4}, {'lat': -21.236, 'long': 170.26, 'Time': Timestamp('2007-10-10 23:11:41'), 'mag': 5.4}, {'lat': -18.495, 'long': 169.0, 'Time': Timestamp('2007-10-11 05:31:55'), 'mag': 5.4}, {'lat': -21.236, 'long': 170.26, 'Time': Timestamp('2007-10-10 23:11:41'), 'mag': 5.4}, {'lat': -18.495, 'long': 169.0, 'Time': Timestamp('2007-10-11 05:31:55'), 'mag': 5.4}, {'lat': -36.59, 'long': 177.1, 'Time': Timestamp('2007-10-11 10:19:12'), 'mag': 5.1}, {'lat': -36.59, 'long': 177.1, 'Time': Timestamp('2007-10-11 10:19:12'), 'mag': 5.1}, {'lat': -49.052, 'long': 164.31, 'Time': Timestamp('2007-10-11 16:25:05'), 'mag': 5.6}, {'lat': -49.052, 'long': 164.31, 'Time': Timestamp('2007-10-11 16:25:05'), 'mag': 5.6}, {'lat': -49.052, 'long': 164.31, 'Time': Timestamp('2007-10-11 16:25:05'), 'mag': 5.6}]",10,25
1354,2007-10-06 01:36:53.447,1,"[{'lat': -11.976, 'long': 165.86, 'Time': Timestamp('2007-10-06 02:37:16'), 'mag': 5.1}, {'lat': 35.567, 'long': 140.505, 'Time': Timestamp('2007-10-07 13:36:06'), 'mag': 5.0}, {'lat': 35.567, 'long': 140.505, 'Time': Timestamp('2007-10-07 13:36:06'), 'mag': 5.0}, {'lat': 18.73, 'long': 147.148, 'Time': Timestamp('2007-10-06 12:38:49'), 'mag': 6.1}, {'lat': 18.73, 'long': 147.148, 'Time': Timestamp('2007-10-06 12:38:49'), 'mag': 6.1}, {'lat': 12.189, 'long': 125.538, 'Time': Timestamp('2007-10-07 18:30:43'), 'mag': 5.1}, {'lat': 12.189, 'long': 125.538, 'Time': Timestamp('2007-10-07 18:30:43'), 'mag': 5.1}, {'lat': 12.189, 'long': 125.538, 'Time': Timestamp('2007-10-07 18:30:43'), 'mag': 5.1}]",8,20
1355,2007-10-06 06:31:55.704,0,[],0,20
1356,2007-10-03 09:47:19.462,0,[],0,17
1357,2007-09-21 13:06:53.635,1,"[{'lat': 42.876, 'long': -31.873, 'Time': Timestamp('2007-09-22 06:35:27'), 'mag': 5.2}, {'lat': 42.876, 'long': -31.873, 'Time': Timestamp('2007-09-22 06:35:27'), 'mag': 5.2}, {'lat': 42.876, 'long': -31.873, 'Time': Timestamp('2007-09-22 06:35:27'), 'mag': 5.2}]",3,5
1358,2007-10-02 21:18:49.305,1,"[{'lat': 58.2824, 'long': -151.2868, 'Time': Timestamp('2007-10-03 14:06:12'), 'mag': 5.2}]",1,16
1359,2007-10-15 00:29:53.821,1,"[{'lat': 56.131, 'long': -162.144, 'Time': Timestamp('2007-10-16 10:18:02'), 'mag': 5.0}, {'lat': 56.131, 'long': -162.144, 'Time': Timestamp('2007-10-16 10:18:02'), 'mag': 5.0}, {'lat': -18.087, 'long': 168.104, 'Time': Timestamp('2007-10-16 18:53:45'), 'mag': 5.2}, {'lat': -18.087, 'long': 168.104, 'Time': Timestamp('2007-10-16 18:53:45'), 'mag': 5.2}, {'lat': -25.775, 'long': 179.53, 'Time': Timestamp('2007-10-16 21:05:43'), 'mag': 6.6}, {'lat': -18.087, 'long': 168.104, 'Time': Timestamp('2007-10-16 18:53:45'), 'mag': 5.2}, {'lat': -44.796, 'long': 167.553, 'Time': Timestamp('2007-10-15 12:29:34'), 'mag': 6.8}, {'lat': -44.81, 'long': 167.5, 'Time': Timestamp('2007-10-15 12:35:38'), 'mag': 5.1}, {'lat': -44.793, 'long': 167.458, 'Time': Timestamp('2007-10-15 21:28:23'), 'mag': 6.1}, {'lat': -44.7, 'long': 167.24, 'Time': Timestamp('2007-10-16 16:38:47'), 'mag': 5.0}, {'lat': -44.796, 'long': 167.553, 'Time': Timestamp('2007-10-15 12:29:34'), 'mag': 6.8}, {'lat': -44.81, 'long': 167.5, 'Time': Timestamp('2007-10-15 12:35:38'), 'mag': 5.1}, {'lat': -44.793, 'long': 167.458, 'Time': Timestamp('2007-10-15 21:28:23'), 'mag': 6.1}, {'lat': -44.7, 'long': 167.24, 'Time': Timestamp('2007-10-16 16:38:47'), 'mag': 5.0}, {'lat': -44.796, 'long': 167.553, 'Time': Timestamp('2007-10-15 12:29:34'), 'mag': 6.8}, {'lat': -44.81, 'long': 167.5, 'Time': Timestamp('2007-10-15 12:35:38'), 'mag': 5.1}, {'lat': -44.793, 'long': 167.458, 'Time': Timestamp('2007-10-15 21:28:23'), 'mag': 6.1}, {'lat': -44.7, 'long': 167.24, 'Time': Timestamp('2007-10-16 16:38:47'), 'mag': 5.0}]",18,28
1360,2007-09-25 08:39:21.388,0,[],0,8
1361,2007-10-15 11:58:24.009,0,[],0,28
1362,2007-10-06 15:16:54.063,0,[],0,19
1363,2007-10-03 18:32:23.116,1,"[{'lat': 19.222, 'long': -108.29, 'Time': Timestamp('2007-10-05 09:38:55'), 'mag': 5.4}, {'lat': 19.222, 'long': -108.29, 'Time': Timestamp('2007-10-05 09:38:55'), 'mag': 5.4}]",2,16
1364,2007-10-12 21:45:25.346,1,"[{'lat': 61.831, 'long': -151.7471, 'Time': Timestamp('2007-10-13 15:15:20'), 'mag': 5.2}, {'lat': 61.831, 'long': -151.7471, 'Time': Timestamp('2007-10-13 15:15:20'), 'mag': 5.2}]",2,25
1365,2007-10-14 01:00:23.223,1,"[{'lat': -21.16, 'long': 169.296, 'Time': Timestamp('2007-10-14 03:48:31'), 'mag': 5.2}, {'lat': -21.188, 'long': 169.308, 'Time': Timestamp('2007-10-14 07:28:37'), 'mag': 5.0}, {'lat': -21.16, 'long': 169.296, 'Time': Timestamp('2007-10-14 03:48:31'), 'mag': 5.2}, {'lat': -21.188, 'long': 169.308, 'Time': Timestamp('2007-10-14 07:28:37'), 'mag': 5.0}, {'lat': -21.16, 'long': 169.296, 'Time': Timestamp('2007-10-14 03:48:31'), 'mag': 5.2}, {'lat': -21.188, 'long': 169.308, 'Time': Timestamp('2007-10-14 07:28:37'), 'mag': 5.0}, {'lat': -44.796, 'long': 167.553, 'Time': Timestamp('2007-10-15 12:29:34'), 'mag': 6.8}, {'lat': -44.81, 'long': 167.5, 'Time': Timestamp('2007-10-15 12:35:38'), 'mag': 5.1}, {'lat': -44.793, 'long': 167.458, 'Time': Timestamp('2007-10-15 21:28:23'), 'mag': 6.1}]",9,26
1366,2007-10-02 07:33:26.209,1,"[{'lat': 13.439, 'long': 40.828, 'Time': Timestamp('2007-10-02 09:06:31'), 'mag': 5.0}, {'lat': 13.439, 'long': 40.828, 'Time': Timestamp('2007-10-02 09:06:31'), 'mag': 5.0}, {'lat': 13.439, 'long': 40.828, 'Time': Timestamp('2007-10-02 09:06:31'), 'mag': 5.0}]",3,14
1367,2007-10-11 10:49:49.265,0,[],0,23
1368,2007-09-30 14:08:53.437,0,[],0,12
1369,2007-09-24 17:25:23.491,1,"[{'lat': -9.09, 'long': -79.388, 'Time': Timestamp('2007-09-24 18:34:07'), 'mag': 5.0}, {'lat': -3.918, 'long': -79.208, 'Time': Timestamp('2007-09-26 04:43:17'), 'mag': 5.9}, {'lat': -9.09, 'long': -79.388, 'Time': Timestamp('2007-09-24 18:34:07'), 'mag': 5.0}, {'lat': -3.918, 'long': -79.208, 'Time': Timestamp('2007-09-26 04:43:17'), 'mag': 5.9}, {'lat': -9.09, 'long': -79.388, 'Time': Timestamp('2007-09-24 18:34:07'), 'mag': 5.0}]",5,6
1370,2007-09-29 20:36:20.977,0,[],0,11
1371,2007-10-14 23:53:23.597,1,"[{'lat': 56.131, 'long': -162.144, 'Time': Timestamp('2007-10-16 10:18:02'), 'mag': 5.0}, {'lat': 56.131, 'long': -162.144, 'Time': Timestamp('2007-10-16 10:18:02'), 'mag': 5.0}, {'lat': -18.087, 'long': 168.104, 'Time': Timestamp('2007-10-16 18:53:45'), 'mag': 5.2}, {'lat': -18.087, 'long': 168.104, 'Time': Timestamp('2007-10-16 18:53:45'), 'mag': 5.2}, {'lat': -25.775, 'long': 179.53, 'Time': Timestamp('2007-10-16 21:05:43'), 'mag': 6.6}, {'lat': -25.775, 'long': 179.53, 'Time': Timestamp('2007-10-16 21:05:43'), 'mag': 6.6}, {'lat': -44.796, 'long': 167.553, 'Time': Timestamp('2007-10-15 12:29:34'), 'mag': 6.8}, {'lat': -44.81, 'long': 167.5, 'Time': Timestamp('2007-10-15 12:35:38'), 'mag': 5.1}, {'lat': -44.793, 'long': 167.458, 'Time': Timestamp('2007-10-15 21:28:23'), 'mag': 6.1}, {'lat': -44.7, 'long': 167.24, 'Time': Timestamp('2007-10-16 16:38:47'), 'mag': 5.0}, {'lat': -44.796, 'long': 167.553, 'Time': Timestamp('2007-10-15 12:29:34'), 'mag': 6.8}, {'lat': -44.81, 'long': 167.5, 'Time': Timestamp('2007-10-15 12:35:38'), 'mag': 5.1}, {'lat': -44.793, 'long': 167.458, 'Time': Timestamp('2007-10-15 21:28:23'), 'mag': 6.1}, {'lat': -44.7, 'long': 167.24, 'Time': Timestamp('2007-10-16 16:38:47'), 'mag': 5.0}, {'lat': -44.796, 'long': 167.553, 'Time': Timestamp('2007-10-15 12:29:34'), 'mag': 6.8}, {'lat': -44.81, 'long': 167.5, 'Time': Timestamp('2007-10-15 12:35:38'), 'mag': 5.1}, {'lat': -44.793, 'long': 167.458, 'Time': Timestamp('2007-10-15 21:28:23'), 'mag': 6.1}, {'lat': -44.7, 'long': 167.24, 'Time': Timestamp('2007-10-16 16:38:47'), 'mag': 5.0}]",18,26
1372,2007-10-01 08:04:26.611,1,"[{'lat': 13.439, 'long': 40.828, 'Time': Timestamp('2007-10-02 09:06:31'), 'mag': 5.0}, {'lat': 13.439, 'long': 40.828, 'Time': Timestamp('2007-10-02 09:06:31'), 'mag': 5.0}, {'lat': 13.439, 'long': 40.828, 'Time': Timestamp('2007-10-02 09:06:31'), 'mag': 5.0}]",3,12
1373,2007-10-16 11:20:53.738,0,[],0,27
1374,2007-10-12 14:39:52.342,0,[],0,23
1375,2007-10-15 21:06:51.120,1,"[{'lat': -33.033, 'long': -178.319, 'Time': Timestamp('2007-10-16 08:41:45'), 'mag': 5.4}, {'lat': -33.033, 'long': -178.319, 'Time': Timestamp('2007-10-16 08:41:45'), 'mag': 5.4}]",2,26
1376,2007-09-30 00:23:53.086,1,"[{'lat': -49.271, 'long': 164.115, 'Time': Timestamp('2007-09-30 05:23:34'), 'mag': 7.4}, {'lat': -49.138, 'long': 164.11, 'Time': Timestamp('2007-09-30 09:47:51'), 'mag': 6.6}, {'lat': -49.103, 'long': 164.175, 'Time': Timestamp('2007-10-01 13:35:26'), 'mag': 5.0}, {'lat': -49.263, 'long': 163.659, 'Time': Timestamp('2007-10-01 16:19:57'), 'mag': 5.0}, {'lat': -49.271, 'long': 164.115, 'Time': Timestamp('2007-09-30 05:23:34'), 'mag': 7.4}, {'lat': -49.138, 'long': 164.11, 'Time': Timestamp('2007-09-30 09:47:51'), 'mag': 6.6}, {'lat': -49.103, 'long': 164.175, 'Time': Timestamp('2007-10-01 13:35:26'), 'mag': 5.0}, {'lat': -49.263, 'long': 163.659, 'Time': Timestamp('2007-10-01 16:19:57'), 'mag': 5.0}, {'lat': -49.271, 'long': 164.115, 'Time': Timestamp('2007-09-30 05:23:34'), 'mag': 7.4}, {'lat': -49.138, 'long': 164.11, 'Time': Timestamp('2007-09-30 09:47:51'), 'mag': 6.6}, {'lat': -49.103, 'long': 164.175, 'Time': Timestamp('2007-10-01 13:35:26'), 'mag': 5.0}, {'lat': -49.263, 'long': 163.659, 'Time': Timestamp('2007-10-01 16:19:57'), 'mag': 5.0}, {'lat': 10.454, 'long': 145.718, 'Time': Timestamp('2007-09-30 02:08:30'), 'mag': 6.9}, {'lat': 10.521, 'long': 145.726, 'Time': Timestamp('2007-09-30 02:36:48'), 'mag': 5.0}, {'lat': 10.53, 'long': 145.553, 'Time': Timestamp('2007-09-30 08:35:08'), 'mag': 5.3}, {'lat': 10.516, 'long': 145.585, 'Time': Timestamp('2007-09-30 15:02:18'), 'mag': 5.5}, {'lat': 22.833, 'long': 142.552, 'Time': Timestamp('2007-10-01 10:06:18'), 'mag': 5.1}, {'lat': 10.405, 'long': 145.664, 'Time': Timestamp('2007-10-01 23:16:46'), 'mag': 5.3}, {'lat': 10.454, 'long': 145.718, 'Time': Timestamp('2007-09-30 02:08:30'), 'mag': 6.9}, {'lat': 10.521, 'long': 145.726, 'Time': Timestamp('2007-09-30 02:36:48'), 'mag': 5.0}, {'lat': 10.53, 'long': 145.553, 'Time': Timestamp('2007-09-30 08:35:08'), 'mag': 5.3}, {'lat': 10.516, 'long': 145.585, 'Time': Timestamp('2007-09-30 15:02:18'), 'mag': 5.5}, {'lat': 10.405, 'long': 145.664, 'Time': Timestamp('2007-10-01 23:16:46'), 'mag': 5.3}, {'lat': -3.102, 'long': 148.296, 'Time': Timestamp('2007-10-01 13:49:07'), 'mag': 5.1}, {'lat': -3.158, 'long': 148.223, 'Time': Timestamp('2007-10-01 13:50:24'), 'mag': 5.9}, {'lat': -3.102, 'long': 148.296, 'Time': Timestamp('2007-10-01 13:49:07'), 'mag': 5.1}, {'lat': -3.158, 'long': 148.223, 'Time': Timestamp('2007-10-01 13:50:24'), 'mag': 5.9}]",27,10
1377,2007-10-09 05:18:22.810,1,"[{'lat': -1.735, 'long': 99.48, 'Time': Timestamp('2007-10-10 00:19:16'), 'mag': 5.9}, {'lat': 9.702, 'long': 91.8, 'Time': Timestamp('2007-10-10 12:25:36'), 'mag': 5.2}, {'lat': -1.735, 'long': 99.48, 'Time': Timestamp('2007-10-10 00:19:16'), 'mag': 5.9}, {'lat': -1.735, 'long': 99.48, 'Time': Timestamp('2007-10-10 00:19:16'), 'mag': 5.9}, {'lat': 42.927, 'long': 77.868, 'Time': Timestamp('2007-10-09 16:00:42'), 'mag': 5.0}, {'lat': 42.927, 'long': 77.868, 'Time': Timestamp('2007-10-09 16:00:42'), 'mag': 5.0}]",6,19
1378,2007-09-25 08:34:48.645,0,[],0,5
1379,2007-09-25 11:51:53.273,1,"[{'lat': -7.074, 'long': -11.713, 'Time': Timestamp('2007-09-26 18:39:34'), 'mag': 5.6}, {'lat': -7.074, 'long': -11.713, 'Time': Timestamp('2007-09-26 18:39:34'), 'mag': 5.6}]",2,5
1380,2007-10-19 15:10:22.302,1,"[{'lat': -36.469, 'long': -73.006, 'Time': Timestamp('2007-10-20 19:56:21'), 'mag': 5.2}, {'lat': -40.952, 'long': -89.598, 'Time': Timestamp('2007-10-20 11:02:42'), 'mag': 5.3}, {'lat': -41.286, 'long': -89.569, 'Time': Timestamp('2007-10-20 11:18:32'), 'mag': 5.2}, {'lat': -36.469, 'long': -73.006, 'Time': Timestamp('2007-10-20 19:56:21'), 'mag': 5.2}, {'lat': -40.952, 'long': -89.598, 'Time': Timestamp('2007-10-20 11:02:42'), 'mag': 5.3}, {'lat': -41.286, 'long': -89.569, 'Time': Timestamp('2007-10-20 11:18:32'), 'mag': 5.2}, {'lat': -36.469, 'long': -73.006, 'Time': Timestamp('2007-10-20 19:56:21'), 'mag': 5.2}]",7,29
1381,2007-10-17 18:26:23.382,0,[],0,27
1382,2007-10-18 21:38:50.633,0,[],0,28
1383,2007-10-12 00:53:52.349,1,"[{'lat': -21.23, 'long': 169.195, 'Time': Timestamp('2007-10-13 17:45:53'), 'mag': 6.1}, {'lat': -21.23, 'long': 169.195, 'Time': Timestamp('2007-10-13 17:45:53'), 'mag': 6.1}, {'lat': -21.23, 'long': 169.195, 'Time': Timestamp('2007-10-13 17:45:53'), 'mag': 6.1}, {'lat': -54.371, 'long': 159.027, 'Time': Timestamp('2007-10-13 02:22:43'), 'mag': 5.4}, {'lat': -54.371, 'long': 159.027, 'Time': Timestamp('2007-10-13 02:22:43'), 'mag': 5.4}, {'lat': -5.694, 'long': 146.072, 'Time': Timestamp('2007-10-12 11:33:33'), 'mag': 5.0}, {'lat': -2.769, 'long': 140.239, 'Time': Timestamp('2007-10-13 13:16:01'), 'mag': 5.0}, {'lat': -5.694, 'long': 146.072, 'Time': Timestamp('2007-10-12 11:33:33'), 'mag': 5.0}, {'lat': -2.769, 'long': 140.239, 'Time': Timestamp('2007-10-13 13:16:01'), 'mag': 5.0}, {'lat': -5.694, 'long': 146.072, 'Time': Timestamp('2007-10-12 11:33:33'), 'mag': 5.0}, {'lat': -2.769, 'long': 140.239, 'Time': Timestamp('2007-10-13 13:16:01'), 'mag': 5.0}]",11,21
1384,2007-10-09 05:48:55.978,1,"[{'lat': 9.702, 'long': 91.8, 'Time': Timestamp('2007-10-10 12:25:36'), 'mag': 5.2}, {'lat': -1.735, 'long': 99.48, 'Time': Timestamp('2007-10-10 00:19:16'), 'mag': 5.9}, {'lat': 9.702, 'long': 91.8, 'Time': Timestamp('2007-10-10 12:25:36'), 'mag': 5.2}, {'lat': -1.735, 'long': 99.48, 'Time': Timestamp('2007-10-10 00:19:16'), 'mag': 5.9}, {'lat': -1.735, 'long': 99.48, 'Time': Timestamp('2007-10-10 00:19:16'), 'mag': 5.9}, {'lat': 42.927, 'long': 77.868, 'Time': Timestamp('2007-10-09 16:00:42'), 'mag': 5.0}, {'lat': 42.927, 'long': 77.868, 'Time': Timestamp('2007-10-09 16:00:42'), 'mag': 5.0}, {'lat': 42.927, 'long': 77.868, 'Time': Timestamp('2007-10-09 16:00:42'), 'mag': 5.0}]",8,18
1385,2007-10-12 09:03:50.373,0,[],0,21
1386,2007-10-08 12:23:23.675,1,"[{'lat': 38.552, 'long': -30.358, 'Time': Timestamp('2007-10-09 06:41:11'), 'mag': 5.0}]",1,17
1387,2007-10-10 15:41:26.018,0,[],0,19
1388,2007-10-21 18:56:19.664,1,"[{'lat': 19.286, 'long': -108.749, 'Time': Timestamp('2007-10-23 01:36:58'), 'mag': 5.0}, {'lat': 19.286, 'long': -108.749, 'Time': Timestamp('2007-10-23 01:36:58'), 'mag': 5.0}]",2,30
1389,2007-10-02 07:57:48.204,1,"[{'lat': 13.439, 'long': 40.828, 'Time': Timestamp('2007-10-02 09:06:31'), 'mag': 5.0}, {'lat': 13.439, 'long': 40.828, 'Time': Timestamp('2007-10-02 09:06:31'), 'mag': 5.0}, {'lat': 13.439, 'long': 40.828, 'Time': Timestamp('2007-10-02 09:06:31'), 'mag': 5.0}]",3,10
1390,2007-10-16 00:17:23.453,1,"[{'lat': 56.131, 'long': -162.144, 'Time': Timestamp('2007-10-16 10:18:02'), 'mag': 5.0}, {'lat': 56.131, 'long': -162.144, 'Time': Timestamp('2007-10-16 10:18:02'), 'mag': 5.0}, {'lat': 56.131, 'long': -162.144, 'Time': Timestamp('2007-10-16 10:18:02'), 'mag': 5.0}, {'lat': -18.087, 'long': 168.104, 'Time': Timestamp('2007-10-16 18:53:45'), 'mag': 5.2}, {'lat': -18.087, 'long': 168.104, 'Time': Timestamp('2007-10-16 18:53:45'), 'mag': 5.2}, {'lat': -25.775, 'long': 179.53, 'Time': Timestamp('2007-10-16 21:05:43'), 'mag': 6.6}, {'lat': -18.087, 'long': 168.104, 'Time': Timestamp('2007-10-16 18:53:45'), 'mag': 5.2}, {'lat': -25.775, 'long': 179.53, 'Time': Timestamp('2007-10-16 21:05:43'), 'mag': 6.6}, {'lat': -25.775, 'long': 179.53, 'Time': Timestamp('2007-10-16 21:05:43'), 'mag': 6.6}, {'lat': -44.7, 'long': 167.24, 'Time': Timestamp('2007-10-16 16:38:47'), 'mag': 5.0}, {'lat': -44.7, 'long': 167.24, 'Time': Timestamp('2007-10-16 16:38:47'), 'mag': 5.0}, {'lat': -44.7, 'long': 167.24, 'Time': Timestamp('2007-10-16 16:38:47'), 'mag': 5.0}]",12,23
1391,2007-10-15 08:28:47.493,0,[],0,22
1392,2007-10-08 11:45:53.450,1,"[{'lat': -54.679, 'long': 1.011, 'Time': Timestamp('2007-10-09 07:22:22'), 'mag': 5.2}]",1,15
1393,2007-10-11 15:04:18.382,0,[],0,18
1394,2007-10-21 23:10:50.724,1,"[{'lat': -15.081, 'long': 167.377, 'Time': Timestamp('2007-10-22 10:24:02'), 'mag': 5.0}, {'lat': -14.596, 'long': 171.615, 'Time': Timestamp('2007-10-22 20:27:40'), 'mag': 5.0}, {'lat': -21.431, 'long': 168.504, 'Time': Timestamp('2007-10-22 04:28:10'), 'mag': 5.1}, {'lat': -15.081, 'long': 167.377, 'Time': Timestamp('2007-10-22 10:24:02'), 'mag': 5.0}, {'lat': -14.596, 'long': 171.615, 'Time': Timestamp('2007-10-22 20:27:40'), 'mag': 5.0}, {'lat': -21.431, 'long': 168.504, 'Time': Timestamp('2007-10-22 04:28:10'), 'mag': 5.1}, {'lat': -15.081, 'long': 167.377, 'Time': Timestamp('2007-10-22 10:24:02'), 'mag': 5.0}, {'lat': -14.596, 'long': 171.615, 'Time': Timestamp('2007-10-22 20:27:40'), 'mag': 5.0}]",8,28
1395,2007-10-05 08:57:47.782,0,[],0,11
1396,2007-10-11 12:16:53.851,0,[],0,17
1397,2007-10-17 15:34:53.426,1,"[{'lat': 30.132, 'long': -42.594, 'Time': Timestamp('2007-10-18 16:13:14'), 'mag': 5.7}, {'lat': 30.132, 'long': -42.594, 'Time': Timestamp('2007-10-18 16:13:14'), 'mag': 5.7}, {'lat': 30.132, 'long': -42.594, 'Time': Timestamp('2007-10-18 16:13:14'), 'mag': 5.7}]",3,23
1398,2007-10-03 18:50:19.841,1,"[{'lat': 19.222, 'long': -108.29, 'Time': Timestamp('2007-10-05 09:38:55'), 'mag': 5.4}]",1,9
1399,2007-10-05 22:03:26.188,1,"[{'lat': -23.244, 'long': -177.181, 'Time': Timestamp('2007-10-06 03:03:36'), 'mag': 5.3}, {'lat': -23.244, 'long': -177.181, 'Time': Timestamp('2007-10-06 03:03:36'), 'mag': 5.3}]",2,11
1400,2007-10-22 01:18:21.598,1,"[{'lat': -6.347, 'long': 154.756, 'Time': Timestamp('2007-10-23 06:41:49'), 'mag': 5.3}, {'lat': -15.081, 'long': 167.377, 'Time': Timestamp('2007-10-22 10:24:02'), 'mag': 5.0}, {'lat': -6.347, 'long': 154.756, 'Time': Timestamp('2007-10-23 06:41:49'), 'mag': 5.3}, {'lat': -21.431, 'long': 168.504, 'Time': Timestamp('2007-10-22 04:28:10'), 'mag': 5.1}, {'lat': -15.081, 'long': 167.377, 'Time': Timestamp('2007-10-22 10:24:02'), 'mag': 5.0}, {'lat': -6.347, 'long': 154.756, 'Time': Timestamp('2007-10-23 06:41:49'), 'mag': 5.3}, {'lat': -15.081, 'long': 167.377, 'Time': Timestamp('2007-10-22 10:24:02'), 'mag': 5.0}, {'lat': 10.378, 'long': 145.861, 'Time': Timestamp('2007-10-23 20:23:20'), 'mag': 5.0}, {'lat': 10.378, 'long': 145.861, 'Time': Timestamp('2007-10-23 20:23:20'), 'mag': 5.0}, {'lat': -2.864, 'long': 141.315, 'Time': Timestamp('2007-10-22 06:11:12'), 'mag': 5.4}, {'lat': -2.827, 'long': 141.577, 'Time': Timestamp('2007-10-22 06:14:37'), 'mag': 5.0}, {'lat': -2.811, 'long': 141.375, 'Time': Timestamp('2007-10-22 08:17:17'), 'mag': 5.0}, {'lat': -2.859, 'long': 141.368, 'Time': Timestamp('2007-10-22 08:18:18'), 'mag': 5.1}, {'lat': 10.378, 'long': 145.861, 'Time': Timestamp('2007-10-23 20:23:20'), 'mag': 5.0}, {'lat': -2.864, 'long': 141.315, 'Time': Timestamp('2007-10-22 06:11:12'), 'mag': 5.4}, {'lat': -2.827, 'long': 141.577, 'Time': Timestamp('2007-10-22 06:14:37'), 'mag': 5.0}, {'lat': -2.811, 'long': 141.375, 'Time': Timestamp('2007-10-22 08:17:17'), 'mag': 5.0}, {'lat': -2.859, 'long': 141.368, 'Time': Timestamp('2007-10-22 08:18:18'), 'mag': 5.1}, {'lat': -2.864, 'long': 141.315, 'Time': Timestamp('2007-10-22 06:11:12'), 'mag': 5.4}, {'lat': -2.827, 'long': 141.577, 'Time': Timestamp('2007-10-22 06:14:37'), 'mag': 5.0}, {'lat': -2.811, 'long': 141.375, 'Time': Timestamp('2007-10-22 08:17:17'), 'mag': 5.0}, {'lat': -2.859, 'long': 141.368, 'Time': Timestamp('2007-10-22 08:18:18'), 'mag': 5.1}]",22,27
1401,2007-10-02 06:13:25.445,1,"[{'lat': -1.853, 'long': 99.779, 'Time': Timestamp('2007-10-02 14:39:58'), 'mag': 5.1}]",1,7
1402,2007-10-01 09:28:50.185,1,"[{'lat': 13.439, 'long': 40.828, 'Time': Timestamp('2007-10-02 09:06:31'), 'mag': 5.0}, {'lat': 13.439, 'long': 40.828, 'Time': Timestamp('2007-10-02 09:06:31'), 'mag': 5.0}, {'lat': 13.439, 'long': 40.828, 'Time': Timestamp('2007-10-02 09:06:31'), 'mag': 5.0}]",3,6
1403,2007-10-14 19:20:49.353,0,[],0,19
1404,2007-10-22 22:34:23.413,0,[],0,27
1405,2007-10-02 01:48:50.453,1,"[{'lat': 10.412, 'long': 145.81, 'Time': Timestamp('2007-10-02 17:14:44'), 'mag': 5.1}, {'lat': 10.404, 'long': 145.916, 'Time': Timestamp('2007-10-02 18:46:30'), 'mag': 5.0}, {'lat': 10.412, 'long': 145.81, 'Time': Timestamp('2007-10-02 17:14:44'), 'mag': 5.1}, {'lat': 10.404, 'long': 145.916, 'Time': Timestamp('2007-10-02 18:46:30'), 'mag': 5.0}, {'lat': 10.412, 'long': 145.81, 'Time': Timestamp('2007-10-02 17:14:44'), 'mag': 5.1}, {'lat': 10.404, 'long': 145.916, 'Time': Timestamp('2007-10-02 18:46:30'), 'mag': 5.0}, {'lat': 10.501, 'long': 140.14, 'Time': Timestamp('2007-10-02 04:45:50'), 'mag': 5.0}, {'lat': 10.501, 'long': 140.14, 'Time': Timestamp('2007-10-02 04:45:50'), 'mag': 5.0}, {'lat': 10.501, 'long': 140.14, 'Time': Timestamp('2007-10-02 04:45:50'), 'mag': 5.0}]",9,6
1406,2007-10-26 06:43:55.723,1,"[{'lat': 35.304, 'long': 76.753, 'Time': Timestamp('2007-10-26 06:50:06'), 'mag': 5.2}, {'lat': 35.304, 'long': 76.753, 'Time': Timestamp('2007-10-26 06:50:06'), 'mag': 5.2}, {'lat': 36.449, 'long': 70.367, 'Time': Timestamp('2007-10-27 21:09:46'), 'mag': 5.0}, {'lat': 36.449, 'long': 70.367, 'Time': Timestamp('2007-10-27 21:09:46'), 'mag': 5.0}, {'lat': 36.449, 'long': 70.367, 'Time': Timestamp('2007-10-27 21:09:46'), 'mag': 5.0}]",5,30
1407,2007-10-21 14:57:51.303,0,[],0,25
1408,2007-10-09 21:26:53.842,1,"[{'lat': 43.767, 'long': -127.87, 'Time': Timestamp('2007-10-10 00:15:15'), 'mag': 5.0}, {'lat': 43.767, 'long': -127.87, 'Time': Timestamp('2007-10-10 00:15:15'), 'mag': 5.0}, {'lat': 43.767, 'long': -127.87, 'Time': Timestamp('2007-10-10 00:15:15'), 'mag': 5.0}, {'lat': -15.379, 'long': -173.169, 'Time': Timestamp('2007-10-10 01:50:57'), 'mag': 5.4}, {'lat': -15.379, 'long': -173.169, 'Time': Timestamp('2007-10-10 01:50:57'), 'mag': 5.4}, {'lat': -15.379, 'long': -173.169, 'Time': Timestamp('2007-10-10 01:50:57'), 'mag': 5.4}]",6,13
1409,2007-10-15 00:41:48.695,1,"[{'lat': 56.131, 'long': -162.144, 'Time': Timestamp('2007-10-16 10:18:02'), 'mag': 5.0}, {'lat': 56.131, 'long': -162.144, 'Time': Timestamp('2007-10-16 10:18:02'), 'mag': 5.0}, {'lat': -18.087, 'long': 168.104, 'Time': Timestamp('2007-10-16 18:53:45'), 'mag': 5.2}, {'lat': -18.087, 'long': 168.104, 'Time': Timestamp('2007-10-16 18:53:45'), 'mag': 5.2}, {'lat': -18.087, 'long': 168.104, 'Time': Timestamp('2007-10-16 18:53:45'), 'mag': 5.2}, {'lat': -44.796, 'long': 167.553, 'Time': Timestamp('2007-10-15 12:29:34'), 'mag': 6.8}, {'lat': -44.81, 'long': 167.5, 'Time': Timestamp('2007-10-15 12:35:38'), 'mag': 5.1}, {'lat': -44.793, 'long': 167.458, 'Time': Timestamp('2007-10-15 21:28:23'), 'mag': 6.1}, {'lat': -44.7, 'long': 167.24, 'Time': Timestamp('2007-10-16 16:38:47'), 'mag': 5.0}, {'lat': -44.796, 'long': 167.553, 'Time': Timestamp('2007-10-15 12:29:34'), 'mag': 6.8}, {'lat': -44.81, 'long': 167.5, 'Time': Timestamp('2007-10-15 12:35:38'), 'mag': 5.1}, {'lat': -44.793, 'long': 167.458, 'Time': Timestamp('2007-10-15 21:28:23'), 'mag': 6.1}, {'lat': -44.7, 'long': 167.24, 'Time': Timestamp('2007-10-16 16:38:47'), 'mag': 5.0}]",13,18
1410,2007-10-16 07:14:56.447,0,[],0,19
1411,2007-10-26 10:30:52.287,1,"[{'lat': 37.72, 'long': 21.3, 'Time': Timestamp('2007-10-27 05:29:39'), 'mag': 5.1}]",1,29
1412,2007-10-22 13:49:53.144,1,"[{'lat': -1.63, 'long': -13.01, 'Time': Timestamp('2007-10-23 03:03:01'), 'mag': 5.0}]",1,25
1413,2007-10-14 17:06:53.198,1,"[{'lat': -46.128, 'long': -74.958, 'Time': Timestamp('2007-10-15 21:39:12'), 'mag': 5.1}, {'lat': -45.99, 'long': -76.367, 'Time': Timestamp('2007-10-16 13:37:53'), 'mag': 5.2}, {'lat': -46.128, 'long': -74.958, 'Time': Timestamp('2007-10-15 21:39:12'), 'mag': 5.1}, {'lat': -45.99, 'long': -76.367, 'Time': Timestamp('2007-10-16 13:37:53'), 'mag': 5.2}]",4,17
1414,2007-10-21 20:21:16.019,1,"[{'lat': 19.286, 'long': -108.749, 'Time': Timestamp('2007-10-23 01:36:58'), 'mag': 5.0}, {'lat': 19.286, 'long': -108.749, 'Time': Timestamp('2007-10-23 01:36:58'), 'mag': 5.0}]",2,24
1415,2007-10-22 23:34:53.303,1,"[{'lat': -15.078, 'long': -177.359, 'Time': Timestamp('2007-10-24 01:43:09'), 'mag': 5.2}, {'lat': -15.078, 'long': -177.359, 'Time': Timestamp('2007-10-24 01:43:09'), 'mag': 5.2}, {'lat': -15.078, 'long': -177.359, 'Time': Timestamp('2007-10-24 01:43:09'), 'mag': 5.2}, {'lat': -6.347, 'long': 154.756, 'Time': Timestamp('2007-10-23 06:41:49'), 'mag': 5.3}, {'lat': -6.347, 'long': 154.756, 'Time': Timestamp('2007-10-23 06:41:49'), 'mag': 5.3}, {'lat': -6.347, 'long': 154.756, 'Time': Timestamp('2007-10-23 06:41:49'), 'mag': 5.3}]",6,25
1416,2007-10-10 07:45:18.862,0,[],0,12
1417,2007-10-11 11:01:52.029,0,[],0,13
1418,2007-10-26 14:20:51.738,1,"[{'lat': -31.685, 'long': -69.03, 'Time': Timestamp('2007-10-27 01:16:54'), 'mag': 5.0}, {'lat': -31.685, 'long': -69.03, 'Time': Timestamp('2007-10-27 01:16:54'), 'mag': 5.0}]",2,28
1419,2007-10-15 17:37:23.599,1,"[{'lat': 14.389, 'long': -93.086, 'Time': Timestamp('2007-10-16 20:25:03'), 'mag': 5.1}, {'lat': 14.389, 'long': -93.086, 'Time': Timestamp('2007-10-16 20:25:03'), 'mag': 5.1}, {'lat': -6.409, 'long': -107.307, 'Time': Timestamp('2007-10-17 01:05:49'), 'mag': 5.5}, {'lat': -6.409, 'long': -107.307, 'Time': Timestamp('2007-10-17 01:05:49'), 'mag': 5.5}, {'lat': -6.409, 'long': -107.307, 'Time': Timestamp('2007-10-17 01:05:49'), 'mag': 5.5}]",5,17
1420,2007-10-21 22:28:23.679,1,"[{'lat': -15.081, 'long': 167.377, 'Time': Timestamp('2007-10-22 10:24:02'), 'mag': 5.0}, {'lat': -14.596, 'long': 171.615, 'Time': Timestamp('2007-10-22 20:27:40'), 'mag': 5.0}, {'lat': -21.431, 'long': 168.504, 'Time': Timestamp('2007-10-22 04:28:10'), 'mag': 5.1}, {'lat': -15.081, 'long': 167.377, 'Time': Timestamp('2007-10-22 10:24:02'), 'mag': 5.0}, {'lat': -14.596, 'long': 171.615, 'Time': Timestamp('2007-10-22 20:27:40'), 'mag': 5.0}, {'lat': -21.431, 'long': 168.504, 'Time': Timestamp('2007-10-22 04:28:10'), 'mag': 5.1}]",6,23
1421,2007-10-21 11:33:23.893,1,"[{'lat': -1.63, 'long': -13.01, 'Time': Timestamp('2007-10-23 03:03:01'), 'mag': 5.0}, {'lat': -1.63, 'long': -13.01, 'Time': Timestamp('2007-10-23 03:03:01'), 'mag': 5.0}]",2,22
1422,2007-10-25 14:51:49.817,1,"[{'lat': -31.685, 'long': -69.03, 'Time': Timestamp('2007-10-27 01:16:54'), 'mag': 5.0}, {'lat': -31.685, 'long': -69.03, 'Time': Timestamp('2007-10-27 01:16:54'), 'mag': 5.0}, {'lat': -31.685, 'long': -69.03, 'Time': Timestamp('2007-10-27 01:16:54'), 'mag': 5.0}]",3,26
1423,2007-10-23 18:07:54.000,0,[],0,24
1424,2007-10-15 21:20:54.019,1,"[{'lat': 56.131, 'long': -162.144, 'Time': Timestamp('2007-10-16 10:18:02'), 'mag': 5.0}, {'lat': -33.033, 'long': -178.319, 'Time': Timestamp('2007-10-16 08:41:45'), 'mag': 5.4}, {'lat': -33.033, 'long': -178.319, 'Time': Timestamp('2007-10-16 08:41:45'), 'mag': 5.4}, {'lat': -33.033, 'long': -178.319, 'Time': Timestamp('2007-10-16 08:41:45'), 'mag': 5.4}]",4,16
1425,2007-10-13 00:35:47.872,1,"[{'lat': -21.23, 'long': 169.195, 'Time': Timestamp('2007-10-13 17:45:53'), 'mag': 6.1}, {'lat': -21.16, 'long': 169.296, 'Time': Timestamp('2007-10-14 03:48:31'), 'mag': 5.2}, {'lat': -21.188, 'long': 169.308, 'Time': Timestamp('2007-10-14 07:28:37'), 'mag': 5.0}, {'lat': -21.23, 'long': 169.195, 'Time': Timestamp('2007-10-13 17:45:53'), 'mag': 6.1}, {'lat': -21.16, 'long': 169.296, 'Time': Timestamp('2007-10-14 03:48:31'), 'mag': 5.2}, {'lat': -21.188, 'long': 169.308, 'Time': Timestamp('2007-10-14 07:28:37'), 'mag': 5.0}, {'lat': -54.371, 'long': 159.027, 'Time': Timestamp('2007-10-13 02:22:43'), 'mag': 5.4}, {'lat': -54.371, 'long': 159.027, 'Time': Timestamp('2007-10-13 02:22:43'), 'mag': 5.4}, {'lat': -2.769, 'long': 140.239, 'Time': Timestamp('2007-10-13 13:16:01'), 'mag': 5.0}, {'lat': -2.769, 'long': 140.239, 'Time': Timestamp('2007-10-13 13:16:01'), 'mag': 5.0}]",10,13
1426,2007-10-13 05:30:22.830,1,"[{'lat': 0.762, 'long': 98.751, 'Time': Timestamp('2007-10-14 11:02:59'), 'mag': 5.0}, {'lat': 0.762, 'long': 98.751, 'Time': Timestamp('2007-10-14 11:02:59'), 'mag': 5.0}, {'lat': 0.762, 'long': 98.751, 'Time': Timestamp('2007-10-14 11:02:59'), 'mag': 5.0}, {'lat': -22.844, 'long': 69.432, 'Time': Timestamp('2007-10-14 18:46:32'), 'mag': 5.0}, {'lat': -22.844, 'long': 69.432, 'Time': Timestamp('2007-10-14 18:46:32'), 'mag': 5.0}, {'lat': -22.844, 'long': 69.432, 'Time': Timestamp('2007-10-14 18:46:32'), 'mag': 5.0}]",6,13
1427,2007-10-30 08:45:18.552,0,[],0,30
1428,2007-10-17 12:04:23.293,0,[],0,17
1429,2007-10-28 15:22:21.763,0,[],0,28
1430,2007-10-11 18:38:22.051,0,[],0,11
1431,2007-10-24 21:50:48.766,1,"[{'lat': 54.52, 'long': -161.71, 'Time': Timestamp('2007-10-26 15:23:30'), 'mag': 5.5}, {'lat': 54.52, 'long': -161.71, 'Time': Timestamp('2007-10-26 15:23:30'), 'mag': 5.5}]",2,24
1432,2007-10-21 01:05:52.368,1,"[{'lat': -6.31, 'long': 154.77, 'Time': Timestamp('2007-10-21 10:24:52'), 'mag': 6.0}, {'lat': -6.31, 'long': 154.77, 'Time': Timestamp('2007-10-21 10:24:52'), 'mag': 6.0}, {'lat': -15.081, 'long': 167.377, 'Time': Timestamp('2007-10-22 10:24:02'), 'mag': 5.0}, {'lat': -14.596, 'long': 171.615, 'Time': Timestamp('2007-10-22 20:27:40'), 'mag': 5.0}, {'lat': -6.31, 'long': 154.77, 'Time': Timestamp('2007-10-21 10:24:52'), 'mag': 6.0}, {'lat': -21.431, 'long': 168.504, 'Time': Timestamp('2007-10-22 04:28:10'), 'mag': 5.1}, {'lat': -15.081, 'long': 167.377, 'Time': Timestamp('2007-10-22 10:24:02'), 'mag': 5.0}, {'lat': -14.596, 'long': 171.615, 'Time': Timestamp('2007-10-22 20:27:40'), 'mag': 5.0}, {'lat': -21.431, 'long': 168.504, 'Time': Timestamp('2007-10-22 04:28:10'), 'mag': 5.1}, {'lat': -15.081, 'long': 167.377, 'Time': Timestamp('2007-10-22 10:24:02'), 'mag': 5.0}, {'lat': -21.431, 'long': 168.504, 'Time': Timestamp('2007-10-22 04:28:10'), 'mag': 5.1}, {'lat': -2.864, 'long': 141.315, 'Time': Timestamp('2007-10-22 06:11:12'), 'mag': 5.4}, {'lat': -2.827, 'long': 141.577, 'Time': Timestamp('2007-10-22 06:14:37'), 'mag': 5.0}, {'lat': -2.811, 'long': 141.375, 'Time': Timestamp('2007-10-22 08:17:17'), 'mag': 5.0}, {'lat': -2.859, 'long': 141.368, 'Time': Timestamp('2007-10-22 08:18:18'), 'mag': 5.1}, {'lat': -2.864, 'long': 141.315, 'Time': Timestamp('2007-10-22 06:11:12'), 'mag': 5.4}, {'lat': -2.827, 'long': 141.577, 'Time': Timestamp('2007-10-22 06:14:37'), 'mag': 5.0}, {'lat': -2.811, 'long': 141.375, 'Time': Timestamp('2007-10-22 08:17:17'), 'mag': 5.0}, {'lat': -2.859, 'long': 141.368, 'Time': Timestamp('2007-10-22 08:18:18'), 'mag': 5.1}, {'lat': -2.864, 'long': 141.315, 'Time': Timestamp('2007-10-22 06:11:12'), 'mag': 5.4}, {'lat': -2.827, 'long': 141.577, 'Time': Timestamp('2007-10-22 06:14:37'), 'mag': 5.0}, {'lat': -2.811, 'long': 141.375, 'Time': Timestamp('2007-10-22 08:17:17'), 'mag': 5.0}, {'lat': -2.859, 'long': 141.368, 'Time': Timestamp('2007-10-22 08:18:18'), 'mag': 5.1}]",23,20
1433,2007-10-16 06:00:54.559,1,"[{'lat': 2.975, 'long': 96.455, 'Time': Timestamp('2007-10-17 02:55:29'), 'mag': 5.0}, {'lat': 2.975, 'long': 96.455, 'Time': Timestamp('2007-10-17 02:55:29'), 'mag': 5.0}]",2,15
1434,2007-10-09 09:16:15.192,0,[],0,8
1435,2007-10-11 12:35:23.695,0,[],0,10
1436,2007-10-12 15:53:26.149,1,"[{'lat': 4.922, 'long': -82.565, 'Time': Timestamp('2007-10-13 03:58:22'), 'mag': 5.5}, {'lat': 4.922, 'long': -82.565, 'Time': Timestamp('2007-10-13 03:58:22'), 'mag': 5.5}, {'lat': 4.922, 'long': -82.565, 'Time': Timestamp('2007-10-13 03:58:22'), 'mag': 5.5}]",3,11
1437,2007-10-16 19:08:18.356,1,"[{'lat': 14.389, 'long': -93.086, 'Time': Timestamp('2007-10-16 20:25:03'), 'mag': 5.1}, {'lat': 14.389, 'long': -93.086, 'Time': Timestamp('2007-10-16 20:25:03'), 'mag': 5.1}, {'lat': 14.389, 'long': -93.086, 'Time': Timestamp('2007-10-16 20:25:03'), 'mag': 5.1}, {'lat': -6.409, 'long': -107.307, 'Time': Timestamp('2007-10-17 01:05:49'), 'mag': 5.5}, {'lat': -6.409, 'long': -107.307, 'Time': Timestamp('2007-10-17 01:05:49'), 'mag': 5.5}, {'lat': -6.409, 'long': -107.307, 'Time': Timestamp('2007-10-17 01:05:49'), 'mag': 5.5}]",6,15
1438,2007-10-29 06:31:22.070,0,[],0,27
1439,2007-10-26 09:47:21.141,1,"[{'lat': 37.72, 'long': 21.3, 'Time': Timestamp('2007-10-27 05:29:39'), 'mag': 5.1}, {'lat': 37.72, 'long': 21.3, 'Time': Timestamp('2007-10-27 05:29:39'), 'mag': 5.1}, {'lat': 37.72, 'long': 21.3, 'Time': Timestamp('2007-10-27 05:29:39'), 'mag': 5.1}]",3,24
1440,2007-10-25 13:06:23.096,0,[],0,23
1441,2007-10-23 16:23:53.150,1,"[{'lat': -12.079, 'long': -75.285, 'Time': Timestamp('2007-10-24 16:45:51'), 'mag': 5.0}, {'lat': -12.079, 'long': -75.285, 'Time': Timestamp('2007-10-24 16:45:51'), 'mag': 5.0}, {'lat': -20.602, 'long': -68.754, 'Time': Timestamp('2007-10-25 08:35:17'), 'mag': 5.6}, {'lat': -12.079, 'long': -75.285, 'Time': Timestamp('2007-10-24 16:45:51'), 'mag': 5.0}, {'lat': -20.602, 'long': -68.754, 'Time': Timestamp('2007-10-25 08:35:17'), 'mag': 5.6}, {'lat': -20.602, 'long': -68.754, 'Time': Timestamp('2007-10-25 08:35:17'), 'mag': 5.6}, {'lat': -44.338, 'long': -81.367, 'Time': Timestamp('2007-10-24 03:16:30'), 'mag': 5.0}, {'lat': -44.338, 'long': -81.367, 'Time': Timestamp('2007-10-24 03:16:30'), 'mag': 5.0}, {'lat': -44.338, 'long': -81.367, 'Time': Timestamp('2007-10-24 03:16:30'), 'mag': 5.0}]",9,21
1442,2007-10-13 19:38:53.203,0,[],0,11
1443,2007-10-18 22:52:23.112,1,"[{'lat': -16.516, 'long': -174.121, 'Time': Timestamp('2007-10-20 21:40:09'), 'mag': 5.0}, {'lat': -16.516, 'long': -174.121, 'Time': Timestamp('2007-10-20 21:40:09'), 'mag': 5.0}]",2,16
1444,2007-10-28 02:06:50.843,0,[],0,25
1445,2007-10-30 05:24:25.774,1,"[{'lat': -2.991, 'long': 101.283, 'Time': Timestamp('2007-10-31 15:54:42'), 'mag': 5.3}, {'lat': -2.991, 'long': 101.283, 'Time': Timestamp('2007-10-31 15:54:42'), 'mag': 5.3}, {'lat': -2.991, 'long': 101.283, 'Time': Timestamp('2007-10-31 15:54:42'), 'mag': 5.3}, {'lat': 49.854, 'long': 91.679, 'Time': Timestamp('2007-10-31 09:06:24'), 'mag': 5.1}, {'lat': 49.854, 'long': 91.679, 'Time': Timestamp('2007-10-31 09:06:24'), 'mag': 5.1}, {'lat': 49.854, 'long': 91.679, 'Time': Timestamp('2007-10-31 09:06:24'), 'mag': 5.1}]",6,27
1446,2007-10-31 08:40:51.609,0,[],0,28
1447,2007-10-28 11:57:53.561,0,[],0,25
1448,2007-10-18 15:16:26.684,1,"[{'lat': 30.132, 'long': -42.594, 'Time': Timestamp('2007-10-18 16:13:14'), 'mag': 5.7}, {'lat': 30.132, 'long': -42.594, 'Time': Timestamp('2007-10-18 16:13:14'), 'mag': 5.7}, {'lat': -40.952, 'long': -89.598, 'Time': Timestamp('2007-10-20 11:02:42'), 'mag': 5.3}, {'lat': -41.286, 'long': -89.569, 'Time': Timestamp('2007-10-20 11:18:32'), 'mag': 5.2}, {'lat': -40.952, 'long': -89.598, 'Time': Timestamp('2007-10-20 11:02:42'), 'mag': 5.3}, {'lat': -41.286, 'long': -89.569, 'Time': Timestamp('2007-10-20 11:18:32'), 'mag': 5.2}]",6,15
1449,2007-10-17 18:31:53.668,0,[],0,14
1450,2007-10-10 21:45:52.024,1,"[{'lat': -33.209, 'long': -178.224, 'Time': Timestamp('2007-10-12 14:43:09'), 'mag': 5.3}, {'lat': -33.209, 'long': -178.224, 'Time': Timestamp('2007-10-12 14:43:09'), 'mag': 5.3}, {'lat': -36.59, 'long': 177.1, 'Time': Timestamp('2007-10-11 10:19:12'), 'mag': 5.1}, {'lat': -49.052, 'long': 164.31, 'Time': Timestamp('2007-10-11 16:25:05'), 'mag': 5.6}]",4,7
1451,2007-10-11 00:59:52.636,1,"[{'lat': -18.495, 'long': 169.0, 'Time': Timestamp('2007-10-11 05:31:55'), 'mag': 5.4}, {'lat': -18.495, 'long': 169.0, 'Time': Timestamp('2007-10-11 05:31:55'), 'mag': 5.4}, {'lat': -18.495, 'long': 169.0, 'Time': Timestamp('2007-10-11 05:31:55'), 'mag': 5.4}, {'lat': -49.052, 'long': 164.31, 'Time': Timestamp('2007-10-11 16:25:05'), 'mag': 5.6}, {'lat': -5.694, 'long': 146.072, 'Time': Timestamp('2007-10-12 11:33:33'), 'mag': 5.0}, {'lat': -5.694, 'long': 146.072, 'Time': Timestamp('2007-10-12 11:33:33'), 'mag': 5.0}, {'lat': -5.694, 'long': 146.072, 'Time': Timestamp('2007-10-12 11:33:33'), 'mag': 5.0}]",7,7
1452,2007-10-19 07:32:57.498,0,[],0,15
1453,2007-11-03 10:49:21.033,1,"[{'lat': -55.284, 'long': -29.439, 'Time': Timestamp('2007-11-03 13:52:11'), 'mag': 5.2}]",1,30
1454,2007-10-20 14:08:22.181,1,"[{'lat': -36.469, 'long': -73.006, 'Time': Timestamp('2007-10-20 19:56:21'), 'mag': 5.2}, {'lat': -36.469, 'long': -73.006, 'Time': Timestamp('2007-10-20 19:56:21'), 'mag': 5.2}]",2,16
1455,2007-10-09 17:24:54.043,1,"[{'lat': 13.93, 'long': -91.844, 'Time': Timestamp('2007-10-11 16:16:57'), 'mag': 5.2}, {'lat': 13.93, 'long': -91.844, 'Time': Timestamp('2007-10-11 16:16:57'), 'mag': 5.2}, {'lat': 13.93, 'long': -91.844, 'Time': Timestamp('2007-10-11 16:16:57'), 'mag': 5.2}]",3,5
1456,2007-11-01 20:39:19.960,0,[],0,28
1457,2007-10-31 23:52:53.149,1,"[{'lat': -15.376, 'long': -173.165, 'Time': Timestamp('2007-11-02 12:40:10'), 'mag': 5.7}, {'lat': -15.311, 'long': -172.774, 'Time': Timestamp('2007-11-02 12:47:51'), 'mag': 5.2}, {'lat': -15.593, 'long': -173.066, 'Time': Timestamp('2007-11-02 13:30:44'), 'mag': 5.8}, {'lat': -20.148, 'long': -175.839, 'Time': Timestamp('2007-11-02 22:08:16'), 'mag': 5.1}, {'lat': -4.985, 'long': 153.658, 'Time': Timestamp('2007-11-01 00:05:17'), 'mag': 5.5}, {'lat': -6.594, 'long': 154.764, 'Time': Timestamp('2007-11-01 21:45:37'), 'mag': 5.6}, {'lat': -6.54, 'long': 154.719, 'Time': Timestamp('2007-11-01 22:19:12'), 'mag': 5.4}, {'lat': -4.985, 'long': 153.658, 'Time': Timestamp('2007-11-01 00:05:17'), 'mag': 5.5}, {'lat': -6.594, 'long': 154.764, 'Time': Timestamp('2007-11-01 21:45:37'), 'mag': 5.6}, {'lat': -6.54, 'long': 154.719, 'Time': Timestamp('2007-11-01 22:19:12'), 'mag': 5.4}, {'lat': -13.513, 'long': 166.744, 'Time': Timestamp('2007-11-02 08:35:34'), 'mag': 5.1}, {'lat': -4.985, 'long': 153.658, 'Time': Timestamp('2007-11-01 00:05:17'), 'mag': 5.5}, {'lat': -6.594, 'long': 154.764, 'Time': Timestamp('2007-11-01 21:45:37'), 'mag': 5.6}, {'lat': -6.54, 'long': 154.719, 'Time': Timestamp('2007-11-01 22:19:12'), 'mag': 5.4}]",14,27
1458,2007-10-24 08:03:50.147,1,"[{'lat': 35.304, 'long': 76.753, 'Time': Timestamp('2007-10-26 06:50:06'), 'mag': 5.2}, {'lat': 35.304, 'long': 76.753, 'Time': Timestamp('2007-10-26 06:50:06'), 'mag': 5.2}, {'lat': 35.304, 'long': 76.753, 'Time': Timestamp('2007-10-26 06:50:06'), 'mag': 5.2}]",3,19
1459,2007-10-11 11:20:20.435,0,[],0,6
1460,2007-10-21 14:39:20.589,0,[],0,16
1461,2007-10-24 17:55:23.443,0,[],0,19
1462,2007-10-13 21:09:20.361,0,[],0,8
1463,2007-10-24 00:23:23.739,1,"[{'lat': 46.011, 'long': 154.231, 'Time': Timestamp('2007-10-25 13:50:04'), 'mag': 6.1}, {'lat': 46.011, 'long': 154.231, 'Time': Timestamp('2007-10-25 13:50:04'), 'mag': 6.1}, {'lat': 46.011, 'long': 154.231, 'Time': Timestamp('2007-10-25 13:50:04'), 'mag': 6.1}, {'lat': -2.924, 'long': 139.492, 'Time': Timestamp('2007-10-24 09:34:55'), 'mag': 5.1}, {'lat': -6.317, 'long': 154.827, 'Time': Timestamp('2007-10-25 03:44:40'), 'mag': 5.6}, {'lat': -2.909, 'long': 139.497, 'Time': Timestamp('2007-10-25 19:11:01'), 'mag': 5.1}, {'lat': -2.924, 'long': 139.492, 'Time': Timestamp('2007-10-24 09:34:55'), 'mag': 5.1}, {'lat': -2.174, 'long': 139.15, 'Time': Timestamp('2007-10-24 18:58:39'), 'mag': 5.0}, {'lat': -6.317, 'long': 154.827, 'Time': Timestamp('2007-10-25 03:44:40'), 'mag': 5.6}, {'lat': -2.909, 'long': 139.497, 'Time': Timestamp('2007-10-25 19:11:01'), 'mag': 5.1}, {'lat': -6.317, 'long': 154.827, 'Time': Timestamp('2007-10-25 03:44:40'), 'mag': 5.6}]",11,18
1464,2007-10-22 08:32:48.996,0,[],0,16
1465,2007-10-13 11:51:53.738,0,[],0,7
1466,2007-10-18 15:10:21.437,1,"[{'lat': 30.132, 'long': -42.594, 'Time': Timestamp('2007-10-18 16:13:14'), 'mag': 5.7}, {'lat': 30.132, 'long': -42.594, 'Time': Timestamp('2007-10-18 16:13:14'), 'mag': 5.7}, {'lat': 30.132, 'long': -42.594, 'Time': Timestamp('2007-10-18 16:13:14'), 'mag': 5.7}, {'lat': -40.952, 'long': -89.598, 'Time': Timestamp('2007-10-20 11:02:42'), 'mag': 5.3}, {'lat': -41.286, 'long': -89.569, 'Time': Timestamp('2007-10-20 11:18:32'), 'mag': 5.2}, {'lat': -40.952, 'long': -89.598, 'Time': Timestamp('2007-10-20 11:02:42'), 'mag': 5.3}, {'lat': -41.286, 'long': -89.569, 'Time': Timestamp('2007-10-20 11:18:32'), 'mag': 5.2}]",7,12
1467,2007-10-26 18:25:53.845,0,[],0,20
1468,2007-10-12 09:03:48.508,0,[],0,5
1469,2007-10-18 12:22:53.139,0,[],0,11
1470,2007-10-13 15:40:53.717,0,[],0,6
1471,2007-10-25 22:09:51.491,1,"[{'lat': 54.52, 'long': -161.71, 'Time': Timestamp('2007-10-26 15:23:30'), 'mag': 5.5}, {'lat': 54.52, 'long': -161.71, 'Time': Timestamp('2007-10-26 15:23:30'), 'mag': 5.5}, {'lat': 54.52, 'long': -161.71, 'Time': Timestamp('2007-10-26 15:23:30'), 'mag': 5.5}, {'lat': -21.081, 'long': -178.959, 'Time': Timestamp('2007-10-27 18:36:37'), 'mag': 5.4}, {'lat': -21.081, 'long': -178.959, 'Time': Timestamp('2007-10-27 18:36:37'), 'mag': 5.4}, {'lat': -35.65, 'long': 177.931, 'Time': Timestamp('2007-10-27 07:54:58'), 'mag': 5.3}, {'lat': -35.65, 'long': 177.931, 'Time': Timestamp('2007-10-27 07:54:58'), 'mag': 5.3}, {'lat': -35.65, 'long': 177.931, 'Time': Timestamp('2007-10-27 07:54:58'), 'mag': 5.3}, {'lat': -51.596, 'long': 161.005, 'Time': Timestamp('2007-10-27 11:48:12'), 'mag': 5.1}, {'lat': -51.596, 'long': 161.005, 'Time': Timestamp('2007-10-27 11:48:12'), 'mag': 5.1}]",10,18
1472,2007-10-20 01:23:49.010,1,"[{'lat': 54.307, 'long': 168.919, 'Time': Timestamp('2007-10-20 01:50:43'), 'mag': 5.3}, {'lat': 54.26, 'long': 168.877, 'Time': Timestamp('2007-10-20 01:55:50'), 'mag': 5.1}, {'lat': 54.307, 'long': 168.919, 'Time': Timestamp('2007-10-20 01:50:43'), 'mag': 5.3}, {'lat': 54.26, 'long': 168.877, 'Time': Timestamp('2007-10-20 01:55:50'), 'mag': 5.1}, {'lat': 54.307, 'long': 168.919, 'Time': Timestamp('2007-10-20 01:50:43'), 'mag': 5.3}, {'lat': 54.26, 'long': 168.877, 'Time': Timestamp('2007-10-20 01:55:50'), 'mag': 5.1}, {'lat': -6.31, 'long': 154.77, 'Time': Timestamp('2007-10-21 10:24:52'), 'mag': 6.0}, {'lat': -6.31, 'long': 154.77, 'Time': Timestamp('2007-10-21 10:24:52'), 'mag': 6.0}, {'lat': -6.31, 'long': 154.77, 'Time': Timestamp('2007-10-21 10:24:52'), 'mag': 6.0}, {'lat': 4.51, 'long': 140.957, 'Time': Timestamp('2007-10-20 05:21:49'), 'mag': 5.1}, {'lat': 5.337, 'long': 126.296, 'Time': Timestamp('2007-10-20 19:25:34'), 'mag': 5.3}, {'lat': 4.51, 'long': 140.957, 'Time': Timestamp('2007-10-20 05:21:49'), 'mag': 5.1}, {'lat': 5.337, 'long': 126.296, 'Time': Timestamp('2007-10-20 19:25:34'), 'mag': 5.3}, {'lat': 4.51, 'long': 140.957, 'Time': Timestamp('2007-10-20 05:21:49'), 'mag': 5.1}, {'lat': 5.337, 'long': 126.296, 'Time': Timestamp('2007-10-20 19:25:34'), 'mag': 5.3}]",15,12
1473,2007-10-14 06:19:25.731,1,"[{'lat': 0.762, 'long': 98.751, 'Time': Timestamp('2007-10-14 11:02:59'), 'mag': 5.0}, {'lat': -22.844, 'long': 69.432, 'Time': Timestamp('2007-10-14 18:46:32'), 'mag': 5.0}, {'lat': -22.844, 'long': 69.432, 'Time': Timestamp('2007-10-14 18:46:32'), 'mag': 5.0}, {'lat': -22.844, 'long': 69.432, 'Time': Timestamp('2007-10-14 18:46:32'), 'mag': 5.0}]",4,6
1474,2007-11-02 09:34:51.912,0,[],0,25
1475,2007-10-29 21:03:20.649,1,"[{'lat': 37.4335, 'long': -121.7743333, 'Time': Timestamp('2007-10-31 03:04:54'), 'mag': 5.45}, {'lat': 37.4335, 'long': -121.7743333, 'Time': Timestamp('2007-10-31 03:04:54'), 'mag': 5.45}, {'lat': -15.391, 'long': -174.295, 'Time': Timestamp('2007-10-30 04:57:57'), 'mag': 5.1}]",3,21
1476,2007-10-31 00:17:23.726,1,"[{'lat': 51.418, 'long': -178.38, 'Time': Timestamp('2007-10-31 13:44:19'), 'mag': 6.0}, {'lat': 51.418, 'long': -178.38, 'Time': Timestamp('2007-10-31 13:44:19'), 'mag': 6.0}, {'lat': 18.9, 'long': 145.388, 'Time': Timestamp('2007-10-31 03:30:15'), 'mag': 7.2}, {'lat': -4.985, 'long': 153.658, 'Time': Timestamp('2007-11-01 00:05:17'), 'mag': 5.5}, {'lat': -6.594, 'long': 154.764, 'Time': Timestamp('2007-11-01 21:45:37'), 'mag': 5.6}, {'lat': -6.54, 'long': 154.719, 'Time': Timestamp('2007-11-01 22:19:12'), 'mag': 5.4}, {'lat': -4.985, 'long': 153.658, 'Time': Timestamp('2007-11-01 00:05:17'), 'mag': 5.5}, {'lat': -6.594, 'long': 154.764, 'Time': Timestamp('2007-11-01 21:45:37'), 'mag': 5.6}, {'lat': -6.54, 'long': 154.719, 'Time': Timestamp('2007-11-01 22:19:12'), 'mag': 5.4}, {'lat': -4.985, 'long': 153.658, 'Time': Timestamp('2007-11-01 00:05:17'), 'mag': 5.5}, {'lat': -6.594, 'long': 154.764, 'Time': Timestamp('2007-11-01 21:45:37'), 'mag': 5.6}, {'lat': -6.54, 'long': 154.719, 'Time': Timestamp('2007-11-01 22:19:12'), 'mag': 5.4}]",12,22
1477,2007-10-24 06:49:50.586,0,[],0,15
1478,2007-10-18 10:05:48.988,0,[],0,9
1479,2007-10-27 13:24:53.941,0,[],0,18
1480,2007-10-20 16:42:23.995,1,"[{'lat': -36.469, 'long': -73.006, 'Time': Timestamp('2007-10-20 19:56:21'), 'mag': 5.2}, {'lat': -36.469, 'long': -73.006, 'Time': Timestamp('2007-10-20 19:56:21'), 'mag': 5.2}, {'lat': -36.469, 'long': -73.006, 'Time': Timestamp('2007-10-20 19:56:21'), 'mag': 5.2}]",3,11
1481,2007-10-15 00:47:15.125,1,"[{'lat': 56.131, 'long': -162.144, 'Time': Timestamp('2007-10-16 10:18:02'), 'mag': 5.0}, {'lat': -18.087, 'long': 168.104, 'Time': Timestamp('2007-10-16 18:53:45'), 'mag': 5.2}, {'lat': -18.087, 'long': 168.104, 'Time': Timestamp('2007-10-16 18:53:45'), 'mag': 5.2}, {'lat': -18.087, 'long': 168.104, 'Time': Timestamp('2007-10-16 18:53:45'), 'mag': 5.2}, {'lat': -44.796, 'long': 167.553, 'Time': Timestamp('2007-10-15 12:29:34'), 'mag': 6.8}, {'lat': -44.81, 'long': 167.5, 'Time': Timestamp('2007-10-15 12:35:38'), 'mag': 5.1}, {'lat': -44.793, 'long': 167.458, 'Time': Timestamp('2007-10-15 21:28:23'), 'mag': 6.1}, {'lat': -44.7, 'long': 167.24, 'Time': Timestamp('2007-10-16 16:38:47'), 'mag': 5.0}, {'lat': -44.796, 'long': 167.553, 'Time': Timestamp('2007-10-15 12:29:34'), 'mag': 6.8}, {'lat': -44.81, 'long': 167.5, 'Time': Timestamp('2007-10-15 12:35:38'), 'mag': 5.1}, {'lat': -44.793, 'long': 167.458, 'Time': Timestamp('2007-10-15 21:28:23'), 'mag': 6.1}, {'lat': -44.7, 'long': 167.24, 'Time': Timestamp('2007-10-16 16:38:47'), 'mag': 5.0}]",12,5
1482,2007-10-20 07:20:26.527,0,[],0,10
1483,2007-10-26 10:36:47.263,1,"[{'lat': 37.72, 'long': 21.3, 'Time': Timestamp('2007-10-27 05:29:39'), 'mag': 5.1}, {'lat': 37.72, 'long': 21.3, 'Time': Timestamp('2007-10-27 05:29:39'), 'mag': 5.1}]",2,16
1484,2007-10-31 13:55:53.433,0,[],0,21
1485,2007-10-28 22:03:50.431,1,"[{'lat': -15.391, 'long': -174.295, 'Time': Timestamp('2007-10-30 04:57:57'), 'mag': 5.1}, {'lat': -15.391, 'long': -174.295, 'Time': Timestamp('2007-10-30 04:57:57'), 'mag': 5.1}, {'lat': -22.313, 'long': 170.565, 'Time': Timestamp('2007-10-30 08:32:46'), 'mag': 5.3}]",3,18
1486,2007-10-18 01:17:53.619,0,[],0,7
1487,2007-11-06 06:12:55.999,1,"[{'lat': 22.15, 'long': 92.388, 'Time': Timestamp('2007-11-07 07:10:21'), 'mag': 5.5}, {'lat': 22.15, 'long': 92.388, 'Time': Timestamp('2007-11-07 07:10:21'), 'mag': 5.5}, {'lat': 22.15, 'long': 92.388, 'Time': Timestamp('2007-11-07 07:10:21'), 'mag': 5.5}, {'lat': 21.181, 'long': 70.724, 'Time': Timestamp('2007-11-06 09:38:05'), 'mag': 5.1}, {'lat': 21.181, 'long': 70.724, 'Time': Timestamp('2007-11-06 09:38:05'), 'mag': 5.1}, {'lat': 21.181, 'long': 70.724, 'Time': Timestamp('2007-11-06 09:38:05'), 'mag': 5.1}]",6,26
1488,2007-10-30 09:28:20.739,0,[],0,19
1489,2007-11-03 12:47:53.808,1,"[{'lat': -55.284, 'long': -29.439, 'Time': Timestamp('2007-11-03 13:52:11'), 'mag': 5.2}, {'lat': -55.284, 'long': -29.439, 'Time': Timestamp('2007-11-03 13:52:11'), 'mag': 5.2}]",2,23
1490,2007-10-27 16:05:18.415,0,[],0,16
1491,2007-10-25 19:20:19.908,0,[],0,14
1492,2007-10-16 22:33:53.967,0,[],0,5
1493,2007-11-03 01:48:22.335,1,"[{'lat': 44.431, 'long': 147.198, 'Time': Timestamp('2007-11-03 10:42:11'), 'mag': 5.0}, {'lat': 44.431, 'long': 147.198, 'Time': Timestamp('2007-11-03 10:42:11'), 'mag': 5.0}]",2,22
1494,2007-10-27 06:43:53.949,1,"[{'lat': 36.449, 'long': 70.367, 'Time': Timestamp('2007-10-27 21:09:46'), 'mag': 5.0}, {'lat': 36.449, 'long': 70.367, 'Time': Timestamp('2007-10-27 21:09:46'), 'mag': 5.0}, {'lat': 36.449, 'long': 70.367, 'Time': Timestamp('2007-10-27 21:09:46'), 'mag': 5.0}]",3,15
1495,2007-10-30 09:59:23.679,0,[],0,18
1496,2007-10-26 13:18:53.208,0,[],0,14
1497,2007-10-18 16:35:53.263,1,"[{'lat': -40.952, 'long': -89.598, 'Time': Timestamp('2007-10-20 11:02:42'), 'mag': 5.3}, {'lat': -41.286, 'long': -89.569, 'Time': Timestamp('2007-10-20 11:18:32'), 'mag': 5.2}, {'lat': -40.952, 'long': -89.598, 'Time': Timestamp('2007-10-20 11:02:42'), 'mag': 5.3}, {'lat': -41.286, 'long': -89.569, 'Time': Timestamp('2007-10-20 11:18:32'), 'mag': 5.2}]",4,6
1498,2007-10-24 19:50:53.316,0,[],0,12
1499,2007-10-22 00:41:15.393,1,"[{'lat': -15.081, 'long': 167.377, 'Time': Timestamp('2007-10-22 10:24:02'), 'mag': 5.0}, {'lat': -14.596, 'long': 171.615, 'Time': Timestamp('2007-10-22 20:27:40'), 'mag': 5.0}, {'lat': -21.431, 'long': 168.504, 'Time': Timestamp('2007-10-22 04:28:10'), 'mag': 5.1}, {'lat': -15.081, 'long': 167.377, 'Time': Timestamp('2007-10-22 10:24:02'), 'mag': 5.0}, {'lat': -14.596, 'long': 171.615, 'Time': Timestamp('2007-10-22 20:27:40'), 'mag': 5.0}, {'lat': -21.431, 'long': 168.504, 'Time': Timestamp('2007-10-22 04:28:10'), 'mag': 5.1}, {'lat': -15.081, 'long': 167.377, 'Time': Timestamp('2007-10-22 10:24:02'), 'mag': 5.0}, {'lat': -14.596, 'long': 171.615, 'Time': Timestamp('2007-10-22 20:27:40'), 'mag': 5.0}, {'lat': 10.378, 'long': 145.861, 'Time': Timestamp('2007-10-23 20:23:20'), 'mag': 5.0}, {'lat': 10.378, 'long': 145.861, 'Time': Timestamp('2007-10-23 20:23:20'), 'mag': 5.0}, {'lat': -2.864, 'long': 141.315, 'Time': Timestamp('2007-10-22 06:11:12'), 'mag': 5.4}, {'lat': -2.827, 'long': 141.577, 'Time': Timestamp('2007-10-22 06:14:37'), 'mag': 5.0}, {'lat': -2.811, 'long': 141.375, 'Time': Timestamp('2007-10-22 08:17:17'), 'mag': 5.0}, {'lat': -2.859, 'long': 141.368, 'Time': Timestamp('2007-10-22 08:18:18'), 'mag': 5.1}, {'lat': -6.347, 'long': 154.756, 'Time': Timestamp('2007-10-23 06:41:49'), 'mag': 5.3}, {'lat': 10.378, 'long': 145.861, 'Time': Timestamp('2007-10-23 20:23:20'), 'mag': 5.0}, {'lat': -2.864, 'long': 141.315, 'Time': Timestamp('2007-10-22 06:11:12'), 'mag': 5.4}, {'lat': -2.827, 'long': 141.577, 'Time': Timestamp('2007-10-22 06:14:37'), 'mag': 5.0}, {'lat': -2.811, 'long': 141.375, 'Time': Timestamp('2007-10-22 08:17:17'), 'mag': 5.0}, {'lat': -2.859, 'long': 141.368, 'Time': Timestamp('2007-10-22 08:18:18'), 'mag': 5.1}, {'lat': -6.347, 'long': 154.756, 'Time': Timestamp('2007-10-23 06:41:49'), 'mag': 5.3}, {'lat': -2.864, 'long': 141.315, 'Time': Timestamp('2007-10-22 06:11:12'), 'mag': 5.4}, {'lat': -2.827, 'long': 141.577, 'Time': Timestamp('2007-10-22 06:14:37'), 'mag': 5.0}, {'lat': -2.811, 'long': 141.375, 'Time': Timestamp('2007-10-22 08:17:17'), 'mag': 5.0}, {'lat': -2.859, 'long': 141.368, 'Time': Timestamp('2007-10-22 08:18:18'), 'mag': 5.1}]",25,9
1500,2007-11-12 08:51:17.514,0,[],0,30
1501,2007-11-04 12:10:23.582,0,[],0,22
1502,2007-11-05 15:28:19.954,1,"[{'lat': -24.185, 'long': -69.514, 'Time': Timestamp('2007-11-07 15:06:16'), 'mag': 5.0}, {'lat': -24.185, 'long': -69.514, 'Time': Timestamp('2007-11-07 15:06:16'), 'mag': 5.0}]",2,23
1503,2007-11-04 18:43:53.690,1,"[{'lat': 17.108, 'long': -99.894, 'Time': Timestamp('2007-11-06 06:35:43'), 'mag': 5.4}, {'lat': 17.108, 'long': -99.894, 'Time': Timestamp('2007-11-06 06:35:43'), 'mag': 5.4}, {'lat': 17.108, 'long': -99.894, 'Time': Timestamp('2007-11-06 06:35:43'), 'mag': 5.4}, {'lat': -55.411, 'long': -125.598, 'Time': Timestamp('2007-11-05 09:26:34'), 'mag': 5.1}, {'lat': -55.411, 'long': -125.598, 'Time': Timestamp('2007-11-05 09:26:34'), 'mag': 5.1}]",5,22
1504,2007-11-04 21:57:50.719,1,"[{'lat': -63.5, 'long': 171.5, 'Time': Timestamp('2007-11-05 20:58:48'), 'mag': 5.2}, {'lat': -51.794, 'long': 161.443, 'Time': Timestamp('2007-11-06 14:36:45'), 'mag': 5.1}]",2,22
1505,2007-11-13 01:11:52.658,1,"[{'lat': -11.538, 'long': 166.264, 'Time': Timestamp('2007-11-14 18:47:51'), 'mag': 5.5}, {'lat': -11.538, 'long': 166.264, 'Time': Timestamp('2007-11-14 18:47:51'), 'mag': 5.5}, {'lat': -11.538, 'long': 166.264, 'Time': Timestamp('2007-11-14 18:47:51'), 'mag': 5.5}, {'lat': 18.035, 'long': 146.472, 'Time': Timestamp('2007-11-13 18:48:39'), 'mag': 5.3}, {'lat': 18.035, 'long': 146.472, 'Time': Timestamp('2007-11-13 18:48:39'), 'mag': 5.3}, {'lat': 18.035, 'long': 146.472, 'Time': Timestamp('2007-11-13 18:48:39'), 'mag': 5.3}, {'lat': 1.485, 'long': 127.038, 'Time': Timestamp('2007-11-14 04:29:55'), 'mag': 5.3}]",7,30
1506,2007-10-30 06:06:54.847,1,"[{'lat': 49.854, 'long': 91.679, 'Time': Timestamp('2007-10-31 09:06:24'), 'mag': 5.1}, {'lat': 49.854, 'long': 91.679, 'Time': Timestamp('2007-10-31 09:06:24'), 'mag': 5.1}, {'lat': -2.991, 'long': 101.283, 'Time': Timestamp('2007-10-31 15:54:42'), 'mag': 5.3}, {'lat': 49.854, 'long': 91.679, 'Time': Timestamp('2007-10-31 09:06:24'), 'mag': 5.1}]",4,16
1507,2007-11-10 09:22:25.012,0,[],0,27
1508,2007-10-28 12:41:23.984,0,[],0,14
1509,2007-11-04 15:59:19.362,0,[],0,21
1510,2007-10-20 22:27:53.144,1,"[{'lat': -15.081, 'long': 167.377, 'Time': Timestamp('2007-10-22 10:24:02'), 'mag': 5.0}, {'lat': -14.596, 'long': 171.615, 'Time': Timestamp('2007-10-22 20:27:40'), 'mag': 5.0}, {'lat': -21.431, 'long': 168.504, 'Time': Timestamp('2007-10-22 04:28:10'), 'mag': 5.1}, {'lat': -15.081, 'long': 167.377, 'Time': Timestamp('2007-10-22 10:24:02'), 'mag': 5.0}, {'lat': -14.596, 'long': 171.615, 'Time': Timestamp('2007-10-22 20:27:40'), 'mag': 5.0}, {'lat': -21.431, 'long': 168.504, 'Time': Timestamp('2007-10-22 04:28:10'), 'mag': 5.1}]",6,6
1511,2007-11-13 01:42:20.184,1,"[{'lat': 18.035, 'long': 146.472, 'Time': Timestamp('2007-11-13 18:48:39'), 'mag': 5.3}, {'lat': 18.035, 'long': 146.472, 'Time': Timestamp('2007-11-13 18:48:39'), 'mag': 5.3}, {'lat': 1.485, 'long': 127.038, 'Time': Timestamp('2007-11-14 04:29:55'), 'mag': 5.3}, {'lat': 1.485, 'long': 127.038, 'Time': Timestamp('2007-11-14 04:29:55'), 'mag': 5.3}, {'lat': 1.485, 'long': 127.038, 'Time': Timestamp('2007-11-14 04:29:55'), 'mag': 5.3}]",5,29
1512,2007-11-12 06:37:25.455,1,"[{'lat': 36.241, 'long': 71.226, 'Time': Timestamp('2007-11-12 08:21:51'), 'mag': 5.0}, {'lat': 36.241, 'long': 71.226, 'Time': Timestamp('2007-11-12 08:21:51'), 'mag': 5.0}, {'lat': 36.241, 'long': 71.226, 'Time': Timestamp('2007-11-12 08:21:51'), 'mag': 5.0}]",3,28
1513,2007-10-24 14:51:19.283,1,"[{'lat': -12.079, 'long': -75.285, 'Time': Timestamp('2007-10-24 16:45:51'), 'mag': 5.0}, {'lat': -12.079, 'long': -75.285, 'Time': Timestamp('2007-10-24 16:45:51'), 'mag': 5.0}, {'lat': -20.602, 'long': -68.754, 'Time': Timestamp('2007-10-25 08:35:17'), 'mag': 5.6}, {'lat': -12.079, 'long': -75.285, 'Time': Timestamp('2007-10-24 16:45:51'), 'mag': 5.0}, {'lat': -20.602, 'long': -68.754, 'Time': Timestamp('2007-10-25 08:35:17'), 'mag': 5.6}, {'lat': -20.602, 'long': -68.754, 'Time': Timestamp('2007-10-25 08:35:17'), 'mag': 5.6}]",6,9
1514,2007-11-04 18:07:23.466,1,"[{'lat': 17.108, 'long': -99.894, 'Time': Timestamp('2007-11-06 06:35:43'), 'mag': 5.4}, {'lat': 17.108, 'long': -99.894, 'Time': Timestamp('2007-11-06 06:35:43'), 'mag': 5.4}, {'lat': -55.411, 'long': -125.598, 'Time': Timestamp('2007-11-05 09:26:34'), 'mag': 5.1}, {'lat': -55.411, 'long': -125.598, 'Time': Timestamp('2007-11-05 09:26:34'), 'mag': 5.1}, {'lat': -55.411, 'long': -125.598, 'Time': Timestamp('2007-11-05 09:26:34'), 'mag': 5.1}]",5,20
1515,2007-11-08 21:21:18.943,0,[],0,24
1516,2007-11-10 00:35:18.337,1,"[{'lat': -11.547, 'long': 166.279, 'Time': Timestamp('2007-11-10 16:11:24'), 'mag': 5.7}, {'lat': -11.547, 'long': 166.279, 'Time': Timestamp('2007-11-10 16:11:24'), 'mag': 5.7}, {'lat': -14.909, 'long': 167.359, 'Time': Timestamp('2007-11-11 17:45:16'), 'mag': 5.0}, {'lat': -11.547, 'long': 166.279, 'Time': Timestamp('2007-11-10 16:11:24'), 'mag': 5.7}, {'lat': -21.55, 'long': 175.342, 'Time': Timestamp('2007-11-11 07:37:35'), 'mag': 5.5}, {'lat': -14.909, 'long': 167.359, 'Time': Timestamp('2007-11-11 17:45:16'), 'mag': 5.0}, {'lat': -21.55, 'long': 175.342, 'Time': Timestamp('2007-11-11 07:37:35'), 'mag': 5.5}, {'lat': -51.777, 'long': 161.318, 'Time': Timestamp('2007-11-10 01:13:29'), 'mag': 6.6}, {'lat': -51.777, 'long': 161.318, 'Time': Timestamp('2007-11-10 01:13:29'), 'mag': 6.6}, {'lat': 10.449, 'long': 145.746, 'Time': Timestamp('2007-11-12 00:25:44'), 'mag': 5.7}, {'lat': 10.449, 'long': 145.746, 'Time': Timestamp('2007-11-12 00:25:44'), 'mag': 5.7}, {'lat': 10.449, 'long': 145.746, 'Time': Timestamp('2007-11-12 00:25:44'), 'mag': 5.7}]",12,25
1517,2007-10-25 08:44:49.018,1,"[{'lat': 37.72, 'long': 21.3, 'Time': Timestamp('2007-10-27 05:29:39'), 'mag': 5.1}]",1,9
1518,2007-11-10 12:03:53.759,0,[],0,25
1519,2007-11-05 15:22:22.899,1,"[{'lat': -24.185, 'long': -69.514, 'Time': Timestamp('2007-11-07 15:06:16'), 'mag': 5.0}, {'lat': -24.185, 'long': -69.514, 'Time': Timestamp('2007-11-07 15:06:16'), 'mag': 5.0}, {'lat': -24.185, 'long': -69.514, 'Time': Timestamp('2007-11-07 15:06:16'), 'mag': 5.0}]",3,20
1520,2007-10-30 18:37:53.867,1,"[{'lat': -50.115, 'long': -114.278, 'Time': Timestamp('2007-11-01 13:33:24'), 'mag': 5.0}, {'lat': -50.115, 'long': -114.278, 'Time': Timestamp('2007-11-01 13:33:24'), 'mag': 5.0}, {'lat': -50.115, 'long': -114.278, 'Time': Timestamp('2007-11-01 13:33:24'), 'mag': 5.0}, {'lat': 37.4335, 'long': -121.7743333, 'Time': Timestamp('2007-10-31 03:04:54'), 'mag': 5.45}, {'lat': 37.4335, 'long': -121.7743333, 'Time': Timestamp('2007-10-31 03:04:54'), 'mag': 5.45}, {'lat': 37.4335, 'long': -121.7743333, 'Time': Timestamp('2007-10-31 03:04:54'), 'mag': 5.45}]",6,14
1521,2007-10-22 07:38:48.504,0,[],0,5
1522,2007-11-11 10:55:16.136,0,[],0,25
1523,2007-11-05 14:14:23.281,0,[],0,19
1524,2007-11-03 23:58:53.440,1,"[{'lat': -16.04, 'long': 167.805, 'Time': Timestamp('2007-11-04 22:56:43'), 'mag': 5.2}, {'lat': -16.04, 'long': 167.805, 'Time': Timestamp('2007-11-04 22:56:43'), 'mag': 5.2}, {'lat': -16.04, 'long': 167.805, 'Time': Timestamp('2007-11-04 22:56:43'), 'mag': 5.2}, {'lat': -51.822, 'long': 161.363, 'Time': Timestamp('2007-11-04 01:31:10'), 'mag': 5.6}, {'lat': -51.822, 'long': 161.363, 'Time': Timestamp('2007-11-04 01:31:10'), 'mag': 5.6}, {'lat': -63.5, 'long': 171.5, 'Time': Timestamp('2007-11-05 20:58:48'), 'mag': 5.2}]",6,17
1525,2007-10-27 06:31:21.628,1,"[{'lat': 36.449, 'long': 70.367, 'Time': Timestamp('2007-10-27 21:09:46'), 'mag': 5.0}, {'lat': 36.449, 'long': 70.367, 'Time': Timestamp('2007-10-27 21:09:46'), 'mag': 5.0}, {'lat': 36.449, 'long': 70.367, 'Time': Timestamp('2007-10-27 21:09:46'), 'mag': 5.0}]",3,9
1526,2007-11-08 09:46:50.699,1,"[{'lat': 38.733, 'long': 25.724, 'Time': Timestamp('2007-11-09 01:43:04'), 'mag': 5.2}, {'lat': 38.733, 'long': 25.724, 'Time': Timestamp('2007-11-09 01:43:04'), 'mag': 5.2}, {'lat': 38.733, 'long': 25.724, 'Time': Timestamp('2007-11-09 01:43:04'), 'mag': 5.2}]",3,21
1527,2007-10-25 13:06:23.656,0,[],0,7
1528,2007-10-30 16:23:51.143,1,"[{'lat': -50.115, 'long': -114.278, 'Time': Timestamp('2007-11-01 13:33:24'), 'mag': 5.0}]",1,12
1529,2007-11-11 19:38:23.762,0,[],0,24
1530,2007-11-17 22:52:23.815,1,"[{'lat': -21.852, 'long': -176.552, 'Time': Timestamp('2007-11-18 00:32:00'), 'mag': 5.1}, {'lat': -21.852, 'long': -176.552, 'Time': Timestamp('2007-11-18 00:32:00'), 'mag': 5.1}, {'lat': -21.852, 'long': -176.552, 'Time': Timestamp('2007-11-18 00:32:00'), 'mag': 5.1}, {'lat': -21.185, 'long': -178.752, 'Time': Timestamp('2007-11-19 00:52:12'), 'mag': 6.3}, {'lat': -21.968, 'long': 173.486, 'Time': Timestamp('2007-11-19 15:20:03'), 'mag': 6.0}, {'lat': -21.968, 'long': 173.486, 'Time': Timestamp('2007-11-19 15:20:03'), 'mag': 6.0}]",6,30
1531,2007-11-01 07:01:54.920,0,[],0,13
1532,2007-10-30 10:17:50.431,0,[],0,11
1533,2007-11-02 13:37:24.057,1,"[{'lat': -55.284, 'long': -29.439, 'Time': Timestamp('2007-11-03 13:52:11'), 'mag': 5.2}, {'lat': -55.284, 'long': -29.439, 'Time': Timestamp('2007-11-03 13:52:11'), 'mag': 5.2}]",2,14
1534,2007-10-27 18:31:53.137,1,"[{'lat': -4.683, 'long': -106.215, 'Time': Timestamp('2007-10-29 05:46:03'), 'mag': 5.1}, {'lat': -4.683, 'long': -106.215, 'Time': Timestamp('2007-10-29 05:46:03'), 'mag': 5.1}, {'lat': -57.276, 'long': -143.493, 'Time': Timestamp('2007-10-28 21:49:13'), 'mag': 5.2}, {'lat': -57.276, 'long': -143.493, 'Time': Timestamp('2007-10-28 21:49:13'), 'mag': 5.2}, {'lat': -57.276, 'long': -143.493, 'Time': Timestamp('2007-10-28 21:49:13'), 'mag': 5.2}]",5,8
1535,2007-10-26 07:32:48.774,1,"[{'lat': 36.449, 'long': 70.367, 'Time': Timestamp('2007-10-27 21:09:46'), 'mag': 5.0}, {'lat': 36.449, 'long': 70.367, 'Time': Timestamp('2007-10-27 21:09:46'), 'mag': 5.0}, {'lat': 36.449, 'long': 70.367, 'Time': Timestamp('2007-10-27 21:09:46'), 'mag': 5.0}]",3,6
1536,2007-11-13 10:49:20.502,0,[],0,24
1537,2007-11-02 14:08:24.418,0,[],0,13
1538,2007-10-30 17:24:53.511,1,"[{'lat': -50.115, 'long': -114.278, 'Time': Timestamp('2007-11-01 13:33:24'), 'mag': 5.0}, {'lat': -50.115, 'long': -114.278, 'Time': Timestamp('2007-11-01 13:33:24'), 'mag': 5.0}, {'lat': -50.115, 'long': -114.278, 'Time': Timestamp('2007-11-01 13:33:24'), 'mag': 5.0}]",3,10
1539,2007-11-13 20:38:47.660,0,[],0,24
1540,2007-11-03 23:52:53.617,1,"[{'lat': -16.04, 'long': 167.805, 'Time': Timestamp('2007-11-04 22:56:43'), 'mag': 5.2}, {'lat': -51.822, 'long': 161.363, 'Time': Timestamp('2007-11-04 01:31:10'), 'mag': 5.6}, {'lat': -51.822, 'long': 161.363, 'Time': Timestamp('2007-11-04 01:31:10'), 'mag': 5.6}, {'lat': -63.5, 'long': 171.5, 'Time': Timestamp('2007-11-05 20:58:48'), 'mag': 5.2}, {'lat': -16.04, 'long': 167.805, 'Time': Timestamp('2007-11-04 22:56:43'), 'mag': 5.2}]",5,14
1541,2007-11-07 08:03:20.615,0,[],0,17
1542,2007-10-27 11:20:23.671,1,"[{'lat': 37.033, 'long': 29.233, 'Time': Timestamp('2007-10-29 09:23:14'), 'mag': 5.3}, {'lat': 37.033, 'long': 29.233, 'Time': Timestamp('2007-10-29 09:23:14'), 'mag': 5.3}, {'lat': 37.033, 'long': 29.233, 'Time': Timestamp('2007-10-29 09:23:14'), 'mag': 5.3}]",3,6
1543,2007-11-14 14:38:50.947,1,"[{'lat': -22.247, 'long': -69.89, 'Time': Timestamp('2007-11-14 15:40:50'), 'mag': 7.7}, {'lat': -23.064, 'long': -70.53, 'Time': Timestamp('2007-11-14 16:03:02'), 'mag': 5.2}, {'lat': -22.227, 'long': -70.059, 'Time': Timestamp('2007-11-14 16:04:50'), 'mag': 5.3}, {'lat': -23.21, 'long': -70.129, 'Time': Timestamp('2007-11-14 16:13:22'), 'mag': 5.0}, {'lat': -23.147, 'long': -70.008, 'Time': Timestamp('2007-11-14 17:18:45'), 'mag': 5.1}, {'lat': -23.215, 'long': -70.526, 'Time': Timestamp('2007-11-14 17:44:04'), 'mag': 5.7}, {'lat': -23.172, 'long': -70.476, 'Time': Timestamp('2007-11-14 17:53:28'), 'mag': 5.0}, {'lat': -22.67, 'long': -70.292, 'Time': Timestamp('2007-11-14 18:55:49'), 'mag': 5.1}, {'lat': -22.317, 'long': -69.842, 'Time': Timestamp('2007-11-14 19:17:24'), 'mag': 5.0}, {'lat': -23.218, 'long': -70.526, 'Time': Timestamp('2007-11-15 01:46:34'), 'mag': 5.0}, {'lat': -23.31, 'long': -70.607, 'Time': Timestamp('2007-11-15 09:31:29'), 'mag': 5.0}, {'lat': -23.156, 'long': -70.717, 'Time': Timestamp('2007-11-15 11:14:50'), 'mag': 5.3}, {'lat': -22.867, 'long': -70.407, 'Time': Timestamp('2007-11-15 15:03:08'), 'mag': 6.3}, {'lat': -22.925, 'long': -70.237, 'Time': Timestamp('2007-11-15 15:05:58'), 'mag': 6.8}, {'lat': -23.14, 'long': -70.468, 'Time': Timestamp('2007-11-15 15:12:57'), 'mag': 5.2}, {'lat': -22.788, 'long': -70.195, 'Time': Timestamp('2007-11-15 15:15:48'), 'mag': 5.6}, {'lat': -22.881, 'long': -70.66, 'Time': Timestamp('2007-11-15 21:12:25'), 'mag': 5.0}, {'lat': -19.283, 'long': -63.957, 'Time': Timestamp('2007-11-15 21:17:49'), 'mag': 5.1}, {'lat': -22.84, 'long': -70.601, 'Time': Timestamp('2007-11-16 08:42:39'), 'mag': 5.5}, {'lat': -23.384, 'long': -70.572, 'Time': Timestamp('2007-11-16 14:34:07'), 'mag': 5.2}, {'lat': -22.247, 'long': -69.89, 'Time': Timestamp('2007-11-14 15:40:50'), 'mag': 7.7}, {'lat': -23.064, 'long': -70.53, 'Time': Timestamp('2007-11-14 16:03:02'), 'mag': 5.2}, {'lat': -22.227, 'long': -70.059, 'Time': Timestamp('2007-11-14 16:04:50'), 'mag': 5.3}, {'lat': -23.21, 'long': -70.129, 'Time': Timestamp('2007-11-14 16:13:22'), 'mag': 5.0}, {'lat': -23.147, 'long': -70.008, 'Time': Timestamp('2007-11-14 17:18:45'), 'mag': 5.1}, {'lat': -23.215, 'long': -70.526, 'Time': Timestamp('2007-11-14 17:44:04'), 'mag': 5.7}, {'lat': -23.172, 'long': -70.476, 'Time': Timestamp('2007-11-14 17:53:28'), 'mag': 5.0}, {'lat': -22.67, 'long': -70.292, 'Time': Timestamp('2007-11-14 18:55:49'), 'mag': 5.1}, {'lat': -22.317, 'long': -69.842, 'Time': Timestamp('2007-11-14 19:17:24'), 'mag': 5.0}, {'lat': -23.218, 'long': -70.526, 'Time': Timestamp('2007-11-15 01:46:34'), 'mag': 5.0}, {'lat': -23.31, 'long': -70.607, 'Time': Timestamp('2007-11-15 09:31:29'), 'mag': 5.0}, {'lat': -23.156, 'long': -70.717, 'Time': Timestamp('2007-11-15 11:14:50'), 'mag': 5.3}, {'lat': -22.867, 'long': -70.407, 'Time': Timestamp('2007-11-15 15:03:08'), 'mag': 6.3}, {'lat': -22.925, 'long': -70.237, 'Time': Timestamp('2007-11-15 15:05:58'), 'mag': 6.8}, {'lat': -23.14, 'long': -70.468, 'Time': Timestamp('2007-11-15 15:12:57'), 'mag': 5.2}, {'lat': -22.788, 'long': -70.195, 'Time': Timestamp('2007-11-15 15:15:48'), 'mag': 5.6}, {'lat': -22.881, 'long': -70.66, 'Time': Timestamp('2007-11-15 21:12:25'), 'mag': 5.0}, {'lat': -19.283, 'long': -63.957, 'Time': Timestamp('2007-11-15 21:17:49'), 'mag': 5.1}, {'lat': -22.84, 'long': -70.601, 'Time': Timestamp('2007-11-16 08:42:39'), 'mag': 5.5}, {'lat': -23.384, 'long': -70.572, 'Time': Timestamp('2007-11-16 14:34:07'), 'mag': 5.2}, {'lat': -22.247, 'long': -69.89, 'Time': Timestamp('2007-11-14 15:40:50'), 'mag': 7.7}, {'lat': -23.064, 'long': -70.53, 'Time': Timestamp('2007-11-14 16:03:02'), 'mag': 5.2}, {'lat': -22.227, 'long': -70.059, 'Time': Timestamp('2007-11-14 16:04:50'), 'mag': 5.3}, {'lat': -23.21, 'long': -70.129, 'Time': Timestamp('2007-11-14 16:13:22'), 'mag': 5.0}, {'lat': -23.147, 'long': -70.008, 'Time': Timestamp('2007-11-14 17:18:45'), 'mag': 5.1}, {'lat': -23.215, 'long': -70.526, 'Time': Timestamp('2007-11-14 17:44:04'), 'mag': 5.7}, {'lat': -23.172, 'long': -70.476, 'Time': Timestamp('2007-11-14 17:53:28'), 'mag': 5.0}, {'lat': -22.67, 'long': -70.292, 'Time': Timestamp('2007-11-14 18:55:49'), 'mag': 5.1}, {'lat': -22.317, 'long': -69.842, 'Time': Timestamp('2007-11-14 19:17:24'), 'mag': 5.0}, {'lat': -23.218, 'long': -70.526, 'Time': Timestamp('2007-11-15 01:46:34'), 'mag': 5.0}, {'lat': -23.31, 'long': -70.607, 'Time': Timestamp('2007-11-15 09:31:29'), 'mag': 5.0}, {'lat': -23.156, 'long': -70.717, 'Time': Timestamp('2007-11-15 11:14:50'), 'mag': 5.3}, {'lat': -22.867, 'long': -70.407, 'Time': Timestamp('2007-11-15 15:03:08'), 'mag': 6.3}, {'lat': -22.925, 'long': -70.237, 'Time': Timestamp('2007-11-15 15:05:58'), 'mag': 6.8}, {'lat': -23.14, 'long': -70.468, 'Time': Timestamp('2007-11-15 15:12:57'), 'mag': 5.2}, {'lat': -22.788, 'long': -70.195, 'Time': Timestamp('2007-11-15 15:15:48'), 'mag': 5.6}, {'lat': -22.881, 'long': -70.66, 'Time': Timestamp('2007-11-15 21:12:25'), 'mag': 5.0}, {'lat': -19.283, 'long': -63.957, 'Time': Timestamp('2007-11-15 21:17:49'), 'mag': 5.1}, {'lat': -22.84, 'long': -70.601, 'Time': Timestamp('2007-11-16 08:42:39'), 'mag': 5.5}, {'lat': -23.384, 'long': -70.572, 'Time': Timestamp('2007-11-16 14:34:07'), 'mag': 5.2}]",60,24
1544,2007-11-01 21:09:18.061,1,"[{'lat': -15.376, 'long': -173.165, 'Time': Timestamp('2007-11-02 12:40:10'), 'mag': 5.7}, {'lat': -15.311, 'long': -172.774, 'Time': Timestamp('2007-11-02 12:47:51'), 'mag': 5.2}, {'lat': -15.593, 'long': -173.066, 'Time': Timestamp('2007-11-02 13:30:44'), 'mag': 5.8}, {'lat': -15.376, 'long': -173.165, 'Time': Timestamp('2007-11-02 12:40:10'), 'mag': 5.7}, {'lat': -15.311, 'long': -172.774, 'Time': Timestamp('2007-11-02 12:47:51'), 'mag': 5.2}, {'lat': -15.593, 'long': -173.066, 'Time': Timestamp('2007-11-02 13:30:44'), 'mag': 5.8}, {'lat': -15.376, 'long': -173.165, 'Time': Timestamp('2007-11-02 12:40:10'), 'mag': 5.7}, {'lat': -15.311, 'long': -172.774, 'Time': Timestamp('2007-11-02 12:47:51'), 'mag': 5.2}, {'lat': -15.593, 'long': -173.066, 'Time': Timestamp('2007-11-02 13:30:44'), 'mag': 5.8}, {'lat': -20.148, 'long': -175.839, 'Time': Timestamp('2007-11-02 22:08:16'), 'mag': 5.1}, {'lat': -20.148, 'long': -175.839, 'Time': Timestamp('2007-11-02 22:08:16'), 'mag': 5.1}]",11,11
1545,2007-11-13 00:22:51.440,1,"[{'lat': -11.538, 'long': 166.264, 'Time': Timestamp('2007-11-14 18:47:51'), 'mag': 5.5}, {'lat': -11.538, 'long': 166.264, 'Time': Timestamp('2007-11-14 18:47:51'), 'mag': 5.5}, {'lat': -11.538, 'long': 166.264, 'Time': Timestamp('2007-11-14 18:47:51'), 'mag': 5.5}, {'lat': 18.035, 'long': 146.472, 'Time': Timestamp('2007-11-13 18:48:39'), 'mag': 5.3}, {'lat': 18.035, 'long': 146.472, 'Time': Timestamp('2007-11-13 18:48:39'), 'mag': 5.3}, {'lat': 18.035, 'long': 146.472, 'Time': Timestamp('2007-11-13 18:48:39'), 'mag': 5.3}]",6,22
1546,2007-11-14 03:39:53.045,1,"[{'lat': 1.485, 'long': 127.038, 'Time': Timestamp('2007-11-14 04:29:55'), 'mag': 5.3}, {'lat': 5.305, 'long': 126.225, 'Time': Timestamp('2007-11-15 20:30:30'), 'mag': 5.3}, {'lat': 1.485, 'long': 127.038, 'Time': Timestamp('2007-11-14 04:29:55'), 'mag': 5.3}, {'lat': 5.305, 'long': 126.225, 'Time': Timestamp('2007-11-15 20:30:30'), 'mag': 5.3}, {'lat': 1.485, 'long': 127.038, 'Time': Timestamp('2007-11-14 04:29:55'), 'mag': 5.3}, {'lat': 5.305, 'long': 126.225, 'Time': Timestamp('2007-11-15 20:30:30'), 'mag': 5.3}]",6,23
1547,2007-10-29 06:55:51.317,0,[],0,7
1548,2007-11-20 10:11:52.375,0,[],0,29
1549,2007-11-08 13:30:53.233,0,[],0,17
1550,2007-11-20 16:47:53.287,1,"[{'lat': -22.917, 'long': -70.483, 'Time': Timestamp('2007-11-20 17:55:51'), 'mag': 6.1}, {'lat': -23.209, 'long': -70.648, 'Time': Timestamp('2007-11-20 20:55:28'), 'mag': 5.0}, {'lat': -22.821, 'long': -70.595, 'Time': Timestamp('2007-11-21 07:55:22'), 'mag': 5.0}, {'lat': -24.81, 'long': -68.472, 'Time': Timestamp('2007-11-21 12:55:05'), 'mag': 5.8}, {'lat': -22.917, 'long': -70.483, 'Time': Timestamp('2007-11-20 17:55:51'), 'mag': 6.1}, {'lat': -23.209, 'long': -70.648, 'Time': Timestamp('2007-11-20 20:55:28'), 'mag': 5.0}, {'lat': -22.821, 'long': -70.595, 'Time': Timestamp('2007-11-21 07:55:22'), 'mag': 5.0}, {'lat': -24.81, 'long': -68.472, 'Time': Timestamp('2007-11-21 12:55:05'), 'mag': 5.8}, {'lat': -22.917, 'long': -70.483, 'Time': Timestamp('2007-11-20 17:55:51'), 'mag': 6.1}, {'lat': -23.209, 'long': -70.648, 'Time': Timestamp('2007-11-20 20:55:28'), 'mag': 5.0}, {'lat': -22.821, 'long': -70.595, 'Time': Timestamp('2007-11-21 07:55:22'), 'mag': 5.0}, {'lat': -24.81, 'long': -68.472, 'Time': Timestamp('2007-11-21 12:55:05'), 'mag': 5.8}]",12,29
1551,2007-11-11 20:02:53.340,0,[],0,20
1552,2007-11-11 23:16:23.393,1,"[{'lat': -14.41, 'long': 167.291, 'Time': Timestamp('2007-11-12 18:12:20'), 'mag': 5.0}, {'lat': -14.41, 'long': 167.291, 'Time': Timestamp('2007-11-12 18:12:20'), 'mag': 5.0}, {'lat': -14.41, 'long': 167.291, 'Time': Timestamp('2007-11-12 18:12:20'), 'mag': 5.0}]",3,20
1553,2007-11-04 09:03:20.305,0,[],0,12
1554,2007-11-15 12:22:53.607,1,"[{'lat': -1.193, 'long': -13.162, 'Time': Timestamp('2007-11-17 08:42:19'), 'mag': 5.2}, {'lat': -1.193, 'long': -13.162, 'Time': Timestamp('2007-11-17 08:42:19'), 'mag': 5.2}, {'lat': -56.313, 'long': -26.635, 'Time': Timestamp('2007-11-15 12:42:36'), 'mag': 5.0}]",3,23
1555,2007-11-18 15:40:48.762,1,"[{'lat': -22.882, 'long': -70.555, 'Time': Timestamp('2007-11-19 18:19:22'), 'mag': 5.0}, {'lat': -22.904, 'long': -70.602, 'Time': Timestamp('2007-11-19 20:21:07'), 'mag': 5.3}, {'lat': -22.791, 'long': -70.769, 'Time': Timestamp('2007-11-19 23:30:28'), 'mag': 5.9}, {'lat': -23.085, 'long': -70.066, 'Time': Timestamp('2007-11-20 00:51:09'), 'mag': 5.1}, {'lat': -22.812, 'long': -70.681, 'Time': Timestamp('2007-11-20 04:56:16'), 'mag': 5.0}, {'lat': -22.882, 'long': -70.555, 'Time': Timestamp('2007-11-19 18:19:22'), 'mag': 5.0}, {'lat': -22.904, 'long': -70.602, 'Time': Timestamp('2007-11-19 20:21:07'), 'mag': 5.3}, {'lat': -22.791, 'long': -70.769, 'Time': Timestamp('2007-11-19 23:30:28'), 'mag': 5.9}, {'lat': -23.085, 'long': -70.066, 'Time': Timestamp('2007-11-20 00:51:09'), 'mag': 5.1}, {'lat': -22.812, 'long': -70.681, 'Time': Timestamp('2007-11-20 04:56:16'), 'mag': 5.0}]",10,26
1556,2007-11-16 18:55:49.596,1,"[{'lat': -55.071, 'long': -129.684, 'Time': Timestamp('2007-11-18 14:42:57'), 'mag': 5.4}, {'lat': -55.071, 'long': -129.684, 'Time': Timestamp('2007-11-18 14:42:57'), 'mag': 5.4}]",2,24
1557,2007-10-29 23:46:53.794,1,"[{'lat': -15.391, 'long': -174.295, 'Time': Timestamp('2007-10-30 04:57:57'), 'mag': 5.1}, {'lat': -22.313, 'long': 170.565, 'Time': Timestamp('2007-10-30 08:32:46'), 'mag': 5.3}, {'lat': -22.313, 'long': 170.565, 'Time': Timestamp('2007-10-30 08:32:46'), 'mag': 5.3}, {'lat': -4.779, 'long': 154.156, 'Time': Timestamp('2007-10-30 02:49:53'), 'mag': 5.2}, {'lat': -4.779, 'long': 154.156, 'Time': Timestamp('2007-10-30 02:49:53'), 'mag': 5.2}]",5,6
1558,2007-11-09 07:57:19.352,0,[],0,16
1559,2007-11-08 22:39:53.261,1,"[{'lat': 51.128, 'long': -179.121, 'Time': Timestamp('2007-11-09 01:11:14'), 'mag': 5.0}, {'lat': 51.128, 'long': -179.121, 'Time': Timestamp('2007-11-09 01:11:14'), 'mag': 5.0}, {'lat': -11.547, 'long': 166.279, 'Time': Timestamp('2007-11-10 16:11:24'), 'mag': 5.7}, {'lat': -11.547, 'long': 166.279, 'Time': Timestamp('2007-11-10 16:11:24'), 'mag': 5.7}, {'lat': -22.933, 'long': 172.194, 'Time': Timestamp('2007-11-09 10:39:10'), 'mag': 5.2}, {'lat': -11.547, 'long': 166.279, 'Time': Timestamp('2007-11-10 16:11:24'), 'mag': 5.7}, {'lat': -22.933, 'long': 172.194, 'Time': Timestamp('2007-11-09 10:39:10'), 'mag': 5.2}, {'lat': -22.933, 'long': 172.194, 'Time': Timestamp('2007-11-09 10:39:10'), 'mag': 5.2}, {'lat': -51.777, 'long': 161.318, 'Time': Timestamp('2007-11-10 01:13:29'), 'mag': 6.6}, {'lat': -51.777, 'long': 161.318, 'Time': Timestamp('2007-11-10 01:13:29'), 'mag': 6.6}]",10,15
1560,2007-11-15 01:54:20.737,1,"[{'lat': 9.36, 'long': 141.5, 'Time': Timestamp('2007-11-15 14:20:13'), 'mag': 5.0}, {'lat': -5.49, 'long': 151.679, 'Time': Timestamp('2007-11-16 07:52:20'), 'mag': 5.4}, {'lat': -5.49, 'long': 151.679, 'Time': Timestamp('2007-11-16 07:52:20'), 'mag': 5.4}, {'lat': -5.49, 'long': 151.679, 'Time': Timestamp('2007-11-16 07:52:20'), 'mag': 5.4}, {'lat': 9.36, 'long': 141.5, 'Time': Timestamp('2007-11-15 14:20:13'), 'mag': 5.0}, {'lat': 5.305, 'long': 126.225, 'Time': Timestamp('2007-11-15 20:30:30'), 'mag': 5.3}, {'lat': 5.305, 'long': 126.225, 'Time': Timestamp('2007-11-15 20:30:30'), 'mag': 5.3}, {'lat': 5.305, 'long': 126.225, 'Time': Timestamp('2007-11-15 20:30:30'), 'mag': 5.3}]",8,21
1561,2007-11-13 06:49:54.243,0,[],0,19
1562,2007-11-04 10:05:19.877,0,[],0,10
1563,2007-11-23 13:24:53.503,0,[],0,29
1564,2007-11-11 16:41:53.556,0,[],0,17
1565,2007-11-20 19:56:23.609,1,"[{'lat': -62.637, 'long': -158.32, 'Time': Timestamp('2007-11-21 16:45:36'), 'mag': 5.4}, {'lat': -62.637, 'long': -158.32, 'Time': Timestamp('2007-11-21 16:45:36'), 'mag': 5.4}]",2,26
1566,2007-11-04 23:10:23.662,1,"[{'lat': -63.5, 'long': 171.5, 'Time': Timestamp('2007-11-05 20:58:48'), 'mag': 5.2}, {'lat': -15.599, 'long': 167.634, 'Time': Timestamp('2007-11-06 13:53:29'), 'mag': 5.0}, {'lat': -15.599, 'long': 167.634, 'Time': Timestamp('2007-11-06 13:53:29'), 'mag': 5.0}, {'lat': -15.599, 'long': 167.634, 'Time': Timestamp('2007-11-06 13:53:29'), 'mag': 5.0}, {'lat': -51.794, 'long': 161.443, 'Time': Timestamp('2007-11-06 14:36:45'), 'mag': 5.1}, {'lat': -51.794, 'long': 161.443, 'Time': Timestamp('2007-11-06 14:36:45'), 'mag': 5.1}]",6,10
1567,2007-11-19 02:24:52.465,1,"[{'lat': 43.227, 'long': 147.66, 'Time': Timestamp('2007-11-19 02:54:02'), 'mag': 5.0}, {'lat': 43.227, 'long': 147.66, 'Time': Timestamp('2007-11-19 02:54:02'), 'mag': 5.0}, {'lat': 27.581, 'long': 141.532, 'Time': Timestamp('2007-11-19 17:49:08'), 'mag': 5.1}, {'lat': 32.665, 'long': 140.669, 'Time': Timestamp('2007-11-20 11:46:31'), 'mag': 5.0}, {'lat': 27.581, 'long': 141.532, 'Time': Timestamp('2007-11-19 17:49:08'), 'mag': 5.1}, {'lat': 32.665, 'long': 140.669, 'Time': Timestamp('2007-11-20 11:46:31'), 'mag': 5.0}, {'lat': -6.907, 'long': 155.672, 'Time': Timestamp('2007-11-20 12:52:59'), 'mag': 6.0}, {'lat': 32.665, 'long': 140.669, 'Time': Timestamp('2007-11-20 11:46:31'), 'mag': 5.0}]",8,24
1568,2007-11-13 08:57:17.807,0,[],0,18
1569,2007-11-05 12:16:23.877,0,[],0,10
1570,2007-11-13 15:34:21.687,1,"[{'lat': -22.247, 'long': -69.89, 'Time': Timestamp('2007-11-14 15:40:50'), 'mag': 7.7}, {'lat': -23.064, 'long': -70.53, 'Time': Timestamp('2007-11-14 16:03:02'), 'mag': 5.2}, {'lat': -22.227, 'long': -70.059, 'Time': Timestamp('2007-11-14 16:04:50'), 'mag': 5.3}, {'lat': -23.21, 'long': -70.129, 'Time': Timestamp('2007-11-14 16:13:22'), 'mag': 5.0}, {'lat': -23.147, 'long': -70.008, 'Time': Timestamp('2007-11-14 17:18:45'), 'mag': 5.1}, {'lat': -23.215, 'long': -70.526, 'Time': Timestamp('2007-11-14 17:44:04'), 'mag': 5.7}, {'lat': -23.172, 'long': -70.476, 'Time': Timestamp('2007-11-14 17:53:28'), 'mag': 5.0}, {'lat': -22.67, 'long': -70.292, 'Time': Timestamp('2007-11-14 18:55:49'), 'mag': 5.1}, {'lat': -22.317, 'long': -69.842, 'Time': Timestamp('2007-11-14 19:17:24'), 'mag': 5.0}, {'lat': -23.218, 'long': -70.526, 'Time': Timestamp('2007-11-15 01:46:34'), 'mag': 5.0}, {'lat': -23.31, 'long': -70.607, 'Time': Timestamp('2007-11-15 09:31:29'), 'mag': 5.0}, {'lat': -23.156, 'long': -70.717, 'Time': Timestamp('2007-11-15 11:14:50'), 'mag': 5.3}, {'lat': -22.867, 'long': -70.407, 'Time': Timestamp('2007-11-15 15:03:08'), 'mag': 6.3}, {'lat': -22.925, 'long': -70.237, 'Time': Timestamp('2007-11-15 15:05:58'), 'mag': 6.8}, {'lat': -23.14, 'long': -70.468, 'Time': Timestamp('2007-11-15 15:12:57'), 'mag': 5.2}, {'lat': -22.788, 'long': -70.195, 'Time': Timestamp('2007-11-15 15:15:48'), 'mag': 5.6}, {'lat': -22.247, 'long': -69.89, 'Time': Timestamp('2007-11-14 15:40:50'), 'mag': 7.7}, {'lat': -23.064, 'long': -70.53, 'Time': Timestamp('2007-11-14 16:03:02'), 'mag': 5.2}, {'lat': -22.227, 'long': -70.059, 'Time': Timestamp('2007-11-14 16:04:50'), 'mag': 5.3}, {'lat': -23.21, 'long': -70.129, 'Time': Timestamp('2007-11-14 16:13:22'), 'mag': 5.0}, {'lat': -23.147, 'long': -70.008, 'Time': Timestamp('2007-11-14 17:18:45'), 'mag': 5.1}, {'lat': -23.215, 'long': -70.526, 'Time': Timestamp('2007-11-14 17:44:04'), 'mag': 5.7}, {'lat': -23.172, 'long': -70.476, 'Time': Timestamp('2007-11-14 17:53:28'), 'mag': 5.0}, {'lat': -22.67, 'long': -70.292, 'Time': Timestamp('2007-11-14 18:55:49'), 'mag': 5.1}, {'lat': -22.317, 'long': -69.842, 'Time': Timestamp('2007-11-14 19:17:24'), 'mag': 5.0}, {'lat': -23.218, 'long': -70.526, 'Time': Timestamp('2007-11-15 01:46:34'), 'mag': 5.0}, {'lat': -23.31, 'long': -70.607, 'Time': Timestamp('2007-11-15 09:31:29'), 'mag': 5.0}, {'lat': -23.156, 'long': -70.717, 'Time': Timestamp('2007-11-15 11:14:50'), 'mag': 5.3}, {'lat': -22.867, 'long': -70.407, 'Time': Timestamp('2007-11-15 15:03:08'), 'mag': 6.3}, {'lat': -22.925, 'long': -70.237, 'Time': Timestamp('2007-11-15 15:05:58'), 'mag': 6.8}, {'lat': -23.14, 'long': -70.468, 'Time': Timestamp('2007-11-15 15:12:57'), 'mag': 5.2}, {'lat': -22.788, 'long': -70.195, 'Time': Timestamp('2007-11-15 15:15:48'), 'mag': 5.6}]",32,18
1571,2007-11-03 18:49:49.866,1,"[{'lat': -55.411, 'long': -125.598, 'Time': Timestamp('2007-11-05 09:26:34'), 'mag': 5.1}, {'lat': -55.411, 'long': -125.598, 'Time': Timestamp('2007-11-05 09:26:34'), 'mag': 5.1}]",2,8
1572,2007-11-04 07:51:22.717,1,"[{'lat': 38.155, 'long': 73.264, 'Time': Timestamp('2007-11-06 02:15:46'), 'mag': 5.5}, {'lat': 38.155, 'long': 73.264, 'Time': Timestamp('2007-11-06 02:15:46'), 'mag': 5.5}, {'lat': 38.155, 'long': 73.264, 'Time': Timestamp('2007-11-06 02:15:46'), 'mag': 5.5}]",3,8
1573,2007-11-04 11:07:50.349,0,[],0,8
1574,2007-11-03 14:26:44.745,0,[],0,7
1575,2007-11-25 17:42:53.358,1,"[{'lat': 15.28, 'long': -93.363, 'Time': Timestamp('2007-11-26 17:41:40'), 'mag': 5.7}, {'lat': 15.28, 'long': -93.363, 'Time': Timestamp('2007-11-26 17:41:40'), 'mag': 5.7}, {'lat': 18.654, 'long': -101.703, 'Time': Timestamp('2007-11-26 21:56:12'), 'mag': 5.8}, {'lat': 18.654, 'long': -101.703, 'Time': Timestamp('2007-11-26 21:56:12'), 'mag': 5.8}, {'lat': -35.451, 'long': -104.973, 'Time': Timestamp('2007-11-26 00:10:10'), 'mag': 5.2}]",5,29
1576,2007-11-19 20:56:48.188,1,"[{'lat': 43.637, 'long': -127.474, 'Time': Timestamp('2007-11-19 22:43:02'), 'mag': 5.0}, {'lat': 43.637, 'long': -127.474, 'Time': Timestamp('2007-11-19 22:43:02'), 'mag': 5.0}, {'lat': -62.637, 'long': -158.32, 'Time': Timestamp('2007-11-21 16:45:36'), 'mag': 5.4}, {'lat': -62.637, 'long': -158.32, 'Time': Timestamp('2007-11-21 16:45:36'), 'mag': 5.4}, {'lat': -17.824, 'long': -173.225, 'Time': Timestamp('2007-11-20 23:52:55'), 'mag': 5.7}]",5,23
1577,2007-11-17 00:10:53.465,1,"[{'lat': 52.684, 'long': 159.478, 'Time': Timestamp('2007-11-17 17:16:43'), 'mag': 5.0}, {'lat': 52.684, 'long': 159.478, 'Time': Timestamp('2007-11-17 17:16:43'), 'mag': 5.0}]",2,20
1578,2007-11-08 08:21:57.214,0,[],0,11
1579,2007-11-06 11:38:53.652,1,"[{'lat': -55.978, 'long': -27.931, 'Time': Timestamp('2007-11-08 07:44:31'), 'mag': 5.4}, {'lat': -55.978, 'long': -27.931, 'Time': Timestamp('2007-11-08 07:44:31'), 'mag': 5.4}]",2,9
1580,2007-11-18 14:57:21.240,1,"[{'lat': -22.777, 'long': -70.651, 'Time': Timestamp('2007-11-18 15:24:54'), 'mag': 5.2}, {'lat': -22.882, 'long': -70.555, 'Time': Timestamp('2007-11-19 18:19:22'), 'mag': 5.0}, {'lat': -22.904, 'long': -70.602, 'Time': Timestamp('2007-11-19 20:21:07'), 'mag': 5.3}, {'lat': -22.791, 'long': -70.769, 'Time': Timestamp('2007-11-19 23:30:28'), 'mag': 5.9}, {'lat': -23.085, 'long': -70.066, 'Time': Timestamp('2007-11-20 00:51:09'), 'mag': 5.1}, {'lat': -22.812, 'long': -70.681, 'Time': Timestamp('2007-11-20 04:56:16'), 'mag': 5.0}, {'lat': -22.777, 'long': -70.651, 'Time': Timestamp('2007-11-18 15:24:54'), 'mag': 5.2}, {'lat': -22.882, 'long': -70.555, 'Time': Timestamp('2007-11-19 18:19:22'), 'mag': 5.0}, {'lat': -22.904, 'long': -70.602, 'Time': Timestamp('2007-11-19 20:21:07'), 'mag': 5.3}, {'lat': -22.791, 'long': -70.769, 'Time': Timestamp('2007-11-19 23:30:28'), 'mag': 5.9}, {'lat': -23.085, 'long': -70.066, 'Time': Timestamp('2007-11-20 00:51:09'), 'mag': 5.1}, {'lat': -22.812, 'long': -70.681, 'Time': Timestamp('2007-11-20 04:56:16'), 'mag': 5.0}, {'lat': -22.777, 'long': -70.651, 'Time': Timestamp('2007-11-18 15:24:54'), 'mag': 5.2}, {'lat': -22.882, 'long': -70.555, 'Time': Timestamp('2007-11-19 18:19:22'), 'mag': 5.0}, {'lat': -22.904, 'long': -70.602, 'Time': Timestamp('2007-11-19 20:21:07'), 'mag': 5.3}, {'lat': -22.791, 'long': -70.769, 'Time': Timestamp('2007-11-19 23:30:28'), 'mag': 5.9}, {'lat': -23.085, 'long': -70.066, 'Time': Timestamp('2007-11-20 00:51:09'), 'mag': 5.1}, {'lat': -22.812, 'long': -70.681, 'Time': Timestamp('2007-11-20 04:56:16'), 'mag': 5.0}]",18,21
1581,2007-11-21 18:13:23.759,0,[],0,24
1582,2007-11-08 21:27:19.237,0,[],0,11
1583,2007-11-18 00:41:18.631,1,"[{'lat': -21.968, 'long': 173.486, 'Time': Timestamp('2007-11-19 15:20:03'), 'mag': 6.0}, {'lat': -21.968, 'long': 173.486, 'Time': Timestamp('2007-11-19 15:20:03'), 'mag': 6.0}, {'lat': 43.227, 'long': 147.66, 'Time': Timestamp('2007-11-19 02:54:02'), 'mag': 5.0}, {'lat': 43.227, 'long': 147.66, 'Time': Timestamp('2007-11-19 02:54:02'), 'mag': 5.0}, {'lat': 27.581, 'long': 141.532, 'Time': Timestamp('2007-11-19 17:49:08'), 'mag': 5.1}, {'lat': 27.581, 'long': 141.532, 'Time': Timestamp('2007-11-19 17:49:08'), 'mag': 5.1}]",6,20
1584,2007-11-24 07:14:27.266,1,"[{'lat': 29.652, 'long': 69.524, 'Time': Timestamp('2007-11-25 13:53:47'), 'mag': 5.1}, {'lat': 29.652, 'long': 69.524, 'Time': Timestamp('2007-11-25 13:53:47'), 'mag': 5.1}, {'lat': 29.652, 'long': 69.524, 'Time': Timestamp('2007-11-25 13:53:47'), 'mag': 5.1}]",3,26
1585,2007-11-18 10:30:23.223,0,[],0,20
1586,2007-11-20 13:49:23.081,1,"[{'lat': 13.359, 'long': -44.831, 'Time': Timestamp('2007-11-21 00:37:55'), 'mag': 5.0}, {'lat': 13.359, 'long': -44.831, 'Time': Timestamp('2007-11-21 00:37:55'), 'mag': 5.0}, {'lat': -24.81, 'long': -68.472, 'Time': Timestamp('2007-11-21 12:55:05'), 'mag': 5.8}]",3,22
1587,2007-11-03 17:06:23.134,1,"[{'lat': -55.411, 'long': -125.598, 'Time': Timestamp('2007-11-05 09:26:34'), 'mag': 5.1}]",1,5
1588,2007-11-03 20:20:53.187,1,"[{'lat': -55.411, 'long': -125.598, 'Time': Timestamp('2007-11-05 09:26:34'), 'mag': 5.1}]",1,5
1589,2007-11-11 23:34:23.240,1,"[{'lat': -14.41, 'long': 167.291, 'Time': Timestamp('2007-11-12 18:12:20'), 'mag': 5.0}, {'lat': -14.41, 'long': 167.291, 'Time': Timestamp('2007-11-12 18:12:20'), 'mag': 5.0}, {'lat': -14.41, 'long': 167.291, 'Time': Timestamp('2007-11-12 18:12:20'), 'mag': 5.0}]",3,13
1590,2007-11-06 07:44:48.798,1,"[{'lat': 21.181, 'long': 70.724, 'Time': Timestamp('2007-11-06 09:38:05'), 'mag': 5.1}, {'lat': 21.181, 'long': 70.724, 'Time': Timestamp('2007-11-06 09:38:05'), 'mag': 5.1}, {'lat': 21.181, 'long': 70.724, 'Time': Timestamp('2007-11-06 09:38:05'), 'mag': 5.1}]",3,7
1591,2007-11-04 11:01:21.965,0,[],0,5
1592,2007-11-08 14:20:22.232,0,[],0,9
1593,2007-11-14 17:36:53.536,1,"[{'lat': -2.312, 'long': -77.838, 'Time': Timestamp('2007-11-16 03:13:00'), 'mag': 6.8}, {'lat': -2.312, 'long': -77.838, 'Time': Timestamp('2007-11-16 03:13:00'), 'mag': 6.8}, {'lat': -2.312, 'long': -77.838, 'Time': Timestamp('2007-11-16 03:13:00'), 'mag': 6.8}]",3,15
1594,2007-11-12 20:47:50.909,0,[],0,13
1595,2007-11-07 00:04:53.641,1,"[{'lat': -3.638, 'long': 145.276, 'Time': Timestamp('2007-11-08 17:58:20'), 'mag': 5.0}, {'lat': -3.638, 'long': 145.276, 'Time': Timestamp('2007-11-08 17:58:20'), 'mag': 5.0}]",2,7
1596,2007-11-05 04:59:32.651,1,"[{'lat': -3.737, 'long': 101.092, 'Time': Timestamp('2007-11-05 21:58:14'), 'mag': 5.0}, {'lat': -3.737, 'long': 101.092, 'Time': Timestamp('2007-11-05 21:58:14'), 'mag': 5.0}, {'lat': -3.737, 'long': 101.092, 'Time': Timestamp('2007-11-05 21:58:14'), 'mag': 5.0}]",3,5
1597,2007-11-29 08:15:53.295,1,"[{'lat': 36.422, 'long': 71.734, 'Time': Timestamp('2007-11-29 10:02:44'), 'mag': 5.1}, {'lat': 36.422, 'long': 71.734, 'Time': Timestamp('2007-11-29 10:02:44'), 'mag': 5.1}, {'lat': 36.422, 'long': 71.734, 'Time': Timestamp('2007-11-29 10:02:44'), 'mag': 5.1}]",3,29
1598,2007-11-29 13:12:23.951,0,[],0,29
1599,2007-11-12 16:29:54.975,1,"[{'lat': -22.247, 'long': -69.89, 'Time': Timestamp('2007-11-14 15:40:50'), 'mag': 7.7}, {'lat': -23.064, 'long': -70.53, 'Time': Timestamp('2007-11-14 16:03:02'), 'mag': 5.2}, {'lat': -22.227, 'long': -70.059, 'Time': Timestamp('2007-11-14 16:04:50'), 'mag': 5.3}, {'lat': -23.21, 'long': -70.129, 'Time': Timestamp('2007-11-14 16:13:22'), 'mag': 5.0}, {'lat': -22.247, 'long': -69.89, 'Time': Timestamp('2007-11-14 15:40:50'), 'mag': 7.7}, {'lat': -23.064, 'long': -70.53, 'Time': Timestamp('2007-11-14 16:03:02'), 'mag': 5.2}, {'lat': -22.227, 'long': -70.059, 'Time': Timestamp('2007-11-14 16:04:50'), 'mag': 5.3}, {'lat': -23.21, 'long': -70.129, 'Time': Timestamp('2007-11-14 16:13:22'), 'mag': 5.0}, {'lat': -22.247, 'long': -69.89, 'Time': Timestamp('2007-11-14 15:40:50'), 'mag': 7.7}, {'lat': -23.064, 'long': -70.53, 'Time': Timestamp('2007-11-14 16:03:02'), 'mag': 5.2}, {'lat': -22.227, 'long': -70.059, 'Time': Timestamp('2007-11-14 16:04:50'), 'mag': 5.3}, {'lat': -23.21, 'long': -70.129, 'Time': Timestamp('2007-11-14 16:13:22'), 'mag': 5.0}]",12,12
1600,2007-11-21 19:44:24.058,0,[],0,21
1601,2007-11-21 22:58:23.111,1,"[{'lat': -17.924, 'long': -174.683, 'Time': Timestamp('2007-11-23 12:22:52'), 'mag': 5.5}, {'lat': -17.85, 'long': -174.768, 'Time': Timestamp('2007-11-23 12:37:34'), 'mag': 5.6}, {'lat': -17.922, 'long': -174.83, 'Time': Timestamp('2007-11-23 12:38:50'), 'mag': 5.3}, {'lat': -17.924, 'long': -174.683, 'Time': Timestamp('2007-11-23 12:22:52'), 'mag': 5.5}, {'lat': -17.85, 'long': -174.768, 'Time': Timestamp('2007-11-23 12:37:34'), 'mag': 5.6}, {'lat': -17.922, 'long': -174.83, 'Time': Timestamp('2007-11-23 12:38:50'), 'mag': 5.3}, {'lat': -17.924, 'long': -174.683, 'Time': Timestamp('2007-11-23 12:22:52'), 'mag': 5.5}, {'lat': -17.85, 'long': -174.768, 'Time': Timestamp('2007-11-23 12:37:34'), 'mag': 5.6}, {'lat': -17.922, 'long': -174.83, 'Time': Timestamp('2007-11-23 12:38:50'), 'mag': 5.3}, {'lat': 51.172, 'long': -179.796, 'Time': Timestamp('2007-11-22 10:38:56'), 'mag': 5.4}, {'lat': 51.172, 'long': -179.796, 'Time': Timestamp('2007-11-22 10:38:56'), 'mag': 5.4}, {'lat': 51.172, 'long': -179.796, 'Time': Timestamp('2007-11-22 10:38:56'), 'mag': 5.4}, {'lat': -19.161, 'long': 168.75, 'Time': Timestamp('2007-11-22 20:30:20'), 'mag': 5.1}, {'lat': -19.161, 'long': 168.75, 'Time': Timestamp('2007-11-22 20:30:20'), 'mag': 5.1}, {'lat': -19.161, 'long': 168.75, 'Time': Timestamp('2007-11-22 20:30:20'), 'mag': 5.1}]",15,21
1602,2007-11-15 07:07:54.215,0,[],0,14
1603,2007-11-14 10:24:22.494,1,"[{'lat': 37.021, 'long': 29.257, 'Time': Timestamp('2007-11-16 09:08:23'), 'mag': 5.1}, {'lat': 37.021, 'long': 29.257, 'Time': Timestamp('2007-11-16 09:08:23'), 'mag': 5.1}]",2,13
1604,2007-11-22 13:43:23.352,0,[],0,21
1605,2007-11-09 17:00:23.405,0,[],0,8
1606,2007-11-14 20:14:53.459,0,[],0,13
1607,2007-11-26 23:28:23.512,1,"[{'lat': -19.427, 'long': -177.691, 'Time': Timestamp('2007-11-27 09:24:12'), 'mag': 5.3}, {'lat': -19.427, 'long': -177.691, 'Time': Timestamp('2007-11-27 09:24:12'), 'mag': 5.3}, {'lat': -31.68, 'long': -177.953, 'Time': Timestamp('2007-11-28 13:41:21'), 'mag': 5.0}, {'lat': -31.68, 'long': -177.953, 'Time': Timestamp('2007-11-28 13:41:21'), 'mag': 5.0}, {'lat': -10.95, 'long': 162.149, 'Time': Timestamp('2007-11-27 11:49:58'), 'mag': 6.6}, {'lat': -10.95, 'long': 162.149, 'Time': Timestamp('2007-11-27 11:49:58'), 'mag': 6.6}]",6,25
1608,2007-12-02 07:38:49.070,1,"[{'lat': 36.591, 'long': 71.025, 'Time': Timestamp('2007-12-02 11:57:05'), 'mag': 5.2}, {'lat': 36.591, 'long': 71.025, 'Time': Timestamp('2007-12-02 11:57:05'), 'mag': 5.2}, {'lat': 36.591, 'long': 71.025, 'Time': Timestamp('2007-12-02 11:57:05'), 'mag': 5.2}]",3,30
1609,2007-12-01 10:54:19.357,0,[],0,29
1610,2007-11-14 14:14:23.753,1,"[{'lat': -22.247, 'long': -69.89, 'Time': Timestamp('2007-11-14 15:40:50'), 'mag': 7.7}, {'lat': -23.064, 'long': -70.53, 'Time': Timestamp('2007-11-14 16:03:02'), 'mag': 5.2}, {'lat': -22.227, 'long': -70.059, 'Time': Timestamp('2007-11-14 16:04:50'), 'mag': 5.3}, {'lat': -23.21, 'long': -70.129, 'Time': Timestamp('2007-11-14 16:13:22'), 'mag': 5.0}, {'lat': -23.147, 'long': -70.008, 'Time': Timestamp('2007-11-14 17:18:45'), 'mag': 5.1}, {'lat': -23.215, 'long': -70.526, 'Time': Timestamp('2007-11-14 17:44:04'), 'mag': 5.7}, {'lat': -23.172, 'long': -70.476, 'Time': Timestamp('2007-11-14 17:53:28'), 'mag': 5.0}, {'lat': -22.67, 'long': -70.292, 'Time': Timestamp('2007-11-14 18:55:49'), 'mag': 5.1}, {'lat': -22.317, 'long': -69.842, 'Time': Timestamp('2007-11-14 19:17:24'), 'mag': 5.0}, {'lat': -23.218, 'long': -70.526, 'Time': Timestamp('2007-11-15 01:46:34'), 'mag': 5.0}, {'lat': -23.31, 'long': -70.607, 'Time': Timestamp('2007-11-15 09:31:29'), 'mag': 5.0}, {'lat': -23.156, 'long': -70.717, 'Time': Timestamp('2007-11-15 11:14:50'), 'mag': 5.3}, {'lat': -22.867, 'long': -70.407, 'Time': Timestamp('2007-11-15 15:03:08'), 'mag': 6.3}, {'lat': -22.925, 'long': -70.237, 'Time': Timestamp('2007-11-15 15:05:58'), 'mag': 6.8}, {'lat': -23.14, 'long': -70.468, 'Time': Timestamp('2007-11-15 15:12:57'), 'mag': 5.2}, {'lat': -22.788, 'long': -70.195, 'Time': Timestamp('2007-11-15 15:15:48'), 'mag': 5.6}, {'lat': -22.881, 'long': -70.66, 'Time': Timestamp('2007-11-15 21:12:25'), 'mag': 5.0}, {'lat': -19.283, 'long': -63.957, 'Time': Timestamp('2007-11-15 21:17:49'), 'mag': 5.1}, {'lat': -22.84, 'long': -70.601, 'Time': Timestamp('2007-11-16 08:42:39'), 'mag': 5.5}, {'lat': -22.247, 'long': -69.89, 'Time': Timestamp('2007-11-14 15:40:50'), 'mag': 7.7}, {'lat': -23.064, 'long': -70.53, 'Time': Timestamp('2007-11-14 16:03:02'), 'mag': 5.2}, {'lat': -22.227, 'long': -70.059, 'Time': Timestamp('2007-11-14 16:04:50'), 'mag': 5.3}, {'lat': -23.21, 'long': -70.129, 'Time': Timestamp('2007-11-14 16:13:22'), 'mag': 5.0}, {'lat': -23.147, 'long': -70.008, 'Time': Timestamp('2007-11-14 17:18:45'), 'mag': 5.1}, {'lat': -23.215, 'long': -70.526, 'Time': Timestamp('2007-11-14 17:44:04'), 'mag': 5.7}, {'lat': -23.172, 'long': -70.476, 'Time': Timestamp('2007-11-14 17:53:28'), 'mag': 5.0}, {'lat': -22.67, 'long': -70.292, 'Time': Timestamp('2007-11-14 18:55:49'), 'mag': 5.1}, {'lat': -22.317, 'long': -69.842, 'Time': Timestamp('2007-11-14 19:17:24'), 'mag': 5.0}, {'lat': -23.218, 'long': -70.526, 'Time': Timestamp('2007-11-15 01:46:34'), 'mag': 5.0}, {'lat': -23.31, 'long': -70.607, 'Time': Timestamp('2007-11-15 09:31:29'), 'mag': 5.0}, {'lat': -23.156, 'long': -70.717, 'Time': Timestamp('2007-11-15 11:14:50'), 'mag': 5.3}, {'lat': -22.867, 'long': -70.407, 'Time': Timestamp('2007-11-15 15:03:08'), 'mag': 6.3}, {'lat': -22.925, 'long': -70.237, 'Time': Timestamp('2007-11-15 15:05:58'), 'mag': 6.8}, {'lat': -23.14, 'long': -70.468, 'Time': Timestamp('2007-11-15 15:12:57'), 'mag': 5.2}, {'lat': -22.788, 'long': -70.195, 'Time': Timestamp('2007-11-15 15:15:48'), 'mag': 5.6}, {'lat': -22.881, 'long': -70.66, 'Time': Timestamp('2007-11-15 21:12:25'), 'mag': 5.0}, {'lat': -19.283, 'long': -63.957, 'Time': Timestamp('2007-11-15 21:17:49'), 'mag': 5.1}, {'lat': -22.84, 'long': -70.601, 'Time': Timestamp('2007-11-16 08:42:39'), 'mag': 5.5}, {'lat': -22.247, 'long': -69.89, 'Time': Timestamp('2007-11-14 15:40:50'), 'mag': 7.7}, {'lat': -23.064, 'long': -70.53, 'Time': Timestamp('2007-11-14 16:03:02'), 'mag': 5.2}, {'lat': -22.227, 'long': -70.059, 'Time': Timestamp('2007-11-14 16:04:50'), 'mag': 5.3}, {'lat': -23.21, 'long': -70.129, 'Time': Timestamp('2007-11-14 16:13:22'), 'mag': 5.0}, {'lat': -23.147, 'long': -70.008, 'Time': Timestamp('2007-11-14 17:18:45'), 'mag': 5.1}, {'lat': -23.215, 'long': -70.526, 'Time': Timestamp('2007-11-14 17:44:04'), 'mag': 5.7}, {'lat': -23.172, 'long': -70.476, 'Time': Timestamp('2007-11-14 17:53:28'), 'mag': 5.0}, {'lat': -22.67, 'long': -70.292, 'Time': Timestamp('2007-11-14 18:55:49'), 'mag': 5.1}, {'lat': -22.317, 'long': -69.842, 'Time': Timestamp('2007-11-14 19:17:24'), 'mag': 5.0}, {'lat': -23.218, 'long': -70.526, 'Time': Timestamp('2007-11-15 01:46:34'), 'mag': 5.0}, {'lat': -23.31, 'long': -70.607, 'Time': Timestamp('2007-11-15 09:31:29'), 'mag': 5.0}, {'lat': -23.156, 'long': -70.717, 'Time': Timestamp('2007-11-15 11:14:50'), 'mag': 5.3}, {'lat': -22.867, 'long': -70.407, 'Time': Timestamp('2007-11-15 15:03:08'), 'mag': 6.3}, {'lat': -22.925, 'long': -70.237, 'Time': Timestamp('2007-11-15 15:05:58'), 'mag': 6.8}, {'lat': -23.14, 'long': -70.468, 'Time': Timestamp('2007-11-15 15:12:57'), 'mag': 5.2}, {'lat': -22.788, 'long': -70.195, 'Time': Timestamp('2007-11-15 15:15:48'), 'mag': 5.6}, {'lat': -22.881, 'long': -70.66, 'Time': Timestamp('2007-11-15 21:12:25'), 'mag': 5.0}, {'lat': -19.283, 'long': -63.957, 'Time': Timestamp('2007-11-15 21:17:49'), 'mag': 5.1}, {'lat': -22.84, 'long': -70.601, 'Time': Timestamp('2007-11-16 08:42:39'), 'mag': 5.5}]",57,12
1611,2007-11-09 17:30:53.807,0,[],0,7
1612,2007-11-13 20:41:51.180,0,[],0,11
1613,2007-11-13 23:58:53.912,1,"[{'lat': -11.538, 'long': 166.264, 'Time': Timestamp('2007-11-14 18:47:51'), 'mag': 5.5}]",1,11
1614,2007-11-27 08:09:52.239,1,"[{'lat': -21.166, 'long': 33.26, 'Time': Timestamp('2007-11-29 02:59:10'), 'mag': 5.2}, {'lat': -21.166, 'long': 33.26, 'Time': Timestamp('2007-11-29 02:59:10'), 'mag': 5.2}]",2,24
1615,2007-11-26 11:26:23.100,1,"[{'lat': -1.356, 'long': -13.29, 'Time': Timestamp('2007-11-27 10:13:49'), 'mag': 5.4}, {'lat': -1.356, 'long': -13.29, 'Time': Timestamp('2007-11-27 10:13:49'), 'mag': 5.4}]",2,23
1616,2007-11-19 14:45:21.682,1,"[{'lat': 13.359, 'long': -44.831, 'Time': Timestamp('2007-11-21 00:37:55'), 'mag': 5.0}, {'lat': 13.359, 'long': -44.831, 'Time': Timestamp('2007-11-21 00:37:55'), 'mag': 5.0}, {'lat': 13.359, 'long': -44.831, 'Time': Timestamp('2007-11-21 00:37:55'), 'mag': 5.0}, {'lat': -22.882, 'long': -70.555, 'Time': Timestamp('2007-11-19 18:19:22'), 'mag': 5.0}, {'lat': -22.904, 'long': -70.602, 'Time': Timestamp('2007-11-19 20:21:07'), 'mag': 5.3}, {'lat': -22.791, 'long': -70.769, 'Time': Timestamp('2007-11-19 23:30:28'), 'mag': 5.9}, {'lat': -23.085, 'long': -70.066, 'Time': Timestamp('2007-11-20 00:51:09'), 'mag': 5.1}, {'lat': -22.812, 'long': -70.681, 'Time': Timestamp('2007-11-20 04:56:16'), 'mag': 5.0}, {'lat': -23.147, 'long': -70.392, 'Time': Timestamp('2007-11-20 16:44:28'), 'mag': 5.4}, {'lat': -22.917, 'long': -70.483, 'Time': Timestamp('2007-11-20 17:55:51'), 'mag': 6.1}, {'lat': -23.209, 'long': -70.648, 'Time': Timestamp('2007-11-20 20:55:28'), 'mag': 5.0}, {'lat': -22.821, 'long': -70.595, 'Time': Timestamp('2007-11-21 07:55:22'), 'mag': 5.0}, {'lat': -24.81, 'long': -68.472, 'Time': Timestamp('2007-11-21 12:55:05'), 'mag': 5.8}, {'lat': -22.882, 'long': -70.555, 'Time': Timestamp('2007-11-19 18:19:22'), 'mag': 5.0}, {'lat': -22.904, 'long': -70.602, 'Time': Timestamp('2007-11-19 20:21:07'), 'mag': 5.3}, {'lat': -22.791, 'long': -70.769, 'Time': Timestamp('2007-11-19 23:30:28'), 'mag': 5.9}, {'lat': -23.085, 'long': -70.066, 'Time': Timestamp('2007-11-20 00:51:09'), 'mag': 5.1}, {'lat': -22.812, 'long': -70.681, 'Time': Timestamp('2007-11-20 04:56:16'), 'mag': 5.0}, {'lat': -23.147, 'long': -70.392, 'Time': Timestamp('2007-11-20 16:44:28'), 'mag': 5.4}, {'lat': -22.917, 'long': -70.483, 'Time': Timestamp('2007-11-20 17:55:51'), 'mag': 6.1}, {'lat': -23.209, 'long': -70.648, 'Time': Timestamp('2007-11-20 20:55:28'), 'mag': 5.0}, {'lat': -22.821, 'long': -70.595, 'Time': Timestamp('2007-11-21 07:55:22'), 'mag': 5.0}, {'lat': -24.81, 'long': -68.472, 'Time': Timestamp('2007-11-21 12:55:05'), 'mag': 5.8}, {'lat': -22.882, 'long': -70.555, 'Time': Timestamp('2007-11-19 18:19:22'), 'mag': 5.0}, {'lat': -22.904, 'long': -70.602, 'Time': Timestamp('2007-11-19 20:21:07'), 'mag': 5.3}, {'lat': -22.791, 'long': -70.769, 'Time': Timestamp('2007-11-19 23:30:28'), 'mag': 5.9}, {'lat': -23.085, 'long': -70.066, 'Time': Timestamp('2007-11-20 00:51:09'), 'mag': 5.1}, {'lat': -22.812, 'long': -70.681, 'Time': Timestamp('2007-11-20 04:56:16'), 'mag': 5.0}, {'lat': -23.147, 'long': -70.392, 'Time': Timestamp('2007-11-20 16:44:28'), 'mag': 5.4}, {'lat': -22.917, 'long': -70.483, 'Time': Timestamp('2007-11-20 17:55:51'), 'mag': 6.1}, {'lat': -23.209, 'long': -70.648, 'Time': Timestamp('2007-11-20 20:55:28'), 'mag': 5.0}, {'lat': -22.821, 'long': -70.595, 'Time': Timestamp('2007-11-21 07:55:22'), 'mag': 5.0}, {'lat': -24.81, 'long': -68.472, 'Time': Timestamp('2007-11-21 12:55:05'), 'mag': 5.8}]",33,16
1617,2007-12-02 18:01:23.208,0,[],0,29
1618,2007-11-10 21:12:24.678,0,[],0,7
1619,2007-11-14 00:28:46.639,1,"[{'lat': -11.538, 'long': 166.264, 'Time': Timestamp('2007-11-14 18:47:51'), 'mag': 5.5}, {'lat': -11.538, 'long': 166.264, 'Time': Timestamp('2007-11-14 18:47:51'), 'mag': 5.5}, {'lat': -11.538, 'long': 166.264, 'Time': Timestamp('2007-11-14 18:47:51'), 'mag': 5.5}, {'lat': 9.36, 'long': 141.5, 'Time': Timestamp('2007-11-15 14:20:13'), 'mag': 5.0}, {'lat': 9.36, 'long': 141.5, 'Time': Timestamp('2007-11-15 14:20:13'), 'mag': 5.0}, {'lat': 9.36, 'long': 141.5, 'Time': Timestamp('2007-11-15 14:20:13'), 'mag': 5.0}]",6,10
1620,2007-11-11 05:23:52.915,1,"[{'lat': 36.241, 'long': 71.226, 'Time': Timestamp('2007-11-12 08:21:51'), 'mag': 5.0}]",1,7
1621,2007-11-20 08:40:21.640,1,"[{'lat': 26.87, 'long': 54.69, 'Time': Timestamp('2007-11-22 03:44:50'), 'mag': 5.3}, {'lat': 26.87, 'long': 54.69, 'Time': Timestamp('2007-11-22 03:44:50'), 'mag': 5.3}, {'lat': 26.87, 'long': 54.69, 'Time': Timestamp('2007-11-22 03:44:50'), 'mag': 5.3}]",3,16
1622,2007-11-19 11:57:53.501,0,[],0,15
1623,2007-11-28 15:15:56.625,1,"[{'lat': 14.944, 'long': -61.274, 'Time': Timestamp('2007-11-29 19:00:20'), 'mag': 7.4}, {'lat': 15.092, 'long': -61.381, 'Time': Timestamp('2007-11-29 19:34:46'), 'mag': 5.1}, {'lat': 15.035, 'long': -61.27, 'Time': Timestamp('2007-11-30 04:00:00'), 'mag': 5.0}, {'lat': 14.944, 'long': -61.274, 'Time': Timestamp('2007-11-29 19:00:20'), 'mag': 7.4}, {'lat': 15.092, 'long': -61.381, 'Time': Timestamp('2007-11-29 19:34:46'), 'mag': 5.1}, {'lat': 15.035, 'long': -61.27, 'Time': Timestamp('2007-11-30 04:00:00'), 'mag': 5.0}, {'lat': 14.944, 'long': -61.274, 'Time': Timestamp('2007-11-29 19:00:20'), 'mag': 7.4}, {'lat': 15.092, 'long': -61.381, 'Time': Timestamp('2007-11-29 19:34:46'), 'mag': 5.1}, {'lat': 15.035, 'long': -61.27, 'Time': Timestamp('2007-11-30 04:00:00'), 'mag': 5.0}]",9,24
1624,2007-11-27 21:44:21.742,1,"[{'lat': 61.9108, 'long': -151.1273, 'Time': Timestamp('2007-11-28 23:57:03'), 'mag': 5.0}, {'lat': 61.9108, 'long': -151.1273, 'Time': Timestamp('2007-11-28 23:57:03'), 'mag': 5.0}, {'lat': -19.946, 'long': -175.769, 'Time': Timestamp('2007-11-29 00:32:08'), 'mag': 5.0}, {'lat': -31.68, 'long': -177.953, 'Time': Timestamp('2007-11-28 13:41:21'), 'mag': 5.0}, {'lat': -19.946, 'long': -175.769, 'Time': Timestamp('2007-11-29 00:32:08'), 'mag': 5.0}, {'lat': -31.68, 'long': -177.953, 'Time': Timestamp('2007-11-28 13:41:21'), 'mag': 5.0}, {'lat': -31.68, 'long': -177.953, 'Time': Timestamp('2007-11-28 13:41:21'), 'mag': 5.0}, {'lat': -45.0, 'long': 167.411, 'Time': Timestamp('2007-11-29 15:53:31'), 'mag': 5.2}, {'lat': -45.0, 'long': 167.411, 'Time': Timestamp('2007-11-29 15:53:31'), 'mag': 5.2}]",9,23
1625,2007-11-21 00:59:23.714,1,"[{'lat': 51.172, 'long': -179.796, 'Time': Timestamp('2007-11-22 10:38:56'), 'mag': 5.4}, {'lat': -19.161, 'long': 168.75, 'Time': Timestamp('2007-11-22 20:30:20'), 'mag': 5.1}, {'lat': -19.161, 'long': 168.75, 'Time': Timestamp('2007-11-22 20:30:20'), 'mag': 5.1}, {'lat': -5.757, 'long': 147.098, 'Time': Timestamp('2007-11-22 08:48:27'), 'mag': 6.8}, {'lat': -5.757, 'long': 147.098, 'Time': Timestamp('2007-11-22 08:48:27'), 'mag': 6.8}, {'lat': -5.757, 'long': 147.098, 'Time': Timestamp('2007-11-22 08:48:27'), 'mag': 6.8}, {'lat': -49.536, 'long': 125.955, 'Time': Timestamp('2007-11-21 09:46:18'), 'mag': 5.3}, {'lat': -49.536, 'long': 125.955, 'Time': Timestamp('2007-11-21 09:46:18'), 'mag': 5.3}]",8,16
1626,2007-11-16 05:54:26.206,1,"[{'lat': 2.625, 'long': 94.492, 'Time': Timestamp('2007-11-16 21:23:26'), 'mag': 5.1}, {'lat': 2.625, 'long': 94.492, 'Time': Timestamp('2007-11-16 21:23:26'), 'mag': 5.1}]",2,11
1627,2007-11-19 09:09:20.712,0,[],0,14
1628,2007-12-02 12:28:53.902,0,[],0,27
1629,2007-11-30 15:46:49.058,1,"[{'lat': 1.846, 'long': -85.294, 'Time': Timestamp('2007-11-30 16:43:12'), 'mag': 5.1}, {'lat': 1.846, 'long': -85.294, 'Time': Timestamp('2007-11-30 16:43:12'), 'mag': 5.1}]",2,25
1630,2007-11-16 19:01:48.563,1,"[{'lat': -55.071, 'long': -129.684, 'Time': Timestamp('2007-11-18 14:42:57'), 'mag': 5.4}, {'lat': -55.071, 'long': -129.684, 'Time': Timestamp('2007-11-18 14:42:57'), 'mag': 5.4}]",2,11
1631,2007-11-20 09:40:21.676,1,"[{'lat': 26.87, 'long': 54.69, 'Time': Timestamp('2007-11-22 03:44:50'), 'mag': 5.3}]",1,14
1632,2007-12-04 16:17:19.351,1,"[{'lat': 15.054, 'long': -61.316, 'Time': Timestamp('2007-12-05 12:11:23'), 'mag': 5.2}, {'lat': 15.054, 'long': -61.316, 'Time': Timestamp('2007-12-05 12:11:23'), 'mag': 5.2}, {'lat': 15.054, 'long': -61.316, 'Time': Timestamp('2007-12-05 12:11:23'), 'mag': 5.2}, {'lat': -17.563, 'long': -70.213, 'Time': Timestamp('2007-12-04 19:56:57'), 'mag': 5.1}, {'lat': -23.517, 'long': -70.74, 'Time': Timestamp('2007-12-06 01:11:09'), 'mag': 5.1}, {'lat': -17.563, 'long': -70.213, 'Time': Timestamp('2007-12-04 19:56:57'), 'mag': 5.1}, {'lat': -23.517, 'long': -70.74, 'Time': Timestamp('2007-12-06 01:11:09'), 'mag': 5.1}, {'lat': -23.517, 'long': -70.74, 'Time': Timestamp('2007-12-06 01:11:09'), 'mag': 5.1}]",8,28
1633,2007-11-24 19:32:23.411,0,[],0,18
1634,2007-11-22 22:45:53.464,1,"[{'lat': -17.924, 'long': -174.683, 'Time': Timestamp('2007-11-23 12:22:52'), 'mag': 5.5}, {'lat': -17.85, 'long': -174.768, 'Time': Timestamp('2007-11-23 12:37:34'), 'mag': 5.6}, {'lat': -17.922, 'long': -174.83, 'Time': Timestamp('2007-11-23 12:38:50'), 'mag': 5.3}, {'lat': -17.924, 'long': -174.683, 'Time': Timestamp('2007-11-23 12:22:52'), 'mag': 5.5}, {'lat': -17.85, 'long': -174.768, 'Time': Timestamp('2007-11-23 12:37:34'), 'mag': 5.6}, {'lat': -17.922, 'long': -174.83, 'Time': Timestamp('2007-11-23 12:38:50'), 'mag': 5.3}, {'lat': -56.664, 'long': 157.941, 'Time': Timestamp('2007-11-24 10:46:08'), 'mag': 5.3}, {'lat': -56.664, 'long': 157.941, 'Time': Timestamp('2007-11-24 10:46:08'), 'mag': 5.3}]",8,16
1635,2007-11-24 02:00:17.178,1,"[{'lat': 54.441, 'long': 159.319, 'Time': Timestamp('2007-11-25 21:26:34'), 'mag': 5.2}, {'lat': 54.441, 'long': 159.319, 'Time': Timestamp('2007-11-25 21:26:34'), 'mag': 5.2}, {'lat': 54.441, 'long': 159.319, 'Time': Timestamp('2007-11-25 21:26:34'), 'mag': 5.2}, {'lat': -3.942, 'long': 152.114, 'Time': Timestamp('2007-11-24 13:48:40'), 'mag': 5.3}, {'lat': -3.942, 'long': 152.114, 'Time': Timestamp('2007-11-24 13:48:40'), 'mag': 5.3}, {'lat': -3.942, 'long': 152.114, 'Time': Timestamp('2007-11-24 13:48:40'), 'mag': 5.3}, {'lat': -2.022, 'long': 128.01, 'Time': Timestamp('2007-11-24 10:04:02'), 'mag': 5.2}, {'lat': -2.022, 'long': 128.01, 'Time': Timestamp('2007-11-24 10:04:02'), 'mag': 5.2}, {'lat': -8.292, 'long': 118.37, 'Time': Timestamp('2007-11-25 16:02:15'), 'mag': 6.5}, {'lat': -8.224, 'long': 118.467, 'Time': Timestamp('2007-11-25 19:53:05'), 'mag': 6.5}, {'lat': -2.022, 'long': 128.01, 'Time': Timestamp('2007-11-24 10:04:02'), 'mag': 5.2}, {'lat': -8.292, 'long': 118.37, 'Time': Timestamp('2007-11-25 16:02:15'), 'mag': 6.5}, {'lat': -8.224, 'long': 118.467, 'Time': Timestamp('2007-11-25 19:53:05'), 'mag': 6.5}]",13,17
1636,2007-11-24 06:55:54.558,1,"[{'lat': 29.652, 'long': 69.524, 'Time': Timestamp('2007-11-25 13:53:47'), 'mag': 5.1}, {'lat': 29.652, 'long': 69.524, 'Time': Timestamp('2007-11-25 13:53:47'), 'mag': 5.1}]",2,17
1637,2007-11-12 10:11:52.848,0,[],0,5
1638,2007-12-05 13:30:53.801,1,"[{'lat': 22.692, 'long': -45.113, 'Time': Timestamp('2007-12-06 17:12:03'), 'mag': 5.8}, {'lat': 22.692, 'long': -45.113, 'Time': Timestamp('2007-12-06 17:12:03'), 'mag': 5.8}]",2,28
1639,2007-12-06 23:16:23.961,0,[],0,29
1640,2007-11-28 09:03:18.546,1,"[{'lat': -21.166, 'long': 33.26, 'Time': Timestamp('2007-11-29 02:59:10'), 'mag': 5.2}, {'lat': -21.166, 'long': 33.26, 'Time': Timestamp('2007-11-29 02:59:10'), 'mag': 5.2}, {'lat': -21.166, 'long': 33.26, 'Time': Timestamp('2007-11-29 02:59:10'), 'mag': 5.2}]",3,20
1641,2007-11-15 12:22:23.176,1,"[{'lat': -1.193, 'long': -13.162, 'Time': Timestamp('2007-11-17 08:42:19'), 'mag': 5.2}, {'lat': -1.193, 'long': -13.162, 'Time': Timestamp('2007-11-17 08:42:19'), 'mag': 5.2}, {'lat': -1.193, 'long': -13.162, 'Time': Timestamp('2007-11-17 08:42:19'), 'mag': 5.2}, {'lat': -56.313, 'long': -26.635, 'Time': Timestamp('2007-11-15 12:42:36'), 'mag': 5.0}, {'lat': -56.313, 'long': -26.635, 'Time': Timestamp('2007-11-15 12:42:36'), 'mag': 5.0}]",5,7
1642,2007-12-02 15:40:19.658,0,[],0,24
1643,2007-11-18 18:55:49.165,1,"[{'lat': 43.542, 'long': -127.414, 'Time': Timestamp('2007-11-19 20:32:48'), 'mag': 5.8}, {'lat': 43.637, 'long': -127.474, 'Time': Timestamp('2007-11-19 22:43:02'), 'mag': 5.0}]",2,10
1644,2007-11-16 22:09:22.856,1,"[{'lat': -21.852, 'long': -176.552, 'Time': Timestamp('2007-11-18 00:32:00'), 'mag': 5.1}]",1,8
1645,2007-12-07 01:23:42.730,1,"[{'lat': 46.643, 'long': 152.302, 'Time': Timestamp('2007-12-07 11:30:12'), 'mag': 5.3}, {'lat': 46.643, 'long': 152.302, 'Time': Timestamp('2007-12-07 11:30:12'), 'mag': 5.3}, {'lat': 46.643, 'long': 152.302, 'Time': Timestamp('2007-12-07 11:30:12'), 'mag': 5.3}, {'lat': -4.466, 'long': 144.125, 'Time': Timestamp('2007-12-07 18:24:42'), 'mag': 5.0}, {'lat': -4.466, 'long': 144.125, 'Time': Timestamp('2007-12-07 18:24:42'), 'mag': 5.0}]",5,28
1646,2007-12-08 06:18:57.208,1,"[{'lat': 2.223, 'long': 96.761, 'Time': Timestamp('2007-12-09 11:32:12'), 'mag': 5.0}, {'lat': 2.223, 'long': 96.761, 'Time': Timestamp('2007-12-09 11:32:12'), 'mag': 5.0}, {'lat': -41.173, 'long': 80.666, 'Time': Timestamp('2007-12-09 05:56:22'), 'mag': 5.1}, {'lat': -41.173, 'long': 80.666, 'Time': Timestamp('2007-12-09 05:56:22'), 'mag': 5.1}]",4,29
1647,2007-11-18 09:34:19.181,0,[],0,9
1648,2007-11-26 21:02:59.213,1,"[{'lat': -31.68, 'long': -177.953, 'Time': Timestamp('2007-11-28 13:41:21'), 'mag': 5.0}]",1,17
1649,2007-12-09 00:16:53.763,1,"[{'lat': -15.626, 'long': 173.234, 'Time': Timestamp('2007-12-10 22:04:27'), 'mag': 5.0}, {'lat': -15.626, 'long': 173.234, 'Time': Timestamp('2007-12-10 22:04:27'), 'mag': 5.0}, {'lat': -15.626, 'long': 173.234, 'Time': Timestamp('2007-12-10 22:04:27'), 'mag': 5.0}, {'lat': -3.568, 'long': 144.439, 'Time': Timestamp('2007-12-10 12:10:07'), 'mag': 5.7}, {'lat': -3.608, 'long': 144.275, 'Time': Timestamp('2007-12-10 12:13:29'), 'mag': 5.4}, {'lat': -3.568, 'long': 144.439, 'Time': Timestamp('2007-12-10 12:10:07'), 'mag': 5.7}, {'lat': -3.608, 'long': 144.275, 'Time': Timestamp('2007-12-10 12:13:29'), 'mag': 5.4}]",7,29
1650,2007-12-10 08:26:23.305,0,[],0,30
1651,2007-11-21 11:45:23.951,0,[],0,11
1652,2007-11-16 15:03:51.650,1,"[{'lat': -23.045, 'long': -70.287, 'Time': Timestamp('2007-11-17 03:07:32'), 'mag': 5.5}, {'lat': -23.059, 'long': -70.598, 'Time': Timestamp('2007-11-17 17:54:32'), 'mag': 5.9}, {'lat': -23.151, 'long': -70.624, 'Time': Timestamp('2007-11-17 18:13:12'), 'mag': 5.2}, {'lat': -23.146, 'long': -70.799, 'Time': Timestamp('2007-11-17 22:17:29'), 'mag': 5.1}, {'lat': -22.643, 'long': -66.323, 'Time': Timestamp('2007-11-18 05:40:12'), 'mag': 6.0}, {'lat': -18.625, 'long': -69.58, 'Time': Timestamp('2007-11-18 07:02:41'), 'mag': 5.3}, {'lat': -23.104, 'long': -70.55, 'Time': Timestamp('2007-11-18 12:15:40'), 'mag': 5.7}, {'lat': -23.045, 'long': -70.287, 'Time': Timestamp('2007-11-17 03:07:32'), 'mag': 5.5}, {'lat': -23.059, 'long': -70.598, 'Time': Timestamp('2007-11-17 17:54:32'), 'mag': 5.9}, {'lat': -23.151, 'long': -70.624, 'Time': Timestamp('2007-11-17 18:13:12'), 'mag': 5.2}, {'lat': -23.146, 'long': -70.799, 'Time': Timestamp('2007-11-17 22:17:29'), 'mag': 5.1}, {'lat': -22.643, 'long': -66.323, 'Time': Timestamp('2007-11-18 05:40:12'), 'mag': 6.0}, {'lat': -18.625, 'long': -69.58, 'Time': Timestamp('2007-11-18 07:02:41'), 'mag': 5.3}, {'lat': -23.104, 'long': -70.55, 'Time': Timestamp('2007-11-18 12:15:40'), 'mag': 5.7}, {'lat': -23.045, 'long': -70.287, 'Time': Timestamp('2007-11-17 03:07:32'), 'mag': 5.5}, {'lat': -23.059, 'long': -70.598, 'Time': Timestamp('2007-11-17 17:54:32'), 'mag': 5.9}, {'lat': -23.151, 'long': -70.624, 'Time': Timestamp('2007-11-17 18:13:12'), 'mag': 5.2}, {'lat': -23.146, 'long': -70.799, 'Time': Timestamp('2007-11-17 22:17:29'), 'mag': 5.1}, {'lat': -22.643, 'long': -66.323, 'Time': Timestamp('2007-11-18 05:40:12'), 'mag': 6.0}, {'lat': -23.104, 'long': -70.55, 'Time': Timestamp('2007-11-18 12:15:40'), 'mag': 5.7}]",20,6
1653,2007-11-29 18:19:24.058,1,"[{'lat': 1.846, 'long': -85.294, 'Time': Timestamp('2007-11-30 16:43:12'), 'mag': 5.1}, {'lat': 1.846, 'long': -85.294, 'Time': Timestamp('2007-11-30 16:43:12'), 'mag': 5.1}]",2,19
1654,2007-11-24 21:33:25.734,1,"[{'lat': -16.116, 'long': -172.621, 'Time': Timestamp('2007-11-25 00:11:30'), 'mag': 5.6}, {'lat': -16.333, 'long': -172.869, 'Time': Timestamp('2007-11-25 20:28:25'), 'mag': 5.1}, {'lat': -16.116, 'long': -172.621, 'Time': Timestamp('2007-11-25 00:11:30'), 'mag': 5.6}, {'lat': -16.333, 'long': -172.869, 'Time': Timestamp('2007-11-25 20:28:25'), 'mag': 5.1}, {'lat': -16.478, 'long': -172.647, 'Time': Timestamp('2007-11-25 22:50:33'), 'mag': 5.2}, {'lat': -16.116, 'long': -172.621, 'Time': Timestamp('2007-11-25 00:11:30'), 'mag': 5.6}, {'lat': -16.333, 'long': -172.869, 'Time': Timestamp('2007-11-25 20:28:25'), 'mag': 5.1}, {'lat': -16.478, 'long': -172.647, 'Time': Timestamp('2007-11-25 22:50:33'), 'mag': 5.2}, {'lat': -32.063, 'long': -178.102, 'Time': Timestamp('2007-11-26 02:23:55'), 'mag': 5.0}, {'lat': -32.063, 'long': -178.102, 'Time': Timestamp('2007-11-26 02:23:55'), 'mag': 5.0}]",10,14
1655,2007-12-04 00:47:17.930,1,"[{'lat': -49.405, 'long': 164.786, 'Time': Timestamp('2007-12-05 18:07:11'), 'mag': 5.2}, {'lat': -49.405, 'long': 164.786, 'Time': Timestamp('2007-12-05 18:07:11'), 'mag': 5.2}, {'lat': -49.405, 'long': 164.786, 'Time': Timestamp('2007-12-05 18:07:11'), 'mag': 5.2}, {'lat': -5.597, 'long': 148.401, 'Time': Timestamp('2007-12-05 12:55:03'), 'mag': 5.0}, {'lat': -5.597, 'long': 148.401, 'Time': Timestamp('2007-12-05 12:55:03'), 'mag': 5.0}, {'lat': -5.597, 'long': 148.401, 'Time': Timestamp('2007-12-05 12:55:03'), 'mag': 5.0}]",6,23
1656,2007-11-23 08:57:17.283,1,"[{'lat': -53.27, 'long': 9.426, 'Time': Timestamp('2007-11-23 19:18:47'), 'mag': 5.5}]",1,12
1657,2007-11-29 12:16:23.352,0,[],0,18
1658,2007-11-28 15:34:21.163,1,"[{'lat': 14.944, 'long': -61.274, 'Time': Timestamp('2007-11-29 19:00:20'), 'mag': 7.4}, {'lat': 15.092, 'long': -61.381, 'Time': Timestamp('2007-11-29 19:34:46'), 'mag': 5.1}, {'lat': 15.035, 'long': -61.27, 'Time': Timestamp('2007-11-30 04:00:00'), 'mag': 5.0}, {'lat': 14.944, 'long': -61.274, 'Time': Timestamp('2007-11-29 19:00:20'), 'mag': 7.4}, {'lat': 15.092, 'long': -61.381, 'Time': Timestamp('2007-11-29 19:34:46'), 'mag': 5.1}, {'lat': 15.035, 'long': -61.27, 'Time': Timestamp('2007-11-30 04:00:00'), 'mag': 5.0}, {'lat': -36.756, 'long': -97.404, 'Time': Timestamp('2007-11-29 03:26:22'), 'mag': 6.3}]",7,17
1659,2007-11-29 22:03:20.376,1,"[{'lat': -21.651, 'long': -176.24, 'Time': Timestamp('2007-12-01 16:10:02'), 'mag': 5.3}, {'lat': -54.299, 'long': 158.852, 'Time': Timestamp('2007-12-01 03:35:41'), 'mag': 5.2}]",2,18
1660,2007-12-12 01:17:53.867,1,"[{'lat': 50.873, 'long': 173.498, 'Time': Timestamp('2007-12-12 17:35:07'), 'mag': 5.2}, {'lat': 50.873, 'long': 173.498, 'Time': Timestamp('2007-12-12 17:35:07'), 'mag': 5.2}, {'lat': 50.873, 'long': 173.498, 'Time': Timestamp('2007-12-12 17:35:07'), 'mag': 5.2}, {'lat': -2.349, 'long': 139.101, 'Time': Timestamp('2007-12-12 19:47:14'), 'mag': 5.2}, {'lat': -3.087, 'long': 129.749, 'Time': Timestamp('2007-12-13 07:12:00'), 'mag': 5.0}, {'lat': -2.349, 'long': 139.101, 'Time': Timestamp('2007-12-12 19:47:14'), 'mag': 5.2}, {'lat': -3.087, 'long': 129.749, 'Time': Timestamp('2007-12-13 07:12:00'), 'mag': 5.0}, {'lat': -3.087, 'long': 129.749, 'Time': Timestamp('2007-12-13 07:12:00'), 'mag': 5.0}]",8,30
1661,2007-11-21 06:12:55.945,1,"[{'lat': 4.743, 'long': 95.06, 'Time': Timestamp('2007-11-22 23:02:12'), 'mag': 5.8}, {'lat': 4.743, 'long': 95.06, 'Time': Timestamp('2007-11-22 23:02:12'), 'mag': 5.8}, {'lat': 4.743, 'long': 95.06, 'Time': Timestamp('2007-11-22 23:02:12'), 'mag': 5.8}, {'lat': -15.074, 'long': 66.878, 'Time': Timestamp('2007-11-22 16:24:09'), 'mag': 5.0}, {'lat': -15.074, 'long': 66.878, 'Time': Timestamp('2007-11-22 16:24:09'), 'mag': 5.0}, {'lat': -15.074, 'long': 66.878, 'Time': Timestamp('2007-11-22 16:24:09'), 'mag': 5.0}]",6,9
1662,2007-11-22 09:28:19.358,1,"[{'lat': -53.27, 'long': 9.426, 'Time': Timestamp('2007-11-23 19:18:47'), 'mag': 5.5}, {'lat': -53.27, 'long': 9.426, 'Time': Timestamp('2007-11-23 19:18:47'), 'mag': 5.5}]",2,10
1663,2007-12-10 17:42:53.834,1,"[{'lat': 0.589, 'long': -80.007, 'Time': Timestamp('2007-12-10 18:19:07'), 'mag': 5.1}, {'lat': 0.589, 'long': -80.007, 'Time': Timestamp('2007-12-10 18:19:07'), 'mag': 5.1}, {'lat': 0.589, 'long': -80.007, 'Time': Timestamp('2007-12-10 18:19:07'), 'mag': 5.1}]",3,28
1664,2007-12-04 20:56:51.086,0,[],0,22
1665,2007-11-23 00:10:53.940,1,"[{'lat': -56.664, 'long': 157.941, 'Time': Timestamp('2007-11-24 10:46:08'), 'mag': 5.3}, {'lat': -56.664, 'long': 157.941, 'Time': Timestamp('2007-11-24 10:46:08'), 'mag': 5.3}, {'lat': -4.63, 'long': 151.869, 'Time': Timestamp('2007-11-23 01:26:47'), 'mag': 5.9}, {'lat': -3.942, 'long': 152.114, 'Time': Timestamp('2007-11-24 13:48:40'), 'mag': 5.3}, {'lat': -4.63, 'long': 151.869, 'Time': Timestamp('2007-11-23 01:26:47'), 'mag': 5.9}, {'lat': -3.942, 'long': 152.114, 'Time': Timestamp('2007-11-24 13:48:40'), 'mag': 5.3}, {'lat': -4.63, 'long': 151.869, 'Time': Timestamp('2007-11-23 01:26:47'), 'mag': 5.9}]",7,10
1666,2007-12-05 05:05:23.541,1,"[{'lat': -9.365, 'long': 66.909, 'Time': Timestamp('2007-12-06 10:25:45'), 'mag': 5.4}, {'lat': -9.365, 'long': 66.909, 'Time': Timestamp('2007-12-06 10:25:45'), 'mag': 5.4}]",2,22
1667,2007-11-21 08:21:49.938,1,"[{'lat': 26.87, 'long': 54.69, 'Time': Timestamp('2007-11-22 03:44:50'), 'mag': 5.3}, {'lat': 26.87, 'long': 54.69, 'Time': Timestamp('2007-11-22 03:44:50'), 'mag': 5.3}, {'lat': 26.87, 'long': 54.69, 'Time': Timestamp('2007-11-22 03:44:50'), 'mag': 5.3}]",3,8
1668,2007-11-24 11:38:53.127,0,[],0,11
1669,2007-12-09 14:57:20.716,1,"[{'lat': 0.589, 'long': -80.007, 'Time': Timestamp('2007-12-10 18:19:07'), 'mag': 5.1}]",1,26
1670,2007-11-22 18:13:23.235,0,[],0,9
1671,2007-11-19 23:04:23.314,1,"[{'lat': -17.824, 'long': -173.225, 'Time': Timestamp('2007-11-20 23:52:55'), 'mag': 5.7}, {'lat': -21.109, 'long': -179.222, 'Time': Timestamp('2007-11-21 06:48:29'), 'mag': 5.1}, {'lat': -29.987, 'long': -177.942, 'Time': Timestamp('2007-11-20 15:28:24'), 'mag': 5.9}, {'lat': -29.91, 'long': -177.554, 'Time': Timestamp('2007-11-20 15:32:26'), 'mag': 5.2}, {'lat': -17.824, 'long': -173.225, 'Time': Timestamp('2007-11-20 23:52:55'), 'mag': 5.7}, {'lat': -21.109, 'long': -179.222, 'Time': Timestamp('2007-11-21 06:48:29'), 'mag': 5.1}, {'lat': -29.987, 'long': -177.942, 'Time': Timestamp('2007-11-20 15:28:24'), 'mag': 5.9}, {'lat': -29.91, 'long': -177.554, 'Time': Timestamp('2007-11-20 15:32:26'), 'mag': 5.2}, {'lat': -21.109, 'long': -179.222, 'Time': Timestamp('2007-11-21 06:48:29'), 'mag': 5.1}, {'lat': -33.09, 'long': -179.191, 'Time': Timestamp('2007-11-21 08:09:12'), 'mag': 5.3}, {'lat': -29.987, 'long': -177.942, 'Time': Timestamp('2007-11-20 15:28:24'), 'mag': 5.9}, {'lat': -29.91, 'long': -177.554, 'Time': Timestamp('2007-11-20 15:32:26'), 'mag': 5.2}, {'lat': -33.09, 'long': -179.191, 'Time': Timestamp('2007-11-21 08:09:12'), 'mag': 5.3}]",13,6
1672,2007-12-05 07:14:26.741,1,"[{'lat': -9.365, 'long': 66.909, 'Time': Timestamp('2007-12-06 10:25:45'), 'mag': 5.4}, {'lat': -9.365, 'long': 66.909, 'Time': Timestamp('2007-12-06 10:25:45'), 'mag': 5.4}, {'lat': -9.365, 'long': 66.909, 'Time': Timestamp('2007-12-06 10:25:45'), 'mag': 5.4}]",3,21
1673,2007-11-22 10:30:25.562,1,"[{'lat': -53.27, 'long': 9.426, 'Time': Timestamp('2007-11-23 19:18:47'), 'mag': 5.5}]",1,8
1674,2007-12-08 13:49:23.652,0,[],0,24
1675,2007-12-11 17:06:23.705,1,"[{'lat': -23.157, 'long': -70.479, 'Time': Timestamp('2007-12-13 05:20:21'), 'mag': 6.0}, {'lat': -23.048, 'long': -70.516, 'Time': Timestamp('2007-12-13 05:35:26'), 'mag': 5.4}, {'lat': -23.202, 'long': -70.549, 'Time': Timestamp('2007-12-13 07:23:39'), 'mag': 6.2}, {'lat': -23.157, 'long': -70.479, 'Time': Timestamp('2007-12-13 05:20:21'), 'mag': 6.0}, {'lat': -23.048, 'long': -70.516, 'Time': Timestamp('2007-12-13 05:35:26'), 'mag': 5.4}, {'lat': -23.202, 'long': -70.549, 'Time': Timestamp('2007-12-13 07:23:39'), 'mag': 6.2}, {'lat': -23.157, 'long': -70.479, 'Time': Timestamp('2007-12-13 05:20:21'), 'mag': 6.0}, {'lat': -23.048, 'long': -70.516, 'Time': Timestamp('2007-12-13 05:35:26'), 'mag': 5.4}, {'lat': -23.202, 'long': -70.549, 'Time': Timestamp('2007-12-13 07:23:39'), 'mag': 6.2}]",9,27
1676,2007-12-03 20:20:53.758,0,[],0,19
1677,2007-11-27 23:34:23.811,1,"[{'lat': 61.9108, 'long': -151.1273, 'Time': Timestamp('2007-11-28 23:57:03'), 'mag': 5.0}, {'lat': 61.9108, 'long': -151.1273, 'Time': Timestamp('2007-11-28 23:57:03'), 'mag': 5.0}, {'lat': -19.946, 'long': -175.769, 'Time': Timestamp('2007-11-29 00:32:08'), 'mag': 5.0}, {'lat': -19.946, 'long': -175.769, 'Time': Timestamp('2007-11-29 00:32:08'), 'mag': 5.0}, {'lat': -31.68, 'long': -177.953, 'Time': Timestamp('2007-11-28 13:41:21'), 'mag': 5.0}, {'lat': -19.946, 'long': -175.769, 'Time': Timestamp('2007-11-29 00:32:08'), 'mag': 5.0}, {'lat': -45.0, 'long': 167.411, 'Time': Timestamp('2007-11-29 15:53:31'), 'mag': 5.2}, {'lat': -45.0, 'long': 167.411, 'Time': Timestamp('2007-11-29 15:53:31'), 'mag': 5.2}, {'lat': -15.226, 'long': 167.48, 'Time': Timestamp('2007-11-29 19:06:46'), 'mag': 5.1}, {'lat': -15.226, 'long': 167.48, 'Time': Timestamp('2007-11-29 19:06:46'), 'mag': 5.1}, {'lat': -15.226, 'long': 167.48, 'Time': Timestamp('2007-11-29 19:06:46'), 'mag': 5.1}, {'lat': -57.232, 'long': 147.903, 'Time': Timestamp('2007-11-29 01:50:30'), 'mag': 5.1}]",12,13
1678,2007-12-14 07:44:49.369,1,"[{'lat': -23.095, 'long': 69.223, 'Time': Timestamp('2007-12-16 06:35:51'), 'mag': 5.2}, {'lat': -23.095, 'long': 69.223, 'Time': Timestamp('2007-12-16 06:35:51'), 'mag': 5.2}]",2,29
1679,2007-12-03 17:36:53.107,0,[],0,18
1680,2007-12-02 20:50:45.046,0,[],0,17
1681,2007-12-10 00:04:53.212,1,"[{'lat': -15.626, 'long': 173.234, 'Time': Timestamp('2007-12-10 22:04:27'), 'mag': 5.0}, {'lat': -15.626, 'long': 173.234, 'Time': Timestamp('2007-12-10 22:04:27'), 'mag': 5.0}, {'lat': -3.568, 'long': 144.439, 'Time': Timestamp('2007-12-10 12:10:07'), 'mag': 5.7}, {'lat': -3.608, 'long': 144.275, 'Time': Timestamp('2007-12-10 12:13:29'), 'mag': 5.4}, {'lat': -3.568, 'long': 144.439, 'Time': Timestamp('2007-12-10 12:10:07'), 'mag': 5.7}, {'lat': -3.608, 'long': 144.275, 'Time': Timestamp('2007-12-10 12:13:29'), 'mag': 5.4}]",6,24
1682,2007-12-10 04:59:32.222,1,"[{'lat': 13.172, 'long': 120.645, 'Time': Timestamp('2007-12-11 09:49:10'), 'mag': 5.1}, {'lat': -4.523, 'long': 100.837, 'Time': Timestamp('2007-12-12 03:43:57'), 'mag': 5.0}, {'lat': -4.523, 'long': 100.837, 'Time': Timestamp('2007-12-12 03:43:57'), 'mag': 5.0}, {'lat': 34.99, 'long': 77.478, 'Time': Timestamp('2007-12-11 15:56:38'), 'mag': 5.1}]",4,24
1683,2007-12-16 08:15:52.978,1,"[{'lat': -9.107, 'long': 67.291, 'Time': Timestamp('2007-12-17 02:53:29'), 'mag': 5.0}]",1,30
1684,2007-11-24 18:07:23.508,1,"[{'lat': 15.28, 'long': -93.363, 'Time': Timestamp('2007-11-26 17:41:40'), 'mag': 5.7}, {'lat': 10.393, 'long': -85.533, 'Time': Timestamp('2007-11-24 22:23:20'), 'mag': 5.0}, {'lat': 15.28, 'long': -93.363, 'Time': Timestamp('2007-11-26 17:41:40'), 'mag': 5.7}, {'lat': 10.393, 'long': -85.533, 'Time': Timestamp('2007-11-24 22:23:20'), 'mag': 5.0}, {'lat': 15.28, 'long': -93.363, 'Time': Timestamp('2007-11-26 17:41:40'), 'mag': 5.7}, {'lat': -35.451, 'long': -104.973, 'Time': Timestamp('2007-11-26 00:10:10'), 'mag': 5.2}, {'lat': -35.451, 'long': -104.973, 'Time': Timestamp('2007-11-26 00:10:10'), 'mag': 5.2}]",7,8
1685,2007-12-10 21:21:20.760,1,"[{'lat': -25.638, 'long': -177.331, 'Time': Timestamp('2007-12-11 09:34:44'), 'mag': 5.0}, {'lat': -17.753, 'long': -178.646, 'Time': Timestamp('2007-12-11 11:06:29'), 'mag': 5.2}, {'lat': -30.24, 'long': -177.86, 'Time': Timestamp('2007-12-11 17:46:00'), 'mag': 5.1}, {'lat': -25.638, 'long': -177.331, 'Time': Timestamp('2007-12-11 09:34:44'), 'mag': 5.0}, {'lat': -30.24, 'long': -177.86, 'Time': Timestamp('2007-12-11 17:46:00'), 'mag': 5.1}, {'lat': -30.24, 'long': -177.86, 'Time': Timestamp('2007-12-11 17:46:00'), 'mag': 5.1}]",6,24
1686,2007-12-13 00:35:18.379,1,"[{'lat': -52.008, 'long': 161.2, 'Time': Timestamp('2007-12-14 14:41:08'), 'mag': 5.5}, {'lat': -52.008, 'long': 161.2, 'Time': Timestamp('2007-12-14 14:41:08'), 'mag': 5.5}, {'lat': -7.146, 'long': 156.088, 'Time': Timestamp('2007-12-14 08:54:07'), 'mag': 5.2}, {'lat': -7.146, 'long': 156.088, 'Time': Timestamp('2007-12-14 08:54:07'), 'mag': 5.2}]",4,26
1687,2007-12-02 05:29:53.215,1,"[{'lat': -2.277, 'long': 100.451, 'Time': Timestamp('2007-12-02 06:33:18'), 'mag': 5.3}, {'lat': -2.277, 'long': 100.451, 'Time': Timestamp('2007-12-02 06:33:18'), 'mag': 5.3}, {'lat': -2.277, 'long': 100.451, 'Time': Timestamp('2007-12-02 06:33:18'), 'mag': 5.3}, {'lat': 36.591, 'long': 71.025, 'Time': Timestamp('2007-12-02 11:57:05'), 'mag': 5.2}, {'lat': 36.591, 'long': 71.025, 'Time': Timestamp('2007-12-02 11:57:05'), 'mag': 5.2}]",5,15
1688,2007-11-30 13:43:23.829,0,[],0,13
1689,2007-12-14 17:00:23.882,1,"[{'lat': -23.156, 'long': -70.416, 'Time': Timestamp('2007-12-15 11:19:53'), 'mag': 5.0}, {'lat': -22.954, 'long': -70.182, 'Time': Timestamp('2007-12-16 08:09:17'), 'mag': 6.7}, {'lat': -23.156, 'long': -70.416, 'Time': Timestamp('2007-12-15 11:19:53'), 'mag': 5.0}, {'lat': -32.689, 'long': -71.695, 'Time': Timestamp('2007-12-15 18:22:27'), 'mag': 5.9}, {'lat': -22.954, 'long': -70.182, 'Time': Timestamp('2007-12-16 08:09:17'), 'mag': 6.7}, {'lat': -23.156, 'long': -70.416, 'Time': Timestamp('2007-12-15 11:19:53'), 'mag': 5.0}, {'lat': -32.689, 'long': -71.695, 'Time': Timestamp('2007-12-15 18:22:27'), 'mag': 5.9}, {'lat': -22.954, 'long': -70.182, 'Time': Timestamp('2007-12-16 08:09:17'), 'mag': 6.7}, {'lat': -32.689, 'long': -71.695, 'Time': Timestamp('2007-12-15 18:22:27'), 'mag': 5.9}]",9,27
1690,2007-12-10 20:14:53.935,0,[],0,23
1691,2007-12-16 23:28:23.988,1,"[{'lat': 50.965, 'long': 179.633, 'Time': Timestamp('2007-12-17 09:03:16'), 'mag': 5.2}, {'lat': 51.137, 'long': 179.568, 'Time': Timestamp('2007-12-17 09:04:47'), 'mag': 5.1}, {'lat': 50.965, 'long': 179.633, 'Time': Timestamp('2007-12-17 09:03:16'), 'mag': 5.2}, {'lat': 51.137, 'long': 179.568, 'Time': Timestamp('2007-12-17 09:04:47'), 'mag': 5.1}, {'lat': -19.474, 'long': 169.3, 'Time': Timestamp('2007-12-17 20:12:32'), 'mag': 5.1}, {'lat': -19.474, 'long': 169.3, 'Time': Timestamp('2007-12-17 20:12:32'), 'mag': 5.1}]",6,29
1692,2007-11-29 07:38:48.547,1,"[{'lat': 36.422, 'long': 71.734, 'Time': Timestamp('2007-11-29 10:02:44'), 'mag': 5.1}, {'lat': 36.422, 'long': 71.734, 'Time': Timestamp('2007-11-29 10:02:44'), 'mag': 5.1}, {'lat': 36.422, 'long': 71.734, 'Time': Timestamp('2007-11-29 10:02:44'), 'mag': 5.1}]",3,11
1693,2007-12-10 10:55:20.274,0,[],0,22
1694,2007-12-03 14:14:23.230,1,"[{'lat': 15.054, 'long': -61.316, 'Time': Timestamp('2007-12-05 12:11:23'), 'mag': 5.2}, {'lat': 15.054, 'long': -61.316, 'Time': Timestamp('2007-12-05 12:11:23'), 'mag': 5.2}, {'lat': 15.054, 'long': -61.316, 'Time': Timestamp('2007-12-05 12:11:23'), 'mag': 5.2}, {'lat': -17.563, 'long': -70.213, 'Time': Timestamp('2007-12-04 19:56:57'), 'mag': 5.1}, {'lat': -17.563, 'long': -70.213, 'Time': Timestamp('2007-12-04 19:56:57'), 'mag': 5.1}]",5,15
1695,2007-12-01 23:58:53.440,1,"[{'lat': -6.197, 'long': 146.512, 'Time': Timestamp('2007-12-03 16:54:18'), 'mag': 5.0}, {'lat': -6.374, 'long': 148.463, 'Time': Timestamp('2007-12-03 21:52:45'), 'mag': 5.9}, {'lat': -6.452, 'long': 148.623, 'Time': Timestamp('2007-12-03 22:33:13'), 'mag': 5.7}, {'lat': -6.197, 'long': 146.512, 'Time': Timestamp('2007-12-03 16:54:18'), 'mag': 5.0}, {'lat': -6.374, 'long': 148.463, 'Time': Timestamp('2007-12-03 21:52:45'), 'mag': 5.9}, {'lat': -6.452, 'long': 148.623, 'Time': Timestamp('2007-12-03 22:33:13'), 'mag': 5.7}, {'lat': -6.197, 'long': 146.512, 'Time': Timestamp('2007-12-03 16:54:18'), 'mag': 5.0}, {'lat': -6.374, 'long': 148.463, 'Time': Timestamp('2007-12-03 21:52:45'), 'mag': 5.9}, {'lat': -6.452, 'long': 148.623, 'Time': Timestamp('2007-12-03 22:33:13'), 'mag': 5.7}]",9,13
1696,2007-11-29 08:09:53.155,1,"[{'lat': 36.422, 'long': 71.734, 'Time': Timestamp('2007-11-29 10:02:44'), 'mag': 5.1}, {'lat': 36.422, 'long': 71.734, 'Time': Timestamp('2007-11-29 10:02:44'), 'mag': 5.1}, {'lat': 36.422, 'long': 71.734, 'Time': Timestamp('2007-11-29 10:02:44'), 'mag': 5.1}]",3,10
1697,2007-12-04 11:26:23.577,0,[],0,15
1698,2007-11-29 14:45:22.158,1,"[{'lat': 14.944, 'long': -61.274, 'Time': Timestamp('2007-11-29 19:00:20'), 'mag': 7.4}, {'lat': 15.092, 'long': -61.381, 'Time': Timestamp('2007-11-29 19:34:46'), 'mag': 5.1}, {'lat': 15.035, 'long': -61.27, 'Time': Timestamp('2007-11-30 04:00:00'), 'mag': 5.0}, {'lat': 14.944, 'long': -61.274, 'Time': Timestamp('2007-11-29 19:00:20'), 'mag': 7.4}, {'lat': 15.092, 'long': -61.381, 'Time': Timestamp('2007-11-29 19:34:46'), 'mag': 5.1}, {'lat': 15.035, 'long': -61.27, 'Time': Timestamp('2007-11-30 04:00:00'), 'mag': 5.0}, {'lat': 14.944, 'long': -61.274, 'Time': Timestamp('2007-11-29 19:00:20'), 'mag': 7.4}, {'lat': 15.092, 'long': -61.381, 'Time': Timestamp('2007-11-29 19:34:46'), 'mag': 5.1}, {'lat': 15.035, 'long': -61.27, 'Time': Timestamp('2007-11-30 04:00:00'), 'mag': 5.0}]",9,10
1699,2007-12-08 18:01:23.684,1,"[{'lat': 11.633, 'long': -85.831, 'Time': Timestamp('2007-12-10 13:13:40'), 'mag': 5.0}, {'lat': 11.633, 'long': -85.831, 'Time': Timestamp('2007-12-10 13:13:40'), 'mag': 5.0}]",2,19
1700,2007-12-12 21:15:20.937,1,"[{'lat': 52.102, 'long': -131.554, 'Time': Timestamp('2007-12-12 23:39:59'), 'mag': 5.8}, {'lat': 52.102, 'long': -131.554, 'Time': Timestamp('2007-12-12 23:39:59'), 'mag': 5.8}, {'lat': -15.213, 'long': -172.367, 'Time': Timestamp('2007-12-13 15:51:27'), 'mag': 6.2}, {'lat': -20.343, 'long': -175.604, 'Time': Timestamp('2007-12-13 05:33:05'), 'mag': 5.2}, {'lat': -15.213, 'long': -172.367, 'Time': Timestamp('2007-12-13 15:51:27'), 'mag': 6.2}, {'lat': -26.791, 'long': -176.497, 'Time': Timestamp('2007-12-13 02:59:43'), 'mag': 5.3}, {'lat': -20.343, 'long': -175.604, 'Time': Timestamp('2007-12-13 05:33:05'), 'mag': 5.2}, {'lat': -15.213, 'long': -172.367, 'Time': Timestamp('2007-12-13 15:51:27'), 'mag': 6.2}, {'lat': -26.631, 'long': -176.454, 'Time': Timestamp('2007-12-14 18:24:44'), 'mag': 5.1}, {'lat': -26.791, 'long': -176.497, 'Time': Timestamp('2007-12-13 02:59:43'), 'mag': 5.3}, {'lat': -20.343, 'long': -175.604, 'Time': Timestamp('2007-12-13 05:33:05'), 'mag': 5.2}, {'lat': -26.631, 'long': -176.454, 'Time': Timestamp('2007-12-14 18:24:44'), 'mag': 5.1}]",12,23
1701,2007-11-25 00:28:47.116,1,"[{'lat': 54.441, 'long': 159.319, 'Time': Timestamp('2007-11-25 21:26:34'), 'mag': 5.2}, {'lat': 54.441, 'long': 159.319, 'Time': Timestamp('2007-11-25 21:26:34'), 'mag': 5.2}, {'lat': 46.465, 'long': 152.316, 'Time': Timestamp('2007-11-26 18:44:46'), 'mag': 5.0}, {'lat': 54.441, 'long': 159.319, 'Time': Timestamp('2007-11-25 21:26:34'), 'mag': 5.2}, {'lat': 46.465, 'long': 152.316, 'Time': Timestamp('2007-11-26 18:44:46'), 'mag': 5.0}, {'lat': 46.465, 'long': 152.316, 'Time': Timestamp('2007-11-26 18:44:46'), 'mag': 5.0}]",6,5
1702,2007-12-06 05:23:53.391,1,"[{'lat': 23.495, 'long': 94.565, 'Time': Timestamp('2007-12-07 06:56:33'), 'mag': 5.0}, {'lat': 23.495, 'long': 94.565, 'Time': Timestamp('2007-12-07 06:56:33'), 'mag': 5.0}, {'lat': 5.457, 'long': 94.666, 'Time': Timestamp('2007-12-07 08:09:24'), 'mag': 5.0}, {'lat': 5.457, 'long': 94.666, 'Time': Timestamp('2007-12-07 08:09:24'), 'mag': 5.0}, {'lat': 5.457, 'long': 94.666, 'Time': Timestamp('2007-12-07 08:09:24'), 'mag': 5.0}, {'lat': -9.365, 'long': 66.909, 'Time': Timestamp('2007-12-06 10:25:45'), 'mag': 5.4}, {'lat': -9.365, 'long': 66.909, 'Time': Timestamp('2007-12-06 10:25:45'), 'mag': 5.4}, {'lat': -9.365, 'long': 66.909, 'Time': Timestamp('2007-12-06 10:25:45'), 'mag': 5.4}]",8,16
1703,2007-11-27 08:40:23.444,1,"[{'lat': -21.166, 'long': 33.26, 'Time': Timestamp('2007-11-29 02:59:10'), 'mag': 5.2}, {'lat': -21.166, 'long': 33.26, 'Time': Timestamp('2007-11-29 02:59:10'), 'mag': 5.2}]",2,7
1704,2007-12-11 11:57:53.978,1,"[{'lat': -55.084, 'long': -33.579, 'Time': Timestamp('2007-12-12 22:09:58'), 'mag': 5.0}, {'lat': -55.084, 'long': -33.579, 'Time': Timestamp('2007-12-12 22:09:58'), 'mag': 5.0}]",2,21
1705,2007-11-27 15:15:57.102,0,[],0,7
1706,2007-12-06 18:31:23.085,1,"[{'lat': -13.697, 'long': -111.628, 'Time': Timestamp('2007-12-08 06:53:48'), 'mag': 5.1}, {'lat': -13.467, 'long': -111.931, 'Time': Timestamp('2007-12-08 07:13:19'), 'mag': 5.0}, {'lat': -56.205, 'long': -139.294, 'Time': Timestamp('2007-12-07 06:19:35'), 'mag': 5.5}, {'lat': -56.205, 'long': -139.294, 'Time': Timestamp('2007-12-07 06:19:35'), 'mag': 5.5}, {'lat': -56.205, 'long': -139.294, 'Time': Timestamp('2007-12-07 06:19:35'), 'mag': 5.5}]",5,16
1707,2007-12-11 07:32:48.723,1,"[{'lat': 34.99, 'long': 77.478, 'Time': Timestamp('2007-12-11 15:56:38'), 'mag': 5.1}, {'lat': 34.99, 'long': 77.478, 'Time': Timestamp('2007-12-11 15:56:38'), 'mag': 5.1}, {'lat': 34.99, 'long': 77.478, 'Time': Timestamp('2007-12-11 15:56:38'), 'mag': 5.1}, {'lat': -23.982, 'long': 69.569, 'Time': Timestamp('2007-12-13 07:09:43'), 'mag': 5.1}, {'lat': -23.982, 'long': 69.569, 'Time': Timestamp('2007-12-13 07:09:43'), 'mag': 5.1}, {'lat': -23.982, 'long': 69.569, 'Time': Timestamp('2007-12-13 07:09:43'), 'mag': 5.1}]",6,20
1708,2007-12-12 10:48:51.877,1,"[{'lat': -40.983, 'long': -16.672, 'Time': Timestamp('2007-12-13 18:51:58'), 'mag': 5.1}, {'lat': -40.983, 'long': -16.672, 'Time': Timestamp('2007-12-13 18:51:58'), 'mag': 5.1}, {'lat': -40.983, 'long': -16.672, 'Time': Timestamp('2007-12-13 18:51:58'), 'mag': 5.1}]",3,21
1709,2007-11-26 14:07:51.697,0,[],0,5
1710,2007-12-13 23:52:53.664,1,"[{'lat': -35.26, 'long': 178.71, 'Time': Timestamp('2007-12-14 18:03:20'), 'mag': 5.0}, {'lat': -35.26, 'long': 178.71, 'Time': Timestamp('2007-12-14 18:03:20'), 'mag': 5.0}, {'lat': -35.26, 'long': 178.71, 'Time': Timestamp('2007-12-14 18:03:20'), 'mag': 5.0}, {'lat': -52.008, 'long': 161.2, 'Time': Timestamp('2007-12-14 14:41:08'), 'mag': 5.5}, {'lat': -52.008, 'long': 161.2, 'Time': Timestamp('2007-12-14 14:41:08'), 'mag': 5.5}, {'lat': -7.146, 'long': 156.088, 'Time': Timestamp('2007-12-14 08:54:07'), 'mag': 5.2}, {'lat': -7.146, 'long': 156.088, 'Time': Timestamp('2007-12-14 08:54:07'), 'mag': 5.2}, {'lat': -7.146, 'long': 156.088, 'Time': Timestamp('2007-12-14 08:54:07'), 'mag': 5.2}]",8,22
1711,2007-12-04 09:40:50.922,0,[],0,12
1712,2007-12-01 12:59:53.878,0,[],0,9
1713,2007-12-22 16:17:19.926,0,[],0,30
1714,2007-12-22 19:32:23.985,0,[],0,30
1715,2007-12-14 22:45:54.039,1,"[{'lat': -19.46, 'long': -175.983, 'Time': Timestamp('2007-12-15 02:46:01'), 'mag': 5.1}, {'lat': -19.46, 'long': -175.983, 'Time': Timestamp('2007-12-15 02:46:01'), 'mag': 5.1}, {'lat': -26.037, 'long': -177.658, 'Time': Timestamp('2007-12-16 15:22:12'), 'mag': 5.2}, {'lat': -26.037, 'long': -177.658, 'Time': Timestamp('2007-12-16 15:22:12'), 'mag': 5.2}]",4,22
1716,2007-12-20 02:00:16.752,1,"[{'lat': 26.877, 'long': 126.746, 'Time': Timestamp('2007-12-21 22:05:11'), 'mag': 5.2}, {'lat': 26.877, 'long': 126.746, 'Time': Timestamp('2007-12-21 22:05:11'), 'mag': 5.2}, {'lat': 26.877, 'long': 126.746, 'Time': Timestamp('2007-12-21 22:05:11'), 'mag': 5.2}]",3,27
1717,2007-11-29 05:18:02.075,1,"[{'lat': 23.39, 'long': 94.675, 'Time': Timestamp('2007-11-29 19:00:22'), 'mag': 5.1}, {'lat': 1.981, 'long': 97.883, 'Time': Timestamp('2007-12-01 01:44:31'), 'mag': 5.9}, {'lat': 1.981, 'long': 97.883, 'Time': Timestamp('2007-12-01 01:44:31'), 'mag': 5.9}, {'lat': 36.422, 'long': 71.734, 'Time': Timestamp('2007-11-29 10:02:44'), 'mag': 5.1}]",4,6
1718,2007-12-18 08:34:21.391,0,[],0,25
1719,2007-12-13 11:51:23.253,1,"[{'lat': -40.983, 'long': -16.672, 'Time': Timestamp('2007-12-13 18:51:58'), 'mag': 5.1}, {'lat': -40.983, 'long': -16.672, 'Time': Timestamp('2007-12-13 18:51:58'), 'mag': 5.1}]",2,20
1720,2007-11-28 15:09:52.281,1,"[{'lat': 14.944, 'long': -61.274, 'Time': Timestamp('2007-11-29 19:00:20'), 'mag': 7.4}, {'lat': 15.092, 'long': -61.381, 'Time': Timestamp('2007-11-29 19:34:46'), 'mag': 5.1}, {'lat': 15.035, 'long': -61.27, 'Time': Timestamp('2007-11-30 04:00:00'), 'mag': 5.0}, {'lat': 14.944, 'long': -61.274, 'Time': Timestamp('2007-11-29 19:00:20'), 'mag': 7.4}, {'lat': 15.092, 'long': -61.381, 'Time': Timestamp('2007-11-29 19:34:46'), 'mag': 5.1}, {'lat': 15.035, 'long': -61.27, 'Time': Timestamp('2007-11-30 04:00:00'), 'mag': 5.0}, {'lat': 14.944, 'long': -61.274, 'Time': Timestamp('2007-11-29 19:00:20'), 'mag': 7.4}, {'lat': 15.092, 'long': -61.381, 'Time': Timestamp('2007-11-29 19:34:46'), 'mag': 5.1}, {'lat': 15.035, 'long': -61.27, 'Time': Timestamp('2007-11-30 04:00:00'), 'mag': 5.0}]",9,5
1721,2007-12-13 18:25:23.360,0,[],0,20
1722,2007-12-02 09:03:20.587,0,[],0,8
1723,2007-12-14 12:22:23.654,0,[],0,20
1724,2007-12-15 15:40:52.904,1,"[{'lat': -22.954, 'long': -70.182, 'Time': Timestamp('2007-12-16 08:09:17'), 'mag': 6.7}, {'lat': -32.877, 'long': -71.074, 'Time': Timestamp('2007-12-17 09:26:34'), 'mag': 5.0}, {'lat': -32.689, 'long': -71.695, 'Time': Timestamp('2007-12-15 18:22:27'), 'mag': 5.9}, {'lat': -32.877, 'long': -71.074, 'Time': Timestamp('2007-12-17 09:26:34'), 'mag': 5.0}, {'lat': -32.877, 'long': -71.074, 'Time': Timestamp('2007-12-17 09:26:34'), 'mag': 5.0}, {'lat': -22.954, 'long': -70.182, 'Time': Timestamp('2007-12-16 08:09:17'), 'mag': 6.7}, {'lat': -32.689, 'long': -71.695, 'Time': Timestamp('2007-12-15 18:22:27'), 'mag': 5.9}]",7,21
1725,2007-11-30 18:55:49.643,1,"[{'lat': 8.329, 'long': -103.093, 'Time': Timestamp('2007-12-02 07:38:24'), 'mag': 5.2}, {'lat': 8.329, 'long': -103.093, 'Time': Timestamp('2007-12-02 07:38:24'), 'mag': 5.2}, {'lat': 8.329, 'long': -103.093, 'Time': Timestamp('2007-12-02 07:38:24'), 'mag': 5.2}]",3,6
1726,2007-12-21 22:09:51.895,1,"[{'lat': -17.216, 'long': -174.076, 'Time': Timestamp('2007-12-22 04:50:43'), 'mag': 5.1}]",1,27
1727,2007-12-10 01:23:43.209,1,"[{'lat': -3.568, 'long': 144.439, 'Time': Timestamp('2007-12-10 12:10:07'), 'mag': 5.7}, {'lat': -3.608, 'long': 144.275, 'Time': Timestamp('2007-12-10 12:13:29'), 'mag': 5.4}, {'lat': -3.568, 'long': 144.439, 'Time': Timestamp('2007-12-10 12:10:07'), 'mag': 5.7}, {'lat': -3.608, 'long': 144.275, 'Time': Timestamp('2007-12-10 12:13:29'), 'mag': 5.4}]",4,15
1728,2007-12-12 06:18:53.591,1,"[{'lat': -23.982, 'long': 69.569, 'Time': Timestamp('2007-12-13 07:09:43'), 'mag': 5.1}, {'lat': -23.982, 'long': 69.569, 'Time': Timestamp('2007-12-13 07:09:43'), 'mag': 5.1}, {'lat': -39.357, 'long': 78.152, 'Time': Timestamp('2007-12-13 14:09:55'), 'mag': 5.2}, {'lat': -39.357, 'long': 78.152, 'Time': Timestamp('2007-12-13 14:09:55'), 'mag': 5.2}, {'lat': -39.357, 'long': 78.152, 'Time': Timestamp('2007-12-13 14:09:55'), 'mag': 5.2}, {'lat': -23.982, 'long': 69.569, 'Time': Timestamp('2007-12-13 07:09:43'), 'mag': 5.1}]",6,17
1729,2007-11-30 09:34:19.660,0,[],0,5
1730,2007-11-30 21:02:47.620,1,"[{'lat': -21.651, 'long': -176.24, 'Time': Timestamp('2007-12-01 16:10:02'), 'mag': 5.3}]",1,5
1731,2007-12-04 00:16:53.242,1,"[{'lat': -49.405, 'long': 164.786, 'Time': Timestamp('2007-12-05 18:07:11'), 'mag': 5.2}, {'lat': -49.405, 'long': 164.786, 'Time': Timestamp('2007-12-05 18:07:11'), 'mag': 5.2}, {'lat': -49.405, 'long': 164.786, 'Time': Timestamp('2007-12-05 18:07:11'), 'mag': 5.2}, {'lat': -5.597, 'long': 148.401, 'Time': Timestamp('2007-12-05 12:55:03'), 'mag': 5.0}, {'lat': -5.597, 'long': 148.401, 'Time': Timestamp('2007-12-05 12:55:03'), 'mag': 5.0}, {'lat': -5.597, 'long': 148.401, 'Time': Timestamp('2007-12-05 12:55:03'), 'mag': 5.0}]",6,8
1732,2007-12-25 10:05:19.831,1,"[{'lat': 39.446, 'long': 33.162, 'Time': Timestamp('2007-12-26 23:47:10'), 'mag': 5.6}, {'lat': 39.446, 'long': 33.162, 'Time': Timestamp('2007-12-26 23:47:10'), 'mag': 5.6}]",2,29
1733,2007-12-21 13:24:53.456,0,[],0,25
1734,2007-12-17 16:41:53.510,1,"[{'lat': 19.198, 'long': -64.648, 'Time': Timestamp('2007-12-19 01:57:23'), 'mag': 5.3}, {'lat': 19.198, 'long': -64.648, 'Time': Timestamp('2007-12-19 01:57:23'), 'mag': 5.3}, {'lat': 19.198, 'long': -64.648, 'Time': Timestamp('2007-12-19 01:57:23'), 'mag': 5.3}]",3,21
1735,2007-12-05 19:56:23.563,1,"[{'lat': -56.205, 'long': -139.294, 'Time': Timestamp('2007-12-07 06:19:35'), 'mag': 5.5}, {'lat': -56.205, 'long': -139.294, 'Time': Timestamp('2007-12-07 06:19:35'), 'mag': 5.5}, {'lat': -56.205, 'long': -139.294, 'Time': Timestamp('2007-12-07 06:19:35'), 'mag': 5.5}]",3,9
1736,2007-12-17 23:10:23.617,1,"[{'lat': 51.36, 'long': -179.509, 'Time': Timestamp('2007-12-19 09:30:27'), 'mag': 7.2}, {'lat': 51.021, 'long': -179.349, 'Time': Timestamp('2007-12-19 09:35:16'), 'mag': 5.6}, {'lat': 51.083, 'long': -179.254, 'Time': Timestamp('2007-12-19 09:44:21'), 'mag': 5.4}, {'lat': 51.098, 'long': -179.286, 'Time': Timestamp('2007-12-19 09:46:48'), 'mag': 5.3}, {'lat': 51.054, 'long': -179.22, 'Time': Timestamp('2007-12-19 09:47:09'), 'mag': 5.4}, {'lat': 51.095, 'long': -179.361, 'Time': Timestamp('2007-12-19 10:01:01'), 'mag': 5.1}, {'lat': 51.116, 'long': -179.075, 'Time': Timestamp('2007-12-19 10:24:13'), 'mag': 5.3}, {'lat': 51.345, 'long': -179.493, 'Time': Timestamp('2007-12-19 10:24:33'), 'mag': 5.5}, {'lat': 51.116, 'long': -179.354, 'Time': Timestamp('2007-12-19 12:30:47'), 'mag': 5.4}, {'lat': 51.301, 'long': -179.49, 'Time': Timestamp('2007-12-19 14:51:39'), 'mag': 5.6}, {'lat': 51.36, 'long': -179.509, 'Time': Timestamp('2007-12-19 09:30:27'), 'mag': 7.2}, {'lat': 51.021, 'long': -179.349, 'Time': Timestamp('2007-12-19 09:35:16'), 'mag': 5.6}, {'lat': 51.083, 'long': -179.254, 'Time': Timestamp('2007-12-19 09:44:21'), 'mag': 5.4}, {'lat': 51.098, 'long': -179.286, 'Time': Timestamp('2007-12-19 09:46:48'), 'mag': 5.3}, {'lat': 51.054, 'long': -179.22, 'Time': Timestamp('2007-12-19 09:47:09'), 'mag': 5.4}, {'lat': 51.095, 'long': -179.361, 'Time': Timestamp('2007-12-19 10:01:01'), 'mag': 5.1}, {'lat': 51.116, 'long': -179.075, 'Time': Timestamp('2007-12-19 10:24:13'), 'mag': 5.3}, {'lat': 51.345, 'long': -179.493, 'Time': Timestamp('2007-12-19 10:24:33'), 'mag': 5.5}, {'lat': 51.116, 'long': -179.354, 'Time': Timestamp('2007-12-19 12:30:47'), 'mag': 5.4}, {'lat': 51.301, 'long': -179.49, 'Time': Timestamp('2007-12-19 14:51:39'), 'mag': 5.6}, {'lat': 51.09, 'long': 179.995, 'Time': Timestamp('2007-12-19 06:47:59'), 'mag': 5.0}, {'lat': -6.952, 'long': 155.778, 'Time': Timestamp('2007-12-19 11:34:56'), 'mag': 5.9}]",22,21
1737,2007-12-09 02:24:52.419,1,"[{'lat': -3.568, 'long': 144.439, 'Time': Timestamp('2007-12-10 12:10:07'), 'mag': 5.7}, {'lat': -3.608, 'long': 144.275, 'Time': Timestamp('2007-12-10 12:13:29'), 'mag': 5.4}, {'lat': -3.568, 'long': 144.439, 'Time': Timestamp('2007-12-10 12:10:07'), 'mag': 5.7}, {'lat': -3.608, 'long': 144.275, 'Time': Timestamp('2007-12-10 12:13:29'), 'mag': 5.4}, {'lat': -3.568, 'long': 144.439, 'Time': Timestamp('2007-12-10 12:10:07'), 'mag': 5.7}, {'lat': -3.608, 'long': 144.275, 'Time': Timestamp('2007-12-10 12:13:29'), 'mag': 5.4}, {'lat': 12.277, 'long': 125.42, 'Time': Timestamp('2007-12-09 05:22:11'), 'mag': 5.6}, {'lat': 12.373, 'long': 125.51, 'Time': Timestamp('2007-12-09 05:34:30'), 'mag': 5.0}, {'lat': 12.277, 'long': 125.42, 'Time': Timestamp('2007-12-09 05:22:11'), 'mag': 5.6}, {'lat': 12.373, 'long': 125.51, 'Time': Timestamp('2007-12-09 05:34:30'), 'mag': 5.0}, {'lat': 12.277, 'long': 125.42, 'Time': Timestamp('2007-12-09 05:22:11'), 'mag': 5.6}, {'lat': 12.373, 'long': 125.51, 'Time': Timestamp('2007-12-09 05:34:30'), 'mag': 5.0}]",12,12
1738,2007-12-05 07:20:27.043,1,"[{'lat': -9.365, 'long': 66.909, 'Time': Timestamp('2007-12-06 10:25:45'), 'mag': 5.4}, {'lat': -9.365, 'long': 66.909, 'Time': Timestamp('2007-12-06 10:25:45'), 'mag': 5.4}, {'lat': -9.365, 'long': 66.909, 'Time': Timestamp('2007-12-06 10:25:45'), 'mag': 5.4}]",3,8
1739,2007-12-10 10:36:45.031,0,[],0,13
1740,2007-12-08 13:55:53.858,0,[],0,11
1741,2007-12-20 17:12:23.912,1,"[{'lat': 5.565, 'long': -82.609, 'Time': Timestamp('2007-12-21 05:13:56'), 'mag': 5.0}, {'lat': 5.565, 'long': -82.609, 'Time': Timestamp('2007-12-21 05:13:56'), 'mag': 5.0}, {'lat': 5.565, 'long': -82.609, 'Time': Timestamp('2007-12-21 05:13:56'), 'mag': 5.0}, {'lat': -23.068, 'long': -114.621, 'Time': Timestamp('2007-12-22 02:06:08'), 'mag': 5.0}, {'lat': -23.021, 'long': -114.29, 'Time': Timestamp('2007-12-22 02:22:07'), 'mag': 5.2}, {'lat': -23.068, 'long': -114.621, 'Time': Timestamp('2007-12-22 02:06:08'), 'mag': 5.0}, {'lat': -23.021, 'long': -114.29, 'Time': Timestamp('2007-12-22 02:22:07'), 'mag': 5.2}, {'lat': -23.068, 'long': -114.621, 'Time': Timestamp('2007-12-22 02:06:08'), 'mag': 5.0}, {'lat': -23.021, 'long': -114.29, 'Time': Timestamp('2007-12-22 02:22:07'), 'mag': 5.2}]",9,23
1742,2007-12-04 20:26:49.835,0,[],0,7
1743,2007-12-20 23:40:24.017,1,"[{'lat': -17.216, 'long': -174.076, 'Time': Timestamp('2007-12-22 04:50:43'), 'mag': 5.1}, {'lat': -20.214, 'long': -174.57, 'Time': Timestamp('2007-12-21 14:17:08'), 'mag': 5.2}, {'lat': -17.216, 'long': -174.076, 'Time': Timestamp('2007-12-22 04:50:43'), 'mag': 5.1}, {'lat': -20.214, 'long': -174.57, 'Time': Timestamp('2007-12-21 14:17:08'), 'mag': 5.2}, {'lat': -17.216, 'long': -174.076, 'Time': Timestamp('2007-12-22 04:50:43'), 'mag': 5.1}]",5,23
1744,2007-12-08 07:51:25.116,1,"[{'lat': -7.558, 'long': 37.646, 'Time': Timestamp('2007-12-08 19:55:19'), 'mag': 5.6}, {'lat': -7.558, 'long': 37.646, 'Time': Timestamp('2007-12-08 19:55:19'), 'mag': 5.6}]",2,10
1745,2007-12-07 20:55:46.566,0,[],0,9
1746,2007-12-17 00:10:53.516,1,"[{'lat': -19.474, 'long': 169.3, 'Time': Timestamp('2007-12-17 20:12:32'), 'mag': 5.1}, {'lat': -19.474, 'long': 169.3, 'Time': Timestamp('2007-12-17 20:12:32'), 'mag': 5.1}, {'lat': -19.474, 'long': 169.3, 'Time': Timestamp('2007-12-17 20:12:32'), 'mag': 5.1}, {'lat': 50.965, 'long': 179.633, 'Time': Timestamp('2007-12-17 09:03:16'), 'mag': 5.2}, {'lat': 51.137, 'long': 179.568, 'Time': Timestamp('2007-12-17 09:04:47'), 'mag': 5.1}, {'lat': -3.707, 'long': 149.347, 'Time': Timestamp('2007-12-18 13:36:59'), 'mag': 5.0}, {'lat': -3.614, 'long': 149.294, 'Time': Timestamp('2007-12-18 14:13:00'), 'mag': 5.0}, {'lat': -3.707, 'long': 149.347, 'Time': Timestamp('2007-12-18 13:36:59'), 'mag': 5.0}, {'lat': -3.614, 'long': 149.294, 'Time': Timestamp('2007-12-18 14:13:00'), 'mag': 5.0}]",9,18
1747,2007-12-24 08:21:55.392,1,"[{'lat': 40.342, 'long': 73.058, 'Time': Timestamp('2007-12-26 04:45:32'), 'mag': 5.1}, {'lat': 40.342, 'long': 73.058, 'Time': Timestamp('2007-12-26 04:45:32'), 'mag': 5.1}]",2,25
1748,2007-12-18 11:38:53.704,0,[],0,19
1749,2007-12-14 14:57:21.292,1,"[{'lat': -23.156, 'long': -70.416, 'Time': Timestamp('2007-12-15 11:19:53'), 'mag': 5.0}, {'lat': -22.954, 'long': -70.182, 'Time': Timestamp('2007-12-16 08:09:17'), 'mag': 6.7}, {'lat': -23.156, 'long': -70.416, 'Time': Timestamp('2007-12-15 11:19:53'), 'mag': 5.0}, {'lat': -22.954, 'long': -70.182, 'Time': Timestamp('2007-12-16 08:09:17'), 'mag': 6.7}, {'lat': -23.156, 'long': -70.416, 'Time': Timestamp('2007-12-15 11:19:53'), 'mag': 5.0}, {'lat': -32.689, 'long': -71.695, 'Time': Timestamp('2007-12-15 18:22:27'), 'mag': 5.9}, {'lat': -22.954, 'long': -70.182, 'Time': Timestamp('2007-12-16 08:09:17'), 'mag': 6.7}, {'lat': -32.689, 'long': -71.695, 'Time': Timestamp('2007-12-15 18:22:27'), 'mag': 5.9}]",8,15
1750,2007-12-07 18:13:23.812,1,"[{'lat': -13.697, 'long': -111.628, 'Time': Timestamp('2007-12-08 06:53:48'), 'mag': 5.1}, {'lat': -13.467, 'long': -111.931, 'Time': Timestamp('2007-12-08 07:13:19'), 'mag': 5.0}, {'lat': -13.697, 'long': -111.628, 'Time': Timestamp('2007-12-08 06:53:48'), 'mag': 5.1}, {'lat': -13.467, 'long': -111.931, 'Time': Timestamp('2007-12-08 07:13:19'), 'mag': 5.0}, {'lat': -13.697, 'long': -111.628, 'Time': Timestamp('2007-12-08 06:53:48'), 'mag': 5.1}, {'lat': -13.467, 'long': -111.931, 'Time': Timestamp('2007-12-08 07:13:19'), 'mag': 5.0}]",6,8
1751,2007-12-28 21:26:17.849,1,"[{'lat': -19.387, 'long': -173.991, 'Time': Timestamp('2007-12-28 21:59:42'), 'mag': 5.6}, {'lat': -19.454, 'long': -173.847, 'Time': Timestamp('2007-12-30 06:24:01'), 'mag': 5.7}, {'lat': -19.387, 'long': -173.991, 'Time': Timestamp('2007-12-28 21:59:42'), 'mag': 5.6}, {'lat': -19.881, 'long': -173.74, 'Time': Timestamp('2007-12-29 20:55:20'), 'mag': 5.1}, {'lat': -19.454, 'long': -173.847, 'Time': Timestamp('2007-12-30 06:24:01'), 'mag': 5.7}, {'lat': -19.387, 'long': -173.991, 'Time': Timestamp('2007-12-28 21:59:42'), 'mag': 5.6}, {'lat': -19.881, 'long': -173.74, 'Time': Timestamp('2007-12-29 20:55:20'), 'mag': 5.1}, {'lat': -19.454, 'long': -173.847, 'Time': Timestamp('2007-12-30 06:24:01'), 'mag': 5.7}]",8,29
1752,2007-12-12 00:41:18.684,1,"[{'lat': 50.873, 'long': 173.498, 'Time': Timestamp('2007-12-12 17:35:07'), 'mag': 5.2}, {'lat': -2.349, 'long': 139.101, 'Time': Timestamp('2007-12-12 19:47:14'), 'mag': 5.2}, {'lat': -2.349, 'long': 139.101, 'Time': Timestamp('2007-12-12 19:47:14'), 'mag': 5.2}]",3,12
1753,2007-12-08 07:14:27.317,1,"[{'lat': -7.558, 'long': 37.646, 'Time': Timestamp('2007-12-08 19:55:19'), 'mag': 5.6}, {'lat': -7.558, 'long': 37.646, 'Time': Timestamp('2007-12-08 19:55:19'), 'mag': 5.6}, {'lat': -7.558, 'long': 37.646, 'Time': Timestamp('2007-12-08 19:55:19'), 'mag': 5.6}]",3,8
1754,2007-12-29 10:30:25.042,0,[],0,29
1755,2007-12-10 13:49:23.132,1,"[{'lat': -62.063, 'long': -65.835, 'Time': Timestamp('2007-12-11 17:20:54'), 'mag': 5.9}, {'lat': -62.063, 'long': -65.835, 'Time': Timestamp('2007-12-11 17:20:54'), 'mag': 5.9}]",2,10
1756,2007-12-23 17:06:23.186,1,"[{'lat': -19.445, 'long': -69.048, 'Time': Timestamp('2007-12-25 16:20:52'), 'mag': 5.8}, {'lat': -19.445, 'long': -69.048, 'Time': Timestamp('2007-12-25 16:20:52'), 'mag': 5.8}]",2,23
1757,2007-12-14 20:20:53.239,0,[],0,14
1758,2007-12-06 23:34:23.292,0,[],0,6
1759,2007-12-08 07:44:52.623,1,"[{'lat': -7.558, 'long': 37.646, 'Time': Timestamp('2007-12-08 19:55:19'), 'mag': 5.6}, {'lat': -7.558, 'long': 37.646, 'Time': Timestamp('2007-12-08 19:55:19'), 'mag': 5.6}, {'lat': -7.558, 'long': 37.646, 'Time': Timestamp('2007-12-08 19:55:19'), 'mag': 5.6}]",3,7
1760,2007-12-21 11:01:20.578,0,[],0,20
1761,2007-12-23 14:20:20.844,0,[],0,22
1762,2007-12-22 17:36:53.587,0,[],0,21
1763,2007-12-06 20:47:52.055,1,"[{'lat': -56.205, 'long': -139.294, 'Time': Timestamp('2007-12-07 06:19:35'), 'mag': 5.5}, {'lat': -56.205, 'long': -139.294, 'Time': Timestamp('2007-12-07 06:19:35'), 'mag': 5.5}]",2,5
1764,2007-12-23 00:04:53.693,1,"[{'lat': 53.893, 'long': 161.401, 'Time': Timestamp('2007-12-24 07:42:05'), 'mag': 5.0}, {'lat': 53.893, 'long': 161.401, 'Time': Timestamp('2007-12-24 07:42:05'), 'mag': 5.0}, {'lat': 53.893, 'long': 161.401, 'Time': Timestamp('2007-12-24 07:42:05'), 'mag': 5.0}]",3,21
1765,2007-12-28 04:59:32.703,1,"[{'lat': 5.418, 'long': 95.661, 'Time': Timestamp('2007-12-28 05:24:14'), 'mag': 5.4}, {'lat': 5.418, 'long': 95.661, 'Time': Timestamp('2007-12-28 05:24:14'), 'mag': 5.4}, {'lat': 5.418, 'long': 95.661, 'Time': Timestamp('2007-12-28 05:24:14'), 'mag': 5.4}]",3,26
1766,2007-12-08 08:15:54.240,1,"[{'lat': -7.558, 'long': 37.646, 'Time': Timestamp('2007-12-08 19:55:19'), 'mag': 5.6}, {'lat': -7.558, 'long': 37.646, 'Time': Timestamp('2007-12-08 19:55:19'), 'mag': 5.6}, {'lat': -7.558, 'long': 37.646, 'Time': Timestamp('2007-12-08 19:55:19'), 'mag': 5.6}]",3,6
1767,2007-12-12 11:32:53.881,1,"[{'lat': -40.983, 'long': -16.672, 'Time': Timestamp('2007-12-13 18:51:58'), 'mag': 5.1}, {'lat': -40.983, 'long': -16.672, 'Time': Timestamp('2007-12-13 18:51:58'), 'mag': 5.1}, {'lat': -40.983, 'long': -16.672, 'Time': Timestamp('2007-12-13 18:51:58'), 'mag': 5.1}, {'lat': -55.084, 'long': -33.579, 'Time': Timestamp('2007-12-12 22:09:58'), 'mag': 5.0}, {'lat': -55.084, 'long': -33.579, 'Time': Timestamp('2007-12-12 22:09:58'), 'mag': 5.0}]",5,10
1768,2007-12-25 14:51:22.574,1,"[{'lat': -19.445, 'long': -69.048, 'Time': Timestamp('2007-12-25 16:20:52'), 'mag': 5.8}, {'lat': -22.45, 'long': -68.627, 'Time': Timestamp('2007-12-26 23:40:53'), 'mag': 5.5}, {'lat': -19.445, 'long': -69.048, 'Time': Timestamp('2007-12-25 16:20:52'), 'mag': 5.8}, {'lat': -22.45, 'long': -68.627, 'Time': Timestamp('2007-12-26 23:40:53'), 'mag': 5.5}, {'lat': -19.445, 'long': -69.048, 'Time': Timestamp('2007-12-25 16:20:52'), 'mag': 5.8}, {'lat': -22.45, 'long': -68.627, 'Time': Timestamp('2007-12-26 23:40:53'), 'mag': 5.5}]",6,23
1769,2007-12-24 18:07:23.989,0,[],0,22
1770,2007-12-07 21:20:19.354,1,"[{'lat': -18.048, 'long': -176.498, 'Time': Timestamp('2007-12-09 09:13:34'), 'mag': 5.0}, {'lat': -25.996, 'long': -177.514, 'Time': Timestamp('2007-12-09 07:28:20'), 'mag': 7.8}, {'lat': -18.048, 'long': -176.498, 'Time': Timestamp('2007-12-09 09:13:34'), 'mag': 5.0}, {'lat': -25.996, 'long': -177.514, 'Time': Timestamp('2007-12-09 07:28:20'), 'mag': 7.8}, {'lat': -18.048, 'long': -176.498, 'Time': Timestamp('2007-12-09 09:13:34'), 'mag': 5.0}, {'lat': -25.996, 'long': -177.514, 'Time': Timestamp('2007-12-09 07:28:20'), 'mag': 7.8}]",6,5
1771,2007-12-26 00:35:17.860,1,"[{'lat': 52.558, 'long': -168.221, 'Time': Timestamp('2007-12-26 22:04:54'), 'mag': 6.4}, {'lat': 52.461, 'long': -168.197, 'Time': Timestamp('2007-12-26 22:09:54'), 'mag': 5.2}, {'lat': 52.267, 'long': -168.383, 'Time': Timestamp('2007-12-27 14:44:23'), 'mag': 5.6}, {'lat': 52.288, 'long': -168.424, 'Time': Timestamp('2007-12-27 14:45:45'), 'mag': 5.2}, {'lat': 52.24, 'long': -168.336, 'Time': Timestamp('2007-12-27 15:13:04'), 'mag': 5.4}, {'lat': 52.26, 'long': -168.293, 'Time': Timestamp('2007-12-27 15:26:59'), 'mag': 5.2}, {'lat': 52.558, 'long': -168.221, 'Time': Timestamp('2007-12-26 22:04:54'), 'mag': 6.4}, {'lat': 52.461, 'long': -168.197, 'Time': Timestamp('2007-12-26 22:09:54'), 'mag': 5.2}, {'lat': 52.267, 'long': -168.383, 'Time': Timestamp('2007-12-27 14:44:23'), 'mag': 5.6}, {'lat': 52.288, 'long': -168.424, 'Time': Timestamp('2007-12-27 14:45:45'), 'mag': 5.2}, {'lat': 52.24, 'long': -168.336, 'Time': Timestamp('2007-12-27 15:13:04'), 'mag': 5.4}, {'lat': 52.26, 'long': -168.293, 'Time': Timestamp('2007-12-27 15:26:59'), 'mag': 5.2}, {'lat': -8.722, 'long': 157.567, 'Time': Timestamp('2007-12-26 04:14:19'), 'mag': 5.0}, {'lat': -38.95, 'long': 175.67, 'Time': Timestamp('2007-12-27 08:07:03'), 'mag': 5.2}, {'lat': -63.065, 'long': 150.161, 'Time': Timestamp('2007-12-27 11:44:29'), 'mag': 5.4}, {'lat': -8.722, 'long': 157.567, 'Time': Timestamp('2007-12-26 04:14:19'), 'mag': 5.0}, {'lat': -7.601, 'long': 154.654, 'Time': Timestamp('2007-12-26 06:38:10'), 'mag': 5.1}, {'lat': -6.907, 'long': 155.835, 'Time': Timestamp('2007-12-26 08:20:42'), 'mag': 5.0}, {'lat': -7.601, 'long': 154.654, 'Time': Timestamp('2007-12-26 06:38:10'), 'mag': 5.1}, {'lat': -6.907, 'long': 155.835, 'Time': Timestamp('2007-12-26 08:20:42'), 'mag': 5.0}, {'lat': -7.601, 'long': 154.654, 'Time': Timestamp('2007-12-26 06:38:10'), 'mag': 5.1}]",21,23
1772,2007-12-27 05:29:52.695,1,"[{'lat': 5.418, 'long': 95.661, 'Time': Timestamp('2007-12-28 05:24:14'), 'mag': 5.4}, {'lat': 5.418, 'long': 95.661, 'Time': Timestamp('2007-12-28 05:24:14'), 'mag': 5.4}, {'lat': 5.418, 'long': 95.661, 'Time': Timestamp('2007-12-28 05:24:14'), 'mag': 5.4}]",3,24
1773,2007-12-19 08:44:51.543,1,"[{'lat': 39.417, 'long': 33.212, 'Time': Timestamp('2007-12-20 09:48:29'), 'mag': 5.7}, {'lat': 39.417, 'long': 33.212, 'Time': Timestamp('2007-12-20 09:48:29'), 'mag': 5.7}, {'lat': 39.417, 'long': 33.212, 'Time': Timestamp('2007-12-20 09:48:29'), 'mag': 5.7}]",3,16
1774,2007-12-15 12:03:53.282,0,[],0,12
1775,2007-12-25 15:22:22.421,1,"[{'lat': -19.445, 'long': -69.048, 'Time': Timestamp('2007-12-25 16:20:52'), 'mag': 5.8}, {'lat': -22.45, 'long': -68.627, 'Time': Timestamp('2007-12-26 23:40:53'), 'mag': 5.5}, {'lat': -19.445, 'long': -69.048, 'Time': Timestamp('2007-12-25 16:20:52'), 'mag': 5.8}, {'lat': -22.45, 'long': -68.627, 'Time': Timestamp('2007-12-26 23:40:53'), 'mag': 5.5}]",4,22
1776,2007-12-26 18:37:53.390,0,[],0,23
1777,2007-12-24 21:50:22.851,1,"[{'lat': -22.103, 'long': -176.454, 'Time': Timestamp('2007-12-26 05:06:05'), 'mag': 5.1}, {'lat': -22.103, 'long': -176.454, 'Time': Timestamp('2007-12-26 05:06:05'), 'mag': 5.1}, {'lat': -22.103, 'long': -176.454, 'Time': Timestamp('2007-12-26 05:06:05'), 'mag': 5.1}]",3,21
1778,2007-12-11 01:05:18.261,1,"[{'lat': 50.873, 'long': 173.498, 'Time': Timestamp('2007-12-12 17:35:07'), 'mag': 5.2}, {'lat': 50.873, 'long': 173.498, 'Time': Timestamp('2007-12-12 17:35:07'), 'mag': 5.2}, {'lat': -2.349, 'long': 139.101, 'Time': Timestamp('2007-12-12 19:47:14'), 'mag': 5.2}, {'lat': -2.349, 'long': 139.101, 'Time': Timestamp('2007-12-12 19:47:14'), 'mag': 5.2}, {'lat': -2.349, 'long': 139.101, 'Time': Timestamp('2007-12-12 19:47:14'), 'mag': 5.2}]",5,7
1779,2007-12-17 06:00:24.547,0,[],0,13
1780,2007-12-18 09:15:50.616,0,[],0,14
1781,2007-12-14 12:34:53.684,0,[],0,10
1782,2007-12-24 15:52:54.374,1,"[{'lat': -19.445, 'long': -69.048, 'Time': Timestamp('2007-12-25 16:20:52'), 'mag': 5.8}, {'lat': -19.445, 'long': -69.048, 'Time': Timestamp('2007-12-25 16:20:52'), 'mag': 5.8}, {'lat': -19.445, 'long': -69.048, 'Time': Timestamp('2007-12-25 16:20:52'), 'mag': 5.8}]",3,20
1783,2007-12-23 08:09:51.538,1,"[{'lat': -2.777, 'long': 36.201, 'Time': Timestamp('2007-12-23 13:45:27'), 'mag': 5.3}, {'lat': -2.777, 'long': 36.201, 'Time': Timestamp('2007-12-23 13:45:27'), 'mag': 5.3}, {'lat': -2.777, 'long': 36.201, 'Time': Timestamp('2007-12-23 13:45:27'), 'mag': 5.3}]",3,18
1784,2007-12-18 11:25:23.470,0,[],0,13
1785,2007-12-29 14:45:21.739,1,"[{'lat': -14.79, 'long': -75.429, 'Time': Timestamp('2007-12-31 10:39:44'), 'mag': 5.2}, {'lat': -14.795, 'long': -75.49, 'Time': Timestamp('2007-12-31 10:59:03'), 'mag': 5.0}, {'lat': -14.79, 'long': -75.429, 'Time': Timestamp('2007-12-31 10:39:44'), 'mag': 5.2}, {'lat': -14.795, 'long': -75.49, 'Time': Timestamp('2007-12-31 10:59:03'), 'mag': 5.0}, {'lat': -14.79, 'long': -75.429, 'Time': Timestamp('2007-12-31 10:39:44'), 'mag': 5.2}, {'lat': -14.795, 'long': -75.49, 'Time': Timestamp('2007-12-31 10:59:03'), 'mag': 5.0}]",6,24
1786,2007-12-30 21:14:23.173,0,[],0,25
1787,2007-12-26 00:29:15.370,1,"[{'lat': 52.558, 'long': -168.221, 'Time': Timestamp('2007-12-26 22:04:54'), 'mag': 6.4}, {'lat': 52.461, 'long': -168.197, 'Time': Timestamp('2007-12-26 22:09:54'), 'mag': 5.2}, {'lat': 52.267, 'long': -168.383, 'Time': Timestamp('2007-12-27 14:44:23'), 'mag': 5.6}, {'lat': 52.288, 'long': -168.424, 'Time': Timestamp('2007-12-27 14:45:45'), 'mag': 5.2}, {'lat': 52.24, 'long': -168.336, 'Time': Timestamp('2007-12-27 15:13:04'), 'mag': 5.4}, {'lat': 52.26, 'long': -168.293, 'Time': Timestamp('2007-12-27 15:26:59'), 'mag': 5.2}, {'lat': 52.558, 'long': -168.221, 'Time': Timestamp('2007-12-26 22:04:54'), 'mag': 6.4}, {'lat': 52.461, 'long': -168.197, 'Time': Timestamp('2007-12-26 22:09:54'), 'mag': 5.2}, {'lat': 52.267, 'long': -168.383, 'Time': Timestamp('2007-12-27 14:44:23'), 'mag': 5.6}, {'lat': 52.288, 'long': -168.424, 'Time': Timestamp('2007-12-27 14:45:45'), 'mag': 5.2}, {'lat': 52.24, 'long': -168.336, 'Time': Timestamp('2007-12-27 15:13:04'), 'mag': 5.4}, {'lat': 52.26, 'long': -168.293, 'Time': Timestamp('2007-12-27 15:26:59'), 'mag': 5.2}, {'lat': -38.95, 'long': 175.67, 'Time': Timestamp('2007-12-27 08:07:03'), 'mag': 5.2}, {'lat': -63.065, 'long': 150.161, 'Time': Timestamp('2007-12-27 11:44:29'), 'mag': 5.4}, {'lat': -8.722, 'long': 157.567, 'Time': Timestamp('2007-12-26 04:14:19'), 'mag': 5.0}, {'lat': -7.601, 'long': 154.654, 'Time': Timestamp('2007-12-26 06:38:10'), 'mag': 5.1}, {'lat': -6.907, 'long': 155.835, 'Time': Timestamp('2007-12-26 08:20:42'), 'mag': 5.0}, {'lat': -8.722, 'long': 157.567, 'Time': Timestamp('2007-12-26 04:14:19'), 'mag': 5.0}, {'lat': -7.601, 'long': 154.654, 'Time': Timestamp('2007-12-26 06:38:10'), 'mag': 5.1}, {'lat': -6.907, 'long': 155.835, 'Time': Timestamp('2007-12-26 08:20:42'), 'mag': 5.0}, {'lat': -7.601, 'long': 154.654, 'Time': Timestamp('2007-12-26 06:38:10'), 'mag': 5.1}, {'lat': -6.907, 'long': 155.835, 'Time': Timestamp('2007-12-26 08:20:42'), 'mag': 5.0}]",22,20
1788,2007-12-26 10:16:50.519,1,"[{'lat': 39.446, 'long': 33.162, 'Time': Timestamp('2007-12-26 23:47:10'), 'mag': 5.6}, {'lat': 39.446, 'long': 33.162, 'Time': Timestamp('2007-12-26 23:47:10'), 'mag': 5.6}, {'lat': 39.446, 'long': 33.162, 'Time': Timestamp('2007-12-26 23:47:10'), 'mag': 5.6}]",3,20
1789,2007-12-21 13:37:23.587,0,[],0,15
1790,2007-12-28 16:54:23.640,0,[],0,22
1791,2008-01-05 20:08:53.694,1,"[{'lat': 51.51, 'long': -131.158, 'Time': Timestamp('2008-01-06 00:20:32'), 'mag': 5.4}, {'lat': 51.51, 'long': -131.158, 'Time': Timestamp('2008-01-06 00:20:32'), 'mag': 5.4}, {'lat': 51.51, 'long': -131.158, 'Time': Timestamp('2008-01-06 00:20:32'), 'mag': 5.4}]",3,30
1792,2008-01-04 23:22:23.746,1,"[{'lat': -18.182, 'long': -178.014, 'Time': Timestamp('2008-01-06 18:30:06'), 'mag': 5.2}, {'lat': -18.182, 'long': -178.014, 'Time': Timestamp('2008-01-06 18:30:06'), 'mag': 5.2}, {'lat': -18.182, 'long': -178.014, 'Time': Timestamp('2008-01-06 18:30:06'), 'mag': 5.2}]",3,29
1793,2007-12-31 07:32:53.076,1,"[{'lat': 41.113, 'long': 71.944, 'Time': Timestamp('2007-12-31 18:23:36'), 'mag': 5.0}, {'lat': 40.288, 'long': 72.985, 'Time': Timestamp('2008-01-01 06:32:27'), 'mag': 5.6}, {'lat': 41.113, 'long': 71.944, 'Time': Timestamp('2007-12-31 18:23:36'), 'mag': 5.0}, {'lat': 40.288, 'long': 72.985, 'Time': Timestamp('2008-01-01 06:32:27'), 'mag': 5.6}]",4,24
1794,2007-12-28 10:48:27.784,0,[],0,21
1795,2007-12-30 14:08:24.948,0,[],0,23
1796,2007-12-25 17:24:54.041,0,[],0,18
1797,2007-12-28 20:38:54.389,0,[],0,21
1798,2008-01-06 23:52:53.147,1,"[{'lat': -21.824, 'long': 179.88, 'Time': Timestamp('2008-01-08 10:24:51'), 'mag': 5.1}, {'lat': -21.824, 'long': 179.88, 'Time': Timestamp('2008-01-08 10:24:51'), 'mag': 5.1}]",2,30
1799,2007-12-17 09:40:50.406,0,[],0,9
1800,2007-12-30 12:59:53.362,0,[],0,22
1801,2007-12-22 16:17:19.409,0,[],0,14
1802,2008-01-04 19:32:23.469,1,"[{'lat': 51.324, 'long': -130.39, 'Time': Timestamp('2008-01-05 10:39:14'), 'mag': 5.7}, {'lat': 51.254, 'long': -130.746, 'Time': Timestamp('2008-01-05 11:01:06'), 'mag': 6.6}, {'lat': 51.163, 'long': -130.542, 'Time': Timestamp('2008-01-05 11:44:48'), 'mag': 6.4}, {'lat': 51.502, 'long': -131.095, 'Time': Timestamp('2008-01-05 12:00:17'), 'mag': 5.0}, {'lat': 51.51, 'long': -131.158, 'Time': Timestamp('2008-01-06 00:20:32'), 'mag': 5.4}, {'lat': 51.324, 'long': -130.39, 'Time': Timestamp('2008-01-05 10:39:14'), 'mag': 5.7}, {'lat': 51.254, 'long': -130.746, 'Time': Timestamp('2008-01-05 11:01:06'), 'mag': 6.6}, {'lat': 51.163, 'long': -130.542, 'Time': Timestamp('2008-01-05 11:44:48'), 'mag': 6.4}, {'lat': 51.502, 'long': -131.095, 'Time': Timestamp('2008-01-05 12:00:17'), 'mag': 5.0}, {'lat': 51.51, 'long': -131.158, 'Time': Timestamp('2008-01-06 00:20:32'), 'mag': 5.4}, {'lat': -62.139, 'long': -155.695, 'Time': Timestamp('2008-01-05 19:55:31'), 'mag': 5.7}, {'lat': -62.139, 'long': -155.695, 'Time': Timestamp('2008-01-05 19:55:31'), 'mag': 5.7}]",12,27
1803,2007-12-23 00:23:23.739,1,"[{'lat': 53.893, 'long': 161.401, 'Time': Timestamp('2007-12-24 07:42:05'), 'mag': 5.0}, {'lat': 53.893, 'long': 161.401, 'Time': Timestamp('2007-12-24 07:42:05'), 'mag': 5.0}, {'lat': 53.893, 'long': 161.401, 'Time': Timestamp('2007-12-24 07:42:05'), 'mag': 5.0}]",3,14
1804,2007-12-19 05:17:53.149,1,"[{'lat': -3.504, 'long': 100.623, 'Time': Timestamp('2007-12-20 07:42:53'), 'mag': 5.1}, {'lat': -3.504, 'long': 100.623, 'Time': Timestamp('2007-12-20 07:42:53'), 'mag': 5.1}, {'lat': -3.504, 'long': 100.623, 'Time': Timestamp('2007-12-20 07:42:53'), 'mag': 5.1}]",3,10
1805,2008-01-03 08:34:22.655,0,[],0,25
1806,2007-12-16 11:49:22.609,0,[],0,7
1807,2007-12-23 15:09:52.814,0,[],0,14
1808,2007-12-21 21:39:22.424,1,"[{'lat': -17.216, 'long': -174.076, 'Time': Timestamp('2007-12-22 04:50:43'), 'mag': 5.1}, {'lat': -17.216, 'long': -174.076, 'Time': Timestamp('2007-12-22 04:50:43'), 'mag': 5.1}]",2,12
1809,2007-12-20 00:53:21.271,1,"[{'lat': 50.973, 'long': -178.949, 'Time': Timestamp('2007-12-20 02:18:20'), 'mag': 5.0}, {'lat': 51.244, 'long': -179.009, 'Time': Timestamp('2007-12-21 07:23:35'), 'mag': 5.7}, {'lat': 51.366, 'long': -178.979, 'Time': Timestamp('2007-12-21 07:24:34'), 'mag': 6.3}, {'lat': 50.973, 'long': -178.949, 'Time': Timestamp('2007-12-20 02:18:20'), 'mag': 5.0}, {'lat': 51.244, 'long': -179.009, 'Time': Timestamp('2007-12-21 07:23:35'), 'mag': 5.7}, {'lat': 51.366, 'long': -178.979, 'Time': Timestamp('2007-12-21 07:24:34'), 'mag': 6.3}]",6,10
1810,2007-12-16 05:48:26.441,1,"[{'lat': -3.267, 'long': 100.63, 'Time': Timestamp('2007-12-16 09:14:00'), 'mag': 5.1}, {'lat': -3.267, 'long': 100.63, 'Time': Timestamp('2007-12-16 09:14:00'), 'mag': 5.1}, {'lat': -3.267, 'long': 100.63, 'Time': Timestamp('2007-12-16 09:14:00'), 'mag': 5.1}, {'lat': -9.107, 'long': 67.291, 'Time': Timestamp('2007-12-17 02:53:29'), 'mag': 5.0}, {'lat': -9.107, 'long': 67.291, 'Time': Timestamp('2007-12-17 02:53:29'), 'mag': 5.0}, {'lat': -23.095, 'long': 69.223, 'Time': Timestamp('2007-12-16 06:35:51'), 'mag': 5.2}, {'lat': -9.107, 'long': 67.291, 'Time': Timestamp('2007-12-17 02:53:29'), 'mag': 5.0}, {'lat': -23.095, 'long': 69.223, 'Time': Timestamp('2007-12-16 06:35:51'), 'mag': 5.2}, {'lat': -23.095, 'long': 69.223, 'Time': Timestamp('2007-12-16 06:35:51'), 'mag': 5.2}]",9,6
1811,2007-12-18 09:03:21.398,0,[],0,8
1812,2007-12-31 12:22:53.138,0,[],0,21
1813,2007-12-16 15:40:48.292,1,"[{'lat': -32.877, 'long': -71.074, 'Time': Timestamp('2007-12-17 09:26:34'), 'mag': 5.0}, {'lat': -32.877, 'long': -71.074, 'Time': Timestamp('2007-12-17 09:26:34'), 'mag': 5.0}, {'lat': -32.877, 'long': -71.074, 'Time': Timestamp('2007-12-17 09:26:34'), 'mag': 5.0}]",3,6
1814,2007-12-24 18:55:49.127,0,[],0,14
1815,2007-12-27 22:09:51.490,1,"[{'lat': -19.387, 'long': -173.991, 'Time': Timestamp('2007-12-28 21:59:42'), 'mag': 5.6}, {'lat': -19.881, 'long': -173.74, 'Time': Timestamp('2007-12-29 20:55:20'), 'mag': 5.1}, {'lat': -38.78, 'long': 176.3, 'Time': Timestamp('2007-12-28 18:03:37'), 'mag': 5.0}, {'lat': -38.78, 'long': 176.3, 'Time': Timestamp('2007-12-28 18:03:37'), 'mag': 5.0}]",4,17
1816,2008-01-02 01:23:47.681,1,"[{'lat': -5.16, 'long': 152.066, 'Time': Timestamp('2008-01-03 10:58:17'), 'mag': 5.0}, {'lat': -5.16, 'long': 152.066, 'Time': Timestamp('2008-01-03 10:58:17'), 'mag': 5.0}, {'lat': -6.994, 'long': 125.228, 'Time': Timestamp('2008-01-02 20:04:12'), 'mag': 5.0}, {'lat': -5.921, 'long': 122.662, 'Time': Timestamp('2008-01-03 11:15:48'), 'mag': 5.4}, {'lat': -6.994, 'long': 125.228, 'Time': Timestamp('2008-01-02 20:04:12'), 'mag': 5.0}, {'lat': -5.921, 'long': 122.662, 'Time': Timestamp('2008-01-03 11:15:48'), 'mag': 5.4}]",6,22
1817,2008-01-04 06:18:49.301,1,"[{'lat': 5.477, 'long': 94.685, 'Time': Timestamp('2008-01-05 20:01:55'), 'mag': 5.3}, {'lat': 5.477, 'long': 94.685, 'Time': Timestamp('2008-01-05 20:01:55'), 'mag': 5.3}, {'lat': 5.477, 'long': 94.685, 'Time': Timestamp('2008-01-05 20:01:55'), 'mag': 5.3}]",3,24
1818,2008-01-07 09:34:19.143,0,[],0,27
1819,2008-01-03 17:49:23.619,1,"[{'lat': 14.129, 'long': -91.479, 'Time': Timestamp('2008-01-05 01:56:45'), 'mag': 5.6}, {'lat': 14.129, 'long': -91.479, 'Time': Timestamp('2008-01-05 01:56:45'), 'mag': 5.6}, {'lat': 14.129, 'long': -91.479, 'Time': Timestamp('2008-01-05 01:56:45'), 'mag': 5.6}]",3,23
1820,2008-01-03 21:03:22.311,1,"[{'lat': 51.324, 'long': -130.39, 'Time': Timestamp('2008-01-05 10:39:14'), 'mag': 5.7}, {'lat': 51.254, 'long': -130.746, 'Time': Timestamp('2008-01-05 11:01:06'), 'mag': 6.6}, {'lat': 51.163, 'long': -130.542, 'Time': Timestamp('2008-01-05 11:44:48'), 'mag': 6.4}, {'lat': 51.324, 'long': -130.39, 'Time': Timestamp('2008-01-05 10:39:14'), 'mag': 5.7}, {'lat': 51.254, 'long': -130.746, 'Time': Timestamp('2008-01-05 11:01:06'), 'mag': 6.6}, {'lat': 51.163, 'long': -130.542, 'Time': Timestamp('2008-01-05 11:44:48'), 'mag': 6.4}, {'lat': 51.502, 'long': -131.095, 'Time': Timestamp('2008-01-05 12:00:17'), 'mag': 5.0}, {'lat': -62.139, 'long': -155.695, 'Time': Timestamp('2008-01-05 19:55:31'), 'mag': 5.7}, {'lat': -62.139, 'long': -155.695, 'Time': Timestamp('2008-01-05 19:55:31'), 'mag': 5.7}, {'lat': 51.324, 'long': -130.39, 'Time': Timestamp('2008-01-05 10:39:14'), 'mag': 5.7}, {'lat': 51.254, 'long': -130.746, 'Time': Timestamp('2008-01-05 11:01:06'), 'mag': 6.6}, {'lat': 51.163, 'long': -130.542, 'Time': Timestamp('2008-01-05 11:44:48'), 'mag': 6.4}, {'lat': 51.502, 'long': -131.095, 'Time': Timestamp('2008-01-05 12:00:17'), 'mag': 5.0}]",13,23
1821,2008-01-10 00:16:53.725,0,[],0,29
1822,2007-12-18 13:24:54.040,0,[],0,6
1823,2007-12-29 23:10:23.200,1,"[{'lat': -19.454, 'long': -173.847, 'Time': Timestamp('2007-12-30 06:24:01'), 'mag': 5.7}, {'lat': -19.454, 'long': -173.847, 'Time': Timestamp('2007-12-30 06:24:01'), 'mag': 5.7}, {'lat': -19.454, 'long': -173.847, 'Time': Timestamp('2007-12-30 06:24:01'), 'mag': 5.7}]",3,17
1824,2007-12-28 08:57:19.019,0,[],0,15
1825,2007-12-19 12:16:23.414,0,[],0,6
1826,2007-12-30 15:34:22.554,1,"[{'lat': -14.79, 'long': -75.429, 'Time': Timestamp('2007-12-31 10:39:44'), 'mag': 5.2}, {'lat': -14.795, 'long': -75.49, 'Time': Timestamp('2007-12-31 10:59:03'), 'mag': 5.0}, {'lat': -14.79, 'long': -75.429, 'Time': Timestamp('2007-12-31 10:39:44'), 'mag': 5.2}, {'lat': -14.795, 'long': -75.49, 'Time': Timestamp('2007-12-31 10:59:03'), 'mag': 5.0}, {'lat': -14.79, 'long': -75.429, 'Time': Timestamp('2007-12-31 10:39:44'), 'mag': 5.2}, {'lat': -14.795, 'long': -75.49, 'Time': Timestamp('2007-12-31 10:59:03'), 'mag': 5.0}]",6,17
1827,2008-01-09 18:49:49.404,1,"[{'lat': -9.207, 'long': -108.703, 'Time': Timestamp('2008-01-10 23:52:30'), 'mag': 5.1}, {'lat': -9.207, 'long': -108.703, 'Time': Timestamp('2008-01-10 23:52:30'), 'mag': 5.1}, {'lat': -9.207, 'long': -108.703, 'Time': Timestamp('2008-01-10 23:52:30'), 'mag': 5.1}, {'lat': -35.826, 'long': -102.176, 'Time': Timestamp('2008-01-09 20:40:17'), 'mag': 5.3}, {'lat': -35.826, 'long': -102.176, 'Time': Timestamp('2008-01-09 20:40:17'), 'mag': 5.3}, {'lat': -35.826, 'long': -102.176, 'Time': Timestamp('2008-01-09 20:40:17'), 'mag': 5.3}, {'lat': 43.785, 'long': -127.264, 'Time': Timestamp('2008-01-10 01:37:19'), 'mag': 6.3}]",7,27
1828,2007-12-18 22:03:50.439,1,"[{'lat': -39.011, 'long': 178.291, 'Time': Timestamp('2007-12-20 07:55:15'), 'mag': 6.6}, {'lat': -39.011, 'long': 178.291, 'Time': Timestamp('2007-12-20 07:55:15'), 'mag': 6.6}]",2,5
1829,2008-01-12 01:17:51.161,1,"[{'lat': 4.225, 'long': 126.936, 'Time': Timestamp('2008-01-12 10:13:21'), 'mag': 5.3}, {'lat': 4.225, 'long': 126.936, 'Time': Timestamp('2008-01-12 10:13:21'), 'mag': 5.3}]",2,29
1830,2007-12-26 06:12:56.007,1,"[{'lat': 5.418, 'long': 95.661, 'Time': Timestamp('2007-12-28 05:24:14'), 'mag': 5.4}, {'lat': 5.418, 'long': 95.661, 'Time': Timestamp('2007-12-28 05:24:14'), 'mag': 5.4}, {'lat': 5.418, 'long': 95.661, 'Time': Timestamp('2007-12-28 05:24:14'), 'mag': 5.4}]",3,12
1831,2007-12-24 09:28:19.420,0,[],0,10
1832,2008-01-07 12:47:23.816,0,[],0,24
1833,2008-01-03 16:05:22.520,1,"[{'lat': -21.642, 'long': -68.631, 'Time': Timestamp('2008-01-04 01:26:31'), 'mag': 5.3}, {'lat': -22.82, 'long': -68.484, 'Time': Timestamp('2008-01-05 07:29:33'), 'mag': 5.7}, {'lat': -21.642, 'long': -68.631, 'Time': Timestamp('2008-01-04 01:26:31'), 'mag': 5.3}, {'lat': -22.82, 'long': -68.484, 'Time': Timestamp('2008-01-05 07:29:33'), 'mag': 5.7}, {'lat': -21.642, 'long': -68.631, 'Time': Timestamp('2008-01-04 01:26:31'), 'mag': 5.3}, {'lat': -22.82, 'long': -68.484, 'Time': Timestamp('2008-01-05 07:29:33'), 'mag': 5.7}, {'lat': 14.129, 'long': -91.479, 'Time': Timestamp('2008-01-05 01:56:45'), 'mag': 5.6}, {'lat': 14.129, 'long': -91.479, 'Time': Timestamp('2008-01-05 01:56:45'), 'mag': 5.6}]",8,20
1834,2007-12-28 00:10:54.003,1,"[{'lat': 52.21, 'long': -168.149, 'Time': Timestamp('2007-12-29 22:58:02'), 'mag': 5.9}, {'lat': 52.373, 'long': -168.444, 'Time': Timestamp('2007-12-29 23:06:11'), 'mag': 5.1}, {'lat': 52.21, 'long': -168.149, 'Time': Timestamp('2007-12-29 22:58:02'), 'mag': 5.9}, {'lat': 52.373, 'long': -168.444, 'Time': Timestamp('2007-12-29 23:06:11'), 'mag': 5.1}, {'lat': -13.618, 'long': 166.566, 'Time': Timestamp('2007-12-28 04:11:19'), 'mag': 5.6}, {'lat': -13.618, 'long': 166.566, 'Time': Timestamp('2007-12-28 04:11:19'), 'mag': 5.6}, {'lat': -38.78, 'long': 176.3, 'Time': Timestamp('2007-12-28 18:03:37'), 'mag': 5.0}, {'lat': -38.78, 'long': 176.3, 'Time': Timestamp('2007-12-28 18:03:37'), 'mag': 5.0}, {'lat': -38.78, 'long': 176.3, 'Time': Timestamp('2007-12-28 18:03:37'), 'mag': 5.0}]",9,13
1835,2008-01-11 08:20:20.558,0,[],0,27
1836,2008-01-14 11:38:53.190,0,[],0,30
1837,2007-12-29 14:57:53.546,1,"[{'lat': -14.79, 'long': -75.429, 'Time': Timestamp('2007-12-31 10:39:44'), 'mag': 5.2}, {'lat': -14.795, 'long': -75.49, 'Time': Timestamp('2007-12-31 10:59:03'), 'mag': 5.0}, {'lat': -14.79, 'long': -75.429, 'Time': Timestamp('2007-12-31 10:39:44'), 'mag': 5.2}, {'lat': -14.795, 'long': -75.49, 'Time': Timestamp('2007-12-31 10:59:03'), 'mag': 5.0}, {'lat': -14.79, 'long': -75.429, 'Time': Timestamp('2007-12-31 10:39:44'), 'mag': 5.2}, {'lat': -14.795, 'long': -75.49, 'Time': Timestamp('2007-12-31 10:59:03'), 'mag': 5.0}]",6,14
1838,2007-12-27 18:13:23.298,1,"[{'lat': -41.081, 'long': -91.089, 'Time': Timestamp('2007-12-28 09:49:41'), 'mag': 5.0}]",1,12
1839,2007-12-31 21:27:25.974,0,[],0,16
1840,2008-01-14 00:41:18.169,0,[],0,29
1841,2007-12-23 08:52:53.404,1,"[{'lat': -2.777, 'long': 36.201, 'Time': Timestamp('2007-12-23 13:45:27'), 'mag': 5.3}, {'lat': -2.777, 'long': 36.201, 'Time': Timestamp('2007-12-23 13:45:27'), 'mag': 5.3}, {'lat': -53.955, 'long': -2.325, 'Time': Timestamp('2007-12-24 09:20:48'), 'mag': 5.0}]",3,7
1842,2008-01-07 12:10:23.591,0,[],0,22
1843,2007-12-31 15:28:22.731,1,"[{'lat': -23.096, 'long': -70.439, 'Time': Timestamp('2008-01-02 08:42:29'), 'mag': 5.0}, {'lat': -23.096, 'long': -70.439, 'Time': Timestamp('2008-01-02 08:42:29'), 'mag': 5.0}, {'lat': -23.096, 'long': -70.439, 'Time': Timestamp('2008-01-02 08:42:29'), 'mag': 5.0}, {'lat': -36.849, 'long': -94.245, 'Time': Timestamp('2008-01-02 15:18:56'), 'mag': 5.2}, {'lat': -36.849, 'long': -94.245, 'Time': Timestamp('2008-01-02 15:18:56'), 'mag': 5.2}]",5,15
1844,2008-01-14 21:57:43.864,1,"[{'lat': -21.984, 'long': -179.535, 'Time': Timestamp('2008-01-15 17:52:15'), 'mag': 6.5}, {'lat': -21.998, 'long': -179.475, 'Time': Timestamp('2008-01-15 18:00:56'), 'mag': 5.2}, {'lat': -21.85, 'long': -179.543, 'Time': Timestamp('2008-01-16 20:11:51'), 'mag': 5.0}, {'lat': -23.674, 'long': -179.88, 'Time': Timestamp('2008-01-15 15:28:16'), 'mag': 5.0}, {'lat': -21.984, 'long': -179.535, 'Time': Timestamp('2008-01-15 17:52:15'), 'mag': 6.5}, {'lat': -21.998, 'long': -179.475, 'Time': Timestamp('2008-01-15 18:00:56'), 'mag': 5.2}, {'lat': -21.85, 'long': -179.543, 'Time': Timestamp('2008-01-16 20:11:51'), 'mag': 5.0}, {'lat': -23.674, 'long': -179.88, 'Time': Timestamp('2008-01-15 15:28:16'), 'mag': 5.0}, {'lat': -21.984, 'long': -179.535, 'Time': Timestamp('2008-01-15 17:52:15'), 'mag': 6.5}, {'lat': -21.998, 'long': -179.475, 'Time': Timestamp('2008-01-15 18:00:56'), 'mag': 5.2}, {'lat': -21.85, 'long': -179.543, 'Time': Timestamp('2008-01-16 20:11:51'), 'mag': 5.0}]",11,29
1845,2008-01-01 01:11:52.666,1,"[{'lat': -5.878, 'long': 146.884, 'Time': Timestamp('2008-01-01 18:54:59'), 'mag': 6.3}, {'lat': -5.902, 'long': 146.967, 'Time': Timestamp('2008-01-01 19:13:05'), 'mag': 5.8}, {'lat': -5.878, 'long': 146.884, 'Time': Timestamp('2008-01-01 18:54:59'), 'mag': 6.3}, {'lat': -5.902, 'long': 146.967, 'Time': Timestamp('2008-01-01 19:13:05'), 'mag': 5.8}, {'lat': -6.994, 'long': 125.228, 'Time': Timestamp('2008-01-02 20:04:12'), 'mag': 5.0}, {'lat': -6.994, 'long': 125.228, 'Time': Timestamp('2008-01-02 20:04:12'), 'mag': 5.0}]",6,15
1846,2008-01-01 06:06:54.856,1,"[{'lat': 40.288, 'long': 72.985, 'Time': Timestamp('2008-01-01 06:32:27'), 'mag': 5.6}, {'lat': 40.288, 'long': 72.985, 'Time': Timestamp('2008-01-01 06:32:27'), 'mag': 5.6}]",2,15
1847,2008-01-08 09:21:50.925,0,[],0,22
1848,2008-01-03 12:41:23.993,0,[],0,17
1849,2007-12-24 15:59:21.256,1,"[{'lat': -19.445, 'long': -69.048, 'Time': Timestamp('2007-12-25 16:20:52'), 'mag': 5.8}, {'lat': -19.445, 'long': -69.048, 'Time': Timestamp('2007-12-25 16:20:52'), 'mag': 5.8}, {'lat': -19.445, 'long': -69.048, 'Time': Timestamp('2007-12-25 16:20:52'), 'mag': 5.8}]",3,7
1850,2007-12-23 19:14:19.093,0,[],0,6
1851,2008-01-07 22:27:53.152,1,"[{'lat': 51.649, 'long': -131.183, 'Time': Timestamp('2008-01-09 14:40:00'), 'mag': 6.1}, {'lat': 51.649, 'long': -131.183, 'Time': Timestamp('2008-01-09 14:40:00'), 'mag': 6.1}, {'lat': -16.486, 'long': 177.913, 'Time': Timestamp('2008-01-09 14:00:18'), 'mag': 5.0}, {'lat': -21.824, 'long': 179.88, 'Time': Timestamp('2008-01-08 10:24:51'), 'mag': 5.1}, {'lat': -16.486, 'long': 177.913, 'Time': Timestamp('2008-01-09 14:00:18'), 'mag': 5.0}, {'lat': -21.824, 'long': 179.88, 'Time': Timestamp('2008-01-08 10:24:51'), 'mag': 5.1}, {'lat': -16.486, 'long': 177.913, 'Time': Timestamp('2008-01-09 14:00:18'), 'mag': 5.0}]",7,21
1852,2007-12-26 01:42:20.192,1,"[{'lat': 51.655, 'long': 178.611, 'Time': Timestamp('2007-12-27 15:53:44'), 'mag': 5.2}, {'lat': 51.655, 'long': 178.611, 'Time': Timestamp('2007-12-27 15:53:44'), 'mag': 5.2}, {'lat': -8.722, 'long': 157.567, 'Time': Timestamp('2007-12-26 04:14:19'), 'mag': 5.0}, {'lat': -7.601, 'long': 154.654, 'Time': Timestamp('2007-12-26 06:38:10'), 'mag': 5.1}, {'lat': -6.907, 'long': 155.835, 'Time': Timestamp('2007-12-26 08:20:42'), 'mag': 5.0}, {'lat': -8.722, 'long': 157.567, 'Time': Timestamp('2007-12-26 04:14:19'), 'mag': 5.0}, {'lat': -7.601, 'long': 154.654, 'Time': Timestamp('2007-12-26 06:38:10'), 'mag': 5.1}, {'lat': -6.907, 'long': 155.835, 'Time': Timestamp('2007-12-26 08:20:42'), 'mag': 5.0}, {'lat': -8.722, 'long': 157.567, 'Time': Timestamp('2007-12-26 04:14:19'), 'mag': 5.0}, {'lat': -7.601, 'long': 154.654, 'Time': Timestamp('2007-12-26 06:38:10'), 'mag': 5.1}, {'lat': -6.907, 'long': 155.835, 'Time': Timestamp('2007-12-26 08:20:42'), 'mag': 5.0}, {'lat': 9.595, 'long': 126.142, 'Time': Timestamp('2007-12-27 17:52:16'), 'mag': 5.2}, {'lat': 9.595, 'long': 126.142, 'Time': Timestamp('2007-12-27 17:52:16'), 'mag': 5.2}, {'lat': -5.377, 'long': 131.15, 'Time': Timestamp('2007-12-26 17:12:51'), 'mag': 5.1}, {'lat': 9.595, 'long': 126.142, 'Time': Timestamp('2007-12-27 17:52:16'), 'mag': 5.2}, {'lat': -5.377, 'long': 131.15, 'Time': Timestamp('2007-12-26 17:12:51'), 'mag': 5.1}, {'lat': -5.377, 'long': 131.15, 'Time': Timestamp('2007-12-26 17:12:51'), 'mag': 5.1}]",17,8
1853,2007-12-30 04:59:22.780,1,"[{'lat': 36.408, 'long': 84.534, 'Time': Timestamp('2007-12-30 09:55:34'), 'mag': 5.0}, {'lat': 36.408, 'long': 84.534, 'Time': Timestamp('2007-12-30 09:55:34'), 'mag': 5.0}, {'lat': 36.408, 'long': 84.534, 'Time': Timestamp('2007-12-30 09:55:34'), 'mag': 5.0}]",3,12
1854,2008-01-12 08:15:48.190,1,"[{'lat': -35.4, 'long': 53.878, 'Time': Timestamp('2008-01-14 01:20:02'), 'mag': 5.4}, {'lat': -35.4, 'long': 53.878, 'Time': Timestamp('2008-01-14 01:20:02'), 'mag': 5.4}]",2,25
1855,2007-12-29 11:32:53.367,0,[],0,11
1856,2008-01-17 14:51:22.059,1,"[{'lat': -15.172, 'long': -74.733, 'Time': Timestamp('2008-01-18 23:46:55'), 'mag': 5.0}, {'lat': -15.172, 'long': -74.733, 'Time': Timestamp('2008-01-18 23:46:55'), 'mag': 5.0}, {'lat': -15.172, 'long': -74.733, 'Time': Timestamp('2008-01-18 23:46:55'), 'mag': 5.0}]",3,30
1857,2008-01-07 18:07:23.474,1,"[{'lat': 15.024, 'long': -94.823, 'Time': Timestamp('2008-01-08 00:16:44'), 'mag': 5.0}, {'lat': 15.024, 'long': -94.823, 'Time': Timestamp('2008-01-08 00:16:44'), 'mag': 5.0}, {'lat': 15.024, 'long': -94.823, 'Time': Timestamp('2008-01-08 00:16:44'), 'mag': 5.0}]",3,20
1858,2008-01-08 07:08:23.330,1,"[{'lat': 32.288, 'long': 85.166, 'Time': Timestamp('2008-01-09 08:26:45'), 'mag': 6.4}, {'lat': 32.293, 'long': 85.147, 'Time': Timestamp('2008-01-09 13:54:11'), 'mag': 5.0}, {'lat': 32.288, 'long': 85.166, 'Time': Timestamp('2008-01-09 08:26:45'), 'mag': 6.4}, {'lat': 32.293, 'long': 85.147, 'Time': Timestamp('2008-01-09 13:54:11'), 'mag': 5.0}]",4,20
1859,2008-01-01 10:24:24.935,0,[],0,13
1860,2008-01-11 13:43:23.898,1,"[{'lat': -56.399, 'long': -27.206, 'Time': Timestamp('2008-01-12 08:32:46'), 'mag': 5.3}]",1,23
1861,2008-01-13 23:28:24.059,1,"[{'lat': -23.674, 'long': -179.88, 'Time': Timestamp('2008-01-15 15:28:16'), 'mag': 5.0}, {'lat': -21.984, 'long': -179.535, 'Time': Timestamp('2008-01-15 17:52:15'), 'mag': 6.5}, {'lat': -21.998, 'long': -179.475, 'Time': Timestamp('2008-01-15 18:00:56'), 'mag': 5.2}, {'lat': -23.674, 'long': -179.88, 'Time': Timestamp('2008-01-15 15:28:16'), 'mag': 5.0}, {'lat': -21.984, 'long': -179.535, 'Time': Timestamp('2008-01-15 17:52:15'), 'mag': 6.5}, {'lat': -21.998, 'long': -179.475, 'Time': Timestamp('2008-01-15 18:00:56'), 'mag': 5.2}]",6,25
1862,2008-01-13 07:38:52.388,1,"[{'lat': -35.4, 'long': 53.878, 'Time': Timestamp('2008-01-14 01:20:02'), 'mag': 5.4}, {'lat': -35.4, 'long': 53.878, 'Time': Timestamp('2008-01-14 01:20:02'), 'mag': 5.4}, {'lat': -35.4, 'long': 53.878, 'Time': Timestamp('2008-01-14 01:20:02'), 'mag': 5.4}]",3,24
1863,2008-01-15 10:55:20.344,0,[],0,26
1864,2007-12-25 14:14:23.300,1,"[{'lat': -19.445, 'long': -69.048, 'Time': Timestamp('2007-12-25 16:20:52'), 'mag': 5.8}, {'lat': -22.45, 'long': -68.627, 'Time': Timestamp('2007-12-26 23:40:53'), 'mag': 5.5}, {'lat': -19.445, 'long': -69.048, 'Time': Timestamp('2007-12-25 16:20:52'), 'mag': 5.8}, {'lat': -22.45, 'long': -68.627, 'Time': Timestamp('2007-12-26 23:40:53'), 'mag': 5.5}, {'lat': -19.445, 'long': -69.048, 'Time': Timestamp('2007-12-25 16:20:52'), 'mag': 5.8}, {'lat': -22.45, 'long': -68.627, 'Time': Timestamp('2007-12-26 23:40:53'), 'mag': 5.5}]",6,5
1865,2007-12-30 17:30:53.354,1,"[{'lat': 13.698, 'long': -90.798, 'Time': Timestamp('2007-12-31 22:00:29'), 'mag': 5.0}, {'lat': -14.79, 'long': -75.429, 'Time': Timestamp('2007-12-31 10:39:44'), 'mag': 5.2}, {'lat': -14.795, 'long': -75.49, 'Time': Timestamp('2007-12-31 10:59:03'), 'mag': 5.0}, {'lat': -14.79, 'long': -75.429, 'Time': Timestamp('2007-12-31 10:39:44'), 'mag': 5.2}, {'lat': -14.795, 'long': -75.49, 'Time': Timestamp('2007-12-31 10:59:03'), 'mag': 5.0}, {'lat': -14.79, 'long': -75.429, 'Time': Timestamp('2007-12-31 10:39:44'), 'mag': 5.2}, {'lat': -14.795, 'long': -75.49, 'Time': Timestamp('2007-12-31 10:59:03'), 'mag': 5.0}, {'lat': -35.755, 'long': -103.692, 'Time': Timestamp('2008-01-01 10:08:51'), 'mag': 5.0}, {'lat': 13.698, 'long': -90.798, 'Time': Timestamp('2007-12-31 22:00:29'), 'mag': 5.0}, {'lat': -35.755, 'long': -103.692, 'Time': Timestamp('2008-01-01 10:08:51'), 'mag': 5.0}, {'lat': -35.755, 'long': -103.692, 'Time': Timestamp('2008-01-01 10:08:51'), 'mag': 5.0}]",11,10
1866,2008-01-16 20:44:50.605,1,"[{'lat': 68.143, 'long': -136.604, 'Time': Timestamp('2008-01-17 19:46:41'), 'mag': 5.0}]",1,27
1867,2007-12-26 23:58:53.460,1,"[{'lat': 52.267, 'long': -168.383, 'Time': Timestamp('2007-12-27 14:44:23'), 'mag': 5.6}, {'lat': 52.288, 'long': -168.424, 'Time': Timestamp('2007-12-27 14:45:45'), 'mag': 5.2}, {'lat': 52.24, 'long': -168.336, 'Time': Timestamp('2007-12-27 15:13:04'), 'mag': 5.4}, {'lat': 52.26, 'long': -168.293, 'Time': Timestamp('2007-12-27 15:26:59'), 'mag': 5.2}, {'lat': 52.267, 'long': -168.383, 'Time': Timestamp('2007-12-27 14:44:23'), 'mag': 5.6}, {'lat': 52.288, 'long': -168.424, 'Time': Timestamp('2007-12-27 14:45:45'), 'mag': 5.2}, {'lat': 52.24, 'long': -168.336, 'Time': Timestamp('2007-12-27 15:13:04'), 'mag': 5.4}, {'lat': 52.26, 'long': -168.293, 'Time': Timestamp('2007-12-27 15:26:59'), 'mag': 5.2}, {'lat': -13.618, 'long': 166.566, 'Time': Timestamp('2007-12-28 04:11:19'), 'mag': 5.6}, {'lat': -38.95, 'long': 175.67, 'Time': Timestamp('2007-12-27 08:07:03'), 'mag': 5.2}, {'lat': -38.78, 'long': 176.3, 'Time': Timestamp('2007-12-28 18:03:37'), 'mag': 5.0}, {'lat': -38.95, 'long': 175.67, 'Time': Timestamp('2007-12-27 08:07:03'), 'mag': 5.2}, {'lat': -38.78, 'long': 176.3, 'Time': Timestamp('2007-12-28 18:03:37'), 'mag': 5.0}, {'lat': -38.95, 'long': 175.67, 'Time': Timestamp('2007-12-27 08:07:03'), 'mag': 5.2}, {'lat': -38.78, 'long': 176.3, 'Time': Timestamp('2007-12-28 18:03:37'), 'mag': 5.0}, {'lat': 51.655, 'long': 178.611, 'Time': Timestamp('2007-12-27 15:53:44'), 'mag': 5.2}, {'lat': 51.655, 'long': 178.611, 'Time': Timestamp('2007-12-27 15:53:44'), 'mag': 5.2}, {'lat': 51.655, 'long': 178.611, 'Time': Timestamp('2007-12-27 15:53:44'), 'mag': 5.2}]",18,6
1868,2007-12-31 08:09:51.127,1,"[{'lat': 41.113, 'long': 71.944, 'Time': Timestamp('2007-12-31 18:23:36'), 'mag': 5.0}, {'lat': 41.113, 'long': 71.944, 'Time': Timestamp('2007-12-31 18:23:36'), 'mag': 5.0}, {'lat': 40.288, 'long': 72.985, 'Time': Timestamp('2008-01-01 06:32:27'), 'mag': 5.6}, {'lat': 41.113, 'long': 71.944, 'Time': Timestamp('2007-12-31 18:23:36'), 'mag': 5.0}, {'lat': 40.288, 'long': 72.985, 'Time': Timestamp('2008-01-01 06:32:27'), 'mag': 5.6}]",5,10
1869,2007-12-27 11:26:23.647,0,[],0,6
1870,2007-12-27 14:45:19.572,1,"[{'lat': 19.225, 'long': -64.678, 'Time': Timestamp('2007-12-28 03:34:13'), 'mag': 5.2}, {'lat': 19.225, 'long': -64.678, 'Time': Timestamp('2007-12-28 03:34:13'), 'mag': 5.2}]",2,6
1871,2008-01-06 18:01:23.754,1,"[{'lat': 15.024, 'long': -94.823, 'Time': Timestamp('2008-01-08 00:16:44'), 'mag': 5.0}, {'lat': 15.024, 'long': -94.823, 'Time': Timestamp('2008-01-08 00:16:44'), 'mag': 5.0}, {'lat': 15.024, 'long': -94.823, 'Time': Timestamp('2008-01-08 00:16:44'), 'mag': 5.0}]",3,16
1872,2007-12-30 07:01:54.939,1,"[{'lat': 36.408, 'long': 84.534, 'Time': Timestamp('2007-12-30 09:55:34'), 'mag': 5.0}, {'lat': 36.408, 'long': 84.534, 'Time': Timestamp('2007-12-30 09:55:34'), 'mag': 5.0}, {'lat': 41.113, 'long': 71.944, 'Time': Timestamp('2007-12-31 18:23:36'), 'mag': 5.0}, {'lat': 40.288, 'long': 72.985, 'Time': Timestamp('2008-01-01 06:32:27'), 'mag': 5.6}, {'lat': 36.408, 'long': 84.534, 'Time': Timestamp('2007-12-30 09:55:34'), 'mag': 5.0}, {'lat': 41.113, 'long': 71.944, 'Time': Timestamp('2007-12-31 18:23:36'), 'mag': 5.0}, {'lat': 41.113, 'long': 71.944, 'Time': Timestamp('2007-12-31 18:23:36'), 'mag': 5.0}]",7,8
1873,2008-01-03 10:17:55.215,0,[],0,12
1874,2008-01-16 13:37:24.075,0,[],0,25
1875,2008-01-01 16:53:53.129,1,"[{'lat': -23.096, 'long': -70.439, 'Time': Timestamp('2008-01-02 08:42:29'), 'mag': 5.0}, {'lat': -23.096, 'long': -70.439, 'Time': Timestamp('2008-01-02 08:42:29'), 'mag': 5.0}, {'lat': -23.096, 'long': -70.439, 'Time': Timestamp('2008-01-02 08:42:29'), 'mag': 5.0}, {'lat': -36.849, 'long': -94.245, 'Time': Timestamp('2008-01-02 15:18:56'), 'mag': 5.2}, {'lat': -36.849, 'long': -94.245, 'Time': Timestamp('2008-01-02 15:18:56'), 'mag': 5.2}, {'lat': -36.849, 'long': -94.245, 'Time': Timestamp('2008-01-02 15:18:56'), 'mag': 5.2}]",6,10
1876,2008-01-01 20:08:23.182,1,"[{'lat': -23.673, 'long': -114.862, 'Time': Timestamp('2008-01-02 11:44:54'), 'mag': 5.0}]",1,10
1877,2008-01-15 23:22:23.235,1,"[{'lat': -21.85, 'long': -179.543, 'Time': Timestamp('2008-01-16 20:11:51'), 'mag': 5.0}, {'lat': -21.85, 'long': -179.543, 'Time': Timestamp('2008-01-16 20:11:51'), 'mag': 5.0}, {'lat': -21.85, 'long': -179.543, 'Time': Timestamp('2008-01-16 20:11:51'), 'mag': 5.0}]",3,24
1878,2008-01-20 07:32:56.662,1,"[{'lat': -10.534, 'long': 41.556, 'Time': Timestamp('2008-01-21 02:49:11'), 'mag': 5.2}, {'lat': -10.566, 'long': 41.571, 'Time': Timestamp('2008-01-21 15:28:35'), 'mag': 5.1}, {'lat': -10.534, 'long': 41.556, 'Time': Timestamp('2008-01-21 02:49:11'), 'mag': 5.2}, {'lat': -10.566, 'long': 41.571, 'Time': Timestamp('2008-01-21 15:28:35'), 'mag': 5.1}, {'lat': -10.534, 'long': 41.556, 'Time': Timestamp('2008-01-21 02:49:11'), 'mag': 5.2}, {'lat': -10.566, 'long': 41.571, 'Time': Timestamp('2008-01-21 15:28:35'), 'mag': 5.1}]",6,28
1879,2008-01-02 10:48:49.304,0,[],0,10
1880,2008-01-19 14:07:51.669,0,[],0,27
1881,2007-12-30 17:24:53.530,1,"[{'lat': -14.79, 'long': -75.429, 'Time': Timestamp('2007-12-31 10:39:44'), 'mag': 5.2}, {'lat': -14.795, 'long': -75.49, 'Time': Timestamp('2007-12-31 10:59:03'), 'mag': 5.0}, {'lat': -14.79, 'long': -75.429, 'Time': Timestamp('2007-12-31 10:39:44'), 'mag': 5.2}, {'lat': -14.795, 'long': -75.49, 'Time': Timestamp('2007-12-31 10:59:03'), 'mag': 5.0}, {'lat': -14.79, 'long': -75.429, 'Time': Timestamp('2007-12-31 10:39:44'), 'mag': 5.2}, {'lat': -14.795, 'long': -75.49, 'Time': Timestamp('2007-12-31 10:59:03'), 'mag': 5.0}, {'lat': 13.698, 'long': -90.798, 'Time': Timestamp('2007-12-31 22:00:29'), 'mag': 5.0}, {'lat': 13.698, 'long': -90.798, 'Time': Timestamp('2007-12-31 22:00:29'), 'mag': 5.0}, {'lat': -35.755, 'long': -103.692, 'Time': Timestamp('2008-01-01 10:08:51'), 'mag': 5.0}, {'lat': -35.755, 'long': -103.692, 'Time': Timestamp('2008-01-01 10:08:51'), 'mag': 5.0}]",10,7
1882,2007-12-28 22:15:51.802,1,"[{'lat': 52.21, 'long': -168.149, 'Time': Timestamp('2007-12-29 22:58:02'), 'mag': 5.9}, {'lat': 52.373, 'long': -168.444, 'Time': Timestamp('2007-12-29 23:06:11'), 'mag': 5.1}, {'lat': 52.21, 'long': -168.149, 'Time': Timestamp('2007-12-29 22:58:02'), 'mag': 5.9}, {'lat': 52.373, 'long': -168.444, 'Time': Timestamp('2007-12-29 23:06:11'), 'mag': 5.1}, {'lat': 52.21, 'long': -168.149, 'Time': Timestamp('2007-12-29 22:58:02'), 'mag': 5.9}, {'lat': 52.373, 'long': -168.444, 'Time': Timestamp('2007-12-29 23:06:11'), 'mag': 5.1}]",6,5
1883,2008-01-07 01:29:49.321,1,"[{'lat': 12.263, 'long': 125.376, 'Time': Timestamp('2008-01-07 07:46:29'), 'mag': 5.6}, {'lat': -0.795, 'long': 134.012, 'Time': Timestamp('2008-01-07 03:12:26'), 'mag': 5.9}, {'lat': 12.263, 'long': 125.376, 'Time': Timestamp('2008-01-07 07:46:29'), 'mag': 5.6}, {'lat': -3.913, 'long': 131.368, 'Time': Timestamp('2008-01-08 19:23:31'), 'mag': 5.8}, {'lat': -0.795, 'long': 134.012, 'Time': Timestamp('2008-01-07 03:12:26'), 'mag': 5.9}, {'lat': -3.913, 'long': 131.368, 'Time': Timestamp('2008-01-08 19:23:31'), 'mag': 5.8}, {'lat': -3.913, 'long': 131.368, 'Time': Timestamp('2008-01-08 19:23:31'), 'mag': 5.8}]",7,14
1884,2008-01-21 11:20:23.823,0,[],0,28
1885,2008-01-06 14:38:53.733,0,[],0,13
1886,2008-01-20 17:54:53.932,1,"[{'lat': -34.863, 'long': -111.851, 'Time': Timestamp('2008-01-21 12:24:27'), 'mag': 5.8}, {'lat': -34.863, 'long': -111.851, 'Time': Timestamp('2008-01-21 12:24:27'), 'mag': 5.8}, {'lat': -34.863, 'long': -111.851, 'Time': Timestamp('2008-01-21 12:24:27'), 'mag': 5.8}]",3,27
1887,2008-01-03 21:08:48.415,1,"[{'lat': 51.324, 'long': -130.39, 'Time': Timestamp('2008-01-05 10:39:14'), 'mag': 5.7}, {'lat': 51.254, 'long': -130.746, 'Time': Timestamp('2008-01-05 11:01:06'), 'mag': 6.6}, {'lat': 51.163, 'long': -130.542, 'Time': Timestamp('2008-01-05 11:44:48'), 'mag': 6.4}, {'lat': 51.502, 'long': -131.095, 'Time': Timestamp('2008-01-05 12:00:17'), 'mag': 5.0}, {'lat': 51.324, 'long': -130.39, 'Time': Timestamp('2008-01-05 10:39:14'), 'mag': 5.7}, {'lat': 51.254, 'long': -130.746, 'Time': Timestamp('2008-01-05 11:01:06'), 'mag': 6.6}, {'lat': 51.163, 'long': -130.542, 'Time': Timestamp('2008-01-05 11:44:48'), 'mag': 6.4}, {'lat': 51.502, 'long': -131.095, 'Time': Timestamp('2008-01-05 12:00:17'), 'mag': 5.0}, {'lat': -62.139, 'long': -155.695, 'Time': Timestamp('2008-01-05 19:55:31'), 'mag': 5.7}, {'lat': -62.139, 'long': -155.695, 'Time': Timestamp('2008-01-05 19:55:31'), 'mag': 5.7}, {'lat': 51.502, 'long': -131.095, 'Time': Timestamp('2008-01-05 12:00:17'), 'mag': 5.0}]",11,10
1888,2008-01-21 00:22:54.227,0,[],0,27
1889,2007-12-30 08:34:22.145,1,"[{'lat': 41.113, 'long': 71.944, 'Time': Timestamp('2007-12-31 18:23:36'), 'mag': 5.0}, {'lat': 40.288, 'long': 72.985, 'Time': Timestamp('2008-01-01 06:32:27'), 'mag': 5.6}, {'lat': 41.113, 'long': 71.944, 'Time': Timestamp('2007-12-31 18:23:36'), 'mag': 5.0}, {'lat': 40.288, 'long': 72.985, 'Time': Timestamp('2008-01-01 06:32:27'), 'mag': 5.6}]",4,5
1890,2008-01-16 11:51:23.225,0,[],0,22
1891,2008-01-23 15:09:52.253,0,[],0,29
1892,2008-01-08 18:25:23.333,1,"[{'lat': -35.826, 'long': -102.176, 'Time': Timestamp('2008-01-09 20:40:17'), 'mag': 5.3}, {'lat': -35.826, 'long': -102.176, 'Time': Timestamp('2008-01-09 20:40:17'), 'mag': 5.3}, {'lat': -35.826, 'long': -102.176, 'Time': Timestamp('2008-01-09 20:40:17'), 'mag': 5.3}]",3,14
1893,2008-01-12 21:39:26.009,1,"[{'lat': -16.057, 'long': -172.937, 'Time': Timestamp('2008-01-13 11:16:40'), 'mag': 5.2}, {'lat': -16.057, 'long': -172.937, 'Time': Timestamp('2008-01-13 11:16:40'), 'mag': 5.2}, {'lat': -16.057, 'long': -172.937, 'Time': Timestamp('2008-01-13 11:16:40'), 'mag': 5.2}]",3,18
1894,2008-01-06 00:53:20.972,1,"[{'lat': 51.198, 'long': -179.6, 'Time': Timestamp('2008-01-07 08:14:20'), 'mag': 5.6}, {'lat': 51.198, 'long': -179.6, 'Time': Timestamp('2008-01-07 08:14:20'), 'mag': 5.6}, {'lat': -0.795, 'long': 134.012, 'Time': Timestamp('2008-01-07 03:12:26'), 'mag': 5.9}, {'lat': -0.795, 'long': 134.012, 'Time': Timestamp('2008-01-07 03:12:26'), 'mag': 5.9}, {'lat': -0.795, 'long': 134.012, 'Time': Timestamp('2008-01-07 03:12:26'), 'mag': 5.9}]",5,11
1895,2008-01-22 09:03:20.558,0,[],0,27
1896,2008-01-10 06:18:52.104,0,[],0,14
1897,2008-01-05 09:34:22.503,1,"[{'lat': 37.216, 'long': 22.693, 'Time': Timestamp('2008-01-06 05:14:20'), 'mag': 6.2}, {'lat': 37.216, 'long': 22.693, 'Time': Timestamp('2008-01-06 05:14:20'), 'mag': 6.2}, {'lat': 37.216, 'long': 22.693, 'Time': Timestamp('2008-01-06 05:14:20'), 'mag': 6.2}]",3,9
1898,2008-01-29 11:07:20.413,1,"[{'lat': -58.735, 'long': -25.24, 'Time': Timestamp('2008-01-29 14:57:26'), 'mag': 5.6}]",1,30
1899,2008-01-10 14:26:14.809,0,[],0,11
1900,2008-01-13 19:19:49.443,0,[],0,14
1901,2008-01-06 22:33:53.503,1,"[{'lat': -30.399, 'long': -177.607, 'Time': Timestamp('2008-01-07 19:16:06'), 'mag': 5.3}, {'lat': 51.198, 'long': -179.6, 'Time': Timestamp('2008-01-07 08:14:20'), 'mag': 5.6}, {'lat': -21.824, 'long': 179.88, 'Time': Timestamp('2008-01-08 10:24:51'), 'mag': 5.1}, {'lat': -21.824, 'long': 179.88, 'Time': Timestamp('2008-01-08 10:24:51'), 'mag': 5.1}]",4,7
1902,2008-01-24 01:47:51.871,1,"[{'lat': -6.026, 'long': 146.619, 'Time': Timestamp('2008-01-24 22:29:53'), 'mag': 5.9}, {'lat': -6.026, 'long': 146.619, 'Time': Timestamp('2008-01-24 22:29:53'), 'mag': 5.9}, {'lat': -6.026, 'long': 146.619, 'Time': Timestamp('2008-01-24 22:29:53'), 'mag': 5.9}, {'lat': -0.114, 'long': 124.001, 'Time': Timestamp('2008-01-24 20:04:15'), 'mag': 5.0}, {'lat': -0.114, 'long': 124.001, 'Time': Timestamp('2008-01-24 20:04:15'), 'mag': 5.0}]",5,24
1903,2008-01-29 06:43:24.485,1,"[{'lat': -2.014, 'long': 68.025, 'Time': Timestamp('2008-01-30 01:13:13'), 'mag': 5.1}, {'lat': -2.014, 'long': 68.025, 'Time': Timestamp('2008-01-30 01:13:13'), 'mag': 5.1}]",2,29
1904,2008-01-15 09:58:52.116,0,[],0,15
1905,2008-01-27 13:18:23.744,0,[],0,27
1906,2008-01-16 16:35:23.798,1,"[{'lat': -41.25, 'long': -90.25, 'Time': Timestamp('2008-01-18 05:36:56'), 'mag': 5.1}]",1,16
1907,2008-01-27 19:50:23.851,0,[],0,27
