index,time_window,label,matched_eqs,total_eq,random_offset_days
0,2006-10-31 20:38:49.072,0,[],0,30
1,2006-10-24 23:52:52.260,1,"[{'lat': -61.811, 'long': 160.623, 'Time': Timestamp('2006-10-25 05:24:55'), 'mag': 5.0}, {'lat': -19.189, 'long': -175.918, 'Time': Timestamp('2006-10-25 09:17:46'), 'mag': 5.0}, {'lat': -15.926, 'long': -172.787, 'Time': Timestamp('2006-10-26 09:34:39'), 'mag': 5.2}]",3,23
2,2006-10-26 08:03:15.720,0,[],0,24
3,2006-10-18 19:32:17.248,1,"[{'lat': -54.576, 'long': -118.527, 'Time': Timestamp('2006-10-18 20:15:50'), 'mag': 5.3}]",1,16
4,2006-10-31 22:45:52.635,1,"[{'lat': -29.343, 'long': -176.951, 'Time': Timestamp('2006-11-01 08:57:43'), 'mag': 5.2}]",1,29
5,2006-10-23 02:00:23.872,1,"[{'lat': -48.947, 'long': 121.458, 'Time': Timestamp('2006-10-23 03:19:26'), 'mag': 5.1}, {'lat': 4.971, 'long': 125.376, 'Time': Timestamp('2006-10-23 05:15:53'), 'mag': 5.2}, {'lat': 5.081, 'long': 125.52, 'Time': Timestamp('2006-10-23 05:18:35'), 'mag': 5.0}, {'lat': 4.935, 'long': 125.37, 'Time': Timestamp('2006-10-23 07:27:34'), 'mag': 5.1}, {'lat': 29.351, 'long': 140.27, 'Time': Timestamp('2006-10-23 21:17:19'), 'mag': 6.4}, {'lat': 4.898, 'long': 125.295, 'Time': Timestamp('2006-10-24 03:03:45'), 'mag': 6.1}, {'lat': 5.081, 'long': 125.136, 'Time': Timestamp('2006-10-24 03:06:13'), 'mag': 5.4}, {'lat': 4.978, 'long': 125.489, 'Time': Timestamp('2006-10-24 04:45:37'), 'mag': 5.1}, {'lat': -1.205, 'long': 127.327, 'Time': Timestamp('2006-10-24 12:05:28'), 'mag': 5.4}, {'lat': -7.575, 'long': 127.564, 'Time': Timestamp('2006-10-24 20:04:41'), 'mag': 5.0}]",10,20
6,2006-10-29 06:55:57.613,0,[],0,26
7,2006-10-20 10:11:22.466,0,[],0,17
8,2006-10-25 13:30:52.877,1,"[{'lat': -55.527, 'long': -26.582, 'Time': Timestamp('2006-10-26 14:43:33'), 'mag': 5.2}]",1,22
9,2006-10-16 16:47:57.775,1,"[{'lat': -21.042, 'long': -68.276, 'Time': Timestamp('2006-10-17 04:02:37'), 'mag': 5.9}]",1,13
10,2006-10-09 20:02:22.983,1,"[{'lat': -56.101, 'long': -122.373, 'Time': Timestamp('2006-10-10 08:02:51'), 'mag': 6.0}]",1,6
11,2006-10-14 00:53:23.041,1,"[{'lat': -22.221, 'long': 170.162, 'Time': Timestamp('2006-10-15 15:39:19'), 'mag': 5.1}, {'lat': -50.778, 'long': 162.161, 'Time': Timestamp('2006-10-16 00:35:33'), 'mag': 5.8}]",2,10
12,2006-10-22 14:01:52.323,1,"[{'lat': -21.855, 'long': -65.595, 'Time': Timestamp('2006-10-23 21:00:42'), 'mag': 5.8}]",1,18
13,2006-10-10 23:46:22.482,1,"[{'lat': -21.929, 'long': -179.456, 'Time': Timestamp('2006-10-11 21:19:34'), 'mag': 5.0}, {'lat': -23.452, 'long': -176.028, 'Time': Timestamp('2006-10-12 02:26:26'), 'mag': 5.0}, {'lat': -23.377, 'long': -175.983, 'Time': Timestamp('2006-10-12 05:51:09'), 'mag': 5.0}]",3,6
14,2006-10-10 07:57:26.903,0,[],0,5
15,2006-10-26 21:02:46.927,0,[],0,21
16,2006-10-25 06:49:22.411,0,[],0,19
17,2006-10-17 10:05:18.591,1,"[{'lat': 42.3, 'long': 19.8, 'Time': Timestamp('2006-10-19 09:34:51'), 'mag': 5.0}]",1,11
18,2006-10-18 13:24:22.099,0,[],0,12
19,2006-11-05 16:41:51.572,1,"[{'lat': -26.64, 'long': -70.492, 'Time': Timestamp('2006-11-06 14:51:38'), 'mag': 5.2}, {'lat': -21.729, 'long': -68.204, 'Time': Timestamp('2006-11-07 13:25:36'), 'mag': 5.8}]",2,30
20,2006-10-16 19:56:22.205,0,[],0,10
21,2006-10-22 23:10:22.258,0,[],0,16
22,2006-10-31 08:58:56.269,0,[],0,24
23,2006-11-05 12:15:52.473,1,"[{'lat': 39.747, 'long': 13.748, 'Time': Timestamp('2006-11-05 17:15:00'), 'mag': 5.0}, {'lat': 2.038, 'long': -32.373, 'Time': Timestamp('2006-11-07 06:06:54'), 'mag': 5.0}, {'lat': -27.551, 'long': -13.36, 'Time': Timestamp('2006-11-07 08:33:59'), 'mag': 5.3}]",3,29
24,2006-11-04 15:34:25.708,1,"[{'lat': -19.198, 'long': -68.902, 'Time': Timestamp('2006-11-04 18:54:34'), 'mag': 5.1}, {'lat': -26.64, 'long': -70.492, 'Time': Timestamp('2006-11-06 14:51:38'), 'mag': 5.2}]",2,28
25,2006-10-26 18:49:51.119,1,"[{'lat': 12.936, 'long': -87.474, 'Time': Timestamp('2006-10-28 00:53:38'), 'mag': 5.3}, {'lat': 13.788, 'long': -91.643, 'Time': Timestamp('2006-10-28 03:08:19'), 'mag': 5.0}]",2,19
26,2006-10-31 22:03:22.265,1,"[{'lat': -64.978, 'long': 177.355, 'Time': Timestamp('2006-11-01 06:11:03'), 'mag': 5.1}, {'lat': -29.343, 'long': -176.951, 'Time': Timestamp('2006-11-01 08:57:43'), 'mag': 5.2}]",2,24
27,2006-10-18 01:17:46.123,1,"[{'lat': 1.334, 'long': 97.133, 'Time': Timestamp('2006-10-18 02:01:26'), 'mag': 5.0}, {'lat': -6.08, 'long': 150.991, 'Time': Timestamp('2006-10-18 02:09:11'), 'mag': 5.3}, {'lat': -15.053, 'long': 167.266, 'Time': Timestamp('2006-10-18 10:45:32'), 'mag': 6.4}, {'lat': 64.067, 'long': 148.859, 'Time': Timestamp('2006-10-19 07:15:36'), 'mag': 5.2}, {'lat': 42.3, 'long': 19.8, 'Time': Timestamp('2006-10-19 09:34:51'), 'mag': 5.0}]",5,10
28,2006-10-31 12:28:52.453,0,[],0,14
29,2006-10-23 15:46:51.703,1,"[{'lat': -21.855, 'long': -65.595, 'Time': Timestamp('2006-10-23 21:00:42'), 'mag': 5.8}]",1,6
30,2006-11-14 19:01:48.330,1,"[{'lat': -25.088, 'long': -112.161, 'Time': Timestamp('2006-11-15 10:44:17'), 'mag': 5.5}]",1,28
31,2006-10-27 22:15:53.573,1,"[{'lat': 12.936, 'long': -87.474, 'Time': Timestamp('2006-10-28 00:53:38'), 'mag': 5.3}, {'lat': 13.788, 'long': -91.643, 'Time': Timestamp('2006-10-28 03:08:19'), 'mag': 5.0}, {'lat': 10.739, 'long': -85.877, 'Time': Timestamp('2006-10-29 07:44:27'), 'mag': 5.0}]",3,10
32,2006-11-08 01:29:48.213,1,"[{'lat': 47.19, 'long': 154.014, 'Time': Timestamp('2006-11-08 08:22:31'), 'mag': 5.1}, {'lat': 47.171, 'long': 153.963, 'Time': Timestamp('2006-11-08 14:56:52'), 'mag': 5.6}, {'lat': 47.192, 'long': 154.004, 'Time': Timestamp('2006-11-08 20:47:26'), 'mag': 5.4}, {'lat': 47.06, 'long': 153.971, 'Time': Timestamp('2006-11-08 20:50:33'), 'mag': 5.1}, {'lat': 47.125, 'long': 153.915, 'Time': Timestamp('2006-11-09 02:26:19'), 'mag': 5.0}, {'lat': 5.905, 'long': 126.049, 'Time': Timestamp('2006-11-09 15:43:54'), 'mag': 5.0}, {'lat': 0.913, 'long': 97.212, 'Time': Timestamp('2006-11-09 15:55:48'), 'mag': 5.2}]",7,21
33,2006-11-06 06:24:45.515,1,"[{'lat': 24.451, 'long': 64.933, 'Time': Timestamp('2006-11-07 12:31:40'), 'mag': 5.0}]",1,19
34,2006-11-13 09:40:22.442,0,[],0,26
35,2006-11-10 22:45:53.052,1,"[{'lat': -23.496, 'long': -175.491, 'Time': Timestamp('2006-11-11 17:16:12'), 'mag': 5.2}, {'lat': -41.481, 'long': -85.613, 'Time': Timestamp('2006-11-11 22:10:28'), 'mag': 5.0}, {'lat': -62.669, 'long': -161.144, 'Time': Timestamp('2006-11-11 23:39:48'), 'mag': 5.1}]",3,23
36,2006-11-02 02:00:23.288,1,"[{'lat': -5.381, 'long': 153.782, 'Time': Timestamp('2006-11-02 05:17:02'), 'mag': 5.3}, {'lat': 18.042, 'long': 145.57, 'Time': Timestamp('2006-11-03 02:30:24'), 'mag': 5.1}]",2,14
37,2006-11-13 06:55:54.696,1,"[{'lat': -15.07, 'long': 66.984, 'Time': Timestamp('2006-11-13 14:31:53'), 'mag': 5.1}]",1,25
38,2006-11-12 10:11:21.881,0,[],0,24
39,2006-11-04 13:30:52.293,1,"[{'lat': -0.962, 'long': -23.563, 'Time': Timestamp('2006-11-05 10:05:28'), 'mag': 5.1}]",1,16
40,2006-11-16 16:47:57.191,1,"[{'lat': -54.518, 'long': -119.616, 'Time': Timestamp('2006-11-17 15:14:28'), 'mag': 5.2}, {'lat': 7.17, 'long': -79.637, 'Time': Timestamp('2006-11-17 18:28:47'), 'mag': 5.4}, {'lat': -54.33, 'long': -120.024, 'Time': Timestamp('2006-11-17 19:52:33'), 'mag': 5.2}, {'lat': 11.111, 'long': -87.81, 'Time': Timestamp('2006-11-18 10:05:44'), 'mag': 5.5}]",4,28
41,2006-11-06 20:02:22.399,0,[],0,18
42,2006-11-01 23:16:22.453,0,[],0,13
43,2006-10-25 09:03:20.816,0,[],0,5
44,2006-11-08 14:01:52.694,1,"[{'lat': 0.828, 'long': -28.256, 'Time': Timestamp('2006-11-08 23:15:59'), 'mag': 5.0}]",1,19
45,2006-11-01 17:18:20.839,1,"[{'lat': 15.88, 'long': -94.144, 'Time': Timestamp('2006-11-02 23:54:45'), 'mag': 5.0}]",1,12
46,2006-11-07 20:32:45.569,0,[],0,18
47,2006-11-08 23:46:52.854,0,[],0,19
48,2006-11-10 06:18:58.017,0,[],0,20
49,2006-11-17 09:34:18.561,0,[],0,27
50,2006-11-16 17:48:50.352,1,"[{'lat': -54.518, 'long': -119.616, 'Time': Timestamp('2006-11-17 15:14:28'), 'mag': 5.2}, {'lat': 7.17, 'long': -79.637, 'Time': Timestamp('2006-11-17 18:28:47'), 'mag': 5.4}, {'lat': -54.33, 'long': -120.024, 'Time': Timestamp('2006-11-17 19:52:33'), 'mag': 5.2}, {'lat': 11.111, 'long': -87.81, 'Time': Timestamp('2006-11-18 10:05:44'), 'mag': 5.5}]",4,26
51,2006-11-09 21:02:46.410,0,[],0,19
52,2006-11-12 00:16:52.255,1,"[{'lat': -6.458, 'long': 151.446, 'Time': Timestamp('2006-11-12 10:35:07'), 'mag': 5.3}, {'lat': 3.328, 'long': 126.668, 'Time': Timestamp('2006-11-12 14:02:30'), 'mag': 5.0}, {'lat': 55.164, 'long': 165.295, 'Time': Timestamp('2006-11-12 14:42:24'), 'mag': 5.0}, {'lat': -6.225, 'long': 151.05, 'Time': Timestamp('2006-11-12 18:21:26'), 'mag': 6.2}, {'lat': 48.281, 'long': 154.246, 'Time': Timestamp('2006-11-12 21:27:42'), 'mag': 5.9}, {'lat': -5.191, 'long': 151.466, 'Time': Timestamp('2006-11-13 04:06:52'), 'mag': 5.3}, {'lat': 46.653, 'long': 153.453, 'Time': Timestamp('2006-11-13 06:30:30'), 'mag': 5.1}, {'lat': 20.656, 'long': 119.997, 'Time': Timestamp('2006-11-13 08:02:44'), 'mag': 5.2}, {'lat': -6.577, 'long': 151.178, 'Time': Timestamp('2006-11-13 11:20:14'), 'mag': 5.0}, {'lat': -15.07, 'long': 66.984, 'Time': Timestamp('2006-11-13 14:31:53'), 'mag': 5.1}, {'lat': -6.38, 'long': 151.23, 'Time': Timestamp('2006-11-13 16:12:28'), 'mag': 6.2}, {'lat': -6.411, 'long': 151.321, 'Time': Timestamp('2006-11-13 16:36:41'), 'mag': 5.2}]",12,21
53,2006-11-04 08:26:15.714,0,[],0,13
54,2006-11-14 23:10:22.630,1,"[{'lat': -50.599, 'long': 162.328, 'Time': Timestamp('2006-11-15 00:53:25'), 'mag': 5.5}, {'lat': -15.153, 'long': -174.808, 'Time': Timestamp('2006-11-16 12:40:38'), 'mag': 5.4}]",2,23
55,2006-11-05 02:24:53.866,1,"[{'lat': -50.166, 'long': 114.288, 'Time': Timestamp('2006-11-05 06:37:47'), 'mag': 5.2}, {'lat': -6.334, 'long': 151.331, 'Time': Timestamp('2006-11-06 19:24:07'), 'mag': 5.0}, {'lat': -5.45, 'long': 146.637, 'Time': Timestamp('2006-11-06 20:56:51'), 'mag': 6.0}]",3,13
56,2006-10-31 07:20:24.951,0,[],0,8
57,2006-11-05 10:36:21.131,1,"[{'lat': 39.747, 'long': 13.748, 'Time': Timestamp('2006-11-05 17:15:00'), 'mag': 5.0}, {'lat': -27.551, 'long': -13.36, 'Time': Timestamp('2006-11-07 08:33:59'), 'mag': 5.3}]",2,13
58,2006-11-22 13:55:52.871,0,[],0,30
59,2006-11-12 22:03:48.429,1,"[{'lat': -26.052, 'long': -63.283, 'Time': Timestamp('2006-11-13 01:26:35'), 'mag': 6.8}, {'lat': -12.509, 'long': -14.773, 'Time': Timestamp('2006-11-13 08:53:57'), 'mag': 5.2}, {'lat': -17.833, 'long': -178.417, 'Time': Timestamp('2006-11-13 11:56:39'), 'mag': 5.5}, {'lat': -37.46, 'long': 178.9, 'Time': Timestamp('2006-11-14 19:58:10'), 'mag': 5.0}]",4,20
60,2006-11-16 01:17:47.823,1,"[{'lat': 46.804, 'long': 155.067, 'Time': Timestamp('2006-11-16 01:58:04'), 'mag': 5.1}, {'lat': 47.382, 'long': 155.061, 'Time': Timestamp('2006-11-16 04:42:28'), 'mag': 5.0}, {'lat': 46.956, 'long': 153.273, 'Time': Timestamp('2006-11-16 04:57:12'), 'mag': 5.1}, {'lat': 46.756, 'long': 154.85, 'Time': Timestamp('2006-11-16 05:34:38'), 'mag': 5.0}, {'lat': 46.358, 'long': 154.468, 'Time': Timestamp('2006-11-16 06:20:20'), 'mag': 6.0}, {'lat': 46.234, 'long': 154.486, 'Time': Timestamp('2006-11-16 06:32:05'), 'mag': 5.2}, {'lat': 46.128, 'long': 153.253, 'Time': Timestamp('2006-11-16 06:57:08'), 'mag': 5.1}, {'lat': 46.689, 'long': 154.907, 'Time': Timestamp('2006-11-16 08:37:38'), 'mag': 5.0}, {'lat': 22.667, 'long': 63.279, 'Time': Timestamp('2006-11-16 09:36:26'), 'mag': 5.3}, {'lat': -51.874, 'long': 139.755, 'Time': Timestamp('2006-11-16 11:20:44'), 'mag': 5.5}, {'lat': 46.632, 'long': 153.701, 'Time': Timestamp('2006-11-16 12:35:51'), 'mag': 5.0}, {'lat': 47.754, 'long': 154.541, 'Time': Timestamp('2006-11-16 13:34:32'), 'mag': 5.0}, {'lat': 46.543, 'long': 153.674, 'Time': Timestamp('2006-11-16 14:49:37'), 'mag': 5.0}, {'lat': 47.311, 'long': 155.616, 'Time': Timestamp('2006-11-16 15:23:07'), 'mag': 5.0}, {'lat': -6.647, 'long': 151.222, 'Time': Timestamp('2006-11-16 16:04:42'), 'mag': 5.0}, {'lat': 47.058, 'long': 155.579, 'Time': Timestamp('2006-11-16 19:29:44'), 'mag': 5.0}, {'lat': -51.996, 'long': 139.473, 'Time': Timestamp('2006-11-16 20:29:54'), 'mag': 6.1}, {'lat': 27.915, 'long': 139.837, 'Time': Timestamp('2006-11-16 20:49:25'), 'mag': 5.1}, {'lat': 30.22, 'long': 138.496, 'Time': Timestamp('2006-11-16 23:17:35'), 'mag': 5.1}, {'lat': -9.778, 'long': 108.905, 'Time': Timestamp('2006-11-17 00:57:58'), 'mag': 5.0}, {'lat': 47.032, 'long': 155.478, 'Time': Timestamp('2006-11-17 04:09:54'), 'mag': 5.4}, {'lat': 47.017, 'long': 155.526, 'Time': Timestamp('2006-11-17 06:33:49'), 'mag': 5.6}, {'lat': 48.475, 'long': 155.46, 'Time': Timestamp('2006-11-17 08:32:48'), 'mag': 5.0}, {'lat': -4.573, 'long': 138.169, 'Time': Timestamp('2006-11-17 09:25:21'), 'mag': 5.1}, {'lat': 46.814, 'long': 154.996, 'Time': Timestamp('2006-11-17 09:58:11'), 'mag': 5.1}, {'lat': 47.496, 'long': 154.208, 'Time': Timestamp('2006-11-17 10:58:18'), 'mag': 5.0}, {'lat': 33.205, 'long': 137.352, 'Time': Timestamp('2006-11-17 12:31:36'), 'mag': 5.4}, {'lat': 46.291, 'long': 154.393, 'Time': Timestamp('2006-11-17 13:48:14'), 'mag': 5.0}, {'lat': 28.591, 'long': 129.895, 'Time': Timestamp('2006-11-17 18:03:12'), 'mag': 6.2}, {'lat': 46.976, 'long': 154.968, 'Time': Timestamp('2006-11-18 00:21:41'), 'mag': 5.1}, {'lat': 46.771, 'long': 155.064, 'Time': Timestamp('2006-11-18 00:59:38'), 'mag': 5.1}]",31,23
61,2006-11-22 06:12:57.194,1,"[{'lat': 44.229, 'long': 83.524, 'Time': Timestamp('2006-11-23 11:04:44'), 'mag': 5.1}]",1,29
62,2006-11-13 09:27:50.394,0,[],0,20
63,2006-11-14 17:42:50.529,1,"[{'lat': -25.088, 'long': -112.161, 'Time': Timestamp('2006-11-15 10:44:17'), 'mag': 5.5}, {'lat': -15.688, 'long': -74.907, 'Time': Timestamp('2006-11-15 21:05:25'), 'mag': 5.0}]",2,21
64,2006-11-03 20:56:50.571,0,[],0,10
65,2006-11-22 00:10:52.432,1,"[{'lat': 46.4, 'long': 154.516, 'Time': Timestamp('2006-11-22 02:41:11'), 'mag': 5.2}, {'lat': -5.879, 'long': 151.033, 'Time': Timestamp('2006-11-22 03:21:24'), 'mag': 5.1}, {'lat': 46.241, 'long': 153.006, 'Time': Timestamp('2006-11-22 10:37:33'), 'mag': 5.0}, {'lat': 47.414, 'long': 155.196, 'Time': Timestamp('2006-11-22 10:43:41'), 'mag': 5.0}, {'lat': 44.154, 'long': 146.784, 'Time': Timestamp('2006-11-22 11:15:09'), 'mag': 5.6}, {'lat': -11.634, 'long': 166.275, 'Time': Timestamp('2006-11-22 14:56:14'), 'mag': 5.2}, {'lat': 44.229, 'long': 83.524, 'Time': Timestamp('2006-11-23 11:04:44'), 'mag': 5.1}, {'lat': 46.961, 'long': 152.692, 'Time': Timestamp('2006-11-23 15:00:29'), 'mag': 5.0}, {'lat': 47.536, 'long': 154.199, 'Time': Timestamp('2006-11-23 20:04:46'), 'mag': 5.5}]",9,28
66,2006-11-14 08:21:50.099,0,[],0,20
67,2006-11-24 13:18:22.694,0,[],0,30
68,2006-11-19 23:04:22.854,1,"[{'lat': -15.755, 'long': -177.188, 'Time': Timestamp('2006-11-21 01:12:23'), 'mag': 5.1}]",1,25
69,2006-11-24 08:50:51.217,0,[],0,29
70,2006-11-05 12:09:53.069,1,"[{'lat': 39.747, 'long': 13.748, 'Time': Timestamp('2006-11-05 17:15:00'), 'mag': 5.0}, {'lat': 2.038, 'long': -32.373, 'Time': Timestamp('2006-11-07 06:06:54'), 'mag': 5.0}, {'lat': -27.551, 'long': -13.36, 'Time': Timestamp('2006-11-07 08:33:59'), 'mag': 5.3}]",3,10
71,2006-11-07 15:28:21.207,1,"[{'lat': -5.621, 'long': -76.906, 'Time': Timestamp('2006-11-09 09:23:18'), 'mag': 5.0}]",1,12
72,2006-11-20 18:43:46.618,0,[],0,25
73,2006-11-25 21:57:20.533,1,"[{'lat': -33.971, 'long': -178.725, 'Time': Timestamp('2006-11-26 17:36:13'), 'mag': 5.4}, {'lat': -22.866, 'long': -179.602, 'Time': Timestamp('2006-11-26 23:25:12'), 'mag': 5.3}, {'lat': -16.053, 'long': -71.802, 'Time': Timestamp('2006-11-27 17:31:48'), 'mag': 5.7}]",3,30
74,2006-11-10 01:11:49.816,1,"[{'lat': 19.776, 'long': 121.266, 'Time': Timestamp('2006-11-10 03:30:56'), 'mag': 5.2}, {'lat': -5.994, 'long': 148.593, 'Time': Timestamp('2006-11-11 15:10:30'), 'mag': 5.9}, {'lat': 21.842, 'long': 143.063, 'Time': Timestamp('2006-11-11 15:40:53'), 'mag': 5.0}, {'lat': -6.505, 'long': 151.169, 'Time': Timestamp('2006-11-11 16:11:33'), 'mag': 5.1}, {'lat': -6.208, 'long': 151.098, 'Time': Timestamp('2006-11-11 22:43:48'), 'mag': 5.0}]",5,14
75,2006-11-10 06:06:24.438,0,[],0,14
76,2006-11-25 09:21:50.618,0,[],0,29
77,2006-11-02 12:40:52.470,0,[],0,6
78,2006-11-10 15:58:47.624,1,"[{'lat': -41.481, 'long': -85.613, 'Time': Timestamp('2006-11-11 22:10:28'), 'mag': 5.0}]",1,14
79,2006-11-07 19:14:19.787,1,"[{'lat': 16.03, 'long': -96.566, 'Time': Timestamp('2006-11-08 17:18:47'), 'mag': 5.1}]",1,11
80,2006-11-21 11:32:22.844,1,"[{'lat': -37.081, 'long': -17.317, 'Time': Timestamp('2006-11-22 05:20:46'), 'mag': 5.1}]",1,24
81,2006-11-06 14:51:18.211,1,"[{'lat': -26.64, 'long': -70.492, 'Time': Timestamp('2006-11-06 14:51:38'), 'mag': 5.2}, {'lat': 2.038, 'long': -32.373, 'Time': Timestamp('2006-11-07 06:06:54'), 'mag': 5.0}, {'lat': -21.729, 'long': -68.204, 'Time': Timestamp('2006-11-07 13:25:36'), 'mag': 5.8}]",3,9
82,2006-11-02 18:07:22.952,1,"[{'lat': 15.88, 'long': -94.144, 'Time': Timestamp('2006-11-02 23:54:45'), 'mag': 5.0}]",1,5
83,2006-11-23 21:21:23.004,1,"[{'lat': -19.876, 'long': -174.292, 'Time': Timestamp('2006-11-24 15:46:17'), 'mag': 5.0}, {'lat': -20.526, 'long': -176.118, 'Time': Timestamp('2006-11-24 17:11:08'), 'mag': 5.1}, {'lat': -23.422, 'long': -175.572, 'Time': Timestamp('2006-11-24 19:55:01'), 'mag': 5.7}, {'lat': -23.495, 'long': -175.498, 'Time': Timestamp('2006-11-25 15:15:14'), 'mag': 5.2}]",4,26
84,2006-11-18 00:35:15.056,1,"[{'lat': 46.771, 'long': 155.064, 'Time': Timestamp('2006-11-18 00:59:38'), 'mag': 5.1}, {'lat': 47.066, 'long': 155.412, 'Time': Timestamp('2006-11-18 02:35:36'), 'mag': 5.2}, {'lat': 46.738, 'long': 154.989, 'Time': Timestamp('2006-11-18 05:00:40'), 'mag': 5.0}, {'lat': 48.171, 'long': 154.81, 'Time': Timestamp('2006-11-18 08:50:54'), 'mag': 5.1}, {'lat': 20.494, 'long': 120.259, 'Time': Timestamp('2006-11-18 11:08:48'), 'mag': 5.3}, {'lat': 4.746, 'long': 94.783, 'Time': Timestamp('2006-11-18 13:55:21'), 'mag': 5.9}, {'lat': 4.741, 'long': 94.771, 'Time': Timestamp('2006-11-18 13:57:53'), 'mag': 5.9}, {'lat': 3.498, 'long': 126.732, 'Time': Timestamp('2006-11-19 02:26:53'), 'mag': 5.1}, {'lat': -6.338, 'long': 151.492, 'Time': Timestamp('2006-11-19 09:19:39'), 'mag': 5.3}, {'lat': 46.901, 'long': 154.891, 'Time': Timestamp('2006-11-19 15:16:52'), 'mag': 5.5}, {'lat': -18.752, 'long': 175.964, 'Time': Timestamp('2006-11-19 17:35:42'), 'mag': 5.1}, {'lat': 47.368, 'long': 154.292, 'Time': Timestamp('2006-11-19 21:53:20'), 'mag': 5.1}]",12,20
85,2006-11-03 05:29:51.781,1,"[{'lat': 22.104, 'long': 93.351, 'Time': Timestamp('2006-11-03 14:43:10'), 'mag': 5.0}]",1,5
86,2006-11-09 08:44:50.506,0,[],0,11
87,2006-11-27 12:03:52.246,0,[],0,29
88,2006-11-13 15:22:19.945,1,"[{'lat': -23.267, 'long': -68.326, 'Time': Timestamp('2006-11-14 22:22:12'), 'mag': 5.7}]",1,15
89,2006-11-23 21:51:22.406,1,"[{'lat': -19.876, 'long': -174.292, 'Time': Timestamp('2006-11-24 15:46:17'), 'mag': 5.0}, {'lat': -20.526, 'long': -176.118, 'Time': Timestamp('2006-11-24 17:11:08'), 'mag': 5.1}, {'lat': -23.422, 'long': -175.572, 'Time': Timestamp('2006-11-24 19:55:01'), 'mag': 5.7}, {'lat': 53.588, 'long': -163.748, 'Time': Timestamp('2006-11-25 12:10:21'), 'mag': 5.5}, {'lat': -23.495, 'long': -175.498, 'Time': Timestamp('2006-11-25 15:15:14'), 'mag': 5.2}]",5,25
90,2006-11-08 01:05:22.458,1,"[{'lat': 47.19, 'long': 154.014, 'Time': Timestamp('2006-11-08 08:22:31'), 'mag': 5.1}, {'lat': 47.171, 'long': 153.963, 'Time': Timestamp('2006-11-08 14:56:52'), 'mag': 5.6}, {'lat': 51.135, 'long': -177.984, 'Time': Timestamp('2006-11-08 17:34:58'), 'mag': 5.0}, {'lat': 47.192, 'long': 154.004, 'Time': Timestamp('2006-11-08 20:47:26'), 'mag': 5.4}, {'lat': 47.06, 'long': 153.971, 'Time': Timestamp('2006-11-08 20:50:33'), 'mag': 5.1}, {'lat': 47.125, 'long': 153.915, 'Time': Timestamp('2006-11-09 02:26:19'), 'mag': 5.0}, {'lat': 5.905, 'long': 126.049, 'Time': Timestamp('2006-11-09 15:43:54'), 'mag': 5.0}, {'lat': 0.913, 'long': 97.212, 'Time': Timestamp('2006-11-09 15:55:48'), 'mag': 5.2}]",8,9
91,2006-11-05 06:00:33.142,0,[],0,6
92,2006-11-11 09:15:45.483,0,[],0,12
93,2006-11-09 12:34:52.647,1,"[{'lat': -35.0, 'long': -15.0, 'Time': Timestamp('2006-11-09 14:24:24'), 'mag': 5.0}]",1,10
94,2006-11-21 15:52:51.897,0,[],0,22
95,2006-11-13 19:07:52.754,1,"[{'lat': -25.088, 'long': -112.161, 'Time': Timestamp('2006-11-15 10:44:17'), 'mag': 5.5}]",1,14
96,2006-11-08 22:21:50.999,1,"[{'lat': 0.828, 'long': -28.256, 'Time': Timestamp('2006-11-08 23:15:59'), 'mag': 5.0}, {'lat': -5.621, 'long': -76.906, 'Time': Timestamp('2006-11-09 09:23:18'), 'mag': 5.0}, {'lat': -35.0, 'long': -15.0, 'Time': Timestamp('2006-11-09 14:24:24'), 'mag': 5.0}, {'lat': -55.081, 'long': -129.045, 'Time': Timestamp('2006-11-10 01:32:54'), 'mag': 5.1}, {'lat': -37.314, 'long': -94.221, 'Time': Timestamp('2006-11-10 02:00:23'), 'mag': 5.1}]",5,9
97,2006-11-14 01:35:49.846,1,"[{'lat': -5.456, 'long': 150.343, 'Time': Timestamp('2006-11-14 06:40:31'), 'mag': 5.0}, {'lat': 6.58, 'long': 123.928, 'Time': Timestamp('2006-11-14 10:48:26'), 'mag': 5.3}, {'lat': 21.768, 'long': 143.042, 'Time': Timestamp('2006-11-14 11:29:01'), 'mag': 5.1}, {'lat': -6.39, 'long': 127.998, 'Time': Timestamp('2006-11-14 14:21:01'), 'mag': 6.1}, {'lat': 4.89, 'long': 127.392, 'Time': Timestamp('2006-11-15 03:52:27'), 'mag': 5.3}, {'lat': 21.784, 'long': 143.016, 'Time': Timestamp('2006-11-15 04:11:08'), 'mag': 5.1}, {'lat': 21.783, 'long': 143.019, 'Time': Timestamp('2006-11-15 04:28:10'), 'mag': 5.3}, {'lat': 6.597, 'long': 123.925, 'Time': Timestamp('2006-11-15 04:43:18'), 'mag': 5.0}, {'lat': 46.479, 'long': 153.296, 'Time': Timestamp('2006-11-15 11:13:34'), 'mag': 5.0}, {'lat': 46.592, 'long': 153.266, 'Time': Timestamp('2006-11-15 11:14:13'), 'mag': 8.3}, {'lat': 46.301, 'long': 154.61, 'Time': Timestamp('2006-11-15 11:23:06'), 'mag': 5.6}, {'lat': 46.27, 'long': 154.52, 'Time': Timestamp('2006-11-15 11:24:29'), 'mag': 5.6}, {'lat': 47.77, 'long': 153.179, 'Time': Timestamp('2006-11-15 11:24:57'), 'mag': 5.5}, {'lat': 47.518, 'long': 152.647, 'Time': Timestamp('2006-11-15 11:25:09'), 'mag': 6.0}, {'lat': 46.086, 'long': 154.1, 'Time': Timestamp('2006-11-15 11:28:38'), 'mag': 6.0}, {'lat': 46.371, 'long': 154.475, 'Time': Timestamp('2006-11-15 11:29:22'), 'mag': 6.2}, {'lat': 46.862, 'long': 153.731, 'Time': Timestamp('2006-11-15 11:33:23'), 'mag': 5.5}, {'lat': 46.652, 'long': 155.305, 'Time': Timestamp('2006-11-15 11:34:58'), 'mag': 6.4}, {'lat': 47.673, 'long': 151.525, 'Time': Timestamp('2006-11-15 11:40:03'), 'mag': 5.3}, {'lat': 46.483, 'long': 154.726, 'Time': Timestamp('2006-11-15 11:40:55'), 'mag': 6.7}, {'lat': 44.104, 'long': 154.7, 'Time': Timestamp('2006-11-15 11:48:04'), 'mag': 5.5}, {'lat': 47.362, 'long': 154.411, 'Time': Timestamp('2006-11-15 11:52:55'), 'mag': 5.0}, {'lat': 47.323, 'long': 155.361, 'Time': Timestamp('2006-11-15 12:09:17'), 'mag': 5.4}, {'lat': 46.301, 'long': 154.407, 'Time': Timestamp('2006-11-15 12:15:23'), 'mag': 5.3}, {'lat': 47.111, 'long': 154.417, 'Time': Timestamp('2006-11-15 12:16:05'), 'mag': 5.7}, {'lat': 46.195, 'long': 154.668, 'Time': Timestamp('2006-11-15 12:16:44'), 'mag': 5.9}, {'lat': 46.789, 'long': 153.395, 'Time': Timestamp('2006-11-15 12:23:04'), 'mag': 5.0}, {'lat': 47.421, 'long': 153.861, 'Time': Timestamp('2006-11-15 12:26:15'), 'mag': 5.7}, {'lat': 47.055, 'long': 155.526, 'Time': Timestamp('2006-11-15 12:28:21'), 'mag': 5.5}, {'lat': 46.632, 'long': 153.978, 'Time': Timestamp('2006-11-15 13:17:30'), 'mag': 5.0}, {'lat': -6.942, 'long': 144.314, 'Time': Timestamp('2006-11-15 13:36:23'), 'mag': 5.0}, {'lat': 47.025, 'long': 155.19, 'Time': Timestamp('2006-11-15 13:38:23'), 'mag': 5.4}, {'lat': 46.622, 'long': 155.003, 'Time': Timestamp('2006-11-15 13:46:43'), 'mag': 5.0}, {'lat': 46.602, 'long': 155.013, 'Time': Timestamp('2006-11-15 13:58:15'), 'mag': 5.1}, {'lat': 47.601, 'long': 154.083, 'Time': Timestamp('2006-11-15 14:20:54'), 'mag': 5.4}, {'lat': 46.282, 'long': 154.17, 'Time': Timestamp('2006-11-15 15:11:57'), 'mag': 5.3}, {'lat': 46.719, 'long': 153.002, 'Time': Timestamp('2006-11-15 15:15:40'), 'mag': 5.1}, {'lat': 46.091, 'long': 154.465, 'Time': Timestamp('2006-11-15 15:19:33'), 'mag': 5.4}, {'lat': 48.054, 'long': 155.165, 'Time': Timestamp('2006-11-15 16:04:18'), 'mag': 5.4}, {'lat': 47.146, 'long': 155.155, 'Time': Timestamp('2006-11-15 17:25:30'), 'mag': 5.2}, {'lat': 47.57, 'long': 155.082, 'Time': Timestamp('2006-11-15 18:47:04'), 'mag': 5.2}, {'lat': 47.006, 'long': 154.979, 'Time': Timestamp('2006-11-15 19:25:25'), 'mag': 6.0}, {'lat': 47.075, 'long': 155.166, 'Time': Timestamp('2006-11-15 19:28:06'), 'mag': 5.5}, {'lat': 46.508, 'long': 154.862, 'Time': Timestamp('2006-11-15 19:37:02'), 'mag': 5.0}, {'lat': 47.191, 'long': 155.269, 'Time': Timestamp('2006-11-15 20:04:22'), 'mag': 5.2}, {'lat': 46.862, 'long': 155.054, 'Time': Timestamp('2006-11-15 20:56:48'), 'mag': 5.0}, {'lat': 47.239, 'long': 153.771, 'Time': Timestamp('2006-11-15 21:02:06'), 'mag': 5.4}, {'lat': 46.867, 'long': 154.996, 'Time': Timestamp('2006-11-15 21:17:08'), 'mag': 5.5}, {'lat': 47.278, 'long': 154.146, 'Time': Timestamp('2006-11-15 21:22:21'), 'mag': 5.9}, {'lat': 47.141, 'long': 153.51, 'Time': Timestamp('2006-11-15 21:25:22'), 'mag': 5.7}, {'lat': 47.382, 'long': 154.164, 'Time': Timestamp('2006-11-15 21:31:24'), 'mag': 5.5}, {'lat': 47.666, 'long': 154.548, 'Time': Timestamp('2006-11-15 21:35:09'), 'mag': 5.6}, {'lat': 46.718, 'long': 153.3, 'Time': Timestamp('2006-11-15 21:40:08'), 'mag': 5.5}, {'lat': 46.497, 'long': 152.9, 'Time': Timestamp('2006-11-15 22:07:05'), 'mag': 5.4}, {'lat': 46.967, 'long': 155.345, 'Time': Timestamp('2006-11-15 22:50:33'), 'mag': 5.0}, {'lat': 47.158, 'long': 153.487, 'Time': Timestamp('2006-11-16 00:22:56'), 'mag': 5.3}]",56,14
98,2006-11-10 06:31:22.573,0,[],0,10
99,2006-11-29 09:46:50.134,0,[],0,29
100,2006-11-18 13:05:52.089,1,"[{'lat': -55.584, 'long': -24.871, 'Time': Timestamp('2006-11-19 01:55:05'), 'mag': 5.7}]",1,18
101,2006-11-05 16:23:21.675,1,"[{'lat': -26.64, 'long': -70.492, 'Time': Timestamp('2006-11-06 14:51:38'), 'mag': 5.2}, {'lat': -21.729, 'long': -68.204, 'Time': Timestamp('2006-11-07 13:25:36'), 'mag': 5.8}]",2,5
102,2006-11-05 19:38:22.196,0,[],0,5
103,2006-11-12 22:52:22.250,1,"[{'lat': -26.052, 'long': -63.283, 'Time': Timestamp('2006-11-13 01:26:35'), 'mag': 6.8}, {'lat': -12.509, 'long': -14.773, 'Time': Timestamp('2006-11-13 08:53:57'), 'mag': 5.2}, {'lat': -23.267, 'long': -68.326, 'Time': Timestamp('2006-11-14 22:22:12'), 'mag': 5.7}]",3,12
104,2006-11-11 07:01:53.355,0,[],0,10
105,2006-11-14 10:17:49.535,0,[],0,13
106,2006-11-17 13:36:53.339,1,"[{'lat': -12.718, 'long': -14.695, 'Time': Timestamp('2006-11-17 23:42:40'), 'mag': 5.0}, {'lat': -55.584, 'long': -24.871, 'Time': Timestamp('2006-11-19 01:55:05'), 'mag': 5.7}]",2,16
107,2006-11-08 23:22:22.650,0,[],0,7
108,2006-11-22 07:32:55.196,1,"[{'lat': 44.229, 'long': 83.524, 'Time': Timestamp('2006-11-23 11:04:44'), 'mag': 5.1}]",1,20
109,2006-11-15 10:48:48.719,0,[],0,13
110,2006-12-02 14:07:51.196,1,"[{'lat': -0.538, 'long': -19.738, 'Time': Timestamp('2006-12-03 08:19:51'), 'mag': 5.6}]",1,30
111,2006-11-23 17:24:52.946,0,[],0,21
112,2006-11-28 20:38:52.999,1,"[{'lat': 26.728, 'long': -114.161, 'Time': Timestamp('2006-11-29 14:34:02'), 'mag': 5.0}]",1,26
113,2006-11-20 23:52:53.052,1,"[{'lat': -15.755, 'long': -177.188, 'Time': Timestamp('2006-11-21 01:12:23'), 'mag': 5.1}, {'lat': -6.216, 'long': 154.748, 'Time': Timestamp('2006-11-21 08:32:25'), 'mag': 5.6}, {'lat': -5.879, 'long': 151.033, 'Time': Timestamp('2006-11-22 03:21:24'), 'mag': 5.1}, {'lat': -11.634, 'long': 166.275, 'Time': Timestamp('2006-11-22 14:56:14'), 'mag': 5.2}]",4,18
114,2006-11-18 08:03:19.608,0,[],0,15
115,2006-11-20 11:20:22.128,1,"[{'lat': -37.081, 'long': -17.317, 'Time': Timestamp('2006-11-22 05:20:46'), 'mag': 5.1}]",1,17
116,2006-11-20 14:38:50.620,1,"[{'lat': -40.121, 'long': -75.042, 'Time': Timestamp('2006-11-20 19:33:54'), 'mag': 5.2}]",1,17
117,2006-11-10 19:32:18.501,1,"[{'lat': -62.669, 'long': -161.144, 'Time': Timestamp('2006-11-11 23:39:48'), 'mag': 5.1}]",1,7
118,2006-11-30 00:22:52.475,1,"[{'lat': 47.404, 'long': 155.421, 'Time': Timestamp('2006-11-30 01:39:45'), 'mag': 5.0}, {'lat': 3.39, 'long': 99.079, 'Time': Timestamp('2006-12-01 03:58:21'), 'mag': 6.3}, {'lat': -8.261, 'long': 118.753, 'Time': Timestamp('2006-12-01 14:01:44'), 'mag': 6.3}]",3,26
119,2006-11-18 08:34:27.007,0,[],0,14
120,2006-11-10 11:51:22.663,0,[],0,6
121,2006-11-24 15:09:42.718,0,[],0,20
122,2006-11-28 18:25:22.771,1,"[{'lat': 26.728, 'long': -114.161, 'Time': Timestamp('2006-11-29 14:34:02'), 'mag': 5.0}, {'lat': -29.449, 'long': -112.212, 'Time': Timestamp('2006-11-30 08:48:29'), 'mag': 5.2}]",2,24
123,2006-11-27 21:39:22.823,1,"[{'lat': -59.002, 'long': -159.307, 'Time': Timestamp('2006-11-28 02:39:14'), 'mag': 5.4}, {'lat': -21.955, 'long': -176.648, 'Time': Timestamp('2006-11-28 07:03:50'), 'mag': 5.0}, {'lat': 53.587, 'long': -163.653, 'Time': Timestamp('2006-11-28 20:25:00'), 'mag': 5.0}, {'lat': 26.162, 'long': -44.737, 'Time': Timestamp('2006-11-29 04:11:36'), 'mag': 5.0}, {'lat': 26.728, 'long': -114.161, 'Time': Timestamp('2006-11-29 14:34:02'), 'mag': 5.0}]",5,23
124,2006-11-29 00:53:14.875,1,"[{'lat': 2.52, 'long': 128.283, 'Time': Timestamp('2006-11-29 01:32:17'), 'mag': 6.2}, {'lat': 26.162, 'long': -44.737, 'Time': Timestamp('2006-11-29 04:11:36'), 'mag': 5.0}, {'lat': 47.557, 'long': 154.024, 'Time': Timestamp('2006-11-29 04:44:40'), 'mag': 5.1}, {'lat': -18.512, 'long': 168.062, 'Time': Timestamp('2006-11-29 08:41:26'), 'mag': 5.2}, {'lat': 53.887, 'long': -35.393, 'Time': Timestamp('2006-11-29 15:22:24'), 'mag': 5.1}, {'lat': 53.741, 'long': -35.438, 'Time': Timestamp('2006-11-29 15:38:44'), 'mag': 5.6}, {'lat': 36.277, 'long': 70.883, 'Time': Timestamp('2006-11-29 16:56:40'), 'mag': 5.0}, {'lat': -6.334, 'long': 154.802, 'Time': Timestamp('2006-11-29 18:08:31'), 'mag': 5.2}, {'lat': 47.404, 'long': 155.421, 'Time': Timestamp('2006-11-30 01:39:45'), 'mag': 5.0}]",9,24
125,2006-11-27 07:26:26.722,0,[],0,22
126,2006-11-19 10:42:48.808,0,[],0,14
127,2006-11-29 14:01:50.395,1,"[{'lat': 53.887, 'long': -35.393, 'Time': Timestamp('2006-11-29 15:22:24'), 'mag': 5.1}, {'lat': 53.741, 'long': -35.438, 'Time': Timestamp('2006-11-29 15:38:44'), 'mag': 5.6}]",2,24
128,2006-11-27 23:46:52.251,1,"[{'lat': -14.838, 'long': 167.287, 'Time': Timestamp('2006-11-28 04:25:01'), 'mag': 5.1}, {'lat': -21.955, 'long': -176.648, 'Time': Timestamp('2006-11-28 07:03:50'), 'mag': 5.0}, {'lat': -11.556, 'long': 166.514, 'Time': Timestamp('2006-11-28 10:17:41'), 'mag': 5.2}, {'lat': -38.16, 'long': 176.86, 'Time': Timestamp('2006-11-28 18:54:51'), 'mag': 5.0}, {'lat': 53.587, 'long': -163.653, 'Time': Timestamp('2006-11-28 20:25:00'), 'mag': 5.0}, {'lat': -5.799, 'long': 151.26, 'Time': Timestamp('2006-11-28 23:32:19'), 'mag': 5.0}, {'lat': -18.512, 'long': 168.062, 'Time': Timestamp('2006-11-29 08:41:26'), 'mag': 5.2}, {'lat': -6.334, 'long': 154.802, 'Time': Timestamp('2006-11-29 18:08:31'), 'mag': 5.2}, {'lat': -25.371, 'long': 179.661, 'Time': Timestamp('2006-11-29 23:08:15'), 'mag': 5.5}]",9,22
129,2006-11-20 07:57:19.807,1,"[{'lat': -21.133, 'long': 33.112, 'Time': Timestamp('2006-11-20 20:16:06'), 'mag': 5.1}]",1,14
130,2006-11-22 11:13:49.537,0,[],0,16
131,2006-12-05 14:32:46.813,1,"[{'lat': 47.112, 'long': -27.301, 'Time': Timestamp('2006-12-07 05:20:54'), 'mag': 5.0}]",1,29
132,2006-11-14 17:48:52.547,1,"[{'lat': -25.088, 'long': -112.161, 'Time': Timestamp('2006-11-15 10:44:17'), 'mag': 5.5}]",1,8
133,2006-11-26 21:03:22.599,1,"[{'lat': -59.002, 'long': -159.307, 'Time': Timestamp('2006-11-28 02:39:14'), 'mag': 5.4}]",1,20
134,2006-11-14 00:16:52.652,1,"[{'lat': 13.784, 'long': 120.69, 'Time': Timestamp('2006-11-14 00:55:44'), 'mag': 5.2}, {'lat': -5.456, 'long': 150.343, 'Time': Timestamp('2006-11-14 06:40:31'), 'mag': 5.0}, {'lat': 6.58, 'long': 123.928, 'Time': Timestamp('2006-11-14 10:48:26'), 'mag': 5.3}, {'lat': 21.768, 'long': 143.042, 'Time': Timestamp('2006-11-14 11:29:01'), 'mag': 5.1}, {'lat': -6.39, 'long': 127.998, 'Time': Timestamp('2006-11-14 14:21:01'), 'mag': 6.1}, {'lat': -37.46, 'long': 178.9, 'Time': Timestamp('2006-11-14 19:58:10'), 'mag': 5.0}, {'lat': -50.599, 'long': 162.328, 'Time': Timestamp('2006-11-15 00:53:25'), 'mag': 5.5}, {'lat': 4.89, 'long': 127.392, 'Time': Timestamp('2006-11-15 03:52:27'), 'mag': 5.3}, {'lat': 21.784, 'long': 143.016, 'Time': Timestamp('2006-11-15 04:11:08'), 'mag': 5.1}, {'lat': 21.783, 'long': 143.019, 'Time': Timestamp('2006-11-15 04:28:10'), 'mag': 5.3}, {'lat': 6.597, 'long': 123.925, 'Time': Timestamp('2006-11-15 04:43:18'), 'mag': 5.0}, {'lat': 46.479, 'long': 153.296, 'Time': Timestamp('2006-11-15 11:13:34'), 'mag': 5.0}, {'lat': 46.592, 'long': 153.266, 'Time': Timestamp('2006-11-15 11:14:13'), 'mag': 8.3}, {'lat': 46.301, 'long': 154.61, 'Time': Timestamp('2006-11-15 11:23:06'), 'mag': 5.6}, {'lat': 46.27, 'long': 154.52, 'Time': Timestamp('2006-11-15 11:24:29'), 'mag': 5.6}, {'lat': 47.77, 'long': 153.179, 'Time': Timestamp('2006-11-15 11:24:57'), 'mag': 5.5}, {'lat': 47.518, 'long': 152.647, 'Time': Timestamp('2006-11-15 11:25:09'), 'mag': 6.0}, {'lat': 46.086, 'long': 154.1, 'Time': Timestamp('2006-11-15 11:28:38'), 'mag': 6.0}, {'lat': 46.371, 'long': 154.475, 'Time': Timestamp('2006-11-15 11:29:22'), 'mag': 6.2}, {'lat': 46.862, 'long': 153.731, 'Time': Timestamp('2006-11-15 11:33:23'), 'mag': 5.5}, {'lat': 46.652, 'long': 155.305, 'Time': Timestamp('2006-11-15 11:34:58'), 'mag': 6.4}, {'lat': 47.673, 'long': 151.525, 'Time': Timestamp('2006-11-15 11:40:03'), 'mag': 5.3}, {'lat': 46.483, 'long': 154.726, 'Time': Timestamp('2006-11-15 11:40:55'), 'mag': 6.7}, {'lat': 44.104, 'long': 154.7, 'Time': Timestamp('2006-11-15 11:48:04'), 'mag': 5.5}, {'lat': 47.362, 'long': 154.411, 'Time': Timestamp('2006-11-15 11:52:55'), 'mag': 5.0}, {'lat': 47.323, 'long': 155.361, 'Time': Timestamp('2006-11-15 12:09:17'), 'mag': 5.4}, {'lat': 46.301, 'long': 154.407, 'Time': Timestamp('2006-11-15 12:15:23'), 'mag': 5.3}, {'lat': 47.111, 'long': 154.417, 'Time': Timestamp('2006-11-15 12:16:05'), 'mag': 5.7}, {'lat': 46.195, 'long': 154.668, 'Time': Timestamp('2006-11-15 12:16:44'), 'mag': 5.9}, {'lat': 46.789, 'long': 153.395, 'Time': Timestamp('2006-11-15 12:23:04'), 'mag': 5.0}, {'lat': 47.421, 'long': 153.861, 'Time': Timestamp('2006-11-15 12:26:15'), 'mag': 5.7}, {'lat': 47.055, 'long': 155.526, 'Time': Timestamp('2006-11-15 12:28:21'), 'mag': 5.5}, {'lat': 46.632, 'long': 153.978, 'Time': Timestamp('2006-11-15 13:17:30'), 'mag': 5.0}, {'lat': -6.942, 'long': 144.314, 'Time': Timestamp('2006-11-15 13:36:23'), 'mag': 5.0}, {'lat': 47.025, 'long': 155.19, 'Time': Timestamp('2006-11-15 13:38:23'), 'mag': 5.4}, {'lat': 46.622, 'long': 155.003, 'Time': Timestamp('2006-11-15 13:46:43'), 'mag': 5.0}, {'lat': 46.602, 'long': 155.013, 'Time': Timestamp('2006-11-15 13:58:15'), 'mag': 5.1}, {'lat': 47.601, 'long': 154.083, 'Time': Timestamp('2006-11-15 14:20:54'), 'mag': 5.4}, {'lat': 46.282, 'long': 154.17, 'Time': Timestamp('2006-11-15 15:11:57'), 'mag': 5.3}, {'lat': 46.719, 'long': 153.002, 'Time': Timestamp('2006-11-15 15:15:40'), 'mag': 5.1}, {'lat': 46.091, 'long': 154.465, 'Time': Timestamp('2006-11-15 15:19:33'), 'mag': 5.4}, {'lat': 48.054, 'long': 155.165, 'Time': Timestamp('2006-11-15 16:04:18'), 'mag': 5.4}, {'lat': 47.146, 'long': 155.155, 'Time': Timestamp('2006-11-15 17:25:30'), 'mag': 5.2}, {'lat': 47.57, 'long': 155.082, 'Time': Timestamp('2006-11-15 18:47:04'), 'mag': 5.2}, {'lat': 47.006, 'long': 154.979, 'Time': Timestamp('2006-11-15 19:25:25'), 'mag': 6.0}, {'lat': 47.075, 'long': 155.166, 'Time': Timestamp('2006-11-15 19:28:06'), 'mag': 5.5}, {'lat': 46.508, 'long': 154.862, 'Time': Timestamp('2006-11-15 19:37:02'), 'mag': 5.0}, {'lat': 47.191, 'long': 155.269, 'Time': Timestamp('2006-11-15 20:04:22'), 'mag': 5.2}, {'lat': 46.862, 'long': 155.054, 'Time': Timestamp('2006-11-15 20:56:48'), 'mag': 5.0}, {'lat': 47.239, 'long': 153.771, 'Time': Timestamp('2006-11-15 21:02:06'), 'mag': 5.4}, {'lat': 46.867, 'long': 154.996, 'Time': Timestamp('2006-11-15 21:17:08'), 'mag': 5.5}, {'lat': 47.278, 'long': 154.146, 'Time': Timestamp('2006-11-15 21:22:21'), 'mag': 5.9}, {'lat': 47.141, 'long': 153.51, 'Time': Timestamp('2006-11-15 21:25:22'), 'mag': 5.7}, {'lat': 47.382, 'long': 154.164, 'Time': Timestamp('2006-11-15 21:31:24'), 'mag': 5.5}, {'lat': 47.666, 'long': 154.548, 'Time': Timestamp('2006-11-15 21:35:09'), 'mag': 5.6}, {'lat': 46.718, 'long': 153.3, 'Time': Timestamp('2006-11-15 21:40:08'), 'mag': 5.5}, {'lat': 46.497, 'long': 152.9, 'Time': Timestamp('2006-11-15 22:07:05'), 'mag': 5.4}, {'lat': 46.967, 'long': 155.345, 'Time': Timestamp('2006-11-15 22:50:33'), 'mag': 5.0}]",58,7
135,2006-11-26 08:26:20.208,0,[],0,19
136,2006-11-29 11:44:52.840,0,[],0,22
137,2006-12-02 15:03:48.318,0,[],0,25
138,2006-12-02 18:19:22.947,1,"[{'lat': 13.994, 'long': -91.207, 'Time': Timestamp('2006-12-03 20:52:15'), 'mag': 6.0}]",1,25
139,2006-11-14 02:24:49.614,1,"[{'lat': -5.456, 'long': 150.343, 'Time': Timestamp('2006-11-14 06:40:31'), 'mag': 5.0}, {'lat': 6.58, 'long': 123.928, 'Time': Timestamp('2006-11-14 10:48:26'), 'mag': 5.3}, {'lat': 21.768, 'long': 143.042, 'Time': Timestamp('2006-11-14 11:29:01'), 'mag': 5.1}, {'lat': -6.39, 'long': 127.998, 'Time': Timestamp('2006-11-14 14:21:01'), 'mag': 6.1}, {'lat': 4.89, 'long': 127.392, 'Time': Timestamp('2006-11-15 03:52:27'), 'mag': 5.3}, {'lat': 21.784, 'long': 143.016, 'Time': Timestamp('2006-11-15 04:11:08'), 'mag': 5.1}, {'lat': 21.783, 'long': 143.019, 'Time': Timestamp('2006-11-15 04:28:10'), 'mag': 5.3}, {'lat': 6.597, 'long': 123.925, 'Time': Timestamp('2006-11-15 04:43:18'), 'mag': 5.0}, {'lat': 46.479, 'long': 153.296, 'Time': Timestamp('2006-11-15 11:13:34'), 'mag': 5.0}, {'lat': 46.592, 'long': 153.266, 'Time': Timestamp('2006-11-15 11:14:13'), 'mag': 8.3}, {'lat': 46.301, 'long': 154.61, 'Time': Timestamp('2006-11-15 11:23:06'), 'mag': 5.6}, {'lat': 46.27, 'long': 154.52, 'Time': Timestamp('2006-11-15 11:24:29'), 'mag': 5.6}, {'lat': 47.77, 'long': 153.179, 'Time': Timestamp('2006-11-15 11:24:57'), 'mag': 5.5}, {'lat': 47.518, 'long': 152.647, 'Time': Timestamp('2006-11-15 11:25:09'), 'mag': 6.0}, {'lat': 46.086, 'long': 154.1, 'Time': Timestamp('2006-11-15 11:28:38'), 'mag': 6.0}, {'lat': 46.371, 'long': 154.475, 'Time': Timestamp('2006-11-15 11:29:22'), 'mag': 6.2}, {'lat': 46.862, 'long': 153.731, 'Time': Timestamp('2006-11-15 11:33:23'), 'mag': 5.5}, {'lat': 46.652, 'long': 155.305, 'Time': Timestamp('2006-11-15 11:34:58'), 'mag': 6.4}, {'lat': 47.673, 'long': 151.525, 'Time': Timestamp('2006-11-15 11:40:03'), 'mag': 5.3}, {'lat': 46.483, 'long': 154.726, 'Time': Timestamp('2006-11-15 11:40:55'), 'mag': 6.7}, {'lat': 44.104, 'long': 154.7, 'Time': Timestamp('2006-11-15 11:48:04'), 'mag': 5.5}, {'lat': 47.362, 'long': 154.411, 'Time': Timestamp('2006-11-15 11:52:55'), 'mag': 5.0}, {'lat': 47.323, 'long': 155.361, 'Time': Timestamp('2006-11-15 12:09:17'), 'mag': 5.4}, {'lat': 46.301, 'long': 154.407, 'Time': Timestamp('2006-11-15 12:15:23'), 'mag': 5.3}, {'lat': 47.111, 'long': 154.417, 'Time': Timestamp('2006-11-15 12:16:05'), 'mag': 5.7}, {'lat': 46.195, 'long': 154.668, 'Time': Timestamp('2006-11-15 12:16:44'), 'mag': 5.9}, {'lat': 46.789, 'long': 153.395, 'Time': Timestamp('2006-11-15 12:23:04'), 'mag': 5.0}, {'lat': 47.421, 'long': 153.861, 'Time': Timestamp('2006-11-15 12:26:15'), 'mag': 5.7}, {'lat': 47.055, 'long': 155.526, 'Time': Timestamp('2006-11-15 12:28:21'), 'mag': 5.5}, {'lat': 46.632, 'long': 153.978, 'Time': Timestamp('2006-11-15 13:17:30'), 'mag': 5.0}, {'lat': -6.942, 'long': 144.314, 'Time': Timestamp('2006-11-15 13:36:23'), 'mag': 5.0}, {'lat': 47.025, 'long': 155.19, 'Time': Timestamp('2006-11-15 13:38:23'), 'mag': 5.4}, {'lat': 46.622, 'long': 155.003, 'Time': Timestamp('2006-11-15 13:46:43'), 'mag': 5.0}, {'lat': 46.602, 'long': 155.013, 'Time': Timestamp('2006-11-15 13:58:15'), 'mag': 5.1}, {'lat': 47.601, 'long': 154.083, 'Time': Timestamp('2006-11-15 14:20:54'), 'mag': 5.4}, {'lat': 46.282, 'long': 154.17, 'Time': Timestamp('2006-11-15 15:11:57'), 'mag': 5.3}, {'lat': 46.719, 'long': 153.002, 'Time': Timestamp('2006-11-15 15:15:40'), 'mag': 5.1}, {'lat': 46.091, 'long': 154.465, 'Time': Timestamp('2006-11-15 15:19:33'), 'mag': 5.4}, {'lat': 48.054, 'long': 155.165, 'Time': Timestamp('2006-11-15 16:04:18'), 'mag': 5.4}, {'lat': 47.146, 'long': 155.155, 'Time': Timestamp('2006-11-15 17:25:30'), 'mag': 5.2}, {'lat': 47.57, 'long': 155.082, 'Time': Timestamp('2006-11-15 18:47:04'), 'mag': 5.2}, {'lat': 47.006, 'long': 154.979, 'Time': Timestamp('2006-11-15 19:25:25'), 'mag': 6.0}, {'lat': 47.075, 'long': 155.166, 'Time': Timestamp('2006-11-15 19:28:06'), 'mag': 5.5}, {'lat': 46.508, 'long': 154.862, 'Time': Timestamp('2006-11-15 19:37:02'), 'mag': 5.0}, {'lat': 47.191, 'long': 155.269, 'Time': Timestamp('2006-11-15 20:04:22'), 'mag': 5.2}, {'lat': 46.862, 'long': 155.054, 'Time': Timestamp('2006-11-15 20:56:48'), 'mag': 5.0}, {'lat': 47.239, 'long': 153.771, 'Time': Timestamp('2006-11-15 21:02:06'), 'mag': 5.4}, {'lat': 46.867, 'long': 154.996, 'Time': Timestamp('2006-11-15 21:17:08'), 'mag': 5.5}, {'lat': 47.278, 'long': 154.146, 'Time': Timestamp('2006-11-15 21:22:21'), 'mag': 5.9}, {'lat': 47.141, 'long': 153.51, 'Time': Timestamp('2006-11-15 21:25:22'), 'mag': 5.7}, {'lat': 47.382, 'long': 154.164, 'Time': Timestamp('2006-11-15 21:31:24'), 'mag': 5.5}, {'lat': 47.666, 'long': 154.548, 'Time': Timestamp('2006-11-15 21:35:09'), 'mag': 5.6}, {'lat': 46.718, 'long': 153.3, 'Time': Timestamp('2006-11-15 21:40:08'), 'mag': 5.5}, {'lat': 46.497, 'long': 152.9, 'Time': Timestamp('2006-11-15 22:07:05'), 'mag': 5.4}, {'lat': 46.967, 'long': 155.345, 'Time': Timestamp('2006-11-15 22:50:33'), 'mag': 5.0}, {'lat': 47.158, 'long': 153.487, 'Time': Timestamp('2006-11-16 00:22:56'), 'mag': 5.3}, {'lat': 46.804, 'long': 155.067, 'Time': Timestamp('2006-11-16 01:58:04'), 'mag': 5.1}]",57,6
140,2006-11-29 07:20:24.571,1,"[{'lat': 36.277, 'long': 70.883, 'Time': Timestamp('2006-11-29 16:56:40'), 'mag': 5.0}]",1,21
141,2006-12-01 10:36:20.564,0,[],0,23
142,2006-11-17 13:55:50.607,0,[],0,9
143,2006-11-19 17:12:20.449,1,"[{'lat': -4.521, 'long': -104.832, 'Time': Timestamp('2006-11-19 18:57:33'), 'mag': 6.1}, {'lat': -17.668, 'long': -70.228, 'Time': Timestamp('2006-11-20 14:38:27'), 'mag': 5.6}, {'lat': -40.121, 'long': -75.042, 'Time': Timestamp('2006-11-20 19:33:54'), 'mag': 5.2}]",3,11
144,2006-11-28 20:26:52.410,1,"[{'lat': 26.728, 'long': -114.161, 'Time': Timestamp('2006-11-29 14:34:02'), 'mag': 5.0}]",1,20
145,2006-11-16 23:40:22.462,1,"[{'lat': -20.643, 'long': -178.8, 'Time': Timestamp('2006-11-17 02:03:09'), 'mag': 5.4}, {'lat': -20.062, 'long': -174.254, 'Time': Timestamp('2006-11-18 01:22:31'), 'mag': 5.1}, {'lat': -23.497, 'long': -175.545, 'Time': Timestamp('2006-11-18 21:45:11'), 'mag': 5.0}]",3,8
146,2006-11-21 07:51:25.007,0,[],0,12
147,2006-11-18 11:07:50.965,1,"[{'lat': -55.584, 'long': -24.871, 'Time': Timestamp('2006-11-19 01:55:05'), 'mag': 5.7}]",1,9
148,2006-11-25 14:26:48.129,0,[],0,16
149,2006-12-09 17:42:50.961,0,[],0,30
150,2006-12-02 20:56:52.810,0,[],0,23
151,2006-12-08 00:10:52.864,1,"[{'lat': 5.08, 'long': 94.752, 'Time': Timestamp('2006-12-09 09:24:46'), 'mag': 5.1}, {'lat': 47.435, 'long': 147.055, 'Time': Timestamp('2006-12-09 14:48:54'), 'mag': 5.8}, {'lat': 52.615, 'long': 160.576, 'Time': Timestamp('2006-12-09 17:11:51'), 'mag': 5.1}]",3,28
152,2006-11-16 08:21:50.531,1,"[{'lat': 22.667, 'long': 63.279, 'Time': Timestamp('2006-11-16 09:36:26'), 'mag': 5.3}]",1,6
153,2006-11-24 11:38:53.052,0,[],0,14
154,2006-12-02 14:57:11.994,0,[],0,22
155,2006-11-22 18:13:22.159,0,[],0,12
156,2006-12-09 21:27:22.212,1,"[{'lat': -18.742, 'long': -178.014, 'Time': Timestamp('2006-12-10 00:43:03'), 'mag': 5.5}]",1,29
157,2006-12-10 00:41:17.031,1,"[{'lat': 10.023, 'long': 140.416, 'Time': Timestamp('2006-12-10 03:18:23'), 'mag': 5.5}, {'lat': 29.761, 'long': 130.516, 'Time': Timestamp('2006-12-10 15:28:09'), 'mag': 5.7}, {'lat': 48.029, 'long': 154.523, 'Time': Timestamp('2006-12-11 07:46:39'), 'mag': 5.2}, {'lat': 55.759, 'long': 110.05, 'Time': Timestamp('2006-12-11 09:08:46'), 'mag': 5.1}, {'lat': 21.937, 'long': 143.018, 'Time': Timestamp('2006-12-11 09:24:32'), 'mag': 5.0}]",5,29
158,2006-11-24 08:52:53.482,0,[],0,13
159,2006-12-06 12:09:52.452,0,[],0,25
160,2006-12-05 15:28:21.592,1,"[{'lat': 47.112, 'long': -27.301, 'Time': Timestamp('2006-12-07 05:20:54'), 'mag': 5.0}]",1,24
161,2006-11-26 18:43:47.002,0,[],0,15
162,2006-12-09 21:57:49.589,1,"[{'lat': -18.742, 'long': -178.014, 'Time': Timestamp('2006-12-10 00:43:03'), 'mag': 5.5}]",1,28
163,2006-12-11 01:11:50.200,1,"[{'lat': 48.029, 'long': 154.523, 'Time': Timestamp('2006-12-11 07:46:39'), 'mag': 5.2}, {'lat': 55.759, 'long': 110.05, 'Time': Timestamp('2006-12-11 09:08:46'), 'mag': 5.1}, {'lat': 21.937, 'long': 143.018, 'Time': Timestamp('2006-12-11 09:24:32'), 'mag': 5.0}, {'lat': -5.036, 'long': 151.145, 'Time': Timestamp('2006-12-12 06:35:34'), 'mag': 5.0}, {'lat': 6.426, 'long': 125.905, 'Time': Timestamp('2006-12-12 09:37:38'), 'mag': 5.0}, {'lat': 3.733, 'long': 124.684, 'Time': Timestamp('2006-12-12 15:48:03'), 'mag': 6.3}, {'lat': 46.241, 'long': 152.995, 'Time': Timestamp('2006-12-12 22:32:08'), 'mag': 5.0}]",7,29
164,2006-12-02 06:06:57.591,0,[],0,20
165,2006-11-24 09:21:51.003,0,[],0,12
166,2006-12-02 22:27:53.863,1,"[{'lat': -0.538, 'long': -19.738, 'Time': Timestamp('2006-12-03 08:19:51'), 'mag': 5.6}, {'lat': -50.703, 'long': 162.564, 'Time': Timestamp('2006-12-03 10:53:43'), 'mag': 5.7}, {'lat': -44.786, 'long': -15.294, 'Time': Timestamp('2006-12-03 19:27:09'), 'mag': 5.1}, {'lat': 13.994, 'long': -91.207, 'Time': Timestamp('2006-12-03 20:52:15'), 'mag': 6.0}]",4,20
167,2006-11-19 01:42:18.614,1,"[{'lat': 3.498, 'long': 126.732, 'Time': Timestamp('2006-11-19 02:26:53'), 'mag': 5.1}, {'lat': -6.338, 'long': 151.492, 'Time': Timestamp('2006-11-19 09:19:39'), 'mag': 5.3}, {'lat': 46.901, 'long': 154.891, 'Time': Timestamp('2006-11-19 15:16:52'), 'mag': 5.5}, {'lat': 47.368, 'long': 154.292, 'Time': Timestamp('2006-11-19 21:53:20'), 'mag': 5.1}, {'lat': 47.71, 'long': 154.325, 'Time': Timestamp('2006-11-20 05:27:28'), 'mag': 5.1}, {'lat': 46.918, 'long': 153.496, 'Time': Timestamp('2006-11-20 16:48:26'), 'mag': 5.0}]",6,6
168,2006-12-02 04:59:22.981,0,[],0,19
169,2006-11-29 08:15:45.613,1,"[{'lat': 36.277, 'long': 70.883, 'Time': Timestamp('2006-11-29 16:56:40'), 'mag': 5.0}]",1,16
170,2006-11-18 11:32:49.326,1,"[{'lat': -55.584, 'long': -24.871, 'Time': Timestamp('2006-11-19 01:55:05'), 'mag': 5.7}]",1,5
171,2006-12-07 14:51:19.035,0,[],0,24
172,2006-11-18 18:07:22.336,1,"[{'lat': 18.463, 'long': -104.489, 'Time': Timestamp('2006-11-19 06:59:07'), 'mag': 5.5}, {'lat': -4.521, 'long': -104.832, 'Time': Timestamp('2006-11-19 18:57:33'), 'mag': 6.1}]",2,5
173,2006-11-30 21:21:22.389,1,"[{'lat': -15.19, 'long': -174.0, 'Time': Timestamp('2006-12-01 09:23:39'), 'mag': 5.3}, {'lat': -17.774, 'long': -174.314, 'Time': Timestamp('2006-12-02 09:52:13'), 'mag': 5.8}]",2,17
174,2006-12-13 00:35:18.536,1,"[{'lat': 46.166, 'long': 152.966, 'Time': Timestamp('2006-12-13 01:57:43'), 'mag': 5.0}, {'lat': 46.212, 'long': 153.016, 'Time': Timestamp('2006-12-13 02:11:08'), 'mag': 5.0}, {'lat': 10.084, 'long': 140.419, 'Time': Timestamp('2006-12-13 14:04:40'), 'mag': 5.3}, {'lat': 20.892, 'long': 119.895, 'Time': Timestamp('2006-12-13 17:02:19'), 'mag': 5.1}, {'lat': 47.077, 'long': 152.587, 'Time': Timestamp('2006-12-14 07:43:01'), 'mag': 5.1}, {'lat': 47.394, 'long': 153.015, 'Time': Timestamp('2006-12-14 10:46:22'), 'mag': 5.1}]",6,29
175,2006-11-23 07:07:54.625,1,"[{'lat': 44.229, 'long': 83.524, 'Time': Timestamp('2006-11-23 11:04:44'), 'mag': 5.1}]",1,9
176,2006-12-02 10:24:20.917,1,"[{'lat': -44.786, 'long': -15.294, 'Time': Timestamp('2006-12-03 19:27:09'), 'mag': 5.1}]",1,18
177,2006-12-14 13:43:23.617,0,[],0,30
178,2006-12-02 17:00:24.898,1,"[{'lat': 13.994, 'long': -91.207, 'Time': Timestamp('2006-12-03 20:52:15'), 'mag': 6.0}]",1,18
179,2006-11-25 20:14:52.763,0,[],0,11
180,2006-11-22 23:28:22.817,1,"[{'lat': 19.8871667, 'long': -155.976, 'Time': Timestamp('2006-11-23 19:20:10'), 'mag': 5.0}, {'lat': -19.876, 'long': -174.292, 'Time': Timestamp('2006-11-24 15:46:17'), 'mag': 5.0}, {'lat': -20.526, 'long': -176.118, 'Time': Timestamp('2006-11-24 17:11:08'), 'mag': 5.1}, {'lat': -23.422, 'long': -175.572, 'Time': Timestamp('2006-11-24 19:55:01'), 'mag': 5.7}]",4,8
181,2006-11-28 09:15:47.084,0,[],0,13
182,2006-12-10 12:34:53.933,0,[],0,25
183,2006-12-12 15:52:47.234,1,"[{'lat': -41.392, 'long': -86.003, 'Time': Timestamp('2006-12-12 23:08:35'), 'mag': 5.5}, {'lat': -41.446, 'long': -86.205, 'Time': Timestamp('2006-12-12 23:40:38'), 'mag': 5.3}]",2,27
184,2006-12-12 19:08:19.397,1,"[{'lat': -35.177, 'long': -104.456, 'Time': Timestamp('2006-12-13 08:16:12'), 'mag': 5.0}, {'lat': -24.118, 'long': -115.508, 'Time': Timestamp('2006-12-13 18:58:01'), 'mag': 5.4}]",2,27
185,2006-12-01 08:09:52.591,0,[],0,15
186,2006-12-06 19:38:20.021,0,[],0,20
187,2006-11-29 22:52:22.642,1,"[{'lat': -25.371, 'long': 179.661, 'Time': Timestamp('2006-11-29 23:08:15'), 'mag': 5.5}, {'lat': -29.449, 'long': -112.212, 'Time': Timestamp('2006-11-30 08:48:29'), 'mag': 5.2}, {'lat': -21.297, 'long': -174.677, 'Time': Timestamp('2006-11-30 11:33:17'), 'mag': 6.0}, {'lat': -53.844, 'long': -134.359, 'Time': Timestamp('2006-11-30 21:20:11'), 'mag': 6.2}, {'lat': -29.761, 'long': -111.958, 'Time': Timestamp('2006-11-30 23:38:12'), 'mag': 5.6}, {'lat': -29.75, 'long': -112.25, 'Time': Timestamp('2006-12-01 01:31:36'), 'mag': 5.1}, {'lat': -15.19, 'long': -174.0, 'Time': Timestamp('2006-12-01 09:23:39'), 'mag': 5.3}]",7,13
188,2006-12-12 07:01:57.619,0,[],0,25
189,2006-12-08 10:17:51.143,0,[],0,21
190,2006-11-22 13:37:22.404,0,[],0,5
191,2006-12-11 16:54:22.356,1,"[{'lat': -41.392, 'long': -86.003, 'Time': Timestamp('2006-12-12 23:08:35'), 'mag': 5.5}, {'lat': -41.446, 'long': -86.205, 'Time': Timestamp('2006-12-12 23:40:38'), 'mag': 5.3}, {'lat': -35.177, 'long': -104.456, 'Time': Timestamp('2006-12-13 08:16:12'), 'mag': 5.0}]",3,24
192,2006-12-15 20:08:52.990,0,[],0,28
193,2006-12-06 23:22:23.043,1,"[{'lat': -6.136, 'long': 154.189, 'Time': Timestamp('2006-12-07 11:01:36'), 'mag': 5.3}, {'lat': -16.463, 'long': -172.61, 'Time': Timestamp('2006-12-07 20:44:07'), 'mag': 5.4}, {'lat': -20.292, 'long': -174.055, 'Time': Timestamp('2006-12-08 19:24:56'), 'mag': 5.1}, {'lat': -20.243, 'long': -174.146, 'Time': Timestamp('2006-12-08 22:03:28'), 'mag': 5.0}]",4,19
194,2006-11-24 07:32:51.708,0,[],0,6
195,2006-12-07 10:48:47.777,0,[],0,19
196,2006-11-25 14:07:50.588,0,[],0,7
197,2006-12-07 17:24:50.429,1,"[{'lat': 13.006, 'long': -89.453, 'Time': Timestamp('2006-12-09 00:51:41'), 'mag': 5.2}]",1,19
198,2006-11-26 20:38:52.390,1,"[{'lat': -59.002, 'long': -159.307, 'Time': Timestamp('2006-11-28 02:39:14'), 'mag': 5.4}]",1,8
199,2006-11-28 23:52:52.444,1,"[{'lat': -6.334, 'long': 154.802, 'Time': Timestamp('2006-11-29 18:08:31'), 'mag': 5.2}, {'lat': -25.371, 'long': 179.661, 'Time': Timestamp('2006-11-29 23:08:15'), 'mag': 5.5}, {'lat': -21.297, 'long': -174.677, 'Time': Timestamp('2006-11-30 11:33:17'), 'mag': 6.0}]",3,10
200,2006-11-28 08:03:19.999,1,"[{'lat': 36.277, 'long': 70.883, 'Time': Timestamp('2006-11-29 16:56:40'), 'mag': 5.0}]",1,9
201,2006-12-03 11:20:19.730,1,"[{'lat': -44.786, 'long': -15.294, 'Time': Timestamp('2006-12-03 19:27:09'), 'mag': 5.1}]",1,14
202,2006-12-06 14:38:47.998,1,"[{'lat': 47.112, 'long': -27.301, 'Time': Timestamp('2006-12-07 05:20:54'), 'mag': 5.0}]",1,17
203,2006-12-08 21:09:22.792,1,"[{'lat': -20.243, 'long': -174.146, 'Time': Timestamp('2006-12-08 22:03:28'), 'mag': 5.0}]",1,19
204,2006-12-10 00:23:23.035,1,"[{'lat': 10.023, 'long': 140.416, 'Time': Timestamp('2006-12-10 03:18:23'), 'mag': 5.5}, {'lat': 29.761, 'long': 130.516, 'Time': Timestamp('2006-12-10 15:28:09'), 'mag': 5.7}, {'lat': 48.029, 'long': 154.523, 'Time': Timestamp('2006-12-11 07:46:39'), 'mag': 5.2}, {'lat': 55.759, 'long': 110.05, 'Time': Timestamp('2006-12-11 09:08:46'), 'mag': 5.1}, {'lat': 21.937, 'long': 143.018, 'Time': Timestamp('2006-12-11 09:24:32'), 'mag': 5.0}]",5,20
205,2006-12-01 05:17:55.113,0,[],0,11
206,2006-12-05 08:34:23.281,1,"[{'lat': -43.044, 'long': 41.762, 'Time': Timestamp('2006-12-06 12:05:49'), 'mag': 5.1}]",1,15
207,2006-11-26 11:51:23.032,0,[],0,6
208,2006-11-29 15:09:42.087,1,"[{'lat': 53.887, 'long': -35.393, 'Time': Timestamp('2006-11-29 15:22:24'), 'mag': 5.1}, {'lat': 53.741, 'long': -35.438, 'Time': Timestamp('2006-11-29 15:38:44'), 'mag': 5.6}]",2,9
209,2006-12-14 18:25:52.140,1,"[{'lat': -35.327, 'long': -105.745, 'Time': Timestamp('2006-12-15 23:57:10'), 'mag': 5.8}]",1,24
210,2006-12-07 12:16:22.653,0,[],0,13
211,2006-12-15 15:34:21.791,0,[],0,21
212,2006-12-24 18:49:52.760,1,"[{'lat': -28.75, 'long': -112.75, 'Time': Timestamp('2006-12-24 21:37:36'), 'mag': 5.0}]",1,30
213,2006-12-15 22:03:52.813,1,"[{'lat': -35.327, 'long': -105.745, 'Time': Timestamp('2006-12-15 23:57:10'), 'mag': 5.8}, {'lat': -21.175, 'long': -174.573, 'Time': Timestamp('2006-12-17 12:40:10'), 'mag': 5.5}, {'lat': -21.258, 'long': -174.472, 'Time': Timestamp('2006-12-17 12:51:08'), 'mag': 5.8}]",3,21
214,2006-12-05 01:17:51.728,1,"[{'lat': 2.62, 'long': 126.67, 'Time': Timestamp('2006-12-05 03:48:15'), 'mag': 5.1}, {'lat': 46.694, 'long': 152.565, 'Time': Timestamp('2006-12-05 09:34:26'), 'mag': 5.0}, {'lat': 9.602, 'long': 122.407, 'Time': Timestamp('2006-12-06 03:26:05'), 'mag': 5.4}, {'lat': -7.006, 'long': 144.471, 'Time': Timestamp('2006-12-06 04:52:06'), 'mag': 5.1}, {'lat': 4.86, 'long': 96.228, 'Time': Timestamp('2006-12-06 12:06:39'), 'mag': 5.2}, {'lat': 42.195, 'long': 144.725, 'Time': Timestamp('2006-12-06 14:04:50'), 'mag': 5.1}, {'lat': 1.112, 'long': 132.286, 'Time': Timestamp('2006-12-06 19:16:37'), 'mag': 5.0}, {'lat': -53.982, 'long': 158.999, 'Time': Timestamp('2006-12-06 20:39:49'), 'mag': 5.8}]",8,10
215,2006-12-15 11:07:50.125,0,[],0,20
216,2006-12-11 14:26:49.392,0,[],0,16
217,2006-12-21 17:42:52.134,0,[],0,26
218,2006-12-18 00:10:52.241,1,"[{'lat': 13.393, 'long': 145.894, 'Time': Timestamp('2006-12-18 16:59:39'), 'mag': 5.1}, {'lat': -6.809, 'long': 154.576, 'Time': Timestamp('2006-12-18 23:46:16'), 'mag': 5.3}, {'lat': 2.458, 'long': 98.0, 'Time': Timestamp('2006-12-19 12:48:16'), 'mag': 5.0}]",3,22
219,2006-12-23 08:21:47.140,1,"[{'lat': 39.607, 'long': 74.544, 'Time': Timestamp('2006-12-24 01:58:33'), 'mag': 5.0}]",1,27
220,2006-12-15 11:38:52.428,0,[],0,19
221,2006-12-08 14:57:21.121,0,[],0,12
222,2006-12-10 18:13:22.535,0,[],0,14
223,2006-12-21 21:27:22.589,0,[],0,25
224,2006-12-06 00:41:17.407,1,"[{'lat': 9.602, 'long': 122.407, 'Time': Timestamp('2006-12-06 03:26:05'), 'mag': 5.4}, {'lat': -7.006, 'long': 144.471, 'Time': Timestamp('2006-12-06 04:52:06'), 'mag': 5.1}, {'lat': 4.86, 'long': 96.228, 'Time': Timestamp('2006-12-06 12:06:39'), 'mag': 5.2}, {'lat': 42.195, 'long': 144.725, 'Time': Timestamp('2006-12-06 14:04:50'), 'mag': 5.1}, {'lat': 1.112, 'long': 132.286, 'Time': Timestamp('2006-12-06 19:16:37'), 'mag': 5.0}, {'lat': -53.982, 'long': 158.999, 'Time': Timestamp('2006-12-06 20:39:49'), 'mag': 5.8}, {'lat': 47.112, 'long': -27.301, 'Time': Timestamp('2006-12-07 05:20:54'), 'mag': 5.0}, {'lat': -8.801, 'long': 126.704, 'Time': Timestamp('2006-12-07 06:34:54'), 'mag': 5.7}, {'lat': -6.136, 'long': 154.189, 'Time': Timestamp('2006-12-07 11:01:36'), 'mag': 5.3}, {'lat': 46.153, 'long': 154.386, 'Time': Timestamp('2006-12-07 19:10:21'), 'mag': 6.4}]",10,9
225,2006-12-04 08:52:53.970,0,[],0,7
226,2006-12-14 12:09:52.830,0,[],0,17
227,2006-12-12 15:28:21.968,1,"[{'lat': -41.392, 'long': -86.003, 'Time': Timestamp('2006-12-12 23:08:35'), 'mag': 5.5}, {'lat': -41.446, 'long': -86.205, 'Time': Timestamp('2006-12-12 23:40:38'), 'mag': 5.3}]",2,15
228,2006-12-24 18:43:52.937,1,"[{'lat': -28.75, 'long': -112.75, 'Time': Timestamp('2006-12-24 21:37:36'), 'mag': 5.0}]",1,27
229,2006-12-05 21:57:52.990,1,"[{'lat': -43.044, 'long': 41.762, 'Time': Timestamp('2006-12-06 12:05:49'), 'mag': 5.1}, {'lat': 27.593, 'long': -111.295, 'Time': Timestamp('2006-12-06 14:09:58'), 'mag': 5.0}, {'lat': -16.463, 'long': -172.61, 'Time': Timestamp('2006-12-07 20:44:07'), 'mag': 5.4}]",3,8
230,2006-12-24 01:11:51.905,1,"[{'lat': 39.607, 'long': 74.544, 'Time': Timestamp('2006-12-24 01:58:33'), 'mag': 5.0}, {'lat': -4.548, 'long': 153.161, 'Time': Timestamp('2006-12-24 05:07:37'), 'mag': 5.7}, {'lat': -6.801, 'long': 116.509, 'Time': Timestamp('2006-12-24 08:01:05'), 'mag': 5.6}, {'lat': -5.1, 'long': 144.875, 'Time': Timestamp('2006-12-24 09:46:26'), 'mag': 5.3}, {'lat': 51.707, 'long': 178.887, 'Time': Timestamp('2006-12-24 14:26:16'), 'mag': 5.3}, {'lat': -2.115, 'long': 139.044, 'Time': Timestamp('2006-12-24 17:39:07'), 'mag': 5.8}, {'lat': -3.015, 'long': 141.774, 'Time': Timestamp('2006-12-25 03:23:06'), 'mag': 5.0}, {'lat': 42.156, 'long': 76.163, 'Time': Timestamp('2006-12-25 20:01:00'), 'mag': 5.8}, {'lat': 46.86, 'long': 152.624, 'Time': Timestamp('2006-12-25 20:28:25'), 'mag': 5.1}]",9,26
231,2006-12-04 06:06:53.094,1,"[{'lat': 55.767, 'long': 110.08, 'Time': Timestamp('2006-12-04 09:14:04'), 'mag': 5.2}]",1,6
232,2006-12-15 09:21:49.163,1,"[{'lat': 13.817, 'long': 51.658, 'Time': Timestamp('2006-12-15 13:19:06'), 'mag': 5.4}]",1,17
233,2006-12-28 12:41:22.231,0,[],0,30
234,2006-12-23 15:58:48.825,1,"[{'lat': -14.119, 'long': -76.919, 'Time': Timestamp('2006-12-24 07:27:43'), 'mag': 5.0}]",1,25
235,2006-12-08 19:14:22.338,0,[],0,10
236,2006-12-03 22:27:49.143,1,"[{'lat': -55.519, 'long': -124.064, 'Time': Timestamp('2006-12-05 03:46:59'), 'mag': 5.4}, {'lat': -58.896, 'long': -61.071, 'Time': Timestamp('2006-12-05 06:47:22'), 'mag': 5.2}, {'lat': -18.167, 'long': 172.61, 'Time': Timestamp('2006-12-05 08:38:21'), 'mag': 5.1}, {'lat': 11.397, 'long': -86.411, 'Time': Timestamp('2006-12-05 15:58:54'), 'mag': 5.5}, {'lat': -35.342, 'long': -104.546, 'Time': Timestamp('2006-12-05 20:14:30'), 'mag': 5.8}]",5,5
237,2006-12-11 01:42:19.431,1,"[{'lat': 48.029, 'long': 154.523, 'Time': Timestamp('2006-12-11 07:46:39'), 'mag': 5.2}, {'lat': 55.759, 'long': 110.05, 'Time': Timestamp('2006-12-11 09:08:46'), 'mag': 5.1}, {'lat': 21.937, 'long': 143.018, 'Time': Timestamp('2006-12-11 09:24:32'), 'mag': 5.0}, {'lat': -5.036, 'long': 151.145, 'Time': Timestamp('2006-12-12 06:35:34'), 'mag': 5.0}, {'lat': 6.426, 'long': 125.905, 'Time': Timestamp('2006-12-12 09:37:38'), 'mag': 5.0}, {'lat': 3.733, 'long': 124.684, 'Time': Timestamp('2006-12-12 15:48:03'), 'mag': 6.3}, {'lat': 46.241, 'long': 152.995, 'Time': Timestamp('2006-12-12 22:32:08'), 'mag': 5.0}]",7,12
238,2006-12-15 06:37:23.485,1,"[{'lat': 13.817, 'long': 51.658, 'Time': Timestamp('2006-12-15 13:19:06'), 'mag': 5.4}]",1,16
239,2006-12-11 14:51:18.026,1,"[{'lat': -41.392, 'long': -86.003, 'Time': Timestamp('2006-12-12 23:08:35'), 'mag': 5.5}, {'lat': -41.446, 'long': -86.205, 'Time': Timestamp('2006-12-12 23:40:38'), 'mag': 5.3}]",2,12
240,2006-12-17 18:07:22.767,0,[],0,18
241,2006-12-29 22:58:22.846,1,"[{'lat': 5.496, 'long': -82.489, 'Time': Timestamp('2006-12-30 14:33:10'), 'mag': 5.5}, {'lat': -48.553, 'long': -116.64, 'Time': Timestamp('2006-12-30 17:39:14'), 'mag': 5.2}, {'lat': -49.75, 'long': -115.75, 'Time': Timestamp('2006-12-30 17:39:20'), 'mag': 5.2}, {'lat': 13.79, 'long': -90.515, 'Time': Timestamp('2006-12-30 17:42:14'), 'mag': 5.2}, {'lat': -37.94, 'long': -71.114, 'Time': Timestamp('2006-12-31 14:55:02'), 'mag': 5.6}, {'lat': -28.591, 'long': -112.33, 'Time': Timestamp('2006-12-31 22:48:54'), 'mag': 5.6}]",6,30
242,2006-12-24 08:44:52.538,0,[],0,24
243,2006-12-07 12:03:53.060,0,[],0,7
244,2006-12-14 15:22:19.760,0,[],0,14
245,2006-12-05 18:37:46.610,1,"[{'lat': -35.342, 'long': -104.546, 'Time': Timestamp('2006-12-05 20:14:30'), 'mag': 5.8}, {'lat': 27.593, 'long': -111.295, 'Time': Timestamp('2006-12-06 14:09:58'), 'mag': 5.0}]",2,5
246,2006-12-05 21:51:49.197,1,"[{'lat': -43.044, 'long': 41.762, 'Time': Timestamp('2006-12-06 12:05:49'), 'mag': 5.1}, {'lat': 27.593, 'long': -111.295, 'Time': Timestamp('2006-12-06 14:09:58'), 'mag': 5.0}, {'lat': -16.463, 'long': -172.61, 'Time': Timestamp('2006-12-07 20:44:07'), 'mag': 5.4}]",3,5
247,2006-12-10 01:05:49.808,1,"[{'lat': 10.023, 'long': 140.416, 'Time': Timestamp('2006-12-10 03:18:23'), 'mag': 5.5}, {'lat': 29.761, 'long': 130.516, 'Time': Timestamp('2006-12-10 15:28:09'), 'mag': 5.7}, {'lat': 48.029, 'long': 154.523, 'Time': Timestamp('2006-12-11 07:46:39'), 'mag': 5.2}, {'lat': 55.759, 'long': 110.05, 'Time': Timestamp('2006-12-11 09:08:46'), 'mag': 5.1}, {'lat': 21.937, 'long': 143.018, 'Time': Timestamp('2006-12-11 09:24:32'), 'mag': 5.0}]",5,9
248,2006-12-23 07:39:00.104,1,"[{'lat': 39.607, 'long': 74.544, 'Time': Timestamp('2006-12-24 01:58:33'), 'mag': 5.0}]",1,22
249,2006-12-19 10:55:22.078,0,[],0,18
250,2006-12-30 14:14:26.329,1,"[{'lat': -37.94, 'long': -71.114, 'Time': Timestamp('2006-12-31 14:55:02'), 'mag': 5.6}, {'lat': 32.8, 'long': -39.821, 'Time': Timestamp('2007-01-01 01:05:13'), 'mag': 5.0}]",2,29
251,2006-12-22 17:30:52.075,1,"[{'lat': -14.119, 'long': -76.919, 'Time': Timestamp('2006-12-24 07:27:43'), 'mag': 5.0}]",1,21
252,2006-12-13 20:44:52.596,0,[],0,12
253,2006-12-23 23:58:52.649,1,"[{'lat': -4.548, 'long': 153.161, 'Time': Timestamp('2006-12-24 05:07:37'), 'mag': 5.7}, {'lat': -5.1, 'long': 144.875, 'Time': Timestamp('2006-12-24 09:46:26'), 'mag': 5.3}, {'lat': 51.707, 'long': 178.887, 'Time': Timestamp('2006-12-24 14:26:16'), 'mag': 5.3}]",3,22
254,2006-12-09 08:09:52.972,0,[],0,7
255,2006-12-19 11:26:22.591,0,[],0,17
256,2006-12-07 14:45:22.635,0,[],0,5
257,2006-12-31 18:01:22.944,1,"[{'lat': -28.591, 'long': -112.33, 'Time': Timestamp('2006-12-31 22:48:54'), 'mag': 5.6}, {'lat': -28.655, 'long': -112.772, 'Time': Timestamp('2006-12-31 23:20:10'), 'mag': 5.3}, {'lat': -11.244, 'long': -79.291, 'Time': Timestamp('2007-01-02 17:43:54'), 'mag': 5.0}]",3,29
258,2006-12-17 21:15:22.997,1,"[{'lat': -20.984, 'long': -174.219, 'Time': Timestamp('2006-12-19 19:58:26'), 'mag': 5.4}]",1,15
259,2006-12-20 00:29:18.931,1,"[{'lat': 13.272, 'long': 125.806, 'Time': Timestamp('2006-12-20 23:55:55'), 'mag': 5.6}, {'lat': 12.039, 'long': 43.55, 'Time': Timestamp('2006-12-21 09:07:46'), 'mag': 5.0}, {'lat': 39.32, 'long': 23.6, 'Time': Timestamp('2006-12-21 18:30:52'), 'mag': 5.1}]",3,17
260,2006-12-24 05:23:54.318,1,"[{'lat': 42.156, 'long': 76.163, 'Time': Timestamp('2006-12-25 20:01:00'), 'mag': 5.8}]",1,21
261,2006-12-18 08:38:53.043,0,[],0,15
262,2006-12-25 11:57:22.237,0,[],0,22
263,2006-12-15 15:15:51.266,0,[],0,12
264,2006-12-14 21:45:22.398,1,"[{'lat': -35.327, 'long': -105.745, 'Time': Timestamp('2006-12-15 23:57:10'), 'mag': 5.8}]",1,11
265,2006-12-15 00:59:21.313,1,"[{'lat': 13.817, 'long': 51.658, 'Time': Timestamp('2006-12-15 13:19:06'), 'mag': 5.4}, {'lat': 46.407, 'long': 153.042, 'Time': Timestamp('2006-12-15 16:59:02'), 'mag': 5.6}, {'lat': 46.387, 'long': 153.058, 'Time': Timestamp('2006-12-15 17:01:09'), 'mag': 5.3}, {'lat': -9.133, 'long': 158.625, 'Time': Timestamp('2006-12-16 10:15:52'), 'mag': 5.0}]",4,11
266,2007-01-02 05:54:24.607,1,"[{'lat': 5.452, 'long': 94.346, 'Time': Timestamp('2007-01-03 12:47:30'), 'mag': 5.4}, {'lat': -5.442, 'long': 101.413, 'Time': Timestamp('2007-01-03 23:31:22'), 'mag': 5.2}, {'lat': -5.45, 'long': 101.477, 'Time': Timestamp('2007-01-03 23:48:15'), 'mag': 5.3}]",3,29
267,2006-12-23 09:09:22.116,0,[],0,19
268,2006-12-29 12:28:52.639,0,[],0,25
269,2006-12-17 15:46:51.890,0,[],0,13
270,2006-12-21 19:01:48.516,0,[],0,17
271,2006-12-30 22:15:50.991,1,"[{'lat': -37.94, 'long': -71.114, 'Time': Timestamp('2006-12-31 14:55:02'), 'mag': 5.6}, {'lat': -28.591, 'long': -112.33, 'Time': Timestamp('2006-12-31 22:48:54'), 'mag': 5.6}, {'lat': -28.655, 'long': -112.772, 'Time': Timestamp('2006-12-31 23:20:10'), 'mag': 5.3}, {'lat': -18.3, 'long': -174.776, 'Time': Timestamp('2007-01-01 02:35:17'), 'mag': 5.0}]",4,26
272,2006-12-18 01:29:52.384,1,"[{'lat': 13.393, 'long': 145.894, 'Time': Timestamp('2006-12-18 16:59:39'), 'mag': 5.1}, {'lat': -6.809, 'long': 154.576, 'Time': Timestamp('2006-12-18 23:46:16'), 'mag': 5.3}, {'lat': 2.458, 'long': 98.0, 'Time': Timestamp('2006-12-19 12:48:16'), 'mag': 5.0}]",3,13
273,2006-12-17 06:24:49.797,1,"[{'lat': 4.815, 'long': 95.018, 'Time': Timestamp('2006-12-17 21:10:21'), 'mag': 5.8}]",1,12
274,2007-01-01 09:40:22.629,0,[],0,27
275,2006-12-27 17:55:20.325,0,[],0,22
276,2007-01-03 21:09:22.174,0,[],0,29
277,2006-12-22 00:23:22.417,1,"[{'lat': 3.269, 'long': 125.277, 'Time': Timestamp('2006-12-22 11:06:06'), 'mag': 5.5}, {'lat': 10.653, 'long': 92.361, 'Time': Timestamp('2006-12-22 19:50:44'), 'mag': 6.2}, {'lat': -54.392, 'long': 158.871, 'Time': Timestamp('2006-12-23 01:53:22'), 'mag': 5.1}, {'lat': -2.705, 'long': 134.054, 'Time': Timestamp('2006-12-23 10:54:50'), 'mag': 5.0}, {'lat': 24.768, 'long': 122.261, 'Time': Timestamp('2006-12-23 17:28:30'), 'mag': 5.1}, {'lat': -6.785, 'long': 105.635, 'Time': Timestamp('2006-12-23 22:59:40'), 'mag': 5.5}]",6,16
278,2006-12-18 05:17:54.495,1,"[{'lat': 2.458, 'long': 98.0, 'Time': Timestamp('2006-12-19 12:48:16'), 'mag': 5.0}]",1,12
279,2007-01-02 08:34:22.663,0,[],0,27
280,2007-01-03 11:51:22.465,1,"[{'lat': 0.548, 'long': -25.37, 'Time': Timestamp('2007-01-05 02:30:01'), 'mag': 5.0}]",1,28
281,2006-12-15 15:09:42.520,0,[],0,9
282,2007-01-05 21:39:22.626,1,"[{'lat': -60.015, 'long': 153.358, 'Time': Timestamp('2007-01-06 05:39:44'), 'mag': 5.0}, {'lat': -60.0, 'long': 150.0, 'Time': Timestamp('2007-01-06 05:39:52'), 'mag': 5.0}, {'lat': -1.456, 'long': -77.727, 'Time': Timestamp('2007-01-06 06:27:22'), 'mag': 5.0}, {'lat': -59.723, 'long': -26.682, 'Time': Timestamp('2007-01-06 08:32:20'), 'mag': 5.0}, {'lat': -20.829, 'long': -174.391, 'Time': Timestamp('2007-01-06 11:10:20'), 'mag': 5.1}, {'lat': -17.665, 'long': 65.734, 'Time': Timestamp('2007-01-07 10:14:37'), 'mag': 5.1}, {'lat': -35.407, 'long': -71.3, 'Time': Timestamp('2007-01-07 10:55:30'), 'mag': 5.0}, {'lat': 54.5998, 'long': -156.6915, 'Time': Timestamp('2007-01-07 15:33:41'), 'mag': 5.0}]",8,30
283,2006-12-25 00:53:18.773,1,"[{'lat': -3.015, 'long': 141.774, 'Time': Timestamp('2006-12-25 03:23:06'), 'mag': 5.0}, {'lat': 42.156, 'long': 76.163, 'Time': Timestamp('2006-12-25 20:01:00'), 'mag': 5.8}, {'lat': 46.86, 'long': 152.624, 'Time': Timestamp('2006-12-25 20:28:25'), 'mag': 5.1}, {'lat': -38.221, 'long': 112.029, 'Time': Timestamp('2006-12-26 07:29:01'), 'mag': 5.2}, {'lat': 21.799, 'long': 120.547, 'Time': Timestamp('2006-12-26 12:26:21'), 'mag': 7.1}, {'lat': 21.974, 'long': 120.493, 'Time': Timestamp('2006-12-26 12:34:13'), 'mag': 6.9}, {'lat': 21.636, 'long': 120.852, 'Time': Timestamp('2006-12-26 12:40:21'), 'mag': 5.5}, {'lat': 48.321, 'long': 154.837, 'Time': Timestamp('2006-12-26 15:19:45'), 'mag': 6.0}, {'lat': 46.355, 'long': 154.74, 'Time': Timestamp('2006-12-26 15:20:38'), 'mag': 5.4}, {'lat': 22.069, 'long': 120.413, 'Time': Timestamp('2006-12-26 15:41:44'), 'mag': 5.4}, {'lat': 21.802, 'long': 120.632, 'Time': Timestamp('2006-12-26 17:35:13'), 'mag': 5.3}, {'lat': -54.832, 'long': 147.54, 'Time': Timestamp('2006-12-26 22:38:10'), 'mag': 5.7}, {'lat': 2.931, 'long': 125.57, 'Time': Timestamp('2006-12-26 22:56:36'), 'mag': 5.4}]",13,18
284,2006-12-25 12:22:22.866,0,[],0,18
285,2006-12-22 15:40:54.774,1,"[{'lat': -14.119, 'long': -76.919, 'Time': Timestamp('2006-12-24 07:27:43'), 'mag': 5.0}]",1,15
286,2007-01-05 18:55:52.841,0,[],0,29
287,2007-01-05 22:09:53.987,1,"[{'lat': -60.015, 'long': 153.358, 'Time': Timestamp('2007-01-06 05:39:44'), 'mag': 5.0}, {'lat': -60.0, 'long': 150.0, 'Time': Timestamp('2007-01-06 05:39:52'), 'mag': 5.0}, {'lat': -1.456, 'long': -77.727, 'Time': Timestamp('2007-01-06 06:27:22'), 'mag': 5.0}, {'lat': -59.723, 'long': -26.682, 'Time': Timestamp('2007-01-06 08:32:20'), 'mag': 5.0}, {'lat': -20.829, 'long': -174.391, 'Time': Timestamp('2007-01-06 11:10:20'), 'mag': 5.1}, {'lat': -35.407, 'long': -71.3, 'Time': Timestamp('2007-01-07 10:55:30'), 'mag': 5.0}, {'lat': 54.5998, 'long': -156.6915, 'Time': Timestamp('2007-01-07 15:33:41'), 'mag': 5.0}]",7,29
288,2007-01-06 01:23:48.955,1,"[{'lat': -60.015, 'long': 153.358, 'Time': Timestamp('2007-01-06 05:39:44'), 'mag': 5.0}, {'lat': -60.0, 'long': 150.0, 'Time': Timestamp('2007-01-06 05:39:52'), 'mag': 5.0}, {'lat': 11.67, 'long': 125.901, 'Time': Timestamp('2007-01-06 10:54:12'), 'mag': 5.1}, {'lat': 0.068, 'long': 123.674, 'Time': Timestamp('2007-01-06 20:55:05'), 'mag': 5.1}, {'lat': 47.048, 'long': 153.885, 'Time': Timestamp('2007-01-07 08:01:39'), 'mag': 5.0}, {'lat': -17.665, 'long': 65.734, 'Time': Timestamp('2007-01-07 10:14:37'), 'mag': 5.1}]",6,29
289,2006-12-14 06:18:49.024,0,[],0,6
290,2007-01-01 09:34:17.761,0,[],0,24
291,2007-01-07 17:49:24.648,0,[],0,30
292,2006-12-13 21:03:22.401,0,[],0,5
293,2006-12-24 00:16:52.454,1,"[{'lat': 39.607, 'long': 74.544, 'Time': Timestamp('2006-12-24 01:58:33'), 'mag': 5.0}, {'lat': -4.548, 'long': 153.161, 'Time': Timestamp('2006-12-24 05:07:37'), 'mag': 5.7}, {'lat': -6.801, 'long': 116.509, 'Time': Timestamp('2006-12-24 08:01:05'), 'mag': 5.6}, {'lat': -5.1, 'long': 144.875, 'Time': Timestamp('2006-12-24 09:46:26'), 'mag': 5.3}, {'lat': 51.707, 'long': 178.887, 'Time': Timestamp('2006-12-24 14:26:16'), 'mag': 5.3}, {'lat': -2.115, 'long': 139.044, 'Time': Timestamp('2006-12-24 17:39:07'), 'mag': 5.8}, {'lat': -3.015, 'long': 141.774, 'Time': Timestamp('2006-12-25 03:23:06'), 'mag': 5.0}, {'lat': 42.156, 'long': 76.163, 'Time': Timestamp('2006-12-25 20:01:00'), 'mag': 5.8}, {'lat': 46.86, 'long': 152.624, 'Time': Timestamp('2006-12-25 20:28:25'), 'mag': 5.1}]",9,15
294,2007-01-08 08:28:22.890,1,"[{'lat': 39.803, 'long': 70.312, 'Time': Timestamp('2007-01-08 17:21:49'), 'mag': 6.0}, {'lat': 14.374, 'long': 56.47, 'Time': Timestamp('2007-01-09 20:52:23'), 'mag': 5.2}]",2,30
295,2006-12-14 13:24:52.670,0,[],0,5
296,2006-12-17 16:41:57.567,0,[],0,8
297,2006-12-28 19:56:52.776,0,[],0,19
298,2007-01-03 23:10:22.829,1,"[{'lat': -10.358, 'long': 161.14, 'Time': Timestamp('2007-01-03 23:22:33'), 'mag': 5.1}, {'lat': -23.256, 'long': 170.395, 'Time': Timestamp('2007-01-04 12:07:16'), 'mag': 5.0}, {'lat': -23.057, 'long': 169.935, 'Time': Timestamp('2007-01-04 15:08:14'), 'mag': 5.0}, {'lat': -22.971, 'long': -176.162, 'Time': Timestamp('2007-01-04 20:51:03'), 'mag': 5.1}, {'lat': 55.4948, 'long': -155.7421, 'Time': Timestamp('2007-01-05 16:52:19'), 'mag': 5.8}]",5,25
299,2006-12-24 08:57:23.960,0,[],0,14
300,2006-12-27 12:16:23.043,0,[],0,17
301,2007-01-01 15:34:21.182,1,"[{'lat': -11.244, 'long': -79.291, 'Time': Timestamp('2007-01-02 17:43:54'), 'mag': 5.0}]",1,22
302,2007-01-04 22:03:49.180,1,"[{'lat': 0.548, 'long': -25.37, 'Time': Timestamp('2007-01-05 02:30:01'), 'mag': 5.0}, {'lat': 55.4948, 'long': -155.7421, 'Time': Timestamp('2007-01-05 16:52:19'), 'mag': 5.8}, {'lat': -60.015, 'long': 153.358, 'Time': Timestamp('2007-01-06 05:39:44'), 'mag': 5.0}, {'lat': -60.0, 'long': 150.0, 'Time': Timestamp('2007-01-06 05:39:52'), 'mag': 5.0}, {'lat': -1.456, 'long': -77.727, 'Time': Timestamp('2007-01-06 06:27:22'), 'mag': 5.0}, {'lat': -59.723, 'long': -26.682, 'Time': Timestamp('2007-01-06 08:32:20'), 'mag': 5.0}, {'lat': -20.829, 'long': -174.391, 'Time': Timestamp('2007-01-06 11:10:20'), 'mag': 5.1}]",7,25
303,2006-12-27 01:17:47.023,1,"[{'lat': 21.999, 'long': 120.482, 'Time': Timestamp('2006-12-27 02:30:36'), 'mag': 5.6}, {'lat': -10.386, 'long': 123.779, 'Time': Timestamp('2006-12-27 08:49:37'), 'mag': 5.1}, {'lat': -5.724, 'long': 154.424, 'Time': Timestamp('2006-12-27 20:15:38'), 'mag': 6.0}]",3,16
304,2006-12-26 06:12:57.394,0,[],0,15
305,2006-12-22 09:28:19.266,0,[],0,11
306,2006-12-17 12:47:22.445,0,[],0,6
307,2007-01-07 16:05:13.503,0,[],0,27
308,2007-01-03 19:20:21.202,0,[],0,23
309,2006-12-25 22:33:49.358,1,"[{'lat': -38.221, 'long': 112.029, 'Time': Timestamp('2006-12-26 07:29:01'), 'mag': 5.2}, {'lat': -54.832, 'long': 147.54, 'Time': Timestamp('2006-12-26 22:38:10'), 'mag': 5.7}]",2,14
310,2007-01-03 01:48:19.422,1,"[{'lat': -5.013, 'long': 151.8, 'Time': Timestamp('2007-01-03 12:59:38'), 'mag': 5.2}, {'lat': -10.358, 'long': 161.14, 'Time': Timestamp('2007-01-03 23:22:33'), 'mag': 5.1}, {'lat': 12.294, 'long': 144.088, 'Time': Timestamp('2007-01-04 11:36:34'), 'mag': 5.0}]",3,22
311,2006-12-19 06:43:19.603,0,[],0,7
312,2007-01-10 09:59:22.435,0,[],0,29
313,2006-12-27 13:18:22.846,0,[],0,15
314,2006-12-27 16:35:52.320,0,[],0,15
315,2007-01-08 19:50:19.058,1,"[{'lat': -56.305, 'long': -142.296, 'Time': Timestamp('2007-01-09 11:35:15'), 'mag': 5.3}]",1,27
316,2007-01-11 23:04:23.006,1,"[{'lat': -21.454, 'long': 169.679, 'Time': Timestamp('2007-01-13 20:17:42'), 'mag': 5.3}]",1,30
317,2006-12-25 13:49:20.492,0,[],0,12
318,2006-12-31 17:06:20.445,1,"[{'lat': -28.591, 'long': -112.33, 'Time': Timestamp('2006-12-31 22:48:54'), 'mag': 5.6}, {'lat': -28.655, 'long': -112.772, 'Time': Timestamp('2006-12-31 23:20:10'), 'mag': 5.3}]",2,18
319,2006-12-18 20:20:52.406,0,[],0,5
320,2007-01-12 12:41:22.674,0,[],0,29
321,2007-01-10 15:58:47.828,0,[],0,27
322,2007-01-03 19:14:21.319,0,[],0,20
323,2007-01-12 22:27:53.682,1,"[{'lat': -21.454, 'long': 169.679, 'Time': Timestamp('2007-01-13 20:17:42'), 'mag': 5.3}, {'lat': -28.678, 'long': 74.178, 'Time': Timestamp('2007-01-14 14:08:00'), 'mag': 5.0}]",2,29
324,2007-01-05 01:42:22.530,1,"[{'lat': 0.254, 'long': 97.959, 'Time': Timestamp('2007-01-05 11:54:04'), 'mag': 5.3}, {'lat': 12.227, 'long': 144.018, 'Time': Timestamp('2007-01-05 15:23:28'), 'mag': 5.3}, {'lat': -60.0, 'long': 150.0, 'Time': Timestamp('2007-01-06 05:39:52'), 'mag': 5.0}, {'lat': 11.67, 'long': 125.901, 'Time': Timestamp('2007-01-06 10:54:12'), 'mag': 5.1}, {'lat': 0.068, 'long': 123.674, 'Time': Timestamp('2007-01-06 20:55:05'), 'mag': 5.1}]",5,21
325,2006-12-30 06:37:19.832,1,"[{'lat': 13.313, 'long': 51.365, 'Time': Timestamp('2006-12-30 08:30:49'), 'mag': 6.6}, {'lat': 13.665, 'long': 51.76, 'Time': Timestamp('2006-12-30 08:57:07'), 'mag': 5.3}, {'lat': 1.232, 'long': 67.117, 'Time': Timestamp('2007-01-01 00:31:45'), 'mag': 5.4}]",3,15
326,2007-01-02 09:52:52.664,0,[],0,18
327,2007-01-14 13:12:23.075,1,"[{'lat': -60.915, 'long': -34.069, 'Time': Timestamp('2007-01-15 07:58:11'), 'mag': 5.5}, {'lat': -61.348, 'long': -34.249, 'Time': Timestamp('2007-01-15 08:34:49'), 'mag': 5.0}, {'lat': 8.783, 'long': -39.735, 'Time': Timestamp('2007-01-15 10:11:29'), 'mag': 5.2}]",3,30
328,2006-12-26 16:29:50.221,0,[],0,11
329,2007-01-06 19:44:18.287,0,[],0,22
330,2006-12-25 22:58:22.235,1,"[{'lat': -24.78, 'long': -177.195, 'Time': Timestamp('2006-12-26 01:11:00'), 'mag': 5.2}]",1,10
331,2006-12-29 08:44:51.926,1,"[{'lat': 13.313, 'long': 51.365, 'Time': Timestamp('2006-12-30 08:30:49'), 'mag': 6.6}, {'lat': 13.665, 'long': 51.76, 'Time': Timestamp('2006-12-30 08:57:07'), 'mag': 5.3}]",2,13
332,2007-01-04 12:03:52.449,1,"[{'lat': 0.548, 'long': -25.37, 'Time': Timestamp('2007-01-05 02:30:01'), 'mag': 5.0}, {'lat': -59.723, 'long': -26.682, 'Time': Timestamp('2007-01-06 08:32:20'), 'mag': 5.0}]",2,19
333,2007-01-08 15:22:20.149,0,[],0,23
334,2007-01-05 18:37:46.999,0,[],0,20
335,2007-01-09 21:51:49.586,1,"[{'lat': 53.669, 'long': -167.724, 'Time': Timestamp('2007-01-10 10:01:18'), 'mag': 5.3}]",1,24
336,2007-01-09 01:05:50.197,1,"[{'lat': 59.42, 'long': -137.118, 'Time': Timestamp('2007-01-09 15:49:33'), 'mag': 5.7}, {'lat': 46.23, 'long': 153.014, 'Time': Timestamp('2007-01-09 20:28:46'), 'mag': 5.1}, {'lat': 14.374, 'long': 56.47, 'Time': Timestamp('2007-01-09 20:52:23'), 'mag': 5.2}, {'lat': 53.669, 'long': -167.724, 'Time': Timestamp('2007-01-10 10:01:18'), 'mag': 5.3}]",4,23
337,2007-01-11 07:39:00.494,0,[],0,25
338,2007-01-07 10:55:18.371,0,[],0,21
339,2006-12-31 14:14:26.717,1,"[{'lat': -37.94, 'long': -71.114, 'Time': Timestamp('2006-12-31 14:55:02'), 'mag': 5.6}, {'lat': 32.8, 'long': -39.821, 'Time': Timestamp('2007-01-01 01:05:13'), 'mag': 5.0}]",2,14
340,2007-01-06 23:58:53.037,1,"[{'lat': 54.5998, 'long': -156.6915, 'Time': Timestamp('2007-01-07 15:33:41'), 'mag': 5.0}, {'lat': -9.96, 'long': 160.912, 'Time': Timestamp('2007-01-08 02:22:04'), 'mag': 5.0}, {'lat': -16.592, 'long': 176.38, 'Time': Timestamp('2007-01-08 06:03:48'), 'mag': 5.1}, {'lat': -18.58, 'long': -177.847, 'Time': Timestamp('2007-01-08 20:52:20'), 'mag': 6.3}]",4,20
341,2007-01-12 08:09:52.362,0,[],0,25
342,2007-01-15 19:38:19.792,1,"[{'lat': -4.609, 'long': -105.145, 'Time': Timestamp('2007-01-15 21:19:40'), 'mag': 5.6}, {'lat': -4.737, 'long': -106.111, 'Time': Timestamp('2007-01-16 00:14:37'), 'mag': 5.3}, {'lat': -56.144, 'long': -143.708, 'Time': Timestamp('2007-01-17 06:03:39'), 'mag': 5.2}]",3,28
343,2007-01-09 22:52:22.413,1,"[{'lat': 53.669, 'long': -167.724, 'Time': Timestamp('2007-01-10 10:01:18'), 'mag': 5.3}, {'lat': -14.546, 'long': 168.035, 'Time': Timestamp('2007-01-11 08:50:19'), 'mag': 5.1}]",2,22
344,2007-01-15 07:01:54.622,1,"[{'lat': 35.317, 'long': 65.494, 'Time': Timestamp('2007-01-15 11:24:33'), 'mag': 5.0}]",1,27
345,2007-01-13 10:17:50.914,0,[],0,25
346,2006-12-24 13:37:22.174,0,[],0,5
347,2007-01-15 16:54:22.127,1,"[{'lat': -4.609, 'long': -105.145, 'Time': Timestamp('2007-01-15 21:19:40'), 'mag': 5.6}, {'lat': -4.737, 'long': -106.111, 'Time': Timestamp('2007-01-16 00:14:37'), 'mag': 5.3}, {'lat': -16.626, 'long': -73.383, 'Time': Timestamp('2007-01-17 16:08:46'), 'mag': 5.1}]",3,27
348,2007-01-07 20:08:52.760,1,"[{'lat': -56.305, 'long': -142.296, 'Time': Timestamp('2007-01-09 11:35:15'), 'mag': 5.3}, {'lat': 59.42, 'long': -137.118, 'Time': Timestamp('2007-01-09 15:49:33'), 'mag': 5.7}]",2,19
349,2007-01-14 23:22:22.814,1,"[{'lat': -62.245, 'long': 154.903, 'Time': Timestamp('2007-01-15 08:17:52'), 'mag': 5.4}, {'lat': -21.698, 'long': 170.458, 'Time': Timestamp('2007-01-15 19:02:41'), 'mag': 5.2}, {'lat': -15.175, 'long': -174.358, 'Time': Timestamp('2007-01-16 01:53:12'), 'mag': 5.1}]",3,26
350,2007-01-08 07:32:52.478,1,"[{'lat': 39.803, 'long': 70.312, 'Time': Timestamp('2007-01-08 17:21:49'), 'mag': 6.0}, {'lat': 14.374, 'long': 56.47, 'Time': Timestamp('2007-01-09 20:52:23'), 'mag': 5.2}]",2,19
351,2007-01-05 10:48:52.694,1,"[{'lat': -59.723, 'long': -26.682, 'Time': Timestamp('2007-01-06 08:32:20'), 'mag': 5.0}]",1,16
352,2007-01-10 14:08:23.066,0,[],0,21
353,2007-01-03 23:52:52.266,1,"[{'lat': -23.256, 'long': 170.395, 'Time': Timestamp('2007-01-04 12:07:16'), 'mag': 5.0}, {'lat': -23.057, 'long': 169.935, 'Time': Timestamp('2007-01-04 15:08:14'), 'mag': 5.0}, {'lat': 55.4948, 'long': -155.7421, 'Time': Timestamp('2007-01-05 16:52:19'), 'mag': 5.8}]",3,14
354,2007-01-20 08:03:19.822,1,"[{'lat': 39.592, 'long': 42.863, 'Time': Timestamp('2007-01-21 07:38:57'), 'mag': 5.2}]",1,30
355,2007-01-03 21:09:22.614,0,[],0,13
356,2007-01-09 00:23:22.856,1,"[{'lat': 59.42, 'long': -137.118, 'Time': Timestamp('2007-01-09 15:49:33'), 'mag': 5.7}, {'lat': 46.23, 'long': 153.014, 'Time': Timestamp('2007-01-09 20:28:46'), 'mag': 5.1}, {'lat': 14.374, 'long': 56.47, 'Time': Timestamp('2007-01-09 20:52:23'), 'mag': 5.2}, {'lat': 53.669, 'long': -167.724, 'Time': Timestamp('2007-01-10 10:01:18'), 'mag': 5.3}]",4,18
357,2007-01-17 08:34:23.102,1,"[{'lat': 10.125, 'long': 58.708, 'Time': Timestamp('2007-01-17 23:18:49'), 'mag': 6.2}]",1,26
358,2007-01-06 11:51:24.818,0,[],0,15
359,2007-01-14 15:09:47.786,1,"[{'lat': -41.251, 'long': -86.959, 'Time': Timestamp('2007-01-15 06:49:47'), 'mag': 5.2}, {'lat': 8.783, 'long': -39.735, 'Time': Timestamp('2007-01-15 10:11:29'), 'mag': 5.2}]",2,23
360,2007-01-06 18:25:52.962,0,[],0,15
361,2006-12-28 21:39:23.014,1,"[{'lat': 5.496, 'long': -82.489, 'Time': Timestamp('2006-12-30 14:33:10'), 'mag': 5.5}, {'lat': -48.553, 'long': -116.64, 'Time': Timestamp('2006-12-30 17:39:14'), 'mag': 5.2}, {'lat': -49.75, 'long': -115.75, 'Time': Timestamp('2006-12-30 17:39:20'), 'mag': 5.2}, {'lat': 13.79, 'long': -90.515, 'Time': Timestamp('2006-12-30 17:42:14'), 'mag': 5.2}]",4,6
362,2007-01-07 00:53:19.162,1,"[{'lat': 47.048, 'long': 153.885, 'Time': Timestamp('2007-01-07 08:01:39'), 'mag': 5.0}, {'lat': -17.665, 'long': 65.734, 'Time': Timestamp('2007-01-07 10:14:37'), 'mag': 5.1}, {'lat': -9.96, 'long': 160.912, 'Time': Timestamp('2007-01-08 02:22:04'), 'mag': 5.0}, {'lat': -16.592, 'long': 176.38, 'Time': Timestamp('2007-01-08 06:03:48'), 'mag': 5.1}, {'lat': 8.077, 'long': 92.437, 'Time': Timestamp('2007-01-08 12:48:40'), 'mag': 6.1}, {'lat': 39.803, 'long': 70.312, 'Time': Timestamp('2007-01-08 17:21:49'), 'mag': 6.0}]",6,15
363,2007-01-17 07:26:24.363,1,"[{'lat': 10.125, 'long': 58.708, 'Time': Timestamp('2007-01-17 23:18:49'), 'mag': 6.2}]",1,25
364,2006-12-28 10:42:47.776,0,[],0,5
365,2007-01-18 14:01:50.475,1,"[{'lat': 22.331, 'long': -45.086, 'Time': Timestamp('2007-01-18 22:32:36'), 'mag': 5.2}]",1,26
366,2007-01-06 17:18:50.428,0,[],0,14
367,2006-12-31 20:32:52.390,0,[],0,8
368,2007-01-09 23:46:52.443,1,"[{'lat': 53.669, 'long': -167.724, 'Time': Timestamp('2007-01-10 10:01:18'), 'mag': 5.3}, {'lat': 60.955, 'long': 165.478, 'Time': Timestamp('2007-01-11 04:27:26'), 'mag': 5.0}, {'lat': -14.546, 'long': 168.035, 'Time': Timestamp('2007-01-11 08:50:19'), 'mag': 5.1}]",3,17
369,2007-01-11 07:57:24.095,0,[],0,18
370,2007-01-05 19:26:21.414,0,[],0,12
371,2007-01-09 22:39:52.817,1,"[{'lat': 53.669, 'long': -167.724, 'Time': Timestamp('2007-01-10 10:01:18'), 'mag': 5.3}, {'lat': -14.546, 'long': 168.035, 'Time': Timestamp('2007-01-11 08:50:19'), 'mag': 5.1}]",2,16
372,2007-01-03 01:54:23.729,1,"[{'lat': -5.013, 'long': 151.8, 'Time': Timestamp('2007-01-03 12:59:38'), 'mag': 5.2}, {'lat': -10.358, 'long': 161.14, 'Time': Timestamp('2007-01-03 23:22:33'), 'mag': 5.1}, {'lat': 12.294, 'long': 144.088, 'Time': Timestamp('2007-01-04 11:36:34'), 'mag': 5.0}]",3,9
373,2007-01-08 06:49:51.255,1,"[{'lat': 8.077, 'long': 92.437, 'Time': Timestamp('2007-01-08 12:48:40'), 'mag': 6.1}, {'lat': 39.803, 'long': 70.312, 'Time': Timestamp('2007-01-08 17:21:49'), 'mag': 6.0}, {'lat': 14.374, 'long': 56.47, 'Time': Timestamp('2007-01-09 20:52:23'), 'mag': 5.2}]",3,14
374,2006-12-31 10:05:22.647,0,[],0,6
375,2007-01-09 13:24:53.058,0,[],0,15
376,2007-01-19 23:10:22.218,1,"[{'lat': -11.37, 'long': 166.334, 'Time': Timestamp('2007-01-21 11:44:54'), 'mag': 5.1}]",1,25
377,2007-01-21 08:57:23.350,1,"[{'lat': -43.139, 'long': 41.647, 'Time': Timestamp('2007-01-23 04:16:07'), 'mag': 5.5}]",1,26
378,2007-01-04 12:16:21.517,1,"[{'lat': 0.548, 'long': -25.37, 'Time': Timestamp('2007-01-05 02:30:01'), 'mag': 5.0}, {'lat': -59.723, 'long': -26.682, 'Time': Timestamp('2007-01-06 08:32:20'), 'mag': 5.0}]",2,9
379,2006-12-31 15:34:25.667,1,"[{'lat': 32.8, 'long': -39.821, 'Time': Timestamp('2007-01-01 01:05:13'), 'mag': 5.0}]",1,5
380,2007-01-07 18:49:52.406,1,"[{'lat': -56.305, 'long': -142.296, 'Time': Timestamp('2007-01-09 11:35:15'), 'mag': 5.3}]",1,12
381,2007-01-19 22:03:49.568,1,"[{'lat': -55.419, 'long': -29.533, 'Time': Timestamp('2007-01-20 06:21:04'), 'mag': 6.2}, {'lat': -55.764, 'long': -27.016, 'Time': Timestamp('2007-01-21 15:03:16'), 'mag': 5.6}]",2,24
382,2007-01-07 07:51:25.164,1,"[{'lat': -17.665, 'long': 65.734, 'Time': Timestamp('2007-01-07 10:14:37'), 'mag': 5.1}, {'lat': 39.803, 'long': 70.312, 'Time': Timestamp('2007-01-08 17:21:49'), 'mag': 6.0}]",2,11
383,2007-01-11 11:07:49.958,0,[],0,15
384,2007-01-04 14:26:49.890,1,"[{'lat': 0.548, 'long': -25.37, 'Time': Timestamp('2007-01-05 02:30:01'), 'mag': 5.0}]",1,8
385,2007-01-06 20:57:23.020,0,[],0,10
386,2007-01-22 00:10:53.073,1,"[{'lat': 0.944, 'long': 126.091, 'Time': Timestamp('2007-01-22 00:22:51'), 'mag': 5.4}, {'lat': 0.95, 'long': 126.065, 'Time': Timestamp('2007-01-22 00:33:19'), 'mag': 5.0}, {'lat': 0.979, 'long': 126.263, 'Time': Timestamp('2007-01-22 01:06:40'), 'mag': 5.2}, {'lat': -2.545, 'long': 136.341, 'Time': Timestamp('2007-01-22 04:27:07'), 'mag': 5.7}, {'lat': -2.502, 'long': 136.332, 'Time': Timestamp('2007-01-22 04:33:18'), 'mag': 5.9}, {'lat': 51.596, 'long': -173.584, 'Time': Timestamp('2007-01-22 10:22:54'), 'mag': 5.0}, {'lat': 0.936, 'long': 126.016, 'Time': Timestamp('2007-01-22 12:35:21'), 'mag': 5.0}, {'lat': 2.822, 'long': 95.807, 'Time': Timestamp('2007-01-22 16:44:33'), 'mag': 5.3}, {'lat': 0.402, 'long': 126.235, 'Time': Timestamp('2007-01-22 16:44:50'), 'mag': 5.3}, {'lat': 1.128, 'long': 126.368, 'Time': Timestamp('2007-01-22 18:14:44'), 'mag': 5.2}, {'lat': -3.321, 'long': 146.35, 'Time': Timestamp('2007-01-22 19:25:49'), 'mag': 5.8}, {'lat': -6.821, 'long': 130.031, 'Time': Timestamp('2007-01-23 04:37:19'), 'mag': 5.7}, {'lat': 46.174, 'long': 153.15, 'Time': Timestamp('2007-01-23 11:34:49'), 'mag': 5.4}, {'lat': 1.216, 'long': 126.063, 'Time': Timestamp('2007-01-23 11:44:41'), 'mag': 5.5}, {'lat': -3.031, 'long': 136.175, 'Time': Timestamp('2007-01-23 12:16:35'), 'mag': 5.1}, {'lat': -13.1, 'long': 167.054, 'Time': Timestamp('2007-01-23 17:16:20'), 'mag': 5.9}]",16,25
387,2007-01-09 08:21:53.837,1,"[{'lat': 14.374, 'long': 56.47, 'Time': Timestamp('2007-01-09 20:52:23'), 'mag': 5.2}]",1,12
388,2007-01-27 11:38:54.225,0,[],0,30
389,2007-01-26 14:57:20.954,1,"[{'lat': 9.117, 'long': -40.476, 'Time': Timestamp('2007-01-26 21:00:46'), 'mag': 5.1}, {'lat': -45.157, 'long': -72.321, 'Time': Timestamp('2007-01-28 02:53:20'), 'mag': 5.2}]",2,29
390,2007-01-13 18:13:22.369,0,[],0,16
391,2007-01-25 21:27:22.422,1,"[{'lat': -59.166, 'long': 157.945, 'Time': Timestamp('2007-01-25 21:29:16'), 'mag': 5.4}, {'lat': -19.87, 'long': -174.482, 'Time': Timestamp('2007-01-26 02:34:25'), 'mag': 5.1}, {'lat': 9.117, 'long': -40.476, 'Time': Timestamp('2007-01-26 21:00:46'), 'mag': 5.1}, {'lat': -59.834, 'long': 150.367, 'Time': Timestamp('2007-01-27 00:15:57'), 'mag': 5.1}]",4,28
392,2007-01-08 00:41:17.241,1,"[{'lat': -9.96, 'long': 160.912, 'Time': Timestamp('2007-01-08 02:22:04'), 'mag': 5.0}, {'lat': -16.592, 'long': 176.38, 'Time': Timestamp('2007-01-08 06:03:48'), 'mag': 5.1}, {'lat': 8.077, 'long': 92.437, 'Time': Timestamp('2007-01-08 12:48:40'), 'mag': 6.1}, {'lat': 39.803, 'long': 70.312, 'Time': Timestamp('2007-01-08 17:21:49'), 'mag': 6.0}, {'lat': 59.42, 'long': -137.118, 'Time': Timestamp('2007-01-09 15:49:33'), 'mag': 5.7}, {'lat': 46.23, 'long': 153.014, 'Time': Timestamp('2007-01-09 20:28:46'), 'mag': 5.1}, {'lat': 14.374, 'long': 56.47, 'Time': Timestamp('2007-01-09 20:52:23'), 'mag': 5.2}]",7,10
393,2007-01-27 08:52:53.803,0,[],0,29
394,2007-01-27 12:09:51.748,0,[],0,29
395,2007-01-08 15:28:21.802,0,[],0,10
396,2007-01-06 18:43:52.770,0,[],0,8
397,2007-01-04 07:44:54.065,0,[],0,5
398,2007-01-28 11:01:24.231,0,[],0,29
399,2007-01-04 14:20:21.723,1,"[{'lat': 0.548, 'long': -25.37, 'Time': Timestamp('2007-01-05 02:30:01'), 'mag': 5.0}]",1,5
400,2007-01-07 17:36:52.145,0,[],0,8
401,2007-01-23 20:51:22.198,0,[],0,24
402,2007-01-09 00:04:52.251,1,"[{'lat': 53.669, 'long': -167.724, 'Time': Timestamp('2007-01-10 10:01:18'), 'mag': 5.3}]",1,9
403,2007-01-08 08:15:45.822,1,"[{'lat': 39.803, 'long': 70.312, 'Time': Timestamp('2007-01-08 17:21:49'), 'mag': 6.0}, {'lat': 14.374, 'long': 56.47, 'Time': Timestamp('2007-01-09 20:52:23'), 'mag': 5.2}]",2,8
404,2007-01-26 11:32:54.402,0,[],0,26
405,2007-01-18 14:51:21.019,1,"[{'lat': 22.331, 'long': -45.086, 'Time': Timestamp('2007-01-18 22:32:36'), 'mag': 5.2}]",1,18
406,2007-01-14 18:07:22.546,1,"[{'lat': -4.609, 'long': -105.145, 'Time': Timestamp('2007-01-15 21:19:40'), 'mag': 5.6}, {'lat': -4.737, 'long': -106.111, 'Time': Timestamp('2007-01-16 00:14:37'), 'mag': 5.3}]",2,14
407,2007-01-28 21:21:22.598,0,[],0,28
408,2007-01-09 00:35:18.746,1,"[{'lat': 59.42, 'long': -137.118, 'Time': Timestamp('2007-01-09 15:49:33'), 'mag': 5.7}, {'lat': 46.23, 'long': 153.014, 'Time': Timestamp('2007-01-09 20:28:46'), 'mag': 5.1}, {'lat': 14.374, 'long': 56.47, 'Time': Timestamp('2007-01-09 20:52:23'), 'mag': 5.2}, {'lat': 53.669, 'long': -167.724, 'Time': Timestamp('2007-01-10 10:01:18'), 'mag': 5.3}]",4,8
409,2007-01-24 07:08:22.402,0,[],0,23
410,2007-01-10 10:24:24.007,0,[],0,9
411,2007-01-14 13:43:21.059,1,"[{'lat': -60.915, 'long': -34.069, 'Time': Timestamp('2007-01-15 07:58:11'), 'mag': 5.5}, {'lat': -61.348, 'long': -34.249, 'Time': Timestamp('2007-01-15 08:34:49'), 'mag': 5.0}, {'lat': 8.783, 'long': -39.735, 'Time': Timestamp('2007-01-15 10:11:29'), 'mag': 5.2}]",3,13
412,2007-01-29 17:00:22.920,0,[],0,28
413,2007-01-31 20:14:52.973,0,[],0,30
414,2007-01-08 23:28:23.026,1,"[{'lat': 53.669, 'long': -167.724, 'Time': Timestamp('2007-01-10 10:01:18'), 'mag': 5.3}]",1,7
415,2007-01-31 09:15:45.077,0,[],0,29
416,2007-01-31 12:34:49.997,0,[],0,29
417,2007-01-25 15:52:51.492,0,[],0,23
418,2007-01-14 19:08:16.901,1,"[{'lat': -4.609, 'long': -105.145, 'Time': Timestamp('2007-01-15 21:19:40'), 'mag': 5.6}, {'lat': -4.737, 'long': -106.111, 'Time': Timestamp('2007-01-16 00:14:37'), 'mag': 5.3}]",2,12
419,2007-01-09 22:21:52.401,1,"[{'lat': 53.669, 'long': -167.724, 'Time': Timestamp('2007-01-10 10:01:18'), 'mag': 5.3}]",1,7
420,2007-01-24 08:09:48.655,0,[],0,21
421,2007-01-19 11:26:21.864,1,"[{'lat': -55.419, 'long': -29.533, 'Time': Timestamp('2007-01-20 06:21:04'), 'mag': 6.2}]",1,16
422,2007-01-24 14:45:19.809,0,[],0,21
423,2007-01-18 21:15:22.828,1,"[{'lat': -32.326, 'long': -177.818, 'Time': Timestamp('2007-01-19 14:46:31'), 'mag': 5.1}]",1,15
424,2007-02-01 00:29:22.881,1,"[{'lat': 1.219, 'long': 126.345, 'Time': Timestamp('2007-02-01 10:43:26'), 'mag': 5.4}, {'lat': 38.965, 'long': 71.373, 'Time': Timestamp('2007-02-02 22:02:47'), 'mag': 5.2}, {'lat': 37.688, 'long': 91.768, 'Time': Timestamp('2007-02-02 22:32:18'), 'mag': 5.4}]",3,28
425,2007-01-14 05:23:52.605,1,"[{'lat': -28.678, 'long': 74.178, 'Time': Timestamp('2007-01-14 14:08:00'), 'mag': 5.0}]",1,10
426,2007-01-29 08:38:51.218,0,[],0,25
427,2007-01-29 11:57:55.145,0,[],0,25
428,2007-01-21 15:15:51.096,0,[],0,17
429,2007-01-12 18:31:52.177,1,"[{'lat': 14.015, 'long': -93.546, 'Time': Timestamp('2007-01-12 19:08:46'), 'mag': 5.0}]",1,8
430,2007-01-23 21:45:22.230,1,"[{'lat': -55.305, 'long': -29.382, 'Time': Timestamp('2007-01-23 22:46:25'), 'mag': 5.6}, {'lat': 15.02, 'long': -92.436, 'Time': Timestamp('2007-01-25 00:06:55'), 'mag': 5.1}, {'lat': -59.166, 'long': 157.945, 'Time': Timestamp('2007-01-25 21:29:16'), 'mag': 5.4}]",3,19
431,2007-01-19 00:59:21.144,1,"[{'lat': -9.993, 'long': 109.672, 'Time': Timestamp('2007-01-19 02:44:23'), 'mag': 5.8}, {'lat': -5.525, 'long': 130.435, 'Time': Timestamp('2007-01-20 02:45:50'), 'mag': 5.7}]",2,14
432,2007-01-10 05:54:24.773,0,[],0,5
433,2007-02-03 09:09:20.731,1,"[{'lat': 35.806, 'long': 22.432, 'Time': Timestamp('2007-02-03 13:43:23'), 'mag': 5.4}]",1,29
434,2007-01-24 12:28:50.228,0,[],0,19
435,2007-01-21 15:46:51.721,0,[],0,16
436,2007-01-11 19:01:48.459,1,"[{'lat': 14.015, 'long': -93.546, 'Time': Timestamp('2007-01-12 19:08:46'), 'mag': 5.0}]",1,6
437,2007-02-04 22:15:50.823,1,"[{'lat': -55.791, 'long': -123.448, 'Time': Timestamp('2007-02-04 22:52:54'), 'mag': 5.6}, {'lat': -20.609, 'long': -175.65, 'Time': Timestamp('2007-02-05 09:55:51'), 'mag': 5.8}, {'lat': -20.678, 'long': -175.487, 'Time': Timestamp('2007-02-05 10:16:24'), 'mag': 5.5}, {'lat': -20.674, 'long': -175.47, 'Time': Timestamp('2007-02-05 10:19:23'), 'mag': 5.5}, {'lat': -1.401, 'long': -14.084, 'Time': Timestamp('2007-02-05 16:37:01'), 'mag': 5.1}, {'lat': -59.921, 'long': -28.234, 'Time': Timestamp('2007-02-05 20:58:06'), 'mag': 5.1}, {'lat': -56.25, 'long': -123.75, 'Time': Timestamp('2007-02-06 14:32:08'), 'mag': 5.0}]",7,30
438,2007-01-25 01:29:48.342,1,"[{'lat': -2.701, 'long': 136.394, 'Time': Timestamp('2007-01-25 04:26:41'), 'mag': 5.0}, {'lat': -3.261, 'long': 135.084, 'Time': Timestamp('2007-01-25 06:20:07'), 'mag': 5.1}, {'lat': 22.564, 'long': 121.926, 'Time': Timestamp('2007-01-25 10:59:17'), 'mag': 6.0}, {'lat': 1.734, 'long': 97.111, 'Time': Timestamp('2007-01-25 15:18:36'), 'mag': 5.0}, {'lat': 1.136, 'long': 126.128, 'Time': Timestamp('2007-01-26 11:44:29'), 'mag': 5.3}, {'lat': 14.383, 'long': 145.315, 'Time': Timestamp('2007-01-26 22:12:28'), 'mag': 5.2}, {'lat': -59.834, 'long': 150.367, 'Time': Timestamp('2007-01-27 00:15:57'), 'mag': 5.1}, {'lat': 1.307, 'long': 126.531, 'Time': Timestamp('2007-01-27 01:19:24'), 'mag': 5.0}]",8,19
439,2007-01-11 06:25:18.300,0,[],0,5
440,2007-02-04 09:40:22.460,0,[],0,29
441,2007-01-13 12:59:52.291,1,"[{'lat': -60.915, 'long': -34.069, 'Time': Timestamp('2007-01-15 07:58:11'), 'mag': 5.5}, {'lat': -61.348, 'long': -34.249, 'Time': Timestamp('2007-01-15 08:34:49'), 'mag': 5.0}, {'lat': 8.783, 'long': -39.735, 'Time': Timestamp('2007-01-15 10:11:29'), 'mag': 5.2}]",3,7
442,2007-01-13 16:17:24.890,1,"[{'lat': -41.251, 'long': -86.959, 'Time': Timestamp('2007-01-15 06:49:47'), 'mag': 5.2}]",1,7
443,2007-01-12 19:32:20.301,0,[],0,6
444,2007-02-02 22:46:23.032,1,"[{'lat': -45.239, 'long': -72.236, 'Time': Timestamp('2007-02-03 09:00:15'), 'mag': 5.3}, {'lat': 51.853, 'long': -176.262, 'Time': Timestamp('2007-02-04 09:46:11'), 'mag': 5.0}, {'lat': -17.23, 'long': -69.103, 'Time': Timestamp('2007-02-04 10:13:52'), 'mag': 5.1}, {'lat': -39.206, 'long': 176.359, 'Time': Timestamp('2007-02-04 19:14:25'), 'mag': 5.1}, {'lat': 19.372, 'long': -78.518, 'Time': Timestamp('2007-02-04 20:56:59'), 'mag': 6.2}, {'lat': -55.883, 'long': -122.721, 'Time': Timestamp('2007-02-04 21:17:46'), 'mag': 6.2}]",6,27
445,2007-02-05 11:51:24.210,1,"[{'lat': -1.401, 'long': -14.084, 'Time': Timestamp('2007-02-05 16:37:01'), 'mag': 5.1}, {'lat': -59.921, 'long': -28.234, 'Time': Timestamp('2007-02-05 20:58:06'), 'mag': 5.1}]",2,29
446,2007-01-31 15:09:51.273,0,[],0,24
447,2007-01-26 18:25:52.354,1,"[{'lat': -54.07, 'long': -133.567, 'Time': Timestamp('2007-01-28 15:34:46'), 'mag': 5.4}]",1,19
448,2007-02-04 21:39:22.406,1,"[{'lat': -55.791, 'long': -123.448, 'Time': Timestamp('2007-02-04 22:52:54'), 'mag': 5.6}, {'lat': -20.609, 'long': -175.65, 'Time': Timestamp('2007-02-05 09:55:51'), 'mag': 5.8}, {'lat': -20.678, 'long': -175.487, 'Time': Timestamp('2007-02-05 10:16:24'), 'mag': 5.5}, {'lat': -20.674, 'long': -175.47, 'Time': Timestamp('2007-02-05 10:19:23'), 'mag': 5.5}, {'lat': -1.401, 'long': -14.084, 'Time': Timestamp('2007-02-05 16:37:01'), 'mag': 5.1}, {'lat': -59.921, 'long': -28.234, 'Time': Timestamp('2007-02-05 20:58:06'), 'mag': 5.1}, {'lat': -56.25, 'long': -123.75, 'Time': Timestamp('2007-02-06 14:32:08'), 'mag': 5.0}]",7,28
449,2007-01-18 00:53:18.554,1,"[{'lat': 9.629, 'long': 126.229, 'Time': Timestamp('2007-01-18 05:40:51'), 'mag': 5.1}, {'lat': -5.488, 'long': 101.454, 'Time': Timestamp('2007-01-18 15:27:18'), 'mag': 5.9}, {'lat': 22.331, 'long': -45.086, 'Time': Timestamp('2007-01-18 22:32:36'), 'mag': 5.2}, {'lat': -9.993, 'long': 109.672, 'Time': Timestamp('2007-01-19 02:44:23'), 'mag': 5.8}]",4,10
450,2007-01-15 07:26:24.754,1,"[{'lat': 35.317, 'long': 65.494, 'Time': Timestamp('2007-01-15 11:24:33'), 'mag': 5.0}]",1,7
451,2007-01-15 10:42:48.167,0,[],0,7
452,2007-01-22 14:01:50.867,1,"[{'lat': -45.313, 'long': -72.192, 'Time': Timestamp('2007-01-23 20:40:16'), 'mag': 5.3}]",1,14
453,2007-01-27 17:18:50.820,1,"[{'lat': -41.75, 'long': -91.75, 'Time': Timestamp('2007-01-29 04:12:08'), 'mag': 5.1}, {'lat': 4.602, 'long': -72.607, 'Time': Timestamp('2007-01-29 07:47:41'), 'mag': 5.3}]",2,19
454,2007-01-31 20:32:52.781,0,[],0,23
455,2007-01-28 23:46:52.834,1,"[{'lat': -54.74, 'long': 146.298, 'Time': Timestamp('2007-01-30 04:54:50'), 'mag': 6.9}, {'lat': -55.499, 'long': 146.838, 'Time': Timestamp('2007-01-30 08:09:09'), 'mag': 5.1}]",2,20
456,2007-01-19 07:57:24.486,1,"[{'lat': 39.592, 'long': 42.863, 'Time': Timestamp('2007-01-21 07:38:57'), 'mag': 5.2}]",1,10
457,2007-02-08 19:26:20.805,0,[],0,30
458,2007-01-30 22:39:52.208,1,"[{'lat': -19.206, 'long': 169.564, 'Time': Timestamp('2007-01-31 02:14:26'), 'mag': 5.4}, {'lat': -11.424, 'long': 166.202, 'Time': Timestamp('2007-01-31 06:51:25'), 'mag': 5.5}, {'lat': -11.49, 'long': 166.278, 'Time': Timestamp('2007-01-31 06:55:49'), 'mag': 5.1}, {'lat': -37.654, 'long': 78.066, 'Time': Timestamp('2007-02-01 00:14:26'), 'mag': 5.5}]",4,21
459,2007-01-15 01:54:23.121,1,"[{'lat': 34.892, 'long': 138.64, 'Time': Timestamp('2007-01-15 18:17:59'), 'mag': 5.9}, {'lat': 5.725, 'long': 126.532, 'Time': Timestamp('2007-01-15 20:59:44'), 'mag': 5.1}, {'lat': -3.448, 'long': 148.952, 'Time': Timestamp('2007-01-16 12:18:13'), 'mag': 5.0}, {'lat': 41.182, 'long': 142.714, 'Time': Timestamp('2007-01-16 12:52:36'), 'mag': 5.0}, {'lat': 2.61, 'long': 126.238, 'Time': Timestamp('2007-01-16 18:06:18'), 'mag': 5.6}, {'lat': 46.921, 'long': 155.963, 'Time': Timestamp('2007-01-16 19:25:51'), 'mag': 5.1}]",6,5
460,2007-01-23 06:49:50.646,0,[],0,13
461,2007-01-21 15:03:48.736,0,[],0,11
462,2007-01-25 18:19:22.584,0,[],0,15
463,2007-01-20 21:33:22.637,1,"[{'lat': -55.764, 'long': -27.016, 'Time': Timestamp('2007-01-21 15:03:16'), 'mag': 5.6}]",1,10
464,2007-01-20 00:47:18.784,1,"[{'lat': -5.525, 'long': 130.435, 'Time': Timestamp('2007-01-20 02:45:50'), 'mag': 5.7}, {'lat': 39.592, 'long': 42.863, 'Time': Timestamp('2007-01-21 07:38:57'), 'mag': 5.2}, {'lat': 1.065, 'long': 126.282, 'Time': Timestamp('2007-01-21 11:27:45'), 'mag': 7.5}, {'lat': -11.37, 'long': 166.334, 'Time': Timestamp('2007-01-21 11:44:54'), 'mag': 5.1}, {'lat': 0.998, 'long': 125.897, 'Time': Timestamp('2007-01-21 11:45:59'), 'mag': 5.4}, {'lat': 1.139, 'long': 126.263, 'Time': Timestamp('2007-01-21 11:47:33'), 'mag': 5.3}, {'lat': 0.955, 'long': 125.888, 'Time': Timestamp('2007-01-21 11:54:11'), 'mag': 5.6}, {'lat': 1.137, 'long': 126.117, 'Time': Timestamp('2007-01-21 12:02:08'), 'mag': 5.2}, {'lat': 1.009, 'long': 126.06, 'Time': Timestamp('2007-01-21 12:10:45'), 'mag': 5.2}, {'lat': 0.951, 'long': 126.12, 'Time': Timestamp('2007-01-21 12:18:07'), 'mag': 5.1}, {'lat': 1.096, 'long': 126.026, 'Time': Timestamp('2007-01-21 12:32:35'), 'mag': 5.5}, {'lat': 0.882, 'long': 126.115, 'Time': Timestamp('2007-01-21 13:08:32'), 'mag': 5.0}, {'lat': 0.999, 'long': 126.006, 'Time': Timestamp('2007-01-21 13:15:07'), 'mag': 5.1}, {'lat': 1.111, 'long': 126.448, 'Time': Timestamp('2007-01-21 13:21:56'), 'mag': 5.0}, {'lat': 0.959, 'long': 126.208, 'Time': Timestamp('2007-01-21 13:43:52'), 'mag': 5.1}, {'lat': 1.108, 'long': 126.403, 'Time': Timestamp('2007-01-21 13:55:16'), 'mag': 5.4}, {'lat': 1.266, 'long': 126.293, 'Time': Timestamp('2007-01-21 14:11:40'), 'mag': 5.1}, {'lat': 0.905, 'long': 125.997, 'Time': Timestamp('2007-01-21 14:27:49'), 'mag': 5.4}, {'lat': 1.198, 'long': 125.987, 'Time': Timestamp('2007-01-21 14:35:54'), 'mag': 5.0}, {'lat': 1.042, 'long': 125.969, 'Time': Timestamp('2007-01-21 14:39:18'), 'mag': 5.5}, {'lat': 0.995, 'long': 125.932, 'Time': Timestamp('2007-01-21 15:04:11'), 'mag': 5.3}, {'lat': 1.012, 'long': 126.044, 'Time': Timestamp('2007-01-21 15:12:36'), 'mag': 5.1}, {'lat': 1.081, 'long': 126.172, 'Time': Timestamp('2007-01-21 15:29:17'), 'mag': 5.1}, {'lat': 1.06, 'long': 126.345, 'Time': Timestamp('2007-01-21 17:32:55'), 'mag': 6.2}, {'lat': 1.043, 'long': 126.404, 'Time': Timestamp('2007-01-21 17:37:11'), 'mag': 5.2}, {'lat': 1.041, 'long': 125.849, 'Time': Timestamp('2007-01-21 19:50:50'), 'mag': 5.5}, {'lat': 1.013, 'long': 126.314, 'Time': Timestamp('2007-01-21 19:59:50'), 'mag': 5.2}, {'lat': 1.336, 'long': 127.207, 'Time': Timestamp('2007-01-21 20:27:20'), 'mag': 5.0}, {'lat': 1.107, 'long': 126.334, 'Time': Timestamp('2007-01-21 20:52:39'), 'mag': 5.0}, {'lat': 1.08, 'long': 125.879, 'Time': Timestamp('2007-01-21 21:03:01'), 'mag': 5.3}, {'lat': 1.013, 'long': 125.975, 'Time': Timestamp('2007-01-21 21:21:42'), 'mag': 5.0}, {'lat': 0.985, 'long': 126.284, 'Time': Timestamp('2007-01-21 22:21:15'), 'mag': 5.1}, {'lat': 1.024, 'long': 126.265, 'Time': Timestamp('2007-01-21 23:45:09'), 'mag': 5.5}, {'lat': 0.944, 'long': 126.091, 'Time': Timestamp('2007-01-22 00:22:51'), 'mag': 5.4}, {'lat': 0.95, 'long': 126.065, 'Time': Timestamp('2007-01-22 00:33:19'), 'mag': 5.0}]",35,9
465,2007-02-06 07:20:24.985,0,[],0,26
466,2007-01-16 10:36:49.837,0,[],0,5
467,2007-01-26 13:55:51.098,1,"[{'lat': 9.117, 'long': -40.476, 'Time': Timestamp('2007-01-26 21:00:46'), 'mag': 5.1}, {'lat': -45.157, 'long': -72.321, 'Time': Timestamp('2007-01-28 02:53:20'), 'mag': 5.2}]",2,15
468,2007-01-30 17:12:21.050,0,[],0,19
469,2007-02-06 20:26:53.012,0,[],0,26
470,2007-01-22 23:40:53.065,1,"[{'lat': -13.1, 'long': 167.054, 'Time': Timestamp('2007-01-23 17:16:20'), 'mag': 5.9}, {'lat': -53.244, 'long': 159.468, 'Time': Timestamp('2007-01-24 14:35:27'), 'mag': 5.0}]",2,11
471,2007-02-09 07:51:23.716,1,"[{'lat': 36.728, 'long': 72.971, 'Time': Timestamp('2007-02-11 04:39:18'), 'mag': 5.1}]",1,28
472,2007-02-09 11:07:52.007,0,[],0,28
473,2007-02-03 14:28:04.115,1,"[{'lat': 35.344, 'long': -35.944, 'Time': Timestamp('2007-02-04 03:33:19'), 'mag': 5.6}, {'lat': -17.23, 'long': -69.103, 'Time': Timestamp('2007-02-04 10:13:52'), 'mag': 5.1}]",2,22
474,2007-01-18 17:42:50.563,1,"[{'lat': 12.994, 'long': -89.132, 'Time': Timestamp('2007-01-19 01:43:14'), 'mag': 5.4}, {'lat': -9.573, 'long': -109.448, 'Time': Timestamp('2007-01-19 14:47:27'), 'mag': 5.2}]",2,6
475,2007-02-10 08:21:54.229,1,"[{'lat': 36.728, 'long': 72.971, 'Time': Timestamp('2007-02-11 04:39:18'), 'mag': 5.1}]",1,28
476,2007-02-05 11:38:54.618,1,"[{'lat': -1.401, 'long': -14.084, 'Time': Timestamp('2007-02-05 16:37:01'), 'mag': 5.1}, {'lat': -59.921, 'long': -28.234, 'Time': Timestamp('2007-02-05 20:58:06'), 'mag': 5.1}]",2,23
477,2007-02-04 16:35:52.154,1,"[{'lat': 19.372, 'long': -78.518, 'Time': Timestamp('2007-02-04 20:56:59'), 'mag': 6.2}]",1,22
478,2007-02-06 19:50:18.893,0,[],0,24
479,2007-01-22 23:04:22.841,1,"[{'lat': -13.1, 'long': 167.054, 'Time': Timestamp('2007-01-23 17:16:20'), 'mag': 5.9}, {'lat': -53.244, 'long': 159.468, 'Time': Timestamp('2007-01-24 14:35:27'), 'mag': 5.0}]",2,9
480,2007-02-10 02:18:54.524,1,"[{'lat': 5.541, 'long': 126.276, 'Time': Timestamp('2007-02-11 21:03:02'), 'mag': 5.0}, {'lat': -5.002, 'long': 144.98, 'Time': Timestamp('2007-02-12 02:08:56'), 'mag': 5.9}]",2,27
481,2007-02-09 07:14:25.162,1,"[{'lat': 36.728, 'long': 72.971, 'Time': Timestamp('2007-02-11 04:39:18'), 'mag': 5.1}]",1,26
482,2007-01-22 10:30:21.342,0,[],0,8
483,2007-02-06 13:49:21.603,1,"[{'lat': 8.69, 'long': -39.466, 'Time': Timestamp('2007-02-08 10:21:57'), 'mag': 5.2}, {'lat': 8.762, 'long': -39.422, 'Time': Timestamp('2007-02-08 12:05:35'), 'mag': 5.1}, {'lat': 9.14, 'long': -39.472, 'Time': Timestamp('2007-02-08 13:00:14'), 'mag': 5.0}]",3,23
484,2007-02-05 23:34:52.242,1,"[{'lat': -20.997, 'long': -178.7, 'Time': Timestamp('2007-02-07 02:29:23'), 'mag': 5.3}, {'lat': -33.674, 'long': -178.911, 'Time': Timestamp('2007-02-07 05:35:22'), 'mag': 5.2}]",2,22
485,2007-01-26 07:44:53.346,0,[],0,11
486,2007-01-25 11:01:22.072,0,[],0,10
487,2007-02-07 14:20:18.131,1,"[{'lat': 8.69, 'long': -39.466, 'Time': Timestamp('2007-02-08 10:21:57'), 'mag': 5.2}, {'lat': 8.762, 'long': -39.422, 'Time': Timestamp('2007-02-08 12:05:35'), 'mag': 5.1}, {'lat': 9.14, 'long': -39.472, 'Time': Timestamp('2007-02-08 13:00:14'), 'mag': 5.0}, {'lat': 8.16, 'long': -39.285, 'Time': Timestamp('2007-02-08 14:32:10'), 'mag': 5.1}, {'lat': 8.596, 'long': -39.433, 'Time': Timestamp('2007-02-08 16:28:08'), 'mag': 5.3}]",5,23
488,2007-01-26 17:36:52.069,0,[],0,11
489,2007-01-23 20:51:22.590,0,[],0,8
490,2007-02-03 00:04:52.643,1,"[{'lat': 51.853, 'long': -176.262, 'Time': Timestamp('2007-02-04 09:46:11'), 'mag': 5.0}, {'lat': -39.206, 'long': 176.359, 'Time': Timestamp('2007-02-04 19:14:25'), 'mag': 5.1}]",2,18
491,2007-01-22 08:15:50.310,1,"[{'lat': -43.139, 'long': 41.647, 'Time': Timestamp('2007-01-23 04:16:07'), 'mag': 5.5}]",1,6
492,2007-01-27 11:32:54.795,0,[],0,11
493,2007-01-27 14:51:24.292,1,"[{'lat': -45.157, 'long': -72.321, 'Time': Timestamp('2007-01-28 02:53:20'), 'mag': 5.2}, {'lat': 4.602, 'long': -72.607, 'Time': Timestamp('2007-01-29 07:47:41'), 'mag': 5.3}]",2,11
494,2007-01-23 18:07:22.938,1,"[{'lat': 15.02, 'long': -92.436, 'Time': Timestamp('2007-01-25 00:06:55'), 'mag': 5.1}]",1,7
495,2007-02-09 21:21:22.991,1,"[{'lat': 43.481, 'long': -127.363, 'Time': Timestamp('2007-02-11 15:34:48'), 'mag': 5.0}]",1,24
496,2007-01-22 00:35:19.138,1,"[{'lat': 0.979, 'long': 126.263, 'Time': Timestamp('2007-01-22 01:06:40'), 'mag': 5.2}, {'lat': -2.545, 'long': 136.341, 'Time': Timestamp('2007-01-22 04:27:07'), 'mag': 5.7}, {'lat': -2.502, 'long': 136.332, 'Time': Timestamp('2007-01-22 04:33:18'), 'mag': 5.9}, {'lat': 51.596, 'long': -173.584, 'Time': Timestamp('2007-01-22 10:22:54'), 'mag': 5.0}, {'lat': 0.936, 'long': 126.016, 'Time': Timestamp('2007-01-22 12:35:21'), 'mag': 5.0}, {'lat': 2.822, 'long': 95.807, 'Time': Timestamp('2007-01-22 16:44:33'), 'mag': 5.3}, {'lat': 0.402, 'long': 126.235, 'Time': Timestamp('2007-01-22 16:44:50'), 'mag': 5.3}, {'lat': 1.128, 'long': 126.368, 'Time': Timestamp('2007-01-22 18:14:44'), 'mag': 5.2}, {'lat': -3.321, 'long': 146.35, 'Time': Timestamp('2007-01-22 19:25:49'), 'mag': 5.8}, {'lat': -6.821, 'long': 130.031, 'Time': Timestamp('2007-01-23 04:37:19'), 'mag': 5.7}, {'lat': 46.174, 'long': 153.15, 'Time': Timestamp('2007-01-23 11:34:49'), 'mag': 5.4}, {'lat': 1.216, 'long': 126.063, 'Time': Timestamp('2007-01-23 11:44:41'), 'mag': 5.5}, {'lat': -3.031, 'long': 136.175, 'Time': Timestamp('2007-01-23 12:16:35'), 'mag': 5.1}, {'lat': -13.1, 'long': 167.054, 'Time': Timestamp('2007-01-23 17:16:20'), 'mag': 5.9}]",14,5
497,2007-02-13 07:08:26.995,0,[],0,27
498,2007-01-22 10:24:20.573,0,[],0,5
499,2007-02-14 13:43:20.505,0,[],0,28
500,2007-01-28 23:28:22.472,1,"[{'lat': -54.74, 'long': 146.298, 'Time': Timestamp('2007-01-30 04:54:50'), 'mag': 6.9}, {'lat': -55.499, 'long': 146.838, 'Time': Timestamp('2007-01-30 08:09:09'), 'mag': 5.1}]",2,11
501,2007-01-27 09:15:46.740,0,[],0,9
502,2007-01-30 12:34:50.443,0,[],0,12
503,2007-01-26 20:44:52.821,1,"[{'lat': -54.07, 'long': -133.567, 'Time': Timestamp('2007-01-28 15:34:46'), 'mag': 5.4}]",1,8
504,2007-01-30 23:58:52.874,1,"[{'lat': -19.206, 'long': 169.564, 'Time': Timestamp('2007-01-31 02:14:26'), 'mag': 5.4}, {'lat': -11.424, 'long': 166.202, 'Time': Timestamp('2007-01-31 06:51:25'), 'mag': 5.5}, {'lat': -9.738, 'long': 159.675, 'Time': Timestamp('2007-01-31 16:40:31'), 'mag': 5.2}]",3,12
505,2007-02-01 08:09:53.197,1,"[{'lat': 38.965, 'long': 71.373, 'Time': Timestamp('2007-02-02 22:02:47'), 'mag': 5.2}]",1,13
506,2007-01-24 19:38:19.628,0,[],0,5
507,2007-02-13 22:52:22.248,1,"[{'lat': -29.59, 'long': -112.051, 'Time': Timestamp('2007-02-14 01:29:07'), 'mag': 5.9}, {'lat': -19.588, 'long': -69.823, 'Time': Timestamp('2007-02-14 14:21:47'), 'mag': 5.6}, {'lat': -5.339, 'long': -77.225, 'Time': Timestamp('2007-02-14 19:37:57'), 'mag': 5.0}, {'lat': 43.516, 'long': -127.451, 'Time': Timestamp('2007-02-14 22:12:58'), 'mag': 5.2}, {'lat': -22.119, 'long': 171.91, 'Time': Timestamp('2007-02-15 08:31:40'), 'mag': 5.0}, {'lat': -32.015, 'long': -177.499, 'Time': Timestamp('2007-02-15 10:23:33'), 'mag': 5.3}, {'lat': -32.058, 'long': -177.533, 'Time': Timestamp('2007-02-15 10:27:29'), 'mag': 5.4}, {'lat': -41.509, 'long': -89.201, 'Time': Timestamp('2007-02-15 16:27:45'), 'mag': 5.0}]",8,25
508,2007-01-31 08:38:49.171,1,"[{'lat': 39.822, 'long': 70.265, 'Time': Timestamp('2007-01-31 10:52:33'), 'mag': 5.2}]",1,11
509,2007-02-19 11:57:54.538,0,[],0,30
510,2007-01-27 15:15:51.490,1,"[{'lat': -45.157, 'long': -72.321, 'Time': Timestamp('2007-01-28 02:53:20'), 'mag': 5.2}, {'lat': -41.75, 'long': -91.75, 'Time': Timestamp('2007-01-29 04:12:08'), 'mag': 5.1}, {'lat': 4.602, 'long': -72.607, 'Time': Timestamp('2007-01-29 07:47:41'), 'mag': 5.3}]",3,7
511,2007-02-01 18:31:52.570,0,[],0,12
512,2007-02-13 21:45:22.623,1,"[{'lat': -29.59, 'long': -112.051, 'Time': Timestamp('2007-02-14 01:29:07'), 'mag': 5.9}, {'lat': -19.588, 'long': -69.823, 'Time': Timestamp('2007-02-14 14:21:47'), 'mag': 5.6}, {'lat': -5.339, 'long': -77.225, 'Time': Timestamp('2007-02-14 19:37:57'), 'mag': 5.0}, {'lat': 43.516, 'long': -127.451, 'Time': Timestamp('2007-02-14 22:12:58'), 'mag': 5.2}, {'lat': -32.015, 'long': -177.499, 'Time': Timestamp('2007-02-15 10:23:33'), 'mag': 5.3}, {'lat': -32.058, 'long': -177.533, 'Time': Timestamp('2007-02-15 10:27:29'), 'mag': 5.4}, {'lat': -41.509, 'long': -89.201, 'Time': Timestamp('2007-02-15 16:27:45'), 'mag': 5.0}]",7,24
513,2007-02-17 00:59:21.538,1,"[{'lat': 11.47, 'long': 143.274, 'Time': Timestamp('2007-02-17 03:23:12'), 'mag': 5.0}, {'lat': -3.596, 'long': 151.234, 'Time': Timestamp('2007-02-17 04:01:52'), 'mag': 5.1}, {'lat': -7.316, 'long': 155.858, 'Time': Timestamp('2007-02-17 07:43:33'), 'mag': 5.7}, {'lat': -7.255, 'long': 155.889, 'Time': Timestamp('2007-02-17 07:47:49'), 'mag': 5.6}, {'lat': -7.29, 'long': 155.878, 'Time': Timestamp('2007-02-17 07:56:44'), 'mag': 5.0}, {'lat': -7.252, 'long': 155.85, 'Time': Timestamp('2007-02-17 09:18:34'), 'mag': 5.3}, {'lat': -7.125, 'long': 155.827, 'Time': Timestamp('2007-02-17 12:24:49'), 'mag': 5.0}, {'lat': -7.313, 'long': 155.76, 'Time': Timestamp('2007-02-17 12:43:12'), 'mag': 5.7}, {'lat': -4.095, 'long': 154.45, 'Time': Timestamp('2007-02-17 23:41:45'), 'mag': 5.5}, {'lat': 1.071, 'long': 97.372, 'Time': Timestamp('2007-02-18 10:45:23'), 'mag': 5.1}, {'lat': -6.622, 'long': 154.812, 'Time': Timestamp('2007-02-18 13:39:07'), 'mag': 5.0}, {'lat': -20.205, 'long': 173.005, 'Time': Timestamp('2007-02-18 17:29:44'), 'mag': 5.2}, {'lat': 21.681, 'long': 120.484, 'Time': Timestamp('2007-02-18 21:05:00'), 'mag': 5.3}]",13,27
514,2007-02-18 05:54:24.833,1,"[{'lat': 1.071, 'long': 97.372, 'Time': Timestamp('2007-02-18 10:45:23'), 'mag': 5.1}, {'lat': -4.388, 'long': 102.976, 'Time': Timestamp('2007-02-19 15:13:22'), 'mag': 5.4}]",2,28
515,2007-01-29 09:09:22.341,0,[],0,8
516,2007-02-14 12:28:50.621,1,"[{'lat': -55.027, 'long': -26.461, 'Time': Timestamp('2007-02-16 01:15:28'), 'mag': 5.1}]",1,24
517,2007-01-30 15:46:52.115,0,[],0,9
518,2007-02-08 22:15:51.216,1,"[{'lat': -36.31, 'long': 177.53, 'Time': Timestamp('2007-02-09 13:51:01'), 'mag': 5.1}, {'lat': -42.978, 'long': -71.56, 'Time': Timestamp('2007-02-10 06:03:02'), 'mag': 5.5}, {'lat': -4.837, 'long': -106.006, 'Time': Timestamp('2007-02-10 22:00:46'), 'mag': 5.2}]",3,18
519,2007-02-09 01:29:51.608,1,"[{'lat': 38.39, 'long': 39.043, 'Time': Timestamp('2007-02-09 02:22:55'), 'mag': 5.5}]",1,18
520,2007-01-30 06:27:12.381,1,"[{'lat': 39.822, 'long': 70.265, 'Time': Timestamp('2007-01-31 10:52:33'), 'mag': 5.2}, {'lat': -37.654, 'long': 78.066, 'Time': Timestamp('2007-02-01 00:14:26'), 'mag': 5.5}]",2,8
521,2007-02-03 09:40:21.854,1,"[{'lat': 35.806, 'long': 22.432, 'Time': Timestamp('2007-02-03 13:43:23'), 'mag': 5.4}]",1,12
522,2007-02-13 17:55:22.346,1,"[{'lat': 13.443, 'long': -91.059, 'Time': Timestamp('2007-02-13 18:38:49'), 'mag': 5.0}, {'lat': -29.59, 'long': -112.051, 'Time': Timestamp('2007-02-14 01:29:07'), 'mag': 5.9}, {'lat': -5.339, 'long': -77.225, 'Time': Timestamp('2007-02-14 19:37:57'), 'mag': 5.0}, {'lat': -41.509, 'long': -89.201, 'Time': Timestamp('2007-02-15 16:27:45'), 'mag': 5.0}]",4,22
523,2007-02-17 21:09:22.399,1,"[{'lat': -29.798, 'long': -177.689, 'Time': Timestamp('2007-02-18 17:13:31'), 'mag': 5.1}, {'lat': -15.362, 'long': -173.616, 'Time': Timestamp('2007-02-19 04:55:38'), 'mag': 5.1}]",2,26
524,2007-01-28 00:23:22.642,1,"[{'lat': 1.218, 'long': 126.502, 'Time': Timestamp('2007-01-28 05:06:56'), 'mag': 5.6}, {'lat': -17.75, 'long': 179.872, 'Time': Timestamp('2007-01-28 08:12:31'), 'mag': 5.6}, {'lat': 1.009, 'long': 126.312, 'Time': Timestamp('2007-01-28 12:09:05'), 'mag': 5.8}, {'lat': -6.601, 'long': 130.366, 'Time': Timestamp('2007-01-28 17:16:50'), 'mag': 5.2}, {'lat': -2.129, 'long': 139.008, 'Time': Timestamp('2007-01-29 01:35:21'), 'mag': 5.2}, {'lat': 8.359, 'long': 93.595, 'Time': Timestamp('2007-01-29 19:48:34'), 'mag': 5.4}]",6,5
525,2007-02-16 05:17:52.064,0,[],0,24
526,2007-02-03 08:34:22.888,0,[],0,11
527,2007-02-10 11:51:24.604,1,"[{'lat': 35.804, 'long': -10.312, 'Time': Timestamp('2007-02-12 10:35:22'), 'mag': 6.0}]",1,18
528,2007-02-04 15:09:51.667,0,[],0,12
529,2007-02-10 18:25:52.747,1,"[{'lat': -4.837, 'long': -106.006, 'Time': Timestamp('2007-02-10 22:00:46'), 'mag': 5.2}, {'lat': 21.344, 'long': -106.322, 'Time': Timestamp('2007-02-11 09:09:07'), 'mag': 5.0}]",2,18
530,2007-02-01 21:39:22.800,1,"[{'lat': -31.024, 'long': -177.865, 'Time': Timestamp('2007-02-02 15:02:21'), 'mag': 5.0}, {'lat': -19.872, 'long': -176.56, 'Time': Timestamp('2007-02-03 05:28:09'), 'mag': 5.1}, {'lat': -45.239, 'long': -72.236, 'Time': Timestamp('2007-02-03 09:00:15'), 'mag': 5.3}, {'lat': -15.131, 'long': -174.355, 'Time': Timestamp('2007-02-03 16:47:37'), 'mag': 5.0}]",4,9
531,2007-02-13 00:53:18.947,1,"[{'lat': -6.655, 'long': 154.655, 'Time': Timestamp('2007-02-13 10:56:58'), 'mag': 5.4}, {'lat': -0.438, 'long': 124.189, 'Time': Timestamp('2007-02-13 19:22:14'), 'mag': 5.5}, {'lat': -5.672, 'long': 127.314, 'Time': Timestamp('2007-02-13 20:03:06'), 'mag': 5.3}, {'lat': 46.543, 'long': 155.255, 'Time': Timestamp('2007-02-14 01:46:58'), 'mag': 5.1}, {'lat': 36.093, 'long': -34.091, 'Time': Timestamp('2007-02-14 02:41:58'), 'mag': 5.1}, {'lat': 3.192, 'long': 126.624, 'Time': Timestamp('2007-02-14 11:22:37'), 'mag': 5.0}, {'lat': 0.432, 'long': 97.308, 'Time': Timestamp('2007-02-14 19:49:58'), 'mag': 5.7}, {'lat': 5.208, 'long': 94.26, 'Time': Timestamp('2007-02-14 20:11:57'), 'mag': 5.2}, {'lat': 0.642, 'long': 97.23, 'Time': Timestamp('2007-02-14 20:46:31'), 'mag': 5.4}]",9,20
532,2007-01-31 07:26:25.147,1,"[{'lat': 39.822, 'long': 70.265, 'Time': Timestamp('2007-01-31 10:52:33'), 'mag': 5.2}]",1,7
533,2007-02-03 10:42:48.615,1,"[{'lat': 35.806, 'long': 22.432, 'Time': Timestamp('2007-02-03 13:43:23'), 'mag': 5.4}]",1,10
534,2007-01-30 14:01:50.314,0,[],0,6
535,2007-02-12 23:46:52.281,1,"[{'lat': -6.655, 'long': 154.655, 'Time': Timestamp('2007-02-13 10:56:58'), 'mag': 5.4}]",1,19
536,2007-02-05 07:57:23.933,0,[],0,11
537,2007-02-04 19:26:21.253,1,"[{'lat': -55.883, 'long': -122.721, 'Time': Timestamp('2007-02-04 21:17:46'), 'mag': 6.2}, {'lat': -55.791, 'long': -123.448, 'Time': Timestamp('2007-02-04 22:52:54'), 'mag': 5.6}, {'lat': -56.25, 'long': -123.75, 'Time': Timestamp('2007-02-06 14:32:08'), 'mag': 5.0}]",3,10
538,2007-02-09 22:39:52.656,1,"[{'lat': -42.978, 'long': -71.56, 'Time': Timestamp('2007-02-10 06:03:02'), 'mag': 5.5}, {'lat': -4.837, 'long': -106.006, 'Time': Timestamp('2007-02-10 22:00:46'), 'mag': 5.2}, {'lat': 21.344, 'long': -106.322, 'Time': Timestamp('2007-02-11 09:09:07'), 'mag': 5.0}, {'lat': 43.481, 'long': -127.363, 'Time': Timestamp('2007-02-11 15:34:48'), 'mag': 5.0}]",4,15
539,2007-02-14 01:54:23.569,1,"[{'lat': 3.192, 'long': 126.624, 'Time': Timestamp('2007-02-14 11:22:37'), 'mag': 5.0}, {'lat': 11.807, 'long': 141.874, 'Time': Timestamp('2007-02-15 18:29:04'), 'mag': 5.4}]",2,19
540,2007-02-21 06:49:51.094,0,[],0,26
541,2007-02-02 10:05:22.486,1,"[{'lat': 35.806, 'long': 22.432, 'Time': Timestamp('2007-02-03 13:43:23'), 'mag': 5.4}]",1,7
542,2007-02-12 13:24:52.898,1,"[{'lat': -4.768, 'long': -12.439, 'Time': Timestamp('2007-02-13 00:58:19'), 'mag': 5.0}, {'lat': 36.093, 'long': -34.091, 'Time': Timestamp('2007-02-14 02:41:58'), 'mag': 5.1}]",2,17
543,2007-02-18 16:41:57.795,1,"[{'lat': 6.336, 'long': -82.706, 'Time': Timestamp('2007-02-18 21:37:44'), 'mag': 5.7}, {'lat': -23.05, 'long': -70.473, 'Time': Timestamp('2007-02-19 19:24:10'), 'mag': 5.5}]",2,23
544,2007-02-06 19:56:53.005,0,[],0,11
545,2007-02-21 23:10:23.057,1,"[{'lat': -24.016, 'long': -179.783, 'Time': Timestamp('2007-02-22 07:33:18'), 'mag': 5.0}, {'lat': -17.031, 'long': -172.978, 'Time': Timestamp('2007-02-22 21:35:56'), 'mag': 5.0}]",2,26
546,2007-02-17 08:57:23.189,1,"[{'lat': 1.75, 'long': 30.758, 'Time': Timestamp('2007-02-19 02:33:43'), 'mag': 5.6}]",1,21
547,2007-02-10 12:16:21.356,1,"[{'lat': 35.804, 'long': -10.312, 'Time': Timestamp('2007-02-12 10:35:22'), 'mag': 6.0}]",1,14
548,2007-02-02 15:34:25.507,1,"[{'lat': -45.239, 'long': -72.236, 'Time': Timestamp('2007-02-03 09:00:15'), 'mag': 5.3}, {'lat': 35.344, 'long': -35.944, 'Time': Timestamp('2007-02-04 03:33:19'), 'mag': 5.6}, {'lat': -17.23, 'long': -69.103, 'Time': Timestamp('2007-02-04 10:13:52'), 'mag': 5.1}]",3,6
549,2007-02-08 18:49:52.245,0,[],0,12
550,2007-02-19 22:03:50.735,0,[],0,23
551,2007-02-05 01:17:47.250,1,"[{'lat': 49.431, 'long': 155.413, 'Time': Timestamp('2007-02-05 06:42:57'), 'mag': 5.2}]",1,8
552,2007-02-15 06:12:57.621,1,"[{'lat': -35.079, 'long': 53.984, 'Time': Timestamp('2007-02-16 08:29:37'), 'mag': 5.0}]",1,18
553,2007-02-15 09:28:20.822,0,[],0,18
554,2007-02-16 12:47:24.526,0,[],0,19
555,2007-02-23 00:10:52.860,1,"[{'lat': 1.63, 'long': 116.138, 'Time': Timestamp('2007-02-24 04:05:29'), 'mag': 5.3}, {'lat': -20.135, 'long': 173.081, 'Time': Timestamp('2007-02-24 08:07:58'), 'mag': 5.5}, {'lat': -20.134, 'long': 173.032, 'Time': Timestamp('2007-02-24 08:17:23'), 'mag': 5.3}, {'lat': -8.149, 'long': 156.309, 'Time': Timestamp('2007-02-24 16:19:26'), 'mag': 5.1}, {'lat': -8.104, 'long': 156.4, 'Time': Timestamp('2007-02-24 18:51:17'), 'mag': 5.0}, {'lat': -0.992, 'long': 126.909, 'Time': Timestamp('2007-02-24 18:53:43'), 'mag': 5.2}, {'lat': 46.738, 'long': 152.521, 'Time': Timestamp('2007-02-24 19:47:34'), 'mag': 5.3}, {'lat': 51.452, 'long': -178.591, 'Time': Timestamp('2007-02-24 23:43:42'), 'mag': 5.3}]",8,25
556,2007-02-27 08:21:56.063,1,"[{'lat': 28.1, 'long': 55.08, 'Time': Timestamp('2007-02-27 22:28:12'), 'mag': 5.0}]",1,29
557,2007-02-14 11:38:55.012,1,"[{'lat': -55.027, 'long': -26.461, 'Time': Timestamp('2007-02-16 01:15:28'), 'mag': 5.1}]",1,16
558,2007-02-28 14:57:15.427,1,"[{'lat': 26.537, 'long': -44.581, 'Time': Timestamp('2007-03-01 22:45:29'), 'mag': 5.1}, {'lat': 26.461, 'long': -44.45, 'Time': Timestamp('2007-03-01 23:02:00'), 'mag': 5.3}, {'lat': 26.471, 'long': -44.448, 'Time': Timestamp('2007-03-01 23:04:35'), 'mag': 5.4}, {'lat': 26.581, 'long': -44.594, 'Time': Timestamp('2007-03-01 23:11:52'), 'mag': 6.0}, {'lat': -30.882, 'long': -71.193, 'Time': Timestamp('2007-03-02 13:07:31'), 'mag': 5.4}]",5,30
559,2007-02-06 18:13:22.155,0,[],0,8
560,2007-02-18 21:27:18.089,1,"[{'lat': 6.336, 'long': -82.706, 'Time': Timestamp('2007-02-18 21:37:44'), 'mag': 5.7}, {'lat': -15.362, 'long': -173.616, 'Time': Timestamp('2007-02-19 04:55:38'), 'mag': 5.1}, {'lat': -23.05, 'long': -70.473, 'Time': Timestamp('2007-02-19 19:24:10'), 'mag': 5.5}]",3,20
561,2007-02-16 00:41:17.027,1,"[{'lat': 41.794, 'long': 143.553, 'Time': Timestamp('2007-02-17 00:02:56'), 'mag': 6.0}, {'lat': 41.771, 'long': 143.602, 'Time': Timestamp('2007-02-17 00:22:27'), 'mag': 5.3}, {'lat': 11.47, 'long': 143.274, 'Time': Timestamp('2007-02-17 03:23:12'), 'mag': 5.0}, {'lat': -3.596, 'long': 151.234, 'Time': Timestamp('2007-02-17 04:01:52'), 'mag': 5.1}, {'lat': -7.316, 'long': 155.858, 'Time': Timestamp('2007-02-17 07:43:33'), 'mag': 5.7}, {'lat': -7.255, 'long': 155.889, 'Time': Timestamp('2007-02-17 07:47:49'), 'mag': 5.6}, {'lat': -7.29, 'long': 155.878, 'Time': Timestamp('2007-02-17 07:56:44'), 'mag': 5.0}, {'lat': -7.252, 'long': 155.85, 'Time': Timestamp('2007-02-17 09:18:34'), 'mag': 5.3}, {'lat': -7.125, 'long': 155.827, 'Time': Timestamp('2007-02-17 12:24:49'), 'mag': 5.0}, {'lat': -7.313, 'long': 155.76, 'Time': Timestamp('2007-02-17 12:43:12'), 'mag': 5.7}, {'lat': -4.095, 'long': 154.45, 'Time': Timestamp('2007-02-17 23:41:45'), 'mag': 5.5}]",11,17
562,2007-02-18 08:52:53.477,1,"[{'lat': 1.75, 'long': 30.758, 'Time': Timestamp('2007-02-19 02:33:43'), 'mag': 5.6}]",1,19
563,2007-02-13 12:09:51.534,0,[],0,14
564,2007-02-18 15:28:21.588,1,"[{'lat': 6.336, 'long': -82.706, 'Time': Timestamp('2007-02-18 21:37:44'), 'mag': 5.7}, {'lat': 49.176, 'long': -28.405, 'Time': Timestamp('2007-02-19 14:14:50'), 'mag': 5.3}, {'lat': -23.05, 'long': -70.473, 'Time': Timestamp('2007-02-19 19:24:10'), 'mag': 5.5}]",3,19
565,2007-02-27 18:43:46.998,1,"[{'lat': 25.981, 'long': -110.46, 'Time': Timestamp('2007-02-27 20:08:09'), 'mag': 5.0}]",1,28
566,2007-02-18 07:44:53.740,0,[],0,18
567,2007-02-05 11:01:22.520,1,"[{'lat': -1.401, 'long': -14.084, 'Time': Timestamp('2007-02-05 16:37:01'), 'mag': 5.1}, {'lat': -59.921, 'long': -28.234, 'Time': Timestamp('2007-02-05 20:58:06'), 'mag': 5.1}]",2,5
568,2007-02-15 14:20:18.579,0,[],0,15
569,2007-02-12 00:04:52.090,1,"[{'lat': -5.002, 'long': 144.98, 'Time': Timestamp('2007-02-12 02:08:56'), 'mag': 5.9}, {'lat': -6.655, 'long': 154.655, 'Time': Timestamp('2007-02-13 10:56:58'), 'mag': 5.4}]",2,11
570,2007-02-11 08:15:49.759,0,[],0,10
571,2007-03-03 11:32:54.243,1,"[{'lat': -41.798, 'long': -16.112, 'Time': Timestamp('2007-03-03 11:54:26'), 'mag': 5.0}, {'lat': -56.01, 'long': -27.49, 'Time': Timestamp('2007-03-04 07:08:01'), 'mag': 5.0}]",2,30
572,2007-02-06 14:51:19.643,1,"[{'lat': -17.712, 'long': -71.079, 'Time': Timestamp('2007-02-07 18:55:00'), 'mag': 5.5}, {'lat': 8.69, 'long': -39.466, 'Time': Timestamp('2007-02-08 10:21:57'), 'mag': 5.2}, {'lat': 8.762, 'long': -39.422, 'Time': Timestamp('2007-02-08 12:05:35'), 'mag': 5.1}, {'lat': 9.14, 'long': -39.472, 'Time': Timestamp('2007-02-08 13:00:14'), 'mag': 5.0}, {'lat': 8.16, 'long': -39.285, 'Time': Timestamp('2007-02-08 14:32:10'), 'mag': 5.1}]",5,5
573,2007-02-08 18:07:22.386,0,[],0,7
574,2007-02-10 21:21:18.320,1,"[{'lat': 43.481, 'long': -127.363, 'Time': Timestamp('2007-02-11 15:34:48'), 'mag': 5.0}]",1,9
575,2007-02-25 00:35:18.586,1,"[{'lat': 33.191, 'long': 90.661, 'Time': Timestamp('2007-02-25 01:49:41'), 'mag': 5.3}, {'lat': 60.799, 'long': 166.568, 'Time': Timestamp('2007-02-25 14:32:35'), 'mag': 5.0}, {'lat': 73.272, 'long': 7.877, 'Time': Timestamp('2007-02-25 20:13:43'), 'mag': 5.1}, {'lat': 73.196, 'long': 6.781, 'Time': Timestamp('2007-02-25 21:53:13'), 'mag': 5.4}, {'lat': 9.974, 'long': 42.876, 'Time': Timestamp('2007-02-26 08:48:59'), 'mag': 5.0}, {'lat': -15.966, 'long': 167.523, 'Time': Timestamp('2007-02-26 09:01:22'), 'mag': 5.5}]",6,23
576,2007-02-27 07:08:27.443,1,"[{'lat': 28.1, 'long': 55.08, 'Time': Timestamp('2007-02-27 22:28:12'), 'mag': 5.0}]",1,25
577,2007-02-14 10:24:20.968,0,[],0,12
578,2007-02-10 13:43:20.899,1,"[{'lat': 35.804, 'long': -10.312, 'Time': Timestamp('2007-02-12 10:35:22'), 'mag': 6.0}]",1,8
579,2007-02-11 17:00:24.948,1,"[{'lat': -1.424, 'long': -77.778, 'Time': Timestamp('2007-02-13 14:56:43'), 'mag': 5.6}]",1,9
580,2007-02-15 20:14:52.813,0,[],0,13
581,2007-02-16 01:05:50.427,1,"[{'lat': 41.794, 'long': 143.553, 'Time': Timestamp('2007-02-17 00:02:56'), 'mag': 6.0}, {'lat': 41.771, 'long': 143.602, 'Time': Timestamp('2007-02-17 00:22:27'), 'mag': 5.3}, {'lat': 11.47, 'long': 143.274, 'Time': Timestamp('2007-02-17 03:23:12'), 'mag': 5.0}, {'lat': -3.596, 'long': 151.234, 'Time': Timestamp('2007-02-17 04:01:52'), 'mag': 5.1}, {'lat': -7.316, 'long': 155.858, 'Time': Timestamp('2007-02-17 07:43:33'), 'mag': 5.7}, {'lat': -7.255, 'long': 155.889, 'Time': Timestamp('2007-02-17 07:47:49'), 'mag': 5.6}, {'lat': -7.29, 'long': 155.878, 'Time': Timestamp('2007-02-17 07:56:44'), 'mag': 5.0}, {'lat': -7.252, 'long': 155.85, 'Time': Timestamp('2007-02-17 09:18:34'), 'mag': 5.3}, {'lat': -7.125, 'long': 155.827, 'Time': Timestamp('2007-02-17 12:24:49'), 'mag': 5.0}, {'lat': -7.313, 'long': 155.76, 'Time': Timestamp('2007-02-17 12:43:12'), 'mag': 5.7}, {'lat': -4.095, 'long': 154.45, 'Time': Timestamp('2007-02-17 23:41:45'), 'mag': 5.5}]",11,13
582,2007-02-11 07:39:00.724,0,[],0,8
583,2007-02-23 10:55:18.601,0,[],0,20
584,2007-02-08 14:14:16.204,1,"[{'lat': 8.16, 'long': -39.285, 'Time': Timestamp('2007-02-08 14:32:10'), 'mag': 5.1}, {'lat': 8.596, 'long': -39.433, 'Time': Timestamp('2007-02-08 16:28:08'), 'mag': 5.3}, {'lat': -42.978, 'long': -71.56, 'Time': Timestamp('2007-02-10 06:03:02'), 'mag': 5.5}]",3,5
585,2007-02-22 17:30:51.693,1,"[{'lat': -1.436, 'long': -77.97, 'Time': Timestamp('2007-02-23 14:12:28'), 'mag': 5.0}, {'lat': -41.237, 'long': -85.977, 'Time': Timestamp('2007-02-24 01:53:57'), 'mag': 5.1}, {'lat': -7.006, 'long': -80.485, 'Time': Timestamp('2007-02-24 02:36:23'), 'mag': 6.3}, {'lat': 1.096, 'long': -85.206, 'Time': Timestamp('2007-02-24 07:33:33'), 'mag': 5.5}, {'lat': 1.054, 'long': -85.259, 'Time': Timestamp('2007-02-24 10:31:33'), 'mag': 5.1}]",5,19
586,2007-02-22 20:44:46.311,0,[],0,19
587,2007-02-25 06:31:19.239,1,"[{'lat': -44.77, 'long': 35.495, 'Time': Timestamp('2007-02-26 23:49:53'), 'mag': 5.7}, {'lat': -41.596, 'long': 79.997, 'Time': Timestamp('2007-02-27 01:35:36'), 'mag': 5.4}]",2,21
588,2007-02-12 09:46:50.743,0,[],0,8
589,2007-02-13 16:23:51.957,1,"[{'lat': 13.443, 'long': -91.059, 'Time': Timestamp('2007-02-13 18:38:49'), 'mag': 5.0}, {'lat': -19.588, 'long': -69.823, 'Time': Timestamp('2007-02-14 14:21:47'), 'mag': 5.6}, {'lat': -5.339, 'long': -77.225, 'Time': Timestamp('2007-02-14 19:37:57'), 'mag': 5.0}]",3,9
590,2007-02-10 19:38:20.023,1,"[{'lat': -4.837, 'long': -106.006, 'Time': Timestamp('2007-02-10 22:00:46'), 'mag': 5.2}, {'lat': 21.344, 'long': -106.322, 'Time': Timestamp('2007-02-11 09:09:07'), 'mag': 5.0}, {'lat': 43.481, 'long': -127.363, 'Time': Timestamp('2007-02-11 15:34:48'), 'mag': 5.0}]",3,6
591,2007-02-14 22:52:22.642,1,"[{'lat': -22.119, 'long': 171.91, 'Time': Timestamp('2007-02-15 08:31:40'), 'mag': 5.0}, {'lat': -32.015, 'long': -177.499, 'Time': Timestamp('2007-02-15 10:23:33'), 'mag': 5.3}, {'lat': -32.058, 'long': -177.533, 'Time': Timestamp('2007-02-15 10:27:29'), 'mag': 5.4}, {'lat': -41.509, 'long': -89.201, 'Time': Timestamp('2007-02-15 16:27:45'), 'mag': 5.0}, {'lat': -55.027, 'long': -26.461, 'Time': Timestamp('2007-02-16 01:15:28'), 'mag': 5.1}, {'lat': -35.079, 'long': 53.984, 'Time': Timestamp('2007-02-16 08:29:37'), 'mag': 5.0}]",6,10
592,2007-02-24 08:38:49.566,0,[],0,19
593,2007-03-02 11:57:54.933,1,"[{'lat': -41.798, 'long': -16.112, 'Time': Timestamp('2007-03-03 11:54:26'), 'mag': 5.0}, {'lat': -56.01, 'long': -27.49, 'Time': Timestamp('2007-03-04 07:08:01'), 'mag': 5.0}]",2,25
594,2007-02-21 15:15:51.884,1,"[{'lat': -1.436, 'long': -77.97, 'Time': Timestamp('2007-02-23 14:12:28'), 'mag': 5.0}]",1,16
595,2007-03-04 18:31:52.964,0,[],0,27
596,2007-03-05 21:45:44.457,1,"[{'lat': 2.082, 'long': -76.495, 'Time': Timestamp('2007-03-06 13:05:12'), 'mag': 5.2}, {'lat': -15.094, 'long': -73.999, 'Time': Timestamp('2007-03-06 21:30:11'), 'mag': 5.2}, {'lat': -61.492, 'long': 159.383, 'Time': Timestamp('2007-03-07 01:51:48'), 'mag': 5.0}, {'lat': -61.176, 'long': 161.253, 'Time': Timestamp('2007-03-07 02:05:40'), 'mag': 5.2}, {'lat': -17.795, 'long': -178.132, 'Time': Timestamp('2007-03-07 19:20:49'), 'mag': 5.2}]",5,28
597,2007-02-22 00:59:21.932,1,"[{'lat': -1.104, 'long': 127.209, 'Time': Timestamp('2007-02-22 03:20:19'), 'mag': 5.0}]",1,16
598,2007-03-01 05:54:24.226,0,[],0,23
599,2007-02-23 09:09:21.735,0,[],0,17
600,2007-02-11 12:28:50.015,1,"[{'lat': 35.804, 'long': -10.312, 'Time': Timestamp('2007-02-12 10:35:22'), 'mag': 6.0}, {'lat': -4.768, 'long': -12.439, 'Time': Timestamp('2007-02-13 00:58:19'), 'mag': 5.0}]",2,5
601,2007-03-08 15:46:51.509,1,"[{'lat': -23.294, 'long': -69.71, 'Time': Timestamp('2007-03-10 14:07:08'), 'mag': 5.5}]",1,30
602,2007-03-06 19:01:52.232,0,[],0,28
603,2007-03-09 06:25:22.184,1,"[{'lat': -11.428, 'long': 66.255, 'Time': Timestamp('2007-03-09 07:27:31'), 'mag': 5.7}]",1,30
604,2007-03-02 09:40:22.301,0,[],0,23
605,2007-03-08 17:55:22.793,1,"[{'lat': 13.261, 'long': -87.387, 'Time': Timestamp('2007-03-09 21:01:37'), 'mag': 5.6}]",1,29
606,2007-02-22 21:09:22.846,1,"[{'lat': -17.031, 'long': -172.978, 'Time': Timestamp('2007-02-22 21:35:56'), 'mag': 5.0}]",1,15
607,2007-03-04 00:23:23.089,1,"[{'lat': -5.834, 'long': 152.474, 'Time': Timestamp('2007-03-04 02:50:06'), 'mag': 5.3}, {'lat': 33.79, 'long': -38.473, 'Time': Timestamp('2007-03-04 11:26:11'), 'mag': 5.6}, {'lat': 35.269, 'long': -36.324, 'Time': Timestamp('2007-03-04 12:25:45'), 'mag': 5.0}, {'lat': -5.4, 'long': 151.3, 'Time': Timestamp('2007-03-04 22:31:44'), 'mag': 5.0}, {'lat': 34.491, 'long': -36.903, 'Time': Timestamp('2007-03-04 22:39:23'), 'mag': 5.1}, {'lat': 23.449, 'long': 142.585, 'Time': Timestamp('2007-03-05 15:10:59'), 'mag': 5.0}, {'lat': -4.305, 'long': 143.512, 'Time': Timestamp('2007-03-05 23:09:18'), 'mag': 5.1}, {'lat': -1.055, 'long': 126.913, 'Time': Timestamp('2007-03-06 00:09:08'), 'mag': 5.0}]",8,24
608,2007-02-22 05:17:55.167,0,[],0,14
609,2007-02-23 08:34:23.335,0,[],0,15
610,2007-03-01 11:51:24.052,0,[],0,21
611,2007-02-17 15:09:51.114,1,"[{'lat': 49.176, 'long': -28.405, 'Time': Timestamp('2007-02-19 14:14:50'), 'mag': 5.3}]",1,9
612,2007-02-18 18:25:52.194,1,"[{'lat': 6.336, 'long': -82.706, 'Time': Timestamp('2007-02-18 21:37:44'), 'mag': 5.7}]",1,10
613,2007-03-04 21:39:22.247,1,"[{'lat': -17.566, 'long': -173.346, 'Time': Timestamp('2007-03-04 23:49:26'), 'mag': 5.1}, {'lat': -30.307, 'long': -177.746, 'Time': Timestamp('2007-03-05 01:10:15'), 'mag': 5.1}, {'lat': -30.652, 'long': -177.563, 'Time': Timestamp('2007-03-05 01:15:49'), 'mag': 5.0}, {'lat': 2.082, 'long': -76.495, 'Time': Timestamp('2007-03-06 13:05:12'), 'mag': 5.2}, {'lat': -15.094, 'long': -73.999, 'Time': Timestamp('2007-03-06 21:30:11'), 'mag': 5.2}]",5,24
614,2007-03-02 00:53:18.394,1,"[{'lat': 46.811, 'long': 152.63, 'Time': Timestamp('2007-03-03 17:21:49'), 'mag': 5.4}, {'lat': 13.799, 'long': 57.087, 'Time': Timestamp('2007-03-03 18:08:53'), 'mag': 5.3}, {'lat': 0.007, 'long': 126.806, 'Time': Timestamp('2007-03-03 20:08:28'), 'mag': 5.9}]",3,21
615,2007-02-18 07:26:24.595,0,[],0,9
616,2007-02-17 10:42:48.008,1,"[{'lat': 1.75, 'long': 30.758, 'Time': Timestamp('2007-02-19 02:33:43'), 'mag': 5.6}]",1,8
617,2007-02-15 14:01:52.516,0,[],0,6
618,2007-02-23 22:09:53.609,1,"[{'lat': -41.237, 'long': -85.977, 'Time': Timestamp('2007-02-24 01:53:57'), 'mag': 5.1}, {'lat': -7.006, 'long': -80.485, 'Time': Timestamp('2007-02-24 02:36:23'), 'mag': 6.3}, {'lat': 1.096, 'long': -85.206, 'Time': Timestamp('2007-02-24 07:33:33'), 'mag': 5.5}, {'lat': -20.135, 'long': 173.081, 'Time': Timestamp('2007-02-24 08:07:58'), 'mag': 5.5}, {'lat': -20.134, 'long': 173.032, 'Time': Timestamp('2007-02-24 08:17:23'), 'mag': 5.3}, {'lat': 1.054, 'long': -85.259, 'Time': Timestamp('2007-02-24 10:31:33'), 'mag': 5.1}, {'lat': -21.492, 'long': -68.027, 'Time': Timestamp('2007-02-24 13:33:04'), 'mag': 5.0}, {'lat': 26.002, 'long': -110.461, 'Time': Timestamp('2007-02-25 01:18:33'), 'mag': 5.2}, {'lat': -27.819, 'long': -67.38, 'Time': Timestamp('2007-02-25 11:19:52'), 'mag': 5.0}, {'lat': 26.146, 'long': -110.421, 'Time': Timestamp('2007-02-25 15:00:41'), 'mag': 5.9}, {'lat': 26.029, 'long': -110.613, 'Time': Timestamp('2007-02-25 15:03:49'), 'mag': 5.2}, {'lat': -29.13, 'long': -177.133, 'Time': Timestamp('2007-02-25 20:47:27'), 'mag': 5.7}]",12,14
619,2007-02-15 06:18:49.646,1,"[{'lat': -35.079, 'long': 53.984, 'Time': Timestamp('2007-02-16 08:29:37'), 'mag': 5.0}]",1,5
620,2007-02-26 09:34:18.382,1,"[{'lat': -44.77, 'long': 35.495, 'Time': Timestamp('2007-02-26 23:49:53'), 'mag': 5.7}, {'lat': -44.836, 'long': 35.123, 'Time': Timestamp('2007-02-27 03:47:12'), 'mag': 5.1}, {'lat': 28.1, 'long': 55.08, 'Time': Timestamp('2007-02-27 22:28:12'), 'mag': 5.0}]",3,16
621,2007-02-16 19:26:21.647,0,[],0,6
622,2007-02-18 22:39:53.050,1,"[{'lat': -20.206, 'long': 173.088, 'Time': Timestamp('2007-02-19 14:33:34'), 'mag': 5.8}, {'lat': -23.05, 'long': -70.473, 'Time': Timestamp('2007-02-19 19:24:10'), 'mag': 5.5}]",2,8
623,2007-03-02 01:54:21.522,1,"[{'lat': 46.811, 'long': 152.63, 'Time': Timestamp('2007-03-03 17:21:49'), 'mag': 5.4}, {'lat': 0.007, 'long': 126.806, 'Time': Timestamp('2007-03-03 20:08:28'), 'mag': 5.9}]",2,19
624,2007-03-13 06:49:54.583,0,[],0,30
625,2007-02-27 10:05:21.880,0,[],0,16
626,2007-03-04 13:24:52.291,1,"[{'lat': 34.491, 'long': -36.903, 'Time': Timestamp('2007-03-04 22:39:23'), 'mag': 5.1}]",1,21
627,2007-03-07 23:10:22.451,0,[],0,24
628,2007-02-18 08:57:23.582,1,"[{'lat': 1.75, 'long': 30.758, 'Time': Timestamp('2007-02-19 02:33:43'), 'mag': 5.6}]",1,6
629,2007-03-06 12:16:22.665,1,"[{'lat': 3.018, 'long': -31.819, 'Time': Timestamp('2007-03-07 23:01:24'), 'mag': 5.5}, {'lat': -58.217, 'long': -7.615, 'Time': Timestamp('2007-03-08 11:14:31'), 'mag': 6.2}]",2,22
630,2007-03-11 15:34:13.612,1,"[{'lat': -5.527, 'long': -77.055, 'Time': Timestamp('2007-03-13 14:50:50'), 'mag': 5.0}]",1,27
631,2007-03-13 18:49:52.639,1,"[{'lat': 11.514, 'long': -86.59, 'Time': Timestamp('2007-03-14 21:59:13'), 'mag': 5.5}, {'lat': 11.572, 'long': -86.671, 'Time': Timestamp('2007-03-14 22:44:08'), 'mag': 5.2}, {'lat': 16.071, 'long': -97.242, 'Time': Timestamp('2007-03-15 13:13:00'), 'mag': 5.3}]",3,29
632,2007-02-21 22:03:51.129,1,"[{'lat': -24.016, 'long': -179.783, 'Time': Timestamp('2007-02-22 07:33:18'), 'mag': 5.0}, {'lat': -17.031, 'long': -172.978, 'Time': Timestamp('2007-02-22 21:35:56'), 'mag': 5.0}, {'lat': 25.955, 'long': -110.522, 'Time': Timestamp('2007-02-23 07:12:18'), 'mag': 5.2}, {'lat': 25.988, 'long': -110.495, 'Time': Timestamp('2007-02-23 07:30:12'), 'mag': 5.2}, {'lat': -1.436, 'long': -77.97, 'Time': Timestamp('2007-02-23 14:12:28'), 'mag': 5.0}, {'lat': -45.337, 'long': -72.319, 'Time': Timestamp('2007-02-23 19:55:48'), 'mag': 5.7}]",6,9
633,2007-03-09 01:17:47.645,1,"[{'lat': 43.224, 'long': 133.526, 'Time': Timestamp('2007-03-09 03:22:42'), 'mag': 6.0}, {'lat': -11.428, 'long': 66.255, 'Time': Timestamp('2007-03-09 07:27:31'), 'mag': 5.7}, {'lat': -6.364, 'long': 130.168, 'Time': Timestamp('2007-03-09 10:38:08'), 'mag': 5.6}, {'lat': 20.056, 'long': 121.405, 'Time': Timestamp('2007-03-09 17:44:02'), 'mag': 5.4}, {'lat': 74.256, 'long': 8.713, 'Time': Timestamp('2007-03-10 17:03:37'), 'mag': 5.7}, {'lat': 55.209, 'long': 161.859, 'Time': Timestamp('2007-03-10 21:12:57'), 'mag': 5.8}]",6,24
634,2007-03-13 06:12:58.015,0,[],0,28
635,2007-03-02 09:28:19.888,0,[],0,17
636,2007-03-04 12:47:23.067,1,"[{'lat': 34.491, 'long': -36.903, 'Time': Timestamp('2007-03-04 22:39:23'), 'mag': 5.1}]",1,19
637,2007-03-01 16:05:17.221,1,"[{'lat': 26.537, 'long': -44.581, 'Time': Timestamp('2007-03-01 22:45:29'), 'mag': 5.1}, {'lat': 26.461, 'long': -44.45, 'Time': Timestamp('2007-03-01 23:02:00'), 'mag': 5.3}, {'lat': 26.471, 'long': -44.448, 'Time': Timestamp('2007-03-01 23:04:35'), 'mag': 5.4}, {'lat': 26.581, 'long': -44.594, 'Time': Timestamp('2007-03-01 23:11:52'), 'mag': 6.0}, {'lat': -30.882, 'long': -71.193, 'Time': Timestamp('2007-03-02 13:07:31'), 'mag': 5.4}]",5,16
638,2007-02-20 10:30:21.184,1,"[{'lat': 38.318, 'long': 39.275, 'Time': Timestamp('2007-02-21 11:05:28'), 'mag': 5.7}]",1,5
639,2007-02-25 13:49:22.923,1,"[{'lat': 63.295, 'long': -23.926, 'Time': Timestamp('2007-02-27 05:51:50'), 'mag': 5.0}]",1,10
640,2007-02-25 17:06:21.069,1,"[{'lat': -7.173, 'long': -80.611, 'Time': Timestamp('2007-02-26 00:19:24'), 'mag': 5.3}, {'lat': -20.161, 'long': -68.938, 'Time': Timestamp('2007-02-26 17:58:26'), 'mag': 5.1}, {'lat': 17.109, 'long': -61.487, 'Time': Timestamp('2007-02-27 09:42:40'), 'mag': 5.0}, {'lat': -35.941, 'long': -106.252, 'Time': Timestamp('2007-02-27 16:13:51'), 'mag': 5.2}]",4,10
641,2007-03-15 20:20:53.991,0,[],0,28
642,2007-03-08 23:34:22.083,1,"[{'lat': 13.261, 'long': -87.387, 'Time': Timestamp('2007-03-09 21:01:37'), 'mag': 5.6}, {'lat': -23.294, 'long': -69.71, 'Time': Timestamp('2007-03-10 14:07:08'), 'mag': 5.5}, {'lat': -22.487, 'long': -176.048, 'Time': Timestamp('2007-03-10 15:05:45'), 'mag': 5.1}]",3,21
643,2007-03-12 07:44:53.188,0,[],0,24
644,2007-03-04 12:41:22.298,0,[],0,16
645,2007-03-05 15:58:51.548,1,"[{'lat': 2.082, 'long': -76.495, 'Time': Timestamp('2007-03-06 13:05:12'), 'mag': 5.2}, {'lat': -15.094, 'long': -73.999, 'Time': Timestamp('2007-03-06 21:30:11'), 'mag': 5.2}]",2,17
646,2007-03-16 19:14:20.943,0,[],0,28
647,2007-02-22 08:15:50.152,0,[],0,5
648,2007-02-22 18:07:22.780,1,"[{'lat': 25.955, 'long': -110.522, 'Time': Timestamp('2007-02-23 07:12:18'), 'mag': 5.2}, {'lat': 25.988, 'long': -110.495, 'Time': Timestamp('2007-02-23 07:30:12'), 'mag': 5.2}, {'lat': -1.436, 'long': -77.97, 'Time': Timestamp('2007-02-23 14:12:28'), 'mag': 5.0}, {'lat': -7.006, 'long': -80.485, 'Time': Timestamp('2007-02-24 02:36:23'), 'mag': 6.3}, {'lat': 1.096, 'long': -85.206, 'Time': Timestamp('2007-02-24 07:33:33'), 'mag': 5.5}, {'lat': 1.054, 'long': -85.259, 'Time': Timestamp('2007-02-24 10:31:33'), 'mag': 5.1}]",6,5
649,2007-02-22 21:19:17.263,1,"[{'lat': -17.031, 'long': -172.978, 'Time': Timestamp('2007-02-22 21:35:56'), 'mag': 5.0}]",1,5
650,2007-02-27 00:35:18.980,1,"[{'lat': -20.117, 'long': 172.93, 'Time': Timestamp('2007-02-27 00:44:15'), 'mag': 5.2}, {'lat': 63.295, 'long': -23.926, 'Time': Timestamp('2007-02-27 05:51:50'), 'mag': 5.0}, {'lat': 28.1, 'long': 55.08, 'Time': Timestamp('2007-02-27 22:28:12'), 'mag': 5.0}, {'lat': 2.476, 'long': 124.417, 'Time': Timestamp('2007-02-28 09:29:46'), 'mag': 5.1}, {'lat': -1.843, 'long': 128.869, 'Time': Timestamp('2007-02-28 12:31:38'), 'mag': 5.0}, {'lat': 60.926, 'long': 167.118, 'Time': Timestamp('2007-02-28 19:37:15'), 'mag': 5.1}]",6,9
651,2007-03-16 07:08:27.836,1,"[{'lat': 35.638, 'long': 89.41, 'Time': Timestamp('2007-03-16 21:51:21'), 'mag': 5.0}]",1,26
652,2007-03-07 10:24:21.361,1,"[{'lat': -58.217, 'long': -7.615, 'Time': Timestamp('2007-03-08 11:14:31'), 'mag': 6.2}]",1,17
653,2007-02-27 13:43:22.100,1,"[{'lat': -55.245, 'long': -29.142, 'Time': Timestamp('2007-02-28 23:13:15'), 'mag': 6.2}]",1,9
654,2007-02-27 06:00:24.443,1,"[{'lat': 3.776, 'long': 96.336, 'Time': Timestamp('2007-03-01 02:01:07'), 'mag': 5.2}, {'lat': 10.292, 'long': 93.059, 'Time': Timestamp('2007-03-01 05:08:20'), 'mag': 5.0}]",2,8
655,2007-03-09 09:15:46.528,0,[],0,18
656,2007-03-09 12:34:52.475,0,[],0,18
657,2007-03-02 15:52:47.629,1,"[{'lat': 33.79, 'long': -38.473, 'Time': Timestamp('2007-03-04 11:26:11'), 'mag': 5.6}, {'lat': 35.269, 'long': -36.324, 'Time': Timestamp('2007-03-04 12:25:45'), 'mag': 5.0}]",2,11
658,2007-03-09 19:08:19.792,0,[],0,18
659,2007-03-11 09:46:47.041,1,"[{'lat': -55.343, 'long': -1.558, 'Time': Timestamp('2007-03-11 12:38:38'), 'mag': 5.0}]",1,19
660,2007-03-04 18:01:22.956,1,"[{'lat': 2.082, 'long': -76.495, 'Time': Timestamp('2007-03-06 13:05:12'), 'mag': 5.2}]",1,12
661,2007-03-18 21:15:17.106,1,"[{'lat': -33.502, 'long': -178.266, 'Time': Timestamp('2007-03-20 09:25:49'), 'mag': 5.2}, {'lat': -33.401, 'long': -178.555, 'Time': Timestamp('2007-03-20 10:14:19'), 'mag': 5.2}]",2,26
662,2007-02-27 00:29:18.944,1,"[{'lat': -20.117, 'long': 172.93, 'Time': Timestamp('2007-02-27 00:44:15'), 'mag': 5.2}, {'lat': 63.295, 'long': -23.926, 'Time': Timestamp('2007-02-27 05:51:50'), 'mag': 5.0}, {'lat': 28.1, 'long': 55.08, 'Time': Timestamp('2007-02-27 22:28:12'), 'mag': 5.0}, {'lat': 2.476, 'long': 124.417, 'Time': Timestamp('2007-02-28 09:29:46'), 'mag': 5.1}, {'lat': -1.843, 'long': 128.869, 'Time': Timestamp('2007-02-28 12:31:38'), 'mag': 5.0}, {'lat': 60.926, 'long': 167.118, 'Time': Timestamp('2007-02-28 19:37:15'), 'mag': 5.1}]",6,6
663,2007-03-11 07:01:54.246,1,"[{'lat': -32.089, 'long': 57.093, 'Time': Timestamp('2007-03-11 19:40:56'), 'mag': 5.0}]",1,18
664,2007-03-09 10:17:50.592,0,[],0,16
665,2007-03-09 13:37:22.331,0,[],0,16
666,2007-03-10 23:22:22.491,1,"[{'lat': -28.842, 'long': -177.006, 'Time': Timestamp('2007-03-12 00:54:24'), 'mag': 5.6}, {'lat': -28.855, 'long': -176.973, 'Time': Timestamp('2007-03-12 01:57:08'), 'mag': 5.2}, {'lat': -21.049, 'long': 169.834, 'Time': Timestamp('2007-03-12 09:59:03'), 'mag': 5.8}, {'lat': 51.131, 'long': 179.392, 'Time': Timestamp('2007-03-12 13:04:43'), 'mag': 5.0}]",4,17
667,2007-03-24 07:33:00.349,1,"[{'lat': -42.625, 'long': 42.035, 'Time': Timestamp('2007-03-24 07:39:38'), 'mag': 5.4}]",1,30
668,2007-03-04 10:48:52.321,0,[],0,10
669,2007-03-19 14:08:22.733,1,"[{'lat': -31.726, 'long': -66.956, 'Time': Timestamp('2007-03-20 17:59:47'), 'mag': 5.2}]",1,25
670,2007-03-14 17:24:50.879,1,"[{'lat': 11.514, 'long': -86.59, 'Time': Timestamp('2007-03-14 21:59:13'), 'mag': 5.5}, {'lat': 11.572, 'long': -86.671, 'Time': Timestamp('2007-03-14 22:44:08'), 'mag': 5.2}, {'lat': 16.071, 'long': -97.242, 'Time': Timestamp('2007-03-15 13:13:00'), 'mag': 5.3}]",3,20
671,2007-03-11 20:38:52.839,1,"[{'lat': 26.261, 'long': -110.537, 'Time': Timestamp('2007-03-13 02:59:04'), 'mag': 6.0}]",1,17
672,2007-03-17 06:25:18.536,0,[],0,22
673,2007-03-03 09:40:22.696,0,[],0,8
674,2007-03-03 19:32:19.536,1,"[{'lat': -55.252, 'long': -129.337, 'Time': Timestamp('2007-03-03 20:52:08'), 'mag': 5.7}]",1,8
675,2007-03-24 22:46:22.267,1,"[{'lat': -20.617, 'long': 169.357, 'Time': Timestamp('2007-03-25 00:40:01'), 'mag': 7.1}, {'lat': -20.754, 'long': 169.354, 'Time': Timestamp('2007-03-25 01:08:19'), 'mag': 6.9}, {'lat': -20.596, 'long': 169.408, 'Time': Timestamp('2007-03-25 10:37:11'), 'mag': 5.1}, {'lat': -27.989, 'long': -176.788, 'Time': Timestamp('2007-03-25 19:21:18'), 'mag': 5.2}, {'lat': -20.961, 'long': 169.054, 'Time': Timestamp('2007-03-25 21:57:04'), 'mag': 5.3}, {'lat': -17.376, 'long': -72.611, 'Time': Timestamp('2007-03-26 02:46:58'), 'mag': 5.4}, {'lat': -19.485, 'long': -69.621, 'Time': Timestamp('2007-03-26 21:00:25'), 'mag': 5.1}, {'lat': -61.905, 'long': 155.168, 'Time': Timestamp('2007-03-26 21:15:35'), 'mag': 5.3}]",8,29
676,2007-03-19 08:34:22.730,0,[],0,23
677,2007-03-22 11:51:22.481,1,"[{'lat': -58.653, 'long': -25.181, 'Time': Timestamp('2007-03-23 17:12:51'), 'mag': 5.0}]",1,26
678,2007-03-12 15:09:51.509,1,"[{'lat': -5.527, 'long': -77.055, 'Time': Timestamp('2007-03-13 14:50:50'), 'mag': 5.0}]",1,16
679,2007-03-03 18:25:52.589,1,"[{'lat': -55.252, 'long': -129.337, 'Time': Timestamp('2007-03-03 20:52:08'), 'mag': 5.7}]",1,7
680,2007-03-19 21:38:22.954,1,"[{'lat': -33.502, 'long': -178.266, 'Time': Timestamp('2007-03-20 09:25:49'), 'mag': 5.2}, {'lat': -33.401, 'long': -178.555, 'Time': Timestamp('2007-03-20 10:14:19'), 'mag': 5.2}, {'lat': -31.726, 'long': -66.956, 'Time': Timestamp('2007-03-20 17:59:47'), 'mag': 5.2}]",3,23
681,2007-03-24 00:53:18.789,1,"[{'lat': -53.814, 'long': 140.789, 'Time': Timestamp('2007-03-24 17:29:29'), 'mag': 5.8}, {'lat': -20.617, 'long': 169.357, 'Time': Timestamp('2007-03-25 00:40:01'), 'mag': 7.1}, {'lat': 37.336, 'long': 136.588, 'Time': Timestamp('2007-03-25 00:41:57'), 'mag': 6.7}, {'lat': -20.754, 'long': 169.354, 'Time': Timestamp('2007-03-25 01:08:19'), 'mag': 6.9}, {'lat': 37.264, 'long': 136.69, 'Time': Timestamp('2007-03-25 09:11:45'), 'mag': 5.2}, {'lat': -20.596, 'long': 169.408, 'Time': Timestamp('2007-03-25 10:37:11'), 'mag': 5.1}, {'lat': 38.34, 'long': 20.42, 'Time': Timestamp('2007-03-25 13:57:58'), 'mag': 5.7}, {'lat': -20.961, 'long': 169.054, 'Time': Timestamp('2007-03-25 21:57:04'), 'mag': 5.3}, {'lat': 37.097, 'long': 136.453, 'Time': Timestamp('2007-03-25 22:16:38'), 'mag': 5.1}]",9,27
682,2007-03-03 07:26:24.989,1,"[{'lat': 13.799, 'long': 57.087, 'Time': Timestamp('2007-03-03 18:08:53'), 'mag': 5.3}]",1,6
683,2007-03-18 10:42:48.403,0,[],0,21
684,2007-03-25 14:01:52.910,1,"[{'lat': 47.718, 'long': -27.543, 'Time': Timestamp('2007-03-27 02:30:23'), 'mag': 5.0}]",1,28
685,2007-03-11 23:46:53.070,1,"[{'lat': -28.842, 'long': -177.006, 'Time': Timestamp('2007-03-12 00:54:24'), 'mag': 5.6}, {'lat': -28.855, 'long': -176.973, 'Time': Timestamp('2007-03-12 01:57:08'), 'mag': 5.2}, {'lat': -21.049, 'long': 169.834, 'Time': Timestamp('2007-03-12 09:59:03'), 'mag': 5.8}, {'lat': 51.131, 'long': 179.392, 'Time': Timestamp('2007-03-12 13:04:43'), 'mag': 5.0}]",4,14
686,2007-03-20 07:57:19.625,0,[],0,22
687,2007-03-06 17:49:24.664,0,[],0,8
688,2007-03-24 21:00:21.179,0,[],0,26
689,2007-03-07 00:16:52.471,1,"[{'lat': -61.492, 'long': 159.383, 'Time': Timestamp('2007-03-07 01:51:48'), 'mag': 5.0}, {'lat': -61.176, 'long': 161.253, 'Time': Timestamp('2007-03-07 02:05:40'), 'mag': 5.2}, {'lat': 1.955, 'long': 97.908, 'Time': Timestamp('2007-03-07 10:53:37'), 'mag': 5.9}, {'lat': -5.202, 'long': 123.582, 'Time': Timestamp('2007-03-07 20:45:38'), 'mag': 5.0}, {'lat': 24.061, 'long': 122.375, 'Time': Timestamp('2007-03-07 22:57:19'), 'mag': 5.1}, {'lat': -0.038, 'long': 127.3, 'Time': Timestamp('2007-03-07 23:27:22'), 'mag': 5.0}, {'lat': -0.007, 'long': 126.709, 'Time': Timestamp('2007-03-08 00:47:23'), 'mag': 5.0}, {'lat': 29.908, 'long': 140.204, 'Time': Timestamp('2007-03-08 05:03:32'), 'mag': 6.1}]",8,8
690,2007-03-23 08:28:22.906,1,"[{'lat': 27.47, 'long': 55.15, 'Time': Timestamp('2007-03-23 21:38:02'), 'mag': 5.0}, {'lat': -42.625, 'long': 42.035, 'Time': Timestamp('2007-03-24 07:39:38'), 'mag': 5.4}]",2,24
691,2007-03-27 11:45:22.659,0,[],0,28
692,2007-03-23 15:03:48.918,1,"[{'lat': -19.722, 'long': -70.142, 'Time': Timestamp('2007-03-24 19:13:50'), 'mag': 5.7}]",1,24
693,2007-03-24 18:19:22.766,0,[],0,25
694,2007-03-15 21:32:21.692,1,"[{'lat': -32.32, 'long': -177.334, 'Time': Timestamp('2007-03-16 09:41:26'), 'mag': 5.0}, {'lat': -28.7, 'long': -70.351, 'Time': Timestamp('2007-03-16 21:35:53'), 'mag': 5.1}]",2,16
695,2007-03-06 00:47:18.966,1,"[{'lat': -0.493, 'long': 100.498, 'Time': Timestamp('2007-03-06 03:49:38'), 'mag': 6.4}, {'lat': -0.488, 'long': 100.53, 'Time': Timestamp('2007-03-06 05:49:25'), 'mag': 6.3}, {'lat': -0.399, 'long': 100.913, 'Time': Timestamp('2007-03-06 12:53:06'), 'mag': 5.0}, {'lat': -61.492, 'long': 159.383, 'Time': Timestamp('2007-03-07 01:51:48'), 'mag': 5.0}, {'lat': -61.176, 'long': 161.253, 'Time': Timestamp('2007-03-07 02:05:40'), 'mag': 5.2}, {'lat': 1.955, 'long': 97.908, 'Time': Timestamp('2007-03-07 10:53:37'), 'mag': 5.9}, {'lat': -5.202, 'long': 123.582, 'Time': Timestamp('2007-03-07 20:45:38'), 'mag': 5.0}, {'lat': 24.061, 'long': 122.375, 'Time': Timestamp('2007-03-07 22:57:19'), 'mag': 5.1}, {'lat': -0.038, 'long': 127.3, 'Time': Timestamp('2007-03-07 23:27:22'), 'mag': 5.0}]",9,6
696,2007-03-24 07:20:25.167,1,"[{'lat': -42.625, 'long': 42.035, 'Time': Timestamp('2007-03-24 07:39:38'), 'mag': 5.4}]",1,24
697,2007-03-22 10:36:51.953,1,"[{'lat': -58.653, 'long': -25.181, 'Time': Timestamp('2007-03-23 17:12:51'), 'mag': 5.0}]",1,22
698,2007-03-27 13:55:52.141,0,[],0,27
699,2007-03-09 23:40:51.163,1,"[{'lat': -22.487, 'long': -176.048, 'Time': Timestamp('2007-03-10 15:05:45'), 'mag': 5.1}]",1,9
700,2007-03-23 07:51:19.857,1,"[{'lat': 27.47, 'long': 55.15, 'Time': Timestamp('2007-03-23 21:38:02'), 'mag': 5.0}, {'lat': -42.625, 'long': 42.035, 'Time': Timestamp('2007-03-24 07:39:38'), 'mag': 5.4}]",2,22
701,2007-03-14 17:42:52.596,1,"[{'lat': 11.514, 'long': -86.59, 'Time': Timestamp('2007-03-14 21:59:13'), 'mag': 5.5}, {'lat': 11.572, 'long': -86.671, 'Time': Timestamp('2007-03-14 22:44:08'), 'mag': 5.2}, {'lat': 16.071, 'long': -97.242, 'Time': Timestamp('2007-03-15 13:13:00'), 'mag': 5.3}]",3,13
702,2007-03-23 20:57:20.195,0,[],0,22
703,2007-03-22 00:10:52.703,1,"[{'lat': -3.388, 'long': 86.775, 'Time': Timestamp('2007-03-22 06:10:43'), 'mag': 5.9}, {'lat': -22.328, 'long': 171.471, 'Time': Timestamp('2007-03-22 08:24:03'), 'mag': 5.4}, {'lat': -7.563, 'long': 127.558, 'Time': Timestamp('2007-03-22 21:29:05'), 'mag': 5.4}, {'lat': -15.114, 'long': 167.393, 'Time': Timestamp('2007-03-23 15:55:13'), 'mag': 5.2}, {'lat': 27.47, 'long': 55.15, 'Time': Timestamp('2007-03-23 21:38:02'), 'mag': 5.0}]",5,20
704,2007-03-22 08:21:54.466,1,"[{'lat': 27.47, 'long': 55.15, 'Time': Timestamp('2007-03-23 21:38:02'), 'mag': 5.0}, {'lat': -42.625, 'long': 42.035, 'Time': Timestamp('2007-03-24 07:39:38'), 'mag': 5.4}]",2,20
705,2007-03-24 11:38:52.891,1,"[{'lat': 38.34, 'long': 20.42, 'Time': Timestamp('2007-03-25 13:57:58'), 'mag': 5.7}]",1,22
706,2007-03-18 14:57:21.583,0,[],0,16
707,2007-03-30 18:13:22.998,1,"[{'lat': 15.897, 'long': -99.051, 'Time': Timestamp('2007-03-30 19:00:37'), 'mag': 5.3}, {'lat': -55.692, 'long': -125.471, 'Time': Timestamp('2007-03-30 22:07:05'), 'mag': 5.2}, {'lat': 14.494, 'long': -93.072, 'Time': Timestamp('2007-03-31 05:03:21'), 'mag': 5.1}, {'lat': -56.083, 'long': -123.27, 'Time': Timestamp('2007-03-31 12:49:03'), 'mag': 6.2}]",4,28
708,2007-03-29 21:26:24.580,1,"[{'lat': -33.123, 'long': -178.513, 'Time': Timestamp('2007-03-31 02:58:07'), 'mag': 5.1}, {'lat': -26.142, 'long': -179.077, 'Time': Timestamp('2007-03-31 03:41:50'), 'mag': 5.2}]",2,27
709,2007-03-17 00:41:16.869,1,"[{'lat': 1.132, 'long': 126.216, 'Time': Timestamp('2007-03-17 17:42:26'), 'mag': 6.2}, {'lat': 42.159, 'long': 144.004, 'Time': Timestamp('2007-03-18 01:25:24'), 'mag': 5.5}, {'lat': -9.509, 'long': 124.534, 'Time': Timestamp('2007-03-18 06:48:17'), 'mag': 5.1}]",3,14
710,2007-03-15 08:52:53.432,0,[],0,12
711,2007-03-11 01:42:19.893,1,"[{'lat': 43.988, 'long': 147.891, 'Time': Timestamp('2007-03-11 07:09:26'), 'mag': 5.8}, {'lat': 1.058, 'long': 126.319, 'Time': Timestamp('2007-03-12 07:51:13'), 'mag': 5.2}, {'lat': -41.203, 'long': 85.533, 'Time': Timestamp('2007-03-12 08:07:59'), 'mag': 5.5}, {'lat': 51.131, 'long': 179.392, 'Time': Timestamp('2007-03-12 13:04:43'), 'mag': 5.0}, {'lat': 19.778, 'long': 121.936, 'Time': Timestamp('2007-03-12 17:49:56'), 'mag': 5.1}, {'lat': 46.897, 'long': 151.77, 'Time': Timestamp('2007-03-12 18:59:25'), 'mag': 5.6}, {'lat': 1.186, 'long': 126.243, 'Time': Timestamp('2007-03-13 01:02:55'), 'mag': 5.3}]",7,6
712,2007-03-31 06:37:25.286,1,"[{'lat': 9.203, 'long': 91.516, 'Time': Timestamp('2007-04-01 07:08:59'), 'mag': 5.1}]",1,26
713,2007-03-27 09:52:46.042,1,"[{'lat': -6.268, 'long': 29.673, 'Time': Timestamp('2007-03-28 21:17:10'), 'mag': 5.8}]",1,22
714,2007-03-18 13:12:22.095,0,[],0,13
715,2007-04-03 16:29:49.581,0,[],0,29
716,2007-03-30 19:44:22.201,1,"[{'lat': -55.692, 'long': -125.471, 'Time': Timestamp('2007-03-30 22:07:05'), 'mag': 5.2}, {'lat': -56.083, 'long': -123.27, 'Time': Timestamp('2007-03-31 12:49:03'), 'mag': 6.2}]",2,25
717,2007-03-19 12:03:52.469,0,[],0,13
718,2007-03-20 15:22:15.514,1,"[{'lat': -31.726, 'long': -66.956, 'Time': Timestamp('2007-03-20 17:59:47'), 'mag': 5.2}, {'lat': 15.185, 'long': -45.617, 'Time': Timestamp('2007-03-21 23:07:46'), 'mag': 5.4}]",2,14
719,2007-04-04 18:37:51.226,1,"[{'lat': -55.373, 'long': -123.645, 'Time': Timestamp('2007-04-06 05:54:20'), 'mag': 5.9}]",1,29
720,2007-03-16 07:38:53.872,0,[],0,9
721,2007-03-29 10:55:19.996,0,[],0,22
722,2007-03-16 14:14:22.952,1,"[{'lat': -28.7, 'long': -70.351, 'Time': Timestamp('2007-03-16 21:35:53'), 'mag': 5.1}, {'lat': -28.829, 'long': -71.473, 'Time': Timestamp('2007-03-18 07:52:54'), 'mag': 5.0}]",2,9
723,2007-03-14 17:30:53.006,1,"[{'lat': 11.514, 'long': -86.59, 'Time': Timestamp('2007-03-14 21:59:13'), 'mag': 5.5}, {'lat': 11.572, 'long': -86.671, 'Time': Timestamp('2007-03-14 22:44:08'), 'mag': 5.2}, {'lat': 16.071, 'long': -97.242, 'Time': Timestamp('2007-03-15 13:13:00'), 'mag': 5.3}]",3,7
724,2007-03-20 20:44:50.604,0,[],0,13
725,2007-03-17 23:58:52.112,1,"[{'lat': -60.695, 'long': 154.09, 'Time': Timestamp('2007-03-19 21:20:38'), 'mag': 5.7}]",1,10
726,2007-03-27 06:31:24.954,0,[],0,19
727,2007-03-23 09:46:45.275,0,[],0,15
728,2007-03-25 13:06:22.327,1,"[{'lat': 47.718, 'long': -27.543, 'Time': Timestamp('2007-03-27 02:30:23'), 'mag': 5.0}]",1,17
729,2007-03-16 16:23:51.142,1,"[{'lat': -28.7, 'long': -70.351, 'Time': Timestamp('2007-03-16 21:35:53'), 'mag': 5.1}, {'lat': 4.551, 'long': -78.536, 'Time': Timestamp('2007-03-17 22:43:09'), 'mag': 6.0}, {'lat': 4.585, 'long': -78.494, 'Time': Timestamp('2007-03-18 02:11:05'), 'mag': 6.2}, {'lat': -28.829, 'long': -71.473, 'Time': Timestamp('2007-03-18 07:52:54'), 'mag': 5.0}]",4,8
730,2007-03-20 19:38:22.434,0,[],0,12
731,2007-03-22 22:52:18.246,1,"[{'lat': -15.114, 'long': 167.393, 'Time': Timestamp('2007-03-23 15:55:13'), 'mag': 5.2}, {'lat': -58.653, 'long': -25.181, 'Time': Timestamp('2007-03-23 17:12:51'), 'mag': 5.0}, {'lat': -42.625, 'long': 42.035, 'Time': Timestamp('2007-03-24 07:39:38'), 'mag': 5.4}, {'lat': -53.814, 'long': 140.789, 'Time': Timestamp('2007-03-24 17:29:29'), 'mag': 5.8}, {'lat': -19.722, 'long': -70.142, 'Time': Timestamp('2007-03-24 19:13:50'), 'mag': 5.7}]",5,14
732,2007-04-04 07:01:57.688,1,"[{'lat': -17.23, 'long': 66.79, 'Time': Timestamp('2007-04-04 19:58:03'), 'mag': 5.9}, {'lat': -21.187, 'long': 55.658, 'Time': Timestamp('2007-04-05 20:48:53'), 'mag': 5.3}]",2,26
733,2007-03-15 15:15:51.171,1,"[{'lat': -28.7, 'long': -70.351, 'Time': Timestamp('2007-03-16 21:35:53'), 'mag': 5.1}]",1,6
734,2007-03-26 23:22:19.975,1,"[{'lat': -15.671, 'long': -175.668, 'Time': Timestamp('2007-03-27 08:03:28'), 'mag': 5.4}, {'lat': -34.07, 'long': -178.829, 'Time': Timestamp('2007-03-27 21:08:38'), 'mag': 5.2}, {'lat': -31.02, 'long': -178.074, 'Time': Timestamp('2007-03-28 08:08:04'), 'mag': 5.3}, {'lat': -37.83, 'long': 176.77, 'Time': Timestamp('2007-03-28 11:13:51'), 'mag': 5.0}]",4,17
735,2007-04-02 07:35:06.505,1,"[{'lat': 36.451, 'long': 70.688, 'Time': Timestamp('2007-04-03 03:35:07'), 'mag': 6.2}]",1,23
736,2007-03-24 10:48:50.174,1,"[{'lat': 38.34, 'long': 20.42, 'Time': Timestamp('2007-03-25 13:57:58'), 'mag': 5.7}]",1,14
737,2007-03-20 14:08:22.130,1,"[{'lat': -31.726, 'long': -66.956, 'Time': Timestamp('2007-03-20 17:59:47'), 'mag': 5.2}, {'lat': 15.185, 'long': -45.617, 'Time': Timestamp('2007-03-21 23:07:46'), 'mag': 5.4}]",2,10
738,2007-03-21 17:24:52.183,0,[],0,11
739,2007-04-02 20:38:52.236,0,[],0,23
740,2007-03-18 23:52:52.289,1,"[{'lat': -60.695, 'long': 154.09, 'Time': Timestamp('2007-03-19 21:20:38'), 'mag': 5.7}]",1,8
741,2007-03-23 08:03:19.845,1,"[{'lat': 27.47, 'long': 55.15, 'Time': Timestamp('2007-03-23 21:38:02'), 'mag': 5.0}, {'lat': -42.625, 'long': 42.035, 'Time': Timestamp('2007-03-24 07:39:38'), 'mag': 5.4}]",2,12
742,2007-04-04 11:20:22.343,0,[],0,24
743,2007-04-09 14:38:53.380,0,[],0,29
744,2007-04-02 17:55:22.585,0,[],0,22
745,2007-04-08 21:09:22.638,0,[],0,28
746,2007-03-17 00:23:22.691,1,"[{'lat': 1.132, 'long': 126.216, 'Time': Timestamp('2007-03-17 17:42:26'), 'mag': 6.2}, {'lat': 42.159, 'long': 144.004, 'Time': Timestamp('2007-03-18 01:25:24'), 'mag': 5.5}, {'lat': -9.509, 'long': 124.534, 'Time': Timestamp('2007-03-18 06:48:17'), 'mag': 5.1}]",3,5
747,2007-04-05 06:55:51.113,1,"[{'lat': -21.187, 'long': 55.658, 'Time': Timestamp('2007-04-05 20:48:53'), 'mag': 5.3}, {'lat': -39.787, 'long': 46.178, 'Time': Timestamp('2007-04-07 05:20:49'), 'mag': 5.9}]",2,24
748,2007-03-30 10:11:49.949,0,[],0,18
749,2007-03-25 13:30:52.905,1,"[{'lat': 47.718, 'long': -27.543, 'Time': Timestamp('2007-03-27 02:30:23'), 'mag': 5.0}]",1,13
750,2007-03-22 16:48:20.392,1,"[{'lat': -28.122, 'long': -71.201, 'Time': Timestamp('2007-03-22 20:25:20'), 'mag': 5.2}]",1,10
751,2007-03-17 20:02:53.012,0,[],0,5
752,2007-04-06 13:24:53.129,1,"[{'lat': 37.227, 'long': -24.649, 'Time': Timestamp('2007-04-06 15:21:39'), 'mag': 5.0}, {'lat': 37.306, 'long': -24.494, 'Time': Timestamp('2007-04-07 07:09:25'), 'mag': 6.1}]",2,22
753,2007-04-07 16:41:50.504,1,"[{'lat': -41.75, 'long': -89.75, 'Time': Timestamp('2007-04-07 23:46:08'), 'mag': 5.1}, {'lat': -40.525, 'long': -89.898, 'Time': Timestamp('2007-04-07 23:46:16'), 'mag': 5.1}, {'lat': -17.494, 'long': -72.623, 'Time': Timestamp('2007-04-08 11:51:15'), 'mag': 5.1}, {'lat': -17.422, 'long': -72.735, 'Time': Timestamp('2007-04-08 13:28:17'), 'mag': 5.1}]",4,23
754,2007-03-23 19:56:53.548,0,[],0,8
755,2007-03-27 23:10:20.376,1,"[{'lat': -31.02, 'long': -178.074, 'Time': Timestamp('2007-03-28 08:08:04'), 'mag': 5.3}, {'lat': -6.268, 'long': 29.673, 'Time': Timestamp('2007-03-28 21:17:10'), 'mag': 5.8}]",2,12
756,2007-04-01 12:16:23.503,0,[],0,16
757,2007-03-29 15:34:12.229,1,"[{'lat': 5.025, 'long': -82.697, 'Time': Timestamp('2007-03-29 16:19:46'), 'mag': 5.0}, {'lat': -31.604, 'long': -71.708, 'Time': Timestamp('2007-03-29 17:09:07'), 'mag': 5.8}, {'lat': -31.566, 'long': -72.075, 'Time': Timestamp('2007-03-29 17:46:20'), 'mag': 5.3}, {'lat': -31.582, 'long': -71.901, 'Time': Timestamp('2007-03-29 18:31:58'), 'mag': 5.0}, {'lat': -24.308, 'long': -67.472, 'Time': Timestamp('2007-03-30 19:34:05'), 'mag': 5.0}]",5,13
758,2007-04-06 18:49:49.492,0,[],0,21
759,2007-03-23 12:47:23.904,1,"[{'lat': -58.653, 'long': -25.181, 'Time': Timestamp('2007-03-23 17:12:51'), 'mag': 5.0}]",1,6
760,2007-03-23 16:05:22.150,1,"[{'lat': -19.722, 'long': -70.142, 'Time': Timestamp('2007-03-24 19:13:50'), 'mag': 5.7}]",1,6
761,2007-04-16 19:20:24.011,0,[],0,30
762,2007-04-01 22:33:54.065,1,"[{'lat': -45.382, 'long': -73.058, 'Time': Timestamp('2007-04-02 02:49:35'), 'mag': 6.1}, {'lat': -62.907, 'long': 167.975, 'Time': Timestamp('2007-04-03 13:49:15'), 'mag': 5.4}, {'lat': -20.633, 'long': 168.994, 'Time': Timestamp('2007-04-03 20:26:09'), 'mag': 6.2}]",3,15
763,2007-04-07 01:48:20.104,1,"[{'lat': 49.281, 'long': 155.464, 'Time': Timestamp('2007-04-08 03:21:58'), 'mag': 5.0}, {'lat': -6.834, 'long': 155.816, 'Time': Timestamp('2007-04-09 00:58:18'), 'mag': 5.4}]",2,20
764,2007-03-27 06:43:26.078,0,[],0,9
765,2007-04-14 09:59:21.678,0,[],0,27
766,2007-03-25 13:18:23.306,1,"[{'lat': 47.718, 'long': -27.543, 'Time': Timestamp('2007-03-27 02:30:23'), 'mag': 5.0}]",1,7
767,2007-03-24 16:35:54.777,1,"[{'lat': -19.722, 'long': -70.142, 'Time': Timestamp('2007-03-24 19:13:50'), 'mag': 5.7}, {'lat': -17.376, 'long': -72.611, 'Time': Timestamp('2007-03-26 02:46:58'), 'mag': 5.4}]",2,6
768,2007-04-16 19:50:23.413,0,[],0,29
769,2007-04-09 23:04:19.224,1,"[{'lat': -14.791, 'long': -173.458, 'Time': Timestamp('2007-04-11 12:41:45'), 'mag': 5.5}, {'lat': -21.308, 'long': 169.156, 'Time': Timestamp('2007-04-11 16:26:36'), 'mag': 5.1}]",2,22
770,2007-04-09 02:18:55.149,1,"[{'lat': 48.304, 'long': 154.695, 'Time': Timestamp('2007-04-09 10:18:04'), 'mag': 5.8}]",1,21
771,2007-04-17 08:52:54.867,0,[],0,29
772,2007-04-08 13:49:23.755,1,"[{'lat': 37.159, 'long': -24.523, 'Time': Timestamp('2007-04-08 14:47:17'), 'mag': 5.2}, {'lat': 36.984, 'long': -24.313, 'Time': Timestamp('2007-04-08 18:25:58'), 'mag': 5.0}, {'lat': 37.191, 'long': -24.51, 'Time': Timestamp('2007-04-08 20:38:01'), 'mag': 5.4}, {'lat': 37.106, 'long': -24.514, 'Time': Timestamp('2007-04-09 08:32:23'), 'mag': 5.0}]",4,20
773,2007-04-02 17:06:23.808,0,[],0,14
774,2007-04-14 23:34:19.897,1,"[{'lat': -63.337, 'long': 169.919, 'Time': Timestamp('2007-04-16 01:24:07'), 'mag': 5.8}, {'lat': -58.015, 'long': 147.964, 'Time': Timestamp('2007-04-16 13:20:38'), 'mag': 6.4}, {'lat': -21.315, 'long': -174.511, 'Time': Timestamp('2007-04-16 15:50:07'), 'mag': 5.2}, {'lat': -16.458, 'long': -173.226, 'Time': Timestamp('2007-04-16 18:00:49'), 'mag': 5.1}]",4,26
775,2007-04-13 07:44:55.131,0,[],0,24
776,2007-04-12 11:01:20.208,0,[],0,23
777,2007-04-17 14:20:23.164,1,"[{'lat': -24.082, 'long': -66.626, 'Time': Timestamp('2007-04-18 01:08:08'), 'mag': 5.6}]",1,28
778,2007-04-17 17:36:53.218,1,"[{'lat': 17.247, 'long': -101.296, 'Time': Timestamp('2007-04-19 10:02:10'), 'mag': 5.3}]",1,28
779,2007-03-26 20:50:53.270,0,[],0,6
780,2007-03-30 00:04:53.323,1,"[{'lat': 21.975, 'long': 143.001, 'Time': Timestamp('2007-03-30 02:45:01'), 'mag': 5.0}, {'lat': 44.138, 'long': 146.01, 'Time': Timestamp('2007-03-30 09:05:05'), 'mag': 5.5}, {'lat': -14.624, 'long': 177.766, 'Time': Timestamp('2007-03-30 15:58:44'), 'mag': 5.7}, {'lat': 1.274, 'long': 122.631, 'Time': Timestamp('2007-03-31 19:37:17'), 'mag': 5.6}, {'lat': -20.514, 'long': 169.169, 'Time': Timestamp('2007-03-31 21:55:24'), 'mag': 5.7}]",5,9
781,2007-04-09 03:21:25.899,1,"[{'lat': 48.304, 'long': 154.695, 'Time': Timestamp('2007-04-09 10:18:04'), 'mag': 5.8}]",1,19
782,2007-03-31 06:37:24.625,1,"[{'lat': 9.203, 'long': 91.516, 'Time': Timestamp('2007-04-01 07:08:59'), 'mag': 5.1}]",1,10
783,2007-04-15 09:52:49.039,0,[],0,25
784,2007-03-27 13:12:23.546,0,[],0,6
785,2007-03-30 16:29:50.252,1,"[{'lat': -24.308, 'long': -67.472, 'Time': Timestamp('2007-03-30 19:34:05'), 'mag': 5.0}, {'lat': 14.494, 'long': -93.072, 'Time': Timestamp('2007-03-31 05:03:21'), 'mag': 5.1}]",2,9
786,2007-04-15 19:44:19.757,0,[],0,25
787,2007-04-04 22:58:19.465,1,"[{'lat': -17.332, 'long': -176.867, 'Time': Timestamp('2007-04-05 02:46:25'), 'mag': 5.1}, {'lat': -16.999, 'long': -176.941, 'Time': Timestamp('2007-04-05 03:25:07'), 'mag': 5.7}, {'lat': -21.187, 'long': 55.658, 'Time': Timestamp('2007-04-05 20:48:53'), 'mag': 5.3}, {'lat': 1.507, 'long': -84.669, 'Time': Timestamp('2007-04-05 21:27:00'), 'mag': 5.5}, {'lat': -55.373, 'long': -123.645, 'Time': Timestamp('2007-04-06 05:54:20'), 'mag': 5.9}, {'lat': -23.542, 'long': 170.225, 'Time': Timestamp('2007-04-06 06:20:14'), 'mag': 5.1}, {'lat': -16.811, 'long': -71.265, 'Time': Timestamp('2007-04-06 14:08:57'), 'mag': 5.2}]",7,14
788,2007-04-12 07:07:55.915,0,[],0,21
789,2007-04-06 12:03:53.929,1,"[{'lat': 37.227, 'long': -24.649, 'Time': Timestamp('2007-04-06 15:21:39'), 'mag': 5.0}, {'lat': 37.306, 'long': -24.494, 'Time': Timestamp('2007-04-07 07:09:25'), 'mag': 6.1}]",2,15
790,2007-04-12 15:22:15.423,0,[],0,21
791,2007-03-31 18:37:48.478,0,[],0,9
792,2007-04-05 21:51:21.393,1,"[{'lat': -55.373, 'long': -123.645, 'Time': Timestamp('2007-04-06 05:54:20'), 'mag': 5.9}, {'lat': -16.811, 'long': -71.265, 'Time': Timestamp('2007-04-06 14:08:57'), 'mag': 5.2}, {'lat': -27.982, 'long': -176.725, 'Time': Timestamp('2007-04-07 04:41:24'), 'mag': 5.4}, {'lat': -39.787, 'long': 46.178, 'Time': Timestamp('2007-04-07 05:20:49'), 'mag': 5.9}]",4,14
793,2007-03-29 01:05:50.676,1,"[{'lat': 30.893, 'long': 141.775, 'Time': Timestamp('2007-03-29 05:52:56'), 'mag': 5.2}, {'lat': 46.088, 'long': 153.684, 'Time': Timestamp('2007-03-29 21:07:37'), 'mag': 5.2}, {'lat': 21.975, 'long': 143.001, 'Time': Timestamp('2007-03-30 02:45:01'), 'mag': 5.0}, {'lat': 44.138, 'long': 146.01, 'Time': Timestamp('2007-03-30 09:05:05'), 'mag': 5.5}]",4,6
794,2007-04-22 07:39:00.973,0,[],0,30
795,2007-04-20 10:55:18.857,0,[],0,28
796,2007-04-05 14:14:16.134,1,"[{'lat': 37.227, 'long': -24.649, 'Time': Timestamp('2007-04-06 15:21:39'), 'mag': 5.0}, {'lat': 37.306, 'long': -24.494, 'Time': Timestamp('2007-04-07 07:09:25'), 'mag': 6.1}]",2,13
797,2007-04-13 17:30:52.950,1,"[{'lat': -35.051, 'long': -108.836, 'Time': Timestamp('2007-04-13 18:24:19'), 'mag': 6.1}, {'lat': -36.4, 'long': -97.903, 'Time': Timestamp('2007-04-14 10:00:52'), 'mag': 5.4}, {'lat': -36.75, 'long': -97.75, 'Time': Timestamp('2007-04-15 17:05:28'), 'mag': 5.1}]",3,21
798,2007-04-04 06:31:22.270,1,"[{'lat': -17.23, 'long': 66.79, 'Time': Timestamp('2007-04-04 19:58:03'), 'mag': 5.9}, {'lat': -21.187, 'long': 55.658, 'Time': Timestamp('2007-04-05 20:48:53'), 'mag': 5.3}]",2,11
799,2007-04-10 09:46:46.576,1,"[{'lat': 38.551, 'long': 21.642, 'Time': Timestamp('2007-04-10 10:41:00'), 'mag': 5.2}, {'lat': 38.005, 'long': 30.923, 'Time': Timestamp('2007-04-10 22:00:34'), 'mag': 5.1}]",2,17
800,2007-04-08 16:23:20.445,0,[],0,15
801,2007-04-23 19:38:21.279,0,[],0,30
802,2007-04-02 22:52:19.659,1,"[{'lat': -62.907, 'long': 167.975, 'Time': Timestamp('2007-04-03 13:49:15'), 'mag': 5.4}, {'lat': -20.633, 'long': 168.994, 'Time': Timestamp('2007-04-03 20:26:09'), 'mag': 6.2}, {'lat': -20.715, 'long': 168.828, 'Time': Timestamp('2007-04-04 11:00:27'), 'mag': 6.2}, {'lat': -20.688, 'long': 169.056, 'Time': Timestamp('2007-04-04 11:02:29'), 'mag': 6.5}, {'lat': -20.683, 'long': 168.848, 'Time': Timestamp('2007-04-04 13:36:24'), 'mag': 5.0}, {'lat': -20.649, 'long': 168.817, 'Time': Timestamp('2007-04-04 16:38:42'), 'mag': 5.0}]",6,9
803,2007-04-13 08:40:27.798,0,[],0,19
804,2007-04-21 11:57:23.114,0,[],0,27
805,2007-04-05 15:15:50.032,1,"[{'lat': -16.811, 'long': -71.265, 'Time': Timestamp('2007-04-06 14:08:57'), 'mag': 5.2}]",1,11
806,2007-04-18 21:45:23.273,1,"[{'lat': -17.064, 'long': -174.445, 'Time': Timestamp('2007-04-19 03:26:01'), 'mag': 5.4}, {'lat': 17.247, 'long': -101.296, 'Time': Timestamp('2007-04-19 10:02:10'), 'mag': 5.3}, {'lat': -34.024, 'long': -178.837, 'Time': Timestamp('2007-04-20 15:14:07'), 'mag': 5.4}]",3,24
807,2007-04-05 00:59:22.188,1,"[{'lat': 37.306, 'long': -24.621, 'Time': Timestamp('2007-04-05 03:56:50'), 'mag': 6.3}, {'lat': -6.877, 'long': 154.871, 'Time': Timestamp('2007-04-05 10:06:39'), 'mag': 5.1}, {'lat': -21.187, 'long': 55.658, 'Time': Timestamp('2007-04-05 20:48:53'), 'mag': 5.3}, {'lat': -23.542, 'long': 170.225, 'Time': Timestamp('2007-04-06 06:20:14'), 'mag': 5.1}, {'lat': -8.366, 'long': 157.037, 'Time': Timestamp('2007-04-06 09:12:19'), 'mag': 5.4}, {'lat': 37.227, 'long': -24.649, 'Time': Timestamp('2007-04-06 15:21:39'), 'mag': 5.0}, {'lat': -6.949, 'long': 155.771, 'Time': Timestamp('2007-04-06 18:48:17'), 'mag': 5.9}]",7,10
808,2007-04-04 05:54:24.368,1,"[{'lat': -17.23, 'long': 66.79, 'Time': Timestamp('2007-04-04 19:58:03'), 'mag': 5.9}, {'lat': -21.187, 'long': 55.658, 'Time': Timestamp('2007-04-05 20:48:53'), 'mag': 5.3}]",2,9
809,2007-04-08 09:09:22.992,1,"[{'lat': 14.451, 'long': 53.807, 'Time': Timestamp('2007-04-08 23:11:16'), 'mag': 5.1}, {'lat': 38.551, 'long': 21.636, 'Time': Timestamp('2007-04-10 03:17:56'), 'mag': 5.0}, {'lat': 38.529, 'long': 21.542, 'Time': Timestamp('2007-04-10 07:15:41'), 'mag': 5.1}]",3,13
810,2007-04-11 12:28:53.538,0,[],0,16
811,2007-04-18 15:46:48.906,0,[],0,23
812,2007-04-16 19:01:49.416,0,[],0,21
813,2007-04-18 22:15:49.235,1,"[{'lat': -20.966, 'long': 169.92, 'Time': Timestamp('2007-04-19 03:20:24'), 'mag': 5.1}, {'lat': -17.064, 'long': -174.445, 'Time': Timestamp('2007-04-19 03:26:01'), 'mag': 5.4}, {'lat': 17.247, 'long': -101.296, 'Time': Timestamp('2007-04-19 10:02:10'), 'mag': 5.3}]",3,23
814,2007-04-12 01:29:53.394,1,"[{'lat': -14.582, 'long': 167.297, 'Time': Timestamp('2007-04-12 15:13:09'), 'mag': 5.2}, {'lat': 46.813, 'long': 152.839, 'Time': Timestamp('2007-04-13 01:28:09'), 'mag': 5.1}, {'lat': -1.132, 'long': 126.956, 'Time': Timestamp('2007-04-13 09:14:50'), 'mag': 5.5}, {'lat': 33.593, 'long': 140.81, 'Time': Timestamp('2007-04-13 18:11:06'), 'mag': 5.4}]",4,16
815,2007-04-10 06:24:53.799,1,"[{'lat': 12.99, 'long': 92.525, 'Time': Timestamp('2007-04-10 13:56:53'), 'mag': 5.5}]",1,14
816,2007-04-17 09:40:23.537,0,[],0,21
817,2007-04-07 17:55:24.028,1,"[{'lat': -41.75, 'long': -89.75, 'Time': Timestamp('2007-04-07 23:46:08'), 'mag': 5.1}, {'lat': -40.525, 'long': -89.898, 'Time': Timestamp('2007-04-07 23:46:16'), 'mag': 5.1}]",2,11
818,2007-04-10 21:09:23.081,1,"[{'lat': -14.791, 'long': -173.458, 'Time': Timestamp('2007-04-11 12:41:45'), 'mag': 5.5}, {'lat': -15.364, 'long': -173.538, 'Time': Timestamp('2007-04-12 08:06:16'), 'mag': 5.0}, {'lat': -30.415, 'long': -177.619, 'Time': Timestamp('2007-04-12 12:01:41'), 'mag': 5.0}]",3,14
819,2007-04-24 00:22:50.557,1,"[{'lat': 28.995, 'long': -43.162, 'Time': Timestamp('2007-04-24 05:56:32'), 'mag': 5.0}, {'lat': 28.921, 'long': -43.188, 'Time': Timestamp('2007-04-24 07:25:43'), 'mag': 5.0}, {'lat': 28.879, 'long': -43.104, 'Time': Timestamp('2007-04-24 07:36:56'), 'mag': 5.1}, {'lat': -7.792, 'long': 155.666, 'Time': Timestamp('2007-04-24 12:14:21'), 'mag': 5.4}, {'lat': 28.989, 'long': -43.231, 'Time': Timestamp('2007-04-24 12:57:51'), 'mag': 5.1}, {'lat': 28.985, 'long': -43.208, 'Time': Timestamp('2007-04-24 16:07:40'), 'mag': 5.3}, {'lat': -16.475, 'long': 67.328, 'Time': Timestamp('2007-04-24 18:21:12'), 'mag': 5.3}, {'lat': 28.946, 'long': -43.096, 'Time': Timestamp('2007-04-24 22:47:11'), 'mag': 5.0}, {'lat': 47.164, 'long': -27.457, 'Time': Timestamp('2007-04-25 02:11:54'), 'mag': 5.4}, {'lat': -15.61, 'long': 167.725, 'Time': Timestamp('2007-04-25 03:22:46'), 'mag': 5.3}, {'lat': 28.19, 'long': 56.22, 'Time': Timestamp('2007-04-25 04:19:00'), 'mag': 5.2}, {'lat': 46.634, 'long': 152.586, 'Time': Timestamp('2007-04-25 10:06:49'), 'mag': 5.0}, {'lat': 7.4, 'long': 126.44, 'Time': Timestamp('2007-04-25 11:52:55'), 'mag': 5.7}, {'lat': 28.864, 'long': -43.003, 'Time': Timestamp('2007-04-25 12:34:28'), 'mag': 5.1}, {'lat': -14.285, 'long': 166.863, 'Time': Timestamp('2007-04-25 13:34:14'), 'mag': 6.4}, {'lat': 33.901, 'long': 133.453, 'Time': Timestamp('2007-04-26 00:02:58'), 'mag': 5.1}]",16,27
820,2007-04-11 03:39:54.929,1,"[{'lat': 12.998, 'long': 126.02, 'Time': Timestamp('2007-04-11 12:45:54'), 'mag': 5.1}]",1,14
821,2007-04-07 06:55:58.085,1,"[{'lat': 14.451, 'long': 53.807, 'Time': Timestamp('2007-04-08 23:11:16'), 'mag': 5.1}]",1,10
822,2007-04-15 10:11:51.617,0,[],0,18
823,2007-04-25 13:30:53.357,0,[],0,28
824,2007-04-02 23:16:20.605,1,"[{'lat': -8.617, 'long': 157.386, 'Time': Timestamp('2007-04-02 23:20:23'), 'mag': 6.2}, {'lat': -7.09, 'long': 155.491, 'Time': Timestamp('2007-04-02 23:31:13'), 'mag': 5.5}, {'lat': -8.564, 'long': 157.509, 'Time': Timestamp('2007-04-03 00:24:56'), 'mag': 5.0}, {'lat': -7.028, 'long': 155.242, 'Time': Timestamp('2007-04-03 00:28:39'), 'mag': 5.6}, {'lat': -7.083, 'long': 155.245, 'Time': Timestamp('2007-04-03 00:29:12'), 'mag': 5.4}, {'lat': -8.628, 'long': 157.668, 'Time': Timestamp('2007-04-03 00:54:02'), 'mag': 5.1}, {'lat': -8.777, 'long': 157.349, 'Time': Timestamp('2007-04-03 01:42:06'), 'mag': 5.0}, {'lat': -7.785, 'long': 155.653, 'Time': Timestamp('2007-04-03 02:46:41'), 'mag': 5.2}, {'lat': -8.631, 'long': 157.554, 'Time': Timestamp('2007-04-03 05:07:42'), 'mag': 5.1}, {'lat': -8.781, 'long': 157.399, 'Time': Timestamp('2007-04-03 05:21:17'), 'mag': 5.3}, {'lat': -7.22, 'long': 155.719, 'Time': Timestamp('2007-04-03 09:11:43'), 'mag': 5.1}, {'lat': -6.861, 'long': 155.76, 'Time': Timestamp('2007-04-03 10:40:35'), 'mag': 5.1}, {'lat': -7.839, 'long': 155.588, 'Time': Timestamp('2007-04-03 11:57:33'), 'mag': 5.5}, {'lat': -7.857, 'long': 155.801, 'Time': Timestamp('2007-04-03 12:04:27'), 'mag': 6.1}, {'lat': -7.904, 'long': 155.836, 'Time': Timestamp('2007-04-03 13:48:08'), 'mag': 5.2}, {'lat': -62.907, 'long': 167.975, 'Time': Timestamp('2007-04-03 13:49:15'), 'mag': 5.4}, {'lat': -7.286, 'long': 155.384, 'Time': Timestamp('2007-04-03 15:27:08'), 'mag': 5.5}, {'lat': -8.725, 'long': 157.45, 'Time': Timestamp('2007-04-03 17:25:58'), 'mag': 5.4}, {'lat': -7.065, 'long': 155.243, 'Time': Timestamp('2007-04-03 19:41:01'), 'mag': 5.6}, {'lat': -7.024, 'long': 155.32, 'Time': Timestamp('2007-04-03 19:42:19'), 'mag': 5.4}, {'lat': -20.633, 'long': 168.994, 'Time': Timestamp('2007-04-03 20:26:09'), 'mag': 6.2}, {'lat': -8.707, 'long': 157.455, 'Time': Timestamp('2007-04-03 21:34:56'), 'mag': 5.2}, {'lat': -6.742, 'long': 154.889, 'Time': Timestamp('2007-04-03 22:17:42'), 'mag': 5.6}, {'lat': -7.871, 'long': 156.556, 'Time': Timestamp('2007-04-04 00:35:19'), 'mag': 5.1}, {'lat': -7.141, 'long': 156.047, 'Time': Timestamp('2007-04-04 00:39:43'), 'mag': 6.0}, {'lat': -6.789, 'long': 154.957, 'Time': Timestamp('2007-04-04 06:09:42'), 'mag': 5.2}, {'lat': -7.76, 'long': 156.49, 'Time': Timestamp('2007-04-04 06:34:35'), 'mag': 6.4}, {'lat': -7.732, 'long': 155.718, 'Time': Timestamp('2007-04-04 09:16:10'), 'mag': 5.0}, {'lat': -6.819, 'long': 154.995, 'Time': Timestamp('2007-04-04 09:35:57'), 'mag': 5.6}, {'lat': -6.792, 'long': 154.98, 'Time': Timestamp('2007-04-04 09:40:25'), 'mag': 5.0}, {'lat': -20.715, 'long': 168.828, 'Time': Timestamp('2007-04-04 11:00:27'), 'mag': 6.2}, {'lat': -20.688, 'long': 169.056, 'Time': Timestamp('2007-04-04 11:02:29'), 'mag': 6.5}, {'lat': -20.683, 'long': 168.848, 'Time': Timestamp('2007-04-04 13:36:24'), 'mag': 5.0}, {'lat': -20.649, 'long': 168.817, 'Time': Timestamp('2007-04-04 16:38:42'), 'mag': 5.0}]",34,5
825,2007-04-13 09:03:21.880,0,[],0,15
826,2007-04-06 12:22:23.732,1,"[{'lat': 37.227, 'long': -24.649, 'Time': Timestamp('2007-04-06 15:21:39'), 'mag': 5.0}, {'lat': 37.306, 'long': -24.494, 'Time': Timestamp('2007-04-07 07:09:25'), 'mag': 6.1}]",2,8
827,2007-04-26 23:46:53.918,1,"[{'lat': -6.965, 'long': 155.938, 'Time': Timestamp('2007-04-27 13:49:28'), 'mag': 5.8}, {'lat': -11.98, 'long': 166.582, 'Time': Timestamp('2007-04-28 09:12:26'), 'mag': 5.2}]",2,28
828,2007-04-04 07:57:21.474,1,"[{'lat': -17.23, 'long': 66.79, 'Time': Timestamp('2007-04-04 19:58:03'), 'mag': 5.9}, {'lat': -21.187, 'long': 55.658, 'Time': Timestamp('2007-04-05 20:48:53'), 'mag': 5.3}]",2,5
829,2007-04-15 17:48:51.417,0,[],0,16
830,2007-04-25 21:03:23.266,0,[],0,26
831,2007-04-27 00:16:53.319,1,"[{'lat': 5.359, 'long': 94.635, 'Time': Timestamp('2007-04-27 08:02:49'), 'mag': 5.9}, {'lat': -6.965, 'long': 155.938, 'Time': Timestamp('2007-04-27 13:49:28'), 'mag': 5.8}, {'lat': -15.972, 'long': 173.417, 'Time': Timestamp('2007-04-27 22:52:08'), 'mag': 5.1}, {'lat': 36.447, 'long': 70.497, 'Time': Timestamp('2007-04-28 01:11:07'), 'mag': 5.0}, {'lat': -11.98, 'long': 166.582, 'Time': Timestamp('2007-04-28 09:12:26'), 'mag': 5.2}, {'lat': 23.3, 'long': 143.272, 'Time': Timestamp('2007-04-28 13:24:51'), 'mag': 5.4}, {'lat': 48.096, 'long': 154.981, 'Time': Timestamp('2007-04-28 20:12:49'), 'mag': 5.0}]",7,27
832,2007-04-18 08:28:23.754,0,[],0,18
833,2007-04-11 11:45:23.507,0,[],0,11
834,2007-04-22 15:03:46.329,1,"[{'lat': 28.995, 'long': -43.162, 'Time': Timestamp('2007-04-24 05:56:32'), 'mag': 5.0}, {'lat': 28.921, 'long': -43.188, 'Time': Timestamp('2007-04-24 07:25:43'), 'mag': 5.0}, {'lat': 28.879, 'long': -43.104, 'Time': Timestamp('2007-04-24 07:36:56'), 'mag': 5.1}, {'lat': 5.626, 'long': -75.891, 'Time': Timestamp('2007-04-24 08:53:34'), 'mag': 5.1}, {'lat': 28.989, 'long': -43.231, 'Time': Timestamp('2007-04-24 12:57:51'), 'mag': 5.1}]",5,22
835,2007-04-05 18:19:23.614,1,"[{'lat': 1.507, 'long': -84.669, 'Time': Timestamp('2007-04-05 21:27:00'), 'mag': 5.5}, {'lat': -55.373, 'long': -123.645, 'Time': Timestamp('2007-04-06 05:54:20'), 'mag': 5.9}]",2,5
836,2007-04-17 21:33:23.668,1,"[{'lat': -24.082, 'long': -66.626, 'Time': Timestamp('2007-04-18 01:08:08'), 'mag': 5.6}, {'lat': -17.064, 'long': -174.445, 'Time': Timestamp('2007-04-19 03:26:01'), 'mag': 5.4}, {'lat': 17.247, 'long': -101.296, 'Time': Timestamp('2007-04-19 10:02:10'), 'mag': 5.3}]",3,17
837,2007-04-08 00:47:19.814,1,"[{'lat': 49.281, 'long': 155.464, 'Time': Timestamp('2007-04-08 03:21:58'), 'mag': 5.0}, {'lat': 37.159, 'long': -24.523, 'Time': Timestamp('2007-04-08 14:47:17'), 'mag': 5.2}, {'lat': 36.984, 'long': -24.313, 'Time': Timestamp('2007-04-08 18:25:58'), 'mag': 5.0}, {'lat': 37.191, 'long': -24.51, 'Time': Timestamp('2007-04-08 20:38:01'), 'mag': 5.4}, {'lat': 14.451, 'long': 53.807, 'Time': Timestamp('2007-04-08 23:11:16'), 'mag': 5.1}, {'lat': -6.834, 'long': 155.816, 'Time': Timestamp('2007-04-09 00:58:18'), 'mag': 5.4}, {'lat': 37.106, 'long': -24.514, 'Time': Timestamp('2007-04-09 08:32:23'), 'mag': 5.0}, {'lat': 48.304, 'long': 154.695, 'Time': Timestamp('2007-04-09 10:18:04'), 'mag': 5.8}, {'lat': -1.317, 'long': 89.419, 'Time': Timestamp('2007-04-09 20:48:41'), 'mag': 5.0}]",9,7
838,2007-04-14 08:57:20.729,0,[],0,13
839,2007-04-16 12:16:23.909,0,[],0,15
840,2007-04-13 15:34:24.923,0,[],0,12
841,2007-05-01 22:03:52.372,1,"[{'lat': -34.115, 'long': -178.948, 'Time': Timestamp('2007-05-03 13:56:29'), 'mag': 5.6}, {'lat': -27.552, 'long': -178.073, 'Time': Timestamp('2007-05-03 17:25:25'), 'mag': 5.5}]",2,30
842,2007-04-21 01:17:47.887,1,"[{'lat': -3.548, 'long': 151.266, 'Time': Timestamp('2007-04-21 07:12:48'), 'mag': 6.1}, {'lat': -2.958, 'long': 101.187, 'Time': Timestamp('2007-04-21 10:12:45'), 'mag': 5.0}, {'lat': -13.838, 'long': 166.843, 'Time': Timestamp('2007-04-21 17:20:31'), 'mag': 6.1}, {'lat': 25.636, 'long': 125.101, 'Time': Timestamp('2007-04-22 10:28:51'), 'mag': 5.1}, {'lat': -6.418, 'long': 146.283, 'Time': Timestamp('2007-04-22 13:40:58'), 'mag': 5.0}]",5,19
843,2007-04-22 06:12:58.046,0,[],0,20
844,2007-04-09 09:28:20.130,1,"[{'lat': 38.551, 'long': 21.636, 'Time': Timestamp('2007-04-10 03:17:56'), 'mag': 5.0}, {'lat': 38.529, 'long': 21.542, 'Time': Timestamp('2007-04-10 07:15:41'), 'mag': 5.1}, {'lat': 38.551, 'long': 21.642, 'Time': Timestamp('2007-04-10 10:41:00'), 'mag': 5.2}, {'lat': 38.005, 'long': 30.923, 'Time': Timestamp('2007-04-10 22:00:34'), 'mag': 5.1}]",4,7
845,2007-04-26 12:47:23.309,1,"[{'lat': -61.828, 'long': -59.728, 'Time': Timestamp('2007-04-27 15:33:53'), 'mag': 5.0}]",1,24
846,2007-04-23 16:05:25.652,1,"[{'lat': 28.995, 'long': -43.162, 'Time': Timestamp('2007-04-24 05:56:32'), 'mag': 5.0}, {'lat': 28.921, 'long': -43.188, 'Time': Timestamp('2007-04-24 07:25:43'), 'mag': 5.0}, {'lat': 28.879, 'long': -43.104, 'Time': Timestamp('2007-04-24 07:36:56'), 'mag': 5.1}, {'lat': 5.626, 'long': -75.891, 'Time': Timestamp('2007-04-24 08:53:34'), 'mag': 5.1}, {'lat': 28.989, 'long': -43.231, 'Time': Timestamp('2007-04-24 12:57:51'), 'mag': 5.1}, {'lat': 28.985, 'long': -43.208, 'Time': Timestamp('2007-04-24 16:07:40'), 'mag': 5.3}, {'lat': 28.946, 'long': -43.096, 'Time': Timestamp('2007-04-24 22:47:11'), 'mag': 5.0}, {'lat': 28.864, 'long': -43.003, 'Time': Timestamp('2007-04-25 12:34:28'), 'mag': 5.1}]",8,21
847,2007-04-14 19:20:22.067,0,[],0,12
848,2007-04-11 22:33:50.222,1,"[{'lat': -18.655, 'long': -69.368, 'Time': Timestamp('2007-04-12 02:59:06'), 'mag': 5.2}, {'lat': -21.506, 'long': 169.147, 'Time': Timestamp('2007-04-12 10:58:59'), 'mag': 5.3}, {'lat': -14.582, 'long': 167.297, 'Time': Timestamp('2007-04-12 15:13:09'), 'mag': 5.2}, {'lat': -61.828, 'long': 160.96, 'Time': Timestamp('2007-04-12 18:24:49'), 'mag': 6.0}, {'lat': -61.616, 'long': 160.46, 'Time': Timestamp('2007-04-12 19:11:12'), 'mag': 5.4}, {'lat': 17.302, 'long': -100.198, 'Time': Timestamp('2007-04-13 05:42:23'), 'mag': 6.0}, {'lat': 17.135, 'long': -100.31, 'Time': Timestamp('2007-04-13 08:43:47'), 'mag': 5.3}, {'lat': 18.177, 'long': -102.735, 'Time': Timestamp('2007-04-13 14:42:26'), 'mag': 5.0}, {'lat': -35.051, 'long': -108.836, 'Time': Timestamp('2007-04-13 18:24:19'), 'mag': 6.1}, {'lat': 52.402, 'long': -168.213, 'Time': Timestamp('2007-04-13 21:56:52'), 'mag': 5.3}]",10,9
849,2007-04-21 01:48:21.726,1,"[{'lat': -3.548, 'long': 151.266, 'Time': Timestamp('2007-04-21 07:12:48'), 'mag': 6.1}, {'lat': 25.636, 'long': 125.101, 'Time': Timestamp('2007-04-22 10:28:51'), 'mag': 5.1}, {'lat': -6.418, 'long': 146.283, 'Time': Timestamp('2007-04-22 13:40:58'), 'mag': 5.0}]",3,18
850,2007-05-01 06:43:22.353,0,[],0,28
851,2007-04-09 09:59:23.299,1,"[{'lat': 38.551, 'long': 21.636, 'Time': Timestamp('2007-04-10 03:17:56'), 'mag': 5.0}, {'lat': 38.529, 'long': 21.542, 'Time': Timestamp('2007-04-10 07:15:41'), 'mag': 5.1}, {'lat': 38.551, 'long': 21.642, 'Time': Timestamp('2007-04-10 10:41:00'), 'mag': 5.2}, {'lat': 38.005, 'long': 30.923, 'Time': Timestamp('2007-04-10 22:00:34'), 'mag': 5.1}]",4,6
852,2007-04-11 13:18:23.711,0,[],0,8
853,2007-04-18 16:35:49.089,0,[],0,15
854,2007-04-19 19:50:19.923,0,[],0,16
855,2007-04-21 23:04:19.630,1,"[{'lat': -20.629, 'long': 169.217, 'Time': Timestamp('2007-04-23 09:45:25'), 'mag': 5.1}, {'lat': -20.55, 'long': 169.403, 'Time': Timestamp('2007-04-23 10:45:58'), 'mag': 5.1}]",2,18
856,2007-04-25 02:18:55.554,1,"[{'lat': 46.634, 'long': 152.586, 'Time': Timestamp('2007-04-25 10:06:49'), 'mag': 5.0}, {'lat': 7.4, 'long': 126.44, 'Time': Timestamp('2007-04-25 11:52:55'), 'mag': 5.7}, {'lat': 33.901, 'long': 133.453, 'Time': Timestamp('2007-04-26 00:02:58'), 'mag': 5.1}, {'lat': 12.488, 'long': 123.451, 'Time': Timestamp('2007-04-26 12:04:38'), 'mag': 5.0}, {'lat': 42.44, 'long': 143.558, 'Time': Timestamp('2007-04-26 16:37:57'), 'mag': 5.3}]",5,21
857,2007-04-14 07:14:26.192,1,"[{'lat': 39.279, 'long': 72.772, 'Time': Timestamp('2007-04-15 13:59:28'), 'mag': 5.0}]",1,10
858,2007-05-02 10:30:21.430,0,[],0,28
859,2007-04-25 13:49:23.169,0,[],0,21
860,2007-04-09 21:57:50.278,1,"[{'lat': 11.261, 'long': -86.296, 'Time': Timestamp('2007-04-10 16:45:44'), 'mag': 5.2}, {'lat': -14.791, 'long': -173.458, 'Time': Timestamp('2007-04-11 12:41:45'), 'mag': 5.5}]",2,5
861,2007-05-01 01:11:50.890,1,"[{'lat': -7.168, 'long': 155.107, 'Time': Timestamp('2007-05-01 01:45:23'), 'mag': 5.8}, {'lat': 5.509, 'long': 94.617, 'Time': Timestamp('2007-05-01 19:44:19'), 'mag': 5.0}, {'lat': -8.878, 'long': 157.814, 'Time': Timestamp('2007-05-02 11:22:31'), 'mag': 5.1}]",3,26
862,2007-04-21 06:06:58.280,1,"[{'lat': -2.958, 'long': 101.187, 'Time': Timestamp('2007-04-21 10:12:45'), 'mag': 5.0}]",1,16
863,2007-04-29 09:21:51.692,1,"[{'lat': -53.999, 'long': 6.081, 'Time': Timestamp('2007-04-30 15:38:52'), 'mag': 5.6}]",1,24
864,2007-04-21 12:41:23.544,0,[],0,16
865,2007-05-01 22:27:54.553,0,[],0,26
866,2007-04-12 08:15:51.398,0,[],0,6
867,2007-04-17 11:32:53.918,0,[],0,11
868,2007-04-14 14:51:24.932,0,[],0,8
869,2007-04-21 18:07:24.026,1,"[{'lat': -3.741, 'long': -81.227, 'Time': Timestamp('2007-04-22 11:57:41'), 'mag': 5.4}]",1,15
870,2007-05-01 21:21:24.078,1,"[{'lat': -34.115, 'long': -178.948, 'Time': Timestamp('2007-05-03 13:56:29'), 'mag': 5.6}, {'lat': -27.552, 'long': -178.073, 'Time': Timestamp('2007-05-03 17:25:25'), 'mag': 5.5}]",2,25
871,2007-04-25 00:35:19.225,1,"[{'lat': 47.164, 'long': -27.457, 'Time': Timestamp('2007-04-25 02:11:54'), 'mag': 5.4}, {'lat': -15.61, 'long': 167.725, 'Time': Timestamp('2007-04-25 03:22:46'), 'mag': 5.3}, {'lat': 28.19, 'long': 56.22, 'Time': Timestamp('2007-04-25 04:19:00'), 'mag': 5.2}, {'lat': 46.634, 'long': 152.586, 'Time': Timestamp('2007-04-25 10:06:49'), 'mag': 5.0}, {'lat': 7.4, 'long': 126.44, 'Time': Timestamp('2007-04-25 11:52:55'), 'mag': 5.7}, {'lat': 28.864, 'long': -43.003, 'Time': Timestamp('2007-04-25 12:34:28'), 'mag': 5.1}, {'lat': -14.285, 'long': 166.863, 'Time': Timestamp('2007-04-25 13:34:14'), 'mag': 6.4}, {'lat': 33.901, 'long': 133.453, 'Time': Timestamp('2007-04-26 00:02:58'), 'mag': 5.1}, {'lat': -18.095, 'long': 172.933, 'Time': Timestamp('2007-04-26 09:39:55'), 'mag': 5.4}, {'lat': -18.039, 'long': 172.875, 'Time': Timestamp('2007-04-26 10:00:41'), 'mag': 5.3}, {'lat': 12.488, 'long': 123.451, 'Time': Timestamp('2007-04-26 12:04:38'), 'mag': 5.0}, {'lat': 42.44, 'long': 143.558, 'Time': Timestamp('2007-04-26 16:37:57'), 'mag': 5.3}]",12,18
872,2007-05-06 05:29:55.399,1,"[{'lat': 23.161, 'long': 94.483, 'Time': Timestamp('2007-05-07 05:58:33'), 'mag': 5.0}, {'lat': 31.355, 'long': 97.787, 'Time': Timestamp('2007-05-07 11:59:47'), 'mag': 5.5}]",2,29
873,2007-04-15 08:44:53.466,0,[],0,8
874,2007-04-25 12:03:53.320,0,[],0,18
875,2007-04-14 15:22:18.910,0,[],0,7
876,2007-04-18 18:37:53.427,1,"[{'lat': 17.247, 'long': -101.296, 'Time': Timestamp('2007-04-19 10:02:10'), 'mag': 5.3}]",1,11
877,2007-04-22 21:51:50.455,1,"[{'lat': 5.626, 'long': -75.891, 'Time': Timestamp('2007-04-24 08:53:34'), 'mag': 5.1}]",1,15
878,2007-04-16 01:05:53.533,1,"[{'lat': 27.453, 'long': 129.255, 'Time': Timestamp('2007-04-16 09:04:54'), 'mag': 5.0}, {'lat': -58.015, 'long': 147.964, 'Time': Timestamp('2007-04-16 13:20:38'), 'mag': 6.4}, {'lat': -4.475, 'long': 152.233, 'Time': Timestamp('2007-04-17 06:20:12'), 'mag': 5.2}]",3,8
879,2007-05-02 07:38:56.520,0,[],0,24
880,2007-05-01 10:55:19.575,0,[],0,23
881,2007-04-15 14:14:23.747,0,[],0,7
882,2007-05-02 17:30:53.802,1,"[{'lat': 17.201, 'long': -96.842, 'Time': Timestamp('2007-05-04 10:21:10'), 'mag': 5.0}]",1,24
883,2007-04-20 20:44:56.142,0,[],0,12
884,2007-05-04 23:58:53.907,0,[],0,26
885,2007-04-19 08:09:54.242,0,[],0,10
886,2007-04-25 11:26:23.094,0,[],0,16
887,2007-05-03 14:45:24.109,0,[],0,24
888,2007-05-02 18:01:23.203,1,"[{'lat': 17.201, 'long': -96.842, 'Time': Timestamp('2007-05-04 10:21:10'), 'mag': 5.0}]",1,23
889,2007-04-15 21:15:25.544,1,"[{'lat': -21.315, 'long': -174.511, 'Time': Timestamp('2007-04-16 15:50:07'), 'mag': 5.2}, {'lat': -16.458, 'long': -173.226, 'Time': Timestamp('2007-04-16 18:00:49'), 'mag': 5.1}]",2,6
890,2007-04-25 00:29:23.308,1,"[{'lat': 47.164, 'long': -27.457, 'Time': Timestamp('2007-04-25 02:11:54'), 'mag': 5.4}, {'lat': -15.61, 'long': 167.725, 'Time': Timestamp('2007-04-25 03:22:46'), 'mag': 5.3}, {'lat': 28.19, 'long': 56.22, 'Time': Timestamp('2007-04-25 04:19:00'), 'mag': 5.2}, {'lat': 46.634, 'long': 152.586, 'Time': Timestamp('2007-04-25 10:06:49'), 'mag': 5.0}, {'lat': 7.4, 'long': 126.44, 'Time': Timestamp('2007-04-25 11:52:55'), 'mag': 5.7}, {'lat': 28.864, 'long': -43.003, 'Time': Timestamp('2007-04-25 12:34:28'), 'mag': 5.1}, {'lat': -14.285, 'long': 166.863, 'Time': Timestamp('2007-04-25 13:34:14'), 'mag': 6.4}, {'lat': 33.901, 'long': 133.453, 'Time': Timestamp('2007-04-26 00:02:58'), 'mag': 5.1}, {'lat': -18.095, 'long': 172.933, 'Time': Timestamp('2007-04-26 09:39:55'), 'mag': 5.4}, {'lat': -18.039, 'long': 172.875, 'Time': Timestamp('2007-04-26 10:00:41'), 'mag': 5.3}, {'lat': 12.488, 'long': 123.451, 'Time': Timestamp('2007-04-26 12:04:38'), 'mag': 5.0}, {'lat': 42.44, 'long': 143.558, 'Time': Timestamp('2007-04-26 16:37:57'), 'mag': 5.3}]",12,15
891,2007-04-28 07:01:54.375,1,"[{'lat': 25.316, 'long': 62.154, 'Time': Timestamp('2007-04-29 06:33:54'), 'mag': 5.0}]",1,18
892,2007-04-16 11:57:23.496,0,[],0,6
893,2007-05-02 15:15:50.414,0,[],0,22
894,2007-05-05 18:31:53.604,1,"[{'lat': -54.836, 'long': -130.768, 'Time': Timestamp('2007-05-07 07:39:28'), 'mag': 5.4}]",1,25
895,2007-04-26 07:32:56.696,1,"[{'lat': 36.447, 'long': 70.497, 'Time': Timestamp('2007-04-28 01:11:07'), 'mag': 5.0}]",1,15
896,2007-05-05 10:48:53.870,1,"[{'lat': -7.666, 'long': -13.563, 'Time': Timestamp('2007-05-06 17:44:40'), 'mag': 5.0}]",1,24
897,2007-04-17 14:08:23.982,1,"[{'lat': -24.082, 'long': -66.626, 'Time': Timestamp('2007-04-18 01:08:08'), 'mag': 5.6}]",1,6
898,2007-05-02 23:52:53.142,0,[],0,21
899,2007-04-26 08:03:26.155,1,"[{'lat': 36.447, 'long': 70.497, 'Time': Timestamp('2007-04-28 01:11:07'), 'mag': 5.0}]",1,14
900,2007-04-30 11:20:23.329,1,"[{'lat': -53.999, 'long': 6.081, 'Time': Timestamp('2007-04-30 15:38:52'), 'mag': 5.6}]",1,18
901,2007-04-24 14:38:50.136,1,"[{'lat': 28.985, 'long': -43.208, 'Time': Timestamp('2007-04-24 16:07:40'), 'mag': 5.3}, {'lat': 28.946, 'long': -43.096, 'Time': Timestamp('2007-04-24 22:47:11'), 'mag': 5.0}, {'lat': 47.164, 'long': -27.457, 'Time': Timestamp('2007-04-25 02:11:54'), 'mag': 5.4}, {'lat': 28.864, 'long': -43.003, 'Time': Timestamp('2007-04-25 12:34:28'), 'mag': 5.1}, {'lat': -28.157, 'long': -70.78, 'Time': Timestamp('2007-04-26 12:13:29'), 'mag': 5.2}]",5,12
902,2007-05-10 22:45:50.603,1,"[{'lat': -55.936, 'long': -27.782, 'Time': Timestamp('2007-05-11 20:33:34'), 'mag': 5.0}, {'lat': -49.75, 'long': -116.75, 'Time': Timestamp('2007-05-12 10:16:56'), 'mag': 5.2}]",2,28
903,2007-04-23 02:00:22.654,1,"[{'lat': -6.755, 'long': 129.748, 'Time': Timestamp('2007-04-23 05:13:54'), 'mag': 5.0}, {'lat': -7.792, 'long': 155.666, 'Time': Timestamp('2007-04-24 12:14:21'), 'mag': 5.4}]",2,10
904,2007-04-26 06:55:53.170,1,"[{'lat': 36.447, 'long': 70.497, 'Time': Timestamp('2007-04-28 01:11:07'), 'mag': 5.0}]",1,13
905,2007-05-04 10:11:52.688,0,[],0,21
906,2007-05-06 13:30:53.758,1,"[{'lat': -7.666, 'long': -13.563, 'Time': Timestamp('2007-05-06 17:44:40'), 'mag': 5.0}]",1,23
907,2007-05-04 16:48:21.245,1,"[{'lat': 6.705, 'long': -72.946, 'Time': Timestamp('2007-05-06 04:47:13'), 'mag': 5.4}]",1,21
908,2007-05-13 20:02:53.864,1,"[{'lat': -55.477, 'long': -127.989, 'Time': Timestamp('2007-05-15 01:14:55'), 'mag': 5.6}]",1,30
909,2007-05-05 00:53:23.944,1,"[{'lat': 34.248, 'long': 81.967, 'Time': Timestamp('2007-05-05 08:51:39'), 'mag': 6.1}, {'lat': 34.674, 'long': 89.982, 'Time': Timestamp('2007-05-05 17:38:23'), 'mag': 5.0}, {'lat': -7.348, 'long': 128.404, 'Time': Timestamp('2007-05-05 19:06:39'), 'mag': 5.4}, {'lat': 51.417, 'long': -177.783, 'Time': Timestamp('2007-05-05 20:55:00'), 'mag': 5.0}, {'lat': -3.661, 'long': 123.183, 'Time': Timestamp('2007-05-06 01:03:46'), 'mag': 5.1}, {'lat': 34.126, 'long': 81.942, 'Time': Timestamp('2007-05-06 01:27:05'), 'mag': 5.0}, {'lat': 45.522, 'long': -27.708, 'Time': Timestamp('2007-05-06 06:07:29'), 'mag': 5.2}, {'lat': 17.307, 'long': 120.201, 'Time': Timestamp('2007-05-06 18:27:20'), 'mag': 5.5}, {'lat': 30.007, 'long': 130.177, 'Time': Timestamp('2007-05-07 00:29:06'), 'mag': 5.2}]",9,21
910,2007-05-04 07:26:26.930,1,"[{'lat': 34.248, 'long': 81.967, 'Time': Timestamp('2007-05-05 08:51:39'), 'mag': 6.1}, {'lat': 34.674, 'long': 89.982, 'Time': Timestamp('2007-05-05 17:38:23'), 'mag': 5.0}, {'lat': 34.126, 'long': 81.942, 'Time': Timestamp('2007-05-06 01:27:05'), 'mag': 5.0}]",3,20
911,2007-05-12 10:42:53.105,0,[],0,28
912,2007-04-29 14:01:53.158,1,"[{'lat': -21.327, 'long': -68.412, 'Time': Timestamp('2007-05-01 03:52:21'), 'mag': 5.5}]",1,15
913,2007-04-20 22:09:53.291,1,"[{'lat': -45.243, 'long': -72.648, 'Time': Timestamp('2007-04-21 17:53:46'), 'mag': 6.2}, {'lat': -23.415, 'long': 170.923, 'Time': Timestamp('2007-04-21 21:27:46'), 'mag': 5.0}, {'lat': -31.526, 'long': -71.862, 'Time': Timestamp('2007-04-22 06:05:28'), 'mag': 5.1}, {'lat': -32.388, 'long': -71.448, 'Time': Timestamp('2007-04-22 10:22:02'), 'mag': 5.3}, {'lat': -3.741, 'long': -81.227, 'Time': Timestamp('2007-04-22 11:57:41'), 'mag': 5.4}]",5,6
914,2007-05-08 01:23:53.344,1,"[{'lat': 6.636, 'long': 123.911, 'Time': Timestamp('2007-05-09 09:01:47'), 'mag': 5.6}, {'lat': -18.059, 'long': 168.233, 'Time': Timestamp('2007-05-09 10:40:02'), 'mag': 5.0}, {'lat': -7.146, 'long': 130.469, 'Time': Timestamp('2007-05-09 22:23:50'), 'mag': 5.1}]",3,23
915,2007-05-11 06:18:56.304,0,[],0,26
916,2007-05-01 09:34:23.233,0,[],0,16
917,2007-04-21 21:00:20.753,0,[],0,6
918,2007-05-07 00:16:53.719,1,"[{'lat': 30.007, 'long': 130.177, 'Time': Timestamp('2007-05-07 00:29:06'), 'mag': 5.2}, {'lat': 9.513, 'long': 125.759, 'Time': Timestamp('2007-05-07 03:04:39'), 'mag': 5.0}, {'lat': 23.161, 'long': 94.483, 'Time': Timestamp('2007-05-07 05:58:33'), 'mag': 5.0}, {'lat': 31.355, 'long': 97.787, 'Time': Timestamp('2007-05-07 11:59:47'), 'mag': 5.5}]",4,21
919,2007-05-07 08:28:24.054,0,[],0,21
920,2007-05-11 11:45:23.907,1,"[{'lat': -55.936, 'long': -27.782, 'Time': Timestamp('2007-05-11 20:33:34'), 'mag': 5.0}]",1,25
921,2007-05-14 15:03:54.922,0,[],0,28
922,2007-04-30 18:19:24.014,0,[],0,14
923,2007-05-16 21:32:26.244,1,"[{'lat': -27.883, 'long': -176.676, 'Time': Timestamp('2007-05-17 03:19:24'), 'mag': 5.0}, {'lat': -28.028, 'long': -176.716, 'Time': Timestamp('2007-05-17 09:18:25'), 'mag': 5.2}, {'lat': -30.658, 'long': -178.202, 'Time': Timestamp('2007-05-17 19:29:10'), 'mag': 6.0}, {'lat': -19.366, 'long': -173.132, 'Time': Timestamp('2007-05-18 00:45:22'), 'mag': 5.1}, {'lat': 3.57, 'long': -102.272, 'Time': Timestamp('2007-05-18 08:52:02'), 'mag': 5.0}, {'lat': -15.314, 'long': -173.634, 'Time': Timestamp('2007-05-18 09:49:02'), 'mag': 5.2}]",6,30
924,2007-05-10 00:47:23.120,1,"[{'lat': -5.111, 'long': 153.594, 'Time': Timestamp('2007-05-10 07:20:32'), 'mag': 5.0}, {'lat': -6.883, 'long': 155.412, 'Time': Timestamp('2007-05-10 11:15:07'), 'mag': 5.5}, {'lat': -5.607, 'long': 133.842, 'Time': Timestamp('2007-05-10 18:37:10'), 'mag': 5.1}, {'lat': 21.883, 'long': 143.088, 'Time': Timestamp('2007-05-10 19:21:06'), 'mag': 5.1}, {'lat': 47.076, 'long': 153.441, 'Time': Timestamp('2007-05-10 21:54:47'), 'mag': 5.1}, {'lat': 19.03, 'long': 145.605, 'Time': Timestamp('2007-05-11 00:42:38'), 'mag': 5.1}, {'lat': 21.762, 'long': 143.015, 'Time': Timestamp('2007-05-11 05:54:07'), 'mag': 5.1}, {'lat': -8.583, 'long': 157.6, 'Time': Timestamp('2007-05-11 13:22:59'), 'mag': 5.0}, {'lat': 8.793, 'long': 126.682, 'Time': Timestamp('2007-05-11 23:00:40'), 'mag': 5.2}]",9,23
925,2007-04-22 07:20:26.107,0,[],0,5
926,2007-05-06 10:36:53.282,1,"[{'lat': -7.666, 'long': -13.563, 'Time': Timestamp('2007-05-06 17:44:40'), 'mag': 5.0}]",1,19
927,2007-05-12 13:55:53.336,0,[],0,25
928,2007-05-11 17:12:23.389,1,"[{'lat': -49.75, 'long': -116.75, 'Time': Timestamp('2007-05-12 10:16:56'), 'mag': 5.2}, {'lat': -41.4, 'long': -89.066, 'Time': Timestamp('2007-05-13 03:23:53'), 'mag': 5.0}]",2,24
929,2007-05-04 20:26:50.306,1,"[{'lat': 50.767, 'long': -130.049, 'Time': Timestamp('2007-05-05 06:15:43'), 'mag': 5.0}]",1,17
930,2007-04-23 23:40:53.495,1,"[{'lat': -7.792, 'long': 155.666, 'Time': Timestamp('2007-04-24 12:14:21'), 'mag': 5.4}, {'lat': -15.61, 'long': 167.725, 'Time': Timestamp('2007-04-25 03:22:46'), 'mag': 5.3}, {'lat': -14.285, 'long': 166.863, 'Time': Timestamp('2007-04-25 13:34:14'), 'mag': 6.4}]",3,6
931,2007-05-15 07:51:26.509,0,[],0,27
932,2007-05-03 11:07:53.682,1,"[{'lat': -1.41, 'long': -14.921, 'Time': Timestamp('2007-05-04 12:06:51'), 'mag': 6.2}, {'lat': -56.46, 'long': -27.322, 'Time': Timestamp('2007-05-04 17:37:47'), 'mag': 5.0}, {'lat': -60.867, 'long': -20.124, 'Time': Timestamp('2007-05-04 18:01:26'), 'mag': 5.0}, {'lat': -58.348, 'long': -22.903, 'Time': Timestamp('2007-05-05 05:27:14'), 'mag': 5.2}]",4,15
933,2007-04-30 14:26:53.203,1,"[{'lat': -21.327, 'long': -68.412, 'Time': Timestamp('2007-05-01 03:52:21'), 'mag': 5.5}]",1,12
934,2007-04-27 20:57:22.093,0,[],0,9
935,2007-04-26 00:10:53.954,1,"[{'lat': -18.095, 'long': 172.933, 'Time': Timestamp('2007-04-26 09:39:55'), 'mag': 5.4}, {'lat': -18.039, 'long': 172.875, 'Time': Timestamp('2007-04-26 10:00:41'), 'mag': 5.3}, {'lat': 12.488, 'long': 123.451, 'Time': Timestamp('2007-04-26 12:04:38'), 'mag': 5.0}, {'lat': 42.44, 'long': 143.558, 'Time': Timestamp('2007-04-26 16:37:57'), 'mag': 5.3}, {'lat': 5.359, 'long': 94.635, 'Time': Timestamp('2007-04-27 08:02:49'), 'mag': 5.9}, {'lat': -6.965, 'long': 155.938, 'Time': Timestamp('2007-04-27 13:49:28'), 'mag': 5.8}, {'lat': -15.972, 'long': 173.417, 'Time': Timestamp('2007-04-27 22:52:08'), 'mag': 5.1}]",7,7
936,2007-04-26 08:21:53.288,1,"[{'lat': 36.447, 'long': 70.497, 'Time': Timestamp('2007-04-28 01:11:07'), 'mag': 5.0}]",1,7
937,2007-05-07 11:38:53.142,0,[],0,18
938,2007-04-27 14:57:24.155,1,"[{'lat': -61.828, 'long': -59.728, 'Time': Timestamp('2007-04-27 15:33:53'), 'mag': 5.0}]",1,8
939,2007-05-12 18:13:23.249,0,[],0,23
940,2007-05-10 21:26:25.478,1,"[{'lat': -32.588, 'long': -178.566, 'Time': Timestamp('2007-05-12 03:35:04'), 'mag': 5.0}]",1,21
941,2007-05-02 00:41:23.355,1,"[{'lat': -8.878, 'long': 157.814, 'Time': Timestamp('2007-05-02 11:22:31'), 'mag': 5.1}, {'lat': 1.545, 'long': 126.362, 'Time': Timestamp('2007-05-03 11:27:17'), 'mag': 5.6}, {'lat': 3.587, 'long': 127.507, 'Time': Timestamp('2007-05-03 20:52:10'), 'mag': 5.0}]",3,12
942,2007-04-27 08:52:56.369,1,"[{'lat': 25.316, 'long': 62.154, 'Time': Timestamp('2007-04-29 06:33:54'), 'mag': 5.0}]",1,7
943,2007-05-13 12:09:53.543,0,[],0,23
944,2007-05-17 15:28:20.461,0,[],0,27
945,2007-05-08 18:43:53.650,1,"[{'lat': 40.3745, 'long': -125.0161667, 'Time': Timestamp('2007-05-09 07:50:03'), 'mag': 5.2}]",1,18
946,2007-05-15 21:56:51.783,1,"[{'lat': -40.36, 'long': 174.64, 'Time': Timestamp('2007-05-16 13:18:29'), 'mag': 5.0}, {'lat': -45.021, 'long': -80.722, 'Time': Timestamp('2007-05-16 16:48:09'), 'mag': 5.4}, {'lat': -27.883, 'long': -176.676, 'Time': Timestamp('2007-05-17 03:19:24'), 'mag': 5.0}, {'lat': -28.028, 'long': -176.716, 'Time': Timestamp('2007-05-17 09:18:25'), 'mag': 5.2}, {'lat': -30.658, 'long': -178.202, 'Time': Timestamp('2007-05-17 19:29:10'), 'mag': 6.0}]",5,25
947,2007-05-06 01:11:53.756,1,"[{'lat': 34.126, 'long': 81.942, 'Time': Timestamp('2007-05-06 01:27:05'), 'mag': 5.0}, {'lat': 45.522, 'long': -27.708, 'Time': Timestamp('2007-05-06 06:07:29'), 'mag': 5.2}, {'lat': 17.307, 'long': 120.201, 'Time': Timestamp('2007-05-06 18:27:20'), 'mag': 5.5}, {'lat': 30.007, 'long': 130.177, 'Time': Timestamp('2007-05-07 00:29:06'), 'mag': 5.2}, {'lat': 9.513, 'long': 125.759, 'Time': Timestamp('2007-05-07 03:04:39'), 'mag': 5.0}, {'lat': 23.161, 'long': 94.483, 'Time': Timestamp('2007-05-07 05:58:33'), 'mag': 5.0}, {'lat': 31.355, 'long': 97.787, 'Time': Timestamp('2007-05-07 11:59:47'), 'mag': 5.5}]",7,15
948,2007-05-02 06:06:56.716,0,[],0,11
949,2007-05-19 09:21:51.100,0,[],0,28
950,2007-05-13 12:41:23.140,0,[],0,22
951,2007-05-07 15:59:22.636,0,[],0,16
952,2007-05-11 19:14:24.051,1,"[{'lat': -49.75, 'long': -116.75, 'Time': Timestamp('2007-05-12 10:16:56'), 'mag': 5.2}]",1,20
953,2007-05-05 22:27:53.104,1,"[{'lat': 6.705, 'long': -72.946, 'Time': Timestamp('2007-05-06 04:47:13'), 'mag': 5.4}, {'lat': -7.666, 'long': -13.563, 'Time': Timestamp('2007-05-06 17:44:40'), 'mag': 5.0}, {'lat': -62.505, 'long': -158.648, 'Time': Timestamp('2007-05-07 04:14:54'), 'mag': 5.1}, {'lat': -54.836, 'long': -130.768, 'Time': Timestamp('2007-05-07 07:39:28'), 'mag': 5.4}, {'lat': -44.85, 'long': -80.453, 'Time': Timestamp('2007-05-07 11:15:16'), 'mag': 6.1}]",5,14
954,2007-05-11 01:42:23.157,1,"[{'lat': 21.762, 'long': 143.015, 'Time': Timestamp('2007-05-11 05:54:07'), 'mag': 5.1}, {'lat': -8.583, 'long': 157.6, 'Time': Timestamp('2007-05-11 13:22:59'), 'mag': 5.0}, {'lat': 8.793, 'long': 126.682, 'Time': Timestamp('2007-05-11 23:00:40'), 'mag': 5.2}, {'lat': 20.161, 'long': 145.351, 'Time': Timestamp('2007-05-12 02:34:17'), 'mag': 5.0}, {'lat': -7.494, 'long': 156.127, 'Time': Timestamp('2007-05-12 04:38:24'), 'mag': 5.0}, {'lat': -5.463, 'long': 146.108, 'Time': Timestamp('2007-05-12 11:31:03'), 'mag': 5.9}, {'lat': -3.458, 'long': 127.251, 'Time': Timestamp('2007-05-12 12:58:11'), 'mag': 5.3}]",7,19
955,2007-05-04 06:37:25.414,1,"[{'lat': 34.248, 'long': 81.967, 'Time': Timestamp('2007-05-05 08:51:39'), 'mag': 6.1}, {'lat': 34.674, 'long': 89.982, 'Time': Timestamp('2007-05-05 17:38:23'), 'mag': 5.0}, {'lat': 34.126, 'long': 81.942, 'Time': Timestamp('2007-05-06 01:27:05'), 'mag': 5.0}]",3,12
956,2007-05-22 09:52:51.940,0,[],0,30
957,2007-05-11 13:12:23.345,1,"[{'lat': -55.936, 'long': -27.782, 'Time': Timestamp('2007-05-11 20:33:34'), 'mag': 5.0}]",1,19
958,2007-05-04 22:58:19.265,1,"[{'lat': -58.348, 'long': -22.903, 'Time': Timestamp('2007-05-05 05:27:14'), 'mag': 5.2}, {'lat': 50.767, 'long': -130.049, 'Time': Timestamp('2007-05-05 06:15:43'), 'mag': 5.0}, {'lat': 51.417, 'long': -177.783, 'Time': Timestamp('2007-05-05 20:55:00'), 'mag': 5.0}, {'lat': 6.705, 'long': -72.946, 'Time': Timestamp('2007-05-06 04:47:13'), 'mag': 5.4}, {'lat': -7.666, 'long': -13.563, 'Time': Timestamp('2007-05-06 17:44:40'), 'mag': 5.0}]",5,12
959,2007-05-03 08:44:53.866,0,[],0,10
960,2007-05-23 12:03:51.476,0,[],0,30
961,2007-05-08 15:22:20.861,0,[],0,15
962,2007-04-29 18:37:53.827,0,[],0,6
963,2007-05-01 21:50:51.961,1,"[{'lat': -34.115, 'long': -178.948, 'Time': Timestamp('2007-05-03 13:56:29'), 'mag': 5.6}, {'lat': -27.552, 'long': -178.073, 'Time': Timestamp('2007-05-03 17:25:25'), 'mag': 5.5}]",2,8
964,2007-05-09 01:05:53.933,1,"[{'lat': 6.636, 'long': 123.911, 'Time': Timestamp('2007-05-09 09:01:47'), 'mag': 5.6}, {'lat': -18.059, 'long': 168.233, 'Time': Timestamp('2007-05-09 10:40:02'), 'mag': 5.0}, {'lat': -7.146, 'long': 130.469, 'Time': Timestamp('2007-05-09 22:23:50'), 'mag': 5.1}, {'lat': -5.111, 'long': 153.594, 'Time': Timestamp('2007-05-10 07:20:32'), 'mag': 5.0}, {'lat': -6.883, 'long': 155.412, 'Time': Timestamp('2007-05-10 11:15:07'), 'mag': 5.5}, {'lat': -5.607, 'long': 133.842, 'Time': Timestamp('2007-05-10 18:37:10'), 'mag': 5.1}, {'lat': 21.883, 'long': 143.088, 'Time': Timestamp('2007-05-10 19:21:06'), 'mag': 5.1}, {'lat': 47.076, 'long': 153.441, 'Time': Timestamp('2007-05-10 21:54:47'), 'mag': 5.1}, {'lat': 19.03, 'long': 145.605, 'Time': Timestamp('2007-05-11 00:42:38'), 'mag': 5.1}]",9,15
965,2007-05-18 07:38:56.920,0,[],0,24
966,2007-05-12 10:55:18.975,0,[],0,18
967,2007-05-05 14:14:23.148,1,"[{'lat': 45.522, 'long': -27.708, 'Time': Timestamp('2007-05-06 06:07:29'), 'mag': 5.2}]",1,11
968,2007-05-22 17:30:53.201,1,"[{'lat': 21.892, 'long': -96.359, 'Time': Timestamp('2007-05-23 19:09:15'), 'mag': 5.6}]",1,28
969,2007-05-07 20:44:59.638,1,"[{'lat': 40.3745, 'long': -125.0161667, 'Time': Timestamp('2007-05-09 07:50:03'), 'mag': 5.2}]",1,13
970,2007-05-10 23:58:53.308,1,"[{'lat': -8.583, 'long': 157.6, 'Time': Timestamp('2007-05-11 13:22:59'), 'mag': 5.0}, {'lat': -7.494, 'long': 156.127, 'Time': Timestamp('2007-05-12 04:38:24'), 'mag': 5.0}, {'lat': -5.463, 'long': 146.108, 'Time': Timestamp('2007-05-12 11:31:03'), 'mag': 5.9}]",3,16
971,2007-05-20 08:09:53.642,0,[],0,25
972,2007-05-24 11:26:23.554,0,[],0,29
973,2007-05-11 14:45:23.608,0,[],0,16
974,2007-05-24 21:14:23.681,1,"[{'lat': -17.704, 'long': -172.918, 'Time': Timestamp('2007-05-26 02:29:24'), 'mag': 5.4}]",1,29
975,2007-05-12 00:29:23.767,1,"[{'lat': 20.161, 'long': 145.351, 'Time': Timestamp('2007-05-12 02:34:17'), 'mag': 5.0}, {'lat': -7.494, 'long': 156.127, 'Time': Timestamp('2007-05-12 04:38:24'), 'mag': 5.0}, {'lat': -5.463, 'long': 146.108, 'Time': Timestamp('2007-05-12 11:31:03'), 'mag': 5.9}, {'lat': -3.458, 'long': 127.251, 'Time': Timestamp('2007-05-12 12:58:11'), 'mag': 5.3}, {'lat': -41.25, 'long': 173.55, 'Time': Timestamp('2007-05-13 13:25:10'), 'mag': 5.0}]",5,16
976,2007-05-12 07:01:54.834,0,[],0,16
977,2007-05-09 10:17:53.928,0,[],0,13
978,2007-05-19 13:37:23.982,0,[],0,23
979,2007-05-21 16:54:24.036,0,[],0,25
980,2007-05-06 20:08:53.089,1,"[{'lat': -62.505, 'long': -158.648, 'Time': Timestamp('2007-05-07 04:14:54'), 'mag': 5.1}, {'lat': -54.836, 'long': -130.768, 'Time': Timestamp('2007-05-07 07:39:28'), 'mag': 5.4}]",2,10
981,2007-05-02 23:22:22.997,1,"[{'lat': -34.115, 'long': -178.948, 'Time': Timestamp('2007-05-03 13:56:29'), 'mag': 5.6}, {'lat': -27.552, 'long': -178.073, 'Time': Timestamp('2007-05-03 17:25:25'), 'mag': 5.5}]",2,6
982,2007-05-26 07:32:56.155,1,"[{'lat': 0.511, 'long': 67.171, 'Time': Timestamp('2007-05-26 19:13:35'), 'mag': 5.1}]",1,29
983,2007-05-24 10:48:53.329,0,[],0,27
984,2007-05-25 14:08:23.384,1,"[{'lat': -24.222, 'long': -67.027, 'Time': Timestamp('2007-05-25 17:47:31'), 'mag': 5.9}, {'lat': -27.507, 'long': -67.409, 'Time': Timestamp('2007-05-27 10:23:12'), 'mag': 5.2}]",2,28
985,2007-05-20 17:24:53.437,0,[],0,23
986,2007-05-12 20:38:51.682,0,[],0,15
987,2007-05-24 23:52:53.543,1,"[{'lat': -17.887, 'long': -178.731, 'Time': Timestamp('2007-05-25 17:26:11'), 'mag': 5.4}, {'lat': -17.704, 'long': -172.918, 'Time': Timestamp('2007-05-26 02:29:24'), 'mag': 5.4}, {'lat': -8.603, 'long': 149.686, 'Time': Timestamp('2007-05-26 06:11:19'), 'mag': 5.1}]",3,27
988,2007-05-25 08:03:26.556,1,"[{'lat': 0.511, 'long': 67.171, 'Time': Timestamp('2007-05-26 19:13:35'), 'mag': 5.1}]",1,27
989,2007-05-15 11:20:23.597,0,[],0,17
990,2007-05-16 16:17:23.342,1,"[{'lat': -45.021, 'long': -80.722, 'Time': Timestamp('2007-05-16 16:48:09'), 'mag': 5.4}]",1,18
991,2007-05-16 19:32:19.970,1,"[{'lat': 3.57, 'long': -102.272, 'Time': Timestamp('2007-05-18 08:52:02'), 'mag': 5.0}]",1,18
992,2007-05-24 22:45:51.005,1,"[{'lat': -24.222, 'long': -67.027, 'Time': Timestamp('2007-05-25 17:47:31'), 'mag': 5.9}, {'lat': -17.704, 'long': -172.918, 'Time': Timestamp('2007-05-26 02:29:24'), 'mag': 5.4}, {'lat': -35.928, 'long': -103.097, 'Time': Timestamp('2007-05-26 02:44:46'), 'mag': 5.5}]",3,26
993,2007-05-25 02:00:22.720,1,"[{'lat': -6.608, 'long': 130.215, 'Time': Timestamp('2007-05-25 06:32:55'), 'mag': 5.1}, {'lat': -9.366, 'long': 117.779, 'Time': Timestamp('2007-05-26 06:07:23'), 'mag': 5.0}, {'lat': -8.603, 'long': 149.686, 'Time': Timestamp('2007-05-26 06:11:19'), 'mag': 5.1}]",3,26
994,2007-05-25 05:17:56.435,1,"[{'lat': 0.511, 'long': 67.171, 'Time': Timestamp('2007-05-26 19:13:35'), 'mag': 5.1}]",1,26
995,2007-05-18 08:34:23.379,0,[],0,19
996,2007-05-17 11:51:23.132,1,"[{'lat': -56.903, 'long': -24.964, 'Time': Timestamp('2007-05-19 10:38:33'), 'mag': 5.2}]",1,18
997,2007-05-13 15:09:52.159,0,[],0,14
998,2007-05-27 21:38:20.491,1,"[{'lat': -26.089, 'long': 70.899, 'Time': Timestamp('2007-05-28 07:43:56'), 'mag': 5.0}, {'lat': -42.038, 'long': 85.028, 'Time': Timestamp('2007-05-28 16:26:19'), 'mag': 5.0}, {'lat': -18.372, 'long': -173.885, 'Time': Timestamp('2007-05-29 15:50:50'), 'mag': 5.5}, {'lat': -35.837, 'long': -102.743, 'Time': Timestamp('2007-05-29 18:15:50'), 'mag': 5.1}]",4,28
999,2007-05-15 00:53:20.666,1,"[{'lat': 47.825, 'long': 154.546, 'Time': Timestamp('2007-05-15 11:22:18'), 'mag': 5.3}, {'lat': 26.707, 'long': 140.277, 'Time': Timestamp('2007-05-15 11:27:18'), 'mag': 5.4}, {'lat': -7.735, 'long': 155.524, 'Time': Timestamp('2007-05-15 12:41:05'), 'mag': 5.0}, {'lat': 46.82, 'long': 155.45, 'Time': Timestamp('2007-05-15 17:42:41'), 'mag': 5.2}, {'lat': 20.503, 'long': 100.732, 'Time': Timestamp('2007-05-16 08:56:14'), 'mag': 6.3}, {'lat': 48.858, 'long': 154.768, 'Time': Timestamp('2007-05-16 10:17:45'), 'mag': 5.5}, {'lat': -6.584, 'long': 105.22, 'Time': Timestamp('2007-05-16 23:37:42'), 'mag': 5.0}, {'lat': -6.959, 'long': 155.865, 'Time': Timestamp('2007-05-16 23:58:36'), 'mag': 5.7}]",8,15
1000,2007-05-29 07:26:27.191,0,[],0,29
1001,2007-05-17 10:42:50.604,1,"[{'lat': -56.903, 'long': -24.964, 'Time': Timestamp('2007-05-19 10:38:33'), 'mag': 5.2}]",1,17
1002,2007-05-21 15:40:54.771,1,"[{'lat': 52.352, 'long': -31.814, 'Time': Timestamp('2007-05-23 04:41:46'), 'mag': 5.7}]",1,21
1003,2007-05-21 18:55:49.522,0,[],0,21
1004,2007-05-07 22:08:54.765,1,"[{'lat': -21.122, 'long': -173.708, 'Time': Timestamp('2007-05-08 05:31:39'), 'mag': 5.0}, {'lat': 40.3745, 'long': -125.0161667, 'Time': Timestamp('2007-05-09 07:50:03'), 'mag': 5.2}]",2,7
1005,2007-05-20 01:23:51.280,1,"[{'lat': 37.944, 'long': 135.393, 'Time': Timestamp('2007-05-20 22:19:40'), 'mag': 5.3}, {'lat': -9.29, 'long': 159.114, 'Time': Timestamp('2007-05-21 05:25:13'), 'mag': 5.0}, {'lat': 35.117, 'long': 27.808, 'Time': Timestamp('2007-05-21 16:39:08'), 'mag': 5.0}]",3,19
1006,2007-05-10 06:18:56.126,0,[],0,9
1007,2007-05-09 09:34:23.634,0,[],0,8
1008,2007-05-30 12:53:53.935,1,"[{'lat': -59.972, 'long': -26.457, 'Time': Timestamp('2007-05-30 19:35:21'), 'mag': 5.5}]",1,29
1009,2007-05-08 16:11:23.519,0,[],0,7
1010,2007-05-16 19:26:22.803,1,"[{'lat': 3.57, 'long': -102.272, 'Time': Timestamp('2007-05-18 08:52:02'), 'mag': 5.0}]",1,15
1011,2007-05-16 22:39:53.094,1,"[{'lat': 53.415, 'long': -169.577, 'Time': Timestamp('2007-05-17 02:20:53'), 'mag': 5.0}, {'lat': -27.883, 'long': -176.676, 'Time': Timestamp('2007-05-17 03:19:24'), 'mag': 5.0}, {'lat': -28.028, 'long': -176.716, 'Time': Timestamp('2007-05-17 09:18:25'), 'mag': 5.2}, {'lat': -19.366, 'long': -173.132, 'Time': Timestamp('2007-05-18 00:45:22'), 'mag': 5.1}, {'lat': 3.57, 'long': -102.272, 'Time': Timestamp('2007-05-18 08:52:02'), 'mag': 5.0}]",5,15
1012,2007-05-28 01:54:21.462,1,"[{'lat': 21.836, 'long': 143.049, 'Time': Timestamp('2007-05-28 09:15:00'), 'mag': 5.0}, {'lat': -4.587, 'long': 151.841, 'Time': Timestamp('2007-05-29 01:03:27'), 'mag': 6.1}, {'lat': -1.065, 'long': 127.343, 'Time': Timestamp('2007-05-29 09:36:05'), 'mag': 6.1}, {'lat': -1.066, 'long': 127.419, 'Time': Timestamp('2007-05-29 09:42:58'), 'mag': 5.5}, {'lat': -1.074, 'long': 127.465, 'Time': Timestamp('2007-05-29 12:00:22'), 'mag': 5.1}, {'lat': -0.011, 'long': 122.796, 'Time': Timestamp('2007-05-29 20:12:39'), 'mag': 5.5}]",6,26
1013,2007-05-24 06:49:54.076,0,[],0,22
1014,2007-05-11 15:03:48.301,0,[],0,9
1015,2007-05-10 21:33:22.938,1,"[{'lat': -55.936, 'long': -27.782, 'Time': Timestamp('2007-05-11 20:33:34'), 'mag': 5.0}, {'lat': -32.588, 'long': -178.566, 'Time': Timestamp('2007-05-12 03:35:04'), 'mag': 5.0}, {'lat': -49.75, 'long': -116.75, 'Time': Timestamp('2007-05-12 10:16:56'), 'mag': 5.2}]",3,8
1016,2007-05-27 00:47:15.581,1,"[{'lat': -35.193, 'long': 78.639, 'Time': Timestamp('2007-05-27 06:26:17'), 'mag': 5.0}, {'lat': -26.089, 'long': 70.899, 'Time': Timestamp('2007-05-28 07:43:56'), 'mag': 5.0}, {'lat': 21.836, 'long': 143.049, 'Time': Timestamp('2007-05-28 09:15:00'), 'mag': 5.0}]",3,24
1017,2007-05-13 07:20:23.333,0,[],0,10
1018,2007-05-28 10:36:53.609,0,[],0,25
1019,2007-05-18 13:55:53.797,1,"[{'lat': -28.757, 'long': -68.703, 'Time': Timestamp('2007-05-19 16:26:05'), 'mag': 5.0}]",1,15
1020,2007-05-10 17:12:23.851,1,"[{'lat': -49.75, 'long': -116.75, 'Time': Timestamp('2007-05-12 10:16:56'), 'mag': 5.2}]",1,7
1021,2007-05-29 20:26:50.768,0,[],0,26
1022,2007-05-11 23:40:53.957,1,"[{'lat': -32.588, 'long': -178.566, 'Time': Timestamp('2007-05-12 03:35:04'), 'mag': 5.0}, {'lat': -7.494, 'long': 156.127, 'Time': Timestamp('2007-05-12 04:38:24'), 'mag': 5.0}, {'lat': -21.683, 'long': -179.211, 'Time': Timestamp('2007-05-13 03:36:14'), 'mag': 5.5}, {'lat': -19.513, 'long': -179.329, 'Time': Timestamp('2007-05-13 11:26:42'), 'mag': 5.8}, {'lat': -41.25, 'long': 173.55, 'Time': Timestamp('2007-05-13 13:25:10'), 'mag': 5.0}]",5,8
1023,2007-05-11 07:51:20.513,0,[],0,7
1024,2007-06-03 11:07:50.243,1,"[{'lat': -55.359, 'long': -29.531, 'Time': Timestamp('2007-06-03 11:17:37'), 'mag': 5.1}, {'lat': -55.986, 'long': -27.696, 'Time': Timestamp('2007-06-04 03:06:59'), 'mag': 5.2}]",2,30
1025,2007-06-03 14:26:45.967,0,[],0,30
1026,2007-05-28 17:42:53.252,1,"[{'lat': -35.837, 'long': -102.743, 'Time': Timestamp('2007-05-29 18:15:50'), 'mag': 5.1}]",1,24
1027,2007-05-12 20:57:21.498,0,[],0,8
1028,2007-05-18 00:10:53.358,1,"[{'lat': -8.617, 'long': 154.409, 'Time': Timestamp('2007-05-18 06:46:48'), 'mag': 5.2}, {'lat': 52.85, 'long': 160.388, 'Time': Timestamp('2007-05-18 10:51:10'), 'mag': 5.0}, {'lat': 4.111, 'long': 96.032, 'Time': Timestamp('2007-05-18 15:57:25'), 'mag': 5.2}, {'lat': 41.597, 'long': 141.991, 'Time': Timestamp('2007-05-18 15:59:58'), 'mag': 5.5}, {'lat': -7.316, 'long': 151.906, 'Time': Timestamp('2007-05-18 23:11:26'), 'mag': 5.7}]",5,13
1029,2007-05-16 08:21:49.698,0,[],0,11
1030,2007-05-24 11:38:53.545,0,[],0,19
1031,2007-05-18 14:57:22.239,1,"[{'lat': -28.757, 'long': -68.703, 'Time': Timestamp('2007-05-19 16:26:05'), 'mag': 5.0}, {'lat': -29.588, 'long': -71.12, 'Time': Timestamp('2007-05-20 12:15:45'), 'mag': 5.4}]",2,13
1032,2007-05-19 18:13:23.654,0,[],0,14
1033,2007-05-21 21:27:23.115,1,"[{'lat': 21.892, 'long': -96.359, 'Time': Timestamp('2007-05-23 19:09:15'), 'mag': 5.6}]",1,16
1034,2007-05-20 00:41:18.525,1,"[{'lat': 37.944, 'long': 135.393, 'Time': Timestamp('2007-05-20 22:19:40'), 'mag': 5.3}, {'lat': -9.29, 'long': 159.114, 'Time': Timestamp('2007-05-21 05:25:13'), 'mag': 5.0}, {'lat': 35.117, 'long': 27.808, 'Time': Timestamp('2007-05-21 16:39:08'), 'mag': 5.0}]",3,14
1035,2007-05-24 08:52:55.087,0,[],0,18
1036,2007-05-27 12:09:53.947,0,[],0,21
1037,2007-05-27 15:28:22.417,0,[],0,21
1038,2007-06-02 18:43:54.054,0,[],0,27
1039,2007-05-13 21:57:40.228,1,"[{'lat': -55.477, 'long': -127.989, 'Time': Timestamp('2007-05-15 01:14:55'), 'mag': 5.6}]",1,7
1040,2007-05-12 01:11:52.022,1,"[{'lat': 20.161, 'long': 145.351, 'Time': Timestamp('2007-05-12 02:34:17'), 'mag': 5.0}, {'lat': -7.494, 'long': 156.127, 'Time': Timestamp('2007-05-12 04:38:24'), 'mag': 5.0}, {'lat': -5.463, 'long': 146.108, 'Time': Timestamp('2007-05-12 11:31:03'), 'mag': 5.9}, {'lat': -3.458, 'long': 127.251, 'Time': Timestamp('2007-05-12 12:58:11'), 'mag': 5.3}]",4,5
1041,2007-05-12 06:06:54.212,0,[],0,5
1042,2007-05-12 09:21:50.280,0,[],0,5
1043,2007-05-19 12:41:23.349,0,[],0,12
1044,2007-05-31 15:58:52.933,1,"[{'lat': 30.783, 'long': -41.731, 'Time': Timestamp('2007-06-02 14:06:37'), 'mag': 5.3}]",1,24
1045,2007-05-15 19:14:23.456,0,[],0,8
1046,2007-05-31 00:04:53.535,1,"[{'lat': -1.136, 'long': 127.533, 'Time': Timestamp('2007-05-31 16:47:16'), 'mag': 5.0}, {'lat': 8.305, 'long': 93.864, 'Time': Timestamp('2007-05-31 23:18:05'), 'mag': 5.4}, {'lat': 54.914, 'long': 162.413, 'Time': Timestamp('2007-06-01 11:51:32'), 'mag': 5.0}, {'lat': -3.454, 'long': 148.668, 'Time': Timestamp('2007-06-01 19:22:05'), 'mag': 5.5}]",4,23
1047,2007-05-28 08:15:51.203,0,[],0,20
1048,2007-05-18 11:32:53.723,1,"[{'lat': -56.903, 'long': -24.964, 'Time': Timestamp('2007-05-19 10:38:33'), 'mag': 5.2}]",1,10
1049,2007-06-07 14:51:20.976,1,"[{'lat': 18.834, 'long': -70.315, 'Time': Timestamp('2007-06-08 13:30:46'), 'mag': 5.0}, {'lat': 9.433, 'long': -40.53, 'Time': Timestamp('2007-06-08 22:01:22'), 'mag': 5.1}, {'lat': 24.845, 'long': -45.878, 'Time': Timestamp('2007-06-09 01:31:55'), 'mag': 5.0}]",3,30
1050,2007-05-23 19:44:23.856,0,[],0,15
1051,2007-06-06 22:58:19.669,1,"[{'lat': -34.972, 'long': -111.36, 'Time': Timestamp('2007-06-08 09:52:18'), 'mag': 5.0}, {'lat': 18.834, 'long': -70.315, 'Time': Timestamp('2007-06-08 13:30:46'), 'mag': 5.0}, {'lat': 13.835, 'long': -90.766, 'Time': Timestamp('2007-06-08 13:32:00'), 'mag': 5.8}, {'lat': -16.82, 'long': 167.036, 'Time': Timestamp('2007-06-08 14:36:44'), 'mag': 5.0}, {'lat': 13.639, 'long': -90.802, 'Time': Timestamp('2007-06-08 15:08:38'), 'mag': 5.5}, {'lat': 9.433, 'long': -40.53, 'Time': Timestamp('2007-06-08 22:01:22'), 'mag': 5.1}]",6,29
1052,2007-05-25 08:44:52.385,0,[],0,16
1053,2007-06-07 13:43:23.209,1,"[{'lat': 9.433, 'long': -40.53, 'Time': Timestamp('2007-06-08 22:01:22'), 'mag': 5.1}, {'lat': 24.845, 'long': -45.878, 'Time': Timestamp('2007-06-09 01:31:55'), 'mag': 5.0}]",2,29
1054,2007-05-23 17:00:23.264,1,"[{'lat': 21.892, 'long': -96.359, 'Time': Timestamp('2007-05-23 19:09:15'), 'mag': 5.6}]",1,14
1055,2007-05-22 20:14:53.317,0,[],0,13
1056,2007-06-07 23:28:23.336,1,"[{'lat': -16.82, 'long': 167.036, 'Time': Timestamp('2007-06-08 14:36:44'), 'mag': 5.0}, {'lat': 24.845, 'long': -45.878, 'Time': Timestamp('2007-06-09 01:31:55'), 'mag': 5.0}]",2,29
1057,2007-06-05 09:15:50.516,0,[],0,26
1058,2007-06-01 12:34:53.584,1,"[{'lat': -55.359, 'long': -29.531, 'Time': Timestamp('2007-06-03 11:17:37'), 'mag': 5.1}]",1,22
1059,2007-06-05 15:52:48.069,0,[],0,26
1060,2007-06-09 19:07:49.573,0,[],0,30
1061,2007-05-26 22:21:50.497,1,"[{'lat': -35.75, 'long': -17.25, 'Time': Timestamp('2007-05-27 02:59:12'), 'mag': 5.0}, {'lat': -35.193, 'long': 78.639, 'Time': Timestamp('2007-05-27 06:26:17'), 'mag': 5.0}, {'lat': -27.507, 'long': -67.409, 'Time': Timestamp('2007-05-27 10:23:12'), 'mag': 5.2}, {'lat': -26.089, 'long': 70.899, 'Time': Timestamp('2007-05-28 07:43:56'), 'mag': 5.0}, {'lat': -42.038, 'long': 85.028, 'Time': Timestamp('2007-05-28 16:26:19'), 'mag': 5.0}]",5,16
1062,2007-05-16 01:35:52.112,1,"[{'lat': 20.503, 'long': 100.732, 'Time': Timestamp('2007-05-16 08:56:14'), 'mag': 6.3}, {'lat': 48.858, 'long': 154.768, 'Time': Timestamp('2007-05-16 10:17:45'), 'mag': 5.5}, {'lat': -6.584, 'long': 105.22, 'Time': Timestamp('2007-05-16 23:37:42'), 'mag': 5.0}, {'lat': -6.959, 'long': 155.865, 'Time': Timestamp('2007-05-16 23:58:36'), 'mag': 5.7}, {'lat': -2.745, 'long': 136.745, 'Time': Timestamp('2007-05-17 02:59:36'), 'mag': 5.5}]",5,5
1063,2007-05-28 06:31:24.726,1,"[{'lat': -26.089, 'long': 70.899, 'Time': Timestamp('2007-05-28 07:43:56'), 'mag': 5.0}]",1,17
1064,2007-06-04 09:46:51.029,0,[],0,24
1065,2007-06-05 13:05:53.985,1,"[{'lat': -60.182, 'long': -26.728, 'Time': Timestamp('2007-06-05 15:27:02'), 'mag': 5.7}]",1,25
1066,2007-05-31 16:23:54.039,0,[],0,20
1067,2007-06-03 00:29:19.266,1,"[{'lat': 13.875, 'long': 122.686, 'Time': Timestamp('2007-06-03 10:09:54'), 'mag': 5.3}, {'lat': 9.378, 'long': 93.864, 'Time': Timestamp('2007-06-04 01:22:14'), 'mag': 5.0}, {'lat': -4.402, 'long': 123.433, 'Time': Timestamp('2007-06-04 12:48:01'), 'mag': 5.0}, {'lat': 12.062, 'long': 143.81, 'Time': Timestamp('2007-06-04 19:40:02'), 'mag': 5.0}, {'lat': 12.051, 'long': 143.811, 'Time': Timestamp('2007-06-04 20:41:04'), 'mag': 5.0}, {'lat': -7.236, 'long': 155.741, 'Time': Timestamp('2007-06-04 21:09:00'), 'mag': 5.2}, {'lat': -7.184, 'long': 155.831, 'Time': Timestamp('2007-06-04 21:13:26'), 'mag': 5.0}]",7,22
1068,2007-05-21 05:23:52.895,1,"[{'lat': 2.009, 'long': 96.749, 'Time': Timestamp('2007-05-22 03:41:12'), 'mag': 5.0}]",1,9
1069,2007-05-25 08:38:52.714,0,[],0,13
1070,2007-06-02 11:57:53.359,1,"[{'lat': -55.359, 'long': -29.531, 'Time': Timestamp('2007-06-03 11:17:37'), 'mag': 5.1}, {'lat': -55.986, 'long': -27.696, 'Time': Timestamp('2007-06-04 03:06:59'), 'mag': 5.2}]",2,21
1071,2007-06-03 15:15:48.291,0,[],0,22
1072,2007-06-01 18:31:53.467,0,[],0,20
1073,2007-06-06 21:45:16.288,1,"[{'lat': -34.972, 'long': -111.36, 'Time': Timestamp('2007-06-08 09:52:18'), 'mag': 5.0}, {'lat': 18.834, 'long': -70.315, 'Time': Timestamp('2007-06-08 13:30:46'), 'mag': 5.0}, {'lat': 13.835, 'long': -90.766, 'Time': Timestamp('2007-06-08 13:32:00'), 'mag': 5.8}, {'lat': 13.639, 'long': -90.802, 'Time': Timestamp('2007-06-08 15:08:38'), 'mag': 5.5}]",4,25
1074,2007-05-20 00:59:22.434,1,"[{'lat': 37.944, 'long': 135.393, 'Time': Timestamp('2007-05-20 22:19:40'), 'mag': 5.3}, {'lat': -9.29, 'long': 159.114, 'Time': Timestamp('2007-05-21 05:25:13'), 'mag': 5.0}, {'lat': 35.117, 'long': 27.808, 'Time': Timestamp('2007-05-21 16:39:08'), 'mag': 5.0}]",3,7
1075,2007-06-05 05:54:26.064,1,"[{'lat': 42.614, 'long': 75.417, 'Time': Timestamp('2007-06-06 11:09:26'), 'mag': 5.0}]",1,23
1076,2007-05-21 09:09:19.131,1,"[{'lat': 35.117, 'long': 27.808, 'Time': Timestamp('2007-05-21 16:39:08'), 'mag': 5.0}]",1,8
1077,2007-06-05 12:28:53.760,1,"[{'lat': -60.182, 'long': -26.728, 'Time': Timestamp('2007-06-05 15:27:02'), 'mag': 5.7}]",1,23
1078,2007-06-03 15:46:50.902,0,[],0,21
1079,2007-06-10 22:15:52.113,1,"[{'lat': -3.168, 'long': -79.012, 'Time': Timestamp('2007-06-11 00:19:38'), 'mag': 5.1}, {'lat': -2.17, 'long': -77.178, 'Time': Timestamp('2007-06-11 03:57:15'), 'mag': 5.1}, {'lat': -35.687, 'long': -16.144, 'Time': Timestamp('2007-06-11 17:13:44'), 'mag': 5.5}, {'lat': -19.912, 'long': 66.333, 'Time': Timestamp('2007-06-11 20:12:42'), 'mag': 5.0}, {'lat': -19.91, 'long': 66.219, 'Time': Timestamp('2007-06-11 20:38:05'), 'mag': 5.0}, {'lat': -20.909, 'long': -177.903, 'Time': Timestamp('2007-06-11 22:30:19'), 'mag': 5.3}, {'lat': -41.306, 'long': -90.687, 'Time': Timestamp('2007-06-12 15:07:50'), 'mag': 5.1}, {'lat': -60.96, 'long': 160.793, 'Time': Timestamp('2007-06-12 21:03:38'), 'mag': 5.3}]",8,28
1080,2007-05-29 01:29:50.961,1,"[{'lat': -13.833, 'long': 166.615, 'Time': Timestamp('2007-05-29 05:48:29'), 'mag': 5.7}, {'lat': -1.065, 'long': 127.343, 'Time': Timestamp('2007-05-29 09:36:05'), 'mag': 6.1}, {'lat': -1.066, 'long': 127.419, 'Time': Timestamp('2007-05-29 09:42:58'), 'mag': 5.5}, {'lat': -1.074, 'long': 127.465, 'Time': Timestamp('2007-05-29 12:00:22'), 'mag': 5.1}, {'lat': -0.011, 'long': 122.796, 'Time': Timestamp('2007-05-29 20:12:39'), 'mag': 5.5}, {'lat': 52.137, 'long': 157.293, 'Time': Timestamp('2007-05-30 20:22:12'), 'mag': 6.4}]",6,15
1081,2007-05-24 06:25:22.693,0,[],0,10
1082,2007-05-31 09:40:51.534,0,[],0,17
1083,2007-06-07 12:59:53.162,1,"[{'lat': 9.433, 'long': -40.53, 'Time': Timestamp('2007-06-08 22:01:22'), 'mag': 5.1}]",1,24
1084,2007-05-26 16:17:22.747,1,"[{'lat': -27.507, 'long': -67.409, 'Time': Timestamp('2007-05-27 10:23:12'), 'mag': 5.2}]",1,12
1085,2007-06-05 19:32:19.374,0,[],0,22
1086,2007-06-09 22:45:50.409,1,"[{'lat': -3.168, 'long': -79.012, 'Time': Timestamp('2007-06-11 00:19:38'), 'mag': 5.1}, {'lat': -2.17, 'long': -77.178, 'Time': Timestamp('2007-06-11 03:57:15'), 'mag': 5.1}, {'lat': -35.687, 'long': -16.144, 'Time': Timestamp('2007-06-11 17:13:44'), 'mag': 5.5}, {'lat': -19.912, 'long': 66.333, 'Time': Timestamp('2007-06-11 20:12:42'), 'mag': 5.0}, {'lat': -19.91, 'long': 66.219, 'Time': Timestamp('2007-06-11 20:38:05'), 'mag': 5.0}, {'lat': -32.577, 'long': -178.144, 'Time': Timestamp('2007-06-11 22:22:26'), 'mag': 5.0}]",6,26
1087,2007-05-30 06:55:52.976,0,[],0,15
1088,2007-05-26 10:11:54.754,0,[],0,11
1089,2007-06-12 13:30:53.615,1,"[{'lat': -56.346, 'long': -27.283, 'Time': Timestamp('2007-06-14 06:58:14'), 'mag': 5.2}]",1,28
1090,2007-06-09 16:47:53.668,1,"[{'lat': -3.168, 'long': -79.012, 'Time': Timestamp('2007-06-11 00:19:38'), 'mag': 5.1}, {'lat': -2.17, 'long': -77.178, 'Time': Timestamp('2007-06-11 03:57:15'), 'mag': 5.1}]",2,25
1091,2007-06-02 20:02:53.721,0,[],0,18
1092,2007-05-26 23:16:20.862,1,"[{'lat': -20.069, 'long': -174.519, 'Time': Timestamp('2007-05-27 18:12:34'), 'mag': 5.6}, {'lat': -26.089, 'long': 70.899, 'Time': Timestamp('2007-05-28 07:43:56'), 'mag': 5.0}]",2,11
1093,2007-06-04 09:03:17.919,0,[],0,19
1094,2007-05-26 12:22:23.989,1,"[{'lat': -35.75, 'long': -17.25, 'Time': Timestamp('2007-05-27 02:59:12'), 'mag': 5.0}]",1,10
1095,2007-05-22 15:40:55.226,1,"[{'lat': 52.352, 'long': -31.814, 'Time': Timestamp('2007-05-23 04:41:46'), 'mag': 5.7}]",1,6
1096,2007-05-27 18:55:48.977,1,"[{'lat': -35.837, 'long': -102.743, 'Time': Timestamp('2007-05-29 18:15:50'), 'mag': 5.1}]",1,11
1097,2007-06-07 22:09:50.013,1,"[{'lat': -34.972, 'long': -111.36, 'Time': Timestamp('2007-06-08 09:52:18'), 'mag': 5.0}, {'lat': 18.834, 'long': -70.315, 'Time': Timestamp('2007-06-08 13:30:46'), 'mag': 5.0}, {'lat': 13.835, 'long': -90.766, 'Time': Timestamp('2007-06-08 13:32:00'), 'mag': 5.8}, {'lat': 13.639, 'long': -90.802, 'Time': Timestamp('2007-06-08 15:08:38'), 'mag': 5.5}, {'lat': 9.433, 'long': -40.53, 'Time': Timestamp('2007-06-08 22:01:22'), 'mag': 5.1}, {'lat': 24.845, 'long': -45.878, 'Time': Timestamp('2007-06-09 01:31:55'), 'mag': 5.0}]",6,22
1098,2007-05-25 01:23:50.735,1,"[{'lat': -6.608, 'long': 130.215, 'Time': Timestamp('2007-05-25 06:32:55'), 'mag': 5.1}, {'lat': -9.366, 'long': 117.779, 'Time': Timestamp('2007-05-26 06:07:23'), 'mag': 5.0}, {'lat': -8.603, 'long': 149.686, 'Time': Timestamp('2007-05-26 06:11:19'), 'mag': 5.1}, {'lat': 0.511, 'long': 67.171, 'Time': Timestamp('2007-05-26 19:13:35'), 'mag': 5.1}]",4,8
1099,2007-06-09 06:18:55.582,1,"[{'lat': 2.606, 'long': 96.04, 'Time': Timestamp('2007-06-09 14:59:50'), 'mag': 5.2}]",1,23
1100,2007-05-25 09:34:23.090,0,[],0,8
1101,2007-06-14 17:49:23.470,0,[],0,28
1102,2007-05-27 21:03:19.060,0,[],0,10
1103,2007-06-05 00:16:53.766,1,"[{'lat': -14.838, 'long': 166.785, 'Time': Timestamp('2007-06-05 09:33:42'), 'mag': 5.8}, {'lat': -14.862, 'long': 166.744, 'Time': Timestamp('2007-06-05 09:43:49'), 'mag': 5.0}, {'lat': 42.614, 'long': 75.417, 'Time': Timestamp('2007-06-06 11:09:26'), 'mag': 5.0}, {'lat': -6.722, 'long': 130.906, 'Time': Timestamp('2007-06-06 11:28:24'), 'mag': 5.8}]",4,18
1104,2007-06-07 08:28:17.806,0,[],0,20
1105,2007-06-11 11:45:23.764,1,"[{'lat': -35.687, 'long': -16.144, 'Time': Timestamp('2007-06-11 17:13:44'), 'mag': 5.5}]",1,24
1106,2007-06-07 19:56:21.443,0,[],0,20
1107,2007-05-24 23:10:21.038,1,"[{'lat': -17.887, 'long': -178.731, 'Time': Timestamp('2007-05-25 17:26:11'), 'mag': 5.4}, {'lat': -17.704, 'long': -172.918, 'Time': Timestamp('2007-05-26 02:29:24'), 'mag': 5.4}]",2,6
1108,2007-06-10 08:57:17.095,0,[],0,22
1109,2007-05-27 12:16:23.165,0,[],0,8
1110,2007-06-16 15:34:21.634,0,[],0,28
1111,2007-06-10 18:49:49.154,0,[],0,22
1112,2007-06-09 22:03:50.525,1,"[{'lat': -3.168, 'long': -79.012, 'Time': Timestamp('2007-06-11 00:19:38'), 'mag': 5.1}, {'lat': -2.17, 'long': -77.178, 'Time': Timestamp('2007-06-11 03:57:15'), 'mag': 5.1}, {'lat': -35.687, 'long': -16.144, 'Time': Timestamp('2007-06-11 17:13:44'), 'mag': 5.5}, {'lat': -19.912, 'long': 66.333, 'Time': Timestamp('2007-06-11 20:12:42'), 'mag': 5.0}, {'lat': -19.91, 'long': 66.219, 'Time': Timestamp('2007-06-11 20:38:05'), 'mag': 5.0}]",5,21
1113,2007-06-11 01:17:52.240,1,"[{'lat': -19.912, 'long': 66.333, 'Time': Timestamp('2007-06-11 20:12:42'), 'mag': 5.0}, {'lat': -19.91, 'long': 66.219, 'Time': Timestamp('2007-06-11 20:38:05'), 'mag': 5.0}, {'lat': 43.711, 'long': 148.878, 'Time': Timestamp('2007-06-12 00:55:49'), 'mag': 5.2}, {'lat': 44.246, 'long': 149.095, 'Time': Timestamp('2007-06-12 01:00:29'), 'mag': 5.1}]",4,22
1114,2007-06-09 06:12:54.430,1,"[{'lat': 2.606, 'long': 96.04, 'Time': Timestamp('2007-06-09 14:59:50'), 'mag': 5.2}]",1,20
1115,2007-05-25 09:28:24.595,0,[],0,5
1116,2007-06-19 12:47:23.567,0,[],0,30
1117,2007-05-28 22:33:53.727,1,"[{'lat': -13.833, 'long': 166.615, 'Time': Timestamp('2007-05-29 05:48:29'), 'mag': 5.7}, {'lat': -35.837, 'long': -102.743, 'Time': Timestamp('2007-05-29 18:15:50'), 'mag': 5.1}, {'lat': -59.972, 'long': -26.457, 'Time': Timestamp('2007-05-30 19:35:21'), 'mag': 5.5}]",3,8
1118,2007-06-14 01:48:20.767,1,"[{'lat': 10.383, 'long': 125.308, 'Time': Timestamp('2007-06-14 14:49:54'), 'mag': 5.5}, {'lat': -5.649, 'long': 151.563, 'Time': Timestamp('2007-06-14 17:41:04'), 'mag': 5.8}, {'lat': 1.152, 'long': 126.413, 'Time': Timestamp('2007-06-16 01:18:47'), 'mag': 5.7}]",3,24
1119,2007-06-12 06:43:26.037,0,[],0,22
1120,2007-05-30 09:59:22.340,0,[],0,9
1121,2007-05-28 13:18:23.968,0,[],0,7
1122,2007-06-10 16:35:54.022,1,"[{'lat': -3.168, 'long': -79.012, 'Time': Timestamp('2007-06-11 00:19:38'), 'mag': 5.1}, {'lat': -2.17, 'long': -77.178, 'Time': Timestamp('2007-06-11 03:57:15'), 'mag': 5.1}, {'lat': -41.306, 'long': -90.687, 'Time': Timestamp('2007-06-12 15:07:50'), 'mag': 5.1}]",3,20
1123,2007-05-31 19:50:21.619,0,[],0,10
1124,2007-05-27 23:04:18.887,1,"[{'lat': -26.089, 'long': 70.899, 'Time': Timestamp('2007-05-28 07:43:56'), 'mag': 5.0}, {'lat': -13.833, 'long': 166.615, 'Time': Timestamp('2007-05-29 05:48:29'), 'mag': 5.7}, {'lat': -18.372, 'long': -173.885, 'Time': Timestamp('2007-05-29 15:50:50'), 'mag': 5.5}]",3,6
1125,2007-06-17 02:18:54.810,1,"[{'lat': -3.55, 'long': 150.962, 'Time': Timestamp('2007-06-18 06:18:45'), 'mag': 6.3}]",1,26
1126,2007-06-02 07:14:22.904,0,[],0,11
1127,2007-06-01 10:30:24.509,0,[],0,10
1128,2007-06-02 13:49:23.369,1,"[{'lat': 30.783, 'long': -41.731, 'Time': Timestamp('2007-06-02 14:06:37'), 'mag': 5.3}, {'lat': -55.359, 'long': -29.531, 'Time': Timestamp('2007-06-03 11:17:37'), 'mag': 5.1}]",2,11
1129,2007-06-07 17:06:23.423,1,"[{'lat': -34.972, 'long': -111.36, 'Time': Timestamp('2007-06-08 09:52:18'), 'mag': 5.0}, {'lat': 18.834, 'long': -70.315, 'Time': Timestamp('2007-06-08 13:30:46'), 'mag': 5.0}, {'lat': 13.835, 'long': -90.766, 'Time': Timestamp('2007-06-08 13:32:00'), 'mag': 5.8}, {'lat': 13.639, 'long': -90.802, 'Time': Timestamp('2007-06-08 15:08:38'), 'mag': 5.5}]",4,16
1130,2007-06-06 21:57:50.478,1,"[{'lat': -34.972, 'long': -111.36, 'Time': Timestamp('2007-06-08 09:52:18'), 'mag': 5.0}, {'lat': 18.834, 'long': -70.315, 'Time': Timestamp('2007-06-08 13:30:46'), 'mag': 5.0}, {'lat': 13.835, 'long': -90.766, 'Time': Timestamp('2007-06-08 13:32:00'), 'mag': 5.8}, {'lat': 13.639, 'long': -90.802, 'Time': Timestamp('2007-06-08 15:08:38'), 'mag': 5.5}]",4,15
1131,2007-06-02 01:11:51.089,1,"[{'lat': -6.071, 'long': 147.446, 'Time': Timestamp('2007-06-02 12:33:00'), 'mag': 5.0}, {'lat': 30.783, 'long': -41.731, 'Time': Timestamp('2007-06-02 14:06:37'), 'mag': 5.3}, {'lat': 23.028, 'long': 101.052, 'Time': Timestamp('2007-06-02 21:34:57'), 'mag': 6.1}, {'lat': 13.875, 'long': 122.686, 'Time': Timestamp('2007-06-03 10:09:54'), 'mag': 5.3}]",4,10
1132,2007-06-10 06:06:54.607,1,"[{'lat': -19.912, 'long': 66.333, 'Time': Timestamp('2007-06-11 20:12:42'), 'mag': 5.0}, {'lat': -19.91, 'long': 66.219, 'Time': Timestamp('2007-06-11 20:38:05'), 'mag': 5.0}]",2,18
1133,2007-06-17 09:21:50.675,1,"[{'lat': 34.437, 'long': 50.833, 'Time': Timestamp('2007-06-18 14:29:48'), 'mag': 5.5}, {'lat': -12.466, 'long': 41.832, 'Time': Timestamp('2007-06-18 23:51:10'), 'mag': 5.0}]",2,25
1134,2007-06-06 12:41:23.812,0,[],0,14
1135,2007-06-05 15:58:53.397,0,[],0,13
1136,2007-06-15 22:27:53.972,0,[],0,23
1137,2007-06-19 01:42:21.012,1,"[{'lat': 14.277, 'long': 146.668, 'Time': Timestamp('2007-06-19 07:03:39'), 'mag': 5.0}, {'lat': -10.276, 'long': 161.341, 'Time': Timestamp('2007-06-20 03:58:45'), 'mag': 5.0}, {'lat': 35.193, 'long': 141.134, 'Time': Timestamp('2007-06-20 14:00:27'), 'mag': 5.1}]",3,26
1138,2007-06-21 06:37:25.282,1,"[{'lat': 37.296, 'long': 68.903, 'Time': Timestamp('2007-06-22 04:51:29'), 'mag': 5.3}]",1,28
1139,2007-06-20 09:52:50.257,0,[],0,27
1140,2007-06-01 13:12:23.213,1,"[{'lat': 30.783, 'long': -41.731, 'Time': Timestamp('2007-06-02 14:06:37'), 'mag': 5.3}, {'lat': -55.359, 'long': -29.531, 'Time': Timestamp('2007-06-03 11:17:37'), 'mag': 5.1}]",2,8
1141,2007-06-07 16:29:53.268,1,"[{'lat': 18.834, 'long': -70.315, 'Time': Timestamp('2007-06-08 13:30:46'), 'mag': 5.0}, {'lat': 13.835, 'long': -90.766, 'Time': Timestamp('2007-06-08 13:32:00'), 'mag': 5.8}, {'lat': 13.639, 'long': -90.802, 'Time': Timestamp('2007-06-08 15:08:38'), 'mag': 5.5}]",3,14
1142,2007-06-22 19:44:23.320,0,[],0,29
1143,2007-06-06 22:58:19.133,1,"[{'lat': -16.82, 'long': 167.036, 'Time': Timestamp('2007-06-08 14:36:44'), 'mag': 5.0}]",1,13
1144,2007-06-02 08:44:48.846,0,[],0,8
1145,2007-06-02 12:03:53.587,1,"[{'lat': -55.359, 'long': -29.531, 'Time': Timestamp('2007-06-03 11:17:37'), 'mag': 5.1}, {'lat': -55.986, 'long': -27.696, 'Time': Timestamp('2007-06-04 03:06:59'), 'mag': 5.2}]",2,8
1146,2007-06-01 15:22:16.633,1,"[{'lat': 30.783, 'long': -41.731, 'Time': Timestamp('2007-06-02 14:06:37'), 'mag': 5.3}]",1,7
1147,2007-06-13 18:37:53.695,1,"[{'lat': 13.554, 'long': -90.618, 'Time': Timestamp('2007-06-13 19:29:40'), 'mag': 6.7}, {'lat': -36.208, 'long': -100.152, 'Time': Timestamp('2007-06-14 13:37:40'), 'mag': 5.9}, {'lat': -56.802, 'long': -140.774, 'Time': Timestamp('2007-06-14 18:18:18'), 'mag': 5.1}]",3,19
1148,2007-06-01 09:15:48.142,0,[],0,6
1149,2007-06-21 12:34:53.989,0,[],0,26
1150,2007-06-08 15:52:48.474,1,"[{'lat': 24.845, 'long': -45.878, 'Time': Timestamp('2007-06-09 01:31:55'), 'mag': 5.0}]",1,13
1151,2007-06-14 19:07:48.978,0,[],0,19
1152,2007-06-08 22:21:53.149,1,"[{'lat': 24.845, 'long': -45.878, 'Time': Timestamp('2007-06-09 01:31:55'), 'mag': 5.0}]",1,13
1153,2007-06-26 01:35:51.517,1,"[{'lat': 46.451, 'long': 152.986, 'Time': Timestamp('2007-06-26 08:04:15'), 'mag': 5.0}, {'lat': 5.64, 'long': 125.158, 'Time': Timestamp('2007-06-26 20:36:52'), 'mag': 5.1}, {'lat': -10.492, 'long': 108.149, 'Time': Timestamp('2007-06-26 22:23:03'), 'mag': 6.0}]",3,30
1154,2007-06-12 06:31:24.131,0,[],0,16
1155,2007-06-09 09:46:50.434,0,[],0,13
1156,2007-06-25 13:05:53.390,0,[],0,29
1157,2007-06-25 16:23:53.445,0,[],0,29
1158,2007-06-13 19:38:23.498,1,"[{'lat': -56.802, 'long': -140.774, 'Time': Timestamp('2007-06-14 18:18:18'), 'mag': 5.1}]",1,17
1159,2007-06-08 22:52:23.405,1,"[{'lat': 24.845, 'long': -45.878, 'Time': Timestamp('2007-06-09 01:31:55'), 'mag': 5.0}]",1,12
1160,2007-06-20 07:01:57.412,1,"[{'lat': 37.296, 'long': 68.903, 'Time': Timestamp('2007-06-22 04:51:29'), 'mag': 5.3}]",1,23
1161,2007-06-04 10:17:52.164,0,[],0,7
1162,2007-06-08 13:37:23.791,1,"[{'lat': 9.433, 'long': -40.53, 'Time': Timestamp('2007-06-08 22:01:22'), 'mag': 5.1}, {'lat': 24.845, 'long': -45.878, 'Time': Timestamp('2007-06-09 01:31:55'), 'mag': 5.0}]",2,11
1163,2007-06-13 16:54:23.846,1,"[{'lat': 13.554, 'long': -90.618, 'Time': Timestamp('2007-06-13 19:29:40'), 'mag': 6.7}, {'lat': -23.027, 'long': -68.915, 'Time': Timestamp('2007-06-14 10:41:59'), 'mag': 5.5}, {'lat': -36.208, 'long': -100.152, 'Time': Timestamp('2007-06-14 13:37:40'), 'mag': 5.9}]",3,16
1164,2007-06-08 20:08:53.899,0,[],0,11
1165,2007-06-23 00:59:22.840,1,"[{'lat': -22.968, 'long': 171.645, 'Time': Timestamp('2007-06-23 01:31:45'), 'mag': 5.4}, {'lat': -22.835, 'long': 171.678, 'Time': Timestamp('2007-06-23 03:51:50'), 'mag': 5.0}, {'lat': 21.473, 'long': 99.779, 'Time': Timestamp('2007-06-23 08:17:19'), 'mag': 5.6}, {'lat': 21.552, 'long': 99.909, 'Time': Timestamp('2007-06-23 08:27:48'), 'mag': 5.4}, {'lat': -10.912, 'long': 166.162, 'Time': Timestamp('2007-06-23 10:24:25'), 'mag': 5.2}, {'lat': -12.183, 'long': 46.476, 'Time': Timestamp('2007-06-23 11:54:54'), 'mag': 5.1}, {'lat': 1.192, 'long': 97.328, 'Time': Timestamp('2007-06-23 16:47:30'), 'mag': 5.0}, {'lat': 5.423, 'long': 94.585, 'Time': Timestamp('2007-06-24 13:47:36'), 'mag': 5.0}, {'lat': 1.092, 'long': 126.974, 'Time': Timestamp('2007-06-24 14:51:04'), 'mag': 5.0}]",9,25
1166,2007-06-12 05:54:26.469,0,[],0,14
1167,2007-06-16 09:09:18.536,0,[],0,18
1168,2007-06-22 12:28:53.166,0,[],0,24
1169,2007-06-24 15:46:50.307,0,[],0,26
1170,2007-06-19 19:01:49.155,0,[],0,21
1171,2007-06-14 22:15:51.519,1,"[{'lat': -46.361, 'long': 96.177, 'Time': Timestamp('2007-06-14 22:57:14'), 'mag': 5.6}, {'lat': -58.596, 'long': -26.244, 'Time': Timestamp('2007-06-15 03:48:34'), 'mag': 5.5}, {'lat': -46.385, 'long': 95.999, 'Time': Timestamp('2007-06-15 17:29:21'), 'mag': 5.6}]",3,16
1172,2007-06-26 01:29:50.365,1,"[{'lat': 46.451, 'long': 152.986, 'Time': Timestamp('2007-06-26 08:04:15'), 'mag': 5.0}, {'lat': 5.64, 'long': 125.158, 'Time': Timestamp('2007-06-26 20:36:52'), 'mag': 5.1}, {'lat': -10.492, 'long': 108.149, 'Time': Timestamp('2007-06-26 22:23:03'), 'mag': 6.0}]",3,27
1173,2007-06-16 12:59:53.629,0,[],0,17
1174,2007-06-23 22:45:50.876,1,"[{'lat': -55.645, 'long': -2.626, 'Time': Timestamp('2007-06-24 00:25:18'), 'mag': 6.5}, {'lat': 41.1155, 'long': -124.8245, 'Time': Timestamp('2007-06-25 02:32:24'), 'mag': 5.0}, {'lat': 51.697, 'long': -173.508, 'Time': Timestamp('2007-06-25 13:18:58'), 'mag': 5.2}, {'lat': -11.23, 'long': 165.54, 'Time': Timestamp('2007-06-25 17:10:13'), 'mag': 5.0}]",4,24
1175,2007-06-25 02:00:22.592,1,"[{'lat': 6.819, 'long': 123.833, 'Time': Timestamp('2007-06-25 05:28:24'), 'mag': 5.4}, {'lat': -7.893, 'long': 119.754, 'Time': Timestamp('2007-06-25 13:33:21'), 'mag': 5.3}, {'lat': 46.451, 'long': 152.986, 'Time': Timestamp('2007-06-26 08:04:15'), 'mag': 5.0}, {'lat': 5.64, 'long': 125.158, 'Time': Timestamp('2007-06-26 20:36:52'), 'mag': 5.1}]",4,25
1176,2007-06-17 05:17:56.306,0,[],0,17
1177,2007-06-24 08:34:22.141,0,[],0,24
1178,2007-06-05 11:51:24.003,1,"[{'lat': -60.182, 'long': -26.728, 'Time': Timestamp('2007-06-05 15:27:02'), 'mag': 5.7}]",1,5
1179,2007-06-21 15:09:53.030,0,[],0,21
1180,2007-06-23 18:25:23.111,0,[],0,23
1181,2007-06-21 21:39:18.588,1,"[{'lat': 12.816, 'long': -88.829, 'Time': Timestamp('2007-06-22 05:03:49'), 'mag': 5.0}, {'lat': -12.183, 'long': 46.476, 'Time': Timestamp('2007-06-23 11:54:54'), 'mag': 5.1}, {'lat': -17.343, 'long': -176.9, 'Time': Timestamp('2007-06-23 19:14:45'), 'mag': 5.4}, {'lat': -17.031, 'long': -177.025, 'Time': Timestamp('2007-06-23 19:20:40'), 'mag': 5.4}, {'lat': -16.927, 'long': -177.073, 'Time': Timestamp('2007-06-23 19:35:24'), 'mag': 5.1}, {'lat': -16.806, 'long': -177.117, 'Time': Timestamp('2007-06-23 21:02:07'), 'mag': 5.2}]",6,21
1182,2007-06-13 00:53:20.538,1,"[{'lat': -61.5, 'long': 154.5, 'Time': Timestamp('2007-06-13 03:08:32'), 'mag': 5.0}, {'lat': 3.49, 'long': 127.936, 'Time': Timestamp('2007-06-13 17:27:42'), 'mag': 5.6}, {'lat': 10.383, 'long': 125.308, 'Time': Timestamp('2007-06-14 14:49:54'), 'mag': 5.5}, {'lat': -5.649, 'long': 151.563, 'Time': Timestamp('2007-06-14 17:41:04'), 'mag': 5.8}]",4,12
1183,2007-06-07 07:26:24.172,0,[],0,6
1184,2007-06-22 10:42:54.572,1,"[{'lat': -55.645, 'long': -2.626, 'Time': Timestamp('2007-06-24 00:25:18'), 'mag': 6.5}]",1,21
1185,2007-06-12 14:01:53.431,0,[],0,11
1186,2007-06-20 17:18:53.485,1,"[{'lat': 7.136, 'long': -72.175, 'Time': Timestamp('2007-06-20 19:04:06'), 'mag': 5.2}, {'lat': 12.816, 'long': -88.829, 'Time': Timestamp('2007-06-22 05:03:49'), 'mag': 5.0}]",2,19
1187,2007-06-29 20:32:47.635,0,[],0,28
1188,2007-06-14 23:46:53.591,1,"[{'lat': -12.063, 'long': 166.226, 'Time': Timestamp('2007-06-16 00:32:26'), 'mag': 5.0}, {'lat': -7.264, 'long': 155.506, 'Time': Timestamp('2007-06-16 04:23:57'), 'mag': 5.8}]",2,13
1189,2007-06-09 07:57:19.150,0,[],0,7
1190,2007-06-21 00:16:53.992,1,"[{'lat': 20.982, 'long': 121.48, 'Time': Timestamp('2007-06-21 04:08:17'), 'mag': 5.1}, {'lat': 46.483, 'long': 153.316, 'Time': Timestamp('2007-06-21 04:39:16'), 'mag': 5.3}, {'lat': -18.122, 'long': 168.234, 'Time': Timestamp('2007-06-21 12:40:12'), 'mag': 5.0}, {'lat': -24.629, 'long': 179.965, 'Time': Timestamp('2007-06-21 20:21:10'), 'mag': 5.0}, {'lat': 37.296, 'long': 68.903, 'Time': Timestamp('2007-06-22 04:51:29'), 'mag': 5.3}, {'lat': -11.597, 'long': 166.312, 'Time': Timestamp('2007-06-22 17:32:44'), 'mag': 5.5}, {'lat': 42.539, 'long': 142.185, 'Time': Timestamp('2007-06-22 22:20:04'), 'mag': 5.0}]",7,18
1191,2007-06-24 08:28:17.223,0,[],0,21
1192,2007-06-29 11:45:23.180,1,"[{'lat': 39.268, 'long': 20.263, 'Time': Timestamp('2007-06-29 18:09:11'), 'mag': 5.4}, {'lat': -35.52, 'long': -17.657, 'Time': Timestamp('2007-07-01 03:07:35'), 'mag': 5.0}]",2,26
1193,2007-06-15 15:03:48.111,0,[],0,12
1194,2007-06-09 21:33:22.861,1,"[{'lat': -3.168, 'long': -79.012, 'Time': Timestamp('2007-06-11 00:19:38'), 'mag': 5.1}, {'lat': -2.17, 'long': -77.178, 'Time': Timestamp('2007-06-11 03:57:15'), 'mag': 5.1}, {'lat': -35.687, 'long': -16.144, 'Time': Timestamp('2007-06-11 17:13:44'), 'mag': 5.5}, {'lat': -19.912, 'long': 66.333, 'Time': Timestamp('2007-06-11 20:12:42'), 'mag': 5.0}, {'lat': -19.91, 'long': 66.219, 'Time': Timestamp('2007-06-11 20:38:05'), 'mag': 5.0}]",5,6
1195,2007-06-29 00:47:15.392,1,"[{'lat': 14.422, 'long': 146.703, 'Time': Timestamp('2007-06-29 09:05:09'), 'mag': 5.1}, {'lat': -5.755, 'long': 145.842, 'Time': Timestamp('2007-06-29 18:07:28'), 'mag': 5.1}, {'lat': 39.268, 'long': 20.263, 'Time': Timestamp('2007-06-29 18:09:11'), 'mag': 5.4}, {'lat': 25.429, 'long': 96.581, 'Time': Timestamp('2007-06-29 23:24:00'), 'mag': 5.2}, {'lat': -5.016, 'long': 153.17, 'Time': Timestamp('2007-06-30 08:40:02'), 'mag': 5.2}]",5,25
1196,2007-06-26 07:20:23.144,0,[],0,22
1197,2007-06-13 10:36:53.421,1,"[{'lat': -58.596, 'long': -26.244, 'Time': Timestamp('2007-06-15 03:48:34'), 'mag': 5.5}]",1,9
1198,2007-06-21 13:55:53.609,0,[],0,17
1199,2007-06-15 17:12:23.662,0,[],0,11
1200,2007-06-14 20:26:50.579,0,[],0,10
1201,2007-06-12 23:40:53.768,1,"[{'lat': -61.5, 'long': 154.5, 'Time': Timestamp('2007-06-13 03:08:32'), 'mag': 5.0}, {'lat': -16.449, 'long': -174.634, 'Time': Timestamp('2007-06-14 05:29:07'), 'mag': 5.0}, {'lat': -5.649, 'long': 151.563, 'Time': Timestamp('2007-06-14 17:41:04'), 'mag': 5.8}, {'lat': -28.408, 'long': -177.372, 'Time': Timestamp('2007-06-14 19:00:01'), 'mag': 5.1}]",4,8
1202,2007-06-14 07:51:35.710,1,"[{'lat': 1.719, 'long': 30.834, 'Time': Timestamp('2007-06-15 18:49:53'), 'mag': 5.9}]",1,9
1203,2007-06-28 11:07:52.494,1,"[{'lat': 39.268, 'long': 20.263, 'Time': Timestamp('2007-06-29 18:09:11'), 'mag': 5.4}]",1,23
1204,2007-06-27 14:26:50.874,1,"[{'lat': -24.282, 'long': -66.958, 'Time': Timestamp('2007-06-28 00:12:13'), 'mag': 5.0}, {'lat': -32.004, 'long': -71.34, 'Time': Timestamp('2007-06-28 19:25:21'), 'mag': 5.7}]",2,22
1205,2007-06-25 17:42:54.063,0,[],0,20
1206,2007-06-22 20:57:17.213,0,[],0,17
1207,2007-06-18 00:10:53.169,1,"[{'lat': -3.55, 'long': 150.962, 'Time': Timestamp('2007-06-18 06:18:45'), 'mag': 6.3}, {'lat': -14.86, 'long': 166.833, 'Time': Timestamp('2007-06-18 06:28:43'), 'mag': 5.8}, {'lat': 34.437, 'long': 50.833, 'Time': Timestamp('2007-06-18 14:29:48'), 'mag': 5.5}, {'lat': -12.466, 'long': 41.832, 'Time': Timestamp('2007-06-18 23:51:10'), 'mag': 5.0}, {'lat': 14.277, 'long': 146.668, 'Time': Timestamp('2007-06-19 07:03:39'), 'mag': 5.0}]",5,12
1208,2007-06-15 08:21:48.788,1,"[{'lat': 1.719, 'long': 30.834, 'Time': Timestamp('2007-06-15 18:49:53'), 'mag': 5.9}]",1,9
1209,2007-07-04 11:38:53.416,1,"[{'lat': 38.8, 'long': 15.2, 'Time': Timestamp('2007-07-04 23:55:32'), 'mag': 5.2}, {'lat': -59.573, 'long': -26.303, 'Time': Timestamp('2007-07-05 05:47:49'), 'mag': 5.3}, {'lat': -42.603, 'long': -19.656, 'Time': Timestamp('2007-07-05 13:26:23'), 'mag': 5.3}]",3,28
1210,2007-06-20 14:57:20.781,1,"[{'lat': 7.136, 'long': -72.175, 'Time': Timestamp('2007-06-20 19:04:06'), 'mag': 5.2}, {'lat': -31.755, 'long': -71.157, 'Time': Timestamp('2007-06-21 09:54:54'), 'mag': 5.1}]",2,14
1211,2007-07-04 18:13:23.525,1,"[{'lat': 16.35, 'long': -93.99, 'Time': Timestamp('2007-07-06 01:09:19'), 'mag': 6.1}]",1,28
1212,2007-06-18 21:27:23.098,1,"[{'lat': -12.466, 'long': 41.832, 'Time': Timestamp('2007-06-18 23:51:10'), 'mag': 5.0}, {'lat': -14.826, 'long': -174.501, 'Time': Timestamp('2007-06-19 20:36:31'), 'mag': 5.1}, {'lat': -15.012, 'long': -174.288, 'Time': Timestamp('2007-06-19 20:37:07'), 'mag': 5.0}, {'lat': 7.136, 'long': -72.175, 'Time': Timestamp('2007-06-20 19:04:06'), 'mag': 5.2}]",4,12
1213,2007-06-19 00:41:18.396,1,"[{'lat': 14.277, 'long': 146.668, 'Time': Timestamp('2007-06-19 07:03:39'), 'mag': 5.0}, {'lat': -10.276, 'long': 161.341, 'Time': Timestamp('2007-06-20 03:58:45'), 'mag': 5.0}, {'lat': 35.193, 'long': 141.134, 'Time': Timestamp('2007-06-20 14:00:27'), 'mag': 5.1}]",3,12
1214,2007-07-01 08:52:51.956,0,[],0,24
1215,2007-06-29 12:09:53.818,1,"[{'lat': -35.52, 'long': -17.657, 'Time': Timestamp('2007-07-01 03:07:35'), 'mag': 5.0}]",1,22
1216,2007-07-04 15:28:22.287,0,[],0,27
1217,2007-06-26 18:43:53.925,0,[],0,19
1218,2007-06-22 21:57:50.954,1,"[{'lat': -12.183, 'long': 46.476, 'Time': Timestamp('2007-06-23 11:54:54'), 'mag': 5.1}, {'lat': -17.343, 'long': -176.9, 'Time': Timestamp('2007-06-23 19:14:45'), 'mag': 5.4}, {'lat': -17.031, 'long': -177.025, 'Time': Timestamp('2007-06-23 19:20:40'), 'mag': 5.4}, {'lat': -16.927, 'long': -177.073, 'Time': Timestamp('2007-06-23 19:35:24'), 'mag': 5.1}, {'lat': -16.806, 'long': -177.117, 'Time': Timestamp('2007-06-23 21:02:07'), 'mag': 5.2}, {'lat': -16.917, 'long': -177.069, 'Time': Timestamp('2007-06-23 21:52:03'), 'mag': 5.6}, {'lat': -55.645, 'long': -2.626, 'Time': Timestamp('2007-06-24 00:25:18'), 'mag': 6.5}, {'lat': -17.091, 'long': -177.164, 'Time': Timestamp('2007-06-24 10:15:22'), 'mag': 5.4}]",8,15
1219,2007-06-14 01:11:51.617,1,"[{'lat': 10.383, 'long': 125.308, 'Time': Timestamp('2007-06-14 14:49:54'), 'mag': 5.5}, {'lat': -5.649, 'long': 151.563, 'Time': Timestamp('2007-06-14 17:41:04'), 'mag': 5.8}, {'lat': 1.719, 'long': 30.834, 'Time': Timestamp('2007-06-15 18:49:53'), 'mag': 5.9}, {'lat': -12.063, 'long': 166.226, 'Time': Timestamp('2007-06-16 00:32:26'), 'mag': 5.0}]",4,6
1220,2007-07-03 06:06:54.083,1,"[{'lat': 55.474, 'long': 110.3, 'Time': Timestamp('2007-07-04 01:23:24'), 'mag': 5.4}]",1,25
1221,2007-07-06 09:21:50.151,0,[],0,28
1222,2007-06-19 12:41:23.219,0,[],0,11
1223,2007-06-26 15:58:52.805,1,"[{'lat': -24.282, 'long': -66.958, 'Time': Timestamp('2007-06-28 00:12:13'), 'mag': 5.0}, {'lat': -15.679, 'long': -74.893, 'Time': Timestamp('2007-06-28 08:44:46'), 'mag': 5.8}, {'lat': -15.698, 'long': -74.903, 'Time': Timestamp('2007-06-28 12:39:15'), 'mag': 5.2}, {'lat': -15.646, 'long': -74.789, 'Time': Timestamp('2007-06-28 12:41:45'), 'mag': 5.0}]",4,18
1224,2007-06-20 19:14:23.326,0,[],0,12
1225,2007-06-28 22:27:53.379,1,"[{'lat': -15.772, 'long': -74.928, 'Time': Timestamp('2007-06-29 02:02:17'), 'mag': 5.6}]",1,20
1226,2007-07-07 01:42:20.419,1,"[{'lat': 6.147, 'long': 125.391, 'Time': Timestamp('2007-07-07 20:12:02'), 'mag': 5.1}, {'lat': 6.117, 'long': 126.537, 'Time': Timestamp('2007-07-07 23:10:08'), 'mag': 5.0}, {'lat': 0.337, 'long': 124.61, 'Time': Timestamp('2007-07-08 00:26:37'), 'mag': 5.0}, {'lat': 46.836, 'long': 155.478, 'Time': Timestamp('2007-07-08 18:54:00'), 'mag': 5.3}]",4,28
1227,2007-06-17 04:59:31.210,0,[],0,8
1228,2007-07-05 13:12:23.620,1,"[{'lat': -42.603, 'long': -19.656, 'Time': Timestamp('2007-07-05 13:26:23'), 'mag': 5.3}]",1,26
1229,2007-07-02 16:29:53.674,0,[],0,23
1230,2007-06-23 19:44:23.727,1,"[{'lat': 41.1155, 'long': -124.8245, 'Time': Timestamp('2007-06-25 02:32:24'), 'mag': 5.0}]",1,14
1231,2007-07-07 22:58:19.540,1,"[{'lat': -15.209, 'long': 170.82, 'Time': Timestamp('2007-07-07 23:09:06'), 'mag': 5.0}, {'lat': -26.257, 'long': -178.087, 'Time': Timestamp('2007-07-09 06:50:46'), 'mag': 5.6}]",2,28
1232,2007-07-04 08:44:49.253,0,[],0,24
1233,2007-07-04 12:03:53.995,1,"[{'lat': 38.8, 'long': 15.2, 'Time': Timestamp('2007-07-04 23:55:32'), 'mag': 5.2}, {'lat': -59.573, 'long': -26.303, 'Time': Timestamp('2007-07-05 05:47:49'), 'mag': 5.3}, {'lat': -42.603, 'long': -19.656, 'Time': Timestamp('2007-07-05 13:26:23'), 'mag': 5.3}]",3,24
1234,2007-06-27 15:22:15.377,1,"[{'lat': -24.282, 'long': -66.958, 'Time': Timestamp('2007-06-28 00:12:13'), 'mag': 5.0}, {'lat': -15.679, 'long': -74.893, 'Time': Timestamp('2007-06-28 08:44:46'), 'mag': 5.8}, {'lat': -15.698, 'long': -74.903, 'Time': Timestamp('2007-06-28 12:39:15'), 'mag': 5.2}, {'lat': -15.646, 'long': -74.789, 'Time': Timestamp('2007-06-28 12:41:45'), 'mag': 5.0}, {'lat': -32.004, 'long': -71.34, 'Time': Timestamp('2007-06-28 19:25:21'), 'mag': 5.7}, {'lat': -15.772, 'long': -74.928, 'Time': Timestamp('2007-06-29 02:02:17'), 'mag': 5.6}]",6,17
1235,2007-06-28 21:51:50.131,1,"[{'lat': -15.772, 'long': -74.928, 'Time': Timestamp('2007-06-29 02:02:17'), 'mag': 5.6}]",1,18
1236,2007-06-22 01:05:50.741,1,"[{'lat': 37.296, 'long': 68.903, 'Time': Timestamp('2007-06-22 04:51:29'), 'mag': 5.3}, {'lat': -11.597, 'long': 166.312, 'Time': Timestamp('2007-06-22 17:32:44'), 'mag': 5.5}, {'lat': 42.539, 'long': 142.185, 'Time': Timestamp('2007-06-22 22:20:04'), 'mag': 5.0}, {'lat': -22.968, 'long': 171.645, 'Time': Timestamp('2007-06-23 01:31:45'), 'mag': 5.4}, {'lat': -22.835, 'long': 171.678, 'Time': Timestamp('2007-06-23 03:51:50'), 'mag': 5.0}, {'lat': 21.473, 'long': 99.779, 'Time': Timestamp('2007-06-23 08:17:19'), 'mag': 5.6}, {'lat': 21.552, 'long': 99.909, 'Time': Timestamp('2007-06-23 08:27:48'), 'mag': 5.4}, {'lat': -10.912, 'long': 166.162, 'Time': Timestamp('2007-06-23 10:24:25'), 'mag': 5.2}, {'lat': -12.183, 'long': 46.476, 'Time': Timestamp('2007-06-23 11:54:54'), 'mag': 5.1}, {'lat': 1.192, 'long': 97.328, 'Time': Timestamp('2007-06-23 16:47:30'), 'mag': 5.0}]",10,11
1237,2007-06-19 06:00:25.699,0,[],0,8
1238,2007-06-19 09:15:47.550,0,[],0,8
1239,2007-06-21 12:34:53.396,0,[],0,10
1240,2007-07-06 06:31:20.442,0,[],0,24
1241,2007-07-02 09:46:50.841,0,[],0,20
1242,2007-07-01 13:05:53.797,1,"[{'lat': -55.314, 'long': -28.066, 'Time': Timestamp('2007-07-01 23:45:28'), 'mag': 5.2}, {'lat': 0.715, 'long': -30.272, 'Time': Timestamp('2007-07-03 08:26:00'), 'mag': 6.3}]",2,19
1243,2007-07-09 16:23:48.506,1,"[{'lat': -32.675, 'long': -70.28, 'Time': Timestamp('2007-07-11 15:12:22'), 'mag': 5.1}]",1,27
1244,2007-07-04 19:38:23.905,0,[],0,22
1245,2007-06-22 22:52:23.813,1,"[{'lat': -22.834, 'long': 171.706, 'Time': Timestamp('2007-06-23 00:31:35'), 'mag': 5.0}, {'lat': -22.968, 'long': 171.645, 'Time': Timestamp('2007-06-23 01:31:45'), 'mag': 5.4}, {'lat': -22.835, 'long': 171.678, 'Time': Timestamp('2007-06-23 03:51:50'), 'mag': 5.0}, {'lat': -10.912, 'long': 166.162, 'Time': Timestamp('2007-06-23 10:24:25'), 'mag': 5.2}, {'lat': -55.645, 'long': -2.626, 'Time': Timestamp('2007-06-24 00:25:18'), 'mag': 6.5}]",5,10
1246,2007-07-08 07:01:52.723,0,[],0,25
1247,2007-07-10 10:17:51.643,1,"[{'lat': 38.751, 'long': 48.598, 'Time': Timestamp('2007-07-11 06:51:14'), 'mag': 5.2}]",1,27
1248,2007-06-23 13:37:23.272,0,[],0,10
1249,2007-07-13 23:22:23.286,1,"[{'lat': -15.383, 'long': 168.597, 'Time': Timestamp('2007-07-15 09:27:34'), 'mag': 6.1}, {'lat': 52.491, 'long': -168.035, 'Time': Timestamp('2007-07-15 13:08:01'), 'mag': 6.1}, {'lat': 52.362, 'long': -168.008, 'Time': Timestamp('2007-07-15 13:26:15'), 'mag': 5.9}, {'lat': 52.491, 'long': -167.95, 'Time': Timestamp('2007-07-15 14:09:18'), 'mag': 5.1}, {'lat': 56.074, 'long': -161.815, 'Time': Timestamp('2007-07-15 17:01:48'), 'mag': 5.0}, {'lat': 52.43, 'long': -167.976, 'Time': Timestamp('2007-07-15 17:27:28'), 'mag': 5.0}, {'lat': -6.88, 'long': 155.793, 'Time': Timestamp('2007-07-15 17:58:06'), 'mag': 5.4}]",7,30
1250,2007-07-04 07:32:53.085,0,[],0,20
1251,2007-07-04 10:48:52.044,1,"[{'lat': 38.8, 'long': 15.2, 'Time': Timestamp('2007-07-04 23:55:32'), 'mag': 5.2}, {'lat': -59.573, 'long': -26.303, 'Time': Timestamp('2007-07-05 05:47:49'), 'mag': 5.3}, {'lat': -42.603, 'long': -19.656, 'Time': Timestamp('2007-07-05 13:26:23'), 'mag': 5.3}]",3,20
1252,2007-06-29 14:08:23.673,0,[],0,15
1253,2007-07-12 17:24:53.726,1,"[{'lat': -55.604, 'long': -128.519, 'Time': Timestamp('2007-07-13 16:33:35'), 'mag': 5.7}, {'lat': -35.027, 'long': -107.993, 'Time': Timestamp('2007-07-13 19:46:26'), 'mag': 5.1}]",2,28
1254,2007-06-29 20:38:47.876,0,[],0,15
1255,2007-07-13 23:52:53.832,1,"[{'lat': 52.491, 'long': -168.035, 'Time': Timestamp('2007-07-15 13:08:01'), 'mag': 6.1}, {'lat': 52.362, 'long': -168.008, 'Time': Timestamp('2007-07-15 13:26:15'), 'mag': 5.9}, {'lat': 52.491, 'long': -167.95, 'Time': Timestamp('2007-07-15 14:09:18'), 'mag': 5.1}, {'lat': 56.074, 'long': -161.815, 'Time': Timestamp('2007-07-15 17:01:48'), 'mag': 5.0}, {'lat': 52.43, 'long': -167.976, 'Time': Timestamp('2007-07-15 17:27:28'), 'mag': 5.0}, {'lat': -6.88, 'long': 155.793, 'Time': Timestamp('2007-07-15 17:58:06'), 'mag': 5.4}]",6,29
1256,2007-06-25 08:03:19.391,0,[],0,10
1257,2007-06-29 11:20:21.341,1,"[{'lat': 39.268, 'long': 20.263, 'Time': Timestamp('2007-06-29 18:09:11'), 'mag': 5.4}, {'lat': -35.52, 'long': -17.657, 'Time': Timestamp('2007-07-01 03:07:35'), 'mag': 5.0}]",2,14
1258,2007-07-15 14:38:57.025,0,[],0,30
1259,2007-07-06 17:55:23.127,1,"[{'lat': -26.693, 'long': -114.543, 'Time': Timestamp('2007-07-07 15:02:46'), 'mag': 5.2}]",1,21
1260,2007-07-09 13:30:53.448,1,"[{'lat': -56.245, 'long': -26.938, 'Time': Timestamp('2007-07-11 09:42:25'), 'mag': 5.0}]",1,23
1261,2007-06-27 16:48:23.502,1,"[{'lat': -24.282, 'long': -66.958, 'Time': Timestamp('2007-06-28 00:12:13'), 'mag': 5.0}, {'lat': -15.679, 'long': -74.893, 'Time': Timestamp('2007-06-28 08:44:46'), 'mag': 5.8}, {'lat': -15.698, 'long': -74.903, 'Time': Timestamp('2007-06-28 12:39:15'), 'mag': 5.2}, {'lat': -15.646, 'long': -74.789, 'Time': Timestamp('2007-06-28 12:41:45'), 'mag': 5.0}, {'lat': -32.004, 'long': -71.34, 'Time': Timestamp('2007-06-28 19:25:21'), 'mag': 5.7}, {'lat': -15.772, 'long': -74.928, 'Time': Timestamp('2007-06-29 02:02:17'), 'mag': 5.6}]",6,11
1262,2007-06-27 20:02:53.555,0,[],0,11
1263,2007-07-08 23:16:20.695,1,"[{'lat': -26.257, 'long': -178.087, 'Time': Timestamp('2007-07-09 06:50:46'), 'mag': 5.6}, {'lat': -13.535, 'long': 167.143, 'Time': Timestamp('2007-07-10 18:40:13'), 'mag': 5.0}]",2,22
1264,2007-07-14 07:26:53.262,1,"[{'lat': -2.933, 'long': 36.241, 'Time': Timestamp('2007-07-15 11:24:21'), 'mag': 5.3}, {'lat': -2.88, 'long': 36.161, 'Time': Timestamp('2007-07-15 20:42:11'), 'mag': 5.4}]",2,27
1265,2007-07-04 10:42:54.990,1,"[{'lat': 38.8, 'long': 15.2, 'Time': Timestamp('2007-07-04 23:55:32'), 'mag': 5.2}, {'lat': -59.573, 'long': -26.303, 'Time': Timestamp('2007-07-05 05:47:49'), 'mag': 5.3}, {'lat': -42.603, 'long': -19.656, 'Time': Timestamp('2007-07-05 13:26:23'), 'mag': 5.3}]",3,17
1266,2007-07-12 14:01:53.849,0,[],0,25
1267,2007-06-26 23:46:54.009,1,"[{'lat': -7.979, 'long': 154.635, 'Time': Timestamp('2007-06-28 02:52:10'), 'mag': 6.7}, {'lat': -22.299, 'long': 171.544, 'Time': Timestamp('2007-06-28 18:50:03'), 'mag': 5.5}]",2,9
1268,2007-07-10 07:57:18.567,1,"[{'lat': 38.751, 'long': 48.598, 'Time': Timestamp('2007-07-11 06:51:14'), 'mag': 5.2}]",1,22
1269,2007-07-07 22:39:53.239,1,"[{'lat': -15.172, 'long': -75.094, 'Time': Timestamp('2007-07-07 22:44:27'), 'mag': 5.0}, {'lat': -15.209, 'long': 170.82, 'Time': Timestamp('2007-07-07 23:09:06'), 'mag': 5.0}, {'lat': -59.131, 'long': -26.228, 'Time': Timestamp('2007-07-08 07:28:39'), 'mag': 5.1}]",3,19
1270,2007-07-18 15:03:48.530,0,[],0,29
1271,2007-07-09 18:19:53.705,0,[],0,20
1272,2007-07-14 21:33:23.279,1,"[{'lat': -2.933, 'long': 36.241, 'Time': Timestamp('2007-07-15 11:24:21'), 'mag': 5.3}, {'lat': -59.987, 'long': -26.104, 'Time': Timestamp('2007-07-15 12:09:48'), 'mag': 5.2}, {'lat': 56.074, 'long': -161.815, 'Time': Timestamp('2007-07-15 17:01:48'), 'mag': 5.0}, {'lat': -2.88, 'long': 36.161, 'Time': Timestamp('2007-07-15 20:42:11'), 'mag': 5.4}, {'lat': 1.202, 'long': -90.763, 'Time': Timestamp('2007-07-16 04:53:28'), 'mag': 5.2}, {'lat': 1.238, 'long': -90.695, 'Time': Timestamp('2007-07-16 05:08:22'), 'mag': 5.3}]",6,25
1273,2007-07-04 00:47:15.809,1,"[{'lat': 55.474, 'long': 110.3, 'Time': Timestamp('2007-07-04 01:23:24'), 'mag': 5.4}, {'lat': 32.08, 'long': 55.9, 'Time': Timestamp('2007-07-04 06:11:07'), 'mag': 5.0}, {'lat': 38.8, 'long': 15.2, 'Time': Timestamp('2007-07-04 23:55:32'), 'mag': 5.2}]",3,14
1274,2007-06-30 07:20:27.658,0,[],0,10
1275,2007-06-28 10:36:53.914,1,"[{'lat': 39.268, 'long': 20.263, 'Time': Timestamp('2007-06-29 18:09:11'), 'mag': 5.4}]",1,8
1276,2007-07-20 13:55:53.102,1,"[{'lat': -22.151, 'long': -65.777, 'Time': Timestamp('2007-07-21 15:34:52'), 'mag': 6.4}]",1,30
1277,2007-07-07 23:40:53.262,1,"[{'lat': -26.257, 'long': -178.087, 'Time': Timestamp('2007-07-09 06:50:46'), 'mag': 5.6}]",1,17
1278,2007-07-18 07:51:18.820,1,"[{'lat': -2.774, 'long': 36.094, 'Time': Timestamp('2007-07-18 17:25:52'), 'mag': 5.2}]",1,27
1279,2007-07-05 11:07:51.987,1,"[{'lat': -42.603, 'long': -19.656, 'Time': Timestamp('2007-07-05 13:26:23'), 'mag': 5.3}]",1,14
1280,2007-06-29 14:26:46.272,0,[],0,8
1281,2007-07-07 17:42:53.557,1,"[{'lat': -15.172, 'long': -75.094, 'Time': Timestamp('2007-07-07 22:44:27'), 'mag': 5.0}]",1,16
1282,2007-07-19 09:59:22.250,1,"[{'lat': -52.563, 'long': 25.986, 'Time': Timestamp('2007-07-20 20:00:07'), 'mag': 5.4}]",1,27
1283,2007-07-10 13:18:53.878,1,"[{'lat': -56.245, 'long': -26.938, 'Time': Timestamp('2007-07-11 09:42:25'), 'mag': 5.0}]",1,18
1284,2007-07-19 16:35:53.932,1,"[{'lat': -8.133, 'long': -71.272, 'Time': Timestamp('2007-07-21 13:27:04'), 'mag': 6.1}, {'lat': -22.151, 'long': -65.777, 'Time': Timestamp('2007-07-21 15:34:52'), 'mag': 6.4}]",2,27
1285,2007-07-01 19:50:54.297,0,[],0,9
1286,2007-07-17 00:41:21.386,1,"[{'lat': -7.346, 'long': 103.222, 'Time': Timestamp('2007-07-17 13:15:00'), 'mag': 5.0}, {'lat': -2.734, 'long': 36.362, 'Time': Timestamp('2007-07-17 14:10:42'), 'mag': 5.9}, {'lat': -2.782, 'long': 36.19, 'Time': Timestamp('2007-07-17 18:27:51'), 'mag': 5.3}, {'lat': 45.264, 'long': 153.183, 'Time': Timestamp('2007-07-18 01:21:58'), 'mag': 5.1}, {'lat': 6.465, 'long': 84.395, 'Time': Timestamp('2007-07-18 04:27:24'), 'mag': 5.2}, {'lat': -7.07, 'long': 155.971, 'Time': Timestamp('2007-07-18 12:11:27'), 'mag': 5.0}, {'lat': -2.774, 'long': 36.094, 'Time': Timestamp('2007-07-18 17:25:52'), 'mag': 5.2}, {'lat': 30.737, 'long': 138.288, 'Time': Timestamp('2007-07-18 18:01:23'), 'mag': 5.3}, {'lat': -5.954, 'long': 104.537, 'Time': Timestamp('2007-07-18 19:37:31'), 'mag': 5.1}]",9,24
1287,2007-06-30 07:14:24.142,0,[],0,7
1288,2007-07-02 10:30:24.419,0,[],0,9
1289,2007-07-08 13:49:53.279,0,[],0,15
1290,2007-07-20 17:06:23.333,1,"[{'lat': -8.133, 'long': -71.272, 'Time': Timestamp('2007-07-21 13:27:04'), 'mag': 6.1}, {'lat': -1.591, 'long': -78.027, 'Time': Timestamp('2007-07-21 18:58:13'), 'mag': 5.2}]",2,27
1291,2007-07-14 07:45:23.093,1,"[{'lat': -2.933, 'long': 36.241, 'Time': Timestamp('2007-07-15 11:24:21'), 'mag': 5.3}, {'lat': -2.88, 'long': 36.161, 'Time': Timestamp('2007-07-15 20:42:11'), 'mag': 5.4}]",2,20
1292,2007-07-09 11:01:50.724,1,"[{'lat': -56.245, 'long': -26.938, 'Time': Timestamp('2007-07-11 09:42:25'), 'mag': 5.0}]",1,15
1293,2007-07-12 14:20:52.430,1,"[{'lat': -30.838, 'long': -71.361, 'Time': Timestamp('2007-07-12 20:47:37'), 'mag': 5.0}]",1,18
1294,2007-07-17 00:05:23.839,1,"[{'lat': -49.829, 'long': 117.802, 'Time': Timestamp('2007-07-17 00:06:00'), 'mag': 5.2}, {'lat': -7.346, 'long': 103.222, 'Time': Timestamp('2007-07-17 13:15:00'), 'mag': 5.0}, {'lat': -2.734, 'long': 36.362, 'Time': Timestamp('2007-07-17 14:10:42'), 'mag': 5.9}, {'lat': -2.782, 'long': 36.19, 'Time': Timestamp('2007-07-17 18:27:51'), 'mag': 5.3}, {'lat': 45.264, 'long': 153.183, 'Time': Timestamp('2007-07-18 01:21:58'), 'mag': 5.1}, {'lat': 6.465, 'long': 84.395, 'Time': Timestamp('2007-07-18 04:27:24'), 'mag': 5.2}, {'lat': -7.07, 'long': 155.971, 'Time': Timestamp('2007-07-18 12:11:27'), 'mag': 5.0}, {'lat': -2.774, 'long': 36.094, 'Time': Timestamp('2007-07-18 17:25:52'), 'mag': 5.2}, {'lat': 30.737, 'long': 138.288, 'Time': Timestamp('2007-07-18 18:01:23'), 'mag': 5.3}, {'lat': -5.954, 'long': 104.537, 'Time': Timestamp('2007-07-18 19:37:31'), 'mag': 5.1}]",10,22
1295,2007-07-02 08:14:15.190,1,"[{'lat': 32.08, 'long': 55.9, 'Time': Timestamp('2007-07-04 06:11:07'), 'mag': 5.0}]",1,7
1296,2007-07-15 11:32:54.027,1,"[{'lat': -59.987, 'long': -26.104, 'Time': Timestamp('2007-07-15 12:09:48'), 'mag': 5.2}]",1,20
1297,2007-07-18 14:51:48.952,0,[],0,23
1298,2007-07-13 19:44:53.161,0,[],0,18
1299,2007-07-09 22:58:20.302,1,"[{'lat': -13.535, 'long': 167.143, 'Time': Timestamp('2007-07-10 18:40:13'), 'mag': 5.0}, {'lat': -56.245, 'long': -26.938, 'Time': Timestamp('2007-07-11 09:42:25'), 'mag': 5.0}, {'lat': -32.675, 'long': -70.28, 'Time': Timestamp('2007-07-11 15:12:22'), 'mag': 5.1}]",3,14
1300,2007-07-04 02:12:54.897,0,[],0,8
1301,2007-07-19 05:30:25.732,1,"[{'lat': 42.913, 'long': 82.378, 'Time': Timestamp('2007-07-20 10:06:52'), 'mag': 5.6}]",1,23
1302,2007-07-18 08:46:51.567,1,"[{'lat': -2.774, 'long': 36.094, 'Time': Timestamp('2007-07-18 17:25:52'), 'mag': 5.2}]",1,22
1303,2007-07-14 12:04:23.429,1,"[{'lat': -59.987, 'long': -26.104, 'Time': Timestamp('2007-07-15 12:09:48'), 'mag': 5.2}]",1,18
1304,2007-07-19 15:22:18.907,1,"[{'lat': -8.133, 'long': -71.272, 'Time': Timestamp('2007-07-21 13:27:04'), 'mag': 6.1}]",1,23
1305,2007-07-08 18:37:53.536,0,[],0,12
1306,2007-07-05 07:39:23.270,0,[],0,8
1307,2007-07-06 10:55:22.306,1,"[{'lat': -59.131, 'long': -26.228, 'Time': Timestamp('2007-07-08 07:28:39'), 'mag': 5.1}]",1,9
1308,2007-07-15 14:14:53.934,0,[],0,18
1309,2007-07-04 23:59:23.094,0,[],0,7
1310,2007-07-14 08:09:48.652,1,"[{'lat': -2.933, 'long': 36.241, 'Time': Timestamp('2007-07-15 11:24:21'), 'mag': 5.3}, {'lat': -2.88, 'long': 36.161, 'Time': Timestamp('2007-07-15 20:42:11'), 'mag': 5.4}]",2,16
1311,2007-07-09 11:26:53.147,1,"[{'lat': -56.245, 'long': -26.938, 'Time': Timestamp('2007-07-11 09:42:25'), 'mag': 5.0}]",1,11
1312,2007-07-10 14:45:24.518,1,"[{'lat': -32.675, 'long': -70.28, 'Time': Timestamp('2007-07-11 15:12:22'), 'mag': 5.1}, {'lat': -7.933, 'long': -74.379, 'Time': Timestamp('2007-07-12 05:23:49'), 'mag': 6.1}]",2,12
1313,2007-07-12 18:01:23.389,1,"[{'lat': -55.604, 'long': -128.519, 'Time': Timestamp('2007-07-13 16:33:35'), 'mag': 5.7}, {'lat': -35.027, 'long': -107.993, 'Time': Timestamp('2007-07-13 19:46:26'), 'mag': 5.1}]",2,14
1314,2007-07-13 21:15:55.730,0,[],0,15
1315,2007-07-17 00:29:20.916,1,"[{'lat': -7.346, 'long': 103.222, 'Time': Timestamp('2007-07-17 13:15:00'), 'mag': 5.0}, {'lat': -2.734, 'long': 36.362, 'Time': Timestamp('2007-07-17 14:10:42'), 'mag': 5.9}, {'lat': -2.782, 'long': 36.19, 'Time': Timestamp('2007-07-17 18:27:51'), 'mag': 5.3}, {'lat': 45.264, 'long': 153.183, 'Time': Timestamp('2007-07-18 01:21:58'), 'mag': 5.1}, {'lat': 6.465, 'long': 84.395, 'Time': Timestamp('2007-07-18 04:27:24'), 'mag': 5.2}, {'lat': -7.07, 'long': 155.971, 'Time': Timestamp('2007-07-18 12:11:27'), 'mag': 5.0}, {'lat': -2.774, 'long': 36.094, 'Time': Timestamp('2007-07-18 17:25:52'), 'mag': 5.2}, {'lat': 30.737, 'long': 138.288, 'Time': Timestamp('2007-07-18 18:01:23'), 'mag': 5.3}, {'lat': -5.954, 'long': 104.537, 'Time': Timestamp('2007-07-18 19:37:31'), 'mag': 5.1}]",9,18
1316,2007-07-23 03:46:24.408,1,"[{'lat': 23.666, 'long': 121.629, 'Time': Timestamp('2007-07-23 13:40:02'), 'mag': 5.2}, {'lat': 2.265, 'long': 98.001, 'Time': Timestamp('2007-07-24 14:51:31'), 'mag': 5.3}]",2,24
1317,2007-07-17 07:02:23.234,1,"[{'lat': 6.465, 'long': 84.395, 'Time': Timestamp('2007-07-18 04:27:24'), 'mag': 5.2}]",1,18
1318,2007-07-11 10:18:24.849,0,[],0,12
1319,2007-07-24 13:37:23.710,1,"[{'lat': 44.8, 'long': -28.192, 'Time': Timestamp('2007-07-25 19:38:26'), 'mag': 5.1}]",1,25
1320,2007-07-24 16:54:23.763,0,[],0,25
1321,2007-07-08 21:45:49.378,1,"[{'lat': -26.257, 'long': -178.087, 'Time': Timestamp('2007-07-09 06:50:46'), 'mag': 5.6}]",1,9
1322,2007-07-09 00:59:52.758,1,"[{'lat': 18.203, 'long': 119.447, 'Time': Timestamp('2007-07-09 14:05:36'), 'mag': 5.2}, {'lat': 3.325, 'long': 94.254, 'Time': Timestamp('2007-07-10 18:28:29'), 'mag': 5.0}, {'lat': -13.535, 'long': 167.143, 'Time': Timestamp('2007-07-10 18:40:13'), 'mag': 5.0}]",3,9
1323,2007-07-16 05:54:56.387,1,"[{'lat': 6.465, 'long': 84.395, 'Time': Timestamp('2007-07-18 04:27:24'), 'mag': 5.2}]",1,16
1324,2007-07-18 09:09:48.125,1,"[{'lat': -2.774, 'long': 36.094, 'Time': Timestamp('2007-07-18 17:25:52'), 'mag': 5.2}]",1,18
1325,2007-07-13 12:29:23.084,1,"[{'lat': -59.987, 'long': -26.104, 'Time': Timestamp('2007-07-15 12:09:48'), 'mag': 5.2}]",1,13
1326,2007-07-05 15:47:20.002,0,[],0,5
1327,2007-07-27 19:02:17.745,1,"[{'lat': 18.052, 'long': -100.843, 'Time': Timestamp('2007-07-28 13:45:24'), 'mag': 5.1}, {'lat': -26.586, 'long': -114.765, 'Time': Timestamp('2007-07-28 15:23:19'), 'mag': 5.3}, {'lat': 19.722, 'long': -109.195, 'Time': Timestamp('2007-07-28 19:11:17'), 'mag': 5.3}]",3,27
1328,2007-07-30 22:16:21.436,1,"[{'lat': -17.374, 'long': -178.948, 'Time': Timestamp('2007-07-30 23:37:51'), 'mag': 5.1}, {'lat': -56.058, 'long': -27.733, 'Time': Timestamp('2007-07-31 02:42:48'), 'mag': 5.6}, {'lat': -0.162, 'long': -17.795, 'Time': Timestamp('2007-07-31 22:55:31'), 'mag': 6.2}]",3,30
1329,2007-07-29 01:30:18.955,1,"[{'lat': 20.036, 'long': 146.145, 'Time': Timestamp('2007-07-29 02:43:38'), 'mag': 5.0}, {'lat': 53.641, 'long': 169.702, 'Time': Timestamp('2007-07-29 04:54:36'), 'mag': 5.9}, {'lat': 19.311, 'long': 95.611, 'Time': Timestamp('2007-07-30 22:42:05'), 'mag': 5.6}]",3,28
1330,2007-07-10 06:25:17.362,1,"[{'lat': 3.325, 'long': 94.254, 'Time': Timestamp('2007-07-10 18:28:29'), 'mag': 5.0}]",1,9
1331,2007-07-26 09:40:53.185,1,"[{'lat': -2.677, 'long': 36.012, 'Time': Timestamp('2007-07-26 18:54:37'), 'mag': 5.2}]",1,25
1332,2007-07-18 13:00:23.485,0,[],0,17
1333,2007-07-09 22:46:19.404,1,"[{'lat': -13.535, 'long': 167.143, 'Time': Timestamp('2007-07-10 18:40:13'), 'mag': 5.0}, {'lat': -56.245, 'long': -26.938, 'Time': Timestamp('2007-07-11 09:42:25'), 'mag': 5.0}, {'lat': -32.675, 'long': -70.28, 'Time': Timestamp('2007-07-11 15:12:22'), 'mag': 5.1}]",3,8
1334,2007-07-26 02:00:52.448,1,"[{'lat': 2.872, 'long': 127.464, 'Time': Timestamp('2007-07-26 05:40:16'), 'mag': 6.9}, {'lat': 2.851, 'long': 127.362, 'Time': Timestamp('2007-07-26 07:01:39'), 'mag': 5.0}]",2,24
1335,2007-07-21 05:18:26.162,1,"[{'lat': 5.003, 'long': 97.456, 'Time': Timestamp('2007-07-21 12:53:03'), 'mag': 5.2}, {'lat': 38.426, 'long': 101.259, 'Time': Timestamp('2007-07-22 09:34:32'), 'mag': 5.0}, {'lat': 30.881, 'long': 78.239, 'Time': Timestamp('2007-07-22 23:02:14'), 'mag': 5.1}]",3,19
1336,2007-08-01 08:34:51.998,1,"[{'lat': -52.444, 'long': 17.647, 'Time': Timestamp('2007-08-02 07:19:23'), 'mag': 5.5}, {'lat': 12.511, 'long': 47.462, 'Time': Timestamp('2007-08-02 13:37:29'), 'mag': 5.7}]",2,30
1337,2007-07-13 11:51:53.859,0,[],0,11
1338,2007-07-25 15:10:22.328,1,"[{'lat': 44.8, 'long': -28.192, 'Time': Timestamp('2007-07-25 19:38:26'), 'mag': 5.1}]",1,23
1339,2007-07-18 18:25:53.966,1,"[{'lat': -55.768, 'long': -124.904, 'Time': Timestamp('2007-07-19 07:48:06'), 'mag': 5.1}, {'lat': 17.562, 'long': -106.011, 'Time': Timestamp('2007-07-20 16:14:37'), 'mag': 5.0}]",2,16
1340,2007-07-24 21:39:48.115,1,"[{'lat': -21.66, 'long': -178.529, 'Time': Timestamp('2007-07-25 20:43:03'), 'mag': 5.3}, {'lat': -20.542, 'long': -178.465, 'Time': Timestamp('2007-07-26 13:52:30'), 'mag': 5.7}, {'lat': -20.803, 'long': -178.869, 'Time': Timestamp('2007-07-26 16:47:03'), 'mag': 5.3}, {'lat': -62.693, 'long': 155.707, 'Time': Timestamp('2007-07-26 18:12:39'), 'mag': 5.7}]",4,22
1341,2007-07-10 00:53:51.394,1,"[{'lat': 3.325, 'long': 94.254, 'Time': Timestamp('2007-07-10 18:28:29'), 'mag': 5.0}, {'lat': -13.535, 'long': 167.143, 'Time': Timestamp('2007-07-10 18:40:13'), 'mag': 5.0}, {'lat': -4.787, 'long': 152.511, 'Time': Timestamp('2007-07-11 03:02:08'), 'mag': 5.4}, {'lat': 38.751, 'long': 48.598, 'Time': Timestamp('2007-07-11 06:51:14'), 'mag': 5.2}, {'lat': -5.165, 'long': 152.988, 'Time': Timestamp('2007-07-11 19:21:56'), 'mag': 5.0}]",5,7
1342,2007-07-10 07:26:54.028,1,"[{'lat': 38.751, 'long': 48.598, 'Time': Timestamp('2007-07-11 06:51:14'), 'mag': 5.2}]",1,7
1343,2007-07-11 10:43:24.427,0,[],0,8
1344,2007-07-29 14:02:23.287,0,[],0,26
1345,2007-07-17 17:19:23.341,1,"[{'lat': -55.768, 'long': -124.904, 'Time': Timestamp('2007-07-19 07:48:06'), 'mag': 5.1}]",1,14
1346,2007-07-15 20:33:25.683,1,"[{'lat': 24.55, 'long': -109.089, 'Time': Timestamp('2007-07-17 04:13:48'), 'mag': 5.3}]",1,12
1347,2007-07-27 23:47:23.447,1,"[{'lat': -15.898, 'long': -175.288, 'Time': Timestamp('2007-07-28 08:53:13'), 'mag': 5.4}, {'lat': -16.864, 'long': -177.306, 'Time': Timestamp('2007-07-28 22:02:00'), 'mag': 5.1}, {'lat': 53.641, 'long': 169.702, 'Time': Timestamp('2007-07-29 04:54:36'), 'mag': 5.9}, {'lat': -17.15, 'long': 167.149, 'Time': Timestamp('2007-07-29 17:24:47'), 'mag': 5.0}, {'lat': -62.354, 'long': 158.731, 'Time': Timestamp('2007-07-29 22:42:08'), 'mag': 5.2}]",5,24
1348,2007-07-22 07:57:49.006,1,"[{'lat': 30.881, 'long': 78.239, 'Time': Timestamp('2007-07-22 23:02:14'), 'mag': 5.1}]",1,18
1349,2007-07-15 22:40:23.754,1,"[{'lat': 1.202, 'long': -90.763, 'Time': Timestamp('2007-07-16 04:53:28'), 'mag': 5.2}, {'lat': 1.238, 'long': -90.695, 'Time': Timestamp('2007-07-16 05:08:22'), 'mag': 5.3}, {'lat': -20.686, 'long': 169.294, 'Time': Timestamp('2007-07-16 20:00:52'), 'mag': 5.0}, {'lat': 7.182, 'long': -72.126, 'Time': Timestamp('2007-07-16 22:58:23'), 'mag': 5.2}, {'lat': -49.829, 'long': 117.802, 'Time': Timestamp('2007-07-17 00:06:00'), 'mag': 5.2}, {'lat': 24.55, 'long': -109.089, 'Time': Timestamp('2007-07-17 04:13:48'), 'mag': 5.3}]",6,11
1350,2007-08-01 01:54:52.267,1,"[{'lat': -3.664, 'long': 140.102, 'Time': Timestamp('2007-08-01 03:06:07'), 'mag': 5.3}, {'lat': 33.905, 'long': 136.613, 'Time': Timestamp('2007-08-01 08:16:00'), 'mag': 5.5}, {'lat': 47.116, 'long': 141.798, 'Time': Timestamp('2007-08-02 02:37:42'), 'mag': 6.2}, {'lat': 46.595, 'long': 141.684, 'Time': Timestamp('2007-08-02 05:01:46'), 'mag': 5.1}, {'lat': 46.714, 'long': 141.722, 'Time': Timestamp('2007-08-02 05:22:17'), 'mag': 5.8}, {'lat': 46.743, 'long': 141.733, 'Time': Timestamp('2007-08-02 08:06:28'), 'mag': 5.2}, {'lat': 46.626, 'long': 141.771, 'Time': Timestamp('2007-08-02 10:37:31'), 'mag': 5.5}, {'lat': 2.505, 'long': 126.946, 'Time': Timestamp('2007-08-02 18:02:00'), 'mag': 5.6}]",8,27
1351,2007-07-13 06:50:24.881,0,[],0,8
1352,2007-07-22 10:05:51.512,0,[],0,17
1353,2007-07-31 16:42:23.194,1,"[{'lat': 12.518, 'long': -87.769, 'Time': Timestamp('2007-08-02 04:50:21'), 'mag': 5.2}]",1,26
1354,2007-08-02 19:57:22.231,0,[],0,28
1355,2007-07-29 23:10:50.387,1,"[{'lat': -17.374, 'long': -178.948, 'Time': Timestamp('2007-07-30 23:37:51'), 'mag': 5.1}]",1,24
1356,2007-07-31 08:57:52.869,1,"[{'lat': -52.444, 'long': 17.647, 'Time': Timestamp('2007-08-02 07:19:23'), 'mag': 5.5}]",1,25
1357,2007-07-19 12:16:53.514,0,[],0,13
1358,2007-07-24 20:27:20.512,0,[],0,18
1359,2007-07-12 23:41:23.701,1,"[{'lat': -39.71, 'long': 173.98, 'Time': Timestamp('2007-07-13 12:47:03'), 'mag': 5.1}]",1,6
1360,2007-07-22 07:51:49.259,1,"[{'lat': 30.881, 'long': 78.239, 'Time': Timestamp('2007-07-22 23:02:14'), 'mag': 5.1}]",1,15
1361,2007-07-24 11:08:22.427,0,[],0,17
1362,2007-08-02 14:27:16.711,0,[],0,26
1363,2007-07-24 17:43:53.996,0,[],0,17
1364,2007-07-28 20:57:52.241,0,[],0,21
1365,2007-08-03 00:11:53.102,1,"[{'lat': -3.474, 'long': 68.353, 'Time': Timestamp('2007-08-04 13:43:34'), 'mag': 5.0}]",1,26
1366,2007-07-19 09:59:51.689,1,"[{'lat': -52.563, 'long': 25.986, 'Time': Timestamp('2007-07-20 20:00:07'), 'mag': 5.4}]",1,11
1367,2007-07-15 13:19:23.317,0,[],0,7
1368,2007-08-05 16:36:23.371,0,[],0,28
1369,2007-07-21 19:51:23.736,1,"[{'lat': -55.091, 'long': -129.418, 'Time': Timestamp('2007-07-21 20:40:53'), 'mag': 5.7}]",1,13
1370,2007-07-16 23:04:50.564,1,"[{'lat': -26.206, 'long': -177.744, 'Time': Timestamp('2007-07-17 09:39:27'), 'mag': 6.1}, {'lat': -26.295, 'long': -177.738, 'Time': Timestamp('2007-07-18 00:07:35'), 'mag': 6.1}, {'lat': -26.218, 'long': -177.834, 'Time': Timestamp('2007-07-18 02:53:28'), 'mag': 5.0}]",3,8
1371,2007-07-19 08:51:48.950,1,"[{'lat': -52.563, 'long': 25.986, 'Time': Timestamp('2007-07-20 20:00:07'), 'mag': 5.4}]",1,10
1372,2007-07-20 12:10:53.691,0,[],0,11
1373,2007-07-29 15:28:49.169,0,[],0,20
1374,2007-08-01 18:44:23.798,1,"[{'lat': 12.518, 'long': -87.769, 'Time': Timestamp('2007-08-02 04:50:21'), 'mag': 5.2}]",1,23
1375,2007-07-14 21:58:22.155,1,"[{'lat': -59.987, 'long': -26.104, 'Time': Timestamp('2007-07-15 12:09:48'), 'mag': 5.2}, {'lat': 52.491, 'long': -168.035, 'Time': Timestamp('2007-07-15 13:08:01'), 'mag': 6.1}, {'lat': 52.362, 'long': -168.008, 'Time': Timestamp('2007-07-15 13:26:15'), 'mag': 5.9}, {'lat': 52.491, 'long': -167.95, 'Time': Timestamp('2007-07-15 14:09:18'), 'mag': 5.1}, {'lat': 56.074, 'long': -161.815, 'Time': Timestamp('2007-07-15 17:01:48'), 'mag': 5.0}, {'lat': 52.43, 'long': -167.976, 'Time': Timestamp('2007-07-15 17:27:28'), 'mag': 5.0}, {'lat': 1.202, 'long': -90.763, 'Time': Timestamp('2007-07-16 04:53:28'), 'mag': 5.2}, {'lat': 1.238, 'long': -90.695, 'Time': Timestamp('2007-07-16 05:08:22'), 'mag': 5.3}]",8,5
1376,2007-07-18 01:12:18.670,1,"[{'lat': 45.264, 'long': 153.183, 'Time': Timestamp('2007-07-18 01:21:58'), 'mag': 5.1}, {'lat': 6.465, 'long': 84.395, 'Time': Timestamp('2007-07-18 04:27:24'), 'mag': 5.2}, {'lat': -7.07, 'long': 155.971, 'Time': Timestamp('2007-07-18 12:11:27'), 'mag': 5.0}, {'lat': -2.774, 'long': 36.094, 'Time': Timestamp('2007-07-18 17:25:52'), 'mag': 5.2}, {'lat': 30.737, 'long': 138.288, 'Time': Timestamp('2007-07-18 18:01:23'), 'mag': 5.3}, {'lat': -5.954, 'long': 104.537, 'Time': Timestamp('2007-07-18 19:37:31'), 'mag': 5.1}, {'lat': 10.291, 'long': 125.149, 'Time': Timestamp('2007-07-19 15:10:24'), 'mag': 5.3}]",7,8
1377,2007-07-21 06:07:24.956,1,"[{'lat': 5.003, 'long': 97.456, 'Time': Timestamp('2007-07-21 12:53:03'), 'mag': 5.2}, {'lat': 38.936, 'long': 70.485, 'Time': Timestamp('2007-07-21 22:44:13'), 'mag': 5.2}, {'lat': 38.426, 'long': 101.259, 'Time': Timestamp('2007-07-22 09:34:32'), 'mag': 5.0}, {'lat': 30.881, 'long': 78.239, 'Time': Timestamp('2007-07-22 23:02:14'), 'mag': 5.1}]",4,11
1378,2007-07-24 09:22:51.025,1,"[{'lat': 27.64, 'long': 56.14, 'Time': Timestamp('2007-07-24 10:08:06'), 'mag': 5.0}]",1,14
1379,2007-08-08 12:41:53.093,0,[],0,29
1380,2007-07-16 15:59:48.794,1,"[{'lat': 7.182, 'long': -72.126, 'Time': Timestamp('2007-07-16 22:58:23'), 'mag': 5.2}]",1,6
1381,2007-08-04 19:14:53.199,1,"[{'lat': -20.578, 'long': -114.096, 'Time': Timestamp('2007-08-05 20:55:38'), 'mag': 5.1}]",1,25
1382,2007-08-07 22:28:53.252,1,"[{'lat': 0.818, 'long': -29.168, 'Time': Timestamp('2007-08-08 01:01:39'), 'mag': 5.1}, {'lat': -32.475, 'long': -71.6, 'Time': Timestamp('2007-08-08 14:14:20'), 'mag': 5.3}, {'lat': 25.918, 'long': -45.001, 'Time': Timestamp('2007-08-09 17:25:05'), 'mag': 5.6}, {'lat': -50.25, 'long': -115.75, 'Time': Timestamp('2007-08-09 18:59:12'), 'mag': 5.1}]",4,28
1383,2007-08-07 01:42:51.620,1,"[{'lat': 27.174, 'long': 126.66, 'Time': Timestamp('2007-08-07 02:57:20'), 'mag': 5.0}, {'lat': 51.932, 'long': 155.607, 'Time': Timestamp('2007-08-08 09:09:27'), 'mag': 5.1}, {'lat': 27.385, 'long': 128.346, 'Time': Timestamp('2007-08-08 15:19:42'), 'mag': 5.2}, {'lat': 14.153, 'long': 145.342, 'Time': Timestamp('2007-08-08 21:46:45'), 'mag': 5.3}]",4,27
1384,2007-07-19 06:38:24.235,1,"[{'lat': 42.913, 'long': 82.378, 'Time': Timestamp('2007-07-20 10:06:52'), 'mag': 5.6}]",1,8
1385,2007-07-27 13:13:23.573,0,[],0,16
1386,2007-08-06 22:58:50.820,1,"[{'lat': -23.953, 'long': -179.819, 'Time': Timestamp('2007-08-08 03:03:36'), 'mag': 5.4}]",1,26
1387,2007-08-05 07:08:54.837,1,"[{'lat': 2.64, 'long': 66.347, 'Time': Timestamp('2007-08-05 17:09:06'), 'mag': 5.0}, {'lat': 2.709, 'long': 66.406, 'Time': Timestamp('2007-08-06 00:27:40'), 'mag': 5.3}, {'lat': 2.652, 'long': 66.228, 'Time': Timestamp('2007-08-06 03:57:18'), 'mag': 5.0}, {'lat': 2.481, 'long': 66.274, 'Time': Timestamp('2007-08-06 09:32:28'), 'mag': 5.3}, {'lat': 2.523, 'long': 66.295, 'Time': Timestamp('2007-08-06 10:07:44'), 'mag': 5.1}]",5,24
1388,2007-08-07 10:24:55.114,0,[],0,26
1389,2007-08-09 13:44:23.975,1,"[{'lat': 25.918, 'long': -45.001, 'Time': Timestamp('2007-08-09 17:25:05'), 'mag': 5.6}]",1,28
1390,2007-08-02 17:01:24.028,1,"[{'lat': -4.797, 'long': -105.406, 'Time': Timestamp('2007-08-04 14:24:51'), 'mag': 6.1}]",1,21
1391,2007-07-25 20:15:23.081,1,"[{'lat': 44.428, 'long': -129.593, 'Time': Timestamp('2007-07-27 01:37:47'), 'mag': 5.2}, {'lat': 44.46, 'long': -129.666, 'Time': Timestamp('2007-07-27 01:45:27'), 'mag': 5.3}]",2,13
1392,2007-07-21 23:29:21.773,1,"[{'lat': -21.501, 'long': 170.856, 'Time': Timestamp('2007-07-23 08:48:09'), 'mag': 5.1}]",1,9
1393,2007-07-19 07:39:52.788,1,"[{'lat': 42.913, 'long': 82.378, 'Time': Timestamp('2007-07-20 10:06:52'), 'mag': 5.6}, {'lat': -52.563, 'long': 25.986, 'Time': Timestamp('2007-07-20 20:00:07'), 'mag': 5.4}]",2,6
1394,2007-07-30 10:56:20.419,1,"[{'lat': -56.058, 'long': -27.733, 'Time': Timestamp('2007-07-31 02:42:48'), 'mag': 5.6}]",1,17
1395,2007-08-12 14:15:23.375,0,[],0,30
1396,2007-08-10 17:31:53.430,1,"[{'lat': -35.852, 'long': -102.904, 'Time': Timestamp('2007-08-10 20:43:15'), 'mag': 5.3}]",1,28
1397,2007-08-11 20:45:47.578,0,[],0,29
1398,2007-08-03 23:59:53.535,1,"[{'lat': -3.474, 'long': 68.353, 'Time': Timestamp('2007-08-04 13:43:34'), 'mag': 5.0}, {'lat': -19.148, 'long': 168.718, 'Time': Timestamp('2007-08-05 09:28:39'), 'mag': 6.0}, {'lat': -2.894, 'long': 141.389, 'Time': Timestamp('2007-08-05 16:19:37'), 'mag': 5.0}, {'lat': -2.868, 'long': 141.51, 'Time': Timestamp('2007-08-05 16:43:00'), 'mag': 5.0}, {'lat': 2.64, 'long': 66.347, 'Time': Timestamp('2007-08-05 17:09:06'), 'mag': 5.0}, {'lat': -2.943, 'long': 141.561, 'Time': Timestamp('2007-08-05 18:11:59'), 'mag': 5.1}]",6,21
1399,2007-07-23 09:47:49.578,0,[],0,9
1400,2007-08-03 13:06:53.749,0,[],0,20
1401,2007-07-27 16:24:23.803,1,"[{'lat': -11.021, 'long': -77.965, 'Time': Timestamp('2007-07-28 14:11:58'), 'mag': 5.0}]",1,13
1402,2007-07-23 19:39:23.857,1,"[{'lat': -56.351, 'long': -142.499, 'Time': Timestamp('2007-07-24 18:33:00'), 'mag': 5.8}]",1,9
1403,2007-08-01 22:52:55.093,1,"[{'lat': 51.307, 'long': -179.971, 'Time': Timestamp('2007-08-02 03:21:42'), 'mag': 6.7}, {'lat': 51.09, 'long': -179.863, 'Time': Timestamp('2007-08-02 03:24:40'), 'mag': 5.3}, {'lat': 12.518, 'long': -87.769, 'Time': Timestamp('2007-08-02 04:50:21'), 'mag': 5.2}, {'lat': 51.209, 'long': -179.961, 'Time': Timestamp('2007-08-02 06:23:11'), 'mag': 5.6}, {'lat': -52.444, 'long': 17.647, 'Time': Timestamp('2007-08-02 07:19:23'), 'mag': 5.5}, {'lat': -60.373, 'long': -26.63, 'Time': Timestamp('2007-08-02 14:14:03'), 'mag': 5.1}, {'lat': -62.973, 'long': 145.306, 'Time': Timestamp('2007-08-03 00:41:14'), 'mag': 5.9}, {'lat': -33.458, 'long': -179.352, 'Time': Timestamp('2007-08-03 01:49:40'), 'mag': 5.1}]",8,18
1404,2007-08-04 08:41:23.590,0,[],0,20
1405,2007-07-24 11:58:23.124,0,[],0,9
1406,2007-08-11 15:16:51.593,0,[],0,27
1407,2007-07-29 21:46:17.827,1,"[{'lat': -62.354, 'long': 158.731, 'Time': Timestamp('2007-07-29 22:42:08'), 'mag': 5.2}, {'lat': -35.519, 'long': -103.846, 'Time': Timestamp('2007-07-30 06:06:50'), 'mag': 5.5}, {'lat': -17.374, 'long': -178.948, 'Time': Timestamp('2007-07-30 23:37:51'), 'mag': 5.1}, {'lat': -56.058, 'long': -27.733, 'Time': Timestamp('2007-07-31 02:42:48'), 'mag': 5.6}]",4,14
1408,2007-08-04 01:00:23.337,1,"[{'lat': -3.474, 'long': 68.353, 'Time': Timestamp('2007-08-04 13:43:34'), 'mag': 5.0}, {'lat': -19.148, 'long': 168.718, 'Time': Timestamp('2007-08-05 09:28:39'), 'mag': 6.0}, {'lat': -2.894, 'long': 141.389, 'Time': Timestamp('2007-08-05 16:19:37'), 'mag': 5.0}, {'lat': -2.868, 'long': 141.51, 'Time': Timestamp('2007-08-05 16:43:00'), 'mag': 5.0}, {'lat': 2.64, 'long': 66.347, 'Time': Timestamp('2007-08-05 17:09:06'), 'mag': 5.0}, {'lat': -2.943, 'long': 141.561, 'Time': Timestamp('2007-08-05 18:11:59'), 'mag': 5.1}, {'lat': -2.75, 'long': 141.606, 'Time': Timestamp('2007-08-06 00:26:35'), 'mag': 5.4}, {'lat': 2.709, 'long': 66.406, 'Time': Timestamp('2007-08-06 00:27:40'), 'mag': 5.3}]",8,19
1409,2007-08-01 05:55:26.297,0,[],0,16
1410,2007-08-07 09:10:21.664,0,[],0,22
1411,2007-07-22 12:29:53.526,0,[],0,6
1412,2007-07-28 15:47:50.443,0,[],0,12
1413,2007-08-02 19:02:53.632,1,"[{'lat': -4.797, 'long': -105.406, 'Time': Timestamp('2007-08-04 14:24:51'), 'mag': 6.1}]",1,17
1414,2007-08-09 22:16:53.685,1,"[{'lat': -49.335, 'long': 120.776, 'Time': Timestamp('2007-08-10 05:41:49'), 'mag': 5.1}, {'lat': -32.499, 'long': 179.731, 'Time': Timestamp('2007-08-10 10:11:30'), 'mag': 5.3}, {'lat': -35.852, 'long': -102.904, 'Time': Timestamp('2007-08-10 20:43:15'), 'mag': 5.3}, {'lat': -5.545, 'long': -11.546, 'Time': Timestamp('2007-08-11 06:32:54'), 'mag': 5.1}]",4,24
1415,2007-08-07 01:30:54.709,1,"[{'lat': 27.174, 'long': 126.66, 'Time': Timestamp('2007-08-07 02:57:20'), 'mag': 5.0}, {'lat': -9.211, 'long': 67.093, 'Time': Timestamp('2007-08-07 10:12:21'), 'mag': 5.0}, {'lat': 2.627, 'long': 66.306, 'Time': Timestamp('2007-08-07 21:11:09'), 'mag': 5.0}, {'lat': 2.23, 'long': 65.852, 'Time': Timestamp('2007-08-07 21:22:46'), 'mag': 5.0}, {'lat': 2.491, 'long': 66.102, 'Time': Timestamp('2007-08-07 21:27:04'), 'mag': 5.0}, {'lat': 37.093, 'long': 71.718, 'Time': Timestamp('2007-08-08 00:37:04'), 'mag': 5.1}, {'lat': 51.932, 'long': 155.607, 'Time': Timestamp('2007-08-08 09:09:27'), 'mag': 5.1}, {'lat': 27.385, 'long': 128.346, 'Time': Timestamp('2007-08-08 15:19:42'), 'mag': 5.2}, {'lat': -5.926, 'long': 107.681, 'Time': Timestamp('2007-08-08 17:04:57'), 'mag': 6.1}, {'lat': -5.859, 'long': 107.419, 'Time': Timestamp('2007-08-08 17:05:04'), 'mag': 7.5}, {'lat': 14.153, 'long': 145.342, 'Time': Timestamp('2007-08-08 21:46:45'), 'mag': 5.3}, {'lat': 22.579, 'long': 121.104, 'Time': Timestamp('2007-08-09 00:55:52'), 'mag': 5.3}]",12,21
1416,2007-08-15 06:25:51.899,0,[],0,29
1417,2007-08-04 09:41:53.739,0,[],0,18
1418,2007-08-16 13:00:53.926,1,"[{'lat': -3.522, 'long': -12.153, 'Time': Timestamp('2007-08-16 14:18:24'), 'mag': 5.5}, {'lat': -3.588, 'long': -11.798, 'Time': Timestamp('2007-08-16 14:44:04'), 'mag': 5.3}, {'lat': -3.549, 'long': -12.104, 'Time': Timestamp('2007-08-17 16:27:40'), 'mag': 5.0}]",3,30
1419,2007-08-08 21:10:26.348,1,"[{'lat': -15.168, 'long': -173.598, 'Time': Timestamp('2007-08-09 07:59:15'), 'mag': 5.2}, {'lat': -29.164, 'long': -177.407, 'Time': Timestamp('2007-08-10 00:20:45'), 'mag': 5.0}]",2,22
1420,2007-07-23 00:24:23.113,1,"[{'lat': -21.501, 'long': 170.856, 'Time': Timestamp('2007-07-23 08:48:09'), 'mag': 5.1}, {'lat': 23.666, 'long': 121.629, 'Time': Timestamp('2007-07-23 13:40:02'), 'mag': 5.2}, {'lat': 27.64, 'long': 56.14, 'Time': Timestamp('2007-07-24 10:08:06'), 'mag': 5.0}, {'lat': -2.832, 'long': 141.697, 'Time': Timestamp('2007-07-24 12:07:54'), 'mag': 5.0}, {'lat': 2.265, 'long': 98.001, 'Time': Timestamp('2007-07-24 14:51:31'), 'mag': 5.3}, {'lat': -2.919, 'long': 141.489, 'Time': Timestamp('2007-07-24 19:33:51'), 'mag': 5.1}]",6,5
1421,2007-08-11 08:35:21.518,0,[],0,24
1422,2007-08-09 11:52:23.380,1,"[{'lat': -5.545, 'long': -11.546, 'Time': Timestamp('2007-08-11 06:32:54'), 'mag': 5.1}]",1,22
1423,2007-07-25 15:10:47.753,1,"[{'lat': 44.8, 'long': -28.192, 'Time': Timestamp('2007-07-25 19:38:26'), 'mag': 5.1}]",1,7
1424,2007-07-23 21:40:18.082,1,"[{'lat': 14.381, 'long': -90.954, 'Time': Timestamp('2007-07-23 22:30:08'), 'mag': 5.5}, {'lat': -56.351, 'long': -142.499, 'Time': Timestamp('2007-07-24 18:33:00'), 'mag': 5.8}, {'lat': -21.66, 'long': -178.529, 'Time': Timestamp('2007-07-25 20:43:03'), 'mag': 5.3}]",3,5
1425,2007-07-29 00:54:23.593,1,"[{'lat': 20.036, 'long': 146.145, 'Time': Timestamp('2007-07-29 02:43:38'), 'mag': 5.0}, {'lat': 53.641, 'long': 169.702, 'Time': Timestamp('2007-07-29 04:54:36'), 'mag': 5.9}, {'lat': -17.15, 'long': 167.149, 'Time': Timestamp('2007-07-29 17:24:47'), 'mag': 5.0}, {'lat': -62.354, 'long': 158.731, 'Time': Timestamp('2007-07-29 22:42:08'), 'mag': 5.2}, {'lat': 19.311, 'long': 95.611, 'Time': Timestamp('2007-07-30 22:42:05'), 'mag': 5.6}]",5,10
1426,2007-07-26 05:49:26.553,0,[],0,7
1427,2007-08-05 09:04:24.575,0,[],0,17
1428,2007-08-18 12:23:23.781,1,"[{'lat': 39.618, 'long': -29.88, 'Time': Timestamp('2007-08-18 16:20:45'), 'mag': 5.0}, {'lat': -60.39, 'long': -26.863, 'Time': Timestamp('2007-08-19 00:04:31'), 'mag': 5.5}, {'lat': -60.345, 'long': -26.673, 'Time': Timestamp('2007-08-19 00:41:28'), 'mag': 5.1}, {'lat': -60.317, 'long': -26.569, 'Time': Timestamp('2007-08-19 01:04:51'), 'mag': 5.2}, {'lat': -60.276, 'long': -26.473, 'Time': Timestamp('2007-08-19 01:32:39'), 'mag': 5.4}, {'lat': -2.613, 'long': -12.277, 'Time': Timestamp('2007-08-19 12:59:40'), 'mag': 5.0}]",6,30
1429,2007-08-11 15:41:52.027,0,[],0,23
1430,2007-08-17 18:56:53.888,0,[],0,29
1431,2007-08-03 22:10:52.021,1,"[{'lat': -4.797, 'long': -105.406, 'Time': Timestamp('2007-08-04 14:24:51'), 'mag': 6.1}, {'lat': -22.268, 'long': -68.349, 'Time': Timestamp('2007-08-04 17:56:59'), 'mag': 5.3}, {'lat': -19.148, 'long': 168.718, 'Time': Timestamp('2007-08-05 09:28:39'), 'mag': 6.0}, {'lat': -15.943, 'long': -174.263, 'Time': Timestamp('2007-08-05 19:11:26'), 'mag': 5.1}, {'lat': -20.578, 'long': -114.096, 'Time': Timestamp('2007-08-05 20:55:38'), 'mag': 5.1}]",5,15
1432,2007-08-02 01:24:53.993,1,"[{'lat': 47.116, 'long': 141.798, 'Time': Timestamp('2007-08-02 02:37:42'), 'mag': 6.2}, {'lat': 46.595, 'long': 141.684, 'Time': Timestamp('2007-08-02 05:01:46'), 'mag': 5.1}, {'lat': 46.714, 'long': 141.722, 'Time': Timestamp('2007-08-02 05:22:17'), 'mag': 5.8}, {'lat': 46.743, 'long': 141.733, 'Time': Timestamp('2007-08-02 08:06:28'), 'mag': 5.2}, {'lat': 46.626, 'long': 141.771, 'Time': Timestamp('2007-08-02 10:37:31'), 'mag': 5.5}, {'lat': 12.511, 'long': 47.462, 'Time': Timestamp('2007-08-02 13:37:29'), 'mag': 5.7}, {'lat': 2.505, 'long': 126.946, 'Time': Timestamp('2007-08-02 18:02:00'), 'mag': 5.6}]",7,13
1433,2007-08-19 06:19:56.954,1,"[{'lat': 0.888, 'long': 97.539, 'Time': Timestamp('2007-08-19 13:12:39'), 'mag': 5.0}, {'lat': 0.868, 'long': 97.532, 'Time': Timestamp('2007-08-19 13:34:24'), 'mag': 5.0}, {'lat': -33.371, 'long': 77.805, 'Time': Timestamp('2007-08-19 19:22:54'), 'mag': 5.0}]",3,30
1434,2007-08-05 09:35:22.882,0,[],0,16
1435,2007-08-04 12:54:53.182,0,[],0,15
1436,2007-08-04 16:12:21.763,1,"[{'lat': -22.268, 'long': -68.349, 'Time': Timestamp('2007-08-04 17:56:59'), 'mag': 5.3}]",1,15
1437,2007-07-28 19:27:23.289,0,[],0,8
1438,2007-08-06 22:40:53.197,1,"[{'lat': 0.818, 'long': -29.168, 'Time': Timestamp('2007-08-08 01:01:39'), 'mag': 5.1}, {'lat': -32.475, 'long': -71.6, 'Time': Timestamp('2007-08-08 14:14:20'), 'mag': 5.3}]",2,17
1439,2007-08-14 01:55:24.366,1,"[{'lat': 46.877, 'long': 141.746, 'Time': Timestamp('2007-08-14 04:13:34'), 'mag': 5.5}, {'lat': 4.066, 'long': 126.639, 'Time': Timestamp('2007-08-14 21:50:12'), 'mag': 5.1}, {'lat': 14.087, 'long': 146.534, 'Time': Timestamp('2007-08-15 10:12:44'), 'mag': 5.3}, {'lat': -7.251, 'long': 155.652, 'Time': Timestamp('2007-08-15 16:51:44'), 'mag': 5.4}, {'lat': 35.378, 'long': 140.269, 'Time': Timestamp('2007-08-15 19:15:10'), 'mag': 5.2}, {'lat': 35.296, 'long': 140.507, 'Time': Timestamp('2007-08-16 00:22:09'), 'mag': 5.0}]",6,24
1440,2007-07-28 06:50:54.324,1,"[{'lat': -49.139, 'long': 68.977, 'Time': Timestamp('2007-07-28 15:32:50'), 'mag': 5.3}]",1,7
1441,2007-08-01 10:06:23.529,1,"[{'lat': -52.444, 'long': 17.647, 'Time': Timestamp('2007-08-02 07:19:23'), 'mag': 5.5}]",1,11
1442,2007-08-05 13:25:53.583,0,[],0,15
1443,2007-08-07 16:42:53.637,1,"[{'lat': -32.475, 'long': -71.6, 'Time': Timestamp('2007-08-08 14:14:20'), 'mag': 5.3}]",1,17
1444,2007-08-15 19:57:53.690,0,[],0,25
1445,2007-08-13 23:11:20.831,1,"[{'lat': 19.3446667, 'long': -155.0685, 'Time': Timestamp('2007-08-14 05:38:06'), 'mag': 5.4}, {'lat': -30.417, 'long': -177.803, 'Time': Timestamp('2007-08-14 05:52:34'), 'mag': 5.1}, {'lat': -15.956, 'long': 167.524, 'Time': Timestamp('2007-08-14 06:23:08'), 'mag': 5.1}, {'lat': -7.251, 'long': 155.652, 'Time': Timestamp('2007-08-15 16:51:44'), 'mag': 5.4}, {'lat': 50.322, 'long': -177.548, 'Time': Timestamp('2007-08-15 20:22:11'), 'mag': 6.5}]",5,23
1446,2007-07-28 08:58:23.312,1,"[{'lat': -54.13, 'long': 7.881, 'Time': Timestamp('2007-07-28 16:13:43'), 'mag': 5.5}, {'lat': -54.157, 'long': 7.908, 'Time': Timestamp('2007-07-28 17:46:28'), 'mag': 5.1}]",2,6
1447,2007-08-13 12:17:23.958,1,"[{'lat': -31.073, 'long': -13.397, 'Time': Timestamp('2007-08-13 20:22:13'), 'mag': 5.1}, {'lat': -30.994, 'long': -13.408, 'Time': Timestamp('2007-08-13 22:23:04'), 'mag': 5.5}]",2,22
1448,2007-08-06 15:35:52.204,1,"[{'lat': -32.475, 'long': -71.6, 'Time': Timestamp('2007-08-08 14:14:20'), 'mag': 5.3}]",1,15
1449,2007-08-07 22:03:56.622,1,"[{'lat': 0.818, 'long': -29.168, 'Time': Timestamp('2007-08-08 01:01:39'), 'mag': 5.1}, {'lat': -23.953, 'long': -179.819, 'Time': Timestamp('2007-08-08 03:03:36'), 'mag': 5.4}, {'lat': -32.475, 'long': -71.6, 'Time': Timestamp('2007-08-08 14:14:20'), 'mag': 5.3}, {'lat': -15.168, 'long': -173.598, 'Time': Timestamp('2007-08-09 07:59:15'), 'mag': 5.2}, {'lat': 25.918, 'long': -45.001, 'Time': Timestamp('2007-08-09 17:25:05'), 'mag': 5.6}, {'lat': -50.25, 'long': -115.75, 'Time': Timestamp('2007-08-09 18:59:12'), 'mag': 5.1}]",6,16
1450,2007-08-13 01:18:53.171,1,"[{'lat': -60.549, 'long': 153.785, 'Time': Timestamp('2007-08-13 10:27:23'), 'mag': 6.1}, {'lat': 46.877, 'long': 141.746, 'Time': Timestamp('2007-08-14 04:13:34'), 'mag': 5.5}, {'lat': -15.956, 'long': 167.524, 'Time': Timestamp('2007-08-14 06:23:08'), 'mag': 5.1}, {'lat': 4.066, 'long': 126.639, 'Time': Timestamp('2007-08-14 21:50:12'), 'mag': 5.1}]",4,21
1451,2007-08-19 06:13:56.130,1,"[{'lat': 0.888, 'long': 97.539, 'Time': Timestamp('2007-08-19 13:12:39'), 'mag': 5.0}, {'lat': 0.868, 'long': 97.532, 'Time': Timestamp('2007-08-19 13:34:24'), 'mag': 5.0}, {'lat': -33.371, 'long': 77.805, 'Time': Timestamp('2007-08-19 19:22:54'), 'mag': 5.0}]",3,27
1452,2007-07-28 09:29:23.059,1,"[{'lat': -54.13, 'long': 7.881, 'Time': Timestamp('2007-07-28 16:13:43'), 'mag': 5.5}, {'lat': -54.157, 'long': 7.908, 'Time': Timestamp('2007-07-28 17:46:28'), 'mag': 5.1}]",2,5
1453,2007-08-12 12:48:53.359,1,"[{'lat': -37.523, 'long': -17.579, 'Time': Timestamp('2007-08-12 19:22:52'), 'mag': 5.1}, {'lat': -31.073, 'long': -13.397, 'Time': Timestamp('2007-08-13 20:22:13'), 'mag': 5.1}, {'lat': -30.994, 'long': -13.408, 'Time': Timestamp('2007-08-13 22:23:04'), 'mag': 5.5}]",3,20
1454,2007-08-01 16:06:20.500,1,"[{'lat': 12.518, 'long': -87.769, 'Time': Timestamp('2007-08-02 04:50:21'), 'mag': 5.2}]",1,9
1455,2007-08-21 19:21:23.466,0,[],0,29
1456,2007-08-17 22:34:53.519,1,"[{'lat': -13.805, 'long': -76.291, 'Time': Timestamp('2007-08-18 02:52:35'), 'mag': 6.0}, {'lat': -14.177, 'long': -76.739, 'Time': Timestamp('2007-08-18 06:21:36'), 'mag': 5.0}, {'lat': -32.505, 'long': 178.873, 'Time': Timestamp('2007-08-18 12:24:06'), 'mag': 5.0}, {'lat': -22.047, 'long': 174.622, 'Time': Timestamp('2007-08-18 12:32:16'), 'mag': 5.7}, {'lat': -22.153, 'long': 174.705, 'Time': Timestamp('2007-08-18 17:57:42'), 'mag': 5.0}, {'lat': -60.39, 'long': -26.863, 'Time': Timestamp('2007-08-19 00:04:31'), 'mag': 5.5}, {'lat': -60.345, 'long': -26.673, 'Time': Timestamp('2007-08-19 00:41:28'), 'mag': 5.1}, {'lat': -13.627, 'long': -76.536, 'Time': Timestamp('2007-08-19 00:56:20'), 'mag': 5.1}, {'lat': -60.317, 'long': -26.569, 'Time': Timestamp('2007-08-19 01:04:51'), 'mag': 5.2}, {'lat': -13.621, 'long': -76.617, 'Time': Timestamp('2007-08-19 01:22:38'), 'mag': 5.8}, {'lat': -13.754, 'long': -76.464, 'Time': Timestamp('2007-08-19 01:25:41'), 'mag': 5.1}, {'lat': -60.276, 'long': -26.473, 'Time': Timestamp('2007-08-19 01:32:39'), 'mag': 5.4}, {'lat': -45.714, 'long': -72.538, 'Time': Timestamp('2007-08-19 07:42:24'), 'mag': 5.0}, {'lat': -2.613, 'long': -12.277, 'Time': Timestamp('2007-08-19 12:59:40'), 'mag': 5.0}, {'lat': -20.664, 'long': 169.702, 'Time': Timestamp('2007-08-19 13:44:04'), 'mag': 5.6}, {'lat': -33.371, 'long': 77.805, 'Time': Timestamp('2007-08-19 19:22:54'), 'mag': 5.0}, {'lat': -13.63, 'long': -76.498, 'Time': Timestamp('2007-08-19 20:11:44'), 'mag': 5.6}]",17,25
1457,2007-08-03 01:49:24.543,0,[],0,10
1458,2007-08-17 06:44:54.501,0,[],0,24
1459,2007-08-01 10:00:23.706,1,"[{'lat': -52.444, 'long': 17.647, 'Time': Timestamp('2007-08-02 07:19:23'), 'mag': 5.5}]",1,8
1460,2007-08-23 13:19:53.760,0,[],0,30
1461,2007-08-23 16:36:53.814,0,[],0,30
1462,2007-08-18 19:51:53.867,0,[],0,25
1463,2007-08-09 00:42:23.946,1,"[{'lat': 22.579, 'long': 121.104, 'Time': Timestamp('2007-08-09 00:55:52'), 'mag': 5.3}, {'lat': 25.918, 'long': -45.001, 'Time': Timestamp('2007-08-09 17:25:05'), 'mag': 5.6}, {'lat': 30.074, 'long': 131.153, 'Time': Timestamp('2007-08-09 20:30:12'), 'mag': 5.0}, {'lat': -49.335, 'long': 120.776, 'Time': Timestamp('2007-08-10 05:41:49'), 'mag': 5.1}, {'lat': 46.55, 'long': 153.154, 'Time': Timestamp('2007-08-10 11:47:00'), 'mag': 5.2}, {'lat': -6.521, 'long': 105.135, 'Time': Timestamp('2007-08-10 13:17:57'), 'mag': 5.0}, {'lat': 51.256, 'long': -179.827, 'Time': Timestamp('2007-08-10 13:31:25'), 'mag': 5.1}]",7,15
1464,2007-08-06 07:15:26.933,1,"[{'lat': 2.481, 'long': 66.274, 'Time': Timestamp('2007-08-06 09:32:28'), 'mag': 5.3}, {'lat': 2.523, 'long': 66.295, 'Time': Timestamp('2007-08-06 10:07:44'), 'mag': 5.1}, {'lat': -9.211, 'long': 67.093, 'Time': Timestamp('2007-08-07 10:12:21'), 'mag': 5.0}, {'lat': 2.627, 'long': 66.306, 'Time': Timestamp('2007-08-07 21:11:09'), 'mag': 5.0}, {'lat': 2.23, 'long': 65.852, 'Time': Timestamp('2007-08-07 21:22:46'), 'mag': 5.0}, {'lat': 2.491, 'long': 66.102, 'Time': Timestamp('2007-08-07 21:27:04'), 'mag': 5.0}, {'lat': 37.093, 'long': 71.718, 'Time': Timestamp('2007-08-08 00:37:04'), 'mag': 5.1}]",7,12
1465,2007-08-03 10:31:23.107,0,[],0,9
1466,2007-07-31 13:50:53.244,1,"[{'lat': -0.162, 'long': -17.795, 'Time': Timestamp('2007-07-31 22:55:31'), 'mag': 6.2}]",1,6
1467,2007-08-24 23:35:53.593,1,"[{'lat': -9.906, 'long': 154.219, 'Time': Timestamp('2007-08-26 12:23:45'), 'mag': 5.0}, {'lat': -17.457, 'long': -174.335, 'Time': Timestamp('2007-08-26 12:37:31'), 'mag': 6.1}, {'lat': -9.776, 'long': 154.118, 'Time': Timestamp('2007-08-26 13:47:02'), 'mag': 5.3}]",3,30
1468,2007-08-21 07:46:27.154,0,[],0,26
1469,2007-08-15 11:02:55.555,1,"[{'lat': -12.362, 'long': -14.864, 'Time': Timestamp('2007-08-16 01:20:31'), 'mag': 5.1}, {'lat': -3.522, 'long': -12.153, 'Time': Timestamp('2007-08-16 14:18:24'), 'mag': 5.5}, {'lat': -3.588, 'long': -11.798, 'Time': Timestamp('2007-08-16 14:44:04'), 'mag': 5.3}]",3,20
1470,2007-08-19 14:21:53.645,1,"[{'lat': -19.715, 'long': -66.451, 'Time': Timestamp('2007-08-20 21:01:28'), 'mag': 5.4}, {'lat': 8.037, 'long': -39.251, 'Time': Timestamp('2007-08-20 22:42:28'), 'mag': 6.5}, {'lat': 8.052, 'long': -39.277, 'Time': Timestamp('2007-08-21 13:35:37'), 'mag': 5.1}]",3,24
1471,2007-08-06 17:37:53.699,0,[],0,11
1472,2007-08-03 20:49:19.510,0,[],0,8
1473,2007-08-03 00:05:53.804,1,"[{'lat': -3.474, 'long': 68.353, 'Time': Timestamp('2007-08-04 13:43:34'), 'mag': 5.0}]",1,7
1474,2007-08-18 08:15:23.347,1,"[{'lat': -2.71, 'long': 36.292, 'Time': Timestamp('2007-08-20 02:56:48'), 'mag': 5.4}]",1,22
1475,2007-08-12 11:33:53.991,1,"[{'lat': -37.523, 'long': -17.579, 'Time': Timestamp('2007-08-12 19:22:52'), 'mag': 5.1}, {'lat': -31.073, 'long': -13.397, 'Time': Timestamp('2007-08-13 20:22:13'), 'mag': 5.1}, {'lat': -30.994, 'long': -13.408, 'Time': Timestamp('2007-08-13 22:23:04'), 'mag': 5.5}]",3,16
1476,2007-08-14 14:52:24.046,1,"[{'lat': -13.386, 'long': -76.603, 'Time': Timestamp('2007-08-15 23:40:57'), 'mag': 8.0}, {'lat': -13.365, 'long': -76.747, 'Time': Timestamp('2007-08-15 23:57:32'), 'mag': 5.1}, {'lat': -13.378, 'long': -76.799, 'Time': Timestamp('2007-08-16 00:01:41'), 'mag': 5.0}, {'lat': -13.255, 'long': -76.489, 'Time': Timestamp('2007-08-16 00:02:41'), 'mag': 5.6}, {'lat': -14.226, 'long': -75.944, 'Time': Timestamp('2007-08-16 00:19:13'), 'mag': 5.8}, {'lat': -14.13, 'long': -76.199, 'Time': Timestamp('2007-08-16 00:24:36'), 'mag': 5.3}, {'lat': -13.355, 'long': -76.601, 'Time': Timestamp('2007-08-16 01:02:23'), 'mag': 5.8}, {'lat': -13.574, 'long': -76.841, 'Time': Timestamp('2007-08-16 01:06:17'), 'mag': 5.2}, {'lat': -14.184, 'long': -76.759, 'Time': Timestamp('2007-08-16 01:35:37'), 'mag': 5.4}, {'lat': -13.73, 'long': -76.073, 'Time': Timestamp('2007-08-16 02:17:09'), 'mag': 5.0}, {'lat': -13.539, 'long': -76.581, 'Time': Timestamp('2007-08-16 02:54:19'), 'mag': 5.0}, {'lat': -13.583, 'long': -76.587, 'Time': Timestamp('2007-08-16 04:04:09'), 'mag': 5.6}, {'lat': -13.412, 'long': -77.02, 'Time': Timestamp('2007-08-16 04:16:49'), 'mag': 5.0}, {'lat': -13.632, 'long': -75.779, 'Time': Timestamp('2007-08-16 04:23:15'), 'mag': 5.2}, {'lat': -14.282, 'long': -76.127, 'Time': Timestamp('2007-08-16 05:16:56'), 'mag': 6.4}, {'lat': -14.26, 'long': -76.193, 'Time': Timestamp('2007-08-16 09:02:09'), 'mag': 5.0}, {'lat': -14.07, 'long': -76.059, 'Time': Timestamp('2007-08-16 09:43:52'), 'mag': 5.3}, {'lat': -14.232, 'long': -75.823, 'Time': Timestamp('2007-08-16 11:35:29'), 'mag': 5.0}, {'lat': -14.286, 'long': -76.214, 'Time': Timestamp('2007-08-16 11:35:41'), 'mag': 6.0}]",19,18
1477,2007-08-04 18:08:23.099,1,"[{'lat': -20.578, 'long': -114.096, 'Time': Timestamp('2007-08-05 20:55:38'), 'mag': 5.1}]",1,8
1478,2007-08-08 21:21:25.328,1,"[{'lat': -15.168, 'long': -173.598, 'Time': Timestamp('2007-08-09 07:59:15'), 'mag': 5.2}, {'lat': -29.164, 'long': -177.407, 'Time': Timestamp('2007-08-10 00:20:45'), 'mag': 5.0}]",2,12
1479,2007-08-21 00:36:23.205,1,"[{'lat': 43.754, 'long': 146.015, 'Time': Timestamp('2007-08-21 11:05:02'), 'mag': 5.1}, {'lat': 7.097, 'long': 123.856, 'Time': Timestamp('2007-08-21 19:07:03'), 'mag': 5.3}, {'lat': 42.02, 'long': 140.638, 'Time': Timestamp('2007-08-22 07:26:24'), 'mag': 5.6}, {'lat': -7.042, 'long': 154.789, 'Time': Timestamp('2007-08-22 09:34:50'), 'mag': 5.0}]",4,24
1480,2007-08-15 08:47:55.627,0,[],0,18
1481,2007-08-02 12:04:53.393,1,"[{'lat': -60.373, 'long': -26.63, 'Time': Timestamp('2007-08-02 14:14:03'), 'mag': 5.1}]",1,5
1482,2007-08-17 15:23:18.872,1,"[{'lat': -13.805, 'long': -76.291, 'Time': Timestamp('2007-08-18 02:52:35'), 'mag': 6.0}, {'lat': -14.177, 'long': -76.739, 'Time': Timestamp('2007-08-18 06:21:36'), 'mag': 5.0}, {'lat': 39.618, 'long': -29.88, 'Time': Timestamp('2007-08-18 16:20:45'), 'mag': 5.0}, {'lat': -13.627, 'long': -76.536, 'Time': Timestamp('2007-08-19 00:56:20'), 'mag': 5.1}, {'lat': -13.621, 'long': -76.617, 'Time': Timestamp('2007-08-19 01:22:38'), 'mag': 5.8}, {'lat': -13.754, 'long': -76.464, 'Time': Timestamp('2007-08-19 01:25:41'), 'mag': 5.1}, {'lat': -45.714, 'long': -72.538, 'Time': Timestamp('2007-08-19 07:42:24'), 'mag': 5.0}]",7,20
1483,2007-08-17 18:38:53.501,0,[],0,20
1484,2007-08-23 21:51:51.634,0,[],0,26
1485,2007-08-06 01:06:53.606,1,"[{'lat': 2.652, 'long': 66.228, 'Time': Timestamp('2007-08-06 03:57:18'), 'mag': 5.0}, {'lat': -2.911, 'long': 141.554, 'Time': Timestamp('2007-08-06 07:47:45'), 'mag': 5.0}, {'lat': 2.481, 'long': 66.274, 'Time': Timestamp('2007-08-06 09:32:28'), 'mag': 5.3}, {'lat': 2.523, 'long': 66.295, 'Time': Timestamp('2007-08-06 10:07:44'), 'mag': 5.1}, {'lat': 6.691, 'long': 90.998, 'Time': Timestamp('2007-08-06 14:38:12'), 'mag': 5.0}, {'lat': -6.016, 'long': 150.767, 'Time': Timestamp('2007-08-06 17:11:50'), 'mag': 5.1}, {'lat': 27.292, 'long': 126.836, 'Time': Timestamp('2007-08-07 00:02:24'), 'mag': 6.0}, {'lat': 27.174, 'long': 126.66, 'Time': Timestamp('2007-08-07 02:57:20'), 'mag': 5.0}, {'lat': -9.211, 'long': 67.093, 'Time': Timestamp('2007-08-07 10:12:21'), 'mag': 5.0}, {'lat': 2.627, 'long': 66.306, 'Time': Timestamp('2007-08-07 21:11:09'), 'mag': 5.0}, {'lat': 2.23, 'long': 65.852, 'Time': Timestamp('2007-08-07 21:22:46'), 'mag': 5.0}, {'lat': 2.491, 'long': 66.102, 'Time': Timestamp('2007-08-07 21:27:04'), 'mag': 5.0}, {'lat': 37.093, 'long': 71.718, 'Time': Timestamp('2007-08-08 00:37:04'), 'mag': 5.1}]",13,8
1486,2007-08-21 06:01:56.567,0,[],0,23
1487,2007-08-06 09:16:50.716,0,[],0,8
1488,2007-08-10 12:36:23.795,1,"[{'lat': -5.545, 'long': -11.546, 'Time': Timestamp('2007-08-11 06:32:54'), 'mag': 5.1}, {'lat': -5.588, 'long': -11.479, 'Time': Timestamp('2007-08-12 08:01:27'), 'mag': 5.1}]",2,12
1489,2007-08-16 15:54:22.152,1,"[{'lat': -14.426, 'long': -76.127, 'Time': Timestamp('2007-08-17 00:31:43'), 'mag': 5.5}, {'lat': -14.459, 'long': -75.978, 'Time': Timestamp('2007-08-17 00:51:22'), 'mag': 5.4}, {'lat': -14.211, 'long': -76.087, 'Time': Timestamp('2007-08-17 02:54:17'), 'mag': 5.0}, {'lat': -14.177, 'long': -76.093, 'Time': Timestamp('2007-08-17 06:18:04'), 'mag': 5.6}, {'lat': -13.605, 'long': -76.6, 'Time': Timestamp('2007-08-17 13:18:13'), 'mag': 5.9}, {'lat': -13.805, 'long': -76.291, 'Time': Timestamp('2007-08-18 02:52:35'), 'mag': 6.0}, {'lat': -14.177, 'long': -76.739, 'Time': Timestamp('2007-08-18 06:21:36'), 'mag': 5.0}]",7,18
1490,2007-08-10 22:22:53.954,1,"[{'lat': -5.545, 'long': -11.546, 'Time': Timestamp('2007-08-11 06:32:54'), 'mag': 5.1}, {'lat': -5.588, 'long': -11.479, 'Time': Timestamp('2007-08-12 08:01:27'), 'mag': 5.1}, {'lat': -37.523, 'long': -17.579, 'Time': Timestamp('2007-08-12 19:22:52'), 'mag': 5.1}]",3,12
1491,2007-08-23 01:37:20.883,1,"[{'lat': 12.888, 'long': 145.249, 'Time': Timestamp('2007-08-23 07:43:20'), 'mag': 5.0}, {'lat': -7.341, 'long': 129.001, 'Time': Timestamp('2007-08-23 17:15:15'), 'mag': 5.0}, {'lat': -6.995, 'long': 154.847, 'Time': Timestamp('2007-08-23 22:27:05'), 'mag': 5.0}, {'lat': 41.807, 'long': 143.277, 'Time': Timestamp('2007-08-24 04:20:03'), 'mag': 5.0}, {'lat': -6.076, 'long': 129.941, 'Time': Timestamp('2007-08-24 10:16:51'), 'mag': 5.1}]",5,24
1492,2007-08-17 06:32:21.169,0,[],0,18
1493,2007-08-28 09:47:50.898,0,[],0,29
1494,2007-08-17 13:07:23.195,1,"[{'lat': -3.549, 'long': -12.104, 'Time': Timestamp('2007-08-17 16:27:40'), 'mag': 5.0}, {'lat': 39.618, 'long': -29.88, 'Time': Timestamp('2007-08-18 16:20:45'), 'mag': 5.0}, {'lat': -60.39, 'long': -26.863, 'Time': Timestamp('2007-08-19 00:04:31'), 'mag': 5.5}, {'lat': -60.345, 'long': -26.673, 'Time': Timestamp('2007-08-19 00:41:28'), 'mag': 5.1}, {'lat': -60.317, 'long': -26.569, 'Time': Timestamp('2007-08-19 01:04:51'), 'mag': 5.2}, {'lat': -60.276, 'long': -26.473, 'Time': Timestamp('2007-08-19 01:32:39'), 'mag': 5.4}, {'lat': -2.613, 'long': -12.277, 'Time': Timestamp('2007-08-19 12:59:40'), 'mag': 5.0}]",7,18
1495,2007-08-20 16:24:53.250,1,"[{'lat': -19.715, 'long': -66.451, 'Time': Timestamp('2007-08-20 21:01:28'), 'mag': 5.4}, {'lat': -13.739, 'long': -76.403, 'Time': Timestamp('2007-08-20 21:23:59'), 'mag': 5.2}, {'lat': -13.688, 'long': -76.263, 'Time': Timestamp('2007-08-21 20:37:48'), 'mag': 5.3}, {'lat': -13.624, 'long': -76.944, 'Time': Timestamp('2007-08-21 21:32:24'), 'mag': 5.3}]",4,21
1496,2007-08-29 19:39:23.303,0,[],0,30
1497,2007-08-21 22:53:23.211,1,"[{'lat': -11.39, 'long': 166.264, 'Time': Timestamp('2007-08-23 07:04:18'), 'mag': 5.0}]",1,22
1498,2007-08-23 02:07:54.380,1,"[{'lat': 12.888, 'long': 145.249, 'Time': Timestamp('2007-08-23 07:43:20'), 'mag': 5.0}, {'lat': -7.341, 'long': 129.001, 'Time': Timestamp('2007-08-23 17:15:15'), 'mag': 5.0}, {'lat': -6.995, 'long': 154.847, 'Time': Timestamp('2007-08-23 22:27:05'), 'mag': 5.0}, {'lat': 41.807, 'long': 143.277, 'Time': Timestamp('2007-08-24 04:20:03'), 'mag': 5.0}, {'lat': -6.076, 'long': 129.941, 'Time': Timestamp('2007-08-24 10:16:51'), 'mag': 5.1}]",5,23
1499,2007-08-16 07:03:21.793,0,[],0,16
1500,2007-08-23 10:21:58.388,0,[],0,23
1501,2007-08-08 13:38:23.597,1,"[{'lat': 25.918, 'long': -45.001, 'Time': Timestamp('2007-08-09 17:25:05'), 'mag': 5.6}]",1,8
1502,2007-08-05 16:55:23.651,0,[],0,5
1503,2007-08-30 20:09:53.704,1,"[{'lat': 24.902, 'long': -109.689, 'Time': Timestamp('2007-09-01 19:14:22'), 'mag': 6.1}]",1,30
1504,2007-08-10 01:00:53.783,1,"[{'lat': -49.335, 'long': 120.776, 'Time': Timestamp('2007-08-10 05:41:49'), 'mag': 5.1}, {'lat': 46.55, 'long': 153.154, 'Time': Timestamp('2007-08-10 11:47:00'), 'mag': 5.2}, {'lat': -6.521, 'long': 105.135, 'Time': Timestamp('2007-08-10 13:17:57'), 'mag': 5.0}, {'lat': 51.256, 'long': -179.827, 'Time': Timestamp('2007-08-10 13:31:25'), 'mag': 5.1}, {'lat': 2.721, 'long': 127.424, 'Time': Timestamp('2007-08-11 04:05:57'), 'mag': 5.1}, {'lat': 27.344, 'long': 87.737, 'Time': Timestamp('2007-08-11 14:35:54'), 'mag': 5.0}]",6,9
1505,2007-08-20 09:10:54.877,0,[],0,19
1506,2007-08-29 12:29:54.051,0,[],0,28
1507,2007-08-27 15:47:49.970,0,[],0,26
1508,2007-08-20 19:03:23.159,0,[],0,19
1509,2007-08-06 22:15:53.524,1,"[{'lat': 0.818, 'long': -29.168, 'Time': Timestamp('2007-08-08 01:01:39'), 'mag': 5.1}, {'lat': -32.475, 'long': -71.6, 'Time': Timestamp('2007-08-08 14:14:20'), 'mag': 5.3}]",2,5
1510,2007-08-07 01:31:22.908,1,"[{'lat': 27.174, 'long': 126.66, 'Time': Timestamp('2007-08-07 02:57:20'), 'mag': 5.0}, {'lat': -9.211, 'long': 67.093, 'Time': Timestamp('2007-08-07 10:12:21'), 'mag': 5.0}, {'lat': 2.627, 'long': 66.306, 'Time': Timestamp('2007-08-07 21:11:09'), 'mag': 5.0}, {'lat': 2.23, 'long': 65.852, 'Time': Timestamp('2007-08-07 21:22:46'), 'mag': 5.0}, {'lat': 2.491, 'long': 66.102, 'Time': Timestamp('2007-08-07 21:27:04'), 'mag': 5.0}, {'lat': 37.093, 'long': 71.718, 'Time': Timestamp('2007-08-08 00:37:04'), 'mag': 5.1}, {'lat': 51.932, 'long': 155.607, 'Time': Timestamp('2007-08-08 09:09:27'), 'mag': 5.1}, {'lat': 27.385, 'long': 128.346, 'Time': Timestamp('2007-08-08 15:19:42'), 'mag': 5.2}, {'lat': -5.926, 'long': 107.681, 'Time': Timestamp('2007-08-08 17:04:57'), 'mag': 6.1}, {'lat': -5.859, 'long': 107.419, 'Time': Timestamp('2007-08-08 17:05:04'), 'mag': 7.5}, {'lat': 14.153, 'long': 145.342, 'Time': Timestamp('2007-08-08 21:46:45'), 'mag': 5.3}, {'lat': 22.579, 'long': 121.104, 'Time': Timestamp('2007-08-09 00:55:52'), 'mag': 5.3}]",12,5
1511,2007-08-20 06:26:25.522,0,[],0,18
1512,2007-08-30 09:41:50.497,1,"[{'lat': 36.655, 'long': 26.272, 'Time': Timestamp('2007-08-31 20:52:43'), 'mag': 5.2}, {'lat': 12.606, 'long': 47.989, 'Time': Timestamp('2007-08-31 21:09:44'), 'mag': 5.1}]",2,28
1513,2007-08-17 13:01:23.453,1,"[{'lat': -3.549, 'long': -12.104, 'Time': Timestamp('2007-08-17 16:27:40'), 'mag': 5.0}, {'lat': 39.618, 'long': -29.88, 'Time': Timestamp('2007-08-18 16:20:45'), 'mag': 5.0}, {'lat': -60.39, 'long': -26.863, 'Time': Timestamp('2007-08-19 00:04:31'), 'mag': 5.5}, {'lat': -60.345, 'long': -26.673, 'Time': Timestamp('2007-08-19 00:41:28'), 'mag': 5.1}, {'lat': -60.317, 'long': -26.569, 'Time': Timestamp('2007-08-19 01:04:51'), 'mag': 5.2}, {'lat': -60.276, 'long': -26.473, 'Time': Timestamp('2007-08-19 01:32:39'), 'mag': 5.4}, {'lat': -2.613, 'long': -12.277, 'Time': Timestamp('2007-08-19 12:59:40'), 'mag': 5.0}]",7,15
1514,2007-08-12 16:18:50.818,0,[],0,10
1515,2007-08-09 19:33:23.560,0,[],0,7
1516,2007-09-01 22:47:23.468,1,"[{'lat': -56.187, 'long': -27.104, 'Time': Timestamp('2007-09-01 23:27:53'), 'mag': 5.1}, {'lat': 24.502, 'long': -109.915, 'Time': Timestamp('2007-09-01 23:35:26'), 'mag': 5.0}, {'lat': 11.607, 'long': -87.271, 'Time': Timestamp('2007-09-02 00:07:28'), 'mag': 5.2}, {'lat': -11.61, 'long': 165.762, 'Time': Timestamp('2007-09-02 01:05:18'), 'mag': 7.2}, {'lat': -11.629, 'long': 165.855, 'Time': Timestamp('2007-09-02 01:31:25'), 'mag': 5.0}, {'lat': -11.564, 'long': 166.064, 'Time': Timestamp('2007-09-02 01:41:31'), 'mag': 5.0}, {'lat': -11.808, 'long': 165.764, 'Time': Timestamp('2007-09-02 02:34:12'), 'mag': 5.4}, {'lat': -11.766, 'long': 165.699, 'Time': Timestamp('2007-09-02 02:35:23'), 'mag': 6.3}, {'lat': 24.615, 'long': -109.824, 'Time': Timestamp('2007-09-02 11:04:46'), 'mag': 5.2}, {'lat': -11.689, 'long': 165.905, 'Time': Timestamp('2007-09-02 11:42:34'), 'mag': 5.2}, {'lat': -11.403, 'long': 165.634, 'Time': Timestamp('2007-09-02 12:32:31'), 'mag': 5.2}, {'lat': -11.464, 'long': 166.048, 'Time': Timestamp('2007-09-02 14:04:33'), 'mag': 5.4}, {'lat': -11.308, 'long': 165.826, 'Time': Timestamp('2007-09-02 16:33:50'), 'mag': 5.1}, {'lat': -11.497, 'long': 165.92, 'Time': Timestamp('2007-09-02 17:22:44'), 'mag': 5.1}, {'lat': 56.9284, 'long': -154.8006, 'Time': Timestamp('2007-09-03 01:01:53'), 'mag': 5.0}, {'lat': -11.937, 'long': 166.298, 'Time': Timestamp('2007-09-03 01:28:24'), 'mag': 5.1}, {'lat': -21.487, 'long': 168.436, 'Time': Timestamp('2007-09-03 09:45:11'), 'mag': 5.0}]",17,30
1517,2007-08-13 08:33:49.085,0,[],0,10
1518,2007-08-12 11:52:53.827,1,"[{'lat': -37.523, 'long': -17.579, 'Time': Timestamp('2007-08-12 19:22:52'), 'mag': 5.1}, {'lat': -31.073, 'long': -13.397, 'Time': Timestamp('2007-08-13 20:22:13'), 'mag': 5.1}, {'lat': -30.994, 'long': -13.408, 'Time': Timestamp('2007-08-13 22:23:04'), 'mag': 5.5}]",3,9
1519,2007-08-26 15:11:16.872,1,"[{'lat': 49.525, 'long': -28.494, 'Time': Timestamp('2007-08-27 18:09:34'), 'mag': 5.0}]",1,23
1520,2007-08-16 00:54:54.041,1,"[{'lat': 50.243, 'long': -177.568, 'Time': Timestamp('2007-08-16 04:03:03'), 'mag': 5.8}, {'lat': -9.834, 'long': 159.465, 'Time': Timestamp('2007-08-16 08:39:28'), 'mag': 6.5}, {'lat': 14.07, 'long': 146.535, 'Time': Timestamp('2007-08-17 02:11:16'), 'mag': 5.3}, {'lat': -5.301, 'long': 129.469, 'Time': Timestamp('2007-08-17 02:16:30'), 'mag': 5.8}, {'lat': -5.261, 'long': 129.432, 'Time': Timestamp('2007-08-17 03:04:03'), 'mag': 6.4}, {'lat': 35.36, 'long': 140.18, 'Time': Timestamp('2007-08-17 19:14:44'), 'mag': 5.0}]",6,12
1521,2007-08-27 07:27:52.668,0,[],0,23
1522,2007-09-01 10:43:54.061,1,"[{'lat': -56.187, 'long': -27.104, 'Time': Timestamp('2007-09-01 23:27:53'), 'mag': 5.1}]",1,28
1523,2007-09-01 14:03:23.255,0,[],0,28
1524,2007-08-09 17:19:53.309,1,"[{'lat': -50.25, 'long': -115.75, 'Time': Timestamp('2007-08-09 18:59:12'), 'mag': 5.1}, {'lat': -35.852, 'long': -102.904, 'Time': Timestamp('2007-08-10 20:43:15'), 'mag': 5.3}]",2,5
1525,2007-08-21 20:34:20.227,0,[],0,17
1526,2007-08-18 23:47:53.415,1,"[{'lat': -9.844, 'long': 159.627, 'Time': Timestamp('2007-08-19 02:32:16'), 'mag': 5.2}, {'lat': -20.664, 'long': 169.702, 'Time': Timestamp('2007-08-19 13:44:04'), 'mag': 5.6}]",2,14
1527,2007-08-10 07:58:55.837,0,[],0,5
1528,2007-09-03 11:15:18.267,0,[],0,29
1529,2007-08-27 14:33:53.656,1,"[{'lat': 49.525, 'long': -28.494, 'Time': Timestamp('2007-08-27 18:09:34'), 'mag': 5.0}]",1,22
1530,2007-08-12 17:50:23.710,0,[],0,7
1531,2007-08-13 21:04:26.051,1,"[{'lat': 19.3446667, 'long': -155.0685, 'Time': Timestamp('2007-08-14 05:38:06'), 'mag': 5.4}]",1,8
1532,2007-08-27 00:18:23.816,1,"[{'lat': -25.732, 'long': 179.607, 'Time': Timestamp('2007-08-27 05:37:56'), 'mag': 5.4}, {'lat': 1.271, 'long': 126.4, 'Time': Timestamp('2007-08-27 06:50:31'), 'mag': 5.1}, {'lat': 49.525, 'long': -28.494, 'Time': Timestamp('2007-08-27 18:09:34'), 'mag': 5.0}, {'lat': 2.768, 'long': 127.413, 'Time': Timestamp('2007-08-27 20:22:05'), 'mag': 5.1}, {'lat': 2.805, 'long': 127.534, 'Time': Timestamp('2007-08-27 21:00:20'), 'mag': 5.1}, {'lat': 18.872, 'long': 145.07, 'Time': Timestamp('2007-08-27 22:21:56'), 'mag': 5.3}, {'lat': 18.906, 'long': 145.068, 'Time': Timestamp('2007-08-27 22:24:28'), 'mag': 5.3}, {'lat': 49.69, 'long': 154.29, 'Time': Timestamp('2007-08-28 01:16:04'), 'mag': 5.6}, {'lat': -1.507, 'long': 119.599, 'Time': Timestamp('2007-08-28 08:51:41'), 'mag': 5.2}]",9,21
1533,2007-09-05 06:50:54.771,0,[],0,30
1534,2007-08-31 10:06:54.502,1,"[{'lat': 36.655, 'long': 26.272, 'Time': Timestamp('2007-08-31 20:52:43'), 'mag': 5.2}]",1,25
1535,2007-08-23 13:25:54.031,0,[],0,17
1536,2007-09-02 16:43:23.085,1,"[{'lat': 2.711, 'long': -84.424, 'Time': Timestamp('2007-09-03 23:23:29'), 'mag': 5.1}, {'lat': -22.65, 'long': -70.373, 'Time': Timestamp('2007-09-04 06:20:27'), 'mag': 5.1}]",2,27
1537,2007-09-05 19:57:53.138,1,"[{'lat': 19.39, 'long': -105.41, 'Time': Timestamp('2007-09-06 03:42:38'), 'mag': 5.2}, {'lat': -56.081, 'long': -123.314, 'Time': Timestamp('2007-09-07 04:46:45'), 'mag': 5.9}]",2,30
1538,2007-09-04 23:11:20.278,1,"[{'lat': -11.479, 'long': 165.777, 'Time': Timestamp('2007-09-05 14:22:17'), 'mag': 5.2}, {'lat': -18.524, 'long': -174.652, 'Time': Timestamp('2007-09-06 13:41:16'), 'mag': 5.0}]",2,29
1539,2007-08-22 07:21:52.845,0,[],0,15
1540,2007-08-21 10:37:51.358,0,[],0,14
1541,2007-08-22 13:56:53.432,0,[],0,15
1542,2007-09-05 17:13:53.486,1,"[{'lat': 19.39, 'long': -105.41, 'Time': Timestamp('2007-09-06 03:42:38'), 'mag': 5.2}, {'lat': -56.081, 'long': -123.314, 'Time': Timestamp('2007-09-07 04:46:45'), 'mag': 5.9}]",2,29
1543,2007-08-31 20:27:47.635,1,"[{'lat': 24.902, 'long': -109.689, 'Time': Timestamp('2007-09-01 19:14:22'), 'mag': 6.1}, {'lat': 24.502, 'long': -109.915, 'Time': Timestamp('2007-09-01 23:35:26'), 'mag': 5.0}, {'lat': 24.615, 'long': -109.824, 'Time': Timestamp('2007-09-02 11:04:46'), 'mag': 5.2}]",3,24
1544,2007-08-18 01:18:53.618,1,"[{'lat': 2.075, 'long': 96.693, 'Time': Timestamp('2007-08-18 04:38:23'), 'mag': 5.0}, {'lat': -2.825, 'long': 36.207, 'Time': Timestamp('2007-08-18 07:44:02'), 'mag': 5.2}, {'lat': 35.248, 'long': 140.088, 'Time': Timestamp('2007-08-18 07:55:10'), 'mag': 5.2}, {'lat': 39.618, 'long': -29.88, 'Time': Timestamp('2007-08-18 16:20:45'), 'mag': 5.0}, {'lat': -5.073, 'long': 144.053, 'Time': Timestamp('2007-08-18 18:30:37'), 'mag': 5.3}, {'lat': -9.844, 'long': 159.627, 'Time': Timestamp('2007-08-19 02:32:16'), 'mag': 5.2}, {'lat': 0.888, 'long': 97.539, 'Time': Timestamp('2007-08-19 13:12:39'), 'mag': 5.0}, {'lat': 0.868, 'long': 97.532, 'Time': Timestamp('2007-08-19 13:34:24'), 'mag': 5.0}, {'lat': -5.368, 'long': 140.847, 'Time': Timestamp('2007-08-19 19:09:45'), 'mag': 5.3}, {'lat': -33.371, 'long': 77.805, 'Time': Timestamp('2007-08-19 19:22:54'), 'mag': 5.0}]",10,10
1545,2007-08-30 06:13:56.578,0,[],0,22
1546,2007-08-26 09:29:23.507,0,[],0,18
1547,2007-08-16 12:48:53.889,1,"[{'lat': -3.522, 'long': -12.153, 'Time': Timestamp('2007-08-16 14:18:24'), 'mag': 5.5}, {'lat': -3.588, 'long': -11.798, 'Time': Timestamp('2007-08-16 14:44:04'), 'mag': 5.3}, {'lat': -3.549, 'long': -12.104, 'Time': Timestamp('2007-08-17 16:27:40'), 'mag': 5.0}]",3,8
1548,2007-09-03 22:35:24.049,1,"[{'lat': 2.711, 'long': -84.424, 'Time': Timestamp('2007-09-03 23:23:29'), 'mag': 5.1}, {'lat': -6.985, 'long': -106.828, 'Time': Timestamp('2007-09-04 00:31:24'), 'mag': 5.1}, {'lat': -22.65, 'long': -70.373, 'Time': Timestamp('2007-09-04 06:20:27'), 'mag': 5.1}, {'lat': 24.352, 'long': -109.951, 'Time': Timestamp('2007-09-05 03:07:37'), 'mag': 5.4}, {'lat': -13.88, 'long': -76.758, 'Time': Timestamp('2007-09-05 10:53:09'), 'mag': 5.1}, {'lat': -11.479, 'long': 165.777, 'Time': Timestamp('2007-09-05 14:22:17'), 'mag': 5.2}]",6,26
1549,2007-09-08 01:49:24.073,1,"[{'lat': -0.295, 'long': 126.011, 'Time': Timestamp('2007-09-08 16:53:58'), 'mag': 5.1}]",1,30
1550,2007-08-31 08:23:21.402,1,"[{'lat': 12.606, 'long': 47.989, 'Time': Timestamp('2007-08-31 21:09:44'), 'mag': 5.1}]",1,22
1551,2007-08-28 11:40:23.263,0,[],0,19
1552,2007-09-05 14:58:53.317,1,"[{'lat': 7.318, 'long': -34.681, 'Time': Timestamp('2007-09-07 09:25:17'), 'mag': 5.4}]",1,27
1553,2007-08-24 18:14:53.371,1,"[{'lat': 16.425, 'long': -97.732, 'Time': Timestamp('2007-08-26 17:18:51'), 'mag': 5.1}]",1,15
1554,2007-08-18 21:28:22.944,1,"[{'lat': -60.39, 'long': -26.863, 'Time': Timestamp('2007-08-19 00:04:31'), 'mag': 5.5}, {'lat': -60.345, 'long': -26.673, 'Time': Timestamp('2007-08-19 00:41:28'), 'mag': 5.1}, {'lat': -13.627, 'long': -76.536, 'Time': Timestamp('2007-08-19 00:56:20'), 'mag': 5.1}, {'lat': -60.317, 'long': -26.569, 'Time': Timestamp('2007-08-19 01:04:51'), 'mag': 5.2}, {'lat': -13.621, 'long': -76.617, 'Time': Timestamp('2007-08-19 01:22:38'), 'mag': 5.8}, {'lat': -13.754, 'long': -76.464, 'Time': Timestamp('2007-08-19 01:25:41'), 'mag': 5.1}, {'lat': -60.276, 'long': -26.473, 'Time': Timestamp('2007-08-19 01:32:39'), 'mag': 5.4}, {'lat': -45.714, 'long': -72.538, 'Time': Timestamp('2007-08-19 07:42:24'), 'mag': 5.0}, {'lat': -2.613, 'long': -12.277, 'Time': Timestamp('2007-08-19 12:59:40'), 'mag': 5.0}, {'lat': -33.908, 'long': -178.69, 'Time': Timestamp('2007-08-19 13:30:41'), 'mag': 5.5}, {'lat': -31.679, 'long': -178.017, 'Time': Timestamp('2007-08-19 16:44:35'), 'mag': 5.4}, {'lat': -33.371, 'long': 77.805, 'Time': Timestamp('2007-08-19 19:22:54'), 'mag': 5.0}, {'lat': -13.63, 'long': -76.498, 'Time': Timestamp('2007-08-19 20:11:44'), 'mag': 5.6}, {'lat': -2.71, 'long': 36.292, 'Time': Timestamp('2007-08-20 02:56:48'), 'mag': 5.4}, {'lat': -0.256, 'long': -18.175, 'Time': Timestamp('2007-08-20 12:37:06'), 'mag': 5.7}, {'lat': -19.715, 'long': -66.451, 'Time': Timestamp('2007-08-20 21:01:28'), 'mag': 5.4}, {'lat': -13.739, 'long': -76.403, 'Time': Timestamp('2007-08-20 21:23:59'), 'mag': 5.2}]",17,9
1555,2007-08-26 00:42:23.477,1,"[{'lat': 43.799, 'long': 147.107, 'Time': Timestamp('2007-08-26 05:31:10'), 'mag': 5.4}, {'lat': -9.906, 'long': 154.219, 'Time': Timestamp('2007-08-26 12:23:45'), 'mag': 5.0}, {'lat': -9.776, 'long': 154.118, 'Time': Timestamp('2007-08-26 13:47:02'), 'mag': 5.3}, {'lat': 1.271, 'long': 126.4, 'Time': Timestamp('2007-08-27 06:50:31'), 'mag': 5.1}, {'lat': 49.525, 'long': -28.494, 'Time': Timestamp('2007-08-27 18:09:34'), 'mag': 5.0}, {'lat': 2.768, 'long': 127.413, 'Time': Timestamp('2007-08-27 20:22:05'), 'mag': 5.1}, {'lat': 2.805, 'long': 127.534, 'Time': Timestamp('2007-08-27 21:00:20'), 'mag': 5.1}, {'lat': 18.872, 'long': 145.07, 'Time': Timestamp('2007-08-27 22:21:56'), 'mag': 5.3}, {'lat': 18.906, 'long': 145.068, 'Time': Timestamp('2007-08-27 22:24:28'), 'mag': 5.3}]",9,16
1556,2007-08-31 07:15:26.463,1,"[{'lat': 12.606, 'long': 47.989, 'Time': Timestamp('2007-08-31 21:09:44'), 'mag': 5.1}]",1,21
1557,2007-08-15 10:31:55.602,1,"[{'lat': -3.522, 'long': -12.153, 'Time': Timestamp('2007-08-16 14:18:24'), 'mag': 5.5}, {'lat': -3.588, 'long': -11.798, 'Time': Timestamp('2007-08-16 14:44:04'), 'mag': 5.3}]",2,5
1558,2007-08-17 13:50:53.692,1,"[{'lat': 39.618, 'long': -29.88, 'Time': Timestamp('2007-08-18 16:20:45'), 'mag': 5.0}, {'lat': -45.714, 'long': -72.538, 'Time': Timestamp('2007-08-19 07:42:24'), 'mag': 5.0}]",2,7
1559,2007-08-22 17:07:53.745,0,[],0,12
1560,2007-08-15 20:21:50.662,0,[],0,5
1561,2007-08-18 01:12:53.878,1,"[{'lat': 2.075, 'long': 96.693, 'Time': Timestamp('2007-08-18 04:38:23'), 'mag': 5.0}, {'lat': -2.825, 'long': 36.207, 'Time': Timestamp('2007-08-18 07:44:02'), 'mag': 5.2}, {'lat': 35.248, 'long': 140.088, 'Time': Timestamp('2007-08-18 07:55:10'), 'mag': 5.2}, {'lat': 39.618, 'long': -29.88, 'Time': Timestamp('2007-08-18 16:20:45'), 'mag': 5.0}, {'lat': -5.073, 'long': 144.053, 'Time': Timestamp('2007-08-18 18:30:37'), 'mag': 5.3}, {'lat': -9.844, 'long': 159.627, 'Time': Timestamp('2007-08-19 02:32:16'), 'mag': 5.2}, {'lat': 0.888, 'long': 97.539, 'Time': Timestamp('2007-08-19 13:12:39'), 'mag': 5.0}, {'lat': 0.868, 'long': 97.532, 'Time': Timestamp('2007-08-19 13:34:24'), 'mag': 5.0}, {'lat': -5.368, 'long': 140.847, 'Time': Timestamp('2007-08-19 19:09:45'), 'mag': 5.3}, {'lat': -33.371, 'long': 77.805, 'Time': Timestamp('2007-08-19 19:22:54'), 'mag': 5.0}]",10,7
1562,2007-08-21 06:07:56.837,0,[],0,10
1563,2007-09-02 09:23:19.771,0,[],0,22
1564,2007-08-17 12:42:24.066,1,"[{'lat': -3.549, 'long': -12.104, 'Time': Timestamp('2007-08-17 16:27:40'), 'mag': 5.0}, {'lat': 39.618, 'long': -29.88, 'Time': Timestamp('2007-08-18 16:20:45'), 'mag': 5.0}, {'lat': -60.39, 'long': -26.863, 'Time': Timestamp('2007-08-19 00:04:31'), 'mag': 5.5}, {'lat': -60.345, 'long': -26.673, 'Time': Timestamp('2007-08-19 00:41:28'), 'mag': 5.1}, {'lat': -60.317, 'long': -26.569, 'Time': Timestamp('2007-08-19 01:04:51'), 'mag': 5.2}, {'lat': -60.276, 'long': -26.473, 'Time': Timestamp('2007-08-19 01:32:39'), 'mag': 5.4}]",6,6
1565,2007-09-02 16:00:18.768,1,"[{'lat': 2.711, 'long': -84.424, 'Time': Timestamp('2007-09-03 23:23:29'), 'mag': 5.1}, {'lat': -22.65, 'long': -70.373, 'Time': Timestamp('2007-09-04 06:20:27'), 'mag': 5.1}]",2,22
1566,2007-08-30 19:15:23.173,1,"[{'lat': 24.902, 'long': -109.689, 'Time': Timestamp('2007-09-01 19:14:22'), 'mag': 6.1}]",1,19
1567,2007-08-22 22:29:23.226,1,"[{'lat': -11.39, 'long': 166.264, 'Time': Timestamp('2007-08-23 07:04:18'), 'mag': 5.0}]",1,11
1568,2007-08-23 01:43:24.250,1,"[{'lat': 12.888, 'long': 145.249, 'Time': Timestamp('2007-08-23 07:43:20'), 'mag': 5.0}, {'lat': -7.341, 'long': 129.001, 'Time': Timestamp('2007-08-23 17:15:15'), 'mag': 5.0}, {'lat': -6.995, 'long': 154.847, 'Time': Timestamp('2007-08-23 22:27:05'), 'mag': 5.0}, {'lat': 41.807, 'long': 143.277, 'Time': Timestamp('2007-08-24 04:20:03'), 'mag': 5.0}, {'lat': -6.076, 'long': 129.941, 'Time': Timestamp('2007-08-24 10:16:51'), 'mag': 5.1}]",5,11
1569,2007-09-11 06:38:25.536,0,[],0,30
1570,2007-09-06 09:54:19.841,0,[],0,25
1571,2007-08-30 13:13:23.467,1,"[{'lat': 27.843, 'long': -43.985, 'Time': Timestamp('2007-09-01 01:28:02'), 'mag': 5.2}, {'lat': 27.796, 'long': -44.106, 'Time': Timestamp('2007-09-01 01:56:49'), 'mag': 5.3}]",2,18
1572,2007-09-01 22:59:19.386,1,"[{'lat': -11.61, 'long': 165.762, 'Time': Timestamp('2007-09-02 01:05:18'), 'mag': 7.2}, {'lat': -11.629, 'long': 165.855, 'Time': Timestamp('2007-09-02 01:31:25'), 'mag': 5.0}, {'lat': -11.564, 'long': 166.064, 'Time': Timestamp('2007-09-02 01:41:31'), 'mag': 5.0}, {'lat': -11.808, 'long': 165.764, 'Time': Timestamp('2007-09-02 02:34:12'), 'mag': 5.4}, {'lat': -11.766, 'long': 165.699, 'Time': Timestamp('2007-09-02 02:35:23'), 'mag': 6.3}, {'lat': -11.689, 'long': 165.905, 'Time': Timestamp('2007-09-02 11:42:34'), 'mag': 5.2}, {'lat': -11.403, 'long': 165.634, 'Time': Timestamp('2007-09-02 12:32:31'), 'mag': 5.2}, {'lat': -11.464, 'long': 166.048, 'Time': Timestamp('2007-09-02 14:04:33'), 'mag': 5.4}, {'lat': -11.308, 'long': 165.826, 'Time': Timestamp('2007-09-02 16:33:50'), 'mag': 5.1}, {'lat': -11.497, 'long': 165.92, 'Time': Timestamp('2007-09-02 17:22:44'), 'mag': 5.1}, {'lat': 56.9284, 'long': -154.8006, 'Time': Timestamp('2007-09-03 01:01:53'), 'mag': 5.0}, {'lat': -11.937, 'long': 166.298, 'Time': Timestamp('2007-09-03 01:28:24'), 'mag': 5.1}, {'lat': -21.487, 'long': 168.436, 'Time': Timestamp('2007-09-03 09:45:11'), 'mag': 5.0}]",13,20
1573,2007-09-10 02:13:54.651,1,"[{'lat': 1.066, 'long': 126.225, 'Time': Timestamp('2007-09-10 21:56:34'), 'mag': 5.0}, {'lat': 4.8, 'long': 127.561, 'Time': Timestamp('2007-09-11 01:56:01'), 'mag': 5.4}, {'lat': -0.88, 'long': 146.57, 'Time': Timestamp('2007-09-12 01:55:44'), 'mag': 5.1}]",3,28
1574,2007-08-23 07:09:26.640,1,"[{'lat': 28.154, 'long': 56.652, 'Time': Timestamp('2007-08-25 04:24:21'), 'mag': 5.0}]",1,10
1575,2007-09-12 10:25:23.010,1,"[{'lat': -43.924, 'long': -16.282, 'Time': Timestamp('2007-09-13 00:49:16'), 'mag': 5.3}]",1,30
1576,2007-09-08 13:44:23.868,0,[],0,26
1577,2007-08-21 17:01:23.922,1,"[{'lat': -13.688, 'long': -76.263, 'Time': Timestamp('2007-08-21 20:37:48'), 'mag': 5.3}, {'lat': -13.624, 'long': -76.944, 'Time': Timestamp('2007-08-21 21:32:24'), 'mag': 5.3}]",2,8
1578,2007-09-12 20:15:54.936,1,"[{'lat': -57.625, 'long': -147.303, 'Time': Timestamp('2007-09-13 20:06:38'), 'mag': 6.0}]",1,30
1579,2007-09-04 23:29:51.339,1,"[{'lat': -11.479, 'long': 165.777, 'Time': Timestamp('2007-09-05 14:22:17'), 'mag': 5.2}, {'lat': -18.524, 'long': -174.652, 'Time': Timestamp('2007-09-06 13:41:16'), 'mag': 5.0}]",2,22
1580,2007-09-09 07:40:22.682,1,"[{'lat': -18.947, 'long': 65.489, 'Time': Timestamp('2007-09-10 20:28:30'), 'mag': 5.2}]",1,26
1581,2007-08-28 10:56:21.824,0,[],0,14
1582,2007-09-01 14:15:23.341,0,[],0,18
1583,2007-09-04 17:31:53.394,1,"[{'lat': 24.352, 'long': -109.951, 'Time': Timestamp('2007-09-05 03:07:37'), 'mag': 5.4}, {'lat': -13.88, 'long': -76.758, 'Time': Timestamp('2007-09-05 10:53:09'), 'mag': 5.1}, {'lat': 19.39, 'long': -105.41, 'Time': Timestamp('2007-09-06 03:42:38'), 'mag': 5.2}]",3,21
1584,2007-08-25 20:46:28.503,0,[],0,11
1585,2007-09-08 23:59:53.500,0,[],0,25
1586,2007-08-20 08:10:53.154,0,[],0,5
1587,2007-08-30 11:27:53.688,1,"[{'lat': 36.655, 'long': 26.272, 'Time': Timestamp('2007-08-31 20:52:43'), 'mag': 5.2}]",1,15
1588,2007-09-01 14:46:23.742,0,[],0,17
1589,2007-09-10 21:16:19.272,0,[],0,26
1590,2007-09-07 00:30:23.901,1,"[{'lat': -2.609, 'long': 134.116, 'Time': Timestamp('2007-09-07 08:52:31'), 'mag': 5.2}, {'lat': 2.71, 'long': 66.194, 'Time': Timestamp('2007-09-07 09:19:53'), 'mag': 5.0}, {'lat': 2.714, 'long': 66.237, 'Time': Timestamp('2007-09-07 09:56:39'), 'mag': 5.0}, {'lat': -7.141, 'long': 103.279, 'Time': Timestamp('2007-09-07 23:56:23'), 'mag': 5.1}, {'lat': 0.292, 'long': 97.753, 'Time': Timestamp('2007-09-08 08:39:38'), 'mag': 5.2}, {'lat': 0.339, 'long': 97.802, 'Time': Timestamp('2007-09-08 11:31:44'), 'mag': 5.1}, {'lat': -0.295, 'long': 126.011, 'Time': Timestamp('2007-09-08 16:53:58'), 'mag': 5.1}]",7,22
1591,2007-09-07 08:39:49.347,0,[],0,22
1592,2007-09-07 11:58:53.089,0,[],0,22
1593,2007-09-15 15:17:18.567,1,"[{'lat': -8.835, 'long': -74.518, 'Time': Timestamp('2007-09-17 10:57:43'), 'mag': 5.2}]",1,30
1594,2007-09-04 18:32:53.196,1,"[{'lat': 24.352, 'long': -109.951, 'Time': Timestamp('2007-09-05 03:07:37'), 'mag': 5.4}, {'lat': 19.39, 'long': -105.41, 'Time': Timestamp('2007-09-06 03:42:38'), 'mag': 5.2}]",2,19
1595,2007-09-04 21:46:51.554,1,"[{'lat': 24.352, 'long': -109.951, 'Time': Timestamp('2007-09-05 03:07:37'), 'mag': 5.4}, {'lat': -13.88, 'long': -76.758, 'Time': Timestamp('2007-09-05 10:53:09'), 'mag': 5.1}, {'lat': 19.39, 'long': -105.41, 'Time': Timestamp('2007-09-06 03:42:38'), 'mag': 5.2}, {'lat': -18.524, 'long': -174.652, 'Time': Timestamp('2007-09-06 13:41:16'), 'mag': 5.0}]",4,19
1596,2007-09-09 01:00:53.303,1,"[{'lat': 30.612, 'long': 69.792, 'Time': Timestamp('2007-09-09 02:00:41'), 'mag': 5.3}, {'lat': -18.947, 'long': 65.489, 'Time': Timestamp('2007-09-10 20:28:30'), 'mag': 5.2}, {'lat': 1.066, 'long': 126.225, 'Time': Timestamp('2007-09-10 21:56:34'), 'mag': 5.0}]",3,23
1597,2007-09-15 07:33:57.026,1,"[{'lat': -11.812, 'long': 42.082, 'Time': Timestamp('2007-09-16 14:01:47'), 'mag': 5.0}]",1,29
1598,2007-08-29 10:50:22.001,0,[],0,12
1599,2007-09-03 14:09:23.518,1,"[{'lat': -22.65, 'long': -70.373, 'Time': Timestamp('2007-09-04 06:20:27'), 'mag': 5.1}]",1,17
1600,2007-08-28 17:25:53.571,1,"[{'lat': -0.462, 'long': -91.22, 'Time': Timestamp('2007-08-28 22:46:39'), 'mag': 5.2}, {'lat': -0.559, 'long': -91.339, 'Time': Timestamp('2007-08-29 22:10:10'), 'mag': 5.4}]",2,11
1601,2007-09-10 22:16:53.651,1,"[{'lat': 15.413, 'long': -94.593, 'Time': Timestamp('2007-09-11 03:12:04'), 'mag': 5.0}, {'lat': -9.12, 'long': -109.434, 'Time': Timestamp('2007-09-11 06:21:15'), 'mag': 5.5}]",2,24
1602,2007-09-03 01:31:23.347,1,"[{'lat': 45.836, 'long': 150.06, 'Time': Timestamp('2007-09-03 16:14:53'), 'mag': 6.2}, {'lat': -5.374, 'long': 130.767, 'Time': Timestamp('2007-09-04 21:53:22'), 'mag': 5.3}]",2,16
1603,2007-09-14 08:04:56.099,1,"[{'lat': 2.737, 'long': 66.142, 'Time': Timestamp('2007-09-15 07:30:02'), 'mag': 5.0}]",1,27
1604,2007-09-17 11:21:24.065,0,[],0,30
1605,2007-09-09 14:40:23.919,1,"[{'lat': -17.281, 'long': -69.663, 'Time': Timestamp('2007-09-10 00:13:09'), 'mag': 5.2}]",1,22
1606,2007-09-15 17:56:23.972,1,"[{'lat': 14.828, 'long': -87.12, 'Time': Timestamp('2007-09-15 17:59:41'), 'mag': 5.3}, {'lat': 24.489, 'long': -109.85, 'Time': Timestamp('2007-09-17 00:16:31'), 'mag': 5.4}, {'lat': 24.453, 'long': -109.953, 'Time': Timestamp('2007-09-17 08:04:20'), 'mag': 5.0}]",3,28
1607,2007-08-25 21:10:22.218,1,"[{'lat': -17.457, 'long': -174.335, 'Time': Timestamp('2007-08-26 12:37:31'), 'mag': 6.1}, {'lat': -17.311, 'long': -172.249, 'Time': Timestamp('2007-08-27 17:11:59'), 'mag': 5.7}]",2,7
1608,2007-08-24 00:24:24.078,1,"[{'lat': 41.807, 'long': 143.277, 'Time': Timestamp('2007-08-24 04:20:03'), 'mag': 5.0}, {'lat': -6.076, 'long': 129.941, 'Time': Timestamp('2007-08-24 10:16:51'), 'mag': 5.1}, {'lat': 28.154, 'long': 56.652, 'Time': Timestamp('2007-08-25 04:24:21'), 'mag': 5.0}, {'lat': 14.291, 'long': 93.989, 'Time': Timestamp('2007-08-25 17:03:07'), 'mag': 5.2}, {'lat': 39.282, 'long': 41.124, 'Time': Timestamp('2007-08-25 22:05:49'), 'mag': 5.3}]",5,5
1609,2007-09-02 06:56:55.474,1,"[{'lat': 44.579, 'long': 78.339, 'Time': Timestamp('2007-09-02 15:30:37'), 'mag': 5.1}]",1,14
1610,2007-09-09 10:12:49.667,0,[],0,21
1611,2007-09-08 13:32:23.293,0,[],0,20
1612,2007-08-30 23:17:20.540,1,"[{'lat': -11.594, 'long': 165.734, 'Time': Timestamp('2007-08-31 02:16:42'), 'mag': 5.0}]",1,11
1613,2007-08-26 07:27:53.107,0,[],0,6
1614,2007-08-29 10:43:54.500,0,[],0,9
1615,2007-08-28 14:02:53.694,1,"[{'lat': -20.948, 'long': -68.36, 'Time': Timestamp('2007-08-29 16:18:10'), 'mag': 5.5}]",1,8
1616,2007-08-29 17:19:53.748,1,"[{'lat': -0.559, 'long': -91.339, 'Time': Timestamp('2007-08-29 22:10:10'), 'mag': 5.4}, {'lat': 11.591, 'long': -87.375, 'Time': Timestamp('2007-08-31 05:24:35'), 'mag': 5.1}]",2,9
1617,2007-09-04 20:30:48.008,1,"[{'lat': 24.352, 'long': -109.951, 'Time': Timestamp('2007-09-05 03:07:37'), 'mag': 5.4}]",1,15
1618,2007-08-26 23:47:53.854,1,"[{'lat': -25.732, 'long': 179.607, 'Time': Timestamp('2007-08-27 05:37:56'), 'mag': 5.4}, {'lat': -17.311, 'long': -172.249, 'Time': Timestamp('2007-08-27 17:11:59'), 'mag': 5.7}]",2,6
1619,2007-09-16 07:58:27.604,1,"[{'lat': -11.812, 'long': 42.082, 'Time': Timestamp('2007-09-16 14:01:47'), 'mag': 5.0}]",1,26
1620,2007-08-31 21:01:20.288,0,[],0,10
1621,2007-08-27 00:18:23.255,1,"[{'lat': -25.732, 'long': 179.607, 'Time': Timestamp('2007-08-27 05:37:56'), 'mag': 5.4}, {'lat': 1.271, 'long': 126.4, 'Time': Timestamp('2007-08-27 06:50:31'), 'mag': 5.1}, {'lat': 49.525, 'long': -28.494, 'Time': Timestamp('2007-08-27 18:09:34'), 'mag': 5.0}, {'lat': 2.768, 'long': 127.413, 'Time': Timestamp('2007-08-27 20:22:05'), 'mag': 5.1}, {'lat': 2.805, 'long': 127.534, 'Time': Timestamp('2007-08-27 21:00:20'), 'mag': 5.1}, {'lat': 18.872, 'long': 145.07, 'Time': Timestamp('2007-08-27 22:21:56'), 'mag': 5.3}, {'lat': 18.906, 'long': 145.068, 'Time': Timestamp('2007-08-27 22:24:28'), 'mag': 5.3}, {'lat': 49.69, 'long': 154.29, 'Time': Timestamp('2007-08-28 01:16:04'), 'mag': 5.6}, {'lat': -1.507, 'long': 119.599, 'Time': Timestamp('2007-08-28 08:51:41'), 'mag': 5.2}]",9,5
1622,2007-09-06 08:29:21.581,0,[],0,15
1623,2007-09-20 11:46:23.536,1,"[{'lat': -47.538, 'long': -13.674, 'Time': Timestamp('2007-09-21 15:11:52'), 'mag': 5.0}]",1,29
1624,2007-09-06 15:04:52.351,1,"[{'lat': 7.318, 'long': -34.681, 'Time': Timestamp('2007-09-07 09:25:17'), 'mag': 5.4}]",1,15
1625,2007-09-01 21:33:24.991,1,"[{'lat': -56.187, 'long': -27.104, 'Time': Timestamp('2007-09-01 23:27:53'), 'mag': 5.1}, {'lat': 24.502, 'long': -109.915, 'Time': Timestamp('2007-09-01 23:35:26'), 'mag': 5.0}, {'lat': 11.607, 'long': -87.271, 'Time': Timestamp('2007-09-02 00:07:28'), 'mag': 5.2}, {'lat': 24.615, 'long': -109.824, 'Time': Timestamp('2007-09-02 11:04:46'), 'mag': 5.2}, {'lat': 56.9284, 'long': -154.8006, 'Time': Timestamp('2007-09-03 01:01:53'), 'mag': 5.0}]",5,10
1626,2007-09-03 00:48:23.749,1,"[{'lat': -11.937, 'long': 166.298, 'Time': Timestamp('2007-09-03 01:28:24'), 'mag': 5.1}, {'lat': -21.487, 'long': 168.436, 'Time': Timestamp('2007-09-03 09:45:11'), 'mag': 5.0}, {'lat': 45.836, 'long': 150.06, 'Time': Timestamp('2007-09-03 16:14:53'), 'mag': 6.2}, {'lat': -5.374, 'long': 130.767, 'Time': Timestamp('2007-09-04 21:53:22'), 'mag': 5.3}]",4,11
1627,2007-09-18 07:21:24.705,0,[],0,26
1628,2007-09-14 10:37:58.754,0,[],0,22
1629,2007-09-03 13:56:53.964,0,[],0,11
1630,2007-09-12 17:13:24.018,0,[],0,20
1631,2007-09-16 20:27:50.935,1,"[{'lat': 24.489, 'long': -109.85, 'Time': Timestamp('2007-09-17 00:16:31'), 'mag': 5.4}, {'lat': 24.453, 'long': -109.953, 'Time': Timestamp('2007-09-17 08:04:20'), 'mag': 5.0}]",2,24
1632,2007-09-19 23:41:53.124,1,"[{'lat': -58.551, 'long': 149.042, 'Time': Timestamp('2007-09-20 02:24:07'), 'mag': 5.3}, {'lat': 51.658, 'long': 178.785, 'Time': Timestamp('2007-09-20 17:08:45'), 'mag': 5.0}]",2,27
1633,2007-09-15 07:52:26.875,1,"[{'lat': -11.812, 'long': 42.082, 'Time': Timestamp('2007-09-16 14:01:47'), 'mag': 5.0}]",1,22
1634,2007-09-19 11:08:51.961,1,"[{'lat': -32.243, 'long': -13.922, 'Time': Timestamp('2007-09-19 17:16:46'), 'mag': 5.4}]",1,26
1635,2007-09-23 14:27:53.366,1,"[{'lat': -12.686, 'long': -71.316, 'Time': Timestamp('2007-09-24 02:25:44'), 'mag': 5.1}, {'lat': -19.531, 'long': -68.539, 'Time': Timestamp('2007-09-24 19:06:37'), 'mag': 5.1}]",2,30
1636,2007-09-09 17:43:53.419,1,"[{'lat': 24.772, 'long': -109.732, 'Time': Timestamp('2007-09-10 00:20:18'), 'mag': 5.1}, {'lat': 2.966, 'long': -77.963, 'Time': Timestamp('2007-09-10 01:49:11'), 'mag': 6.8}, {'lat': -4.13, 'long': -103.419, 'Time': Timestamp('2007-09-10 08:00:49'), 'mag': 5.0}, {'lat': -3.989, 'long': -103.028, 'Time': Timestamp('2007-09-10 08:31:30'), 'mag': 5.1}, {'lat': 15.413, 'long': -94.593, 'Time': Timestamp('2007-09-11 03:12:04'), 'mag': 5.0}, {'lat': -9.12, 'long': -109.434, 'Time': Timestamp('2007-09-11 06:21:15'), 'mag': 5.5}]",6,16
1637,2007-09-15 20:55:23.327,0,[],0,22
1638,2007-09-07 00:11:53.525,1,"[{'lat': -2.609, 'long': 134.116, 'Time': Timestamp('2007-09-07 08:52:31'), 'mag': 5.2}, {'lat': 2.71, 'long': 66.194, 'Time': Timestamp('2007-09-07 09:19:53'), 'mag': 5.0}, {'lat': 2.714, 'long': 66.237, 'Time': Timestamp('2007-09-07 09:56:39'), 'mag': 5.0}, {'lat': -7.141, 'long': 103.279, 'Time': Timestamp('2007-09-07 23:56:23'), 'mag': 5.1}, {'lat': 0.292, 'long': 97.753, 'Time': Timestamp('2007-09-08 08:39:38'), 'mag': 5.2}, {'lat': 0.339, 'long': 97.802, 'Time': Timestamp('2007-09-08 11:31:44'), 'mag': 5.1}, {'lat': -0.295, 'long': 126.011, 'Time': Timestamp('2007-09-08 16:53:58'), 'mag': 5.1}]",7,13
1639,2007-09-01 10:00:20.115,0,[],0,7
1640,2007-09-24 13:19:23.740,0,[],0,30
1641,2007-09-05 16:36:53.793,0,[],0,11
1642,2007-09-22 19:51:23.847,0,[],0,28
1643,2007-09-09 23:05:19.659,1,"[{'lat': -15.109, 'long': -174.083, 'Time': Timestamp('2007-09-10 10:04:14'), 'mag': 5.2}, {'lat': -17.925, 'long': -173.799, 'Time': Timestamp('2007-09-10 18:37:11'), 'mag': 5.0}]",2,15
1644,2007-09-10 02:19:53.708,1,"[{'lat': 1.066, 'long': 126.225, 'Time': Timestamp('2007-09-10 21:56:34'), 'mag': 5.0}, {'lat': 4.8, 'long': 127.561, 'Time': Timestamp('2007-09-11 01:56:01'), 'mag': 5.4}, {'lat': -0.88, 'long': 146.57, 'Time': Timestamp('2007-09-12 01:55:44'), 'mag': 5.1}]",3,15
1645,2007-09-23 07:15:26.913,0,[],0,28
1646,2007-09-21 10:31:22.284,1,"[{'lat': -47.538, 'long': -13.674, 'Time': Timestamp('2007-09-21 15:11:52'), 'mag': 5.0}, {'lat': 35.27, 'long': 27.12, 'Time': Timestamp('2007-09-23 00:54:29'), 'mag': 5.3}]",2,26
1647,2007-09-23 13:50:53.141,0,[],0,28
1648,2007-09-22 23:35:20.723,1,"[{'lat': -15.337, 'long': 167.844, 'Time': Timestamp('2007-09-24 09:33:33'), 'mag': 5.0}, {'lat': -11.827, 'long': 166.1, 'Time': Timestamp('2007-09-24 11:13:00'), 'mag': 5.0}, {'lat': -11.774, 'long': 166.182, 'Time': Timestamp('2007-09-24 11:55:06'), 'mag': 5.6}]",3,27
1649,2007-09-19 07:45:52.955,0,[],0,23
1650,2007-09-02 11:02:50.698,0,[],0,6
1651,2007-09-08 14:21:23.542,1,"[{'lat': -17.281, 'long': -69.663, 'Time': Timestamp('2007-09-10 00:13:09'), 'mag': 5.2}]",1,12
1652,2007-09-09 17:37:53.596,1,"[{'lat': 24.772, 'long': -109.732, 'Time': Timestamp('2007-09-10 00:20:18'), 'mag': 5.1}, {'lat': 2.966, 'long': -77.963, 'Time': Timestamp('2007-09-10 01:49:11'), 'mag': 6.8}, {'lat': -4.13, 'long': -103.419, 'Time': Timestamp('2007-09-10 08:00:49'), 'mag': 5.0}, {'lat': -3.989, 'long': -103.028, 'Time': Timestamp('2007-09-10 08:31:30'), 'mag': 5.1}, {'lat': 15.413, 'long': -94.593, 'Time': Timestamp('2007-09-11 03:12:04'), 'mag': 5.0}, {'lat': -9.12, 'long': -109.434, 'Time': Timestamp('2007-09-11 06:21:15'), 'mag': 5.5}]",6,13
1653,2007-09-08 20:48:50.736,0,[],0,12
1654,2007-09-25 00:05:53.702,1,"[{'lat': -30.965, 'long': 179.998, 'Time': Timestamp('2007-09-25 05:16:01'), 'mag': 6.2}, {'lat': -1.774, 'long': 100.46, 'Time': Timestamp('2007-09-25 08:27:04'), 'mag': 5.3}, {'lat': 7.941, 'long': 126.54, 'Time': Timestamp('2007-09-25 21:54:58'), 'mag': 5.0}, {'lat': -39.54, 'long': 178.5, 'Time': Timestamp('2007-09-26 10:54:16'), 'mag': 5.0}, {'lat': -4.99, 'long': 153.5, 'Time': Timestamp('2007-09-26 12:36:26'), 'mag': 6.8}, {'lat': -5.024, 'long': 153.626, 'Time': Timestamp('2007-09-26 12:49:56'), 'mag': 5.6}, {'lat': -5.266, 'long': 153.654, 'Time': Timestamp('2007-09-26 14:40:03'), 'mag': 5.3}, {'lat': -1.787, 'long': 99.488, 'Time': Timestamp('2007-09-26 15:43:01'), 'mag': 6.1}, {'lat': -1.832, 'long': 99.46, 'Time': Timestamp('2007-09-26 18:36:10'), 'mag': 5.1}]",9,28
1655,2007-09-18 08:16:53.357,0,[],0,21
1656,2007-09-19 11:33:53.890,1,"[{'lat': -32.243, 'long': -13.922, 'Time': Timestamp('2007-09-19 17:16:46'), 'mag': 5.4}]",1,22
1657,2007-09-12 14:52:23.943,1,"[{'lat': 14.239, 'long': -60.386, 'Time': Timestamp('2007-09-13 06:37:22'), 'mag': 5.0}]",1,15
1658,2007-09-14 18:08:23.997,1,"[{'lat': 17.58, 'long': -94.445, 'Time': Timestamp('2007-09-15 10:30:48'), 'mag': 5.4}, {'lat': 14.828, 'long': -87.12, 'Time': Timestamp('2007-09-15 17:59:41'), 'mag': 5.3}]",2,17
1659,2007-09-16 21:21:24.016,1,"[{'lat': -18.295, 'long': -175.503, 'Time': Timestamp('2007-09-17 11:52:12'), 'mag': 5.3}]",1,19
1660,2007-09-26 00:36:23.103,1,"[{'lat': -4.99, 'long': 153.5, 'Time': Timestamp('2007-09-26 12:36:26'), 'mag': 6.8}, {'lat': -5.024, 'long': 153.626, 'Time': Timestamp('2007-09-26 12:49:56'), 'mag': 5.6}, {'lat': -5.266, 'long': 153.654, 'Time': Timestamp('2007-09-26 14:40:03'), 'mag': 5.3}, {'lat': -1.787, 'long': 99.488, 'Time': Timestamp('2007-09-26 15:43:01'), 'mag': 6.1}, {'lat': -1.832, 'long': 99.46, 'Time': Timestamp('2007-09-26 18:36:10'), 'mag': 5.1}, {'lat': -3.486, 'long': 100.839, 'Time': Timestamp('2007-09-27 08:07:43'), 'mag': 5.0}, {'lat': -13.88, 'long': 66.048, 'Time': Timestamp('2007-09-27 10:18:28'), 'mag': 5.0}, {'lat': -21.103, 'long': 169.283, 'Time': Timestamp('2007-09-27 19:57:44'), 'mag': 6.1}, {'lat': -21.164, 'long': 169.214, 'Time': Timestamp('2007-09-27 20:00:55'), 'mag': 5.2}, {'lat': -21.334, 'long': 169.336, 'Time': Timestamp('2007-09-27 20:04:06'), 'mag': 5.1}, {'lat': -21.27, 'long': 169.474, 'Time': Timestamp('2007-09-27 20:11:07'), 'mag': 5.0}, {'lat': -21.203, 'long': 169.309, 'Time': Timestamp('2007-09-27 20:25:58'), 'mag': 5.3}, {'lat': -21.192, 'long': 169.26, 'Time': Timestamp('2007-09-27 20:47:20'), 'mag': 5.2}, {'lat': -21.302, 'long': 169.433, 'Time': Timestamp('2007-09-27 21:02:05'), 'mag': 5.0}, {'lat': -21.207, 'long': 169.388, 'Time': Timestamp('2007-09-27 21:05:33'), 'mag': 5.5}, {'lat': -21.172, 'long': 169.186, 'Time': Timestamp('2007-09-27 21:26:57'), 'mag': 5.3}, {'lat': -21.29, 'long': 169.37, 'Time': Timestamp('2007-09-27 22:01:12'), 'mag': 5.4}, {'lat': -21.096, 'long': 169.242, 'Time': Timestamp('2007-09-27 22:10:10'), 'mag': 5.0}]",18,28
1661,2007-09-07 07:09:26.090,1,"[{'lat': 2.71, 'long': 66.194, 'Time': Timestamp('2007-09-07 09:19:53'), 'mag': 5.0}, {'lat': 2.714, 'long': 66.237, 'Time': Timestamp('2007-09-07 09:56:39'), 'mag': 5.0}, {'lat': 30.612, 'long': 69.792, 'Time': Timestamp('2007-09-09 02:00:41'), 'mag': 5.3}]",3,9
1662,2007-09-18 10:25:22.545,1,"[{'lat': -32.243, 'long': -13.922, 'Time': Timestamp('2007-09-19 17:16:46'), 'mag': 5.4}]",1,20
1663,2007-09-16 13:44:23.402,0,[],0,18
1664,2007-09-12 23:29:20.872,1,"[{'lat': -15.464, 'long': -176.184, 'Time': Timestamp('2007-09-14 05:46:45'), 'mag': 5.7}]",1,14
1665,2007-09-19 09:16:53.466,0,[],0,20
1666,2007-09-04 12:35:53.776,0,[],0,5
1667,2007-09-15 15:53:52.134,1,"[{'lat': 14.828, 'long': -87.12, 'Time': Timestamp('2007-09-15 17:59:41'), 'mag': 5.3}, {'lat': -8.835, 'long': -74.518, 'Time': Timestamp('2007-09-17 10:57:43'), 'mag': 5.2}]",2,16
1668,2007-09-07 19:08:53.884,1,"[{'lat': -13.711, 'long': -112.002, 'Time': Timestamp('2007-09-08 00:18:49'), 'mag': 5.1}]",1,8
1669,2007-09-13 22:22:53.937,1,"[{'lat': -23.645, 'long': 179.68, 'Time': Timestamp('2007-09-14 11:51:30'), 'mag': 5.9}, {'lat': -20.244, 'long': 169.043, 'Time': Timestamp('2007-09-15 02:21:28'), 'mag': 5.6}, {'lat': 17.58, 'long': -94.445, 'Time': Timestamp('2007-09-15 10:30:48'), 'mag': 5.4}, {'lat': 14.828, 'long': -87.12, 'Time': Timestamp('2007-09-15 17:59:41'), 'mag': 5.3}]",4,14
1670,2007-09-30 01:36:50.865,1,"[{'lat': 10.454, 'long': 145.718, 'Time': Timestamp('2007-09-30 02:08:30'), 'mag': 6.9}, {'lat': 10.521, 'long': 145.726, 'Time': Timestamp('2007-09-30 02:36:48'), 'mag': 5.0}, {'lat': 10.53, 'long': 145.553, 'Time': Timestamp('2007-09-30 08:35:08'), 'mag': 5.3}, {'lat': 10.516, 'long': 145.585, 'Time': Timestamp('2007-09-30 15:02:18'), 'mag': 5.5}, {'lat': 22.833, 'long': 142.552, 'Time': Timestamp('2007-10-01 10:06:18'), 'mag': 5.1}, {'lat': -3.102, 'long': 148.296, 'Time': Timestamp('2007-10-01 13:49:07'), 'mag': 5.1}, {'lat': -3.158, 'long': 148.223, 'Time': Timestamp('2007-10-01 13:50:24'), 'mag': 5.9}, {'lat': 10.405, 'long': 145.664, 'Time': Timestamp('2007-10-01 23:16:46'), 'mag': 5.3}]",8,30
1671,2007-09-22 06:32:24.919,0,[],0,22
1672,2007-09-17 09:47:49.553,0,[],0,17
1673,2007-09-19 13:06:53.178,1,"[{'lat': -32.243, 'long': -13.922, 'Time': Timestamp('2007-09-19 17:16:46'), 'mag': 5.4}]",1,19
1674,2007-09-29 16:24:23.232,1,"[{'lat': 17.383, 'long': -94.204, 'Time': Timestamp('2007-10-01 14:41:52'), 'mag': 5.3}]",1,29
1675,2007-09-06 19:39:23.285,1,"[{'lat': -56.081, 'long': -123.314, 'Time': Timestamp('2007-09-07 04:46:45'), 'mag': 5.9}, {'lat': -13.711, 'long': -112.002, 'Time': Timestamp('2007-09-08 00:18:49'), 'mag': 5.1}]",2,6
1676,2007-09-07 22:52:50.425,1,"[{'lat': -13.711, 'long': -112.002, 'Time': Timestamp('2007-09-08 00:18:49'), 'mag': 5.1}, {'lat': -20.155, 'long': -173.834, 'Time': Timestamp('2007-09-08 03:14:51'), 'mag': 5.1}, {'lat': -36.465, 'long': -98.291, 'Time': Timestamp('2007-09-08 08:51:57'), 'mag': 5.3}]",3,7
1677,2007-09-17 10:18:52.721,0,[],0,16
1678,2007-09-09 13:38:23.580,0,[],0,8
1679,2007-09-16 16:55:23.633,1,"[{'lat': -8.835, 'long': -74.518, 'Time': Timestamp('2007-09-17 10:57:43'), 'mag': 5.2}]",1,15
1680,2007-09-14 20:09:53.686,0,[],0,13
1681,2007-09-18 23:23:22.266,1,"[{'lat': 50.258, 'long': -177.549, 'Time': Timestamp('2007-09-19 11:57:21'), 'mag': 5.1}, {'lat': -58.551, 'long': 149.042, 'Time': Timestamp('2007-09-20 02:24:07'), 'mag': 5.3}, {'lat': 51.658, 'long': 178.785, 'Time': Timestamp('2007-09-20 17:08:45'), 'mag': 5.0}]",3,17
1682,2007-09-09 07:34:09.777,1,"[{'lat': -18.947, 'long': 65.489, 'Time': Timestamp('2007-09-10 20:28:30'), 'mag': 5.2}]",1,7
1683,2007-09-23 10:49:53.792,0,[],0,21
1684,2007-10-01 14:08:53.981,1,"[{'lat': -25.85, 'long': -70.555, 'Time': Timestamp('2007-10-02 15:33:01'), 'mag': 5.0}, {'lat': -25.847, 'long': -70.574, 'Time': Timestamp('2007-10-02 15:38:26'), 'mag': 5.2}, {'lat': 57.487, 'long': -33.03, 'Time': Timestamp('2007-10-02 16:34:46'), 'mag': 5.3}]",3,29
1685,2007-09-18 23:53:53.140,1,"[{'lat': -46.563, 'long': 118.671, 'Time': Timestamp('2007-09-19 12:20:24'), 'mag': 5.0}, {'lat': -58.551, 'long': 149.042, 'Time': Timestamp('2007-09-20 02:24:07'), 'mag': 5.3}, {'lat': 51.658, 'long': 178.785, 'Time': Timestamp('2007-09-20 17:08:45'), 'mag': 5.0}]",3,16
1686,2007-09-09 08:04:26.891,1,"[{'lat': -18.947, 'long': 65.489, 'Time': Timestamp('2007-09-10 20:28:30'), 'mag': 5.2}]",1,6
1687,2007-09-19 11:21:23.529,1,"[{'lat': -32.243, 'long': -13.922, 'Time': Timestamp('2007-09-19 17:16:46'), 'mag': 5.4}]",1,16
1688,2007-09-30 14:39:53.382,0,[],0,27
1689,2007-10-01 17:55:53.435,0,[],0,28
1690,2007-09-12 21:09:53.008,1,"[{'lat': -57.625, 'long': -147.303, 'Time': Timestamp('2007-09-13 20:06:38'), 'mag': 6.0}]",1,9
1691,2007-09-09 00:23:53.541,1,"[{'lat': 30.612, 'long': 69.792, 'Time': Timestamp('2007-09-09 02:00:41'), 'mag': 5.3}, {'lat': -18.947, 'long': 65.489, 'Time': Timestamp('2007-09-10 20:28:30'), 'mag': 5.2}, {'lat': 1.066, 'long': 126.225, 'Time': Timestamp('2007-09-10 21:56:34'), 'mag': 5.0}]",3,5
1692,2007-09-16 08:35:21.867,1,"[{'lat': -11.812, 'long': 42.082, 'Time': Timestamp('2007-09-16 14:01:47'), 'mag': 5.0}]",1,12
1693,2007-09-13 11:52:23.780,0,[],0,9
1694,2007-10-01 15:10:48.102,1,"[{'lat': -25.85, 'long': -70.555, 'Time': Timestamp('2007-10-02 15:33:01'), 'mag': 5.0}, {'lat': -25.847, 'long': -70.574, 'Time': Timestamp('2007-10-02 15:38:26'), 'mag': 5.2}, {'lat': 57.487, 'long': -33.03, 'Time': Timestamp('2007-10-02 16:34:46'), 'mag': 5.3}]",3,27
1695,2007-10-01 18:26:23.836,0,[],0,27
1696,2007-09-18 21:40:22.528,1,"[{'lat': -46.563, 'long': 118.671, 'Time': Timestamp('2007-09-19 12:20:24'), 'mag': 5.0}, {'lat': -32.243, 'long': -13.922, 'Time': Timestamp('2007-09-19 17:16:46'), 'mag': 5.4}, {'lat': -58.551, 'long': 149.042, 'Time': Timestamp('2007-09-20 02:24:07'), 'mag': 5.3}, {'lat': -16.035, 'long': -73.726, 'Time': Timestamp('2007-09-20 07:30:38'), 'mag': 5.1}]",4,14
1697,2007-09-26 00:54:23.942,1,"[{'lat': -4.99, 'long': 153.5, 'Time': Timestamp('2007-09-26 12:36:26'), 'mag': 6.8}, {'lat': -5.024, 'long': 153.626, 'Time': Timestamp('2007-09-26 12:49:56'), 'mag': 5.6}, {'lat': -5.266, 'long': 153.654, 'Time': Timestamp('2007-09-26 14:40:03'), 'mag': 5.3}, {'lat': -1.787, 'long': 99.488, 'Time': Timestamp('2007-09-26 15:43:01'), 'mag': 6.1}, {'lat': -1.832, 'long': 99.46, 'Time': Timestamp('2007-09-26 18:36:10'), 'mag': 5.1}, {'lat': -3.486, 'long': 100.839, 'Time': Timestamp('2007-09-27 08:07:43'), 'mag': 5.0}, {'lat': -13.88, 'long': 66.048, 'Time': Timestamp('2007-09-27 10:18:28'), 'mag': 5.0}, {'lat': -21.103, 'long': 169.283, 'Time': Timestamp('2007-09-27 19:57:44'), 'mag': 6.1}, {'lat': -21.164, 'long': 169.214, 'Time': Timestamp('2007-09-27 20:00:55'), 'mag': 5.2}, {'lat': -21.334, 'long': 169.336, 'Time': Timestamp('2007-09-27 20:04:06'), 'mag': 5.1}, {'lat': -21.27, 'long': 169.474, 'Time': Timestamp('2007-09-27 20:11:07'), 'mag': 5.0}, {'lat': -21.203, 'long': 169.309, 'Time': Timestamp('2007-09-27 20:25:58'), 'mag': 5.3}, {'lat': -21.192, 'long': 169.26, 'Time': Timestamp('2007-09-27 20:47:20'), 'mag': 5.2}, {'lat': -21.302, 'long': 169.433, 'Time': Timestamp('2007-09-27 21:02:05'), 'mag': 5.0}, {'lat': -21.207, 'long': 169.388, 'Time': Timestamp('2007-09-27 21:05:33'), 'mag': 5.5}, {'lat': -21.172, 'long': 169.186, 'Time': Timestamp('2007-09-27 21:26:57'), 'mag': 5.3}, {'lat': -21.29, 'long': 169.37, 'Time': Timestamp('2007-09-27 22:01:12'), 'mag': 5.4}, {'lat': -21.096, 'long': 169.242, 'Time': Timestamp('2007-09-27 22:10:10'), 'mag': 5.0}, {'lat': -21.28, 'long': 169.26, 'Time': Timestamp('2007-09-28 00:44:47'), 'mag': 5.7}]",19,21
1698,2007-09-19 07:27:23.570,0,[],0,14
1699,2007-09-10 10:43:53.055,0,[],0,5
1700,2007-09-19 14:02:53.243,0,[],0,14
1701,2007-09-16 23:47:23.403,1,"[{'lat': 54.136, 'long': 169.208, 'Time': Timestamp('2007-09-17 00:35:22'), 'mag': 5.3}, {'lat': -6.563, 'long': 147.517, 'Time': Timestamp('2007-09-17 04:27:31'), 'mag': 5.1}, {'lat': 54.127, 'long': 169.233, 'Time': Timestamp('2007-09-17 05:55:44'), 'mag': 5.4}, {'lat': 52.9846, 'long': 169.0675, 'Time': Timestamp('2007-09-17 05:55:45'), 'mag': 5.4}, {'lat': -18.295, 'long': -175.503, 'Time': Timestamp('2007-09-17 11:52:12'), 'mag': 5.3}, {'lat': -16.469, 'long': 178.382, 'Time': Timestamp('2007-09-18 18:34:20'), 'mag': 5.1}]",6,11
1702,2007-09-27 21:03:49.287,1,"[{'lat': -28.522, 'long': -176.966, 'Time': Timestamp('2007-09-29 16:10:06'), 'mag': 5.2}]",1,21
1703,2007-09-30 00:17:53.993,1,"[{'lat': 10.454, 'long': 145.718, 'Time': Timestamp('2007-09-30 02:08:30'), 'mag': 6.9}, {'lat': 10.521, 'long': 145.726, 'Time': Timestamp('2007-09-30 02:36:48'), 'mag': 5.0}, {'lat': -49.271, 'long': 164.115, 'Time': Timestamp('2007-09-30 05:23:34'), 'mag': 7.4}, {'lat': 10.53, 'long': 145.553, 'Time': Timestamp('2007-09-30 08:35:08'), 'mag': 5.3}, {'lat': -49.138, 'long': 164.11, 'Time': Timestamp('2007-09-30 09:47:51'), 'mag': 6.6}, {'lat': 10.516, 'long': 145.585, 'Time': Timestamp('2007-09-30 15:02:18'), 'mag': 5.5}, {'lat': 22.833, 'long': 142.552, 'Time': Timestamp('2007-10-01 10:06:18'), 'mag': 5.1}, {'lat': -49.103, 'long': 164.175, 'Time': Timestamp('2007-10-01 13:35:26'), 'mag': 5.0}, {'lat': -3.102, 'long': 148.296, 'Time': Timestamp('2007-10-01 13:49:07'), 'mag': 5.1}, {'lat': -3.158, 'long': 148.223, 'Time': Timestamp('2007-10-01 13:50:24'), 'mag': 5.9}, {'lat': 4.089, 'long': 96.585, 'Time': Timestamp('2007-10-01 14:03:33'), 'mag': 5.0}, {'lat': -49.263, 'long': 163.659, 'Time': Timestamp('2007-10-01 16:19:57'), 'mag': 5.0}, {'lat': 10.405, 'long': 145.664, 'Time': Timestamp('2007-10-01 23:16:46'), 'mag': 5.3}]",13,23
1704,2007-09-24 08:27:15.154,0,[],0,17
1705,2007-09-15 11:45:53.992,0,[],0,8
1706,2007-09-23 15:04:18.923,1,"[{'lat': -12.686, 'long': -71.316, 'Time': Timestamp('2007-09-24 02:25:44'), 'mag': 5.1}, {'lat': -9.09, 'long': -79.388, 'Time': Timestamp('2007-09-24 18:34:07'), 'mag': 5.0}, {'lat': -19.531, 'long': -68.539, 'Time': Timestamp('2007-09-24 19:06:37'), 'mag': 5.1}]",3,16
1707,2007-10-05 18:20:23.099,1,"[{'lat': -0.413, 'long': -91.278, 'Time': Timestamp('2007-10-07 08:34:10'), 'mag': 5.2}]",1,28
1708,2007-09-24 21:34:18.577,1,"[{'lat': -3.918, 'long': -79.208, 'Time': Timestamp('2007-09-26 04:43:17'), 'mag': 5.9}, {'lat': -7.074, 'long': -11.713, 'Time': Timestamp('2007-09-26 18:39:34'), 'mag': 5.6}]",2,17
1709,2007-09-23 00:48:17.970,1,"[{'lat': 35.27, 'long': 27.12, 'Time': Timestamp('2007-09-23 00:54:29'), 'mag': 5.3}, {'lat': -2.135, 'long': 99.935, 'Time': Timestamp('2007-09-23 14:13:43'), 'mag': 5.5}, {'lat': -3.682, 'long': 100.846, 'Time': Timestamp('2007-09-23 22:23:57'), 'mag': 5.4}, {'lat': -3.596, 'long': 100.835, 'Time': Timestamp('2007-09-23 22:27:46'), 'mag': 5.1}, {'lat': -3.609, 'long': 100.833, 'Time': Timestamp('2007-09-23 23:24:06'), 'mag': 5.0}, {'lat': 9.187, 'long': 126.492, 'Time': Timestamp('2007-09-24 03:21:47'), 'mag': 5.0}, {'lat': -7.611, 'long': 122.537, 'Time': Timestamp('2007-09-24 04:42:12'), 'mag': 5.1}, {'lat': -3.007, 'long': 101.381, 'Time': Timestamp('2007-09-24 05:42:10'), 'mag': 5.0}, {'lat': -3.155, 'long': 100.362, 'Time': Timestamp('2007-09-24 08:15:25'), 'mag': 5.7}, {'lat': -15.337, 'long': 167.844, 'Time': Timestamp('2007-09-24 09:33:33'), 'mag': 5.0}, {'lat': -1.573, 'long': 100.07, 'Time': Timestamp('2007-09-24 09:51:07'), 'mag': 5.4}, {'lat': 9.328, 'long': 126.659, 'Time': Timestamp('2007-09-24 10:29:18'), 'mag': 5.0}, {'lat': -11.827, 'long': 166.1, 'Time': Timestamp('2007-09-24 11:13:00'), 'mag': 5.0}, {'lat': -11.774, 'long': 166.182, 'Time': Timestamp('2007-09-24 11:55:06'), 'mag': 5.6}, {'lat': -4.385, 'long': 101.465, 'Time': Timestamp('2007-09-24 12:26:30'), 'mag': 5.3}, {'lat': -5.875, 'long': 105.572, 'Time': Timestamp('2007-09-24 17:35:29'), 'mag': 5.0}, {'lat': -4.413, 'long': 101.299, 'Time': Timestamp('2007-09-24 21:25:48'), 'mag': 5.0}]",17,15
1710,2007-09-30 07:21:25.723,0,[],0,22
1711,2007-09-22 12:17:23.392,0,[],0,14
1712,2007-10-06 15:35:18.871,0,[],0,28
1713,2007-09-21 18:50:49.382,1,"[{'lat': -3.847, 'long': -103.753, 'Time': Timestamp('2007-09-22 08:29:56'), 'mag': 5.3}, {'lat': -3.816, 'long': -103.672, 'Time': Timestamp('2007-09-22 09:19:50'), 'mag': 5.1}]",2,13
1714,2007-09-14 22:04:19.089,1,"[{'lat': 17.58, 'long': -94.445, 'Time': Timestamp('2007-09-15 10:30:48'), 'mag': 5.4}, {'lat': 14.828, 'long': -87.12, 'Time': Timestamp('2007-09-15 17:59:41'), 'mag': 5.3}, {'lat': -15.315, 'long': -173.401, 'Time': Timestamp('2007-09-16 04:00:49'), 'mag': 5.2}, {'lat': -11.812, 'long': 42.082, 'Time': Timestamp('2007-09-16 14:01:47'), 'mag': 5.0}, {'lat': -22.739, 'long': -175.871, 'Time': Timestamp('2007-09-16 15:21:33'), 'mag': 5.0}]",5,6
1715,2007-09-30 01:18:23.606,1,"[{'lat': 10.454, 'long': 145.718, 'Time': Timestamp('2007-09-30 02:08:30'), 'mag': 6.9}, {'lat': 10.521, 'long': 145.726, 'Time': Timestamp('2007-09-30 02:36:48'), 'mag': 5.0}, {'lat': 10.53, 'long': 145.553, 'Time': Timestamp('2007-09-30 08:35:08'), 'mag': 5.3}, {'lat': 10.516, 'long': 145.585, 'Time': Timestamp('2007-09-30 15:02:18'), 'mag': 5.5}, {'lat': 22.833, 'long': 142.552, 'Time': Timestamp('2007-10-01 10:06:18'), 'mag': 5.1}, {'lat': -3.102, 'long': 148.296, 'Time': Timestamp('2007-10-01 13:49:07'), 'mag': 5.1}, {'lat': -3.158, 'long': 148.223, 'Time': Timestamp('2007-10-01 13:50:24'), 'mag': 5.9}, {'lat': 4.089, 'long': 96.585, 'Time': Timestamp('2007-10-01 14:03:33'), 'mag': 5.0}, {'lat': 10.405, 'long': 145.664, 'Time': Timestamp('2007-10-01 23:16:46'), 'mag': 5.3}]",9,21
1716,2007-10-08 06:13:55.985,1,"[{'lat': -6.593, 'long': 71.532, 'Time': Timestamp('2007-10-09 03:22:36'), 'mag': 5.4}, {'lat': 42.927, 'long': 77.868, 'Time': Timestamp('2007-10-09 16:00:42'), 'mag': 5.0}]",2,29
1717,2007-09-25 09:28:54.823,0,[],0,16
1718,2007-09-25 12:48:23.794,1,"[{'lat': -7.074, 'long': -11.713, 'Time': Timestamp('2007-09-26 18:39:34'), 'mag': 5.6}]",1,16
1719,2007-09-23 22:34:53.954,1,"[{'lat': -12.686, 'long': -71.316, 'Time': Timestamp('2007-09-24 02:25:44'), 'mag': 5.1}, {'lat': -15.337, 'long': 167.844, 'Time': Timestamp('2007-09-24 09:33:33'), 'mag': 5.0}, {'lat': -11.827, 'long': 166.1, 'Time': Timestamp('2007-09-24 11:13:00'), 'mag': 5.0}, {'lat': -11.774, 'long': 166.182, 'Time': Timestamp('2007-09-24 11:55:06'), 'mag': 5.6}, {'lat': -9.09, 'long': -79.388, 'Time': Timestamp('2007-09-24 18:34:07'), 'mag': 5.0}, {'lat': -19.531, 'long': -68.539, 'Time': Timestamp('2007-09-24 19:06:37'), 'mag': 5.1}, {'lat': -30.965, 'long': 179.998, 'Time': Timestamp('2007-09-25 05:16:01'), 'mag': 6.2}]",7,14
1720,2007-09-22 11:39:53.168,0,[],0,12
1721,2007-09-30 14:58:20.756,0,[],0,20
1722,2007-09-22 18:14:23.275,0,[],0,12
1723,2007-10-06 21:28:25.617,1,"[{'lat': -0.413, 'long': -91.278, 'Time': Timestamp('2007-10-07 08:34:10'), 'mag': 5.2}, {'lat': -26.811, 'long': -107.159, 'Time': Timestamp('2007-10-08 07:41:13'), 'mag': 5.0}, {'lat': -42.01, 'long': -16.245, 'Time': Timestamp('2007-10-08 08:18:41'), 'mag': 5.1}, {'lat': -20.706, 'long': -177.398, 'Time': Timestamp('2007-10-08 18:37:53'), 'mag': 5.7}]",4,26
1724,2007-09-28 00:42:14.051,1,"[{'lat': -21.28, 'long': 169.26, 'Time': Timestamp('2007-09-28 00:44:47'), 'mag': 5.7}, {'lat': -21.207, 'long': 169.362, 'Time': Timestamp('2007-09-28 01:01:49'), 'mag': 6.3}, {'lat': -21.074, 'long': 169.323, 'Time': Timestamp('2007-09-28 01:25:15'), 'mag': 5.4}, {'lat': -21.133, 'long': 169.373, 'Time': Timestamp('2007-09-28 01:35:51'), 'mag': 6.5}, {'lat': -21.901, 'long': 169.342, 'Time': Timestamp('2007-09-28 01:44:02'), 'mag': 5.3}, {'lat': -21.246, 'long': 169.403, 'Time': Timestamp('2007-09-28 01:50:59'), 'mag': 5.5}, {'lat': -21.138, 'long': 169.325, 'Time': Timestamp('2007-09-28 02:01:33'), 'mag': 5.0}, {'lat': -21.251, 'long': 169.394, 'Time': Timestamp('2007-09-28 02:20:04'), 'mag': 5.1}, {'lat': -21.049, 'long': 169.305, 'Time': Timestamp('2007-09-28 02:36:23'), 'mag': 5.0}, {'lat': 12.378, 'long': 141.921, 'Time': Timestamp('2007-09-28 02:40:01'), 'mag': 5.5}, {'lat': -21.238, 'long': 169.407, 'Time': Timestamp('2007-09-28 08:21:22'), 'mag': 5.5}, {'lat': -21.168, 'long': 169.408, 'Time': Timestamp('2007-09-28 10:12:18'), 'mag': 5.0}, {'lat': -21.53, 'long': 169.259, 'Time': Timestamp('2007-09-28 10:40:35'), 'mag': 5.2}, {'lat': -21.402, 'long': 169.193, 'Time': Timestamp('2007-09-28 11:12:40'), 'mag': 5.8}, {'lat': -21.329, 'long': 169.141, 'Time': Timestamp('2007-09-28 11:16:39'), 'mag': 5.9}, {'lat': 22.013, 'long': 142.668, 'Time': Timestamp('2007-09-28 13:38:57'), 'mag': 7.5}, {'lat': -21.431, 'long': 169.226, 'Time': Timestamp('2007-09-28 16:02:19'), 'mag': 5.1}, {'lat': 2.915, 'long': 95.533, 'Time': Timestamp('2007-09-29 05:32:42'), 'mag': 5.7}, {'lat': 2.9, 'long': 95.523, 'Time': Timestamp('2007-09-29 05:37:07'), 'mag': 6.0}, {'lat': 5.977, 'long': 127.474, 'Time': Timestamp('2007-09-29 06:42:34'), 'mag': 5.5}, {'lat': -21.158, 'long': 169.243, 'Time': Timestamp('2007-09-29 15:36:44'), 'mag': 5.7}, {'lat': -21.14, 'long': 169.281, 'Time': Timestamp('2007-09-29 15:49:54'), 'mag': 5.0}, {'lat': -21.096, 'long': 169.269, 'Time': Timestamp('2007-09-29 17:24:58'), 'mag': 5.6}, {'lat': -21.463, 'long': 170.956, 'Time': Timestamp('2007-09-29 23:38:01'), 'mag': 5.1}]",24,17
1725,2007-10-04 07:14:57.228,0,[],0,23
1726,2007-09-17 10:31:25.506,0,[],0,6
1727,2007-10-03 13:50:23.596,0,[],0,22
1728,2007-09-17 17:07:23.650,0,[],0,6
1729,2007-09-24 20:21:17.800,0,[],0,13
1730,2007-10-03 01:12:18.549,1,"[{'lat': -21.538, 'long': 168.28, 'Time': Timestamp('2007-10-03 23:36:09'), 'mag': 5.3}, {'lat': 27.923, 'long': 139.559, 'Time': Timestamp('2007-10-04 04:48:04'), 'mag': 5.0}, {'lat': 2.543, 'long': 92.903, 'Time': Timestamp('2007-10-04 12:40:31'), 'mag': 6.2}, {'lat': -8.285, 'long': 116.811, 'Time': Timestamp('2007-10-04 14:28:35'), 'mag': 5.7}]",4,21
1731,2007-09-20 06:07:24.835,1,"[{'lat': -1.999, 'long': 100.141, 'Time': Timestamp('2007-09-20 08:31:14'), 'mag': 6.7}, {'lat': -2.181, 'long': 99.53, 'Time': Timestamp('2007-09-21 13:33:09'), 'mag': 5.1}]",2,8
1732,2007-09-24 11:02:21.128,0,[],0,12
1733,2007-09-18 14:21:20.395,0,[],0,6
1734,2007-09-24 00:05:53.244,1,"[{'lat': 9.187, 'long': 126.492, 'Time': Timestamp('2007-09-24 03:21:47'), 'mag': 5.0}, {'lat': -7.611, 'long': 122.537, 'Time': Timestamp('2007-09-24 04:42:12'), 'mag': 5.1}, {'lat': -3.007, 'long': 101.381, 'Time': Timestamp('2007-09-24 05:42:10'), 'mag': 5.0}, {'lat': -3.155, 'long': 100.362, 'Time': Timestamp('2007-09-24 08:15:25'), 'mag': 5.7}, {'lat': -15.337, 'long': 167.844, 'Time': Timestamp('2007-09-24 09:33:33'), 'mag': 5.0}, {'lat': -1.573, 'long': 100.07, 'Time': Timestamp('2007-09-24 09:51:07'), 'mag': 5.4}, {'lat': 9.328, 'long': 126.659, 'Time': Timestamp('2007-09-24 10:29:18'), 'mag': 5.0}, {'lat': -11.827, 'long': 166.1, 'Time': Timestamp('2007-09-24 11:13:00'), 'mag': 5.0}, {'lat': -11.774, 'long': 166.182, 'Time': Timestamp('2007-09-24 11:55:06'), 'mag': 5.6}, {'lat': -4.385, 'long': 101.465, 'Time': Timestamp('2007-09-24 12:26:30'), 'mag': 5.3}, {'lat': -5.875, 'long': 105.572, 'Time': Timestamp('2007-09-24 17:35:29'), 'mag': 5.0}, {'lat': -4.413, 'long': 101.299, 'Time': Timestamp('2007-09-24 21:25:48'), 'mag': 5.0}, {'lat': -30.965, 'long': 179.998, 'Time': Timestamp('2007-09-25 05:16:01'), 'mag': 6.2}, {'lat': -1.774, 'long': 100.46, 'Time': Timestamp('2007-09-25 08:27:04'), 'mag': 5.3}, {'lat': 7.941, 'long': 126.54, 'Time': Timestamp('2007-09-25 21:54:58'), 'mag': 5.0}]",15,11
1735,2007-09-30 08:16:51.569,0,[],0,17
1736,2007-09-18 11:33:23.431,1,"[{'lat': -32.243, 'long': -13.922, 'Time': Timestamp('2007-09-19 17:16:46'), 'mag': 5.4}]",1,5
1737,2007-10-01 14:52:20.907,1,"[{'lat': -25.85, 'long': -70.555, 'Time': Timestamp('2007-10-02 15:33:01'), 'mag': 5.0}, {'lat': -25.847, 'long': -70.574, 'Time': Timestamp('2007-10-02 15:38:26'), 'mag': 5.2}, {'lat': 57.487, 'long': -33.03, 'Time': Timestamp('2007-10-02 16:34:46'), 'mag': 5.3}]",3,18
1738,2007-10-07 18:07:53.539,1,"[{'lat': -26.811, 'long': -107.159, 'Time': Timestamp('2007-10-08 07:41:13'), 'mag': 5.0}]",1,24
1739,2007-09-29 21:21:53.112,1,"[{'lat': -14.986, 'long': -175.12, 'Time': Timestamp('2007-09-30 20:11:35'), 'mag': 5.3}, {'lat': 17.383, 'long': -94.204, 'Time': Timestamp('2007-10-01 14:41:52'), 'mag': 5.3}]",2,16
1740,2007-10-10 00:35:50.966,1,"[{'lat': 13.394, 'long': 145.478, 'Time': Timestamp('2007-10-10 04:11:55'), 'mag': 5.3}, {'lat': 9.702, 'long': 91.8, 'Time': Timestamp('2007-10-10 12:25:36'), 'mag': 5.2}, {'lat': -21.236, 'long': 170.26, 'Time': Timestamp('2007-10-10 23:11:41'), 'mag': 5.4}, {'lat': -18.495, 'long': 169.0, 'Time': Timestamp('2007-10-11 05:31:55'), 'mag': 5.4}, {'lat': -49.052, 'long': 164.31, 'Time': Timestamp('2007-10-11 16:25:05'), 'mag': 5.6}, {'lat': -3.9, 'long': 100.978, 'Time': Timestamp('2007-10-11 20:38:35'), 'mag': 5.4}, {'lat': -3.285, 'long': 100.509, 'Time': Timestamp('2007-10-12 00:31:29'), 'mag': 5.7}]",7,26
1741,2007-10-01 03:52:54.112,1,"[{'lat': 4.089, 'long': 96.585, 'Time': Timestamp('2007-10-01 14:03:33'), 'mag': 5.0}, {'lat': -4.24, 'long': 101.212, 'Time': Timestamp('2007-10-02 03:43:38'), 'mag': 5.9}, {'lat': -1.853, 'long': 99.779, 'Time': Timestamp('2007-10-02 14:39:58'), 'mag': 5.1}]",3,17
1742,2007-09-26 07:08:54.723,1,"[{'lat': -13.88, 'long': 66.048, 'Time': Timestamp('2007-09-27 10:18:28'), 'mag': 5.0}]",1,12
1743,2007-09-25 10:24:53.002,1,"[{'lat': -7.074, 'long': -11.713, 'Time': Timestamp('2007-09-26 18:39:34'), 'mag': 5.6}]",1,11
1744,2007-10-11 13:43:53.860,0,[],0,27
1745,2007-10-07 17:00:53.914,1,"[{'lat': -26.811, 'long': -107.159, 'Time': Timestamp('2007-10-08 07:41:13'), 'mag': 5.0}, {'lat': -13.573, 'long': -76.12, 'Time': Timestamp('2007-10-09 01:52:23'), 'mag': 5.0}]",2,23
1746,2007-10-08 20:15:24.926,1,"[{'lat': 43.767, 'long': -127.87, 'Time': Timestamp('2007-10-10 00:15:15'), 'mag': 5.0}]",1,24
1747,2007-09-23 23:29:21.330,1,"[{'lat': -15.337, 'long': 167.844, 'Time': Timestamp('2007-09-24 09:33:33'), 'mag': 5.0}, {'lat': -11.827, 'long': 166.1, 'Time': Timestamp('2007-09-24 11:13:00'), 'mag': 5.0}, {'lat': -11.774, 'long': 166.182, 'Time': Timestamp('2007-09-24 11:55:06'), 'mag': 5.6}]",3,9
1748,2007-09-20 07:39:52.673,0,[],0,5
1749,2007-10-05 10:55:49.089,0,[],0,20
1750,2007-09-28 14:14:53.260,0,[],0,13
1751,2007-10-07 17:31:23.315,1,"[{'lat': -26.811, 'long': -107.159, 'Time': Timestamp('2007-10-08 07:41:13'), 'mag': 5.0}, {'lat': -13.573, 'long': -76.12, 'Time': Timestamp('2007-10-09 01:52:23'), 'mag': 5.0}]",2,22
1752,2007-10-13 20:45:50.912,0,[],0,28
1753,2007-10-03 23:59:23.420,1,"[{'lat': -25.189, 'long': 179.459, 'Time': Timestamp('2007-10-05 07:17:52'), 'mag': 6.5}]",1,18
1754,2007-10-08 08:10:23.755,1,"[{'lat': 42.927, 'long': 77.868, 'Time': Timestamp('2007-10-09 16:00:42'), 'mag': 5.0}]",1,22
1755,2007-10-12 11:27:23.608,0,[],0,26
1756,2007-09-28 22:52:53.795,1,"[{'lat': -21.158, 'long': 169.243, 'Time': Timestamp('2007-09-29 15:36:44'), 'mag': 5.7}, {'lat': -21.14, 'long': 169.281, 'Time': Timestamp('2007-09-29 15:49:54'), 'mag': 5.0}, {'lat': -28.522, 'long': -176.966, 'Time': Timestamp('2007-09-29 16:10:06'), 'mag': 5.2}, {'lat': -21.096, 'long': 169.269, 'Time': Timestamp('2007-09-29 17:24:58'), 'mag': 5.6}, {'lat': -21.463, 'long': 170.956, 'Time': Timestamp('2007-09-29 23:38:01'), 'mag': 5.1}, {'lat': -49.271, 'long': 164.115, 'Time': Timestamp('2007-09-30 05:23:34'), 'mag': 7.4}, {'lat': -49.138, 'long': 164.11, 'Time': Timestamp('2007-09-30 09:47:51'), 'mag': 6.6}, {'lat': -14.986, 'long': -175.12, 'Time': Timestamp('2007-09-30 20:11:35'), 'mag': 5.3}]",8,12
1757,2007-09-23 02:07:23.848,1,"[{'lat': 9.187, 'long': 126.492, 'Time': Timestamp('2007-09-24 03:21:47'), 'mag': 5.0}, {'lat': -7.611, 'long': 122.537, 'Time': Timestamp('2007-09-24 04:42:12'), 'mag': 5.1}, {'lat': 9.328, 'long': 126.659, 'Time': Timestamp('2007-09-24 10:29:18'), 'mag': 5.0}]",3,6
1758,2007-10-12 07:02:52.233,0,[],0,25
1759,2007-10-14 10:18:53.982,0,[],0,27
1760,2007-09-24 13:37:54.037,0,[],0,7
1761,2007-09-22 16:54:53.090,1,"[{'lat': -12.686, 'long': -71.316, 'Time': Timestamp('2007-09-24 02:25:44'), 'mag': 5.1}]",1,5
1762,2007-10-06 20:09:23.143,0,[],0,19
1763,2007-09-27 23:22:53.196,1,"[{'lat': -21.28, 'long': 169.26, 'Time': Timestamp('2007-09-28 00:44:47'), 'mag': 5.7}, {'lat': -21.207, 'long': 169.362, 'Time': Timestamp('2007-09-28 01:01:49'), 'mag': 6.3}, {'lat': -21.074, 'long': 169.323, 'Time': Timestamp('2007-09-28 01:25:15'), 'mag': 5.4}, {'lat': -21.133, 'long': 169.373, 'Time': Timestamp('2007-09-28 01:35:51'), 'mag': 6.5}, {'lat': -21.901, 'long': 169.342, 'Time': Timestamp('2007-09-28 01:44:02'), 'mag': 5.3}, {'lat': -21.246, 'long': 169.403, 'Time': Timestamp('2007-09-28 01:50:59'), 'mag': 5.5}, {'lat': -21.138, 'long': 169.325, 'Time': Timestamp('2007-09-28 02:01:33'), 'mag': 5.0}, {'lat': -21.251, 'long': 169.394, 'Time': Timestamp('2007-09-28 02:20:04'), 'mag': 5.1}, {'lat': -21.049, 'long': 169.305, 'Time': Timestamp('2007-09-28 02:36:23'), 'mag': 5.0}, {'lat': -21.238, 'long': 169.407, 'Time': Timestamp('2007-09-28 08:21:22'), 'mag': 5.5}, {'lat': -21.168, 'long': 169.408, 'Time': Timestamp('2007-09-28 10:12:18'), 'mag': 5.0}, {'lat': -21.53, 'long': 169.259, 'Time': Timestamp('2007-09-28 10:40:35'), 'mag': 5.2}, {'lat': -21.402, 'long': 169.193, 'Time': Timestamp('2007-09-28 11:12:40'), 'mag': 5.8}, {'lat': -21.329, 'long': 169.141, 'Time': Timestamp('2007-09-28 11:16:39'), 'mag': 5.9}, {'lat': -19.905, 'long': -178.243, 'Time': Timestamp('2007-09-28 11:44:21'), 'mag': 5.0}, {'lat': -21.431, 'long': 169.226, 'Time': Timestamp('2007-09-28 16:02:19'), 'mag': 5.1}, {'lat': -37.78, 'long': 176.83, 'Time': Timestamp('2007-09-29 13:12:38'), 'mag': 5.0}, {'lat': -21.158, 'long': 169.243, 'Time': Timestamp('2007-09-29 15:36:44'), 'mag': 5.7}, {'lat': -21.14, 'long': 169.281, 'Time': Timestamp('2007-09-29 15:49:54'), 'mag': 5.0}, {'lat': -28.522, 'long': -176.966, 'Time': Timestamp('2007-09-29 16:10:06'), 'mag': 5.2}, {'lat': -21.096, 'long': 169.269, 'Time': Timestamp('2007-09-29 17:24:58'), 'mag': 5.6}]",21,10
1764,2007-09-24 09:10:23.356,0,[],0,6
1765,2007-10-07 12:29:23.411,1,"[{'lat': -42.01, 'long': -16.245, 'Time': Timestamp('2007-10-08 08:18:41'), 'mag': 5.1}, {'lat': 38.552, 'long': -30.358, 'Time': Timestamp('2007-10-09 06:41:11'), 'mag': 5.0}]",2,19
1766,2007-09-26 15:47:23.465,0,[],0,8
1767,2007-10-01 19:02:53.518,0,[],0,13
1768,2007-10-08 22:15:23.883,1,"[{'lat': -13.573, 'long': -76.12, 'Time': Timestamp('2007-10-09 01:52:23'), 'mag': 5.0}, {'lat': -54.679, 'long': 1.011, 'Time': Timestamp('2007-10-09 07:22:22'), 'mag': 5.2}, {'lat': 43.767, 'long': -127.87, 'Time': Timestamp('2007-10-10 00:15:15'), 'mag': 5.0}, {'lat': -15.379, 'long': -173.169, 'Time': Timestamp('2007-10-10 01:50:57'), 'mag': 5.4}, {'lat': -25.153, 'long': 179.803, 'Time': Timestamp('2007-10-10 05:18:57'), 'mag': 5.2}, {'lat': -26.139, 'long': 179.618, 'Time': Timestamp('2007-10-10 11:21:26'), 'mag': 5.4}, {'lat': -38.29, 'long': 176.42, 'Time': Timestamp('2007-10-10 15:51:55'), 'mag': 5.1}]",7,20
1769,2007-10-17 01:30:23.623,1,"[{'lat': 2.975, 'long': 96.455, 'Time': Timestamp('2007-10-17 02:55:29'), 'mag': 5.0}, {'lat': 26.72, 'long': 128.539, 'Time': Timestamp('2007-10-17 10:58:45'), 'mag': 5.4}, {'lat': 23.501, 'long': 121.714, 'Time': Timestamp('2007-10-17 14:40:00'), 'mag': 5.0}, {'lat': 30.132, 'long': -42.594, 'Time': Timestamp('2007-10-18 16:13:14'), 'mag': 5.7}]",4,28
1770,2007-10-11 06:25:54.552,0,[],0,22
1771,2007-10-14 09:41:20.942,0,[],0,25
1772,2007-10-12 13:00:23.900,0,[],0,23
1773,2007-09-24 22:46:53.914,1,"[{'lat': -3.918, 'long': -79.208, 'Time': Timestamp('2007-09-26 04:43:17'), 'mag': 5.9}, {'lat': -7.074, 'long': -11.713, 'Time': Timestamp('2007-09-26 18:39:34'), 'mag': 5.6}]",2,5
1774,2007-09-25 06:56:21.385,0,[],0,5
1775,2007-10-13 10:12:23.772,0,[],0,23
1776,2007-10-09 13:31:23.300,0,[],0,19
1777,2007-10-12 16:48:53.355,1,"[{'lat': 4.922, 'long': -82.565, 'Time': Timestamp('2007-10-13 03:58:22'), 'mag': 5.5}]",1,22
1778,2007-10-12 20:03:23.408,0,[],0,22
1779,2007-10-04 23:16:50.548,1,"[{'lat': -15.239, 'long': -174.245, 'Time': Timestamp('2007-10-05 03:52:12'), 'mag': 5.1}, {'lat': -15.25, 'long': -175.25, 'Time': Timestamp('2007-10-05 03:52:24'), 'mag': 5.1}, {'lat': -16.775, 'long': -177.388, 'Time': Timestamp('2007-10-05 04:17:12'), 'mag': 5.0}, {'lat': -11.976, 'long': 165.86, 'Time': Timestamp('2007-10-06 02:37:16'), 'mag': 5.1}, {'lat': -23.244, 'long': -177.181, 'Time': Timestamp('2007-10-06 03:03:36'), 'mag': 5.3}]",5,14
1780,2007-09-29 07:27:23.115,0,[],0,8
1781,2007-10-04 10:43:24.842,0,[],0,13
1782,2007-10-05 14:02:23.702,0,[],0,14
1783,2007-10-19 17:19:23.756,1,"[{'lat': -40.952, 'long': -89.598, 'Time': Timestamp('2007-10-20 11:02:42'), 'mag': 5.3}, {'lat': -41.286, 'long': -89.569, 'Time': Timestamp('2007-10-20 11:18:32'), 'mag': 5.2}]",2,28
1784,2007-10-16 20:30:18.016,0,[],0,25
1785,2007-09-28 06:19:19.839,1,"[{'lat': 2.915, 'long': 95.533, 'Time': Timestamp('2007-09-29 05:32:42'), 'mag': 5.7}, {'lat': 2.9, 'long': 95.523, 'Time': Timestamp('2007-09-29 05:37:07'), 'mag': 6.0}]",2,6
1786,2007-10-09 09:34:53.776,0,[],0,17
1787,2007-09-30 22:40:23.236,1,"[{'lat': -49.103, 'long': 164.175, 'Time': Timestamp('2007-10-01 13:35:26'), 'mag': 5.0}, {'lat': 17.383, 'long': -94.204, 'Time': Timestamp('2007-10-01 14:41:52'), 'mag': 5.3}, {'lat': -49.263, 'long': 163.659, 'Time': Timestamp('2007-10-01 16:19:57'), 'mag': 5.0}, {'lat': -48.013, 'long': 165.008, 'Time': Timestamp('2007-10-02 06:51:33'), 'mag': 5.1}, {'lat': -25.85, 'long': -70.555, 'Time': Timestamp('2007-10-02 15:33:01'), 'mag': 5.0}, {'lat': -25.847, 'long': -70.574, 'Time': Timestamp('2007-10-02 15:38:26'), 'mag': 5.2}, {'lat': 54.511, 'long': -161.708, 'Time': Timestamp('2007-10-02 18:00:06'), 'mag': 6.3}, {'lat': 54.417, 'long': -161.703, 'Time': Timestamp('2007-10-02 18:03:54'), 'mag': 5.6}, {'lat': 54.503, 'long': -161.579, 'Time': Timestamp('2007-10-02 20:57:33'), 'mag': 5.4}, {'lat': 54.1696, 'long': -161.3657, 'Time': Timestamp('2007-10-02 20:57:39'), 'mag': 5.1}]",10,8
1788,2007-10-06 01:54:52.933,1,"[{'lat': 18.73, 'long': 147.148, 'Time': Timestamp('2007-10-06 12:38:49'), 'mag': 6.1}, {'lat': 35.567, 'long': 140.505, 'Time': Timestamp('2007-10-07 13:36:06'), 'mag': 5.0}, {'lat': 12.189, 'long': 125.538, 'Time': Timestamp('2007-10-07 18:30:43'), 'mag': 5.1}]",3,13
1789,2007-10-20 06:50:24.219,0,[],0,27
1790,2007-10-14 10:05:49.852,0,[],0,21
1791,2007-09-30 13:25:23.478,0,[],0,7
1792,2007-10-06 00:47:45.662,1,"[{'lat': -11.976, 'long': 165.86, 'Time': Timestamp('2007-10-06 02:37:16'), 'mag': 5.1}, {'lat': 18.73, 'long': 147.148, 'Time': Timestamp('2007-10-06 12:38:49'), 'mag': 6.1}, {'lat': 35.567, 'long': 140.505, 'Time': Timestamp('2007-10-07 13:36:06'), 'mag': 5.0}, {'lat': 12.189, 'long': 125.538, 'Time': Timestamp('2007-10-07 18:30:43'), 'mag': 5.1}]",4,12
1793,2007-10-03 10:37:28.669,0,[],0,9
1794,2007-10-08 13:56:23.879,1,"[{'lat': 38.552, 'long': -30.358, 'Time': Timestamp('2007-10-09 06:41:11'), 'mag': 5.0}]",1,14
1795,2007-10-16 17:12:53.932,1,"[{'lat': 14.389, 'long': -93.086, 'Time': Timestamp('2007-10-16 20:25:03'), 'mag': 5.1}, {'lat': -6.409, 'long': -107.307, 'Time': Timestamp('2007-10-17 01:05:49'), 'mag': 5.5}]",2,22
1796,2007-10-15 20:27:20.849,0,[],0,21
1797,2007-10-11 23:40:54.039,1,"[{'lat': -33.209, 'long': -178.224, 'Time': Timestamp('2007-10-12 14:43:09'), 'mag': 5.3}, {'lat': -54.371, 'long': 159.027, 'Time': Timestamp('2007-10-13 02:22:43'), 'mag': 5.4}, {'lat': 61.831, 'long': -151.7471, 'Time': Timestamp('2007-10-13 15:15:20'), 'mag': 5.2}]",3,17
1798,2007-10-18 07:51:52.693,1,"[{'lat': 28.65, 'long': 66.29, 'Time': Timestamp('2007-10-19 07:19:54'), 'mag': 5.5}]",1,23
1799,2007-10-13 20:56:24.235,0,[],0,18
1800,2007-10-10 00:11:23.439,1,"[{'lat': -1.735, 'long': 99.48, 'Time': Timestamp('2007-10-10 00:19:16'), 'mag': 5.9}, {'lat': 13.394, 'long': 145.478, 'Time': Timestamp('2007-10-10 04:11:55'), 'mag': 5.3}, {'lat': -25.153, 'long': 179.803, 'Time': Timestamp('2007-10-10 05:18:57'), 'mag': 5.2}, {'lat': -26.139, 'long': 179.618, 'Time': Timestamp('2007-10-10 11:21:26'), 'mag': 5.4}, {'lat': 9.702, 'long': 91.8, 'Time': Timestamp('2007-10-10 12:25:36'), 'mag': 5.2}, {'lat': -38.29, 'long': 176.42, 'Time': Timestamp('2007-10-10 15:51:55'), 'mag': 5.1}, {'lat': -21.236, 'long': 170.26, 'Time': Timestamp('2007-10-10 23:11:41'), 'mag': 5.4}, {'lat': -18.495, 'long': 169.0, 'Time': Timestamp('2007-10-11 05:31:55'), 'mag': 5.4}, {'lat': -36.59, 'long': 177.1, 'Time': Timestamp('2007-10-11 10:19:12'), 'mag': 5.1}, {'lat': -49.052, 'long': 164.31, 'Time': Timestamp('2007-10-11 16:25:05'), 'mag': 5.6}, {'lat': -3.9, 'long': 100.978, 'Time': Timestamp('2007-10-11 20:38:35'), 'mag': 5.4}]",11,14
1801,2007-10-03 08:22:23.094,0,[],0,7
1802,2007-10-25 13:18:53.743,0,[],0,29
1803,2007-10-01 23:04:49.662,1,"[{'lat': -48.013, 'long': 165.008, 'Time': Timestamp('2007-10-02 06:51:33'), 'mag': 5.1}, {'lat': 54.511, 'long': -161.708, 'Time': Timestamp('2007-10-02 18:00:06'), 'mag': 6.3}, {'lat': 54.417, 'long': -161.703, 'Time': Timestamp('2007-10-02 18:03:54'), 'mag': 5.6}, {'lat': 54.503, 'long': -161.579, 'Time': Timestamp('2007-10-02 20:57:33'), 'mag': 5.4}, {'lat': 54.1696, 'long': -161.3657, 'Time': Timestamp('2007-10-02 20:57:39'), 'mag': 5.1}, {'lat': -48.635, 'long': 164.658, 'Time': Timestamp('2007-10-03 01:43:25'), 'mag': 5.1}, {'lat': 51.519, 'long': -178.402, 'Time': Timestamp('2007-10-03 02:25:50'), 'mag': 5.0}, {'lat': -48.724, 'long': 164.698, 'Time': Timestamp('2007-10-03 03:32:56'), 'mag': 5.1}, {'lat': 51.675, 'long': -175.521, 'Time': Timestamp('2007-10-03 09:15:11'), 'mag': 5.0}, {'lat': 58.2824, 'long': -151.2868, 'Time': Timestamp('2007-10-03 14:06:12'), 'mag': 5.2}, {'lat': -48.655, 'long': 164.622, 'Time': Timestamp('2007-10-03 18:03:03'), 'mag': 5.2}]",11,5
1804,2007-10-07 08:51:19.375,0,[],0,10
1805,2007-10-18 12:10:23.117,0,[],0,21
1806,2007-10-23 15:28:44.500,1,"[{'lat': -44.338, 'long': -81.367, 'Time': Timestamp('2007-10-24 03:16:30'), 'mag': 5.0}, {'lat': -12.079, 'long': -75.285, 'Time': Timestamp('2007-10-24 16:45:51'), 'mag': 5.0}, {'lat': -20.602, 'long': -68.754, 'Time': Timestamp('2007-10-25 08:35:17'), 'mag': 5.6}]",3,26
1807,2007-10-06 18:44:23.224,1,"[{'lat': -0.413, 'long': -91.278, 'Time': Timestamp('2007-10-07 08:34:10'), 'mag': 5.2}, {'lat': -26.811, 'long': -107.159, 'Time': Timestamp('2007-10-08 07:41:13'), 'mag': 5.0}]",2,9
1808,2007-10-18 21:56:48.590,1,"[{'lat': -40.952, 'long': -89.598, 'Time': Timestamp('2007-10-20 11:02:42'), 'mag': 5.3}, {'lat': -41.286, 'long': -89.569, 'Time': Timestamp('2007-10-20 11:18:32'), 'mag': 5.2}, {'lat': -36.469, 'long': -73.006, 'Time': Timestamp('2007-10-20 19:56:21'), 'mag': 5.2}, {'lat': -16.516, 'long': -174.121, 'Time': Timestamp('2007-10-20 21:40:09'), 'mag': 5.0}]",4,21
1809,2007-10-17 01:12:20.864,1,"[{'lat': 2.975, 'long': 96.455, 'Time': Timestamp('2007-10-17 02:55:29'), 'mag': 5.0}, {'lat': 26.72, 'long': 128.539, 'Time': Timestamp('2007-10-17 10:58:45'), 'mag': 5.4}, {'lat': 23.501, 'long': 121.714, 'Time': Timestamp('2007-10-17 14:40:00'), 'mag': 5.0}, {'lat': 30.132, 'long': -42.594, 'Time': Timestamp('2007-10-18 16:13:14'), 'mag': 5.7}]",4,19
1810,2007-10-09 06:07:23.053,1,"[{'lat': 42.927, 'long': 77.868, 'Time': Timestamp('2007-10-09 16:00:42'), 'mag': 5.0}, {'lat': -1.735, 'long': 99.48, 'Time': Timestamp('2007-10-10 00:19:16'), 'mag': 5.9}, {'lat': 9.702, 'long': 91.8, 'Time': Timestamp('2007-10-10 12:25:36'), 'mag': 5.2}]",3,11
1811,2007-10-04 09:22:20.451,0,[],0,6
1812,2007-10-10 12:41:53.518,0,[],0,12
1813,2007-10-23 15:59:20.659,1,"[{'lat': -44.338, 'long': -81.367, 'Time': Timestamp('2007-10-24 03:16:30'), 'mag': 5.0}, {'lat': -12.079, 'long': -75.285, 'Time': Timestamp('2007-10-24 16:45:51'), 'mag': 5.0}, {'lat': -20.602, 'long': -68.754, 'Time': Timestamp('2007-10-25 08:35:17'), 'mag': 5.6}]",3,25
1814,2007-10-29 00:05:23.705,1,"[{'lat': 37.033, 'long': 29.233, 'Time': Timestamp('2007-10-29 09:23:14'), 'mag': 5.3}, {'lat': -4.779, 'long': 154.156, 'Time': Timestamp('2007-10-30 02:49:53'), 'mag': 5.2}, {'lat': -22.313, 'long': 170.565, 'Time': Timestamp('2007-10-30 08:32:46'), 'mag': 5.3}]",3,30
1815,2007-10-12 04:59:58.852,0,[],0,13
1816,2007-10-06 09:53:20.294,0,[],0,7
1817,2007-10-19 13:12:53.919,0,[],0,20
1818,2007-10-06 16:30:23.973,1,"[{'lat': -0.413, 'long': -91.278, 'Time': Timestamp('2007-10-07 08:34:10'), 'mag': 5.2}]",1,7
1819,2007-10-12 19:44:54.027,0,[],0,13
1820,2007-10-16 22:58:24.262,1,"[{'lat': -6.409, 'long': -107.307, 'Time': Timestamp('2007-10-17 01:05:49'), 'mag': 5.5}]",1,17
1821,2007-10-07 07:08:24.184,1,"[{'lat': -6.593, 'long': 71.532, 'Time': Timestamp('2007-10-09 03:22:36'), 'mag': 5.4}]",1,7
1822,2007-10-28 10:24:19.696,1,"[{'lat': 37.033, 'long': 29.233, 'Time': Timestamp('2007-10-29 09:23:14'), 'mag': 5.3}]",1,28
1823,2007-10-06 13:43:53.321,0,[],0,6
1824,2007-10-19 17:00:53.374,1,"[{'lat': -40.952, 'long': -89.598, 'Time': Timestamp('2007-10-20 11:02:42'), 'mag': 5.3}, {'lat': -41.286, 'long': -89.569, 'Time': Timestamp('2007-10-20 11:18:32'), 'mag': 5.2}, {'lat': -36.469, 'long': -73.006, 'Time': Timestamp('2007-10-20 19:56:21'), 'mag': 5.2}]",3,19
1825,2007-10-30 20:15:23.059,1,"[{'lat': 37.4335, 'long': -121.7743333, 'Time': Timestamp('2007-10-31 03:04:54'), 'mag': 5.45}]",1,30
