index,time_window,label,matched_eqs,total_eq,random_offset_days
0,2008-01-30 08:50:49.722,1,"[{'lat': 14.212, 'long': 53.679, 'Time': Timestamp('2008-02-01 01:32:27'), 'mag': 5.0}, {'lat': 14.212, 'long': 53.679, 'Time': Timestamp('2008-02-01 01:32:27'), 'mag': 5.0}, {'lat': 14.212, 'long': 53.679, 'Time': Timestamp('2008-02-01 01:32:27'), 'mag': 5.0}]",3,29
1,2008-01-12 12:09:53.118,0,[],0,11
2,2008-01-25 15:27:52.257,1,"[{'lat': -2.88, 'long': -80.39, 'Time': Timestamp('2008-01-26 17:59:50'), 'mag': 5.2}, {'lat': -2.88, 'long': -80.39, 'Time': Timestamp('2008-01-26 17:59:50'), 'mag': 5.2}]",2,24
3,2008-01-26 18:43:19.107,0,[],0,25
4,2008-01-25 21:57:18.814,1,"[{'lat': -15.891, 'long': -174.476, 'Time': Timestamp('2008-01-27 15:28:25'), 'mag': 5.2}, {'lat': -15.891, 'long': -174.476, 'Time': Timestamp('2008-01-27 15:28:25'), 'mag': 5.2}]",2,24
5,2008-01-09 01:11:22.193,1,"[{'lat': 2.524, 'long': 128.561, 'Time': Timestamp('2008-01-09 21:33:18'), 'mag': 5.3}, {'lat': 2.524, 'long': 128.561, 'Time': Timestamp('2008-01-09 21:33:18'), 'mag': 5.3}]",2,7
6,2008-01-19 06:06:24.383,1,"[{'lat': 51.375, 'long': 98.052, 'Time': Timestamp('2008-01-19 07:32:30'), 'mag': 5.1}, {'lat': 51.375, 'long': 98.052, 'Time': Timestamp('2008-01-19 07:32:30'), 'mag': 5.1}, {'lat': 51.375, 'long': 98.052, 'Time': Timestamp('2008-01-19 07:32:30'), 'mag': 5.1}, {'lat': 36.428, 'long': 70.767, 'Time': Timestamp('2008-01-19 19:24:59'), 'mag': 5.2}, {'lat': 36.428, 'long': 70.767, 'Time': Timestamp('2008-01-19 19:24:59'), 'mag': 5.2}, {'lat': 36.428, 'long': 70.767, 'Time': Timestamp('2008-01-19 19:24:59'), 'mag': 5.2}]",6,17
7,2008-01-20 09:21:54.548,1,"[{'lat': -10.534, 'long': 41.556, 'Time': Timestamp('2008-01-21 02:49:11'), 'mag': 5.2}, {'lat': -10.566, 'long': 41.571, 'Time': Timestamp('2008-01-21 15:28:35'), 'mag': 5.1}, {'lat': -10.534, 'long': 41.556, 'Time': Timestamp('2008-01-21 02:49:11'), 'mag': 5.2}, {'lat': -10.566, 'long': 41.571, 'Time': Timestamp('2008-01-21 15:28:35'), 'mag': 5.1}, {'lat': -10.534, 'long': 41.556, 'Time': Timestamp('2008-01-21 02:49:11'), 'mag': 5.2}, {'lat': -10.566, 'long': 41.571, 'Time': Timestamp('2008-01-21 15:28:35'), 'mag': 5.1}]",6,18
8,2008-01-31 12:40:53.586,0,[],0,29
9,2008-01-29 15:58:53.506,1,"[{'lat': -42.68, 'long': -74.049, 'Time': Timestamp('2008-01-30 10:29:23'), 'mag': 5.0}, {'lat': -42.68, 'long': -74.049, 'Time': Timestamp('2008-01-30 10:29:23'), 'mag': 5.0}, {'lat': -42.68, 'long': -74.049, 'Time': Timestamp('2008-01-30 10:29:23'), 'mag': 5.0}, {'lat': 12.804, 'long': -88.829, 'Time': Timestamp('2008-01-29 21:37:01'), 'mag': 5.0}, {'lat': 12.804, 'long': -88.829, 'Time': Timestamp('2008-01-29 21:37:01'), 'mag': 5.0}, {'lat': 12.804, 'long': -88.829, 'Time': Timestamp('2008-01-29 21:37:01'), 'mag': 5.0}]",6,27
10,2008-01-31 00:04:23.772,1,"[{'lat': -51.942, 'long': 161.281, 'Time': Timestamp('2008-02-01 21:22:15'), 'mag': 5.2}, {'lat': -51.942, 'long': 161.281, 'Time': Timestamp('2008-02-01 21:22:15'), 'mag': 5.2}]",2,28
11,2008-01-27 09:52:52.360,0,[],0,24
12,2008-01-28 13:11:53.987,1,"[{'lat': -58.735, 'long': -25.24, 'Time': Timestamp('2008-01-29 14:57:26'), 'mag': 5.6}, {'lat': -58.735, 'long': -25.24, 'Time': Timestamp('2008-01-29 14:57:26'), 'mag': 5.6}]",2,25
13,2008-01-29 16:29:25.012,1,"[{'lat': -42.68, 'long': -74.049, 'Time': Timestamp('2008-01-30 10:29:23'), 'mag': 5.0}, {'lat': -42.68, 'long': -74.049, 'Time': Timestamp('2008-01-30 10:29:23'), 'mag': 5.0}, {'lat': -42.68, 'long': -74.049, 'Time': Timestamp('2008-01-30 10:29:23'), 'mag': 5.0}, {'lat': 12.804, 'long': -88.829, 'Time': Timestamp('2008-01-29 21:37:01'), 'mag': 5.0}, {'lat': 12.804, 'long': -88.829, 'Time': Timestamp('2008-01-29 21:37:01'), 'mag': 5.0}, {'lat': 12.804, 'long': -88.829, 'Time': Timestamp('2008-01-29 21:37:01'), 'mag': 5.0}, {'lat': -34.746, 'long': -108.87, 'Time': Timestamp('2008-01-31 00:31:29'), 'mag': 5.2}]",7,26
14,2008-01-28 19:43:53.094,0,[],0,25
15,2008-01-26 22:57:53.147,1,"[{'lat': -15.891, 'long': -174.476, 'Time': Timestamp('2008-01-27 15:28:25'), 'mag': 5.2}, {'lat': -15.891, 'long': -174.476, 'Time': Timestamp('2008-01-27 15:28:25'), 'mag': 5.2}, {'lat': -15.891, 'long': -174.476, 'Time': Timestamp('2008-01-27 15:28:25'), 'mag': 5.2}, {'lat': -27.897, 'long': -176.451, 'Time': Timestamp('2008-01-28 10:31:26'), 'mag': 5.2}, {'lat': -27.897, 'long': -176.451, 'Time': Timestamp('2008-01-28 10:31:26'), 'mag': 5.2}, {'lat': -27.897, 'long': -176.451, 'Time': Timestamp('2008-01-28 10:31:26'), 'mag': 5.2}]",6,23
16,2008-02-02 02:12:20.734,1,"[{'lat': -4.579, 'long': 152.954, 'Time': Timestamp('2008-02-02 05:06:40'), 'mag': 5.1}, {'lat': -6.065, 'long': 149.873, 'Time': Timestamp('2008-02-03 17:10:25'), 'mag': 5.4}, {'lat': -4.579, 'long': 152.954, 'Time': Timestamp('2008-02-02 05:06:40'), 'mag': 5.1}, {'lat': -6.065, 'long': 149.873, 'Time': Timestamp('2008-02-03 17:10:25'), 'mag': 5.4}, {'lat': -4.579, 'long': 152.954, 'Time': Timestamp('2008-02-02 05:06:40'), 'mag': 5.1}, {'lat': -6.065, 'long': 149.873, 'Time': Timestamp('2008-02-03 17:10:25'), 'mag': 5.4}, {'lat': -8.202, 'long': 119.863, 'Time': Timestamp('2008-02-03 05:56:54'), 'mag': 5.0}, {'lat': -8.617, 'long': 111.521, 'Time': Timestamp('2008-02-03 10:55:33'), 'mag': 5.1}, {'lat': -8.202, 'long': 119.863, 'Time': Timestamp('2008-02-03 05:56:54'), 'mag': 5.0}, {'lat': -8.617, 'long': 111.521, 'Time': Timestamp('2008-02-03 10:55:33'), 'mag': 5.1}]",10,29
17,2008-01-27 07:07:52.923,0,[],0,23
18,2008-01-26 10:23:54.528,0,[],0,22
19,2008-01-18 13:42:53.388,0,[],0,14
20,2008-01-12 18:37:23.469,0,[],0,8
21,2008-01-25 07:38:22.878,0,[],0,20
22,2008-01-10 10:54:50.833,1,"[{'lat': -56.399, 'long': -27.206, 'Time': Timestamp('2008-01-12 08:32:46'), 'mag': 5.3}, {'lat': -56.399, 'long': -27.206, 'Time': Timestamp('2008-01-12 08:32:46'), 'mag': 5.3}]",2,5
23,2008-01-18 14:13:53.789,0,[],0,13
24,2008-02-02 17:30:23.843,1,"[{'lat': 19.028, 'long': -66.902, 'Time': Timestamp('2008-02-04 07:43:56'), 'mag': 5.5}, {'lat': -53.25, 'long': -117.75, 'Time': Timestamp('2008-02-04 04:46:00'), 'mag': 5.0}, {'lat': -53.25, 'long': -117.75, 'Time': Timestamp('2008-02-04 04:46:00'), 'mag': 5.0}, {'lat': -53.25, 'long': -117.75, 'Time': Timestamp('2008-02-04 04:46:00'), 'mag': 5.0}]",4,28
25,2008-01-29 06:30:52.137,1,"[{'lat': -2.014, 'long': 68.025, 'Time': Timestamp('2008-01-30 01:13:13'), 'mag': 5.1}, {'lat': -2.014, 'long': 68.025, 'Time': Timestamp('2008-01-30 01:13:13'), 'mag': 5.1}]",2,23
26,2008-02-05 09:46:20.208,0,[],0,30
27,2008-01-24 13:05:53.164,0,[],0,18
28,2008-01-11 22:51:53.324,1,"[{'lat': -16.057, 'long': -172.937, 'Time': Timestamp('2008-01-13 11:16:40'), 'mag': 5.2}, {'lat': -16.057, 'long': -172.937, 'Time': Timestamp('2008-01-13 11:16:40'), 'mag': 5.2}, {'lat': -16.057, 'long': -172.937, 'Time': Timestamp('2008-01-13 11:16:40'), 'mag': 5.2}]",3,5
29,2008-01-28 07:01:24.429,1,"[{'lat': -2.014, 'long': 68.025, 'Time': Timestamp('2008-01-30 01:13:13'), 'mag': 5.1}, {'lat': -2.014, 'long': 68.025, 'Time': Timestamp('2008-01-30 01:13:13'), 'mag': 5.1}, {'lat': -2.014, 'long': 68.025, 'Time': Timestamp('2008-01-30 01:13:13'), 'mag': 5.1}]",3,21
30,2008-01-26 10:17:21.937,0,[],0,19
31,2008-02-05 13:36:53.565,1,"[{'lat': -56.121, 'long': -26.984, 'Time': Timestamp('2008-02-05 19:40:09'), 'mag': 5.0}, {'lat': 50.142, 'long': -28.905, 'Time': Timestamp('2008-02-06 07:33:22'), 'mag': 5.0}, {'lat': 50.142, 'long': -28.905, 'Time': Timestamp('2008-02-06 07:33:22'), 'mag': 5.0}]",3,29
32,2008-02-03 16:53:53.619,1,"[{'lat': 19.028, 'long': -66.902, 'Time': Timestamp('2008-02-04 07:43:56'), 'mag': 5.5}, {'lat': 19.028, 'long': -66.902, 'Time': Timestamp('2008-02-04 07:43:56'), 'mag': 5.5}, {'lat': 19.028, 'long': -66.902, 'Time': Timestamp('2008-02-04 07:43:56'), 'mag': 5.5}, {'lat': -20.166, 'long': -70.037, 'Time': Timestamp('2008-02-04 17:01:29'), 'mag': 6.3}, {'lat': -20.166, 'long': -70.037, 'Time': Timestamp('2008-02-04 17:01:29'), 'mag': 6.3}, {'lat': -53.25, 'long': -117.75, 'Time': Timestamp('2008-02-04 04:46:00'), 'mag': 5.0}, {'lat': -53.25, 'long': -117.75, 'Time': Timestamp('2008-02-04 04:46:00'), 'mag': 5.0}, {'lat': -53.25, 'long': -117.75, 'Time': Timestamp('2008-02-04 04:46:00'), 'mag': 5.0}]",8,27
33,2008-02-02 20:08:23.672,0,[],0,26
34,2008-02-06 23:21:53.724,1,"[{'lat': -22.539, 'long': -179.238, 'Time': Timestamp('2008-02-07 09:25:30'), 'mag': 5.6}, {'lat': -22.539, 'long': -179.238, 'Time': Timestamp('2008-02-07 09:25:30'), 'mag': 5.6}]",2,30
35,2008-01-26 07:32:23.055,0,[],0,18
36,2008-01-15 10:48:49.794,0,[],0,7
37,2008-01-13 14:07:54.927,0,[],0,5
38,2008-01-29 17:24:24.020,1,"[{'lat': 12.804, 'long': -88.829, 'Time': Timestamp('2008-01-29 21:37:01'), 'mag': 5.0}, {'lat': 12.804, 'long': -88.829, 'Time': Timestamp('2008-01-29 21:37:01'), 'mag': 5.0}, {'lat': -34.746, 'long': -108.87, 'Time': Timestamp('2008-01-31 00:31:29'), 'mag': 5.2}, {'lat': -34.746, 'long': -108.87, 'Time': Timestamp('2008-01-31 00:31:29'), 'mag': 5.2}]",4,21
39,2008-01-15 20:38:25.368,1,"[{'lat': 68.143, 'long': -136.604, 'Time': Timestamp('2008-01-17 19:46:41'), 'mag': 5.0}]",1,7
40,2008-01-19 23:52:23.126,1,"[{'lat': -44.92, 'long': 166.98, 'Time': Timestamp('2008-01-20 18:41:47'), 'mag': 5.5}, {'lat': -44.92, 'long': 166.98, 'Time': Timestamp('2008-01-20 18:41:47'), 'mag': 5.5}]",2,11
41,2008-01-27 12:59:23.444,0,[],0,18
42,2008-02-04 22:45:23.603,1,"[{'lat': -21.512, 'long': -175.792, 'Time': Timestamp('2008-02-05 16:21:52'), 'mag': 5.0}, {'lat': -21.512, 'long': -175.792, 'Time': Timestamp('2008-02-05 16:21:52'), 'mag': 5.0}]",2,26
43,2008-01-20 01:59:48.310,1,"[{'lat': 1.792, 'long': 126.721, 'Time': Timestamp('2008-01-20 10:27:21'), 'mag': 5.1}, {'lat': 2.346, 'long': 126.816, 'Time': Timestamp('2008-01-20 20:26:04'), 'mag': 6.1}, {'lat': 1.792, 'long': 126.721, 'Time': Timestamp('2008-01-20 10:27:21'), 'mag': 5.1}, {'lat': 2.346, 'long': 126.816, 'Time': Timestamp('2008-01-20 20:26:04'), 'mag': 6.1}, {'lat': 1.792, 'long': 126.721, 'Time': Timestamp('2008-01-20 10:27:21'), 'mag': 5.1}, {'lat': 2.346, 'long': 126.816, 'Time': Timestamp('2008-01-20 20:26:04'), 'mag': 6.1}]",6,10
44,2008-01-24 05:17:32.639,1,"[{'lat': -4.025, 'long': 101.869, 'Time': Timestamp('2008-01-24 12:03:40'), 'mag': 5.3}, {'lat': 1.031, 'long': 97.271, 'Time': Timestamp('2008-01-24 12:04:14'), 'mag': 5.3}, {'lat': -4.025, 'long': 101.869, 'Time': Timestamp('2008-01-24 12:03:40'), 'mag': 5.3}, {'lat': 1.031, 'long': 97.271, 'Time': Timestamp('2008-01-24 12:04:14'), 'mag': 5.3}, {'lat': -4.025, 'long': 101.869, 'Time': Timestamp('2008-01-24 12:03:40'), 'mag': 5.3}]",5,14
45,2008-02-04 08:33:52.737,0,[],0,25
46,2008-01-23 11:50:53.817,0,[],0,13
47,2008-01-29 15:09:22.845,1,"[{'lat': -42.68, 'long': -74.049, 'Time': Timestamp('2008-01-30 10:29:23'), 'mag': 5.0}, {'lat': -42.68, 'long': -74.049, 'Time': Timestamp('2008-01-30 10:29:23'), 'mag': 5.0}, {'lat': -42.68, 'long': -74.049, 'Time': Timestamp('2008-01-30 10:29:23'), 'mag': 5.0}]",3,19
48,2008-01-25 18:24:53.925,0,[],0,15
49,2008-01-15 21:37:52.170,1,"[{'lat': 68.143, 'long': -136.604, 'Time': Timestamp('2008-01-17 19:46:41'), 'mag': 5.0}, {'lat': -21.85, 'long': -179.543, 'Time': Timestamp('2008-01-16 20:11:51'), 'mag': 5.0}, {'lat': -21.85, 'long': -179.543, 'Time': Timestamp('2008-01-16 20:11:51'), 'mag': 5.0}, {'lat': -21.85, 'long': -179.543, 'Time': Timestamp('2008-01-16 20:11:51'), 'mag': 5.0}]",4,5
50,2008-01-23 00:52:51.353,1,"[{'lat': -22.56, 'long': 173.209, 'Time': Timestamp('2008-01-23 06:13:31'), 'mag': 5.3}, {'lat': 11.532, 'long': 141.355, 'Time': Timestamp('2008-01-24 00:25:18'), 'mag': 5.2}, {'lat': 11.532, 'long': 141.355, 'Time': Timestamp('2008-01-24 00:25:18'), 'mag': 5.2}, {'lat': 11.532, 'long': 141.355, 'Time': Timestamp('2008-01-24 00:25:18'), 'mag': 5.2}, {'lat': -6.026, 'long': 146.619, 'Time': Timestamp('2008-01-24 22:29:53'), 'mag': 5.9}, {'lat': -6.026, 'long': 146.619, 'Time': Timestamp('2008-01-24 22:29:53'), 'mag': 5.9}, {'lat': -6.026, 'long': 146.619, 'Time': Timestamp('2008-01-24 22:29:53'), 'mag': 5.9}]",7,12
51,2008-01-29 07:25:56.431,1,"[{'lat': -2.014, 'long': 68.025, 'Time': Timestamp('2008-01-30 01:13:13'), 'mag': 5.1}, {'lat': -2.014, 'long': 68.025, 'Time': Timestamp('2008-01-30 01:13:13'), 'mag': 5.1}, {'lat': -2.014, 'long': 68.025, 'Time': Timestamp('2008-01-30 01:13:13'), 'mag': 5.1}]",3,18
52,2008-01-31 10:42:18.962,0,[],0,20
53,2008-02-07 14:01:23.246,1,"[{'lat': 10.671, 'long': -41.899, 'Time': Timestamp('2008-02-08 09:38:14'), 'mag': 6.9}, {'lat': 10.671, 'long': -41.899, 'Time': Timestamp('2008-02-08 09:38:14'), 'mag': 6.9}]",2,27
54,2008-01-22 17:17:53.300,1,"[{'lat': 6.943, 'long': -82.383, 'Time': Timestamp('2008-01-24 04:12:13'), 'mag': 5.9}, {'lat': 6.943, 'long': -82.383, 'Time': Timestamp('2008-01-24 04:12:13'), 'mag': 5.9}, {'lat': 6.943, 'long': -82.383, 'Time': Timestamp('2008-01-24 04:12:13'), 'mag': 5.9}, {'lat': 14.278, 'long': -94.037, 'Time': Timestamp('2008-01-23 05:49:32'), 'mag': 5.5}, {'lat': 14.278, 'long': -94.037, 'Time': Timestamp('2008-01-23 05:49:32'), 'mag': 5.5}, {'lat': 14.278, 'long': -94.037, 'Time': Timestamp('2008-01-23 05:49:32'), 'mag': 5.5}]",6,11
55,2008-01-23 20:29:20.785,0,[],0,12
56,2008-01-19 23:45:53.405,1,"[{'lat': -44.92, 'long': 166.98, 'Time': Timestamp('2008-01-20 18:41:47'), 'mag': 5.5}, {'lat': -44.92, 'long': 166.98, 'Time': Timestamp('2008-01-20 18:41:47'), 'mag': 5.5}, {'lat': -44.92, 'long': 166.98, 'Time': Timestamp('2008-01-20 18:41:47'), 'mag': 5.5}]",3,8
57,2008-02-11 07:56:50.962,0,[],0,30
58,2008-01-23 11:13:20.691,0,[],0,11
59,2008-02-01 14:32:19.406,1,"[{'lat': -22.135, 'long': -68.33, 'Time': Timestamp('2008-02-02 00:22:07'), 'mag': 5.2}, {'lat': -22.135, 'long': -68.33, 'Time': Timestamp('2008-02-02 00:22:07'), 'mag': 5.2}, {'lat': -22.135, 'long': -68.33, 'Time': Timestamp('2008-02-02 00:22:07'), 'mag': 5.2}]",3,20
60,2008-02-02 17:48:23.700,1,"[{'lat': -53.25, 'long': -117.75, 'Time': Timestamp('2008-02-04 04:46:00'), 'mag': 5.0}, {'lat': -53.25, 'long': -117.75, 'Time': Timestamp('2008-02-04 04:46:00'), 'mag': 5.0}, {'lat': -53.25, 'long': -117.75, 'Time': Timestamp('2008-02-04 04:46:00'), 'mag': 5.0}]",3,21
61,2008-02-03 22:39:23.780,1,"[{'lat': -21.512, 'long': -175.792, 'Time': Timestamp('2008-02-05 16:21:52'), 'mag': 5.0}]",1,22
62,2008-01-31 01:53:51.590,1,"[{'lat': 28.983, 'long': 142.333, 'Time': Timestamp('2008-02-01 14:12:18'), 'mag': 5.2}, {'lat': 28.983, 'long': 142.333, 'Time': Timestamp('2008-02-01 14:12:18'), 'mag': 5.2}, {'lat': 16.049, 'long': 119.93, 'Time': Timestamp('2008-01-31 19:32:57'), 'mag': 5.0}, {'lat': 16.049, 'long': 119.93, 'Time': Timestamp('2008-01-31 19:32:57'), 'mag': 5.0}, {'lat': -6.142, 'long': 129.894, 'Time': Timestamp('2008-01-31 08:54:20'), 'mag': 5.0}, {'lat': -6.142, 'long': 129.894, 'Time': Timestamp('2008-01-31 08:54:20'), 'mag': 5.0}, {'lat': -6.142, 'long': 129.894, 'Time': Timestamp('2008-01-31 08:54:20'), 'mag': 5.0}]",7,18
63,2008-02-05 06:48:53.556,1,"[{'lat': -12.051, 'long': 65.706, 'Time': Timestamp('2008-02-07 05:45:29'), 'mag': 5.0}, {'lat': -12.051, 'long': 65.706, 'Time': Timestamp('2008-02-07 05:45:29'), 'mag': 5.0}]",2,23
64,2008-01-24 10:04:52.394,0,[],0,11
65,2008-02-11 13:24:24.021,0,[],0,29
66,2008-02-12 00:46:47.974,0,[],0,29
67,2008-02-13 07:19:56.607,1,"[{'lat': -12.155, 'long': 65.691, 'Time': Timestamp('2008-02-13 08:43:45'), 'mag': 5.0}, {'lat': -12.155, 'long': 65.691, 'Time': Timestamp('2008-02-13 08:43:45'), 'mag': 5.0}]",2,30
68,2008-02-05 10:35:50.467,1,"[{'lat': -24.759, 'long': -13.306, 'Time': Timestamp('2008-02-06 16:10:34'), 'mag': 5.1}, {'lat': -24.759, 'long': -13.306, 'Time': Timestamp('2008-02-06 16:10:34'), 'mag': 5.1}, {'lat': -24.759, 'long': -13.306, 'Time': Timestamp('2008-02-06 16:10:34'), 'mag': 5.1}, {'lat': -56.121, 'long': -26.984, 'Time': Timestamp('2008-02-05 19:40:09'), 'mag': 5.0}]",4,22
69,2008-02-12 13:55:23.423,1,"[{'lat': -59.885, 'long': -58.449, 'Time': Timestamp('2008-02-14 03:47:29'), 'mag': 5.1}, {'lat': -59.885, 'long': -58.449, 'Time': Timestamp('2008-02-14 03:47:29'), 'mag': 5.1}]",2,29
70,2008-01-27 17:11:53.476,0,[],0,13
71,2008-02-06 20:25:53.529,0,[],0,23
72,2008-01-29 23:39:53.583,1,"[{'lat': -15.478, 'long': -179.655, 'Time': Timestamp('2008-01-30 23:47:47'), 'mag': 5.3}, {'lat': -15.549, 'long': -179.64, 'Time': Timestamp('2008-01-31 01:52:57'), 'mag': 5.0}, {'lat': -15.478, 'long': -179.655, 'Time': Timestamp('2008-01-30 23:47:47'), 'mag': 5.3}, {'lat': -15.549, 'long': -179.64, 'Time': Timestamp('2008-01-31 01:52:57'), 'mag': 5.0}, {'lat': -15.478, 'long': -179.655, 'Time': Timestamp('2008-01-30 23:47:47'), 'mag': 5.3}, {'lat': -15.549, 'long': -179.64, 'Time': Timestamp('2008-01-31 01:52:57'), 'mag': 5.0}, {'lat': -13.707, 'long': 167.171, 'Time': Timestamp('2008-01-30 23:48:07'), 'mag': 5.3}, {'lat': -13.707, 'long': 167.171, 'Time': Timestamp('2008-01-30 23:48:07'), 'mag': 5.3}]",8,15
73,2008-02-14 07:50:25.234,1,"[{'lat': 33.327, 'long': 35.305, 'Time': Timestamp('2008-02-15 10:36:19'), 'mag': 5.1}]",1,30
74,2008-01-31 11:07:23.636,0,[],0,16
75,2008-02-03 14:25:45.264,1,"[{'lat': 19.028, 'long': -66.902, 'Time': Timestamp('2008-02-04 07:43:56'), 'mag': 5.5}, {'lat': -20.166, 'long': -70.037, 'Time': Timestamp('2008-02-04 17:01:29'), 'mag': 6.3}, {'lat': -20.166, 'long': -70.037, 'Time': Timestamp('2008-02-04 17:01:29'), 'mag': 6.3}, {'lat': -20.166, 'long': -70.037, 'Time': Timestamp('2008-02-04 17:01:29'), 'mag': 6.3}]",4,19
76,2008-01-29 19:19:19.898,1,"[{'lat': -34.746, 'long': -108.87, 'Time': Timestamp('2008-01-31 00:31:29'), 'mag': 5.2}, {'lat': -34.746, 'long': -108.87, 'Time': Timestamp('2008-01-31 00:31:29'), 'mag': 5.2}]",2,14
77,2008-01-28 22:33:23.957,0,[],0,13
78,2008-02-14 01:47:22.325,1,"[{'lat': 5.426, 'long': 125.923, 'Time': Timestamp('2008-02-14 19:50:59'), 'mag': 5.0}, {'lat': 5.426, 'long': 125.923, 'Time': Timestamp('2008-02-14 19:50:59'), 'mag': 5.0}, {'lat': -8.294, 'long': 128.566, 'Time': Timestamp('2008-02-14 07:59:24'), 'mag': 5.0}, {'lat': 5.426, 'long': 125.923, 'Time': Timestamp('2008-02-14 19:50:59'), 'mag': 5.0}, {'lat': -8.294, 'long': 128.566, 'Time': Timestamp('2008-02-14 07:59:24'), 'mag': 5.0}]",5,29
79,2008-02-03 05:05:02.993,1,"[{'lat': -8.617, 'long': 111.521, 'Time': Timestamp('2008-02-03 10:55:33'), 'mag': 5.1}, {'lat': -8.617, 'long': 111.521, 'Time': Timestamp('2008-02-03 10:55:33'), 'mag': 5.1}, {'lat': -8.617, 'long': 111.521, 'Time': Timestamp('2008-02-03 10:55:33'), 'mag': 5.1}]",3,18
80,2008-01-28 08:21:19.323,0,[],0,12
81,2008-01-31 11:38:23.278,0,[],0,15
82,2008-01-25 14:56:49.538,0,[],0,9
83,2008-01-28 21:25:21.631,0,[],0,12
84,2008-01-29 00:40:15.490,1,"[{'lat': -13.707, 'long': 167.171, 'Time': Timestamp('2008-01-30 23:48:07'), 'mag': 5.3}, {'lat': -13.707, 'long': 167.171, 'Time': Timestamp('2008-01-30 23:48:07'), 'mag': 5.3}, {'lat': -5.954, 'long': 148.429, 'Time': Timestamp('2008-01-29 22:45:06'), 'mag': 5.0}, {'lat': -5.954, 'long': 148.429, 'Time': Timestamp('2008-01-29 22:45:06'), 'mag': 5.0}, {'lat': -5.954, 'long': 148.429, 'Time': Timestamp('2008-01-29 22:45:06'), 'mag': 5.0}]",5,12
85,2008-02-12 07:13:26.892,1,"[{'lat': -12.155, 'long': 65.691, 'Time': Timestamp('2008-02-13 08:43:45'), 'mag': 5.0}, {'lat': -12.155, 'long': 65.691, 'Time': Timestamp('2008-02-13 08:43:45'), 'mag': 5.0}]",2,26
86,2008-01-23 10:29:53.519,0,[],0,6
87,2008-02-15 13:48:53.707,0,[],0,29
88,2008-02-15 17:05:53.761,1,"[{'lat': -21.346, 'long': -68.385, 'Time': Timestamp('2008-02-16 14:45:11'), 'mag': 6.1}]",1,29
89,2008-02-03 20:19:53.814,0,[],0,17
90,2008-02-03 23:33:53.867,1,"[{'lat': -21.512, 'long': -175.792, 'Time': Timestamp('2008-02-05 16:21:52'), 'mag': 5.0}, {'lat': -21.512, 'long': -175.792, 'Time': Timestamp('2008-02-05 16:21:52'), 'mag': 5.0}]",2,17
91,2008-02-02 07:44:23.197,1,"[{'lat': -2.296, 'long': 28.9, 'Time': Timestamp('2008-02-03 07:34:12'), 'mag': 5.9}, {'lat': -2.403, 'long': 28.973, 'Time': Timestamp('2008-02-03 10:56:09'), 'mag': 5.0}, {'lat': -2.296, 'long': 28.9, 'Time': Timestamp('2008-02-03 07:34:12'), 'mag': 5.9}, {'lat': -2.403, 'long': 28.973, 'Time': Timestamp('2008-02-03 10:56:09'), 'mag': 5.0}, {'lat': -21.32, 'long': 33.09, 'Time': Timestamp('2008-02-03 11:12:12'), 'mag': 5.1}, {'lat': -21.32, 'long': 33.09, 'Time': Timestamp('2008-02-03 11:12:12'), 'mag': 5.1}]",6,15
92,2008-02-11 11:00:51.152,0,[],0,24
93,2008-02-15 14:19:50.419,1,"[{'lat': -21.346, 'long': -68.385, 'Time': Timestamp('2008-02-16 14:45:11'), 'mag': 6.1}, {'lat': -21.346, 'long': -68.385, 'Time': Timestamp('2008-02-16 14:45:11'), 'mag': 6.1}, {'lat': -21.346, 'long': -68.385, 'Time': Timestamp('2008-02-16 14:45:11'), 'mag': 6.1}]",3,28
94,2008-01-27 17:35:53.162,0,[],0,9
95,2008-02-12 01:41:21.609,1,"[{'lat': -8.158, 'long': 128.644, 'Time': Timestamp('2008-02-13 19:58:46'), 'mag': 6.2}, {'lat': -8.158, 'long': 128.644, 'Time': Timestamp('2008-02-13 19:58:46'), 'mag': 6.2}]",2,24
96,2008-02-13 08:14:50.935,1,"[{'lat': -12.155, 'long': 65.691, 'Time': Timestamp('2008-02-13 08:43:45'), 'mag': 5.0}, {'lat': -2.404, 'long': 28.918, 'Time': Timestamp('2008-02-14 02:07:46'), 'mag': 5.3}, {'lat': -2.404, 'long': 28.918, 'Time': Timestamp('2008-02-14 02:07:46'), 'mag': 5.3}, {'lat': -2.404, 'long': 28.918, 'Time': Timestamp('2008-02-14 02:07:46'), 'mag': 5.3}]",4,25
97,2008-01-26 11:31:53.456,0,[],0,7
98,2008-01-24 14:50:22.148,0,[],0,5
99,2008-01-30 18:06:23.563,1,"[{'lat': -34.746, 'long': -108.87, 'Time': Timestamp('2008-01-31 00:31:29'), 'mag': 5.2}]",1,11
100,2008-02-09 21:19:25.904,0,[],0,21
101,2008-02-10 00:34:18.434,1,"[{'lat': -16.086, 'long': 177.35, 'Time': Timestamp('2008-02-11 16:36:59'), 'mag': 5.2}, {'lat': -16.086, 'long': 177.35, 'Time': Timestamp('2008-02-11 16:36:59'), 'mag': 5.2}]",2,21
102,2008-02-02 08:45:54.997,1,"[{'lat': -21.32, 'long': 33.09, 'Time': Timestamp('2008-02-03 11:12:12'), 'mag': 5.1}, {'lat': -2.296, 'long': 28.9, 'Time': Timestamp('2008-02-03 07:34:12'), 'mag': 5.9}, {'lat': -2.403, 'long': 28.973, 'Time': Timestamp('2008-02-03 10:56:09'), 'mag': 5.0}, {'lat': -2.296, 'long': 28.9, 'Time': Timestamp('2008-02-03 07:34:12'), 'mag': 5.9}, {'lat': -2.403, 'long': 28.973, 'Time': Timestamp('2008-02-03 10:56:09'), 'mag': 5.0}, {'lat': -2.296, 'long': 28.9, 'Time': Timestamp('2008-02-03 07:34:12'), 'mag': 5.9}, {'lat': -2.403, 'long': 28.973, 'Time': Timestamp('2008-02-03 10:56:09'), 'mag': 5.0}]",7,13
103,2008-02-02 12:02:53.857,0,[],0,13
104,2008-02-16 15:21:22.996,1,"[{'lat': 6.74, 'long': -72.929, 'Time': Timestamp('2008-02-17 21:15:01'), 'mag': 5.4}, {'lat': 6.74, 'long': -72.929, 'Time': Timestamp('2008-02-17 21:15:01'), 'mag': 5.4}, {'lat': 6.74, 'long': -72.929, 'Time': Timestamp('2008-02-17 21:15:01'), 'mag': 5.4}]",3,27
105,2008-01-27 21:49:57.857,1,"[{'lat': -27.897, 'long': -176.451, 'Time': Timestamp('2008-01-28 10:31:26'), 'mag': 5.2}, {'lat': -27.897, 'long': -176.451, 'Time': Timestamp('2008-01-28 10:31:26'), 'mag': 5.2}]",2,7
106,2008-02-03 01:04:51.604,1,"[{'lat': -6.065, 'long': 149.873, 'Time': Timestamp('2008-02-03 17:10:25'), 'mag': 5.4}, {'lat': -51.75, 'long': 160.75, 'Time': Timestamp('2008-02-03 02:00:56'), 'mag': 5.2}, {'lat': -51.75, 'long': 160.75, 'Time': Timestamp('2008-02-03 02:00:56'), 'mag': 5.2}, {'lat': 49.348, 'long': 155.188, 'Time': Timestamp('2008-02-04 10:33:29'), 'mag': 5.0}, {'lat': 49.348, 'long': 155.188, 'Time': Timestamp('2008-02-04 10:33:29'), 'mag': 5.0}, {'lat': -6.065, 'long': 149.873, 'Time': Timestamp('2008-02-03 17:10:25'), 'mag': 5.4}]",6,13
107,2008-01-29 05:59:54.121,1,"[{'lat': -2.014, 'long': 68.025, 'Time': Timestamp('2008-01-30 01:13:13'), 'mag': 5.1}, {'lat': -2.014, 'long': 68.025, 'Time': Timestamp('2008-01-30 01:13:13'), 'mag': 5.1}, {'lat': -2.014, 'long': 68.025, 'Time': Timestamp('2008-01-30 01:13:13'), 'mag': 5.1}]",3,8
108,2008-02-18 09:14:50.191,1,"[{'lat': 36.19, 'long': 21.77, 'Time': Timestamp('2008-02-19 23:15:40'), 'mag': 5.3}, {'lat': 36.19, 'long': 21.77, 'Time': Timestamp('2008-02-19 23:15:40'), 'mag': 5.3}]",2,28
109,2008-01-30 12:34:23.258,0,[],0,9
110,2008-02-01 15:51:52.621,1,"[{'lat': -22.135, 'long': -68.33, 'Time': Timestamp('2008-02-02 00:22:07'), 'mag': 5.2}, {'lat': -22.135, 'long': -68.33, 'Time': Timestamp('2008-02-02 00:22:07'), 'mag': 5.2}, {'lat': -22.135, 'long': -68.33, 'Time': Timestamp('2008-02-02 00:22:07'), 'mag': 5.2}]",3,11
111,2008-02-16 19:07:23.365,0,[],0,26
112,2008-02-05 22:20:53.050,1,"[{'lat': -23.526, 'long': 179.923, 'Time': Timestamp('2008-02-07 21:30:05'), 'mag': 5.4}, {'lat': -23.526, 'long': 179.923, 'Time': Timestamp('2008-02-07 21:30:05'), 'mag': 5.4}, {'lat': -23.526, 'long': 179.923, 'Time': Timestamp('2008-02-07 21:30:05'), 'mag': 5.4}]",3,15
113,2008-02-12 01:35:20.458,1,"[{'lat': -8.158, 'long': 128.644, 'Time': Timestamp('2008-02-13 19:58:46'), 'mag': 6.2}, {'lat': -8.158, 'long': 128.644, 'Time': Timestamp('2008-02-13 19:58:46'), 'mag': 6.2}]",2,21
114,2008-02-01 04:52:23.056,0,[],0,10
115,2008-02-17 08:08:51.112,0,[],0,26
116,2008-02-19 11:25:53.632,1,"[{'lat': 36.19, 'long': 21.77, 'Time': Timestamp('2008-02-19 23:15:40'), 'mag': 5.3}, {'lat': 36.288, 'long': 21.775, 'Time': Timestamp('2008-02-20 18:27:06'), 'mag': 6.2}, {'lat': 36.19, 'long': 21.77, 'Time': Timestamp('2008-02-19 23:15:40'), 'mag': 5.3}, {'lat': 36.288, 'long': 21.775, 'Time': Timestamp('2008-02-20 18:27:06'), 'mag': 6.2}, {'lat': 36.19, 'long': 21.77, 'Time': Timestamp('2008-02-19 23:15:40'), 'mag': 5.3}, {'lat': 36.288, 'long': 21.775, 'Time': Timestamp('2008-02-20 18:27:06'), 'mag': 6.2}]",6,28
117,2008-02-15 14:44:22.213,1,"[{'lat': -21.346, 'long': -68.385, 'Time': Timestamp('2008-02-16 14:45:11'), 'mag': 6.1}, {'lat': -21.346, 'long': -68.385, 'Time': Timestamp('2008-02-16 14:45:11'), 'mag': 6.1}, {'lat': -21.346, 'long': -68.385, 'Time': Timestamp('2008-02-16 14:45:11'), 'mag': 6.1}]",3,24
118,2008-02-01 18:00:23.740,1,"[{'lat': 14.266, 'long': -94.146, 'Time': Timestamp('2008-02-02 15:42:44'), 'mag': 5.0}, {'lat': 14.266, 'long': -94.146, 'Time': Timestamp('2008-02-02 15:42:44'), 'mag': 5.0}, {'lat': 14.266, 'long': -94.146, 'Time': Timestamp('2008-02-02 15:42:44'), 'mag': 5.0}]",3,10
119,2008-02-01 07:00:54.924,0,[],0,9
120,2008-02-22 10:16:52.433,1,"[{'lat': -57.335, 'long': -23.433, 'Time': Timestamp('2008-02-23 15:57:20'), 'mag': 6.8}]",1,30
121,2008-02-08 13:36:23.169,0,[],0,16
122,2008-02-15 16:53:23.222,1,"[{'lat': -21.346, 'long': -68.385, 'Time': Timestamp('2008-02-16 14:45:11'), 'mag': 6.1}, {'lat': -21.346, 'long': -68.385, 'Time': Timestamp('2008-02-16 14:45:11'), 'mag': 6.1}, {'lat': -21.346, 'long': -68.385, 'Time': Timestamp('2008-02-16 14:45:11'), 'mag': 6.1}]",3,23
123,2008-02-04 20:07:53.276,0,[],0,12
124,2008-02-13 23:21:23.328,1,"[{'lat': -17.731, 'long': -176.796, 'Time': Timestamp('2008-02-14 19:05:47'), 'mag': 5.0}, {'lat': -22.017, 'long': -179.567, 'Time': Timestamp('2008-02-14 17:28:23'), 'mag': 5.3}, {'lat': -17.731, 'long': -176.796, 'Time': Timestamp('2008-02-14 19:05:47'), 'mag': 5.0}, {'lat': -22.017, 'long': -179.567, 'Time': Timestamp('2008-02-14 17:28:23'), 'mag': 5.3}, {'lat': -17.731, 'long': -176.796, 'Time': Timestamp('2008-02-14 19:05:47'), 'mag': 5.0}, {'lat': -61.294, 'long': 154.249, 'Time': Timestamp('2008-02-15 22:00:55'), 'mag': 5.7}]",6,21
125,2008-02-04 07:31:52.659,0,[],0,11
126,2008-02-14 10:48:19.398,1,"[{'lat': 36.345, 'long': 21.863, 'Time': Timestamp('2008-02-14 12:08:55'), 'mag': 6.5}, {'lat': 33.327, 'long': 35.305, 'Time': Timestamp('2008-02-15 10:36:19'), 'mag': 5.1}, {'lat': 36.345, 'long': 21.863, 'Time': Timestamp('2008-02-14 12:08:55'), 'mag': 6.5}, {'lat': 33.327, 'long': 35.305, 'Time': Timestamp('2008-02-15 10:36:19'), 'mag': 5.1}]",4,21
127,2008-02-20 14:07:24.530,0,[],0,27
128,2008-02-03 17:23:53.624,1,"[{'lat': 19.028, 'long': -66.902, 'Time': Timestamp('2008-02-04 07:43:56'), 'mag': 5.5}, {'lat': 19.028, 'long': -66.902, 'Time': Timestamp('2008-02-04 07:43:56'), 'mag': 5.5}, {'lat': 19.028, 'long': -66.902, 'Time': Timestamp('2008-02-04 07:43:56'), 'mag': 5.5}, {'lat': -53.25, 'long': -117.75, 'Time': Timestamp('2008-02-04 04:46:00'), 'mag': 5.0}, {'lat': -53.25, 'long': -117.75, 'Time': Timestamp('2008-02-04 04:46:00'), 'mag': 5.0}, {'lat': -53.25, 'long': -117.75, 'Time': Timestamp('2008-02-04 04:46:00'), 'mag': 5.0}]",6,10
129,2008-02-21 20:37:55.965,0,[],0,28
130,2008-02-01 23:51:53.729,1,"[{'lat': -51.75, 'long': 160.75, 'Time': Timestamp('2008-02-03 02:00:56'), 'mag': 5.2}, {'lat': -51.75, 'long': 160.75, 'Time': Timestamp('2008-02-03 02:00:56'), 'mag': 5.2}, {'lat': -4.579, 'long': 152.954, 'Time': Timestamp('2008-02-02 05:06:40'), 'mag': 5.1}, {'lat': -6.065, 'long': 149.873, 'Time': Timestamp('2008-02-03 17:10:25'), 'mag': 5.4}, {'lat': -4.579, 'long': 152.954, 'Time': Timestamp('2008-02-02 05:06:40'), 'mag': 5.1}, {'lat': -6.065, 'long': 149.873, 'Time': Timestamp('2008-02-03 17:10:25'), 'mag': 5.4}, {'lat': -6.065, 'long': 149.873, 'Time': Timestamp('2008-02-03 17:10:25'), 'mag': 5.4}]",7,8
131,2008-02-21 08:02:54.053,0,[],0,27
132,2008-02-16 11:19:23.917,0,[],0,22
133,2008-02-19 14:38:21.059,1,"[{'lat': -53.033, 'long': -46.619, 'Time': Timestamp('2008-02-20 02:12:39'), 'mag': 5.1}, {'lat': -52.917, 'long': -46.492, 'Time': Timestamp('2008-02-20 12:11:20'), 'mag': 5.5}, {'lat': -53.015, 'long': -46.542, 'Time': Timestamp('2008-02-20 12:49:44'), 'mag': 5.6}, {'lat': -53.033, 'long': -46.619, 'Time': Timestamp('2008-02-20 02:12:39'), 'mag': 5.1}, {'lat': -52.917, 'long': -46.492, 'Time': Timestamp('2008-02-20 12:11:20'), 'mag': 5.5}, {'lat': -53.015, 'long': -46.542, 'Time': Timestamp('2008-02-20 12:49:44'), 'mag': 5.6}]",6,25
134,2008-02-03 17:54:24.025,1,"[{'lat': -53.25, 'long': -117.75, 'Time': Timestamp('2008-02-04 04:46:00'), 'mag': 5.0}, {'lat': -53.25, 'long': -117.75, 'Time': Timestamp('2008-02-04 04:46:00'), 'mag': 5.0}]",2,9
135,2008-02-10 21:08:25.366,1,"[{'lat': -15.5, 'long': -174.5, 'Time': Timestamp('2008-02-11 23:20:24'), 'mag': 5.0}, {'lat': -15.5, 'long': -174.5, 'Time': Timestamp('2008-02-11 23:20:24'), 'mag': 5.0}]",2,16
136,2008-02-02 00:21:50.553,1,"[{'lat': -51.75, 'long': 160.75, 'Time': Timestamp('2008-02-03 02:00:56'), 'mag': 5.2}, {'lat': -51.75, 'long': 160.75, 'Time': Timestamp('2008-02-03 02:00:56'), 'mag': 5.2}, {'lat': -4.579, 'long': 152.954, 'Time': Timestamp('2008-02-02 05:06:40'), 'mag': 5.1}, {'lat': -6.065, 'long': 149.873, 'Time': Timestamp('2008-02-03 17:10:25'), 'mag': 5.4}, {'lat': -4.579, 'long': 152.954, 'Time': Timestamp('2008-02-02 05:06:40'), 'mag': 5.1}, {'lat': -6.065, 'long': 149.873, 'Time': Timestamp('2008-02-03 17:10:25'), 'mag': 5.4}, {'lat': -4.579, 'long': 152.954, 'Time': Timestamp('2008-02-02 05:06:40'), 'mag': 5.1}, {'lat': -6.065, 'long': 149.873, 'Time': Timestamp('2008-02-03 17:10:25'), 'mag': 5.4}]",8,7
137,2008-02-09 03:38:54.044,1,"[{'lat': 34.724, 'long': 140.036, 'Time': Timestamp('2008-02-10 00:37:16'), 'mag': 5.0}, {'lat': 34.724, 'long': 140.036, 'Time': Timestamp('2008-02-10 00:37:16'), 'mag': 5.0}, {'lat': 34.724, 'long': 140.036, 'Time': Timestamp('2008-02-10 00:37:16'), 'mag': 5.0}, {'lat': -0.122, 'long': 124.368, 'Time': Timestamp('2008-02-09 14:37:49'), 'mag': 5.1}, {'lat': -0.236, 'long': 125.084, 'Time': Timestamp('2008-02-09 18:34:01'), 'mag': 6.0}, {'lat': -0.122, 'long': 124.368, 'Time': Timestamp('2008-02-09 14:37:49'), 'mag': 5.1}, {'lat': -0.236, 'long': 125.084, 'Time': Timestamp('2008-02-09 18:34:01'), 'mag': 6.0}]",7,14
138,2008-02-02 06:54:58.305,0,[],0,7
139,2008-02-16 10:10:50.390,0,[],0,21
140,2008-02-05 13:29:53.345,1,"[{'lat': -56.121, 'long': -26.984, 'Time': Timestamp('2008-02-05 19:40:09'), 'mag': 5.0}, {'lat': 50.142, 'long': -28.905, 'Time': Timestamp('2008-02-06 07:33:22'), 'mag': 5.0}, {'lat': 50.142, 'long': -28.905, 'Time': Timestamp('2008-02-06 07:33:22'), 'mag': 5.0}, {'lat': 50.142, 'long': -28.905, 'Time': Timestamp('2008-02-06 07:33:22'), 'mag': 5.0}]",4,10
141,2008-02-14 16:46:53.400,1,"[{'lat': -21.346, 'long': -68.385, 'Time': Timestamp('2008-02-16 14:45:11'), 'mag': 6.1}, {'lat': -21.346, 'long': -68.385, 'Time': Timestamp('2008-02-16 14:45:11'), 'mag': 6.1}, {'lat': -21.346, 'long': -68.385, 'Time': Timestamp('2008-02-16 14:45:11'), 'mag': 6.1}]",3,19
142,2008-02-16 20:01:23.452,0,[],0,21
143,2008-02-03 23:15:23.505,1,"[{'lat': -21.512, 'long': -175.792, 'Time': Timestamp('2008-02-05 16:21:52'), 'mag': 5.0}, {'lat': -21.512, 'long': -175.792, 'Time': Timestamp('2008-02-05 16:21:52'), 'mag': 5.0}, {'lat': -21.512, 'long': -175.792, 'Time': Timestamp('2008-02-05 16:21:52'), 'mag': 5.0}]",3,8
144,2008-02-11 09:02:21.980,0,[],0,15
145,2008-02-23 12:21:23.719,1,"[{'lat': -57.335, 'long': -23.433, 'Time': Timestamp('2008-02-23 15:57:20'), 'mag': 6.8}, {'lat': -57.028, 'long': -23.528, 'Time': Timestamp('2008-02-23 17:58:24'), 'mag': 5.0}, {'lat': 40.684, 'long': -29.34, 'Time': Timestamp('2008-02-23 12:35:31'), 'mag': 5.1}]",3,27
146,2008-02-14 15:39:55.738,1,"[{'lat': -21.346, 'long': -68.385, 'Time': Timestamp('2008-02-16 14:45:11'), 'mag': 6.1}, {'lat': -21.346, 'long': -68.385, 'Time': Timestamp('2008-02-16 14:45:11'), 'mag': 6.1}]",2,18
147,2008-02-02 22:08:52.072,1,"[{'lat': -51.75, 'long': 160.75, 'Time': Timestamp('2008-02-03 02:00:56'), 'mag': 5.2}, {'lat': -51.75, 'long': 160.75, 'Time': Timestamp('2008-02-03 02:00:56'), 'mag': 5.2}]",2,6
148,2008-02-06 01:22:48.264,1,"[{'lat': 17.558, 'long': 144.922, 'Time': Timestamp('2008-02-07 23:16:41'), 'mag': 5.3}, {'lat': 17.558, 'long': 144.922, 'Time': Timestamp('2008-02-07 23:16:41'), 'mag': 5.3}, {'lat': 1.919, 'long': 127.059, 'Time': Timestamp('2008-02-06 05:12:29'), 'mag': 5.0}, {'lat': 17.558, 'long': 144.922, 'Time': Timestamp('2008-02-07 23:16:41'), 'mag': 5.3}, {'lat': 1.919, 'long': 127.059, 'Time': Timestamp('2008-02-06 05:12:29'), 'mag': 5.0}, {'lat': 1.919, 'long': 127.059, 'Time': Timestamp('2008-02-06 05:12:29'), 'mag': 5.0}]",6,9
149,2008-02-02 06:17:56.748,0,[],0,5
150,2008-02-08 09:33:23.821,0,[],0,11
151,2008-02-13 12:52:53.121,1,"[{'lat': -59.885, 'long': -58.449, 'Time': Timestamp('2008-02-14 03:47:29'), 'mag': 5.1}, {'lat': -59.885, 'long': -58.449, 'Time': Timestamp('2008-02-14 03:47:29'), 'mag': 5.1}]",2,16
152,2008-02-16 16:10:21.378,1,"[{'lat': 6.74, 'long': -72.929, 'Time': Timestamp('2008-02-17 21:15:01'), 'mag': 5.4}]",1,19
153,2008-02-07 19:25:19.333,1,"[{'lat': 32.3595, 'long': -115.2773333, 'Time': Timestamp('2008-02-09 07:12:04'), 'mag': 5.1}, {'lat': -56.666, 'long': -141.477, 'Time': Timestamp('2008-02-09 12:47:11'), 'mag': 5.3}, {'lat': 32.3595, 'long': -115.2773333, 'Time': Timestamp('2008-02-09 07:12:04'), 'mag': 5.1}, {'lat': -56.666, 'long': -141.477, 'Time': Timestamp('2008-02-09 12:47:11'), 'mag': 5.3}, {'lat': -56.666, 'long': -141.477, 'Time': Timestamp('2008-02-09 12:47:11'), 'mag': 5.3}]",5,10
154,2008-03-03 10:29:24.557,0,[],0,30
155,2008-02-22 13:48:23.417,1,"[{'lat': 40.678, 'long': -29.398, 'Time': Timestamp('2008-02-23 11:03:54'), 'mag': 5.3}, {'lat': 40.684, 'long': -29.34, 'Time': Timestamp('2008-02-23 12:35:31'), 'mag': 5.1}]",2,20
156,2008-02-21 17:05:23.470,1,"[{'lat': 3.974, 'long': -78.749, 'Time': Timestamp('2008-02-23 03:23:06'), 'mag': 5.1}, {'lat': 3.974, 'long': -78.749, 'Time': Timestamp('2008-02-23 03:23:06'), 'mag': 5.1}, {'lat': 3.974, 'long': -78.749, 'Time': Timestamp('2008-02-23 03:23:06'), 'mag': 5.1}]",3,19
157,2008-02-24 20:19:23.523,0,[],0,22
158,2008-02-17 23:33:23.576,1,"[{'lat': -27.814, 'long': -176.087, 'Time': Timestamp('2008-02-18 09:04:53'), 'mag': 5.0}, {'lat': -27.749, 'long': -176.111, 'Time': Timestamp('2008-02-19 17:29:23'), 'mag': 5.2}, {'lat': -21.619, 'long': 170.372, 'Time': Timestamp('2008-02-18 09:54:23'), 'mag': 5.3}, {'lat': -35.747, 'long': 178.259, 'Time': Timestamp('2008-02-19 09:26:08'), 'mag': 5.1}, {'lat': -35.664, 'long': 178.36, 'Time': Timestamp('2008-02-19 11:51:59'), 'mag': 5.1}, {'lat': -35.747, 'long': 178.259, 'Time': Timestamp('2008-02-19 09:26:08'), 'mag': 5.1}, {'lat': -35.664, 'long': 178.36, 'Time': Timestamp('2008-02-19 11:51:59'), 'mag': 5.1}, {'lat': -35.747, 'long': 178.259, 'Time': Timestamp('2008-02-19 09:26:08'), 'mag': 5.1}, {'lat': -35.664, 'long': 178.36, 'Time': Timestamp('2008-02-19 11:51:59'), 'mag': 5.1}]",9,15
159,2008-02-24 07:43:52.906,0,[],0,21
160,2008-02-16 11:00:20.862,0,[],0,13
161,2008-02-17 14:19:21.128,0,[],0,14
162,2008-02-19 00:03:53.977,1,"[{'lat': -20.588, 'long': 169.212, 'Time': Timestamp('2008-02-20 14:24:46'), 'mag': 5.0}, {'lat': -20.588, 'long': 169.212, 'Time': Timestamp('2008-02-20 14:24:46'), 'mag': 5.0}, {'lat': -35.747, 'long': 178.259, 'Time': Timestamp('2008-02-19 09:26:08'), 'mag': 5.1}, {'lat': -35.664, 'long': 178.36, 'Time': Timestamp('2008-02-19 11:51:59'), 'mag': 5.1}, {'lat': -20.588, 'long': 169.212, 'Time': Timestamp('2008-02-20 14:24:46'), 'mag': 5.0}, {'lat': -35.747, 'long': 178.259, 'Time': Timestamp('2008-02-19 09:26:08'), 'mag': 5.1}, {'lat': -35.664, 'long': 178.36, 'Time': Timestamp('2008-02-19 11:51:59'), 'mag': 5.1}, {'lat': -35.747, 'long': 178.259, 'Time': Timestamp('2008-02-19 09:26:08'), 'mag': 5.1}, {'lat': -35.664, 'long': 178.36, 'Time': Timestamp('2008-02-19 11:51:59'), 'mag': 5.1}, {'lat': -7.138, 'long': 156.035, 'Time': Timestamp('2008-02-20 06:42:46'), 'mag': 5.0}, {'lat': -10.095, 'long': 161.437, 'Time': Timestamp('2008-02-20 11:51:11'), 'mag': 5.0}, {'lat': -7.138, 'long': 156.035, 'Time': Timestamp('2008-02-20 06:42:46'), 'mag': 5.0}, {'lat': -10.095, 'long': 161.437, 'Time': Timestamp('2008-02-20 11:51:11'), 'mag': 5.0}, {'lat': -7.138, 'long': 156.035, 'Time': Timestamp('2008-02-20 06:42:46'), 'mag': 5.0}, {'lat': -10.095, 'long': 161.437, 'Time': Timestamp('2008-02-20 11:51:11'), 'mag': 5.0}]",15,15
163,2008-02-11 08:14:49.317,0,[],0,7
164,2008-02-25 11:31:23.164,1,"[{'lat': 35.907, 'long': 21.866, 'Time': Timestamp('2008-02-26 10:46:07'), 'mag': 5.4}, {'lat': 36.09, 'long': 21.886, 'Time': Timestamp('2008-02-26 16:10:40'), 'mag': 5.0}, {'lat': 35.907, 'long': 21.866, 'Time': Timestamp('2008-02-26 10:46:07'), 'mag': 5.4}, {'lat': 36.09, 'long': 21.886, 'Time': Timestamp('2008-02-26 16:10:40'), 'mag': 5.0}, {'lat': 35.907, 'long': 21.866, 'Time': Timestamp('2008-02-26 10:46:07'), 'mag': 5.4}, {'lat': 36.09, 'long': 21.886, 'Time': Timestamp('2008-02-26 16:10:40'), 'mag': 5.0}, {'lat': -10.296, 'long': -13.372, 'Time': Timestamp('2008-02-26 14:14:30'), 'mag': 5.0}, {'lat': -10.296, 'long': -13.372, 'Time': Timestamp('2008-02-26 14:14:30'), 'mag': 5.0}, {'lat': -10.296, 'long': -13.372, 'Time': Timestamp('2008-02-26 14:14:30'), 'mag': 5.0}, {'lat': -57.196, 'long': -23.512, 'Time': Timestamp('2008-02-26 10:31:14'), 'mag': 5.1}, {'lat': -57.196, 'long': -23.512, 'Time': Timestamp('2008-02-26 10:31:14'), 'mag': 5.1}]",11,21
165,2008-03-05 14:50:21.858,0,[],0,30
166,2008-02-28 18:06:23.273,1,"[{'lat': -35.074, 'long': -108.968, 'Time': Timestamp('2008-02-29 02:38:29'), 'mag': 5.7}, {'lat': -35.074, 'long': -108.968, 'Time': Timestamp('2008-02-29 02:38:29'), 'mag': 5.7}]",2,24
167,2008-02-12 21:18:55.613,1,"[{'lat': -17.731, 'long': -176.796, 'Time': Timestamp('2008-02-14 19:05:47'), 'mag': 5.0}, {'lat': -17.731, 'long': -176.796, 'Time': Timestamp('2008-02-14 19:05:47'), 'mag': 5.0}, {'lat': -23.741, 'long': -179.889, 'Time': Timestamp('2008-02-13 10:32:17'), 'mag': 5.2}, {'lat': -22.017, 'long': -179.567, 'Time': Timestamp('2008-02-14 17:28:23'), 'mag': 5.3}, {'lat': -17.731, 'long': -176.796, 'Time': Timestamp('2008-02-14 19:05:47'), 'mag': 5.0}, {'lat': -23.741, 'long': -179.889, 'Time': Timestamp('2008-02-13 10:32:17'), 'mag': 5.2}, {'lat': -22.017, 'long': -179.567, 'Time': Timestamp('2008-02-14 17:28:23'), 'mag': 5.3}]",7,8
168,2008-02-13 00:33:45.376,0,[],0,8
169,2008-03-03 07:06:54.456,1,"[{'lat': 14.229, 'long': 56.566, 'Time': Timestamp('2008-03-03 18:01:40'), 'mag': 5.4}, {'lat': 14.229, 'long': 56.566, 'Time': Timestamp('2008-03-03 18:01:40'), 'mag': 5.4}, {'lat': 14.229, 'long': 56.566, 'Time': Timestamp('2008-03-03 18:01:40'), 'mag': 5.4}]",3,27
170,2008-03-05 10:22:54.733,1,"[{'lat': -5.414, 'long': 36.013, 'Time': Timestamp('2008-03-06 07:35:35'), 'mag': 5.4}]",1,29
171,2008-02-24 13:42:23.594,0,[],0,19
172,2008-03-01 16:58:53.647,1,"[{'lat': -20.256, 'long': -69.941, 'Time': Timestamp('2008-03-01 19:51:59'), 'mag': 5.7}, {'lat': -20.256, 'long': -69.941, 'Time': Timestamp('2008-03-01 19:51:59'), 'mag': 5.7}, {'lat': -20.256, 'long': -69.941, 'Time': Timestamp('2008-03-01 19:51:59'), 'mag': 5.7}]",3,25
173,2008-02-15 20:13:23.700,0,[],0,10
174,2008-03-02 23:27:23.753,1,"[{'lat': 52.239, 'long': -173.721, 'Time': Timestamp('2008-03-04 19:24:27'), 'mag': 5.5}, {'lat': -11.054, 'long': 166.48, 'Time': Timestamp('2008-03-03 04:21:31'), 'mag': 5.0}, {'lat': -11.054, 'long': 166.48, 'Time': Timestamp('2008-03-03 04:21:31'), 'mag': 5.0}, {'lat': -4.926, 'long': 151.694, 'Time': Timestamp('2008-03-03 22:55:33'), 'mag': 5.2}, {'lat': -11.054, 'long': 166.48, 'Time': Timestamp('2008-03-03 04:21:31'), 'mag': 5.0}]",5,26
175,2008-03-03 07:37:55.851,1,"[{'lat': 14.229, 'long': 56.566, 'Time': Timestamp('2008-03-03 18:01:40'), 'mag': 5.4}]",1,26
176,2008-03-03 10:54:21.039,0,[],0,26
177,2008-02-13 14:13:24.064,1,"[{'lat': -59.885, 'long': -58.449, 'Time': Timestamp('2008-02-14 03:47:29'), 'mag': 5.1}]",1,7
178,2008-02-11 23:57:23.263,0,[],0,5
179,2008-02-20 08:08:16.834,0,[],0,13
180,2008-02-13 11:25:23.451,1,"[{'lat': 36.501, 'long': 21.67, 'Time': Timestamp('2008-02-14 10:09:22'), 'mag': 6.9}, {'lat': 36.345, 'long': 21.863, 'Time': Timestamp('2008-02-14 12:08:55'), 'mag': 6.5}, {'lat': 36.501, 'long': 21.67, 'Time': Timestamp('2008-02-14 10:09:22'), 'mag': 6.9}, {'lat': 36.345, 'long': 21.863, 'Time': Timestamp('2008-02-14 12:08:55'), 'mag': 6.5}, {'lat': 36.501, 'long': 21.67, 'Time': Timestamp('2008-02-14 10:09:22'), 'mag': 6.9}, {'lat': 36.345, 'long': 21.863, 'Time': Timestamp('2008-02-14 12:08:55'), 'mag': 6.5}, {'lat': -54.423, 'long': 5.352, 'Time': Timestamp('2008-02-14 07:33:16'), 'mag': 5.1}]",7,6
181,2008-02-18 14:43:52.032,1,"[{'lat': -53.033, 'long': -46.619, 'Time': Timestamp('2008-02-20 02:12:39'), 'mag': 5.1}, {'lat': -52.917, 'long': -46.492, 'Time': Timestamp('2008-02-20 12:11:20'), 'mag': 5.5}, {'lat': -53.015, 'long': -46.542, 'Time': Timestamp('2008-02-20 12:49:44'), 'mag': 5.6}, {'lat': -53.033, 'long': -46.619, 'Time': Timestamp('2008-02-20 02:12:39'), 'mag': 5.1}, {'lat': -52.917, 'long': -46.492, 'Time': Timestamp('2008-02-20 12:11:20'), 'mag': 5.5}, {'lat': -53.015, 'long': -46.542, 'Time': Timestamp('2008-02-20 12:49:44'), 'mag': 5.6}]",6,11
182,2008-02-15 17:59:53.558,0,[],0,8
183,2008-02-15 21:12:53.131,0,[],0,8
184,2008-02-28 00:27:49.758,1,"[{'lat': 49.37, 'long': 155.543, 'Time': Timestamp('2008-02-28 11:55:06'), 'mag': 5.1}, {'lat': 49.37, 'long': 155.543, 'Time': Timestamp('2008-02-28 11:55:06'), 'mag': 5.1}, {'lat': 12.68, 'long': 141.766, 'Time': Timestamp('2008-02-28 09:12:54'), 'mag': 5.6}, {'lat': 12.68, 'long': 141.766, 'Time': Timestamp('2008-02-28 09:12:54'), 'mag': 5.6}]",4,20
185,2008-02-17 08:39:24.993,0,[],0,9
186,2008-02-19 11:56:23.852,1,"[{'lat': 36.19, 'long': 21.77, 'Time': Timestamp('2008-02-19 23:15:40'), 'mag': 5.3}, {'lat': 36.288, 'long': 21.775, 'Time': Timestamp('2008-02-20 18:27:06'), 'mag': 6.2}, {'lat': -53.033, 'long': -46.619, 'Time': Timestamp('2008-02-20 02:12:39'), 'mag': 5.1}, {'lat': -52.917, 'long': -46.492, 'Time': Timestamp('2008-02-20 12:11:20'), 'mag': 5.5}, {'lat': -53.015, 'long': -46.542, 'Time': Timestamp('2008-02-20 12:49:44'), 'mag': 5.6}, {'lat': -53.033, 'long': -46.619, 'Time': Timestamp('2008-02-20 02:12:39'), 'mag': 5.1}, {'lat': -52.917, 'long': -46.492, 'Time': Timestamp('2008-02-20 12:11:20'), 'mag': 5.5}, {'lat': -53.015, 'long': -46.542, 'Time': Timestamp('2008-02-20 12:49:44'), 'mag': 5.6}]",8,11
187,2008-02-26 15:14:51.552,0,[],0,18
188,2008-02-26 18:30:19.841,0,[],0,18
189,2008-02-29 21:43:25.084,1,"[{'lat': -35.609, 'long': -179.519, 'Time': Timestamp('2008-03-01 21:54:57'), 'mag': 5.2}, {'lat': -35.379, 'long': -179.299, 'Time': Timestamp('2008-03-01 23:06:44'), 'mag': 5.6}, {'lat': -35.609, 'long': -179.519, 'Time': Timestamp('2008-03-01 21:54:57'), 'mag': 5.2}, {'lat': -35.379, 'long': -179.299, 'Time': Timestamp('2008-03-01 23:06:44'), 'mag': 5.6}]",4,21
190,2008-02-16 00:58:21.599,1,"[{'lat': 52.334, 'long': -168.662, 'Time': Timestamp('2008-02-17 05:46:41'), 'mag': 5.0}, {'lat': -10.284, 'long': 161.107, 'Time': Timestamp('2008-02-16 03:29:39'), 'mag': 5.0}, {'lat': -10.284, 'long': 161.107, 'Time': Timestamp('2008-02-16 03:29:39'), 'mag': 5.0}, {'lat': -10.284, 'long': 161.107, 'Time': Timestamp('2008-02-16 03:29:39'), 'mag': 5.0}, {'lat': -61.51, 'long': 153.696, 'Time': Timestamp('2008-02-17 04:22:08'), 'mag': 5.1}, {'lat': -7.589, 'long': 127.669, 'Time': Timestamp('2008-02-17 19:28:50'), 'mag': 5.3}]",6,7
191,2008-03-02 07:31:22.369,1,"[{'lat': 14.229, 'long': 56.566, 'Time': Timestamp('2008-03-03 18:01:40'), 'mag': 5.4}, {'lat': 14.229, 'long': 56.566, 'Time': Timestamp('2008-03-03 18:01:40'), 'mag': 5.4}]",2,22
192,2008-02-16 10:47:50.324,0,[],0,7
193,2008-02-23 14:06:51.473,0,[],0,14
194,2008-03-09 17:23:23.334,0,[],0,29
195,2008-02-27 20:34:53.476,1,"[{'lat': 3.15, 'long': -140.362, 'Time': Timestamp('2008-02-29 15:41:22'), 'mag': 5.1}, {'lat': 3.15, 'long': -140.362, 'Time': Timestamp('2008-02-29 15:41:22'), 'mag': 5.1}]",2,18
196,2008-02-14 23:51:23.440,1,"[{'lat': -10.284, 'long': 161.107, 'Time': Timestamp('2008-02-16 03:29:39'), 'mag': 5.0}, {'lat': -10.284, 'long': 161.107, 'Time': Timestamp('2008-02-16 03:29:39'), 'mag': 5.0}, {'lat': -61.294, 'long': 154.249, 'Time': Timestamp('2008-02-15 22:00:55'), 'mag': 5.7}]",3,5
197,2008-03-08 08:02:25.538,1,"[{'lat': 33.3, 'long': 59.2, 'Time': Timestamp('2008-03-09 03:51:07'), 'mag': 5.0}, {'lat': 33.3, 'long': 59.2, 'Time': Timestamp('2008-03-09 03:51:07'), 'mag': 5.0}, {'lat': -36.607, 'long': 52.435, 'Time': Timestamp('2008-03-08 18:47:35'), 'mag': 5.1}, {'lat': -36.607, 'long': 52.435, 'Time': Timestamp('2008-03-08 18:47:35'), 'mag': 5.1}, {'lat': -36.607, 'long': 52.435, 'Time': Timestamp('2008-03-08 18:47:35'), 'mag': 5.1}]",5,27
198,2008-03-08 11:18:53.628,1,"[{'lat': -58.065, 'long': -24.909, 'Time': Timestamp('2008-03-09 15:27:51'), 'mag': 5.1}, {'lat': -58.065, 'long': -24.909, 'Time': Timestamp('2008-03-09 15:27:51'), 'mag': 5.1}]",2,27
199,2008-03-02 14:37:54.865,0,[],0,21
200,2008-03-01 21:07:45.005,1,"[{'lat': 43.831, 'long': -128.403, 'Time': Timestamp('2008-03-03 15:44:46'), 'mag': 5.1}, {'lat': 43.831, 'long': -128.403, 'Time': Timestamp('2008-03-03 15:44:46'), 'mag': 5.1}, {'lat': 43.831, 'long': -128.403, 'Time': Timestamp('2008-03-03 15:44:46'), 'mag': 5.1}, {'lat': -35.609, 'long': -179.519, 'Time': Timestamp('2008-03-01 21:54:57'), 'mag': 5.2}, {'lat': -35.379, 'long': -179.299, 'Time': Timestamp('2008-03-01 23:06:44'), 'mag': 5.6}, {'lat': -35.609, 'long': -179.519, 'Time': Timestamp('2008-03-01 21:54:57'), 'mag': 5.2}, {'lat': -35.379, 'long': -179.299, 'Time': Timestamp('2008-03-01 23:06:44'), 'mag': 5.6}]",7,20
201,2008-03-08 00:21:54.031,0,[],0,26
202,2008-02-25 05:16:23.442,1,"[{'lat': 30.085, 'long': 101.769, 'Time': Timestamp('2008-02-26 17:50:03'), 'mag': 5.1}, {'lat': 30.085, 'long': 101.769, 'Time': Timestamp('2008-02-26 17:50:03'), 'mag': 5.1}, {'lat': 30.085, 'long': 101.769, 'Time': Timestamp('2008-02-26 17:50:03'), 'mag': 5.1}, {'lat': -2.486, 'long': 99.972, 'Time': Timestamp('2008-02-25 08:36:33'), 'mag': 7.2}, {'lat': 2.639, 'long': 96.065, 'Time': Timestamp('2008-02-25 09:53:39'), 'mag': 5.0}, {'lat': -2.468, 'long': 99.882, 'Time': Timestamp('2008-02-25 10:38:46'), 'mag': 5.1}, {'lat': -2.312, 'long': 99.971, 'Time': Timestamp('2008-02-25 13:33:51'), 'mag': 5.3}, {'lat': -2.301, 'long': 99.997, 'Time': Timestamp('2008-02-25 14:14:27'), 'mag': 5.0}, {'lat': -2.332, 'long': 99.891, 'Time': Timestamp('2008-02-25 18:06:03'), 'mag': 6.6}, {'lat': -2.245, 'long': 99.808, 'Time': Timestamp('2008-02-25 21:02:18'), 'mag': 6.7}, {'lat': 2.639, 'long': 95.921, 'Time': Timestamp('2008-02-26 11:38:41'), 'mag': 5.1}, {'lat': -2.486, 'long': 99.972, 'Time': Timestamp('2008-02-25 08:36:33'), 'mag': 7.2}, {'lat': 2.639, 'long': 96.065, 'Time': Timestamp('2008-02-25 09:53:39'), 'mag': 5.0}, {'lat': -2.468, 'long': 99.882, 'Time': Timestamp('2008-02-25 10:38:46'), 'mag': 5.1}, {'lat': -2.312, 'long': 99.971, 'Time': Timestamp('2008-02-25 13:33:51'), 'mag': 5.3}, {'lat': -2.301, 'long': 99.997, 'Time': Timestamp('2008-02-25 14:14:27'), 'mag': 5.0}, {'lat': -2.332, 'long': 99.891, 'Time': Timestamp('2008-02-25 18:06:03'), 'mag': 6.6}, {'lat': -2.245, 'long': 99.808, 'Time': Timestamp('2008-02-25 21:02:18'), 'mag': 6.7}, {'lat': 2.639, 'long': 95.921, 'Time': Timestamp('2008-02-26 11:38:41'), 'mag': 5.1}, {'lat': -3.852, 'long': 101.067, 'Time': Timestamp('2008-02-26 18:18:27'), 'mag': 5.9}, {'lat': -2.486, 'long': 99.972, 'Time': Timestamp('2008-02-25 08:36:33'), 'mag': 7.2}, {'lat': -2.468, 'long': 99.882, 'Time': Timestamp('2008-02-25 10:38:46'), 'mag': 5.1}, {'lat': -2.312, 'long': 99.971, 'Time': Timestamp('2008-02-25 13:33:51'), 'mag': 5.3}, {'lat': -2.301, 'long': 99.997, 'Time': Timestamp('2008-02-25 14:14:27'), 'mag': 5.0}, {'lat': -2.332, 'long': 99.891, 'Time': Timestamp('2008-02-25 18:06:03'), 'mag': 6.6}, {'lat': -2.245, 'long': 99.808, 'Time': Timestamp('2008-02-25 21:02:18'), 'mag': 6.7}, {'lat': -3.852, 'long': 101.067, 'Time': Timestamp('2008-02-26 18:18:27'), 'mag': 5.9}]",27,14
203,2008-02-16 08:31:22.837,0,[],0,5
204,2008-02-21 11:50:24.029,0,[],0,10
205,2008-03-02 15:08:54.824,0,[],0,20
206,2008-02-26 18:24:23.136,0,[],0,15
207,2008-02-23 21:37:25.477,0,[],0,12
208,2008-02-21 00:52:20.776,1,"[{'lat': 50.925, 'long': -177.158, 'Time': Timestamp('2008-02-21 23:52:08'), 'mag': 5.4}, {'lat': 50.925, 'long': -177.158, 'Time': Timestamp('2008-02-21 23:52:08'), 'mag': 5.4}, {'lat': -10.558, 'long': 164.97, 'Time': Timestamp('2008-02-21 02:57:01'), 'mag': 5.3}, {'lat': -10.558, 'long': 164.97, 'Time': Timestamp('2008-02-21 02:57:01'), 'mag': 5.3}, {'lat': -12.232, 'long': 167.067, 'Time': Timestamp('2008-02-21 12:04:44'), 'mag': 5.4}, {'lat': -10.558, 'long': 164.97, 'Time': Timestamp('2008-02-21 02:57:01'), 'mag': 5.3}, {'lat': -12.232, 'long': 167.067, 'Time': Timestamp('2008-02-21 12:04:44'), 'mag': 5.4}, {'lat': 44.324, 'long': 148.659, 'Time': Timestamp('2008-02-21 05:18:38'), 'mag': 5.1}, {'lat': 44.324, 'long': 148.659, 'Time': Timestamp('2008-02-21 05:18:38'), 'mag': 5.1}, {'lat': 44.324, 'long': 148.659, 'Time': Timestamp('2008-02-21 05:18:38'), 'mag': 5.1}, {'lat': 33.618, 'long': 140.377, 'Time': Timestamp('2008-02-21 17:39:39'), 'mag': 5.0}, {'lat': -2.146, 'long': 138.962, 'Time': Timestamp('2008-02-21 21:41:37'), 'mag': 5.6}, {'lat': -2.146, 'long': 138.962, 'Time': Timestamp('2008-02-21 21:41:37'), 'mag': 5.6}]",13,9
209,2008-03-09 07:25:26.642,0,[],0,26
210,2008-03-11 10:41:49.173,0,[],0,28
211,2008-03-11 15:39:22.681,0,[],0,28
212,2008-02-17 20:31:23.564,1,"[{'lat': 29.199, 'long': -114.505, 'Time': Timestamp('2008-02-19 19:00:31'), 'mag': 5.0}, {'lat': 29.785, 'long': -114.063, 'Time': Timestamp('2008-02-19 20:24:27'), 'mag': 5.1}, {'lat': 29.199, 'long': -114.505, 'Time': Timestamp('2008-02-19 19:00:31'), 'mag': 5.0}, {'lat': 29.785, 'long': -114.063, 'Time': Timestamp('2008-02-19 20:24:27'), 'mag': 5.1}]",4,5
213,2008-02-22 23:45:23.617,1,"[{'lat': 51.8, 'long': 176.499, 'Time': Timestamp('2008-02-23 02:01:02'), 'mag': 5.2}, {'lat': 51.8, 'long': 176.499, 'Time': Timestamp('2008-02-23 02:01:02'), 'mag': 5.2}, {'lat': 51.8, 'long': 176.499, 'Time': Timestamp('2008-02-23 02:01:02'), 'mag': 5.2}]",3,10
214,2008-02-26 07:55:51.172,0,[],0,13
215,2008-02-22 11:12:53.779,1,"[{'lat': -57.335, 'long': -23.433, 'Time': Timestamp('2008-02-23 15:57:20'), 'mag': 6.8}, {'lat': -57.028, 'long': -23.528, 'Time': Timestamp('2008-02-23 17:58:24'), 'mag': 5.0}, {'lat': -57.335, 'long': -23.433, 'Time': Timestamp('2008-02-23 15:57:20'), 'mag': 6.8}, {'lat': -57.028, 'long': -23.528, 'Time': Timestamp('2008-02-23 17:58:24'), 'mag': 5.0}]",4,9
216,2008-02-24 14:31:53.710,1,"[{'lat': -42.818, 'long': -82.785, 'Time': Timestamp('2008-02-25 05:30:39'), 'mag': 5.3}, {'lat': -42.818, 'long': -82.785, 'Time': Timestamp('2008-02-25 05:30:39'), 'mag': 5.3}]",2,11
217,2008-02-22 21:01:51.265,0,[],0,9
218,2008-03-08 00:15:53.126,0,[],0,23
219,2008-02-19 05:10:32.135,1,"[{'lat': -3.292, 'long': 100.934, 'Time': Timestamp('2008-02-19 06:29:53'), 'mag': 5.3}, {'lat': -2.434, 'long': 99.946, 'Time': Timestamp('2008-02-19 17:01:29'), 'mag': 5.4}, {'lat': 2.768, 'long': 95.964, 'Time': Timestamp('2008-02-20 08:08:30'), 'mag': 7.4}, {'lat': 2.608, 'long': 96.138, 'Time': Timestamp('2008-02-20 08:28:20'), 'mag': 5.4}, {'lat': 2.541, 'long': 96.062, 'Time': Timestamp('2008-02-20 08:36:38'), 'mag': 5.2}, {'lat': 2.697, 'long': 96.254, 'Time': Timestamp('2008-02-20 09:05:08'), 'mag': 5.1}, {'lat': 2.504, 'long': 95.837, 'Time': Timestamp('2008-02-20 09:11:25'), 'mag': 5.3}, {'lat': 2.639, 'long': 95.775, 'Time': Timestamp('2008-02-20 09:32:05'), 'mag': 5.0}, {'lat': -3.369, 'long': 100.84, 'Time': Timestamp('2008-02-20 10:30:07'), 'mag': 5.0}, {'lat': 2.484, 'long': 96.081, 'Time': Timestamp('2008-02-21 03:47:43'), 'mag': 5.0}, {'lat': -3.292, 'long': 100.934, 'Time': Timestamp('2008-02-19 06:29:53'), 'mag': 5.3}, {'lat': -2.434, 'long': 99.946, 'Time': Timestamp('2008-02-19 17:01:29'), 'mag': 5.4}, {'lat': 2.768, 'long': 95.964, 'Time': Timestamp('2008-02-20 08:08:30'), 'mag': 7.4}, {'lat': 2.608, 'long': 96.138, 'Time': Timestamp('2008-02-20 08:28:20'), 'mag': 5.4}, {'lat': 2.541, 'long': 96.062, 'Time': Timestamp('2008-02-20 08:36:38'), 'mag': 5.2}, {'lat': 2.697, 'long': 96.254, 'Time': Timestamp('2008-02-20 09:05:08'), 'mag': 5.1}, {'lat': 2.504, 'long': 95.837, 'Time': Timestamp('2008-02-20 09:11:25'), 'mag': 5.3}, {'lat': 2.639, 'long': 95.775, 'Time': Timestamp('2008-02-20 09:32:05'), 'mag': 5.0}, {'lat': -3.369, 'long': 100.84, 'Time': Timestamp('2008-02-20 10:30:07'), 'mag': 5.0}, {'lat': 2.484, 'long': 96.081, 'Time': Timestamp('2008-02-21 03:47:43'), 'mag': 5.0}, {'lat': -3.292, 'long': 100.934, 'Time': Timestamp('2008-02-19 06:29:53'), 'mag': 5.3}, {'lat': -2.434, 'long': 99.946, 'Time': Timestamp('2008-02-19 17:01:29'), 'mag': 5.4}, {'lat': -3.369, 'long': 100.84, 'Time': Timestamp('2008-02-20 10:30:07'), 'mag': 5.0}]",23,5
220,2008-03-09 08:26:53.561,0,[],0,24
221,2008-03-10 11:43:53.314,0,[],0,25
222,2008-02-19 15:02:22.341,1,"[{'lat': -53.033, 'long': -46.619, 'Time': Timestamp('2008-02-20 02:12:39'), 'mag': 5.1}, {'lat': -52.917, 'long': -46.492, 'Time': Timestamp('2008-02-20 12:11:20'), 'mag': 5.5}, {'lat': -53.015, 'long': -46.542, 'Time': Timestamp('2008-02-20 12:49:44'), 'mag': 5.6}]",3,5
223,2008-02-20 18:18:23.421,1,"[{'lat': 41.1444, 'long': -114.8721, 'Time': Timestamp('2008-02-21 14:16:02'), 'mag': 5.9}, {'lat': 41.137, 'long': -114.8398, 'Time': Timestamp('2008-02-21 14:34:55'), 'mag': 5.1}, {'lat': 41.1444, 'long': -114.8721, 'Time': Timestamp('2008-02-21 14:16:02'), 'mag': 5.9}, {'lat': 41.137, 'long': -114.8398, 'Time': Timestamp('2008-02-21 14:34:55'), 'mag': 5.1}]",4,6
224,2008-02-27 21:30:55.650,1,"[{'lat': 3.15, 'long': -140.362, 'Time': Timestamp('2008-02-29 15:41:22'), 'mag': 5.1}, {'lat': 3.15, 'long': -140.362, 'Time': Timestamp('2008-02-29 15:41:22'), 'mag': 5.1}, {'lat': 3.15, 'long': -140.362, 'Time': Timestamp('2008-02-29 15:41:22'), 'mag': 5.1}]",3,13
225,2008-03-06 00:45:45.525,1,"[{'lat': -17.025, 'long': 175.736, 'Time': Timestamp('2008-03-07 09:40:10'), 'mag': 5.0}, {'lat': -17.025, 'long': 175.736, 'Time': Timestamp('2008-03-07 09:40:10'), 'mag': 5.0}, {'lat': 51.522, 'long': 156.546, 'Time': Timestamp('2008-03-06 09:38:43'), 'mag': 5.5}, {'lat': 51.522, 'long': 156.546, 'Time': Timestamp('2008-03-06 09:38:43'), 'mag': 5.5}, {'lat': 36.453, 'long': 140.612, 'Time': Timestamp('2008-03-07 16:54:57'), 'mag': 5.2}]",5,20
226,2008-02-24 05:40:56.018,1,"[{'lat': -2.343, 'long': 99.954, 'Time': Timestamp('2008-02-24 08:53:37'), 'mag': 5.2}, {'lat': -2.469, 'long': 99.963, 'Time': Timestamp('2008-02-24 14:40:29'), 'mag': 5.3}, {'lat': -2.405, 'long': 99.931, 'Time': Timestamp('2008-02-24 14:46:21'), 'mag': 6.5}, {'lat': -2.517, 'long': 99.977, 'Time': Timestamp('2008-02-24 14:57:30'), 'mag': 5.4}, {'lat': -2.486, 'long': 99.972, 'Time': Timestamp('2008-02-25 08:36:33'), 'mag': 7.2}, {'lat': 2.639, 'long': 96.065, 'Time': Timestamp('2008-02-25 09:53:39'), 'mag': 5.0}, {'lat': -2.468, 'long': 99.882, 'Time': Timestamp('2008-02-25 10:38:46'), 'mag': 5.1}, {'lat': -2.312, 'long': 99.971, 'Time': Timestamp('2008-02-25 13:33:51'), 'mag': 5.3}, {'lat': -2.301, 'long': 99.997, 'Time': Timestamp('2008-02-25 14:14:27'), 'mag': 5.0}, {'lat': -2.332, 'long': 99.891, 'Time': Timestamp('2008-02-25 18:06:03'), 'mag': 6.6}, {'lat': -2.245, 'long': 99.808, 'Time': Timestamp('2008-02-25 21:02:18'), 'mag': 6.7}, {'lat': -2.343, 'long': 99.954, 'Time': Timestamp('2008-02-24 08:53:37'), 'mag': 5.2}, {'lat': -2.469, 'long': 99.963, 'Time': Timestamp('2008-02-24 14:40:29'), 'mag': 5.3}, {'lat': -2.405, 'long': 99.931, 'Time': Timestamp('2008-02-24 14:46:21'), 'mag': 6.5}, {'lat': -2.517, 'long': 99.977, 'Time': Timestamp('2008-02-24 14:57:30'), 'mag': 5.4}, {'lat': -2.486, 'long': 99.972, 'Time': Timestamp('2008-02-25 08:36:33'), 'mag': 7.2}, {'lat': 2.639, 'long': 96.065, 'Time': Timestamp('2008-02-25 09:53:39'), 'mag': 5.0}, {'lat': -2.468, 'long': 99.882, 'Time': Timestamp('2008-02-25 10:38:46'), 'mag': 5.1}, {'lat': -2.312, 'long': 99.971, 'Time': Timestamp('2008-02-25 13:33:51'), 'mag': 5.3}, {'lat': -2.301, 'long': 99.997, 'Time': Timestamp('2008-02-25 14:14:27'), 'mag': 5.0}, {'lat': -2.332, 'long': 99.891, 'Time': Timestamp('2008-02-25 18:06:03'), 'mag': 6.6}, {'lat': -2.245, 'long': 99.808, 'Time': Timestamp('2008-02-25 21:02:18'), 'mag': 6.7}, {'lat': -2.343, 'long': 99.954, 'Time': Timestamp('2008-02-24 08:53:37'), 'mag': 5.2}, {'lat': -2.469, 'long': 99.963, 'Time': Timestamp('2008-02-24 14:40:29'), 'mag': 5.3}, {'lat': -2.405, 'long': 99.931, 'Time': Timestamp('2008-02-24 14:46:21'), 'mag': 6.5}, {'lat': -2.517, 'long': 99.977, 'Time': Timestamp('2008-02-24 14:57:30'), 'mag': 5.4}, {'lat': -2.486, 'long': 99.972, 'Time': Timestamp('2008-02-25 08:36:33'), 'mag': 7.2}, {'lat': -2.468, 'long': 99.882, 'Time': Timestamp('2008-02-25 10:38:46'), 'mag': 5.1}, {'lat': -2.312, 'long': 99.971, 'Time': Timestamp('2008-02-25 13:33:51'), 'mag': 5.3}, {'lat': -2.301, 'long': 99.997, 'Time': Timestamp('2008-02-25 14:14:27'), 'mag': 5.0}, {'lat': -2.332, 'long': 99.891, 'Time': Timestamp('2008-02-25 18:06:03'), 'mag': 6.6}, {'lat': -2.245, 'long': 99.808, 'Time': Timestamp('2008-02-25 21:02:18'), 'mag': 6.7}]",32,9
227,2008-03-15 08:55:50.647,1,"[{'lat': -45.518, 'long': 34.902, 'Time': Timestamp('2008-03-16 15:09:20'), 'mag': 5.0}, {'lat': -45.518, 'long': 34.902, 'Time': Timestamp('2008-03-16 15:09:20'), 'mag': 5.0}, {'lat': -45.518, 'long': 34.902, 'Time': Timestamp('2008-03-16 15:09:20'), 'mag': 5.0}]",3,29
228,2008-03-13 12:15:23.715,0,[],0,27
229,2008-03-03 15:33:21.526,0,[],0,17
230,2008-03-13 18:48:19.704,1,"[{'lat': 14.463, 'long': -93.462, 'Time': Timestamp('2008-03-13 23:01:18'), 'mag': 5.7}, {'lat': 14.199, 'long': -93.821, 'Time': Timestamp('2008-03-13 23:14:45'), 'mag': 5.0}, {'lat': 14.463, 'long': -93.462, 'Time': Timestamp('2008-03-13 23:01:18'), 'mag': 5.7}, {'lat': 14.199, 'long': -93.821, 'Time': Timestamp('2008-03-13 23:14:45'), 'mag': 5.0}, {'lat': 14.463, 'long': -93.462, 'Time': Timestamp('2008-03-13 23:01:18'), 'mag': 5.7}, {'lat': 14.199, 'long': -93.821, 'Time': Timestamp('2008-03-13 23:14:45'), 'mag': 5.0}, {'lat': 42.412, 'long': -126.835, 'Time': Timestamp('2008-03-15 14:44:36'), 'mag': 5.7}, {'lat': 42.412, 'long': -126.835, 'Time': Timestamp('2008-03-15 14:44:36'), 'mag': 5.7}]",8,27
231,2008-03-07 22:02:20.740,0,[],0,21
232,2008-02-24 01:16:21.462,1,"[{'lat': 10.451, 'long': 145.907, 'Time': Timestamp('2008-02-24 17:55:55'), 'mag': 5.0}, {'lat': 10.334, 'long': 145.799, 'Time': Timestamp('2008-02-25 17:11:32'), 'mag': 5.0}, {'lat': 10.451, 'long': 145.907, 'Time': Timestamp('2008-02-24 17:55:55'), 'mag': 5.0}, {'lat': 10.334, 'long': 145.799, 'Time': Timestamp('2008-02-25 17:11:32'), 'mag': 5.0}, {'lat': 10.451, 'long': 145.907, 'Time': Timestamp('2008-02-24 17:55:55'), 'mag': 5.0}, {'lat': 10.334, 'long': 145.799, 'Time': Timestamp('2008-02-25 17:11:32'), 'mag': 5.0}, {'lat': -8.327, 'long': 128.592, 'Time': Timestamp('2008-02-25 11:38:51'), 'mag': 5.0}, {'lat': -8.327, 'long': 128.592, 'Time': Timestamp('2008-02-25 11:38:51'), 'mag': 5.0}]",8,8
233,2008-02-27 06:11:26.308,0,[],0,11
234,2008-02-29 09:26:53.816,0,[],0,13
235,2008-02-24 12:46:23.116,1,"[{'lat': -57.196, 'long': -23.512, 'Time': Timestamp('2008-02-26 10:31:14'), 'mag': 5.1}, {'lat': -57.196, 'long': -23.512, 'Time': Timestamp('2008-02-26 10:31:14'), 'mag': 5.1}]",2,8
236,2008-03-04 17:41:53.197,1,"[{'lat': -58.121, 'long': -139.924, 'Time': Timestamp('2008-03-04 19:45:01'), 'mag': 5.0}]",1,17
237,2008-03-13 20:55:55.538,1,"[{'lat': 42.412, 'long': -126.835, 'Time': Timestamp('2008-03-15 14:44:36'), 'mag': 5.7}, {'lat': 42.412, 'long': -126.835, 'Time': Timestamp('2008-03-15 14:44:36'), 'mag': 5.7}, {'lat': 42.412, 'long': -126.835, 'Time': Timestamp('2008-03-15 14:44:36'), 'mag': 5.7}, {'lat': 61.0731, 'long': -152.64, 'Time': Timestamp('2008-03-14 09:38:21'), 'mag': 5.1}, {'lat': -22.281, 'long': -174.72, 'Time': Timestamp('2008-03-14 15:48:33'), 'mag': 5.0}, {'lat': -22.254, 'long': -175.039, 'Time': Timestamp('2008-03-14 16:02:22'), 'mag': 5.4}]",6,26
238,2008-03-14 00:09:53.303,1,"[{'lat': 61.0731, 'long': -152.64, 'Time': Timestamp('2008-03-14 09:38:21'), 'mag': 5.1}, {'lat': 47.566, 'long': 154.161, 'Time': Timestamp('2008-03-14 10:45:32'), 'mag': 5.4}, {'lat': -3.052, 'long': 141.741, 'Time': Timestamp('2008-03-14 09:59:03'), 'mag': 5.2}]",3,26
239,2008-03-12 08:20:53.738,1,"[{'lat': -45.492, 'long': 35.008, 'Time': Timestamp('2008-03-13 13:28:44'), 'mag': 6.0}, {'lat': -45.492, 'long': 35.008, 'Time': Timestamp('2008-03-13 13:28:44'), 'mag': 6.0}, {'lat': -45.492, 'long': 35.008, 'Time': Timestamp('2008-03-13 13:28:44'), 'mag': 6.0}]",3,24
240,2008-03-15 11:37:53.491,0,[],0,27
241,2008-03-12 14:56:19.750,0,[],0,24
242,2008-03-10 21:24:55.828,1,"[{'lat': -35.688, 'long': -179.357, 'Time': Timestamp('2008-03-12 15:43:48'), 'mag': 5.0}, {'lat': -35.688, 'long': -179.357, 'Time': Timestamp('2008-03-12 15:43:48'), 'mag': 5.0}]",2,22
243,2008-03-01 00:39:45.701,1,"[{'lat': 51.731, 'long': -179.46, 'Time': Timestamp('2008-03-01 11:20:58'), 'mag': 5.0}, {'lat': 51.824, 'long': -179.426, 'Time': Timestamp('2008-03-01 19:55:56'), 'mag': 5.2}, {'lat': 51.859, 'long': -179.313, 'Time': Timestamp('2008-03-02 05:11:44'), 'mag': 5.8}, {'lat': 51.731, 'long': -179.46, 'Time': Timestamp('2008-03-01 11:20:58'), 'mag': 5.0}, {'lat': 51.824, 'long': -179.426, 'Time': Timestamp('2008-03-01 19:55:56'), 'mag': 5.2}, {'lat': 51.859, 'long': -179.313, 'Time': Timestamp('2008-03-02 05:11:44'), 'mag': 5.8}, {'lat': 51.731, 'long': -179.46, 'Time': Timestamp('2008-03-01 11:20:58'), 'mag': 5.0}, {'lat': 51.824, 'long': -179.426, 'Time': Timestamp('2008-03-01 19:55:56'), 'mag': 5.2}, {'lat': 51.859, 'long': -179.313, 'Time': Timestamp('2008-03-02 05:11:44'), 'mag': 5.8}, {'lat': 53.886, 'long': 159.295, 'Time': Timestamp('2008-03-01 18:51:26'), 'mag': 5.4}, {'lat': 53.886, 'long': 159.295, 'Time': Timestamp('2008-03-01 18:51:26'), 'mag': 5.4}, {'lat': 53.886, 'long': 159.295, 'Time': Timestamp('2008-03-01 18:51:26'), 'mag': 5.4}]",12,12
244,2008-03-16 07:12:57.103,1,"[{'lat': -45.518, 'long': 34.902, 'Time': Timestamp('2008-03-16 15:09:20'), 'mag': 5.0}, {'lat': -45.518, 'long': 34.902, 'Time': Timestamp('2008-03-16 15:09:20'), 'mag': 5.0}, {'lat': -45.518, 'long': 34.902, 'Time': Timestamp('2008-03-16 15:09:20'), 'mag': 5.0}]",3,27
245,2008-03-02 10:29:23.731,0,[],0,13
246,2008-03-10 13:48:23.919,0,[],0,21
247,2008-02-25 17:04:53.973,0,[],0,7
248,2008-03-19 20:19:20.889,1,"[{'lat': -56.535, 'long': -143.542, 'Time': Timestamp('2008-03-20 06:44:11'), 'mag': 5.4}, {'lat': -56.535, 'long': -143.542, 'Time': Timestamp('2008-03-20 06:44:11'), 'mag': 5.4}, {'lat': -56.535, 'long': -143.542, 'Time': Timestamp('2008-03-20 06:44:11'), 'mag': 5.4}]",3,30
249,2008-03-07 23:33:24.078,0,[],0,18
250,2008-02-25 07:43:52.409,0,[],0,6
251,2008-02-26 11:00:20.364,1,"[{'lat': 36.09, 'long': 21.886, 'Time': Timestamp('2008-02-26 16:10:40'), 'mag': 5.0}, {'lat': 36.09, 'long': 21.886, 'Time': Timestamp('2008-02-26 16:10:40'), 'mag': 5.0}, {'lat': -10.296, 'long': -13.372, 'Time': Timestamp('2008-02-26 14:14:30'), 'mag': 5.0}, {'lat': -10.296, 'long': -13.372, 'Time': Timestamp('2008-02-26 14:14:30'), 'mag': 5.0}, {'lat': -10.296, 'long': -13.372, 'Time': Timestamp('2008-02-26 14:14:30'), 'mag': 5.0}]",5,7
252,2008-03-11 14:19:20.631,0,[],0,21
253,2008-03-01 17:35:23.373,1,"[{'lat': -58.248, 'long': -139.692, 'Time': Timestamp('2008-03-02 21:58:56'), 'mag': 5.3}]",1,11
254,2008-03-17 20:49:51.619,0,[],0,27
255,2008-03-07 00:03:23.480,1,"[{'lat': -17.025, 'long': 175.736, 'Time': Timestamp('2008-03-07 09:40:10'), 'mag': 5.0}, {'lat': -17.025, 'long': 175.736, 'Time': Timestamp('2008-03-07 09:40:10'), 'mag': 5.0}, {'lat': -17.025, 'long': 175.736, 'Time': Timestamp('2008-03-07 09:40:10'), 'mag': 5.0}]",3,16
256,2008-03-07 08:12:46.939,1,"[{'lat': 33.3, 'long': 59.2, 'Time': Timestamp('2008-03-09 03:51:07'), 'mag': 5.0}, {'lat': 33.3, 'long': 59.2, 'Time': Timestamp('2008-03-09 03:51:07'), 'mag': 5.0}, {'lat': -36.607, 'long': 52.435, 'Time': Timestamp('2008-03-08 18:47:35'), 'mag': 5.1}, {'lat': -36.607, 'long': 52.435, 'Time': Timestamp('2008-03-08 18:47:35'), 'mag': 5.1}, {'lat': -36.607, 'long': 52.435, 'Time': Timestamp('2008-03-08 18:47:35'), 'mag': 5.1}]",5,16
257,2008-03-12 11:31:23.779,1,"[{'lat': 36.01, 'long': 21.76, 'Time': Timestamp('2008-03-14 07:10:21'), 'mag': 5.1}, {'lat': 36.01, 'long': 21.76, 'Time': Timestamp('2008-03-14 07:10:21'), 'mag': 5.1}, {'lat': 36.01, 'long': 21.76, 'Time': Timestamp('2008-03-14 07:10:21'), 'mag': 5.1}]",3,21
258,2008-03-13 14:50:21.145,0,[],0,22
259,2008-03-21 21:19:49.476,1,"[{'lat': 54.18, 'long': -162.475, 'Time': Timestamp('2008-03-22 13:51:35'), 'mag': 5.4}]",1,30
260,2008-03-21 00:33:51.315,1,"[{'lat': 54.18, 'long': -162.475, 'Time': Timestamp('2008-03-22 13:51:35'), 'mag': 5.4}, {'lat': 52.176, 'long': -178.716, 'Time': Timestamp('2008-03-22 21:24:11'), 'mag': 6.2}, {'lat': 52.176, 'long': -178.716, 'Time': Timestamp('2008-03-22 21:24:11'), 'mag': 6.2}, {'lat': 52.176, 'long': -178.716, 'Time': Timestamp('2008-03-22 21:24:11'), 'mag': 6.2}, {'lat': -18.264, 'long': 168.183, 'Time': Timestamp('2008-03-21 22:29:19'), 'mag': 5.0}, {'lat': -18.264, 'long': 168.183, 'Time': Timestamp('2008-03-21 22:29:19'), 'mag': 5.0}, {'lat': -18.264, 'long': 168.183, 'Time': Timestamp('2008-03-21 22:29:19'), 'mag': 5.0}, {'lat': 33.006, 'long': 141.58, 'Time': Timestamp('2008-03-21 12:56:01'), 'mag': 5.0}, {'lat': 12.558, 'long': 141.835, 'Time': Timestamp('2008-03-21 10:20:22'), 'mag': 5.0}, {'lat': 12.558, 'long': 141.835, 'Time': Timestamp('2008-03-21 10:20:22'), 'mag': 5.0}]",10,29
261,2008-03-19 07:06:54.071,1,"[{'lat': 35.49, 'long': 81.467, 'Time': Timestamp('2008-03-20 22:32:57'), 'mag': 7.2}, {'lat': 35.505, 'long': 81.398, 'Time': Timestamp('2008-03-20 22:38:53'), 'mag': 5.3}, {'lat': 35.457, 'long': 81.409, 'Time': Timestamp('2008-03-20 22:49:57'), 'mag': 5.0}, {'lat': 35.319, 'long': 81.601, 'Time': Timestamp('2008-03-20 22:50:30'), 'mag': 5.2}, {'lat': 35.267, 'long': 81.022, 'Time': Timestamp('2008-03-20 22:57:23'), 'mag': 5.0}, {'lat': 35.513, 'long': 81.433, 'Time': Timestamp('2008-03-20 23:12:00'), 'mag': 5.6}, {'lat': 35.419, 'long': 81.59, 'Time': Timestamp('2008-03-20 23:50:07'), 'mag': 5.1}, {'lat': 35.491, 'long': 81.371, 'Time': Timestamp('2008-03-21 00:26:13'), 'mag': 5.3}, {'lat': 35.604, 'long': 81.582, 'Time': Timestamp('2008-03-21 04:03:27'), 'mag': 5.0}, {'lat': 35.685, 'long': 81.724, 'Time': Timestamp('2008-03-21 06:16:05'), 'mag': 5.2}, {'lat': 35.49, 'long': 81.467, 'Time': Timestamp('2008-03-20 22:32:57'), 'mag': 7.2}, {'lat': 35.505, 'long': 81.398, 'Time': Timestamp('2008-03-20 22:38:53'), 'mag': 5.3}, {'lat': 35.457, 'long': 81.409, 'Time': Timestamp('2008-03-20 22:49:57'), 'mag': 5.0}, {'lat': 35.319, 'long': 81.601, 'Time': Timestamp('2008-03-20 22:50:30'), 'mag': 5.2}, {'lat': 35.267, 'long': 81.022, 'Time': Timestamp('2008-03-20 22:57:23'), 'mag': 5.0}, {'lat': 35.513, 'long': 81.433, 'Time': Timestamp('2008-03-20 23:12:00'), 'mag': 5.6}, {'lat': 35.419, 'long': 81.59, 'Time': Timestamp('2008-03-20 23:50:07'), 'mag': 5.1}, {'lat': 35.491, 'long': 81.371, 'Time': Timestamp('2008-03-21 00:26:13'), 'mag': 5.3}, {'lat': 35.604, 'long': 81.582, 'Time': Timestamp('2008-03-21 04:03:27'), 'mag': 5.0}, {'lat': 35.685, 'long': 81.724, 'Time': Timestamp('2008-03-21 06:16:05'), 'mag': 5.2}, {'lat': 35.49, 'long': 81.467, 'Time': Timestamp('2008-03-20 22:32:57'), 'mag': 7.2}, {'lat': 35.505, 'long': 81.398, 'Time': Timestamp('2008-03-20 22:38:53'), 'mag': 5.3}, {'lat': 35.457, 'long': 81.409, 'Time': Timestamp('2008-03-20 22:49:57'), 'mag': 5.0}, {'lat': 35.319, 'long': 81.601, 'Time': Timestamp('2008-03-20 22:50:30'), 'mag': 5.2}, {'lat': 35.267, 'long': 81.022, 'Time': Timestamp('2008-03-20 22:57:23'), 'mag': 5.0}, {'lat': 35.513, 'long': 81.433, 'Time': Timestamp('2008-03-20 23:12:00'), 'mag': 5.6}, {'lat': 35.419, 'long': 81.59, 'Time': Timestamp('2008-03-20 23:50:07'), 'mag': 5.1}, {'lat': 35.491, 'long': 81.371, 'Time': Timestamp('2008-03-21 00:26:13'), 'mag': 5.3}, {'lat': 35.604, 'long': 81.582, 'Time': Timestamp('2008-03-21 04:03:27'), 'mag': 5.0}, {'lat': 35.685, 'long': 81.724, 'Time': Timestamp('2008-03-21 06:16:05'), 'mag': 5.2}]",30,27
262,2008-03-04 10:22:54.348,1,"[{'lat': -5.414, 'long': 36.013, 'Time': Timestamp('2008-03-06 07:35:35'), 'mag': 5.4}]",1,12
263,2008-02-28 13:42:23.208,1,"[{'lat': -53.012, 'long': -46.439, 'Time': Timestamp('2008-02-29 16:10:28'), 'mag': 5.4}, {'lat': -53.012, 'long': -46.439, 'Time': Timestamp('2008-02-29 16:10:28'), 'mag': 5.4}, {'lat': -53.012, 'long': -46.439, 'Time': Timestamp('2008-02-29 16:10:28'), 'mag': 5.4}]",3,7
264,2008-03-15 16:58:53.262,0,[],0,23
265,2008-03-19 21:49:23.085,1,"[{'lat': -15.255, 'long': -174.512, 'Time': Timestamp('2008-03-21 00:09:10'), 'mag': 5.2}, {'lat': -15.255, 'long': -174.512, 'Time': Timestamp('2008-03-21 00:09:10'), 'mag': 5.2}, {'lat': -15.255, 'long': -174.512, 'Time': Timestamp('2008-03-21 00:09:10'), 'mag': 5.2}]",3,27
266,2008-03-05 01:04:22.256,1,"[{'lat': -13.613, 'long': 166.696, 'Time': Timestamp('2008-03-05 16:11:04'), 'mag': 5.1}, {'lat': -13.613, 'long': 166.696, 'Time': Timestamp('2008-03-05 16:11:04'), 'mag': 5.1}, {'lat': 51.522, 'long': 156.546, 'Time': Timestamp('2008-03-06 09:38:43'), 'mag': 5.5}, {'lat': 51.522, 'long': 156.546, 'Time': Timestamp('2008-03-06 09:38:43'), 'mag': 5.5}, {'lat': 51.522, 'long': 156.546, 'Time': Timestamp('2008-03-06 09:38:43'), 'mag': 5.5}, {'lat': 2.572, 'long': 128.232, 'Time': Timestamp('2008-03-06 01:21:59'), 'mag': 5.9}]",6,12
267,2008-03-22 10:53:51.981,1,"[{'lat': 36.145, 'long': 21.856, 'Time': Timestamp('2008-03-23 20:11:11'), 'mag': 5.0}, {'lat': 36.145, 'long': 21.856, 'Time': Timestamp('2008-03-23 20:11:11'), 'mag': 5.0}, {'lat': -1.148, 'long': -14.459, 'Time': Timestamp('2008-03-23 21:32:27'), 'mag': 5.0}, {'lat': -1.148, 'long': -14.459, 'Time': Timestamp('2008-03-23 21:32:27'), 'mag': 5.0}, {'lat': -1.148, 'long': -14.459, 'Time': Timestamp('2008-03-23 21:32:27'), 'mag': 5.0}]",5,29
268,2008-03-07 14:12:53.609,1,"[{'lat': -17.477, 'long': -70.206, 'Time': Timestamp('2008-03-07 22:35:00'), 'mag': 5.2}, {'lat': -17.477, 'long': -70.206, 'Time': Timestamp('2008-03-07 22:35:00'), 'mag': 5.2}]",2,14
269,2008-03-18 17:29:23.663,0,[],0,25
270,2008-03-05 20:40:55.132,0,[],0,12
271,2008-03-16 23:57:23.769,1,"[{'lat': -39.29, 'long': 174.58, 'Time': Timestamp('2008-03-17 14:22:39'), 'mag': 5.0}, {'lat': -39.29, 'long': 174.58, 'Time': Timestamp('2008-03-17 14:22:39'), 'mag': 5.0}, {'lat': -39.29, 'long': 174.58, 'Time': Timestamp('2008-03-17 14:22:39'), 'mag': 5.0}]",3,23
272,2008-03-09 08:08:21.437,0,[],0,15
273,2008-03-11 11:25:23.956,0,[],0,17
274,2008-03-20 14:43:52.538,1,"[{'lat': -44.057, 'long': -81.987, 'Time': Timestamp('2008-03-22 13:22:59'), 'mag': 5.4}, {'lat': -44.057, 'long': -81.987, 'Time': Timestamp('2008-03-22 13:22:59'), 'mag': 5.4}, {'lat': -44.057, 'long': -81.987, 'Time': Timestamp('2008-03-22 13:22:59'), 'mag': 5.4}]",3,26
275,2008-03-03 17:59:54.064,1,"[{'lat': -58.121, 'long': -139.924, 'Time': Timestamp('2008-03-04 19:45:01'), 'mag': 5.0}, {'lat': -58.121, 'long': -139.924, 'Time': Timestamp('2008-03-04 19:45:01'), 'mag': 5.0}]",2,9
276,2008-03-03 21:12:55.405,0,[],0,9
277,2008-03-04 07:00:52.920,0,[],0,9
278,2008-03-18 10:16:54.525,1,"[{'lat': -47.0, 'long': -13.0, 'Time': Timestamp('2008-03-19 10:16:16'), 'mag': 5.0}, {'lat': -47.0, 'long': -13.0, 'Time': Timestamp('2008-03-19 10:16:16'), 'mag': 5.0}, {'lat': -47.0, 'long': -13.0, 'Time': Timestamp('2008-03-19 10:16:16'), 'mag': 5.0}]",3,23
279,2008-03-03 13:35:53.385,0,[],0,8
280,2008-03-15 16:52:53.439,0,[],0,20
281,2008-03-12 20:07:23.492,0,[],0,17
282,2008-03-21 23:20:53.544,1,"[{'lat': 54.18, 'long': -162.475, 'Time': Timestamp('2008-03-22 13:51:35'), 'mag': 5.4}, {'lat': 54.18, 'long': -162.475, 'Time': Timestamp('2008-03-22 13:51:35'), 'mag': 5.4}, {'lat': 52.176, 'long': -178.716, 'Time': Timestamp('2008-03-22 21:24:11'), 'mag': 6.2}]",3,26
283,2008-03-14 09:10:07.187,0,[],0,18
284,2008-03-13 12:27:23.759,0,[],0,17
285,2008-03-19 15:45:23.009,0,[],0,23
286,2008-03-01 19:00:48.420,1,"[{'lat': 43.831, 'long': -128.403, 'Time': Timestamp('2008-03-03 15:44:46'), 'mag': 5.1}, {'lat': -58.248, 'long': -139.692, 'Time': Timestamp('2008-03-02 21:58:56'), 'mag': 5.3}, {'lat': -58.248, 'long': -139.692, 'Time': Timestamp('2008-03-02 21:58:56'), 'mag': 5.3}, {'lat': -58.248, 'long': -139.692, 'Time': Timestamp('2008-03-02 21:58:56'), 'mag': 5.3}]",4,5
287,2008-03-01 22:14:22.223,1,"[{'lat': 43.831, 'long': -128.403, 'Time': Timestamp('2008-03-03 15:44:46'), 'mag': 5.1}]",1,5
288,2008-03-04 01:28:49.631,1,"[{'lat': -13.613, 'long': 166.696, 'Time': Timestamp('2008-03-05 16:11:04'), 'mag': 5.1}, {'lat': 2.572, 'long': 128.232, 'Time': Timestamp('2008-03-06 01:21:59'), 'mag': 5.9}, {'lat': 2.572, 'long': 128.232, 'Time': Timestamp('2008-03-06 01:21:59'), 'mag': 5.9}, {'lat': 2.572, 'long': 128.232, 'Time': Timestamp('2008-03-06 01:21:59'), 'mag': 5.9}]",4,7
289,2008-03-18 06:23:56.787,0,[],0,21
290,2008-03-22 09:39:16.109,1,"[{'lat': 36.145, 'long': 21.856, 'Time': Timestamp('2008-03-23 20:11:11'), 'mag': 5.0}, {'lat': 36.145, 'long': 21.856, 'Time': Timestamp('2008-03-23 20:11:11'), 'mag': 5.0}, {'lat': 36.145, 'long': 21.856, 'Time': Timestamp('2008-03-23 20:11:11'), 'mag': 5.0}]",3,25
291,2008-03-05 12:58:53.161,0,[],0,8
292,2008-03-04 16:16:23.215,0,[],0,7
293,2008-03-22 19:30:53.268,1,"[{'lat': -49.75, 'long': -115.75, 'Time': Timestamp('2008-03-24 18:23:44'), 'mag': 5.3}, {'lat': -49.75, 'long': -115.75, 'Time': Timestamp('2008-03-24 18:23:44'), 'mag': 5.3}]",2,25
294,2008-03-20 22:44:53.320,1,"[{'lat': -15.255, 'long': -174.512, 'Time': Timestamp('2008-03-21 00:09:10'), 'mag': 5.2}, {'lat': 54.18, 'long': -162.475, 'Time': Timestamp('2008-03-22 13:51:35'), 'mag': 5.4}, {'lat': 54.18, 'long': -162.475, 'Time': Timestamp('2008-03-22 13:51:35'), 'mag': 5.4}, {'lat': 52.176, 'long': -178.716, 'Time': Timestamp('2008-03-22 21:24:11'), 'mag': 6.2}, {'lat': 54.18, 'long': -162.475, 'Time': Timestamp('2008-03-22 13:51:35'), 'mag': 5.4}, {'lat': 52.176, 'long': -178.716, 'Time': Timestamp('2008-03-22 21:24:11'), 'mag': 6.2}, {'lat': -18.264, 'long': 168.183, 'Time': Timestamp('2008-03-21 22:29:19'), 'mag': 5.0}, {'lat': -18.264, 'long': 168.183, 'Time': Timestamp('2008-03-21 22:29:19'), 'mag': 5.0}, {'lat': -18.264, 'long': 168.183, 'Time': Timestamp('2008-03-21 22:29:19'), 'mag': 5.0}]",9,23
295,2008-03-08 06:54:28.521,1,"[{'lat': 33.3, 'long': 59.2, 'Time': Timestamp('2008-03-09 03:51:07'), 'mag': 5.0}, {'lat': 33.3, 'long': 59.2, 'Time': Timestamp('2008-03-09 03:51:07'), 'mag': 5.0}, {'lat': -36.607, 'long': 52.435, 'Time': Timestamp('2008-03-08 18:47:35'), 'mag': 5.1}, {'lat': -36.607, 'long': 52.435, 'Time': Timestamp('2008-03-08 18:47:35'), 'mag': 5.1}]",4,10
296,2008-03-25 10:10:22.047,0,[],0,27
297,2008-03-25 13:29:53.675,0,[],0,27
298,2008-03-14 16:46:53.729,0,[],0,16
299,2008-03-28 20:01:23.782,0,[],0,30
300,2008-03-28 23:14:53.834,1,"[{'lat': 54.546, 'long': -161.649, 'Time': Timestamp('2008-03-29 21:08:25'), 'mag': 5.1}, {'lat': 54.546, 'long': -161.649, 'Time': Timestamp('2008-03-29 21:08:25'), 'mag': 5.1}, {'lat': -26.01, 'long': -177.929, 'Time': Timestamp('2008-03-30 17:10:07'), 'mag': 5.5}, {'lat': -26.01, 'long': -177.929, 'Time': Timestamp('2008-03-30 17:10:07'), 'mag': 5.5}, {'lat': -26.01, 'long': -177.929, 'Time': Timestamp('2008-03-30 17:10:07'), 'mag': 5.5}, {'lat': -16.646, 'long': 167.598, 'Time': Timestamp('2008-03-30 18:21:44'), 'mag': 5.1}, {'lat': -16.646, 'long': 167.598, 'Time': Timestamp('2008-03-30 18:21:44'), 'mag': 5.1}, {'lat': -16.646, 'long': 167.598, 'Time': Timestamp('2008-03-30 18:21:44'), 'mag': 5.1}]",8,30
301,2008-03-11 09:02:20.981,0,[],0,12
302,2008-03-14 12:21:24.049,0,[],0,15
303,2008-03-29 15:39:22.300,0,[],0,30
304,2008-03-11 18:54:47.711,0,[],0,12
305,2008-03-28 22:07:24.281,1,"[{'lat': 54.546, 'long': -161.649, 'Time': Timestamp('2008-03-29 21:08:25'), 'mag': 5.1}, {'lat': 54.546, 'long': -161.649, 'Time': Timestamp('2008-03-29 21:08:25'), 'mag': 5.1}, {'lat': -17.88, 'long': 168.436, 'Time': Timestamp('2008-03-28 23:04:54'), 'mag': 5.0}]",3,29
306,2008-03-09 01:22:18.921,1,"[{'lat': 47.549, 'long': 152.826, 'Time': Timestamp('2008-03-10 04:57:56'), 'mag': 5.1}, {'lat': 47.549, 'long': 152.826, 'Time': Timestamp('2008-03-10 04:57:56'), 'mag': 5.1}, {'lat': 47.549, 'long': 152.826, 'Time': Timestamp('2008-03-10 04:57:56'), 'mag': 5.1}, {'lat': 31.793, 'long': 131.462, 'Time': Timestamp('2008-03-10 01:44:33'), 'mag': 5.1}, {'lat': 31.793, 'long': 131.462, 'Time': Timestamp('2008-03-10 01:44:33'), 'mag': 5.1}, {'lat': 1.484, 'long': 126.374, 'Time': Timestamp('2008-03-10 12:24:00'), 'mag': 5.0}, {'lat': 1.484, 'long': 126.374, 'Time': Timestamp('2008-03-10 12:24:00'), 'mag': 5.0}, {'lat': 1.484, 'long': 126.374, 'Time': Timestamp('2008-03-10 12:24:00'), 'mag': 5.0}]",8,9
307,2008-03-12 06:17:56.077,0,[],0,12
308,2008-03-14 09:33:21.822,0,[],0,14
309,2008-03-30 16:09:53.036,0,[],0,30
310,2008-03-19 19:24:49.662,1,"[{'lat': -56.535, 'long': -143.542, 'Time': Timestamp('2008-03-20 06:44:11'), 'mag': 5.4}, {'lat': -56.535, 'long': -143.542, 'Time': Timestamp('2008-03-20 06:44:11'), 'mag': 5.4}, {'lat': -56.535, 'long': -143.542, 'Time': Timestamp('2008-03-20 06:44:11'), 'mag': 5.4}]",3,19
311,2008-03-28 22:38:53.610,1,"[{'lat': -26.01, 'long': -177.929, 'Time': Timestamp('2008-03-30 17:10:07'), 'mag': 5.5}, {'lat': 54.546, 'long': -161.649, 'Time': Timestamp('2008-03-29 21:08:25'), 'mag': 5.1}, {'lat': 54.546, 'long': -161.649, 'Time': Timestamp('2008-03-29 21:08:25'), 'mag': 5.1}, {'lat': 54.546, 'long': -161.649, 'Time': Timestamp('2008-03-29 21:08:25'), 'mag': 5.1}, {'lat': -17.88, 'long': 168.436, 'Time': Timestamp('2008-03-28 23:04:54'), 'mag': 5.0}, {'lat': -16.646, 'long': 167.598, 'Time': Timestamp('2008-03-30 18:21:44'), 'mag': 5.1}, {'lat': -17.88, 'long': 168.436, 'Time': Timestamp('2008-03-28 23:04:54'), 'mag': 5.0}, {'lat': -16.646, 'long': 167.598, 'Time': Timestamp('2008-03-30 18:21:44'), 'mag': 5.1}, {'lat': -17.88, 'long': 168.436, 'Time': Timestamp('2008-03-28 23:04:54'), 'mag': 5.0}, {'lat': -16.646, 'long': 167.598, 'Time': Timestamp('2008-03-30 18:21:44'), 'mag': 5.1}]",10,28
312,2008-03-27 06:48:22.059,0,[],0,26
313,2008-03-21 10:04:20.896,0,[],0,20
314,2008-03-23 13:23:23.852,1,"[{'lat': -1.148, 'long': -14.459, 'Time': Timestamp('2008-03-23 21:32:27'), 'mag': 5.0}, {'lat': -1.148, 'long': -14.459, 'Time': Timestamp('2008-03-23 21:32:27'), 'mag': 5.0}]",2,22
315,2008-03-23 16:40:53.906,1,"[{'lat': -20.043, 'long': -68.963, 'Time': Timestamp('2008-03-24 20:39:07'), 'mag': 6.2}, {'lat': -20.043, 'long': -68.963, 'Time': Timestamp('2008-03-24 20:39:07'), 'mag': 6.2}, {'lat': -20.043, 'long': -68.963, 'Time': Timestamp('2008-03-24 20:39:07'), 'mag': 6.2}, {'lat': -49.75, 'long': -115.75, 'Time': Timestamp('2008-03-24 18:23:44'), 'mag': 5.3}, {'lat': -49.75, 'long': -115.75, 'Time': Timestamp('2008-03-24 18:23:44'), 'mag': 5.3}]",5,22
316,2008-03-17 19:55:22.151,0,[],0,16
317,2008-03-23 23:08:54.011,1,"[{'lat': 52.538, 'long': -168.73, 'Time': Timestamp('2008-03-25 00:57:47'), 'mag': 5.2}, {'lat': 52.371, 'long': -168.638, 'Time': Timestamp('2008-03-25 01:14:21'), 'mag': 5.0}, {'lat': 52.421, 'long': -168.626, 'Time': Timestamp('2008-03-25 01:26:25'), 'mag': 5.0}, {'lat': 52.538, 'long': -168.73, 'Time': Timestamp('2008-03-25 00:57:47'), 'mag': 5.2}, {'lat': 52.371, 'long': -168.638, 'Time': Timestamp('2008-03-25 01:14:21'), 'mag': 5.0}, {'lat': 52.421, 'long': -168.626, 'Time': Timestamp('2008-03-25 01:26:25'), 'mag': 5.0}, {'lat': -16.912, 'long': 167.031, 'Time': Timestamp('2008-03-24 07:02:34'), 'mag': 5.5}, {'lat': -16.912, 'long': 167.031, 'Time': Timestamp('2008-03-24 07:02:34'), 'mag': 5.5}, {'lat': -16.912, 'long': 167.031, 'Time': Timestamp('2008-03-24 07:02:34'), 'mag': 5.5}]",9,22
318,2008-03-29 07:19:26.438,1,"[{'lat': -41.055, 'long': 42.525, 'Time': Timestamp('2008-03-29 15:12:03'), 'mag': 5.5}, {'lat': -41.055, 'long': 42.525, 'Time': Timestamp('2008-03-29 15:12:03'), 'mag': 5.5}, {'lat': -41.055, 'long': 42.525, 'Time': Timestamp('2008-03-29 15:12:03'), 'mag': 5.5}]",3,27
319,2008-03-31 10:35:20.297,0,[],0,29
320,2008-03-30 13:54:23.253,0,[],0,28
321,2008-03-26 01:16:20.973,1,"[{'lat': 46.428, 'long': 152.979, 'Time': Timestamp('2008-03-26 18:33:34'), 'mag': 5.6}, {'lat': 46.428, 'long': 152.979, 'Time': Timestamp('2008-03-26 18:33:34'), 'mag': 5.6}, {'lat': 46.428, 'long': 152.979, 'Time': Timestamp('2008-03-26 18:33:34'), 'mag': 5.6}, {'lat': 13.594, 'long': 144.879, 'Time': Timestamp('2008-03-26 20:06:05'), 'mag': 5.6}, {'lat': 13.594, 'long': 144.879, 'Time': Timestamp('2008-03-26 20:06:05'), 'mag': 5.6}, {'lat': -3.92, 'long': 141.897, 'Time': Timestamp('2008-03-27 19:25:41'), 'mag': 5.3}, {'lat': -3.92, 'long': 141.897, 'Time': Timestamp('2008-03-27 19:25:41'), 'mag': 5.3}, {'lat': -3.92, 'long': 141.897, 'Time': Timestamp('2008-03-27 19:25:41'), 'mag': 5.3}]",8,23
322,2008-03-10 08:20:50.153,0,[],0,6
323,2008-04-01 11:37:54.002,0,[],0,28
324,2008-03-10 14:56:18.934,0,[],0,6
325,2008-03-31 18:12:23.110,0,[],0,27
326,2008-03-29 08:49:53.348,1,"[{'lat': -41.055, 'long': 42.525, 'Time': Timestamp('2008-03-29 15:12:03'), 'mag': 5.5}, {'lat': -41.055, 'long': 42.525, 'Time': Timestamp('2008-03-29 15:12:03'), 'mag': 5.5}]",2,24
327,2008-03-30 12:08:53.516,0,[],0,25
328,2008-03-21 15:27:25.423,1,"[{'lat': -44.057, 'long': -81.987, 'Time': Timestamp('2008-03-22 13:22:59'), 'mag': 5.4}, {'lat': -44.057, 'long': -81.987, 'Time': Timestamp('2008-03-22 13:22:59'), 'mag': 5.4}, {'lat': -44.057, 'long': -81.987, 'Time': Timestamp('2008-03-22 13:22:59'), 'mag': 5.4}]",3,16
329,2008-03-22 21:56:15.117,0,[],0,17
330,2008-03-18 01:10:18.495,1,"[{'lat': -6.936, 'long': 155.316, 'Time': Timestamp('2008-03-19 11:55:53'), 'mag': 5.4}, {'lat': -6.936, 'long': 155.316, 'Time': Timestamp('2008-03-19 11:55:53'), 'mag': 5.4}, {'lat': -6.936, 'long': 155.316, 'Time': Timestamp('2008-03-19 11:55:53'), 'mag': 5.4}]",3,12
331,2008-03-26 06:05:28.877,1,"[{'lat': 35.696, 'long': 81.715, 'Time': Timestamp('2008-03-26 10:39:27'), 'mag': 5.2}, {'lat': 35.696, 'long': 81.715, 'Time': Timestamp('2008-03-26 10:39:27'), 'mag': 5.2}]",2,20
332,2008-04-04 09:20:50.850,0,[],0,29
333,2008-03-31 12:39:53.917,0,[],0,25
334,2008-03-16 15:57:52.175,0,[],0,10
335,2008-03-31 19:12:50.018,1,"[{'lat': 44.364, 'long': -129.351, 'Time': Timestamp('2008-04-02 05:55:41'), 'mag': 5.2}, {'lat': 44.364, 'long': -129.351, 'Time': Timestamp('2008-04-02 05:55:41'), 'mag': 5.2}]",2,25
336,2008-03-30 22:26:24.078,1,"[{'lat': -17.462, 'long': 167.877, 'Time': Timestamp('2008-03-31 19:03:44'), 'mag': 5.0}, {'lat': -17.462, 'long': 167.877, 'Time': Timestamp('2008-03-31 19:03:44'), 'mag': 5.0}, {'lat': -17.462, 'long': 167.877, 'Time': Timestamp('2008-03-31 19:03:44'), 'mag': 5.0}, {'lat': -35.82, 'long': 179.23, 'Time': Timestamp('2008-04-01 02:00:35'), 'mag': 5.3}, {'lat': -35.82, 'long': 179.23, 'Time': Timestamp('2008-04-01 02:00:35'), 'mag': 5.3}, {'lat': -62.65, 'long': 165.404, 'Time': Timestamp('2008-03-31 08:22:51'), 'mag': 5.0}, {'lat': -62.5, 'long': 165.5, 'Time': Timestamp('2008-03-31 08:33:12'), 'mag': 5.4}]",7,24
337,2008-03-12 01:40:51.445,1,"[{'lat': -7.052, 'long': 155.916, 'Time': Timestamp('2008-03-13 23:53:36'), 'mag': 5.2}, {'lat': -7.052, 'long': 155.916, 'Time': Timestamp('2008-03-13 23:53:36'), 'mag': 5.2}, {'lat': -7.052, 'long': 155.916, 'Time': Timestamp('2008-03-13 23:53:36'), 'mag': 5.2}, {'lat': 43.066, 'long': 146.528, 'Time': Timestamp('2008-03-13 08:41:07'), 'mag': 5.4}, {'lat': 43.066, 'long': 146.528, 'Time': Timestamp('2008-03-13 08:41:07'), 'mag': 5.4}, {'lat': 43.066, 'long': 146.528, 'Time': Timestamp('2008-03-13 08:41:07'), 'mag': 5.4}, {'lat': 1.711, 'long': 126.649, 'Time': Timestamp('2008-03-13 01:16:45'), 'mag': 5.3}, {'lat': 1.711, 'long': 126.649, 'Time': Timestamp('2008-03-13 01:16:45'), 'mag': 5.3}, {'lat': 1.711, 'long': 126.649, 'Time': Timestamp('2008-03-13 01:16:45'), 'mag': 5.3}]",9,5
338,2008-04-06 06:36:26.091,0,[],0,30
339,2008-03-23 09:51:51.690,1,"[{'lat': 36.145, 'long': 21.856, 'Time': Timestamp('2008-03-23 20:11:11'), 'mag': 5.0}, {'lat': 36.145, 'long': 21.856, 'Time': Timestamp('2008-03-23 20:11:11'), 'mag': 5.0}, {'lat': 36.145, 'long': 21.856, 'Time': Timestamp('2008-03-23 20:11:11'), 'mag': 5.0}]",3,16
340,2008-04-03 13:11:23.319,0,[],0,27
341,2008-03-13 16:28:23.372,1,"[{'lat': 14.463, 'long': -93.462, 'Time': Timestamp('2008-03-13 23:01:18'), 'mag': 5.7}, {'lat': 14.199, 'long': -93.821, 'Time': Timestamp('2008-03-13 23:14:45'), 'mag': 5.0}, {'lat': 14.463, 'long': -93.462, 'Time': Timestamp('2008-03-13 23:01:18'), 'mag': 5.7}, {'lat': 14.199, 'long': -93.821, 'Time': Timestamp('2008-03-13 23:14:45'), 'mag': 5.0}, {'lat': 14.463, 'long': -93.462, 'Time': Timestamp('2008-03-13 23:01:18'), 'mag': 5.7}, {'lat': 14.199, 'long': -93.821, 'Time': Timestamp('2008-03-13 23:14:45'), 'mag': 5.0}]",6,6
342,2008-03-22 19:43:23.425,1,"[{'lat': -49.75, 'long': -115.75, 'Time': Timestamp('2008-03-24 18:23:44'), 'mag': 5.3}]",1,15
343,2008-03-19 00:33:45.503,1,"[{'lat': -6.936, 'long': 155.316, 'Time': Timestamp('2008-03-19 11:55:53'), 'mag': 5.4}, {'lat': -6.936, 'long': 155.316, 'Time': Timestamp('2008-03-19 11:55:53'), 'mag': 5.4}]",2,11
344,2008-03-27 08:43:50.626,1,"[{'lat': 34.758, 'long': 25.345, 'Time': Timestamp('2008-03-28 00:16:19'), 'mag': 5.6}, {'lat': 34.758, 'long': 25.345, 'Time': Timestamp('2008-03-28 00:16:19'), 'mag': 5.6}, {'lat': 34.758, 'long': 25.345, 'Time': Timestamp('2008-03-28 00:16:19'), 'mag': 5.6}]",3,19
345,2008-03-28 13:42:23.720,0,[],0,20
346,2008-04-01 16:58:53.773,1,"[{'lat': -28.64, 'long': -71.465, 'Time': Timestamp('2008-04-03 01:00:21'), 'mag': 5.1}, {'lat': -28.64, 'long': -71.465, 'Time': Timestamp('2008-04-03 01:00:21'), 'mag': 5.1}, {'lat': -28.64, 'long': -71.465, 'Time': Timestamp('2008-04-03 01:00:21'), 'mag': 5.1}]",3,24
347,2008-04-01 20:13:22.019,1,"[{'lat': 44.364, 'long': -129.351, 'Time': Timestamp('2008-04-02 05:55:41'), 'mag': 5.2}, {'lat': 44.364, 'long': -129.351, 'Time': Timestamp('2008-04-02 05:55:41'), 'mag': 5.2}, {'lat': 44.364, 'long': -129.351, 'Time': Timestamp('2008-04-02 05:55:41'), 'mag': 5.2}]",3,24
348,2008-03-27 23:27:23.880,1,"[{'lat': 54.546, 'long': -161.649, 'Time': Timestamp('2008-03-29 21:08:25'), 'mag': 5.1}, {'lat': 54.546, 'long': -161.649, 'Time': Timestamp('2008-03-29 21:08:25'), 'mag': 5.1}, {'lat': 54.546, 'long': -161.649, 'Time': Timestamp('2008-03-29 21:08:25'), 'mag': 5.1}, {'lat': -32.882, 'long': 179.362, 'Time': Timestamp('2008-03-28 06:39:47'), 'mag': 5.7}, {'lat': -17.88, 'long': 168.436, 'Time': Timestamp('2008-03-28 23:04:54'), 'mag': 5.0}, {'lat': -17.88, 'long': 168.436, 'Time': Timestamp('2008-03-28 23:04:54'), 'mag': 5.0}, {'lat': -17.88, 'long': 168.436, 'Time': Timestamp('2008-03-28 23:04:54'), 'mag': 5.0}]",7,19
349,2008-03-28 07:37:53.210,1,"[{'lat': -41.055, 'long': 42.525, 'Time': Timestamp('2008-03-29 15:12:03'), 'mag': 5.5}, {'lat': -41.055, 'long': 42.525, 'Time': Timestamp('2008-03-29 15:12:03'), 'mag': 5.5}]",2,19
350,2008-04-07 10:54:21.165,0,[],0,29
351,2008-04-02 14:13:24.081,1,"[{'lat': -28.64, 'long': -71.465, 'Time': Timestamp('2008-04-03 01:00:21'), 'mag': 5.1}, {'lat': -28.64, 'long': -71.465, 'Time': Timestamp('2008-04-03 01:00:21'), 'mag': 5.1}, {'lat': -28.64, 'long': -71.465, 'Time': Timestamp('2008-04-03 01:00:21'), 'mag': 5.1}]",3,24
352,2008-03-23 23:57:23.280,1,"[{'lat': 52.538, 'long': -168.73, 'Time': Timestamp('2008-03-25 00:57:47'), 'mag': 5.2}, {'lat': 52.371, 'long': -168.638, 'Time': Timestamp('2008-03-25 01:14:21'), 'mag': 5.0}, {'lat': 52.421, 'long': -168.626, 'Time': Timestamp('2008-03-25 01:26:25'), 'mag': 5.0}, {'lat': 52.538, 'long': -168.73, 'Time': Timestamp('2008-03-25 00:57:47'), 'mag': 5.2}, {'lat': 52.371, 'long': -168.638, 'Time': Timestamp('2008-03-25 01:14:21'), 'mag': 5.0}, {'lat': 52.421, 'long': -168.626, 'Time': Timestamp('2008-03-25 01:26:25'), 'mag': 5.0}, {'lat': -16.912, 'long': 167.031, 'Time': Timestamp('2008-03-24 07:02:34'), 'mag': 5.5}, {'lat': -16.912, 'long': 167.031, 'Time': Timestamp('2008-03-24 07:02:34'), 'mag': 5.5}]",8,14
353,2008-03-29 08:08:18.180,1,"[{'lat': -41.055, 'long': 42.525, 'Time': Timestamp('2008-03-29 15:12:03'), 'mag': 5.5}, {'lat': -41.055, 'long': 42.525, 'Time': Timestamp('2008-03-29 15:12:03'), 'mag': 5.5}]",2,19
354,2008-03-23 11:25:23.469,1,"[{'lat': 36.145, 'long': 21.856, 'Time': Timestamp('2008-03-23 20:11:11'), 'mag': 5.0}, {'lat': 36.145, 'long': 21.856, 'Time': Timestamp('2008-03-23 20:11:11'), 'mag': 5.0}, {'lat': 36.145, 'long': 21.856, 'Time': Timestamp('2008-03-23 20:11:11'), 'mag': 5.0}, {'lat': -1.148, 'long': -14.459, 'Time': Timestamp('2008-03-23 21:32:27'), 'mag': 5.0}, {'lat': -1.148, 'long': -14.459, 'Time': Timestamp('2008-03-23 21:32:27'), 'mag': 5.0}]",5,13
355,2008-03-22 14:43:52.050,0,[],0,12
356,2008-04-05 17:59:53.576,0,[],0,26
357,2008-03-17 21:12:53.484,1,"[{'lat': -29.252, 'long': -177.44, 'Time': Timestamp('2008-03-18 08:22:47'), 'mag': 6.2}, {'lat': -29.264, 'long': -177.07, 'Time': Timestamp('2008-03-18 13:52:08'), 'mag': 5.1}, {'lat': -28.843, 'long': -177.144, 'Time': Timestamp('2008-03-19 17:50:25'), 'mag': 5.0}, {'lat': -29.252, 'long': -177.44, 'Time': Timestamp('2008-03-18 08:22:47'), 'mag': 6.2}, {'lat': -29.264, 'long': -177.07, 'Time': Timestamp('2008-03-18 13:52:08'), 'mag': 5.1}, {'lat': -28.843, 'long': -177.144, 'Time': Timestamp('2008-03-19 17:50:25'), 'mag': 5.0}]",6,7
358,2008-03-24 00:27:53.771,1,"[{'lat': 52.538, 'long': -168.73, 'Time': Timestamp('2008-03-25 00:57:47'), 'mag': 5.2}, {'lat': 52.371, 'long': -168.638, 'Time': Timestamp('2008-03-25 01:14:21'), 'mag': 5.0}, {'lat': 52.421, 'long': -168.626, 'Time': Timestamp('2008-03-25 01:26:25'), 'mag': 5.0}, {'lat': 52.538, 'long': -168.73, 'Time': Timestamp('2008-03-25 00:57:47'), 'mag': 5.2}, {'lat': 52.371, 'long': -168.638, 'Time': Timestamp('2008-03-25 01:14:21'), 'mag': 5.0}, {'lat': 52.421, 'long': -168.626, 'Time': Timestamp('2008-03-25 01:26:25'), 'mag': 5.0}, {'lat': -16.912, 'long': 167.031, 'Time': Timestamp('2008-03-24 07:02:34'), 'mag': 5.5}, {'lat': -16.912, 'long': 167.031, 'Time': Timestamp('2008-03-24 07:02:34'), 'mag': 5.5}, {'lat': -16.912, 'long': 167.031, 'Time': Timestamp('2008-03-24 07:02:34'), 'mag': 5.5}]",9,13
359,2008-04-01 03:44:54.149,1,"[{'lat': 20.165, 'long': 122.102, 'Time': Timestamp('2008-04-01 12:53:57'), 'mag': 5.1}, {'lat': 20.274, 'long': 122.035, 'Time': Timestamp('2008-04-01 13:09:23'), 'mag': 5.4}, {'lat': 19.822, 'long': 121.325, 'Time': Timestamp('2008-04-02 23:47:08'), 'mag': 5.3}, {'lat': 19.772, 'long': 121.329, 'Time': Timestamp('2008-04-03 03:12:49'), 'mag': 5.3}, {'lat': 20.165, 'long': 122.102, 'Time': Timestamp('2008-04-01 12:53:57'), 'mag': 5.1}, {'lat': 20.274, 'long': 122.035, 'Time': Timestamp('2008-04-01 13:09:23'), 'mag': 5.4}, {'lat': 13.579, 'long': 125.478, 'Time': Timestamp('2008-04-01 23:09:02'), 'mag': 5.0}, {'lat': 19.822, 'long': 121.325, 'Time': Timestamp('2008-04-02 23:47:08'), 'mag': 5.3}, {'lat': 19.772, 'long': 121.329, 'Time': Timestamp('2008-04-03 03:12:49'), 'mag': 5.3}, {'lat': 20.165, 'long': 122.102, 'Time': Timestamp('2008-04-01 12:53:57'), 'mag': 5.1}, {'lat': 20.274, 'long': 122.035, 'Time': Timestamp('2008-04-01 13:09:23'), 'mag': 5.4}, {'lat': 13.579, 'long': 125.478, 'Time': Timestamp('2008-04-01 23:09:02'), 'mag': 5.0}, {'lat': 19.822, 'long': 121.325, 'Time': Timestamp('2008-04-02 23:47:08'), 'mag': 5.3}, {'lat': 19.772, 'long': 121.329, 'Time': Timestamp('2008-04-03 03:12:49'), 'mag': 5.3}, {'lat': 13.579, 'long': 125.478, 'Time': Timestamp('2008-04-01 23:09:02'), 'mag': 5.0}, {'lat': -7.046, 'long': 129.203, 'Time': Timestamp('2008-04-02 19:10:19'), 'mag': 5.7}, {'lat': -7.046, 'long': 129.203, 'Time': Timestamp('2008-04-02 19:10:19'), 'mag': 5.7}, {'lat': -4.346, 'long': 102.717, 'Time': Timestamp('2008-04-02 08:48:49'), 'mag': 5.7}, {'lat': -0.159, 'long': 99.191, 'Time': Timestamp('2008-04-02 19:09:06'), 'mag': 5.3}, {'lat': -4.346, 'long': 102.717, 'Time': Timestamp('2008-04-02 08:48:49'), 'mag': 5.7}, {'lat': -0.159, 'long': 99.191, 'Time': Timestamp('2008-04-02 19:09:06'), 'mag': 5.3}, {'lat': -4.346, 'long': 102.717, 'Time': Timestamp('2008-04-02 08:48:49'), 'mag': 5.7}, {'lat': -0.159, 'long': 99.191, 'Time': Timestamp('2008-04-02 19:09:06'), 'mag': 5.3}]",23,21
360,2008-03-29 07:00:53.432,1,"[{'lat': -41.055, 'long': 42.525, 'Time': Timestamp('2008-03-29 15:12:03'), 'mag': 5.5}, {'lat': -41.055, 'long': 42.525, 'Time': Timestamp('2008-03-29 15:12:03'), 'mag': 5.5}, {'lat': -41.055, 'long': 42.525, 'Time': Timestamp('2008-03-29 15:12:03'), 'mag': 5.5}]",3,18
361,2008-03-20 10:16:55.036,0,[],0,9
362,2008-03-30 13:35:53.896,0,[],0,19
363,2008-04-07 16:52:53.951,0,[],0,27
364,2008-03-24 20:07:18.100,1,"[{'lat': -56.712, 'long': -141.903, 'Time': Timestamp('2008-03-26 06:29:50'), 'mag': 5.5}, {'lat': -56.712, 'long': -141.903, 'Time': Timestamp('2008-03-26 06:29:50'), 'mag': 5.5}, {'lat': -56.712, 'long': -141.903, 'Time': Timestamp('2008-03-26 06:29:50'), 'mag': 5.5}]",3,13
365,2008-03-29 00:58:21.945,1,"[{'lat': -16.646, 'long': 167.598, 'Time': Timestamp('2008-03-30 18:21:44'), 'mag': 5.1}, {'lat': -16.646, 'long': 167.598, 'Time': Timestamp('2008-03-30 18:21:44'), 'mag': 5.1}, {'lat': -16.646, 'long': 167.598, 'Time': Timestamp('2008-03-30 18:21:44'), 'mag': 5.1}]",3,17
366,2008-04-01 07:31:26.483,1,"[{'lat': -4.879, 'long': 69.239, 'Time': Timestamp('2008-04-02 14:36:10'), 'mag': 5.7}, {'lat': -4.91, 'long': 69.189, 'Time': Timestamp('2008-04-03 06:19:04'), 'mag': 5.1}, {'lat': -4.879, 'long': 69.239, 'Time': Timestamp('2008-04-02 14:36:10'), 'mag': 5.7}, {'lat': -4.91, 'long': 69.189, 'Time': Timestamp('2008-04-03 06:19:04'), 'mag': 5.1}, {'lat': -38.942, 'long': 46.309, 'Time': Timestamp('2008-04-01 11:05:23'), 'mag': 5.4}, {'lat': -38.942, 'long': 46.309, 'Time': Timestamp('2008-04-01 11:05:23'), 'mag': 5.4}]",6,20
367,2008-03-27 10:47:49.241,1,"[{'lat': 34.758, 'long': 25.345, 'Time': Timestamp('2008-03-28 00:16:19'), 'mag': 5.6}, {'lat': 34.758, 'long': 25.345, 'Time': Timestamp('2008-03-28 00:16:19'), 'mag': 5.6}, {'lat': 34.758, 'long': 25.345, 'Time': Timestamp('2008-03-28 00:16:19'), 'mag': 5.6}]",3,15
368,2008-03-29 14:06:53.414,0,[],0,17
369,2008-03-24 23:51:23.573,1,"[{'lat': 52.538, 'long': -168.73, 'Time': Timestamp('2008-03-25 00:57:47'), 'mag': 5.2}, {'lat': 52.371, 'long': -168.638, 'Time': Timestamp('2008-03-25 01:14:21'), 'mag': 5.0}, {'lat': 52.421, 'long': -168.626, 'Time': Timestamp('2008-03-25 01:26:25'), 'mag': 5.0}, {'lat': 52.538, 'long': -168.73, 'Time': Timestamp('2008-03-25 00:57:47'), 'mag': 5.2}, {'lat': 52.371, 'long': -168.638, 'Time': Timestamp('2008-03-25 01:14:21'), 'mag': 5.0}, {'lat': 52.421, 'long': -168.626, 'Time': Timestamp('2008-03-25 01:26:25'), 'mag': 5.0}, {'lat': 52.538, 'long': -168.73, 'Time': Timestamp('2008-03-25 00:57:47'), 'mag': 5.2}, {'lat': 52.371, 'long': -168.638, 'Time': Timestamp('2008-03-25 01:14:21'), 'mag': 5.0}, {'lat': 52.421, 'long': -168.626, 'Time': Timestamp('2008-03-25 01:26:25'), 'mag': 5.0}]",9,12
370,2008-04-12 08:02:27.000,1,"[{'lat': -15.254, 'long': 67.058, 'Time': Timestamp('2008-04-12 08:49:54'), 'mag': 5.1}, {'lat': -14.506, 'long': 67.075, 'Time': Timestamp('2008-04-12 08:50:17'), 'mag': 5.5}]",2,30
371,2008-04-05 11:19:23.761,0,[],0,23
372,2008-04-04 14:37:49.685,0,[],0,22
373,2008-03-21 17:53:53.868,1,"[{'lat': -8.699, 'long': -109.517, 'Time': Timestamp('2008-03-21 20:36:14'), 'mag': 5.2}, {'lat': -8.699, 'long': -109.517, 'Time': Timestamp('2008-03-21 20:36:14'), 'mag': 5.2}, {'lat': -8.699, 'long': -109.517, 'Time': Timestamp('2008-03-21 20:36:14'), 'mag': 5.2}]",3,8
374,2008-03-21 21:06:53.776,0,[],0,8
375,2008-04-02 00:21:50.068,1,"[{'lat': -6.928, 'long': 155.757, 'Time': Timestamp('2008-04-02 00:25:54'), 'mag': 5.2}, {'lat': -5.951, 'long': 149.872, 'Time': Timestamp('2008-04-03 09:22:35'), 'mag': 5.1}, {'lat': -6.928, 'long': 155.757, 'Time': Timestamp('2008-04-02 00:25:54'), 'mag': 5.2}, {'lat': -5.951, 'long': 149.872, 'Time': Timestamp('2008-04-03 09:22:35'), 'mag': 5.1}, {'lat': -6.928, 'long': 155.757, 'Time': Timestamp('2008-04-02 00:25:54'), 'mag': 5.2}, {'lat': -5.951, 'long': 149.872, 'Time': Timestamp('2008-04-03 09:22:35'), 'mag': 5.1}]",6,19
376,2008-04-12 08:31:21.969,0,[],0,29
377,2008-03-21 11:50:23.162,0,[],0,7
378,2008-03-31 15:08:50.862,0,[],0,17
379,2008-04-04 18:24:23.269,0,[],0,21
380,2008-04-10 02:29:52.152,1,"[{'lat': 43.879, 'long': 147.501, 'Time': Timestamp('2008-04-12 00:46:28'), 'mag': 5.7}, {'lat': 43.879, 'long': 147.501, 'Time': Timestamp('2008-04-12 00:46:28'), 'mag': 5.7}, {'lat': 43.879, 'long': 147.501, 'Time': Timestamp('2008-04-12 00:46:28'), 'mag': 5.7}, {'lat': 16.092, 'long': 145.308, 'Time': Timestamp('2008-04-11 01:08:42'), 'mag': 5.1}, {'lat': 15.985, 'long': 145.006, 'Time': Timestamp('2008-04-11 01:28:20'), 'mag': 5.0}, {'lat': 16.128, 'long': 145.09, 'Time': Timestamp('2008-04-11 01:41:47'), 'mag': 5.0}, {'lat': 16.258, 'long': 145.178, 'Time': Timestamp('2008-04-11 01:51:25'), 'mag': 5.2}, {'lat': 16.226, 'long': 145.107, 'Time': Timestamp('2008-04-11 02:01:53'), 'mag': 5.0}, {'lat': 16.185, 'long': 144.932, 'Time': Timestamp('2008-04-11 02:23:25'), 'mag': 5.3}, {'lat': 16.128, 'long': 144.853, 'Time': Timestamp('2008-04-11 02:44:51'), 'mag': 5.1}, {'lat': 16.099, 'long': 144.958, 'Time': Timestamp('2008-04-11 03:16:40'), 'mag': 5.5}, {'lat': 16.174, 'long': 144.885, 'Time': Timestamp('2008-04-11 05:02:53'), 'mag': 5.5}, {'lat': 16.205, 'long': 144.909, 'Time': Timestamp('2008-04-11 09:56:21'), 'mag': 5.4}, {'lat': 16.242, 'long': 145.208, 'Time': Timestamp('2008-04-11 19:20:56'), 'mag': 5.1}, {'lat': 16.092, 'long': 145.308, 'Time': Timestamp('2008-04-11 01:08:42'), 'mag': 5.1}, {'lat': 15.985, 'long': 145.006, 'Time': Timestamp('2008-04-11 01:28:20'), 'mag': 5.0}, {'lat': 16.128, 'long': 145.09, 'Time': Timestamp('2008-04-11 01:41:47'), 'mag': 5.0}, {'lat': 16.258, 'long': 145.178, 'Time': Timestamp('2008-04-11 01:51:25'), 'mag': 5.2}, {'lat': 16.226, 'long': 145.107, 'Time': Timestamp('2008-04-11 02:01:53'), 'mag': 5.0}, {'lat': 16.185, 'long': 144.932, 'Time': Timestamp('2008-04-11 02:23:25'), 'mag': 5.3}, {'lat': 16.128, 'long': 144.853, 'Time': Timestamp('2008-04-11 02:44:51'), 'mag': 5.1}, {'lat': 16.099, 'long': 144.958, 'Time': Timestamp('2008-04-11 03:16:40'), 'mag': 5.5}, {'lat': 16.174, 'long': 144.885, 'Time': Timestamp('2008-04-11 05:02:53'), 'mag': 5.5}, {'lat': 16.205, 'long': 144.909, 'Time': Timestamp('2008-04-11 09:56:21'), 'mag': 5.4}, {'lat': 16.242, 'long': 145.208, 'Time': Timestamp('2008-04-11 19:20:56'), 'mag': 5.1}, {'lat': 16.092, 'long': 145.308, 'Time': Timestamp('2008-04-11 01:08:42'), 'mag': 5.1}, {'lat': 15.985, 'long': 145.006, 'Time': Timestamp('2008-04-11 01:28:20'), 'mag': 5.0}, {'lat': 16.128, 'long': 145.09, 'Time': Timestamp('2008-04-11 01:41:47'), 'mag': 5.0}, {'lat': 16.258, 'long': 145.178, 'Time': Timestamp('2008-04-11 01:51:25'), 'mag': 5.2}, {'lat': 16.226, 'long': 145.107, 'Time': Timestamp('2008-04-11 02:01:53'), 'mag': 5.0}, {'lat': 16.185, 'long': 144.932, 'Time': Timestamp('2008-04-11 02:23:25'), 'mag': 5.3}, {'lat': 16.128, 'long': 144.853, 'Time': Timestamp('2008-04-11 02:44:51'), 'mag': 5.1}, {'lat': 16.099, 'long': 144.958, 'Time': Timestamp('2008-04-11 03:16:40'), 'mag': 5.5}, {'lat': 16.174, 'long': 144.885, 'Time': Timestamp('2008-04-11 05:02:53'), 'mag': 5.5}, {'lat': 16.205, 'long': 144.909, 'Time': Timestamp('2008-04-11 09:56:21'), 'mag': 5.4}, {'lat': 16.242, 'long': 145.208, 'Time': Timestamp('2008-04-11 19:20:56'), 'mag': 5.1}, {'lat': -6.427, 'long': 129.992, 'Time': Timestamp('2008-04-10 21:47:52'), 'mag': 5.0}, {'lat': -6.427, 'long': 129.992, 'Time': Timestamp('2008-04-10 21:47:52'), 'mag': 5.0}]",38,26
381,2008-03-25 07:25:26.775,1,"[{'lat': 35.696, 'long': 81.715, 'Time': Timestamp('2008-03-26 10:39:27'), 'mag': 5.2}, {'lat': 35.696, 'long': 81.715, 'Time': Timestamp('2008-03-26 10:39:27'), 'mag': 5.2}, {'lat': 35.696, 'long': 81.715, 'Time': Timestamp('2008-03-26 10:39:27'), 'mag': 5.2}]",3,10
382,2008-04-03 10:41:49.306,0,[],0,19
383,2008-03-31 14:00:51.783,0,[],0,16
384,2008-04-09 17:17:23.644,0,[],0,25
385,2008-03-25 20:31:51.889,1,"[{'lat': -56.712, 'long': -141.903, 'Time': Timestamp('2008-03-26 06:29:50'), 'mag': 5.5}, {'lat': -56.712, 'long': -141.903, 'Time': Timestamp('2008-03-26 06:29:50'), 'mag': 5.5}, {'lat': -56.712, 'long': -141.903, 'Time': Timestamp('2008-03-26 06:29:50'), 'mag': 5.5}]",3,10
386,2008-04-13 06:17:52.496,0,[],0,28
387,2008-04-15 09:33:22.336,0,[],0,30
388,2008-04-13 12:52:53.965,1,"[{'lat': -56.022, 'long': -28.035, 'Time': Timestamp('2008-04-14 09:45:19'), 'mag': 6.0}, {'lat': -55.793, 'long': -29.976, 'Time': Timestamp('2008-04-15 06:44:17'), 'mag': 5.4}, {'lat': -56.022, 'long': -28.035, 'Time': Timestamp('2008-04-14 09:45:19'), 'mag': 6.0}, {'lat': -55.793, 'long': -29.976, 'Time': Timestamp('2008-04-15 06:44:17'), 'mag': 5.4}, {'lat': 13.387, 'long': -44.872, 'Time': Timestamp('2008-04-13 23:29:52'), 'mag': 5.1}, {'lat': 13.387, 'long': -44.872, 'Time': Timestamp('2008-04-13 23:29:52'), 'mag': 5.1}]",6,28
389,2008-03-30 21:00:52.953,0,[],0,14
390,2008-03-25 00:15:53.151,1,"[{'lat': 52.538, 'long': -168.73, 'Time': Timestamp('2008-03-25 00:57:47'), 'mag': 5.2}, {'lat': 52.371, 'long': -168.638, 'Time': Timestamp('2008-03-25 01:14:21'), 'mag': 5.0}, {'lat': 52.421, 'long': -168.626, 'Time': Timestamp('2008-03-25 01:26:25'), 'mag': 5.0}, {'lat': 52.538, 'long': -168.73, 'Time': Timestamp('2008-03-25 00:57:47'), 'mag': 5.2}, {'lat': 52.371, 'long': -168.638, 'Time': Timestamp('2008-03-25 01:14:21'), 'mag': 5.0}, {'lat': 52.421, 'long': -168.626, 'Time': Timestamp('2008-03-25 01:26:25'), 'mag': 5.0}, {'lat': 46.428, 'long': 152.979, 'Time': Timestamp('2008-03-26 18:33:34'), 'mag': 5.6}, {'lat': 46.428, 'long': 152.979, 'Time': Timestamp('2008-03-26 18:33:34'), 'mag': 5.6}, {'lat': 13.594, 'long': 144.879, 'Time': Timestamp('2008-03-26 20:06:05'), 'mag': 5.6}, {'lat': 13.594, 'long': 144.879, 'Time': Timestamp('2008-03-26 20:06:05'), 'mag': 5.6}]",10,8
391,2008-04-12 08:25:23.586,0,[],0,26
392,2008-04-05 11:44:23.340,0,[],0,19
393,2008-03-24 15:02:55.135,1,"[{'lat': -20.043, 'long': -68.963, 'Time': Timestamp('2008-03-24 20:39:07'), 'mag': 6.2}, {'lat': -20.043, 'long': -68.963, 'Time': Timestamp('2008-03-24 20:39:07'), 'mag': 6.2}]",2,7
394,2008-04-16 18:18:23.446,1,"[{'lat': 38.4515, 'long': -87.8861667, 'Time': Timestamp('2008-04-18 09:36:59'), 'mag': 5.2}, {'lat': 38.4515, 'long': -87.8861667, 'Time': Timestamp('2008-04-18 09:36:59'), 'mag': 5.2}, {'lat': 38.4515, 'long': -87.8861667, 'Time': Timestamp('2008-04-18 09:36:59'), 'mag': 5.2}, {'lat': 15.459, 'long': -93.501, 'Time': Timestamp('2008-04-17 01:53:00'), 'mag': 5.2}, {'lat': 15.459, 'long': -93.501, 'Time': Timestamp('2008-04-17 01:53:00'), 'mag': 5.2}, {'lat': 15.459, 'long': -93.501, 'Time': Timestamp('2008-04-17 01:53:00'), 'mag': 5.2}]",6,30
395,2008-03-22 21:31:25.788,0,[],0,5
396,2008-03-27 00:46:18.318,1,"[{'lat': -17.88, 'long': 168.436, 'Time': Timestamp('2008-03-28 23:04:54'), 'mag': 5.0}, {'lat': -17.88, 'long': 168.436, 'Time': Timestamp('2008-03-28 23:04:54'), 'mag': 5.0}, {'lat': -17.88, 'long': 168.436, 'Time': Timestamp('2008-03-28 23:04:54'), 'mag': 5.0}, {'lat': -3.92, 'long': 141.897, 'Time': Timestamp('2008-03-27 19:25:41'), 'mag': 5.3}, {'lat': -3.92, 'long': 141.897, 'Time': Timestamp('2008-03-27 19:25:41'), 'mag': 5.3}, {'lat': -3.92, 'long': 141.897, 'Time': Timestamp('2008-03-27 19:25:41'), 'mag': 5.3}]",6,9
397,2008-04-10 07:19:26.952,0,[],0,23
398,2008-03-27 15:33:25.647,1,"[{'lat': -43.078, 'long': -74.102, 'Time': Timestamp('2008-03-29 01:34:35'), 'mag': 5.1}, {'lat': -43.078, 'long': -74.102, 'Time': Timestamp('2008-03-29 01:34:35'), 'mag': 5.1}, {'lat': 6.685, 'long': -72.916, 'Time': Timestamp('2008-03-28 16:35:56'), 'mag': 5.0}, {'lat': 6.685, 'long': -72.916, 'Time': Timestamp('2008-03-28 16:35:56'), 'mag': 5.0}, {'lat': 6.685, 'long': -72.916, 'Time': Timestamp('2008-03-28 16:35:56'), 'mag': 5.0}, {'lat': -12.178, 'long': -77.164, 'Time': Timestamp('2008-03-29 12:51:24'), 'mag': 5.3}, {'lat': -12.178, 'long': -77.164, 'Time': Timestamp('2008-03-29 12:51:24'), 'mag': 5.3}]",7,9
399,2008-04-11 18:48:49.729,1,"[{'lat': 43.648, 'long': -127.621, 'Time': Timestamp('2008-04-12 12:05:14'), 'mag': 5.5}]",1,24
400,2008-03-30 22:01:23.532,1,"[{'lat': -35.82, 'long': 179.23, 'Time': Timestamp('2008-04-01 02:00:35'), 'mag': 5.3}, {'lat': -35.82, 'long': 179.23, 'Time': Timestamp('2008-04-01 02:00:35'), 'mag': 5.3}, {'lat': -35.82, 'long': 179.23, 'Time': Timestamp('2008-04-01 02:00:35'), 'mag': 5.3}]",3,12
401,2008-04-08 01:16:48.284,1,"[{'lat': -14.721, 'long': 167.285, 'Time': Timestamp('2008-04-08 15:41:12'), 'mag': 5.1}, {'lat': -14.721, 'long': 167.285, 'Time': Timestamp('2008-04-08 15:41:12'), 'mag': 5.1}, {'lat': 12.59, 'long': 143.788, 'Time': Timestamp('2008-04-08 02:09:16'), 'mag': 5.5}, {'lat': 12.584, 'long': 143.933, 'Time': Timestamp('2008-04-08 04:03:24'), 'mag': 5.1}, {'lat': 12.176, 'long': 143.74, 'Time': Timestamp('2008-04-09 14:26:44'), 'mag': 5.0}, {'lat': 12.59, 'long': 143.788, 'Time': Timestamp('2008-04-08 02:09:16'), 'mag': 5.5}, {'lat': 12.584, 'long': 143.933, 'Time': Timestamp('2008-04-08 04:03:24'), 'mag': 5.1}, {'lat': 12.176, 'long': 143.74, 'Time': Timestamp('2008-04-09 14:26:44'), 'mag': 5.0}, {'lat': 12.176, 'long': 143.74, 'Time': Timestamp('2008-04-09 14:26:44'), 'mag': 5.0}]",9,20
402,2008-04-02 06:11:56.333,1,"[{'lat': 2.901, 'long': 95.432, 'Time': Timestamp('2008-04-04 00:27:38'), 'mag': 5.2}, {'lat': 2.633, 'long': 96.117, 'Time': Timestamp('2008-04-04 05:43:19'), 'mag': 5.0}, {'lat': 2.901, 'long': 95.432, 'Time': Timestamp('2008-04-04 00:27:38'), 'mag': 5.2}, {'lat': 2.633, 'long': 96.117, 'Time': Timestamp('2008-04-04 05:43:19'), 'mag': 5.0}, {'lat': -4.879, 'long': 69.239, 'Time': Timestamp('2008-04-02 14:36:10'), 'mag': 5.7}, {'lat': -4.91, 'long': 69.189, 'Time': Timestamp('2008-04-03 06:19:04'), 'mag': 5.1}, {'lat': -4.879, 'long': 69.239, 'Time': Timestamp('2008-04-02 14:36:10'), 'mag': 5.7}, {'lat': -4.91, 'long': 69.189, 'Time': Timestamp('2008-04-03 06:19:04'), 'mag': 5.1}]",8,14
403,2008-04-08 09:27:21.514,0,[],0,20
404,2008-04-12 12:46:23.257,1,"[{'lat': -56.022, 'long': -28.035, 'Time': Timestamp('2008-04-14 09:45:19'), 'mag': 6.0}, {'lat': -56.022, 'long': -28.035, 'Time': Timestamp('2008-04-14 09:45:19'), 'mag': 6.0}, {'lat': 13.387, 'long': -44.872, 'Time': Timestamp('2008-04-13 23:29:52'), 'mag': 5.1}]",3,24
405,2008-04-16 00:09:53.634,1,"[{'lat': 51.878, 'long': -179.165, 'Time': Timestamp('2008-04-16 05:54:19'), 'mag': 6.6}, {'lat': -19.147, 'long': 167.722, 'Time': Timestamp('2008-04-17 10:20:26'), 'mag': 5.0}, {'lat': -13.401, 'long': 167.095, 'Time': Timestamp('2008-04-17 22:52:18'), 'mag': 5.3}, {'lat': -19.147, 'long': 167.722, 'Time': Timestamp('2008-04-17 10:20:26'), 'mag': 5.0}, {'lat': -13.401, 'long': 167.095, 'Time': Timestamp('2008-04-17 22:52:18'), 'mag': 5.3}, {'lat': -19.147, 'long': 167.722, 'Time': Timestamp('2008-04-17 10:20:26'), 'mag': 5.0}, {'lat': -55.407, 'long': 158.719, 'Time': Timestamp('2008-04-17 19:09:00'), 'mag': 5.1}, {'lat': -55.407, 'long': 158.719, 'Time': Timestamp('2008-04-17 19:09:00'), 'mag': 5.1}, {'lat': 15.885, 'long': 144.878, 'Time': Timestamp('2008-04-17 17:02:52'), 'mag': 5.5}]",9,27
406,2008-04-03 06:42:25.850,0,[],0,14
407,2008-04-04 09:58:22.031,0,[],0,15
408,2008-04-11 13:17:23.659,0,[],0,22
409,2008-04-04 16:34:53.713,0,[],0,15
410,2008-03-27 19:49:21.958,0,[],0,7
411,2008-04-11 23:03:23.818,1,"[{'lat': 67.9109, 'long': -167.3108, 'Time': Timestamp('2008-04-13 13:41:31'), 'mag': 5.2}, {'lat': -19.759, 'long': 169.596, 'Time': Timestamp('2008-04-12 14:43:34'), 'mag': 5.3}, {'lat': -20.028, 'long': 168.872, 'Time': Timestamp('2008-04-12 18:21:53'), 'mag': 5.1}, {'lat': -19.759, 'long': 169.596, 'Time': Timestamp('2008-04-12 14:43:34'), 'mag': 5.3}, {'lat': -20.028, 'long': 168.872, 'Time': Timestamp('2008-04-12 18:21:53'), 'mag': 5.1}, {'lat': -19.759, 'long': 169.596, 'Time': Timestamp('2008-04-12 14:43:34'), 'mag': 5.3}, {'lat': -20.028, 'long': 168.872, 'Time': Timestamp('2008-04-12 18:21:53'), 'mag': 5.1}, {'lat': -55.664, 'long': 158.453, 'Time': Timestamp('2008-04-12 00:30:12'), 'mag': 7.1}, {'lat': -55.493, 'long': 158.515, 'Time': Timestamp('2008-04-12 07:03:51'), 'mag': 5.1}, {'lat': -55.317, 'long': 158.64, 'Time': Timestamp('2008-04-12 11:56:05'), 'mag': 5.1}, {'lat': -55.664, 'long': 158.453, 'Time': Timestamp('2008-04-12 00:30:12'), 'mag': 7.1}, {'lat': -55.493, 'long': 158.515, 'Time': Timestamp('2008-04-12 07:03:51'), 'mag': 5.1}, {'lat': -55.317, 'long': 158.64, 'Time': Timestamp('2008-04-12 11:56:05'), 'mag': 5.1}]",13,22
412,2008-03-29 08:49:50.965,1,"[{'lat': -41.055, 'long': 42.525, 'Time': Timestamp('2008-03-29 15:12:03'), 'mag': 5.5}, {'lat': -41.055, 'long': 42.525, 'Time': Timestamp('2008-03-29 15:12:03'), 'mag': 5.5}, {'lat': -41.055, 'long': 42.525, 'Time': Timestamp('2008-03-29 15:12:03'), 'mag': 5.5}]",3,8
413,2008-04-03 12:09:24.034,0,[],0,13
414,2008-03-27 15:27:20.844,1,"[{'lat': -43.078, 'long': -74.102, 'Time': Timestamp('2008-03-29 01:34:35'), 'mag': 5.1}, {'lat': 6.685, 'long': -72.916, 'Time': Timestamp('2008-03-28 16:35:56'), 'mag': 5.0}, {'lat': 6.685, 'long': -72.916, 'Time': Timestamp('2008-03-28 16:35:56'), 'mag': 5.0}, {'lat': 6.685, 'long': -72.916, 'Time': Timestamp('2008-03-28 16:35:56'), 'mag': 5.0}, {'lat': -12.178, 'long': -77.164, 'Time': Timestamp('2008-03-29 12:51:24'), 'mag': 5.3}, {'lat': -12.178, 'long': -77.164, 'Time': Timestamp('2008-03-29 12:51:24'), 'mag': 5.3}, {'lat': -43.078, 'long': -74.102, 'Time': Timestamp('2008-03-29 01:34:35'), 'mag': 5.1}]",7,6
415,2008-04-02 18:42:49.022,1,"[{'lat': 14.071, 'long': -91.086, 'Time': Timestamp('2008-04-04 12:11:55'), 'mag': 5.0}, {'lat': 14.071, 'long': -91.086, 'Time': Timestamp('2008-04-04 12:11:55'), 'mag': 5.0}, {'lat': 14.071, 'long': -91.086, 'Time': Timestamp('2008-04-04 12:11:55'), 'mag': 5.0}]",3,12
416,2008-04-19 21:55:24.264,1,"[{'lat': -31.583, 'long': -177.854, 'Time': Timestamp('2008-04-21 18:08:10'), 'mag': 5.1}]",1,29
417,2008-04-16 01:10:50.780,1,"[{'lat': -13.401, 'long': 167.095, 'Time': Timestamp('2008-04-17 22:52:18'), 'mag': 5.3}, {'lat': -19.147, 'long': 167.722, 'Time': Timestamp('2008-04-17 10:20:26'), 'mag': 5.0}, {'lat': -13.401, 'long': 167.095, 'Time': Timestamp('2008-04-17 22:52:18'), 'mag': 5.3}, {'lat': -19.147, 'long': 167.722, 'Time': Timestamp('2008-04-17 10:20:26'), 'mag': 5.0}, {'lat': -13.401, 'long': 167.095, 'Time': Timestamp('2008-04-17 22:52:18'), 'mag': 5.3}, {'lat': -55.407, 'long': 158.719, 'Time': Timestamp('2008-04-17 19:09:00'), 'mag': 5.1}, {'lat': 39.028, 'long': 140.005, 'Time': Timestamp('2008-04-16 19:19:36'), 'mag': 5.8}, {'lat': 39.028, 'long': 140.005, 'Time': Timestamp('2008-04-16 19:19:36'), 'mag': 5.8}, {'lat': 39.028, 'long': 140.005, 'Time': Timestamp('2008-04-16 19:19:36'), 'mag': 5.8}, {'lat': 15.885, 'long': 144.878, 'Time': Timestamp('2008-04-17 17:02:52'), 'mag': 5.5}, {'lat': 15.885, 'long': 144.878, 'Time': Timestamp('2008-04-17 17:02:52'), 'mag': 5.5}, {'lat': 15.885, 'long': 144.878, 'Time': Timestamp('2008-04-17 17:02:52'), 'mag': 5.5}, {'lat': 0.829, 'long': 126.081, 'Time': Timestamp('2008-04-16 08:11:32'), 'mag': 5.7}]",13,25
418,2008-04-19 07:43:52.550,0,[],0,28
419,2008-03-29 11:00:20.506,0,[],0,7
420,2008-04-05 14:19:17.558,0,[],0,14
421,2008-03-29 17:35:53.515,0,[],0,7
422,2008-03-31 20:46:53.199,1,"[{'lat': 44.364, 'long': -129.351, 'Time': Timestamp('2008-04-02 05:55:41'), 'mag': 5.2}, {'lat': 44.364, 'long': -129.351, 'Time': Timestamp('2008-04-02 05:55:41'), 'mag': 5.2}]",2,9
423,2008-04-08 00:03:53.620,1,"[{'lat': -20.005, 'long': 168.706, 'Time': Timestamp('2008-04-08 14:31:44'), 'mag': 5.0}, {'lat': -14.721, 'long': 167.285, 'Time': Timestamp('2008-04-08 15:41:12'), 'mag': 5.1}, {'lat': -20.175, 'long': 168.861, 'Time': Timestamp('2008-04-09 11:13:17'), 'mag': 6.4}, {'lat': -20.185, 'long': 168.905, 'Time': Timestamp('2008-04-09 11:23:40'), 'mag': 6.3}, {'lat': -20.222, 'long': 168.916, 'Time': Timestamp('2008-04-09 12:12:27'), 'mag': 5.0}, {'lat': -20.071, 'long': 168.892, 'Time': Timestamp('2008-04-09 12:46:12'), 'mag': 7.3}, {'lat': -20.179, 'long': 168.847, 'Time': Timestamp('2008-04-09 13:03:06'), 'mag': 5.2}, {'lat': -20.157, 'long': 168.851, 'Time': Timestamp('2008-04-09 14:11:43'), 'mag': 5.4}, {'lat': -20.078, 'long': 168.791, 'Time': Timestamp('2008-04-09 14:21:19'), 'mag': 5.4}, {'lat': -19.997, 'long': 168.874, 'Time': Timestamp('2008-04-09 14:47:50'), 'mag': 6.3}, {'lat': -20.018, 'long': 168.573, 'Time': Timestamp('2008-04-09 15:31:17'), 'mag': 5.0}, {'lat': -20.362, 'long': 168.962, 'Time': Timestamp('2008-04-09 16:02:11'), 'mag': 5.1}, {'lat': -20.005, 'long': 168.706, 'Time': Timestamp('2008-04-08 14:31:44'), 'mag': 5.0}, {'lat': -14.721, 'long': 167.285, 'Time': Timestamp('2008-04-08 15:41:12'), 'mag': 5.1}, {'lat': -20.175, 'long': 168.861, 'Time': Timestamp('2008-04-09 11:13:17'), 'mag': 6.4}, {'lat': -20.185, 'long': 168.905, 'Time': Timestamp('2008-04-09 11:23:40'), 'mag': 6.3}, {'lat': -20.222, 'long': 168.916, 'Time': Timestamp('2008-04-09 12:12:27'), 'mag': 5.0}, {'lat': -20.071, 'long': 168.892, 'Time': Timestamp('2008-04-09 12:46:12'), 'mag': 7.3}, {'lat': -20.179, 'long': 168.847, 'Time': Timestamp('2008-04-09 13:03:06'), 'mag': 5.2}, {'lat': -20.157, 'long': 168.851, 'Time': Timestamp('2008-04-09 14:11:43'), 'mag': 5.4}, {'lat': -20.078, 'long': 168.791, 'Time': Timestamp('2008-04-09 14:21:19'), 'mag': 5.4}, {'lat': -19.997, 'long': 168.874, 'Time': Timestamp('2008-04-09 14:47:50'), 'mag': 6.3}, {'lat': -20.018, 'long': 168.573, 'Time': Timestamp('2008-04-09 15:31:17'), 'mag': 5.0}, {'lat': -20.362, 'long': 168.962, 'Time': Timestamp('2008-04-09 16:02:11'), 'mag': 5.1}, {'lat': -20.005, 'long': 168.706, 'Time': Timestamp('2008-04-08 14:31:44'), 'mag': 5.0}, {'lat': -20.175, 'long': 168.861, 'Time': Timestamp('2008-04-09 11:13:17'), 'mag': 6.4}, {'lat': -20.185, 'long': 168.905, 'Time': Timestamp('2008-04-09 11:23:40'), 'mag': 6.3}, {'lat': -20.222, 'long': 168.916, 'Time': Timestamp('2008-04-09 12:12:27'), 'mag': 5.0}, {'lat': -20.071, 'long': 168.892, 'Time': Timestamp('2008-04-09 12:46:12'), 'mag': 7.3}, {'lat': -20.179, 'long': 168.847, 'Time': Timestamp('2008-04-09 13:03:06'), 'mag': 5.2}, {'lat': -20.157, 'long': 168.851, 'Time': Timestamp('2008-04-09 14:11:43'), 'mag': 5.4}, {'lat': -20.078, 'long': 168.791, 'Time': Timestamp('2008-04-09 14:21:19'), 'mag': 5.4}, {'lat': -19.997, 'long': 168.874, 'Time': Timestamp('2008-04-09 14:47:50'), 'mag': 6.3}, {'lat': -20.018, 'long': 168.573, 'Time': Timestamp('2008-04-09 15:31:17'), 'mag': 5.0}, {'lat': -20.362, 'long': 168.962, 'Time': Timestamp('2008-04-09 16:02:11'), 'mag': 5.1}]",35,16
424,2008-04-04 11:31:53.808,0,[],0,12
425,2008-04-07 14:50:21.173,0,[],0,15
426,2008-04-15 18:06:23.916,1,"[{'lat': 15.459, 'long': -93.501, 'Time': Timestamp('2008-04-17 01:53:00'), 'mag': 5.2}, {'lat': 15.459, 'long': -93.501, 'Time': Timestamp('2008-04-17 01:53:00'), 'mag': 5.2}, {'lat': 15.459, 'long': -93.501, 'Time': Timestamp('2008-04-17 01:53:00'), 'mag': 5.2}]",3,23
427,2008-04-06 21:19:26.257,1,"[{'lat': -26.287, 'long': -177.444, 'Time': Timestamp('2008-04-08 01:51:34'), 'mag': 5.3}, {'lat': -20.714, 'long': -178.851, 'Time': Timestamp('2008-04-08 09:17:27'), 'mag': 5.1}, {'lat': -26.287, 'long': -177.444, 'Time': Timestamp('2008-04-08 01:51:34'), 'mag': 5.3}, {'lat': -20.714, 'long': -178.851, 'Time': Timestamp('2008-04-08 09:17:27'), 'mag': 5.1}, {'lat': -26.287, 'long': -177.444, 'Time': Timestamp('2008-04-08 01:51:34'), 'mag': 5.3}]",5,14
428,2008-04-21 00:34:18.788,1,"[{'lat': -20.352, 'long': 168.789, 'Time': Timestamp('2008-04-22 15:32:22'), 'mag': 5.1}, {'lat': -13.648, 'long': 166.821, 'Time': Timestamp('2008-04-23 00:11:15'), 'mag': 5.1}, {'lat': -20.352, 'long': 168.789, 'Time': Timestamp('2008-04-22 15:32:22'), 'mag': 5.1}, {'lat': -13.648, 'long': 166.821, 'Time': Timestamp('2008-04-23 00:11:15'), 'mag': 5.1}, {'lat': -20.352, 'long': 168.789, 'Time': Timestamp('2008-04-22 15:32:22'), 'mag': 5.1}]",5,28
429,2008-04-19 05:28:55.513,0,[],0,26
430,2008-04-20 08:43:50.142,0,[],0,27
431,2008-04-02 12:02:53.210,0,[],0,9
432,2008-04-07 20:13:51.536,0,[],0,14
433,2008-04-09 23:27:23.397,1,"[{'lat': -20.334, 'long': 168.937, 'Time': Timestamp('2008-04-10 01:10:02'), 'mag': 5.8}, {'lat': -19.934, 'long': 168.496, 'Time': Timestamp('2008-04-10 01:17:34'), 'mag': 5.5}, {'lat': -20.319, 'long': 168.866, 'Time': Timestamp('2008-04-10 04:29:35'), 'mag': 5.5}, {'lat': -20.299, 'long': 168.854, 'Time': Timestamp('2008-04-10 13:25:29'), 'mag': 5.0}, {'lat': -20.483, 'long': 168.798, 'Time': Timestamp('2008-04-11 04:17:50'), 'mag': 5.2}, {'lat': -20.235, 'long': 168.89, 'Time': Timestamp('2008-04-11 15:54:16'), 'mag': 5.4}, {'lat': -20.416, 'long': 168.803, 'Time': Timestamp('2008-04-11 16:35:57'), 'mag': 5.9}, {'lat': -20.392, 'long': 168.839, 'Time': Timestamp('2008-04-11 17:45:01'), 'mag': 6.1}, {'lat': -20.389, 'long': 168.73, 'Time': Timestamp('2008-04-11 17:56:56'), 'mag': 5.0}, {'lat': -20.334, 'long': 168.937, 'Time': Timestamp('2008-04-10 01:10:02'), 'mag': 5.8}, {'lat': -19.934, 'long': 168.496, 'Time': Timestamp('2008-04-10 01:17:34'), 'mag': 5.5}, {'lat': -20.319, 'long': 168.866, 'Time': Timestamp('2008-04-10 04:29:35'), 'mag': 5.5}, {'lat': -20.299, 'long': 168.854, 'Time': Timestamp('2008-04-10 13:25:29'), 'mag': 5.0}, {'lat': -20.483, 'long': 168.798, 'Time': Timestamp('2008-04-11 04:17:50'), 'mag': 5.2}, {'lat': -20.235, 'long': 168.89, 'Time': Timestamp('2008-04-11 15:54:16'), 'mag': 5.4}, {'lat': -20.416, 'long': 168.803, 'Time': Timestamp('2008-04-11 16:35:57'), 'mag': 5.9}, {'lat': -20.392, 'long': 168.839, 'Time': Timestamp('2008-04-11 17:45:01'), 'mag': 6.1}, {'lat': -20.389, 'long': 168.73, 'Time': Timestamp('2008-04-11 17:56:56'), 'mag': 5.0}]",18,16
434,2008-04-23 07:37:52.727,0,[],0,29
435,2008-04-16 10:54:20.682,1,"[{'lat': -16.386, 'long': -13.859, 'Time': Timestamp('2008-04-16 20:28:46'), 'mag': 5.0}, {'lat': -17.25, 'long': -12.75, 'Time': Timestamp('2008-04-16 20:28:48'), 'mag': 5.0}, {'lat': -16.386, 'long': -13.859, 'Time': Timestamp('2008-04-16 20:28:46'), 'mag': 5.0}, {'lat': -17.25, 'long': -12.75, 'Time': Timestamp('2008-04-16 20:28:48'), 'mag': 5.0}, {'lat': -16.386, 'long': -13.859, 'Time': Timestamp('2008-04-16 20:28:46'), 'mag': 5.0}, {'lat': -17.25, 'long': -12.75, 'Time': Timestamp('2008-04-16 20:28:48'), 'mag': 5.0}]",6,22
436,2008-04-21 14:13:18.292,1,"[{'lat': -25.76, 'long': -45.469, 'Time': Timestamp('2008-04-23 00:00:47'), 'mag': 5.2}, {'lat': -25.76, 'long': -45.469, 'Time': Timestamp('2008-04-23 00:00:47'), 'mag': 5.2}, {'lat': -25.76, 'long': -45.469, 'Time': Timestamp('2008-04-23 00:00:47'), 'mag': 5.2}]",3,27
437,2008-04-20 17:29:53.692,1,"[{'lat': -56.104, 'long': -126.891, 'Time': Timestamp('2008-04-21 19:41:20'), 'mag': 5.1}, {'lat': -56.104, 'long': -126.891, 'Time': Timestamp('2008-04-21 19:41:20'), 'mag': 5.1}]",2,26
438,2008-04-16 20:40:46.623,0,[],0,22
439,2008-04-16 23:57:53.797,1,"[{'lat': -19.147, 'long': 167.722, 'Time': Timestamp('2008-04-17 10:20:26'), 'mag': 5.0}, {'lat': -13.401, 'long': 167.095, 'Time': Timestamp('2008-04-17 22:52:18'), 'mag': 5.3}, {'lat': -19.147, 'long': 167.722, 'Time': Timestamp('2008-04-17 10:20:26'), 'mag': 5.0}, {'lat': -13.401, 'long': 167.095, 'Time': Timestamp('2008-04-17 22:52:18'), 'mag': 5.3}, {'lat': -19.147, 'long': 167.722, 'Time': Timestamp('2008-04-17 10:20:26'), 'mag': 5.0}, {'lat': -55.407, 'long': 158.719, 'Time': Timestamp('2008-04-17 19:09:00'), 'mag': 5.1}, {'lat': -55.407, 'long': 158.719, 'Time': Timestamp('2008-04-17 19:09:00'), 'mag': 5.1}]",7,22
440,2008-04-08 08:08:51.466,1,"[{'lat': 39.345, 'long': 74.96, 'Time': Timestamp('2008-04-10 07:17:19'), 'mag': 5.0}, {'lat': 39.345, 'long': 74.96, 'Time': Timestamp('2008-04-10 07:17:19'), 'mag': 5.0}]",2,13
441,2008-04-01 13:05:23.128,0,[],0,6
442,2008-04-17 16:22:53.182,1,"[{'lat': 38.4515, 'long': -87.8861667, 'Time': Timestamp('2008-04-18 09:36:59'), 'mag': 5.2}, {'lat': 38.4515, 'long': -87.8861667, 'Time': Timestamp('2008-04-18 09:36:59'), 'mag': 5.2}]",2,22
443,2008-04-21 19:37:21.773,1,"[{'lat': -56.104, 'long': -126.891, 'Time': Timestamp('2008-04-21 19:41:20'), 'mag': 5.1}, {'lat': -56.104, 'long': -126.891, 'Time': Timestamp('2008-04-21 19:41:20'), 'mag': 5.1}, {'lat': -56.104, 'long': -126.891, 'Time': Timestamp('2008-04-21 19:41:20'), 'mag': 5.1}]",3,26
444,2008-04-06 00:28:22.076,1,"[{'lat': 51.934, 'long': -170.544, 'Time': Timestamp('2008-04-06 11:14:23'), 'mag': 5.1}, {'lat': 51.934, 'long': -170.544, 'Time': Timestamp('2008-04-06 11:14:23'), 'mag': 5.1}, {'lat': -20.081, 'long': 168.575, 'Time': Timestamp('2008-04-06 18:48:15'), 'mag': 5.1}, {'lat': -19.965, 'long': 168.452, 'Time': Timestamp('2008-04-07 22:54:36'), 'mag': 5.8}, {'lat': -20.081, 'long': 168.575, 'Time': Timestamp('2008-04-06 18:48:15'), 'mag': 5.1}, {'lat': -19.965, 'long': 168.452, 'Time': Timestamp('2008-04-07 22:54:36'), 'mag': 5.8}, {'lat': -20.081, 'long': 168.575, 'Time': Timestamp('2008-04-06 18:48:15'), 'mag': 5.1}, {'lat': -19.965, 'long': 168.452, 'Time': Timestamp('2008-04-07 22:54:36'), 'mag': 5.8}]",8,10
445,2008-04-13 05:22:52.915,0,[],0,17
446,2008-04-04 08:37:51.763,0,[],0,8
447,2008-04-21 11:56:53.502,0,[],0,25
448,2008-04-15 15:15:19.873,1,"[{'lat': -19.937, 'long': -70.797, 'Time': Timestamp('2008-04-17 07:57:18'), 'mag': 5.1}, {'lat': -19.937, 'long': -70.797, 'Time': Timestamp('2008-04-17 07:57:18'), 'mag': 5.1}]",2,19
449,2008-04-10 18:30:52.259,0,[],0,14
450,2008-04-03 23:21:23.689,1,"[{'lat': -15.281, 'long': -172.836, 'Time': Timestamp('2008-04-04 04:03:01'), 'mag': 5.5}, {'lat': -15.281, 'long': -172.836, 'Time': Timestamp('2008-04-04 04:03:01'), 'mag': 5.5}]",2,7
451,2008-04-07 12:27:53.904,0,[],0,10
452,2008-04-11 15:45:53.154,0,[],0,14
453,2008-04-25 19:00:54.011,1,"[{'lat': -24.14, 'long': -111.508, 'Time': Timestamp('2008-04-26 17:24:28'), 'mag': 5.1}, {'lat': -24.373, 'long': -112.025, 'Time': Timestamp('2008-04-26 17:43:20'), 'mag': 5.1}, {'lat': -24.14, 'long': -111.508, 'Time': Timestamp('2008-04-26 17:24:28'), 'mag': 5.1}, {'lat': -24.373, 'long': -112.025, 'Time': Timestamp('2008-04-26 17:43:20'), 'mag': 5.1}, {'lat': -24.14, 'long': -111.508, 'Time': Timestamp('2008-04-26 17:24:28'), 'mag': 5.1}, {'lat': -24.373, 'long': -112.025, 'Time': Timestamp('2008-04-26 17:43:20'), 'mag': 5.1}, {'lat': 39.5231, 'long': -119.9393, 'Time': Timestamp('2008-04-26 06:40:10'), 'mag': 5.1}, {'lat': 39.5231, 'long': -119.9393, 'Time': Timestamp('2008-04-26 06:40:10'), 'mag': 5.1}, {'lat': 39.5231, 'long': -119.9393, 'Time': Timestamp('2008-04-26 06:40:10'), 'mag': 5.1}]",9,28
454,2008-04-20 22:14:52.256,1,"[{'lat': -20.352, 'long': 168.789, 'Time': Timestamp('2008-04-22 15:32:22'), 'mag': 5.1}, {'lat': -20.352, 'long': 168.789, 'Time': Timestamp('2008-04-22 15:32:22'), 'mag': 5.1}, {'lat': -20.352, 'long': 168.789, 'Time': Timestamp('2008-04-22 15:32:22'), 'mag': 5.1}]",3,23
455,2008-04-24 01:28:51.432,1,"[{'lat': 35.62, 'long': 140.46, 'Time': Timestamp('2008-04-25 09:52:47'), 'mag': 5.1}, {'lat': 35.62, 'long': 140.46, 'Time': Timestamp('2008-04-25 09:52:47'), 'mag': 5.1}, {'lat': 35.62, 'long': 140.46, 'Time': Timestamp('2008-04-25 09:52:47'), 'mag': 5.1}]",3,26
456,2008-04-08 06:24:24.280,0,[],0,10
457,2008-04-20 09:39:50.349,0,[],0,22
458,2008-04-06 12:58:53.305,0,[],0,8
459,2008-04-21 16:16:23.359,0,[],0,23
460,2008-04-23 19:31:23.412,0,[],0,25
461,2008-04-24 22:45:23.465,1,"[{'lat': -16.059, 'long': -175.031, 'Time': Timestamp('2008-04-25 18:22:58'), 'mag': 5.4}, {'lat': -15.957, 'long': -174.053, 'Time': Timestamp('2008-04-26 22:31:24'), 'mag': 5.0}, {'lat': -16.059, 'long': -175.031, 'Time': Timestamp('2008-04-25 18:22:58'), 'mag': 5.4}, {'lat': -15.957, 'long': -174.053, 'Time': Timestamp('2008-04-26 22:31:24'), 'mag': 5.0}, {'lat': -26.706, 'long': -177.836, 'Time': Timestamp('2008-04-26 15:28:14'), 'mag': 5.1}]",5,26
462,2008-04-20 11:50:23.679,1,"[{'lat': -55.44, 'long': -28.025, 'Time': Timestamp('2008-04-21 03:47:24'), 'mag': 5.0}, {'lat': -55.44, 'long': -28.025, 'Time': Timestamp('2008-04-21 03:47:24'), 'mag': 5.0}]",2,21
463,2008-04-27 15:08:52.706,1,"[{'lat': -42.707, 'long': -82.761, 'Time': Timestamp('2008-04-27 18:29:47'), 'mag': 5.0}, {'lat': -42.707, 'long': -82.761, 'Time': Timestamp('2008-04-27 18:29:47'), 'mag': 5.0}, {'lat': -42.707, 'long': -82.761, 'Time': Timestamp('2008-04-27 18:29:47'), 'mag': 5.0}]",3,28
464,2008-04-28 21:38:22.925,1,"[{'lat': 40.8358333, 'long': -123.4968333, 'Time': Timestamp('2008-04-30 03:03:06'), 'mag': 5.4}]",1,29
465,2008-04-09 00:52:22.754,1,"[{'lat': -20.175, 'long': 168.861, 'Time': Timestamp('2008-04-09 11:13:17'), 'mag': 6.4}, {'lat': -20.185, 'long': 168.905, 'Time': Timestamp('2008-04-09 11:23:40'), 'mag': 6.3}, {'lat': -20.222, 'long': 168.916, 'Time': Timestamp('2008-04-09 12:12:27'), 'mag': 5.0}, {'lat': -20.071, 'long': 168.892, 'Time': Timestamp('2008-04-09 12:46:12'), 'mag': 7.3}, {'lat': -20.179, 'long': 168.847, 'Time': Timestamp('2008-04-09 13:03:06'), 'mag': 5.2}, {'lat': -20.157, 'long': 168.851, 'Time': Timestamp('2008-04-09 14:11:43'), 'mag': 5.4}, {'lat': -20.078, 'long': 168.791, 'Time': Timestamp('2008-04-09 14:21:19'), 'mag': 5.4}, {'lat': -19.997, 'long': 168.874, 'Time': Timestamp('2008-04-09 14:47:50'), 'mag': 6.3}, {'lat': -20.018, 'long': 168.573, 'Time': Timestamp('2008-04-09 15:31:17'), 'mag': 5.0}, {'lat': -20.362, 'long': 168.962, 'Time': Timestamp('2008-04-09 16:02:11'), 'mag': 5.1}, {'lat': -20.334, 'long': 168.937, 'Time': Timestamp('2008-04-10 01:10:02'), 'mag': 5.8}, {'lat': -19.934, 'long': 168.496, 'Time': Timestamp('2008-04-10 01:17:34'), 'mag': 5.5}, {'lat': -20.319, 'long': 168.866, 'Time': Timestamp('2008-04-10 04:29:35'), 'mag': 5.5}, {'lat': -20.299, 'long': 168.854, 'Time': Timestamp('2008-04-10 13:25:29'), 'mag': 5.0}, {'lat': -20.175, 'long': 168.861, 'Time': Timestamp('2008-04-09 11:13:17'), 'mag': 6.4}, {'lat': -20.185, 'long': 168.905, 'Time': Timestamp('2008-04-09 11:23:40'), 'mag': 6.3}, {'lat': -20.222, 'long': 168.916, 'Time': Timestamp('2008-04-09 12:12:27'), 'mag': 5.0}, {'lat': -20.071, 'long': 168.892, 'Time': Timestamp('2008-04-09 12:46:12'), 'mag': 7.3}, {'lat': -20.179, 'long': 168.847, 'Time': Timestamp('2008-04-09 13:03:06'), 'mag': 5.2}, {'lat': -20.157, 'long': 168.851, 'Time': Timestamp('2008-04-09 14:11:43'), 'mag': 5.4}, {'lat': -20.078, 'long': 168.791, 'Time': Timestamp('2008-04-09 14:21:19'), 'mag': 5.4}, {'lat': -19.997, 'long': 168.874, 'Time': Timestamp('2008-04-09 14:47:50'), 'mag': 6.3}, {'lat': -20.018, 'long': 168.573, 'Time': Timestamp('2008-04-09 15:31:17'), 'mag': 5.0}, {'lat': -20.362, 'long': 168.962, 'Time': Timestamp('2008-04-09 16:02:11'), 'mag': 5.1}, {'lat': -20.334, 'long': 168.937, 'Time': Timestamp('2008-04-10 01:10:02'), 'mag': 5.8}, {'lat': -19.934, 'long': 168.496, 'Time': Timestamp('2008-04-10 01:17:34'), 'mag': 5.5}, {'lat': -20.319, 'long': 168.866, 'Time': Timestamp('2008-04-10 04:29:35'), 'mag': 5.5}, {'lat': -20.299, 'long': 168.854, 'Time': Timestamp('2008-04-10 13:25:29'), 'mag': 5.0}, {'lat': 12.176, 'long': 143.74, 'Time': Timestamp('2008-04-09 14:26:44'), 'mag': 5.0}, {'lat': 12.176, 'long': 143.74, 'Time': Timestamp('2008-04-09 14:26:44'), 'mag': 5.0}, {'lat': 12.176, 'long': 143.74, 'Time': Timestamp('2008-04-09 14:26:44'), 'mag': 5.0}, {'lat': -6.427, 'long': 129.992, 'Time': Timestamp('2008-04-10 21:47:52'), 'mag': 5.0}, {'lat': -6.427, 'long': 129.992, 'Time': Timestamp('2008-04-10 21:47:52'), 'mag': 5.0}]",33,9
466,2008-04-11 05:47:26.383,1,"[{'lat': -33.501, 'long': 77.674, 'Time': Timestamp('2008-04-12 10:05:39'), 'mag': 5.1}, {'lat': -33.501, 'long': 77.674, 'Time': Timestamp('2008-04-12 10:05:39'), 'mag': 5.1}, {'lat': -15.254, 'long': 67.058, 'Time': Timestamp('2008-04-12 08:49:54'), 'mag': 5.1}, {'lat': -14.506, 'long': 67.075, 'Time': Timestamp('2008-04-12 08:50:17'), 'mag': 5.5}, {'lat': -15.254, 'long': 67.058, 'Time': Timestamp('2008-04-12 08:49:54'), 'mag': 5.1}, {'lat': -14.506, 'long': 67.075, 'Time': Timestamp('2008-04-12 08:50:17'), 'mag': 5.5}, {'lat': -15.254, 'long': 67.058, 'Time': Timestamp('2008-04-12 08:49:54'), 'mag': 5.1}, {'lat': -14.506, 'long': 67.075, 'Time': Timestamp('2008-04-12 08:50:17'), 'mag': 5.5}]",8,11
467,2008-04-23 09:02:22.340,1,"[{'lat': 37.819, 'long': 29.256, 'Time': Timestamp('2008-04-25 04:48:54'), 'mag': 5.0}, {'lat': 37.819, 'long': 29.256, 'Time': Timestamp('2008-04-25 04:48:54'), 'mag': 5.0}]",2,23
468,2008-04-29 14:01:23.107,0,[],0,29
469,2008-04-05 17:17:53.161,0,[],0,5
470,2008-04-29 20:31:53.293,1,"[{'lat': 40.8358333, 'long': -123.4968333, 'Time': Timestamp('2008-04-30 03:03:06'), 'mag': 5.4}, {'lat': 40.8358333, 'long': -123.4968333, 'Time': Timestamp('2008-04-30 03:03:06'), 'mag': 5.4}, {'lat': 40.8358333, 'long': -123.4968333, 'Time': Timestamp('2008-04-30 03:03:06'), 'mag': 5.4}]",3,29
471,2008-04-20 23:45:53.267,1,"[{'lat': -20.352, 'long': 168.789, 'Time': Timestamp('2008-04-22 15:32:22'), 'mag': 5.1}, {'lat': -20.352, 'long': 168.789, 'Time': Timestamp('2008-04-22 15:32:22'), 'mag': 5.1}]",2,20
472,2008-04-28 07:56:20.823,1,"[{'lat': 11.683, 'long': 42.986, 'Time': Timestamp('2008-04-29 00:06:59'), 'mag': 5.0}, {'lat': 11.715, 'long': 42.808, 'Time': Timestamp('2008-04-29 01:07:31'), 'mag': 5.0}, {'lat': 11.683, 'long': 42.986, 'Time': Timestamp('2008-04-29 00:06:59'), 'mag': 5.0}, {'lat': 11.715, 'long': 42.808, 'Time': Timestamp('2008-04-29 01:07:31'), 'mag': 5.0}, {'lat': 11.683, 'long': 42.986, 'Time': Timestamp('2008-04-29 00:06:59'), 'mag': 5.0}, {'lat': 11.715, 'long': 42.808, 'Time': Timestamp('2008-04-29 01:07:31'), 'mag': 5.0}]",6,27
473,2008-04-15 11:13:23.320,1,"[{'lat': -16.386, 'long': -13.859, 'Time': Timestamp('2008-04-16 20:28:46'), 'mag': 5.0}, {'lat': -17.25, 'long': -12.75, 'Time': Timestamp('2008-04-16 20:28:48'), 'mag': 5.0}, {'lat': -16.386, 'long': -13.859, 'Time': Timestamp('2008-04-16 20:28:46'), 'mag': 5.0}, {'lat': -17.25, 'long': -12.75, 'Time': Timestamp('2008-04-16 20:28:48'), 'mag': 5.0}, {'lat': -17.25, 'long': -12.75, 'Time': Timestamp('2008-04-16 20:28:48'), 'mag': 5.0}]",5,14
474,2008-04-18 14:31:50.596,0,[],0,17
475,2008-04-11 17:48:23.563,0,[],0,10
476,2008-04-21 21:02:20.925,0,[],0,20
477,2008-04-23 00:16:23.668,1,"[{'lat': -20.059, 'long': 168.72, 'Time': Timestamp('2008-04-24 01:19:15'), 'mag': 5.7}, {'lat': -20.0, 'long': 169.013, 'Time': Timestamp('2008-04-24 14:38:34'), 'mag': 5.1}, {'lat': -20.059, 'long': 168.72, 'Time': Timestamp('2008-04-24 01:19:15'), 'mag': 5.7}, {'lat': -20.0, 'long': 169.013, 'Time': Timestamp('2008-04-24 14:38:34'), 'mag': 5.1}]",4,21
478,2008-04-13 03:32:55.463,1,"[{'lat': 22.819, 'long': 121.47, 'Time': Timestamp('2008-04-14 15:39:43'), 'mag': 5.0}, {'lat': 22.819, 'long': 121.47, 'Time': Timestamp('2008-04-14 15:39:43'), 'mag': 5.0}, {'lat': -7.043, 'long': 129.185, 'Time': Timestamp('2008-04-14 03:15:38'), 'mag': 5.2}, {'lat': -7.043, 'long': 129.185, 'Time': Timestamp('2008-04-14 03:15:38'), 'mag': 5.2}, {'lat': -7.043, 'long': 129.185, 'Time': Timestamp('2008-04-14 03:15:38'), 'mag': 5.2}]",5,11
479,2008-04-07 06:48:54.746,0,[],0,5
480,2008-04-10 10:04:51.044,0,[],0,8
481,2008-04-19 13:23:54.000,1,"[{'lat': -55.44, 'long': -28.025, 'Time': Timestamp('2008-04-21 03:47:24'), 'mag': 5.0}, {'lat': -55.44, 'long': -28.025, 'Time': Timestamp('2008-04-21 03:47:24'), 'mag': 5.0}]",2,17
482,2008-05-04 11:06:50.846,0,[],0,30
483,2008-04-20 14:25:43.915,0,[],0,16
484,2008-04-29 17:42:23.856,0,[],0,25
485,2008-04-09 20:56:23.909,1,"[{'lat': 43.988, 'long': -128.589, 'Time': Timestamp('2008-04-10 08:04:30'), 'mag': 5.3}, {'lat': 43.988, 'long': -128.589, 'Time': Timestamp('2008-04-10 08:04:30'), 'mag': 5.3}]",2,5
486,2008-04-21 00:10:23.962,1,"[{'lat': -20.352, 'long': 168.789, 'Time': Timestamp('2008-04-22 15:32:22'), 'mag': 5.1}, {'lat': -20.352, 'long': 168.789, 'Time': Timestamp('2008-04-22 15:32:22'), 'mag': 5.1}]",2,16
487,2008-04-23 08:21:23.398,1,"[{'lat': 37.819, 'long': 29.256, 'Time': Timestamp('2008-04-25 04:48:54'), 'mag': 5.0}, {'lat': 37.819, 'long': 29.256, 'Time': Timestamp('2008-04-25 04:48:54'), 'mag': 5.0}]",2,18
488,2008-04-27 11:38:23.149,1,"[{'lat': -35.464, 'long': -16.597, 'Time': Timestamp('2008-04-27 14:35:29'), 'mag': 5.6}, {'lat': -35.464, 'long': -16.597, 'Time': Timestamp('2008-04-27 14:35:29'), 'mag': 5.6}, {'lat': -58.754, 'long': -24.773, 'Time': Timestamp('2008-04-28 14:33:17'), 'mag': 5.2}, {'lat': -58.689, 'long': -24.777, 'Time': Timestamp('2008-04-28 15:31:17'), 'mag': 5.2}, {'lat': -58.739, 'long': -24.714, 'Time': Timestamp('2008-04-28 15:57:55'), 'mag': 6.1}]",5,22
489,2008-04-22 14:56:48.081,1,"[{'lat': -25.76, 'long': -45.469, 'Time': Timestamp('2008-04-23 00:00:47'), 'mag': 5.2}, {'lat': -25.76, 'long': -45.469, 'Time': Timestamp('2008-04-23 00:00:47'), 'mag': 5.2}, {'lat': -25.76, 'long': -45.469, 'Time': Timestamp('2008-04-23 00:00:47'), 'mag': 5.2}]",3,17
490,2008-04-19 18:12:23.257,0,[],0,14
491,2008-04-30 21:26:23.310,0,[],0,25
492,2008-05-02 00:40:15.361,1,"[{'lat': 51.864, 'long': -177.528, 'Time': Timestamp('2008-05-02 01:33:37'), 'mag': 6.6}, {'lat': 51.864, 'long': -177.528, 'Time': Timestamp('2008-05-02 01:33:37'), 'mag': 6.6}, {'lat': -16.645, 'long': 174.58, 'Time': Timestamp('2008-05-02 20:48:09'), 'mag': 5.3}, {'lat': -16.645, 'long': 174.58, 'Time': Timestamp('2008-05-02 20:48:09'), 'mag': 5.3}, {'lat': -6.64, 'long': 155.091, 'Time': Timestamp('2008-05-03 19:01:46'), 'mag': 5.8}, {'lat': -16.645, 'long': 174.58, 'Time': Timestamp('2008-05-02 20:48:09'), 'mag': 5.3}, {'lat': -3.271, 'long': 147.907, 'Time': Timestamp('2008-05-03 03:25:47'), 'mag': 5.0}, {'lat': -6.64, 'long': 155.091, 'Time': Timestamp('2008-05-03 19:01:46'), 'mag': 5.8}, {'lat': -3.271, 'long': 147.907, 'Time': Timestamp('2008-05-03 03:25:47'), 'mag': 5.0}, {'lat': -3.271, 'long': 147.907, 'Time': Timestamp('2008-05-03 03:25:47'), 'mag': 5.0}]",10,26
493,2008-04-20 07:13:26.763,0,[],0,14
494,2008-04-30 10:29:53.390,0,[],0,24
495,2008-04-16 13:48:53.578,0,[],0,10
496,2008-04-28 23:33:53.737,0,[],0,22
497,2008-04-20 07:44:23.068,0,[],0,13
498,2008-04-24 11:00:51.023,1,"[{'lat': 37.819, 'long': 29.256, 'Time': Timestamp('2008-04-25 04:48:54'), 'mag': 5.0}, {'lat': 37.819, 'long': 29.256, 'Time': Timestamp('2008-04-25 04:48:54'), 'mag': 5.0}, {'lat': 37.819, 'long': 29.256, 'Time': Timestamp('2008-04-25 04:48:54'), 'mag': 5.0}]",3,17
499,2008-05-01 14:19:46.748,1,"[{'lat': -42.766, 'long': -72.266, 'Time': Timestamp('2008-05-02 05:51:24'), 'mag': 5.2}, {'lat': -42.784, 'long': -72.246, 'Time': Timestamp('2008-05-03 02:36:12'), 'mag': 5.0}, {'lat': -42.766, 'long': -72.266, 'Time': Timestamp('2008-05-02 05:51:24'), 'mag': 5.2}, {'lat': -42.784, 'long': -72.246, 'Time': Timestamp('2008-05-03 02:36:12'), 'mag': 5.0}, {'lat': -42.766, 'long': -72.266, 'Time': Timestamp('2008-05-02 05:51:24'), 'mag': 5.2}, {'lat': -42.784, 'long': -72.246, 'Time': Timestamp('2008-05-03 02:36:12'), 'mag': 5.0}]",6,24
500,2008-04-30 17:36:24.033,0,[],0,23
501,2008-04-22 20:50:23.086,0,[],0,15
502,2008-05-08 00:03:53.138,1,"[{'lat': -24.743, 'long': 179.777, 'Time': Timestamp('2008-05-09 16:08:17'), 'mag': 5.0}, {'lat': -24.743, 'long': 179.777, 'Time': Timestamp('2008-05-09 16:08:17'), 'mag': 5.0}, {'lat': -24.743, 'long': 179.777, 'Time': Timestamp('2008-05-09 16:08:17'), 'mag': 5.0}]",3,30
503,2008-04-21 08:15:19.478,0,[],0,13
504,2008-05-08 11:32:23.327,0,[],0,30
505,2008-04-22 14:50:49.363,1,"[{'lat': -25.76, 'long': -45.469, 'Time': Timestamp('2008-04-23 00:00:47'), 'mag': 5.2}, {'lat': -25.76, 'long': -45.469, 'Time': Timestamp('2008-04-23 00:00:47'), 'mag': 5.2}, {'lat': -25.76, 'long': -45.469, 'Time': Timestamp('2008-04-23 00:00:47'), 'mag': 5.2}]",3,14
506,2008-05-05 18:06:23.434,0,[],0,27
507,2008-04-28 08:44:20.661,1,"[{'lat': 11.683, 'long': 42.986, 'Time': Timestamp('2008-04-29 00:06:59'), 'mag': 5.0}, {'lat': 11.715, 'long': 42.808, 'Time': Timestamp('2008-04-29 01:07:31'), 'mag': 5.0}, {'lat': 11.683, 'long': 42.986, 'Time': Timestamp('2008-04-29 00:06:59'), 'mag': 5.0}, {'lat': 11.715, 'long': 42.808, 'Time': Timestamp('2008-04-29 01:07:31'), 'mag': 5.0}, {'lat': 11.683, 'long': 42.986, 'Time': Timestamp('2008-04-29 00:06:59'), 'mag': 5.0}, {'lat': 11.715, 'long': 42.808, 'Time': Timestamp('2008-04-29 01:07:31'), 'mag': 5.0}, {'lat': -54.362, 'long': 5.784, 'Time': Timestamp('2008-04-29 09:00:13'), 'mag': 5.0}]",7,19
508,2008-04-15 12:03:23.848,1,"[{'lat': -17.25, 'long': -12.75, 'Time': Timestamp('2008-04-16 20:28:48'), 'mag': 5.0}, {'lat': -16.386, 'long': -13.859, 'Time': Timestamp('2008-04-16 20:28:46'), 'mag': 5.0}, {'lat': -17.25, 'long': -12.75, 'Time': Timestamp('2008-04-16 20:28:48'), 'mag': 5.0}, {'lat': -16.386, 'long': -13.859, 'Time': Timestamp('2008-04-16 20:28:46'), 'mag': 5.0}, {'lat': -17.25, 'long': -12.75, 'Time': Timestamp('2008-04-16 20:28:48'), 'mag': 5.0}]",5,6
509,2008-05-09 15:21:24.316,0,[],0,30
510,2008-05-03 21:49:54.320,1,"[{'lat': 43.155, 'long': -126.369, 'Time': Timestamp('2008-05-04 02:51:12'), 'mag': 5.1}, {'lat': 43.155, 'long': -126.369, 'Time': Timestamp('2008-05-04 02:51:12'), 'mag': 5.1}]",2,24
511,2008-04-21 01:04:48.827,1,"[{'lat': -13.648, 'long': 166.821, 'Time': Timestamp('2008-04-23 00:11:15'), 'mag': 5.1}, {'lat': -20.352, 'long': 168.789, 'Time': Timestamp('2008-04-22 15:32:22'), 'mag': 5.1}, {'lat': -13.648, 'long': 166.821, 'Time': Timestamp('2008-04-23 00:11:15'), 'mag': 5.1}, {'lat': -20.352, 'long': 168.789, 'Time': Timestamp('2008-04-22 15:32:22'), 'mag': 5.1}, {'lat': -13.648, 'long': 166.821, 'Time': Timestamp('2008-04-23 00:11:15'), 'mag': 5.1}, {'lat': -7.074, 'long': 129.736, 'Time': Timestamp('2008-04-21 05:33:33'), 'mag': 5.3}, {'lat': -7.074, 'long': 129.736, 'Time': Timestamp('2008-04-21 05:33:33'), 'mag': 5.3}, {'lat': -7.074, 'long': 129.736, 'Time': Timestamp('2008-04-21 05:33:33'), 'mag': 5.3}]",8,11
512,2008-04-24 05:59:54.113,1,"[{'lat': 32.625, 'long': 85.227, 'Time': Timestamp('2008-04-25 12:03:51'), 'mag': 5.0}, {'lat': -41.6, 'long': 84.986, 'Time': Timestamp('2008-04-24 21:06:38'), 'mag': 5.0}, {'lat': -41.6, 'long': 84.986, 'Time': Timestamp('2008-04-24 21:06:38'), 'mag': 5.0}]",3,14
513,2008-04-23 09:15:20.182,1,"[{'lat': 37.819, 'long': 29.256, 'Time': Timestamp('2008-04-25 04:48:54'), 'mag': 5.0}, {'lat': 37.819, 'long': 29.256, 'Time': Timestamp('2008-04-25 04:48:54'), 'mag': 5.0}, {'lat': 37.819, 'long': 29.256, 'Time': Timestamp('2008-04-25 04:48:54'), 'mag': 5.0}]",3,13
514,2008-04-17 12:34:23.249,0,[],0,7
515,2008-04-30 15:52:19.956,1,"[{'lat': -42.766, 'long': -72.266, 'Time': Timestamp('2008-05-02 05:51:24'), 'mag': 5.2}, {'lat': -42.766, 'long': -72.266, 'Time': Timestamp('2008-05-02 05:51:24'), 'mag': 5.2}, {'lat': -42.766, 'long': -72.266, 'Time': Timestamp('2008-05-02 05:51:24'), 'mag': 5.2}]",3,20
516,2008-04-16 19:07:23.357,1,"[{'lat': 38.4515, 'long': -87.8861667, 'Time': Timestamp('2008-04-18 09:36:59'), 'mag': 5.2}, {'lat': 38.4515, 'long': -87.8861667, 'Time': Timestamp('2008-04-18 09:36:59'), 'mag': 5.2}, {'lat': 15.459, 'long': -93.501, 'Time': Timestamp('2008-04-17 01:53:00'), 'mag': 5.2}, {'lat': 15.459, 'long': -93.501, 'Time': Timestamp('2008-04-17 01:53:00'), 'mag': 5.2}]",4,6
517,2008-05-02 22:21:23.409,0,[],0,22
518,2008-04-25 01:35:21.778,1,"[{'lat': 35.62, 'long': 140.46, 'Time': Timestamp('2008-04-25 09:52:47'), 'mag': 5.1}, {'lat': 35.62, 'long': 140.46, 'Time': Timestamp('2008-04-25 09:52:47'), 'mag': 5.1}, {'lat': 35.62, 'long': 140.46, 'Time': Timestamp('2008-04-25 09:52:47'), 'mag': 5.1}]",3,14
519,2008-05-02 06:30:54.514,0,[],0,21
520,2008-04-27 09:46:20.695,1,"[{'lat': 11.683, 'long': 42.986, 'Time': Timestamp('2008-04-29 00:06:59'), 'mag': 5.0}, {'lat': 11.715, 'long': 42.808, 'Time': Timestamp('2008-04-29 01:07:31'), 'mag': 5.0}, {'lat': 11.683, 'long': 42.986, 'Time': Timestamp('2008-04-29 00:06:59'), 'mag': 5.0}, {'lat': 11.715, 'long': 42.808, 'Time': Timestamp('2008-04-29 01:07:31'), 'mag': 5.0}, {'lat': 11.683, 'long': 42.986, 'Time': Timestamp('2008-04-29 00:06:59'), 'mag': 5.0}, {'lat': 11.715, 'long': 42.808, 'Time': Timestamp('2008-04-29 01:07:31'), 'mag': 5.0}, {'lat': -54.362, 'long': 5.784, 'Time': Timestamp('2008-04-29 09:00:13'), 'mag': 5.0}]",7,16
521,2008-04-21 13:05:23.650,1,"[{'lat': -25.76, 'long': -45.469, 'Time': Timestamp('2008-04-23 00:00:47'), 'mag': 5.2}, {'lat': -25.76, 'long': -45.469, 'Time': Timestamp('2008-04-23 00:00:47'), 'mag': 5.2}, {'lat': -25.76, 'long': -45.469, 'Time': Timestamp('2008-04-23 00:00:47'), 'mag': 5.2}]",3,10
522,2008-04-16 16:22:53.704,1,"[{'lat': -19.937, 'long': -70.797, 'Time': Timestamp('2008-04-17 07:57:18'), 'mag': 5.1}, {'lat': -19.937, 'long': -70.797, 'Time': Timestamp('2008-04-17 07:57:18'), 'mag': 5.1}, {'lat': 38.4515, 'long': -87.8861667, 'Time': Timestamp('2008-04-18 09:36:59'), 'mag': 5.2}, {'lat': 38.4515, 'long': -87.8861667, 'Time': Timestamp('2008-04-18 09:36:59'), 'mag': 5.2}, {'lat': 38.4515, 'long': -87.8861667, 'Time': Timestamp('2008-04-18 09:36:59'), 'mag': 5.2}, {'lat': 15.459, 'long': -93.501, 'Time': Timestamp('2008-04-17 01:53:00'), 'mag': 5.2}, {'lat': 15.459, 'long': -93.501, 'Time': Timestamp('2008-04-17 01:53:00'), 'mag': 5.2}, {'lat': 15.459, 'long': -93.501, 'Time': Timestamp('2008-04-17 01:53:00'), 'mag': 5.2}]",8,5
523,2008-04-28 19:37:53.758,1,"[{'lat': 18.65, 'long': -101.083, 'Time': Timestamp('2008-04-29 10:56:44'), 'mag': 5.3}, {'lat': 18.65, 'long': -101.083, 'Time': Timestamp('2008-04-29 10:56:44'), 'mag': 5.3}, {'lat': 40.8358333, 'long': -123.4968333, 'Time': Timestamp('2008-04-30 03:03:06'), 'mag': 5.4}, {'lat': 40.8358333, 'long': -123.4968333, 'Time': Timestamp('2008-04-30 03:03:06'), 'mag': 5.4}, {'lat': 40.8358333, 'long': -123.4968333, 'Time': Timestamp('2008-04-30 03:03:06'), 'mag': 5.4}]",5,17
524,2008-04-28 22:51:23.811,0,[],0,17
525,2008-04-22 07:01:24.915,0,[],0,10
526,2008-05-04 10:17:25.192,0,[],0,22
527,2008-05-03 13:36:54.052,0,[],0,21
528,2008-04-25 16:53:53.106,1,"[{'lat': -24.14, 'long': -111.508, 'Time': Timestamp('2008-04-26 17:24:28'), 'mag': 5.1}, {'lat': -24.14, 'long': -111.508, 'Time': Timestamp('2008-04-26 17:24:28'), 'mag': 5.1}, {'lat': -24.373, 'long': -112.025, 'Time': Timestamp('2008-04-26 17:43:20'), 'mag': 5.1}, {'lat': -24.14, 'long': -111.508, 'Time': Timestamp('2008-04-26 17:24:28'), 'mag': 5.1}, {'lat': -24.373, 'long': -112.025, 'Time': Timestamp('2008-04-26 17:43:20'), 'mag': 5.1}]",5,13
529,2008-05-01 20:07:53.159,0,[],0,19
530,2008-05-10 23:21:53.211,1,"[{'lat': 56.4675, 'long': -153.0667, 'Time': Timestamp('2008-05-12 12:50:34'), 'mag': 5.2}, {'lat': 56.4675, 'long': -153.0667, 'Time': Timestamp('2008-05-12 12:50:34'), 'mag': 5.2}, {'lat': 56.4675, 'long': -153.0667, 'Time': Timestamp('2008-05-12 12:50:34'), 'mag': 5.2}, {'lat': -17.74, 'long': -173.283, 'Time': Timestamp('2008-05-11 05:49:22'), 'mag': 5.4}, {'lat': -17.74, 'long': -173.283, 'Time': Timestamp('2008-05-11 05:49:22'), 'mag': 5.4}, {'lat': -17.74, 'long': -173.283, 'Time': Timestamp('2008-05-11 05:49:22'), 'mag': 5.4}]",6,28
531,2008-04-18 07:32:22.542,1,"[{'lat': -52.864, 'long': 21.081, 'Time': Timestamp('2008-04-18 15:31:54'), 'mag': 5.4}, {'lat': -52.864, 'long': 21.081, 'Time': Timestamp('2008-04-18 15:31:54'), 'mag': 5.4}]",2,5
532,2008-05-04 10:48:52.049,0,[],0,21
533,2008-04-20 14:07:53.454,0,[],0,7
534,2008-05-01 23:52:23.613,1,"[{'lat': -16.645, 'long': 174.58, 'Time': Timestamp('2008-05-02 20:48:09'), 'mag': 5.3}, {'lat': -16.645, 'long': 174.58, 'Time': Timestamp('2008-05-02 20:48:09'), 'mag': 5.3}, {'lat': -3.271, 'long': 147.907, 'Time': Timestamp('2008-05-03 03:25:47'), 'mag': 5.0}, {'lat': -6.64, 'long': 155.091, 'Time': Timestamp('2008-05-03 19:01:46'), 'mag': 5.8}, {'lat': -3.271, 'long': 147.907, 'Time': Timestamp('2008-05-03 03:25:47'), 'mag': 5.0}, {'lat': -6.64, 'long': 155.091, 'Time': Timestamp('2008-05-03 19:01:46'), 'mag': 5.8}, {'lat': -6.64, 'long': 155.091, 'Time': Timestamp('2008-05-03 19:01:46'), 'mag': 5.8}]",7,18
535,2008-04-25 08:03:25.712,1,"[{'lat': 13.904, 'long': 51.658, 'Time': Timestamp('2008-04-26 12:38:59'), 'mag': 5.3}, {'lat': 13.904, 'long': 51.658, 'Time': Timestamp('2008-04-26 12:38:59'), 'mag': 5.3}, {'lat': 50.634, 'long': 51.834, 'Time': Timestamp('2008-04-26 13:14:52'), 'mag': 5.1}, {'lat': 50.634, 'long': 51.834, 'Time': Timestamp('2008-04-26 13:14:52'), 'mag': 5.1}, {'lat': 50.634, 'long': 51.834, 'Time': Timestamp('2008-04-26 13:14:52'), 'mag': 5.1}]",5,11
536,2008-05-03 11:19:53.801,0,[],0,19
537,2008-04-27 14:38:25.038,1,"[{'lat': -42.707, 'long': -82.761, 'Time': Timestamp('2008-04-27 18:29:47'), 'mag': 5.0}, {'lat': -42.707, 'long': -82.761, 'Time': Timestamp('2008-04-27 18:29:47'), 'mag': 5.0}, {'lat': -42.707, 'long': -82.761, 'Time': Timestamp('2008-04-27 18:29:47'), 'mag': 5.0}]",3,13
538,2008-05-04 17:54:53.908,0,[],0,20
539,2008-05-01 12:22:23.725,0,[],0,15
540,2008-05-14 15:40:22.976,0,[],0,28
541,2008-05-03 22:09:22.078,1,"[{'lat': -22.754, 'long': 173.431, 'Time': Timestamp('2008-05-05 02:50:36'), 'mag': 5.2}, {'lat': -22.754, 'long': 173.431, 'Time': Timestamp('2008-05-05 02:50:36'), 'mag': 5.2}]",2,17
542,2008-05-10 01:23:19.597,1,"[{'lat': -14.81, 'long': 167.331, 'Time': Timestamp('2008-05-10 16:15:45'), 'mag': 5.0}, {'lat': -51.46, 'long': 139.129, 'Time': Timestamp('2008-05-10 06:17:32'), 'mag': 5.1}, {'lat': -51.46, 'long': 139.129, 'Time': Timestamp('2008-05-10 06:17:32'), 'mag': 5.1}, {'lat': 43.533, 'long': 145.717, 'Time': Timestamp('2008-05-10 18:24:02'), 'mag': 5.2}, {'lat': 43.533, 'long': 145.717, 'Time': Timestamp('2008-05-10 18:24:02'), 'mag': 5.2}, {'lat': 23.371, 'long': 143.278, 'Time': Timestamp('2008-05-10 13:32:49'), 'mag': 5.1}, {'lat': 23.371, 'long': 143.278, 'Time': Timestamp('2008-05-10 13:32:49'), 'mag': 5.1}, {'lat': 23.371, 'long': 143.278, 'Time': Timestamp('2008-05-10 13:32:49'), 'mag': 5.1}]",8,23
543,2008-04-22 06:18:23.986,0,[],0,5
544,2008-04-22 09:33:52.499,0,[],0,5
545,2008-05-17 12:53:23.127,0,[],0,30
546,2008-05-07 16:10:52.712,1,"[{'lat': -21.989, 'long': -68.83, 'Time': Timestamp('2008-05-08 00:27:22'), 'mag': 5.0}, {'lat': -21.989, 'long': -68.83, 'Time': Timestamp('2008-05-08 00:27:22'), 'mag': 5.0}, {'lat': -21.989, 'long': -68.83, 'Time': Timestamp('2008-05-08 00:27:22'), 'mag': 5.0}]",3,20
547,2008-04-23 19:25:53.234,0,[],0,6
548,2008-04-30 22:39:23.287,1,"[{'lat': 50.733, 'long': -177.723, 'Time': Timestamp('2008-05-01 02:32:46'), 'mag': 5.1}, {'lat': 51.864, 'long': -177.528, 'Time': Timestamp('2008-05-02 01:33:37'), 'mag': 6.6}, {'lat': 50.733, 'long': -177.723, 'Time': Timestamp('2008-05-01 02:32:46'), 'mag': 5.1}, {'lat': 51.864, 'long': -177.528, 'Time': Timestamp('2008-05-02 01:33:37'), 'mag': 6.6}, {'lat': 50.733, 'long': -177.723, 'Time': Timestamp('2008-05-01 02:32:46'), 'mag': 5.1}, {'lat': 51.864, 'long': -177.528, 'Time': Timestamp('2008-05-02 01:33:37'), 'mag': 6.6}, {'lat': -19.471, 'long': 168.878, 'Time': Timestamp('2008-05-01 04:57:50'), 'mag': 5.7}, {'lat': -16.645, 'long': 174.58, 'Time': Timestamp('2008-05-02 20:48:09'), 'mag': 5.3}, {'lat': -19.471, 'long': 168.878, 'Time': Timestamp('2008-05-01 04:57:50'), 'mag': 5.7}, {'lat': -16.645, 'long': 174.58, 'Time': Timestamp('2008-05-02 20:48:09'), 'mag': 5.3}, {'lat': -19.471, 'long': 168.878, 'Time': Timestamp('2008-05-01 04:57:50'), 'mag': 5.7}, {'lat': -16.645, 'long': 174.58, 'Time': Timestamp('2008-05-02 20:48:09'), 'mag': 5.3}]",12,13
549,2008-05-13 01:53:52.090,1,"[{'lat': 16.458, 'long': 122.255, 'Time': Timestamp('2008-05-13 14:14:31'), 'mag': 5.2}, {'lat': 22.705, 'long': 121.237, 'Time': Timestamp('2008-05-13 18:27:56'), 'mag': 5.2}, {'lat': 16.481, 'long': 122.244, 'Time': Timestamp('2008-05-13 21:48:32'), 'mag': 5.3}, {'lat': 16.458, 'long': 122.255, 'Time': Timestamp('2008-05-13 14:14:31'), 'mag': 5.2}, {'lat': 22.705, 'long': 121.237, 'Time': Timestamp('2008-05-13 18:27:56'), 'mag': 5.2}, {'lat': 16.481, 'long': 122.244, 'Time': Timestamp('2008-05-13 21:48:32'), 'mag': 5.3}, {'lat': 16.458, 'long': 122.255, 'Time': Timestamp('2008-05-13 14:14:31'), 'mag': 5.2}, {'lat': 16.481, 'long': 122.244, 'Time': Timestamp('2008-05-13 21:48:32'), 'mag': 5.3}, {'lat': 1.371, 'long': 125.692, 'Time': Timestamp('2008-05-13 22:44:48'), 'mag': 5.1}, {'lat': 1.371, 'long': 125.692, 'Time': Timestamp('2008-05-13 22:44:48'), 'mag': 5.1}, {'lat': 1.371, 'long': 125.692, 'Time': Timestamp('2008-05-13 22:44:48'), 'mag': 5.1}]",11,25
550,2008-05-06 05:11:32.322,0,[],0,18
551,2008-05-10 08:27:56.629,1,"[{'lat': 36.408, 'long': 70.748, 'Time': Timestamp('2008-05-11 20:57:08'), 'mag': 5.4}, {'lat': 36.408, 'long': 70.748, 'Time': Timestamp('2008-05-11 20:57:08'), 'mag': 5.4}]",2,22
552,2008-05-02 11:44:53.501,0,[],0,14
553,2008-04-28 15:03:22.529,0,[],0,10
554,2008-04-30 18:18:53.608,0,[],0,12
555,2008-05-15 08:56:52.163,0,[],0,26
556,2008-05-11 12:16:23.902,1,"[{'lat': -55.676, 'long': -28.358, 'Time': Timestamp('2008-05-13 03:37:11'), 'mag': 5.2}]",1,22
557,2008-05-07 15:34:24.481,1,"[{'lat': -21.989, 'long': -68.83, 'Time': Timestamp('2008-05-08 00:27:22'), 'mag': 5.0}]",1,18
558,2008-05-10 18:49:19.892,0,[],0,21
559,2008-05-09 22:03:22.255,1,"[{'lat': -17.74, 'long': -173.283, 'Time': Timestamp('2008-05-11 05:49:22'), 'mag': 5.4}, {'lat': -17.74, 'long': -173.283, 'Time': Timestamp('2008-05-11 05:49:22'), 'mag': 5.4}]",2,20
560,2008-05-04 01:17:17.446,1,"[{'lat': 4.332, 'long': 127.828, 'Time': Timestamp('2008-05-04 13:31:20'), 'mag': 5.0}, {'lat': 4.332, 'long': 127.828, 'Time': Timestamp('2008-05-04 13:31:20'), 'mag': 5.0}, {'lat': 4.332, 'long': 127.828, 'Time': Timestamp('2008-05-04 13:31:20'), 'mag': 5.0}]",3,14
561,2008-04-27 07:50:50.645,1,"[{'lat': 11.683, 'long': 42.986, 'Time': Timestamp('2008-04-29 00:06:59'), 'mag': 5.0}, {'lat': 11.715, 'long': 42.808, 'Time': Timestamp('2008-04-29 01:07:31'), 'mag': 5.0}, {'lat': 11.683, 'long': 42.986, 'Time': Timestamp('2008-04-29 00:06:59'), 'mag': 5.0}, {'lat': 11.715, 'long': 42.808, 'Time': Timestamp('2008-04-29 01:07:31'), 'mag': 5.0}, {'lat': 11.683, 'long': 42.986, 'Time': Timestamp('2008-04-29 00:06:59'), 'mag': 5.0}, {'lat': 11.715, 'long': 42.808, 'Time': Timestamp('2008-04-29 01:07:31'), 'mag': 5.0}]",6,7
562,2008-05-10 11:07:20.375,1,"[{'lat': 36.3, 'long': 22.24, 'Time': Timestamp('2008-05-10 20:53:04'), 'mag': 5.4}, {'lat': 36.3, 'long': 22.24, 'Time': Timestamp('2008-05-10 20:53:04'), 'mag': 5.4}]",2,20
563,2008-04-30 14:26:21.634,1,"[{'lat': -42.766, 'long': -72.266, 'Time': Timestamp('2008-05-02 05:51:24'), 'mag': 5.2}, {'lat': -42.766, 'long': -72.266, 'Time': Timestamp('2008-05-02 05:51:24'), 'mag': 5.2}, {'lat': -42.766, 'long': -72.266, 'Time': Timestamp('2008-05-02 05:51:24'), 'mag': 5.2}]",3,10
564,2008-05-01 20:56:52.523,0,[],0,11
565,2008-05-12 00:10:23.490,1,"[{'lat': 56.4675, 'long': -153.0667, 'Time': Timestamp('2008-05-12 12:50:34'), 'mag': 5.2}, {'lat': 46.571, 'long': 152.745, 'Time': Timestamp('2008-05-12 02:21:46'), 'mag': 5.0}]",2,21
566,2008-05-01 08:21:53.925,0,[],0,10
567,2008-05-06 11:38:53.678,0,[],0,15
568,2008-05-02 14:57:18.610,1,"[{'lat': -42.784, 'long': -72.246, 'Time': Timestamp('2008-05-03 02:36:12'), 'mag': 5.0}, {'lat': -42.784, 'long': -72.246, 'Time': Timestamp('2008-05-03 02:36:12'), 'mag': 5.0}, {'lat': -42.784, 'long': -72.246, 'Time': Timestamp('2008-05-03 02:36:12'), 'mag': 5.0}]",3,11
569,2008-05-20 18:12:53.786,0,[],0,29
570,2008-05-07 21:26:54.251,0,[],0,16
571,2008-04-27 00:40:45.889,1,"[{'lat': 51.526, 'long': -176.54, 'Time': Timestamp('2008-04-27 07:21:54'), 'mag': 5.1}, {'lat': 51.526, 'long': -176.54, 'Time': Timestamp('2008-04-27 07:21:54'), 'mag': 5.1}, {'lat': -9.746, 'long': 160.179, 'Time': Timestamp('2008-04-27 09:41:03'), 'mag': 5.0}, {'lat': -9.746, 'long': 160.179, 'Time': Timestamp('2008-04-27 09:41:03'), 'mag': 5.0}, {'lat': -9.746, 'long': 160.179, 'Time': Timestamp('2008-04-27 09:41:03'), 'mag': 5.0}, {'lat': -19.941, 'long': 168.953, 'Time': Timestamp('2008-04-28 18:33:34'), 'mag': 6.4}, {'lat': -20.238, 'long': 168.824, 'Time': Timestamp('2008-04-28 20:26:53'), 'mag': 6.1}, {'lat': -19.941, 'long': 168.953, 'Time': Timestamp('2008-04-28 18:33:34'), 'mag': 6.4}, {'lat': -20.238, 'long': 168.824, 'Time': Timestamp('2008-04-28 20:26:53'), 'mag': 6.1}]",9,5
572,2008-04-27 05:35:56.382,0,[],0,5
573,2008-05-05 08:50:54.025,1,"[{'lat': 28.37, 'long': 54.05, 'Time': Timestamp('2008-05-05 21:57:53'), 'mag': 5.2}, {'lat': 28.37, 'long': 54.05, 'Time': Timestamp('2008-05-05 21:57:53'), 'mag': 5.2}, {'lat': 28.37, 'long': 54.05, 'Time': Timestamp('2008-05-05 21:57:53'), 'mag': 5.2}]",3,13
574,2008-05-15 12:09:54.079,1,"[{'lat': -57.911, 'long': -25.483, 'Time': Timestamp('2008-05-15 14:23:28'), 'mag': 5.9}, {'lat': -56.049, 'long': -27.483, 'Time': Timestamp('2008-05-15 21:44:02'), 'mag': 5.0}]",2,23
575,2008-05-19 15:28:20.890,1,"[{'lat': -8.58, 'long': -74.886, 'Time': Timestamp('2008-05-20 21:37:12'), 'mag': 5.2}, {'lat': -8.58, 'long': -74.886, 'Time': Timestamp('2008-05-20 21:37:12'), 'mag': 5.2}, {'lat': -8.58, 'long': -74.886, 'Time': Timestamp('2008-05-20 21:37:12'), 'mag': 5.2}, {'lat': -44.451, 'long': -78.207, 'Time': Timestamp('2008-05-20 15:16:04'), 'mag': 5.6}, {'lat': -44.451, 'long': -78.207, 'Time': Timestamp('2008-05-20 15:16:04'), 'mag': 5.6}]",5,27
576,2008-05-11 18:43:19.068,0,[],0,19
577,2008-05-09 07:44:54.918,0,[],0,16
578,2008-04-30 11:01:20.676,0,[],0,7
579,2008-05-09 14:20:16.400,0,[],0,16
580,2008-05-11 17:36:53.685,0,[],0,18
581,2008-05-09 20:50:51.495,0,[],0,16
582,2008-05-11 00:04:23.791,1,"[{'lat': 56.4675, 'long': -153.0667, 'Time': Timestamp('2008-05-12 12:50:34'), 'mag': 5.2}, {'lat': 46.571, 'long': 152.745, 'Time': Timestamp('2008-05-12 02:21:46'), 'mag': 5.0}]",2,17
583,2008-05-01 08:15:50.131,0,[],0,7
584,2008-05-21 11:32:53.978,0,[],0,27
585,2008-05-02 14:51:21.567,1,"[{'lat': -42.784, 'long': -72.246, 'Time': Timestamp('2008-05-03 02:36:12'), 'mag': 5.0}, {'lat': -42.784, 'long': -72.246, 'Time': Timestamp('2008-05-03 02:36:12'), 'mag': 5.0}, {'lat': -42.784, 'long': -72.246, 'Time': Timestamp('2008-05-03 02:36:12'), 'mag': 5.0}]",3,8
586,2008-05-06 18:06:53.086,1,"[{'lat': -8.104, 'long': -108.576, 'Time': Timestamp('2008-05-08 11:45:38'), 'mag': 5.0}, {'lat': -8.104, 'long': -108.576, 'Time': Timestamp('2008-05-08 11:45:38'), 'mag': 5.0}, {'lat': -8.104, 'long': -108.576, 'Time': Timestamp('2008-05-08 11:45:38'), 'mag': 5.0}]",3,12
587,2008-05-18 21:20:53.553,1,"[{'lat': -30.224, 'long': -177.665, 'Time': Timestamp('2008-05-19 19:24:58'), 'mag': 5.1}, {'lat': -31.552, 'long': -178.887, 'Time': Timestamp('2008-05-19 19:02:57'), 'mag': 5.0}, {'lat': -30.224, 'long': -177.665, 'Time': Timestamp('2008-05-19 19:24:58'), 'mag': 5.1}, {'lat': -31.552, 'long': -178.887, 'Time': Timestamp('2008-05-19 19:02:57'), 'mag': 5.0}, {'lat': -30.224, 'long': -177.665, 'Time': Timestamp('2008-05-19 19:24:58'), 'mag': 5.1}]",5,24
588,2008-05-08 00:34:45.190,1,"[{'lat': 12.516, 'long': 143.181, 'Time': Timestamp('2008-05-09 21:51:29'), 'mag': 6.8}, {'lat': 12.516, 'long': 143.181, 'Time': Timestamp('2008-05-09 21:51:29'), 'mag': 6.8}]",2,13
589,2008-05-06 07:07:56.592,0,[],0,11
590,2008-05-05 10:23:54.547,0,[],0,10
591,2008-05-03 13:43:23.407,0,[],0,8
592,2008-05-15 16:59:53.460,0,[],0,20
593,2008-05-23 20:14:23.514,1,"[{'lat': 44.213, 'long': -129.393, 'Time': Timestamp('2008-05-24 23:23:06'), 'mag': 5.1}, {'lat': 44.213, 'long': -129.393, 'Time': Timestamp('2008-05-24 23:23:06'), 'mag': 5.1}, {'lat': 44.213, 'long': -129.393, 'Time': Timestamp('2008-05-24 23:23:06'), 'mag': 5.1}, {'lat': -62.826, 'long': -158.035, 'Time': Timestamp('2008-05-25 01:46:25'), 'mag': 5.2}, {'lat': -62.826, 'long': -158.035, 'Time': Timestamp('2008-05-25 01:46:25'), 'mag': 5.2}]",5,28
594,2008-05-02 23:28:23.567,1,"[{'lat': -20.021, 'long': -175.933, 'Time': Timestamp('2008-05-03 00:52:21'), 'mag': 5.4}, {'lat': -20.021, 'long': -175.933, 'Time': Timestamp('2008-05-03 00:52:21'), 'mag': 5.4}, {'lat': -20.021, 'long': -175.933, 'Time': Timestamp('2008-05-03 00:52:21'), 'mag': 5.4}, {'lat': -6.64, 'long': 155.091, 'Time': Timestamp('2008-05-03 19:01:46'), 'mag': 5.8}, {'lat': -6.64, 'long': 155.091, 'Time': Timestamp('2008-05-03 19:01:46'), 'mag': 5.8}, {'lat': -6.64, 'long': 155.091, 'Time': Timestamp('2008-05-03 19:01:46'), 'mag': 5.8}]",6,7
595,2008-05-16 07:38:52.897,0,[],0,20
596,2008-05-15 10:55:20.853,1,"[{'lat': -57.911, 'long': -25.483, 'Time': Timestamp('2008-05-15 14:23:28'), 'mag': 5.9}, {'lat': -56.049, 'long': -27.483, 'Time': Timestamp('2008-05-15 21:44:02'), 'mag': 5.0}, {'lat': -57.911, 'long': -25.483, 'Time': Timestamp('2008-05-15 14:23:28'), 'mag': 5.9}, {'lat': -56.049, 'long': -27.483, 'Time': Timestamp('2008-05-15 21:44:02'), 'mag': 5.0}]",4,19
597,2008-05-05 14:14:21.119,1,"[{'lat': 53.248, 'long': -35.231, 'Time': Timestamp('2008-05-06 08:39:51'), 'mag': 5.1}, {'lat': 53.475, 'long': -35.129, 'Time': Timestamp('2008-05-06 08:47:10'), 'mag': 5.2}]",2,9
598,2008-05-25 17:30:23.862,1,"[{'lat': 4.729, 'long': -82.633, 'Time': Timestamp('2008-05-25 23:15:57'), 'mag': 5.1}, {'lat': 8.423, 'long': -82.968, 'Time': Timestamp('2008-05-26 15:01:33'), 'mag': 5.6}, {'lat': 8.445, 'long': -83.027, 'Time': Timestamp('2008-05-26 15:38:01'), 'mag': 5.1}, {'lat': 4.729, 'long': -82.633, 'Time': Timestamp('2008-05-25 23:15:57'), 'mag': 5.1}, {'lat': 2.021, 'long': -84.594, 'Time': Timestamp('2008-05-26 00:58:28'), 'mag': 5.1}, {'lat': 8.423, 'long': -82.968, 'Time': Timestamp('2008-05-26 15:01:33'), 'mag': 5.6}, {'lat': 8.445, 'long': -83.027, 'Time': Timestamp('2008-05-26 15:38:01'), 'mag': 5.1}, {'lat': 13.616, 'long': -91.02, 'Time': Timestamp('2008-05-27 11:27:55'), 'mag': 5.7}, {'lat': 4.729, 'long': -82.633, 'Time': Timestamp('2008-05-25 23:15:57'), 'mag': 5.1}, {'lat': 2.021, 'long': -84.594, 'Time': Timestamp('2008-05-26 00:58:28'), 'mag': 5.1}, {'lat': 8.423, 'long': -82.968, 'Time': Timestamp('2008-05-26 15:01:33'), 'mag': 5.6}, {'lat': 8.445, 'long': -83.027, 'Time': Timestamp('2008-05-26 15:38:01'), 'mag': 5.1}, {'lat': 13.616, 'long': -91.02, 'Time': Timestamp('2008-05-27 11:27:55'), 'mag': 5.7}]",13,29
599,2008-05-06 20:44:51.672,0,[],0,10
600,2008-05-15 23:58:23.967,1,"[{'lat': -33.684, 'long': 179.394, 'Time': Timestamp('2008-05-17 02:23:15'), 'mag': 5.2}, {'lat': -33.684, 'long': 179.394, 'Time': Timestamp('2008-05-17 02:23:15'), 'mag': 5.2}, {'lat': -33.684, 'long': 179.394, 'Time': Timestamp('2008-05-17 02:23:15'), 'mag': 5.2}, {'lat': -5.603, 'long': 148.557, 'Time': Timestamp('2008-05-16 17:35:14'), 'mag': 5.3}, {'lat': -5.603, 'long': 148.557, 'Time': Timestamp('2008-05-16 17:35:14'), 'mag': 5.3}, {'lat': -5.603, 'long': 148.557, 'Time': Timestamp('2008-05-16 17:35:14'), 'mag': 5.3}]",6,19
601,2008-05-08 08:07:47.755,0,[],0,11
602,2008-05-26 11:26:23.155,0,[],0,29
603,2008-05-14 14:45:20.632,0,[],0,17
604,2008-05-07 18:00:53.263,1,"[{'lat': -8.104, 'long': -108.576, 'Time': Timestamp('2008-05-08 11:45:38'), 'mag': 5.0}, {'lat': -8.104, 'long': -108.576, 'Time': Timestamp('2008-05-08 11:45:38'), 'mag': 5.0}, {'lat': -8.104, 'long': -108.576, 'Time': Timestamp('2008-05-08 11:45:38'), 'mag': 5.0}]",3,10
605,2008-05-14 21:13:55.604,1,"[{'lat': -56.771, 'long': -142.309, 'Time': Timestamp('2008-05-14 21:47:40'), 'mag': 5.7}, {'lat': -20.839, 'long': -174.062, 'Time': Timestamp('2008-05-15 14:06:15'), 'mag': 5.1}, {'lat': -19.812, 'long': -177.495, 'Time': Timestamp('2008-05-15 22:07:44'), 'mag': 5.3}, {'lat': -19.798, 'long': -178.252, 'Time': Timestamp('2008-05-14 22:46:02'), 'mag': 5.4}, {'lat': -20.839, 'long': -174.062, 'Time': Timestamp('2008-05-15 14:06:15'), 'mag': 5.1}, {'lat': -19.812, 'long': -177.495, 'Time': Timestamp('2008-05-15 22:07:44'), 'mag': 5.3}, {'lat': -32.544, 'long': -178.356, 'Time': Timestamp('2008-05-16 11:06:50'), 'mag': 5.4}, {'lat': -32.544, 'long': -178.356, 'Time': Timestamp('2008-05-16 11:06:50'), 'mag': 5.4}, {'lat': -32.544, 'long': -178.356, 'Time': Timestamp('2008-05-16 11:06:50'), 'mag': 5.4}]",9,17
606,2008-05-03 00:28:50.690,1,"[{'lat': -3.271, 'long': 147.907, 'Time': Timestamp('2008-05-03 03:25:47'), 'mag': 5.0}, {'lat': -6.64, 'long': 155.091, 'Time': Timestamp('2008-05-03 19:01:46'), 'mag': 5.8}, {'lat': -3.271, 'long': 147.907, 'Time': Timestamp('2008-05-03 03:25:47'), 'mag': 5.0}, {'lat': -6.64, 'long': 155.091, 'Time': Timestamp('2008-05-03 19:01:46'), 'mag': 5.8}, {'lat': -3.271, 'long': 147.907, 'Time': Timestamp('2008-05-03 03:25:47'), 'mag': 5.0}, {'lat': -6.64, 'long': 155.091, 'Time': Timestamp('2008-05-03 19:01:46'), 'mag': 5.8}]",6,5
607,2008-05-22 03:45:53.836,1,"[{'lat': -7.061, 'long': 129.483, 'Time': Timestamp('2008-05-23 22:50:37'), 'mag': 5.7}, {'lat': -7.061, 'long': 129.483, 'Time': Timestamp('2008-05-23 22:50:37'), 'mag': 5.7}]",2,24
608,2008-05-28 07:01:54.447,0,[],0,30
609,2008-05-22 10:17:54.724,0,[],0,24
610,2008-05-06 13:37:23.584,0,[],0,8
611,2008-05-10 16:53:53.638,0,[],0,12
612,2008-05-09 20:08:23.691,0,[],0,11
613,2008-05-19 23:22:23.743,1,"[{'lat': 51.162, 'long': 178.759, 'Time': Timestamp('2008-05-20 13:53:35'), 'mag': 6.3}, {'lat': 51.162, 'long': 178.759, 'Time': Timestamp('2008-05-20 13:53:35'), 'mag': 6.3}, {'lat': -9.946, 'long': 150.914, 'Time': Timestamp('2008-05-21 01:30:24'), 'mag': 5.2}, {'lat': -9.981, 'long': 150.891, 'Time': Timestamp('2008-05-21 02:45:52'), 'mag': 5.4}]",4,21
614,2008-05-26 07:32:55.842,0,[],0,27
615,2008-05-28 10:48:49.812,1,"[{'lat': -54.744, 'long': 0.987, 'Time': Timestamp('2008-05-30 10:44:11'), 'mag': 5.7}]",1,29
616,2008-05-20 14:08:23.985,1,"[{'lat': 7.383, 'long': -35.762, 'Time': Timestamp('2008-05-22 12:42:59'), 'mag': 5.0}, {'lat': 7.383, 'long': -35.762, 'Time': Timestamp('2008-05-22 12:42:59'), 'mag': 5.0}, {'lat': 7.383, 'long': -35.762, 'Time': Timestamp('2008-05-22 12:42:59'), 'mag': 5.0}, {'lat': -44.451, 'long': -78.207, 'Time': Timestamp('2008-05-20 15:16:04'), 'mag': 5.6}]",4,21
617,2008-05-22 23:52:23.145,1,"[{'lat': -19.384, 'long': 169.508, 'Time': Timestamp('2008-05-24 10:28:43'), 'mag': 5.1}, {'lat': -19.384, 'long': 169.508, 'Time': Timestamp('2008-05-24 10:28:43'), 'mag': 5.1}, {'lat': -19.384, 'long': 169.508, 'Time': Timestamp('2008-05-24 10:28:43'), 'mag': 5.1}, {'lat': 51.638, 'long': 177.916, 'Time': Timestamp('2008-05-23 03:33:09'), 'mag': 5.4}, {'lat': 51.638, 'long': 177.916, 'Time': Timestamp('2008-05-23 03:33:09'), 'mag': 5.4}, {'lat': 51.638, 'long': 177.916, 'Time': Timestamp('2008-05-23 03:33:09'), 'mag': 5.4}, {'lat': -7.181, 'long': 156.069, 'Time': Timestamp('2008-05-24 13:24:05'), 'mag': 5.9}, {'lat': -7.181, 'long': 156.069, 'Time': Timestamp('2008-05-24 13:24:05'), 'mag': 5.9}, {'lat': -7.181, 'long': 156.069, 'Time': Timestamp('2008-05-24 13:24:05'), 'mag': 5.9}, {'lat': -59.001, 'long': 149.045, 'Time': Timestamp('2008-05-23 06:43:22'), 'mag': 5.0}]",10,23
618,2008-05-28 09:40:50.530,0,[],0,28
619,2008-05-13 12:59:53.485,0,[],0,13
620,2008-05-05 16:17:23.540,0,[],0,5
621,2008-05-14 19:32:23.592,1,"[{'lat': -55.099, 'long': -129.045, 'Time': Timestamp('2008-05-14 23:00:50'), 'mag': 5.2}, {'lat': -55.099, 'long': -129.045, 'Time': Timestamp('2008-05-14 23:00:50'), 'mag': 5.2}, {'lat': -56.771, 'long': -142.309, 'Time': Timestamp('2008-05-14 21:47:40'), 'mag': 5.7}, {'lat': -56.771, 'long': -142.309, 'Time': Timestamp('2008-05-14 21:47:40'), 'mag': 5.7}]",4,14
622,2008-05-23 22:45:53.645,1,"[{'lat': 55.9055, 'long': -153.5083, 'Time': Timestamp('2008-05-25 19:18:24'), 'mag': 6.0}, {'lat': 55.9055, 'long': -153.5083, 'Time': Timestamp('2008-05-25 19:18:24'), 'mag': 6.0}, {'lat': -19.384, 'long': 169.508, 'Time': Timestamp('2008-05-24 10:28:43'), 'mag': 5.1}, {'lat': -19.384, 'long': 169.508, 'Time': Timestamp('2008-05-24 10:28:43'), 'mag': 5.1}, {'lat': -19.384, 'long': 169.508, 'Time': Timestamp('2008-05-24 10:28:43'), 'mag': 5.1}]",5,23
623,2008-05-06 02:00:21.232,1,"[{'lat': 36.178, 'long': 141.545, 'Time': Timestamp('2008-05-07 16:02:02'), 'mag': 6.2}, {'lat': 36.226, 'long': 141.766, 'Time': Timestamp('2008-05-07 16:03:40'), 'mag': 5.4}, {'lat': 36.232, 'long': 141.907, 'Time': Timestamp('2008-05-07 16:09:04'), 'mag': 5.3}, {'lat': 36.228, 'long': 141.7, 'Time': Timestamp('2008-05-07 16:12:27'), 'mag': 5.1}, {'lat': 36.156, 'long': 141.756, 'Time': Timestamp('2008-05-07 16:16:36'), 'mag': 6.1}, {'lat': 36.125, 'long': 141.842, 'Time': Timestamp('2008-05-07 16:24:10'), 'mag': 5.0}, {'lat': 36.38, 'long': 141.758, 'Time': Timestamp('2008-05-07 16:27:40'), 'mag': 5.0}, {'lat': 36.164, 'long': 141.526, 'Time': Timestamp('2008-05-07 16:45:18'), 'mag': 6.9}, {'lat': 36.248, 'long': 141.584, 'Time': Timestamp('2008-05-07 17:31:18'), 'mag': 5.4}, {'lat': 36.148, 'long': 141.501, 'Time': Timestamp('2008-05-07 18:19:56'), 'mag': 5.0}, {'lat': 36.178, 'long': 141.545, 'Time': Timestamp('2008-05-07 16:02:02'), 'mag': 6.2}, {'lat': 36.226, 'long': 141.766, 'Time': Timestamp('2008-05-07 16:03:40'), 'mag': 5.4}, {'lat': 36.232, 'long': 141.907, 'Time': Timestamp('2008-05-07 16:09:04'), 'mag': 5.3}, {'lat': 36.228, 'long': 141.7, 'Time': Timestamp('2008-05-07 16:12:27'), 'mag': 5.1}, {'lat': 36.156, 'long': 141.756, 'Time': Timestamp('2008-05-07 16:16:36'), 'mag': 6.1}, {'lat': 36.125, 'long': 141.842, 'Time': Timestamp('2008-05-07 16:24:10'), 'mag': 5.0}, {'lat': 36.38, 'long': 141.758, 'Time': Timestamp('2008-05-07 16:27:40'), 'mag': 5.0}, {'lat': 36.164, 'long': 141.526, 'Time': Timestamp('2008-05-07 16:45:18'), 'mag': 6.9}, {'lat': 36.248, 'long': 141.584, 'Time': Timestamp('2008-05-07 17:31:18'), 'mag': 5.4}, {'lat': 36.148, 'long': 141.501, 'Time': Timestamp('2008-05-07 18:19:56'), 'mag': 5.0}, {'lat': -7.863, 'long': 123.147, 'Time': Timestamp('2008-05-06 23:27:37'), 'mag': 5.4}, {'lat': -7.863, 'long': 123.147, 'Time': Timestamp('2008-05-06 23:27:37'), 'mag': 5.4}]",22,5
624,2008-05-21 05:17:27.368,1,"[{'lat': -4.129, 'long': 101.272, 'Time': Timestamp('2008-05-21 22:22:55'), 'mag': 5.5}, {'lat': -4.445, 'long': 101.096, 'Time': Timestamp('2008-05-21 23:23:09'), 'mag': 5.2}, {'lat': -4.129, 'long': 101.272, 'Time': Timestamp('2008-05-21 22:22:55'), 'mag': 5.5}, {'lat': -4.445, 'long': 101.096, 'Time': Timestamp('2008-05-21 23:23:09'), 'mag': 5.2}, {'lat': -4.129, 'long': 101.272, 'Time': Timestamp('2008-05-21 22:22:55'), 'mag': 5.5}, {'lat': -4.445, 'long': 101.096, 'Time': Timestamp('2008-05-21 23:23:09'), 'mag': 5.2}]",6,20
625,2008-05-10 08:34:26.328,1,"[{'lat': 36.408, 'long': 70.748, 'Time': Timestamp('2008-05-11 20:57:08'), 'mag': 5.4}, {'lat': 36.3, 'long': 22.24, 'Time': Timestamp('2008-05-10 20:53:04'), 'mag': 5.4}]",2,9
626,2008-05-14 11:51:23.859,1,"[{'lat': -57.911, 'long': -25.483, 'Time': Timestamp('2008-05-15 14:23:28'), 'mag': 5.9}, {'lat': -56.049, 'long': -27.483, 'Time': Timestamp('2008-05-15 21:44:02'), 'mag': 5.0}]",2,13
627,2008-05-21 15:09:56.983,1,"[{'lat': 7.383, 'long': -35.762, 'Time': Timestamp('2008-05-22 12:42:59'), 'mag': 5.0}, {'lat': 7.383, 'long': -35.762, 'Time': Timestamp('2008-05-22 12:42:59'), 'mag': 5.0}]",2,20
628,2008-05-09 18:25:23.967,0,[],0,8
629,2008-05-14 21:38:26.420,1,"[{'lat': -19.798, 'long': -178.252, 'Time': Timestamp('2008-05-14 22:46:02'), 'mag': 5.4}, {'lat': -20.839, 'long': -174.062, 'Time': Timestamp('2008-05-15 14:06:15'), 'mag': 5.1}, {'lat': -19.812, 'long': -177.495, 'Time': Timestamp('2008-05-15 22:07:44'), 'mag': 5.3}, {'lat': -19.798, 'long': -178.252, 'Time': Timestamp('2008-05-14 22:46:02'), 'mag': 5.4}, {'lat': -20.839, 'long': -174.062, 'Time': Timestamp('2008-05-15 14:06:15'), 'mag': 5.1}, {'lat': -19.812, 'long': -177.495, 'Time': Timestamp('2008-05-15 22:07:44'), 'mag': 5.3}, {'lat': -32.544, 'long': -178.356, 'Time': Timestamp('2008-05-16 11:06:50'), 'mag': 5.4}, {'lat': -32.544, 'long': -178.356, 'Time': Timestamp('2008-05-16 11:06:50'), 'mag': 5.4}, {'lat': -32.544, 'long': -178.356, 'Time': Timestamp('2008-05-16 11:06:50'), 'mag': 5.4}]",9,13
630,2008-05-23 00:53:22.934,1,"[{'lat': 51.638, 'long': 177.916, 'Time': Timestamp('2008-05-23 03:33:09'), 'mag': 5.4}, {'lat': 51.638, 'long': 177.916, 'Time': Timestamp('2008-05-23 03:33:09'), 'mag': 5.4}, {'lat': -7.181, 'long': 156.069, 'Time': Timestamp('2008-05-24 13:24:05'), 'mag': 5.9}, {'lat': -7.181, 'long': 156.069, 'Time': Timestamp('2008-05-24 13:24:05'), 'mag': 5.9}, {'lat': -19.384, 'long': 169.508, 'Time': Timestamp('2008-05-24 10:28:43'), 'mag': 5.1}, {'lat': -7.181, 'long': 156.069, 'Time': Timestamp('2008-05-24 13:24:05'), 'mag': 5.9}, {'lat': -19.384, 'long': 169.508, 'Time': Timestamp('2008-05-24 10:28:43'), 'mag': 5.1}, {'lat': -59.001, 'long': 149.045, 'Time': Timestamp('2008-05-23 06:43:22'), 'mag': 5.0}, {'lat': -7.061, 'long': 129.483, 'Time': Timestamp('2008-05-23 22:50:37'), 'mag': 5.7}, {'lat': -7.061, 'long': 129.483, 'Time': Timestamp('2008-05-23 22:50:37'), 'mag': 5.7}]",10,21
631,2008-05-08 07:26:26.473,0,[],0,6
632,2008-05-20 10:42:51.660,0,[],0,18
633,2008-06-01 14:01:51.480,0,[],0,30
634,2008-06-01 17:18:23.342,0,[],0,30
635,2008-05-18 20:29:50.927,0,[],0,16
636,2008-05-16 23:46:23.447,1,"[{'lat': -33.684, 'long': 179.394, 'Time': Timestamp('2008-05-17 02:23:15'), 'mag': 5.2}, {'lat': -33.684, 'long': 179.394, 'Time': Timestamp('2008-05-17 02:23:15'), 'mag': 5.2}, {'lat': -33.684, 'long': 179.394, 'Time': Timestamp('2008-05-17 02:23:15'), 'mag': 5.2}]",3,14
637,2008-05-25 12:53:53.662,1,"[{'lat': -54.352, 'long': -55.888, 'Time': Timestamp('2008-05-25 15:39:49'), 'mag': 5.2}, {'lat': -54.352, 'long': -55.888, 'Time': Timestamp('2008-05-25 15:39:49'), 'mag': 5.2}, {'lat': -54.352, 'long': -55.888, 'Time': Timestamp('2008-05-25 15:39:49'), 'mag': 5.2}]",3,22
638,2008-05-23 16:11:23.716,1,"[{'lat': -22.853, 'long': -68.82, 'Time': Timestamp('2008-05-23 20:46:16'), 'mag': 5.2}, {'lat': -22.853, 'long': -68.82, 'Time': Timestamp('2008-05-23 20:46:16'), 'mag': 5.2}, {'lat': -22.853, 'long': -68.82, 'Time': Timestamp('2008-05-23 20:46:16'), 'mag': 5.2}, {'lat': -41.957, 'long': -72.187, 'Time': Timestamp('2008-05-24 02:43:36'), 'mag': 5.4}, {'lat': -42.025, 'long': -72.206, 'Time': Timestamp('2008-05-24 06:26:23'), 'mag': 5.0}, {'lat': -41.957, 'long': -72.187, 'Time': Timestamp('2008-05-24 02:43:36'), 'mag': 5.4}, {'lat': -42.025, 'long': -72.206, 'Time': Timestamp('2008-05-24 06:26:23'), 'mag': 5.0}, {'lat': -41.957, 'long': -72.187, 'Time': Timestamp('2008-05-24 02:43:36'), 'mag': 5.4}, {'lat': -42.025, 'long': -72.206, 'Time': Timestamp('2008-05-24 06:26:23'), 'mag': 5.0}, {'lat': 15.288, 'long': -91.894, 'Time': Timestamp('2008-05-25 05:45:12'), 'mag': 5.0}, {'lat': 4.33, 'long': -73.764, 'Time': Timestamp('2008-05-24 19:20:42'), 'mag': 5.9}, {'lat': 15.288, 'long': -91.894, 'Time': Timestamp('2008-05-25 05:45:12'), 'mag': 5.0}, {'lat': 15.288, 'long': -91.894, 'Time': Timestamp('2008-05-25 05:45:12'), 'mag': 5.0}]",13,20
639,2008-05-16 19:26:23.770,1,"[{'lat': 16.424, 'long': -97.827, 'Time': Timestamp('2008-05-17 20:04:10'), 'mag': 5.2}, {'lat': 16.424, 'long': -97.827, 'Time': Timestamp('2008-05-17 20:04:10'), 'mag': 5.2}]",2,13
640,2008-05-30 22:39:53.822,1,"[{'lat': -17.255, 'long': -175.074, 'Time': Timestamp('2008-05-31 03:16:15'), 'mag': 5.1}, {'lat': -17.255, 'long': -175.074, 'Time': Timestamp('2008-05-31 03:16:15'), 'mag': 5.1}, {'lat': -20.062, 'long': 168.601, 'Time': Timestamp('2008-06-01 22:30:50'), 'mag': 5.2}, {'lat': -20.062, 'long': 168.601, 'Time': Timestamp('2008-06-01 22:30:50'), 'mag': 5.2}, {'lat': -20.062, 'long': 168.601, 'Time': Timestamp('2008-06-01 22:30:50'), 'mag': 5.2}, {'lat': -59.384, 'long': 149.66, 'Time': Timestamp('2008-06-01 14:31:03'), 'mag': 6.5}]",6,27
641,2008-05-22 01:54:17.536,1,"[{'lat': 51.638, 'long': 177.916, 'Time': Timestamp('2008-05-23 03:33:09'), 'mag': 5.4}, {'lat': -7.061, 'long': 129.483, 'Time': Timestamp('2008-05-23 22:50:37'), 'mag': 5.7}, {'lat': -7.061, 'long': 129.483, 'Time': Timestamp('2008-05-23 22:50:37'), 'mag': 5.7}]",3,18
642,2008-05-12 06:49:57.694,0,[],0,8
643,2008-05-19 10:05:51.108,0,[],0,15
644,2008-05-16 13:24:54.064,0,[],0,12
645,2008-05-23 23:10:23.223,1,"[{'lat': 55.9055, 'long': -153.5083, 'Time': Timestamp('2008-05-25 19:18:24'), 'mag': 6.0}, {'lat': 55.9055, 'long': -153.5083, 'Time': Timestamp('2008-05-25 19:18:24'), 'mag': 6.0}, {'lat': 55.9055, 'long': -153.5083, 'Time': Timestamp('2008-05-25 19:18:24'), 'mag': 6.0}, {'lat': -22.178, 'long': -179.569, 'Time': Timestamp('2008-05-24 09:24:06'), 'mag': 5.3}, {'lat': -22.178, 'long': -179.569, 'Time': Timestamp('2008-05-24 09:24:06'), 'mag': 5.3}, {'lat': -22.178, 'long': -179.569, 'Time': Timestamp('2008-05-24 09:24:06'), 'mag': 5.3}, {'lat': -7.181, 'long': 156.069, 'Time': Timestamp('2008-05-24 13:24:05'), 'mag': 5.9}, {'lat': -19.384, 'long': 169.508, 'Time': Timestamp('2008-05-24 10:28:43'), 'mag': 5.1}, {'lat': -7.181, 'long': 156.069, 'Time': Timestamp('2008-05-24 13:24:05'), 'mag': 5.9}, {'lat': -19.384, 'long': 169.508, 'Time': Timestamp('2008-05-24 10:28:43'), 'mag': 5.1}, {'lat': -7.181, 'long': 156.069, 'Time': Timestamp('2008-05-24 13:24:05'), 'mag': 5.9}, {'lat': -19.384, 'long': 169.508, 'Time': Timestamp('2008-05-24 10:28:43'), 'mag': 5.1}]",12,19
646,2008-06-02 02:24:52.026,1,"[{'lat': 9.053, 'long': 125.617, 'Time': Timestamp('2008-06-02 06:56:25'), 'mag': 5.0}, {'lat': 9.053, 'long': 125.617, 'Time': Timestamp('2008-06-02 06:56:25'), 'mag': 5.0}, {'lat': 9.053, 'long': 125.617, 'Time': Timestamp('2008-06-02 06:56:25'), 'mag': 5.0}, {'lat': -0.029, 'long': 123.282, 'Time': Timestamp('2008-06-02 19:47:16'), 'mag': 5.3}, {'lat': -0.627, 'long': 122.639, 'Time': Timestamp('2008-06-04 01:25:24'), 'mag': 5.3}, {'lat': -0.029, 'long': 123.282, 'Time': Timestamp('2008-06-02 19:47:16'), 'mag': 5.3}, {'lat': -8.166, 'long': 120.255, 'Time': Timestamp('2008-06-03 17:31:32'), 'mag': 5.9}, {'lat': -8.125, 'long': 120.265, 'Time': Timestamp('2008-06-03 21:03:46'), 'mag': 5.8}, {'lat': -8.1, 'long': 120.231, 'Time': Timestamp('2008-06-03 22:04:27'), 'mag': 6.0}, {'lat': -8.143, 'long': 120.127, 'Time': Timestamp('2008-06-03 23:43:26'), 'mag': 5.1}, {'lat': -0.627, 'long': 122.639, 'Time': Timestamp('2008-06-04 01:25:24'), 'mag': 5.3}, {'lat': -8.166, 'long': 120.255, 'Time': Timestamp('2008-06-03 17:31:32'), 'mag': 5.9}, {'lat': -8.125, 'long': 120.265, 'Time': Timestamp('2008-06-03 21:03:46'), 'mag': 5.8}, {'lat': -8.1, 'long': 120.231, 'Time': Timestamp('2008-06-03 22:04:27'), 'mag': 6.0}, {'lat': -8.143, 'long': 120.127, 'Time': Timestamp('2008-06-03 23:43:26'), 'mag': 5.1}]",15,28
647,2008-06-03 07:20:22.554,1,"[{'lat': 37.347, 'long': 72.146, 'Time': Timestamp('2008-06-04 04:17:40'), 'mag': 5.0}, {'lat': 37.347, 'long': 72.146, 'Time': Timestamp('2008-06-04 04:17:40'), 'mag': 5.0}, {'lat': 37.347, 'long': 72.146, 'Time': Timestamp('2008-06-04 04:17:40'), 'mag': 5.0}, {'lat': -3.444, 'long': 68.312, 'Time': Timestamp('2008-06-03 08:42:16'), 'mag': 5.3}, {'lat': -3.444, 'long': 68.312, 'Time': Timestamp('2008-06-03 08:42:16'), 'mag': 5.3}, {'lat': -3.444, 'long': 68.312, 'Time': Timestamp('2008-06-03 08:42:16'), 'mag': 5.3}]",6,29
648,2008-05-29 10:36:49.181,1,"[{'lat': -54.744, 'long': 0.987, 'Time': Timestamp('2008-05-30 10:44:11'), 'mag': 5.7}]",1,24
649,2008-05-30 13:55:53.464,0,[],0,25
650,2008-05-11 17:12:23.519,0,[],0,6
651,2008-05-10 20:26:59.521,0,[],0,5
652,2008-06-03 23:40:23.624,1,"[{'lat': 52.176, 'long': -169.485, 'Time': Timestamp('2008-06-05 16:56:23'), 'mag': 5.0}, {'lat': 52.176, 'long': -169.485, 'Time': Timestamp('2008-06-05 16:56:23'), 'mag': 5.0}, {'lat': -22.569, 'long': -175.102, 'Time': Timestamp('2008-06-04 21:28:24'), 'mag': 5.2}, {'lat': -6.865, 'long': 150.741, 'Time': Timestamp('2008-06-05 02:56:44'), 'mag': 5.0}, {'lat': -6.865, 'long': 150.741, 'Time': Timestamp('2008-06-05 02:56:44'), 'mag': 5.0}, {'lat': -6.865, 'long': 150.741, 'Time': Timestamp('2008-06-05 02:56:44'), 'mag': 5.0}]",6,29
653,2008-05-25 07:51:25.722,0,[],0,19
654,2008-06-04 11:07:50.910,0,[],0,29
655,2008-05-28 14:26:52.281,1,"[{'lat': 64.005, 'long': -21.013, 'Time': Timestamp('2008-05-29 15:46:00'), 'mag': 6.3}, {'lat': -21.691, 'long': -68.343, 'Time': Timestamp('2008-05-28 17:35:28'), 'mag': 5.3}, {'lat': -13.102, 'long': -74.462, 'Time': Timestamp('2008-05-28 21:39:05'), 'mag': 5.2}, {'lat': -21.691, 'long': -68.343, 'Time': Timestamp('2008-05-28 17:35:28'), 'mag': 5.3}, {'lat': -13.102, 'long': -74.462, 'Time': Timestamp('2008-05-28 21:39:05'), 'mag': 5.2}, {'lat': -21.691, 'long': -68.343, 'Time': Timestamp('2008-05-28 17:35:28'), 'mag': 5.3}]",6,22
656,2008-05-19 20:55:55.714,0,[],0,13
657,2008-05-30 00:10:54.026,1,"[{'lat': -4.304, 'long': 152.628, 'Time': Timestamp('2008-05-30 23:22:29'), 'mag': 5.1}, {'lat': -4.304, 'long': 152.628, 'Time': Timestamp('2008-05-30 23:22:29'), 'mag': 5.1}, {'lat': -4.304, 'long': 152.628, 'Time': Timestamp('2008-05-30 23:22:29'), 'mag': 5.1}]",3,23
658,2008-05-24 08:20:23.349,0,[],0,17
659,2008-06-02 11:38:53.344,0,[],0,26
660,2008-05-18 14:57:51.043,0,[],0,11
661,2008-05-26 18:13:23.452,1,"[{'lat': 13.616, 'long': -91.02, 'Time': Timestamp('2008-05-27 11:27:55'), 'mag': 5.7}, {'lat': 13.616, 'long': -91.02, 'Time': Timestamp('2008-05-27 11:27:55'), 'mag': 5.7}, {'lat': 13.616, 'long': -91.02, 'Time': Timestamp('2008-05-27 11:27:55'), 'mag': 5.7}]",3,19
662,2008-05-21 21:26:25.792,0,[],0,14
663,2008-06-03 08:52:53.557,0,[],0,26
664,2008-05-21 17:06:23.826,0,[],0,13
665,2008-05-16 20:20:51.636,0,[],0,8
666,2008-05-21 23:34:23.932,1,"[{'lat': 51.638, 'long': 177.916, 'Time': Timestamp('2008-05-23 03:33:09'), 'mag': 5.4}, {'lat': 51.638, 'long': 177.916, 'Time': Timestamp('2008-05-23 03:33:09'), 'mag': 5.4}, {'lat': 51.638, 'long': 177.916, 'Time': Timestamp('2008-05-23 03:33:09'), 'mag': 5.4}, {'lat': -59.001, 'long': 149.045, 'Time': Timestamp('2008-05-23 06:43:22'), 'mag': 5.0}]",4,13
667,2008-06-08 07:45:24.256,0,[],0,30
668,2008-05-15 11:01:52.986,1,"[{'lat': -57.911, 'long': -25.483, 'Time': Timestamp('2008-05-15 14:23:28'), 'mag': 5.9}, {'lat': -56.049, 'long': -27.483, 'Time': Timestamp('2008-05-15 21:44:02'), 'mag': 5.0}, {'lat': -57.911, 'long': -25.483, 'Time': Timestamp('2008-05-15 14:23:28'), 'mag': 5.9}, {'lat': -56.049, 'long': -27.483, 'Time': Timestamp('2008-05-15 21:44:02'), 'mag': 5.0}]",4,6
669,2008-06-01 14:20:48.710,0,[],0,23
670,2008-05-23 17:36:53.228,1,"[{'lat': 4.33, 'long': -73.764, 'Time': Timestamp('2008-05-24 19:20:42'), 'mag': 5.9}, {'lat': 15.288, 'long': -91.894, 'Time': Timestamp('2008-05-25 05:45:12'), 'mag': 5.0}, {'lat': 4.33, 'long': -73.764, 'Time': Timestamp('2008-05-24 19:20:42'), 'mag': 5.9}, {'lat': 15.288, 'long': -91.894, 'Time': Timestamp('2008-05-25 05:45:12'), 'mag': 5.0}, {'lat': 4.33, 'long': -73.764, 'Time': Timestamp('2008-05-24 19:20:42'), 'mag': 5.9}, {'lat': -23.199, 'long': -115.087, 'Time': Timestamp('2008-05-23 23:04:06'), 'mag': 5.3}, {'lat': -23.199, 'long': -115.087, 'Time': Timestamp('2008-05-23 23:04:06'), 'mag': 5.3}, {'lat': -23.199, 'long': -115.087, 'Time': Timestamp('2008-05-23 23:04:06'), 'mag': 5.3}]",8,14
671,2008-05-24 20:47:52.141,1,"[{'lat': 44.213, 'long': -129.393, 'Time': Timestamp('2008-05-24 23:23:06'), 'mag': 5.1}, {'lat': 44.213, 'long': -129.393, 'Time': Timestamp('2008-05-24 23:23:06'), 'mag': 5.1}, {'lat': -62.826, 'long': -158.035, 'Time': Timestamp('2008-05-25 01:46:25'), 'mag': 5.2}, {'lat': -62.826, 'long': -158.035, 'Time': Timestamp('2008-05-25 01:46:25'), 'mag': 5.2}, {'lat': 55.9055, 'long': -153.5083, 'Time': Timestamp('2008-05-25 19:18:24'), 'mag': 6.0}]",5,15
672,2008-05-24 00:04:53.333,1,"[{'lat': 55.9055, 'long': -153.5083, 'Time': Timestamp('2008-05-25 19:18:24'), 'mag': 6.0}, {'lat': -19.384, 'long': 169.508, 'Time': Timestamp('2008-05-24 10:28:43'), 'mag': 5.1}, {'lat': -19.384, 'long': 169.508, 'Time': Timestamp('2008-05-24 10:28:43'), 'mag': 5.1}, {'lat': -19.384, 'long': 169.508, 'Time': Timestamp('2008-05-24 10:28:43'), 'mag': 5.1}, {'lat': -7.181, 'long': 156.069, 'Time': Timestamp('2008-05-24 13:24:05'), 'mag': 5.9}, {'lat': -7.181, 'long': 156.069, 'Time': Timestamp('2008-05-24 13:24:05'), 'mag': 5.9}, {'lat': -7.181, 'long': 156.069, 'Time': Timestamp('2008-05-24 13:24:05'), 'mag': 5.9}]",7,14
673,2008-05-28 04:59:22.934,0,[],0,18
674,2008-06-01 13:12:23.548,1,"[{'lat': -37.671, 'long': -17.116, 'Time': Timestamp('2008-06-02 01:58:45'), 'mag': 5.0}, {'lat': -37.602, 'long': -17.635, 'Time': Timestamp('2008-06-02 02:17:17'), 'mag': 5.0}, {'lat': -37.671, 'long': -17.116, 'Time': Timestamp('2008-06-02 01:58:45'), 'mag': 5.0}, {'lat': -37.602, 'long': -17.635, 'Time': Timestamp('2008-06-02 02:17:17'), 'mag': 5.0}, {'lat': -37.602, 'long': -17.635, 'Time': Timestamp('2008-06-02 02:17:17'), 'mag': 5.0}]",5,22
675,2008-06-02 16:29:53.602,0,[],0,23
676,2008-05-26 19:44:23.968,0,[],0,16
677,2008-05-15 22:58:23.707,1,"[{'lat': -32.544, 'long': -178.356, 'Time': Timestamp('2008-05-16 11:06:50'), 'mag': 5.4}, {'lat': -32.223, 'long': -178.091, 'Time': Timestamp('2008-05-17 09:40:46'), 'mag': 5.2}, {'lat': -32.544, 'long': -178.356, 'Time': Timestamp('2008-05-16 11:06:50'), 'mag': 5.4}, {'lat': -32.223, 'long': -178.091, 'Time': Timestamp('2008-05-17 09:40:46'), 'mag': 5.2}, {'lat': -32.544, 'long': -178.356, 'Time': Timestamp('2008-05-16 11:06:50'), 'mag': 5.4}, {'lat': -32.223, 'long': -178.091, 'Time': Timestamp('2008-05-17 09:40:46'), 'mag': 5.2}]",6,5
678,2008-05-19 07:08:27.134,0,[],0,8
679,2008-05-23 10:24:25.089,0,[],0,12
680,2008-06-08 13:43:23.949,0,[],0,28
681,2008-06-08 17:00:24.003,1,"[{'lat': 13.346, 'long': -90.672, 'Time': Timestamp('2008-06-09 07:33:28'), 'mag': 5.0}, {'lat': 13.346, 'long': -90.672, 'Time': Timestamp('2008-06-09 07:33:28'), 'mag': 5.0}, {'lat': 13.346, 'long': -90.672, 'Time': Timestamp('2008-06-09 07:33:28'), 'mag': 5.0}]",3,28
682,2008-05-22 20:14:54.056,0,[],0,11
683,2008-06-05 23:28:23.108,1,"[{'lat': -22.457, 'long': -175.069, 'Time': Timestamp('2008-06-07 21:53:12'), 'mag': 5.2}, {'lat': -22.457, 'long': -175.069, 'Time': Timestamp('2008-06-07 21:53:12'), 'mag': 5.2}, {'lat': -22.457, 'long': -175.069, 'Time': Timestamp('2008-06-07 21:53:12'), 'mag': 5.2}, {'lat': -7.435, 'long': 156.143, 'Time': Timestamp('2008-06-06 03:42:50'), 'mag': 5.1}, {'lat': -7.435, 'long': 156.143, 'Time': Timestamp('2008-06-06 03:42:50'), 'mag': 5.1}, {'lat': -7.435, 'long': 156.143, 'Time': Timestamp('2008-06-06 03:42:50'), 'mag': 5.1}]",6,25
684,2008-05-28 07:38:52.439,0,[],0,16
685,2008-05-25 10:55:20.395,0,[],0,13
686,2008-05-28 14:14:20.661,1,"[{'lat': 64.005, 'long': -21.013, 'Time': Timestamp('2008-05-29 15:46:00'), 'mag': 6.3}, {'lat': -21.691, 'long': -68.343, 'Time': Timestamp('2008-05-28 17:35:28'), 'mag': 5.3}, {'lat': -21.691, 'long': -68.343, 'Time': Timestamp('2008-05-28 17:35:28'), 'mag': 5.3}, {'lat': -21.691, 'long': -68.343, 'Time': Timestamp('2008-05-28 17:35:28'), 'mag': 5.3}]",4,16
687,2008-06-08 17:30:53.404,1,"[{'lat': 13.346, 'long': -90.672, 'Time': Timestamp('2008-06-09 07:33:28'), 'mag': 5.0}]",1,27
688,2008-06-03 20:41:52.318,0,[],0,22
689,2008-05-20 23:58:53.510,1,"[{'lat': -9.946, 'long': 150.914, 'Time': Timestamp('2008-05-21 01:30:24'), 'mag': 5.2}, {'lat': -9.981, 'long': 150.891, 'Time': Timestamp('2008-05-21 02:45:52'), 'mag': 5.4}, {'lat': -9.946, 'long': 150.914, 'Time': Timestamp('2008-05-21 01:30:24'), 'mag': 5.2}, {'lat': -9.981, 'long': 150.891, 'Time': Timestamp('2008-05-21 02:45:52'), 'mag': 5.4}, {'lat': -9.946, 'long': 150.914, 'Time': Timestamp('2008-05-21 01:30:24'), 'mag': 5.2}, {'lat': -9.981, 'long': 150.891, 'Time': Timestamp('2008-05-21 02:45:52'), 'mag': 5.4}]",6,8
690,2008-05-30 03:15:26.086,1,"[{'lat': 39.983, 'long': 142.604, 'Time': Timestamp('2008-05-31 14:28:35'), 'mag': 5.0}, {'lat': 39.983, 'long': 142.604, 'Time': Timestamp('2008-05-31 14:28:35'), 'mag': 5.0}, {'lat': 30.802, 'long': 141.523, 'Time': Timestamp('2008-05-30 07:25:39'), 'mag': 5.8}, {'lat': 39.983, 'long': 142.604, 'Time': Timestamp('2008-05-31 14:28:35'), 'mag': 5.0}, {'lat': 30.802, 'long': 141.523, 'Time': Timestamp('2008-05-30 07:25:39'), 'mag': 5.8}, {'lat': 20.124, 'long': 121.35, 'Time': Timestamp('2008-06-01 01:57:23'), 'mag': 6.3}, {'lat': 20.124, 'long': 121.35, 'Time': Timestamp('2008-06-01 01:57:23'), 'mag': 6.3}]",7,17
691,2008-06-02 06:31:26.496,1,"[{'lat': 37.347, 'long': 72.146, 'Time': Timestamp('2008-06-04 04:17:40'), 'mag': 5.0}, {'lat': 37.347, 'long': 72.146, 'Time': Timestamp('2008-06-04 04:17:40'), 'mag': 5.0}, {'lat': 37.347, 'long': 72.146, 'Time': Timestamp('2008-06-04 04:17:40'), 'mag': 5.0}, {'lat': -3.444, 'long': 68.312, 'Time': Timestamp('2008-06-03 08:42:16'), 'mag': 5.3}]",4,20
692,2008-05-23 09:46:48.001,0,[],0,10
693,2008-05-22 13:06:23.725,1,"[{'lat': 42.386, 'long': -30.515, 'Time': Timestamp('2008-05-24 04:58:18'), 'mag': 5.5}, {'lat': 42.386, 'long': -30.515, 'Time': Timestamp('2008-05-24 04:58:18'), 'mag': 5.5}, {'lat': 42.386, 'long': -30.515, 'Time': Timestamp('2008-05-24 04:58:18'), 'mag': 5.5}, {'lat': 7.313, 'long': -34.897, 'Time': Timestamp('2008-05-23 19:35:34'), 'mag': 6.5}, {'lat': 7.313, 'long': -34.897, 'Time': Timestamp('2008-05-23 19:35:34'), 'mag': 6.5}]",5,9
694,2008-05-23 16:23:53.778,1,"[{'lat': 4.33, 'long': -73.764, 'Time': Timestamp('2008-05-24 19:20:42'), 'mag': 5.9}, {'lat': 4.33, 'long': -73.764, 'Time': Timestamp('2008-05-24 19:20:42'), 'mag': 5.9}, {'lat': -22.853, 'long': -68.82, 'Time': Timestamp('2008-05-23 20:46:16'), 'mag': 5.2}, {'lat': -22.853, 'long': -68.82, 'Time': Timestamp('2008-05-23 20:46:16'), 'mag': 5.2}, {'lat': -22.853, 'long': -68.82, 'Time': Timestamp('2008-05-23 20:46:16'), 'mag': 5.2}, {'lat': -41.957, 'long': -72.187, 'Time': Timestamp('2008-05-24 02:43:36'), 'mag': 5.4}, {'lat': -42.025, 'long': -72.206, 'Time': Timestamp('2008-05-24 06:26:23'), 'mag': 5.0}, {'lat': -41.957, 'long': -72.187, 'Time': Timestamp('2008-05-24 02:43:36'), 'mag': 5.4}, {'lat': -42.025, 'long': -72.206, 'Time': Timestamp('2008-05-24 06:26:23'), 'mag': 5.0}, {'lat': -41.957, 'long': -72.187, 'Time': Timestamp('2008-05-24 02:43:36'), 'mag': 5.4}, {'lat': -42.025, 'long': -72.206, 'Time': Timestamp('2008-05-24 06:26:23'), 'mag': 5.0}, {'lat': 15.288, 'long': -91.894, 'Time': Timestamp('2008-05-25 05:45:12'), 'mag': 5.0}, {'lat': 15.288, 'long': -91.894, 'Time': Timestamp('2008-05-25 05:45:12'), 'mag': 5.0}, {'lat': 15.288, 'long': -91.894, 'Time': Timestamp('2008-05-25 05:45:12'), 'mag': 5.0}]",14,10
695,2008-06-12 19:38:23.831,1,"[{'lat': 44.234, 'long': -129.197, 'Time': Timestamp('2008-06-14 06:47:09'), 'mag': 5.2}, {'lat': 44.234, 'long': -129.197, 'Time': Timestamp('2008-06-14 06:47:09'), 'mag': 5.2}]",2,30
696,2008-06-02 00:29:18.677,1,"[{'lat': -10.509, 'long': 161.273, 'Time': Timestamp('2008-06-03 16:20:50'), 'mag': 6.2}, {'lat': -10.509, 'long': 161.273, 'Time': Timestamp('2008-06-03 16:20:50'), 'mag': 6.2}, {'lat': -10.509, 'long': 161.273, 'Time': Timestamp('2008-06-03 16:20:50'), 'mag': 6.2}]",3,19
697,2008-05-26 05:23:53.512,1,"[{'lat': 32.699, 'long': 105.533, 'Time': Timestamp('2008-05-27 08:03:22'), 'mag': 5.2}, {'lat': 32.71, 'long': 105.54, 'Time': Timestamp('2008-05-27 08:37:51'), 'mag': 5.7}, {'lat': 32.67, 'long': 105.382, 'Time': Timestamp('2008-05-27 17:35:09'), 'mag': 5.0}, {'lat': 32.699, 'long': 105.533, 'Time': Timestamp('2008-05-27 08:03:22'), 'mag': 5.2}, {'lat': 32.71, 'long': 105.54, 'Time': Timestamp('2008-05-27 08:37:51'), 'mag': 5.7}, {'lat': 32.67, 'long': 105.382, 'Time': Timestamp('2008-05-27 17:35:09'), 'mag': 5.0}]",6,12
698,2008-06-04 08:38:52.360,0,[],0,21
699,2008-06-02 11:57:53.231,0,[],0,19
700,2008-06-13 15:16:14.178,1,"[{'lat': -23.076, 'long': -66.417, 'Time': Timestamp('2008-06-15 12:21:28'), 'mag': 5.0}]",1,30
701,2008-05-27 21:44:20.367,1,"[{'lat': -25.201, 'long': -176.529, 'Time': Timestamp('2008-05-28 14:51:28'), 'mag': 5.0}, {'lat': -33.224, 'long': -179.019, 'Time': Timestamp('2008-05-28 09:21:31'), 'mag': 5.0}, {'lat': -25.201, 'long': -176.529, 'Time': Timestamp('2008-05-28 14:51:28'), 'mag': 5.0}, {'lat': -33.224, 'long': -179.019, 'Time': Timestamp('2008-05-28 09:21:31'), 'mag': 5.0}, {'lat': -25.201, 'long': -176.529, 'Time': Timestamp('2008-05-28 14:51:28'), 'mag': 5.0}]",5,13
702,2008-05-30 00:59:18.210,1,"[{'lat': -4.304, 'long': 152.628, 'Time': Timestamp('2008-05-30 23:22:29'), 'mag': 5.1}, {'lat': 39.983, 'long': 142.604, 'Time': Timestamp('2008-05-31 14:28:35'), 'mag': 5.0}, {'lat': 30.802, 'long': 141.523, 'Time': Timestamp('2008-05-30 07:25:39'), 'mag': 5.8}, {'lat': 39.983, 'long': 142.604, 'Time': Timestamp('2008-05-31 14:28:35'), 'mag': 5.0}, {'lat': 30.802, 'long': 141.523, 'Time': Timestamp('2008-05-30 07:25:39'), 'mag': 5.8}, {'lat': 39.983, 'long': 142.604, 'Time': Timestamp('2008-05-31 14:28:35'), 'mag': 5.0}, {'lat': 30.802, 'long': 141.523, 'Time': Timestamp('2008-05-30 07:25:39'), 'mag': 5.8}]",7,15
703,2008-06-02 05:54:24.496,1,"[{'lat': 32.067, 'long': 104.602, 'Time': Timestamp('2008-06-03 03:09:29'), 'mag': 5.0}, {'lat': 32.067, 'long': 104.602, 'Time': Timestamp('2008-06-03 03:09:29'), 'mag': 5.0}, {'lat': 0.354, 'long': 97.759, 'Time': Timestamp('2008-06-03 10:15:50'), 'mag': 5.3}, {'lat': -2.077, 'long': 99.975, 'Time': Timestamp('2008-06-03 22:49:57'), 'mag': 5.2}, {'lat': 0.354, 'long': 97.759, 'Time': Timestamp('2008-06-03 10:15:50'), 'mag': 5.3}, {'lat': -2.077, 'long': 99.975, 'Time': Timestamp('2008-06-03 22:49:57'), 'mag': 5.2}, {'lat': 0.354, 'long': 97.759, 'Time': Timestamp('2008-06-03 10:15:50'), 'mag': 5.3}, {'lat': 37.347, 'long': 72.146, 'Time': Timestamp('2008-06-04 04:17:40'), 'mag': 5.0}, {'lat': 37.347, 'long': 72.146, 'Time': Timestamp('2008-06-04 04:17:40'), 'mag': 5.0}, {'lat': 37.347, 'long': 72.146, 'Time': Timestamp('2008-06-04 04:17:40'), 'mag': 5.0}, {'lat': -3.444, 'long': 68.312, 'Time': Timestamp('2008-06-03 08:42:16'), 'mag': 5.3}, {'lat': -3.444, 'long': 68.312, 'Time': Timestamp('2008-06-03 08:42:16'), 'mag': 5.3}]",12,18
704,2008-05-25 09:09:50.565,0,[],0,10
705,2008-05-25 12:28:53.632,1,"[{'lat': -54.352, 'long': -55.888, 'Time': Timestamp('2008-05-25 15:39:49'), 'mag': 5.2}, {'lat': -54.352, 'long': -55.888, 'Time': Timestamp('2008-05-25 15:39:49'), 'mag': 5.2}]",2,10
706,2008-05-27 15:46:46.130,1,"[{'lat': -21.691, 'long': -68.343, 'Time': Timestamp('2008-05-28 17:35:28'), 'mag': 5.3}, {'lat': -21.691, 'long': -68.343, 'Time': Timestamp('2008-05-28 17:35:28'), 'mag': 5.3}, {'lat': -21.691, 'long': -68.343, 'Time': Timestamp('2008-05-28 17:35:28'), 'mag': 5.3}, {'lat': -13.102, 'long': -74.462, 'Time': Timestamp('2008-05-28 21:39:05'), 'mag': 5.2}, {'lat': -13.102, 'long': -74.462, 'Time': Timestamp('2008-05-28 21:39:05'), 'mag': 5.2}]",5,12
707,2008-06-02 19:01:53.740,0,[],0,18
708,2008-06-07 14:39:22.588,1,"[{'lat': -20.876, 'long': -68.368, 'Time': Timestamp('2008-06-08 15:05:01'), 'mag': 5.2}, {'lat': -20.876, 'long': -68.368, 'Time': Timestamp('2008-06-08 15:05:01'), 'mag': 5.2}, {'lat': -20.876, 'long': -68.368, 'Time': Timestamp('2008-06-08 15:05:01'), 'mag': 5.2}]",3,22
709,2008-05-28 17:55:23.115,1,"[{'lat': 8.391, 'long': -82.917, 'Time': Timestamp('2008-05-30 05:35:41'), 'mag': 5.1}, {'lat': 8.391, 'long': -82.917, 'Time': Timestamp('2008-05-30 05:35:41'), 'mag': 5.1}, {'lat': 8.391, 'long': -82.917, 'Time': Timestamp('2008-05-30 05:35:41'), 'mag': 5.1}]",3,12
710,2008-06-05 21:06:26.671,0,[],0,20
711,2008-05-31 00:22:46.546,1,"[{'lat': -20.062, 'long': 168.601, 'Time': Timestamp('2008-06-01 22:30:50'), 'mag': 5.2}, {'lat': -20.062, 'long': 168.601, 'Time': Timestamp('2008-06-01 22:30:50'), 'mag': 5.2}, {'lat': -59.384, 'long': 149.66, 'Time': Timestamp('2008-06-01 14:31:03'), 'mag': 6.5}, {'lat': 51.739, 'long': 159.189, 'Time': Timestamp('2008-06-01 09:24:28'), 'mag': 5.2}, {'lat': 51.624, 'long': 159.283, 'Time': Timestamp('2008-06-01 16:35:06'), 'mag': 5.1}, {'lat': 51.739, 'long': 159.189, 'Time': Timestamp('2008-06-01 09:24:28'), 'mag': 5.2}, {'lat': 51.624, 'long': 159.283, 'Time': Timestamp('2008-06-01 16:35:06'), 'mag': 5.1}, {'lat': 51.739, 'long': 159.189, 'Time': Timestamp('2008-06-01 09:24:28'), 'mag': 5.2}, {'lat': 51.624, 'long': 159.283, 'Time': Timestamp('2008-06-01 16:35:06'), 'mag': 5.1}]",9,14
712,2008-06-03 05:17:52.821,1,"[{'lat': 32.349, 'long': 105.005, 'Time': Timestamp('2008-06-05 04:41:05'), 'mag': 5.2}, {'lat': 32.349, 'long': 105.005, 'Time': Timestamp('2008-06-05 04:41:05'), 'mag': 5.2}, {'lat': 0.354, 'long': 97.759, 'Time': Timestamp('2008-06-03 10:15:50'), 'mag': 5.3}, {'lat': -2.077, 'long': 99.975, 'Time': Timestamp('2008-06-03 22:49:57'), 'mag': 5.2}, {'lat': 0.354, 'long': 97.759, 'Time': Timestamp('2008-06-03 10:15:50'), 'mag': 5.3}, {'lat': -2.077, 'long': 99.975, 'Time': Timestamp('2008-06-03 22:49:57'), 'mag': 5.2}, {'lat': 0.354, 'long': 97.759, 'Time': Timestamp('2008-06-03 10:15:50'), 'mag': 5.3}, {'lat': -2.077, 'long': 99.975, 'Time': Timestamp('2008-06-03 22:49:57'), 'mag': 5.2}, {'lat': 37.347, 'long': 72.146, 'Time': Timestamp('2008-06-04 04:17:40'), 'mag': 5.0}, {'lat': -3.444, 'long': 68.312, 'Time': Timestamp('2008-06-03 08:42:16'), 'mag': 5.3}, {'lat': -3.444, 'long': 68.312, 'Time': Timestamp('2008-06-03 08:42:16'), 'mag': 5.3}, {'lat': -3.444, 'long': 68.312, 'Time': Timestamp('2008-06-03 08:42:16'), 'mag': 5.3}]",12,17
713,2008-05-31 08:34:21.780,1,"[{'lat': -54.816, 'long': 0.979, 'Time': Timestamp('2008-06-01 00:31:14'), 'mag': 5.5}]",1,14
714,2008-05-23 11:51:23.408,1,"[{'lat': -0.304, 'long': -18.813, 'Time': Timestamp('2008-05-24 13:21:29'), 'mag': 5.1}, {'lat': -0.304, 'long': -18.813, 'Time': Timestamp('2008-05-24 13:21:29'), 'mag': 5.1}, {'lat': -0.304, 'long': -18.813, 'Time': Timestamp('2008-05-24 13:21:29'), 'mag': 5.1}]",3,6
715,2008-05-25 15:09:56.531,1,"[{'lat': -54.352, 'long': -55.888, 'Time': Timestamp('2008-05-25 15:39:49'), 'mag': 5.2}, {'lat': -54.352, 'long': -55.888, 'Time': Timestamp('2008-05-25 15:39:49'), 'mag': 5.2}, {'lat': 4.729, 'long': -82.633, 'Time': Timestamp('2008-05-25 23:15:57'), 'mag': 5.1}]",3,8
716,2008-05-29 18:25:23.515,1,"[{'lat': 8.391, 'long': -82.917, 'Time': Timestamp('2008-05-30 05:35:41'), 'mag': 5.1}]",1,12
717,2008-05-25 21:39:23.982,0,[],0,8
718,2008-06-03 00:53:18.387,1,"[{'lat': -10.509, 'long': 161.273, 'Time': Timestamp('2008-06-03 16:20:50'), 'mag': 6.2}, {'lat': -10.509, 'long': 161.273, 'Time': Timestamp('2008-06-03 16:20:50'), 'mag': 6.2}, {'lat': -10.509, 'long': 161.273, 'Time': Timestamp('2008-06-03 16:20:50'), 'mag': 6.2}, {'lat': 41.538, 'long': 139.058, 'Time': Timestamp('2008-06-04 17:03:06'), 'mag': 5.7}, {'lat': -2.48, 'long': 140.021, 'Time': Timestamp('2008-06-04 11:49:53'), 'mag': 5.0}, {'lat': -2.48, 'long': 140.021, 'Time': Timestamp('2008-06-04 11:49:53'), 'mag': 5.0}, {'lat': -2.48, 'long': 140.021, 'Time': Timestamp('2008-06-04 11:49:53'), 'mag': 5.0}]",7,16
719,2008-05-24 05:48:26.113,1,"[{'lat': 32.56, 'long': 105.423, 'Time': Timestamp('2008-05-25 08:21:49'), 'mag': 6.1}, {'lat': 32.56, 'long': 105.423, 'Time': Timestamp('2008-05-25 08:21:49'), 'mag': 6.1}]",2,6
720,2008-06-02 09:03:22.069,0,[],0,15
721,2008-06-16 12:22:53.809,0,[],0,29
722,2008-06-07 15:40:44.868,1,"[{'lat': -20.876, 'long': -68.368, 'Time': Timestamp('2008-06-08 15:05:01'), 'mag': 5.2}, {'lat': -20.876, 'long': -68.368, 'Time': Timestamp('2008-06-08 15:05:01'), 'mag': 5.2}, {'lat': -20.876, 'long': -68.368, 'Time': Timestamp('2008-06-08 15:05:01'), 'mag': 5.2}]",3,20
723,2008-06-10 22:09:52.162,1,"[{'lat': -20.54, 'long': 169.993, 'Time': Timestamp('2008-06-12 02:04:58'), 'mag': 5.2}, {'lat': -20.54, 'long': 169.993, 'Time': Timestamp('2008-06-12 02:04:58'), 'mag': 5.2}, {'lat': -33.401, 'long': 179.911, 'Time': Timestamp('2008-06-11 02:30:08'), 'mag': 5.5}, {'lat': -20.54, 'long': 169.993, 'Time': Timestamp('2008-06-12 02:04:58'), 'mag': 5.2}, {'lat': -33.401, 'long': 179.911, 'Time': Timestamp('2008-06-11 02:30:08'), 'mag': 5.5}, {'lat': -37.556, 'long': 177.089, 'Time': Timestamp('2008-06-12 21:06:24'), 'mag': 5.2}, {'lat': -33.401, 'long': 179.911, 'Time': Timestamp('2008-06-11 02:30:08'), 'mag': 5.5}, {'lat': -37.556, 'long': 177.089, 'Time': Timestamp('2008-06-12 21:06:24'), 'mag': 5.2}]",8,23
724,2008-05-28 07:57:24.647,0,[],0,9
725,2008-05-28 11:14:23.183,1,"[{'lat': -54.744, 'long': 0.987, 'Time': Timestamp('2008-05-30 10:44:11'), 'mag': 5.7}]",1,9
726,2008-05-30 16:11:20.698,0,[],0,11
727,2008-06-05 19:26:23.318,0,[],0,17
728,2008-06-11 22:39:53.370,1,"[{'lat': -10.791, 'long': 165.938, 'Time': Timestamp('2008-06-13 19:40:35'), 'mag': 5.1}, {'lat': -10.791, 'long': 165.938, 'Time': Timestamp('2008-06-13 19:40:35'), 'mag': 5.1}, {'lat': -20.54, 'long': 169.993, 'Time': Timestamp('2008-06-12 02:04:58'), 'mag': 5.2}, {'lat': -10.791, 'long': 165.938, 'Time': Timestamp('2008-06-13 19:40:35'), 'mag': 5.1}, {'lat': -20.54, 'long': 169.993, 'Time': Timestamp('2008-06-12 02:04:58'), 'mag': 5.2}, {'lat': -37.556, 'long': 177.089, 'Time': Timestamp('2008-06-12 21:06:24'), 'mag': 5.2}]",6,23
729,2008-05-25 01:54:17.084,0,[],0,5
730,2008-06-14 06:49:54.464,0,[],0,25
731,2008-06-12 10:05:50.656,0,[],0,23
732,2008-05-31 13:24:53.612,1,"[{'lat': -37.671, 'long': -17.116, 'Time': Timestamp('2008-06-02 01:58:45'), 'mag': 5.0}, {'lat': -37.602, 'long': -17.635, 'Time': Timestamp('2008-06-02 02:17:17'), 'mag': 5.0}]",2,11
733,2008-06-14 16:41:53.665,1,"[{'lat': -23.076, 'long': -66.417, 'Time': Timestamp('2008-06-15 12:21:28'), 'mag': 5.0}, {'lat': -23.076, 'long': -66.417, 'Time': Timestamp('2008-06-15 12:21:28'), 'mag': 5.0}, {'lat': -23.076, 'long': -66.417, 'Time': Timestamp('2008-06-15 12:21:28'), 'mag': 5.0}, {'lat': 10.616, 'long': -86.173, 'Time': Timestamp('2008-06-15 08:18:50'), 'mag': 5.2}, {'lat': 10.616, 'long': -86.173, 'Time': Timestamp('2008-06-15 08:18:50'), 'mag': 5.2}, {'lat': -36.623, 'long': -107.45, 'Time': Timestamp('2008-06-15 08:37:17'), 'mag': 6.0}, {'lat': -36.623, 'long': -107.45, 'Time': Timestamp('2008-06-15 08:37:17'), 'mag': 6.0}, {'lat': -36.623, 'long': -107.45, 'Time': Timestamp('2008-06-15 08:37:17'), 'mag': 6.0}]",8,25
734,2008-05-28 19:56:23.718,1,"[{'lat': 50.458, 'long': -130.41, 'Time': Timestamp('2008-05-30 12:38:29'), 'mag': 5.0}, {'lat': 50.458, 'long': -130.41, 'Time': Timestamp('2008-05-30 12:38:29'), 'mag': 5.0}, {'lat': 50.458, 'long': -130.41, 'Time': Timestamp('2008-05-30 12:38:29'), 'mag': 5.0}]",3,8
735,2008-06-11 23:10:23.772,1,"[{'lat': -9.517, 'long': 159.438, 'Time': Timestamp('2008-06-13 07:51:56'), 'mag': 5.0}, {'lat': -10.791, 'long': 165.938, 'Time': Timestamp('2008-06-13 19:40:35'), 'mag': 5.1}, {'lat': -9.517, 'long': 159.438, 'Time': Timestamp('2008-06-13 07:51:56'), 'mag': 5.0}, {'lat': -10.791, 'long': 165.938, 'Time': Timestamp('2008-06-13 19:40:35'), 'mag': 5.1}, {'lat': -20.54, 'long': 169.993, 'Time': Timestamp('2008-06-12 02:04:58'), 'mag': 5.2}, {'lat': -9.517, 'long': 159.438, 'Time': Timestamp('2008-06-13 07:51:56'), 'mag': 5.0}, {'lat': -10.791, 'long': 165.938, 'Time': Timestamp('2008-06-13 19:40:35'), 'mag': 5.1}, {'lat': -20.54, 'long': 169.993, 'Time': Timestamp('2008-06-12 02:04:58'), 'mag': 5.2}]",8,22
736,2008-06-12 08:57:20.919,0,[],0,22
737,2008-06-07 12:16:23.121,0,[],0,17
738,2008-06-10 15:34:19.604,0,[],0,20
739,2008-06-06 23:40:23.307,1,"[{'lat': -22.457, 'long': -175.069, 'Time': Timestamp('2008-06-07 21:53:12'), 'mag': 5.2}]",1,16
740,2008-05-30 07:51:20.864,0,[],0,8
741,2008-06-01 11:07:50.593,1,"[{'lat': -37.671, 'long': -17.116, 'Time': Timestamp('2008-06-02 01:58:45'), 'mag': 5.0}, {'lat': -37.602, 'long': -17.635, 'Time': Timestamp('2008-06-02 02:17:17'), 'mag': 5.0}, {'lat': -37.671, 'long': -17.116, 'Time': Timestamp('2008-06-02 01:58:45'), 'mag': 5.0}, {'lat': -37.602, 'long': -17.635, 'Time': Timestamp('2008-06-02 02:17:17'), 'mag': 5.0}]",4,10
742,2008-06-04 14:26:51.964,0,[],0,13
743,2008-06-20 17:42:53.602,0,[],0,29
744,2008-06-04 20:56:52.741,1,"[{'lat': -22.569, 'long': -175.102, 'Time': Timestamp('2008-06-04 21:28:24'), 'mag': 5.2}, {'lat': -33.761, 'long': -178.637, 'Time': Timestamp('2008-06-05 18:53:11'), 'mag': 5.0}]",2,13
745,2008-06-21 00:10:53.709,1,"[{'lat': -12.689, 'long': 166.695, 'Time': Timestamp('2008-06-22 20:18:41'), 'mag': 5.2}, {'lat': -12.689, 'long': 166.695, 'Time': Timestamp('2008-06-22 20:18:41'), 'mag': 5.2}, {'lat': -22.625, 'long': 171.155, 'Time': Timestamp('2008-06-21 00:29:14'), 'mag': 5.2}, {'lat': -12.689, 'long': 166.695, 'Time': Timestamp('2008-06-22 20:18:41'), 'mag': 5.2}, {'lat': -22.625, 'long': 171.155, 'Time': Timestamp('2008-06-21 00:29:14'), 'mag': 5.2}, {'lat': -5.396, 'long': 152.067, 'Time': Timestamp('2008-06-21 07:28:44'), 'mag': 5.1}, {'lat': -8.865, 'long': 157.804, 'Time': Timestamp('2008-06-22 07:22:06'), 'mag': 5.8}, {'lat': -8.809, 'long': 157.879, 'Time': Timestamp('2008-06-22 13:15:34'), 'mag': 5.3}, {'lat': -5.396, 'long': 152.067, 'Time': Timestamp('2008-06-21 07:28:44'), 'mag': 5.1}, {'lat': -8.865, 'long': 157.804, 'Time': Timestamp('2008-06-22 07:22:06'), 'mag': 5.8}, {'lat': -8.809, 'long': 157.879, 'Time': Timestamp('2008-06-22 13:15:34'), 'mag': 5.3}, {'lat': -5.396, 'long': 152.067, 'Time': Timestamp('2008-06-21 07:28:44'), 'mag': 5.1}, {'lat': -8.865, 'long': 157.804, 'Time': Timestamp('2008-06-22 07:22:06'), 'mag': 5.8}, {'lat': -8.809, 'long': 157.879, 'Time': Timestamp('2008-06-22 13:15:34'), 'mag': 5.3}]",14,29
746,2008-06-08 08:20:19.936,0,[],0,16
747,2008-06-02 11:39:23.896,0,[],0,10
748,2008-06-02 14:57:51.596,0,[],0,10
749,2008-06-20 18:13:24.003,1,"[{'lat': 16.704, 'long': -93.943, 'Time': Timestamp('2008-06-22 01:32:06'), 'mag': 5.1}, {'lat': 16.704, 'long': -93.943, 'Time': Timestamp('2008-06-22 01:32:06'), 'mag': 5.1}]",2,28
750,2008-06-19 21:27:24.470,1,"[{'lat': -15.264, 'long': -174.639, 'Time': Timestamp('2008-06-20 04:24:37'), 'mag': 5.1}, {'lat': -18.699, 'long': -174.661, 'Time': Timestamp('2008-06-20 00:18:32'), 'mag': 5.2}, {'lat': -15.264, 'long': -174.639, 'Time': Timestamp('2008-06-20 04:24:37'), 'mag': 5.1}, {'lat': -18.699, 'long': -174.661, 'Time': Timestamp('2008-06-20 00:18:32'), 'mag': 5.2}, {'lat': -15.264, 'long': -174.639, 'Time': Timestamp('2008-06-20 04:24:37'), 'mag': 5.1}, {'lat': -18.699, 'long': -174.661, 'Time': Timestamp('2008-06-20 00:18:32'), 'mag': 5.2}]",6,27
751,2008-06-19 00:41:17.876,1,"[{'lat': -14.366, 'long': 167.377, 'Time': Timestamp('2008-06-19 05:19:20'), 'mag': 5.1}, {'lat': -14.756, 'long': 167.336, 'Time': Timestamp('2008-06-19 20:36:09'), 'mag': 5.0}, {'lat': -14.366, 'long': 167.377, 'Time': Timestamp('2008-06-19 05:19:20'), 'mag': 5.1}, {'lat': -14.756, 'long': 167.336, 'Time': Timestamp('2008-06-19 20:36:09'), 'mag': 5.0}, {'lat': -22.625, 'long': 171.155, 'Time': Timestamp('2008-06-21 00:29:14'), 'mag': 5.2}, {'lat': -14.756, 'long': 167.336, 'Time': Timestamp('2008-06-19 20:36:09'), 'mag': 5.0}, {'lat': -22.625, 'long': 171.155, 'Time': Timestamp('2008-06-21 00:29:14'), 'mag': 5.2}, {'lat': -22.625, 'long': 171.155, 'Time': Timestamp('2008-06-21 00:29:14'), 'mag': 5.2}, {'lat': -2.586, 'long': 152.974, 'Time': Timestamp('2008-06-19 14:42:51'), 'mag': 5.1}, {'lat': -4.775, 'long': 148.922, 'Time': Timestamp('2008-06-20 03:16:02'), 'mag': 5.5}, {'lat': -2.586, 'long': 152.974, 'Time': Timestamp('2008-06-19 14:42:51'), 'mag': 5.1}, {'lat': -4.775, 'long': 148.922, 'Time': Timestamp('2008-06-20 03:16:02'), 'mag': 5.5}, {'lat': -4.775, 'long': 148.922, 'Time': Timestamp('2008-06-20 03:16:02'), 'mag': 5.5}]",13,26
752,2008-06-02 08:51:18.902,0,[],0,9
753,2008-06-08 12:10:23.297,0,[],0,15
754,2008-06-06 15:28:21.109,1,"[{'lat': -20.876, 'long': -68.368, 'Time': Timestamp('2008-06-08 15:05:01'), 'mag': 5.2}, {'lat': -12.385, 'long': -77.592, 'Time': Timestamp('2008-06-07 13:06:28'), 'mag': 5.0}, {'lat': -12.385, 'long': -77.592, 'Time': Timestamp('2008-06-07 13:06:28'), 'mag': 5.0}]",3,13
755,2008-06-19 18:43:49.286,0,[],0,26
756,2008-06-20 23:34:23.484,1,"[{'lat': -22.625, 'long': 171.155, 'Time': Timestamp('2008-06-21 00:29:14'), 'mag': 5.2}, {'lat': -5.396, 'long': 152.067, 'Time': Timestamp('2008-06-21 07:28:44'), 'mag': 5.1}, {'lat': -8.865, 'long': 157.804, 'Time': Timestamp('2008-06-22 07:22:06'), 'mag': 5.8}, {'lat': -8.809, 'long': 157.879, 'Time': Timestamp('2008-06-22 13:15:34'), 'mag': 5.3}, {'lat': -5.396, 'long': 152.067, 'Time': Timestamp('2008-06-21 07:28:44'), 'mag': 5.1}, {'lat': -8.865, 'long': 157.804, 'Time': Timestamp('2008-06-22 07:22:06'), 'mag': 5.8}, {'lat': -8.809, 'long': 157.879, 'Time': Timestamp('2008-06-22 13:15:34'), 'mag': 5.3}, {'lat': -12.689, 'long': 166.695, 'Time': Timestamp('2008-06-22 20:18:41'), 'mag': 5.2}, {'lat': -5.396, 'long': 152.067, 'Time': Timestamp('2008-06-21 07:28:44'), 'mag': 5.1}, {'lat': -8.865, 'long': 157.804, 'Time': Timestamp('2008-06-22 07:22:06'), 'mag': 5.8}, {'lat': -8.809, 'long': 157.879, 'Time': Timestamp('2008-06-22 13:15:34'), 'mag': 5.3}, {'lat': -12.689, 'long': 166.695, 'Time': Timestamp('2008-06-22 20:18:41'), 'mag': 5.2}, {'lat': -12.689, 'long': 166.695, 'Time': Timestamp('2008-06-22 20:18:41'), 'mag': 5.2}]",13,27
757,2008-06-06 07:45:23.808,0,[],0,12
758,2008-06-10 11:01:53.538,1,"[{'lat': 35.11, 'long': 26.19, 'Time': Timestamp('2008-06-12 00:20:45'), 'mag': 5.1}, {'lat': 35.11, 'long': 26.19, 'Time': Timestamp('2008-06-12 00:20:45'), 'mag': 5.1}, {'lat': -33.101, 'long': -15.859, 'Time': Timestamp('2008-06-11 12:30:04'), 'mag': 5.0}, {'lat': -33.101, 'long': -15.859, 'Time': Timestamp('2008-06-11 12:30:04'), 'mag': 5.0}, {'lat': -33.101, 'long': -15.859, 'Time': Timestamp('2008-06-11 12:30:04'), 'mag': 5.0}, {'lat': -56.719, 'long': -25.412, 'Time': Timestamp('2008-06-10 13:59:46'), 'mag': 5.0}, {'lat': -56.719, 'long': -25.412, 'Time': Timestamp('2008-06-10 13:59:46'), 'mag': 5.0}]",7,16
759,2008-06-05 14:20:49.262,0,[],0,11
760,2008-06-18 17:36:53.779,1,"[{'lat': 12.515, 'long': -87.716, 'Time': Timestamp('2008-06-19 02:26:38'), 'mag': 5.0}, {'lat': 12.515, 'long': -87.716, 'Time': Timestamp('2008-06-19 02:26:38'), 'mag': 5.0}, {'lat': 12.515, 'long': -87.716, 'Time': Timestamp('2008-06-19 02:26:38'), 'mag': 5.0}]",3,24
761,2008-06-12 20:50:52.918,1,"[{'lat': 44.234, 'long': -129.197, 'Time': Timestamp('2008-06-14 06:47:09'), 'mag': 5.2}, {'lat': 44.234, 'long': -129.197, 'Time': Timestamp('2008-06-14 06:47:09'), 'mag': 5.2}]",2,18
762,2008-06-03 00:04:53.886,1,"[{'lat': -10.509, 'long': 161.273, 'Time': Timestamp('2008-06-03 16:20:50'), 'mag': 6.2}, {'lat': -10.509, 'long': 161.273, 'Time': Timestamp('2008-06-03 16:20:50'), 'mag': 6.2}]",2,8
763,2008-06-20 04:59:32.894,1,"[{'lat': -3.086, 'long': 101.267, 'Time': Timestamp('2008-06-20 10:01:38'), 'mag': 5.0}, {'lat': -2.035, 'long': 98.704, 'Time': Timestamp('2008-06-20 12:24:58'), 'mag': 5.2}, {'lat': -3.086, 'long': 101.267, 'Time': Timestamp('2008-06-20 10:01:38'), 'mag': 5.0}, {'lat': -2.035, 'long': 98.704, 'Time': Timestamp('2008-06-20 12:24:58'), 'mag': 5.2}, {'lat': -3.086, 'long': 101.267, 'Time': Timestamp('2008-06-20 10:01:38'), 'mag': 5.0}, {'lat': -2.035, 'long': 98.704, 'Time': Timestamp('2008-06-20 12:24:58'), 'mag': 5.2}]",6,25
764,2008-06-07 08:15:50.224,0,[],0,12
765,2008-06-07 11:32:54.073,1,"[{'lat': 37.963, 'long': 21.525, 'Time': Timestamp('2008-06-08 12:25:29'), 'mag': 6.4}, {'lat': 37.963, 'long': 21.525, 'Time': Timestamp('2008-06-08 12:25:29'), 'mag': 6.4}, {'lat': 37.963, 'long': 21.525, 'Time': Timestamp('2008-06-08 12:25:29'), 'mag': 6.4}]",3,12
766,2008-06-22 14:51:16.564,0,[],0,27
767,2008-06-06 18:07:23.180,0,[],0,11
768,2008-06-14 21:21:22.319,1,"[{'lat': -17.735, 'long': -179.733, 'Time': Timestamp('2008-06-15 01:13:11'), 'mag': 5.9}, {'lat': -64.728, 'long': 177.402, 'Time': Timestamp('2008-06-16 20:13:01'), 'mag': 5.2}]",2,19
769,2008-06-05 00:35:18.052,1,"[{'lat': 52.176, 'long': -169.485, 'Time': Timestamp('2008-06-05 16:56:23'), 'mag': 5.0}, {'lat': 52.176, 'long': -169.485, 'Time': Timestamp('2008-06-05 16:56:23'), 'mag': 5.0}, {'lat': 31.066, 'long': 141.49, 'Time': Timestamp('2008-06-06 02:39:01'), 'mag': 5.0}, {'lat': 12.152, 'long': 143.866, 'Time': Timestamp('2008-06-05 11:02:04'), 'mag': 5.1}, {'lat': 12.152, 'long': 143.866, 'Time': Timestamp('2008-06-05 11:02:04'), 'mag': 5.1}, {'lat': -6.865, 'long': 150.741, 'Time': Timestamp('2008-06-05 02:56:44'), 'mag': 5.0}, {'lat': -7.435, 'long': 156.143, 'Time': Timestamp('2008-06-06 03:42:50'), 'mag': 5.1}, {'lat': -6.865, 'long': 150.741, 'Time': Timestamp('2008-06-05 02:56:44'), 'mag': 5.0}, {'lat': -6.865, 'long': 150.741, 'Time': Timestamp('2008-06-05 02:56:44'), 'mag': 5.0}]",9,9
770,2008-06-20 05:29:55.778,1,"[{'lat': -3.086, 'long': 101.267, 'Time': Timestamp('2008-06-20 10:01:38'), 'mag': 5.0}, {'lat': -2.035, 'long': 98.704, 'Time': Timestamp('2008-06-20 12:24:58'), 'mag': 5.2}, {'lat': -3.086, 'long': 101.267, 'Time': Timestamp('2008-06-20 10:01:38'), 'mag': 5.0}, {'lat': -2.035, 'long': 98.704, 'Time': Timestamp('2008-06-20 12:24:58'), 'mag': 5.2}, {'lat': -3.086, 'long': 101.267, 'Time': Timestamp('2008-06-20 10:01:38'), 'mag': 5.0}, {'lat': -2.035, 'long': 98.704, 'Time': Timestamp('2008-06-20 12:24:58'), 'mag': 5.2}, {'lat': 36.474, 'long': 70.234, 'Time': Timestamp('2008-06-21 19:52:16'), 'mag': 5.1}, {'lat': 36.474, 'long': 70.234, 'Time': Timestamp('2008-06-21 19:52:16'), 'mag': 5.1}]",8,24
771,2008-06-16 08:44:50.407,1,"[{'lat': 37.67, 'long': 22.78, 'Time': Timestamp('2008-06-18 01:58:42'), 'mag': 5.1}, {'lat': 37.67, 'long': 22.78, 'Time': Timestamp('2008-06-18 01:58:42'), 'mag': 5.1}]",2,20
772,2008-06-24 12:03:53.474,0,[],0,28
773,2008-06-13 15:22:14.421,1,"[{'lat': -23.076, 'long': -66.417, 'Time': Timestamp('2008-06-15 12:21:28'), 'mag': 5.0}]",1,17
774,2008-06-23 18:37:53.581,1,"[{'lat': -56.032, 'long': -144.435, 'Time': Timestamp('2008-06-25 02:35:16'), 'mag': 5.2}, {'lat': -56.015, 'long': -143.685, 'Time': Timestamp('2008-06-25 02:41:43'), 'mag': 5.3}, {'lat': -56.032, 'long': -144.435, 'Time': Timestamp('2008-06-25 02:35:16'), 'mag': 5.2}, {'lat': -56.015, 'long': -143.685, 'Time': Timestamp('2008-06-25 02:41:43'), 'mag': 5.3}, {'lat': -56.032, 'long': -144.435, 'Time': Timestamp('2008-06-25 02:35:16'), 'mag': 5.2}, {'lat': -56.015, 'long': -143.685, 'Time': Timestamp('2008-06-25 02:41:43'), 'mag': 5.3}]",6,27
775,2008-06-27 07:38:52.992,0,[],0,30
776,2008-06-04 10:55:21.082,0,[],0,7
777,2008-06-02 14:14:21.348,0,[],0,5
778,2008-06-20 17:30:53.091,1,"[{'lat': 16.704, 'long': -93.943, 'Time': Timestamp('2008-06-22 01:32:06'), 'mag': 5.1}, {'lat': 16.704, 'long': -93.943, 'Time': Timestamp('2008-06-22 01:32:06'), 'mag': 5.1}]",2,23
779,2008-06-08 20:44:52.229,0,[],0,11
780,2008-06-22 23:58:53.197,1,"[{'lat': 46.482, 'long': 153.267, 'Time': Timestamp('2008-06-23 12:32:12'), 'mag': 5.6}]",1,25
781,2008-06-13 06:31:24.152,0,[],0,15
782,2008-06-11 09:47:36.840,1,"[{'lat': 35.11, 'long': 26.19, 'Time': Timestamp('2008-06-12 00:20:45'), 'mag': 5.1}]",1,13
783,2008-06-04 13:06:23.412,0,[],0,6
784,2008-06-07 16:23:50.675,1,"[{'lat': -20.876, 'long': -68.368, 'Time': Timestamp('2008-06-08 15:05:01'), 'mag': 5.2}, {'lat': -20.876, 'long': -68.368, 'Time': Timestamp('2008-06-08 15:05:01'), 'mag': 5.2}, {'lat': -20.876, 'long': -68.368, 'Time': Timestamp('2008-06-08 15:05:01'), 'mag': 5.2}, {'lat': 13.346, 'long': -90.672, 'Time': Timestamp('2008-06-09 07:33:28'), 'mag': 5.0}, {'lat': 13.346, 'long': -90.672, 'Time': Timestamp('2008-06-09 07:33:28'), 'mag': 5.0}, {'lat': 13.346, 'long': -90.672, 'Time': Timestamp('2008-06-09 07:33:28'), 'mag': 5.0}]",6,9
785,2008-06-12 19:38:23.518,1,"[{'lat': 44.234, 'long': -129.197, 'Time': Timestamp('2008-06-14 06:47:09'), 'mag': 5.2}, {'lat': 44.234, 'long': -129.197, 'Time': Timestamp('2008-06-14 06:47:09'), 'mag': 5.2}]",2,14
786,2008-06-13 22:51:53.572,0,[],0,15
787,2008-06-24 07:01:54.677,1,"[{'lat': 40.039, 'long': 70.841, 'Time': Timestamp('2008-06-24 18:26:53'), 'mag': 5.0}]",1,25
788,2008-06-26 10:18:20.857,1,"[{'lat': -33.099, 'long': -16.037, 'Time': Timestamp('2008-06-28 08:56:57'), 'mag': 5.2}, {'lat': -33.099, 'long': -16.037, 'Time': Timestamp('2008-06-28 08:56:57'), 'mag': 5.2}, {'lat': -33.099, 'long': -16.037, 'Time': Timestamp('2008-06-28 08:56:57'), 'mag': 5.2}]",3,27
789,2008-06-22 13:37:23.813,0,[],0,23
790,2008-06-18 16:54:23.867,1,"[{'lat': 12.515, 'long': -87.716, 'Time': Timestamp('2008-06-19 02:26:38'), 'mag': 5.0}, {'lat': 12.515, 'long': -87.716, 'Time': Timestamp('2008-06-19 02:26:38'), 'mag': 5.0}, {'lat': 12.515, 'long': -87.716, 'Time': Timestamp('2008-06-19 02:26:38'), 'mag': 5.0}]",3,19
791,2008-06-20 21:45:24.359,0,[],0,21
792,2008-06-20 00:59:18.765,1,"[{'lat': -5.396, 'long': 152.067, 'Time': Timestamp('2008-06-21 07:28:44'), 'mag': 5.1}, {'lat': -22.625, 'long': 171.155, 'Time': Timestamp('2008-06-21 00:29:14'), 'mag': 5.2}, {'lat': -4.775, 'long': 148.922, 'Time': Timestamp('2008-06-20 03:16:02'), 'mag': 5.5}, {'lat': -4.775, 'long': 148.922, 'Time': Timestamp('2008-06-20 03:16:02'), 'mag': 5.5}]",4,20
793,2008-06-24 05:54:24.051,1,"[{'lat': -3.185, 'long': 101.433, 'Time': Timestamp('2008-06-24 19:14:44'), 'mag': 5.1}, {'lat': 1.324, 'long': 97.158, 'Time': Timestamp('2008-06-25 01:52:36'), 'mag': 5.5}, {'lat': 1.344, 'long': 97.191, 'Time': Timestamp('2008-06-25 02:53:25'), 'mag': 5.7}, {'lat': 1.324, 'long': 97.158, 'Time': Timestamp('2008-06-25 01:52:36'), 'mag': 5.5}, {'lat': 1.344, 'long': 97.191, 'Time': Timestamp('2008-06-25 02:53:25'), 'mag': 5.7}, {'lat': 1.324, 'long': 97.158, 'Time': Timestamp('2008-06-25 01:52:36'), 'mag': 5.5}, {'lat': 1.344, 'long': 97.191, 'Time': Timestamp('2008-06-25 02:53:25'), 'mag': 5.7}, {'lat': 40.039, 'long': 70.841, 'Time': Timestamp('2008-06-24 18:26:53'), 'mag': 5.0}, {'lat': 40.039, 'long': 70.841, 'Time': Timestamp('2008-06-24 18:26:53'), 'mag': 5.0}]",9,24
794,2008-06-24 09:09:50.120,0,[],0,24
795,2008-06-27 12:28:53.187,1,"[{'lat': -33.099, 'long': -16.037, 'Time': Timestamp('2008-06-28 08:56:57'), 'mag': 5.2}, {'lat': -33.099, 'long': -16.037, 'Time': Timestamp('2008-06-28 08:56:57'), 'mag': 5.2}, {'lat': -33.099, 'long': -16.037, 'Time': Timestamp('2008-06-28 08:56:57'), 'mag': 5.2}]",3,27
796,2008-06-23 15:46:44.358,0,[],0,23
797,2008-06-09 19:01:53.294,0,[],0,9
798,2008-06-15 22:15:48.772,0,[],0,15
799,2008-06-29 01:29:51.715,1,"[{'lat': 45.156, 'long': 137.446, 'Time': Timestamp('2008-06-29 20:53:04'), 'mag': 6.0}, {'lat': 45.156, 'long': 137.446, 'Time': Timestamp('2008-06-29 20:53:04'), 'mag': 6.0}]",2,28
800,2008-06-13 06:25:24.329,0,[],0,12
801,2008-06-21 09:40:50.632,1,"[{'lat': 36.06, 'long': 21.82, 'Time': Timestamp('2008-06-21 11:36:23'), 'mag': 5.6}, {'lat': 36.06, 'long': 21.82, 'Time': Timestamp('2008-06-21 11:36:23'), 'mag': 5.6}, {'lat': 36.06, 'long': 21.82, 'Time': Timestamp('2008-06-21 11:36:23'), 'mag': 5.6}]",3,20
802,2008-06-26 12:59:53.589,1,"[{'lat': -33.099, 'long': -16.037, 'Time': Timestamp('2008-06-28 08:56:57'), 'mag': 5.2}, {'lat': -33.099, 'long': -16.037, 'Time': Timestamp('2008-06-28 08:56:57'), 'mag': 5.2}, {'lat': -33.099, 'long': -16.037, 'Time': Timestamp('2008-06-28 08:56:57'), 'mag': 5.2}]",3,25
803,2008-06-14 22:45:53.748,0,[],0,13
804,2008-06-08 02:00:25.432,1,"[{'lat': -5.49, 'long': 131.305, 'Time': Timestamp('2008-06-09 16:13:02'), 'mag': 5.0}, {'lat': -5.49, 'long': 131.305, 'Time': Timestamp('2008-06-09 16:13:02'), 'mag': 5.0}, {'lat': -5.49, 'long': 131.305, 'Time': Timestamp('2008-06-09 16:13:02'), 'mag': 5.0}]",3,6
805,2008-06-09 05:18:02.785,1,"[{'lat': 33.182, 'long': 91.961, 'Time': Timestamp('2008-06-10 10:04:58'), 'mag': 5.4}, {'lat': 33.176, 'long': 92.081, 'Time': Timestamp('2008-06-10 11:04:14'), 'mag': 5.1}, {'lat': 33.182, 'long': 91.961, 'Time': Timestamp('2008-06-10 10:04:58'), 'mag': 5.4}, {'lat': 33.176, 'long': 92.081, 'Time': Timestamp('2008-06-10 11:04:14'), 'mag': 5.1}, {'lat': 33.159, 'long': 92.09, 'Time': Timestamp('2008-06-10 14:15:38'), 'mag': 5.3}, {'lat': 33.182, 'long': 91.961, 'Time': Timestamp('2008-06-10 10:04:58'), 'mag': 5.4}, {'lat': 33.176, 'long': 92.081, 'Time': Timestamp('2008-06-10 11:04:14'), 'mag': 5.1}, {'lat': 33.159, 'long': 92.09, 'Time': Timestamp('2008-06-10 14:15:38'), 'mag': 5.3}]",8,7
806,2008-06-12 08:34:21.007,0,[],0,10
807,2008-06-15 11:51:23.962,0,[],0,13
808,2008-06-07 15:09:57.086,1,"[{'lat': -20.876, 'long': -68.368, 'Time': Timestamp('2008-06-08 15:05:01'), 'mag': 5.2}, {'lat': -20.876, 'long': -68.368, 'Time': Timestamp('2008-06-08 15:05:01'), 'mag': 5.2}, {'lat': -20.876, 'long': -68.368, 'Time': Timestamp('2008-06-08 15:05:01'), 'mag': 5.2}]",3,5
809,2008-06-22 18:25:19.952,0,[],0,20
810,2008-06-18 21:39:23.537,1,"[{'lat': -18.707, 'long': -173.389, 'Time': Timestamp('2008-06-19 16:20:48'), 'mag': 5.1}, {'lat': -18.87, 'long': -173.318, 'Time': Timestamp('2008-06-19 16:43:28'), 'mag': 5.0}, {'lat': -18.699, 'long': -174.661, 'Time': Timestamp('2008-06-20 00:18:32'), 'mag': 5.2}, {'lat': -15.264, 'long': -174.639, 'Time': Timestamp('2008-06-20 04:24:37'), 'mag': 5.1}, {'lat': -18.707, 'long': -173.389, 'Time': Timestamp('2008-06-19 16:20:48'), 'mag': 5.1}, {'lat': -18.87, 'long': -173.318, 'Time': Timestamp('2008-06-19 16:43:28'), 'mag': 5.0}, {'lat': -18.699, 'long': -174.661, 'Time': Timestamp('2008-06-20 00:18:32'), 'mag': 5.2}, {'lat': -15.264, 'long': -174.639, 'Time': Timestamp('2008-06-20 04:24:37'), 'mag': 5.1}, {'lat': -18.707, 'long': -173.389, 'Time': Timestamp('2008-06-19 16:20:48'), 'mag': 5.1}, {'lat': -18.87, 'long': -173.318, 'Time': Timestamp('2008-06-19 16:43:28'), 'mag': 5.0}, {'lat': -18.699, 'long': -174.661, 'Time': Timestamp('2008-06-20 00:18:32'), 'mag': 5.2}]",11,16
811,2008-06-30 00:53:17.942,1,"[{'lat': 52.399, 'long': -168.288, 'Time': Timestamp('2008-07-01 15:50:32'), 'mag': 5.0}]",1,27
812,2008-06-29 05:48:25.668,1,"[{'lat': 35.711, 'long': 88.343, 'Time': Timestamp('2008-06-29 08:41:59'), 'mag': 5.0}, {'lat': 35.658, 'long': 88.307, 'Time': Timestamp('2008-06-29 12:47:26'), 'mag': 5.5}, {'lat': 35.711, 'long': 88.343, 'Time': Timestamp('2008-06-29 08:41:59'), 'mag': 5.0}, {'lat': 35.658, 'long': 88.307, 'Time': Timestamp('2008-06-29 12:47:26'), 'mag': 5.5}]",4,26
813,2008-06-29 13:23:53.302,0,[],0,24
814,2008-07-04 16:40:49.461,0,[],0,29
815,2008-06-22 19:55:23.409,0,[],0,17
816,2008-06-11 23:08:53.461,1,"[{'lat': -9.517, 'long': 159.438, 'Time': Timestamp('2008-06-13 07:51:56'), 'mag': 5.0}, {'lat': -10.791, 'long': 165.938, 'Time': Timestamp('2008-06-13 19:40:35'), 'mag': 5.1}, {'lat': -9.517, 'long': 159.438, 'Time': Timestamp('2008-06-13 07:51:56'), 'mag': 5.0}, {'lat': -10.791, 'long': 165.938, 'Time': Timestamp('2008-06-13 19:40:35'), 'mag': 5.1}, {'lat': -20.54, 'long': 169.993, 'Time': Timestamp('2008-06-12 02:04:58'), 'mag': 5.2}, {'lat': -9.517, 'long': 159.438, 'Time': Timestamp('2008-06-13 07:51:56'), 'mag': 5.0}, {'lat': -10.791, 'long': 165.938, 'Time': Timestamp('2008-06-13 19:40:35'), 'mag': 5.1}, {'lat': -20.54, 'long': 169.993, 'Time': Timestamp('2008-06-12 02:04:58'), 'mag': 5.2}]",8,6
817,2008-06-27 08:55:50.609,0,[],0,21
818,2008-06-13 12:14:53.676,1,"[{'lat': -17.836, 'long': -13.493, 'Time': Timestamp('2008-06-13 20:06:46'), 'mag': 5.3}, {'lat': -17.836, 'long': -13.493, 'Time': Timestamp('2008-06-13 20:06:46'), 'mag': 5.3}, {'lat': -17.836, 'long': -13.493, 'Time': Timestamp('2008-06-13 20:06:46'), 'mag': 5.3}]",3,7
819,2008-06-26 15:32:46.063,1,"[{'lat': 11.148, 'long': -62.413, 'Time': Timestamp('2008-06-27 05:08:11'), 'mag': 5.2}]",1,20
820,2008-06-29 18:47:49.665,1,"[{'lat': 14.47, 'long': -93.06, 'Time': Timestamp('2008-06-30 11:49:22'), 'mag': 5.0}, {'lat': 14.47, 'long': -93.06, 'Time': Timestamp('2008-06-30 11:49:22'), 'mag': 5.0}, {'lat': 14.47, 'long': -93.06, 'Time': Timestamp('2008-06-30 11:49:22'), 'mag': 5.0}]",3,23
821,2008-06-27 22:01:52.028,1,"[{'lat': 44.247, 'long': -129.25, 'Time': Timestamp('2008-06-29 19:33:40'), 'mag': 5.4}, {'lat': 51.924, 'long': -169.924, 'Time': Timestamp('2008-06-29 17:02:18'), 'mag': 5.4}, {'lat': 51.924, 'long': -169.924, 'Time': Timestamp('2008-06-29 17:02:18'), 'mag': 5.4}, {'lat': -15.152, 'long': -173.737, 'Time': Timestamp('2008-06-27 23:34:37'), 'mag': 5.2}, {'lat': -15.152, 'long': -173.737, 'Time': Timestamp('2008-06-27 23:34:37'), 'mag': 5.2}]",5,21
822,2008-06-27 01:15:43.231,1,"[{'lat': -5.161, 'long': 150.95, 'Time': Timestamp('2008-06-28 09:31:00'), 'mag': 5.0}, {'lat': -6.518, 'long': 154.939, 'Time': Timestamp('2008-06-28 12:10:44'), 'mag': 5.0}, {'lat': -5.161, 'long': 150.95, 'Time': Timestamp('2008-06-28 09:31:00'), 'mag': 5.0}, {'lat': -6.518, 'long': 154.939, 'Time': Timestamp('2008-06-28 12:10:44'), 'mag': 5.0}, {'lat': -5.161, 'long': 150.95, 'Time': Timestamp('2008-06-28 09:31:00'), 'mag': 5.0}, {'lat': -6.518, 'long': 154.939, 'Time': Timestamp('2008-06-28 12:10:44'), 'mag': 5.0}]",6,20
823,2008-07-03 11:05:53.917,0,[],0,26
824,2008-07-05 14:24:17.536,0,[],0,28
825,2008-06-24 17:40:23.157,1,"[{'lat': -8.903, 'long': -75.629, 'Time': Timestamp('2008-06-26 00:06:39'), 'mag': 5.0}, {'lat': -8.919, 'long': -75.584, 'Time': Timestamp('2008-06-26 12:34:01'), 'mag': 5.2}, {'lat': -54.288, 'long': -136.479, 'Time': Timestamp('2008-06-26 12:13:02'), 'mag': 5.2}]",3,17
826,2008-06-15 20:54:22.296,0,[],0,8
827,2008-06-22 00:08:23.264,1,"[{'lat': -12.689, 'long': 166.695, 'Time': Timestamp('2008-06-22 20:18:41'), 'mag': 5.2}, {'lat': -12.689, 'long': 166.695, 'Time': Timestamp('2008-06-22 20:18:41'), 'mag': 5.2}, {'lat': -12.689, 'long': 166.695, 'Time': Timestamp('2008-06-22 20:18:41'), 'mag': 5.2}, {'lat': 46.482, 'long': 153.267, 'Time': Timestamp('2008-06-23 12:32:12'), 'mag': 5.6}, {'lat': 46.482, 'long': 153.267, 'Time': Timestamp('2008-06-23 12:32:12'), 'mag': 5.6}, {'lat': -8.865, 'long': 157.804, 'Time': Timestamp('2008-06-22 07:22:06'), 'mag': 5.8}, {'lat': -8.809, 'long': 157.879, 'Time': Timestamp('2008-06-22 13:15:34'), 'mag': 5.3}, {'lat': -8.865, 'long': 157.804, 'Time': Timestamp('2008-06-22 07:22:06'), 'mag': 5.8}, {'lat': -8.809, 'long': 157.879, 'Time': Timestamp('2008-06-22 13:15:34'), 'mag': 5.3}, {'lat': -8.865, 'long': 157.804, 'Time': Timestamp('2008-06-22 07:22:06'), 'mag': 5.8}, {'lat': -8.809, 'long': 157.879, 'Time': Timestamp('2008-06-22 13:15:34'), 'mag': 5.3}]",11,14
828,2008-06-23 05:03:02.273,1,"[{'lat': -3.185, 'long': 101.433, 'Time': Timestamp('2008-06-24 19:14:44'), 'mag': 5.1}, {'lat': 1.324, 'long': 97.158, 'Time': Timestamp('2008-06-25 01:52:36'), 'mag': 5.5}, {'lat': 1.344, 'long': 97.191, 'Time': Timestamp('2008-06-25 02:53:25'), 'mag': 5.7}, {'lat': -3.185, 'long': 101.433, 'Time': Timestamp('2008-06-24 19:14:44'), 'mag': 5.1}, {'lat': 1.324, 'long': 97.158, 'Time': Timestamp('2008-06-25 01:52:36'), 'mag': 5.5}, {'lat': 1.344, 'long': 97.191, 'Time': Timestamp('2008-06-25 02:53:25'), 'mag': 5.7}, {'lat': -3.185, 'long': 101.433, 'Time': Timestamp('2008-06-24 19:14:44'), 'mag': 5.1}, {'lat': 1.324, 'long': 97.158, 'Time': Timestamp('2008-06-25 01:52:36'), 'mag': 5.5}]",8,15
829,2008-07-07 09:56:21.850,1,"[{'lat': -60.069, 'long': -18.713, 'Time': Timestamp('2008-07-08 18:23:00'), 'mag': 5.1}]",1,29
830,2008-06-26 00:38:18.431,0,[],0,17
831,2008-07-06 07:10:57.064,0,[],0,27
832,2008-06-15 10:27:19.596,0,[],0,6
833,2008-06-23 13:46:23.879,0,[],0,14
834,2008-06-14 17:02:53.933,1,"[{'lat': 10.616, 'long': -86.173, 'Time': Timestamp('2008-06-15 08:18:50'), 'mag': 5.2}, {'lat': -36.623, 'long': -107.45, 'Time': Timestamp('2008-06-15 08:37:17'), 'mag': 6.0}, {'lat': -36.623, 'long': -107.45, 'Time': Timestamp('2008-06-15 08:37:17'), 'mag': 6.0}, {'lat': -36.623, 'long': -107.45, 'Time': Timestamp('2008-06-15 08:37:17'), 'mag': 6.0}]",4,5
835,2008-06-15 01:07:48.831,1,"[{'lat': 38.997, 'long': 140.841, 'Time': Timestamp('2008-06-16 14:14:38'), 'mag': 5.1}, {'lat': 38.997, 'long': 140.841, 'Time': Timestamp('2008-06-16 14:14:38'), 'mag': 5.1}, {'lat': 38.997, 'long': 140.841, 'Time': Timestamp('2008-06-16 14:14:38'), 'mag': 5.1}, {'lat': -49.332, 'long': 116.505, 'Time': Timestamp('2008-06-16 10:17:51'), 'mag': 5.0}, {'lat': -49.332, 'long': 116.505, 'Time': Timestamp('2008-06-16 10:17:51'), 'mag': 5.0}]",5,5
836,2008-06-17 06:02:54.117,1,"[{'lat': 35.289, 'long': 91.27, 'Time': Timestamp('2008-06-18 05:23:31'), 'mag': 5.4}, {'lat': 35.289, 'long': 91.27, 'Time': Timestamp('2008-06-18 05:23:31'), 'mag': 5.4}, {'lat': 33.205, 'long': 92.016, 'Time': Timestamp('2008-06-18 08:12:18'), 'mag': 5.2}, {'lat': 35.289, 'long': 91.27, 'Time': Timestamp('2008-06-18 05:23:31'), 'mag': 5.4}, {'lat': 33.205, 'long': 92.016, 'Time': Timestamp('2008-06-18 08:12:18'), 'mag': 5.2}, {'lat': 6.791, 'long': 92.701, 'Time': Timestamp('2008-06-19 00:35:33'), 'mag': 5.1}, {'lat': 6.791, 'long': 92.701, 'Time': Timestamp('2008-06-19 00:35:33'), 'mag': 5.1}, {'lat': 6.791, 'long': 92.701, 'Time': Timestamp('2008-06-19 00:35:33'), 'mag': 5.1}, {'lat': -9.32, 'long': 67.165, 'Time': Timestamp('2008-06-17 20:57:04'), 'mag': 5.0}, {'lat': -9.32, 'long': 67.165, 'Time': Timestamp('2008-06-17 20:57:04'), 'mag': 5.0}, {'lat': -9.32, 'long': 67.165, 'Time': Timestamp('2008-06-17 20:57:04'), 'mag': 5.0}]",11,7
837,2008-07-07 09:18:18.858,0,[],0,27
838,2008-07-10 12:37:23.254,1,"[{'lat': -11.598, 'long': -14.486, 'Time': Timestamp('2008-07-11 09:28:17'), 'mag': 5.0}, {'lat': -11.598, 'long': -14.486, 'Time': Timestamp('2008-07-11 09:28:17'), 'mag': 5.0}, {'lat': -11.598, 'long': -14.486, 'Time': Timestamp('2008-07-11 09:28:17'), 'mag': 5.0}]",3,30
839,2008-06-15 15:54:50.517,0,[],0,5
840,2008-07-05 19:09:49.354,0,[],0,25
841,2008-06-19 22:23:53.413,1,"[{'lat': -22.625, 'long': 171.155, 'Time': Timestamp('2008-06-21 00:29:14'), 'mag': 5.2}, {'lat': -22.625, 'long': 171.155, 'Time': Timestamp('2008-06-21 00:29:14'), 'mag': 5.2}]",2,9
842,2008-06-16 01:37:51.781,1,"[{'lat': 38.997, 'long': 140.841, 'Time': Timestamp('2008-06-16 14:14:38'), 'mag': 5.1}, {'lat': 38.997, 'long': 140.841, 'Time': Timestamp('2008-06-16 14:14:38'), 'mag': 5.1}, {'lat': 38.997, 'long': 140.841, 'Time': Timestamp('2008-06-16 14:14:38'), 'mag': 5.1}, {'lat': -49.332, 'long': 116.505, 'Time': Timestamp('2008-06-16 10:17:51'), 'mag': 5.0}, {'lat': -49.332, 'long': 116.505, 'Time': Timestamp('2008-06-16 10:17:51'), 'mag': 5.0}]",5,5
843,2008-07-08 08:11:19.779,1,"[{'lat': 39.517, 'long': 73.176, 'Time': Timestamp('2008-07-08 16:08:35'), 'mag': 5.0}, {'lat': 39.517, 'long': 73.176, 'Time': Timestamp('2008-07-08 16:08:35'), 'mag': 5.0}]",2,27
844,2008-07-05 11:28:23.763,0,[],0,24
845,2008-06-17 14:46:51.127,0,[],0,6
846,2008-06-19 21:16:24.336,1,"[{'lat': -15.264, 'long': -174.639, 'Time': Timestamp('2008-06-20 04:24:37'), 'mag': 5.1}, {'lat': -18.699, 'long': -174.661, 'Time': Timestamp('2008-06-20 00:18:32'), 'mag': 5.2}, {'lat': -15.264, 'long': -174.639, 'Time': Timestamp('2008-06-20 04:24:37'), 'mag': 5.1}, {'lat': -18.699, 'long': -174.661, 'Time': Timestamp('2008-06-20 00:18:32'), 'mag': 5.2}, {'lat': -15.264, 'long': -174.639, 'Time': Timestamp('2008-06-20 04:24:37'), 'mag': 5.1}, {'lat': -18.699, 'long': -174.661, 'Time': Timestamp('2008-06-20 00:18:32'), 'mag': 5.2}]",6,8
847,2008-06-17 00:30:18.742,1,"[{'lat': -12.205, 'long': 166.713, 'Time': Timestamp('2008-06-18 09:30:11'), 'mag': 5.0}, {'lat': -12.205, 'long': 166.713, 'Time': Timestamp('2008-06-18 09:30:11'), 'mag': 5.0}, {'lat': -12.205, 'long': 166.713, 'Time': Timestamp('2008-06-18 09:30:11'), 'mag': 5.0}]",3,5
848,2008-06-22 08:39:51.425,0,[],0,10
849,2008-06-27 11:58:53.164,1,"[{'lat': -33.099, 'long': -16.037, 'Time': Timestamp('2008-06-28 08:56:57'), 'mag': 5.2}, {'lat': -33.099, 'long': -16.037, 'Time': Timestamp('2008-06-28 08:56:57'), 'mag': 5.2}, {'lat': -33.099, 'long': -16.037, 'Time': Timestamp('2008-06-28 08:56:57'), 'mag': 5.2}]",3,15
850,2008-07-12 15:16:53.632,0,[],0,30
851,2008-06-29 18:32:23.271,1,"[{'lat': 14.47, 'long': -93.06, 'Time': Timestamp('2008-06-30 11:49:22'), 'mag': 5.0}, {'lat': 14.47, 'long': -93.06, 'Time': Timestamp('2008-06-30 11:49:22'), 'mag': 5.0}, {'lat': 14.47, 'long': -93.06, 'Time': Timestamp('2008-06-30 11:49:22'), 'mag': 5.0}]",3,17
852,2008-06-28 21:46:23.738,1,"[{'lat': 44.247, 'long': -129.25, 'Time': Timestamp('2008-06-29 19:33:40'), 'mag': 5.4}, {'lat': 44.247, 'long': -129.25, 'Time': Timestamp('2008-06-29 19:33:40'), 'mag': 5.4}, {'lat': 44.247, 'long': -129.25, 'Time': Timestamp('2008-06-29 19:33:40'), 'mag': 5.4}, {'lat': 51.924, 'long': -169.924, 'Time': Timestamp('2008-06-29 17:02:18'), 'mag': 5.4}]",4,16
853,2008-06-18 01:00:20.911,1,"[{'lat': -2.586, 'long': 152.974, 'Time': Timestamp('2008-06-19 14:42:51'), 'mag': 5.1}, {'lat': -12.205, 'long': 166.713, 'Time': Timestamp('2008-06-18 09:30:11'), 'mag': 5.0}, {'lat': -4.932, 'long': 151.754, 'Time': Timestamp('2008-06-19 00:36:45'), 'mag': 5.5}, {'lat': -14.366, 'long': 167.377, 'Time': Timestamp('2008-06-19 05:19:20'), 'mag': 5.1}, {'lat': -2.586, 'long': 152.974, 'Time': Timestamp('2008-06-19 14:42:51'), 'mag': 5.1}, {'lat': -14.756, 'long': 167.336, 'Time': Timestamp('2008-06-19 20:36:09'), 'mag': 5.0}, {'lat': -12.205, 'long': 166.713, 'Time': Timestamp('2008-06-18 09:30:11'), 'mag': 5.0}, {'lat': -14.366, 'long': 167.377, 'Time': Timestamp('2008-06-19 05:19:20'), 'mag': 5.1}, {'lat': -14.756, 'long': 167.336, 'Time': Timestamp('2008-06-19 20:36:09'), 'mag': 5.0}, {'lat': -14.366, 'long': 167.377, 'Time': Timestamp('2008-06-19 05:19:20'), 'mag': 5.1}, {'lat': -14.756, 'long': 167.336, 'Time': Timestamp('2008-06-19 20:36:09'), 'mag': 5.0}, {'lat': 1.975, 'long': 128.408, 'Time': Timestamp('2008-06-18 13:13:10'), 'mag': 5.4}]",12,5
854,2008-07-11 05:54:54.429,0,[],0,28
855,2008-07-10 09:10:20.498,0,[],0,27
856,2008-06-25 12:29:23.566,0,[],0,12
857,2008-07-05 15:47:18.831,0,[],0,22
858,2008-06-30 19:02:23.673,0,[],0,17
859,2008-07-06 22:15:50.478,1,"[{'lat': 51.938, 'long': -177.063, 'Time': Timestamp('2008-07-07 22:43:50'), 'mag': 5.3}]",1,23
860,2008-06-29 01:29:52.093,1,"[{'lat': 45.156, 'long': 137.446, 'Time': Timestamp('2008-06-29 20:53:04'), 'mag': 6.0}, {'lat': 45.156, 'long': 137.446, 'Time': Timestamp('2008-06-29 20:53:04'), 'mag': 6.0}]",2,15
861,2008-07-06 06:24:51.940,1,"[{'lat': 10.742, 'long': 91.695, 'Time': Timestamp('2008-07-07 09:58:52'), 'mag': 5.0}, {'lat': 10.742, 'long': 91.695, 'Time': Timestamp('2008-07-07 09:58:52'), 'mag': 5.0}]",2,22
862,2008-06-21 09:40:51.063,1,"[{'lat': 36.06, 'long': 21.82, 'Time': Timestamp('2008-06-21 11:36:23'), 'mag': 5.6}, {'lat': 36.06, 'long': 21.82, 'Time': Timestamp('2008-06-21 11:36:23'), 'mag': 5.6}, {'lat': 36.06, 'long': 21.82, 'Time': Timestamp('2008-06-21 11:36:23'), 'mag': 5.6}]",3,7
863,2008-07-08 12:59:53.967,1,"[{'lat': -60.445, 'long': -45.47, 'Time': Timestamp('2008-07-09 04:17:47'), 'mag': 5.1}]",1,24
864,2008-06-26 17:54:54.047,1,"[{'lat': 13.8, 'long': -93.28, 'Time': Timestamp('2008-06-28 15:42:19'), 'mag': 5.1}, {'lat': 14.332, 'long': -92.698, 'Time': Timestamp('2008-06-28 16:28:55'), 'mag': 5.1}, {'lat': 13.8, 'long': -93.28, 'Time': Timestamp('2008-06-28 15:42:19'), 'mag': 5.1}, {'lat': 14.332, 'long': -92.698, 'Time': Timestamp('2008-06-28 16:28:55'), 'mag': 5.1}, {'lat': 13.8, 'long': -93.28, 'Time': Timestamp('2008-06-28 15:42:19'), 'mag': 5.1}, {'lat': 14.332, 'long': -92.698, 'Time': Timestamp('2008-06-28 16:28:55'), 'mag': 5.1}]",6,12
865,2008-07-09 21:08:52.185,0,[],0,25
866,2008-07-02 00:22:16.478,0,[],0,17
867,2008-06-21 05:17:32.162,0,[],0,6
868,2008-06-22 08:33:50.385,0,[],0,7
869,2008-07-10 11:50:53.340,1,"[{'lat': -11.598, 'long': -14.486, 'Time': Timestamp('2008-07-11 09:28:17'), 'mag': 5.0}]",1,25
870,2008-07-15 15:09:21.040,0,[],0,30
871,2008-07-14 21:38:23.914,1,"[{'lat': -16.599, 'long': -172.963, 'Time': Timestamp('2008-07-16 08:11:04'), 'mag': 5.7}, {'lat': -16.599, 'long': -172.963, 'Time': Timestamp('2008-07-16 08:11:04'), 'mag': 5.7}, {'lat': -28.22, 'long': -175.738, 'Time': Timestamp('2008-07-16 12:48:41'), 'mag': 5.1}, {'lat': -28.22, 'long': -175.738, 'Time': Timestamp('2008-07-16 12:48:41'), 'mag': 5.1}, {'lat': -31.131, 'long': -178.506, 'Time': Timestamp('2008-07-16 17:09:19'), 'mag': 5.5}, {'lat': -28.22, 'long': -175.738, 'Time': Timestamp('2008-07-16 12:48:41'), 'mag': 5.1}, {'lat': -31.131, 'long': -178.506, 'Time': Timestamp('2008-07-16 17:09:19'), 'mag': 5.5}]",7,29
872,2008-07-15 00:52:18.319,1,"[{'lat': 16.834, 'long': 148.102, 'Time': Timestamp('2008-07-16 17:23:43'), 'mag': 5.0}, {'lat': 16.834, 'long': 148.102, 'Time': Timestamp('2008-07-16 17:23:43'), 'mag': 5.0}, {'lat': 16.834, 'long': 148.102, 'Time': Timestamp('2008-07-16 17:23:43'), 'mag': 5.0}]",3,29
873,2008-06-30 07:25:22.857,0,[],0,14
874,2008-06-26 10:41:50.813,1,"[{'lat': -33.099, 'long': -16.037, 'Time': Timestamp('2008-06-28 08:56:57'), 'mag': 5.2}, {'lat': -33.099, 'long': -16.037, 'Time': Timestamp('2008-06-28 08:56:57'), 'mag': 5.2}, {'lat': -33.099, 'long': -16.037, 'Time': Timestamp('2008-06-28 08:56:57'), 'mag': 5.2}]",3,10
875,2008-07-08 15:39:14.801,0,[],0,22
876,2008-07-12 18:54:18.403,0,[],0,26
877,2008-07-07 22:07:53.422,1,"[{'lat': -20.919, 'long': 168.769, 'Time': Timestamp('2008-07-09 08:24:16'), 'mag': 5.4}, {'lat': -20.919, 'long': 168.769, 'Time': Timestamp('2008-07-09 08:24:16'), 'mag': 5.4}]",2,21
878,2008-07-12 01:22:19.613,1,"[{'lat': -10.644, 'long': 161.664, 'Time': Timestamp('2008-07-12 08:42:34'), 'mag': 5.3}, {'lat': -10.644, 'long': 161.664, 'Time': Timestamp('2008-07-12 08:42:34'), 'mag': 5.3}]",2,25
879,2008-07-12 06:17:24.884,1,"[{'lat': 2.177, 'long': 96.518, 'Time': Timestamp('2008-07-14 04:44:51'), 'mag': 5.6}]",1,25
880,2008-07-05 09:32:50.186,0,[],0,18
881,2008-06-23 12:51:53.142,0,[],0,6
882,2008-07-09 16:09:19.190,0,[],0,22
883,2008-07-11 19:24:23.250,1,"[{'lat': 43.294, 'long': -126.445, 'Time': Timestamp('2008-07-12 15:46:02'), 'mag': 5.0}, {'lat': 43.294, 'long': -126.445, 'Time': Timestamp('2008-07-12 15:46:02'), 'mag': 5.0}]",2,24
884,2008-07-05 13:22:21.773,0,[],0,17
885,2008-07-10 23:07:25.806,1,"[{'lat': 51.36, 'long': -176.277, 'Time': Timestamp('2008-07-12 00:01:22'), 'mag': 5.3}, {'lat': 51.36, 'long': -176.277, 'Time': Timestamp('2008-07-12 00:01:22'), 'mag': 5.3}, {'lat': -10.644, 'long': 161.664, 'Time': Timestamp('2008-07-12 08:42:34'), 'mag': 5.3}, {'lat': -10.644, 'long': 161.664, 'Time': Timestamp('2008-07-12 08:42:34'), 'mag': 5.3}, {'lat': -10.644, 'long': 161.664, 'Time': Timestamp('2008-07-12 08:42:34'), 'mag': 5.3}, {'lat': -45.82, 'long': 166.79, 'Time': Timestamp('2008-07-12 00:08:56'), 'mag': 5.1}, {'lat': -45.82, 'long': 166.79, 'Time': Timestamp('2008-07-12 00:08:56'), 'mag': 5.1}]",7,22
886,2008-07-05 07:17:25.939,0,[],0,16
887,2008-07-03 10:33:54.665,0,[],0,14
888,2008-07-17 13:52:53.942,0,[],0,28
889,2008-06-30 17:09:22.668,1,"[{'lat': -10.368, 'long': -75.512, 'Time': Timestamp('2008-07-01 00:17:33'), 'mag': 5.4}, {'lat': -10.368, 'long': -75.512, 'Time': Timestamp('2008-07-01 00:17:33'), 'mag': 5.4}, {'lat': -10.368, 'long': -75.512, 'Time': Timestamp('2008-07-01 00:17:33'), 'mag': 5.4}]",3,11
890,2008-06-30 20:23:28.034,0,[],0,11
891,2008-06-25 23:37:25.207,1,"[{'lat': -20.768, 'long': -173.342, 'Time': Timestamp('2008-06-26 21:19:15'), 'mag': 6.2}, {'lat': -15.152, 'long': -173.737, 'Time': Timestamp('2008-06-27 23:34:37'), 'mag': 5.2}, {'lat': -20.768, 'long': -173.342, 'Time': Timestamp('2008-06-26 21:19:15'), 'mag': 6.2}, {'lat': -22.168, 'long': -174.898, 'Time': Timestamp('2008-06-27 02:16:00'), 'mag': 5.0}, {'lat': -15.152, 'long': -173.737, 'Time': Timestamp('2008-06-27 23:34:37'), 'mag': 5.2}]",5,6
892,2008-07-05 07:47:54.012,0,[],0,15
893,2008-06-30 11:04:22.738,1,"[{'lat': -33.075, 'long': -16.007, 'Time': Timestamp('2008-07-01 10:38:09'), 'mag': 5.0}, {'lat': -33.075, 'long': -16.007, 'Time': Timestamp('2008-07-01 10:38:09'), 'mag': 5.0}, {'lat': -33.075, 'long': -16.007, 'Time': Timestamp('2008-07-01 10:38:09'), 'mag': 5.0}, {'lat': -58.146, 'long': -21.697, 'Time': Timestamp('2008-06-30 17:18:14'), 'mag': 5.1}, {'lat': -58.318, 'long': -22.183, 'Time': Timestamp('2008-07-01 00:48:00'), 'mag': 5.3}, {'lat': -58.121, 'long': -21.882, 'Time': Timestamp('2008-07-01 01:54:41'), 'mag': 5.6}, {'lat': -58.146, 'long': -21.697, 'Time': Timestamp('2008-06-30 17:18:14'), 'mag': 5.1}, {'lat': -58.318, 'long': -22.183, 'Time': Timestamp('2008-07-01 00:48:00'), 'mag': 5.3}, {'lat': -58.121, 'long': -21.882, 'Time': Timestamp('2008-07-01 01:54:41'), 'mag': 5.6}]",9,10
894,2008-07-06 14:22:54.344,1,"[{'lat': -15.986, 'long': -71.748, 'Time': Timestamp('2008-07-08 09:13:07'), 'mag': 6.2}, {'lat': -15.986, 'long': -71.748, 'Time': Timestamp('2008-07-08 09:13:07'), 'mag': 6.2}, {'lat': -15.986, 'long': -71.748, 'Time': Timestamp('2008-07-08 09:13:07'), 'mag': 6.2}]",3,16
895,2008-07-05 17:39:23.069,0,[],0,15
896,2008-07-14 20:53:28.435,1,"[{'lat': -16.599, 'long': -172.963, 'Time': Timestamp('2008-07-16 08:11:04'), 'mag': 5.7}, {'lat': -28.22, 'long': -175.738, 'Time': Timestamp('2008-07-16 12:48:41'), 'mag': 5.1}, {'lat': -28.22, 'long': -175.738, 'Time': Timestamp('2008-07-16 12:48:41'), 'mag': 5.1}]",3,24
897,2008-06-26 00:06:52.840,0,[],0,5
898,2008-06-30 09:55:22.230,0,[],0,9
899,2008-06-30 13:14:23.858,1,"[{'lat': -33.075, 'long': -16.007, 'Time': Timestamp('2008-07-01 10:38:09'), 'mag': 5.0}, {'lat': -58.146, 'long': -21.697, 'Time': Timestamp('2008-06-30 17:18:14'), 'mag': 5.1}, {'lat': -58.318, 'long': -22.183, 'Time': Timestamp('2008-07-01 00:48:00'), 'mag': 5.3}, {'lat': -58.121, 'long': -21.882, 'Time': Timestamp('2008-07-01 01:54:41'), 'mag': 5.6}, {'lat': 12.451, 'long': -44.202, 'Time': Timestamp('2008-07-02 00:08:31'), 'mag': 5.0}, {'lat': 12.451, 'long': -44.202, 'Time': Timestamp('2008-07-02 00:08:31'), 'mag': 5.0}, {'lat': 12.451, 'long': -44.202, 'Time': Timestamp('2008-07-02 00:08:31'), 'mag': 5.0}]",7,9
900,2008-06-30 16:31:21.234,1,"[{'lat': -10.368, 'long': -75.512, 'Time': Timestamp('2008-07-01 00:17:33'), 'mag': 5.4}, {'lat': -10.368, 'long': -75.512, 'Time': Timestamp('2008-07-01 00:17:33'), 'mag': 5.4}]",2,9
901,2008-07-18 19:45:54.278,1,"[{'lat': 44.33, 'long': -129.304, 'Time': Timestamp('2008-07-19 01:00:22'), 'mag': 5.0}, {'lat': 44.33, 'long': -129.304, 'Time': Timestamp('2008-07-19 01:00:22'), 'mag': 5.0}, {'lat': 44.33, 'long': -129.304, 'Time': Timestamp('2008-07-19 01:00:22'), 'mag': 5.0}]",3,27
902,2008-07-19 22:59:54.018,1,"[{'lat': -11.048, 'long': 164.586, 'Time': Timestamp('2008-07-21 15:47:51'), 'mag': 5.1}, {'lat': -11.048, 'long': 164.586, 'Time': Timestamp('2008-07-21 15:47:51'), 'mag': 5.1}, {'lat': -11.048, 'long': 164.586, 'Time': Timestamp('2008-07-21 15:47:51'), 'mag': 5.1}]",3,28
903,2008-07-02 08:46:20.165,1,"[{'lat': 35.5, 'long': 58.8, 'Time': Timestamp('2008-07-03 23:10:02'), 'mag': 5.2}, {'lat': 35.5, 'long': 58.8, 'Time': Timestamp('2008-07-03 23:10:02'), 'mag': 5.2}, {'lat': 35.5, 'long': 58.8, 'Time': Timestamp('2008-07-03 23:10:02'), 'mag': 5.2}]",3,10
904,2008-07-02 12:05:23.232,0,[],0,10
905,2008-07-16 15:23:22.371,1,"[{'lat': -1.976, 'long': -80.276, 'Time': Timestamp('2008-07-18 05:41:55'), 'mag': 5.0}, {'lat': -1.976, 'long': -80.276, 'Time': Timestamp('2008-07-18 05:41:55'), 'mag': 5.0}, {'lat': -1.976, 'long': -80.276, 'Time': Timestamp('2008-07-18 05:41:55'), 'mag': 5.0}]",3,24
906,2008-07-15 18:38:49.221,1,"[{'lat': 8.286, 'long': -102.874, 'Time': Timestamp('2008-07-16 10:36:49'), 'mag': 5.4}, {'lat': 8.439, 'long': -102.892, 'Time': Timestamp('2008-07-16 13:42:16'), 'mag': 5.1}, {'lat': 8.286, 'long': -102.874, 'Time': Timestamp('2008-07-16 10:36:49'), 'mag': 5.4}, {'lat': 8.439, 'long': -102.892, 'Time': Timestamp('2008-07-16 13:42:16'), 'mag': 5.1}, {'lat': 8.286, 'long': -102.874, 'Time': Timestamp('2008-07-16 10:36:49'), 'mag': 5.4}, {'lat': 8.439, 'long': -102.892, 'Time': Timestamp('2008-07-16 13:42:16'), 'mag': 5.1}, {'lat': -54.922, 'long': -127.505, 'Time': Timestamp('2008-07-16 22:31:28'), 'mag': 5.1}, {'lat': -54.922, 'long': -127.505, 'Time': Timestamp('2008-07-16 22:31:28'), 'mag': 5.1}]",8,23
907,2008-07-07 21:52:18.929,0,[],0,15
908,2008-07-13 01:06:50.979,1,"[{'lat': -18.088, 'long': 168.138, 'Time': Timestamp('2008-07-13 12:02:17'), 'mag': 5.0}, {'lat': -18.088, 'long': 168.138, 'Time': Timestamp('2008-07-13 12:02:17'), 'mag': 5.0}]",2,20
909,2008-07-19 06:01:28.593,1,"[{'lat': -0.444, 'long': 96.953, 'Time': Timestamp('2008-07-19 23:19:58'), 'mag': 5.2}, {'lat': -0.444, 'long': 96.953, 'Time': Timestamp('2008-07-19 23:19:58'), 'mag': 5.2}, {'lat': -0.444, 'long': 96.953, 'Time': Timestamp('2008-07-19 23:19:58'), 'mag': 5.2}, {'lat': 4.867, 'long': 62.088, 'Time': Timestamp('2008-07-20 08:21:42'), 'mag': 5.3}, {'lat': 4.867, 'long': 62.088, 'Time': Timestamp('2008-07-20 08:21:42'), 'mag': 5.3}, {'lat': 4.867, 'long': 62.088, 'Time': Timestamp('2008-07-20 08:21:42'), 'mag': 5.3}]",6,26
910,2008-07-22 09:16:50.566,0,[],0,29
911,2008-07-22 17:31:23.714,1,"[{'lat': -55.75, 'long': -125.25, 'Time': Timestamp('2008-07-23 03:59:28'), 'mag': 5.0}, {'lat': -55.75, 'long': -125.25, 'Time': Timestamp('2008-07-23 03:59:28'), 'mag': 5.0}]",2,29
912,2008-07-17 11:41:23.999,0,[],0,16
913,2008-07-18 14:59:53.026,0,[],0,17
914,2008-07-11 18:15:23.107,0,[],0,10
915,2008-07-25 21:29:23.159,0,[],0,24
916,2008-07-17 00:43:20.534,0,[],0,15
917,2008-07-29 07:16:26.612,0,[],0,27
918,2008-07-14 10:32:20.511,1,"[{'lat': 35.8, 'long': 27.86, 'Time': Timestamp('2008-07-15 03:26:34'), 'mag': 6.4}, {'lat': 35.8, 'long': 27.86, 'Time': Timestamp('2008-07-15 03:26:34'), 'mag': 6.4}, {'lat': -47.366, 'long': -12.17, 'Time': Timestamp('2008-07-15 05:07:11'), 'mag': 5.7}, {'lat': -47.366, 'long': -12.17, 'Time': Timestamp('2008-07-15 05:07:11'), 'mag': 5.7}, {'lat': -47.366, 'long': -12.17, 'Time': Timestamp('2008-07-15 05:07:11'), 'mag': 5.7}, {'lat': -59.345, 'long': -17.996, 'Time': Timestamp('2008-07-16 07:24:23'), 'mag': 5.0}]",6,12
919,2008-07-07 13:51:23.467,1,"[{'lat': -60.445, 'long': -45.47, 'Time': Timestamp('2008-07-09 04:17:47'), 'mag': 5.1}, {'lat': -60.445, 'long': -45.47, 'Time': Timestamp('2008-07-09 04:17:47'), 'mag': 5.1}]",2,5
920,2008-07-15 23:35:53.627,1,"[{'lat': -16.599, 'long': -172.963, 'Time': Timestamp('2008-07-16 08:11:04'), 'mag': 5.7}, {'lat': -16.599, 'long': -172.963, 'Time': Timestamp('2008-07-16 08:11:04'), 'mag': 5.7}, {'lat': -28.22, 'long': -175.738, 'Time': Timestamp('2008-07-16 12:48:41'), 'mag': 5.1}]",3,13
921,2008-08-01 09:23:23.541,1,"[{'lat': 39.608, 'long': 23.849, 'Time': Timestamp('2008-08-03 00:39:16'), 'mag': 5.3}, {'lat': 39.608, 'long': 23.849, 'Time': Timestamp('2008-08-03 00:39:16'), 'mag': 5.3}, {'lat': 39.608, 'long': 23.849, 'Time': Timestamp('2008-08-03 00:39:16'), 'mag': 5.3}]",3,29
922,2008-07-20 12:42:23.841,0,[],0,17
923,2008-07-12 16:00:21.105,0,[],0,9
924,2008-07-11 19:14:48.613,1,"[{'lat': 43.294, 'long': -126.445, 'Time': Timestamp('2008-07-12 15:46:02'), 'mag': 5.0}, {'lat': 43.294, 'long': -126.445, 'Time': Timestamp('2008-07-12 15:46:02'), 'mag': 5.0}, {'lat': 43.294, 'long': -126.445, 'Time': Timestamp('2008-07-12 15:46:02'), 'mag': 5.0}]",3,8
925,2008-07-30 22:28:54.001,1,"[{'lat': -10.488, 'long': 163.505, 'Time': Timestamp('2008-07-31 08:07:41'), 'mag': 5.2}]",1,27
926,2008-07-20 01:42:52.368,1,"[{'lat': -3.792, 'long': 150.896, 'Time': Timestamp('2008-07-20 21:13:36'), 'mag': 5.5}, {'lat': -3.792, 'long': 150.896, 'Time': Timestamp('2008-07-20 21:13:36'), 'mag': 5.5}, {'lat': 37.816, 'long': 142.559, 'Time': Timestamp('2008-07-21 09:01:04'), 'mag': 5.0}, {'lat': 37.186, 'long': 142.051, 'Time': Timestamp('2008-07-21 11:30:29'), 'mag': 6.0}, {'lat': 27.773, 'long': 139.615, 'Time': Timestamp('2008-07-20 21:30:29'), 'mag': 5.8}, {'lat': 37.816, 'long': 142.559, 'Time': Timestamp('2008-07-21 09:01:04'), 'mag': 5.0}, {'lat': 37.186, 'long': 142.051, 'Time': Timestamp('2008-07-21 11:30:29'), 'mag': 6.0}, {'lat': 27.773, 'long': 139.615, 'Time': Timestamp('2008-07-20 21:30:29'), 'mag': 5.8}, {'lat': 27.773, 'long': 139.615, 'Time': Timestamp('2008-07-20 21:30:29'), 'mag': 5.8}]",9,16
927,2008-08-03 06:38:23.983,0,[],0,30
928,2008-07-09 09:53:51.614,0,[],0,5
929,2008-07-17 13:12:53.242,0,[],0,13
930,2008-07-19 16:30:20.618,1,"[{'lat': 10.667, 'long': -85.777, 'Time': Timestamp('2008-07-20 02:34:12'), 'mag': 5.1}, {'lat': 10.667, 'long': -85.777, 'Time': Timestamp('2008-07-20 02:34:12'), 'mag': 5.1}]",2,15
931,2008-07-12 19:44:53.349,0,[],0,8
932,2008-07-24 00:35:15.426,1,"[{'lat': -21.343, 'long': 170.48, 'Time': Timestamp('2008-07-24 11:07:02'), 'mag': 5.0}, {'lat': -21.343, 'long': 170.48, 'Time': Timestamp('2008-07-24 11:07:02'), 'mag': 5.0}, {'lat': 50.967, 'long': 157.584, 'Time': Timestamp('2008-07-24 01:43:16'), 'mag': 6.2}, {'lat': 50.967, 'long': 157.584, 'Time': Timestamp('2008-07-24 01:43:16'), 'mag': 6.2}, {'lat': 39.62, 'long': 141.522, 'Time': Timestamp('2008-07-24 02:27:53'), 'mag': 5.2}, {'lat': -5.808, 'long': 146.658, 'Time': Timestamp('2008-07-25 20:11:07'), 'mag': 5.5}, {'lat': -5.808, 'long': 146.658, 'Time': Timestamp('2008-07-25 20:11:07'), 'mag': 5.5}, {'lat': -5.808, 'long': 146.658, 'Time': Timestamp('2008-07-25 20:11:07'), 'mag': 5.5}]",8,19
933,2008-08-04 08:46:53.428,1,"[{'lat': 34.098, 'long': 26.576, 'Time': Timestamp('2008-08-04 19:38:25'), 'mag': 5.3}, {'lat': 34.098, 'long': 26.576, 'Time': Timestamp('2008-08-04 19:38:25'), 'mag': 5.3}, {'lat': 34.098, 'long': 26.576, 'Time': Timestamp('2008-08-04 19:38:25'), 'mag': 5.3}]",3,30
934,2008-07-19 12:03:53.616,0,[],0,14
935,2008-07-17 15:22:21.427,1,"[{'lat': -1.976, 'long': -80.276, 'Time': Timestamp('2008-07-18 05:41:55'), 'mag': 5.0}, {'lat': -1.976, 'long': -80.276, 'Time': Timestamp('2008-07-18 05:41:55'), 'mag': 5.0}, {'lat': -1.976, 'long': -80.276, 'Time': Timestamp('2008-07-18 05:41:55'), 'mag': 5.0}]",3,12
936,2008-07-27 18:37:19.605,0,[],0,22
937,2008-07-19 21:51:23.776,1,"[{'lat': -17.337, 'long': -177.312, 'Time': Timestamp('2008-07-19 22:39:52'), 'mag': 6.4}, {'lat': -17.337, 'long': -177.312, 'Time': Timestamp('2008-07-19 22:39:52'), 'mag': 6.4}]",2,14
938,2008-07-17 01:05:22.691,0,[],0,11
939,2008-07-30 06:00:27.648,0,[],0,24
940,2008-07-16 09:15:20.949,0,[],0,10
941,2008-07-11 12:34:54.017,0,[],0,5
942,2008-08-02 15:52:22.275,0,[],0,27
943,2008-07-17 22:20:53.177,1,"[{'lat': -11.041, 'long': 164.493, 'Time': Timestamp('2008-07-19 09:27:01'), 'mag': 6.6}, {'lat': -11.043, 'long': 164.531, 'Time': Timestamp('2008-07-19 09:34:26'), 'mag': 5.5}, {'lat': -11.239, 'long': 164.597, 'Time': Timestamp('2008-07-19 10:35:38'), 'mag': 5.0}, {'lat': -11.066, 'long': 164.616, 'Time': Timestamp('2008-07-19 11:01:17'), 'mag': 6.2}, {'lat': -11.033, 'long': 164.562, 'Time': Timestamp('2008-07-19 11:15:24'), 'mag': 5.2}, {'lat': -10.985, 'long': 164.624, 'Time': Timestamp('2008-07-19 11:45:40'), 'mag': 5.2}]",6,11
944,2008-07-23 06:30:24.159,0,[],0,16
945,2008-07-31 09:45:53.119,0,[],0,24
946,2008-08-01 13:04:53.419,0,[],0,25
947,2008-08-01 16:22:23.472,0,[],0,25
948,2008-07-14 19:36:53.525,1,"[{'lat': 8.286, 'long': -102.874, 'Time': Timestamp('2008-07-16 10:36:49'), 'mag': 5.4}, {'lat': 8.439, 'long': -102.892, 'Time': Timestamp('2008-07-16 13:42:16'), 'mag': 5.1}, {'lat': 8.286, 'long': -102.874, 'Time': Timestamp('2008-07-16 10:36:49'), 'mag': 5.4}, {'lat': 8.439, 'long': -102.892, 'Time': Timestamp('2008-07-16 13:42:16'), 'mag': 5.1}]",4,7
949,2008-07-14 22:50:53.578,1,"[{'lat': -16.599, 'long': -172.963, 'Time': Timestamp('2008-07-16 08:11:04'), 'mag': 5.7}, {'lat': -16.599, 'long': -172.963, 'Time': Timestamp('2008-07-16 08:11:04'), 'mag': 5.7}, {'lat': -16.599, 'long': -172.963, 'Time': Timestamp('2008-07-16 08:11:04'), 'mag': 5.7}, {'lat': -28.22, 'long': -175.738, 'Time': Timestamp('2008-07-16 12:48:41'), 'mag': 5.1}, {'lat': -31.131, 'long': -178.506, 'Time': Timestamp('2008-07-16 17:09:19'), 'mag': 5.5}, {'lat': -28.22, 'long': -175.738, 'Time': Timestamp('2008-07-16 12:48:41'), 'mag': 5.1}, {'lat': -31.131, 'long': -178.506, 'Time': Timestamp('2008-07-16 17:09:19'), 'mag': 5.5}, {'lat': -28.22, 'long': -175.738, 'Time': Timestamp('2008-07-16 12:48:41'), 'mag': 5.1}, {'lat': -31.131, 'long': -178.506, 'Time': Timestamp('2008-07-16 17:09:19'), 'mag': 5.5}]",9,7
950,2008-07-29 07:00:24.683,0,[],0,21
951,2008-08-03 10:16:22.191,1,"[{'lat': 34.098, 'long': 26.576, 'Time': Timestamp('2008-08-04 19:38:25'), 'mag': 5.3}, {'lat': 34.098, 'long': 26.576, 'Time': Timestamp('2008-08-04 19:38:25'), 'mag': 5.3}, {'lat': 34.098, 'long': 26.576, 'Time': Timestamp('2008-08-04 19:38:25'), 'mag': 5.3}]",3,26
952,2008-07-17 13:35:23.819,0,[],0,9
953,2008-07-13 16:52:23.873,0,[],0,5
954,2008-08-05 20:06:53.926,1,"[{'lat': 26.64, 'long': -111.0, 'Time': Timestamp('2008-08-07 02:18:13'), 'mag': 5.5}, {'lat': 26.64, 'long': -111.0, 'Time': Timestamp('2008-08-07 02:18:13'), 'mag': 5.5}, {'lat': -54.186, 'long': -133.402, 'Time': Timestamp('2008-08-06 02:18:37'), 'mag': 5.0}, {'lat': -54.186, 'long': -133.402, 'Time': Timestamp('2008-08-06 02:18:37'), 'mag': 5.0}]",4,28
955,2008-07-26 23:20:23.979,1,"[{'lat': -24.765, 'long': -176.13, 'Time': Timestamp('2008-07-28 03:43:03'), 'mag': 5.3}, {'lat': -24.765, 'long': -176.13, 'Time': Timestamp('2008-07-28 03:43:03'), 'mag': 5.3}, {'lat': -24.765, 'long': -176.13, 'Time': Timestamp('2008-07-28 03:43:03'), 'mag': 5.3}, {'lat': 51.349, 'long': -179.043, 'Time': Timestamp('2008-07-28 13:06:40'), 'mag': 5.1}, {'lat': -10.606, 'long': 163.162, 'Time': Timestamp('2008-07-28 21:37:32'), 'mag': 5.9}, {'lat': -10.578, 'long': 163.103, 'Time': Timestamp('2008-07-28 21:40:47'), 'mag': 6.0}, {'lat': -10.606, 'long': 163.162, 'Time': Timestamp('2008-07-28 21:37:32'), 'mag': 5.9}, {'lat': -10.578, 'long': 163.103, 'Time': Timestamp('2008-07-28 21:40:47'), 'mag': 6.0}, {'lat': -10.606, 'long': 163.162, 'Time': Timestamp('2008-07-28 21:37:32'), 'mag': 5.9}, {'lat': -10.578, 'long': 163.103, 'Time': Timestamp('2008-07-28 21:40:47'), 'mag': 6.0}]",10,18
956,2008-07-27 07:30:26.406,0,[],0,18
957,2008-07-15 10:46:50.407,1,"[{'lat': -59.345, 'long': -17.996, 'Time': Timestamp('2008-07-16 07:24:23'), 'mag': 5.0}]",1,6
958,2008-08-02 14:05:53.364,0,[],0,24
959,2008-07-27 14:36:22.292,0,[],0,17
960,2008-08-03 17:52:25.124,0,[],0,24
961,2008-07-16 21:04:54.720,1,"[{'lat': 44.331, 'long': -129.482, 'Time': Timestamp('2008-07-17 18:21:38'), 'mag': 5.0}, {'lat': 44.367, 'long': -129.356, 'Time': Timestamp('2008-07-17 22:36:18'), 'mag': 5.5}, {'lat': 43.937, 'long': -129.418, 'Time': Timestamp('2008-07-17 22:37:04'), 'mag': 5.1}, {'lat': 44.37, 'long': -129.752, 'Time': Timestamp('2008-07-17 22:42:59'), 'mag': 5.2}, {'lat': 44.371, 'long': -129.417, 'Time': Timestamp('2008-07-17 22:51:55'), 'mag': 5.7}, {'lat': 44.331, 'long': -129.482, 'Time': Timestamp('2008-07-17 18:21:38'), 'mag': 5.0}, {'lat': 44.367, 'long': -129.356, 'Time': Timestamp('2008-07-17 22:36:18'), 'mag': 5.5}, {'lat': 43.937, 'long': -129.418, 'Time': Timestamp('2008-07-17 22:37:04'), 'mag': 5.1}, {'lat': 44.37, 'long': -129.752, 'Time': Timestamp('2008-07-17 22:42:59'), 'mag': 5.2}, {'lat': 44.371, 'long': -129.417, 'Time': Timestamp('2008-07-17 22:51:55'), 'mag': 5.7}]",10,6
962,2008-07-24 00:19:45.922,1,"[{'lat': -21.343, 'long': 170.48, 'Time': Timestamp('2008-07-24 11:07:02'), 'mag': 5.0}, {'lat': -21.343, 'long': 170.48, 'Time': Timestamp('2008-07-24 11:07:02'), 'mag': 5.0}, {'lat': 50.967, 'long': 157.584, 'Time': Timestamp('2008-07-24 01:43:16'), 'mag': 6.2}, {'lat': 50.967, 'long': 157.584, 'Time': Timestamp('2008-07-24 01:43:16'), 'mag': 6.2}, {'lat': 50.967, 'long': 157.584, 'Time': Timestamp('2008-07-24 01:43:16'), 'mag': 6.2}, {'lat': -5.808, 'long': 146.658, 'Time': Timestamp('2008-07-25 20:11:07'), 'mag': 5.5}, {'lat': -5.808, 'long': 146.658, 'Time': Timestamp('2008-07-25 20:11:07'), 'mag': 5.5}, {'lat': -5.808, 'long': 146.658, 'Time': Timestamp('2008-07-25 20:11:07'), 'mag': 5.5}]",8,13
963,2008-07-23 08:29:18.276,0,[],0,12
964,2008-07-21 11:47:53.111,0,[],0,10
965,2008-07-20 15:06:22.139,0,[],0,9
966,2008-07-26 18:21:49.101,1,"[{'lat': 11.377, 'long': -86.838, 'Time': Timestamp('2008-07-27 05:42:29'), 'mag': 5.1}, {'lat': 11.377, 'long': -86.838, 'Time': Timestamp('2008-07-27 05:42:29'), 'mag': 5.1}, {'lat': -23.403, 'long': -115.205, 'Time': Timestamp('2008-07-27 01:18:01'), 'mag': 5.0}]",3,15
967,2008-08-01 21:34:51.464,1,"[{'lat': -33.321, 'long': -178.368, 'Time': Timestamp('2008-08-02 03:10:04'), 'mag': 5.0}, {'lat': -33.321, 'long': -178.368, 'Time': Timestamp('2008-08-02 03:10:04'), 'mag': 5.0}, {'lat': -33.321, 'long': -178.368, 'Time': Timestamp('2008-08-02 03:10:04'), 'mag': 5.0}]",3,21
968,2008-07-28 00:49:50.858,1,"[{'lat': 51.349, 'long': -179.043, 'Time': Timestamp('2008-07-28 13:06:40'), 'mag': 5.1}, {'lat': -10.606, 'long': 163.162, 'Time': Timestamp('2008-07-28 21:37:32'), 'mag': 5.9}, {'lat': -10.578, 'long': 163.103, 'Time': Timestamp('2008-07-28 21:40:47'), 'mag': 6.0}, {'lat': -10.606, 'long': 163.162, 'Time': Timestamp('2008-07-28 21:37:32'), 'mag': 5.9}, {'lat': -10.578, 'long': 163.103, 'Time': Timestamp('2008-07-28 21:40:47'), 'mag': 6.0}, {'lat': -2.67, 'long': 152.659, 'Time': Timestamp('2008-07-29 18:54:35'), 'mag': 5.3}]",6,16
969,2008-08-10 05:44:25.816,1,"[{'lat': 11.055, 'long': 91.814, 'Time': Timestamp('2008-08-10 08:20:33'), 'mag': 6.2}, {'lat': 11.025, 'long': 91.757, 'Time': Timestamp('2008-08-10 09:27:57'), 'mag': 5.3}, {'lat': 10.947, 'long': 91.711, 'Time': Timestamp('2008-08-10 12:21:11'), 'mag': 5.7}, {'lat': 10.985, 'long': 91.79, 'Time': Timestamp('2008-08-10 13:01:31'), 'mag': 5.3}, {'lat': 11.055, 'long': 91.814, 'Time': Timestamp('2008-08-10 08:20:33'), 'mag': 6.2}, {'lat': 11.025, 'long': 91.757, 'Time': Timestamp('2008-08-10 09:27:57'), 'mag': 5.3}, {'lat': 10.947, 'long': 91.711, 'Time': Timestamp('2008-08-10 12:21:11'), 'mag': 5.7}, {'lat': 10.985, 'long': 91.79, 'Time': Timestamp('2008-08-10 13:01:31'), 'mag': 5.3}, {'lat': 36.547, 'long': 71.472, 'Time': Timestamp('2008-08-12 05:25:36'), 'mag': 5.0}, {'lat': 36.547, 'long': 71.472, 'Time': Timestamp('2008-08-12 05:25:36'), 'mag': 5.0}, {'lat': 36.547, 'long': 71.472, 'Time': Timestamp('2008-08-12 05:25:36'), 'mag': 5.0}]",11,29
970,2008-07-19 08:59:21.773,0,[],0,7
971,2008-07-19 12:18:53.513,0,[],0,7
972,2008-08-09 15:36:22.763,1,"[{'lat': 10.514, 'long': -64.171, 'Time': Timestamp('2008-08-11 07:19:26'), 'mag': 5.2}]",1,28
973,2008-07-24 18:51:48.173,0,[],0,12
974,2008-07-18 22:04:24.745,1,"[{'lat': 44.33, 'long': -129.304, 'Time': Timestamp('2008-07-19 01:00:22'), 'mag': 5.0}, {'lat': -17.337, 'long': -177.312, 'Time': Timestamp('2008-07-19 22:39:52'), 'mag': 6.4}]",2,6
975,2008-07-24 01:19:20.713,1,"[{'lat': 51.279, 'long': 178.982, 'Time': Timestamp('2008-07-25 00:29:22'), 'mag': 5.9}, {'lat': 51.279, 'long': 178.982, 'Time': Timestamp('2008-07-25 00:29:22'), 'mag': 5.9}, {'lat': 51.279, 'long': 178.982, 'Time': Timestamp('2008-07-25 00:29:22'), 'mag': 5.9}, {'lat': -5.808, 'long': 146.658, 'Time': Timestamp('2008-07-25 20:11:07'), 'mag': 5.5}, {'lat': -5.808, 'long': 146.658, 'Time': Timestamp('2008-07-25 20:11:07'), 'mag': 5.5}, {'lat': 50.967, 'long': 157.584, 'Time': Timestamp('2008-07-24 01:43:16'), 'mag': 6.2}, {'lat': 39.62, 'long': 141.522, 'Time': Timestamp('2008-07-24 02:27:53'), 'mag': 5.2}, {'lat': 39.62, 'long': 141.522, 'Time': Timestamp('2008-07-24 02:27:53'), 'mag': 5.2}, {'lat': 39.62, 'long': 141.522, 'Time': Timestamp('2008-07-24 02:27:53'), 'mag': 5.2}]",9,11
976,2008-07-22 06:14:21.887,0,[],0,9
977,2008-08-07 09:29:53.614,0,[],0,25
978,2008-08-10 12:49:23.914,1,"[{'lat': -1.02, 'long': -21.843, 'Time': Timestamp('2008-08-11 23:38:38'), 'mag': 6.0}, {'lat': -0.99, 'long': -22.05, 'Time': Timestamp('2008-08-12 00:49:03'), 'mag': 5.3}, {'lat': -1.02, 'long': -21.843, 'Time': Timestamp('2008-08-11 23:38:38'), 'mag': 6.0}, {'lat': -0.99, 'long': -22.05, 'Time': Timestamp('2008-08-12 00:49:03'), 'mag': 5.3}]",4,28
979,2008-08-08 16:06:52.171,0,[],0,26
980,2008-07-24 19:21:24.021,0,[],0,11
981,2008-08-03 22:35:24.074,0,[],0,21
982,2008-08-10 01:49:21.877,1,"[{'lat': -3.091, 'long': 147.357, 'Time': Timestamp('2008-08-11 16:27:28'), 'mag': 5.1}, {'lat': -3.109, 'long': 147.26, 'Time': Timestamp('2008-08-11 20:41:36'), 'mag': 5.0}, {'lat': -3.091, 'long': 147.357, 'Time': Timestamp('2008-08-11 16:27:28'), 'mag': 5.1}, {'lat': -3.109, 'long': 147.26, 'Time': Timestamp('2008-08-11 20:41:36'), 'mag': 5.0}]",4,27
983,2008-08-05 06:44:51.400,1,"[{'lat': 33.118, 'long': 91.969, 'Time': Timestamp('2008-08-05 21:59:44'), 'mag': 5.0}, {'lat': 33.118, 'long': 91.969, 'Time': Timestamp('2008-08-05 21:59:44'), 'mag': 5.0}]",2,22
984,2008-08-05 10:00:18.361,0,[],0,22
985,2008-08-11 13:19:48.639,1,"[{'lat': -1.02, 'long': -21.843, 'Time': Timestamp('2008-08-11 23:38:38'), 'mag': 6.0}, {'lat': -0.99, 'long': -22.05, 'Time': Timestamp('2008-08-12 00:49:03'), 'mag': 5.3}, {'lat': -1.02, 'long': -21.843, 'Time': Timestamp('2008-08-11 23:38:38'), 'mag': 6.0}, {'lat': -0.99, 'long': -22.05, 'Time': Timestamp('2008-08-12 00:49:03'), 'mag': 5.3}, {'lat': -1.02, 'long': -21.843, 'Time': Timestamp('2008-08-11 23:38:38'), 'mag': 6.0}, {'lat': -0.99, 'long': -22.05, 'Time': Timestamp('2008-08-12 00:49:03'), 'mag': 5.3}]",6,28
986,2008-08-08 16:36:51.572,0,[],0,25
987,2008-08-10 19:51:18.745,0,[],0,27
988,2008-08-07 23:04:55.439,1,"[{'lat': 51.504, 'long': -178.441, 'Time': Timestamp('2008-08-09 15:18:16'), 'mag': 5.5}, {'lat': 51.504, 'long': -178.441, 'Time': Timestamp('2008-08-09 15:18:16'), 'mag': 5.5}, {'lat': -14.79, 'long': 167.241, 'Time': Timestamp('2008-08-09 18:32:45'), 'mag': 5.1}, {'lat': -14.79, 'long': 167.241, 'Time': Timestamp('2008-08-09 18:32:45'), 'mag': 5.1}, {'lat': -14.79, 'long': 167.241, 'Time': Timestamp('2008-08-09 18:32:45'), 'mag': 5.1}, {'lat': -60.648, 'long': 153.771, 'Time': Timestamp('2008-08-09 06:01:48'), 'mag': 6.5}, {'lat': -60.693, 'long': 153.826, 'Time': Timestamp('2008-08-09 16:36:38'), 'mag': 6.3}]",7,24
989,2008-07-20 08:51:49.293,0,[],0,5
990,2008-07-30 12:10:53.689,1,"[{'lat': -59.644, 'long': -27.806, 'Time': Timestamp('2008-07-30 20:15:11'), 'mag': 5.6}]",1,15
991,2008-08-14 15:28:51.500,1,"[{'lat': 8.076, 'long': -38.012, 'Time': Timestamp('2008-08-14 17:16:20'), 'mag': 5.0}, {'lat': 7.292, 'long': -82.726, 'Time': Timestamp('2008-08-14 22:55:47'), 'mag': 5.5}, {'lat': 7.292, 'long': -82.726, 'Time': Timestamp('2008-08-14 22:55:47'), 'mag': 5.5}, {'lat': 7.292, 'long': -82.726, 'Time': Timestamp('2008-08-14 22:55:47'), 'mag': 5.5}]",4,30
992,2008-08-05 18:43:49.678,1,"[{'lat': 26.64, 'long': -111.0, 'Time': Timestamp('2008-08-07 02:18:13'), 'mag': 5.5}, {'lat': 26.64, 'long': -111.0, 'Time': Timestamp('2008-08-07 02:18:13'), 'mag': 5.5}, {'lat': -54.186, 'long': -133.402, 'Time': Timestamp('2008-08-06 02:18:37'), 'mag': 5.0}, {'lat': -54.186, 'long': -133.402, 'Time': Timestamp('2008-08-06 02:18:37'), 'mag': 5.0}]",4,21
993,2008-07-24 21:56:54.921,0,[],0,9
994,2008-07-26 01:11:51.436,1,"[{'lat': -7.358, 'long': 126.493, 'Time': Timestamp('2008-07-27 19:30:50'), 'mag': 5.2}, {'lat': -7.358, 'long': 126.493, 'Time': Timestamp('2008-07-27 19:30:50'), 'mag': 5.2}, {'lat': -7.358, 'long': 126.493, 'Time': Timestamp('2008-07-27 19:30:50'), 'mag': 5.2}]",3,10
995,2008-07-23 06:06:56.282,1,"[{'lat': 32.752, 'long': 105.498, 'Time': Timestamp('2008-07-23 19:54:44'), 'mag': 5.5}, {'lat': 32.747, 'long': 105.542, 'Time': Timestamp('2008-07-24 07:09:30'), 'mag': 5.7}]",2,7
996,2008-07-27 09:21:52.932,0,[],0,11
997,2008-08-07 12:41:23.232,0,[],0,22
998,2008-07-21 22:27:23.391,1,"[{'lat': -30.222, 'long': -177.686, 'Time': Timestamp('2008-07-23 02:18:19'), 'mag': 5.0}]",1,5
999,2008-08-08 08:15:19.757,0,[],0,22
1000,2008-07-25 11:32:23.606,1,"[{'lat': -59.68, 'long': -30.211, 'Time': Timestamp('2008-07-25 16:26:32'), 'mag': 5.1}, {'lat': -59.68, 'long': -30.211, 'Time': Timestamp('2008-07-25 16:26:32'), 'mag': 5.1}]",2,8
1001,2008-07-29 14:50:49.865,0,[],0,12
1002,2008-07-29 18:06:22.251,1,"[{'lat': 15.979, 'long': -96.095, 'Time': Timestamp('2008-07-30 10:23:33'), 'mag': 5.3}, {'lat': 15.979, 'long': -96.095, 'Time': Timestamp('2008-07-30 10:23:33'), 'mag': 5.3}, {'lat': 15.979, 'long': -96.095, 'Time': Timestamp('2008-07-30 10:23:33'), 'mag': 5.3}, {'lat': -54.727, 'long': -118.783, 'Time': Timestamp('2008-07-29 20:56:22'), 'mag': 5.8}, {'lat': 33.9485, 'long': -117.7663333, 'Time': Timestamp('2008-07-29 18:42:15'), 'mag': 5.44}, {'lat': 33.9485, 'long': -117.7663333, 'Time': Timestamp('2008-07-29 18:42:15'), 'mag': 5.44}]",6,12
1003,2008-07-25 21:19:21.958,0,[],0,8
1004,2008-08-07 00:34:18.585,1,"[{'lat': 53.486, 'long': -167.47, 'Time': Timestamp('2008-08-07 07:27:42'), 'mag': 5.2}, {'lat': 52.268, 'long': -175.734, 'Time': Timestamp('2008-08-07 10:12:02'), 'mag': 5.0}, {'lat': 52.281, 'long': -175.811, 'Time': Timestamp('2008-08-07 12:49:33'), 'mag': 5.0}, {'lat': 52.19, 'long': -175.651, 'Time': Timestamp('2008-08-07 18:30:03'), 'mag': 5.8}, {'lat': 53.486, 'long': -167.47, 'Time': Timestamp('2008-08-07 07:27:42'), 'mag': 5.2}, {'lat': 52.268, 'long': -175.734, 'Time': Timestamp('2008-08-07 10:12:02'), 'mag': 5.0}, {'lat': 52.281, 'long': -175.811, 'Time': Timestamp('2008-08-07 12:49:33'), 'mag': 5.0}, {'lat': 52.19, 'long': -175.651, 'Time': Timestamp('2008-08-07 18:30:03'), 'mag': 5.8}, {'lat': 52.268, 'long': -175.734, 'Time': Timestamp('2008-08-07 10:12:02'), 'mag': 5.0}, {'lat': 52.281, 'long': -175.811, 'Time': Timestamp('2008-08-07 12:49:33'), 'mag': 5.0}, {'lat': 52.19, 'long': -175.651, 'Time': Timestamp('2008-08-07 18:30:03'), 'mag': 5.8}]",11,20
1005,2008-07-30 07:06:57.219,0,[],0,12
1006,2008-07-27 10:22:52.406,0,[],0,9
1007,2008-07-29 13:42:24.034,0,[],0,11
1008,2008-08-15 16:58:53.087,1,"[{'lat': 14.548, 'long': -91.975, 'Time': Timestamp('2008-08-17 14:25:08'), 'mag': 5.0}, {'lat': 14.548, 'long': -91.975, 'Time': Timestamp('2008-08-17 14:25:08'), 'mag': 5.0}, {'lat': 14.548, 'long': -91.975, 'Time': Timestamp('2008-08-17 14:25:08'), 'mag': 5.0}]",3,28
1009,2008-07-31 20:13:23.140,0,[],0,13
1010,2008-08-17 01:03:47.985,1,"[{'lat': -10.656, 'long': 164.586, 'Time': Timestamp('2008-08-18 09:16:21'), 'mag': 5.0}, {'lat': -10.656, 'long': 164.586, 'Time': Timestamp('2008-08-18 09:16:21'), 'mag': 5.0}, {'lat': -10.656, 'long': 164.586, 'Time': Timestamp('2008-08-18 09:16:21'), 'mag': 5.0}, {'lat': 47.264, 'long': 153.93, 'Time': Timestamp('2008-08-18 01:46:32'), 'mag': 5.1}, {'lat': 47.264, 'long': 153.93, 'Time': Timestamp('2008-08-18 01:46:32'), 'mag': 5.1}, {'lat': 47.264, 'long': 153.93, 'Time': Timestamp('2008-08-18 01:46:32'), 'mag': 5.1}]",6,29
1011,2008-07-26 05:58:54.272,1,"[{'lat': 23.577, 'long': 94.642, 'Time': Timestamp('2008-07-27 22:42:05'), 'mag': 5.2}, {'lat': 23.577, 'long': 94.642, 'Time': Timestamp('2008-07-27 22:42:05'), 'mag': 5.2}, {'lat': 23.577, 'long': 94.642, 'Time': Timestamp('2008-07-27 22:42:05'), 'mag': 5.2}]",3,7
1012,2008-08-16 10:53:53.247,1,"[{'lat': -52.873, 'long': -4.453, 'Time': Timestamp('2008-08-17 15:39:08'), 'mag': 5.6}]",1,28
1013,2008-07-30 14:12:20.746,1,"[{'lat': -22.362, 'long': -66.632, 'Time': Timestamp('2008-08-01 06:18:38'), 'mag': 5.3}, {'lat': -22.362, 'long': -66.632, 'Time': Timestamp('2008-08-01 06:18:38'), 'mag': 5.3}, {'lat': -22.362, 'long': -66.632, 'Time': Timestamp('2008-08-01 06:18:38'), 'mag': 5.3}]",3,11
1014,2008-08-18 17:28:53.243,1,"[{'lat': 9.033, 'long': -84.081, 'Time': Timestamp('2008-08-20 06:20:57'), 'mag': 5.3}, {'lat': 9.033, 'long': -84.081, 'Time': Timestamp('2008-08-20 06:20:57'), 'mag': 5.3}, {'lat': 9.033, 'long': -84.081, 'Time': Timestamp('2008-08-20 06:20:57'), 'mag': 5.3}, {'lat': -28.545, 'long': -112.842, 'Time': Timestamp('2008-08-19 10:58:00'), 'mag': 5.7}, {'lat': -28.545, 'long': -112.842, 'Time': Timestamp('2008-08-19 10:58:00'), 'mag': 5.7}, {'lat': -28.545, 'long': -112.842, 'Time': Timestamp('2008-08-19 10:58:00'), 'mag': 5.7}]",6,30
1015,2008-07-29 20:39:50.862,0,[],0,10
1016,2008-08-08 23:56:23.594,1,"[{'lat': 51.504, 'long': -178.441, 'Time': Timestamp('2008-08-09 15:18:16'), 'mag': 5.5}, {'lat': -14.79, 'long': 167.241, 'Time': Timestamp('2008-08-09 18:32:45'), 'mag': 5.1}, {'lat': -21.156, 'long': 173.997, 'Time': Timestamp('2008-08-10 04:00:54'), 'mag': 5.1}, {'lat': -14.79, 'long': 167.241, 'Time': Timestamp('2008-08-09 18:32:45'), 'mag': 5.1}, {'lat': -21.156, 'long': 173.997, 'Time': Timestamp('2008-08-10 04:00:54'), 'mag': 5.1}, {'lat': -21.156, 'long': 173.997, 'Time': Timestamp('2008-08-10 04:00:54'), 'mag': 5.1}, {'lat': -60.648, 'long': 153.771, 'Time': Timestamp('2008-08-09 06:01:48'), 'mag': 6.5}, {'lat': -60.693, 'long': 153.826, 'Time': Timestamp('2008-08-09 16:36:38'), 'mag': 6.3}, {'lat': -60.5, 'long': 153.5, 'Time': Timestamp('2008-08-10 11:53:52'), 'mag': 5.1}]",9,20
1017,2008-08-11 08:07:17.166,1,"[{'lat': 36.547, 'long': 71.472, 'Time': Timestamp('2008-08-12 05:25:36'), 'mag': 5.0}, {'lat': 36.547, 'long': 71.472, 'Time': Timestamp('2008-08-12 05:25:36'), 'mag': 5.0}, {'lat': 36.547, 'long': 71.472, 'Time': Timestamp('2008-08-12 05:25:36'), 'mag': 5.0}]",3,22
1018,2008-08-03 11:24:23.782,1,"[{'lat': 34.098, 'long': 26.576, 'Time': Timestamp('2008-08-04 19:38:25'), 'mag': 5.3}]",1,14
1019,2008-08-14 14:42:52.475,1,"[{'lat': 8.076, 'long': -38.012, 'Time': Timestamp('2008-08-14 17:16:20'), 'mag': 5.0}, {'lat': 8.076, 'long': -38.012, 'Time': Timestamp('2008-08-14 17:16:20'), 'mag': 5.0}]",2,25
1020,2008-08-12 17:58:55.196,1,"[{'lat': -13.382, 'long': -111.281, 'Time': Timestamp('2008-08-13 01:32:45'), 'mag': 5.7}, {'lat': -13.382, 'long': -111.281, 'Time': Timestamp('2008-08-13 01:32:45'), 'mag': 5.7}, {'lat': -13.382, 'long': -111.281, 'Time': Timestamp('2008-08-13 01:32:45'), 'mag': 5.7}]",3,23
1021,2008-07-27 21:11:22.134,1,"[{'lat': -24.765, 'long': -176.13, 'Time': Timestamp('2008-07-28 03:43:03'), 'mag': 5.3}, {'lat': -24.765, 'long': -176.13, 'Time': Timestamp('2008-07-28 03:43:03'), 'mag': 5.3}, {'lat': -24.765, 'long': -176.13, 'Time': Timestamp('2008-07-28 03:43:03'), 'mag': 5.3}]",3,7
1022,2008-08-04 00:26:21.316,1,"[{'lat': 49.852, 'long': 156.38, 'Time': Timestamp('2008-08-04 04:42:14'), 'mag': 5.8}, {'lat': 49.852, 'long': 156.38, 'Time': Timestamp('2008-08-04 04:42:14'), 'mag': 5.8}, {'lat': -5.06, 'long': 151.796, 'Time': Timestamp('2008-08-04 15:16:53'), 'mag': 5.5}, {'lat': -5.06, 'long': 151.796, 'Time': Timestamp('2008-08-04 15:16:53'), 'mag': 5.5}, {'lat': -5.06, 'long': 151.796, 'Time': Timestamp('2008-08-04 15:16:53'), 'mag': 5.5}]",5,14
1023,2008-08-01 08:35:51.443,1,"[{'lat': 39.608, 'long': 23.849, 'Time': Timestamp('2008-08-03 00:39:16'), 'mag': 5.3}, {'lat': 39.608, 'long': 23.849, 'Time': Timestamp('2008-08-03 00:39:16'), 'mag': 5.3}]",2,11
1024,2008-08-05 11:54:53.183,0,[],0,15
1025,2008-08-04 15:12:53.650,0,[],0,14
1026,2008-08-19 18:28:19.172,1,"[{'lat': 9.033, 'long': -84.081, 'Time': Timestamp('2008-08-20 06:20:57'), 'mag': 5.3}]",1,29
1027,2008-08-19 21:41:27.182,1,"[{'lat': -15.29, 'long': -173.202, 'Time': Timestamp('2008-08-21 08:33:23'), 'mag': 5.1}, {'lat': -15.29, 'long': -173.202, 'Time': Timestamp('2008-08-21 08:33:23'), 'mag': 5.1}, {'lat': -25.205, 'long': -177.784, 'Time': Timestamp('2008-08-21 17:03:59'), 'mag': 5.1}, {'lat': -15.29, 'long': -173.202, 'Time': Timestamp('2008-08-21 08:33:23'), 'mag': 5.1}, {'lat': -25.205, 'long': -177.784, 'Time': Timestamp('2008-08-21 17:03:59'), 'mag': 5.1}, {'lat': -25.205, 'long': -177.784, 'Time': Timestamp('2008-08-21 17:03:59'), 'mag': 5.1}]",6,29
1028,2008-07-29 00:56:20.930,1,"[{'lat': -2.67, 'long': 152.659, 'Time': Timestamp('2008-07-29 18:54:35'), 'mag': 5.3}, {'lat': -10.676, 'long': 163.438, 'Time': Timestamp('2008-07-30 19:06:57'), 'mag': 5.1}, {'lat': -10.676, 'long': 163.438, 'Time': Timestamp('2008-07-30 19:06:57'), 'mag': 5.1}]",3,7
1029,2008-08-13 05:51:59.314,0,[],0,22
1030,2008-08-21 09:06:19.735,0,[],0,30
1031,2008-08-08 12:25:21.341,0,[],0,17
1032,2008-08-10 15:43:24.275,1,"[{'lat': 10.514, 'long': -64.171, 'Time': Timestamp('2008-08-11 07:19:26'), 'mag': 5.2}, {'lat': 10.514, 'long': -64.171, 'Time': Timestamp('2008-08-11 07:19:26'), 'mag': 5.2}]",2,19
1033,2008-08-01 18:58:18.245,0,[],0,10
1034,2008-08-01 22:11:53.376,1,"[{'lat': -16.314, 'long': 178.163, 'Time': Timestamp('2008-08-02 15:34:22'), 'mag': 5.5}, {'lat': -16.314, 'long': 178.163, 'Time': Timestamp('2008-08-02 15:34:22'), 'mag': 5.5}, {'lat': -16.314, 'long': 178.163, 'Time': Timestamp('2008-08-02 15:34:22'), 'mag': 5.5}]",3,10
1035,2008-07-30 01:25:52.112,1,"[{'lat': -10.676, 'long': 163.438, 'Time': Timestamp('2008-07-30 19:06:57'), 'mag': 5.1}, {'lat': -10.488, 'long': 163.505, 'Time': Timestamp('2008-07-31 08:07:41'), 'mag': 5.2}, {'lat': -10.676, 'long': 163.438, 'Time': Timestamp('2008-07-30 19:06:57'), 'mag': 5.1}, {'lat': -10.488, 'long': 163.505, 'Time': Timestamp('2008-07-31 08:07:41'), 'mag': 5.2}]",4,7
1036,2008-08-10 11:16:23.103,1,"[{'lat': -1.02, 'long': -21.843, 'Time': Timestamp('2008-08-11 23:38:38'), 'mag': 6.0}, {'lat': -0.99, 'long': -22.05, 'Time': Timestamp('2008-08-12 00:49:03'), 'mag': 5.3}, {'lat': -1.02, 'long': -21.843, 'Time': Timestamp('2008-08-11 23:38:38'), 'mag': 6.0}, {'lat': -0.99, 'long': -22.05, 'Time': Timestamp('2008-08-12 00:49:03'), 'mag': 5.3}]",4,18
1037,2008-08-19 14:34:53.013,1,"[{'lat': -25.254, 'long': -68.697, 'Time': Timestamp('2008-08-21 09:32:57'), 'mag': 5.4}, {'lat': -25.254, 'long': -68.697, 'Time': Timestamp('2008-08-21 09:32:57'), 'mag': 5.4}]",2,27
1038,2008-08-18 21:01:47.817,1,"[{'lat': -14.915, 'long': -173.246, 'Time': Timestamp('2008-08-19 13:37:28'), 'mag': 5.7}, {'lat': -15.087, 'long': -173.476, 'Time': Timestamp('2008-08-19 16:30:13'), 'mag': 6.1}, {'lat': -14.915, 'long': -173.246, 'Time': Timestamp('2008-08-19 13:37:28'), 'mag': 5.7}, {'lat': -15.087, 'long': -173.476, 'Time': Timestamp('2008-08-19 16:30:13'), 'mag': 6.1}]",4,26
1039,2008-08-23 00:18:53.506,0,[],0,30
1040,2008-08-11 11:46:53.504,1,"[{'lat': -1.02, 'long': -21.843, 'Time': Timestamp('2008-08-11 23:38:38'), 'mag': 6.0}, {'lat': -0.99, 'long': -22.05, 'Time': Timestamp('2008-08-12 00:49:03'), 'mag': 5.3}, {'lat': -1.02, 'long': -21.843, 'Time': Timestamp('2008-08-11 23:38:38'), 'mag': 6.0}, {'lat': -0.99, 'long': -22.05, 'Time': Timestamp('2008-08-12 00:49:03'), 'mag': 5.3}, {'lat': -1.02, 'long': -21.843, 'Time': Timestamp('2008-08-11 23:38:38'), 'mag': 6.0}, {'lat': -0.99, 'long': -22.05, 'Time': Timestamp('2008-08-12 00:49:03'), 'mag': 5.3}]",6,18
1041,2008-07-29 15:05:21.204,0,[],0,5
1042,2008-08-18 18:20:52.262,1,"[{'lat': 9.033, 'long': -84.081, 'Time': Timestamp('2008-08-20 06:20:57'), 'mag': 5.3}, {'lat': 9.033, 'long': -84.081, 'Time': Timestamp('2008-08-20 06:20:57'), 'mag': 5.3}, {'lat': -28.545, 'long': -112.842, 'Time': Timestamp('2008-08-19 10:58:00'), 'mag': 5.7}, {'lat': -28.545, 'long': -112.842, 'Time': Timestamp('2008-08-19 10:58:00'), 'mag': 5.7}]",4,25
1043,2008-08-17 21:33:27.280,1,"[{'lat': -14.915, 'long': -173.246, 'Time': Timestamp('2008-08-19 13:37:28'), 'mag': 5.7}, {'lat': -15.087, 'long': -173.476, 'Time': Timestamp('2008-08-19 16:30:13'), 'mag': 6.1}, {'lat': -14.915, 'long': -173.246, 'Time': Timestamp('2008-08-19 13:37:28'), 'mag': 5.7}, {'lat': -15.087, 'long': -173.476, 'Time': Timestamp('2008-08-19 16:30:13'), 'mag': 6.1}, {'lat': -14.915, 'long': -173.246, 'Time': Timestamp('2008-08-19 13:37:28'), 'mag': 5.7}, {'lat': -15.087, 'long': -173.476, 'Time': Timestamp('2008-08-19 16:30:13'), 'mag': 6.1}]",6,24
1044,2008-08-10 00:48:22.580,1,"[{'lat': -60.5, 'long': 153.5, 'Time': Timestamp('2008-08-10 11:53:52'), 'mag': 5.1}, {'lat': -3.091, 'long': 147.357, 'Time': Timestamp('2008-08-11 16:27:28'), 'mag': 5.1}, {'lat': -3.109, 'long': 147.26, 'Time': Timestamp('2008-08-11 20:41:36'), 'mag': 5.0}, {'lat': -3.091, 'long': 147.357, 'Time': Timestamp('2008-08-11 16:27:28'), 'mag': 5.1}, {'lat': -3.109, 'long': 147.26, 'Time': Timestamp('2008-08-11 20:41:36'), 'mag': 5.0}, {'lat': -3.091, 'long': 147.357, 'Time': Timestamp('2008-08-11 16:27:28'), 'mag': 5.1}, {'lat': -3.109, 'long': 147.26, 'Time': Timestamp('2008-08-11 20:41:36'), 'mag': 5.0}]",7,16
1045,2008-08-24 07:21:27.117,1,"[{'lat': 30.901, 'long': 83.52, 'Time': Timestamp('2008-08-25 13:21:58'), 'mag': 6.7}, {'lat': 30.712, 'long': 83.377, 'Time': Timestamp('2008-08-25 13:29:22'), 'mag': 5.0}, {'lat': 30.797, 'long': 83.38, 'Time': Timestamp('2008-08-25 13:39:38'), 'mag': 5.2}, {'lat': 30.831, 'long': 83.523, 'Time': Timestamp('2008-08-25 14:16:02'), 'mag': 5.2}, {'lat': 30.634, 'long': 83.285, 'Time': Timestamp('2008-08-25 19:13:52'), 'mag': 5.1}, {'lat': 30.928, 'long': 83.473, 'Time': Timestamp('2008-08-25 20:40:45'), 'mag': 5.0}, {'lat': 30.901, 'long': 83.52, 'Time': Timestamp('2008-08-25 13:21:58'), 'mag': 6.7}, {'lat': 30.712, 'long': 83.377, 'Time': Timestamp('2008-08-25 13:29:22'), 'mag': 5.0}, {'lat': 30.797, 'long': 83.38, 'Time': Timestamp('2008-08-25 13:39:38'), 'mag': 5.2}, {'lat': 30.831, 'long': 83.523, 'Time': Timestamp('2008-08-25 14:16:02'), 'mag': 5.2}, {'lat': 30.634, 'long': 83.285, 'Time': Timestamp('2008-08-25 19:13:52'), 'mag': 5.1}, {'lat': 30.928, 'long': 83.473, 'Time': Timestamp('2008-08-25 20:40:45'), 'mag': 5.0}, {'lat': 30.712, 'long': 83.377, 'Time': Timestamp('2008-08-25 13:29:22'), 'mag': 5.0}, {'lat': 30.634, 'long': 83.285, 'Time': Timestamp('2008-08-25 19:13:52'), 'mag': 5.1}, {'lat': 8.15, 'long': 59.039, 'Time': Timestamp('2008-08-24 07:35:10'), 'mag': 5.0}, {'lat': 8.15, 'long': 59.039, 'Time': Timestamp('2008-08-24 07:35:10'), 'mag': 5.0}]",16,30
1046,2008-08-17 10:37:50.976,1,"[{'lat': -52.873, 'long': -4.453, 'Time': Timestamp('2008-08-17 15:39:08'), 'mag': 5.6}, {'lat': -8.201, 'long': -13.449, 'Time': Timestamp('2008-08-19 08:33:55'), 'mag': 5.5}, {'lat': -8.201, 'long': -13.449, 'Time': Timestamp('2008-08-19 08:33:55'), 'mag': 5.5}, {'lat': -8.201, 'long': -13.449, 'Time': Timestamp('2008-08-19 08:33:55'), 'mag': 5.5}]",4,23
1047,2008-08-14 13:56:53.932,1,"[{'lat': 8.076, 'long': -38.012, 'Time': Timestamp('2008-08-14 17:16:20'), 'mag': 5.0}, {'lat': 0.459, 'long': -25.243, 'Time': Timestamp('2008-08-15 00:49:43'), 'mag': 5.0}, {'lat': 8.076, 'long': -38.012, 'Time': Timestamp('2008-08-14 17:16:20'), 'mag': 5.0}, {'lat': 0.459, 'long': -25.243, 'Time': Timestamp('2008-08-15 00:49:43'), 'mag': 5.0}, {'lat': 0.459, 'long': -25.243, 'Time': Timestamp('2008-08-15 00:49:43'), 'mag': 5.0}]",5,20
1048,2008-08-08 17:13:23.986,0,[],0,14
1049,2008-08-16 20:24:24.038,0,[],0,22
1050,2008-08-12 23:40:53.092,1,"[{'lat': -16.042, 'long': -176.941, 'Time': Timestamp('2008-08-14 12:42:31'), 'mag': 5.0}, {'lat': -15.273, 'long': -177.765, 'Time': Timestamp('2008-08-14 15:10:16'), 'mag': 5.5}, {'lat': -56.283, 'long': 147.016, 'Time': Timestamp('2008-08-13 00:27:36'), 'mag': 5.0}, {'lat': -54.64, 'long': 143.902, 'Time': Timestamp('2008-08-13 16:24:37'), 'mag': 5.3}]",4,18
1051,2008-08-04 07:51:53.415,0,[],0,9
1052,2008-08-02 11:08:20.601,1,"[{'lat': 39.608, 'long': 23.849, 'Time': Timestamp('2008-08-03 00:39:16'), 'mag': 5.3}, {'lat': 39.608, 'long': 23.849, 'Time': Timestamp('2008-08-03 00:39:16'), 'mag': 5.3}, {'lat': 39.608, 'long': 23.849, 'Time': Timestamp('2008-08-03 00:39:16'), 'mag': 5.3}]",3,7
1053,2008-07-31 14:26:54.406,1,"[{'lat': -22.362, 'long': -66.632, 'Time': Timestamp('2008-08-01 06:18:38'), 'mag': 5.3}, {'lat': -22.362, 'long': -66.632, 'Time': Timestamp('2008-08-01 06:18:38'), 'mag': 5.3}, {'lat': -22.362, 'long': -66.632, 'Time': Timestamp('2008-08-01 06:18:38'), 'mag': 5.3}]",3,5
1054,2008-08-24 00:10:53.493,1,"[{'lat': -39.715, 'long': 176.851, 'Time': Timestamp('2008-08-25 11:25:19'), 'mag': 5.5}, {'lat': -39.715, 'long': 176.851, 'Time': Timestamp('2008-08-25 11:25:19'), 'mag': 5.5}]",2,28
1055,2008-08-03 05:05:32.502,0,[],0,7
1056,2008-08-16 08:21:49.832,1,"[{'lat': 5.519, 'long': 61.303, 'Time': Timestamp('2008-08-16 08:26:23'), 'mag': 5.1}, {'lat': 5.519, 'long': 61.303, 'Time': Timestamp('2008-08-16 08:26:23'), 'mag': 5.1}, {'lat': 5.519, 'long': 61.303, 'Time': Timestamp('2008-08-16 08:26:23'), 'mag': 5.1}]",3,20
1057,2008-08-11 11:38:53.681,1,"[{'lat': -1.02, 'long': -21.843, 'Time': Timestamp('2008-08-11 23:38:38'), 'mag': 6.0}, {'lat': -0.99, 'long': -22.05, 'Time': Timestamp('2008-08-12 00:49:03'), 'mag': 5.3}, {'lat': -1.02, 'long': -21.843, 'Time': Timestamp('2008-08-11 23:38:38'), 'mag': 6.0}, {'lat': -0.99, 'long': -22.05, 'Time': Timestamp('2008-08-12 00:49:03'), 'mag': 5.3}, {'lat': -1.02, 'long': -21.843, 'Time': Timestamp('2008-08-11 23:38:38'), 'mag': 6.0}, {'lat': -0.99, 'long': -22.05, 'Time': Timestamp('2008-08-12 00:49:03'), 'mag': 5.3}]",6,15
1058,2008-08-10 14:57:21.380,1,"[{'lat': 10.514, 'long': -64.171, 'Time': Timestamp('2008-08-11 07:19:26'), 'mag': 5.2}, {'lat': 10.514, 'long': -64.171, 'Time': Timestamp('2008-08-11 07:19:26'), 'mag': 5.2}]",2,14
1059,2008-08-13 21:25:52.033,1,"[{'lat': -16.042, 'long': -176.941, 'Time': Timestamp('2008-08-14 12:42:31'), 'mag': 5.0}, {'lat': -15.273, 'long': -177.765, 'Time': Timestamp('2008-08-14 15:10:16'), 'mag': 5.5}, {'lat': -16.042, 'long': -176.941, 'Time': Timestamp('2008-08-14 12:42:31'), 'mag': 5.0}, {'lat': -15.273, 'long': -177.765, 'Time': Timestamp('2008-08-14 15:10:16'), 'mag': 5.5}, {'lat': -16.042, 'long': -176.941, 'Time': Timestamp('2008-08-14 12:42:31'), 'mag': 5.0}, {'lat': -15.273, 'long': -177.765, 'Time': Timestamp('2008-08-14 15:10:16'), 'mag': 5.5}]",6,17
1060,2008-08-09 00:40:48.659,1,"[{'lat': 51.504, 'long': -178.441, 'Time': Timestamp('2008-08-09 15:18:16'), 'mag': 5.5}, {'lat': 51.504, 'long': -178.441, 'Time': Timestamp('2008-08-09 15:18:16'), 'mag': 5.5}, {'lat': -14.79, 'long': 167.241, 'Time': Timestamp('2008-08-09 18:32:45'), 'mag': 5.1}, {'lat': -14.79, 'long': 167.241, 'Time': Timestamp('2008-08-09 18:32:45'), 'mag': 5.1}, {'lat': -21.156, 'long': 173.997, 'Time': Timestamp('2008-08-10 04:00:54'), 'mag': 5.1}, {'lat': -14.79, 'long': 167.241, 'Time': Timestamp('2008-08-09 18:32:45'), 'mag': 5.1}, {'lat': -21.156, 'long': 173.997, 'Time': Timestamp('2008-08-10 04:00:54'), 'mag': 5.1}, {'lat': -60.648, 'long': 153.771, 'Time': Timestamp('2008-08-09 06:01:48'), 'mag': 6.5}, {'lat': -60.693, 'long': 153.826, 'Time': Timestamp('2008-08-09 16:36:38'), 'mag': 6.3}, {'lat': -60.5, 'long': 153.5, 'Time': Timestamp('2008-08-10 11:53:52'), 'mag': 5.1}]",10,12
1061,2008-08-16 07:13:27.293,1,"[{'lat': 5.717, 'long': 61.212, 'Time': Timestamp('2008-08-16 07:25:56'), 'mag': 5.4}, {'lat': 5.711, 'long': 61.333, 'Time': Timestamp('2008-08-16 08:20:21'), 'mag': 5.2}, {'lat': 5.519, 'long': 61.303, 'Time': Timestamp('2008-08-16 08:26:23'), 'mag': 5.1}, {'lat': 5.717, 'long': 61.212, 'Time': Timestamp('2008-08-16 07:25:56'), 'mag': 5.4}, {'lat': 5.711, 'long': 61.333, 'Time': Timestamp('2008-08-16 08:20:21'), 'mag': 5.2}, {'lat': 5.519, 'long': 61.303, 'Time': Timestamp('2008-08-16 08:26:23'), 'mag': 5.1}]",6,19
1062,2008-08-27 10:29:51.153,0,[],0,30
1063,2008-08-03 13:48:53.109,0,[],0,6
1064,2008-08-08 17:05:23.162,0,[],0,11
1065,2008-08-27 20:16:23.214,1,"[{'lat': 50.228, 'long': -130.035, 'Time': Timestamp('2008-08-27 20:17:35'), 'mag': 5.4}, {'lat': 50.082, 'long': -129.59, 'Time': Timestamp('2008-08-27 22:12:38'), 'mag': 5.1}, {'lat': 50.136, 'long': -129.667, 'Time': Timestamp('2008-08-28 01:15:15'), 'mag': 5.0}, {'lat': 50.147, 'long': -129.596, 'Time': Timestamp('2008-08-28 01:58:35'), 'mag': 5.0}, {'lat': 50.147, 'long': -129.679, 'Time': Timestamp('2008-08-28 09:20:30'), 'mag': 5.0}, {'lat': 50.165, 'long': -129.628, 'Time': Timestamp('2008-08-28 12:37:35'), 'mag': 5.9}, {'lat': 50.228, 'long': -130.035, 'Time': Timestamp('2008-08-27 20:17:35'), 'mag': 5.4}, {'lat': 50.082, 'long': -129.59, 'Time': Timestamp('2008-08-27 22:12:38'), 'mag': 5.1}, {'lat': 50.136, 'long': -129.667, 'Time': Timestamp('2008-08-28 01:15:15'), 'mag': 5.0}, {'lat': 50.147, 'long': -129.596, 'Time': Timestamp('2008-08-28 01:58:35'), 'mag': 5.0}, {'lat': 50.147, 'long': -129.679, 'Time': Timestamp('2008-08-28 09:20:30'), 'mag': 5.0}, {'lat': 50.165, 'long': -129.628, 'Time': Timestamp('2008-08-28 12:37:35'), 'mag': 5.9}]",12,30
1066,2008-08-21 23:33:23.268,1,"[{'lat': -21.442, 'long': 170.383, 'Time': Timestamp('2008-08-22 01:34:00'), 'mag': 5.0}]",1,24
1067,2008-08-27 07:43:55.367,1,"[{'lat': 32.308, 'long': 47.35, 'Time': Timestamp('2008-08-27 21:52:38'), 'mag': 5.8}, {'lat': 32.308, 'long': 47.35, 'Time': Timestamp('2008-08-27 21:52:38'), 'mag': 5.8}, {'lat': 32.308, 'long': 47.35, 'Time': Timestamp('2008-08-27 21:52:38'), 'mag': 5.8}]",3,29
1068,2008-08-05 11:00:20.554,1,"[{'lat': -58.674, 'long': -25.112, 'Time': Timestamp('2008-08-06 14:45:35'), 'mag': 5.0}, {'lat': -58.674, 'long': -25.112, 'Time': Timestamp('2008-08-06 14:45:35'), 'mag': 5.0}]",2,7
1069,2008-08-10 14:18:49.046,1,"[{'lat': 10.514, 'long': -64.171, 'Time': Timestamp('2008-08-11 07:19:26'), 'mag': 5.2}, {'lat': 10.514, 'long': -64.171, 'Time': Timestamp('2008-08-11 07:19:26'), 'mag': 5.2}, {'lat': 10.514, 'long': -64.171, 'Time': Timestamp('2008-08-11 07:19:26'), 'mag': 5.2}]",3,12
1070,2008-08-09 17:35:22.648,0,[],0,11
1071,2008-08-25 20:46:16.830,1,"[{'lat': 49.022, 'long': -128.493, 'Time': Timestamp('2008-08-25 22:24:56'), 'mag': 5.1}, {'lat': 49.022, 'long': -128.493, 'Time': Timestamp('2008-08-25 22:24:56'), 'mag': 5.1}, {'lat': 50.19, 'long': -129.811, 'Time': Timestamp('2008-08-27 19:59:22'), 'mag': 5.0}, {'lat': 50.228, 'long': -130.035, 'Time': Timestamp('2008-08-27 20:17:35'), 'mag': 5.4}, {'lat': 49.022, 'long': -128.493, 'Time': Timestamp('2008-08-25 22:24:56'), 'mag': 5.1}, {'lat': 50.19, 'long': -129.811, 'Time': Timestamp('2008-08-27 19:59:22'), 'mag': 5.0}, {'lat': 50.228, 'long': -130.035, 'Time': Timestamp('2008-08-27 20:17:35'), 'mag': 5.4}]",7,27
1072,2008-08-11 00:02:48.323,1,"[{'lat': 53.684, 'long': -163.563, 'Time': Timestamp('2008-08-11 00:09:36'), 'mag': 5.3}, {'lat': 53.684, 'long': -163.563, 'Time': Timestamp('2008-08-11 00:09:36'), 'mag': 5.3}, {'lat': -11.432, 'long': 166.23, 'Time': Timestamp('2008-08-12 05:25:57'), 'mag': 5.9}, {'lat': -11.432, 'long': 166.23, 'Time': Timestamp('2008-08-12 05:25:57'), 'mag': 5.9}, {'lat': -3.091, 'long': 147.357, 'Time': Timestamp('2008-08-11 16:27:28'), 'mag': 5.1}, {'lat': -3.109, 'long': 147.26, 'Time': Timestamp('2008-08-11 20:41:36'), 'mag': 5.0}, {'lat': -3.091, 'long': 147.357, 'Time': Timestamp('2008-08-11 16:27:28'), 'mag': 5.1}, {'lat': -3.109, 'long': 147.26, 'Time': Timestamp('2008-08-11 20:41:36'), 'mag': 5.0}]",8,12
1073,2008-08-07 08:13:54.105,0,[],0,8
1074,2008-08-26 13:10:24.031,0,[],0,27
1075,2008-08-17 22:55:53.191,1,"[{'lat': -14.915, 'long': -173.246, 'Time': Timestamp('2008-08-19 13:37:28'), 'mag': 5.7}, {'lat': -15.087, 'long': -173.476, 'Time': Timestamp('2008-08-19 16:30:13'), 'mag': 6.1}, {'lat': -14.915, 'long': -173.246, 'Time': Timestamp('2008-08-19 13:37:28'), 'mag': 5.7}, {'lat': -15.087, 'long': -173.476, 'Time': Timestamp('2008-08-19 16:30:13'), 'mag': 6.1}, {'lat': -14.915, 'long': -173.246, 'Time': Timestamp('2008-08-19 13:37:28'), 'mag': 5.7}, {'lat': -15.087, 'long': -173.476, 'Time': Timestamp('2008-08-19 16:30:13'), 'mag': 6.1}, {'lat': 52.146, 'long': -170.6, 'Time': Timestamp('2008-08-18 02:21:19'), 'mag': 5.2}, {'lat': 52.146, 'long': -170.6, 'Time': Timestamp('2008-08-18 02:21:19'), 'mag': 5.2}, {'lat': 52.146, 'long': -170.6, 'Time': Timestamp('2008-08-18 02:21:19'), 'mag': 5.2}, {'lat': -10.656, 'long': 164.586, 'Time': Timestamp('2008-08-18 09:16:21'), 'mag': 5.0}, {'lat': -10.656, 'long': 164.586, 'Time': Timestamp('2008-08-18 09:16:21'), 'mag': 5.0}, {'lat': -10.656, 'long': 164.586, 'Time': Timestamp('2008-08-18 09:16:21'), 'mag': 5.0}]",12,18
1076,2008-08-26 08:42:20.338,1,"[{'lat': 32.308, 'long': 47.35, 'Time': Timestamp('2008-08-27 21:52:38'), 'mag': 5.8}, {'lat': 32.308, 'long': 47.35, 'Time': Timestamp('2008-08-27 21:52:38'), 'mag': 5.8}, {'lat': 32.308, 'long': 47.35, 'Time': Timestamp('2008-08-27 21:52:38'), 'mag': 5.8}, {'lat': -10.751, 'long': 41.469, 'Time': Timestamp('2008-08-27 06:46:19'), 'mag': 5.7}, {'lat': -10.751, 'long': 41.469, 'Time': Timestamp('2008-08-27 06:46:19'), 'mag': 5.7}, {'lat': -10.751, 'long': 41.469, 'Time': Timestamp('2008-08-27 06:46:19'), 'mag': 5.7}]",6,26
1077,2008-08-25 12:01:23.405,0,[],0,25
1078,2008-08-17 15:19:19.776,1,"[{'lat': -5.845, 'long': -80.924, 'Time': Timestamp('2008-08-18 15:38:08'), 'mag': 5.1}, {'lat': -5.845, 'long': -80.924, 'Time': Timestamp('2008-08-18 15:38:08'), 'mag': 5.1}, {'lat': -5.845, 'long': -80.924, 'Time': Timestamp('2008-08-18 15:38:08'), 'mag': 5.1}, {'lat': -22.143, 'long': -68.392, 'Time': Timestamp('2008-08-18 20:28:16'), 'mag': 5.0}]",4,17
1079,2008-08-14 18:34:53.512,0,[],0,14
1080,2008-08-29 21:48:54.748,1,"[{'lat': -28.643, 'long': -177.371, 'Time': Timestamp('2008-08-30 10:34:06'), 'mag': 5.1}, {'lat': -28.643, 'long': -177.371, 'Time': Timestamp('2008-08-30 10:34:06'), 'mag': 5.1}]",2,29
1081,2008-08-15 01:02:51.151,1,"[{'lat': -7.56, 'long': 154.75, 'Time': Timestamp('2008-08-15 02:36:54'), 'mag': 5.2}, {'lat': -7.022, 'long': 157.626, 'Time': Timestamp('2008-08-16 05:03:58'), 'mag': 5.1}, {'lat': -7.56, 'long': 154.75, 'Time': Timestamp('2008-08-15 02:36:54'), 'mag': 5.2}, {'lat': -7.022, 'long': 157.626, 'Time': Timestamp('2008-08-16 05:03:58'), 'mag': 5.1}, {'lat': -7.56, 'long': 154.75, 'Time': Timestamp('2008-08-15 02:36:54'), 'mag': 5.2}, {'lat': -7.022, 'long': 157.626, 'Time': Timestamp('2008-08-16 05:03:58'), 'mag': 5.1}, {'lat': 15.83, 'long': 147.019, 'Time': Timestamp('2008-08-16 21:29:35'), 'mag': 5.1}, {'lat': 15.83, 'long': 147.019, 'Time': Timestamp('2008-08-16 21:29:35'), 'mag': 5.1}, {'lat': 15.83, 'long': 147.019, 'Time': Timestamp('2008-08-16 21:29:35'), 'mag': 5.1}]",9,14
1082,2008-08-09 05:57:28.765,1,"[{'lat': 11.055, 'long': 91.814, 'Time': Timestamp('2008-08-10 08:20:33'), 'mag': 6.2}, {'lat': 11.025, 'long': 91.757, 'Time': Timestamp('2008-08-10 09:27:57'), 'mag': 5.3}, {'lat': 10.947, 'long': 91.711, 'Time': Timestamp('2008-08-10 12:21:11'), 'mag': 5.7}, {'lat': 10.985, 'long': 91.79, 'Time': Timestamp('2008-08-10 13:01:31'), 'mag': 5.3}, {'lat': 11.055, 'long': 91.814, 'Time': Timestamp('2008-08-10 08:20:33'), 'mag': 6.2}, {'lat': 11.025, 'long': 91.757, 'Time': Timestamp('2008-08-10 09:27:57'), 'mag': 5.3}, {'lat': 10.947, 'long': 91.711, 'Time': Timestamp('2008-08-10 12:21:11'), 'mag': 5.7}, {'lat': 10.985, 'long': 91.79, 'Time': Timestamp('2008-08-10 13:01:31'), 'mag': 5.3}]",8,8
1083,2008-08-14 09:12:50.739,0,[],0,13
1084,2008-08-27 12:31:53.806,1,"[{'lat': -0.134, 'long': -17.626, 'Time': Timestamp('2008-08-28 15:22:18'), 'mag': 5.2}, {'lat': -0.252, 'long': -17.358, 'Time': Timestamp('2008-08-28 15:22:23'), 'mag': 6.3}, {'lat': -0.134, 'long': -17.626, 'Time': Timestamp('2008-08-28 15:22:18'), 'mag': 5.2}, {'lat': -0.252, 'long': -17.358, 'Time': Timestamp('2008-08-28 15:22:23'), 'mag': 6.3}, {'lat': -56.276, 'long': -30.62, 'Time': Timestamp('2008-08-28 23:41:42'), 'mag': 5.2}, {'lat': -56.276, 'long': -30.62, 'Time': Timestamp('2008-08-28 23:41:42'), 'mag': 5.2}]",6,26
1085,2008-08-19 15:49:49.184,1,"[{'lat': -25.254, 'long': -68.697, 'Time': Timestamp('2008-08-21 09:32:57'), 'mag': 5.4}, {'lat': -25.254, 'long': -68.697, 'Time': Timestamp('2008-08-21 09:32:57'), 'mag': 5.4}, {'lat': 9.033, 'long': -84.081, 'Time': Timestamp('2008-08-20 06:20:57'), 'mag': 5.3}, {'lat': 9.033, 'long': -84.081, 'Time': Timestamp('2008-08-20 06:20:57'), 'mag': 5.3}]",4,18
1086,2008-08-06 19:04:53.913,1,"[{'lat': 26.64, 'long': -111.0, 'Time': Timestamp('2008-08-07 02:18:13'), 'mag': 5.5}, {'lat': 26.64, 'long': -111.0, 'Time': Timestamp('2008-08-07 02:18:13'), 'mag': 5.5}, {'lat': -9.139, 'long': -109.518, 'Time': Timestamp('2008-08-07 22:58:33'), 'mag': 5.6}, {'lat': -9.139, 'long': -109.518, 'Time': Timestamp('2008-08-07 22:58:33'), 'mag': 5.6}, {'lat': -9.139, 'long': -109.518, 'Time': Timestamp('2008-08-07 22:58:33'), 'mag': 5.6}]",5,5
1087,2008-08-06 22:18:23.375,1,"[{'lat': 53.486, 'long': -167.47, 'Time': Timestamp('2008-08-07 07:27:42'), 'mag': 5.2}, {'lat': 53.486, 'long': -167.47, 'Time': Timestamp('2008-08-07 07:27:42'), 'mag': 5.2}, {'lat': 52.19, 'long': -175.651, 'Time': Timestamp('2008-08-07 18:30:03'), 'mag': 5.8}, {'lat': 53.486, 'long': -167.47, 'Time': Timestamp('2008-08-07 07:27:42'), 'mag': 5.2}, {'lat': 52.268, 'long': -175.734, 'Time': Timestamp('2008-08-07 10:12:02'), 'mag': 5.0}, {'lat': 52.281, 'long': -175.811, 'Time': Timestamp('2008-08-07 12:49:33'), 'mag': 5.0}, {'lat': 52.19, 'long': -175.651, 'Time': Timestamp('2008-08-07 18:30:03'), 'mag': 5.8}]",7,5
1088,2008-08-15 01:32:22.334,1,"[{'lat': 15.83, 'long': 147.019, 'Time': Timestamp('2008-08-16 21:29:35'), 'mag': 5.1}, {'lat': -7.56, 'long': 154.75, 'Time': Timestamp('2008-08-15 02:36:54'), 'mag': 5.2}, {'lat': -7.022, 'long': 157.626, 'Time': Timestamp('2008-08-16 05:03:58'), 'mag': 5.1}, {'lat': -7.56, 'long': 154.75, 'Time': Timestamp('2008-08-15 02:36:54'), 'mag': 5.2}, {'lat': -7.022, 'long': 157.626, 'Time': Timestamp('2008-08-16 05:03:58'), 'mag': 5.1}, {'lat': -7.56, 'long': 154.75, 'Time': Timestamp('2008-08-15 02:36:54'), 'mag': 5.2}, {'lat': -7.022, 'long': 157.626, 'Time': Timestamp('2008-08-16 05:03:58'), 'mag': 5.1}, {'lat': 12.897, 'long': 124.319, 'Time': Timestamp('2008-08-15 10:25:16'), 'mag': 6.0}, {'lat': 12.897, 'long': 124.319, 'Time': Timestamp('2008-08-15 10:25:16'), 'mag': 6.0}, {'lat': 12.897, 'long': 124.319, 'Time': Timestamp('2008-08-15 10:25:16'), 'mag': 6.0}]",10,13
1089,2008-08-29 08:04:17.780,0,[],0,27
1090,2008-08-29 11:22:53.180,0,[],0,27
1091,2008-08-27 14:41:19.105,0,[],0,25
1092,2008-08-24 17:57:24.593,0,[],0,22
1093,2008-08-16 21:11:23.341,0,[],0,14
1094,2008-08-30 00:24:49.487,1,"[{'lat': -6.146, 'long': 147.258, 'Time': Timestamp('2008-08-30 06:54:07'), 'mag': 6.4}, {'lat': -7.006, 'long': 155.847, 'Time': Timestamp('2008-08-30 14:48:23'), 'mag': 5.2}, {'lat': -6.215, 'long': 147.431, 'Time': Timestamp('2008-08-31 12:12:00'), 'mag': 5.0}, {'lat': -6.146, 'long': 147.258, 'Time': Timestamp('2008-08-30 06:54:07'), 'mag': 6.4}, {'lat': -7.006, 'long': 155.847, 'Time': Timestamp('2008-08-30 14:48:23'), 'mag': 5.2}, {'lat': -6.215, 'long': 147.431, 'Time': Timestamp('2008-08-31 12:12:00'), 'mag': 5.0}, {'lat': -6.146, 'long': 147.258, 'Time': Timestamp('2008-08-30 06:54:07'), 'mag': 6.4}, {'lat': -7.006, 'long': 155.847, 'Time': Timestamp('2008-08-30 14:48:23'), 'mag': 5.2}, {'lat': -6.215, 'long': 147.431, 'Time': Timestamp('2008-08-31 12:12:00'), 'mag': 5.0}]",9,27
1095,2008-08-29 03:41:53.860,1,"[{'lat': 13.005, 'long': 124.315, 'Time': Timestamp('2008-08-30 12:04:52'), 'mag': 5.2}, {'lat': 13.005, 'long': 124.315, 'Time': Timestamp('2008-08-30 12:04:52'), 'mag': 5.2}, {'lat': 1.022, 'long': 121.024, 'Time': Timestamp('2008-08-29 10:20:55'), 'mag': 5.2}, {'lat': 13.005, 'long': 124.315, 'Time': Timestamp('2008-08-30 12:04:52'), 'mag': 5.2}, {'lat': 1.022, 'long': 121.024, 'Time': Timestamp('2008-08-29 10:20:55'), 'mag': 5.2}, {'lat': 26.241, 'long': 101.889, 'Time': Timestamp('2008-08-30 08:30:53'), 'mag': 6.0}, {'lat': 26.241, 'long': 101.889, 'Time': Timestamp('2008-08-30 08:30:53'), 'mag': 6.0}, {'lat': 26.241, 'long': 101.889, 'Time': Timestamp('2008-08-30 08:30:53'), 'mag': 6.0}]",8,26
1096,2008-08-23 06:57:53.144,1,"[{'lat': 8.15, 'long': 59.039, 'Time': Timestamp('2008-08-24 07:35:10'), 'mag': 5.0}, {'lat': 8.15, 'long': 59.039, 'Time': Timestamp('2008-08-24 07:35:10'), 'mag': 5.0}, {'lat': 8.15, 'long': 59.039, 'Time': Timestamp('2008-08-24 07:35:10'), 'mag': 5.0}]",3,20
1097,2008-08-25 10:13:50.653,1,"[{'lat': -52.509, 'long': 12.386, 'Time': Timestamp('2008-08-26 02:28:24'), 'mag': 5.2}, {'lat': -52.509, 'long': 12.386, 'Time': Timestamp('2008-08-26 02:28:24'), 'mag': 5.2}]",2,22
1098,2008-08-31 13:32:53.608,0,[],0,28
1099,2008-08-17 23:17:53.768,1,"[{'lat': -14.915, 'long': -173.246, 'Time': Timestamp('2008-08-19 13:37:28'), 'mag': 5.7}, {'lat': -15.087, 'long': -173.476, 'Time': Timestamp('2008-08-19 16:30:13'), 'mag': 6.1}, {'lat': -14.915, 'long': -173.246, 'Time': Timestamp('2008-08-19 13:37:28'), 'mag': 5.7}, {'lat': -15.087, 'long': -173.476, 'Time': Timestamp('2008-08-19 16:30:13'), 'mag': 6.1}, {'lat': -14.915, 'long': -173.246, 'Time': Timestamp('2008-08-19 13:37:28'), 'mag': 5.7}, {'lat': -15.087, 'long': -173.476, 'Time': Timestamp('2008-08-19 16:30:13'), 'mag': 6.1}, {'lat': 52.146, 'long': -170.6, 'Time': Timestamp('2008-08-18 02:21:19'), 'mag': 5.2}, {'lat': -10.656, 'long': 164.586, 'Time': Timestamp('2008-08-18 09:16:21'), 'mag': 5.0}, {'lat': -10.656, 'long': 164.586, 'Time': Timestamp('2008-08-18 09:16:21'), 'mag': 5.0}, {'lat': -10.656, 'long': 164.586, 'Time': Timestamp('2008-08-18 09:16:21'), 'mag': 5.0}]",10,14
1100,2008-08-11 07:27:53.098,1,"[{'lat': 36.547, 'long': 71.472, 'Time': Timestamp('2008-08-12 05:25:36'), 'mag': 5.0}, {'lat': 36.547, 'long': 71.472, 'Time': Timestamp('2008-08-12 05:25:36'), 'mag': 5.0}, {'lat': 36.547, 'long': 71.472, 'Time': Timestamp('2008-08-12 05:25:36'), 'mag': 5.0}]",3,7
1101,2008-08-28 10:44:21.053,1,"[{'lat': -0.134, 'long': -17.626, 'Time': Timestamp('2008-08-28 15:22:18'), 'mag': 5.2}, {'lat': -0.252, 'long': -17.358, 'Time': Timestamp('2008-08-28 15:22:23'), 'mag': 6.3}, {'lat': -56.276, 'long': -30.62, 'Time': Timestamp('2008-08-28 23:41:42'), 'mag': 5.2}]",3,24
1102,2008-08-10 14:03:24.009,1,"[{'lat': -1.02, 'long': -21.843, 'Time': Timestamp('2008-08-11 23:38:38'), 'mag': 6.0}, {'lat': -0.99, 'long': -22.05, 'Time': Timestamp('2008-08-12 00:49:03'), 'mag': 5.3}, {'lat': -1.02, 'long': -21.843, 'Time': Timestamp('2008-08-11 23:38:38'), 'mag': 6.0}, {'lat': -0.99, 'long': -22.05, 'Time': Timestamp('2008-08-12 00:49:03'), 'mag': 5.3}, {'lat': 10.514, 'long': -64.171, 'Time': Timestamp('2008-08-11 07:19:26'), 'mag': 5.2}, {'lat': 10.514, 'long': -64.171, 'Time': Timestamp('2008-08-11 07:19:26'), 'mag': 5.2}]",6,6
1103,2008-08-12 17:19:54.063,1,"[{'lat': -13.382, 'long': -111.281, 'Time': Timestamp('2008-08-13 01:32:45'), 'mag': 5.7}, {'lat': -13.382, 'long': -111.281, 'Time': Timestamp('2008-08-13 01:32:45'), 'mag': 5.7}]",2,8
1104,2008-08-14 20:33:53.116,0,[],0,10
1105,2008-08-20 23:47:23.169,1,"[{'lat': -21.442, 'long': 170.383, 'Time': Timestamp('2008-08-22 01:34:00'), 'mag': 5.0}, {'lat': -21.442, 'long': 170.383, 'Time': Timestamp('2008-08-22 01:34:00'), 'mag': 5.0}]",2,16
1106,2008-08-27 07:58:17.075,1,"[{'lat': 32.308, 'long': 47.35, 'Time': Timestamp('2008-08-27 21:52:38'), 'mag': 5.8}, {'lat': 32.308, 'long': 47.35, 'Time': Timestamp('2008-08-27 21:52:38'), 'mag': 5.8}, {'lat': 32.308, 'long': 47.35, 'Time': Timestamp('2008-08-27 21:52:38'), 'mag': 5.8}]",3,22
1107,2008-08-31 11:14:53.356,1,"[{'lat': -57.92, 'long': -25.542, 'Time': Timestamp('2008-09-01 19:54:45'), 'mag': 5.1}, {'lat': -57.92, 'long': -25.542, 'Time': Timestamp('2008-09-01 19:54:45'), 'mag': 5.1}]",2,26
1108,2008-09-03 14:33:24.594,1,"[{'lat': 30.098, 'long': -42.591, 'Time': Timestamp('2008-09-04 18:47:55'), 'mag': 5.4}]",1,29
1109,2008-08-10 17:49:22.002,0,[],0,5
1110,2008-09-05 06:49:53.309,1,"[{'lat': -23.71, 'long': 69.493, 'Time': Timestamp('2008-09-07 02:05:33'), 'mag': 5.4}, {'lat': -23.719, 'long': 69.558, 'Time': Timestamp('2008-09-07 02:39:10'), 'mag': 5.0}, {'lat': -23.71, 'long': 69.493, 'Time': Timestamp('2008-09-07 02:05:33'), 'mag': 5.4}, {'lat': -23.719, 'long': 69.558, 'Time': Timestamp('2008-09-07 02:39:10'), 'mag': 5.0}, {'lat': -23.71, 'long': 69.493, 'Time': Timestamp('2008-09-07 02:05:33'), 'mag': 5.4}, {'lat': -23.719, 'long': 69.558, 'Time': Timestamp('2008-09-07 02:39:10'), 'mag': 5.0}, {'lat': 36.487, 'long': 70.934, 'Time': Timestamp('2008-09-06 05:47:39'), 'mag': 5.8}]",7,30
1111,2008-08-21 10:05:52.304,0,[],0,15
1112,2008-08-25 13:24:53.933,0,[],0,19
1113,2008-08-30 23:09:53.092,1,"[{'lat': -15.257, 'long': -176.457, 'Time': Timestamp('2008-09-01 05:31:28'), 'mag': 5.1}, {'lat': -15.261, 'long': -176.413, 'Time': Timestamp('2008-09-01 07:06:16'), 'mag': 5.7}, {'lat': -15.638, 'long': -175.236, 'Time': Timestamp('2008-09-01 10:31:49'), 'mag': 5.0}, {'lat': -25.387, 'long': -177.636, 'Time': Timestamp('2008-09-01 04:00:39'), 'mag': 6.0}, {'lat': -15.257, 'long': -176.457, 'Time': Timestamp('2008-09-01 05:31:28'), 'mag': 5.1}, {'lat': -15.261, 'long': -176.413, 'Time': Timestamp('2008-09-01 07:06:16'), 'mag': 5.7}, {'lat': -15.638, 'long': -175.236, 'Time': Timestamp('2008-09-01 10:31:49'), 'mag': 5.0}, {'lat': -22.739, 'long': -174.933, 'Time': Timestamp('2008-09-01 11:01:19'), 'mag': 5.0}, {'lat': -25.387, 'long': -177.636, 'Time': Timestamp('2008-09-01 04:00:39'), 'mag': 6.0}, {'lat': -22.739, 'long': -174.933, 'Time': Timestamp('2008-09-01 11:01:19'), 'mag': 5.0}, {'lat': -25.387, 'long': -177.636, 'Time': Timestamp('2008-09-01 04:00:39'), 'mag': 6.0}]",11,24
1114,2008-09-01 05:41:55.610,1,"[{'lat': 0.489, 'long': 98.089, 'Time': Timestamp('2008-09-02 09:00:03'), 'mag': 5.1}, {'lat': -4.477, 'long': 101.464, 'Time': Timestamp('2008-09-02 00:06:49'), 'mag': 5.0}, {'lat': 0.489, 'long': 98.089, 'Time': Timestamp('2008-09-02 09:00:03'), 'mag': 5.1}, {'lat': -4.477, 'long': 101.464, 'Time': Timestamp('2008-09-02 00:06:49'), 'mag': 5.0}, {'lat': 0.489, 'long': 98.089, 'Time': Timestamp('2008-09-02 09:00:03'), 'mag': 5.1}, {'lat': -18.614, 'long': 65.376, 'Time': Timestamp('2008-09-01 08:28:19'), 'mag': 5.0}, {'lat': -18.614, 'long': 65.376, 'Time': Timestamp('2008-09-01 08:28:19'), 'mag': 5.0}]",7,25
1115,2008-09-03 08:56:50.239,1,"[{'lat': 32.3, 'long': 47.2, 'Time': Timestamp('2008-09-03 22:43:13'), 'mag': 5.1}, {'lat': 32.3, 'long': 47.2, 'Time': Timestamp('2008-09-03 22:43:13'), 'mag': 5.1}]",2,27
1116,2008-08-15 12:15:53.306,0,[],0,8
1117,2008-08-18 15:33:52.557,1,"[{'lat': -22.143, 'long': -68.392, 'Time': Timestamp('2008-08-18 20:28:16'), 'mag': 5.0}, {'lat': -22.143, 'long': -68.392, 'Time': Timestamp('2008-08-18 20:28:16'), 'mag': 5.0}, {'lat': 9.033, 'long': -84.081, 'Time': Timestamp('2008-08-20 06:20:57'), 'mag': 5.3}, {'lat': 9.033, 'long': -84.081, 'Time': Timestamp('2008-08-20 06:20:57'), 'mag': 5.3}, {'lat': -5.845, 'long': -80.924, 'Time': Timestamp('2008-08-18 15:38:08'), 'mag': 5.1}, {'lat': 9.033, 'long': -84.081, 'Time': Timestamp('2008-08-20 06:20:57'), 'mag': 5.3}, {'lat': -5.845, 'long': -80.924, 'Time': Timestamp('2008-08-18 15:38:08'), 'mag': 5.1}, {'lat': -5.845, 'long': -80.924, 'Time': Timestamp('2008-08-18 15:38:08'), 'mag': 5.1}]",8,11
1118,2008-08-12 18:48:49.295,1,"[{'lat': -13.382, 'long': -111.281, 'Time': Timestamp('2008-08-13 01:32:45'), 'mag': 5.7}, {'lat': -13.382, 'long': -111.281, 'Time': Timestamp('2008-08-13 01:32:45'), 'mag': 5.7}, {'lat': -13.382, 'long': -111.281, 'Time': Timestamp('2008-08-13 01:32:45'), 'mag': 5.7}]",3,5
1119,2008-08-19 22:02:51.659,1,"[{'lat': -15.29, 'long': -173.202, 'Time': Timestamp('2008-08-21 08:33:23'), 'mag': 5.1}]",1,12
1120,2008-08-18 01:16:47.850,1,"[{'lat': -10.656, 'long': 164.586, 'Time': Timestamp('2008-08-18 09:16:21'), 'mag': 5.0}, {'lat': -10.656, 'long': 164.586, 'Time': Timestamp('2008-08-18 09:16:21'), 'mag': 5.0}, {'lat': -10.656, 'long': 164.586, 'Time': Timestamp('2008-08-18 09:16:21'), 'mag': 5.0}, {'lat': 47.264, 'long': 153.93, 'Time': Timestamp('2008-08-18 01:46:32'), 'mag': 5.1}, {'lat': 47.264, 'long': 153.93, 'Time': Timestamp('2008-08-18 01:46:32'), 'mag': 5.1}, {'lat': 47.264, 'long': 153.93, 'Time': Timestamp('2008-08-18 01:46:32'), 'mag': 5.1}]",6,10
1121,2008-08-19 06:11:55.776,1,"[{'lat': 25.051, 'long': 97.919, 'Time': Timestamp('2008-08-19 21:35:17'), 'mag': 5.0}, {'lat': 25.051, 'long': 97.919, 'Time': Timestamp('2008-08-19 21:35:17'), 'mag': 5.0}]",2,11
1122,2008-08-28 09:27:22.079,0,[],0,20
1123,2008-09-02 12:46:23.708,1,"[{'lat': 59.905, 'long': -29.853, 'Time': Timestamp('2008-09-03 09:52:47'), 'mag': 5.2}]",1,25
1124,2008-08-20 16:03:53.293,1,"[{'lat': -25.254, 'long': -68.697, 'Time': Timestamp('2008-08-21 09:32:57'), 'mag': 5.4}, {'lat': -25.254, 'long': -68.697, 'Time': Timestamp('2008-08-21 09:32:57'), 'mag': 5.4}, {'lat': 5.237, 'long': -82.684, 'Time': Timestamp('2008-08-21 22:51:42'), 'mag': 5.2}, {'lat': 8.321, 'long': -82.801, 'Time': Timestamp('2008-08-22 11:04:56'), 'mag': 5.0}, {'lat': 5.237, 'long': -82.684, 'Time': Timestamp('2008-08-21 22:51:42'), 'mag': 5.2}, {'lat': 8.321, 'long': -82.801, 'Time': Timestamp('2008-08-22 11:04:56'), 'mag': 5.0}, {'lat': 5.237, 'long': -82.684, 'Time': Timestamp('2008-08-21 22:51:42'), 'mag': 5.2}, {'lat': 8.321, 'long': -82.801, 'Time': Timestamp('2008-08-22 11:04:56'), 'mag': 5.0}]",8,12
1125,2008-09-07 19:18:49.920,0,[],0,30
1126,2008-08-27 22:32:23.867,1,"[{'lat': -22.538, 'long': -175.03, 'Time': Timestamp('2008-08-28 19:17:36'), 'mag': 5.1}, {'lat': -22.538, 'long': -175.03, 'Time': Timestamp('2008-08-28 19:17:36'), 'mag': 5.1}, {'lat': -11.113, 'long': 162.056, 'Time': Timestamp('2008-08-28 23:56:48'), 'mag': 5.1}]",3,19
1127,2008-08-18 01:46:51.677,0,[],0,9
1128,2008-08-14 06:41:50.753,1,"[{'lat': 52.272, 'long': 98.207, 'Time': Timestamp('2008-08-16 04:01:08'), 'mag': 5.7}, {'lat': 52.238, 'long': 98.288, 'Time': Timestamp('2008-08-16 04:06:41'), 'mag': 5.0}, {'lat': 52.272, 'long': 98.207, 'Time': Timestamp('2008-08-16 04:01:08'), 'mag': 5.7}, {'lat': 52.238, 'long': 98.288, 'Time': Timestamp('2008-08-16 04:06:41'), 'mag': 5.0}, {'lat': 52.272, 'long': 98.207, 'Time': Timestamp('2008-08-16 04:01:08'), 'mag': 5.7}, {'lat': 52.238, 'long': 98.288, 'Time': Timestamp('2008-08-16 04:06:41'), 'mag': 5.0}]",6,5
1129,2008-08-26 09:57:52.481,1,"[{'lat': 32.308, 'long': 47.35, 'Time': Timestamp('2008-08-27 21:52:38'), 'mag': 5.8}, {'lat': 32.308, 'long': 47.35, 'Time': Timestamp('2008-08-27 21:52:38'), 'mag': 5.8}]",2,17
1130,2008-09-07 13:16:53.108,0,[],0,29
1131,2008-08-24 16:33:53.163,1,"[{'lat': -42.672, 'long': -83.541, 'Time': Timestamp('2008-08-25 16:47:22'), 'mag': 5.0}, {'lat': -42.672, 'long': -83.541, 'Time': Timestamp('2008-08-25 16:47:22'), 'mag': 5.0}, {'lat': -42.672, 'long': -83.541, 'Time': Timestamp('2008-08-25 16:47:22'), 'mag': 5.0}]",3,15
1132,2008-09-01 19:48:23.216,0,[],0,23
1133,2008-09-08 00:39:18.061,1,"[{'lat': -9.272, 'long': 158.261, 'Time': Timestamp('2008-09-09 12:22:49'), 'mag': 5.9}, {'lat': -11.801, 'long': 166.508, 'Time': Timestamp('2008-09-09 23:18:26'), 'mag': 5.6}, {'lat': -13.501, 'long': 166.967, 'Time': Timestamp('2008-09-08 18:52:06'), 'mag': 6.9}, {'lat': -9.272, 'long': 158.261, 'Time': Timestamp('2008-09-09 12:22:49'), 'mag': 5.9}, {'lat': -11.801, 'long': 166.508, 'Time': Timestamp('2008-09-09 23:18:26'), 'mag': 5.6}, {'lat': -19.964, 'long': 169.108, 'Time': Timestamp('2008-09-08 03:03:15'), 'mag': 6.2}, {'lat': -13.501, 'long': 166.967, 'Time': Timestamp('2008-09-08 18:52:06'), 'mag': 6.9}, {'lat': -9.272, 'long': 158.261, 'Time': Timestamp('2008-09-09 12:22:49'), 'mag': 5.9}, {'lat': -11.801, 'long': 166.508, 'Time': Timestamp('2008-09-09 23:18:26'), 'mag': 5.6}, {'lat': -19.964, 'long': 169.108, 'Time': Timestamp('2008-09-08 03:03:15'), 'mag': 6.2}]",10,29
1134,2008-08-26 07:12:26.694,1,"[{'lat': 30.659, 'long': 83.284, 'Time': Timestamp('2008-08-26 23:54:23'), 'mag': 5.0}, {'lat': 30.659, 'long': 83.284, 'Time': Timestamp('2008-08-26 23:54:23'), 'mag': 5.0}, {'lat': 30.659, 'long': 83.284, 'Time': Timestamp('2008-08-26 23:54:23'), 'mag': 5.0}, {'lat': 32.308, 'long': 47.35, 'Time': Timestamp('2008-08-27 21:52:38'), 'mag': 5.8}, {'lat': 32.308, 'long': 47.35, 'Time': Timestamp('2008-08-27 21:52:38'), 'mag': 5.8}, {'lat': 32.308, 'long': 47.35, 'Time': Timestamp('2008-08-27 21:52:38'), 'mag': 5.8}, {'lat': -10.751, 'long': 41.469, 'Time': Timestamp('2008-08-27 06:46:19'), 'mag': 5.7}, {'lat': -10.751, 'long': 41.469, 'Time': Timestamp('2008-08-27 06:46:19'), 'mag': 5.7}, {'lat': -10.751, 'long': 41.469, 'Time': Timestamp('2008-08-27 06:46:19'), 'mag': 5.7}]",9,16
1135,2008-08-18 10:28:20.554,1,"[{'lat': -8.201, 'long': -13.449, 'Time': Timestamp('2008-08-19 08:33:55'), 'mag': 5.5}, {'lat': -8.201, 'long': -13.449, 'Time': Timestamp('2008-08-19 08:33:55'), 'mag': 5.5}, {'lat': -8.201, 'long': -13.449, 'Time': Timestamp('2008-08-19 08:33:55'), 'mag': 5.5}]",3,8
1136,2008-09-01 13:47:23.510,1,"[{'lat': 59.905, 'long': -29.853, 'Time': Timestamp('2008-09-03 09:52:47'), 'mag': 5.2}, {'lat': -26.736, 'long': -63.225, 'Time': Timestamp('2008-09-03 11:25:14'), 'mag': 6.3}, {'lat': -26.736, 'long': -63.225, 'Time': Timestamp('2008-09-03 11:25:14'), 'mag': 6.3}, {'lat': -26.736, 'long': -63.225, 'Time': Timestamp('2008-09-03 11:25:14'), 'mag': 6.3}]",4,22
1137,2008-08-27 23:31:53.670,1,"[{'lat': -22.538, 'long': -175.03, 'Time': Timestamp('2008-08-28 19:17:36'), 'mag': 5.1}, {'lat': -11.113, 'long': 162.056, 'Time': Timestamp('2008-08-28 23:56:48'), 'mag': 5.1}, {'lat': -11.113, 'long': 162.056, 'Time': Timestamp('2008-08-28 23:56:48'), 'mag': 5.1}]",3,17
1138,2008-08-24 07:42:25.321,0,[],0,13
1139,2008-08-25 10:58:55.051,1,"[{'lat': -52.509, 'long': 12.386, 'Time': Timestamp('2008-08-26 02:28:24'), 'mag': 5.2}]",1,14
1140,2008-08-24 14:17:45.351,1,"[{'lat': -42.672, 'long': -83.541, 'Time': Timestamp('2008-08-25 16:47:22'), 'mag': 5.0}]",1,13
1141,2008-09-05 17:33:51.174,1,"[{'lat': -35.597, 'long': -103.963, 'Time': Timestamp('2008-09-06 17:37:41'), 'mag': 5.1}]",1,25
1142,2008-08-30 20:47:54.018,1,"[{'lat': -22.739, 'long': -174.933, 'Time': Timestamp('2008-09-01 11:01:19'), 'mag': 5.0}]",1,19
1143,2008-08-19 00:01:54.071,1,"[{'lat': -10.17, 'long': 161.453, 'Time': Timestamp('2008-08-20 19:32:59'), 'mag': 5.0}]",1,7
1144,2008-09-11 08:10:46.530,0,[],0,30
1145,2008-09-10 11:29:23.258,0,[],0,29
1146,2008-09-06 14:47:50.845,0,[],0,25
1147,2008-09-01 18:03:54.671,0,[],0,20
1148,2008-08-26 08:42:53.471,1,"[{'lat': 32.308, 'long': 47.35, 'Time': Timestamp('2008-08-27 21:52:38'), 'mag': 5.8}, {'lat': 32.308, 'long': 47.35, 'Time': Timestamp('2008-08-27 21:52:38'), 'mag': 5.8}, {'lat': -10.751, 'long': 41.469, 'Time': Timestamp('2008-08-27 06:46:19'), 'mag': 5.7}, {'lat': -10.751, 'long': 41.469, 'Time': Timestamp('2008-08-27 06:46:19'), 'mag': 5.7}, {'lat': -10.751, 'long': 41.469, 'Time': Timestamp('2008-08-27 06:46:19'), 'mag': 5.7}]",5,13
1149,2008-09-12 11:59:53.823,0,[],0,30
1150,2008-09-09 15:18:22.962,1,"[{'lat': 8.093, 'long': -38.705, 'Time': Timestamp('2008-09-10 13:08:14'), 'mag': 6.6}, {'lat': 8.093, 'long': -38.705, 'Time': Timestamp('2008-09-10 13:08:14'), 'mag': 6.6}, {'lat': 8.093, 'long': -38.705, 'Time': Timestamp('2008-09-10 13:08:14'), 'mag': 6.6}, {'lat': -20.262, 'long': -69.224, 'Time': Timestamp('2008-09-10 16:12:04'), 'mag': 5.7}, {'lat': -20.262, 'long': -69.224, 'Time': Timestamp('2008-09-10 16:12:04'), 'mag': 5.7}]",5,27
1151,2008-09-06 21:47:23.983,0,[],0,24
1152,2008-09-13 01:01:22.898,1,"[{'lat': -21.227, 'long': 167.933, 'Time': Timestamp('2008-09-13 07:32:14'), 'mag': 5.1}, {'lat': -21.227, 'long': 167.933, 'Time': Timestamp('2008-09-13 07:32:14'), 'mag': 5.1}, {'lat': -2.339, 'long': 138.97, 'Time': Timestamp('2008-09-13 07:58:02'), 'mag': 5.0}, {'lat': -7.41, 'long': 128.261, 'Time': Timestamp('2008-09-14 18:51:07'), 'mag': 5.2}, {'lat': -2.339, 'long': 138.97, 'Time': Timestamp('2008-09-13 07:58:02'), 'mag': 5.0}, {'lat': -8.728, 'long': 126.855, 'Time': Timestamp('2008-09-14 00:00:09'), 'mag': 5.6}, {'lat': -7.41, 'long': 128.261, 'Time': Timestamp('2008-09-14 18:51:07'), 'mag': 5.2}, {'lat': -8.728, 'long': 126.855, 'Time': Timestamp('2008-09-14 00:00:09'), 'mag': 5.6}, {'lat': -7.41, 'long': 128.261, 'Time': Timestamp('2008-09-14 18:51:07'), 'mag': 5.2}]",9,30
1153,2008-08-23 05:56:24.088,1,"[{'lat': 8.15, 'long': 59.039, 'Time': Timestamp('2008-08-24 07:35:10'), 'mag': 5.0}, {'lat': 8.15, 'long': 59.039, 'Time': Timestamp('2008-08-24 07:35:10'), 'mag': 5.0}, {'lat': 8.15, 'long': 59.039, 'Time': Timestamp('2008-08-24 07:35:10'), 'mag': 5.0}]",3,9
1154,2008-08-29 09:11:20.157,0,[],0,15
1155,2008-09-08 12:30:23.224,0,[],0,25
1156,2008-08-29 15:48:19.930,1,"[{'lat': -61.233, 'long': -67.738, 'Time': Timestamp('2008-08-31 01:15:25'), 'mag': 5.5}]",1,15
1157,2008-08-29 19:03:21.311,0,[],0,15
1158,2008-09-02 22:16:53.384,1,"[{'lat': -12.143, 'long': 167.101, 'Time': Timestamp('2008-09-04 09:37:03'), 'mag': 5.7}, {'lat': -12.143, 'long': 167.101, 'Time': Timestamp('2008-09-04 09:37:03'), 'mag': 5.7}]",2,19
1159,2008-09-11 01:31:22.522,1,"[{'lat': 56.312, 'long': 164.07, 'Time': Timestamp('2008-09-12 23:07:50'), 'mag': 5.9}, {'lat': 56.246, 'long': 164.302, 'Time': Timestamp('2008-09-12 23:49:53'), 'mag': 5.4}, {'lat': 56.312, 'long': 164.07, 'Time': Timestamp('2008-09-12 23:07:50'), 'mag': 5.9}, {'lat': 56.246, 'long': 164.302, 'Time': Timestamp('2008-09-12 23:49:53'), 'mag': 5.4}, {'lat': 42.42, 'long': 144.549, 'Time': Timestamp('2008-09-11 22:34:45'), 'mag': 5.0}, {'lat': 42.42, 'long': 144.549, 'Time': Timestamp('2008-09-11 22:34:45'), 'mag': 5.0}, {'lat': -3.78, 'long': 128.956, 'Time': Timestamp('2008-09-13 00:04:04'), 'mag': 5.6}, {'lat': -3.78, 'long': 128.956, 'Time': Timestamp('2008-09-13 00:04:04'), 'mag': 5.6}, {'lat': -3.78, 'long': 128.956, 'Time': Timestamp('2008-09-13 00:04:04'), 'mag': 5.6}]",9,27
1160,2008-09-04 04:48:18.915,1,"[{'lat': 30.279, 'long': 80.349, 'Time': Timestamp('2008-09-04 12:53:11'), 'mag': 5.0}, {'lat': 30.279, 'long': 80.349, 'Time': Timestamp('2008-09-04 12:53:11'), 'mag': 5.0}, {'lat': 30.279, 'long': 80.349, 'Time': Timestamp('2008-09-04 12:53:11'), 'mag': 5.0}]",3,20
1161,2008-09-12 08:04:46.982,0,[],0,28
1162,2008-09-07 11:21:25.563,0,[],0,23
1163,2008-08-21 14:40:19.523,1,"[{'lat': 44.399, 'long': -28.185, 'Time': Timestamp('2008-08-23 07:45:18'), 'mag': 5.0}, {'lat': 44.399, 'long': -28.185, 'Time': Timestamp('2008-08-23 07:45:18'), 'mag': 5.0}, {'lat': -8.356, 'long': -74.268, 'Time': Timestamp('2008-08-22 21:03:24'), 'mag': 5.2}, {'lat': -8.356, 'long': -74.268, 'Time': Timestamp('2008-08-22 21:03:24'), 'mag': 5.2}, {'lat': -8.356, 'long': -74.268, 'Time': Timestamp('2008-08-22 21:03:24'), 'mag': 5.2}, {'lat': -41.09, 'long': -86.141, 'Time': Timestamp('2008-08-23 09:30:03'), 'mag': 5.2}]",6,6
1164,2008-08-21 17:55:52.244,1,"[{'lat': 5.237, 'long': -82.684, 'Time': Timestamp('2008-08-21 22:51:42'), 'mag': 5.2}, {'lat': 8.321, 'long': -82.801, 'Time': Timestamp('2008-08-22 11:04:56'), 'mag': 5.0}, {'lat': 5.237, 'long': -82.684, 'Time': Timestamp('2008-08-21 22:51:42'), 'mag': 5.2}, {'lat': 8.321, 'long': -82.801, 'Time': Timestamp('2008-08-22 11:04:56'), 'mag': 5.0}, {'lat': 5.237, 'long': -82.684, 'Time': Timestamp('2008-08-21 22:51:42'), 'mag': 5.2}, {'lat': 8.321, 'long': -82.801, 'Time': Timestamp('2008-08-22 11:04:56'), 'mag': 5.0}]",6,6
1165,2008-08-25 21:09:53.758,1,"[{'lat': 49.022, 'long': -128.493, 'Time': Timestamp('2008-08-25 22:24:56'), 'mag': 5.1}, {'lat': 50.19, 'long': -129.811, 'Time': Timestamp('2008-08-27 19:59:22'), 'mag': 5.0}, {'lat': 50.228, 'long': -130.035, 'Time': Timestamp('2008-08-27 20:17:35'), 'mag': 5.4}, {'lat': 49.022, 'long': -128.493, 'Time': Timestamp('2008-08-25 22:24:56'), 'mag': 5.1}, {'lat': 50.19, 'long': -129.811, 'Time': Timestamp('2008-08-27 19:59:22'), 'mag': 5.0}, {'lat': 50.228, 'long': -130.035, 'Time': Timestamp('2008-08-27 20:17:35'), 'mag': 5.4}, {'lat': 49.022, 'long': -128.493, 'Time': Timestamp('2008-08-25 22:24:56'), 'mag': 5.1}, {'lat': 50.19, 'long': -129.811, 'Time': Timestamp('2008-08-27 19:59:22'), 'mag': 5.0}, {'lat': 50.228, 'long': -130.035, 'Time': Timestamp('2008-08-27 20:17:35'), 'mag': 5.4}]",9,10
1166,2008-09-03 00:23:52.572,1,"[{'lat': -10.359, 'long': 161.395, 'Time': Timestamp('2008-09-03 12:16:00'), 'mag': 5.3}, {'lat': -12.143, 'long': 167.101, 'Time': Timestamp('2008-09-04 09:37:03'), 'mag': 5.7}, {'lat': -10.359, 'long': 161.395, 'Time': Timestamp('2008-09-03 12:16:00'), 'mag': 5.3}, {'lat': -12.143, 'long': 167.101, 'Time': Timestamp('2008-09-04 09:37:03'), 'mag': 5.7}, {'lat': -10.359, 'long': 161.395, 'Time': Timestamp('2008-09-03 12:16:00'), 'mag': 5.3}, {'lat': -12.143, 'long': 167.101, 'Time': Timestamp('2008-09-04 09:37:03'), 'mag': 5.7}]",6,18
1167,2008-09-15 05:18:23.413,1,"[{'lat': 17.438, 'long': 73.915, 'Time': Timestamp('2008-09-16 21:47:14'), 'mag': 5.0}, {'lat': 17.438, 'long': 73.915, 'Time': Timestamp('2008-09-16 21:47:14'), 'mag': 5.0}]",2,30
1168,2008-09-08 08:34:55.140,0,[],0,23
1169,2008-09-14 11:51:53.999,1,"[{'lat': 0.902, 'long': -28.998, 'Time': Timestamp('2008-09-16 07:28:25'), 'mag': 5.8}, {'lat': 0.902, 'long': -28.998, 'Time': Timestamp('2008-09-16 07:28:25'), 'mag': 5.8}, {'lat': 0.902, 'long': -28.998, 'Time': Timestamp('2008-09-16 07:28:25'), 'mag': 5.8}]",3,29
1170,2008-09-15 15:10:20.371,1,"[{'lat': -24.166, 'long': -66.799, 'Time': Timestamp('2008-09-15 23:36:52'), 'mag': 5.1}, {'lat': -20.389, 'long': -68.615, 'Time': Timestamp('2008-09-16 21:56:40'), 'mag': 5.0}, {'lat': -24.166, 'long': -66.799, 'Time': Timestamp('2008-09-15 23:36:52'), 'mag': 5.1}, {'lat': -20.389, 'long': -68.615, 'Time': Timestamp('2008-09-16 21:56:40'), 'mag': 5.0}, {'lat': -20.389, 'long': -68.615, 'Time': Timestamp('2008-09-16 21:56:40'), 'mag': 5.0}]",5,30
1171,2008-08-23 18:25:47.660,0,[],0,7
1172,2008-09-09 21:38:24.231,1,"[{'lat': -21.769, 'long': -178.928, 'Time': Timestamp('2008-09-11 21:04:42'), 'mag': 5.4}, {'lat': -21.769, 'long': -178.928, 'Time': Timestamp('2008-09-11 21:04:42'), 'mag': 5.4}, {'lat': -21.769, 'long': -178.928, 'Time': Timestamp('2008-09-11 21:04:42'), 'mag': 5.4}]",3,24
1173,2008-09-16 00:53:17.978,1,"[{'lat': 18.588, 'long': 145.604, 'Time': Timestamp('2008-09-17 21:32:05'), 'mag': 5.0}, {'lat': 18.588, 'long': 145.604, 'Time': Timestamp('2008-09-17 21:32:05'), 'mag': 5.0}, {'lat': 18.588, 'long': 145.604, 'Time': Timestamp('2008-09-17 21:32:05'), 'mag': 5.0}, {'lat': -2.454, 'long': 127.926, 'Time': Timestamp('2008-09-16 01:12:52'), 'mag': 5.3}]",4,30
1174,2008-09-05 05:48:24.264,1,"[{'lat': 36.487, 'long': 70.934, 'Time': Timestamp('2008-09-06 05:47:39'), 'mag': 5.8}, {'lat': 36.487, 'long': 70.934, 'Time': Timestamp('2008-09-06 05:47:39'), 'mag': 5.8}, {'lat': 36.487, 'long': 70.934, 'Time': Timestamp('2008-09-06 05:47:39'), 'mag': 5.8}, {'lat': -23.71, 'long': 69.493, 'Time': Timestamp('2008-09-07 02:05:33'), 'mag': 5.4}, {'lat': -23.719, 'long': 69.558, 'Time': Timestamp('2008-09-07 02:39:10'), 'mag': 5.0}, {'lat': -23.71, 'long': 69.493, 'Time': Timestamp('2008-09-07 02:05:33'), 'mag': 5.4}, {'lat': -23.719, 'long': 69.558, 'Time': Timestamp('2008-09-07 02:39:10'), 'mag': 5.0}, {'lat': -23.71, 'long': 69.493, 'Time': Timestamp('2008-09-07 02:05:33'), 'mag': 5.4}, {'lat': -23.719, 'long': 69.558, 'Time': Timestamp('2008-09-07 02:39:10'), 'mag': 5.0}]",9,19
1175,2008-09-04 09:03:20.333,0,[],0,18
1176,2008-08-27 12:22:53.400,1,"[{'lat': -0.134, 'long': -17.626, 'Time': Timestamp('2008-08-28 15:22:18'), 'mag': 5.2}, {'lat': -0.252, 'long': -17.358, 'Time': Timestamp('2008-08-28 15:22:23'), 'mag': 6.3}, {'lat': -0.134, 'long': -17.626, 'Time': Timestamp('2008-08-28 15:22:18'), 'mag': 5.2}, {'lat': -0.252, 'long': -17.358, 'Time': Timestamp('2008-08-28 15:22:23'), 'mag': 6.3}, {'lat': -56.276, 'long': -30.62, 'Time': Timestamp('2008-08-28 23:41:42'), 'mag': 5.2}]",5,10
1177,2008-08-30 15:40:22.651,1,"[{'lat': -61.233, 'long': -67.738, 'Time': Timestamp('2008-08-31 01:15:25'), 'mag': 5.5}, {'lat': -61.233, 'long': -67.738, 'Time': Timestamp('2008-08-31 01:15:25'), 'mag': 5.5}]",2,13
1178,2008-09-01 22:08:27.288,1,"[{'lat': -15.414, 'long': -173.336, 'Time': Timestamp('2008-09-02 20:01:03'), 'mag': 5.3}, {'lat': -20.426, 'long': 169.243, 'Time': Timestamp('2008-09-02 18:41:39'), 'mag': 5.2}, {'lat': -20.426, 'long': 169.243, 'Time': Timestamp('2008-09-02 18:41:39'), 'mag': 5.2}]",3,15
1179,2008-08-25 01:23:21.929,1,"[{'lat': -3.245, 'long': 147.936, 'Time': Timestamp('2008-08-26 01:56:28'), 'mag': 5.0}, {'lat': -3.245, 'long': 147.936, 'Time': Timestamp('2008-08-26 01:56:28'), 'mag': 5.0}, {'lat': -2.919, 'long': 147.425, 'Time': Timestamp('2008-08-26 02:06:27'), 'mag': 5.4}, {'lat': -3.245, 'long': 147.936, 'Time': Timestamp('2008-08-26 01:56:28'), 'mag': 5.0}, {'lat': -2.919, 'long': 147.425, 'Time': Timestamp('2008-08-26 02:06:27'), 'mag': 5.4}, {'lat': 10.307, 'long': 125.252, 'Time': Timestamp('2008-08-25 02:43:06'), 'mag': 5.8}, {'lat': 10.307, 'long': 125.252, 'Time': Timestamp('2008-08-25 02:43:06'), 'mag': 5.8}]",7,7
1180,2008-09-09 06:18:25.871,1,"[{'lat': 30.783, 'long': 83.591, 'Time': Timestamp('2008-09-10 01:14:31'), 'mag': 5.3}, {'lat': 30.795, 'long': 83.397, 'Time': Timestamp('2008-09-10 01:28:06'), 'mag': 5.4}, {'lat': 30.783, 'long': 83.591, 'Time': Timestamp('2008-09-10 01:14:31'), 'mag': 5.3}, {'lat': 30.795, 'long': 83.397, 'Time': Timestamp('2008-09-10 01:28:06'), 'mag': 5.4}, {'lat': 26.743, 'long': 55.828, 'Time': Timestamp('2008-09-10 11:00:34'), 'mag': 6.1}, {'lat': 26.93, 'long': 55.73, 'Time': Timestamp('2008-09-10 11:08:43'), 'mag': 5.0}, {'lat': 26.929, 'long': 55.635, 'Time': Timestamp('2008-09-11 02:16:09'), 'mag': 5.2}, {'lat': 26.743, 'long': 55.828, 'Time': Timestamp('2008-09-10 11:00:34'), 'mag': 6.1}, {'lat': 26.93, 'long': 55.73, 'Time': Timestamp('2008-09-10 11:08:43'), 'mag': 5.0}, {'lat': 26.929, 'long': 55.635, 'Time': Timestamp('2008-09-11 02:16:09'), 'mag': 5.2}]",10,22
1181,2008-08-24 09:33:46.750,1,"[{'lat': -52.509, 'long': 12.386, 'Time': Timestamp('2008-08-26 02:28:24'), 'mag': 5.2}, {'lat': -52.509, 'long': 12.386, 'Time': Timestamp('2008-08-26 02:28:24'), 'mag': 5.2}]",2,6
1182,2008-09-02 12:52:53.802,1,"[{'lat': 59.905, 'long': -29.853, 'Time': Timestamp('2008-09-03 09:52:47'), 'mag': 5.2}]",1,15
1183,2008-09-13 16:10:23.855,0,[],0,26
1184,2008-09-06 19:25:23.908,0,[],0,19
1185,2008-09-03 22:38:53.961,1,"[{'lat': -31.555, 'long': -177.806, 'Time': Timestamp('2008-09-04 16:09:51'), 'mag': 5.8}, {'lat': -31.555, 'long': -177.806, 'Time': Timestamp('2008-09-04 16:09:51'), 'mag': 5.8}, {'lat': -31.555, 'long': -177.806, 'Time': Timestamp('2008-09-04 16:09:51'), 'mag': 5.8}, {'lat': -12.143, 'long': 167.101, 'Time': Timestamp('2008-09-04 09:37:03'), 'mag': 5.7}, {'lat': -12.143, 'long': 167.101, 'Time': Timestamp('2008-09-04 09:37:03'), 'mag': 5.7}, {'lat': -13.273, 'long': 166.966, 'Time': Timestamp('2008-09-05 12:35:43'), 'mag': 5.6}, {'lat': -12.143, 'long': 167.101, 'Time': Timestamp('2008-09-04 09:37:03'), 'mag': 5.7}, {'lat': -13.273, 'long': 166.966, 'Time': Timestamp('2008-09-05 12:35:43'), 'mag': 5.6}]",8,16
1186,2008-09-15 01:53:17.341,1,"[{'lat': -2.454, 'long': 127.926, 'Time': Timestamp('2008-09-16 01:12:52'), 'mag': 5.3}, {'lat': -2.454, 'long': 127.926, 'Time': Timestamp('2008-09-16 01:12:52'), 'mag': 5.3}, {'lat': -8.779, 'long': 126.844, 'Time': Timestamp('2008-09-16 11:15:41'), 'mag': 5.7}, {'lat': -2.454, 'long': 127.926, 'Time': Timestamp('2008-09-16 01:12:52'), 'mag': 5.3}, {'lat': -8.779, 'long': 126.844, 'Time': Timestamp('2008-09-16 11:15:41'), 'mag': 5.7}]",5,27
1187,2008-09-18 06:48:28.151,1,"[{'lat': 38.313, 'long': 73.457, 'Time': Timestamp('2008-09-20 02:54:36'), 'mag': 5.3}, {'lat': 36.491, 'long': 71.275, 'Time': Timestamp('2008-09-18 21:52:18'), 'mag': 5.0}, {'lat': 38.313, 'long': 73.457, 'Time': Timestamp('2008-09-20 02:54:36'), 'mag': 5.3}]",3,30
1188,2008-09-08 10:04:21.575,0,[],0,20
1189,2008-08-27 13:23:23.203,1,"[{'lat': -0.134, 'long': -17.626, 'Time': Timestamp('2008-08-28 15:22:18'), 'mag': 5.2}, {'lat': -0.252, 'long': -17.358, 'Time': Timestamp('2008-08-28 15:22:23'), 'mag': 6.3}, {'lat': -0.134, 'long': -17.626, 'Time': Timestamp('2008-08-28 15:22:18'), 'mag': 5.2}, {'lat': -0.252, 'long': -17.358, 'Time': Timestamp('2008-08-28 15:22:23'), 'mag': 6.3}, {'lat': -0.134, 'long': -17.626, 'Time': Timestamp('2008-08-28 15:22:18'), 'mag': 5.2}, {'lat': -0.252, 'long': -17.358, 'Time': Timestamp('2008-08-28 15:22:23'), 'mag': 6.3}, {'lat': -56.276, 'long': -30.62, 'Time': Timestamp('2008-08-28 23:41:42'), 'mag': 5.2}, {'lat': -56.276, 'long': -30.62, 'Time': Timestamp('2008-08-28 23:41:42'), 'mag': 5.2}]",8,8
1190,2008-09-01 16:40:23.257,0,[],0,13
1191,2008-08-28 19:54:53.310,0,[],0,9
1192,2008-08-31 08:55:21.837,0,[],0,11
1193,2008-09-01 12:14:53.715,1,"[{'lat': -57.92, 'long': -25.542, 'Time': Timestamp('2008-09-01 19:54:45'), 'mag': 5.1}]",1,12
1194,2008-09-03 15:32:55.733,1,"[{'lat': 30.098, 'long': -42.591, 'Time': Timestamp('2008-09-04 18:47:55'), 'mag': 5.4}, {'lat': 30.098, 'long': -42.591, 'Time': Timestamp('2008-09-04 18:47:55'), 'mag': 5.4}, {'lat': 30.098, 'long': -42.591, 'Time': Timestamp('2008-09-04 18:47:55'), 'mag': 5.4}]",3,14
1195,2008-09-19 22:00:24.946,1,"[{'lat': 63.588, 'long': -129.029, 'Time': Timestamp('2008-09-20 05:16:10'), 'mag': 5.2}, {'lat': 63.588, 'long': -129.029, 'Time': Timestamp('2008-09-20 05:16:10'), 'mag': 5.2}, {'lat': -16.094, 'long': -173.842, 'Time': Timestamp('2008-09-21 06:36:29'), 'mag': 5.2}, {'lat': -16.094, 'long': -173.842, 'Time': Timestamp('2008-09-21 06:36:29'), 'mag': 5.2}, {'lat': -31.378, 'long': 179.968, 'Time': Timestamp('2008-09-21 18:50:21'), 'mag': 5.3}, {'lat': -31.378, 'long': 179.968, 'Time': Timestamp('2008-09-21 18:50:21'), 'mag': 5.3}, {'lat': -31.378, 'long': 179.968, 'Time': Timestamp('2008-09-21 18:50:21'), 'mag': 5.3}]",7,30
1196,2008-09-11 01:15:19.587,1,"[{'lat': 56.312, 'long': 164.07, 'Time': Timestamp('2008-09-12 23:07:50'), 'mag': 5.9}, {'lat': 56.246, 'long': 164.302, 'Time': Timestamp('2008-09-12 23:49:53'), 'mag': 5.4}, {'lat': 56.312, 'long': 164.07, 'Time': Timestamp('2008-09-12 23:07:50'), 'mag': 5.9}, {'lat': 56.246, 'long': 164.302, 'Time': Timestamp('2008-09-12 23:49:53'), 'mag': 5.4}, {'lat': 42.42, 'long': 144.549, 'Time': Timestamp('2008-09-11 22:34:45'), 'mag': 5.0}, {'lat': 42.42, 'long': 144.549, 'Time': Timestamp('2008-09-11 22:34:45'), 'mag': 5.0}, {'lat': 42.42, 'long': 144.549, 'Time': Timestamp('2008-09-11 22:34:45'), 'mag': 5.0}, {'lat': -3.78, 'long': 128.956, 'Time': Timestamp('2008-09-13 00:04:04'), 'mag': 5.6}, {'lat': -3.78, 'long': 128.956, 'Time': Timestamp('2008-09-13 00:04:04'), 'mag': 5.6}, {'lat': -3.78, 'long': 128.956, 'Time': Timestamp('2008-09-13 00:04:04'), 'mag': 5.6}]",10,21
1197,2008-09-11 06:10:23.975,0,[],0,21
1198,2008-08-31 09:25:53.816,0,[],0,10
1199,2008-09-17 12:45:23.116,1,"[{'lat': -28.105, 'long': -13.189, 'Time': Timestamp('2008-09-17 18:14:27'), 'mag': 5.1}, {'lat': -28.203, 'long': -12.86, 'Time': Timestamp('2008-09-17 21:03:40'), 'mag': 5.0}, {'lat': -28.105, 'long': -13.189, 'Time': Timestamp('2008-09-17 18:14:27'), 'mag': 5.1}, {'lat': -28.203, 'long': -12.86, 'Time': Timestamp('2008-09-17 21:03:40'), 'mag': 5.0}, {'lat': -28.105, 'long': -13.189, 'Time': Timestamp('2008-09-17 18:14:27'), 'mag': 5.1}, {'lat': -28.203, 'long': -12.86, 'Time': Timestamp('2008-09-17 21:03:40'), 'mag': 5.0}]",6,27
1200,2008-09-03 16:02:51.373,1,"[{'lat': 30.098, 'long': -42.591, 'Time': Timestamp('2008-09-04 18:47:55'), 'mag': 5.4}, {'lat': 13.69, 'long': -91.286, 'Time': Timestamp('2008-09-04 21:39:29'), 'mag': 5.2}, {'lat': 13.69, 'long': -91.286, 'Time': Timestamp('2008-09-04 21:39:29'), 'mag': 5.2}, {'lat': 13.69, 'long': -91.286, 'Time': Timestamp('2008-09-04 21:39:29'), 'mag': 5.2}]",4,13
1201,2008-09-16 19:17:19.328,1,"[{'lat': -4.554, 'long': -105.999, 'Time': Timestamp('2008-09-18 01:41:03'), 'mag': 6.0}, {'lat': -4.645, 'long': -106.109, 'Time': Timestamp('2008-09-18 02:02:43'), 'mag': 5.2}, {'lat': -4.554, 'long': -105.999, 'Time': Timestamp('2008-09-18 01:41:03'), 'mag': 6.0}, {'lat': -4.645, 'long': -106.109, 'Time': Timestamp('2008-09-18 02:02:43'), 'mag': 5.2}]",4,26
1202,2008-09-17 22:31:23.276,1,"[{'lat': -23.885, 'long': -175.928, 'Time': Timestamp('2008-09-19 18:34:17'), 'mag': 5.2}, {'lat': -23.885, 'long': -175.928, 'Time': Timestamp('2008-09-19 18:34:17'), 'mag': 5.2}]",2,27
1203,2008-09-20 01:45:17.983,0,[],0,29
1204,2008-09-01 06:40:52.930,1,"[{'lat': -18.614, 'long': 65.376, 'Time': Timestamp('2008-09-01 08:28:19'), 'mag': 5.0}, {'lat': -18.614, 'long': 65.376, 'Time': Timestamp('2008-09-01 08:28:19'), 'mag': 5.0}]",2,10
1205,2008-08-30 09:56:21.889,0,[],0,8
1206,2008-08-30 13:15:53.517,1,"[{'lat': -61.233, 'long': -67.738, 'Time': Timestamp('2008-08-31 01:15:25'), 'mag': 5.5}, {'lat': -61.233, 'long': -67.738, 'Time': Timestamp('2008-08-31 01:15:25'), 'mag': 5.5}]",2,8
1207,2008-08-27 16:32:53.571,0,[],0,5
1208,2008-09-08 19:47:23.624,0,[],0,17
1209,2008-09-12 08:49:21.817,0,[],0,20
1210,2008-09-18 12:06:51.983,1,"[{'lat': -7.112, 'long': -13.004, 'Time': Timestamp('2008-09-19 21:17:35'), 'mag': 5.1}, {'lat': -7.112, 'long': -13.004, 'Time': Timestamp('2008-09-19 21:17:35'), 'mag': 5.1}, {'lat': -7.112, 'long': -13.004, 'Time': Timestamp('2008-09-19 21:17:35'), 'mag': 5.1}]",3,26
1211,2008-09-05 15:24:51.702,0,[],0,13
1212,2008-09-02 18:39:49.880,0,[],0,10
1213,2008-09-08 07:40:54.729,0,[],0,15
1214,2008-09-04 10:57:20.364,1,"[{'lat': -1.171, 'long': -13.955, 'Time': Timestamp('2008-09-05 19:07:38'), 'mag': 5.8}, {'lat': -1.171, 'long': -13.955, 'Time': Timestamp('2008-09-05 19:07:38'), 'mag': 5.8}, {'lat': -1.171, 'long': -13.955, 'Time': Timestamp('2008-09-05 19:07:38'), 'mag': 5.8}, {'lat': -34.261, 'long': -14.547, 'Time': Timestamp('2008-09-05 20:41:35'), 'mag': 5.1}, {'lat': -34.261, 'long': -14.547, 'Time': Timestamp('2008-09-05 20:41:35'), 'mag': 5.1}, {'lat': -34.261, 'long': -14.547, 'Time': Timestamp('2008-09-05 20:41:35'), 'mag': 5.1}]",6,11
1215,2008-09-14 14:16:16.087,1,"[{'lat': 0.902, 'long': -28.998, 'Time': Timestamp('2008-09-16 07:28:25'), 'mag': 5.8}, {'lat': 0.902, 'long': -28.998, 'Time': Timestamp('2008-09-16 07:28:25'), 'mag': 5.8}, {'lat': -24.166, 'long': -66.799, 'Time': Timestamp('2008-09-15 23:36:52'), 'mag': 5.1}, {'lat': -24.166, 'long': -66.799, 'Time': Timestamp('2008-09-15 23:36:52'), 'mag': 5.1}]",4,21
1216,2008-08-29 17:32:20.583,0,[],0,5
1217,2008-09-23 20:45:20.858,0,[],0,30
1218,2008-09-01 00:00:23.478,1,"[{'lat': -20.426, 'long': 169.243, 'Time': Timestamp('2008-09-02 18:41:39'), 'mag': 5.2}, {'lat': -20.426, 'long': 169.243, 'Time': Timestamp('2008-09-02 18:41:39'), 'mag': 5.2}, {'lat': -20.426, 'long': 169.243, 'Time': Timestamp('2008-09-02 18:41:39'), 'mag': 5.2}, {'lat': -39.105, 'long': 175.894, 'Time': Timestamp('2008-09-01 01:21:50'), 'mag': 5.2}, {'lat': -39.105, 'long': 175.894, 'Time': Timestamp('2008-09-01 01:21:50'), 'mag': 5.2}, {'lat': -39.105, 'long': 175.894, 'Time': Timestamp('2008-09-01 01:21:50'), 'mag': 5.2}]",6,7
1219,2008-09-04 06:32:54.435,1,"[{'lat': 30.279, 'long': 80.349, 'Time': Timestamp('2008-09-04 12:53:11'), 'mag': 5.0}, {'lat': 30.279, 'long': 80.349, 'Time': Timestamp('2008-09-04 12:53:11'), 'mag': 5.0}, {'lat': 30.279, 'long': 80.349, 'Time': Timestamp('2008-09-04 12:53:11'), 'mag': 5.0}, {'lat': 36.536, 'long': 71.291, 'Time': Timestamp('2008-09-05 04:57:52'), 'mag': 5.4}, {'lat': 36.487, 'long': 70.934, 'Time': Timestamp('2008-09-06 05:47:39'), 'mag': 5.8}, {'lat': 36.536, 'long': 71.291, 'Time': Timestamp('2008-09-05 04:57:52'), 'mag': 5.4}, {'lat': 36.487, 'long': 70.934, 'Time': Timestamp('2008-09-06 05:47:39'), 'mag': 5.8}, {'lat': 36.536, 'long': 71.291, 'Time': Timestamp('2008-09-05 04:57:52'), 'mag': 5.4}, {'lat': 36.487, 'long': 70.934, 'Time': Timestamp('2008-09-06 05:47:39'), 'mag': 5.8}]",9,10
1220,2008-09-22 09:48:23.394,0,[],0,28
1221,2008-08-30 13:07:53.694,1,"[{'lat': -61.233, 'long': -67.738, 'Time': Timestamp('2008-08-31 01:15:25'), 'mag': 5.5}, {'lat': -61.233, 'long': -67.738, 'Time': Timestamp('2008-08-31 01:15:25'), 'mag': 5.5}]",2,5
1222,2008-08-31 16:24:53.747,0,[],0,6
1223,2008-09-19 19:39:24.113,1,"[{'lat': 63.588, 'long': -129.029, 'Time': Timestamp('2008-09-20 05:16:10'), 'mag': 5.2}]",1,25
1224,2008-09-20 22:53:23.853,1,"[{'lat': -16.094, 'long': -173.842, 'Time': Timestamp('2008-09-21 06:36:29'), 'mag': 5.2}, {'lat': -16.094, 'long': -173.842, 'Time': Timestamp('2008-09-21 06:36:29'), 'mag': 5.2}, {'lat': -16.094, 'long': -173.842, 'Time': Timestamp('2008-09-21 06:36:29'), 'mag': 5.2}, {'lat': -23.429, 'long': -179.744, 'Time': Timestamp('2008-09-22 20:21:00'), 'mag': 5.2}, {'lat': -23.429, 'long': -179.744, 'Time': Timestamp('2008-09-22 20:21:00'), 'mag': 5.2}]",5,26
1225,2008-09-02 13:38:23.095,1,"[{'lat': 59.905, 'long': -29.853, 'Time': Timestamp('2008-09-03 09:52:47'), 'mag': 5.2}, {'lat': -26.736, 'long': -63.225, 'Time': Timestamp('2008-09-03 11:25:14'), 'mag': 6.3}, {'lat': -26.736, 'long': -63.225, 'Time': Timestamp('2008-09-03 11:25:14'), 'mag': 6.3}, {'lat': -26.736, 'long': -63.225, 'Time': Timestamp('2008-09-03 11:25:14'), 'mag': 6.3}]",4,7
1226,2008-09-09 16:54:53.148,1,"[{'lat': -20.262, 'long': -69.224, 'Time': Timestamp('2008-09-10 16:12:04'), 'mag': 5.7}, {'lat': -20.262, 'long': -69.224, 'Time': Timestamp('2008-09-10 16:12:04'), 'mag': 5.7}]",2,14
1227,2008-09-17 20:09:23.201,0,[],0,22
1228,2008-09-21 23:22:53.254,1,"[{'lat': -23.429, 'long': -179.744, 'Time': Timestamp('2008-09-22 20:21:00'), 'mag': 5.2}, {'lat': -23.429, 'long': -179.744, 'Time': Timestamp('2008-09-22 20:21:00'), 'mag': 5.2}, {'lat': -23.429, 'long': -179.744, 'Time': Timestamp('2008-09-22 20:21:00'), 'mag': 5.2}, {'lat': -5.992, 'long': 150.964, 'Time': Timestamp('2008-09-22 08:17:22'), 'mag': 5.0}, {'lat': -5.992, 'long': 150.964, 'Time': Timestamp('2008-09-22 08:17:22'), 'mag': 5.0}]",5,26
1229,2008-09-06 07:33:25.353,1,"[{'lat': -23.71, 'long': 69.493, 'Time': Timestamp('2008-09-07 02:05:33'), 'mag': 5.4}, {'lat': -23.719, 'long': 69.558, 'Time': Timestamp('2008-09-07 02:39:10'), 'mag': 5.0}, {'lat': -23.71, 'long': 69.493, 'Time': Timestamp('2008-09-07 02:05:33'), 'mag': 5.4}, {'lat': -23.719, 'long': 69.558, 'Time': Timestamp('2008-09-07 02:39:10'), 'mag': 5.0}]",4,10
1230,2008-09-13 10:49:20.693,0,[],0,17
1231,2008-09-19 14:08:22.398,0,[],0,23
1232,2008-09-26 23:52:23.808,1,"[{'lat': -15.567, 'long': 167.527, 'Time': Timestamp('2008-09-27 03:29:29'), 'mag': 5.0}, {'lat': -15.567, 'long': 167.527, 'Time': Timestamp('2008-09-27 03:29:29'), 'mag': 5.0}]",2,30
1233,2008-09-12 08:03:17.380,0,[],0,15
1234,2008-09-10 11:20:23.995,0,[],0,13
1235,2008-09-17 14:38:51.249,0,[],0,20
1236,2008-09-14 17:54:54.409,0,[],0,17
1237,2008-09-04 21:07:25.444,1,"[{'lat': 49.791, 'long': -130.113, 'Time': Timestamp('2008-09-06 01:10:20'), 'mag': 5.2}, {'lat': 49.869, 'long': -130.084, 'Time': Timestamp('2008-09-06 11:25:57'), 'mag': 5.0}, {'lat': 49.791, 'long': -130.113, 'Time': Timestamp('2008-09-06 01:10:20'), 'mag': 5.2}, {'lat': 49.869, 'long': -130.084, 'Time': Timestamp('2008-09-06 11:25:57'), 'mag': 5.0}, {'lat': 49.791, 'long': -130.113, 'Time': Timestamp('2008-09-06 01:10:20'), 'mag': 5.2}, {'lat': 49.869, 'long': -130.084, 'Time': Timestamp('2008-09-06 11:25:57'), 'mag': 5.0}]",6,7
1238,2008-09-20 00:22:23.298,0,[],0,22
1239,2008-09-23 08:31:51.657,1,"[{'lat': 36.153, 'long': 71.253, 'Time': Timestamp('2008-09-24 17:59:33'), 'mag': 5.2}]",1,25
1240,2008-09-21 11:50:53.397,0,[],0,23
1241,2008-09-10 15:08:55.192,1,"[{'lat': -20.262, 'long': -69.224, 'Time': Timestamp('2008-09-10 16:12:04'), 'mag': 5.7}, {'lat': -19.649, 'long': -69.052, 'Time': Timestamp('2008-09-11 17:11:34'), 'mag': 5.3}, {'lat': -20.262, 'long': -69.224, 'Time': Timestamp('2008-09-10 16:12:04'), 'mag': 5.7}, {'lat': -19.649, 'long': -69.052, 'Time': Timestamp('2008-09-11 17:11:34'), 'mag': 5.3}, {'lat': -20.262, 'long': -69.224, 'Time': Timestamp('2008-09-10 16:12:04'), 'mag': 5.7}]",5,12
1242,2008-09-14 18:24:19.386,0,[],0,16
1243,2008-09-29 09:02:20.730,0,[],0,30
1244,2008-09-22 12:21:23.797,0,[],0,23
1245,2008-09-25 15:39:25.816,0,[],0,26
1246,2008-09-18 18:54:15.133,1,"[{'lat': 14.393, 'long': -92.098, 'Time': Timestamp('2008-09-20 04:52:26'), 'mag': 5.2}, {'lat': 14.393, 'long': -92.098, 'Time': Timestamp('2008-09-20 04:52:26'), 'mag': 5.2}, {'lat': 14.393, 'long': -92.098, 'Time': Timestamp('2008-09-20 04:52:26'), 'mag': 5.2}]",3,19
1247,2008-09-18 09:32:21.571,0,[],0,18
1248,2008-09-18 12:51:53.199,1,"[{'lat': -7.112, 'long': -13.004, 'Time': Timestamp('2008-09-19 21:17:35'), 'mag': 5.1}, {'lat': -7.112, 'long': -13.004, 'Time': Timestamp('2008-09-19 21:17:35'), 'mag': 5.1}, {'lat': -7.112, 'long': -13.004, 'Time': Timestamp('2008-09-19 21:17:35'), 'mag': 5.1}]",3,18
1249,2008-09-20 22:37:23.359,1,"[{'lat': -16.094, 'long': -173.842, 'Time': Timestamp('2008-09-21 06:36:29'), 'mag': 5.2}, {'lat': -16.094, 'long': -173.842, 'Time': Timestamp('2008-09-21 06:36:29'), 'mag': 5.2}, {'lat': -31.378, 'long': 179.968, 'Time': Timestamp('2008-09-21 18:50:21'), 'mag': 5.3}]",3,20
1250,2008-09-24 01:51:48.066,0,[],0,23
1251,2008-09-11 05:08:57.082,1,"[{'lat': 32.911, 'long': 105.629, 'Time': Timestamp('2008-09-11 17:39:01'), 'mag': 5.1}, {'lat': 32.911, 'long': 105.629, 'Time': Timestamp('2008-09-11 17:39:01'), 'mag': 5.1}, {'lat': 32.911, 'long': 105.629, 'Time': Timestamp('2008-09-11 17:39:01'), 'mag': 5.1}]",3,10
1252,2008-09-12 08:23:49.612,0,[],0,11
1253,2008-09-21 11:42:53.573,0,[],0,20
1254,2008-09-06 15:01:21.273,0,[],0,5
1255,2008-09-09 18:16:54.986,0,[],0,8
1256,2008-09-23 21:29:24.046,1,"[{'lat': -33.748, 'long': -179.741, 'Time': Timestamp('2008-09-24 17:30:05'), 'mag': 5.1}, {'lat': -33.748, 'long': -179.741, 'Time': Timestamp('2008-09-24 17:30:05'), 'mag': 5.1}, {'lat': -33.748, 'long': -179.741, 'Time': Timestamp('2008-09-24 17:30:05'), 'mag': 5.1}, {'lat': -42.198, 'long': 173.984, 'Time': Timestamp('2008-09-24 22:40:41'), 'mag': 5.0}]",4,22
1257,2008-09-17 00:44:21.107,1,"[{'lat': 51.94, 'long': 158.363, 'Time': Timestamp('2008-09-18 11:58:47'), 'mag': 5.9}, {'lat': 51.94, 'long': 158.363, 'Time': Timestamp('2008-09-18 11:58:47'), 'mag': 5.9}, {'lat': 46.158, 'long': 143.56, 'Time': Timestamp('2008-09-18 09:30:00'), 'mag': 5.4}, {'lat': 51.94, 'long': 158.363, 'Time': Timestamp('2008-09-18 11:58:47'), 'mag': 5.9}, {'lat': 46.158, 'long': 143.56, 'Time': Timestamp('2008-09-18 09:30:00'), 'mag': 5.4}, {'lat': 18.588, 'long': 145.604, 'Time': Timestamp('2008-09-17 21:32:05'), 'mag': 5.0}, {'lat': 18.588, 'long': 145.604, 'Time': Timestamp('2008-09-17 21:32:05'), 'mag': 5.0}, {'lat': 18.588, 'long': 145.604, 'Time': Timestamp('2008-09-17 21:32:05'), 'mag': 5.0}, {'lat': -4.729, 'long': 153.262, 'Time': Timestamp('2008-09-18 18:46:45'), 'mag': 5.1}]",9,15
1258,2008-09-17 07:17:27.186,1,"[{'lat': 36.491, 'long': 71.275, 'Time': Timestamp('2008-09-18 21:52:18'), 'mag': 5.0}, {'lat': 36.491, 'long': 71.275, 'Time': Timestamp('2008-09-18 21:52:18'), 'mag': 5.0}, {'lat': 36.491, 'long': 71.275, 'Time': Timestamp('2008-09-18 21:52:18'), 'mag': 5.0}, {'lat': 27.0, 'long': 56.2, 'Time': Timestamp('2008-09-17 17:43:49'), 'mag': 5.2}, {'lat': 27.0, 'long': 56.2, 'Time': Timestamp('2008-09-17 17:43:49'), 'mag': 5.2}, {'lat': 27.0, 'long': 56.2, 'Time': Timestamp('2008-09-17 17:43:49'), 'mag': 5.2}]",6,15
1259,2008-09-09 10:33:51.046,0,[],0,7
1260,2008-09-18 13:52:54.001,0,[],0,16
1261,2008-09-19 17:09:24.055,1,"[{'lat': -16.125, 'long': -73.63, 'Time': Timestamp('2008-09-20 14:43:05'), 'mag': 5.4}, {'lat': -16.125, 'long': -73.63, 'Time': Timestamp('2008-09-20 14:43:05'), 'mag': 5.4}, {'lat': -16.125, 'long': -73.63, 'Time': Timestamp('2008-09-20 14:43:05'), 'mag': 5.4}, {'lat': -40.762, 'long': -90.27, 'Time': Timestamp('2008-09-21 03:15:36'), 'mag': 5.1}, {'lat': -40.762, 'long': -90.27, 'Time': Timestamp('2008-09-21 03:15:36'), 'mag': 5.1}, {'lat': 14.393, 'long': -92.098, 'Time': Timestamp('2008-09-20 04:52:26'), 'mag': 5.2}, {'lat': 14.393, 'long': -92.098, 'Time': Timestamp('2008-09-20 04:52:26'), 'mag': 5.2}, {'lat': 14.393, 'long': -92.098, 'Time': Timestamp('2008-09-20 04:52:26'), 'mag': 5.2}]",8,17
1262,2008-09-29 20:23:23.108,0,[],0,27
1263,2008-09-15 23:36:53.160,1,"[{'lat': -16.637, 'long': -172.739, 'Time': Timestamp('2008-09-16 09:46:54'), 'mag': 5.3}]",1,13
1264,2008-09-28 07:47:53.484,0,[],0,25
1265,2008-09-10 11:04:22.153,0,[],0,7
1266,2008-09-29 14:22:50.534,0,[],0,26
1267,2008-09-08 20:52:53.664,0,[],0,5
1268,2008-09-23 00:06:53.717,1,"[{'lat': -14.498, 'long': 167.738, 'Time': Timestamp('2008-09-24 01:36:59'), 'mag': 5.0}, {'lat': -14.498, 'long': 167.738, 'Time': Timestamp('2008-09-24 01:36:59'), 'mag': 5.0}, {'lat': -42.198, 'long': 173.984, 'Time': Timestamp('2008-09-24 22:40:41'), 'mag': 5.0}, {'lat': -42.198, 'long': 173.984, 'Time': Timestamp('2008-09-24 22:40:41'), 'mag': 5.0}, {'lat': -42.198, 'long': 173.984, 'Time': Timestamp('2008-09-24 22:40:41'), 'mag': 5.0}, {'lat': -10.242, 'long': 161.369, 'Time': Timestamp('2008-09-24 06:00:51'), 'mag': 5.2}]",6,19
1269,2008-09-30 06:39:20.576,0,[],0,26
1270,2008-09-24 14:53:21.604,0,[],0,20
1271,2008-09-16 18:08:52.550,0,[],0,12
1272,2008-09-13 21:21:54.377,1,"[{'lat': -23.614, 'long': -177.329, 'Time': Timestamp('2008-09-14 20:18:53'), 'mag': 5.5}, {'lat': -23.614, 'long': -177.329, 'Time': Timestamp('2008-09-14 20:18:53'), 'mag': 5.5}, {'lat': -23.614, 'long': -177.329, 'Time': Timestamp('2008-09-14 20:18:53'), 'mag': 5.5}]",3,9
1273,2008-09-16 00:36:15.116,1,"[{'lat': 18.588, 'long': 145.604, 'Time': Timestamp('2008-09-17 21:32:05'), 'mag': 5.0}, {'lat': 18.588, 'long': 145.604, 'Time': Timestamp('2008-09-17 21:32:05'), 'mag': 5.0}, {'lat': 18.588, 'long': 145.604, 'Time': Timestamp('2008-09-17 21:32:05'), 'mag': 5.0}]",3,11
1274,2008-09-17 07:09:26.517,1,"[{'lat': 36.491, 'long': 71.275, 'Time': Timestamp('2008-09-18 21:52:18'), 'mag': 5.0}, {'lat': 36.491, 'long': 71.275, 'Time': Timestamp('2008-09-18 21:52:18'), 'mag': 5.0}, {'lat': 36.491, 'long': 71.275, 'Time': Timestamp('2008-09-18 21:52:18'), 'mag': 5.0}, {'lat': 27.0, 'long': 56.2, 'Time': Timestamp('2008-09-17 17:43:49'), 'mag': 5.2}, {'lat': 27.0, 'long': 56.2, 'Time': Timestamp('2008-09-17 17:43:49'), 'mag': 5.2}, {'lat': 27.0, 'long': 56.2, 'Time': Timestamp('2008-09-17 17:43:49'), 'mag': 5.2}]",6,12
1275,2008-09-23 10:25:50.377,1,"[{'lat': -22.709, 'long': -12.764, 'Time': Timestamp('2008-09-24 17:12:15'), 'mag': 5.3}, {'lat': -22.709, 'long': -12.764, 'Time': Timestamp('2008-09-24 17:12:15'), 'mag': 5.3}, {'lat': -22.709, 'long': -12.764, 'Time': Timestamp('2008-09-24 17:12:15'), 'mag': 5.3}]",3,18
1276,2008-09-26 13:44:53.333,0,[],0,21
1277,2008-09-25 17:01:23.386,1,"[{'lat': 17.751, 'long': -105.788, 'Time': Timestamp('2008-09-26 03:39:21'), 'mag': 5.1}, {'lat': 17.751, 'long': -105.788, 'Time': Timestamp('2008-09-26 03:39:21'), 'mag': 5.1}]",2,20
1278,2008-09-22 20:15:23.440,0,[],0,17
1279,2008-09-20 01:06:23.519,0,[],0,14
1280,2008-09-24 06:01:25.898,1,"[{'lat': 30.836, 'long': 83.487, 'Time': Timestamp('2008-09-25 01:47:11'), 'mag': 6.0}, {'lat': 30.836, 'long': 83.487, 'Time': Timestamp('2008-09-25 01:47:11'), 'mag': 6.0}, {'lat': 36.153, 'long': 71.253, 'Time': Timestamp('2008-09-24 17:59:33'), 'mag': 5.2}, {'lat': 36.153, 'long': 71.253, 'Time': Timestamp('2008-09-24 17:59:33'), 'mag': 5.2}, {'lat': 36.153, 'long': 71.253, 'Time': Timestamp('2008-09-24 17:59:33'), 'mag': 5.2}]",5,18
1281,2008-10-02 09:16:49.312,0,[],0,26
1282,2008-09-28 12:35:53.707,0,[],0,22
1283,2008-09-16 15:53:20.971,1,"[{'lat': -20.389, 'long': -68.615, 'Time': Timestamp('2008-09-16 21:56:40'), 'mag': 5.0}, {'lat': -20.389, 'long': -68.615, 'Time': Timestamp('2008-09-16 21:56:40'), 'mag': 5.0}, {'lat': -20.389, 'long': -68.615, 'Time': Timestamp('2008-09-16 21:56:40'), 'mag': 5.0}]",3,10
1284,2008-09-13 19:08:19.807,0,[],0,7
1285,2008-09-28 22:21:53.867,0,[],0,22
1286,2008-10-02 01:36:22.235,0,[],0,25
1287,2008-10-01 06:31:22.081,0,[],0,24
1288,2008-09-22 09:47:17.492,0,[],0,15
1289,2008-10-02 13:06:20.865,1,"[{'lat': -59.34, 'long': -25.903, 'Time': Timestamp('2008-10-04 07:56:52'), 'mag': 5.7}, {'lat': -59.34, 'long': -25.903, 'Time': Timestamp('2008-10-04 07:56:52'), 'mag': 5.7}, {'lat': 21.339, 'long': -45.731, 'Time': Timestamp('2008-10-04 05:41:52'), 'mag': 5.3}, {'lat': 21.339, 'long': -45.731, 'Time': Timestamp('2008-10-04 05:41:52'), 'mag': 5.3}, {'lat': 7.517, 'long': -36.758, 'Time': Timestamp('2008-10-03 05:26:20'), 'mag': 5.7}, {'lat': 7.561, 'long': -36.882, 'Time': Timestamp('2008-10-03 05:30:24'), 'mag': 5.6}, {'lat': 7.517, 'long': -36.758, 'Time': Timestamp('2008-10-03 05:26:20'), 'mag': 5.7}, {'lat': 7.561, 'long': -36.882, 'Time': Timestamp('2008-10-03 05:30:24'), 'mag': 5.6}]",8,25
1290,2008-09-28 22:51:50.802,1,"[{'lat': -29.756, 'long': -177.683, 'Time': Timestamp('2008-09-29 15:19:31'), 'mag': 7.0}, {'lat': -29.873, 'long': -177.609, 'Time': Timestamp('2008-09-29 16:10:38'), 'mag': 5.3}, {'lat': -30.233, 'long': -177.458, 'Time': Timestamp('2008-09-29 19:49:06'), 'mag': 5.0}, {'lat': -29.944, 'long': -177.756, 'Time': Timestamp('2008-09-29 20:58:11'), 'mag': 5.0}, {'lat': -29.756, 'long': -177.683, 'Time': Timestamp('2008-09-29 15:19:31'), 'mag': 7.0}, {'lat': -29.873, 'long': -177.609, 'Time': Timestamp('2008-09-29 16:10:38'), 'mag': 5.3}, {'lat': -30.233, 'long': -177.458, 'Time': Timestamp('2008-09-29 19:49:06'), 'mag': 5.0}, {'lat': -29.944, 'long': -177.756, 'Time': Timestamp('2008-09-29 20:58:11'), 'mag': 5.0}, {'lat': -29.756, 'long': -177.683, 'Time': Timestamp('2008-09-29 15:19:31'), 'mag': 7.0}, {'lat': -29.873, 'long': -177.609, 'Time': Timestamp('2008-09-29 16:10:38'), 'mag': 5.3}, {'lat': -30.233, 'long': -177.458, 'Time': Timestamp('2008-09-29 19:49:06'), 'mag': 5.0}, {'lat': -29.944, 'long': -177.756, 'Time': Timestamp('2008-09-29 20:58:11'), 'mag': 5.0}]",12,21
1291,2008-10-08 02:06:20.855,1,"[{'lat': 12.976, 'long': 124.361, 'Time': Timestamp('2008-10-08 19:09:28'), 'mag': 5.4}, {'lat': 12.976, 'long': 124.361, 'Time': Timestamp('2008-10-08 19:09:28'), 'mag': 5.4}, {'lat': 12.976, 'long': 124.361, 'Time': Timestamp('2008-10-08 19:09:28'), 'mag': 5.4}]",3,30
1292,2008-10-04 07:01:56.694,1,"[{'lat': 39.533, 'long': 73.824, 'Time': Timestamp('2008-10-05 15:52:49'), 'mag': 6.7}, {'lat': 39.359, 'long': 73.663, 'Time': Timestamp('2008-10-05 15:55:24'), 'mag': 5.9}, {'lat': 39.508, 'long': 73.888, 'Time': Timestamp('2008-10-05 16:11:10'), 'mag': 5.6}, {'lat': 39.431, 'long': 73.92, 'Time': Timestamp('2008-10-05 18:27:40'), 'mag': 5.1}, {'lat': 39.533, 'long': 73.824, 'Time': Timestamp('2008-10-05 15:52:49'), 'mag': 6.7}, {'lat': 39.359, 'long': 73.663, 'Time': Timestamp('2008-10-05 15:55:24'), 'mag': 5.9}, {'lat': 39.508, 'long': 73.888, 'Time': Timestamp('2008-10-05 16:11:10'), 'mag': 5.6}, {'lat': 39.431, 'long': 73.92, 'Time': Timestamp('2008-10-05 18:27:40'), 'mag': 5.1}, {'lat': 33.886, 'long': 69.47, 'Time': Timestamp('2008-10-05 22:56:28'), 'mag': 6.0}, {'lat': -25.903, 'long': 70.513, 'Time': Timestamp('2008-10-05 22:49:23'), 'mag': 5.0}, {'lat': -25.903, 'long': 70.513, 'Time': Timestamp('2008-10-05 22:49:23'), 'mag': 5.0}, {'lat': 33.886, 'long': 69.47, 'Time': Timestamp('2008-10-05 22:56:28'), 'mag': 6.0}]",12,26
1293,2008-10-05 10:17:50.553,0,[],0,27
1294,2008-09-20 13:36:53.509,0,[],0,12
1295,2008-09-17 16:53:23.563,1,"[{'lat': -4.554, 'long': -105.999, 'Time': Timestamp('2008-09-18 01:41:03'), 'mag': 6.0}, {'lat': -4.645, 'long': -106.109, 'Time': Timestamp('2008-09-18 02:02:43'), 'mag': 5.2}, {'lat': -4.554, 'long': -105.999, 'Time': Timestamp('2008-09-18 01:41:03'), 'mag': 6.0}, {'lat': -4.645, 'long': -106.109, 'Time': Timestamp('2008-09-18 02:02:43'), 'mag': 5.2}]",4,9
1296,2008-09-22 20:07:53.616,0,[],0,14
1297,2008-10-06 23:21:23.668,1,"[{'lat': 60.718, 'long': -143.7219, 'Time': Timestamp('2008-10-08 09:53:01'), 'mag': 5.2}, {'lat': -12.091, 'long': 166.614, 'Time': Timestamp('2008-10-08 09:15:29'), 'mag': 5.1}, {'lat': -12.091, 'long': 166.614, 'Time': Timestamp('2008-10-08 09:15:29'), 'mag': 5.1}]",3,28
1298,2008-10-05 07:31:52.999,1,"[{'lat': 39.533, 'long': 73.824, 'Time': Timestamp('2008-10-05 15:52:49'), 'mag': 6.7}, {'lat': 39.359, 'long': 73.663, 'Time': Timestamp('2008-10-05 15:55:24'), 'mag': 5.9}, {'lat': 39.508, 'long': 73.888, 'Time': Timestamp('2008-10-05 16:11:10'), 'mag': 5.6}, {'lat': 39.431, 'long': 73.92, 'Time': Timestamp('2008-10-05 18:27:40'), 'mag': 5.1}, {'lat': 39.533, 'long': 73.824, 'Time': Timestamp('2008-10-05 15:52:49'), 'mag': 6.7}, {'lat': 39.359, 'long': 73.663, 'Time': Timestamp('2008-10-05 15:55:24'), 'mag': 5.9}, {'lat': 39.508, 'long': 73.888, 'Time': Timestamp('2008-10-05 16:11:10'), 'mag': 5.6}, {'lat': 39.431, 'long': 73.92, 'Time': Timestamp('2008-10-05 18:27:40'), 'mag': 5.1}, {'lat': 33.886, 'long': 69.47, 'Time': Timestamp('2008-10-05 22:56:28'), 'mag': 6.0}, {'lat': 39.359, 'long': 73.663, 'Time': Timestamp('2008-10-05 15:55:24'), 'mag': 5.9}, {'lat': 33.886, 'long': 69.47, 'Time': Timestamp('2008-10-05 22:56:28'), 'mag': 6.0}, {'lat': -25.903, 'long': 70.513, 'Time': Timestamp('2008-10-05 22:49:23'), 'mag': 5.0}]",12,26
1299,2008-09-30 10:48:25.050,0,[],0,21
1300,2008-09-27 14:07:24.871,0,[],0,18
1301,2008-10-01 17:23:23.964,0,[],0,22
1302,2008-09-17 20:37:24.017,0,[],0,8
1303,2008-10-02 23:51:24.070,1,"[{'lat': -23.014, 'long': 169.704, 'Time': Timestamp('2008-10-03 00:25:26'), 'mag': 5.3}, {'lat': -23.194, 'long': 169.723, 'Time': Timestamp('2008-10-03 00:32:05'), 'mag': 5.3}, {'lat': -22.36, 'long': 171.21, 'Time': Timestamp('2008-10-03 03:40:28'), 'mag': 5.6}, {'lat': -23.014, 'long': 169.704, 'Time': Timestamp('2008-10-03 00:25:26'), 'mag': 5.3}, {'lat': -23.194, 'long': 169.723, 'Time': Timestamp('2008-10-03 00:32:05'), 'mag': 5.3}, {'lat': -22.36, 'long': 171.21, 'Time': Timestamp('2008-10-03 03:40:28'), 'mag': 5.6}]",6,23
1304,2008-10-10 08:01:47.970,1,"[{'lat': 43.372, 'long': 46.254, 'Time': Timestamp('2008-10-11 09:06:10'), 'mag': 5.8}, {'lat': 43.337, 'long': 46.192, 'Time': Timestamp('2008-10-11 09:22:01'), 'mag': 5.3}, {'lat': 43.372, 'long': 46.254, 'Time': Timestamp('2008-10-11 09:06:10'), 'mag': 5.8}, {'lat': 43.337, 'long': 46.192, 'Time': Timestamp('2008-10-11 09:22:01'), 'mag': 5.3}, {'lat': 43.372, 'long': 46.254, 'Time': Timestamp('2008-10-11 09:06:10'), 'mag': 5.8}, {'lat': 43.337, 'long': 46.192, 'Time': Timestamp('2008-10-11 09:22:01'), 'mag': 5.3}]",6,30
1305,2008-10-03 11:18:53.258,1,"[{'lat': -59.34, 'long': -25.903, 'Time': Timestamp('2008-10-04 07:56:52'), 'mag': 5.7}, {'lat': -59.34, 'long': -25.903, 'Time': Timestamp('2008-10-04 07:56:52'), 'mag': 5.7}]",2,23
1306,2008-09-20 14:37:20.511,1,"[{'lat': -16.125, 'long': -73.63, 'Time': Timestamp('2008-09-20 14:43:05'), 'mag': 5.4}, {'lat': -16.125, 'long': -73.63, 'Time': Timestamp('2008-09-20 14:43:05'), 'mag': 5.4}, {'lat': -16.125, 'long': -73.63, 'Time': Timestamp('2008-09-20 14:43:05'), 'mag': 5.4}]",3,10
1307,2008-09-20 13:28:53.685,0,[],0,9
1308,2008-09-19 16:45:53.382,1,"[{'lat': -16.125, 'long': -73.63, 'Time': Timestamp('2008-09-20 14:43:05'), 'mag': 5.4}, {'lat': -16.125, 'long': -73.63, 'Time': Timestamp('2008-09-20 14:43:05'), 'mag': 5.4}, {'lat': -16.125, 'long': -73.63, 'Time': Timestamp('2008-09-20 14:43:05'), 'mag': 5.4}, {'lat': -40.762, 'long': -90.27, 'Time': Timestamp('2008-09-21 03:15:36'), 'mag': 5.1}, {'lat': -40.762, 'long': -90.27, 'Time': Timestamp('2008-09-21 03:15:36'), 'mag': 5.1}, {'lat': 14.393, 'long': -92.098, 'Time': Timestamp('2008-09-20 04:52:26'), 'mag': 5.2}, {'lat': 14.393, 'long': -92.098, 'Time': Timestamp('2008-09-20 04:52:26'), 'mag': 5.2}, {'lat': 14.393, 'long': -92.098, 'Time': Timestamp('2008-09-20 04:52:26'), 'mag': 5.2}]",8,8
1309,2008-09-29 19:59:53.792,1,"[{'lat': -24.2, 'long': -115.236, 'Time': Timestamp('2008-09-30 16:57:12'), 'mag': 5.0}, {'lat': -24.2, 'long': -115.236, 'Time': Timestamp('2008-09-30 16:57:12'), 'mag': 5.0}]",2,18
1310,2008-09-26 23:13:53.845,1,"[{'lat': -15.567, 'long': 167.527, 'Time': Timestamp('2008-09-27 03:29:29'), 'mag': 5.0}, {'lat': -15.567, 'long': 167.527, 'Time': Timestamp('2008-09-27 03:29:29'), 'mag': 5.0}, {'lat': -15.567, 'long': 167.527, 'Time': Timestamp('2008-09-27 03:29:29'), 'mag': 5.0}]",3,15
1311,2008-10-10 09:00:50.992,1,"[{'lat': 43.372, 'long': 46.254, 'Time': Timestamp('2008-10-11 09:06:10'), 'mag': 5.8}, {'lat': 43.337, 'long': 46.192, 'Time': Timestamp('2008-10-11 09:22:01'), 'mag': 5.3}, {'lat': 43.372, 'long': 46.254, 'Time': Timestamp('2008-10-11 09:06:10'), 'mag': 5.8}, {'lat': 43.337, 'long': 46.192, 'Time': Timestamp('2008-10-11 09:22:01'), 'mag': 5.3}, {'lat': 43.372, 'long': 46.254, 'Time': Timestamp('2008-10-11 09:06:10'), 'mag': 5.8}, {'lat': 43.337, 'long': 46.192, 'Time': Timestamp('2008-10-11 09:22:01'), 'mag': 5.3}]",6,28
1312,2008-10-03 12:19:53.259,1,"[{'lat': -59.34, 'long': -25.903, 'Time': Timestamp('2008-10-04 07:56:52'), 'mag': 5.7}]",1,21
1313,2008-09-24 15:37:44.317,0,[],0,12
1314,2008-10-12 18:52:47.920,0,[],0,30
1315,2008-09-21 22:06:18.843,0,[],0,9
1316,2008-09-20 01:20:49.130,0,[],0,7
1317,2008-10-09 06:15:54.401,1,"[{'lat': -36.635, 'long': 79.336, 'Time': Timestamp('2008-10-09 20:20:34'), 'mag': 5.2}, {'lat': -36.635, 'long': 79.336, 'Time': Timestamp('2008-10-09 20:20:34'), 'mag': 5.2}, {'lat': -36.635, 'long': 79.336, 'Time': Timestamp('2008-10-09 20:20:34'), 'mag': 5.2}]",3,26
1318,2008-09-23 09:31:20.703,0,[],0,10
1319,2008-09-21 12:50:23.660,0,[],0,8
1320,2008-10-10 16:07:52.363,1,"[{'lat': 19.161, 'long': -64.833, 'Time': Timestamp('2008-10-11 10:40:14'), 'mag': 6.1}, {'lat': 19.161, 'long': -64.833, 'Time': Timestamp('2008-10-11 10:40:14'), 'mag': 6.1}, {'lat': -41.448, 'long': -88.666, 'Time': Timestamp('2008-10-12 09:03:42'), 'mag': 5.0}, {'lat': -41.448, 'long': -88.666, 'Time': Timestamp('2008-10-12 09:03:42'), 'mag': 5.0}]",4,27
1321,2008-10-02 20:59:23.793,1,"[{'lat': -15.285, 'long': -173.536, 'Time': Timestamp('2008-10-03 08:34:05'), 'mag': 5.2}, {'lat': -15.285, 'long': -173.536, 'Time': Timestamp('2008-10-03 08:34:05'), 'mag': 5.2}, {'lat': -29.832, 'long': -177.602, 'Time': Timestamp('2008-10-04 00:03:49'), 'mag': 5.1}, {'lat': -30.43, 'long': -177.252, 'Time': Timestamp('2008-10-04 14:50:30'), 'mag': 5.3}, {'lat': -29.832, 'long': -177.602, 'Time': Timestamp('2008-10-04 00:03:49'), 'mag': 5.1}, {'lat': -30.43, 'long': -177.252, 'Time': Timestamp('2008-10-04 14:50:30'), 'mag': 5.3}]",6,19
1322,2008-10-13 00:13:24.036,0,[],0,29
1323,2008-09-30 05:07:53.447,0,[],0,16
1324,2008-10-03 08:24:20.185,1,"[{'lat': -1.126, 'long': 29.118, 'Time': Timestamp('2008-10-05 00:02:12'), 'mag': 5.3}, {'lat': -1.126, 'long': 29.118, 'Time': Timestamp('2008-10-05 00:02:12'), 'mag': 5.3}, {'lat': -1.126, 'long': 29.118, 'Time': Timestamp('2008-10-05 00:02:12'), 'mag': 5.3}]",3,19
1325,2008-09-22 11:41:24.034,0,[],0,8
1326,2008-10-09 14:59:50.733,1,"[{'lat': 19.161, 'long': -64.833, 'Time': Timestamp('2008-10-11 10:40:14'), 'mag': 6.1}, {'lat': 19.161, 'long': -64.833, 'Time': Timestamp('2008-10-11 10:40:14'), 'mag': 6.1}, {'lat': 19.161, 'long': -64.833, 'Time': Timestamp('2008-10-11 10:40:14'), 'mag': 6.1}]",3,25
1327,2008-10-08 21:29:22.826,1,"[{'lat': -15.248, 'long': -173.515, 'Time': Timestamp('2008-10-09 23:08:45'), 'mag': 5.6}, {'lat': -21.03, 'long': -174.42, 'Time': Timestamp('2008-10-09 17:49:58'), 'mag': 5.9}, {'lat': -15.248, 'long': -173.515, 'Time': Timestamp('2008-10-09 23:08:45'), 'mag': 5.6}, {'lat': -21.03, 'long': -174.42, 'Time': Timestamp('2008-10-09 17:49:58'), 'mag': 5.9}, {'lat': -15.248, 'long': -173.515, 'Time': Timestamp('2008-10-09 23:08:45'), 'mag': 5.6}, {'lat': -21.03, 'long': -174.42, 'Time': Timestamp('2008-10-09 17:49:58'), 'mag': 5.9}]",6,24
1328,2008-09-23 00:42:52.109,1,"[{'lat': -10.242, 'long': 161.369, 'Time': Timestamp('2008-09-24 06:00:51'), 'mag': 5.2}, {'lat': -14.498, 'long': 167.738, 'Time': Timestamp('2008-09-24 01:36:59'), 'mag': 5.0}, {'lat': -10.242, 'long': 161.369, 'Time': Timestamp('2008-09-24 06:00:51'), 'mag': 5.2}, {'lat': -14.498, 'long': 167.738, 'Time': Timestamp('2008-09-24 01:36:59'), 'mag': 5.0}, {'lat': -10.242, 'long': 161.369, 'Time': Timestamp('2008-09-24 06:00:51'), 'mag': 5.2}, {'lat': -14.498, 'long': 167.738, 'Time': Timestamp('2008-09-24 01:36:59'), 'mag': 5.0}]",6,8
1329,2008-10-09 05:37:55.738,1,"[{'lat': -36.635, 'long': 79.336, 'Time': Timestamp('2008-10-09 20:20:34'), 'mag': 5.2}, {'lat': -36.635, 'long': 79.336, 'Time': Timestamp('2008-10-09 20:20:34'), 'mag': 5.2}, {'lat': -36.635, 'long': 79.336, 'Time': Timestamp('2008-10-09 20:20:34'), 'mag': 5.2}]",3,24
1330,2008-10-07 08:52:50.367,0,[],0,22
1331,2008-10-04 12:11:53.434,0,[],0,19
1332,2008-10-07 15:29:49.917,1,"[{'lat': -37.209, 'long': -95.969, 'Time': Timestamp('2008-10-08 11:51:46'), 'mag': 5.2}, {'lat': -37.209, 'long': -95.969, 'Time': Timestamp('2008-10-08 11:51:46'), 'mag': 5.2}]",2,22
1333,2008-10-08 18:44:50.752,1,"[{'lat': -54.787, 'long': -130.676, 'Time': Timestamp('2008-10-09 01:23:19'), 'mag': 5.3}, {'lat': -54.787, 'long': -130.676, 'Time': Timestamp('2008-10-09 01:23:19'), 'mag': 5.3}]",2,23
1334,2008-10-11 21:57:54.666,1,"[{'lat': -20.169, 'long': -178.255, 'Time': Timestamp('2008-10-12 00:39:53'), 'mag': 5.3}, {'lat': -21.186, 'long': -174.638, 'Time': Timestamp('2008-10-13 12:07:47'), 'mag': 5.0}]",2,26
1335,2008-09-24 01:12:47.978,1,"[{'lat': -10.242, 'long': 161.369, 'Time': Timestamp('2008-09-24 06:00:51'), 'mag': 5.2}, {'lat': -14.498, 'long': 167.738, 'Time': Timestamp('2008-09-24 01:36:59'), 'mag': 5.0}, {'lat': -10.242, 'long': 161.369, 'Time': Timestamp('2008-09-24 06:00:51'), 'mag': 5.2}, {'lat': -10.242, 'long': 161.369, 'Time': Timestamp('2008-09-24 06:00:51'), 'mag': 5.2}]",4,8
1336,2008-09-30 06:07:56.027,0,[],0,14
1337,2008-10-10 09:23:22.208,1,"[{'lat': 43.372, 'long': 46.254, 'Time': Timestamp('2008-10-11 09:06:10'), 'mag': 5.8}, {'lat': 43.337, 'long': 46.192, 'Time': Timestamp('2008-10-11 09:22:01'), 'mag': 5.3}, {'lat': 43.372, 'long': 46.254, 'Time': Timestamp('2008-10-11 09:06:10'), 'mag': 5.8}, {'lat': 43.337, 'long': 46.192, 'Time': Timestamp('2008-10-11 09:22:01'), 'mag': 5.3}, {'lat': 43.372, 'long': 46.254, 'Time': Timestamp('2008-10-11 09:06:10'), 'mag': 5.8}, {'lat': 43.337, 'long': 46.192, 'Time': Timestamp('2008-10-11 09:22:01'), 'mag': 5.3}]",6,24
1338,2008-10-13 15:59:53.979,1,"[{'lat': -15.004, 'long': -71.991, 'Time': Timestamp('2008-10-15 00:17:56'), 'mag': 5.0}, {'lat': -15.004, 'long': -71.991, 'Time': Timestamp('2008-10-15 00:17:56'), 'mag': 5.0}, {'lat': -15.004, 'long': -71.991, 'Time': Timestamp('2008-10-15 00:17:56'), 'mag': 5.0}]",3,27
1339,2008-09-21 19:14:51.376,1,"[{'lat': -55.25, 'long': -136.25, 'Time': Timestamp('2008-09-22 12:36:56'), 'mag': 5.0}, {'lat': -55.25, 'long': -136.25, 'Time': Timestamp('2008-09-22 12:36:56'), 'mag': 5.0}]",2,5
1340,2008-10-10 22:28:23.995,1,"[{'lat': -29.821, 'long': -176.902, 'Time': Timestamp('2008-10-11 12:23:29'), 'mag': 5.5}]",1,24
1341,2008-10-10 01:42:49.596,1,"[{'lat': 21.269, 'long': 144.235, 'Time': Timestamp('2008-10-11 12:12:42'), 'mag': 5.0}]",1,23
1342,2008-10-15 06:37:51.210,0,[],0,28
1343,2008-10-16 09:53:51.722,0,[],0,29
1344,2008-10-08 13:12:53.349,0,[],0,21
1345,2008-10-08 16:29:53.492,0,[],0,21
1346,2008-10-07 19:44:23.768,1,"[{'lat': -54.787, 'long': -130.676, 'Time': Timestamp('2008-10-09 01:23:19'), 'mag': 5.3}, {'lat': -54.787, 'long': -130.676, 'Time': Timestamp('2008-10-09 01:23:19'), 'mag': 5.3}, {'lat': -54.787, 'long': -130.676, 'Time': Timestamp('2008-10-09 01:23:19'), 'mag': 5.3}]",3,20
1347,2008-09-24 22:58:23.509,1,"[{'lat': -17.663, 'long': -178.203, 'Time': Timestamp('2008-09-26 05:48:51'), 'mag': 5.3}, {'lat': -17.663, 'long': -178.203, 'Time': Timestamp('2008-09-26 05:48:51'), 'mag': 5.3}, {'lat': -17.663, 'long': -178.203, 'Time': Timestamp('2008-09-26 05:48:51'), 'mag': 5.3}]",3,7
1348,2008-10-08 08:44:50.655,0,[],0,20
1349,2008-10-15 12:03:53.723,0,[],0,27
1350,2008-10-11 15:21:52.862,1,"[{'lat': -20.123, 'long': -64.971, 'Time': Timestamp('2008-10-12 20:55:41'), 'mag': 6.2}, {'lat': -20.123, 'long': -64.971, 'Time': Timestamp('2008-10-12 20:55:41'), 'mag': 6.2}, {'lat': -20.123, 'long': -64.971, 'Time': Timestamp('2008-10-12 20:55:41'), 'mag': 6.2}, {'lat': -41.448, 'long': -88.666, 'Time': Timestamp('2008-10-12 09:03:42'), 'mag': 5.0}, {'lat': -41.448, 'long': -88.666, 'Time': Timestamp('2008-10-12 09:03:42'), 'mag': 5.0}]",5,23
1351,2008-10-09 18:37:19.712,0,[],0,21
1352,2008-10-01 21:49:54.954,1,"[{'lat': -15.285, 'long': -173.536, 'Time': Timestamp('2008-10-03 08:34:05'), 'mag': 5.2}, {'lat': -20.039, 'long': -174.374, 'Time': Timestamp('2008-10-02 04:16:04'), 'mag': 5.1}, {'lat': -15.285, 'long': -173.536, 'Time': Timestamp('2008-10-03 08:34:05'), 'mag': 5.2}, {'lat': -20.039, 'long': -174.374, 'Time': Timestamp('2008-10-02 04:16:04'), 'mag': 5.1}, {'lat': -30.781, 'long': -178.133, 'Time': Timestamp('2008-10-02 13:03:08'), 'mag': 5.4}, {'lat': -15.285, 'long': -173.536, 'Time': Timestamp('2008-10-03 08:34:05'), 'mag': 5.2}, {'lat': -23.019, 'long': 169.861, 'Time': Timestamp('2008-10-02 23:28:09'), 'mag': 5.8}, {'lat': -23.014, 'long': 169.704, 'Time': Timestamp('2008-10-03 00:25:26'), 'mag': 5.3}, {'lat': -23.194, 'long': 169.723, 'Time': Timestamp('2008-10-03 00:32:05'), 'mag': 5.3}, {'lat': -22.36, 'long': 171.21, 'Time': Timestamp('2008-10-03 03:40:28'), 'mag': 5.6}]",10,13
1353,2008-10-03 01:04:53.936,0,[],0,14
1354,2008-09-30 05:59:59.084,0,[],0,11
1355,2008-10-06 09:15:21.057,0,[],0,17
1356,2008-10-11 12:34:23.124,0,[],0,22
1357,2008-10-05 15:52:21.828,1,"[{'lat': -18.398, 'long': -68.931, 'Time': Timestamp('2008-10-06 00:18:28'), 'mag': 5.0}, {'lat': -18.398, 'long': -68.931, 'Time': Timestamp('2008-10-06 00:18:28'), 'mag': 5.0}]",2,16
1358,2008-10-05 19:06:50.553,1,"[{'lat': -56.086, 'long': -143.789, 'Time': Timestamp('2008-10-07 00:31:42'), 'mag': 5.0}, {'lat': -56.34, 'long': -143.453, 'Time': Timestamp('2008-10-07 03:07:20'), 'mag': 5.0}, {'lat': -56.086, 'long': -143.789, 'Time': Timestamp('2008-10-07 00:31:42'), 'mag': 5.0}, {'lat': -56.34, 'long': -143.453, 'Time': Timestamp('2008-10-07 03:07:20'), 'mag': 5.0}, {'lat': -56.086, 'long': -143.789, 'Time': Timestamp('2008-10-07 00:31:42'), 'mag': 5.0}, {'lat': -56.34, 'long': -143.453, 'Time': Timestamp('2008-10-07 03:07:20'), 'mag': 5.0}]",6,16
1359,2008-09-26 22:20:51.365,1,"[{'lat': -15.567, 'long': 167.527, 'Time': Timestamp('2008-09-27 03:29:29'), 'mag': 5.0}, {'lat': -15.567, 'long': 167.527, 'Time': Timestamp('2008-09-27 03:29:29'), 'mag': 5.0}]",2,7
1360,2008-10-11 01:34:51.652,1,"[{'lat': 21.269, 'long': 144.235, 'Time': Timestamp('2008-10-11 12:12:42'), 'mag': 5.0}, {'lat': 21.269, 'long': 144.235, 'Time': Timestamp('2008-10-11 12:12:42'), 'mag': 5.0}, {'lat': 11.597, 'long': 141.07, 'Time': Timestamp('2008-10-12 06:33:33'), 'mag': 5.1}, {'lat': 11.597, 'long': 141.07, 'Time': Timestamp('2008-10-12 06:33:33'), 'mag': 5.1}, {'lat': 11.597, 'long': 141.07, 'Time': Timestamp('2008-10-12 06:33:33'), 'mag': 5.1}]",5,21
1361,2008-09-25 06:30:24.266,1,"[{'lat': 27.33, 'long': 56.79, 'Time': Timestamp('2008-09-26 15:52:21'), 'mag': 5.1}, {'lat': 27.33, 'long': 56.79, 'Time': Timestamp('2008-09-26 15:52:21'), 'mag': 5.1}, {'lat': 27.33, 'long': 56.79, 'Time': Timestamp('2008-09-26 15:52:21'), 'mag': 5.1}, {'lat': 3.074, 'long': 65.316, 'Time': Timestamp('2008-09-26 18:46:18'), 'mag': 5.7}, {'lat': 3.074, 'long': 65.316, 'Time': Timestamp('2008-09-26 18:46:18'), 'mag': 5.7}, {'lat': 3.074, 'long': 65.316, 'Time': Timestamp('2008-09-26 18:46:18'), 'mag': 5.7}]",6,5
1362,2008-10-05 11:25:23.498,0,[],0,15
1363,2008-10-16 14:43:50.863,0,[],0,26
1364,2008-10-17 17:59:54.911,0,[],0,27
1365,2008-09-30 21:10:51.739,1,"[{'lat': -20.039, 'long': -174.374, 'Time': Timestamp('2008-10-02 04:16:04'), 'mag': 5.1}, {'lat': -20.039, 'long': -174.374, 'Time': Timestamp('2008-10-02 04:16:04'), 'mag': 5.1}, {'lat': -29.997, 'long': -177.476, 'Time': Timestamp('2008-10-01 03:03:24'), 'mag': 5.0}, {'lat': -20.039, 'long': -174.374, 'Time': Timestamp('2008-10-02 04:16:04'), 'mag': 5.1}, {'lat': -30.781, 'long': -178.133, 'Time': Timestamp('2008-10-02 13:03:08'), 'mag': 5.4}, {'lat': -32.84, 'long': -178.383, 'Time': Timestamp('2008-10-02 17:00:58'), 'mag': 5.0}, {'lat': -29.997, 'long': -177.476, 'Time': Timestamp('2008-10-01 03:03:24'), 'mag': 5.0}, {'lat': -30.781, 'long': -178.133, 'Time': Timestamp('2008-10-02 13:03:08'), 'mag': 5.4}, {'lat': -32.84, 'long': -178.383, 'Time': Timestamp('2008-10-02 17:00:58'), 'mag': 5.0}, {'lat': -32.84, 'long': -178.383, 'Time': Timestamp('2008-10-02 17:00:58'), 'mag': 5.0}]",10,10
1366,2008-10-13 00:27:15.710,0,[],0,22
1367,2008-09-30 08:38:55.040,0,[],0,9
1368,2008-10-16 11:55:53.899,0,[],0,25
1369,2008-10-01 15:14:23.038,1,"[{'lat': 7.517, 'long': -36.758, 'Time': Timestamp('2008-10-03 05:26:20'), 'mag': 5.7}, {'lat': 7.561, 'long': -36.882, 'Time': Timestamp('2008-10-03 05:30:24'), 'mag': 5.6}, {'lat': 7.517, 'long': -36.758, 'Time': Timestamp('2008-10-03 05:26:20'), 'mag': 5.7}, {'lat': 7.561, 'long': -36.882, 'Time': Timestamp('2008-10-03 05:30:24'), 'mag': 5.6}, {'lat': -35.018, 'long': -70.726, 'Time': Timestamp('2008-10-01 17:03:46'), 'mag': 5.2}]",5,10
1370,2008-10-04 18:29:24.007,0,[],0,13
1371,2008-10-19 21:42:25.131,1,"[{'lat': -34.077, 'long': 179.205, 'Time': Timestamp('2008-10-20 01:27:31'), 'mag': 5.0}]",1,28
1372,2008-10-03 00:57:21.974,0,[],0,11
1373,2008-10-06 05:52:24.164,1,"[{'lat': 29.807, 'long': 90.35, 'Time': Timestamp('2008-10-06 08:30:45'), 'mag': 6.3}, {'lat': 29.752, 'long': 90.461, 'Time': Timestamp('2008-10-06 08:45:10'), 'mag': 5.0}, {'lat': 29.806, 'long': 90.42, 'Time': Timestamp('2008-10-06 10:17:11'), 'mag': 5.1}, {'lat': 29.653, 'long': 90.32, 'Time': Timestamp('2008-10-06 12:10:33'), 'mag': 5.2}, {'lat': 29.807, 'long': 90.35, 'Time': Timestamp('2008-10-06 08:30:45'), 'mag': 6.3}, {'lat': 29.752, 'long': 90.461, 'Time': Timestamp('2008-10-06 08:45:10'), 'mag': 5.0}, {'lat': 29.806, 'long': 90.42, 'Time': Timestamp('2008-10-06 10:17:11'), 'mag': 5.1}, {'lat': 29.653, 'long': 90.32, 'Time': Timestamp('2008-10-06 12:10:33'), 'mag': 5.2}, {'lat': 29.807, 'long': 90.35, 'Time': Timestamp('2008-10-06 08:30:45'), 'mag': 6.3}, {'lat': 29.752, 'long': 90.461, 'Time': Timestamp('2008-10-06 08:45:10'), 'mag': 5.0}, {'lat': 29.806, 'long': 90.42, 'Time': Timestamp('2008-10-06 10:17:11'), 'mag': 5.1}, {'lat': 29.653, 'long': 90.32, 'Time': Timestamp('2008-10-06 12:10:33'), 'mag': 5.2}, {'lat': 5.42, 'long': 94.534, 'Time': Timestamp('2008-10-06 12:43:59'), 'mag': 5.0}, {'lat': 5.42, 'long': 94.534, 'Time': Timestamp('2008-10-06 12:43:59'), 'mag': 5.0}, {'lat': 5.42, 'long': 94.534, 'Time': Timestamp('2008-10-06 12:43:59'), 'mag': 5.0}]",15,14
1374,2008-09-27 09:07:20.233,0,[],0,5
1375,2008-10-11 12:26:23.301,0,[],0,19
1376,2008-10-03 15:44:17.238,1,"[{'lat': 21.339, 'long': -45.731, 'Time': Timestamp('2008-10-04 05:41:52'), 'mag': 5.3}, {'lat': 21.339, 'long': -45.731, 'Time': Timestamp('2008-10-04 05:41:52'), 'mag': 5.3}, {'lat': 21.339, 'long': -45.731, 'Time': Timestamp('2008-10-04 05:41:52'), 'mag': 5.3}, {'lat': -38.885, 'long': -91.23, 'Time': Timestamp('2008-10-04 11:47:05'), 'mag': 5.5}, {'lat': -38.885, 'long': -91.23, 'Time': Timestamp('2008-10-04 11:47:05'), 'mag': 5.5}, {'lat': -38.885, 'long': -91.23, 'Time': Timestamp('2008-10-04 11:47:05'), 'mag': 5.5}]",6,11
1377,2008-10-20 18:59:23.408,0,[],0,28
1378,2008-10-09 22:12:53.092,0,[],0,17
1379,2008-10-21 01:27:20.500,1,"[{'lat': -3.61, 'long': 149.574, 'Time': Timestamp('2008-10-21 05:02:58'), 'mag': 5.2}, {'lat': -7.171, 'long': 155.049, 'Time': Timestamp('2008-10-22 04:51:46'), 'mag': 5.3}, {'lat': -3.61, 'long': 149.574, 'Time': Timestamp('2008-10-21 05:02:58'), 'mag': 5.2}, {'lat': -7.171, 'long': 155.049, 'Time': Timestamp('2008-10-22 04:51:46'), 'mag': 5.3}, {'lat': -7.171, 'long': 155.049, 'Time': Timestamp('2008-10-22 04:51:46'), 'mag': 5.3}, {'lat': 41.985, 'long': 131.321, 'Time': Timestamp('2008-10-22 16:18:36'), 'mag': 5.0}, {'lat': 28.852, 'long': 130.04, 'Time': Timestamp('2008-10-22 00:39:28'), 'mag': 5.0}, {'lat': 41.985, 'long': 131.321, 'Time': Timestamp('2008-10-22 16:18:36'), 'mag': 5.0}, {'lat': 28.852, 'long': 130.04, 'Time': Timestamp('2008-10-22 00:39:28'), 'mag': 5.0}, {'lat': -7.47, 'long': 127.732, 'Time': Timestamp('2008-10-21 13:00:48'), 'mag': 5.6}, {'lat': -7.47, 'long': 127.732, 'Time': Timestamp('2008-10-21 13:00:48'), 'mag': 5.6}, {'lat': -7.47, 'long': 127.732, 'Time': Timestamp('2008-10-21 13:00:48'), 'mag': 5.6}]",12,28
1380,2008-10-18 04:44:23.087,1,"[{'lat': -6.058, 'long': 104.751, 'Time': Timestamp('2008-10-18 18:41:32'), 'mag': 5.1}, {'lat': -6.058, 'long': 104.751, 'Time': Timestamp('2008-10-18 18:41:32'), 'mag': 5.1}]",2,25
1381,2008-10-05 08:00:51.155,1,"[{'lat': 39.533, 'long': 73.824, 'Time': Timestamp('2008-10-05 15:52:49'), 'mag': 6.7}, {'lat': 39.359, 'long': 73.663, 'Time': Timestamp('2008-10-05 15:55:24'), 'mag': 5.9}, {'lat': 39.508, 'long': 73.888, 'Time': Timestamp('2008-10-05 16:11:10'), 'mag': 5.6}, {'lat': 39.431, 'long': 73.92, 'Time': Timestamp('2008-10-05 18:27:40'), 'mag': 5.1}, {'lat': 33.886, 'long': 69.47, 'Time': Timestamp('2008-10-05 22:56:28'), 'mag': 6.0}, {'lat': 39.533, 'long': 73.824, 'Time': Timestamp('2008-10-05 15:52:49'), 'mag': 6.7}, {'lat': 39.359, 'long': 73.663, 'Time': Timestamp('2008-10-05 15:55:24'), 'mag': 5.9}, {'lat': 39.508, 'long': 73.888, 'Time': Timestamp('2008-10-05 16:11:10'), 'mag': 5.6}, {'lat': 39.431, 'long': 73.92, 'Time': Timestamp('2008-10-05 18:27:40'), 'mag': 5.1}, {'lat': 33.886, 'long': 69.47, 'Time': Timestamp('2008-10-05 22:56:28'), 'mag': 6.0}, {'lat': 33.886, 'long': 69.47, 'Time': Timestamp('2008-10-05 22:56:28'), 'mag': 6.0}]",11,12
1382,2008-09-28 11:17:23.675,1,"[{'lat': 71.325, 'long': -3.882, 'Time': Timestamp('2008-09-28 22:20:21'), 'mag': 5.5}, {'lat': 71.355, 'long': -4.202, 'Time': Timestamp('2008-09-29 19:20:22'), 'mag': 5.0}]",2,5
1383,2008-10-08 14:35:52.256,0,[],0,15
1384,2008-10-08 17:51:52.320,1,"[{'lat': -54.787, 'long': -130.676, 'Time': Timestamp('2008-10-09 01:23:19'), 'mag': 5.3}, {'lat': -54.787, 'long': -130.676, 'Time': Timestamp('2008-10-09 01:23:19'), 'mag': 5.3}]",2,15
1385,2008-10-02 21:04:56.123,1,"[{'lat': -15.285, 'long': -173.536, 'Time': Timestamp('2008-10-03 08:34:05'), 'mag': 5.2}, {'lat': -15.285, 'long': -173.536, 'Time': Timestamp('2008-10-03 08:34:05'), 'mag': 5.2}, {'lat': -29.832, 'long': -177.602, 'Time': Timestamp('2008-10-04 00:03:49'), 'mag': 5.1}, {'lat': -30.43, 'long': -177.252, 'Time': Timestamp('2008-10-04 14:50:30'), 'mag': 5.3}, {'lat': -29.832, 'long': -177.602, 'Time': Timestamp('2008-10-04 00:03:49'), 'mag': 5.1}, {'lat': -30.43, 'long': -177.252, 'Time': Timestamp('2008-10-04 14:50:30'), 'mag': 5.3}, {'lat': -30.43, 'long': -177.252, 'Time': Timestamp('2008-10-04 14:50:30'), 'mag': 5.3}]",7,9
1386,2008-10-23 00:19:45.886,1,"[{'lat': -19.213, 'long': 169.239, 'Time': Timestamp('2008-10-23 14:44:10'), 'mag': 5.1}, {'lat': -19.213, 'long': 169.239, 'Time': Timestamp('2008-10-23 14:44:10'), 'mag': 5.1}, {'lat': -19.213, 'long': 169.239, 'Time': Timestamp('2008-10-23 14:44:10'), 'mag': 5.1}, {'lat': -2.635, 'long': 145.574, 'Time': Timestamp('2008-10-23 10:04:35'), 'mag': 6.3}, {'lat': -2.641, 'long': 145.903, 'Time': Timestamp('2008-10-23 11:15:28'), 'mag': 5.3}, {'lat': -2.635, 'long': 145.574, 'Time': Timestamp('2008-10-23 10:04:35'), 'mag': 6.3}, {'lat': -2.641, 'long': 145.903, 'Time': Timestamp('2008-10-23 11:15:28'), 'mag': 5.3}]",7,29
1387,2008-10-17 05:14:23.489,1,"[{'lat': -6.058, 'long': 104.751, 'Time': Timestamp('2008-10-18 18:41:32'), 'mag': 5.1}, {'lat': -6.058, 'long': 104.751, 'Time': Timestamp('2008-10-18 18:41:32'), 'mag': 5.1}]",2,23
1388,2008-10-08 08:30:51.120,0,[],0,14
1389,2008-10-10 11:47:53.235,0,[],0,16
1390,2008-10-18 15:06:20.934,0,[],0,24
1391,2008-10-04 21:34:21.699,1,"[{'lat': -15.303, 'long': -177.114, 'Time': Timestamp('2008-10-06 20:56:29'), 'mag': 5.2}, {'lat': -15.303, 'long': -177.114, 'Time': Timestamp('2008-10-06 20:56:29'), 'mag': 5.2}, {'lat': -30.184, 'long': -177.176, 'Time': Timestamp('2008-10-05 09:12:36'), 'mag': 6.1}, {'lat': -30.607, 'long': -176.926, 'Time': Timestamp('2008-10-05 10:44:59'), 'mag': 5.4}, {'lat': -31.164, 'long': -177.57, 'Time': Timestamp('2008-10-05 14:09:49'), 'mag': 5.2}, {'lat': -30.275, 'long': -176.952, 'Time': Timestamp('2008-10-06 02:01:05'), 'mag': 5.1}, {'lat': -15.303, 'long': -177.114, 'Time': Timestamp('2008-10-06 20:56:29'), 'mag': 5.2}, {'lat': -30.184, 'long': -177.176, 'Time': Timestamp('2008-10-05 09:12:36'), 'mag': 6.1}, {'lat': -30.607, 'long': -176.926, 'Time': Timestamp('2008-10-05 10:44:59'), 'mag': 5.4}, {'lat': -31.164, 'long': -177.57, 'Time': Timestamp('2008-10-05 14:09:49'), 'mag': 5.2}, {'lat': -30.275, 'long': -176.952, 'Time': Timestamp('2008-10-06 02:01:05'), 'mag': 5.1}, {'lat': -30.184, 'long': -177.176, 'Time': Timestamp('2008-10-05 09:12:36'), 'mag': 6.1}, {'lat': -30.607, 'long': -176.926, 'Time': Timestamp('2008-10-05 10:44:59'), 'mag': 5.4}, {'lat': -31.164, 'long': -177.57, 'Time': Timestamp('2008-10-05 14:09:49'), 'mag': 5.2}, {'lat': -30.275, 'long': -176.952, 'Time': Timestamp('2008-10-06 02:01:05'), 'mag': 5.1}]",15,10
1392,2008-10-21 00:49:18.214,1,"[{'lat': -7.171, 'long': 155.049, 'Time': Timestamp('2008-10-22 04:51:46'), 'mag': 5.3}, {'lat': -7.171, 'long': 155.049, 'Time': Timestamp('2008-10-22 04:51:46'), 'mag': 5.3}, {'lat': -7.171, 'long': 155.049, 'Time': Timestamp('2008-10-22 04:51:46'), 'mag': 5.3}, {'lat': -3.61, 'long': 149.574, 'Time': Timestamp('2008-10-21 05:02:58'), 'mag': 5.2}, {'lat': -3.61, 'long': 149.574, 'Time': Timestamp('2008-10-21 05:02:58'), 'mag': 5.2}, {'lat': -7.47, 'long': 127.732, 'Time': Timestamp('2008-10-21 13:00:48'), 'mag': 5.6}]",6,26
1393,2008-10-04 05:44:25.940,1,"[{'lat': 39.533, 'long': 73.824, 'Time': Timestamp('2008-10-05 15:52:49'), 'mag': 6.7}, {'lat': 39.359, 'long': 73.663, 'Time': Timestamp('2008-10-05 15:55:24'), 'mag': 5.9}, {'lat': 39.508, 'long': 73.888, 'Time': Timestamp('2008-10-05 16:11:10'), 'mag': 5.6}, {'lat': 39.431, 'long': 73.92, 'Time': Timestamp('2008-10-05 18:27:40'), 'mag': 5.1}, {'lat': 33.886, 'long': 69.47, 'Time': Timestamp('2008-10-05 22:56:28'), 'mag': 6.0}, {'lat': 39.533, 'long': 73.824, 'Time': Timestamp('2008-10-05 15:52:49'), 'mag': 6.7}, {'lat': 39.359, 'long': 73.663, 'Time': Timestamp('2008-10-05 15:55:24'), 'mag': 5.9}, {'lat': 39.508, 'long': 73.888, 'Time': Timestamp('2008-10-05 16:11:10'), 'mag': 5.6}, {'lat': 39.431, 'long': 73.92, 'Time': Timestamp('2008-10-05 18:27:40'), 'mag': 5.1}, {'lat': 33.886, 'long': 69.47, 'Time': Timestamp('2008-10-05 22:56:28'), 'mag': 6.0}, {'lat': 33.886, 'long': 69.47, 'Time': Timestamp('2008-10-05 22:56:28'), 'mag': 6.0}, {'lat': -25.903, 'long': 70.513, 'Time': Timestamp('2008-10-05 22:49:23'), 'mag': 5.0}, {'lat': -25.903, 'long': 70.513, 'Time': Timestamp('2008-10-05 22:49:23'), 'mag': 5.0}, {'lat': -25.903, 'long': 70.513, 'Time': Timestamp('2008-10-05 22:49:23'), 'mag': 5.0}]",14,9
1394,2008-10-15 08:59:20.569,0,[],0,20
1395,2008-10-17 12:18:23.636,1,"[{'lat': -55.94, 'long': -28.186, 'Time': Timestamp('2008-10-19 02:56:14'), 'mag': 5.1}, {'lat': -55.94, 'long': -28.186, 'Time': Timestamp('2008-10-19 02:56:14'), 'mag': 5.1}]",2,22
1396,2008-10-17 15:36:18.791,0,[],0,22
1397,2008-10-08 18:51:23.743,1,"[{'lat': -54.787, 'long': -130.676, 'Time': Timestamp('2008-10-09 01:23:19'), 'mag': 5.3}, {'lat': -54.787, 'long': -130.676, 'Time': Timestamp('2008-10-09 01:23:19'), 'mag': 5.3}]",2,13
1398,2008-10-10 07:52:55.921,1,"[{'lat': 43.372, 'long': 46.254, 'Time': Timestamp('2008-10-11 09:06:10'), 'mag': 5.8}, {'lat': 43.337, 'long': 46.192, 'Time': Timestamp('2008-10-11 09:22:01'), 'mag': 5.3}, {'lat': 43.372, 'long': 46.254, 'Time': Timestamp('2008-10-11 09:06:10'), 'mag': 5.8}, {'lat': 43.337, 'long': 46.192, 'Time': Timestamp('2008-10-11 09:22:01'), 'mag': 5.3}, {'lat': 43.372, 'long': 46.254, 'Time': Timestamp('2008-10-11 09:06:10'), 'mag': 5.8}, {'lat': 43.337, 'long': 46.192, 'Time': Timestamp('2008-10-11 09:22:01'), 'mag': 5.3}]",6,14
1399,2008-10-13 17:44:24.424,0,[],0,17
1400,2008-10-23 20:56:55.347,1,"[{'lat': -18.022, 'long': -176.736, 'Time': Timestamp('2008-10-23 23:36:11'), 'mag': 5.1}, {'lat': -26.577, 'long': -177.43, 'Time': Timestamp('2008-10-24 00:26:10'), 'mag': 5.2}]",2,27
1401,2008-10-05 00:11:53.413,0,[],0,8
1402,2008-10-03 08:21:19.451,1,"[{'lat': -1.126, 'long': 29.118, 'Time': Timestamp('2008-10-05 00:02:12'), 'mag': 5.3}, {'lat': -1.126, 'long': 29.118, 'Time': Timestamp('2008-10-05 00:02:12'), 'mag': 5.3}]",2,6
1403,2008-10-07 11:39:53.411,0,[],0,10
1404,2008-10-27 14:58:22.439,1,"[{'lat': -27.236, 'long': -69.322, 'Time': Timestamp('2008-10-27 19:08:17'), 'mag': 5.1}, {'lat': -27.236, 'long': -69.322, 'Time': Timestamp('2008-10-27 19:08:17'), 'mag': 5.1}]",2,30
1405,2008-10-08 18:13:52.057,1,"[{'lat': -54.787, 'long': -130.676, 'Time': Timestamp('2008-10-09 01:23:19'), 'mag': 5.3}, {'lat': -54.787, 'long': -130.676, 'Time': Timestamp('2008-10-09 01:23:19'), 'mag': 5.3}, {'lat': -54.787, 'long': -130.676, 'Time': Timestamp('2008-10-09 01:23:19'), 'mag': 5.3}]",3,11
1406,2008-10-08 21:26:51.764,1,"[{'lat': -15.248, 'long': -173.515, 'Time': Timestamp('2008-10-09 23:08:45'), 'mag': 5.6}, {'lat': -21.03, 'long': -174.42, 'Time': Timestamp('2008-10-09 17:49:58'), 'mag': 5.9}, {'lat': -15.248, 'long': -173.515, 'Time': Timestamp('2008-10-09 23:08:45'), 'mag': 5.6}, {'lat': -21.03, 'long': -174.42, 'Time': Timestamp('2008-10-09 17:49:58'), 'mag': 5.9}, {'lat': -15.248, 'long': -173.515, 'Time': Timestamp('2008-10-09 23:08:45'), 'mag': 5.6}]",5,11
1407,2008-10-23 00:41:50.946,1,"[{'lat': -19.213, 'long': 169.239, 'Time': Timestamp('2008-10-23 14:44:10'), 'mag': 5.1}, {'lat': -19.213, 'long': 169.239, 'Time': Timestamp('2008-10-23 14:44:10'), 'mag': 5.1}, {'lat': -19.213, 'long': 169.239, 'Time': Timestamp('2008-10-23 14:44:10'), 'mag': 5.1}, {'lat': -2.635, 'long': 145.574, 'Time': Timestamp('2008-10-23 10:04:35'), 'mag': 6.3}, {'lat': -2.641, 'long': 145.903, 'Time': Timestamp('2008-10-23 11:15:28'), 'mag': 5.3}, {'lat': -2.635, 'long': 145.574, 'Time': Timestamp('2008-10-23 10:04:35'), 'mag': 6.3}, {'lat': -2.641, 'long': 145.903, 'Time': Timestamp('2008-10-23 11:15:28'), 'mag': 5.3}]",7,25
1408,2008-10-15 07:14:57.024,0,[],0,17
1409,2008-10-15 10:30:50.883,0,[],0,17
1410,2008-10-19 13:49:53.840,1,"[{'lat': -60.54, 'long': -51.858, 'Time': Timestamp('2008-10-20 03:39:16'), 'mag': 5.2}, {'lat': -60.54, 'long': -51.858, 'Time': Timestamp('2008-10-20 03:39:16'), 'mag': 5.2}]",2,21
1411,2008-10-18 23:34:23.999,1,"[{'lat': -21.863, 'long': -173.819, 'Time': Timestamp('2008-10-19 05:10:33'), 'mag': 6.9}, {'lat': -21.972, 'long': -173.7, 'Time': Timestamp('2008-10-19 12:55:05'), 'mag': 5.6}, {'lat': -34.077, 'long': 179.205, 'Time': Timestamp('2008-10-20 01:27:31'), 'mag': 5.0}, {'lat': -34.077, 'long': 179.205, 'Time': Timestamp('2008-10-20 01:27:31'), 'mag': 5.0}, {'lat': -3.374, 'long': 150.729, 'Time': Timestamp('2008-10-20 23:15:42'), 'mag': 5.2}, {'lat': -3.374, 'long': 150.729, 'Time': Timestamp('2008-10-20 23:15:42'), 'mag': 5.2}, {'lat': -61.323, 'long': 154.316, 'Time': Timestamp('2008-10-20 03:13:09'), 'mag': 5.3}]",7,20
1412,2008-10-15 07:44:50.555,0,[],0,16
1413,2008-10-06 11:01:21.836,0,[],0,7
1414,2008-10-06 14:20:17.672,0,[],0,7
1415,2008-10-27 17:36:24.600,1,"[{'lat': -35.75, 'long': -104.75, 'Time': Timestamp('2008-10-28 19:59:12'), 'mag': 5.0}, {'lat': -8.986, 'long': -108.281, 'Time': Timestamp('2008-10-28 20:42:42'), 'mag': 5.3}, {'lat': -8.896, 'long': -108.395, 'Time': Timestamp('2008-10-29 01:35:58'), 'mag': 5.7}, {'lat': -8.986, 'long': -108.281, 'Time': Timestamp('2008-10-28 20:42:42'), 'mag': 5.3}, {'lat': -8.896, 'long': -108.395, 'Time': Timestamp('2008-10-29 01:35:58'), 'mag': 5.7}, {'lat': -8.986, 'long': -108.281, 'Time': Timestamp('2008-10-28 20:42:42'), 'mag': 5.3}, {'lat': -8.896, 'long': -108.395, 'Time': Timestamp('2008-10-29 01:35:58'), 'mag': 5.7}]",7,28
1416,2008-10-09 20:50:22.756,1,"[{'lat': -15.248, 'long': -173.515, 'Time': Timestamp('2008-10-09 23:08:45'), 'mag': 5.6}, {'lat': -29.821, 'long': -176.902, 'Time': Timestamp('2008-10-11 12:23:29'), 'mag': 5.5}]",2,10
1417,2008-10-15 00:04:23.590,1,"[{'lat': -16.07, 'long': 166.783, 'Time': Timestamp('2008-10-15 14:28:18'), 'mag': 5.2}, {'lat': -16.07, 'long': 166.783, 'Time': Timestamp('2008-10-15 14:28:18'), 'mag': 5.2}, {'lat': -16.07, 'long': 166.783, 'Time': Timestamp('2008-10-15 14:28:18'), 'mag': 5.2}, {'lat': 14.224, 'long': 145.334, 'Time': Timestamp('2008-10-15 10:52:13'), 'mag': 5.0}, {'lat': 14.224, 'long': 145.334, 'Time': Timestamp('2008-10-15 10:52:13'), 'mag': 5.0}, {'lat': -3.883, 'long': 150.579, 'Time': Timestamp('2008-10-16 23:24:42'), 'mag': 5.1}, {'lat': -3.883, 'long': 150.579, 'Time': Timestamp('2008-10-16 23:24:42'), 'mag': 5.1}]",7,15
1418,2008-10-28 09:52:21.987,0,[],0,28
1419,2008-10-21 13:11:23.615,1,"[{'lat': 0.071, 'long': -17.574, 'Time': Timestamp('2008-10-21 23:04:36'), 'mag': 5.1}, {'lat': 0.071, 'long': -17.574, 'Time': Timestamp('2008-10-21 23:04:36'), 'mag': 5.1}, {'lat': 0.071, 'long': -17.574, 'Time': Timestamp('2008-10-21 23:04:36'), 'mag': 5.1}]",3,21
1420,2008-10-24 16:28:49.662,0,[],0,24
1421,2008-10-24 19:43:23.721,0,[],0,24
1422,2008-10-27 22:56:53.775,1,"[{'lat': -16.793, 'long': 176.597, 'Time': Timestamp('2008-10-27 23:23:34'), 'mag': 5.3}, {'lat': -17.15, 'long': 177.89, 'Time': Timestamp('2008-10-27 23:23:45'), 'mag': 5.3}, {'lat': -16.793, 'long': 176.597, 'Time': Timestamp('2008-10-27 23:23:34'), 'mag': 5.3}]",3,27
1423,2008-10-12 08:45:23.801,1,"[{'lat': 38.85, 'long': 23.62, 'Time': Timestamp('2008-10-14 02:06:34'), 'mag': 5.2}, {'lat': 38.85, 'long': 23.62, 'Time': Timestamp('2008-10-14 02:06:34'), 'mag': 5.2}]",2,11
1424,2008-10-31 12:02:21.131,0,[],0,30
1425,2008-10-18 15:20:50.962,0,[],0,17
1426,2008-10-26 21:49:48.524,0,[],0,25
1427,2008-10-31 01:03:50.898,1,"[{'lat': -3.399, 'long': 148.712, 'Time': Timestamp('2008-11-01 01:13:09'), 'mag': 6.0}, {'lat': -6.676, 'long': 129.227, 'Time': Timestamp('2008-11-01 01:34:26'), 'mag': 5.8}, {'lat': -3.438, 'long': 148.695, 'Time': Timestamp('2008-11-01 01:57:34'), 'mag': 5.3}, {'lat': -3.407, 'long': 148.724, 'Time': Timestamp('2008-11-01 04:07:56'), 'mag': 5.0}, {'lat': -6.676, 'long': 129.227, 'Time': Timestamp('2008-11-01 01:34:26'), 'mag': 5.8}, {'lat': -6.676, 'long': 129.227, 'Time': Timestamp('2008-11-01 01:34:26'), 'mag': 5.8}]",6,29
1428,2008-10-19 05:58:54.417,1,"[{'lat': 35.343, 'long': 91.262, 'Time': Timestamp('2008-10-20 14:26:32'), 'mag': 5.0}, {'lat': 35.343, 'long': 91.262, 'Time': Timestamp('2008-10-20 14:26:32'), 'mag': 5.0}, {'lat': 35.343, 'long': 91.262, 'Time': Timestamp('2008-10-20 14:26:32'), 'mag': 5.0}]",3,17
1429,2008-10-30 09:13:50.485,0,[],0,28
1430,2008-10-20 12:33:23.574,1,"[{'lat': 0.071, 'long': -17.574, 'Time': Timestamp('2008-10-21 23:04:36'), 'mag': 5.1}, {'lat': 0.071, 'long': -17.574, 'Time': Timestamp('2008-10-21 23:04:36'), 'mag': 5.1}]",2,18
1431,2008-10-08 15:50:50.838,0,[],0,6
1432,2008-10-09 19:05:49.674,0,[],0,7
1433,2008-10-27 22:19:23.734,1,"[{'lat': -16.793, 'long': 176.597, 'Time': Timestamp('2008-10-27 23:23:34'), 'mag': 5.3}, {'lat': -17.15, 'long': 177.89, 'Time': Timestamp('2008-10-27 23:23:45'), 'mag': 5.3}, {'lat': -16.793, 'long': 176.597, 'Time': Timestamp('2008-10-27 23:23:34'), 'mag': 5.3}, {'lat': -17.15, 'long': 177.89, 'Time': Timestamp('2008-10-27 23:23:45'), 'mag': 5.3}, {'lat': -16.793, 'long': 176.597, 'Time': Timestamp('2008-10-27 23:23:34'), 'mag': 5.3}, {'lat': -17.15, 'long': 177.89, 'Time': Timestamp('2008-10-27 23:23:45'), 'mag': 5.3}]",6,25
1434,2008-10-28 06:28:50.620,1,"[{'lat': 30.563, 'long': 67.444, 'Time': Timestamp('2008-10-28 22:33:08'), 'mag': 5.3}, {'lat': 30.639, 'long': 67.351, 'Time': Timestamp('2008-10-28 23:09:57'), 'mag': 6.4}, {'lat': 30.598, 'long': 67.455, 'Time': Timestamp('2008-10-29 11:32:43'), 'mag': 6.4}, {'lat': 30.563, 'long': 67.444, 'Time': Timestamp('2008-10-28 22:33:08'), 'mag': 5.3}, {'lat': 30.639, 'long': 67.351, 'Time': Timestamp('2008-10-28 23:09:57'), 'mag': 6.4}, {'lat': 30.598, 'long': 67.455, 'Time': Timestamp('2008-10-29 11:32:43'), 'mag': 6.4}, {'lat': 30.563, 'long': 67.444, 'Time': Timestamp('2008-10-28 22:33:08'), 'mag': 5.3}, {'lat': 30.639, 'long': 67.351, 'Time': Timestamp('2008-10-28 23:09:57'), 'mag': 6.4}, {'lat': 30.598, 'long': 67.455, 'Time': Timestamp('2008-10-29 11:32:43'), 'mag': 6.4}]",9,25
1435,2008-10-17 09:44:23.675,0,[],0,14
1436,2008-11-01 13:03:53.975,0,[],0,29
1437,2008-10-10 16:20:51.238,1,"[{'lat': 19.161, 'long': -64.833, 'Time': Timestamp('2008-10-11 10:40:14'), 'mag': 6.1}, {'lat': 19.161, 'long': -64.833, 'Time': Timestamp('2008-10-11 10:40:14'), 'mag': 6.1}, {'lat': 19.161, 'long': -64.833, 'Time': Timestamp('2008-10-11 10:40:14'), 'mag': 6.1}, {'lat': -41.448, 'long': -88.666, 'Time': Timestamp('2008-10-12 09:03:42'), 'mag': 5.0}]",4,7
1438,2008-11-01 19:35:23.394,0,[],0,29
1439,2008-10-11 22:49:23.135,1,"[{'lat': -21.186, 'long': -174.638, 'Time': Timestamp('2008-10-13 12:07:47'), 'mag': 5.0}, {'lat': -20.169, 'long': -178.255, 'Time': Timestamp('2008-10-12 00:39:53'), 'mag': 5.3}, {'lat': -21.186, 'long': -174.638, 'Time': Timestamp('2008-10-13 12:07:47'), 'mag': 5.0}, {'lat': -20.169, 'long': -178.255, 'Time': Timestamp('2008-10-12 00:39:53'), 'mag': 5.3}, {'lat': -21.186, 'long': -174.638, 'Time': Timestamp('2008-10-13 12:07:47'), 'mag': 5.0}]",5,8
1440,2008-10-31 08:35:50.281,1,"[{'lat': 30.538, 'long': 67.442, 'Time': Timestamp('2008-10-31 23:59:52'), 'mag': 5.1}]",1,27
1441,2008-10-17 11:54:53.349,1,"[{'lat': -55.94, 'long': -28.186, 'Time': Timestamp('2008-10-19 02:56:14'), 'mag': 5.1}]",1,13
1442,2008-10-20 15:12:52.488,1,"[{'lat': 6.781, 'long': -82.356, 'Time': Timestamp('2008-10-22 09:52:17'), 'mag': 5.0}, {'lat': 6.781, 'long': -82.356, 'Time': Timestamp('2008-10-22 09:52:17'), 'mag': 5.0}]",2,16
1443,2008-10-12 18:28:23.456,0,[],0,8
1444,2008-10-29 21:41:53.509,0,[],0,25
1445,2008-10-31 00:55:48.328,1,"[{'lat': 51.705, 'long': -174.423, 'Time': Timestamp('2008-10-31 14:23:02'), 'mag': 5.1}, {'lat': 51.586, 'long': -174.415, 'Time': Timestamp('2008-10-31 22:10:35'), 'mag': 5.3}, {'lat': 51.388, 'long': -174.324, 'Time': Timestamp('2008-10-31 23:05:15'), 'mag': 5.1}, {'lat': 51.442, 'long': -174.454, 'Time': Timestamp('2008-10-31 23:26:39'), 'mag': 5.2}, {'lat': 51.47, 'long': -174.365, 'Time': Timestamp('2008-11-01 23:33:49'), 'mag': 5.0}, {'lat': -3.399, 'long': 148.712, 'Time': Timestamp('2008-11-01 01:13:09'), 'mag': 6.0}, {'lat': -6.676, 'long': 129.227, 'Time': Timestamp('2008-11-01 01:34:26'), 'mag': 5.8}, {'lat': -3.438, 'long': 148.695, 'Time': Timestamp('2008-11-01 01:57:34'), 'mag': 5.3}, {'lat': -3.407, 'long': 148.724, 'Time': Timestamp('2008-11-01 04:07:56'), 'mag': 5.0}, {'lat': -3.42, 'long': 148.873, 'Time': Timestamp('2008-11-01 04:08:59'), 'mag': 5.7}, {'lat': -3.399, 'long': 148.712, 'Time': Timestamp('2008-11-01 01:13:09'), 'mag': 6.0}, {'lat': -6.676, 'long': 129.227, 'Time': Timestamp('2008-11-01 01:34:26'), 'mag': 5.8}, {'lat': -3.438, 'long': 148.695, 'Time': Timestamp('2008-11-01 01:57:34'), 'mag': 5.3}, {'lat': -3.407, 'long': 148.724, 'Time': Timestamp('2008-11-01 04:07:56'), 'mag': 5.0}, {'lat': -3.42, 'long': 148.873, 'Time': Timestamp('2008-11-01 04:08:59'), 'mag': 5.7}, {'lat': -6.676, 'long': 129.227, 'Time': Timestamp('2008-11-01 01:34:26'), 'mag': 5.8}]",16,26
1446,2008-10-18 05:50:54.614,0,[],0,13
1447,2008-11-02 09:05:50.683,0,[],0,28
1448,2008-10-11 12:25:23.750,0,[],0,6
1449,2008-10-17 15:42:49.017,0,[],0,12
1450,2008-10-10 22:11:49.335,0,[],0,5
1451,2008-10-15 01:25:52.278,1,"[{'lat': -3.883, 'long': 150.579, 'Time': Timestamp('2008-10-16 23:24:42'), 'mag': 5.1}, {'lat': -3.883, 'long': 150.579, 'Time': Timestamp('2008-10-16 23:24:42'), 'mag': 5.1}, {'lat': 14.224, 'long': 145.334, 'Time': Timestamp('2008-10-15 10:52:13'), 'mag': 5.0}]",3,9
1452,2008-11-03 06:20:52.125,0,[],0,28
1453,2008-11-03 09:36:16.099,0,[],0,28
1454,2008-11-04 12:55:53.151,1,"[{'lat': 56.812, 'long': -34.138, 'Time': Timestamp('2008-11-06 10:24:22'), 'mag': 5.1}, {'lat': 56.812, 'long': -34.138, 'Time': Timestamp('2008-11-06 10:24:22'), 'mag': 5.1}]",2,29
1455,2008-10-20 16:12:50.415,1,"[{'lat': 6.781, 'long': -82.356, 'Time': Timestamp('2008-10-22 09:52:17'), 'mag': 5.0}, {'lat': 6.781, 'long': -82.356, 'Time': Timestamp('2008-10-22 09:52:17'), 'mag': 5.0}, {'lat': 6.781, 'long': -82.356, 'Time': Timestamp('2008-10-22 09:52:17'), 'mag': 5.0}]",3,14
1456,2008-10-29 19:27:53.258,1,"[{'lat': -9.02, 'long': -108.246, 'Time': Timestamp('2008-10-30 15:15:41'), 'mag': 6.1}, {'lat': -9.02, 'long': -108.246, 'Time': Timestamp('2008-10-30 15:15:41'), 'mag': 6.1}, {'lat': -9.02, 'long': -108.246, 'Time': Timestamp('2008-10-30 15:15:41'), 'mag': 6.1}]",3,23
1457,2008-11-05 22:41:23.311,1,"[{'lat': -29.855, 'long': -177.441, 'Time': Timestamp('2008-11-06 09:11:05'), 'mag': 5.9}, {'lat': -29.855, 'long': -177.441, 'Time': Timestamp('2008-11-06 09:11:05'), 'mag': 5.9}, {'lat': -29.855, 'long': -177.441, 'Time': Timestamp('2008-11-06 09:11:05'), 'mag': 5.9}, {'lat': -18.609, 'long': 169.063, 'Time': Timestamp('2008-11-06 22:44:42'), 'mag': 5.1}, {'lat': -14.829, 'long': 168.032, 'Time': Timestamp('2008-11-07 07:19:35'), 'mag': 6.4}, {'lat': -14.793, 'long': 168.09, 'Time': Timestamp('2008-11-07 07:23:00'), 'mag': 5.0}, {'lat': -14.946, 'long': 167.94, 'Time': Timestamp('2008-11-07 07:35:45'), 'mag': 5.7}, {'lat': -14.945, 'long': 168.079, 'Time': Timestamp('2008-11-07 07:45:52'), 'mag': 5.2}, {'lat': -14.79, 'long': 167.945, 'Time': Timestamp('2008-11-07 09:26:43'), 'mag': 5.0}, {'lat': -14.924, 'long': 168.12, 'Time': Timestamp('2008-11-07 09:40:00'), 'mag': 5.5}, {'lat': -15.022, 'long': 167.817, 'Time': Timestamp('2008-11-07 12:07:24'), 'mag': 5.0}, {'lat': -18.609, 'long': 169.063, 'Time': Timestamp('2008-11-06 22:44:42'), 'mag': 5.1}, {'lat': -14.829, 'long': 168.032, 'Time': Timestamp('2008-11-07 07:19:35'), 'mag': 6.4}, {'lat': -14.793, 'long': 168.09, 'Time': Timestamp('2008-11-07 07:23:00'), 'mag': 5.0}, {'lat': -14.946, 'long': 167.94, 'Time': Timestamp('2008-11-07 07:35:45'), 'mag': 5.7}, {'lat': -14.945, 'long': 168.079, 'Time': Timestamp('2008-11-07 07:45:52'), 'mag': 5.2}, {'lat': -14.79, 'long': 167.945, 'Time': Timestamp('2008-11-07 09:26:43'), 'mag': 5.0}, {'lat': -14.924, 'long': 168.12, 'Time': Timestamp('2008-11-07 09:40:00'), 'mag': 5.5}, {'lat': -15.022, 'long': 167.817, 'Time': Timestamp('2008-11-07 12:07:24'), 'mag': 5.0}, {'lat': -18.609, 'long': 169.063, 'Time': Timestamp('2008-11-06 22:44:42'), 'mag': 5.1}, {'lat': -14.829, 'long': 168.032, 'Time': Timestamp('2008-11-07 07:19:35'), 'mag': 6.4}, {'lat': -14.793, 'long': 168.09, 'Time': Timestamp('2008-11-07 07:23:00'), 'mag': 5.0}, {'lat': -14.946, 'long': 167.94, 'Time': Timestamp('2008-11-07 07:35:45'), 'mag': 5.7}, {'lat': -14.945, 'long': 168.079, 'Time': Timestamp('2008-11-07 07:45:52'), 'mag': 5.2}, {'lat': -14.79, 'long': 167.945, 'Time': Timestamp('2008-11-07 09:26:43'), 'mag': 5.0}, {'lat': -14.924, 'long': 168.12, 'Time': Timestamp('2008-11-07 09:40:00'), 'mag': 5.5}, {'lat': -15.022, 'long': 167.817, 'Time': Timestamp('2008-11-07 12:07:24'), 'mag': 5.0}]",27,30
1458,2008-10-19 01:55:50.898,1,"[{'lat': -3.557, 'long': 139.999, 'Time': Timestamp('2008-10-19 23:29:14'), 'mag': 5.0}, {'lat': -3.374, 'long': 150.729, 'Time': Timestamp('2008-10-20 23:15:42'), 'mag': 5.2}, {'lat': -3.557, 'long': 139.999, 'Time': Timestamp('2008-10-19 23:29:14'), 'mag': 5.0}, {'lat': -3.374, 'long': 150.729, 'Time': Timestamp('2008-10-20 23:15:42'), 'mag': 5.2}, {'lat': 32.266, 'long': 139.987, 'Time': Timestamp('2008-10-20 15:51:23'), 'mag': 5.0}, {'lat': 32.266, 'long': 139.987, 'Time': Timestamp('2008-10-20 15:51:23'), 'mag': 5.0}, {'lat': 32.266, 'long': 139.987, 'Time': Timestamp('2008-10-20 15:51:23'), 'mag': 5.0}, {'lat': 0.109, 'long': 120.681, 'Time': Timestamp('2008-10-20 04:54:19'), 'mag': 5.9}, {'lat': 0.109, 'long': 120.681, 'Time': Timestamp('2008-10-20 04:54:19'), 'mag': 5.9}]",9,12
1459,2008-10-16 06:50:54.416,0,[],0,9
1460,2008-10-13 10:06:51.924,1,"[{'lat': 38.85, 'long': 23.62, 'Time': Timestamp('2008-10-14 02:06:34'), 'mag': 5.2}]",1,6
1461,2008-10-16 13:26:23.552,0,[],0,9
1462,2008-10-27 16:42:54.577,1,"[{'lat': -27.236, 'long': -69.322, 'Time': Timestamp('2008-10-27 19:08:17'), 'mag': 5.1}, {'lat': -27.236, 'long': -69.322, 'Time': Timestamp('2008-10-27 19:08:17'), 'mag': 5.1}, {'lat': -8.986, 'long': -108.281, 'Time': Timestamp('2008-10-28 20:42:42'), 'mag': 5.3}, {'lat': -8.896, 'long': -108.395, 'Time': Timestamp('2008-10-29 01:35:58'), 'mag': 5.7}, {'lat': -8.986, 'long': -108.281, 'Time': Timestamp('2008-10-28 20:42:42'), 'mag': 5.3}, {'lat': -8.896, 'long': -108.395, 'Time': Timestamp('2008-10-29 01:35:58'), 'mag': 5.7}, {'lat': -35.75, 'long': -104.75, 'Time': Timestamp('2008-10-28 19:59:12'), 'mag': 5.0}, {'lat': -35.75, 'long': -104.75, 'Time': Timestamp('2008-10-28 19:59:12'), 'mag': 5.0}, {'lat': -35.75, 'long': -104.75, 'Time': Timestamp('2008-10-28 19:59:12'), 'mag': 5.0}]",9,20
1463,2008-10-14 19:57:23.659,1,"[{'lat': -62.46, 'long': -160.41, 'Time': Timestamp('2008-10-16 00:29:37'), 'mag': 5.1}, {'lat': -62.46, 'long': -160.41, 'Time': Timestamp('2008-10-16 00:29:37'), 'mag': 5.1}]",2,7
1464,2008-10-26 23:11:23.712,1,"[{'lat': 54.345, 'long': 169.048, 'Time': Timestamp('2008-10-27 21:26:06'), 'mag': 5.4}, {'lat': -14.635, 'long': 167.183, 'Time': Timestamp('2008-10-27 05:43:50'), 'mag': 5.6}, {'lat': -14.635, 'long': 167.183, 'Time': Timestamp('2008-10-27 05:43:50'), 'mag': 5.6}, {'lat': -14.635, 'long': 167.183, 'Time': Timestamp('2008-10-27 05:43:50'), 'mag': 5.6}]",4,19
1465,2008-10-16 13:14:22.629,0,[],0,6
1466,2008-10-22 16:35:20.027,0,[],0,12
1467,2008-10-17 19:49:53.975,1,"[{'lat': -21.061, 'long': -113.815, 'Time': Timestamp('2008-10-19 18:58:59'), 'mag': 5.0}, {'lat': -21.061, 'long': -113.815, 'Time': Timestamp('2008-10-19 18:58:59'), 'mag': 5.0}]",2,7
1468,2008-10-25 23:03:24.028,1,"[{'lat': -14.635, 'long': 167.183, 'Time': Timestamp('2008-10-27 05:43:50'), 'mag': 5.6}, {'lat': -14.635, 'long': 167.183, 'Time': Timestamp('2008-10-27 05:43:50'), 'mag': 5.6}, {'lat': -14.635, 'long': 167.183, 'Time': Timestamp('2008-10-27 05:43:50'), 'mag': 5.6}]",3,15
1469,2008-11-02 13:48:23.269,0,[],0,22
1470,2008-10-23 17:04:53.323,0,[],0,12
1471,2008-11-05 20:19:23.376,1,"[{'lat': -55.225, 'long': -128.76, 'Time': Timestamp('2008-11-06 13:09:30'), 'mag': 5.2}]",1,25
1472,2008-11-09 23:32:53.429,1,"[{'lat': 59.9967, 'long': -153.0191, 'Time': Timestamp('2008-11-09 23:36:57'), 'mag': 5.0}, {'lat': 59.9967, 'long': -153.0191, 'Time': Timestamp('2008-11-09 23:36:57'), 'mag': 5.0}]",2,29
1473,2008-11-05 07:43:20.984,0,[],0,24
1474,2008-10-26 10:57:56.026,0,[],0,14
1475,2008-10-27 14:14:49.093,1,"[{'lat': -27.236, 'long': -69.322, 'Time': Timestamp('2008-10-27 19:08:17'), 'mag': 5.1}, {'lat': -27.236, 'long': -69.322, 'Time': Timestamp('2008-10-27 19:08:17'), 'mag': 5.1}, {'lat': -27.236, 'long': -69.322, 'Time': Timestamp('2008-10-27 19:08:17'), 'mag': 5.1}]",3,15
1476,2008-10-25 20:48:53.776,0,[],0,13
1477,2008-11-09 00:02:53.829,1,"[{'lat': 59.9967, 'long': -153.0191, 'Time': Timestamp('2008-11-09 23:36:57'), 'mag': 5.0}, {'lat': 3.332, 'long': 145.518, 'Time': Timestamp('2008-11-10 12:44:41'), 'mag': 5.0}, {'lat': 3.332, 'long': 145.518, 'Time': Timestamp('2008-11-10 12:44:41'), 'mag': 5.0}]",3,27
1478,2008-11-05 04:57:32.839,0,[],0,23
1479,2008-10-30 08:13:50.169,1,"[{'lat': 30.538, 'long': 67.442, 'Time': Timestamp('2008-10-31 23:59:52'), 'mag': 5.1}, {'lat': 30.538, 'long': 67.442, 'Time': Timestamp('2008-10-31 23:59:52'), 'mag': 5.1}, {'lat': 30.538, 'long': 67.442, 'Time': Timestamp('2008-10-31 23:59:52'), 'mag': 5.1}]",3,17
1480,2008-10-23 11:28:22.890,0,[],0,10
1481,2008-10-18 14:48:48.949,1,"[{'lat': -60.54, 'long': -51.858, 'Time': Timestamp('2008-10-20 03:39:16'), 'mag': 5.2}]",1,5
1482,2008-10-26 18:04:54.431,0,[],0,13
1483,2008-10-29 21:18:53.178,0,[],0,16
1484,2008-11-08 00:32:15.229,0,[],0,25
1485,2008-11-01 07:05:26.630,0,[],0,18
1486,2008-11-06 10:21:21.818,0,[],0,23
1487,2008-10-25 13:36:19.438,1,"[{'lat': -16.732, 'long': -23.383, 'Time': Timestamp('2008-10-25 20:12:45'), 'mag': 5.0}, {'lat': -16.732, 'long': -23.383, 'Time': Timestamp('2008-10-25 20:12:45'), 'mag': 5.0}, {'lat': -16.732, 'long': -23.383, 'Time': Timestamp('2008-10-25 20:12:45'), 'mag': 5.0}]",3,11
1488,2008-10-24 16:57:23.499,0,[],0,10
1489,2008-10-25 20:11:23.552,0,[],0,11
1490,2008-10-22 01:02:22.493,1,"[{'lat': -7.171, 'long': 155.049, 'Time': Timestamp('2008-10-22 04:51:46'), 'mag': 5.3}, {'lat': -7.171, 'long': 155.049, 'Time': Timestamp('2008-10-22 04:51:46'), 'mag': 5.3}, {'lat': -7.171, 'long': 155.049, 'Time': Timestamp('2008-10-22 04:51:46'), 'mag': 5.3}, {'lat': -19.213, 'long': 169.239, 'Time': Timestamp('2008-10-23 14:44:10'), 'mag': 5.1}, {'lat': -2.635, 'long': 145.574, 'Time': Timestamp('2008-10-23 10:04:35'), 'mag': 6.3}, {'lat': -2.641, 'long': 145.903, 'Time': Timestamp('2008-10-23 11:15:28'), 'mag': 5.3}, {'lat': -2.635, 'long': 145.574, 'Time': Timestamp('2008-10-23 10:04:35'), 'mag': 6.3}, {'lat': -2.641, 'long': 145.903, 'Time': Timestamp('2008-10-23 11:15:28'), 'mag': 5.3}, {'lat': -2.635, 'long': 145.574, 'Time': Timestamp('2008-10-23 10:04:35'), 'mag': 6.3}, {'lat': -2.641, 'long': 145.903, 'Time': Timestamp('2008-10-23 11:15:28'), 'mag': 5.3}]",10,7
1491,2008-11-14 05:57:24.683,1,"[{'lat': 32.139, 'long': 104.753, 'Time': Timestamp('2008-11-15 22:59:50'), 'mag': 5.0}, {'lat': 32.139, 'long': 104.753, 'Time': Timestamp('2008-11-15 22:59:50'), 'mag': 5.0}]",2,30
1492,2008-11-09 10:51:51.056,0,[],0,25
1493,2008-10-27 22:17:53.144,1,"[{'lat': -16.793, 'long': 176.597, 'Time': Timestamp('2008-10-27 23:23:34'), 'mag': 5.3}, {'lat': -17.15, 'long': 177.89, 'Time': Timestamp('2008-10-27 23:23:45'), 'mag': 5.3}, {'lat': -16.793, 'long': 176.597, 'Time': Timestamp('2008-10-27 23:23:34'), 'mag': 5.3}, {'lat': -17.15, 'long': 177.89, 'Time': Timestamp('2008-10-27 23:23:45'), 'mag': 5.3}, {'lat': -16.793, 'long': 176.597, 'Time': Timestamp('2008-10-27 23:23:34'), 'mag': 5.3}, {'lat': -17.15, 'long': 177.89, 'Time': Timestamp('2008-10-27 23:23:45'), 'mag': 5.3}]",6,12
1494,2008-10-25 01:32:20.184,1,"[{'lat': 35.953, 'long': 141.624, 'Time': Timestamp('2008-10-25 06:01:37'), 'mag': 5.0}, {'lat': 35.953, 'long': 141.624, 'Time': Timestamp('2008-10-25 06:01:37'), 'mag': 5.0}, {'lat': -0.141, 'long': 123.015, 'Time': Timestamp('2008-10-26 09:08:34'), 'mag': 5.6}, {'lat': -0.141, 'long': 123.015, 'Time': Timestamp('2008-10-26 09:08:34'), 'mag': 5.6}]",4,9
1495,2008-11-15 04:49:22.771,1,"[{'lat': 32.139, 'long': 104.753, 'Time': Timestamp('2008-11-15 22:59:50'), 'mag': 5.0}, {'lat': 32.139, 'long': 104.753, 'Time': Timestamp('2008-11-15 22:59:50'), 'mag': 5.0}, {'lat': 10.833, 'long': 91.711, 'Time': Timestamp('2008-11-16 12:20:36'), 'mag': 5.5}, {'lat': 10.833, 'long': 91.711, 'Time': Timestamp('2008-11-16 12:20:36'), 'mag': 5.5}]",4,30
1496,2008-11-07 08:05:49.510,0,[],0,22
1497,2008-10-22 11:20:22.231,0,[],0,6
1498,2008-11-15 14:41:20.723,0,[],0,30
1499,2008-11-15 17:56:47.350,1,"[{'lat': 13.05, 'long': -88.75, 'Time': Timestamp('2008-11-15 23:03:16'), 'mag': 5.8}, {'lat': 13.05, 'long': -88.75, 'Time': Timestamp('2008-11-15 23:03:16'), 'mag': 5.8}, {'lat': 13.05, 'long': -88.75, 'Time': Timestamp('2008-11-15 23:03:16'), 'mag': 5.8}]",3,30
1500,2008-10-24 21:10:48.620,0,[],0,8
1501,2008-11-15 00:24:52.433,1,"[{'lat': 51.417, 'long': -175.035, 'Time': Timestamp('2008-11-15 04:03:25'), 'mag': 5.3}, {'lat': 51.417, 'long': -175.035, 'Time': Timestamp('2008-11-15 04:03:25'), 'mag': 5.3}, {'lat': 51.417, 'long': -175.035, 'Time': Timestamp('2008-11-15 04:03:25'), 'mag': 5.3}, {'lat': -19.093, 'long': 168.502, 'Time': Timestamp('2008-11-15 21:58:30'), 'mag': 5.0}, {'lat': -19.093, 'long': 168.502, 'Time': Timestamp('2008-11-15 21:58:30'), 'mag': 5.0}, {'lat': -19.093, 'long': 168.502, 'Time': Timestamp('2008-11-15 21:58:30'), 'mag': 5.0}]",6,29
1502,2008-11-14 06:57:24.092,0,[],0,28
1503,2008-10-28 10:13:20.049,0,[],0,11
1504,2008-11-08 13:16:23.301,0,[],0,16
1505,2008-11-15 16:33:20.787,1,"[{'lat': 13.05, 'long': -88.75, 'Time': Timestamp('2008-11-15 23:03:16'), 'mag': 5.8}, {'lat': 13.05, 'long': -88.75, 'Time': Timestamp('2008-11-15 23:03:16'), 'mag': 5.8}, {'lat': 13.05, 'long': -88.75, 'Time': Timestamp('2008-11-15 23:03:16'), 'mag': 5.8}]",3,23
1506,2008-11-09 19:47:53.407,0,[],0,17
1507,2008-11-19 23:01:53.461,1,"[{'lat': -15.876, 'long': -179.599, 'Time': Timestamp('2008-11-20 17:59:02'), 'mag': 5.1}, {'lat': -15.876, 'long': -179.599, 'Time': Timestamp('2008-11-20 17:59:02'), 'mag': 5.1}, {'lat': -8.947, 'long': 159.553, 'Time': Timestamp('2008-11-21 07:05:34'), 'mag': 6.1}, {'lat': -8.947, 'long': 159.553, 'Time': Timestamp('2008-11-21 07:05:34'), 'mag': 6.1}, {'lat': -14.724, 'long': 167.218, 'Time': Timestamp('2008-11-21 13:55:41'), 'mag': 5.1}, {'lat': -8.947, 'long': 159.553, 'Time': Timestamp('2008-11-21 07:05:34'), 'mag': 6.1}, {'lat': -14.724, 'long': 167.218, 'Time': Timestamp('2008-11-21 13:55:41'), 'mag': 5.1}, {'lat': -14.724, 'long': 167.218, 'Time': Timestamp('2008-11-21 13:55:41'), 'mag': 5.1}]",8,27
1508,2008-11-17 12:07:19.880,0,[],0,24
1509,2008-11-01 15:25:22.813,1,"[{'lat': 19.431, 'long': -66.383, 'Time': Timestamp('2008-11-02 20:42:37'), 'mag': 5.4}, {'lat': 19.431, 'long': -66.383, 'Time': Timestamp('2008-11-02 20:42:37'), 'mag': 5.4}]",2,8
1510,2008-11-14 18:40:46.003,1,"[{'lat': 13.05, 'long': -88.75, 'Time': Timestamp('2008-11-15 23:03:16'), 'mag': 5.8}, {'lat': 13.05, 'long': -88.75, 'Time': Timestamp('2008-11-15 23:03:16'), 'mag': 5.8}]",2,21
1511,2008-11-10 21:54:15.051,1,"[{'lat': -63.181, 'long': 169.732, 'Time': Timestamp('2008-11-12 04:21:46'), 'mag': 5.1}]",1,17
1512,2008-11-14 01:08:21.421,0,[],0,20
1513,2008-11-13 06:03:26.268,0,[],0,19
1514,2008-11-19 09:18:53.776,0,[],0,25
1515,2008-11-18 17:33:23.157,1,"[{'lat': 8.267, 'long': -82.967, 'Time': Timestamp('2008-11-19 06:11:20'), 'mag': 6.3}, {'lat': 8.267, 'long': -82.967, 'Time': Timestamp('2008-11-19 06:11:20'), 'mag': 6.3}, {'lat': 8.267, 'long': -82.967, 'Time': Timestamp('2008-11-19 06:11:20'), 'mag': 6.3}, {'lat': -7.796, 'long': -74.431, 'Time': Timestamp('2008-11-19 07:49:53'), 'mag': 5.3}, {'lat': -37.75, 'long': -94.75, 'Time': Timestamp('2008-11-18 20:01:44'), 'mag': 5.0}, {'lat': -41.419, 'long': -85.246, 'Time': Timestamp('2008-11-20 06:01:39'), 'mag': 5.1}, {'lat': -37.75, 'long': -94.75, 'Time': Timestamp('2008-11-18 20:01:44'), 'mag': 5.0}, {'lat': -41.419, 'long': -85.246, 'Time': Timestamp('2008-11-20 06:01:39'), 'mag': 5.1}, {'lat': -37.75, 'long': -94.75, 'Time': Timestamp('2008-11-18 20:01:44'), 'mag': 5.0}, {'lat': -41.419, 'long': -85.246, 'Time': Timestamp('2008-11-20 06:01:39'), 'mag': 5.1}]",10,24
1516,2008-11-14 20:47:20.754,0,[],0,20
1517,2008-11-09 00:01:23.262,1,"[{'lat': 59.9967, 'long': -153.0191, 'Time': Timestamp('2008-11-09 23:36:57'), 'mag': 5.0}, {'lat': 3.332, 'long': 145.518, 'Time': Timestamp('2008-11-10 12:44:41'), 'mag': 5.0}, {'lat': 3.332, 'long': 145.518, 'Time': Timestamp('2008-11-10 12:44:41'), 'mag': 5.0}]",3,14
1518,2008-11-12 08:14:08.866,1,"[{'lat': 38.841, 'long': 35.524, 'Time': Timestamp('2008-11-12 14:03:18'), 'mag': 5.1}, {'lat': -6.366, 'long': 26.858, 'Time': Timestamp('2008-11-13 11:07:23'), 'mag': 5.0}, {'lat': -6.366, 'long': 26.858, 'Time': Timestamp('2008-11-13 11:07:23'), 'mag': 5.0}, {'lat': -53.794, 'long': 8.727, 'Time': Timestamp('2008-11-14 02:05:09'), 'mag': 5.9}, {'lat': -53.83, 'long': 8.578, 'Time': Timestamp('2008-11-14 02:43:54'), 'mag': 5.4}, {'lat': -53.794, 'long': 8.727, 'Time': Timestamp('2008-11-14 02:05:09'), 'mag': 5.9}, {'lat': -53.83, 'long': 8.578, 'Time': Timestamp('2008-11-14 02:43:54'), 'mag': 5.4}, {'lat': -53.794, 'long': 8.727, 'Time': Timestamp('2008-11-14 02:05:09'), 'mag': 5.9}, {'lat': -53.83, 'long': 8.578, 'Time': Timestamp('2008-11-14 02:43:54'), 'mag': 5.4}]",9,17
1519,2008-11-21 11:28:53.449,1,"[{'lat': -1.23, 'long': -13.933, 'Time': Timestamp('2008-11-22 18:49:42'), 'mag': 6.3}, {'lat': -1.23, 'long': -13.933, 'Time': Timestamp('2008-11-22 18:49:42'), 'mag': 6.3}]",2,26
1520,2008-11-20 14:47:19.709,0,[],0,25
1521,2008-11-17 21:15:55.898,1,"[{'lat': -22.168, 'long': -179.717, 'Time': Timestamp('2008-11-19 20:38:58'), 'mag': 5.8}, {'lat': -22.168, 'long': -179.717, 'Time': Timestamp('2008-11-19 20:38:58'), 'mag': 5.8}, {'lat': -22.168, 'long': -179.717, 'Time': Timestamp('2008-11-19 20:38:58'), 'mag': 5.8}]",3,22
1522,2008-11-23 00:30:50.985,1,"[{'lat': -22.434, 'long': 171.322, 'Time': Timestamp('2008-11-23 08:58:18'), 'mag': 5.6}, {'lat': -22.434, 'long': 171.322, 'Time': Timestamp('2008-11-23 08:58:18'), 'mag': 5.6}, {'lat': -22.434, 'long': 171.322, 'Time': Timestamp('2008-11-23 08:58:18'), 'mag': 5.6}, {'lat': 54.203, 'long': 154.322, 'Time': Timestamp('2008-11-24 09:02:58'), 'mag': 7.3}, {'lat': 54.203, 'long': 154.322, 'Time': Timestamp('2008-11-24 09:02:58'), 'mag': 7.3}, {'lat': 54.203, 'long': 154.322, 'Time': Timestamp('2008-11-24 09:02:58'), 'mag': 7.3}, {'lat': -4.644, 'long': 153.049, 'Time': Timestamp('2008-11-23 11:57:48'), 'mag': 5.3}, {'lat': -4.644, 'long': 153.049, 'Time': Timestamp('2008-11-23 11:57:48'), 'mag': 5.3}, {'lat': -4.644, 'long': 153.049, 'Time': Timestamp('2008-11-23 11:57:48'), 'mag': 5.3}]",9,27
1523,2008-11-14 10:19:55.018,1,"[{'lat': -56.447, 'long': -25.447, 'Time': Timestamp('2008-11-14 19:10:47'), 'mag': 5.0}]",1,18
1524,2008-11-16 13:38:53.878,0,[],0,20
1525,2008-11-08 16:55:23.931,0,[],0,12
1526,2008-11-02 20:09:53.985,0,[],0,6
1527,2008-11-09 23:23:24.038,1,"[{'lat': 59.9967, 'long': -153.0191, 'Time': Timestamp('2008-11-09 23:36:57'), 'mag': 5.0}, {'lat': 59.9967, 'long': -153.0191, 'Time': Timestamp('2008-11-09 23:36:57'), 'mag': 5.0}, {'lat': -31.979, 'long': -179.302, 'Time': Timestamp('2008-11-10 09:52:02'), 'mag': 5.1}]",3,13
1528,2008-11-18 07:33:52.367,0,[],0,21
1529,2008-11-11 12:29:53.252,0,[],0,14
1530,2008-11-15 15:47:50.515,1,"[{'lat': 13.05, 'long': -88.75, 'Time': Timestamp('2008-11-15 23:03:16'), 'mag': 5.8}, {'lat': 13.05, 'long': -88.75, 'Time': Timestamp('2008-11-15 23:03:16'), 'mag': 5.8}, {'lat': 13.05, 'long': -88.75, 'Time': Timestamp('2008-11-15 23:03:16'), 'mag': 5.8}]",3,18
1531,2008-11-19 19:02:53.359,0,[],0,22
1532,2008-11-09 22:16:22.821,1,"[{'lat': 59.9967, 'long': -153.0191, 'Time': Timestamp('2008-11-09 23:36:57'), 'mag': 5.0}, {'lat': 59.9967, 'long': -153.0191, 'Time': Timestamp('2008-11-09 23:36:57'), 'mag': 5.0}]",2,12
1533,2008-11-22 01:30:21.780,1,"[{'lat': -4.644, 'long': 153.049, 'Time': Timestamp('2008-11-23 11:57:48'), 'mag': 5.3}, {'lat': -4.644, 'long': 153.049, 'Time': Timestamp('2008-11-23 11:57:48'), 'mag': 5.3}]",2,24
1534,2008-11-22 06:25:54.394,0,[],0,24
1535,2008-11-26 09:41:22.025,0,[],0,28
1536,2008-11-26 13:00:23.822,1,"[{'lat': 22.482, 'long': -45.016, 'Time': Timestamp('2008-11-28 09:38:14'), 'mag': 5.2}, {'lat': 22.482, 'long': -45.016, 'Time': Timestamp('2008-11-28 09:38:14'), 'mag': 5.2}]",2,28
1537,2008-11-21 22:45:53.982,1,"[{'lat': -20.256, 'long': -175.574, 'Time': Timestamp('2008-11-23 07:53:45'), 'mag': 5.5}, {'lat': -20.256, 'long': -175.574, 'Time': Timestamp('2008-11-23 07:53:45'), 'mag': 5.5}, {'lat': -20.256, 'long': -175.574, 'Time': Timestamp('2008-11-23 07:53:45'), 'mag': 5.5}, {'lat': -22.523, 'long': 171.199, 'Time': Timestamp('2008-11-22 16:01:39'), 'mag': 6.4}, {'lat': -22.39, 'long': 171.33, 'Time': Timestamp('2008-11-22 16:09:46'), 'mag': 5.3}, {'lat': -22.441, 'long': 171.238, 'Time': Timestamp('2008-11-22 17:22:36'), 'mag': 5.7}, {'lat': -22.434, 'long': 171.322, 'Time': Timestamp('2008-11-23 08:58:18'), 'mag': 5.6}, {'lat': -22.523, 'long': 171.199, 'Time': Timestamp('2008-11-22 16:01:39'), 'mag': 6.4}, {'lat': -22.39, 'long': 171.33, 'Time': Timestamp('2008-11-22 16:09:46'), 'mag': 5.3}, {'lat': -22.441, 'long': 171.238, 'Time': Timestamp('2008-11-22 17:22:36'), 'mag': 5.7}, {'lat': -22.434, 'long': 171.322, 'Time': Timestamp('2008-11-23 08:58:18'), 'mag': 5.6}, {'lat': -22.523, 'long': 171.199, 'Time': Timestamp('2008-11-22 16:01:39'), 'mag': 6.4}, {'lat': -22.39, 'long': 171.33, 'Time': Timestamp('2008-11-22 16:09:46'), 'mag': 5.3}, {'lat': -22.441, 'long': 171.238, 'Time': Timestamp('2008-11-22 17:22:36'), 'mag': 5.7}, {'lat': -22.434, 'long': 171.322, 'Time': Timestamp('2008-11-23 08:58:18'), 'mag': 5.6}]",15,23
1538,2008-11-22 02:00:25.665,1,"[{'lat': -4.644, 'long': 153.049, 'Time': Timestamp('2008-11-23 11:57:48'), 'mag': 5.3}, {'lat': -4.644, 'long': 153.049, 'Time': Timestamp('2008-11-23 11:57:48'), 'mag': 5.3}, {'lat': -4.644, 'long': 153.049, 'Time': Timestamp('2008-11-23 11:57:48'), 'mag': 5.3}]",3,23
1539,2008-11-11 05:17:32.018,1,"[{'lat': 37.539, 'long': 95.84, 'Time': Timestamp('2008-11-11 21:56:01'), 'mag': 5.1}, {'lat': 37.539, 'long': 95.84, 'Time': Timestamp('2008-11-11 21:56:01'), 'mag': 5.1}, {'lat': 37.539, 'long': 95.84, 'Time': Timestamp('2008-11-11 21:56:01'), 'mag': 5.1}, {'lat': 1.591, 'long': 66.703, 'Time': Timestamp('2008-11-11 12:18:12'), 'mag': 5.2}, {'lat': 0.019, 'long': 67.088, 'Time': Timestamp('2008-11-11 22:46:38'), 'mag': 5.1}, {'lat': 1.591, 'long': 66.703, 'Time': Timestamp('2008-11-11 12:18:12'), 'mag': 5.2}, {'lat': 0.019, 'long': 67.088, 'Time': Timestamp('2008-11-11 22:46:38'), 'mag': 5.1}, {'lat': 1.591, 'long': 66.703, 'Time': Timestamp('2008-11-11 12:18:12'), 'mag': 5.2}, {'lat': 0.019, 'long': 67.088, 'Time': Timestamp('2008-11-11 22:46:38'), 'mag': 5.1}]",9,12
1540,2008-11-24 08:32:21.457,0,[],0,25
1541,2008-11-15 11:51:23.197,0,[],0,16
1542,2008-11-14 15:09:52.335,0,[],0,15
1543,2008-11-13 18:24:49.237,0,[],0,14
1544,2008-11-28 21:38:51.773,1,"[{'lat': -18.701, 'long': -177.716, 'Time': Timestamp('2008-11-29 05:59:16'), 'mag': 6.0}, {'lat': -18.701, 'long': -177.716, 'Time': Timestamp('2008-11-29 05:59:16'), 'mag': 6.0}, {'lat': -18.701, 'long': -177.716, 'Time': Timestamp('2008-11-29 05:59:16'), 'mag': 6.0}, {'lat': -30.183, 'long': -177.444, 'Time': Timestamp('2008-11-29 12:46:55'), 'mag': 5.0}, {'lat': -30.183, 'long': -177.444, 'Time': Timestamp('2008-11-29 12:46:55'), 'mag': 5.0}]",5,29
1545,2008-11-07 00:52:52.272,1,"[{'lat': -14.829, 'long': 168.032, 'Time': Timestamp('2008-11-07 07:19:35'), 'mag': 6.4}, {'lat': -14.793, 'long': 168.09, 'Time': Timestamp('2008-11-07 07:23:00'), 'mag': 5.0}, {'lat': -14.946, 'long': 167.94, 'Time': Timestamp('2008-11-07 07:35:45'), 'mag': 5.7}, {'lat': -14.945, 'long': 168.079, 'Time': Timestamp('2008-11-07 07:45:52'), 'mag': 5.2}, {'lat': -14.79, 'long': 167.945, 'Time': Timestamp('2008-11-07 09:26:43'), 'mag': 5.0}, {'lat': -14.924, 'long': 168.12, 'Time': Timestamp('2008-11-07 09:40:00'), 'mag': 5.5}, {'lat': -15.022, 'long': 167.817, 'Time': Timestamp('2008-11-07 12:07:24'), 'mag': 5.0}, {'lat': -14.829, 'long': 168.032, 'Time': Timestamp('2008-11-07 07:19:35'), 'mag': 6.4}, {'lat': -14.793, 'long': 168.09, 'Time': Timestamp('2008-11-07 07:23:00'), 'mag': 5.0}, {'lat': -14.946, 'long': 167.94, 'Time': Timestamp('2008-11-07 07:35:45'), 'mag': 5.7}, {'lat': -14.945, 'long': 168.079, 'Time': Timestamp('2008-11-07 07:45:52'), 'mag': 5.2}, {'lat': -14.79, 'long': 167.945, 'Time': Timestamp('2008-11-07 09:26:43'), 'mag': 5.0}, {'lat': -14.924, 'long': 168.12, 'Time': Timestamp('2008-11-07 09:40:00'), 'mag': 5.5}, {'lat': -15.022, 'long': 167.817, 'Time': Timestamp('2008-11-07 12:07:24'), 'mag': 5.0}, {'lat': -14.829, 'long': 168.032, 'Time': Timestamp('2008-11-07 07:19:35'), 'mag': 6.4}, {'lat': -14.793, 'long': 168.09, 'Time': Timestamp('2008-11-07 07:23:00'), 'mag': 5.0}, {'lat': -14.946, 'long': 167.94, 'Time': Timestamp('2008-11-07 07:35:45'), 'mag': 5.7}, {'lat': -14.945, 'long': 168.079, 'Time': Timestamp('2008-11-07 07:45:52'), 'mag': 5.2}, {'lat': -14.79, 'long': 167.945, 'Time': Timestamp('2008-11-07 09:26:43'), 'mag': 5.0}, {'lat': -14.924, 'long': 168.12, 'Time': Timestamp('2008-11-07 09:40:00'), 'mag': 5.5}, {'lat': -15.022, 'long': 167.817, 'Time': Timestamp('2008-11-07 12:07:24'), 'mag': 5.0}, {'lat': 12.365, 'long': 144.052, 'Time': Timestamp('2008-11-07 08:37:51'), 'mag': 5.3}, {'lat': 12.365, 'long': 144.052, 'Time': Timestamp('2008-11-07 08:37:51'), 'mag': 5.3}, {'lat': -6.043, 'long': 151.272, 'Time': Timestamp('2008-11-07 19:44:17'), 'mag': 5.0}, {'lat': -6.712, 'long': 129.074, 'Time': Timestamp('2008-11-07 16:04:23'), 'mag': 6.2}, {'lat': -6.712, 'long': 129.074, 'Time': Timestamp('2008-11-07 16:04:23'), 'mag': 6.2}]",26,7
1546,2008-11-28 05:47:53.133,0,[],0,28
1547,2008-11-30 09:02:50.530,1,"[{'lat': 35.299, 'long': 46.544, 'Time': Timestamp('2008-12-01 10:18:40'), 'mag': 5.0}, {'lat': 35.299, 'long': 46.544, 'Time': Timestamp('2008-12-01 10:18:40'), 'mag': 5.0}, {'lat': 35.299, 'long': 46.544, 'Time': Timestamp('2008-12-01 10:18:40'), 'mag': 5.0}]",3,30
1548,2008-11-29 12:21:53.597,0,[],0,29
1549,2008-11-20 15:39:46.096,1,"[{'lat': -38.968, 'long': -91.912, 'Time': Timestamp('2008-11-20 22:38:38'), 'mag': 5.0}, {'lat': -38.968, 'long': -91.912, 'Time': Timestamp('2008-11-20 22:38:38'), 'mag': 5.0}, {'lat': -38.968, 'long': -91.912, 'Time': Timestamp('2008-11-20 22:38:38'), 'mag': 5.0}]",3,20
1550,2008-11-23 07:56:17.691,0,[],0,22
1551,2008-11-16 11:12:53.972,0,[],0,15
1552,2008-11-17 14:31:23.881,1,"[{'lat': -7.796, 'long': -74.431, 'Time': Timestamp('2008-11-19 07:49:53'), 'mag': 5.3}, {'lat': -7.796, 'long': -74.431, 'Time': Timestamp('2008-11-19 07:49:53'), 'mag': 5.3}, {'lat': -7.796, 'long': -74.431, 'Time': Timestamp('2008-11-19 07:49:53'), 'mag': 5.3}]",3,16
1553,2008-11-26 17:47:24.079,0,[],0,25
1554,2008-11-13 21:01:23.132,1,"[{'lat': 43.5, 'long': -127.393, 'Time': Timestamp('2008-11-14 01:48:37'), 'mag': 5.3}, {'lat': 43.5, 'long': -127.393, 'Time': Timestamp('2008-11-14 01:48:37'), 'mag': 5.3}, {'lat': 43.5, 'long': -127.393, 'Time': Timestamp('2008-11-14 01:48:37'), 'mag': 5.3}]",3,12
1555,2008-12-01 00:15:15.183,1,"[{'lat': -12.588, 'long': 166.762, 'Time': Timestamp('2008-12-02 15:00:47'), 'mag': 5.0}, {'lat': -12.588, 'long': 166.762, 'Time': Timestamp('2008-12-02 15:00:47'), 'mag': 5.0}, {'lat': -20.358, 'long': 169.63, 'Time': Timestamp('2008-12-02 17:05:53'), 'mag': 5.1}, {'lat': -12.588, 'long': 166.762, 'Time': Timestamp('2008-12-02 15:00:47'), 'mag': 5.0}, {'lat': -20.358, 'long': 169.63, 'Time': Timestamp('2008-12-02 17:05:53'), 'mag': 5.1}, {'lat': -20.358, 'long': 169.63, 'Time': Timestamp('2008-12-02 17:05:53'), 'mag': 5.1}, {'lat': 19.108, 'long': 145.75, 'Time': Timestamp('2008-12-02 12:31:43'), 'mag': 5.9}, {'lat': 19.108, 'long': 145.75, 'Time': Timestamp('2008-12-02 12:31:43'), 'mag': 5.9}]",8,29
1556,2008-11-07 05:10:02.195,1,"[{'lat': 56.852, 'long': 123.0, 'Time': Timestamp('2008-11-08 08:45:58'), 'mag': 5.1}, {'lat': 56.852, 'long': 123.0, 'Time': Timestamp('2008-11-08 08:45:58'), 'mag': 5.1}, {'lat': 56.852, 'long': 123.0, 'Time': Timestamp('2008-11-08 08:45:58'), 'mag': 5.1}]",3,5
1557,2008-11-12 08:26:23.174,1,"[{'lat': 38.841, 'long': 35.524, 'Time': Timestamp('2008-11-12 14:03:18'), 'mag': 5.1}, {'lat': 38.841, 'long': 35.524, 'Time': Timestamp('2008-11-12 14:03:18'), 'mag': 5.1}, {'lat': 38.841, 'long': 35.524, 'Time': Timestamp('2008-11-12 14:03:18'), 'mag': 5.1}, {'lat': -6.366, 'long': 26.858, 'Time': Timestamp('2008-11-13 11:07:23'), 'mag': 5.0}, {'lat': -6.366, 'long': 26.858, 'Time': Timestamp('2008-11-13 11:07:23'), 'mag': 5.0}, {'lat': -53.794, 'long': 8.727, 'Time': Timestamp('2008-11-14 02:05:09'), 'mag': 5.9}, {'lat': -53.83, 'long': 8.578, 'Time': Timestamp('2008-11-14 02:43:54'), 'mag': 5.4}, {'lat': -53.794, 'long': 8.727, 'Time': Timestamp('2008-11-14 02:05:09'), 'mag': 5.9}, {'lat': -53.83, 'long': 8.578, 'Time': Timestamp('2008-11-14 02:43:54'), 'mag': 5.4}]",9,10
1558,2008-11-27 11:43:23.373,0,[],0,25
1559,2008-11-17 15:01:46.977,1,"[{'lat': -7.796, 'long': -74.431, 'Time': Timestamp('2008-11-19 07:49:53'), 'mag': 5.3}, {'lat': -7.796, 'long': -74.431, 'Time': Timestamp('2008-11-19 07:49:53'), 'mag': 5.3}, {'lat': -7.796, 'long': -74.431, 'Time': Timestamp('2008-11-19 07:49:53'), 'mag': 5.3}]",3,15
1560,2008-11-13 21:30:53.533,1,"[{'lat': 43.5, 'long': -127.393, 'Time': Timestamp('2008-11-14 01:48:37'), 'mag': 5.3}, {'lat': 43.5, 'long': -127.393, 'Time': Timestamp('2008-11-14 01:48:37'), 'mag': 5.3}, {'lat': 43.5, 'long': -127.393, 'Time': Timestamp('2008-11-14 01:48:37'), 'mag': 5.3}]",3,11
1561,2008-11-25 00:44:52.448,1,"[{'lat': -19.434, 'long': 169.819, 'Time': Timestamp('2008-11-25 06:03:14'), 'mag': 5.3}, {'lat': -20.448, 'long': 169.293, 'Time': Timestamp('2008-11-26 04:02:08'), 'mag': 5.2}, {'lat': -19.434, 'long': 169.819, 'Time': Timestamp('2008-11-25 06:03:14'), 'mag': 5.3}, {'lat': -20.448, 'long': 169.293, 'Time': Timestamp('2008-11-26 04:02:08'), 'mag': 5.2}, {'lat': 18.013, 'long': 146.968, 'Time': Timestamp('2008-11-25 12:40:03'), 'mag': 5.6}, {'lat': 18.013, 'long': 146.968, 'Time': Timestamp('2008-11-25 12:40:03'), 'mag': 5.6}, {'lat': 18.013, 'long': 146.968, 'Time': Timestamp('2008-11-25 12:40:03'), 'mag': 5.6}]",7,22
1562,2008-12-01 07:17:56.986,1,"[{'lat': 35.299, 'long': 46.544, 'Time': Timestamp('2008-12-01 10:18:40'), 'mag': 5.0}, {'lat': 35.299, 'long': 46.544, 'Time': Timestamp('2008-12-01 10:18:40'), 'mag': 5.0}, {'lat': 35.299, 'long': 46.544, 'Time': Timestamp('2008-12-01 10:18:40'), 'mag': 5.0}]",3,28
1563,2008-11-16 10:34:20.845,0,[],0,13
1564,2008-11-13 13:53:23.801,0,[],0,10
1565,2008-11-22 22:00:52.127,1,"[{'lat': -20.256, 'long': -175.574, 'Time': Timestamp('2008-11-23 07:53:45'), 'mag': 5.5}, {'lat': -22.434, 'long': 171.322, 'Time': Timestamp('2008-11-23 08:58:18'), 'mag': 5.6}, {'lat': -22.434, 'long': 171.322, 'Time': Timestamp('2008-11-23 08:58:18'), 'mag': 5.6}]",3,19
1566,2008-11-18 01:14:48.318,1,"[{'lat': -4.44, 'long': 152.756, 'Time': Timestamp('2008-11-18 20:41:30'), 'mag': 5.0}, {'lat': -4.44, 'long': 152.756, 'Time': Timestamp('2008-11-18 20:41:30'), 'mag': 5.0}, {'lat': -4.44, 'long': 152.756, 'Time': Timestamp('2008-11-18 20:41:30'), 'mag': 5.0}, {'lat': 35.972, 'long': 141.567, 'Time': Timestamp('2008-11-19 19:25:42'), 'mag': 5.0}, {'lat': 35.972, 'long': 141.567, 'Time': Timestamp('2008-11-19 19:25:42'), 'mag': 5.0}, {'lat': 4.787, 'long': 124.8, 'Time': Timestamp('2008-11-18 05:46:55'), 'mag': 5.3}, {'lat': -5.025, 'long': 143.6, 'Time': Timestamp('2008-11-19 00:54:45'), 'mag': 5.4}, {'lat': 4.787, 'long': 124.8, 'Time': Timestamp('2008-11-18 05:46:55'), 'mag': 5.3}, {'lat': -5.025, 'long': 143.6, 'Time': Timestamp('2008-11-19 00:54:45'), 'mag': 5.4}]",9,14
1567,2008-11-14 06:09:56.802,0,[],0,10
1568,2008-11-12 09:25:21.548,1,"[{'lat': 38.841, 'long': 35.524, 'Time': Timestamp('2008-11-12 14:03:18'), 'mag': 5.1}, {'lat': 38.841, 'long': 35.524, 'Time': Timestamp('2008-11-12 14:03:18'), 'mag': 5.1}, {'lat': -6.366, 'long': 26.858, 'Time': Timestamp('2008-11-13 11:07:23'), 'mag': 5.0}, {'lat': -6.366, 'long': 26.858, 'Time': Timestamp('2008-11-13 11:07:23'), 'mag': 5.0}, {'lat': -53.794, 'long': 8.727, 'Time': Timestamp('2008-11-14 02:05:09'), 'mag': 5.9}, {'lat': -53.83, 'long': 8.578, 'Time': Timestamp('2008-11-14 02:43:54'), 'mag': 5.4}, {'lat': -53.794, 'long': 8.727, 'Time': Timestamp('2008-11-14 02:05:09'), 'mag': 5.9}, {'lat': -53.83, 'long': 8.578, 'Time': Timestamp('2008-11-14 02:43:54'), 'mag': 5.4}]",8,8
1569,2008-11-27 12:44:23.175,0,[],0,23
1570,2008-11-28 16:01:49.222,0,[],0,24
1571,2008-11-28 19:16:53.283,0,[],0,24
1572,2008-11-12 22:30:23.335,0,[],0,8
1573,2008-11-25 08:18:16.376,0,[],0,20
1574,2008-11-11 11:35:23.549,0,[],0,6
1575,2008-11-22 14:53:51.419,1,"[{'lat': 19.49, 'long': -66.325, 'Time': Timestamp('2008-11-23 09:05:20'), 'mag': 5.0}, {'lat': 19.49, 'long': -66.325, 'Time': Timestamp('2008-11-23 09:05:20'), 'mag': 5.0}, {'lat': 19.49, 'long': -66.325, 'Time': Timestamp('2008-11-23 09:05:20'), 'mag': 5.0}, {'lat': -9.069, 'long': -75.664, 'Time': Timestamp('2008-11-22 20:25:52'), 'mag': 5.1}, {'lat': -9.069, 'long': -75.664, 'Time': Timestamp('2008-11-22 20:25:52'), 'mag': 5.1}, {'lat': -9.069, 'long': -75.664, 'Time': Timestamp('2008-11-22 20:25:52'), 'mag': 5.1}, {'lat': -36.322, 'long': -73.009, 'Time': Timestamp('2008-11-23 21:19:40'), 'mag': 5.3}, {'lat': -36.322, 'long': -73.009, 'Time': Timestamp('2008-11-23 21:19:40'), 'mag': 5.3}, {'lat': -36.322, 'long': -73.009, 'Time': Timestamp('2008-11-23 21:19:40'), 'mag': 5.3}]",9,17
1576,2008-11-25 21:23:23.880,0,[],0,20
1577,2008-11-21 00:36:45.930,1,"[{'lat': -8.947, 'long': 159.553, 'Time': Timestamp('2008-11-21 07:05:34'), 'mag': 6.1}, {'lat': -8.947, 'long': 159.553, 'Time': Timestamp('2008-11-21 07:05:34'), 'mag': 6.1}, {'lat': -14.724, 'long': 167.218, 'Time': Timestamp('2008-11-21 13:55:41'), 'mag': 5.1}, {'lat': -8.947, 'long': 159.553, 'Time': Timestamp('2008-11-21 07:05:34'), 'mag': 6.1}, {'lat': -14.724, 'long': 167.218, 'Time': Timestamp('2008-11-21 13:55:41'), 'mag': 5.1}, {'lat': -22.523, 'long': 171.199, 'Time': Timestamp('2008-11-22 16:01:39'), 'mag': 6.4}, {'lat': -22.39, 'long': 171.33, 'Time': Timestamp('2008-11-22 16:09:46'), 'mag': 5.3}, {'lat': -22.441, 'long': 171.238, 'Time': Timestamp('2008-11-22 17:22:36'), 'mag': 5.7}, {'lat': -14.724, 'long': 167.218, 'Time': Timestamp('2008-11-21 13:55:41'), 'mag': 5.1}, {'lat': -22.523, 'long': 171.199, 'Time': Timestamp('2008-11-22 16:01:39'), 'mag': 6.4}, {'lat': -22.39, 'long': 171.33, 'Time': Timestamp('2008-11-22 16:09:46'), 'mag': 5.3}, {'lat': -22.441, 'long': 171.238, 'Time': Timestamp('2008-11-22 17:22:36'), 'mag': 5.7}, {'lat': -22.523, 'long': 171.199, 'Time': Timestamp('2008-11-22 16:01:39'), 'mag': 6.4}, {'lat': -22.39, 'long': 171.33, 'Time': Timestamp('2008-11-22 16:09:46'), 'mag': 5.3}, {'lat': -22.441, 'long': 171.238, 'Time': Timestamp('2008-11-22 17:22:36'), 'mag': 5.7}, {'lat': 43.189, 'long': 145.809, 'Time': Timestamp('2008-11-21 15:44:46'), 'mag': 5.2}, {'lat': 43.189, 'long': 145.809, 'Time': Timestamp('2008-11-21 15:44:46'), 'mag': 5.2}]",17,15
1578,2008-11-25 07:09:53.237,1,"[{'lat': -4.921, 'long': 68.547, 'Time': Timestamp('2008-11-26 04:47:01'), 'mag': 5.2}, {'lat': -4.921, 'long': 68.547, 'Time': Timestamp('2008-11-26 04:47:01'), 'mag': 5.2}]",2,19
1579,2008-11-29 10:26:18.864,0,[],0,23
1580,2008-11-24 07:40:20.305,1,"[{'lat': -4.921, 'long': 68.547, 'Time': Timestamp('2008-11-26 04:47:01'), 'mag': 5.2}, {'lat': -4.921, 'long': 68.547, 'Time': Timestamp('2008-11-26 04:47:01'), 'mag': 5.2}]",2,17
1581,2008-11-19 10:56:53.360,1,"[{'lat': -55.621, 'long': -26.216, 'Time': Timestamp('2008-11-21 06:58:31'), 'mag': 5.0}, {'lat': -55.621, 'long': -26.216, 'Time': Timestamp('2008-11-21 06:58:31'), 'mag': 5.0}]",2,12
1582,2008-12-03 14:15:14.988,1,"[{'lat': -21.389, 'long': -68.288, 'Time': Timestamp('2008-12-04 16:47:09'), 'mag': 5.5}, {'lat': -21.389, 'long': -68.288, 'Time': Timestamp('2008-12-04 16:47:09'), 'mag': 5.5}, {'lat': -21.389, 'long': -68.288, 'Time': Timestamp('2008-12-04 16:47:09'), 'mag': 5.5}]",3,26
1583,2008-11-15 17:31:53.602,1,"[{'lat': 13.05, 'long': -88.75, 'Time': Timestamp('2008-11-15 23:03:16'), 'mag': 5.8}, {'lat': 13.05, 'long': -88.75, 'Time': Timestamp('2008-11-15 23:03:16'), 'mag': 5.8}, {'lat': 13.05, 'long': -88.75, 'Time': Timestamp('2008-11-15 23:03:16'), 'mag': 5.8}]",3,8
1584,2008-12-07 20:45:53.656,1,"[{'lat': -31.232, 'long': -176.924, 'Time': Timestamp('2008-12-09 06:23:59'), 'mag': 6.8}, {'lat': -31.106, 'long': -176.894, 'Time': Timestamp('2008-12-09 18:18:31'), 'mag': 5.0}]",2,30
1585,2008-11-17 23:59:23.708,1,"[{'lat': -19.027, 'long': 169.55, 'Time': Timestamp('2008-11-18 11:12:21'), 'mag': 5.0}, {'lat': -18.897, 'long': 169.48, 'Time': Timestamp('2008-11-18 14:03:15'), 'mag': 5.5}, {'lat': -18.92, 'long': 169.635, 'Time': Timestamp('2008-11-18 14:38:47'), 'mag': 5.3}, {'lat': -19.15, 'long': 169.682, 'Time': Timestamp('2008-11-19 03:10:39'), 'mag': 5.1}, {'lat': -19.027, 'long': 169.55, 'Time': Timestamp('2008-11-18 11:12:21'), 'mag': 5.0}, {'lat': -18.897, 'long': 169.48, 'Time': Timestamp('2008-11-18 14:03:15'), 'mag': 5.5}, {'lat': -18.92, 'long': 169.635, 'Time': Timestamp('2008-11-18 14:38:47'), 'mag': 5.3}, {'lat': -19.15, 'long': 169.682, 'Time': Timestamp('2008-11-19 03:10:39'), 'mag': 5.1}, {'lat': -19.027, 'long': 169.55, 'Time': Timestamp('2008-11-18 11:12:21'), 'mag': 5.0}, {'lat': -18.897, 'long': 169.48, 'Time': Timestamp('2008-11-18 14:03:15'), 'mag': 5.5}, {'lat': -18.92, 'long': 169.635, 'Time': Timestamp('2008-11-18 14:38:47'), 'mag': 5.3}, {'lat': -19.15, 'long': 169.682, 'Time': Timestamp('2008-11-19 03:10:39'), 'mag': 5.1}, {'lat': -4.44, 'long': 152.756, 'Time': Timestamp('2008-11-18 20:41:30'), 'mag': 5.0}, {'lat': -5.025, 'long': 143.6, 'Time': Timestamp('2008-11-19 00:54:45'), 'mag': 5.4}, {'lat': -4.44, 'long': 152.756, 'Time': Timestamp('2008-11-18 20:41:30'), 'mag': 5.0}, {'lat': -5.025, 'long': 143.6, 'Time': Timestamp('2008-11-19 00:54:45'), 'mag': 5.4}, {'lat': -4.44, 'long': 152.756, 'Time': Timestamp('2008-11-18 20:41:30'), 'mag': 5.0}, {'lat': -5.025, 'long': 143.6, 'Time': Timestamp('2008-11-19 00:54:45'), 'mag': 5.4}]",18,10
1586,2008-11-20 14:45:50.156,0,[],0,12
1587,2008-11-15 18:01:24.003,1,"[{'lat': 13.05, 'long': -88.75, 'Time': Timestamp('2008-11-15 23:03:16'), 'mag': 5.8}, {'lat': 13.05, 'long': -88.75, 'Time': Timestamp('2008-11-15 23:03:16'), 'mag': 5.8}, {'lat': 13.05, 'long': -88.75, 'Time': Timestamp('2008-11-15 23:03:16'), 'mag': 5.8}]",3,7
1588,2008-11-29 21:15:24.056,1,"[{'lat': -64.108, 'long': -169.06, 'Time': Timestamp('2008-12-01 04:52:08'), 'mag': 5.3}, {'lat': -22.941, 'long': -175.19, 'Time': Timestamp('2008-12-01 20:21:34'), 'mag': 5.3}, {'lat': -22.941, 'long': -175.19, 'Time': Timestamp('2008-12-01 20:21:34'), 'mag': 5.3}, {'lat': -22.941, 'long': -175.19, 'Time': Timestamp('2008-12-01 20:21:34'), 'mag': 5.3}]",4,21
1589,2008-12-03 00:29:17.875,1,"[{'lat': 52.984, 'long': 159.623, 'Time': Timestamp('2008-12-03 11:37:04'), 'mag': 5.1}, {'lat': 52.984, 'long': 159.623, 'Time': Timestamp('2008-12-03 11:37:04'), 'mag': 5.1}, {'lat': 52.984, 'long': 159.623, 'Time': Timestamp('2008-12-03 11:37:04'), 'mag': 5.1}, {'lat': 38.589, 'long': 142.878, 'Time': Timestamp('2008-12-03 23:16:54'), 'mag': 5.8}, {'lat': 38.567, 'long': 142.89, 'Time': Timestamp('2008-12-04 03:10:55'), 'mag': 5.3}, {'lat': -5.968, 'long': 147.751, 'Time': Timestamp('2008-12-03 01:52:21'), 'mag': 5.2}, {'lat': -5.968, 'long': 147.751, 'Time': Timestamp('2008-12-03 01:52:21'), 'mag': 5.2}, {'lat': -5.968, 'long': 147.751, 'Time': Timestamp('2008-12-03 01:52:21'), 'mag': 5.2}]",8,24
1590,2008-12-02 05:23:55.600,0,[],0,23
1591,2008-11-25 08:38:53.242,0,[],0,16
1592,2008-11-25 11:57:53.297,0,[],0,16
1593,2008-12-05 15:15:49.668,1,"[{'lat': 13.35, 'long': -44.826, 'Time': Timestamp('2008-12-07 06:23:09'), 'mag': 5.6}, {'lat': 13.35, 'long': -44.826, 'Time': Timestamp('2008-12-07 06:23:09'), 'mag': 5.6}]",2,26
1594,2008-11-17 18:31:23.405,0,[],0,8
1595,2008-11-16 21:44:53.457,0,[],0,7
1596,2008-12-04 00:58:48.276,1,"[{'lat': 38.567, 'long': 142.89, 'Time': Timestamp('2008-12-04 03:10:55'), 'mag': 5.3}, {'lat': 38.529, 'long': 143.003, 'Time': Timestamp('2008-12-05 20:03:11'), 'mag': 5.5}, {'lat': 38.567, 'long': 142.89, 'Time': Timestamp('2008-12-04 03:10:55'), 'mag': 5.3}, {'lat': 38.529, 'long': 143.003, 'Time': Timestamp('2008-12-05 20:03:11'), 'mag': 5.5}, {'lat': 38.567, 'long': 142.89, 'Time': Timestamp('2008-12-04 03:10:55'), 'mag': 5.3}, {'lat': 38.529, 'long': 143.003, 'Time': Timestamp('2008-12-05 20:03:11'), 'mag': 5.5}]",6,24
1597,2008-12-04 05:53:54.561,1,"[{'lat': 8.74, 'long': 94.079, 'Time': Timestamp('2008-12-05 23:24:36'), 'mag': 5.2}, {'lat': 8.723, 'long': 93.984, 'Time': Timestamp('2008-12-06 00:43:08'), 'mag': 5.3}, {'lat': 8.74, 'long': 94.079, 'Time': Timestamp('2008-12-05 23:24:36'), 'mag': 5.2}, {'lat': 8.723, 'long': 93.984, 'Time': Timestamp('2008-12-06 00:43:08'), 'mag': 5.3}, {'lat': 8.74, 'long': 94.079, 'Time': Timestamp('2008-12-05 23:24:36'), 'mag': 5.2}, {'lat': 8.723, 'long': 93.984, 'Time': Timestamp('2008-12-06 00:43:08'), 'mag': 5.3}]",6,24
1598,2008-11-20 09:09:20.630,0,[],0,10
1599,2008-11-25 12:28:23.698,0,[],0,15
1600,2008-11-27 15:45:50.404,1,"[{'lat': 22.482, 'long': -45.016, 'Time': Timestamp('2008-11-28 09:38:14'), 'mag': 5.2}, {'lat': 22.482, 'long': -45.016, 'Time': Timestamp('2008-11-28 09:38:14'), 'mag': 5.2}, {'lat': 22.482, 'long': -45.016, 'Time': Timestamp('2008-11-28 09:38:14'), 'mag': 5.2}]",3,17
1601,2008-11-27 19:00:53.805,1,"[{'lat': 40.348, 'long': -126.978, 'Time': Timestamp('2008-11-28 13:42:18'), 'mag': 5.9}, {'lat': 40.348, 'long': -126.978, 'Time': Timestamp('2008-11-28 13:42:18'), 'mag': 5.9}, {'lat': 40.348, 'long': -126.978, 'Time': Timestamp('2008-11-28 13:42:18'), 'mag': 5.9}]",3,17
1602,2008-11-18 22:14:53.858,1,"[{'lat': -19.15, 'long': 169.682, 'Time': Timestamp('2008-11-19 03:10:39'), 'mag': 5.1}, {'lat': -19.15, 'long': 169.682, 'Time': Timestamp('2008-11-19 03:10:39'), 'mag': 5.1}, {'lat': -19.15, 'long': 169.682, 'Time': Timestamp('2008-11-19 03:10:39'), 'mag': 5.1}]",3,8
1603,2008-11-22 01:28:52.226,1,"[{'lat': -4.644, 'long': 153.049, 'Time': Timestamp('2008-11-23 11:57:48'), 'mag': 5.3}, {'lat': -4.644, 'long': 153.049, 'Time': Timestamp('2008-11-23 11:57:48'), 'mag': 5.3}]",2,11
1604,2008-11-20 06:23:56.168,0,[],0,9
1605,2008-11-17 09:39:23.800,0,[],0,6
1606,2008-12-09 12:58:53.099,0,[],0,28
1607,2008-11-20 16:15:51.691,1,"[{'lat': -38.968, 'long': -91.912, 'Time': Timestamp('2008-11-20 22:38:38'), 'mag': 5.0}, {'lat': -38.968, 'long': -91.912, 'Time': Timestamp('2008-11-20 22:38:38'), 'mag': 5.0}, {'lat': -38.968, 'long': -91.912, 'Time': Timestamp('2008-11-20 22:38:38'), 'mag': 5.0}]",3,9
1608,2008-11-21 19:30:53.206,1,"[{'lat': -55.033, 'long': -129.565, 'Time': Timestamp('2008-11-21 22:35:01'), 'mag': 5.6}, {'lat': -54.869, 'long': -129.556, 'Time': Timestamp('2008-11-21 22:42:37'), 'mag': 5.2}, {'lat': -55.033, 'long': -129.565, 'Time': Timestamp('2008-11-21 22:35:01'), 'mag': 5.6}, {'lat': -54.869, 'long': -129.556, 'Time': Timestamp('2008-11-21 22:42:37'), 'mag': 5.2}, {'lat': -56.269, 'long': -144.246, 'Time': Timestamp('2008-11-22 10:43:54'), 'mag': 5.0}, {'lat': -56.269, 'long': -144.246, 'Time': Timestamp('2008-11-22 10:43:54'), 'mag': 5.0}]",6,10
1609,2008-12-02 22:44:23.259,0,[],0,21
1610,2008-12-12 01:58:50.845,1,"[{'lat': -49.007, 'long': 123.505, 'Time': Timestamp('2008-12-13 08:59:41'), 'mag': 5.4}, {'lat': -3.106, 'long': 129.756, 'Time': Timestamp('2008-12-13 19:00:36'), 'mag': 5.1}, {'lat': -3.106, 'long': 129.756, 'Time': Timestamp('2008-12-13 19:00:36'), 'mag': 5.1}, {'lat': -3.106, 'long': 129.756, 'Time': Timestamp('2008-12-13 19:00:36'), 'mag': 5.1}, {'lat': -48.981, 'long': 123.398, 'Time': Timestamp('2008-12-13 08:45:36'), 'mag': 5.9}, {'lat': -49.007, 'long': 123.505, 'Time': Timestamp('2008-12-13 08:59:41'), 'mag': 5.4}]",6,30
1611,2008-11-19 06:54:23.035,0,[],0,7
1612,2008-12-02 10:10:20.715,0,[],0,20
1613,2008-11-24 13:29:23.671,0,[],0,12
1614,2008-11-28 23:13:53.830,1,"[{'lat': -18.701, 'long': -177.716, 'Time': Timestamp('2008-11-29 05:59:16'), 'mag': 6.0}, {'lat': -18.701, 'long': -177.716, 'Time': Timestamp('2008-11-29 05:59:16'), 'mag': 6.0}, {'lat': -30.183, 'long': -177.444, 'Time': Timestamp('2008-11-29 12:46:55'), 'mag': 5.0}, {'lat': -18.701, 'long': -177.716, 'Time': Timestamp('2008-11-29 05:59:16'), 'mag': 6.0}, {'lat': -30.183, 'long': -177.444, 'Time': Timestamp('2008-11-29 12:46:55'), 'mag': 5.0}, {'lat': -30.183, 'long': -177.444, 'Time': Timestamp('2008-11-29 12:46:55'), 'mag': 5.0}]",6,16
1615,2008-12-01 07:24:22.156,1,"[{'lat': 35.299, 'long': 46.544, 'Time': Timestamp('2008-12-01 10:18:40'), 'mag': 5.0}, {'lat': 35.299, 'long': 46.544, 'Time': Timestamp('2008-12-01 10:18:40'), 'mag': 5.0}, {'lat': 35.299, 'long': 46.544, 'Time': Timestamp('2008-12-01 10:18:40'), 'mag': 5.0}]",3,18
1616,2008-12-02 10:40:52.668,0,[],0,19
1617,2008-11-29 13:59:24.072,0,[],0,16
1618,2008-12-01 18:53:17.706,0,[],0,18
1619,2008-12-09 22:06:53.205,0,[],0,26
1620,2008-12-10 01:20:51.573,1,"[{'lat': -12.337, 'long': 166.572, 'Time': Timestamp('2008-12-10 13:15:34'), 'mag': 6.0}, {'lat': 1.551, 'long': 126.508, 'Time': Timestamp('2008-12-11 14:23:42'), 'mag': 5.0}, {'lat': 1.551, 'long': 126.508, 'Time': Timestamp('2008-12-11 14:23:42'), 'mag': 5.0}, {'lat': 0.063, 'long': 123.433, 'Time': Timestamp('2008-12-11 21:40:51'), 'mag': 5.9}, {'lat': 1.551, 'long': 126.508, 'Time': Timestamp('2008-12-11 14:23:42'), 'mag': 5.0}, {'lat': 0.063, 'long': 123.433, 'Time': Timestamp('2008-12-11 21:40:51'), 'mag': 5.9}]",6,26
1621,2008-11-21 06:15:55.515,0,[],0,7
1622,2008-11-20 09:31:21.818,0,[],0,6
1623,2008-12-08 12:50:53.446,0,[],0,24
1624,2008-12-07 16:08:22.149,0,[],0,23
1625,2008-12-02 19:22:53.553,0,[],0,18
1626,2008-11-23 03:30:24.546,1,"[{'lat': 54.203, 'long': 154.322, 'Time': Timestamp('2008-11-24 09:02:58'), 'mag': 7.3}]",1,8
1627,2008-12-15 06:46:23.372,1,"[{'lat': -16.173, 'long': 67.508, 'Time': Timestamp('2008-12-15 16:50:44'), 'mag': 5.0}, {'lat': -16.289, 'long': 67.125, 'Time': Timestamp('2008-12-16 10:19:40'), 'mag': 5.2}, {'lat': -16.173, 'long': 67.508, 'Time': Timestamp('2008-12-15 16:50:44'), 'mag': 5.0}, {'lat': -16.289, 'long': 67.125, 'Time': Timestamp('2008-12-16 10:19:40'), 'mag': 5.2}, {'lat': -16.173, 'long': 67.508, 'Time': Timestamp('2008-12-15 16:50:44'), 'mag': 5.0}, {'lat': -16.289, 'long': 67.125, 'Time': Timestamp('2008-12-16 10:19:40'), 'mag': 5.2}]",6,30
1628,2008-12-12 10:01:52.219,1,"[{'lat': -7.346, 'long': 30.128, 'Time': Timestamp('2008-12-14 09:43:10'), 'mag': 5.2}, {'lat': -7.346, 'long': 30.128, 'Time': Timestamp('2008-12-14 09:43:10'), 'mag': 5.2}, {'lat': 38.72, 'long': 22.57, 'Time': Timestamp('2008-12-13 08:27:19'), 'mag': 5.2}]",3,27
1629,2008-12-14 13:21:23.847,0,[],0,29
1630,2008-12-05 16:38:23.544,1,"[{'lat': -4.666, 'long': -106.29, 'Time': Timestamp('2008-12-07 08:53:21'), 'mag': 5.1}, {'lat': -4.475, 'long': -106.129, 'Time': Timestamp('2008-12-07 14:15:33'), 'mag': 5.3}, {'lat': -4.666, 'long': -106.29, 'Time': Timestamp('2008-12-07 08:53:21'), 'mag': 5.1}, {'lat': -4.475, 'long': -106.129, 'Time': Timestamp('2008-12-07 14:15:33'), 'mag': 5.3}]",4,20
1631,2008-11-20 19:52:53.954,1,"[{'lat': -55.033, 'long': -129.565, 'Time': Timestamp('2008-11-21 22:35:01'), 'mag': 5.6}, {'lat': -54.869, 'long': -129.556, 'Time': Timestamp('2008-11-21 22:42:37'), 'mag': 5.2}, {'lat': -56.269, 'long': -144.246, 'Time': Timestamp('2008-11-22 10:43:54'), 'mag': 5.0}, {'lat': -55.033, 'long': -129.565, 'Time': Timestamp('2008-11-21 22:35:01'), 'mag': 5.6}, {'lat': -54.869, 'long': -129.556, 'Time': Timestamp('2008-11-21 22:42:37'), 'mag': 5.2}, {'lat': -56.269, 'long': -144.246, 'Time': Timestamp('2008-11-22 10:43:54'), 'mag': 5.0}, {'lat': -56.269, 'long': -144.246, 'Time': Timestamp('2008-11-22 10:43:54'), 'mag': 5.0}]",7,5
1632,2008-12-03 11:56:23.774,0,[],0,11
1633,2008-12-21 15:14:22.914,1,"[{'lat': -17.637, 'long': -69.064, 'Time': Timestamp('2008-12-22 13:52:40'), 'mag': 5.0}, {'lat': -17.637, 'long': -69.064, 'Time': Timestamp('2008-12-22 13:52:40'), 'mag': 5.0}, {'lat': -17.637, 'long': -69.064, 'Time': Timestamp('2008-12-22 13:52:40'), 'mag': 5.0}]",3,29
1634,2008-12-16 18:29:53.882,0,[],0,24
1635,2008-12-17 12:49:23.876,1,"[{'lat': 47.006, 'long': -27.29, 'Time': Timestamp('2008-12-19 08:31:51'), 'mag': 5.9}, {'lat': 47.006, 'long': -27.29, 'Time': Timestamp('2008-12-19 08:31:51'), 'mag': 5.9}, {'lat': 47.006, 'long': -27.29, 'Time': Timestamp('2008-12-19 08:31:51'), 'mag': 5.9}]",3,20
1636,2008-12-02 17:44:23.957,0,[],0,5
1637,2008-12-09 20:58:24.010,1,"[{'lat': -19.111, 'long': -175.325, 'Time': Timestamp('2008-12-11 16:29:10'), 'mag': 5.3}]",1,12
1638,2008-12-16 00:11:51.485,1,"[{'lat': -36.914, 'long': 177.732, 'Time': Timestamp('2008-12-17 20:33:57'), 'mag': 5.2}, {'lat': -7.177, 'long': 147.892, 'Time': Timestamp('2008-12-17 08:09:57'), 'mag': 5.3}, {'lat': -7.177, 'long': 147.892, 'Time': Timestamp('2008-12-17 08:09:57'), 'mag': 5.3}, {'lat': -7.177, 'long': 147.892, 'Time': Timestamp('2008-12-17 08:09:57'), 'mag': 5.3}]",4,18
1639,2008-12-09 08:21:17.404,1,"[{'lat': 30.306, 'long': 67.64, 'Time': Timestamp('2008-12-09 12:57:18'), 'mag': 5.2}, {'lat': 26.8, 'long': 55.68, 'Time': Timestamp('2008-12-09 15:09:23'), 'mag': 5.0}, {'lat': 30.442, 'long': 67.404, 'Time': Timestamp('2008-12-09 22:52:37'), 'mag': 5.7}, {'lat': 30.306, 'long': 67.64, 'Time': Timestamp('2008-12-09 12:57:18'), 'mag': 5.2}, {'lat': 26.8, 'long': 55.68, 'Time': Timestamp('2008-12-09 15:09:23'), 'mag': 5.0}, {'lat': 30.442, 'long': 67.404, 'Time': Timestamp('2008-12-09 22:52:37'), 'mag': 5.7}, {'lat': 26.8, 'long': 55.68, 'Time': Timestamp('2008-12-09 15:09:23'), 'mag': 5.0}]",7,11
1640,2008-12-26 11:40:23.251,0,[],0,28
1641,2008-12-18 14:58:18.182,1,"[{'lat': 47.006, 'long': -27.29, 'Time': Timestamp('2008-12-19 08:31:51'), 'mag': 5.9}, {'lat': 47.006, 'long': -27.29, 'Time': Timestamp('2008-12-19 08:31:51'), 'mag': 5.9}, {'lat': 47.006, 'long': -27.29, 'Time': Timestamp('2008-12-19 08:31:51'), 'mag': 5.9}, {'lat': 18.622, 'long': -69.408, 'Time': Timestamp('2008-12-18 17:13:47'), 'mag': 5.1}, {'lat': 18.622, 'long': -69.408, 'Time': Timestamp('2008-12-18 17:13:47'), 'mag': 5.1}, {'lat': -32.458, 'long': -71.726, 'Time': Timestamp('2008-12-18 21:19:28'), 'mag': 6.2}, {'lat': -32.473, 'long': -72.051, 'Time': Timestamp('2008-12-18 21:50:28'), 'mag': 6.0}, {'lat': -32.537, 'long': -72.02, 'Time': Timestamp('2008-12-19 07:30:06'), 'mag': 5.4}, {'lat': -32.458, 'long': -71.949, 'Time': Timestamp('2008-12-19 09:36:04'), 'mag': 5.7}, {'lat': -32.584, 'long': -71.852, 'Time': Timestamp('2008-12-19 13:57:30'), 'mag': 5.2}, {'lat': -32.607, 'long': -71.99, 'Time': Timestamp('2008-12-19 16:48:50'), 'mag': 5.2}, {'lat': -32.501, 'long': -71.917, 'Time': Timestamp('2008-12-20 11:29:37'), 'mag': 5.0}, {'lat': -32.458, 'long': -71.726, 'Time': Timestamp('2008-12-18 21:19:28'), 'mag': 6.2}, {'lat': -32.473, 'long': -72.051, 'Time': Timestamp('2008-12-18 21:50:28'), 'mag': 6.0}, {'lat': -32.537, 'long': -72.02, 'Time': Timestamp('2008-12-19 07:30:06'), 'mag': 5.4}, {'lat': -32.458, 'long': -71.949, 'Time': Timestamp('2008-12-19 09:36:04'), 'mag': 5.7}, {'lat': -32.584, 'long': -71.852, 'Time': Timestamp('2008-12-19 13:57:30'), 'mag': 5.2}, {'lat': -32.607, 'long': -71.99, 'Time': Timestamp('2008-12-19 16:48:50'), 'mag': 5.2}, {'lat': -32.501, 'long': -71.917, 'Time': Timestamp('2008-12-20 11:29:37'), 'mag': 5.0}]",19,20
1642,2008-12-19 18:13:53.358,0,[],0,21
1643,2008-12-27 02:19:22.240,1,"[{'lat': 43.934, 'long': 148.283, 'Time': Timestamp('2008-12-27 19:16:23'), 'mag': 5.1}, {'lat': 48.284, 'long': 154.365, 'Time': Timestamp('2008-12-28 13:31:36'), 'mag': 5.4}, {'lat': 48.225, 'long': 154.384, 'Time': Timestamp('2008-12-28 18:03:38'), 'mag': 5.0}, {'lat': 48.289, 'long': 154.292, 'Time': Timestamp('2008-12-28 21:40:16'), 'mag': 5.4}, {'lat': 48.248, 'long': 154.283, 'Time': Timestamp('2008-12-28 22:39:45'), 'mag': 5.0}, {'lat': 43.934, 'long': 148.283, 'Time': Timestamp('2008-12-27 19:16:23'), 'mag': 5.1}, {'lat': 48.284, 'long': 154.365, 'Time': Timestamp('2008-12-28 13:31:36'), 'mag': 5.4}, {'lat': 48.225, 'long': 154.384, 'Time': Timestamp('2008-12-28 18:03:38'), 'mag': 5.0}, {'lat': 48.289, 'long': 154.292, 'Time': Timestamp('2008-12-28 21:40:16'), 'mag': 5.4}, {'lat': 48.248, 'long': 154.283, 'Time': Timestamp('2008-12-28 22:39:45'), 'mag': 5.0}, {'lat': 43.934, 'long': 148.283, 'Time': Timestamp('2008-12-27 19:16:23'), 'mag': 5.1}, {'lat': 48.284, 'long': 154.365, 'Time': Timestamp('2008-12-28 13:31:36'), 'mag': 5.4}, {'lat': 48.225, 'long': 154.384, 'Time': Timestamp('2008-12-28 18:03:38'), 'mag': 5.0}, {'lat': 48.289, 'long': 154.292, 'Time': Timestamp('2008-12-28 21:40:16'), 'mag': 5.4}, {'lat': 48.248, 'long': 154.283, 'Time': Timestamp('2008-12-28 22:39:45'), 'mag': 5.0}]",15,28
1644,2008-12-10 12:10:53.652,0,[],0,11
1645,2008-12-22 15:28:44.711,0,[],0,23
1646,2008-12-18 18:43:49.640,0,[],0,19
1647,2008-12-06 21:57:23.332,0,[],0,7
1648,2008-12-19 01:11:48.196,1,"[{'lat': -9.957, 'long': 160.479, 'Time': Timestamp('2008-12-19 20:02:19'), 'mag': 5.1}, {'lat': -9.956, 'long': 160.404, 'Time': Timestamp('2008-12-19 22:33:20'), 'mag': 5.2}, {'lat': -9.957, 'long': 160.479, 'Time': Timestamp('2008-12-19 20:02:19'), 'mag': 5.1}, {'lat': -9.956, 'long': 160.404, 'Time': Timestamp('2008-12-19 22:33:20'), 'mag': 5.2}, {'lat': -9.957, 'long': 160.479, 'Time': Timestamp('2008-12-19 20:02:19'), 'mag': 5.1}, {'lat': -9.956, 'long': 160.404, 'Time': Timestamp('2008-12-19 22:33:20'), 'mag': 5.2}, {'lat': 36.541, 'long': 142.425, 'Time': Timestamp('2008-12-20 10:29:23'), 'mag': 6.3}, {'lat': 36.561, 'long': 142.461, 'Time': Timestamp('2008-12-20 10:48:23'), 'mag': 5.2}, {'lat': 36.612, 'long': 142.204, 'Time': Timestamp('2008-12-20 17:37:16'), 'mag': 5.1}, {'lat': 36.671, 'long': 142.045, 'Time': Timestamp('2008-12-20 19:13:38'), 'mag': 5.4}, {'lat': 36.541, 'long': 142.425, 'Time': Timestamp('2008-12-20 10:29:23'), 'mag': 6.3}, {'lat': 36.561, 'long': 142.461, 'Time': Timestamp('2008-12-20 10:48:23'), 'mag': 5.2}, {'lat': 36.612, 'long': 142.204, 'Time': Timestamp('2008-12-20 17:37:16'), 'mag': 5.1}, {'lat': 36.671, 'long': 142.045, 'Time': Timestamp('2008-12-20 19:13:38'), 'mag': 5.4}, {'lat': 36.541, 'long': 142.425, 'Time': Timestamp('2008-12-20 10:29:23'), 'mag': 6.3}, {'lat': 36.561, 'long': 142.461, 'Time': Timestamp('2008-12-20 10:48:23'), 'mag': 5.2}, {'lat': 36.612, 'long': 142.204, 'Time': Timestamp('2008-12-20 17:37:16'), 'mag': 5.1}, {'lat': 36.671, 'long': 142.045, 'Time': Timestamp('2008-12-20 19:13:38'), 'mag': 5.4}, {'lat': 12.769, 'long': 143.102, 'Time': Timestamp('2008-12-20 17:27:40'), 'mag': 5.0}, {'lat': 1.227, 'long': 126.839, 'Time': Timestamp('2008-12-19 08:06:12'), 'mag': 5.2}, {'lat': 8.872, 'long': 126.537, 'Time': Timestamp('2008-12-20 13:50:02'), 'mag': 5.0}, {'lat': 8.844, 'long': 126.532, 'Time': Timestamp('2008-12-20 15:43:08'), 'mag': 5.6}, {'lat': 12.769, 'long': 143.102, 'Time': Timestamp('2008-12-20 17:27:40'), 'mag': 5.0}, {'lat': 8.843, 'long': 126.609, 'Time': Timestamp('2008-12-20 21:00:45'), 'mag': 5.0}, {'lat': 1.227, 'long': 126.839, 'Time': Timestamp('2008-12-19 08:06:12'), 'mag': 5.2}, {'lat': 8.872, 'long': 126.537, 'Time': Timestamp('2008-12-20 13:50:02'), 'mag': 5.0}, {'lat': 8.844, 'long': 126.532, 'Time': Timestamp('2008-12-20 15:43:08'), 'mag': 5.6}, {'lat': -2.769, 'long': 138.996, 'Time': Timestamp('2008-12-20 17:44:45'), 'mag': 5.5}, {'lat': 8.843, 'long': 126.609, 'Time': Timestamp('2008-12-20 21:00:45'), 'mag': 5.0}, {'lat': 1.227, 'long': 126.839, 'Time': Timestamp('2008-12-19 08:06:12'), 'mag': 5.2}, {'lat': -2.769, 'long': 138.996, 'Time': Timestamp('2008-12-20 17:44:45'), 'mag': 5.5}, {'lat': -2.769, 'long': 138.996, 'Time': Timestamp('2008-12-20 17:44:45'), 'mag': 5.5}]",32,19
1649,2008-12-24 06:06:52.584,1,"[{'lat': 23.417, 'long': 64.499, 'Time': Timestamp('2008-12-25 22:40:23'), 'mag': 5.8}, {'lat': 23.417, 'long': 64.499, 'Time': Timestamp('2008-12-25 22:40:23'), 'mag': 5.8}]",2,24
1650,2008-12-08 09:21:53.753,1,"[{'lat': 26.92, 'long': 55.85, 'Time': Timestamp('2008-12-08 14:41:43'), 'mag': 5.1}, {'lat': 26.8, 'long': 55.68, 'Time': Timestamp('2008-12-09 15:09:23'), 'mag': 5.0}]",2,8
1651,2008-12-29 12:41:24.053,0,[],0,29
1652,2008-12-10 22:27:23.212,1,"[{'lat': -31.106, 'long': -176.8, 'Time': Timestamp('2008-12-12 10:46:17'), 'mag': 5.1}, {'lat': -31.073, 'long': -176.811, 'Time': Timestamp('2008-12-12 11:55:29'), 'mag': 5.0}, {'lat': -31.008, 'long': -176.737, 'Time': Timestamp('2008-12-12 15:58:16'), 'mag': 5.0}]",3,10
1653,2008-12-31 06:36:54.195,0,[],0,30
1654,2008-12-29 09:52:21.826,0,[],0,28
1655,2008-12-31 13:11:53.454,0,[],0,30
1656,2008-12-21 16:28:49.501,1,"[{'lat': -17.637, 'long': -69.064, 'Time': Timestamp('2008-12-22 13:52:40'), 'mag': 5.0}, {'lat': -17.637, 'long': -69.064, 'Time': Timestamp('2008-12-22 13:52:40'), 'mag': 5.0}]",2,20
1657,2008-12-20 19:43:23.561,0,[],0,19
1658,2008-12-26 22:56:53.614,1,"[{'lat': 53.391, 'long': -163.528, 'Time': Timestamp('2008-12-27 14:50:28'), 'mag': 5.2}, {'lat': 53.391, 'long': -163.528, 'Time': Timestamp('2008-12-27 14:50:28'), 'mag': 5.2}, {'lat': -11.33, 'long': 166.459, 'Time': Timestamp('2008-12-28 20:25:31'), 'mag': 5.0}, {'lat': -14.833, 'long': 167.77, 'Time': Timestamp('2008-12-27 21:07:48'), 'mag': 5.2}, {'lat': -11.33, 'long': 166.459, 'Time': Timestamp('2008-12-28 20:25:31'), 'mag': 5.0}, {'lat': -14.833, 'long': 167.77, 'Time': Timestamp('2008-12-27 21:07:48'), 'mag': 5.2}, {'lat': -11.33, 'long': 166.459, 'Time': Timestamp('2008-12-28 20:25:31'), 'mag': 5.0}, {'lat': -22.371, 'long': 173.778, 'Time': Timestamp('2008-12-28 22:07:29'), 'mag': 5.2}, {'lat': -14.833, 'long': 167.77, 'Time': Timestamp('2008-12-27 21:07:48'), 'mag': 5.2}, {'lat': -22.371, 'long': 173.778, 'Time': Timestamp('2008-12-28 22:07:29'), 'mag': 5.2}, {'lat': -49.504, 'long': 163.989, 'Time': Timestamp('2008-12-27 06:59:57'), 'mag': 5.1}, {'lat': -49.504, 'long': 163.989, 'Time': Timestamp('2008-12-27 06:59:57'), 'mag': 5.1}]",12,25
1659,2008-12-09 07:06:57.040,1,"[{'lat': 30.306, 'long': 67.64, 'Time': Timestamp('2008-12-09 12:57:18'), 'mag': 5.2}, {'lat': 30.442, 'long': 67.404, 'Time': Timestamp('2008-12-09 22:52:37'), 'mag': 5.7}, {'lat': 30.306, 'long': 67.64, 'Time': Timestamp('2008-12-09 12:57:18'), 'mag': 5.2}, {'lat': 30.442, 'long': 67.404, 'Time': Timestamp('2008-12-09 22:52:37'), 'mag': 5.7}, {'lat': 26.8, 'long': 55.68, 'Time': Timestamp('2008-12-09 15:09:23'), 'mag': 5.0}, {'lat': 26.8, 'long': 55.68, 'Time': Timestamp('2008-12-09 15:09:23'), 'mag': 5.0}, {'lat': 26.8, 'long': 55.68, 'Time': Timestamp('2008-12-09 15:09:23'), 'mag': 5.0}]",7,7
1660,2009-01-01 15:20:51.639,0,[],0,30
1661,2008-12-28 18:35:49.817,0,[],0,26
1662,2008-12-11 21:49:50.852,0,[],0,9
1663,2009-01-02 01:03:51.575,1,"[{'lat': -11.412, 'long': 166.339, 'Time': Timestamp('2009-01-02 20:37:17'), 'mag': 5.3}, {'lat': -11.412, 'long': 166.339, 'Time': Timestamp('2009-01-02 20:37:17'), 'mag': 5.3}, {'lat': -12.429, 'long': 166.739, 'Time': Timestamp('2009-01-03 16:49:25'), 'mag': 5.4}, {'lat': -11.412, 'long': 166.339, 'Time': Timestamp('2009-01-02 20:37:17'), 'mag': 5.3}, {'lat': -12.429, 'long': 166.739, 'Time': Timestamp('2009-01-03 16:49:25'), 'mag': 5.4}, {'lat': 32.655, 'long': 138.038, 'Time': Timestamp('2009-01-02 07:42:53'), 'mag': 5.1}, {'lat': 32.655, 'long': 138.038, 'Time': Timestamp('2009-01-02 07:42:53'), 'mag': 5.1}, {'lat': 32.655, 'long': 138.038, 'Time': Timestamp('2009-01-02 07:42:53'), 'mag': 5.1}, {'lat': -0.304, 'long': 132.584, 'Time': Timestamp('2009-01-03 20:21:33'), 'mag': 5.1}, {'lat': -0.325, 'long': 132.885, 'Time': Timestamp('2009-01-03 21:49:30'), 'mag': 5.6}, {'lat': -0.305, 'long': 133.038, 'Time': Timestamp('2009-01-03 21:52:59'), 'mag': 5.2}, {'lat': -0.279, 'long': 132.857, 'Time': Timestamp('2009-01-03 22:07:47'), 'mag': 5.3}, {'lat': -0.192, 'long': 132.992, 'Time': Timestamp('2009-01-04 00:05:09'), 'mag': 5.2}, {'lat': -0.185, 'long': 132.863, 'Time': Timestamp('2009-01-04 00:55:36'), 'mag': 5.1}, {'lat': -7.44, 'long': 128.464, 'Time': Timestamp('2009-01-03 16:30:46'), 'mag': 5.4}, {'lat': -0.414, 'long': 132.885, 'Time': Timestamp('2009-01-03 19:43:50'), 'mag': 7.7}, {'lat': -0.589, 'long': 133.363, 'Time': Timestamp('2009-01-03 19:53:18'), 'mag': 5.6}, {'lat': -0.447, 'long': 132.894, 'Time': Timestamp('2009-01-03 19:54:55'), 'mag': 5.0}, {'lat': -0.529, 'long': 133.005, 'Time': Timestamp('2009-01-03 20:04:20'), 'mag': 5.0}, {'lat': -0.304, 'long': 132.584, 'Time': Timestamp('2009-01-03 20:21:33'), 'mag': 5.1}, {'lat': -0.386, 'long': 132.611, 'Time': Timestamp('2009-01-03 20:30:12'), 'mag': 5.1}, {'lat': -0.674, 'long': 133.295, 'Time': Timestamp('2009-01-03 20:35:09'), 'mag': 5.0}, {'lat': -0.519, 'long': 133.095, 'Time': Timestamp('2009-01-03 21:30:44'), 'mag': 5.0}, {'lat': -0.325, 'long': 132.885, 'Time': Timestamp('2009-01-03 21:49:30'), 'mag': 5.6}, {'lat': -0.305, 'long': 133.038, 'Time': Timestamp('2009-01-03 21:52:59'), 'mag': 5.2}, {'lat': -0.404, 'long': 132.511, 'Time': Timestamp('2009-01-03 22:03:19'), 'mag': 5.0}, {'lat': -0.279, 'long': 132.857, 'Time': Timestamp('2009-01-03 22:07:47'), 'mag': 5.3}, {'lat': -0.691, 'long': 133.305, 'Time': Timestamp('2009-01-03 22:33:40'), 'mag': 7.4}, {'lat': -0.511, 'long': 133.222, 'Time': Timestamp('2009-01-03 23:01:04'), 'mag': 5.2}, {'lat': -0.694, 'long': 133.275, 'Time': Timestamp('2009-01-04 00:00:38'), 'mag': 5.5}, {'lat': -0.192, 'long': 132.992, 'Time': Timestamp('2009-01-04 00:05:09'), 'mag': 5.2}, {'lat': -0.185, 'long': 132.863, 'Time': Timestamp('2009-01-04 00:55:36'), 'mag': 5.1}, {'lat': -7.44, 'long': 128.464, 'Time': Timestamp('2009-01-03 16:30:46'), 'mag': 5.4}, {'lat': -0.414, 'long': 132.885, 'Time': Timestamp('2009-01-03 19:43:50'), 'mag': 7.7}, {'lat': -0.589, 'long': 133.363, 'Time': Timestamp('2009-01-03 19:53:18'), 'mag': 5.6}, {'lat': -0.447, 'long': 132.894, 'Time': Timestamp('2009-01-03 19:54:55'), 'mag': 5.0}, {'lat': -0.529, 'long': 133.005, 'Time': Timestamp('2009-01-03 20:04:20'), 'mag': 5.0}, {'lat': -0.304, 'long': 132.584, 'Time': Timestamp('2009-01-03 20:21:33'), 'mag': 5.1}, {'lat': -0.386, 'long': 132.611, 'Time': Timestamp('2009-01-03 20:30:12'), 'mag': 5.1}, {'lat': -0.674, 'long': 133.295, 'Time': Timestamp('2009-01-03 20:35:09'), 'mag': 5.0}, {'lat': -0.519, 'long': 133.095, 'Time': Timestamp('2009-01-03 21:30:44'), 'mag': 5.0}, {'lat': -0.325, 'long': 132.885, 'Time': Timestamp('2009-01-03 21:49:30'), 'mag': 5.6}, {'lat': -0.305, 'long': 133.038, 'Time': Timestamp('2009-01-03 21:52:59'), 'mag': 5.2}, {'lat': -0.404, 'long': 132.511, 'Time': Timestamp('2009-01-03 22:03:19'), 'mag': 5.0}, {'lat': -0.279, 'long': 132.857, 'Time': Timestamp('2009-01-03 22:07:47'), 'mag': 5.3}, {'lat': -0.691, 'long': 133.305, 'Time': Timestamp('2009-01-03 22:33:40'), 'mag': 7.4}, {'lat': -0.511, 'long': 133.222, 'Time': Timestamp('2009-01-03 23:01:04'), 'mag': 5.2}, {'lat': -0.694, 'long': 133.275, 'Time': Timestamp('2009-01-04 00:00:38'), 'mag': 5.5}, {'lat': -0.192, 'long': 132.992, 'Time': Timestamp('2009-01-04 00:05:09'), 'mag': 5.2}, {'lat': -0.185, 'long': 132.863, 'Time': Timestamp('2009-01-04 00:55:36'), 'mag': 5.1}, {'lat': -7.44, 'long': 128.464, 'Time': Timestamp('2009-01-03 16:30:46'), 'mag': 5.4}]",51,30
1664,2008-12-28 05:58:55.421,1,"[{'lat': 32.275, 'long': 105.098, 'Time': Timestamp('2008-12-29 06:18:22'), 'mag': 5.0}, {'lat': 32.275, 'long': 105.098, 'Time': Timestamp('2008-12-29 06:18:22'), 'mag': 5.0}, {'lat': 36.389, 'long': 71.075, 'Time': Timestamp('2008-12-29 03:37:41'), 'mag': 5.8}, {'lat': 36.389, 'long': 71.075, 'Time': Timestamp('2008-12-29 03:37:41'), 'mag': 5.8}, {'lat': 36.389, 'long': 71.075, 'Time': Timestamp('2008-12-29 03:37:41'), 'mag': 5.8}, {'lat': -1.191, 'long': 67.556, 'Time': Timestamp('2008-12-29 12:11:45'), 'mag': 5.2}, {'lat': -1.191, 'long': 67.556, 'Time': Timestamp('2008-12-29 12:11:45'), 'mag': 5.2}, {'lat': -1.191, 'long': 67.556, 'Time': Timestamp('2008-12-29 12:11:45'), 'mag': 5.2}]",8,25
1665,2008-12-31 09:13:50.162,1,"[{'lat': 17.217, 'long': 40.519, 'Time': Timestamp('2009-01-01 01:39:21'), 'mag': 5.0}, {'lat': 17.217, 'long': 40.519, 'Time': Timestamp('2009-01-01 01:39:21'), 'mag': 5.0}]",2,28
1666,2008-12-24 12:33:23.432,0,[],0,21
1667,2009-01-01 22:19:23.592,1,"[{'lat': 58.3943, 'long': -151.9586, 'Time': Timestamp('2009-01-02 14:17:14'), 'mag': 5.3}, {'lat': 58.3943, 'long': -151.9586, 'Time': Timestamp('2009-01-02 14:17:14'), 'mag': 5.3}, {'lat': -11.412, 'long': 166.339, 'Time': Timestamp('2009-01-02 20:37:17'), 'mag': 5.3}, {'lat': -12.429, 'long': 166.739, 'Time': Timestamp('2009-01-03 16:49:25'), 'mag': 5.4}, {'lat': -11.412, 'long': 166.339, 'Time': Timestamp('2009-01-02 20:37:17'), 'mag': 5.3}, {'lat': -12.429, 'long': 166.739, 'Time': Timestamp('2009-01-03 16:49:25'), 'mag': 5.4}]",6,29
1668,2008-12-09 06:28:50.479,1,"[{'lat': 7.665, 'long': 92.217, 'Time': Timestamp('2008-12-09 21:00:52'), 'mag': 5.1}, {'lat': 7.665, 'long': 92.217, 'Time': Timestamp('2008-12-09 21:00:52'), 'mag': 5.1}, {'lat': 30.306, 'long': 67.64, 'Time': Timestamp('2008-12-09 12:57:18'), 'mag': 5.2}, {'lat': 26.8, 'long': 55.68, 'Time': Timestamp('2008-12-09 15:09:23'), 'mag': 5.0}, {'lat': 30.442, 'long': 67.404, 'Time': Timestamp('2008-12-09 22:52:37'), 'mag': 5.7}, {'lat': 30.306, 'long': 67.64, 'Time': Timestamp('2008-12-09 12:57:18'), 'mag': 5.2}, {'lat': 26.8, 'long': 55.68, 'Time': Timestamp('2008-12-09 15:09:23'), 'mag': 5.0}, {'lat': 30.442, 'long': 67.404, 'Time': Timestamp('2008-12-09 22:52:37'), 'mag': 5.7}, {'lat': 30.306, 'long': 67.64, 'Time': Timestamp('2008-12-09 12:57:18'), 'mag': 5.2}, {'lat': 26.8, 'long': 55.68, 'Time': Timestamp('2008-12-09 15:09:23'), 'mag': 5.0}, {'lat': 30.442, 'long': 67.404, 'Time': Timestamp('2008-12-09 22:52:37'), 'mag': 5.7}]",11,5
1669,2008-12-09 09:44:22.206,0,[],0,5
1670,2008-12-18 13:03:53.834,1,"[{'lat': 47.006, 'long': -27.29, 'Time': Timestamp('2008-12-19 08:31:51'), 'mag': 5.9}, {'lat': 47.006, 'long': -27.29, 'Time': Timestamp('2008-12-19 08:31:51'), 'mag': 5.9}, {'lat': 47.006, 'long': -27.29, 'Time': Timestamp('2008-12-19 08:31:51'), 'mag': 5.9}]",3,14
1671,2008-12-31 16:20:51.097,1,"[{'lat': -8.823, 'long': -75.872, 'Time': Timestamp('2008-12-31 21:23:42'), 'mag': 5.0}, {'lat': -8.823, 'long': -75.872, 'Time': Timestamp('2008-12-31 21:23:42'), 'mag': 5.0}, {'lat': -8.823, 'long': -75.872, 'Time': Timestamp('2008-12-31 21:23:42'), 'mag': 5.0}, {'lat': -34.84, 'long': -107.647, 'Time': Timestamp('2009-01-01 06:27:51'), 'mag': 5.8}, {'lat': -34.876, 'long': -107.781, 'Time': Timestamp('2009-01-01 12:42:05'), 'mag': 5.0}, {'lat': -34.799, 'long': -107.331, 'Time': Timestamp('2009-01-02 08:31:38'), 'mag': 5.0}, {'lat': -34.84, 'long': -107.647, 'Time': Timestamp('2009-01-01 06:27:51'), 'mag': 5.8}, {'lat': -34.876, 'long': -107.781, 'Time': Timestamp('2009-01-01 12:42:05'), 'mag': 5.0}, {'lat': -34.799, 'long': -107.331, 'Time': Timestamp('2009-01-02 08:31:38'), 'mag': 5.0}]",9,27
1672,2008-12-17 19:35:24.253,0,[],0,13
1673,2008-12-13 22:49:23.993,1,"[{'lat': -14.145, 'long': 166.725, 'Time': Timestamp('2008-12-13 23:17:13'), 'mag': 5.1}, {'lat': -14.186, 'long': 166.674, 'Time': Timestamp('2008-12-15 09:52:48'), 'mag': 5.2}, {'lat': -14.048, 'long': 166.469, 'Time': Timestamp('2008-12-15 10:32:39'), 'mag': 5.0}, {'lat': -14.145, 'long': 166.725, 'Time': Timestamp('2008-12-13 23:17:13'), 'mag': 5.1}, {'lat': -14.186, 'long': 166.674, 'Time': Timestamp('2008-12-15 09:52:48'), 'mag': 5.2}, {'lat': -14.048, 'long': 166.469, 'Time': Timestamp('2008-12-15 10:32:39'), 'mag': 5.0}]",6,9
1674,2008-12-22 08:35:50.140,0,[],0,17
1675,2008-12-15 11:54:53.207,1,"[{'lat': -11.628, 'long': -13.412, 'Time': Timestamp('2008-12-16 17:26:29'), 'mag': 5.0}]",1,10
1676,2009-01-01 15:12:52.347,0,[],0,27
1677,2008-12-22 18:28:23.315,0,[],0,17
1678,2008-12-19 21:41:53.367,1,"[{'lat': -31.054, 'long': -177.791, 'Time': Timestamp('2008-12-20 06:10:33'), 'mag': 5.0}, {'lat': -31.247, 'long': -177.179, 'Time': Timestamp('2008-12-20 22:40:02'), 'mag': 5.0}, {'lat': -31.054, 'long': -177.791, 'Time': Timestamp('2008-12-20 06:10:33'), 'mag': 5.0}, {'lat': -31.247, 'long': -177.179, 'Time': Timestamp('2008-12-20 22:40:02'), 'mag': 5.0}]",4,14
1679,2008-12-17 00:55:48.186,1,"[{'lat': -6.96, 'long': 156.653, 'Time': Timestamp('2008-12-18 06:22:19'), 'mag': 5.0}, {'lat': -17.004, 'long': 168.551, 'Time': Timestamp('2008-12-18 03:20:02'), 'mag': 5.1}, {'lat': -6.96, 'long': 156.653, 'Time': Timestamp('2008-12-18 06:22:19'), 'mag': 5.0}, {'lat': -17.004, 'long': 168.551, 'Time': Timestamp('2008-12-18 03:20:02'), 'mag': 5.1}, {'lat': -6.96, 'long': 156.653, 'Time': Timestamp('2008-12-18 06:22:19'), 'mag': 5.0}, {'lat': -17.004, 'long': 168.551, 'Time': Timestamp('2008-12-18 03:20:02'), 'mag': 5.1}, {'lat': 38.429, 'long': 143.002, 'Time': Timestamp('2008-12-18 06:47:13'), 'mag': 5.3}, {'lat': 38.429, 'long': 143.002, 'Time': Timestamp('2008-12-18 06:47:13'), 'mag': 5.3}, {'lat': 38.429, 'long': 143.002, 'Time': Timestamp('2008-12-18 06:47:13'), 'mag': 5.3}, {'lat': 20.46, 'long': 146.449, 'Time': Timestamp('2008-12-18 17:18:18'), 'mag': 5.1}, {'lat': 20.372, 'long': 146.339, 'Time': Timestamp('2008-12-19 00:34:58'), 'mag': 5.0}, {'lat': 20.46, 'long': 146.449, 'Time': Timestamp('2008-12-18 17:18:18'), 'mag': 5.1}, {'lat': 20.372, 'long': 146.339, 'Time': Timestamp('2008-12-19 00:34:58'), 'mag': 5.0}, {'lat': -7.177, 'long': 147.892, 'Time': Timestamp('2008-12-17 08:09:57'), 'mag': 5.3}, {'lat': -7.177, 'long': 147.892, 'Time': Timestamp('2008-12-17 08:09:57'), 'mag': 5.3}, {'lat': 2.299, 'long': 127.169, 'Time': Timestamp('2008-12-18 15:50:15'), 'mag': 5.3}]",16,11
1680,2009-01-01 05:50:54.472,0,[],0,26
1681,2008-12-20 09:05:50.541,0,[],0,14
1682,2008-12-30 12:25:23.608,0,[],0,24
1683,2009-01-02 15:42:51.642,1,"[{'lat': -28.54, 'long': -63.011, 'Time': Timestamp('2009-01-03 21:15:01'), 'mag': 5.1}, {'lat': -28.54, 'long': -63.011, 'Time': Timestamp('2009-01-03 21:15:01'), 'mag': 5.1}, {'lat': -28.54, 'long': -63.011, 'Time': Timestamp('2009-01-03 21:15:01'), 'mag': 5.1}]",3,27
1684,2008-12-12 18:57:53.716,0,[],0,6
1685,2008-12-11 22:11:52.073,0,[],0,5
1686,2008-12-20 01:25:50.809,1,"[{'lat': -11.211, 'long': 162.332, 'Time': Timestamp('2008-12-21 14:26:51'), 'mag': 5.2}, {'lat': -11.211, 'long': 162.332, 'Time': Timestamp('2008-12-21 14:26:51'), 'mag': 5.2}, {'lat': 36.541, 'long': 142.425, 'Time': Timestamp('2008-12-20 10:29:23'), 'mag': 6.3}, {'lat': 36.561, 'long': 142.461, 'Time': Timestamp('2008-12-20 10:48:23'), 'mag': 5.2}, {'lat': 36.612, 'long': 142.204, 'Time': Timestamp('2008-12-20 17:37:16'), 'mag': 5.1}, {'lat': 36.671, 'long': 142.045, 'Time': Timestamp('2008-12-20 19:13:38'), 'mag': 5.4}, {'lat': 36.541, 'long': 142.317, 'Time': Timestamp('2008-12-21 09:16:44'), 'mag': 5.9}, {'lat': 36.541, 'long': 142.425, 'Time': Timestamp('2008-12-20 10:29:23'), 'mag': 6.3}, {'lat': 36.561, 'long': 142.461, 'Time': Timestamp('2008-12-20 10:48:23'), 'mag': 5.2}, {'lat': 36.612, 'long': 142.204, 'Time': Timestamp('2008-12-20 17:37:16'), 'mag': 5.1}, {'lat': 36.671, 'long': 142.045, 'Time': Timestamp('2008-12-20 19:13:38'), 'mag': 5.4}, {'lat': 36.541, 'long': 142.317, 'Time': Timestamp('2008-12-21 09:16:44'), 'mag': 5.9}, {'lat': 8.872, 'long': 126.537, 'Time': Timestamp('2008-12-20 13:50:02'), 'mag': 5.0}, {'lat': 8.844, 'long': 126.532, 'Time': Timestamp('2008-12-20 15:43:08'), 'mag': 5.6}, {'lat': 12.769, 'long': 143.102, 'Time': Timestamp('2008-12-20 17:27:40'), 'mag': 5.0}, {'lat': 8.843, 'long': 126.609, 'Time': Timestamp('2008-12-20 21:00:45'), 'mag': 5.0}, {'lat': 8.872, 'long': 126.537, 'Time': Timestamp('2008-12-20 13:50:02'), 'mag': 5.0}, {'lat': 8.844, 'long': 126.532, 'Time': Timestamp('2008-12-20 15:43:08'), 'mag': 5.6}, {'lat': 12.769, 'long': 143.102, 'Time': Timestamp('2008-12-20 17:27:40'), 'mag': 5.0}, {'lat': 8.843, 'long': 126.609, 'Time': Timestamp('2008-12-20 21:00:45'), 'mag': 5.0}, {'lat': 8.872, 'long': 126.537, 'Time': Timestamp('2008-12-20 13:50:02'), 'mag': 5.0}, {'lat': 8.844, 'long': 126.532, 'Time': Timestamp('2008-12-20 15:43:08'), 'mag': 5.6}, {'lat': -2.769, 'long': 138.996, 'Time': Timestamp('2008-12-20 17:44:45'), 'mag': 5.5}, {'lat': 8.843, 'long': 126.609, 'Time': Timestamp('2008-12-20 21:00:45'), 'mag': 5.0}, {'lat': -2.769, 'long': 138.996, 'Time': Timestamp('2008-12-20 17:44:45'), 'mag': 5.5}, {'lat': -2.769, 'long': 138.996, 'Time': Timestamp('2008-12-20 17:44:45'), 'mag': 5.5}]",26,13
1687,2008-12-28 06:20:56.201,1,"[{'lat': 36.389, 'long': 71.075, 'Time': Timestamp('2008-12-29 03:37:41'), 'mag': 5.8}, {'lat': 36.389, 'long': 71.075, 'Time': Timestamp('2008-12-29 03:37:41'), 'mag': 5.8}, {'lat': 36.389, 'long': 71.075, 'Time': Timestamp('2008-12-29 03:37:41'), 'mag': 5.8}, {'lat': -1.191, 'long': 67.556, 'Time': Timestamp('2008-12-29 12:11:45'), 'mag': 5.2}, {'lat': -1.191, 'long': 67.556, 'Time': Timestamp('2008-12-29 12:11:45'), 'mag': 5.2}]",5,21
1688,2008-12-14 09:36:16.958,1,"[{'lat': -7.346, 'long': 30.128, 'Time': Timestamp('2008-12-14 09:43:10'), 'mag': 5.2}, {'lat': -7.346, 'long': 30.128, 'Time': Timestamp('2008-12-14 09:43:10'), 'mag': 5.2}, {'lat': -7.346, 'long': 30.128, 'Time': Timestamp('2008-12-14 09:43:10'), 'mag': 5.2}]",3,7
1689,2008-12-15 12:55:54.010,1,"[{'lat': -11.628, 'long': -13.412, 'Time': Timestamp('2008-12-16 17:26:29'), 'mag': 5.0}, {'lat': -11.628, 'long': -13.412, 'Time': Timestamp('2008-12-16 17:26:29'), 'mag': 5.0}, {'lat': -11.628, 'long': -13.412, 'Time': Timestamp('2008-12-16 17:26:29'), 'mag': 5.0}]",3,8
1690,2008-12-27 22:41:23.170,1,"[{'lat': -11.33, 'long': 166.459, 'Time': Timestamp('2008-12-28 20:25:31'), 'mag': 5.0}, {'lat': -11.33, 'long': 166.459, 'Time': Timestamp('2008-12-28 20:25:31'), 'mag': 5.0}, {'lat': -11.33, 'long': 166.459, 'Time': Timestamp('2008-12-28 20:25:31'), 'mag': 5.0}, {'lat': -22.371, 'long': 173.778, 'Time': Timestamp('2008-12-28 22:07:29'), 'mag': 5.2}, {'lat': -22.371, 'long': 173.778, 'Time': Timestamp('2008-12-28 22:07:29'), 'mag': 5.2}, {'lat': -22.371, 'long': 173.778, 'Time': Timestamp('2008-12-28 22:07:29'), 'mag': 5.2}]",6,20
1691,2008-12-23 08:27:51.645,0,[],0,15
1692,2008-12-24 11:46:53.384,0,[],0,16
1693,2008-12-31 15:04:55.179,1,"[{'lat': -8.823, 'long': -75.872, 'Time': Timestamp('2008-12-31 21:23:42'), 'mag': 5.0}, {'lat': -8.823, 'long': -75.872, 'Time': Timestamp('2008-12-31 21:23:42'), 'mag': 5.0}, {'lat': -8.823, 'long': -75.872, 'Time': Timestamp('2008-12-31 21:23:42'), 'mag': 5.0}]",3,23
1694,2008-12-31 18:20:19.373,1,"[{'lat': -34.84, 'long': -107.647, 'Time': Timestamp('2009-01-01 06:27:51'), 'mag': 5.8}, {'lat': -34.876, 'long': -107.781, 'Time': Timestamp('2009-01-01 12:42:05'), 'mag': 5.0}, {'lat': -34.799, 'long': -107.331, 'Time': Timestamp('2009-01-02 08:31:38'), 'mag': 5.0}, {'lat': -34.84, 'long': -107.647, 'Time': Timestamp('2009-01-01 06:27:51'), 'mag': 5.8}, {'lat': -34.876, 'long': -107.781, 'Time': Timestamp('2009-01-01 12:42:05'), 'mag': 5.0}, {'lat': -34.799, 'long': -107.331, 'Time': Timestamp('2009-01-02 08:31:38'), 'mag': 5.0}, {'lat': -34.84, 'long': -107.647, 'Time': Timestamp('2009-01-01 06:27:51'), 'mag': 5.8}, {'lat': -34.876, 'long': -107.781, 'Time': Timestamp('2009-01-01 12:42:05'), 'mag': 5.0}, {'lat': -34.799, 'long': -107.331, 'Time': Timestamp('2009-01-02 08:31:38'), 'mag': 5.0}]",9,23
1695,2009-01-03 21:33:24.616,0,[],0,26
1696,2008-12-15 00:48:21.131,1,"[{'lat': -14.186, 'long': 166.674, 'Time': Timestamp('2008-12-15 09:52:48'), 'mag': 5.2}, {'lat': -14.048, 'long': 166.469, 'Time': Timestamp('2008-12-15 10:32:39'), 'mag': 5.0}, {'lat': -14.186, 'long': 166.674, 'Time': Timestamp('2008-12-15 09:52:48'), 'mag': 5.2}, {'lat': -14.048, 'long': 166.469, 'Time': Timestamp('2008-12-15 10:32:39'), 'mag': 5.0}, {'lat': -14.186, 'long': 166.674, 'Time': Timestamp('2008-12-15 09:52:48'), 'mag': 5.2}, {'lat': -14.048, 'long': 166.469, 'Time': Timestamp('2008-12-15 10:32:39'), 'mag': 5.0}, {'lat': 12.082, 'long': 144.148, 'Time': Timestamp('2008-12-15 18:43:36'), 'mag': 5.0}, {'lat': 12.082, 'long': 144.148, 'Time': Timestamp('2008-12-15 18:43:36'), 'mag': 5.0}]",8,6
1697,2008-12-16 07:21:21.896,1,"[{'lat': -16.289, 'long': 67.125, 'Time': Timestamp('2008-12-16 10:19:40'), 'mag': 5.2}, {'lat': -16.289, 'long': 67.125, 'Time': Timestamp('2008-12-16 10:19:40'), 'mag': 5.2}, {'lat': -16.289, 'long': 67.125, 'Time': Timestamp('2008-12-16 10:19:40'), 'mag': 5.2}]",3,7
1698,2008-12-19 10:37:22.184,1,"[{'lat': -31.193, 'long': -13.338, 'Time': Timestamp('2008-12-20 21:05:16'), 'mag': 5.8}, {'lat': -31.12, 'long': -13.419, 'Time': Timestamp('2008-12-20 22:13:48'), 'mag': 5.4}, {'lat': -31.193, 'long': -13.338, 'Time': Timestamp('2008-12-20 21:05:16'), 'mag': 5.8}, {'lat': -31.12, 'long': -13.419, 'Time': Timestamp('2008-12-20 22:13:48'), 'mag': 5.4}, {'lat': -31.193, 'long': -13.338, 'Time': Timestamp('2008-12-20 21:05:16'), 'mag': 5.8}, {'lat': -31.12, 'long': -13.419, 'Time': Timestamp('2008-12-20 22:13:48'), 'mag': 5.4}]",6,10
1699,2008-12-15 13:56:22.005,1,"[{'lat': -29.726, 'long': -71.506, 'Time': Timestamp('2008-12-16 22:05:25'), 'mag': 5.1}, {'lat': -29.726, 'long': -71.506, 'Time': Timestamp('2008-12-16 22:05:25'), 'mag': 5.1}]",2,6
1700,2009-01-01 17:12:53.865,1,"[{'lat': -34.799, 'long': -107.331, 'Time': Timestamp('2009-01-02 08:31:38'), 'mag': 5.0}, {'lat': -34.799, 'long': -107.331, 'Time': Timestamp('2009-01-02 08:31:38'), 'mag': 5.0}, {'lat': -34.799, 'long': -107.331, 'Time': Timestamp('2009-01-02 08:31:38'), 'mag': 5.0}]",3,23
1701,2008-12-23 20:26:53.918,1,"[{'lat': 49.128, 'long': -128.621, 'Time': Timestamp('2008-12-25 08:11:58'), 'mag': 5.8}, {'lat': 49.128, 'long': -128.621, 'Time': Timestamp('2008-12-25 08:11:58'), 'mag': 5.8}]",2,14
1702,2008-12-27 23:40:53.972,1,"[{'lat': -22.371, 'long': 173.778, 'Time': Timestamp('2008-12-28 22:07:29'), 'mag': 5.2}, {'lat': -22.371, 'long': 173.778, 'Time': Timestamp('2008-12-28 22:07:29'), 'mag': 5.2}, {'lat': -11.33, 'long': 166.459, 'Time': Timestamp('2008-12-28 20:25:31'), 'mag': 5.0}]",3,18
1703,2008-12-16 09:28:21.732,1,"[{'lat': 39.206, 'long': 15.444, 'Time': Timestamp('2008-12-17 21:57:44'), 'mag': 5.3}, {'lat': 39.206, 'long': 15.444, 'Time': Timestamp('2008-12-17 21:57:44'), 'mag': 5.3}, {'lat': 39.206, 'long': 15.444, 'Time': Timestamp('2008-12-17 21:57:44'), 'mag': 5.3}]",3,6
1704,2008-12-15 12:47:53.360,1,"[{'lat': -11.628, 'long': -13.412, 'Time': Timestamp('2008-12-16 17:26:29'), 'mag': 5.0}, {'lat': -11.628, 'long': -13.412, 'Time': Timestamp('2008-12-16 17:26:29'), 'mag': 5.0}, {'lat': -11.628, 'long': -13.412, 'Time': Timestamp('2008-12-16 17:26:29'), 'mag': 5.0}]",3,5
1705,2008-12-30 22:33:23.519,1,"[{'lat': -25.378, 'long': -177.612, 'Time': Timestamp('2008-12-31 14:02:27'), 'mag': 5.3}]",1,20
1706,2008-12-18 01:47:47.233,1,"[{'lat': 20.46, 'long': 146.449, 'Time': Timestamp('2008-12-18 17:18:18'), 'mag': 5.1}, {'lat': 20.372, 'long': 146.339, 'Time': Timestamp('2008-12-19 00:34:58'), 'mag': 5.0}, {'lat': 20.46, 'long': 146.449, 'Time': Timestamp('2008-12-18 17:18:18'), 'mag': 5.1}, {'lat': 20.372, 'long': 146.339, 'Time': Timestamp('2008-12-19 00:34:58'), 'mag': 5.0}, {'lat': -6.96, 'long': 156.653, 'Time': Timestamp('2008-12-18 06:22:19'), 'mag': 5.0}, {'lat': -6.96, 'long': 156.653, 'Time': Timestamp('2008-12-18 06:22:19'), 'mag': 5.0}, {'lat': -6.96, 'long': 156.653, 'Time': Timestamp('2008-12-18 06:22:19'), 'mag': 5.0}, {'lat': 38.429, 'long': 143.002, 'Time': Timestamp('2008-12-18 06:47:13'), 'mag': 5.3}, {'lat': 38.429, 'long': 143.002, 'Time': Timestamp('2008-12-18 06:47:13'), 'mag': 5.3}, {'lat': 38.429, 'long': 143.002, 'Time': Timestamp('2008-12-18 06:47:13'), 'mag': 5.3}, {'lat': 2.299, 'long': 127.169, 'Time': Timestamp('2008-12-18 15:50:15'), 'mag': 5.3}, {'lat': 1.227, 'long': 126.839, 'Time': Timestamp('2008-12-19 08:06:12'), 'mag': 5.2}, {'lat': 2.299, 'long': 127.169, 'Time': Timestamp('2008-12-18 15:50:15'), 'mag': 5.3}, {'lat': 1.227, 'long': 126.839, 'Time': Timestamp('2008-12-19 08:06:12'), 'mag': 5.2}, {'lat': 2.299, 'long': 127.169, 'Time': Timestamp('2008-12-18 15:50:15'), 'mag': 5.3}, {'lat': 1.227, 'long': 126.839, 'Time': Timestamp('2008-12-19 08:06:12'), 'mag': 5.2}]",16,7
1707,2008-12-21 06:43:27.392,1,"[{'lat': 35.962, 'long': 71.407, 'Time': Timestamp('2008-12-21 22:38:29'), 'mag': 5.0}, {'lat': 35.962, 'long': 71.407, 'Time': Timestamp('2008-12-21 22:38:29'), 'mag': 5.0}]",2,10
1708,2008-12-16 09:58:52.132,1,"[{'lat': 39.206, 'long': 15.444, 'Time': Timestamp('2008-12-17 21:57:44'), 'mag': 5.3}, {'lat': 39.206, 'long': 15.444, 'Time': Timestamp('2008-12-17 21:57:44'), 'mag': 5.3}, {'lat': 39.206, 'long': 15.444, 'Time': Timestamp('2008-12-17 21:57:44'), 'mag': 5.3}]",3,5
1709,2008-12-17 13:18:23.761,1,"[{'lat': 47.006, 'long': -27.29, 'Time': Timestamp('2008-12-19 08:31:51'), 'mag': 5.9}, {'lat': 47.006, 'long': -27.29, 'Time': Timestamp('2008-12-19 08:31:51'), 'mag': 5.9}, {'lat': 47.006, 'long': -27.29, 'Time': Timestamp('2008-12-19 08:31:51'), 'mag': 5.9}]",3,6
1710,2008-12-26 16:35:23.814,0,[],0,15
1711,2008-12-16 19:49:23.867,0,[],0,5
1712,2008-12-17 23:03:23.920,1,"[{'lat': -23.495, 'long': -179.996, 'Time': Timestamp('2008-12-18 20:57:39'), 'mag': 5.6}, {'lat': -23.495, 'long': -179.996, 'Time': Timestamp('2008-12-18 20:57:39'), 'mag': 5.6}, {'lat': -23.495, 'long': -179.996, 'Time': Timestamp('2008-12-18 20:57:39'), 'mag': 5.6}, {'lat': -6.96, 'long': 156.653, 'Time': Timestamp('2008-12-18 06:22:19'), 'mag': 5.0}, {'lat': -9.957, 'long': 160.479, 'Time': Timestamp('2008-12-19 20:02:19'), 'mag': 5.1}, {'lat': -9.956, 'long': 160.404, 'Time': Timestamp('2008-12-19 22:33:20'), 'mag': 5.2}, {'lat': -17.004, 'long': 168.551, 'Time': Timestamp('2008-12-18 03:20:02'), 'mag': 5.1}, {'lat': -6.96, 'long': 156.653, 'Time': Timestamp('2008-12-18 06:22:19'), 'mag': 5.0}, {'lat': -9.957, 'long': 160.479, 'Time': Timestamp('2008-12-19 20:02:19'), 'mag': 5.1}, {'lat': -9.956, 'long': 160.404, 'Time': Timestamp('2008-12-19 22:33:20'), 'mag': 5.2}, {'lat': -17.004, 'long': 168.551, 'Time': Timestamp('2008-12-18 03:20:02'), 'mag': 5.1}, {'lat': -6.96, 'long': 156.653, 'Time': Timestamp('2008-12-18 06:22:19'), 'mag': 5.0}, {'lat': -9.957, 'long': 160.479, 'Time': Timestamp('2008-12-19 20:02:19'), 'mag': 5.1}, {'lat': -9.956, 'long': 160.404, 'Time': Timestamp('2008-12-19 22:33:20'), 'mag': 5.2}, {'lat': -17.004, 'long': 168.551, 'Time': Timestamp('2008-12-18 03:20:02'), 'mag': 5.1}]",15,6
1713,2009-01-02 02:17:52.723,1,"[{'lat': 32.655, 'long': 138.038, 'Time': Timestamp('2009-01-02 07:42:53'), 'mag': 5.1}, {'lat': -0.414, 'long': 132.885, 'Time': Timestamp('2009-01-03 19:43:50'), 'mag': 7.7}, {'lat': -0.589, 'long': 133.363, 'Time': Timestamp('2009-01-03 19:53:18'), 'mag': 5.6}, {'lat': -0.447, 'long': 132.894, 'Time': Timestamp('2009-01-03 19:54:55'), 'mag': 5.0}, {'lat': -0.529, 'long': 133.005, 'Time': Timestamp('2009-01-03 20:04:20'), 'mag': 5.0}, {'lat': -0.304, 'long': 132.584, 'Time': Timestamp('2009-01-03 20:21:33'), 'mag': 5.1}, {'lat': -0.386, 'long': 132.611, 'Time': Timestamp('2009-01-03 20:30:12'), 'mag': 5.1}, {'lat': -0.674, 'long': 133.295, 'Time': Timestamp('2009-01-03 20:35:09'), 'mag': 5.0}, {'lat': -0.519, 'long': 133.095, 'Time': Timestamp('2009-01-03 21:30:44'), 'mag': 5.0}, {'lat': -0.325, 'long': 132.885, 'Time': Timestamp('2009-01-03 21:49:30'), 'mag': 5.6}, {'lat': -0.305, 'long': 133.038, 'Time': Timestamp('2009-01-03 21:52:59'), 'mag': 5.2}, {'lat': -0.404, 'long': 132.511, 'Time': Timestamp('2009-01-03 22:03:19'), 'mag': 5.0}, {'lat': -0.279, 'long': 132.857, 'Time': Timestamp('2009-01-03 22:07:47'), 'mag': 5.3}, {'lat': -0.691, 'long': 133.305, 'Time': Timestamp('2009-01-03 22:33:40'), 'mag': 7.4}, {'lat': -0.511, 'long': 133.222, 'Time': Timestamp('2009-01-03 23:01:04'), 'mag': 5.2}, {'lat': -0.694, 'long': 133.275, 'Time': Timestamp('2009-01-04 00:00:38'), 'mag': 5.5}, {'lat': -0.192, 'long': 132.992, 'Time': Timestamp('2009-01-04 00:05:09'), 'mag': 5.2}, {'lat': -0.185, 'long': 132.863, 'Time': Timestamp('2009-01-04 00:55:36'), 'mag': 5.1}, {'lat': -0.731, 'long': 133.554, 'Time': Timestamp('2009-01-04 01:55:23'), 'mag': 5.3}, {'lat': -0.414, 'long': 132.885, 'Time': Timestamp('2009-01-03 19:43:50'), 'mag': 7.7}, {'lat': -0.589, 'long': 133.363, 'Time': Timestamp('2009-01-03 19:53:18'), 'mag': 5.6}, {'lat': -0.447, 'long': 132.894, 'Time': Timestamp('2009-01-03 19:54:55'), 'mag': 5.0}, {'lat': -0.529, 'long': 133.005, 'Time': Timestamp('2009-01-03 20:04:20'), 'mag': 5.0}, {'lat': -0.304, 'long': 132.584, 'Time': Timestamp('2009-01-03 20:21:33'), 'mag': 5.1}, {'lat': -0.386, 'long': 132.611, 'Time': Timestamp('2009-01-03 20:30:12'), 'mag': 5.1}, {'lat': -0.674, 'long': 133.295, 'Time': Timestamp('2009-01-03 20:35:09'), 'mag': 5.0}, {'lat': -0.519, 'long': 133.095, 'Time': Timestamp('2009-01-03 21:30:44'), 'mag': 5.0}, {'lat': -0.325, 'long': 132.885, 'Time': Timestamp('2009-01-03 21:49:30'), 'mag': 5.6}, {'lat': -0.305, 'long': 133.038, 'Time': Timestamp('2009-01-03 21:52:59'), 'mag': 5.2}, {'lat': -0.404, 'long': 132.511, 'Time': Timestamp('2009-01-03 22:03:19'), 'mag': 5.0}, {'lat': -0.279, 'long': 132.857, 'Time': Timestamp('2009-01-03 22:07:47'), 'mag': 5.3}, {'lat': -0.691, 'long': 133.305, 'Time': Timestamp('2009-01-03 22:33:40'), 'mag': 7.4}, {'lat': -0.511, 'long': 133.222, 'Time': Timestamp('2009-01-03 23:01:04'), 'mag': 5.2}, {'lat': -0.694, 'long': 133.275, 'Time': Timestamp('2009-01-04 00:00:38'), 'mag': 5.5}, {'lat': -0.192, 'long': 132.992, 'Time': Timestamp('2009-01-04 00:05:09'), 'mag': 5.2}, {'lat': -0.185, 'long': 132.863, 'Time': Timestamp('2009-01-04 00:55:36'), 'mag': 5.1}, {'lat': -0.731, 'long': 133.554, 'Time': Timestamp('2009-01-04 01:55:23'), 'mag': 5.3}, {'lat': 32.655, 'long': 138.038, 'Time': Timestamp('2009-01-02 07:42:53'), 'mag': 5.1}, {'lat': 24.163, 'long': 121.745, 'Time': Timestamp('2009-01-03 22:04:34'), 'mag': 5.0}, {'lat': 24.163, 'long': 121.745, 'Time': Timestamp('2009-01-03 22:04:34'), 'mag': 5.0}, {'lat': 24.163, 'long': 121.745, 'Time': Timestamp('2009-01-03 22:04:34'), 'mag': 5.0}, {'lat': -7.44, 'long': 128.464, 'Time': Timestamp('2009-01-03 16:30:46'), 'mag': 5.4}, {'lat': -8.161, 'long': 119.683, 'Time': Timestamp('2009-01-03 20:20:36'), 'mag': 5.0}, {'lat': -8.161, 'long': 119.683, 'Time': Timestamp('2009-01-03 20:20:36'), 'mag': 5.0}]",44,21
1714,2009-01-10 07:13:27.346,0,[],0,29
1715,2009-01-02 10:29:20.205,0,[],0,21
1716,2008-12-23 13:48:23.162,0,[],0,11
1717,2009-01-09 17:05:23.215,1,"[{'lat': -23.039, 'long': -70.805, 'Time': Timestamp('2009-01-09 22:43:30'), 'mag': 5.0}]",1,28
1718,2009-01-07 20:19:23.269,0,[],0,26
1719,2008-12-23 23:32:53.321,1,"[{'lat': -17.29, 'long': -171.909, 'Time': Timestamp('2008-12-24 09:11:34'), 'mag': 6.0}, {'lat': -17.29, 'long': -171.909, 'Time': Timestamp('2008-12-24 09:11:34'), 'mag': 6.0}, {'lat': -18.339, 'long': 176.779, 'Time': Timestamp('2008-12-25 00:10:47'), 'mag': 5.5}]",3,11
1720,2008-12-29 07:43:17.551,1,"[{'lat': -1.191, 'long': 67.556, 'Time': Timestamp('2008-12-29 12:11:45'), 'mag': 5.2}, {'lat': -1.191, 'long': 67.556, 'Time': Timestamp('2008-12-29 12:11:45'), 'mag': 5.2}, {'lat': -1.191, 'long': 67.556, 'Time': Timestamp('2008-12-29 12:11:45'), 'mag': 5.2}]",3,16
1721,2009-01-04 10:59:50.607,0,[],0,22
1722,2009-01-09 22:25:53.695,1,"[{'lat': -26.729, 'long': -175.966, 'Time': Timestamp('2009-01-11 18:29:04'), 'mag': 5.2}, {'lat': -26.729, 'long': -175.966, 'Time': Timestamp('2009-01-11 18:29:04'), 'mag': 5.2}]",2,27
1723,2008-12-29 01:41:54.597,1,"[{'lat': -10.619, 'long': 161.162, 'Time': Timestamp('2008-12-30 17:43:51'), 'mag': 5.4}, {'lat': 5.419, 'long': 125.71, 'Time': Timestamp('2008-12-30 03:20:56'), 'mag': 5.1}, {'lat': 5.419, 'long': 125.71, 'Time': Timestamp('2008-12-30 03:20:56'), 'mag': 5.1}, {'lat': 5.419, 'long': 125.71, 'Time': Timestamp('2008-12-30 03:20:56'), 'mag': 5.1}, {'lat': -10.248, 'long': 118.459, 'Time': Timestamp('2008-12-30 18:09:24'), 'mag': 5.2}, {'lat': -10.248, 'long': 118.459, 'Time': Timestamp('2008-12-30 18:09:24'), 'mag': 5.2}, {'lat': -10.248, 'long': 118.459, 'Time': Timestamp('2008-12-30 18:09:24'), 'mag': 5.2}]",7,15
1724,2008-12-23 06:35:28.896,0,[],0,9
1725,2009-01-11 09:50:52.309,1,"[{'lat': 35.66, 'long': 26.39, 'Time': Timestamp('2009-01-13 06:12:42'), 'mag': 5.3}, {'lat': 35.66, 'long': 26.39, 'Time': Timestamp('2009-01-13 06:12:42'), 'mag': 5.3}]",2,28
1726,2009-01-04 13:10:23.937,1,"[{'lat': 42.418, 'long': -30.54, 'Time': Timestamp('2009-01-05 18:56:05'), 'mag': 5.1}, {'lat': 42.418, 'long': -30.54, 'Time': Timestamp('2009-01-05 18:56:05'), 'mag': 5.1}]",2,21
1727,2008-12-21 16:27:23.990,1,"[{'lat': -17.637, 'long': -69.064, 'Time': Timestamp('2008-12-22 13:52:40'), 'mag': 5.0}, {'lat': -17.637, 'long': -69.064, 'Time': Timestamp('2008-12-22 13:52:40'), 'mag': 5.0}, {'lat': -17.637, 'long': -69.064, 'Time': Timestamp('2008-12-22 13:52:40'), 'mag': 5.0}]",3,7
1728,2008-12-22 19:41:54.043,0,[],0,8
1729,2009-01-02 22:55:23.096,1,"[{'lat': -25.385, 'long': -175.492, 'Time': Timestamp('2009-01-03 08:22:59'), 'mag': 5.2}, {'lat': -25.385, 'long': -175.492, 'Time': Timestamp('2009-01-03 08:22:59'), 'mag': 5.2}, {'lat': -12.429, 'long': 166.739, 'Time': Timestamp('2009-01-03 16:49:25'), 'mag': 5.4}, {'lat': -12.429, 'long': 166.739, 'Time': Timestamp('2009-01-03 16:49:25'), 'mag': 5.4}]",4,19
1730,2009-01-09 08:42:18.915,0,[],0,25
1731,2008-12-27 12:01:23.311,0,[],0,12
1732,2009-01-02 15:19:25.218,1,"[{'lat': -28.54, 'long': -63.011, 'Time': Timestamp('2009-01-03 21:15:01'), 'mag': 5.1}, {'lat': -28.54, 'long': -63.011, 'Time': Timestamp('2009-01-03 21:15:01'), 'mag': 5.1}, {'lat': -28.54, 'long': -63.011, 'Time': Timestamp('2009-01-03 21:15:01'), 'mag': 5.1}]",3,18
1733,2009-01-02 18:34:23.418,1,"[{'lat': -58.331, 'long': -139.855, 'Time': Timestamp('2009-01-04 17:46:34'), 'mag': 5.2}, {'lat': -58.331, 'long': -139.855, 'Time': Timestamp('2009-01-04 17:46:34'), 'mag': 5.2}, {'lat': -58.331, 'long': -139.855, 'Time': Timestamp('2009-01-04 17:46:34'), 'mag': 5.2}]",3,18
1734,2008-12-26 21:47:24.542,1,"[{'lat': 53.391, 'long': -163.528, 'Time': Timestamp('2008-12-27 14:50:28'), 'mag': 5.2}, {'lat': 53.391, 'long': -163.528, 'Time': Timestamp('2008-12-27 14:50:28'), 'mag': 5.2}, {'lat': 53.391, 'long': -163.528, 'Time': Timestamp('2008-12-27 14:50:28'), 'mag': 5.2}, {'lat': -49.504, 'long': 163.989, 'Time': Timestamp('2008-12-27 06:59:57'), 'mag': 5.1}, {'lat': -49.504, 'long': 163.989, 'Time': Timestamp('2008-12-27 06:59:57'), 'mag': 5.1}]",5,11
1735,2009-01-05 01:02:21.057,1,"[{'lat': -0.763, 'long': 133.475, 'Time': Timestamp('2009-01-05 15:28:22'), 'mag': 5.0}, {'lat': -0.654, 'long': 133.283, 'Time': Timestamp('2009-01-05 19:24:00'), 'mag': 5.2}, {'lat': -0.356, 'long': 133.008, 'Time': Timestamp('2009-01-05 20:41:50'), 'mag': 5.0}, {'lat': -0.417, 'long': 132.745, 'Time': Timestamp('2009-01-06 16:28:08'), 'mag': 5.1}, {'lat': -6.788, 'long': 129.601, 'Time': Timestamp('2009-01-06 18:01:31'), 'mag': 5.0}, {'lat': -0.566, 'long': 132.784, 'Time': Timestamp('2009-01-06 19:56:25'), 'mag': 5.3}, {'lat': -0.751, 'long': 133.249, 'Time': Timestamp('2009-01-06 20:12:11'), 'mag': 5.0}, {'lat': -0.659, 'long': 133.434, 'Time': Timestamp('2009-01-06 22:48:27'), 'mag': 6.0}, {'lat': -0.763, 'long': 133.475, 'Time': Timestamp('2009-01-05 15:28:22'), 'mag': 5.0}, {'lat': -0.654, 'long': 133.283, 'Time': Timestamp('2009-01-05 19:24:00'), 'mag': 5.2}, {'lat': -0.356, 'long': 133.008, 'Time': Timestamp('2009-01-05 20:41:50'), 'mag': 5.0}, {'lat': -0.417, 'long': 132.745, 'Time': Timestamp('2009-01-06 16:28:08'), 'mag': 5.1}, {'lat': -6.788, 'long': 129.601, 'Time': Timestamp('2009-01-06 18:01:31'), 'mag': 5.0}, {'lat': -0.566, 'long': 132.784, 'Time': Timestamp('2009-01-06 19:56:25'), 'mag': 5.3}, {'lat': -0.751, 'long': 133.249, 'Time': Timestamp('2009-01-06 20:12:11'), 'mag': 5.0}, {'lat': -0.659, 'long': 133.434, 'Time': Timestamp('2009-01-06 22:48:27'), 'mag': 6.0}, {'lat': -6.788, 'long': 129.601, 'Time': Timestamp('2009-01-06 18:01:31'), 'mag': 5.0}]",17,20
1736,2009-01-12 05:57:24.575,1,"[{'lat': 2.817, 'long': 95.782, 'Time': Timestamp('2009-01-12 22:14:10'), 'mag': 5.1}, {'lat': 2.817, 'long': 95.782, 'Time': Timestamp('2009-01-12 22:14:10'), 'mag': 5.1}, {'lat': -10.228, 'long': 66.311, 'Time': Timestamp('2009-01-12 23:07:08'), 'mag': 5.0}, {'lat': -10.228, 'long': 66.311, 'Time': Timestamp('2009-01-12 23:07:08'), 'mag': 5.0}, {'lat': -13.147, 'long': 66.078, 'Time': Timestamp('2009-01-13 01:04:42'), 'mag': 6.0}, {'lat': -10.228, 'long': 66.311, 'Time': Timestamp('2009-01-12 23:07:08'), 'mag': 5.0}, {'lat': -13.147, 'long': 66.078, 'Time': Timestamp('2009-01-13 01:04:42'), 'mag': 6.0}]",7,27
1737,2008-12-30 09:12:20.645,1,"[{'lat': 17.217, 'long': 40.519, 'Time': Timestamp('2009-01-01 01:39:21'), 'mag': 5.0}, {'lat': 17.217, 'long': 40.519, 'Time': Timestamp('2009-01-01 01:39:21'), 'mag': 5.0}, {'lat': 17.217, 'long': 40.519, 'Time': Timestamp('2009-01-01 01:39:21'), 'mag': 5.0}]",3,14
1738,2008-12-26 12:31:53.712,0,[],0,10
1739,2009-01-09 15:49:21.199,1,"[{'lat': -23.039, 'long': -70.805, 'Time': Timestamp('2009-01-09 22:43:30'), 'mag': 5.0}, {'lat': -23.039, 'long': -70.805, 'Time': Timestamp('2009-01-09 22:43:30'), 'mag': 5.0}, {'lat': -23.039, 'long': -70.805, 'Time': Timestamp('2009-01-09 22:43:30'), 'mag': 5.0}]",3,24
1740,2008-12-24 19:04:19.812,1,"[{'lat': 49.128, 'long': -128.621, 'Time': Timestamp('2008-12-25 08:11:58'), 'mag': 5.8}, {'lat': 49.128, 'long': -128.621, 'Time': Timestamp('2008-12-25 08:11:58'), 'mag': 5.8}]",2,8
1741,2008-12-27 22:17:54.832,1,"[{'lat': -11.33, 'long': 166.459, 'Time': Timestamp('2008-12-28 20:25:31'), 'mag': 5.0}, {'lat': -11.33, 'long': 166.459, 'Time': Timestamp('2008-12-28 20:25:31'), 'mag': 5.0}, {'lat': -22.371, 'long': 173.778, 'Time': Timestamp('2008-12-28 22:07:29'), 'mag': 5.2}, {'lat': -22.371, 'long': 173.778, 'Time': Timestamp('2008-12-28 22:07:29'), 'mag': 5.2}]",4,11
1742,2008-12-26 01:32:20.911,1,"[{'lat': 43.934, 'long': 148.283, 'Time': Timestamp('2008-12-27 19:16:23'), 'mag': 5.1}, {'lat': 43.934, 'long': 148.283, 'Time': Timestamp('2008-12-27 19:16:23'), 'mag': 5.1}]",2,9
1743,2009-01-13 06:27:26.885,0,[],0,27
1744,2009-01-13 13:02:23.282,0,[],0,27
1745,2008-12-27 22:47:53.442,1,"[{'lat': -11.33, 'long': 166.459, 'Time': Timestamp('2008-12-28 20:25:31'), 'mag': 5.0}, {'lat': -11.33, 'long': 166.459, 'Time': Timestamp('2008-12-28 20:25:31'), 'mag': 5.0}, {'lat': -11.33, 'long': 166.459, 'Time': Timestamp('2008-12-28 20:25:31'), 'mag': 5.0}, {'lat': -22.371, 'long': 173.778, 'Time': Timestamp('2008-12-28 22:07:29'), 'mag': 5.2}, {'lat': -22.371, 'long': 173.778, 'Time': Timestamp('2008-12-28 22:07:29'), 'mag': 5.2}, {'lat': -22.371, 'long': 173.778, 'Time': Timestamp('2008-12-28 22:07:29'), 'mag': 5.2}]",6,10
1746,2009-01-05 06:57:24.547,0,[],0,18
1747,2008-12-28 10:13:24.823,1,"[{'lat': 40.39, 'long': 25.78, 'Time': Timestamp('2008-12-28 22:58:59'), 'mag': 5.2}, {'lat': 40.39, 'long': 25.78, 'Time': Timestamp('2008-12-28 22:58:59'), 'mag': 5.2}, {'lat': 40.39, 'long': 25.78, 'Time': Timestamp('2008-12-28 22:58:59'), 'mag': 5.2}]",3,10
1748,2009-01-05 13:32:53.683,1,"[{'lat': 42.418, 'long': -30.54, 'Time': Timestamp('2009-01-05 18:56:05'), 'mag': 5.1}, {'lat': 42.418, 'long': -30.54, 'Time': Timestamp('2009-01-05 18:56:05'), 'mag': 5.1}]",2,18
1749,2009-01-15 16:49:23.737,1,"[{'lat': 15.739, 'long': -92.744, 'Time': Timestamp('2009-01-17 02:57:31'), 'mag': 5.8}, {'lat': 15.739, 'long': -92.744, 'Time': Timestamp('2009-01-17 02:57:31'), 'mag': 5.8}, {'lat': 15.739, 'long': -92.744, 'Time': Timestamp('2009-01-17 02:57:31'), 'mag': 5.8}]",3,28
1750,2009-01-17 20:03:53.790,0,[],0,30
1751,2009-01-04 23:17:23.842,1,"[{'lat': -27.48, 'long': -176.706, 'Time': Timestamp('2009-01-05 22:27:13'), 'mag': 5.4}, {'lat': -27.48, 'long': -176.706, 'Time': Timestamp('2009-01-05 22:27:13'), 'mag': 5.4}]",2,17
1752,2009-01-01 07:27:52.169,0,[],0,13
1753,2009-01-06 10:44:21.128,1,"[{'lat': -53.057, 'long': 9.543, 'Time': Timestamp('2009-01-07 23:02:45'), 'mag': 5.0}]",1,18
1754,2009-01-01 14:02:53.084,1,"[{'lat': 0.624, 'long': -26.661, 'Time': Timestamp('2009-01-02 19:42:27'), 'mag': 5.6}, {'lat': 0.791, 'long': -27.118, 'Time': Timestamp('2009-01-02 20:14:30'), 'mag': 5.5}, {'lat': 0.624, 'long': -26.661, 'Time': Timestamp('2009-01-02 19:42:27'), 'mag': 5.6}, {'lat': 0.791, 'long': -27.118, 'Time': Timestamp('2009-01-02 20:14:30'), 'mag': 5.5}]",4,13
1755,2009-01-08 17:19:23.138,1,"[{'lat': 10.165, 'long': -84.197, 'Time': Timestamp('2009-01-08 19:21:35'), 'mag': 6.1}, {'lat': 10.165, 'long': -84.197, 'Time': Timestamp('2009-01-08 19:21:35'), 'mag': 6.1}]",2,20
1756,2009-01-16 20:33:23.191,0,[],0,28
1757,2009-01-02 01:24:21.585,1,"[{'lat': 32.655, 'long': 138.038, 'Time': Timestamp('2009-01-02 07:42:53'), 'mag': 5.1}, {'lat': 32.655, 'long': 138.038, 'Time': Timestamp('2009-01-02 07:42:53'), 'mag': 5.1}, {'lat': 32.655, 'long': 138.038, 'Time': Timestamp('2009-01-02 07:42:53'), 'mag': 5.1}, {'lat': -0.414, 'long': 132.885, 'Time': Timestamp('2009-01-03 19:43:50'), 'mag': 7.7}, {'lat': -0.589, 'long': 133.363, 'Time': Timestamp('2009-01-03 19:53:18'), 'mag': 5.6}, {'lat': -0.447, 'long': 132.894, 'Time': Timestamp('2009-01-03 19:54:55'), 'mag': 5.0}, {'lat': -0.529, 'long': 133.005, 'Time': Timestamp('2009-01-03 20:04:20'), 'mag': 5.0}, {'lat': -0.304, 'long': 132.584, 'Time': Timestamp('2009-01-03 20:21:33'), 'mag': 5.1}, {'lat': -0.386, 'long': 132.611, 'Time': Timestamp('2009-01-03 20:30:12'), 'mag': 5.1}, {'lat': -0.674, 'long': 133.295, 'Time': Timestamp('2009-01-03 20:35:09'), 'mag': 5.0}, {'lat': -0.519, 'long': 133.095, 'Time': Timestamp('2009-01-03 21:30:44'), 'mag': 5.0}, {'lat': -0.325, 'long': 132.885, 'Time': Timestamp('2009-01-03 21:49:30'), 'mag': 5.6}, {'lat': -0.305, 'long': 133.038, 'Time': Timestamp('2009-01-03 21:52:59'), 'mag': 5.2}, {'lat': -0.404, 'long': 132.511, 'Time': Timestamp('2009-01-03 22:03:19'), 'mag': 5.0}, {'lat': -0.279, 'long': 132.857, 'Time': Timestamp('2009-01-03 22:07:47'), 'mag': 5.3}, {'lat': -0.691, 'long': 133.305, 'Time': Timestamp('2009-01-03 22:33:40'), 'mag': 7.4}, {'lat': -0.511, 'long': 133.222, 'Time': Timestamp('2009-01-03 23:01:04'), 'mag': 5.2}, {'lat': -0.694, 'long': 133.275, 'Time': Timestamp('2009-01-04 00:00:38'), 'mag': 5.5}, {'lat': -0.192, 'long': 132.992, 'Time': Timestamp('2009-01-04 00:05:09'), 'mag': 5.2}, {'lat': -0.185, 'long': 132.863, 'Time': Timestamp('2009-01-04 00:55:36'), 'mag': 5.1}, {'lat': -7.44, 'long': 128.464, 'Time': Timestamp('2009-01-03 16:30:46'), 'mag': 5.4}, {'lat': -0.414, 'long': 132.885, 'Time': Timestamp('2009-01-03 19:43:50'), 'mag': 7.7}, {'lat': -0.589, 'long': 133.363, 'Time': Timestamp('2009-01-03 19:53:18'), 'mag': 5.6}, {'lat': -0.447, 'long': 132.894, 'Time': Timestamp('2009-01-03 19:54:55'), 'mag': 5.0}, {'lat': -0.529, 'long': 133.005, 'Time': Timestamp('2009-01-03 20:04:20'), 'mag': 5.0}, {'lat': -0.304, 'long': 132.584, 'Time': Timestamp('2009-01-03 20:21:33'), 'mag': 5.1}, {'lat': -0.386, 'long': 132.611, 'Time': Timestamp('2009-01-03 20:30:12'), 'mag': 5.1}, {'lat': -0.674, 'long': 133.295, 'Time': Timestamp('2009-01-03 20:35:09'), 'mag': 5.0}, {'lat': -0.519, 'long': 133.095, 'Time': Timestamp('2009-01-03 21:30:44'), 'mag': 5.0}, {'lat': -0.325, 'long': 132.885, 'Time': Timestamp('2009-01-03 21:49:30'), 'mag': 5.6}, {'lat': -0.305, 'long': 133.038, 'Time': Timestamp('2009-01-03 21:52:59'), 'mag': 5.2}, {'lat': -0.404, 'long': 132.511, 'Time': Timestamp('2009-01-03 22:03:19'), 'mag': 5.0}, {'lat': -0.279, 'long': 132.857, 'Time': Timestamp('2009-01-03 22:07:47'), 'mag': 5.3}, {'lat': -0.691, 'long': 133.305, 'Time': Timestamp('2009-01-03 22:33:40'), 'mag': 7.4}, {'lat': -0.511, 'long': 133.222, 'Time': Timestamp('2009-01-03 23:01:04'), 'mag': 5.2}, {'lat': -0.694, 'long': 133.275, 'Time': Timestamp('2009-01-04 00:00:38'), 'mag': 5.5}, {'lat': -0.192, 'long': 132.992, 'Time': Timestamp('2009-01-04 00:05:09'), 'mag': 5.2}, {'lat': -0.185, 'long': 132.863, 'Time': Timestamp('2009-01-04 00:55:36'), 'mag': 5.1}, {'lat': -7.44, 'long': 128.464, 'Time': Timestamp('2009-01-03 16:30:46'), 'mag': 5.4}, {'lat': -8.161, 'long': 119.683, 'Time': Timestamp('2009-01-03 20:20:36'), 'mag': 5.0}]",40,13
1758,2009-01-08 17:49:23.539,1,"[{'lat': 10.165, 'long': -84.197, 'Time': Timestamp('2009-01-08 19:21:35'), 'mag': 6.1}, {'lat': 10.165, 'long': -84.197, 'Time': Timestamp('2009-01-08 19:21:35'), 'mag': 6.1}, {'lat': -56.219, 'long': -142.911, 'Time': Timestamp('2009-01-10 06:10:19'), 'mag': 5.1}]",3,19
1759,2009-01-09 21:03:19.128,1,"[{'lat': -56.219, 'long': -142.911, 'Time': Timestamp('2009-01-10 06:10:19'), 'mag': 5.1}, {'lat': -56.219, 'long': -142.911, 'Time': Timestamp('2009-01-10 06:10:19'), 'mag': 5.1}, {'lat': -26.729, 'long': -175.966, 'Time': Timestamp('2009-01-11 18:29:04'), 'mag': 5.2}, {'lat': -26.729, 'long': -175.966, 'Time': Timestamp('2009-01-11 18:29:04'), 'mag': 5.2}]",4,20
1760,2008-12-30 00:16:51.067,1,"[{'lat': -10.619, 'long': 161.162, 'Time': Timestamp('2008-12-30 17:43:51'), 'mag': 5.4}, {'lat': -10.619, 'long': 161.162, 'Time': Timestamp('2008-12-30 17:43:51'), 'mag': 5.4}]",2,9
1761,2008-12-31 03:33:54.111,1,"[{'lat': 4.918, 'long': 127.437, 'Time': Timestamp('2008-12-31 11:39:53'), 'mag': 5.4}, {'lat': 1.319, 'long': 121.838, 'Time': Timestamp('2009-01-01 10:35:34'), 'mag': 5.1}, {'lat': 4.918, 'long': 127.437, 'Time': Timestamp('2008-12-31 11:39:53'), 'mag': 5.4}, {'lat': 1.319, 'long': 121.838, 'Time': Timestamp('2009-01-01 10:35:34'), 'mag': 5.1}, {'lat': 4.918, 'long': 127.437, 'Time': Timestamp('2008-12-31 11:39:53'), 'mag': 5.4}, {'lat': 1.319, 'long': 121.838, 'Time': Timestamp('2009-01-01 10:35:34'), 'mag': 5.1}, {'lat': -4.332, 'long': 101.298, 'Time': Timestamp('2009-01-01 16:57:53'), 'mag': 5.5}, {'lat': -4.326, 'long': 101.236, 'Time': Timestamp('2009-01-01 18:37:24'), 'mag': 5.3}, {'lat': -4.332, 'long': 101.298, 'Time': Timestamp('2009-01-01 16:57:53'), 'mag': 5.5}, {'lat': -4.326, 'long': 101.236, 'Time': Timestamp('2009-01-01 18:37:24'), 'mag': 5.3}, {'lat': -4.332, 'long': 101.298, 'Time': Timestamp('2009-01-01 16:57:53'), 'mag': 5.5}, {'lat': -4.326, 'long': 101.236, 'Time': Timestamp('2009-01-01 18:37:24'), 'mag': 5.3}]",12,10
1762,2009-01-04 06:49:53.395,1,"[{'lat': 36.442, 'long': 70.883, 'Time': Timestamp('2009-01-04 23:12:59'), 'mag': 5.7}, {'lat': 36.442, 'long': 70.883, 'Time': Timestamp('2009-01-04 23:12:59'), 'mag': 5.7}]",2,14
1763,2009-01-14 10:05:55.000,0,[],0,24
1764,2009-01-15 13:24:53.859,1,"[{'lat': -59.743, 'long': -26.698, 'Time': Timestamp('2009-01-17 05:17:13'), 'mag': 5.1}, {'lat': 14.487, 'long': -45.058, 'Time': Timestamp('2009-01-16 22:13:59'), 'mag': 5.4}, {'lat': 14.487, 'long': -45.058, 'Time': Timestamp('2009-01-16 22:13:59'), 'mag': 5.4}, {'lat': 14.487, 'long': -45.058, 'Time': Timestamp('2009-01-16 22:13:59'), 'mag': 5.4}]",4,25
1765,2009-01-09 23:09:54.019,1,"[{'lat': -26.729, 'long': -175.966, 'Time': Timestamp('2009-01-11 18:29:04'), 'mag': 5.2}, {'lat': -26.729, 'long': -175.966, 'Time': Timestamp('2009-01-11 18:29:04'), 'mag': 5.2}, {'lat': -26.729, 'long': -175.966, 'Time': Timestamp('2009-01-11 18:29:04'), 'mag': 5.2}]",3,19
1766,2009-01-03 02:24:22.822,1,"[{'lat': 19.965, 'long': 147.009, 'Time': Timestamp('2009-01-04 20:39:14'), 'mag': 5.0}, {'lat': 19.965, 'long': 147.009, 'Time': Timestamp('2009-01-04 20:39:14'), 'mag': 5.0}, {'lat': -0.414, 'long': 132.885, 'Time': Timestamp('2009-01-03 19:43:50'), 'mag': 7.7}, {'lat': -0.589, 'long': 133.363, 'Time': Timestamp('2009-01-03 19:53:18'), 'mag': 5.6}, {'lat': -0.447, 'long': 132.894, 'Time': Timestamp('2009-01-03 19:54:55'), 'mag': 5.0}, {'lat': -0.529, 'long': 133.005, 'Time': Timestamp('2009-01-03 20:04:20'), 'mag': 5.0}, {'lat': -0.304, 'long': 132.584, 'Time': Timestamp('2009-01-03 20:21:33'), 'mag': 5.1}, {'lat': -0.386, 'long': 132.611, 'Time': Timestamp('2009-01-03 20:30:12'), 'mag': 5.1}, {'lat': -0.674, 'long': 133.295, 'Time': Timestamp('2009-01-03 20:35:09'), 'mag': 5.0}, {'lat': -0.519, 'long': 133.095, 'Time': Timestamp('2009-01-03 21:30:44'), 'mag': 5.0}, {'lat': -0.325, 'long': 132.885, 'Time': Timestamp('2009-01-03 21:49:30'), 'mag': 5.6}, {'lat': -0.305, 'long': 133.038, 'Time': Timestamp('2009-01-03 21:52:59'), 'mag': 5.2}, {'lat': -0.404, 'long': 132.511, 'Time': Timestamp('2009-01-03 22:03:19'), 'mag': 5.0}, {'lat': -0.279, 'long': 132.857, 'Time': Timestamp('2009-01-03 22:07:47'), 'mag': 5.3}, {'lat': -0.691, 'long': 133.305, 'Time': Timestamp('2009-01-03 22:33:40'), 'mag': 7.4}, {'lat': -0.511, 'long': 133.222, 'Time': Timestamp('2009-01-03 23:01:04'), 'mag': 5.2}, {'lat': -0.694, 'long': 133.275, 'Time': Timestamp('2009-01-04 00:00:38'), 'mag': 5.5}, {'lat': -0.192, 'long': 132.992, 'Time': Timestamp('2009-01-04 00:05:09'), 'mag': 5.2}, {'lat': -0.185, 'long': 132.863, 'Time': Timestamp('2009-01-04 00:55:36'), 'mag': 5.1}, {'lat': -0.669, 'long': 133.194, 'Time': Timestamp('2009-01-04 05:44:04'), 'mag': 5.7}, {'lat': -0.395, 'long': 132.757, 'Time': Timestamp('2009-01-04 07:14:00'), 'mag': 5.9}, {'lat': -0.676, 'long': 133.837, 'Time': Timestamp('2009-01-04 11:49:49'), 'mag': 5.1}, {'lat': -0.571, 'long': 132.728, 'Time': Timestamp('2009-01-04 13:06:31'), 'mag': 5.3}, {'lat': -0.414, 'long': 132.885, 'Time': Timestamp('2009-01-03 19:43:50'), 'mag': 7.7}, {'lat': -0.589, 'long': 133.363, 'Time': Timestamp('2009-01-03 19:53:18'), 'mag': 5.6}, {'lat': -0.447, 'long': 132.894, 'Time': Timestamp('2009-01-03 19:54:55'), 'mag': 5.0}, {'lat': -0.529, 'long': 133.005, 'Time': Timestamp('2009-01-03 20:04:20'), 'mag': 5.0}, {'lat': -0.304, 'long': 132.584, 'Time': Timestamp('2009-01-03 20:21:33'), 'mag': 5.1}, {'lat': -0.386, 'long': 132.611, 'Time': Timestamp('2009-01-03 20:30:12'), 'mag': 5.1}, {'lat': -0.674, 'long': 133.295, 'Time': Timestamp('2009-01-03 20:35:09'), 'mag': 5.0}, {'lat': -0.519, 'long': 133.095, 'Time': Timestamp('2009-01-03 21:30:44'), 'mag': 5.0}, {'lat': -0.325, 'long': 132.885, 'Time': Timestamp('2009-01-03 21:49:30'), 'mag': 5.6}, {'lat': -0.305, 'long': 133.038, 'Time': Timestamp('2009-01-03 21:52:59'), 'mag': 5.2}, {'lat': -0.404, 'long': 132.511, 'Time': Timestamp('2009-01-03 22:03:19'), 'mag': 5.0}, {'lat': -0.279, 'long': 132.857, 'Time': Timestamp('2009-01-03 22:07:47'), 'mag': 5.3}, {'lat': -0.691, 'long': 133.305, 'Time': Timestamp('2009-01-03 22:33:40'), 'mag': 7.4}, {'lat': -0.511, 'long': 133.222, 'Time': Timestamp('2009-01-03 23:01:04'), 'mag': 5.2}, {'lat': -0.694, 'long': 133.275, 'Time': Timestamp('2009-01-04 00:00:38'), 'mag': 5.5}, {'lat': -0.192, 'long': 132.992, 'Time': Timestamp('2009-01-04 00:05:09'), 'mag': 5.2}, {'lat': -0.185, 'long': 132.863, 'Time': Timestamp('2009-01-04 00:55:36'), 'mag': 5.1}, {'lat': -0.731, 'long': 133.554, 'Time': Timestamp('2009-01-04 01:55:23'), 'mag': 5.3}, {'lat': -0.669, 'long': 133.194, 'Time': Timestamp('2009-01-04 05:44:04'), 'mag': 5.7}, {'lat': -0.395, 'long': 132.757, 'Time': Timestamp('2009-01-04 07:14:00'), 'mag': 5.9}, {'lat': -0.713, 'long': 133.6, 'Time': Timestamp('2009-01-04 07:33:00'), 'mag': 5.0}, {'lat': -0.733, 'long': 133.487, 'Time': Timestamp('2009-01-04 08:12:11'), 'mag': 5.0}, {'lat': -0.676, 'long': 133.837, 'Time': Timestamp('2009-01-04 11:49:49'), 'mag': 5.1}, {'lat': -0.571, 'long': 132.728, 'Time': Timestamp('2009-01-04 13:06:31'), 'mag': 5.3}, {'lat': -0.414, 'long': 132.885, 'Time': Timestamp('2009-01-03 19:43:50'), 'mag': 7.7}, {'lat': -0.589, 'long': 133.363, 'Time': Timestamp('2009-01-03 19:53:18'), 'mag': 5.6}, {'lat': -0.447, 'long': 132.894, 'Time': Timestamp('2009-01-03 19:54:55'), 'mag': 5.0}, {'lat': -0.529, 'long': 133.005, 'Time': Timestamp('2009-01-03 20:04:20'), 'mag': 5.0}, {'lat': -0.304, 'long': 132.584, 'Time': Timestamp('2009-01-03 20:21:33'), 'mag': 5.1}, {'lat': -0.386, 'long': 132.611, 'Time': Timestamp('2009-01-03 20:30:12'), 'mag': 5.1}, {'lat': -0.674, 'long': 133.295, 'Time': Timestamp('2009-01-03 20:35:09'), 'mag': 5.0}, {'lat': -0.519, 'long': 133.095, 'Time': Timestamp('2009-01-03 21:30:44'), 'mag': 5.0}, {'lat': -0.325, 'long': 132.885, 'Time': Timestamp('2009-01-03 21:49:30'), 'mag': 5.6}, {'lat': -0.305, 'long': 133.038, 'Time': Timestamp('2009-01-03 21:52:59'), 'mag': 5.2}, {'lat': -0.404, 'long': 132.511, 'Time': Timestamp('2009-01-03 22:03:19'), 'mag': 5.0}, {'lat': -0.279, 'long': 132.857, 'Time': Timestamp('2009-01-03 22:07:47'), 'mag': 5.3}, {'lat': -0.691, 'long': 133.305, 'Time': Timestamp('2009-01-03 22:33:40'), 'mag': 7.4}, {'lat': -0.511, 'long': 133.222, 'Time': Timestamp('2009-01-03 23:01:04'), 'mag': 5.2}, {'lat': -0.694, 'long': 133.275, 'Time': Timestamp('2009-01-04 00:00:38'), 'mag': 5.5}, {'lat': -0.192, 'long': 132.992, 'Time': Timestamp('2009-01-04 00:05:09'), 'mag': 5.2}, {'lat': -0.185, 'long': 132.863, 'Time': Timestamp('2009-01-04 00:55:36'), 'mag': 5.1}, {'lat': -0.731, 'long': 133.554, 'Time': Timestamp('2009-01-04 01:55:23'), 'mag': 5.3}, {'lat': -0.669, 'long': 133.194, 'Time': Timestamp('2009-01-04 05:44:04'), 'mag': 5.7}, {'lat': -0.395, 'long': 132.757, 'Time': Timestamp('2009-01-04 07:14:00'), 'mag': 5.9}, {'lat': -0.713, 'long': 133.6, 'Time': Timestamp('2009-01-04 07:33:00'), 'mag': 5.0}, {'lat': -0.733, 'long': 133.487, 'Time': Timestamp('2009-01-04 08:12:11'), 'mag': 5.0}, {'lat': -0.676, 'long': 133.837, 'Time': Timestamp('2009-01-04 11:49:49'), 'mag': 5.1}, {'lat': -0.571, 'long': 132.728, 'Time': Timestamp('2009-01-04 13:06:31'), 'mag': 5.3}, {'lat': -7.44, 'long': 128.464, 'Time': Timestamp('2009-01-03 16:30:46'), 'mag': 5.4}, {'lat': 24.163, 'long': 121.745, 'Time': Timestamp('2009-01-03 22:04:34'), 'mag': 5.0}, {'lat': 24.163, 'long': 121.745, 'Time': Timestamp('2009-01-03 22:04:34'), 'mag': 5.0}, {'lat': 24.163, 'long': 121.745, 'Time': Timestamp('2009-01-03 22:04:34'), 'mag': 5.0}, {'lat': 1.095, 'long': 121.856, 'Time': Timestamp('2009-01-04 07:09:02'), 'mag': 5.0}, {'lat': -8.161, 'long': 119.683, 'Time': Timestamp('2009-01-03 20:20:36'), 'mag': 5.0}, {'lat': 1.095, 'long': 121.856, 'Time': Timestamp('2009-01-04 07:09:02'), 'mag': 5.0}, {'lat': -8.161, 'long': 119.683, 'Time': Timestamp('2009-01-03 20:20:36'), 'mag': 5.0}]",79,12
1767,2009-01-17 07:19:51.345,0,[],0,26
1768,2008-12-29 10:36:20.305,0,[],0,7
1769,2008-12-27 13:55:24.221,1,"[{'lat': 35.131, 'long': -35.173, 'Time': Timestamp('2008-12-28 13:01:22'), 'mag': 5.0}]",1,5
1770,2009-01-03 17:11:23.314,1,"[{'lat': 23.808, 'long': -108.757, 'Time': Timestamp('2009-01-05 10:59:30'), 'mag': 5.5}, {'lat': 23.808, 'long': -108.757, 'Time': Timestamp('2009-01-05 10:59:30'), 'mag': 5.5}]",2,12
1771,2008-12-31 20:25:53.367,0,[],0,9
1772,2008-12-31 23:39:23.420,1,"[{'lat': 58.3943, 'long': -151.9586, 'Time': Timestamp('2009-01-02 14:17:14'), 'mag': 5.3}, {'lat': 58.3943, 'long': -151.9586, 'Time': Timestamp('2009-01-02 14:17:14'), 'mag': 5.3}, {'lat': -19.186, 'long': -174.908, 'Time': Timestamp('2009-01-02 08:51:34'), 'mag': 5.0}, {'lat': -11.412, 'long': 166.339, 'Time': Timestamp('2009-01-02 20:37:17'), 'mag': 5.3}]",4,9
1773,2009-01-10 07:49:47.650,0,[],0,18
1774,2009-01-16 17:41:23.715,1,"[{'lat': 15.739, 'long': -92.744, 'Time': Timestamp('2009-01-17 02:57:31'), 'mag': 5.8}, {'lat': 15.739, 'long': -92.744, 'Time': Timestamp('2009-01-17 02:57:31'), 'mag': 5.8}, {'lat': 15.739, 'long': -92.744, 'Time': Timestamp('2009-01-17 02:57:31'), 'mag': 5.8}]",3,24
1775,2009-01-02 20:53:57.273,1,"[{'lat': -25.385, 'long': -175.492, 'Time': Timestamp('2009-01-03 08:22:59'), 'mag': 5.2}, {'lat': -25.385, 'long': -175.492, 'Time': Timestamp('2009-01-03 08:22:59'), 'mag': 5.2}]",2,10
1776,2009-01-23 00:09:23.821,1,"[{'lat': -15.201, 'long': 167.506, 'Time': Timestamp('2009-01-23 01:50:19'), 'mag': 5.1}, {'lat': -15.201, 'long': 167.506, 'Time': Timestamp('2009-01-23 01:50:19'), 'mag': 5.1}, {'lat': -6.339, 'long': 154.945, 'Time': Timestamp('2009-01-23 02:48:16'), 'mag': 5.1}, {'lat': -6.339, 'long': 154.945, 'Time': Timestamp('2009-01-23 02:48:16'), 'mag': 5.1}, {'lat': -6.339, 'long': 154.945, 'Time': Timestamp('2009-01-23 02:48:16'), 'mag': 5.1}]",5,30
1777,2009-01-03 05:04:02.831,1,"[{'lat': 6.449, 'long': 94.169, 'Time': Timestamp('2009-01-04 20:22:54'), 'mag': 5.3}, {'lat': 6.449, 'long': 94.169, 'Time': Timestamp('2009-01-04 20:22:54'), 'mag': 5.3}, {'lat': 6.449, 'long': 94.169, 'Time': Timestamp('2009-01-04 20:22:54'), 'mag': 5.3}]",3,10
1778,2009-01-05 08:20:26.467,0,[],0,12
1779,2008-12-31 11:37:23.181,0,[],0,7
1780,2009-01-17 14:55:50.880,0,[],0,24
1781,2009-01-05 18:11:23.289,1,"[{'lat': -57.196, 'long': -143.039, 'Time': Timestamp('2009-01-07 17:29:56'), 'mag': 5.2}, {'lat': -57.196, 'long': -143.039, 'Time': Timestamp('2009-01-07 17:29:56'), 'mag': 5.2}, {'lat': -57.196, 'long': -143.039, 'Time': Timestamp('2009-01-07 17:29:56'), 'mag': 5.2}]",3,12
1782,2009-01-05 21:24:53.341,1,"[{'lat': -20.707, 'long': -179.224, 'Time': Timestamp('2009-01-07 16:25:33'), 'mag': 5.6}, {'lat': -27.48, 'long': -176.706, 'Time': Timestamp('2009-01-05 22:27:13'), 'mag': 5.4}, {'lat': -20.707, 'long': -179.224, 'Time': Timestamp('2009-01-07 16:25:33'), 'mag': 5.6}, {'lat': -27.48, 'long': -176.706, 'Time': Timestamp('2009-01-05 22:27:13'), 'mag': 5.4}, {'lat': -32.322, 'long': -179.893, 'Time': Timestamp('2009-01-07 08:40:41'), 'mag': 5.4}, {'lat': -20.707, 'long': -179.224, 'Time': Timestamp('2009-01-07 16:25:33'), 'mag': 5.6}, {'lat': -27.48, 'long': -176.706, 'Time': Timestamp('2009-01-05 22:27:13'), 'mag': 5.4}, {'lat': -32.322, 'long': -179.893, 'Time': Timestamp('2009-01-07 08:40:41'), 'mag': 5.4}, {'lat': -32.322, 'long': -179.893, 'Time': Timestamp('2009-01-07 08:40:41'), 'mag': 5.4}]",9,12
1783,2009-01-24 00:38:50.716,1,"[{'lat': -0.509, 'long': 132.913, 'Time': Timestamp('2009-01-24 13:41:06'), 'mag': 5.1}, {'lat': -0.509, 'long': 132.913, 'Time': Timestamp('2009-01-24 13:41:06'), 'mag': 5.1}, {'lat': -6.912, 'long': 130.275, 'Time': Timestamp('2009-01-25 19:13:47'), 'mag': 5.2}]",3,30
1784,2009-01-21 07:11:52.698,0,[],0,27
1785,2009-01-12 10:28:19.325,1,"[{'lat': 35.66, 'long': 26.39, 'Time': Timestamp('2009-01-13 06:12:42'), 'mag': 5.3}, {'lat': 35.66, 'long': 26.39, 'Time': Timestamp('2009-01-13 06:12:42'), 'mag': 5.3}]",2,18
1786,2009-01-01 13:47:23.609,1,"[{'lat': 0.624, 'long': -26.661, 'Time': Timestamp('2009-01-02 19:42:27'), 'mag': 5.6}, {'lat': 0.791, 'long': -27.118, 'Time': Timestamp('2009-01-02 20:14:30'), 'mag': 5.5}, {'lat': 0.624, 'long': -26.661, 'Time': Timestamp('2009-01-02 19:42:27'), 'mag': 5.6}, {'lat': 0.791, 'long': -27.118, 'Time': Timestamp('2009-01-02 20:14:30'), 'mag': 5.5}, {'lat': 0.624, 'long': -26.661, 'Time': Timestamp('2009-01-02 19:42:27'), 'mag': 5.6}, {'lat': 0.791, 'long': -27.118, 'Time': Timestamp('2009-01-02 20:14:30'), 'mag': 5.5}]",6,7
1787,2009-01-03 17:03:53.662,1,"[{'lat': 23.808, 'long': -108.757, 'Time': Timestamp('2009-01-05 10:59:30'), 'mag': 5.5}]",1,9
1788,2009-01-20 20:17:53.715,1,"[{'lat': -54.289, 'long': -133.167, 'Time': Timestamp('2009-01-21 14:14:30'), 'mag': 5.3}, {'lat': -54.289, 'long': -133.167, 'Time': Timestamp('2009-01-21 14:14:30'), 'mag': 5.3}]",2,26
1789,2009-01-23 23:31:53.769,1,"[{'lat': 59.4302, 'long': -152.8875, 'Time': Timestamp('2009-01-24 18:09:50'), 'mag': 5.9}, {'lat': 59.4302, 'long': -152.8875, 'Time': Timestamp('2009-01-24 18:09:50'), 'mag': 5.9}, {'lat': -19.584, 'long': -179.112, 'Time': Timestamp('2009-01-24 09:01:58'), 'mag': 5.6}, {'lat': -28.25, 'long': -176.697, 'Time': Timestamp('2009-01-24 01:28:39'), 'mag': 5.9}, {'lat': -19.584, 'long': -179.112, 'Time': Timestamp('2009-01-24 09:01:58'), 'mag': 5.6}]",5,29
1790,2009-01-20 07:42:20.767,1,"[{'lat': 35.869, 'long': 69.932, 'Time': Timestamp('2009-01-20 09:26:12'), 'mag': 5.2}, {'lat': 35.869, 'long': 69.932, 'Time': Timestamp('2009-01-20 09:26:12'), 'mag': 5.2}, {'lat': 35.869, 'long': 69.932, 'Time': Timestamp('2009-01-20 09:26:12'), 'mag': 5.2}, {'lat': -20.175, 'long': 66.411, 'Time': Timestamp('2009-01-21 06:27:57'), 'mag': 5.2}, {'lat': -20.175, 'long': 66.411, 'Time': Timestamp('2009-01-21 06:27:57'), 'mag': 5.2}]",5,25
1791,2009-01-18 19:10:50.524,1,"[{'lat': 22.772, 'long': -111.094, 'Time': Timestamp('2009-01-19 23:50:47'), 'mag': 5.3}, {'lat': 22.772, 'long': -111.094, 'Time': Timestamp('2009-01-19 23:50:47'), 'mag': 5.3}, {'lat': 22.772, 'long': -111.094, 'Time': Timestamp('2009-01-19 23:50:47'), 'mag': 5.3}]",3,23
1792,2009-01-08 22:24:21.335,0,[],0,13
1793,2009-01-26 01:38:50.183,1,"[{'lat': 55.536, 'long': 164.298, 'Time': Timestamp('2009-01-27 23:57:13'), 'mag': 5.5}, {'lat': 55.536, 'long': 164.298, 'Time': Timestamp('2009-01-27 23:57:13'), 'mag': 5.5}, {'lat': 55.536, 'long': 164.298, 'Time': Timestamp('2009-01-27 23:57:13'), 'mag': 5.5}, {'lat': -2.925, 'long': 136.588, 'Time': Timestamp('2009-01-28 01:34:33'), 'mag': 5.3}, {'lat': -11.379, 'long': 117.55, 'Time': Timestamp('2009-01-27 00:57:35'), 'mag': 5.1}, {'lat': -2.925, 'long': 136.588, 'Time': Timestamp('2009-01-28 01:34:33'), 'mag': 5.3}, {'lat': -11.379, 'long': 117.55, 'Time': Timestamp('2009-01-27 00:57:35'), 'mag': 5.1}, {'lat': -11.379, 'long': 117.55, 'Time': Timestamp('2009-01-27 00:57:35'), 'mag': 5.1}]",8,30
1794,2009-01-18 06:33:55.576,0,[],0,22
1795,2009-01-20 09:49:50.429,0,[],0,24
1796,2009-01-13 13:08:53.384,0,[],0,17
1797,2009-01-11 16:25:53.438,0,[],0,15
1798,2009-01-02 19:40:23.491,1,"[{'lat': -58.331, 'long': -139.855, 'Time': Timestamp('2009-01-04 17:46:34'), 'mag': 5.2}, {'lat': -58.331, 'long': -139.855, 'Time': Timestamp('2009-01-04 17:46:34'), 'mag': 5.2}, {'lat': -58.331, 'long': -139.855, 'Time': Timestamp('2009-01-04 17:46:34'), 'mag': 5.2}]",3,6
1799,2009-01-13 22:54:23.544,1,"[{'lat': -22.152, 'long': -173.637, 'Time': Timestamp('2009-01-15 15:44:52'), 'mag': 5.0}, {'lat': -22.152, 'long': -173.637, 'Time': Timestamp('2009-01-15 15:44:52'), 'mag': 5.0}, {'lat': -22.152, 'long': -173.637, 'Time': Timestamp('2009-01-15 15:44:52'), 'mag': 5.0}, {'lat': -10.334, 'long': 161.211, 'Time': Timestamp('2009-01-15 16:15:01'), 'mag': 5.7}, {'lat': -10.334, 'long': 161.211, 'Time': Timestamp('2009-01-15 16:15:01'), 'mag': 5.7}, {'lat': -22.352, 'long': 170.635, 'Time': Timestamp('2009-01-15 07:27:20'), 'mag': 6.7}, {'lat': -22.54, 'long': 170.43, 'Time': Timestamp('2009-01-15 13:02:31'), 'mag': 5.6}, {'lat': -10.334, 'long': 161.211, 'Time': Timestamp('2009-01-15 16:15:01'), 'mag': 5.7}, {'lat': -22.352, 'long': 170.635, 'Time': Timestamp('2009-01-15 07:27:20'), 'mag': 6.7}, {'lat': -22.54, 'long': 170.43, 'Time': Timestamp('2009-01-15 13:02:31'), 'mag': 5.6}, {'lat': -22.352, 'long': 170.635, 'Time': Timestamp('2009-01-15 07:27:20'), 'mag': 6.7}, {'lat': -22.54, 'long': 170.43, 'Time': Timestamp('2009-01-15 13:02:31'), 'mag': 5.6}]",12,17
1800,2009-01-11 07:03:58.299,1,"[{'lat': -10.228, 'long': 66.311, 'Time': Timestamp('2009-01-12 23:07:08'), 'mag': 5.0}, {'lat': -10.228, 'long': 66.311, 'Time': Timestamp('2009-01-12 23:07:08'), 'mag': 5.0}, {'lat': -13.147, 'long': 66.078, 'Time': Timestamp('2009-01-13 01:04:42'), 'mag': 6.0}, {'lat': -10.228, 'long': 66.311, 'Time': Timestamp('2009-01-12 23:07:08'), 'mag': 5.0}, {'lat': -13.147, 'long': 66.078, 'Time': Timestamp('2009-01-13 01:04:42'), 'mag': 6.0}, {'lat': -13.147, 'long': 66.078, 'Time': Timestamp('2009-01-13 01:04:42'), 'mag': 6.0}]",6,14
1801,2009-01-04 10:20:23.598,0,[],0,7
1802,2009-01-11 13:39:23.785,0,[],0,14
1803,2009-01-18 23:23:53.945,0,[],0,21
1804,2009-01-28 07:34:21.271,0,[],0,30
1805,2009-01-23 10:50:50.231,0,[],0,25
1806,2009-01-12 14:09:45.954,1,"[{'lat': -29.549, 'long': -71.224, 'Time': Timestamp('2009-01-13 17:17:13'), 'mag': 5.1}, {'lat': -29.549, 'long': -71.224, 'Time': Timestamp('2009-01-13 17:17:13'), 'mag': 5.1}, {'lat': -29.549, 'long': -71.224, 'Time': Timestamp('2009-01-13 17:17:13'), 'mag': 5.1}]",3,14
1807,2009-01-17 17:25:53.240,0,[],0,19
1808,2009-01-26 20:39:53.293,1,"[{'lat': -16.973, 'long': -172.068, 'Time': Timestamp('2009-01-28 12:39:42'), 'mag': 5.5}]",1,28
1809,2009-01-11 23:53:53.346,1,"[{'lat': 20.0, 'long': 147.093, 'Time': Timestamp('2009-01-13 18:45:43'), 'mag': 5.0}]",1,13
1810,2009-01-27 08:04:21.672,1,"[{'lat': -44.85, 'long': 35.685, 'Time': Timestamp('2009-01-27 23:19:49'), 'mag': 5.1}, {'lat': -44.85, 'long': 35.685, 'Time': Timestamp('2009-01-27 23:19:49'), 'mag': 5.1}]",2,28
1811,2009-01-22 02:00:55.403,1,"[{'lat': 47.056, 'long': 155.512, 'Time': Timestamp('2009-01-22 05:09:40'), 'mag': 5.1}, {'lat': 47.056, 'long': 155.512, 'Time': Timestamp('2009-01-22 05:09:40'), 'mag': 5.1}, {'lat': 47.056, 'long': 155.512, 'Time': Timestamp('2009-01-22 05:09:40'), 'mag': 5.1}, {'lat': -5.912, 'long': 148.511, 'Time': Timestamp('2009-01-22 13:40:25'), 'mag': 6.1}, {'lat': -6.339, 'long': 154.945, 'Time': Timestamp('2009-01-23 02:48:16'), 'mag': 5.1}, {'lat': -5.912, 'long': 148.511, 'Time': Timestamp('2009-01-22 13:40:25'), 'mag': 6.1}, {'lat': -6.339, 'long': 154.945, 'Time': Timestamp('2009-01-23 02:48:16'), 'mag': 5.1}, {'lat': -5.912, 'long': 148.511, 'Time': Timestamp('2009-01-22 13:40:25'), 'mag': 6.1}, {'lat': -6.339, 'long': 154.945, 'Time': Timestamp('2009-01-23 02:48:16'), 'mag': 5.1}, {'lat': 21.118, 'long': 121.24, 'Time': Timestamp('2009-01-23 12:38:13'), 'mag': 5.3}, {'lat': 21.118, 'long': 121.24, 'Time': Timestamp('2009-01-23 12:38:13'), 'mag': 5.3}, {'lat': -0.523, 'long': 127.431, 'Time': Timestamp('2009-01-22 03:01:54'), 'mag': 5.1}, {'lat': -0.334, 'long': 132.805, 'Time': Timestamp('2009-01-22 07:20:18'), 'mag': 5.0}, {'lat': -0.523, 'long': 127.431, 'Time': Timestamp('2009-01-22 03:01:54'), 'mag': 5.1}, {'lat': -7.307, 'long': 128.568, 'Time': Timestamp('2009-01-22 20:16:34'), 'mag': 6.1}, {'lat': -7.307, 'long': 128.568, 'Time': Timestamp('2009-01-22 20:16:34'), 'mag': 6.1}]",16,22
1812,2009-01-05 06:56:23.497,0,[],0,5
