index,time_window,label,matched_eqs,total_eq,first_eq_time,fname,delta_t_hours
690,2005-06-09 22:45:22.810,1,"[{'lat': -30.133, 'long': -177.965, 'Time': Timestamp('2005-06-10 03:22:33'), 'mag': 5.2}]",1,2005-06-10 03:22:33,RDM_df_train_30D-20_22SW-tw48_w0.csv,4.619497222222222
1252,2005-11-25 08:55:22.554,1,"[{'lat': 38.26, 'long': 38.814, 'Time': Timestamp('2005-11-26 15:56:55'), 'mag': 5.1}, {'lat': 35.02, 'long': 23.32, 'Time': Timestamp('2005-11-25 09:30:56'), 'mag': 5.2}, {'lat': 38.26, 'long': 38.814, 'Time': Timestamp('2005-11-26 15:56:55'), 'mag': 5.1}, {'lat': 35.02, 'long': 23.32, 'Time': Timestamp('2005-11-25 09:30:56'), 'mag': 5.2}, {'lat': 38.26, 'long': 38.814, 'Time': Timestamp('2005-11-26 15:56:55'), 'mag': 5.1}, {'lat': 35.02, 'long': 23.32, 'Time': Timestamp('2005-11-25 09:30:56'), 'mag': 5.2}]",6,2005-11-26 15:56:55,RDM_df_train_30D-20_22SW-tw48_w0.csv,31.025679444444442
1358,2005-12-05 09:38:50.979,1,"[{'lat': -6.224, 'long': 29.83, 'Time': Timestamp('2005-12-05 12:19:56'), 'mag': 6.8}, {'lat': -6.081, 'long': 29.642, 'Time': Timestamp('2005-12-06 05:53:08'), 'mag': 5.2}, {'lat': -6.224, 'long': 29.83, 'Time': Timestamp('2005-12-05 12:19:56'), 'mag': 6.8}, {'lat': -6.081, 'long': 29.642, 'Time': Timestamp('2005-12-06 05:53:08'), 'mag': 5.2}]",4,2005-12-05 12:19:56,RDM_df_train_30D-20_22SW-tw48_w0.csv,2.684728055555556
1492,2006-01-04 15:17:50.655,1,"[{'lat': 6.956, 'long': -34.468, 'Time': Timestamp('2006-01-06 06:27:59'), 'mag': 5.4}, {'lat': -15.642, 'long': -73.944, 'Time': Timestamp('2006-01-05 23:16:49'), 'mag': 5.0}, {'lat': -15.642, 'long': -73.944, 'Time': Timestamp('2006-01-05 23:16:49'), 'mag': 5.0}, {'lat': -15.642, 'long': -73.944, 'Time': Timestamp('2006-01-05 23:16:49'), 'mag': 5.0}, {'lat': -36.399, 'long': -73.224, 'Time': Timestamp('2006-01-05 22:51:15'), 'mag': 5.2}, {'lat': -36.399, 'long': -73.224, 'Time': Timestamp('2006-01-05 22:51:15'), 'mag': 5.2}, {'lat': -36.399, 'long': -73.224, 'Time': Timestamp('2006-01-05 22:51:15'), 'mag': 5.2}]",7,2006-01-06 06:27:59,RDM_df_train_30D-20_22SW-tw48_w0.csv,39.16898472222222
936,2005-08-24 04:06:24.827,1,"[{'lat': 38.48, 'long': 143.154, 'Time': Timestamp('2005-08-24 10:14:47'), 'mag': 5.9}, {'lat': 38.564, 'long': 142.987, 'Time': Timestamp('2005-08-24 10:15:28'), 'mag': 6.1}]",2,2005-08-24 10:14:47,RDM_df_train_30D-20_22SW-tw48_w0.csv,6.139492499999999
704,2005-06-20 01:48:50.754,1,"[{'lat': 26.081, 'long': 128.448, 'Time': Timestamp('2005-06-20 07:16:16'), 'mag': 5.3}, {'lat': 26.081, 'long': 128.448, 'Time': Timestamp('2005-06-20 07:16:16'), 'mag': 5.3}, {'lat': 26.081, 'long': 128.448, 'Time': Timestamp('2005-06-20 07:16:16'), 'mag': 5.3}]",3,2005-06-20 07:16:16,RDM_df_train_30D-20_22SW-tw48_w0.csv,5.457012777777778
755,2005-07-17 01:06:21.444,1,"[{'lat': 19.589, 'long': 146.078, 'Time': Timestamp('2005-07-18 02:43:48'), 'mag': 5.0}, {'lat': 19.589, 'long': 146.078, 'Time': Timestamp('2005-07-18 02:43:48'), 'mag': 5.0}, {'lat': -4.844, 'long': 129.609, 'Time': Timestamp('2005-07-18 01:59:37'), 'mag': 5.2}, {'lat': -4.844, 'long': 129.609, 'Time': Timestamp('2005-07-18 01:59:37'), 'mag': 5.2}]",4,2005-07-18 02:43:48,RDM_df_train_30D-20_22SW-tw48_w0.csv,25.624043333333333
1224,2005-11-16 01:05:51.165,1,"[{'lat': 33.319, 'long': 141.388, 'Time': Timestamp('2005-11-17 21:59:29'), 'mag': 5.7}, {'lat': 23.324, 'long': 142.205, 'Time': Timestamp('2005-11-16 23:48:35'), 'mag': 5.1}, {'lat': 33.319, 'long': 141.388, 'Time': Timestamp('2005-11-17 21:59:29'), 'mag': 5.7}, {'lat': 23.324, 'long': 142.205, 'Time': Timestamp('2005-11-16 23:48:35'), 'mag': 5.1}, {'lat': 33.319, 'long': 141.388, 'Time': Timestamp('2005-11-17 21:59:29'), 'mag': 5.7}, {'lat': 23.324, 'long': 142.205, 'Time': Timestamp('2005-11-16 23:48:35'), 'mag': 5.1}]",6,2005-11-17 21:59:29,RDM_df_train_30D-20_22SW-tw48_w0.csv,44.89384305555555
1382,2005-12-12 15:54:21.688,1,"[{'lat': -31.048, 'long': -71.611, 'Time': Timestamp('2005-12-14 10:52:08'), 'mag': 5.3}, {'lat': -31.048, 'long': -71.611, 'Time': Timestamp('2005-12-14 10:52:08'), 'mag': 5.3}]",2,2005-12-14 10:52:08,RDM_df_train_30D-20_22SW-tw48_w0.csv,42.96286444444445
576,2005-05-18 03:35:25.326,1,"[{'lat': 35.432, 'long': 140.827, 'Time': Timestamp('2005-05-19 01:14:28'), 'mag': 5.3}, {'lat': 35.432, 'long': 140.827, 'Time': Timestamp('2005-05-19 01:14:28'), 'mag': 5.3}, {'lat': 35.432, 'long': 140.827, 'Time': Timestamp('2005-05-19 01:14:28'), 'mag': 5.3}, {'lat': 6.456, 'long': 125.709, 'Time': Timestamp('2005-05-19 14:17:28'), 'mag': 5.4}, {'lat': 6.456, 'long': 125.709, 'Time': Timestamp('2005-05-19 14:17:28'), 'mag': 5.4}, {'lat': -6.959, 'long': 129.564, 'Time': Timestamp('2005-05-18 09:02:10'), 'mag': 5.0}, {'lat': 6.456, 'long': 125.709, 'Time': Timestamp('2005-05-19 14:17:28'), 'mag': 5.4}, {'lat': -6.959, 'long': 129.564, 'Time': Timestamp('2005-05-18 09:02:10'), 'mag': 5.0}, {'lat': 1.989, 'long': 97.041, 'Time': Timestamp('2005-05-19 01:54:52'), 'mag': 6.9}, {'lat': 5.593, 'long': 93.271, 'Time': Timestamp('2005-05-18 11:37:29'), 'mag': 5.7}, {'lat': 5.439, 'long': 93.357, 'Time': Timestamp('2005-05-18 11:37:41'), 'mag': 6.1}, {'lat': 1.989, 'long': 97.041, 'Time': Timestamp('2005-05-19 01:54:52'), 'mag': 6.9}]",12,2005-05-19 01:14:28,RDM_df_train_30D-20_22SW-tw48_w0.csv,21.65074277777778
734,2005-06-30 07:36:30.642,1,"[{'lat': 36.569, 'long': 71.32, 'Time': Timestamp('2005-07-01 03:48:28'), 'mag': 5.6}, {'lat': 36.569, 'long': 71.32, 'Time': Timestamp('2005-07-01 03:48:28'), 'mag': 5.6}, {'lat': 36.569, 'long': 71.32, 'Time': Timestamp('2005-07-01 03:48:28'), 'mag': 5.6}]",3,2005-07-01 03:48:28,RDM_df_train_30D-20_22SW-tw48_w0.csv,20.199266111111108
952,2005-08-31 00:23:19.572,1,"[{'lat': -24.411, 'long': 179.892, 'Time': Timestamp('2005-09-01 11:22:10'), 'mag': 5.6}, {'lat': -24.411, 'long': 179.892, 'Time': Timestamp('2005-09-01 11:22:10'), 'mag': 5.6}]",2,2005-09-01 11:22:10,RDM_df_train_30D-20_22SW-tw48_w0.csv,34.980674444444446
1185,2005-10-13 06:59:24.572,1,"[{'lat': 34.014, 'long': 74.003, 'Time': Timestamp('2005-10-15 04:24:06'), 'mag': 5.2}, {'lat': 33.954, 'long': 73.93, 'Time': Timestamp('2005-10-15 04:32:21'), 'mag': 5.0}, {'lat': 34.014, 'long': 74.003, 'Time': Timestamp('2005-10-15 04:24:06'), 'mag': 5.2}, {'lat': 33.954, 'long': 73.93, 'Time': Timestamp('2005-10-15 04:32:21'), 'mag': 5.0}]",4,2005-10-15 04:24:06,RDM_df_train_30D-20_22SW-tw48_w0.csv,45.41150777777778
158,2005-02-23 17:10:50.810,1,"[{'lat': 6.668, 'long': -73.059, 'Time': Timestamp('2005-02-25 06:41:25'), 'mag': 5.3}, {'lat': 6.668, 'long': -73.059, 'Time': Timestamp('2005-02-25 06:41:25'), 'mag': 5.3}, {'lat': 6.668, 'long': -73.059, 'Time': Timestamp('2005-02-25 06:41:25'), 'mag': 5.3}, {'lat': -43.007, 'long': -82.714, 'Time': Timestamp('2005-02-24 07:04:43'), 'mag': 5.2}, {'lat': -43.007, 'long': -82.714, 'Time': Timestamp('2005-02-24 07:04:43'), 'mag': 5.2}, {'lat': -43.007, 'long': -82.714, 'Time': Timestamp('2005-02-24 07:04:43'), 'mag': 5.2}, {'lat': -20.885, 'long': -113.677, 'Time': Timestamp('2005-02-24 04:55:50'), 'mag': 5.7}, {'lat': -20.885, 'long': -113.677, 'Time': Timestamp('2005-02-24 04:55:50'), 'mag': 5.7}, {'lat': -20.885, 'long': -113.677, 'Time': Timestamp('2005-02-24 04:55:50'), 'mag': 5.7}]",9,2005-02-25 06:41:25,RDM_df_train_30D-20_22SW-tw48_w0.csv,37.50949722222222
467,2005-05-10 16:55:52.448,1,"[{'lat': -41.413, 'long': -88.626, 'Time': Timestamp('2005-05-12 12:57:46'), 'mag': 5.4}, {'lat': -41.413, 'long': -88.626, 'Time': Timestamp('2005-05-12 12:57:46'), 'mag': 5.4}, {'lat': -41.413, 'long': -88.626, 'Time': Timestamp('2005-05-12 12:57:46'), 'mag': 5.4}, {'lat': -0.241, 'long': -91.283, 'Time': Timestamp('2005-05-11 22:55:48'), 'mag': 5.0}, {'lat': -0.241, 'long': -91.283, 'Time': Timestamp('2005-05-11 22:55:48'), 'mag': 5.0}, {'lat': -0.241, 'long': -91.283, 'Time': Timestamp('2005-05-11 22:55:48'), 'mag': 5.0}]",6,2005-05-12 12:57:46,RDM_df_train_30D-20_22SW-tw48_w0.csv,44.03154222222222
305,2005-03-22 06:04:54.253,1,"[{'lat': 13.061, 'long': 92.476, 'Time': Timestamp('2005-03-22 09:38:28'), 'mag': 5.0}, {'lat': 12.312, 'long': 92.568, 'Time': Timestamp('2005-03-23 09:17:06'), 'mag': 5.2}, {'lat': 13.061, 'long': 92.476, 'Time': Timestamp('2005-03-22 09:38:28'), 'mag': 5.0}, {'lat': 12.312, 'long': 92.568, 'Time': Timestamp('2005-03-23 09:17:06'), 'mag': 5.2}, {'lat': 13.061, 'long': 92.476, 'Time': Timestamp('2005-03-22 09:38:28'), 'mag': 5.0}, {'lat': 12.312, 'long': 92.568, 'Time': Timestamp('2005-03-23 09:17:06'), 'mag': 5.2}]",6,2005-03-22 09:38:28,RDM_df_train_30D-20_22SW-tw48_w0.csv,3.5593741666666663
950,2005-08-09 23:40:52.746,1,"[{'lat': -50.631, 'long': 162.461, 'Time': Timestamp('2005-08-11 01:17:30'), 'mag': 5.3}, {'lat': -22.677, 'long': 169.509, 'Time': Timestamp('2005-08-11 09:08:46'), 'mag': 6.2}]",2,2005-08-11 01:17:30,RDM_df_train_30D-20_22SW-tw48_w0.csv,25.610348333333334
568,2005-05-21 17:02:20.330,1,"[{'lat': -19.514, 'long': -68.315, 'Time': Timestamp('2005-05-22 01:05:55'), 'mag': 5.1}, {'lat': -19.514, 'long': -68.315, 'Time': Timestamp('2005-05-22 01:05:55'), 'mag': 5.1}, {'lat': -19.514, 'long': -68.315, 'Time': Timestamp('2005-05-22 01:05:55'), 'mag': 5.1}]",3,2005-05-22 01:05:55,RDM_df_train_30D-20_22SW-tw48_w0.csv,8.059630555555556
1252,2005-11-25 08:55:22.554,1,"[{'lat': 38.26, 'long': 38.814, 'Time': Timestamp('2005-11-26 15:56:55'), 'mag': 5.1}, {'lat': 35.02, 'long': 23.32, 'Time': Timestamp('2005-11-25 09:30:56'), 'mag': 5.2}, {'lat': 38.26, 'long': 38.814, 'Time': Timestamp('2005-11-26 15:56:55'), 'mag': 5.1}, {'lat': 35.02, 'long': 23.32, 'Time': Timestamp('2005-11-25 09:30:56'), 'mag': 5.2}, {'lat': 38.26, 'long': 38.814, 'Time': Timestamp('2005-11-26 15:56:55'), 'mag': 5.1}, {'lat': 35.02, 'long': 23.32, 'Time': Timestamp('2005-11-25 09:30:56'), 'mag': 5.2}]",6,2005-11-26 15:56:55,RDM_df_train_30D-20_22SW-tw48_w0.csv,31.025679444444442
1282,2005-11-14 16:49:49.387,1,"[{'lat': -9.392, 'long': -78.553, 'Time': Timestamp('2005-11-16 07:21:32'), 'mag': 5.0}, {'lat': -9.392, 'long': -78.553, 'Time': Timestamp('2005-11-16 07:21:32'), 'mag': 5.0}]",2,2005-11-16 07:21:32,RDM_df_train_30D-20_22SW-tw48_w0.csv,38.52850361111111
272,2005-03-13 00:39:46.890,1,"[{'lat': -40.18, 'long': 173.577, 'Time': Timestamp('2005-03-13 15:08:11'), 'mag': 5.4}, {'lat': -45.07, 'long': 166.75, 'Time': Timestamp('2005-03-14 08:04:35'), 'mag': 5.2}, {'lat': -45.07, 'long': 166.75, 'Time': Timestamp('2005-03-14 08:04:35'), 'mag': 5.2}, {'lat': -45.07, 'long': 166.75, 'Time': Timestamp('2005-03-14 08:04:35'), 'mag': 5.2}, {'lat': 47.676, 'long': 152.305, 'Time': Timestamp('2005-03-14 06:54:06'), 'mag': 5.1}, {'lat': 47.676, 'long': 152.305, 'Time': Timestamp('2005-03-14 06:54:06'), 'mag': 5.1}, {'lat': 47.676, 'long': 152.305, 'Time': Timestamp('2005-03-14 06:54:06'), 'mag': 5.1}]",7,2005-03-13 15:08:11,RDM_df_train_30D-20_22SW-tw48_w0.csv,14.473363888888889
1072,2005-09-25 15:23:54.265,1,"[{'lat': -5.678, 'long': -76.398, 'Time': Timestamp('2005-09-26 01:55:37'), 'mag': 7.5}, {'lat': -5.678, 'long': -76.398, 'Time': Timestamp('2005-09-26 01:55:37'), 'mag': 7.5}, {'lat': -5.678, 'long': -76.398, 'Time': Timestamp('2005-09-26 01:55:37'), 'mag': 7.5}]",3,2005-09-26 01:55:37,RDM_df_train_30D-20_22SW-tw48_w0.csv,10.5285375
695,2005-06-19 15:17:16.958,1,"[{'lat': -1.744, 'long': -77.815, 'Time': Timestamp('2005-06-21 10:03:52'), 'mag': 5.0}, {'lat': -1.744, 'long': -77.815, 'Time': Timestamp('2005-06-21 10:03:52'), 'mag': 5.0}, {'lat': -1.744, 'long': -77.815, 'Time': Timestamp('2005-06-21 10:03:52'), 'mag': 5.0}, {'lat': -19.985, 'long': -68.807, 'Time': Timestamp('2005-06-21 05:11:18'), 'mag': 5.5}, {'lat': -19.985, 'long': -68.807, 'Time': Timestamp('2005-06-21 05:11:18'), 'mag': 5.5}, {'lat': -19.985, 'long': -68.807, 'Time': Timestamp('2005-06-21 05:11:18'), 'mag': 5.5}]",6,2005-06-21 10:03:52,RDM_df_train_30D-20_22SW-tw48_w0.csv,42.776400555555554
1442,2005-12-26 07:04:22.117,1,"[{'lat': 32.1, 'long': 49.2, 'Time': Timestamp('2005-12-26 23:15:50'), 'mag': 5.0}, {'lat': 32.1, 'long': 49.2, 'Time': Timestamp('2005-12-26 23:15:50'), 'mag': 5.0}]",2,2005-12-26 23:15:50,RDM_df_train_30D-20_22SW-tw48_w0.csv,16.191078611111113
987,2005-08-25 01:24:49.422,1,"[{'lat': 37.736, 'long': 143.072, 'Time': Timestamp('2005-08-25 22:29:03'), 'mag': 5.1}, {'lat': 37.736, 'long': 143.072, 'Time': Timestamp('2005-08-25 22:29:03'), 'mag': 5.1}, {'lat': 37.736, 'long': 143.072, 'Time': Timestamp('2005-08-25 22:29:03'), 'mag': 5.1}, {'lat': 1.78, 'long': 126.249, 'Time': Timestamp('2005-08-26 05:30:43'), 'mag': 5.1}, {'lat': 1.78, 'long': 126.249, 'Time': Timestamp('2005-08-26 05:30:43'), 'mag': 5.1}]",5,2005-08-25 22:29:03,RDM_df_train_30D-20_22SW-tw48_w0.csv,21.070438333333332
6,2005-01-12 16:02:09.788,1,"[{'lat': 12.688, 'long': -88.221, 'Time': Timestamp('2005-01-13 09:56:20'), 'mag': 5.3}, {'lat': 12.688, 'long': -88.221, 'Time': Timestamp('2005-01-13 09:56:20'), 'mag': 5.3}, {'lat': 12.688, 'long': -88.221, 'Time': Timestamp('2005-01-13 09:56:20'), 'mag': 5.3}]",3,2005-01-13 09:56:20,RDM_df_train_30D-20_22SW-tw48_w0.csv,17.902836666666666
1136,2005-10-09 15:36:21.162,1,"[{'lat': -45.62, 'long': -76.566, 'Time': Timestamp('2005-10-10 16:07:00'), 'mag': 5.1}, {'lat': -45.62, 'long': -76.566, 'Time': Timestamp('2005-10-10 16:07:00'), 'mag': 5.1}]",2,2005-10-10 16:07:00,RDM_df_train_30D-20_22SW-tw48_w0.csv,24.510788333333334
258,2005-03-02 18:16:22.235,1,"[{'lat': -54.423, 'long': -137.172, 'Time': Timestamp('2005-03-03 05:37:16'), 'mag': 5.1}, {'lat': -54.097, 'long': -137.017, 'Time': Timestamp('2005-03-04 09:54:47'), 'mag': 5.1}, {'lat': -54.423, 'long': -137.172, 'Time': Timestamp('2005-03-03 05:37:16'), 'mag': 5.1}, {'lat': -54.097, 'long': -137.017, 'Time': Timestamp('2005-03-04 09:54:47'), 'mag': 5.1}, {'lat': -54.423, 'long': -137.172, 'Time': Timestamp('2005-03-03 05:37:16'), 'mag': 5.1}, {'lat': -54.097, 'long': -137.017, 'Time': Timestamp('2005-03-04 09:54:47'), 'mag': 5.1}]",6,2005-03-03 05:37:16,RDM_df_train_30D-20_22SW-tw48_w0.csv,11.348268055555556
1231,2005-11-14 01:48:49.472,1,"[{'lat': 38.107, 'long': 144.896, 'Time': Timestamp('2005-11-14 21:38:51'), 'mag': 7.0}, {'lat': 38.107, 'long': 144.896, 'Time': Timestamp('2005-11-14 21:38:51'), 'mag': 7.0}, {'lat': 33.336, 'long': 141.351, 'Time': Timestamp('2005-11-15 20:20:45'), 'mag': 5.7}, {'lat': 38.107, 'long': 144.896, 'Time': Timestamp('2005-11-14 21:38:51'), 'mag': 7.0}, {'lat': 33.336, 'long': 141.351, 'Time': Timestamp('2005-11-15 20:20:45'), 'mag': 5.7}, {'lat': 33.336, 'long': 141.351, 'Time': Timestamp('2005-11-15 20:20:45'), 'mag': 5.7}, {'lat': 22.04, 'long': 144.799, 'Time': Timestamp('2005-11-15 23:01:10'), 'mag': 5.7}, {'lat': 22.07, 'long': 144.899, 'Time': Timestamp('2005-11-15 23:13:28'), 'mag': 5.0}, {'lat': 22.04, 'long': 144.799, 'Time': Timestamp('2005-11-15 23:01:10'), 'mag': 5.7}, {'lat': 22.07, 'long': 144.899, 'Time': Timestamp('2005-11-15 23:13:28'), 'mag': 5.0}]",10,2005-11-14 21:38:51,RDM_df_train_30D-20_22SW-tw48_w0.csv,19.83375777777778
474,2005-05-03 01:48:22.216,1,"[{'lat': 41.481, 'long': 138.93, 'Time': Timestamp('2005-05-03 11:04:53'), 'mag': 5.0}, {'lat': 41.481, 'long': 138.93, 'Time': Timestamp('2005-05-03 11:04:53'), 'mag': 5.0}, {'lat': 41.481, 'long': 138.93, 'Time': Timestamp('2005-05-03 11:04:53'), 'mag': 5.0}, {'lat': 11.71, 'long': 143.779, 'Time': Timestamp('2005-05-04 04:38:06'), 'mag': 5.4}]",4,2005-05-03 11:04:53,RDM_df_train_30D-20_22SW-tw48_w0.csv,9.275217777777778
734,2005-06-30 07:36:30.642,1,"[{'lat': 36.569, 'long': 71.32, 'Time': Timestamp('2005-07-01 03:48:28'), 'mag': 5.6}, {'lat': 36.569, 'long': 71.32, 'Time': Timestamp('2005-07-01 03:48:28'), 'mag': 5.6}, {'lat': 36.569, 'long': 71.32, 'Time': Timestamp('2005-07-01 03:48:28'), 'mag': 5.6}]",3,2005-07-01 03:48:28,RDM_df_train_30D-20_22SW-tw48_w0.csv,20.199266111111108
934,2005-08-24 21:32:21.618,1,"[{'lat': -15.487, 'long': -171.949, 'Time': Timestamp('2005-08-25 00:48:05'), 'mag': 5.3}, {'lat': -15.487, 'long': -171.949, 'Time': Timestamp('2005-08-25 00:48:05'), 'mag': 5.3}, {'lat': -23.66, 'long': -179.977, 'Time': Timestamp('2005-08-25 23:09:18'), 'mag': 5.7}, {'lat': -23.66, 'long': -179.977, 'Time': Timestamp('2005-08-25 23:09:18'), 'mag': 5.7}]",4,2005-08-25 00:48:05,RDM_df_train_30D-20_22SW-tw48_w0.csv,3.2620505555555552
1326,2005-12-08 09:19:52.306,1,"[{'lat': 39.394, 'long': 40.946, 'Time': Timestamp('2005-12-10 00:09:50'), 'mag': 5.4}, {'lat': -6.547, 'long': 29.509, 'Time': Timestamp('2005-12-08 11:51:22'), 'mag': 5.1}, {'lat': -6.176, 'long': 29.709, 'Time': Timestamp('2005-12-09 23:30:23'), 'mag': 5.5}, {'lat': -6.547, 'long': 29.509, 'Time': Timestamp('2005-12-08 11:51:22'), 'mag': 5.1}]",4,2005-12-10 00:09:50,RDM_df_train_30D-20_22SW-tw48_w0.csv,38.83269277777777
278,2005-03-28 06:22:22.578,1,"[{'lat': 5.512, 'long': 93.364, 'Time': Timestamp('2005-03-29 12:56:04'), 'mag': 5.0}, {'lat': 2.085, 'long': 97.108, 'Time': Timestamp('2005-03-28 16:09:36'), 'mag': 8.6}, {'lat': 1.114, 'long': 97.005, 'Time': Timestamp('2005-03-28 16:21:16'), 'mag': 5.8}, {'lat': 1.521, 'long': 97.08, 'Time': Timestamp('2005-03-28 16:25:45'), 'mag': 5.4}, {'lat': 1.633, 'long': 97.169, 'Time': Timestamp('2005-03-28 16:25:56'), 'mag': 5.3}, {'lat': 0.434, 'long': 97.671, 'Time': Timestamp('2005-03-28 16:27:38'), 'mag': 5.2}, {'lat': 0.933, 'long': 97.914, 'Time': Timestamp('2005-03-28 16:33:56'), 'mag': 5.0}, {'lat': 2.335, 'long': 96.596, 'Time': Timestamp('2005-03-28 16:34:40'), 'mag': 5.4}, {'lat': 1.23, 'long': 97.487, 'Time': Timestamp('2005-03-28 16:38:43'), 'mag': 5.9}, {'lat': 2.087, 'long': 96.503, 'Time': Timestamp('2005-03-28 16:44:29'), 'mag': 5.5}, {'lat': 2.276, 'long': 96.183, 'Time': Timestamp('2005-03-28 16:58:35'), 'mag': 5.1}, {'lat': 2.042, 'long': 96.457, 'Time': Timestamp('2005-03-28 17:03:34'), 'mag': 5.0}, {'lat': 0.852, 'long': 97.519, 'Time': Timestamp('2005-03-28 17:11:45'), 'mag': 5.0}, {'lat': 0.838, 'long': 97.376, 'Time': Timestamp('2005-03-28 17:12:58'), 'mag': 5.0}, {'lat': 2.836, 'long': 98.758, 'Time': Timestamp('2005-03-28 17:23:32'), 'mag': 5.2}, {'lat': 1.776, 'long': 97.102, 'Time': Timestamp('2005-03-28 17:24:17'), 'mag': 5.3}, {'lat': 1.634, 'long': 97.082, 'Time': Timestamp('2005-03-28 17:29:09'), 'mag': 5.0}, {'lat': 0.997, 'long': 97.87, 'Time': Timestamp('2005-03-28 17:59:47'), 'mag': 5.4}, {'lat': 1.306, 'long': 97.145, 'Time': Timestamp('2005-03-28 18:13:23'), 'mag': 5.0}, {'lat': 0.923, 'long': 97.867, 'Time': Timestamp('2005-03-28 18:30:44'), 'mag': 6.1}, {'lat': 2.751, 'long': 96.049, 'Time': Timestamp('2005-03-28 18:48:53'), 'mag': 5.4}, {'lat': 2.387, 'long': 97.159, 'Time': Timestamp('2005-03-28 18:50:14'), 'mag': 5.2}, {'lat': 1.014, 'long': 97.821, 'Time': Timestamp('2005-03-28 19:02:19'), 'mag': 5.8}, {'lat': 2.467, 'long': 96.758, 'Time': Timestamp('2005-03-28 19:54:01'), 'mag': 5.1}, {'lat': 1.043, 'long': 97.458, 'Time': Timestamp('2005-03-28 20:06:25'), 'mag': 5.1}, {'lat': 1.966, 'long': 96.941, 'Time': Timestamp('2005-03-28 20:06:56'), 'mag': 5.3}, {'lat': 1.002, 'long': 97.898, 'Time': Timestamp('2005-03-28 20:23:23'), 'mag': 5.1}, {'lat': 1.751, 'long': 97.132, 'Time': Timestamp('2005-03-28 20:35:17'), 'mag': 5.1}, {'lat': 1.077, 'long': 97.579, 'Time': Timestamp('2005-03-28 21:34:09'), 'mag': 5.0}, {'lat': 1.316, 'long': 97.101, 'Time': Timestamp('2005-03-28 21:52:55'), 'mag': 5.0}, {'lat': 0.172, 'long': 97.043, 'Time': Timestamp('2005-03-28 23:13:00'), 'mag': 5.7}, {'lat': 2.889, 'long': 96.411, 'Time': Timestamp('2005-03-28 23:37:31'), 'mag': 5.6}, {'lat': 2.914, 'long': 96.387, 'Time': Timestamp('2005-03-28 23:39:48'), 'mag': 5.4}, {'lat': 2.855, 'long': 96.354, 'Time': Timestamp('2005-03-28 23:44:44'), 'mag': 5.0}, {'lat': 1.617, 'long': 97.134, 'Time': Timestamp('2005-03-29 00:56:03'), 'mag': 5.0}, {'lat': 1.031, 'long': 97.48, 'Time': Timestamp('2005-03-29 02:22:41'), 'mag': 5.1}, {'lat': 1.607, 'long': 97.05, 'Time': Timestamp('2005-03-29 04:09:13'), 'mag': 5.2}, {'lat': 1.249, 'long': 97.151, 'Time': Timestamp('2005-03-29 04:09:58'), 'mag': 5.3}, {'lat': 1.223, 'long': 97.156, 'Time': Timestamp('2005-03-29 04:19:01'), 'mag': 5.2}, {'lat': 0.185, 'long': 97.095, 'Time': Timestamp('2005-03-29 04:50:07'), 'mag': 5.5}, {'lat': 2.648, 'long': 96.581, 'Time': Timestamp('2005-03-29 05:16:29'), 'mag': 5.9}, {'lat': 1.175, 'long': 97.12, 'Time': Timestamp('2005-03-29 05:23:53'), 'mag': 5.1}, {'lat': 0.873, 'long': 97.482, 'Time': Timestamp('2005-03-29 05:24:59'), 'mag': 5.0}, {'lat': 2.143, 'long': 96.634, 'Time': Timestamp('2005-03-29 05:25:25'), 'mag': 5.3}, {'lat': 1.894, 'long': 96.971, 'Time': Timestamp('2005-03-29 09:16:03'), 'mag': 5.0}, {'lat': 1.305, 'long': 97.183, 'Time': Timestamp('2005-03-29 09:28:22'), 'mag': 5.0}, {'lat': 1.084, 'long': 97.258, 'Time': Timestamp('2005-03-29 09:42:57'), 'mag': 5.2}, {'lat': 2.23, 'long': 96.494, 'Time': Timestamp('2005-03-29 10:56:53'), 'mag': 5.2}, {'lat': 5.512, 'long': 93.364, 'Time': Timestamp('2005-03-29 12:56:04'), 'mag': 5.0}, {'lat': 2.547, 'long': 96.067, 'Time': Timestamp('2005-03-29 14:16:06'), 'mag': 5.1}, {'lat': 1.336, 'long': 97.123, 'Time': Timestamp('2005-03-29 14:25:14'), 'mag': 5.0}, {'lat': 0.922, 'long': 97.91, 'Time': Timestamp('2005-03-29 18:29:48'), 'mag': 5.0}, {'lat': 2.352, 'long': 97.334, 'Time': Timestamp('2005-03-29 20:41:37'), 'mag': 5.1}, {'lat': 1.773, 'long': 97.095, 'Time': Timestamp('2005-03-30 01:13:15'), 'mag': 5.7}, {'lat': 2.085, 'long': 97.108, 'Time': Timestamp('2005-03-28 16:09:36'), 'mag': 8.6}, {'lat': 1.114, 'long': 97.005, 'Time': Timestamp('2005-03-28 16:21:16'), 'mag': 5.8}, {'lat': 1.521, 'long': 97.08, 'Time': Timestamp('2005-03-28 16:25:45'), 'mag': 5.4}, {'lat': 1.633, 'long': 97.169, 'Time': Timestamp('2005-03-28 16:25:56'), 'mag': 5.3}, {'lat': 2.335, 'long': 96.596, 'Time': Timestamp('2005-03-28 16:34:40'), 'mag': 5.4}, {'lat': 2.087, 'long': 96.503, 'Time': Timestamp('2005-03-28 16:44:29'), 'mag': 5.5}, {'lat': 2.276, 'long': 96.183, 'Time': Timestamp('2005-03-28 16:58:35'), 'mag': 5.1}, {'lat': 2.042, 'long': 96.457, 'Time': Timestamp('2005-03-28 17:03:34'), 'mag': 5.0}, {'lat': 0.838, 'long': 97.376, 'Time': Timestamp('2005-03-28 17:12:58'), 'mag': 5.0}, {'lat': 1.776, 'long': 97.102, 'Time': Timestamp('2005-03-28 17:24:17'), 'mag': 5.3}, {'lat': 1.634, 'long': 97.082, 'Time': Timestamp('2005-03-28 17:29:09'), 'mag': 5.0}, {'lat': 1.306, 'long': 97.145, 'Time': Timestamp('2005-03-28 18:13:23'), 'mag': 5.0}, {'lat': 2.751, 'long': 96.049, 'Time': Timestamp('2005-03-28 18:48:53'), 'mag': 5.4}, {'lat': 2.387, 'long': 97.159, 'Time': Timestamp('2005-03-28 18:50:14'), 'mag': 5.2}, {'lat': 2.467, 'long': 96.758, 'Time': Timestamp('2005-03-28 19:54:01'), 'mag': 5.1}, {'lat': 1.966, 'long': 96.941, 'Time': Timestamp('2005-03-28 20:06:56'), 'mag': 5.3}, {'lat': 1.751, 'long': 97.132, 'Time': Timestamp('2005-03-28 20:35:17'), 'mag': 5.1}, {'lat': 1.316, 'long': 97.101, 'Time': Timestamp('2005-03-28 21:52:55'), 'mag': 5.0}, {'lat': 0.172, 'long': 97.043, 'Time': Timestamp('2005-03-28 23:13:00'), 'mag': 5.7}, {'lat': 2.889, 'long': 96.411, 'Time': Timestamp('2005-03-28 23:37:31'), 'mag': 5.6}, {'lat': 2.914, 'long': 96.387, 'Time': Timestamp('2005-03-28 23:39:48'), 'mag': 5.4}, {'lat': 2.855, 'long': 96.354, 'Time': Timestamp('2005-03-28 23:44:44'), 'mag': 5.0}, {'lat': 1.617, 'long': 97.134, 'Time': Timestamp('2005-03-29 00:56:03'), 'mag': 5.0}, {'lat': 1.607, 'long': 97.05, 'Time': Timestamp('2005-03-29 04:09:13'), 'mag': 5.2}, {'lat': 1.249, 'long': 97.151, 'Time': Timestamp('2005-03-29 04:09:58'), 'mag': 5.3}, {'lat': 1.223, 'long': 97.156, 'Time': Timestamp('2005-03-29 04:19:01'), 'mag': 5.2}, {'lat': 0.185, 'long': 97.095, 'Time': Timestamp('2005-03-29 04:50:07'), 'mag': 5.5}, {'lat': 2.648, 'long': 96.581, 'Time': Timestamp('2005-03-29 05:16:29'), 'mag': 5.9}, {'lat': 1.175, 'long': 97.12, 'Time': Timestamp('2005-03-29 05:23:53'), 'mag': 5.1}, {'lat': 2.143, 'long': 96.634, 'Time': Timestamp('2005-03-29 05:25:25'), 'mag': 5.3}, {'lat': 1.894, 'long': 96.971, 'Time': Timestamp('2005-03-29 09:16:03'), 'mag': 5.0}, {'lat': 1.305, 'long': 97.183, 'Time': Timestamp('2005-03-29 09:28:22'), 'mag': 5.0}, {'lat': 1.084, 'long': 97.258, 'Time': Timestamp('2005-03-29 09:42:57'), 'mag': 5.2}, {'lat': 2.23, 'long': 96.494, 'Time': Timestamp('2005-03-29 10:56:53'), 'mag': 5.2}, {'lat': 5.512, 'long': 93.364, 'Time': Timestamp('2005-03-29 12:56:04'), 'mag': 5.0}, {'lat': 2.547, 'long': 96.067, 'Time': Timestamp('2005-03-29 14:16:06'), 'mag': 5.1}, {'lat': 1.336, 'long': 97.123, 'Time': Timestamp('2005-03-29 14:25:14'), 'mag': 5.0}, {'lat': 2.352, 'long': 97.334, 'Time': Timestamp('2005-03-29 20:41:37'), 'mag': 5.1}, {'lat': 1.773, 'long': 97.095, 'Time': Timestamp('2005-03-30 01:13:15'), 'mag': 5.7}]",93,2005-03-29 12:56:04,RDM_df_train_30D-20_22SW-tw48_w0.csv,30.56150611111111
1296,2005-11-14 09:01:22.337,1,"[{'lat': -43.752, 'long': 41.601, 'Time': Timestamp('2005-11-14 12:57:30'), 'mag': 5.1}, {'lat': -43.752, 'long': 41.601, 'Time': Timestamp('2005-11-14 12:57:30'), 'mag': 5.1}, {'lat': -43.752, 'long': 41.601, 'Time': Timestamp('2005-11-14 12:57:30'), 'mag': 5.1}]",3,2005-11-14 12:57:30,RDM_df_train_30D-20_22SW-tw48_w0.csv,3.9354619444444445
421,2005-04-20 08:12:52.017,1,"[{'lat': -52.191, 'long': 13.695, 'Time': Timestamp('2005-04-21 01:15:08'), 'mag': 5.3}, {'lat': -52.191, 'long': 13.695, 'Time': Timestamp('2005-04-21 01:15:08'), 'mag': 5.3}]",2,2005-04-21 01:15:08,RDM_df_train_30D-20_22SW-tw48_w0.csv,17.037773055555554
329,2005-03-23 01:21:52.518,1,"[{'lat': -10.146, 'long': 161.373, 'Time': Timestamp('2005-03-23 13:30:29'), 'mag': 5.1}, {'lat': -6.876, 'long': 155.756, 'Time': Timestamp('2005-03-23 14:54:09'), 'mag': 5.2}, {'lat': -10.146, 'long': 161.373, 'Time': Timestamp('2005-03-23 13:30:29'), 'mag': 5.1}, {'lat': -6.876, 'long': 155.756, 'Time': Timestamp('2005-03-23 14:54:09'), 'mag': 5.2}, {'lat': -10.146, 'long': 161.373, 'Time': Timestamp('2005-03-23 13:30:29'), 'mag': 5.1}]",5,2005-03-23 13:30:29,RDM_df_train_30D-20_22SW-tw48_w0.csv,12.143467222222224
810,2005-07-23 08:26:19.947,1,"[{'lat': 36.387, 'long': 70.718, 'Time': Timestamp('2005-07-23 14:40:25'), 'mag': 5.5}, {'lat': 39.674, 'long': 64.129, 'Time': Timestamp('2005-07-24 18:05:59'), 'mag': 5.1}, {'lat': 36.387, 'long': 70.718, 'Time': Timestamp('2005-07-23 14:40:25'), 'mag': 5.5}, {'lat': 39.674, 'long': 64.129, 'Time': Timestamp('2005-07-24 18:05:59'), 'mag': 5.1}, {'lat': 36.387, 'long': 70.718, 'Time': Timestamp('2005-07-23 14:40:25'), 'mag': 5.5}, {'lat': 39.674, 'long': 64.129, 'Time': Timestamp('2005-07-24 18:05:59'), 'mag': 5.1}]",6,2005-07-23 14:40:25,RDM_df_train_30D-20_22SW-tw48_w0.csv,6.234736944444444
749,2005-06-30 07:54:51.639,1,"[{'lat': 36.569, 'long': 71.32, 'Time': Timestamp('2005-07-01 03:48:28'), 'mag': 5.6}, {'lat': 36.569, 'long': 71.32, 'Time': Timestamp('2005-07-01 03:48:28'), 'mag': 5.6}, {'lat': 36.569, 'long': 71.32, 'Time': Timestamp('2005-07-01 03:48:28'), 'mag': 5.6}]",3,2005-07-01 03:48:28,RDM_df_train_30D-20_22SW-tw48_w0.csv,19.893433611111114
54,2005-01-21 01:16:46.945,1,"[{'lat': -7.727, 'long': 159.475, 'Time': Timestamp('2005-01-22 20:30:17'), 'mag': 6.4}, {'lat': -7.727, 'long': 159.475, 'Time': Timestamp('2005-01-22 20:30:17'), 'mag': 6.4}, {'lat': -5.849, 'long': 151.582, 'Time': Timestamp('2005-01-23 01:03:55'), 'mag': 5.5}, {'lat': -7.727, 'long': 159.475, 'Time': Timestamp('2005-01-22 20:30:17'), 'mag': 6.4}, {'lat': -5.849, 'long': 151.582, 'Time': Timestamp('2005-01-23 01:03:55'), 'mag': 5.5}, {'lat': 34.021, 'long': 141.553, 'Time': Timestamp('2005-01-21 12:45:31'), 'mag': 5.7}, {'lat': 34.003, 'long': 141.367, 'Time': Timestamp('2005-01-21 17:58:56'), 'mag': 5.8}, {'lat': 33.892, 'long': 141.52, 'Time': Timestamp('2005-01-21 18:10:35'), 'mag': 5.0}, {'lat': 34.021, 'long': 141.553, 'Time': Timestamp('2005-01-21 12:45:31'), 'mag': 5.7}, {'lat': 34.003, 'long': 141.367, 'Time': Timestamp('2005-01-21 17:58:56'), 'mag': 5.8}, {'lat': 33.892, 'long': 141.52, 'Time': Timestamp('2005-01-21 18:10:35'), 'mag': 5.0}, {'lat': 34.021, 'long': 141.553, 'Time': Timestamp('2005-01-21 12:45:31'), 'mag': 5.7}, {'lat': 34.003, 'long': 141.367, 'Time': Timestamp('2005-01-21 17:58:56'), 'mag': 5.8}, {'lat': 33.892, 'long': 141.52, 'Time': Timestamp('2005-01-21 18:10:35'), 'mag': 5.0}, {'lat': -10.73, 'long': 123.948, 'Time': Timestamp('2005-01-22 10:48:45'), 'mag': 5.2}]",15,2005-01-22 20:30:17,RDM_df_train_30D-20_22SW-tw48_w0.csv,43.22501527777778
1155,2005-09-22 01:55:23.285,1,"[{'lat': -9.323, 'long': 158.101, 'Time': Timestamp('2005-09-22 16:37:46'), 'mag': 5.3}, {'lat': -9.323, 'long': 158.101, 'Time': Timestamp('2005-09-22 16:37:46'), 'mag': 5.3}]",2,2005-09-22 16:37:46,RDM_df_train_30D-20_22SW-tw48_w0.csv,14.70630972222222
363,2005-03-30 01:11:17.186,1,"[{'lat': -10.246, 'long': 161.315, 'Time': Timestamp('2005-03-30 12:00:34'), 'mag': 5.7}, {'lat': -15.486, 'long': 167.439, 'Time': Timestamp('2005-03-30 01:28:14'), 'mag': 5.1}, {'lat': -10.246, 'long': 161.315, 'Time': Timestamp('2005-03-30 12:00:34'), 'mag': 5.7}, {'lat': -3.848, 'long': 152.549, 'Time': Timestamp('2005-03-31 01:26:46'), 'mag': 5.0}, {'lat': -15.486, 'long': 167.439, 'Time': Timestamp('2005-03-30 01:28:14'), 'mag': 5.1}, {'lat': -10.246, 'long': 161.315, 'Time': Timestamp('2005-03-30 12:00:34'), 'mag': 5.7}, {'lat': -15.486, 'long': 167.439, 'Time': Timestamp('2005-03-30 01:28:14'), 'mag': 5.1}, {'lat': -53.61, 'long': 140.817, 'Time': Timestamp('2005-03-30 16:00:52'), 'mag': 5.3}]",8,2005-03-30 12:00:34,RDM_df_train_30D-20_22SW-tw48_w0.csv,10.821337222222223
463,2005-04-18 02:00:51.652,1,"[{'lat': 33.637, 'long': 130.179, 'Time': Timestamp('2005-04-19 21:11:28'), 'mag': 5.5}, {'lat': 29.642, 'long': 138.891, 'Time': Timestamp('2005-04-19 01:46:56'), 'mag': 5.9}, {'lat': 33.637, 'long': 130.179, 'Time': Timestamp('2005-04-19 21:11:28'), 'mag': 5.5}, {'lat': 29.642, 'long': 138.891, 'Time': Timestamp('2005-04-19 01:46:56'), 'mag': 5.9}, {'lat': 33.637, 'long': 130.179, 'Time': Timestamp('2005-04-19 21:11:28'), 'mag': 5.5}, {'lat': 13.918, 'long': 120.71, 'Time': Timestamp('2005-04-19 00:31:42'), 'mag': 5.0}, {'lat': 13.918, 'long': 120.71, 'Time': Timestamp('2005-04-19 00:31:42'), 'mag': 5.0}]",7,2005-04-19 21:11:28,RDM_df_train_30D-20_22SW-tw48_w0.csv,43.176763333333334
1131,2005-10-05 06:34:50.618,1,"[{'lat': 5.233, 'long': 95.577, 'Time': Timestamp('2005-10-05 08:46:42'), 'mag': 5.7}, {'lat': 7.897, 'long': 92.063, 'Time': Timestamp('2005-10-05 12:19:09'), 'mag': 5.3}, {'lat': 5.233, 'long': 95.577, 'Time': Timestamp('2005-10-05 08:46:42'), 'mag': 5.7}, {'lat': 7.897, 'long': 92.063, 'Time': Timestamp('2005-10-05 12:19:09'), 'mag': 5.3}, {'lat': 7.897, 'long': 92.063, 'Time': Timestamp('2005-10-05 12:19:09'), 'mag': 5.3}]",5,2005-10-05 08:46:42,RDM_df_train_30D-20_22SW-tw48_w0.csv,2.197606111111111
925,2005-08-09 20:06:52.723,1,"[{'lat': 36.947, 'long': -104.833, 'Time': Timestamp('2005-08-10 22:08:22'), 'mag': 5.0}, {'lat': 36.947, 'long': -104.833, 'Time': Timestamp('2005-08-10 22:08:22'), 'mag': 5.0}, {'lat': 36.947, 'long': -104.833, 'Time': Timestamp('2005-08-10 22:08:22'), 'mag': 5.0}, {'lat': -55.163, 'long': -129.218, 'Time': Timestamp('2005-08-11 11:36:33'), 'mag': 5.3}, {'lat': -55.163, 'long': -129.218, 'Time': Timestamp('2005-08-11 11:36:33'), 'mag': 5.3}, {'lat': -55.163, 'long': -129.218, 'Time': Timestamp('2005-08-11 11:36:33'), 'mag': 5.3}]",6,2005-08-10 22:08:22,RDM_df_train_30D-20_22SW-tw48_w0.csv,26.024799166666668
1136,2005-10-09 15:36:21.162,1,"[{'lat': -45.62, 'long': -76.566, 'Time': Timestamp('2005-10-10 16:07:00'), 'mag': 5.1}, {'lat': -45.62, 'long': -76.566, 'Time': Timestamp('2005-10-10 16:07:00'), 'mag': 5.1}]",2,2005-10-10 16:07:00,RDM_df_train_30D-20_22SW-tw48_w0.csv,24.510788333333334
9,2005-01-28 01:50:51.131,1,"[{'lat': -4.776, 'long': 153.209, 'Time': Timestamp('2005-01-29 14:52:10'), 'mag': 5.0}, {'lat': -4.776, 'long': 153.209, 'Time': Timestamp('2005-01-29 14:52:10'), 'mag': 5.0}, {'lat': -4.776, 'long': 153.209, 'Time': Timestamp('2005-01-29 14:52:10'), 'mag': 5.0}, {'lat': -1.992, 'long': 126.628, 'Time': Timestamp('2005-01-29 11:50:51'), 'mag': 5.2}, {'lat': -1.992, 'long': 126.628, 'Time': Timestamp('2005-01-29 11:50:51'), 'mag': 5.2}, {'lat': -1.992, 'long': 126.628, 'Time': Timestamp('2005-01-29 11:50:51'), 'mag': 5.2}]",6,2005-01-29 14:52:10,RDM_df_train_30D-20_22SW-tw48_w0.csv,37.021908055555556
1164,2005-10-14 08:20:19.875,1,"[{'lat': 34.014, 'long': 74.003, 'Time': Timestamp('2005-10-15 04:24:06'), 'mag': 5.2}, {'lat': 33.954, 'long': 73.93, 'Time': Timestamp('2005-10-15 04:32:21'), 'mag': 5.0}, {'lat': 34.014, 'long': 74.003, 'Time': Timestamp('2005-10-15 04:24:06'), 'mag': 5.2}, {'lat': 33.954, 'long': 73.93, 'Time': Timestamp('2005-10-15 04:32:21'), 'mag': 5.0}, {'lat': 34.014, 'long': 74.003, 'Time': Timestamp('2005-10-15 04:24:06'), 'mag': 5.2}, {'lat': 33.954, 'long': 73.93, 'Time': Timestamp('2005-10-15 04:32:21'), 'mag': 5.0}]",6,2005-10-15 04:24:06,RDM_df_train_30D-20_22SW-tw48_w0.csv,20.0628125
1483,2006-01-14 22:18:49.168,1,"[{'lat': -15.392, 'long': -173.421, 'Time': Timestamp('2006-01-16 00:42:36'), 'mag': 5.2}]",1,2006-01-16 00:42:36,RDM_df_train_30D-20_22SW-tw48_w0.csv,26.39634222222222
1457,2005-12-26 21:43:19.296,1,"[{'lat': 53.374, 'long': -164.459, 'Time': Timestamp('2005-12-28 00:03:05'), 'mag': 5.2}]",1,2005-12-28 00:03:05,RDM_df_train_30D-20_22SW-tw48_w0.csv,26.329362222222223
538,2005-05-10 20:54:52.014,1,"[{'lat': -57.382, 'long': -139.231, 'Time': Timestamp('2005-05-12 11:15:35'), 'mag': 6.5}, {'lat': -57.382, 'long': -139.231, 'Time': Timestamp('2005-05-12 11:15:35'), 'mag': 6.5}]",2,2005-05-12 11:15:35,RDM_df_train_30D-20_22SW-tw48_w0.csv,38.34527388888889
761,2005-06-23 18:22:52.258,1,"[{'lat': 11.614, 'long': -87.026, 'Time': Timestamp('2005-06-25 08:25:27'), 'mag': 5.0}, {'lat': 11.614, 'long': -87.026, 'Time': Timestamp('2005-06-25 08:25:27'), 'mag': 5.0}, {'lat': -29.396, 'long': -112.559, 'Time': Timestamp('2005-06-23 18:32:21'), 'mag': 5.2}, {'lat': -29.396, 'long': -112.559, 'Time': Timestamp('2005-06-23 18:32:21'), 'mag': 5.2}]",4,2005-06-25 08:25:27,RDM_df_train_30D-20_22SW-tw48_w0.csv,38.04298388888889
785,2005-07-16 21:32:21.949,1,"[{'lat': 18.7721667, 'long': -155.4455, 'Time': Timestamp('2005-07-17 19:15:02'), 'mag': 5.4}, {'lat': 18.7721667, 'long': -155.4455, 'Time': Timestamp('2005-07-17 19:15:02'), 'mag': 5.4}, {'lat': -23.617, 'long': -179.93, 'Time': Timestamp('2005-07-18 07:48:42'), 'mag': 5.2}, {'lat': -23.617, 'long': -179.93, 'Time': Timestamp('2005-07-18 07:48:42'), 'mag': 5.2}]",4,2005-07-17 19:15:02,RDM_df_train_30D-20_22SW-tw48_w0.csv,21.71112527777778
458,2005-05-10 17:08:24.328,1,"[{'lat': -41.413, 'long': -88.626, 'Time': Timestamp('2005-05-12 12:57:46'), 'mag': 5.4}, {'lat': -41.413, 'long': -88.626, 'Time': Timestamp('2005-05-12 12:57:46'), 'mag': 5.4}, {'lat': -41.413, 'long': -88.626, 'Time': Timestamp('2005-05-12 12:57:46'), 'mag': 5.4}, {'lat': -0.241, 'long': -91.283, 'Time': Timestamp('2005-05-11 22:55:48'), 'mag': 5.0}, {'lat': -0.241, 'long': -91.283, 'Time': Timestamp('2005-05-11 22:55:48'), 'mag': 5.0}, {'lat': -0.241, 'long': -91.283, 'Time': Timestamp('2005-05-11 22:55:48'), 'mag': 5.0}]",6,2005-05-12 12:57:46,RDM_df_train_30D-20_22SW-tw48_w0.csv,43.82268666666666
763,2005-07-07 00:53:48.459,1,"[{'lat': 56.068, 'long': 164.605, 'Time': Timestamp('2005-07-07 02:17:05'), 'mag': 5.6}, {'lat': 56.068, 'long': 164.605, 'Time': Timestamp('2005-07-07 02:17:05'), 'mag': 5.6}, {'lat': 56.068, 'long': 164.605, 'Time': Timestamp('2005-07-07 02:17:05'), 'mag': 5.6}, {'lat': -4.427, 'long': 153.737, 'Time': Timestamp('2005-07-07 15:52:51'), 'mag': 5.2}, {'lat': -4.427, 'long': 153.737, 'Time': Timestamp('2005-07-07 15:52:51'), 'mag': 5.2}]",5,2005-07-07 02:17:05,RDM_df_train_30D-20_22SW-tw48_w0.csv,1.3879280555555555
471,2005-04-19 16:00:16.955,1,"[{'lat': 5.014, 'long': -76.269, 'Time': Timestamp('2005-04-21 03:39:24'), 'mag': 5.2}, {'lat': 5.014, 'long': -76.269, 'Time': Timestamp('2005-04-21 03:39:24'), 'mag': 5.2}]",2,2005-04-21 03:39:24,RDM_df_train_30D-20_22SW-tw48_w0.csv,35.65195694444444
915,2005-08-18 06:09:54.157,1,"[{'lat': -31.447, 'long': 58.586, 'Time': Timestamp('2005-08-19 13:04:03'), 'mag': 5.1}, {'lat': -31.447, 'long': 58.586, 'Time': Timestamp('2005-08-19 13:04:03'), 'mag': 5.1}, {'lat': -31.447, 'long': 58.586, 'Time': Timestamp('2005-08-19 13:04:03'), 'mag': 5.1}]",3,2005-08-19 13:04:03,RDM_df_train_30D-20_22SW-tw48_w0.csv,30.902456388888886
386,2005-04-13 00:46:49.092,1,"[{'lat': -22.201, 'long': 171.445, 'Time': Timestamp('2005-04-14 22:09:30'), 'mag': 5.6}, {'lat': -22.201, 'long': 171.445, 'Time': Timestamp('2005-04-14 22:09:30'), 'mag': 5.6}, {'lat': -22.201, 'long': 171.445, 'Time': Timestamp('2005-04-14 22:09:30'), 'mag': 5.6}, {'lat': 31.202, 'long': 142.357, 'Time': Timestamp('2005-04-13 09:50:21'), 'mag': 5.0}, {'lat': 31.202, 'long': 142.357, 'Time': Timestamp('2005-04-13 09:50:21'), 'mag': 5.0}]",5,2005-04-14 22:09:30,RDM_df_train_30D-20_22SW-tw48_w0.csv,45.378029999999995
1243,2005-11-18 01:36:23.462,1,"[{'lat': 51.06, 'long': 158.091, 'Time': Timestamp('2005-11-18 16:36:01'), 'mag': 5.0}, {'lat': 6.243, 'long': 125.895, 'Time': Timestamp('2005-11-19 17:55:10'), 'mag': 5.3}, {'lat': 6.243, 'long': 125.895, 'Time': Timestamp('2005-11-19 17:55:10'), 'mag': 5.3}, {'lat': 6.243, 'long': 125.895, 'Time': Timestamp('2005-11-19 17:55:10'), 'mag': 5.3}]",4,2005-11-18 16:36:01,RDM_df_train_30D-20_22SW-tw48_w0.csv,14.993760555555555
172,2005-02-23 11:07:51.225,1,"[{'lat': -48.84, 'long': -8.587, 'Time': Timestamp('2005-02-25 05:11:59'), 'mag': 5.0}, {'lat': -54.084, 'long': 6.942, 'Time': Timestamp('2005-02-25 07:47:18'), 'mag': 5.1}, {'lat': -48.84, 'long': -8.587, 'Time': Timestamp('2005-02-25 05:11:59'), 'mag': 5.0}]",3,2005-02-25 05:11:59,RDM_df_train_30D-20_22SW-tw48_w0.csv,42.06882638888889
312,2005-03-27 13:29:22.691,1,"[{'lat': -0.299, 'long': -20.776, 'Time': Timestamp('2005-03-28 00:01:30'), 'mag': 5.2}, {'lat': -0.299, 'long': -20.776, 'Time': Timestamp('2005-03-28 00:01:30'), 'mag': 5.2}, {'lat': -0.299, 'long': -20.776, 'Time': Timestamp('2005-03-28 00:01:30'), 'mag': 5.2}]",3,2005-03-28 00:01:30,RDM_df_train_30D-20_22SW-tw48_w0.csv,10.535363611111112
1402,2005-12-11 08:50:22.579,1,"[{'lat': 36.357, 'long': 71.093, 'Time': Timestamp('2005-12-12 21:47:46'), 'mag': 6.5}]",1,2005-12-12 21:47:46,RDM_df_train_30D-20_22SW-tw48_w0.csv,36.95650583333333
585,2005-05-17 22:26:53.354,1,"[{'lat': 60.0168, 'long': -152.693, 'Time': Timestamp('2005-05-19 01:12:29'), 'mag': 5.4}, {'lat': 60.0168, 'long': -152.693, 'Time': Timestamp('2005-05-19 01:12:29'), 'mag': 5.4}, {'lat': -12.968, 'long': 166.81, 'Time': Timestamp('2005-05-19 07:52:50'), 'mag': 5.0}]",3,2005-05-19 01:12:29,RDM_df_train_30D-20_22SW-tw48_w0.csv,26.759901666666664
1507,2006-01-03 15:19:21.162,1,"[{'lat': 9.889, 'long': -71.915, 'Time': Timestamp('2006-01-03 22:15:06'), 'mag': 5.0}, {'lat': 9.889, 'long': -71.915, 'Time': Timestamp('2006-01-03 22:15:06'), 'mag': 5.0}, {'lat': -22.855, 'long': -66.172, 'Time': Timestamp('2006-01-04 13:01:33'), 'mag': 5.5}, {'lat': -22.855, 'long': -66.172, 'Time': Timestamp('2006-01-04 13:01:33'), 'mag': 5.5}]",4,2006-01-03 22:15:06,RDM_df_train_30D-20_22SW-tw48_w0.csv,6.929121666666666
1131,2005-10-05 06:34:50.618,1,"[{'lat': 5.233, 'long': 95.577, 'Time': Timestamp('2005-10-05 08:46:42'), 'mag': 5.7}, {'lat': 7.897, 'long': 92.063, 'Time': Timestamp('2005-10-05 12:19:09'), 'mag': 5.3}, {'lat': 5.233, 'long': 95.577, 'Time': Timestamp('2005-10-05 08:46:42'), 'mag': 5.7}, {'lat': 7.897, 'long': 92.063, 'Time': Timestamp('2005-10-05 12:19:09'), 'mag': 5.3}, {'lat': 7.897, 'long': 92.063, 'Time': Timestamp('2005-10-05 12:19:09'), 'mag': 5.3}]",5,2005-10-05 08:46:42,RDM_df_train_30D-20_22SW-tw48_w0.csv,2.197606111111111
312,2005-03-27 13:29:22.691,1,"[{'lat': -0.299, 'long': -20.776, 'Time': Timestamp('2005-03-28 00:01:30'), 'mag': 5.2}, {'lat': -0.299, 'long': -20.776, 'Time': Timestamp('2005-03-28 00:01:30'), 'mag': 5.2}, {'lat': -0.299, 'long': -20.776, 'Time': Timestamp('2005-03-28 00:01:30'), 'mag': 5.2}]",3,2005-03-28 00:01:30,RDM_df_train_30D-20_22SW-tw48_w0.csv,10.535363611111112
636,2005-06-03 08:00:51.767,1,"[{'lat': -53.127, 'long': 22.177, 'Time': Timestamp('2005-06-05 01:09:12'), 'mag': 5.1}, {'lat': -53.127, 'long': 22.177, 'Time': Timestamp('2005-06-05 01:09:12'), 'mag': 5.1}]",2,2005-06-05 01:09:12,RDM_df_train_30D-20_22SW-tw48_w0.csv,41.13895361111111
578,2005-06-02 15:10:47.871,1,"[{'lat': -16.481, 'long': -70.725, 'Time': Timestamp('2005-06-03 19:24:49'), 'mag': 5.0}, {'lat': -16.481, 'long': -70.725, 'Time': Timestamp('2005-06-03 19:24:49'), 'mag': 5.0}]",2,2005-06-03 19:24:49,RDM_df_train_30D-20_22SW-tw48_w0.csv,28.233646944444445
1278,2005-11-10 01:54:53.350,1,"[{'lat': -10.513, 'long': 161.037, 'Time': Timestamp('2005-11-10 09:23:20'), 'mag': 5.5}, {'lat': -10.513, 'long': 161.037, 'Time': Timestamp('2005-11-10 09:23:20'), 'mag': 5.5}]",2,2005-11-10 09:23:20,RDM_df_train_30D-20_22SW-tw48_w0.csv,7.474069444444445
24,2005-02-06 00:48:48.295,1,"[{'lat': 19.364, 'long': 145.601, 'Time': Timestamp('2005-02-07 18:41:39'), 'mag': 5.0}, {'lat': 19.364, 'long': 145.601, 'Time': Timestamp('2005-02-07 18:41:39'), 'mag': 5.0}, {'lat': 19.364, 'long': 145.601, 'Time': Timestamp('2005-02-07 18:41:39'), 'mag': 5.0}, {'lat': -4.525, 'long': 153.187, 'Time': Timestamp('2005-02-07 20:02:17'), 'mag': 6.1}, {'lat': -4.525, 'long': 153.187, 'Time': Timestamp('2005-02-07 20:02:17'), 'mag': 6.1}, {'lat': -4.525, 'long': 153.187, 'Time': Timestamp('2005-02-07 20:02:17'), 'mag': 6.1}, {'lat': -52.978, 'long': 140.391, 'Time': Timestamp('2005-02-06 01:25:43'), 'mag': 5.3}, {'lat': -52.824, 'long': 140.228, 'Time': Timestamp('2005-02-06 01:28:48'), 'mag': 5.6}]",8,2005-02-07 18:41:39,RDM_df_train_30D-20_22SW-tw48_w0.csv,41.88075138888888
1163,2005-10-10 15:54:49.501,1,"[{'lat': -45.62, 'long': -76.566, 'Time': Timestamp('2005-10-10 16:07:00'), 'mag': 5.1}, {'lat': -45.62, 'long': -76.566, 'Time': Timestamp('2005-10-10 16:07:00'), 'mag': 5.1}]",2,2005-10-10 16:07:00,RDM_df_train_30D-20_22SW-tw48_w0.csv,0.20291638888888888
811,2005-07-10 11:45:04.756,1,"[{'lat': 42.389, 'long': 19.812, 'Time': Timestamp('2005-07-10 13:10:12'), 'mag': 5.2}, {'lat': 42.389, 'long': 19.812, 'Time': Timestamp('2005-07-10 13:10:12'), 'mag': 5.2}]",2,2005-07-10 13:10:12,RDM_df_train_30D-20_22SW-tw48_w0.csv,1.4186788888888888
20,2005-02-07 22:26:19.523,1,"[{'lat': -14.252, 'long': 167.259, 'Time': Timestamp('2005-02-08 14:48:21'), 'mag': 6.7}]",1,2005-02-08 14:48:21,RDM_df_train_30D-20_22SW-tw48_w0.csv,16.367076944444445
1081,2005-09-03 05:57:24.624,1,"[{'lat': 4.746, 'long': 95.144, 'Time': Timestamp('2005-09-03 21:00:04'), 'mag': 5.0}, {'lat': 4.746, 'long': 95.144, 'Time': Timestamp('2005-09-03 21:00:04'), 'mag': 5.0}, {'lat': 4.746, 'long': 95.144, 'Time': Timestamp('2005-09-03 21:00:04'), 'mag': 5.0}]",3,2005-09-03 21:00:04,RDM_df_train_30D-20_22SW-tw48_w0.csv,15.04427111111111
1072,2005-09-25 15:23:54.265,1,"[{'lat': -5.678, 'long': -76.398, 'Time': Timestamp('2005-09-26 01:55:37'), 'mag': 7.5}, {'lat': -5.678, 'long': -76.398, 'Time': Timestamp('2005-09-26 01:55:37'), 'mag': 7.5}, {'lat': -5.678, 'long': -76.398, 'Time': Timestamp('2005-09-26 01:55:37'), 'mag': 7.5}]",3,2005-09-26 01:55:37,RDM_df_train_30D-20_22SW-tw48_w0.csv,10.5285375
1416,2005-12-24 14:20:46.343,1,"[{'lat': -38.953, 'long': -73.188, 'Time': Timestamp('2005-12-26 00:56:10'), 'mag': 5.1}, {'lat': -38.953, 'long': -73.188, 'Time': Timestamp('2005-12-26 00:56:10'), 'mag': 5.1}]",2,2005-12-26 00:56:10,RDM_df_train_30D-20_22SW-tw48_w0.csv,34.58990472222222
1541,2006-01-18 00:34:18.432,1,"[{'lat': 21.401, 'long': 144.194, 'Time': Timestamp('2006-01-18 03:52:51'), 'mag': 5.4}, {'lat': 21.401, 'long': 144.194, 'Time': Timestamp('2006-01-18 03:52:51'), 'mag': 5.4}]",2,2006-01-18 03:52:51,RDM_df_train_30D-20_22SW-tw48_w0.csv,3.3090466666666667
467,2005-05-10 16:55:52.448,1,"[{'lat': -41.413, 'long': -88.626, 'Time': Timestamp('2005-05-12 12:57:46'), 'mag': 5.4}, {'lat': -41.413, 'long': -88.626, 'Time': Timestamp('2005-05-12 12:57:46'), 'mag': 5.4}, {'lat': -41.413, 'long': -88.626, 'Time': Timestamp('2005-05-12 12:57:46'), 'mag': 5.4}, {'lat': -0.241, 'long': -91.283, 'Time': Timestamp('2005-05-11 22:55:48'), 'mag': 5.0}, {'lat': -0.241, 'long': -91.283, 'Time': Timestamp('2005-05-11 22:55:48'), 'mag': 5.0}, {'lat': -0.241, 'long': -91.283, 'Time': Timestamp('2005-05-11 22:55:48'), 'mag': 5.0}]",6,2005-05-12 12:57:46,RDM_df_train_30D-20_22SW-tw48_w0.csv,44.03154222222222
734,2005-06-30 07:36:30.642,1,"[{'lat': 36.569, 'long': 71.32, 'Time': Timestamp('2005-07-01 03:48:28'), 'mag': 5.6}, {'lat': 36.569, 'long': 71.32, 'Time': Timestamp('2005-07-01 03:48:28'), 'mag': 5.6}, {'lat': 36.569, 'long': 71.32, 'Time': Timestamp('2005-07-01 03:48:28'), 'mag': 5.6}]",3,2005-07-01 03:48:28,RDM_df_train_30D-20_22SW-tw48_w0.csv,20.199266111111108
1360,2005-12-04 17:57:22.923,1,"[{'lat': 14.347, 'long': -92.181, 'Time': Timestamp('2005-12-05 21:40:37'), 'mag': 5.1}, {'lat': 14.347, 'long': -92.181, 'Time': Timestamp('2005-12-05 21:40:37'), 'mag': 5.1}]",2,2005-12-05 21:40:37,RDM_df_train_30D-20_22SW-tw48_w0.csv,27.720576944444446
585,2005-05-17 22:26:53.354,1,"[{'lat': 60.0168, 'long': -152.693, 'Time': Timestamp('2005-05-19 01:12:29'), 'mag': 5.4}, {'lat': 60.0168, 'long': -152.693, 'Time': Timestamp('2005-05-19 01:12:29'), 'mag': 5.4}, {'lat': -12.968, 'long': 166.81, 'Time': Timestamp('2005-05-19 07:52:50'), 'mag': 5.0}]",3,2005-05-19 01:12:29,RDM_df_train_30D-20_22SW-tw48_w0.csv,26.759901666666664
1256,2005-11-23 22:08:20.443,1,"[{'lat': -24.273, 'long': -176.313, 'Time': Timestamp('2005-11-24 10:46:38'), 'mag': 5.6}, {'lat': -25.814, 'long': -177.834, 'Time': Timestamp('2005-11-25 09:29:59'), 'mag': 5.5}]",2,2005-11-24 10:46:38,RDM_df_train_30D-20_22SW-tw48_w0.csv,12.638210277777779
307,2005-03-27 12:43:22.286,1,"[{'lat': -0.299, 'long': -20.776, 'Time': Timestamp('2005-03-28 00:01:30'), 'mag': 5.2}, {'lat': -0.299, 'long': -20.776, 'Time': Timestamp('2005-03-28 00:01:30'), 'mag': 5.2}]",2,2005-03-28 00:01:30,RDM_df_train_30D-20_22SW-tw48_w0.csv,11.302142777777778
620,2005-06-04 13:24:52.516,1,"[{'lat': -57.428, 'long': -26.072, 'Time': Timestamp('2005-06-05 01:04:47'), 'mag': 5.2}, {'lat': -57.428, 'long': -26.072, 'Time': Timestamp('2005-06-05 01:04:47'), 'mag': 5.2}]",2,2005-06-05 01:04:47,RDM_df_train_30D-20_22SW-tw48_w0.csv,11.665134444444444
1495,2006-01-21 01:02:18.162,1,"[{'lat': -13.112, 'long': 167.01, 'Time': Timestamp('2006-01-21 05:05:55'), 'mag': 5.2}, {'lat': -13.112, 'long': 167.01, 'Time': Timestamp('2006-01-21 05:05:55'), 'mag': 5.2}, {'lat': -22.215, 'long': 173.654, 'Time': Timestamp('2006-01-22 11:15:44'), 'mag': 5.2}, {'lat': -5.146, 'long': 145.344, 'Time': Timestamp('2006-01-21 15:39:28'), 'mag': 5.4}, {'lat': -5.146, 'long': 145.344, 'Time': Timestamp('2006-01-21 15:39:28'), 'mag': 5.4}, {'lat': -5.146, 'long': 145.344, 'Time': Timestamp('2006-01-21 15:39:28'), 'mag': 5.4}]",6,2006-01-21 05:05:55,RDM_df_train_30D-20_22SW-tw48_w0.csv,4.060232777777777
539,2005-05-24 00:10:22.983,1,"[{'lat': -50.584, 'long': 162.349, 'Time': Timestamp('2005-05-25 11:18:47'), 'mag': 5.4}, {'lat': -50.584, 'long': 162.349, 'Time': Timestamp('2005-05-25 11:18:47'), 'mag': 5.4}]",2,2005-05-25 11:18:47,RDM_df_train_30D-20_22SW-tw48_w0.csv,35.14000472222222
1130,2005-09-23 01:36:51.986,1,"[{'lat': -4.305, 'long': 152.987, 'Time': Timestamp('2005-09-24 05:09:48'), 'mag': 5.0}, {'lat': -4.305, 'long': 152.987, 'Time': Timestamp('2005-09-24 05:09:48'), 'mag': 5.0}, {'lat': -4.305, 'long': 152.987, 'Time': Timestamp('2005-09-24 05:09:48'), 'mag': 5.0}, {'lat': 34.297, 'long': 140.82, 'Time': Timestamp('2005-09-24 14:48:48'), 'mag': 5.2}, {'lat': 34.297, 'long': 140.82, 'Time': Timestamp('2005-09-24 14:48:48'), 'mag': 5.2}, {'lat': 34.297, 'long': 140.82, 'Time': Timestamp('2005-09-24 14:48:48'), 'mag': 5.2}, {'lat': 1.556, 'long': 126.583, 'Time': Timestamp('2005-09-25 00:08:40'), 'mag': 5.4}, {'lat': 1.556, 'long': 126.583, 'Time': Timestamp('2005-09-25 00:08:40'), 'mag': 5.4}]",8,2005-09-24 05:09:48,RDM_df_train_30D-20_22SW-tw48_w0.csv,27.548892777777777
743,2005-07-10 00:35:19.798,1,"[{'lat': -20.117, 'long': 168.859, 'Time': Timestamp('2005-07-11 11:23:21'), 'mag': 5.1}, {'lat': -20.117, 'long': 168.859, 'Time': Timestamp('2005-07-11 11:23:21'), 'mag': 5.1}, {'lat': 55.39, 'long': 166.701, 'Time': Timestamp('2005-07-10 22:39:35'), 'mag': 5.2}, {'lat': 55.39, 'long': 166.701, 'Time': Timestamp('2005-07-10 22:39:35'), 'mag': 5.2}, {'lat': 55.39, 'long': 166.701, 'Time': Timestamp('2005-07-10 22:39:35'), 'mag': 5.2}]",5,2005-07-11 11:23:21,RDM_df_train_30D-20_22SW-tw48_w0.csv,34.80033388888889
182,2005-02-15 17:38:20.904,1,"[{'lat': -10.927, 'long': -76.101, 'Time': Timestamp('2005-02-17 03:12:46'), 'mag': 5.4}, {'lat': -10.927, 'long': -76.101, 'Time': Timestamp('2005-02-17 03:12:46'), 'mag': 5.4}, {'lat': -10.927, 'long': -76.101, 'Time': Timestamp('2005-02-17 03:12:46'), 'mag': 5.4}, {'lat': -23.214, 'long': -115.028, 'Time': Timestamp('2005-02-16 11:44:26'), 'mag': 5.2}, {'lat': -23.214, 'long': -115.028, 'Time': Timestamp('2005-02-16 11:44:26'), 'mag': 5.2}, {'lat': -23.214, 'long': -115.028, 'Time': Timestamp('2005-02-16 11:44:26'), 'mag': 5.2}]",6,2005-02-17 03:12:46,RDM_df_train_30D-20_22SW-tw48_w0.csv,33.573637777777776
967,2005-09-03 15:05:20.403,1,"[{'lat': -43.003, 'long': -82.858, 'Time': Timestamp('2005-09-03 20:21:24'), 'mag': 5.6}, {'lat': -43.003, 'long': -82.858, 'Time': Timestamp('2005-09-03 20:21:24'), 'mag': 5.6}, {'lat': -43.003, 'long': -82.858, 'Time': Timestamp('2005-09-03 20:21:24'), 'mag': 5.6}]",3,2005-09-03 20:21:24,RDM_df_train_30D-20_22SW-tw48_w0.csv,5.267665833333334
1265,2005-11-19 05:26:24.951,1,"[{'lat': 2.819, 'long': 95.471, 'Time': Timestamp('2005-11-19 06:38:54'), 'mag': 5.1}, {'lat': 2.034, 'long': 96.794, 'Time': Timestamp('2005-11-19 14:09:21'), 'mag': 5.2}, {'lat': 2.164, 'long': 96.786, 'Time': Timestamp('2005-11-19 14:10:13'), 'mag': 6.5}, {'lat': 2.819, 'long': 95.471, 'Time': Timestamp('2005-11-19 06:38:54'), 'mag': 5.1}, {'lat': 2.034, 'long': 96.794, 'Time': Timestamp('2005-11-19 14:09:21'), 'mag': 5.2}, {'lat': 2.164, 'long': 96.786, 'Time': Timestamp('2005-11-19 14:10:13'), 'mag': 6.5}, {'lat': -3.996, 'long': 103.512, 'Time': Timestamp('2005-11-19 17:11:43'), 'mag': 5.0}, {'lat': -3.996, 'long': 103.512, 'Time': Timestamp('2005-11-19 17:11:43'), 'mag': 5.0}]",8,2005-11-19 06:38:54,RDM_df_train_30D-20_22SW-tw48_w0.csv,1.2080691666666667
557,2005-05-19 12:15:52.374,1,"[{'lat': -58.768, 'long': -25.262, 'Time': Timestamp('2005-05-20 07:57:57'), 'mag': 5.3}]",1,2005-05-20 07:57:57,RDM_df_train_30D-20_22SW-tw48_w0.csv,19.701285000000002
1032,2005-08-30 02:01:51.282,1,"[{'lat': -5.241, 'long': 151.187, 'Time': Timestamp('2005-08-30 18:11:05'), 'mag': 5.2}, {'lat': -5.241, 'long': 151.187, 'Time': Timestamp('2005-08-30 18:11:05'), 'mag': 5.2}, {'lat': -5.241, 'long': 151.187, 'Time': Timestamp('2005-08-30 18:11:05'), 'mag': 5.2}, {'lat': 38.481, 'long': 143.175, 'Time': Timestamp('2005-08-30 18:10:45'), 'mag': 6.1}, {'lat': 38.495, 'long': 143.2, 'Time': Timestamp('2005-08-30 18:13:59'), 'mag': 5.2}, {'lat': 38.481, 'long': 143.175, 'Time': Timestamp('2005-08-30 18:10:45'), 'mag': 6.1}, {'lat': 38.495, 'long': 143.2, 'Time': Timestamp('2005-08-30 18:13:59'), 'mag': 5.2}, {'lat': 38.481, 'long': 143.175, 'Time': Timestamp('2005-08-30 18:10:45'), 'mag': 6.1}, {'lat': 38.495, 'long': 143.2, 'Time': Timestamp('2005-08-30 18:13:59'), 'mag': 5.2}, {'lat': 10.295, 'long': 138.424, 'Time': Timestamp('2005-08-31 16:29:42'), 'mag': 5.4}, {'lat': 19.228, 'long': 121.212, 'Time': Timestamp('2005-09-01 01:00:40'), 'mag': 5.2}, {'lat': 10.295, 'long': 138.424, 'Time': Timestamp('2005-08-31 16:29:42'), 'mag': 5.4}, {'lat': 19.228, 'long': 121.212, 'Time': Timestamp('2005-09-01 01:00:40'), 'mag': 5.2}, {'lat': 10.295, 'long': 138.424, 'Time': Timestamp('2005-08-31 16:29:42'), 'mag': 5.4}]",14,2005-08-30 18:11:05,RDM_df_train_30D-20_22SW-tw48_w0.csv,16.153810555555555
37,2005-02-09 23:02:22.958,1,"[{'lat': 60.104, 'long': -139.3425, 'Time': Timestamp('2005-02-11 21:00:23'), 'mag': 5.4}, {'lat': 60.11, 'long': -139.3483, 'Time': Timestamp('2005-02-11 21:29:33'), 'mag': 5.0}, {'lat': 60.104, 'long': -139.3425, 'Time': Timestamp('2005-02-11 21:00:23'), 'mag': 5.4}, {'lat': 60.11, 'long': -139.3483, 'Time': Timestamp('2005-02-11 21:29:33'), 'mag': 5.0}, {'lat': -15.111, 'long': -173.745, 'Time': Timestamp('2005-02-10 07:10:35'), 'mag': 5.6}, {'lat': -15.111, 'long': -173.745, 'Time': Timestamp('2005-02-10 07:10:35'), 'mag': 5.6}, {'lat': -33.554, 'long': -178.659, 'Time': Timestamp('2005-02-10 20:17:44'), 'mag': 5.0}, {'lat': -33.554, 'long': -178.659, 'Time': Timestamp('2005-02-10 20:17:44'), 'mag': 5.0}, {'lat': -33.554, 'long': -178.659, 'Time': Timestamp('2005-02-10 20:17:44'), 'mag': 5.0}, {'lat': -23.097, 'long': 169.219, 'Time': Timestamp('2005-02-10 16:53:19'), 'mag': 6.3}, {'lat': -23.117, 'long': 169.197, 'Time': Timestamp('2005-02-10 17:12:45'), 'mag': 5.2}, {'lat': -22.936, 'long': 169.234, 'Time': Timestamp('2005-02-10 21:52:20'), 'mag': 5.3}, {'lat': -23.097, 'long': 169.219, 'Time': Timestamp('2005-02-10 16:53:19'), 'mag': 6.3}, {'lat': -23.117, 'long': 169.197, 'Time': Timestamp('2005-02-10 17:12:45'), 'mag': 5.2}, {'lat': -22.936, 'long': 169.234, 'Time': Timestamp('2005-02-10 21:52:20'), 'mag': 5.3}, {'lat': -23.097, 'long': 169.219, 'Time': Timestamp('2005-02-10 16:53:19'), 'mag': 6.3}, {'lat': -23.117, 'long': 169.197, 'Time': Timestamp('2005-02-10 17:12:45'), 'mag': 5.2}, {'lat': -22.936, 'long': 169.234, 'Time': Timestamp('2005-02-10 21:52:20'), 'mag': 5.3}]",18,2005-02-11 21:00:23,RDM_df_train_30D-20_22SW-tw48_w0.csv,45.96667833333333
1425,2005-12-24 07:29:25.108,1,"[{'lat': 34.621, 'long': 73.237, 'Time': Timestamp('2005-12-25 08:02:05'), 'mag': 5.2}, {'lat': 34.621, 'long': 73.237, 'Time': Timestamp('2005-12-25 08:02:05'), 'mag': 5.2}, {'lat': 34.621, 'long': 73.237, 'Time': Timestamp('2005-12-25 08:02:05'), 'mag': 5.2}]",3,2005-12-25 08:02:05,RDM_df_train_30D-20_22SW-tw48_w0.csv,24.544414444444445
1313,2005-11-13 01:17:47.634,1,"[{'lat': 38.107, 'long': 144.896, 'Time': Timestamp('2005-11-14 21:38:51'), 'mag': 7.0}, {'lat': 38.107, 'long': 144.896, 'Time': Timestamp('2005-11-14 21:38:51'), 'mag': 7.0}, {'lat': 38.107, 'long': 144.896, 'Time': Timestamp('2005-11-14 21:38:51'), 'mag': 7.0}, {'lat': -3.1, 'long': 128.944, 'Time': Timestamp('2005-11-13 10:24:58'), 'mag': 5.9}, {'lat': -3.1, 'long': 128.944, 'Time': Timestamp('2005-11-13 10:24:58'), 'mag': 5.9}, {'lat': -3.1, 'long': 128.944, 'Time': Timestamp('2005-11-13 10:24:58'), 'mag': 5.9}]",6,2005-11-14 21:38:51,RDM_df_train_30D-20_22SW-tw48_w0.csv,44.350935
704,2005-06-20 01:48:50.754,1,"[{'lat': 26.081, 'long': 128.448, 'Time': Timestamp('2005-06-20 07:16:16'), 'mag': 5.3}, {'lat': 26.081, 'long': 128.448, 'Time': Timestamp('2005-06-20 07:16:16'), 'mag': 5.3}, {'lat': 26.081, 'long': 128.448, 'Time': Timestamp('2005-06-20 07:16:16'), 'mag': 5.3}]",3,2005-06-20 07:16:16,RDM_df_train_30D-20_22SW-tw48_w0.csv,5.457012777777778
242,2005-03-07 17:40:21.239,1,"[{'lat': 4.42, 'long': -75.946, 'Time': Timestamp('2005-03-08 15:59:43'), 'mag': 5.0}, {'lat': 4.42, 'long': -75.946, 'Time': Timestamp('2005-03-08 15:59:43'), 'mag': 5.0}]",2,2005-03-08 15:59:43,RDM_df_train_30D-20_22SW-tw48_w0.csv,22.322711388888887
1005,2005-08-22 23:22:22.107,1,"[{'lat': -22.448, 'long': 170.162, 'Time': Timestamp('2005-08-24 01:30:58'), 'mag': 5.2}, {'lat': -22.415, 'long': 170.264, 'Time': Timestamp('2005-08-24 02:30:00'), 'mag': 5.0}, {'lat': -22.448, 'long': 170.162, 'Time': Timestamp('2005-08-24 01:30:58'), 'mag': 5.2}, {'lat': -22.415, 'long': 170.264, 'Time': Timestamp('2005-08-24 02:30:00'), 'mag': 5.0}, {'lat': -22.448, 'long': 170.162, 'Time': Timestamp('2005-08-24 01:30:58'), 'mag': 5.2}, {'lat': -22.415, 'long': 170.264, 'Time': Timestamp('2005-08-24 02:30:00'), 'mag': 5.0}]",6,2005-08-24 01:30:58,RDM_df_train_30D-20_22SW-tw48_w0.csv,26.14330361111111
990,2005-08-21 13:00:22.737,1,"[{'lat': -59.374, 'long': -27.027, 'Time': Timestamp('2005-08-23 01:38:17'), 'mag': 5.1}]",1,2005-08-23 01:38:17,RDM_df_train_30D-20_22SW-tw48_w0.csv,36.63173972222222
1540,2006-01-24 21:19:48.166,1,"[{'lat': -30.688, 'long': -177.791, 'Time': Timestamp('2006-01-26 01:16:15'), 'mag': 5.6}, {'lat': -30.445, 'long': -177.913, 'Time': Timestamp('2006-01-26 06:32:16'), 'mag': 5.0}, {'lat': -30.688, 'long': -177.791, 'Time': Timestamp('2006-01-26 01:16:15'), 'mag': 5.6}, {'lat': -30.445, 'long': -177.913, 'Time': Timestamp('2006-01-26 06:32:16'), 'mag': 5.0}]",4,2006-01-26 01:16:15,RDM_df_train_30D-20_22SW-tw48_w0.csv,27.940787222222223
809,2005-07-29 00:11:22.278,1,"[{'lat': 52.906, 'long': -168.647, 'Time': Timestamp('2005-07-29 05:00:30'), 'mag': 5.6}, {'lat': 52.906, 'long': -168.647, 'Time': Timestamp('2005-07-29 05:00:30'), 'mag': 5.6}, {'lat': -61.474, 'long': 154.249, 'Time': Timestamp('2005-07-30 11:03:49'), 'mag': 6.0}]",3,2005-07-29 05:00:30,RDM_df_train_30D-20_22SW-tw48_w0.csv,4.818811666666667
209,2005-02-27 00:37:48.874,1,"[{'lat': -2.779, 'long': 141.616, 'Time': Timestamp('2005-02-27 04:35:36'), 'mag': 5.1}, {'lat': -2.779, 'long': 141.616, 'Time': Timestamp('2005-02-27 04:35:36'), 'mag': 5.1}, {'lat': -2.779, 'long': 141.616, 'Time': Timestamp('2005-02-27 04:35:36'), 'mag': 5.1}]",3,2005-02-27 04:35:36,RDM_df_train_30D-20_22SW-tw48_w0.csv,3.9630905555555556
1202,2005-10-16 05:51:24.546,1,"[{'lat': 2.026, 'long': 97.941, 'Time': Timestamp('2005-10-16 19:03:24'), 'mag': 5.7}, {'lat': 2.026, 'long': 97.941, 'Time': Timestamp('2005-10-16 19:03:24'), 'mag': 5.7}, {'lat': 2.026, 'long': 97.941, 'Time': Timestamp('2005-10-16 19:03:24'), 'mag': 5.7}]",3,2005-10-16 19:03:24,RDM_df_train_30D-20_22SW-tw48_w0.csv,13.199848333333334
683,2005-06-22 15:29:48.616,1,"[{'lat': -5.885, 'long': -81.033, 'Time': Timestamp('2005-06-24 13:11:48'), 'mag': 5.3}, {'lat': -5.885, 'long': -81.033, 'Time': Timestamp('2005-06-24 13:11:48'), 'mag': 5.3}, {'lat': -5.885, 'long': -81.033, 'Time': Timestamp('2005-06-24 13:11:48'), 'mag': 5.3}]",3,2005-06-24 13:11:48,RDM_df_train_30D-20_22SW-tw48_w0.csv,45.69982888888889
1335,2005-12-02 21:37:51.496,1,"[{'lat': -23.429, 'long': -176.167, 'Time': Timestamp('2005-12-04 02:49:23'), 'mag': 5.4}, {'lat': -23.429, 'long': -176.167, 'Time': Timestamp('2005-12-04 02:49:23'), 'mag': 5.4}]",2,2005-12-04 02:49:23,RDM_df_train_30D-20_22SW-tw48_w0.csv,29.192084444444443
931,2005-08-13 11:38:52.370,1,"[{'lat': -1.684, 'long': -13.054, 'Time': Timestamp('2005-08-15 07:53:42'), 'mag': 5.3}, {'lat': -1.684, 'long': -13.054, 'Time': Timestamp('2005-08-15 07:53:42'), 'mag': 5.3}]",2,2005-08-15 07:53:42,RDM_df_train_30D-20_22SW-tw48_w0.csv,44.247119444444444
143,2005-02-12 04:56:57.175,1,"[{'lat': 5.507, 'long': 93.032, 'Time': Timestamp('2005-02-12 18:43:02'), 'mag': 5.0}, {'lat': 5.079, 'long': 94.794, 'Time': Timestamp('2005-02-13 01:22:09'), 'mag': 5.3}, {'lat': 5.071, 'long': 94.804, 'Time': Timestamp('2005-02-13 02:02:07'), 'mag': 5.3}, {'lat': 5.507, 'long': 93.032, 'Time': Timestamp('2005-02-12 18:43:02'), 'mag': 5.0}, {'lat': 5.079, 'long': 94.794, 'Time': Timestamp('2005-02-13 01:22:09'), 'mag': 5.3}, {'lat': 5.071, 'long': 94.804, 'Time': Timestamp('2005-02-13 02:02:07'), 'mag': 5.3}, {'lat': 5.507, 'long': 93.032, 'Time': Timestamp('2005-02-12 18:43:02'), 'mag': 5.0}]",7,2005-02-12 18:43:02,RDM_df_train_30D-20_22SW-tw48_w0.csv,13.768006944444444
1095,2005-09-13 06:28:26.266,1,"[{'lat': 8.073, 'long': 91.912, 'Time': Timestamp('2005-09-13 14:32:57'), 'mag': 5.5}, {'lat': 8.073, 'long': 91.912, 'Time': Timestamp('2005-09-13 14:32:57'), 'mag': 5.5}, {'lat': 8.073, 'long': 91.912, 'Time': Timestamp('2005-09-13 14:32:57'), 'mag': 5.5}]",3,2005-09-13 14:32:57,RDM_df_train_30D-20_22SW-tw48_w0.csv,8.07520388888889
1142,2005-09-26 22:51:52.589,1,"[{'lat': -28.208, 'long': -178.409, 'Time': Timestamp('2005-09-27 13:08:13'), 'mag': 5.3}, {'lat': -11.153, 'long': 164.171, 'Time': Timestamp('2005-09-27 07:57:45'), 'mag': 5.2}, {'lat': -11.153, 'long': 164.171, 'Time': Timestamp('2005-09-27 07:57:45'), 'mag': 5.2}, {'lat': -11.153, 'long': 164.171, 'Time': Timestamp('2005-09-27 07:57:45'), 'mag': 5.2}]",4,2005-09-27 13:08:13,RDM_df_train_30D-20_22SW-tw48_w0.csv,14.272336388888888
1263,2005-11-23 22:51:22.655,1,"[{'lat': -24.273, 'long': -176.313, 'Time': Timestamp('2005-11-24 10:46:38'), 'mag': 5.6}, {'lat': -32.645, 'long': -179.236, 'Time': Timestamp('2005-11-25 05:48:51'), 'mag': 5.1}, {'lat': -25.814, 'long': -177.834, 'Time': Timestamp('2005-11-25 09:29:59'), 'mag': 5.5}, {'lat': -32.645, 'long': -179.236, 'Time': Timestamp('2005-11-25 05:48:51'), 'mag': 5.1}]",4,2005-11-24 10:46:38,RDM_df_train_30D-20_22SW-tw48_w0.csv,11.920929166666667
1447,2005-12-23 07:47:52.566,1,"[{'lat': -10.697, 'long': 66.404, 'Time': Timestamp('2005-12-24 04:09:45'), 'mag': 5.0}, {'lat': -10.697, 'long': 66.404, 'Time': Timestamp('2005-12-24 04:09:45'), 'mag': 5.0}]",2,2005-12-24 04:09:45,RDM_df_train_30D-20_22SW-tw48_w0.csv,20.364565
564,2005-06-01 22:51:22.941,1,"[{'lat': -18.259, 'long': -173.196, 'Time': Timestamp('2005-06-03 00:53:41'), 'mag': 5.5}, {'lat': -18.259, 'long': -173.196, 'Time': Timestamp('2005-06-03 00:53:41'), 'mag': 5.5}, {'lat': -18.259, 'long': -173.196, 'Time': Timestamp('2005-06-03 00:53:41'), 'mag': 5.5}, {'lat': -20.206, 'long': 178.885, 'Time': Timestamp('2005-06-02 02:11:14'), 'mag': 5.6}, {'lat': -20.206, 'long': 178.885, 'Time': Timestamp('2005-06-02 02:11:14'), 'mag': 5.6}, {'lat': -20.206, 'long': 178.885, 'Time': Timestamp('2005-06-02 02:11:14'), 'mag': 5.6}]",6,2005-06-03 00:53:41,RDM_df_train_30D-20_22SW-tw48_w0.csv,26.03834972222222
1101,2005-09-26 10:29:50.534,1,"[{'lat': 43.155, 'long': 18.203, 'Time': Timestamp('2005-09-27 00:25:35'), 'mag': 5.1}, {'lat': 43.155, 'long': 18.203, 'Time': Timestamp('2005-09-27 00:25:35'), 'mag': 5.1}, {'lat': 43.155, 'long': 18.203, 'Time': Timestamp('2005-09-27 00:25:35'), 'mag': 5.1}]",3,2005-09-27 00:25:35,RDM_df_train_30D-20_22SW-tw48_w0.csv,13.929018333333334
1105,2005-09-12 01:18:47.227,1,"[{'lat': -5.341, 'long': 153.862, 'Time': Timestamp('2005-09-13 01:32:02'), 'mag': 5.0}, {'lat': -6.869, 'long': 154.869, 'Time': Timestamp('2005-09-13 02:24:34'), 'mag': 5.0}, {'lat': -5.341, 'long': 153.862, 'Time': Timestamp('2005-09-13 01:32:02'), 'mag': 5.0}, {'lat': -6.869, 'long': 154.869, 'Time': Timestamp('2005-09-13 02:24:34'), 'mag': 5.0}, {'lat': -6.869, 'long': 154.869, 'Time': Timestamp('2005-09-13 02:24:34'), 'mag': 5.0}, {'lat': -2.237, 'long': 139.023, 'Time': Timestamp('2005-09-12 10:23:07'), 'mag': 5.0}, {'lat': -2.237, 'long': 139.023, 'Time': Timestamp('2005-09-12 10:23:07'), 'mag': 5.0}, {'lat': -2.237, 'long': 139.023, 'Time': Timestamp('2005-09-12 10:23:07'), 'mag': 5.0}, {'lat': -7.664, 'long': 125.502, 'Time': Timestamp('2005-09-12 21:51:06'), 'mag': 5.1}]",9,2005-09-13 01:32:02,RDM_df_train_30D-20_22SW-tw48_w0.csv,24.220770277777778
1158,2005-10-01 21:44:23.162,1,"[{'lat': -17.254, 'long': -177.309, 'Time': Timestamp('2005-10-02 02:22:06'), 'mag': 5.2}, {'lat': -17.254, 'long': -177.309, 'Time': Timestamp('2005-10-02 02:22:06'), 'mag': 5.2}, {'lat': -17.254, 'long': -177.309, 'Time': Timestamp('2005-10-02 02:22:06'), 'mag': 5.2}]",3,2005-10-02 02:22:06,RDM_df_train_30D-20_22SW-tw48_w0.csv,4.628566111111111
1335,2005-12-02 21:37:51.496,1,"[{'lat': -23.429, 'long': -176.167, 'Time': Timestamp('2005-12-04 02:49:23'), 'mag': 5.4}, {'lat': -23.429, 'long': -176.167, 'Time': Timestamp('2005-12-04 02:49:23'), 'mag': 5.4}]",2,2005-12-04 02:49:23,RDM_df_train_30D-20_22SW-tw48_w0.csv,29.192084444444443
305,2005-03-22 06:04:54.253,1,"[{'lat': 13.061, 'long': 92.476, 'Time': Timestamp('2005-03-22 09:38:28'), 'mag': 5.0}, {'lat': 12.312, 'long': 92.568, 'Time': Timestamp('2005-03-23 09:17:06'), 'mag': 5.2}, {'lat': 13.061, 'long': 92.476, 'Time': Timestamp('2005-03-22 09:38:28'), 'mag': 5.0}, {'lat': 12.312, 'long': 92.568, 'Time': Timestamp('2005-03-23 09:17:06'), 'mag': 5.2}, {'lat': 13.061, 'long': 92.476, 'Time': Timestamp('2005-03-22 09:38:28'), 'mag': 5.0}, {'lat': 12.312, 'long': 92.568, 'Time': Timestamp('2005-03-23 09:17:06'), 'mag': 5.2}]",6,2005-03-22 09:38:28,RDM_df_train_30D-20_22SW-tw48_w0.csv,3.5593741666666663
569,2005-06-05 20:18:22.292,1,"[{'lat': -62.395, 'long': -161.436, 'Time': Timestamp('2005-06-07 05:12:08'), 'mag': 5.4}, {'lat': -62.43, 'long': -161.496, 'Time': Timestamp('2005-06-07 05:34:16'), 'mag': 5.8}]",2,2005-06-07 05:12:08,RDM_df_train_30D-20_22SW-tw48_w0.csv,32.896029999999996
480,2005-04-30 21:37:52.094,1,"[{'lat': -20.719, 'long': -173.921, 'Time': Timestamp('2005-05-02 21:33:05'), 'mag': 5.0}, {'lat': -20.719, 'long': -173.921, 'Time': Timestamp('2005-05-02 21:33:05'), 'mag': 5.0}, {'lat': -20.719, 'long': -173.921, 'Time': Timestamp('2005-05-02 21:33:05'), 'mag': 5.0}, {'lat': -43.95, 'long': 169.02, 'Time': Timestamp('2005-05-02 15:35:38'), 'mag': 5.4}, {'lat': -43.94, 'long': 169.01, 'Time': Timestamp('2005-05-02 15:40:04'), 'mag': 5.0}]",5,2005-05-02 21:33:05,RDM_df_train_30D-20_22SW-tw48_w0.csv,47.920251666666665
1069,2005-09-10 05:26:54.549,1,"[{'lat': 4.862, 'long': 95.044, 'Time': Timestamp('2005-09-10 16:57:47'), 'mag': 5.8}, {'lat': 4.862, 'long': 95.044, 'Time': Timestamp('2005-09-10 16:57:47'), 'mag': 5.8}, {'lat': 4.862, 'long': 95.044, 'Time': Timestamp('2005-09-10 16:57:47'), 'mag': 5.8}]",3,2005-09-10 16:57:47,RDM_df_train_30D-20_22SW-tw48_w0.csv,11.514569722222223
454,2005-04-23 22:56:53.066,1,"[{'lat': -27.093, 'long': -176.53, 'Time': Timestamp('2005-04-25 02:32:45'), 'mag': 5.6}, {'lat': -27.093, 'long': -176.53, 'Time': Timestamp('2005-04-25 02:32:45'), 'mag': 5.6}, {'lat': -27.093, 'long': -176.53, 'Time': Timestamp('2005-04-25 02:32:45'), 'mag': 5.6}, {'lat': 52.148, 'long': -169.419, 'Time': Timestamp('2005-04-25 22:06:56'), 'mag': 5.3}, {'lat': 52.148, 'long': -169.419, 'Time': Timestamp('2005-04-25 22:06:56'), 'mag': 5.3}, {'lat': 52.148, 'long': -169.419, 'Time': Timestamp('2005-04-25 22:06:56'), 'mag': 5.3}, {'lat': -59.381, 'long': 149.343, 'Time': Timestamp('2005-04-24 06:40:40'), 'mag': 5.5}]",7,2005-04-25 02:32:45,RDM_df_train_30D-20_22SW-tw48_w0.csv,27.597759444444442
87,2005-02-12 16:40:57.250,1,"[{'lat': 8.991, 'long': -84.081, 'Time': Timestamp('2005-02-14 03:31:58'), 'mag': 5.0}, {'lat': 8.991, 'long': -84.081, 'Time': Timestamp('2005-02-14 03:31:58'), 'mag': 5.0}, {'lat': 8.991, 'long': -84.081, 'Time': Timestamp('2005-02-14 03:31:58'), 'mag': 5.0}]",3,2005-02-14 03:31:58,RDM_df_train_30D-20_22SW-tw48_w0.csv,34.850208333333335
1127,2005-09-27 23:16:23.000,1,"[{'lat': -10.908, 'long': 162.031, 'Time': Timestamp('2005-09-29 15:34:33'), 'mag': 5.0}, {'lat': -10.908, 'long': 162.031, 'Time': Timestamp('2005-09-29 15:34:33'), 'mag': 5.0}, {'lat': -10.908, 'long': 162.031, 'Time': Timestamp('2005-09-29 15:34:33'), 'mag': 5.0}]",3,2005-09-29 15:34:33,RDM_df_train_30D-20_22SW-tw48_w0.csv,40.30277777777778
713,2005-06-21 04:55:24.687,1,"[{'lat': -7.847, 'long': 107.463, 'Time': Timestamp('2005-06-22 20:08:23'), 'mag': 5.3}, {'lat': -7.847, 'long': 107.463, 'Time': Timestamp('2005-06-22 20:08:23'), 'mag': 5.3}, {'lat': -7.847, 'long': 107.463, 'Time': Timestamp('2005-06-22 20:08:23'), 'mag': 5.3}]",3,2005-06-22 20:08:23,RDM_df_train_30D-20_22SW-tw48_w0.csv,39.21619805555555
190,2005-03-06 00:54:50.863,1,"[{'lat': -11.062, 'long': 163.207, 'Time': Timestamp('2005-03-06 01:39:06'), 'mag': 5.9}, {'lat': -11.045, 'long': 163.045, 'Time': Timestamp('2005-03-06 04:39:59'), 'mag': 6.1}, {'lat': -11.046, 'long': 162.859, 'Time': Timestamp('2005-03-06 14:59:22'), 'mag': 5.6}, {'lat': -10.955, 'long': 162.975, 'Time': Timestamp('2005-03-06 17:37:22'), 'mag': 5.2}, {'lat': -11.062, 'long': 163.207, 'Time': Timestamp('2005-03-06 01:39:06'), 'mag': 5.9}, {'lat': -11.045, 'long': 163.045, 'Time': Timestamp('2005-03-06 04:39:59'), 'mag': 6.1}, {'lat': -11.046, 'long': 162.859, 'Time': Timestamp('2005-03-06 14:59:22'), 'mag': 5.6}, {'lat': -10.955, 'long': 162.975, 'Time': Timestamp('2005-03-06 17:37:22'), 'mag': 5.2}]",8,2005-03-06 01:39:06,RDM_df_train_30D-20_22SW-tw48_w0.csv,0.7375380555555556
145,2005-03-03 13:14:52.475,1,"[{'lat': -58.519, 'long': -26.095, 'Time': Timestamp('2005-03-05 00:07:39'), 'mag': 5.3}, {'lat': -58.519, 'long': -26.095, 'Time': Timestamp('2005-03-05 00:07:39'), 'mag': 5.3}]",2,2005-03-05 00:07:39,RDM_df_train_30D-20_22SW-tw48_w0.csv,34.87959027777777
1365,2005-12-03 13:43:21.108,1,"[{'lat': 16.792, 'long': -46.269, 'Time': Timestamp('2005-12-05 12:55:38'), 'mag': 5.2}, {'lat': 16.663, 'long': -46.507, 'Time': Timestamp('2005-12-05 13:02:59'), 'mag': 5.1}, {'lat': 16.721, 'long': -46.494, 'Time': Timestamp('2005-12-05 13:04:47'), 'mag': 5.0}, {'lat': 16.614, 'long': -46.554, 'Time': Timestamp('2005-12-05 13:16:29'), 'mag': 5.1}, {'lat': 16.792, 'long': -46.269, 'Time': Timestamp('2005-12-05 12:55:38'), 'mag': 5.2}, {'lat': 16.663, 'long': -46.507, 'Time': Timestamp('2005-12-05 13:02:59'), 'mag': 5.1}, {'lat': 16.721, 'long': -46.494, 'Time': Timestamp('2005-12-05 13:04:47'), 'mag': 5.0}, {'lat': 16.614, 'long': -46.554, 'Time': Timestamp('2005-12-05 13:16:29'), 'mag': 5.1}, {'lat': 16.792, 'long': -46.269, 'Time': Timestamp('2005-12-05 12:55:38'), 'mag': 5.2}, {'lat': 16.663, 'long': -46.507, 'Time': Timestamp('2005-12-05 13:02:59'), 'mag': 5.1}, {'lat': 16.721, 'long': -46.494, 'Time': Timestamp('2005-12-05 13:04:47'), 'mag': 5.0}, {'lat': 16.614, 'long': -46.554, 'Time': Timestamp('2005-12-05 13:16:29'), 'mag': 5.1}]",12,2005-12-05 12:55:38,RDM_df_train_30D-20_22SW-tw48_w0.csv,47.20469222222222
1256,2005-11-23 22:08:20.443,1,"[{'lat': -24.273, 'long': -176.313, 'Time': Timestamp('2005-11-24 10:46:38'), 'mag': 5.6}, {'lat': -25.814, 'long': -177.834, 'Time': Timestamp('2005-11-25 09:29:59'), 'mag': 5.5}]",2,2005-11-24 10:46:38,RDM_df_train_30D-20_22SW-tw48_w0.csv,12.638210277777779
325,2005-03-17 23:55:53.040,1,"[{'lat': -20.407, 'long': -174.337, 'Time': Timestamp('2005-03-19 15:02:42'), 'mag': 6.1}, {'lat': -3.517, 'long': 150.768, 'Time': Timestamp('2005-03-18 05:17:16'), 'mag': 5.2}, {'lat': -3.517, 'long': 150.768, 'Time': Timestamp('2005-03-18 05:17:16'), 'mag': 5.2}]",3,2005-03-19 15:02:42,RDM_df_train_30D-20_22SW-tw48_w0.csv,39.1136
89,2005-02-02 23:12:52.513,1,"[{'lat': -13.507, 'long': 174.352, 'Time': Timestamp('2005-02-04 16:45:39'), 'mag': 5.2}, {'lat': -13.507, 'long': 174.352, 'Time': Timestamp('2005-02-04 16:45:39'), 'mag': 5.2}, {'lat': -13.507, 'long': 174.352, 'Time': Timestamp('2005-02-04 16:45:39'), 'mag': 5.2}]",3,2005-02-04 16:45:39,RDM_df_train_30D-20_22SW-tw48_w0.csv,41.54624638888889
1137,2005-10-01 18:53:21.997,1,"[{'lat': -53.031, 'long': -118.383, 'Time': Timestamp('2005-10-02 23:45:29'), 'mag': 5.3}, {'lat': -52.958, 'long': -118.434, 'Time': Timestamp('2005-10-03 05:07:23'), 'mag': 5.1}, {'lat': -53.031, 'long': -118.383, 'Time': Timestamp('2005-10-02 23:45:29'), 'mag': 5.3}, {'lat': -52.958, 'long': -118.434, 'Time': Timestamp('2005-10-03 05:07:23'), 'mag': 5.1}, {'lat': -53.031, 'long': -118.383, 'Time': Timestamp('2005-10-02 23:45:29'), 'mag': 5.3}, {'lat': -52.958, 'long': -118.434, 'Time': Timestamp('2005-10-03 05:07:23'), 'mag': 5.1}]",6,2005-10-02 23:45:29,RDM_df_train_30D-20_22SW-tw48_w0.csv,28.868611944444442
518,2005-05-20 15:29:18.979,1,"[{'lat': -3.286, 'long': -80.987, 'Time': Timestamp('2005-05-21 05:11:35'), 'mag': 6.3}, {'lat': -3.286, 'long': -80.987, 'Time': Timestamp('2005-05-21 05:11:35'), 'mag': 6.3}, {'lat': -19.514, 'long': -68.315, 'Time': Timestamp('2005-05-22 01:05:55'), 'mag': 5.1}, {'lat': -19.514, 'long': -68.315, 'Time': Timestamp('2005-05-22 01:05:55'), 'mag': 5.1}]",4,2005-05-21 05:11:35,RDM_df_train_30D-20_22SW-tw48_w0.csv,13.704450277777777
876,2005-08-06 01:49:19.394,1,"[{'lat': 36.326, 'long': 141.367, 'Time': Timestamp('2005-08-07 15:06:45'), 'mag': 5.5}, {'lat': 36.326, 'long': 141.367, 'Time': Timestamp('2005-08-07 15:06:45'), 'mag': 5.5}, {'lat': 11.714, 'long': 125.718, 'Time': Timestamp('2005-08-06 11:58:44'), 'mag': 5.0}, {'lat': 11.714, 'long': 125.646, 'Time': Timestamp('2005-08-06 12:40:37'), 'mag': 5.5}, {'lat': 11.777, 'long': 125.887, 'Time': Timestamp('2005-08-06 13:01:27'), 'mag': 5.0}, {'lat': 11.714, 'long': 125.718, 'Time': Timestamp('2005-08-06 11:58:44'), 'mag': 5.0}, {'lat': 11.714, 'long': 125.646, 'Time': Timestamp('2005-08-06 12:40:37'), 'mag': 5.5}, {'lat': 11.777, 'long': 125.887, 'Time': Timestamp('2005-08-06 13:01:27'), 'mag': 5.0}, {'lat': 11.714, 'long': 125.718, 'Time': Timestamp('2005-08-06 11:58:44'), 'mag': 5.0}, {'lat': 11.714, 'long': 125.646, 'Time': Timestamp('2005-08-06 12:40:37'), 'mag': 5.5}, {'lat': 11.777, 'long': 125.887, 'Time': Timestamp('2005-08-06 13:01:27'), 'mag': 5.0}, {'lat': -7.217, 'long': 119.629, 'Time': Timestamp('2005-08-07 04:51:34'), 'mag': 5.4}, {'lat': -7.217, 'long': 119.629, 'Time': Timestamp('2005-08-07 04:51:34'), 'mag': 5.4}]",13,2005-08-07 15:06:45,RDM_df_train_30D-20_22SW-tw48_w0.csv,37.29044611111111
725,2005-06-13 16:07:21.470,1,"[{'lat': -19.987, 'long': -69.197, 'Time': Timestamp('2005-06-13 22:44:33'), 'mag': 7.8}, {'lat': -19.987, 'long': -69.197, 'Time': Timestamp('2005-06-13 22:44:33'), 'mag': 7.8}, {'lat': -19.987, 'long': -69.197, 'Time': Timestamp('2005-06-13 22:44:33'), 'mag': 7.8}, {'lat': -14.158, 'long': -76.207, 'Time': Timestamp('2005-06-14 09:29:53'), 'mag': 5.2}, {'lat': -14.158, 'long': -76.207, 'Time': Timestamp('2005-06-14 09:29:53'), 'mag': 5.2}]",5,2005-06-13 22:44:33,RDM_df_train_30D-20_22SW-tw48_w0.csv,6.619869444444444
785,2005-07-16 21:32:21.949,1,"[{'lat': 18.7721667, 'long': -155.4455, 'Time': Timestamp('2005-07-17 19:15:02'), 'mag': 5.4}, {'lat': 18.7721667, 'long': -155.4455, 'Time': Timestamp('2005-07-17 19:15:02'), 'mag': 5.4}, {'lat': -23.617, 'long': -179.93, 'Time': Timestamp('2005-07-18 07:48:42'), 'mag': 5.2}, {'lat': -23.617, 'long': -179.93, 'Time': Timestamp('2005-07-18 07:48:42'), 'mag': 5.2}]",4,2005-07-17 19:15:02,RDM_df_train_30D-20_22SW-tw48_w0.csv,21.71112527777778
531,2005-05-05 16:56:20.563,1,"[{'lat': 5.71, 'long': -82.845, 'Time': Timestamp('2005-05-05 19:12:21'), 'mag': 6.5}, {'lat': 5.082, 'long': -82.406, 'Time': Timestamp('2005-05-05 23:41:53'), 'mag': 5.9}]",2,2005-05-05 19:12:21,RDM_df_train_30D-20_22SW-tw48_w0.csv,2.2667880555555557
367,2005-03-28 16:06:17.766,1,"[{'lat': -33.711, 'long': -72.277, 'Time': Timestamp('2005-03-29 16:38:20'), 'mag': 5.3}, {'lat': -33.711, 'long': -72.277, 'Time': Timestamp('2005-03-29 16:38:20'), 'mag': 5.3}, {'lat': -33.711, 'long': -72.277, 'Time': Timestamp('2005-03-29 16:38:20'), 'mag': 5.3}]",3,2005-03-29 16:38:20,RDM_df_train_30D-20_22SW-tw48_w0.csv,24.533953888888888
175,2005-02-16 21:02:52.045,1,"[{'lat': -34.271, 'long': -178.051, 'Time': Timestamp('2005-02-17 06:20:22'), 'mag': 5.0}]",1,2005-02-17 06:20:22,RDM_df_train_30D-20_22SW-tw48_w0.csv,9.291654166666667
457,2005-05-10 13:49:49.844,1,"[{'lat': 62.246, 'long': -26.402, 'Time': Timestamp('2005-05-10 21:40:27'), 'mag': 5.2}]",1,2005-05-10 21:40:27,RDM_df_train_30D-20_22SW-tw48_w0.csv,7.843654444444444
1094,2005-10-01 01:30:52.210,1,"[{'lat': -5.595, 'long': 151.651, 'Time': Timestamp('2005-10-02 23:59:44'), 'mag': 5.8}, {'lat': -5.554, 'long': 151.726, 'Time': Timestamp('2005-10-03 00:53:23'), 'mag': 5.1}, {'lat': -5.595, 'long': 151.651, 'Time': Timestamp('2005-10-02 23:59:44'), 'mag': 5.8}, {'lat': -5.554, 'long': 151.726, 'Time': Timestamp('2005-10-03 00:53:23'), 'mag': 5.1}, {'lat': -5.595, 'long': 151.651, 'Time': Timestamp('2005-10-02 23:59:44'), 'mag': 5.8}, {'lat': -5.554, 'long': 151.726, 'Time': Timestamp('2005-10-03 00:53:23'), 'mag': 5.1}]",6,2005-10-02 23:59:44,RDM_df_train_30D-20_22SW-tw48_w0.csv,46.48105277777778
145,2005-03-03 13:14:52.475,1,"[{'lat': -58.519, 'long': -26.095, 'Time': Timestamp('2005-03-05 00:07:39'), 'mag': 5.3}, {'lat': -58.519, 'long': -26.095, 'Time': Timestamp('2005-03-05 00:07:39'), 'mag': 5.3}]",2,2005-03-05 00:07:39,RDM_df_train_30D-20_22SW-tw48_w0.csv,34.87959027777777
968,2005-08-13 18:22:50.792,1,"[{'lat': 16.207, 'long': -98.139, 'Time': Timestamp('2005-08-14 02:51:59'), 'mag': 5.4}, {'lat': 16.207, 'long': -98.139, 'Time': Timestamp('2005-08-14 02:51:59'), 'mag': 5.4}, {'lat': 16.207, 'long': -98.139, 'Time': Timestamp('2005-08-14 02:51:59'), 'mag': 5.4}]",3,2005-08-14 02:51:59,RDM_df_train_30D-20_22SW-tw48_w0.csv,8.485613333333333
701,2005-06-06 12:41:22.448,1,"[{'lat': -53.492, 'long': -51.156, 'Time': Timestamp('2005-06-07 17:19:56'), 'mag': 5.1}, {'lat': -53.492, 'long': -51.156, 'Time': Timestamp('2005-06-07 17:19:56'), 'mag': 5.1}, {'lat': -53.492, 'long': -51.156, 'Time': Timestamp('2005-06-07 17:19:56'), 'mag': 5.1}]",3,2005-06-07 17:19:56,RDM_df_train_30D-20_22SW-tw48_w0.csv,28.64265333333333
613,2005-06-15 12:41:22.112,1,"[{'lat': -57.992, 'long': -24.844, 'Time': Timestamp('2005-06-15 13:13:56'), 'mag': 5.4}]",1,2005-06-15 13:13:56,RDM_df_train_30D-20_22SW-tw48_w0.csv,0.5427466666666666
442,2005-04-27 11:37:52.095,1,"[{'lat': -55.472, 'long': -28.008, 'Time': Timestamp('2005-04-27 13:25:35'), 'mag': 5.1}, {'lat': -55.472, 'long': -28.008, 'Time': Timestamp('2005-04-27 13:25:35'), 'mag': 5.1}]",2,2005-04-27 13:25:35,RDM_df_train_30D-20_22SW-tw48_w0.csv,1.7952513888888888
31,2005-01-21 01:33:48.042,1,"[{'lat': -7.727, 'long': 159.475, 'Time': Timestamp('2005-01-22 20:30:17'), 'mag': 6.4}, {'lat': -5.849, 'long': 151.582, 'Time': Timestamp('2005-01-23 01:03:55'), 'mag': 5.5}, {'lat': -7.727, 'long': 159.475, 'Time': Timestamp('2005-01-22 20:30:17'), 'mag': 6.4}, {'lat': -5.849, 'long': 151.582, 'Time': Timestamp('2005-01-23 01:03:55'), 'mag': 5.5}, {'lat': -7.727, 'long': 159.475, 'Time': Timestamp('2005-01-22 20:30:17'), 'mag': 6.4}, {'lat': -5.849, 'long': 151.582, 'Time': Timestamp('2005-01-23 01:03:55'), 'mag': 5.5}, {'lat': 34.021, 'long': 141.553, 'Time': Timestamp('2005-01-21 12:45:31'), 'mag': 5.7}, {'lat': 34.003, 'long': 141.367, 'Time': Timestamp('2005-01-21 17:58:56'), 'mag': 5.8}, {'lat': 33.892, 'long': 141.52, 'Time': Timestamp('2005-01-21 18:10:35'), 'mag': 5.0}, {'lat': 34.021, 'long': 141.553, 'Time': Timestamp('2005-01-21 12:45:31'), 'mag': 5.7}, {'lat': 34.003, 'long': 141.367, 'Time': Timestamp('2005-01-21 17:58:56'), 'mag': 5.8}, {'lat': 33.892, 'long': 141.52, 'Time': Timestamp('2005-01-21 18:10:35'), 'mag': 5.0}, {'lat': 34.021, 'long': 141.553, 'Time': Timestamp('2005-01-21 12:45:31'), 'mag': 5.7}, {'lat': 34.003, 'long': 141.367, 'Time': Timestamp('2005-01-21 17:58:56'), 'mag': 5.8}, {'lat': 33.892, 'long': 141.52, 'Time': Timestamp('2005-01-21 18:10:35'), 'mag': 5.0}, {'lat': 5.186, 'long': 125.245, 'Time': Timestamp('2005-01-21 17:54:34'), 'mag': 5.9}, {'lat': 5.186, 'long': 125.245, 'Time': Timestamp('2005-01-21 17:54:34'), 'mag': 5.9}, {'lat': 5.186, 'long': 125.245, 'Time': Timestamp('2005-01-21 17:54:34'), 'mag': 5.9}, {'lat': -10.73, 'long': 123.948, 'Time': Timestamp('2005-01-22 10:48:45'), 'mag': 5.2}, {'lat': -10.73, 'long': 123.948, 'Time': Timestamp('2005-01-22 10:48:45'), 'mag': 5.2}, {'lat': -10.73, 'long': 123.948, 'Time': Timestamp('2005-01-22 10:48:45'), 'mag': 5.2}]",21,2005-01-22 20:30:17,RDM_df_train_30D-20_22SW-tw48_w0.csv,42.94137722222223
977,2005-08-25 01:36:52.296,1,"[{'lat': 37.736, 'long': 143.072, 'Time': Timestamp('2005-08-25 22:29:03'), 'mag': 5.1}, {'lat': 37.736, 'long': 143.072, 'Time': Timestamp('2005-08-25 22:29:03'), 'mag': 5.1}, {'lat': 1.78, 'long': 126.249, 'Time': Timestamp('2005-08-26 05:30:43'), 'mag': 5.1}, {'lat': 1.78, 'long': 126.249, 'Time': Timestamp('2005-08-26 05:30:43'), 'mag': 5.1}]",4,2005-08-25 22:29:03,RDM_df_train_30D-20_22SW-tw48_w0.csv,20.86964
838,2005-08-02 03:47:57.277,1,"[{'lat': 28.176, 'long': 142.866, 'Time': Timestamp('2005-08-02 07:42:47'), 'mag': 5.0}, {'lat': 3.008, 'long': 128.15, 'Time': Timestamp('2005-08-03 10:41:18'), 'mag': 5.9}, {'lat': -4.003, 'long': 128.819, 'Time': Timestamp('2005-08-02 08:39:51'), 'mag': 5.6}, {'lat': 3.008, 'long': 128.15, 'Time': Timestamp('2005-08-03 10:41:18'), 'mag': 5.9}, {'lat': -4.003, 'long': 128.819, 'Time': Timestamp('2005-08-02 08:39:51'), 'mag': 5.6}, {'lat': -6.901, 'long': 122.891, 'Time': Timestamp('2005-08-02 11:33:53'), 'mag': 5.3}, {'lat': 3.008, 'long': 128.15, 'Time': Timestamp('2005-08-03 10:41:18'), 'mag': 5.9}, {'lat': -4.003, 'long': 128.819, 'Time': Timestamp('2005-08-02 08:39:51'), 'mag': 5.6}, {'lat': -6.901, 'long': 122.891, 'Time': Timestamp('2005-08-02 11:33:53'), 'mag': 5.3}, {'lat': 6.725, 'long': 92.667, 'Time': Timestamp('2005-08-03 23:43:47'), 'mag': 5.4}, {'lat': 6.725, 'long': 92.667, 'Time': Timestamp('2005-08-03 23:43:47'), 'mag': 5.4}, {'lat': 6.725, 'long': 92.667, 'Time': Timestamp('2005-08-03 23:43:47'), 'mag': 5.4}]",12,2005-08-02 07:42:47,RDM_df_train_30D-20_22SW-tw48_w0.csv,3.9138119444444444
1349,2005-12-06 21:25:13.087,1,"[{'lat': -17.126, 'long': -176.989, 'Time': Timestamp('2005-12-07 19:34:18'), 'mag': 5.4}, {'lat': -17.126, 'long': -176.989, 'Time': Timestamp('2005-12-07 19:34:18'), 'mag': 5.4}, {'lat': -17.126, 'long': -176.989, 'Time': Timestamp('2005-12-07 19:34:18'), 'mag': 5.4}, {'lat': -30.012, 'long': -177.637, 'Time': Timestamp('2005-12-07 23:32:51'), 'mag': 6.4}, {'lat': -29.914, 'long': -177.151, 'Time': Timestamp('2005-12-07 23:39:46'), 'mag': 5.0}, {'lat': -29.827, 'long': -176.86, 'Time': Timestamp('2005-12-07 23:41:15'), 'mag': 5.1}, {'lat': -30.143, 'long': -177.717, 'Time': Timestamp('2005-12-08 05:32:08'), 'mag': 5.4}, {'lat': -30.012, 'long': -177.637, 'Time': Timestamp('2005-12-07 23:32:51'), 'mag': 6.4}, {'lat': -29.914, 'long': -177.151, 'Time': Timestamp('2005-12-07 23:39:46'), 'mag': 5.0}, {'lat': -29.827, 'long': -176.86, 'Time': Timestamp('2005-12-07 23:41:15'), 'mag': 5.1}, {'lat': -30.143, 'long': -177.717, 'Time': Timestamp('2005-12-08 05:32:08'), 'mag': 5.4}]",11,2005-12-07 19:34:18,RDM_df_train_30D-20_22SW-tw48_w0.csv,22.151364722222223
538,2005-05-10 20:54:52.014,1,"[{'lat': -57.382, 'long': -139.231, 'Time': Timestamp('2005-05-12 11:15:35'), 'mag': 6.5}, {'lat': -57.382, 'long': -139.231, 'Time': Timestamp('2005-05-12 11:15:35'), 'mag': 6.5}]",2,2005-05-12 11:15:35,RDM_df_train_30D-20_22SW-tw48_w0.csv,38.34527388888889
1449,2005-12-19 14:26:55.320,1,"[{'lat': 3.218, 'long': -31.426, 'Time': Timestamp('2005-12-19 14:44:49'), 'mag': 5.1}, {'lat': 3.218, 'long': -31.426, 'Time': Timestamp('2005-12-19 14:44:49'), 'mag': 5.1}, {'lat': 3.218, 'long': -31.426, 'Time': Timestamp('2005-12-19 14:44:49'), 'mag': 5.1}]",3,2005-12-19 14:44:49,RDM_df_train_30D-20_22SW-tw48_w0.csv,0.2982444444444445
58,2005-01-22 16:12:48.964,1,"[{'lat': -42.717, 'long': -82.681, 'Time': Timestamp('2005-01-23 23:15:52'), 'mag': 5.3}, {'lat': -1.202, 'long': -80.796, 'Time': Timestamp('2005-01-23 10:06:07'), 'mag': 5.0}, {'lat': -2.332, 'long': -80.646, 'Time': Timestamp('2005-01-24 06:11:52'), 'mag': 5.6}, {'lat': -1.202, 'long': -80.796, 'Time': Timestamp('2005-01-23 10:06:07'), 'mag': 5.0}, {'lat': -2.332, 'long': -80.646, 'Time': Timestamp('2005-01-24 06:11:52'), 'mag': 5.6}, {'lat': -1.202, 'long': -80.796, 'Time': Timestamp('2005-01-23 10:06:07'), 'mag': 5.0}, {'lat': -2.332, 'long': -80.646, 'Time': Timestamp('2005-01-24 06:11:52'), 'mag': 5.6}]",7,2005-01-23 23:15:52,RDM_df_train_30D-20_22SW-tw48_w0.csv,31.050843333333333
1300,2005-11-22 22:14:19.897,1,"[{'lat': -24.273, 'long': -176.313, 'Time': Timestamp('2005-11-24 10:46:38'), 'mag': 5.6}]",1,2005-11-24 10:46:38,RDM_df_train_30D-20_22SW-tw48_w0.csv,36.538361944444446
1031,2005-08-23 19:30:21.074,1,"[{'lat': 10.078, 'long': -103.548, 'Time': Timestamp('2005-08-24 17:07:45'), 'mag': 5.7}, {'lat': 10.078, 'long': -103.548, 'Time': Timestamp('2005-08-24 17:07:45'), 'mag': 5.7}, {'lat': 10.078, 'long': -103.548, 'Time': Timestamp('2005-08-24 17:07:45'), 'mag': 5.7}]",3,2005-08-24 17:07:45,RDM_df_train_30D-20_22SW-tw48_w0.csv,21.62331277777778
1062,2005-09-08 10:40:09.022,1,"[{'lat': -55.645, 'long': -27.102, 'Time': Timestamp('2005-09-09 01:20:15'), 'mag': 5.7}, {'lat': -55.529, 'long': -27.151, 'Time': Timestamp('2005-09-09 01:22:33'), 'mag': 5.1}, {'lat': -56.038, 'long': -27.905, 'Time': Timestamp('2005-09-09 19:55:21'), 'mag': 5.6}]",3,2005-09-09 01:20:15,RDM_df_train_30D-20_22SW-tw48_w0.csv,14.668327222222223
205,2005-02-23 09:46:50.852,1,"[{'lat': -48.84, 'long': -8.587, 'Time': Timestamp('2005-02-25 05:11:59'), 'mag': 5.0}, {'lat': -48.84, 'long': -8.587, 'Time': Timestamp('2005-02-25 05:11:59'), 'mag': 5.0}, {'lat': -54.084, 'long': 6.942, 'Time': Timestamp('2005-02-25 07:47:18'), 'mag': 5.1}]",3,2005-02-25 05:11:59,RDM_df_train_30D-20_22SW-tw48_w0.csv,43.418929999999996
866,2005-08-03 11:57:53.011,1,"[{'lat': -59.768, 'long': -25.886, 'Time': Timestamp('2005-08-04 12:11:20'), 'mag': 5.6}]",1,2005-08-04 12:11:20,RDM_df_train_30D-20_22SW-tw48_w0.csv,24.224163611111113
517,2005-05-07 12:09:22.608,1,"[{'lat': -35.122, 'long': -17.266, 'Time': Timestamp('2005-05-08 19:51:19'), 'mag': 5.2}, {'lat': -35.122, 'long': -17.266, 'Time': Timestamp('2005-05-08 19:51:19'), 'mag': 5.2}, {'lat': -35.122, 'long': -17.266, 'Time': Timestamp('2005-05-08 19:51:19'), 'mag': 5.2}]",3,2005-05-08 19:51:19,RDM_df_train_30D-20_22SW-tw48_w0.csv,31.69899777777778
870,2005-07-24 06:03:54.384,1,"[{'lat': 7.92, 'long': 92.19, 'Time': Timestamp('2005-07-24 15:42:06'), 'mag': 7.2}, {'lat': 8.064, 'long': 91.816, 'Time': Timestamp('2005-07-24 15:54:33'), 'mag': 5.1}, {'lat': 8.091, 'long': 92.109, 'Time': Timestamp('2005-07-24 16:00:12'), 'mag': 5.1}, {'lat': 7.791, 'long': 92.01, 'Time': Timestamp('2005-07-25 02:17:15'), 'mag': 5.0}, {'lat': 8.123, 'long': 91.926, 'Time': Timestamp('2005-07-25 03:26:17'), 'mag': 5.6}, {'lat': 8.02, 'long': 93.002, 'Time': Timestamp('2005-07-25 12:43:46'), 'mag': 5.2}, {'lat': 7.92, 'long': 92.19, 'Time': Timestamp('2005-07-24 15:42:06'), 'mag': 7.2}, {'lat': 8.064, 'long': 91.816, 'Time': Timestamp('2005-07-24 15:54:33'), 'mag': 5.1}, {'lat': 8.091, 'long': 92.109, 'Time': Timestamp('2005-07-24 16:00:12'), 'mag': 5.1}, {'lat': 7.791, 'long': 92.01, 'Time': Timestamp('2005-07-25 02:17:15'), 'mag': 5.0}, {'lat': 8.123, 'long': 91.926, 'Time': Timestamp('2005-07-25 03:26:17'), 'mag': 5.6}, {'lat': 8.02, 'long': 93.002, 'Time': Timestamp('2005-07-25 12:43:46'), 'mag': 5.2}, {'lat': 1.18, 'long': 96.838, 'Time': Timestamp('2005-07-25 16:02:02'), 'mag': 5.3}, {'lat': 1.898, 'long': 97.023, 'Time': Timestamp('2005-07-26 01:38:55'), 'mag': 5.0}, {'lat': 7.92, 'long': 92.19, 'Time': Timestamp('2005-07-24 15:42:06'), 'mag': 7.2}, {'lat': 8.064, 'long': 91.816, 'Time': Timestamp('2005-07-24 15:54:33'), 'mag': 5.1}, {'lat': 8.091, 'long': 92.109, 'Time': Timestamp('2005-07-24 16:00:12'), 'mag': 5.1}, {'lat': 7.791, 'long': 92.01, 'Time': Timestamp('2005-07-25 02:17:15'), 'mag': 5.0}, {'lat': 8.123, 'long': 91.926, 'Time': Timestamp('2005-07-25 03:26:17'), 'mag': 5.6}, {'lat': 8.02, 'long': 93.002, 'Time': Timestamp('2005-07-25 12:43:46'), 'mag': 5.2}, {'lat': 1.18, 'long': 96.838, 'Time': Timestamp('2005-07-25 16:02:02'), 'mag': 5.3}, {'lat': 1.898, 'long': 97.023, 'Time': Timestamp('2005-07-26 01:38:55'), 'mag': 5.0}, {'lat': 1.18, 'long': 96.838, 'Time': Timestamp('2005-07-25 16:02:02'), 'mag': 5.3}, {'lat': 1.898, 'long': 97.023, 'Time': Timestamp('2005-07-26 01:38:55'), 'mag': 5.0}]",24,2005-07-24 15:42:06,RDM_df_train_30D-20_22SW-tw48_w0.csv,9.636560000000001
1361,2005-11-26 21:13:22.061,1,"[{'lat': -15.036, 'long': -172.518, 'Time': Timestamp('2005-11-28 12:40:32'), 'mag': 5.3}, {'lat': -15.036, 'long': -172.518, 'Time': Timestamp('2005-11-28 12:40:32'), 'mag': 5.3}, {'lat': -15.036, 'long': -172.518, 'Time': Timestamp('2005-11-28 12:40:32'), 'mag': 5.3}]",3,2005-11-28 12:40:32,RDM_df_train_30D-20_22SW-tw48_w0.csv,39.452760833333336
990,2005-08-21 13:00:22.737,1,"[{'lat': -59.374, 'long': -27.027, 'Time': Timestamp('2005-08-23 01:38:17'), 'mag': 5.1}]",1,2005-08-23 01:38:17,RDM_df_train_30D-20_22SW-tw48_w0.csv,36.63173972222222
266,2005-03-18 23:54:52.719,1,"[{'lat': -5.746, 'long': 148.698, 'Time': Timestamp('2005-03-20 22:13:53'), 'mag': 5.2}, {'lat': -5.746, 'long': 148.698, 'Time': Timestamp('2005-03-20 22:13:53'), 'mag': 5.2}, {'lat': -5.746, 'long': 148.698, 'Time': Timestamp('2005-03-20 22:13:53'), 'mag': 5.2}]",3,2005-03-20 22:13:53,RDM_df_train_30D-20_22SW-tw48_w0.csv,46.31674472222222
1509,2005-12-30 21:49:23.143,1,"[{'lat': -27.18, 'long': -176.434, 'Time': Timestamp('2005-12-31 09:29:27'), 'mag': 5.2}, {'lat': -27.18, 'long': -176.434, 'Time': Timestamp('2005-12-31 09:29:27'), 'mag': 5.2}, {'lat': -27.18, 'long': -176.434, 'Time': Timestamp('2005-12-31 09:29:27'), 'mag': 5.2}]",3,2005-12-31 09:29:27,RDM_df_train_30D-20_22SW-tw48_w0.csv,11.667738055555557
768,2005-07-12 01:36:52.300,1,"[{'lat': -6.829, 'long': 131.405, 'Time': Timestamp('2005-07-12 17:07:19'), 'mag': 5.7}, {'lat': -6.829, 'long': 131.405, 'Time': Timestamp('2005-07-12 17:07:19'), 'mag': 5.7}]",2,2005-07-12 17:07:19,RDM_df_train_30D-20_22SW-tw48_w0.csv,15.507416666666666
370,2005-04-18 05:13:27.946,1,"[{'lat': 0.931, 'long': 97.491, 'Time': Timestamp('2005-04-18 13:25:32'), 'mag': 5.0}, {'lat': 1.214, 'long': 97.144, 'Time': Timestamp('2005-04-19 10:34:00'), 'mag': 5.0}, {'lat': 2.357, 'long': 96.302, 'Time': Timestamp('2005-04-19 15:10:15'), 'mag': 5.0}, {'lat': 0.931, 'long': 97.491, 'Time': Timestamp('2005-04-18 13:25:32'), 'mag': 5.0}, {'lat': 1.214, 'long': 97.144, 'Time': Timestamp('2005-04-19 10:34:00'), 'mag': 5.0}, {'lat': 2.357, 'long': 96.302, 'Time': Timestamp('2005-04-19 15:10:15'), 'mag': 5.0}, {'lat': 0.931, 'long': 97.491, 'Time': Timestamp('2005-04-18 13:25:32'), 'mag': 5.0}, {'lat': 1.214, 'long': 97.144, 'Time': Timestamp('2005-04-19 10:34:00'), 'mag': 5.0}, {'lat': 2.357, 'long': 96.302, 'Time': Timestamp('2005-04-19 15:10:15'), 'mag': 5.0}]",9,2005-04-18 13:25:32,RDM_df_train_30D-20_22SW-tw48_w0.csv,8.201126111111112
1150,2005-09-28 09:26:47.580,1,"[{'lat': 12.443, 'long': 40.634, 'Time': Timestamp('2005-09-28 16:31:35'), 'mag': 5.1}, {'lat': 12.443, 'long': 40.634, 'Time': Timestamp('2005-09-28 16:31:35'), 'mag': 5.1}, {'lat': 12.443, 'long': 40.634, 'Time': Timestamp('2005-09-28 16:31:35'), 'mag': 5.1}]",3,2005-09-28 16:31:35,RDM_df_train_30D-20_22SW-tw48_w0.csv,7.079838888888888
803,2005-07-23 16:56:54.955,1,"[{'lat': 12.078, 'long': -85.971, 'Time': Timestamp('2005-07-23 20:09:05'), 'mag': 5.6}, {'lat': 12.078, 'long': -85.971, 'Time': Timestamp('2005-07-23 20:09:05'), 'mag': 5.6}, {'lat': 12.078, 'long': -85.971, 'Time': Timestamp('2005-07-23 20:09:05'), 'mag': 5.6}]",3,2005-07-23 20:09:05,RDM_df_train_30D-20_22SW-tw48_w0.csv,3.202790277777778
306,2005-03-22 09:22:17.655,1,"[{'lat': 39.431, 'long': 40.925, 'Time': Timestamp('2005-03-23 21:44:53'), 'mag': 5.7}, {'lat': -55.408, 'long': -1.475, 'Time': Timestamp('2005-03-23 12:08:56'), 'mag': 5.1}, {'lat': -55.475, 'long': -1.54, 'Time': Timestamp('2005-03-23 13:59:17'), 'mag': 5.8}]",3,2005-03-23 21:44:53,RDM_df_train_30D-20_22SW-tw48_w0.csv,36.37648472222222
31,2005-01-21 01:33:48.042,1,"[{'lat': -7.727, 'long': 159.475, 'Time': Timestamp('2005-01-22 20:30:17'), 'mag': 6.4}, {'lat': -5.849, 'long': 151.582, 'Time': Timestamp('2005-01-23 01:03:55'), 'mag': 5.5}, {'lat': -7.727, 'long': 159.475, 'Time': Timestamp('2005-01-22 20:30:17'), 'mag': 6.4}, {'lat': -5.849, 'long': 151.582, 'Time': Timestamp('2005-01-23 01:03:55'), 'mag': 5.5}, {'lat': -7.727, 'long': 159.475, 'Time': Timestamp('2005-01-22 20:30:17'), 'mag': 6.4}, {'lat': -5.849, 'long': 151.582, 'Time': Timestamp('2005-01-23 01:03:55'), 'mag': 5.5}, {'lat': 34.021, 'long': 141.553, 'Time': Timestamp('2005-01-21 12:45:31'), 'mag': 5.7}, {'lat': 34.003, 'long': 141.367, 'Time': Timestamp('2005-01-21 17:58:56'), 'mag': 5.8}, {'lat': 33.892, 'long': 141.52, 'Time': Timestamp('2005-01-21 18:10:35'), 'mag': 5.0}, {'lat': 34.021, 'long': 141.553, 'Time': Timestamp('2005-01-21 12:45:31'), 'mag': 5.7}, {'lat': 34.003, 'long': 141.367, 'Time': Timestamp('2005-01-21 17:58:56'), 'mag': 5.8}, {'lat': 33.892, 'long': 141.52, 'Time': Timestamp('2005-01-21 18:10:35'), 'mag': 5.0}, {'lat': 34.021, 'long': 141.553, 'Time': Timestamp('2005-01-21 12:45:31'), 'mag': 5.7}, {'lat': 34.003, 'long': 141.367, 'Time': Timestamp('2005-01-21 17:58:56'), 'mag': 5.8}, {'lat': 33.892, 'long': 141.52, 'Time': Timestamp('2005-01-21 18:10:35'), 'mag': 5.0}, {'lat': 5.186, 'long': 125.245, 'Time': Timestamp('2005-01-21 17:54:34'), 'mag': 5.9}, {'lat': 5.186, 'long': 125.245, 'Time': Timestamp('2005-01-21 17:54:34'), 'mag': 5.9}, {'lat': 5.186, 'long': 125.245, 'Time': Timestamp('2005-01-21 17:54:34'), 'mag': 5.9}, {'lat': -10.73, 'long': 123.948, 'Time': Timestamp('2005-01-22 10:48:45'), 'mag': 5.2}, {'lat': -10.73, 'long': 123.948, 'Time': Timestamp('2005-01-22 10:48:45'), 'mag': 5.2}, {'lat': -10.73, 'long': 123.948, 'Time': Timestamp('2005-01-22 10:48:45'), 'mag': 5.2}]",21,2005-01-22 20:30:17,RDM_df_train_30D-20_22SW-tw48_w0.csv,42.94137722222223
1130,2005-09-23 01:36:51.986,1,"[{'lat': -4.305, 'long': 152.987, 'Time': Timestamp('2005-09-24 05:09:48'), 'mag': 5.0}, {'lat': -4.305, 'long': 152.987, 'Time': Timestamp('2005-09-24 05:09:48'), 'mag': 5.0}, {'lat': -4.305, 'long': 152.987, 'Time': Timestamp('2005-09-24 05:09:48'), 'mag': 5.0}, {'lat': 34.297, 'long': 140.82, 'Time': Timestamp('2005-09-24 14:48:48'), 'mag': 5.2}, {'lat': 34.297, 'long': 140.82, 'Time': Timestamp('2005-09-24 14:48:48'), 'mag': 5.2}, {'lat': 34.297, 'long': 140.82, 'Time': Timestamp('2005-09-24 14:48:48'), 'mag': 5.2}, {'lat': 1.556, 'long': 126.583, 'Time': Timestamp('2005-09-25 00:08:40'), 'mag': 5.4}, {'lat': 1.556, 'long': 126.583, 'Time': Timestamp('2005-09-25 00:08:40'), 'mag': 5.4}]",8,2005-09-24 05:09:48,RDM_df_train_30D-20_22SW-tw48_w0.csv,27.548892777777777
909,2005-08-04 08:43:15.386,1,"[{'lat': 34.887, 'long': 26.497, 'Time': Timestamp('2005-08-04 10:45:30'), 'mag': 5.0}, {'lat': 34.887, 'long': 26.497, 'Time': Timestamp('2005-08-04 10:45:30'), 'mag': 5.0}, {'lat': 34.887, 'long': 26.497, 'Time': Timestamp('2005-08-04 10:45:30'), 'mag': 5.0}]",3,2005-08-04 10:45:30,RDM_df_train_30D-20_22SW-tw48_w0.csv,2.037392777777778
477,2005-05-03 11:44:22.847,1,"[{'lat': -57.954, 'long': -25.593, 'Time': Timestamp('2005-05-04 14:49:26'), 'mag': 5.4}, {'lat': -57.954, 'long': -25.593, 'Time': Timestamp('2005-05-04 14:49:26'), 'mag': 5.4}]",2,2005-05-04 14:49:26,RDM_df_train_30D-20_22SW-tw48_w0.csv,27.084209166666668
589,2005-05-28 23:09:22.910,1,"[{'lat': -30.106, 'long': -178.012, 'Time': Timestamp('2005-05-29 21:44:27'), 'mag': 5.9}, {'lat': -30.106, 'long': -178.012, 'Time': Timestamp('2005-05-29 21:44:27'), 'mag': 5.9}, {'lat': -30.106, 'long': -178.012, 'Time': Timestamp('2005-05-29 21:44:27'), 'mag': 5.9}]",3,2005-05-29 21:44:27,RDM_df_train_30D-20_22SW-tw48_w0.csv,22.584469444444444
266,2005-03-18 23:54:52.719,1,"[{'lat': -5.746, 'long': 148.698, 'Time': Timestamp('2005-03-20 22:13:53'), 'mag': 5.2}, {'lat': -5.746, 'long': 148.698, 'Time': Timestamp('2005-03-20 22:13:53'), 'mag': 5.2}, {'lat': -5.746, 'long': 148.698, 'Time': Timestamp('2005-03-20 22:13:53'), 'mag': 5.2}]",3,2005-03-20 22:13:53,RDM_df_train_30D-20_22SW-tw48_w0.csv,46.31674472222222
333,2005-03-24 22:48:52.227,1,"[{'lat': -15.055, 'long': -173.459, 'Time': Timestamp('2005-03-26 02:42:04'), 'mag': 5.2}]",1,2005-03-26 02:42:04,RDM_df_train_30D-20_22SW-tw48_w0.csv,27.886603611111113
292,2005-03-21 06:13:57.238,1,"[{'lat': 12.339, 'long': 92.533, 'Time': Timestamp('2005-03-21 14:14:09'), 'mag': 5.0}, {'lat': 13.061, 'long': 92.476, 'Time': Timestamp('2005-03-22 09:38:28'), 'mag': 5.0}, {'lat': 12.339, 'long': 92.533, 'Time': Timestamp('2005-03-21 14:14:09'), 'mag': 5.0}, {'lat': 13.061, 'long': 92.476, 'Time': Timestamp('2005-03-22 09:38:28'), 'mag': 5.0}, {'lat': 12.339, 'long': 92.533, 'Time': Timestamp('2005-03-21 14:14:09'), 'mag': 5.0}, {'lat': 13.061, 'long': 92.476, 'Time': Timestamp('2005-03-22 09:38:28'), 'mag': 5.0}]",6,2005-03-21 14:14:09,RDM_df_train_30D-20_22SW-tw48_w0.csv,8.003267222222222
15,2005-01-15 05:55:24.576,1,"[{'lat': 14.57, 'long': 92.387, 'Time': Timestamp('2005-01-15 07:46:53'), 'mag': 5.5}, {'lat': 14.57, 'long': 92.594, 'Time': Timestamp('2005-01-17 02:45:14'), 'mag': 5.0}, {'lat': 14.57, 'long': 92.387, 'Time': Timestamp('2005-01-15 07:46:53'), 'mag': 5.5}, {'lat': 8.662, 'long': 93.616, 'Time': Timestamp('2005-01-16 22:47:29'), 'mag': 5.0}, {'lat': 14.57, 'long': 92.594, 'Time': Timestamp('2005-01-17 02:45:14'), 'mag': 5.0}, {'lat': 14.57, 'long': 92.387, 'Time': Timestamp('2005-01-15 07:46:53'), 'mag': 5.5}, {'lat': 8.662, 'long': 93.616, 'Time': Timestamp('2005-01-16 22:47:29'), 'mag': 5.0}, {'lat': 14.57, 'long': 92.594, 'Time': Timestamp('2005-01-17 02:45:14'), 'mag': 5.0}, {'lat': 3.869, 'long': 95.919, 'Time': Timestamp('2005-01-17 02:53:40'), 'mag': 5.0}, {'lat': 8.662, 'long': 93.616, 'Time': Timestamp('2005-01-16 22:47:29'), 'mag': 5.0}, {'lat': 3.869, 'long': 95.919, 'Time': Timestamp('2005-01-17 02:53:40'), 'mag': 5.0}]",11,2005-01-15 07:46:53,RDM_df_train_30D-20_22SW-tw48_w0.csv,1.8578955555555556
574,2005-05-12 16:06:53.252,1,"[{'lat': -3.789, 'long': -80.554, 'Time': Timestamp('2005-05-13 19:17:59'), 'mag': 5.0}, {'lat': -3.789, 'long': -80.554, 'Time': Timestamp('2005-05-13 19:17:59'), 'mag': 5.0}]",2,2005-05-13 19:17:59,RDM_df_train_30D-20_22SW-tw48_w0.csv,27.18493
299,2005-03-12 08:38:19.690,1,"[{'lat': 27.095, 'long': 61.887, 'Time': Timestamp('2005-03-13 03:31:23'), 'mag': 6.0}, {'lat': 27.095, 'long': 61.887, 'Time': Timestamp('2005-03-13 03:31:23'), 'mag': 6.0}, {'lat': 27.095, 'long': 61.887, 'Time': Timestamp('2005-03-13 03:31:23'), 'mag': 6.0}, {'lat': 39.354, 'long': 40.89, 'Time': Timestamp('2005-03-14 01:55:55'), 'mag': 5.8}, {'lat': 39.354, 'long': 40.89, 'Time': Timestamp('2005-03-14 01:55:55'), 'mag': 5.8}]",5,2005-03-13 03:31:23,RDM_df_train_30D-20_22SW-tw48_w0.csv,18.884252777777778
68,2005-02-06 14:24:46.276,1,"[{'lat': 15.484, 'long': -61.306, 'Time': Timestamp('2005-02-08 02:18:23'), 'mag': 5.0}, {'lat': 15.484, 'long': -61.306, 'Time': Timestamp('2005-02-08 02:18:23'), 'mag': 5.0}, {'lat': 15.484, 'long': -61.306, 'Time': Timestamp('2005-02-08 02:18:23'), 'mag': 5.0}]",3,2005-02-08 02:18:23,RDM_df_train_30D-20_22SW-tw48_w0.csv,35.89353444444445
912,2005-08-23 18:41:21.431,1,"[{'lat': 10.078, 'long': -103.548, 'Time': Timestamp('2005-08-24 17:07:45'), 'mag': 5.7}, {'lat': 10.078, 'long': -103.548, 'Time': Timestamp('2005-08-24 17:07:45'), 'mag': 5.7}, {'lat': 10.078, 'long': -103.548, 'Time': Timestamp('2005-08-24 17:07:45'), 'mag': 5.7}]",3,2005-08-24 17:07:45,RDM_df_train_30D-20_22SW-tw48_w0.csv,22.439880277777778
588,2005-06-03 14:58:50.087,1,"[{'lat': -16.481, 'long': -70.725, 'Time': Timestamp('2005-06-03 19:24:49'), 'mag': 5.0}, {'lat': -16.481, 'long': -70.725, 'Time': Timestamp('2005-06-03 19:24:49'), 'mag': 5.0}, {'lat': -16.481, 'long': -70.725, 'Time': Timestamp('2005-06-03 19:24:49'), 'mag': 5.0}]",3,2005-06-03 19:24:49,RDM_df_train_30D-20_22SW-tw48_w0.csv,4.433031388888889
176,2005-03-08 00:18:53.014,1,"[{'lat': -16.746, 'long': 167.478, 'Time': Timestamp('2005-03-08 19:37:06'), 'mag': 5.2}, {'lat': -16.746, 'long': 167.478, 'Time': Timestamp('2005-03-08 19:37:06'), 'mag': 5.2}, {'lat': -20.726, 'long': 169.278, 'Time': Timestamp('2005-03-09 13:02:05'), 'mag': 5.0}, {'lat': -16.746, 'long': 167.478, 'Time': Timestamp('2005-03-08 19:37:06'), 'mag': 5.2}, {'lat': -20.726, 'long': 169.278, 'Time': Timestamp('2005-03-09 13:02:05'), 'mag': 5.0}]",5,2005-03-08 19:37:06,RDM_df_train_30D-20_22SW-tw48_w0.csv,19.303607222222222
1371,2005-11-27 14:27:16.747,1,"[{'lat': -29.31, 'long': -70.958, 'Time': Timestamp('2005-11-28 16:33:21'), 'mag': 5.5}, {'lat': -29.31, 'long': -70.958, 'Time': Timestamp('2005-11-28 16:33:21'), 'mag': 5.5}, {'lat': -29.31, 'long': -70.958, 'Time': Timestamp('2005-11-28 16:33:21'), 'mag': 5.5}]",3,2005-11-28 16:33:21,RDM_df_train_30D-20_22SW-tw48_w0.csv,26.10118138888889
1044,2005-09-13 06:47:20.476,1,"[{'lat': 8.073, 'long': 91.912, 'Time': Timestamp('2005-09-13 14:32:57'), 'mag': 5.5}, {'lat': 8.073, 'long': 91.912, 'Time': Timestamp('2005-09-13 14:32:57'), 'mag': 5.5}]",2,2005-09-13 14:32:57,RDM_df_train_30D-20_22SW-tw48_w0.csv,7.760145555555556
798,2005-07-10 06:15:54.387,1,"[{'lat': 1.274, 'long': 97.226, 'Time': Timestamp('2005-07-11 14:36:09'), 'mag': 5.6}, {'lat': 1.274, 'long': 97.226, 'Time': Timestamp('2005-07-11 14:36:09'), 'mag': 5.6}, {'lat': 1.274, 'long': 97.226, 'Time': Timestamp('2005-07-11 14:36:09'), 'mag': 5.6}, {'lat': -6.576, 'long': 69.715, 'Time': Timestamp('2005-07-11 15:06:28'), 'mag': 5.1}, {'lat': -6.576, 'long': 69.715, 'Time': Timestamp('2005-07-11 15:06:28'), 'mag': 5.1}, {'lat': -6.576, 'long': 69.715, 'Time': Timestamp('2005-07-11 15:06:28'), 'mag': 5.1}]",6,2005-07-11 14:36:09,RDM_df_train_30D-20_22SW-tw48_w0.csv,32.3373925
1179,2005-10-04 05:32:53.335,1,"[{'lat': 5.559, 'long': 94.277, 'Time': Timestamp('2005-10-04 12:23:25'), 'mag': 5.0}, {'lat': 5.233, 'long': 95.577, 'Time': Timestamp('2005-10-05 08:46:42'), 'mag': 5.7}, {'lat': 7.897, 'long': 92.063, 'Time': Timestamp('2005-10-05 12:19:09'), 'mag': 5.3}, {'lat': 5.559, 'long': 94.277, 'Time': Timestamp('2005-10-04 12:23:25'), 'mag': 5.0}, {'lat': 5.233, 'long': 95.577, 'Time': Timestamp('2005-10-05 08:46:42'), 'mag': 5.7}, {'lat': 7.897, 'long': 92.063, 'Time': Timestamp('2005-10-05 12:19:09'), 'mag': 5.3}, {'lat': 5.559, 'long': 94.277, 'Time': Timestamp('2005-10-04 12:23:25'), 'mag': 5.0}, {'lat': 5.233, 'long': 95.577, 'Time': Timestamp('2005-10-05 08:46:42'), 'mag': 5.7}, {'lat': 7.897, 'long': 92.063, 'Time': Timestamp('2005-10-05 12:19:09'), 'mag': 5.3}]",9,2005-10-04 12:23:25,RDM_df_train_30D-20_22SW-tw48_w0.csv,6.842129166666667
1471,2006-01-02 22:50:22.527,1,"[{'lat': 51.453, 'long': -168.124, 'Time': Timestamp('2006-01-03 10:53:04'), 'mag': 5.3}, {'lat': 51.453, 'long': -168.124, 'Time': Timestamp('2006-01-03 10:53:04'), 'mag': 5.3}, {'lat': 51.453, 'long': -168.124, 'Time': Timestamp('2006-01-03 10:53:04'), 'mag': 5.3}]",3,2006-01-03 10:53:04,RDM_df_train_30D-20_22SW-tw48_w0.csv,12.04485361111111
1231,2005-11-14 01:48:49.472,1,"[{'lat': 38.107, 'long': 144.896, 'Time': Timestamp('2005-11-14 21:38:51'), 'mag': 7.0}, {'lat': 38.107, 'long': 144.896, 'Time': Timestamp('2005-11-14 21:38:51'), 'mag': 7.0}, {'lat': 33.336, 'long': 141.351, 'Time': Timestamp('2005-11-15 20:20:45'), 'mag': 5.7}, {'lat': 38.107, 'long': 144.896, 'Time': Timestamp('2005-11-14 21:38:51'), 'mag': 7.0}, {'lat': 33.336, 'long': 141.351, 'Time': Timestamp('2005-11-15 20:20:45'), 'mag': 5.7}, {'lat': 33.336, 'long': 141.351, 'Time': Timestamp('2005-11-15 20:20:45'), 'mag': 5.7}, {'lat': 22.04, 'long': 144.799, 'Time': Timestamp('2005-11-15 23:01:10'), 'mag': 5.7}, {'lat': 22.07, 'long': 144.899, 'Time': Timestamp('2005-11-15 23:13:28'), 'mag': 5.0}, {'lat': 22.04, 'long': 144.799, 'Time': Timestamp('2005-11-15 23:01:10'), 'mag': 5.7}, {'lat': 22.07, 'long': 144.899, 'Time': Timestamp('2005-11-15 23:13:28'), 'mag': 5.0}]",10,2005-11-14 21:38:51,RDM_df_train_30D-20_22SW-tw48_w0.csv,19.83375777777778
786,2005-07-25 00:47:49.012,1,"[{'lat': 52.871, 'long': 160.105, 'Time': Timestamp('2005-07-26 12:17:14'), 'mag': 5.8}, {'lat': 52.871, 'long': 160.105, 'Time': Timestamp('2005-07-26 12:17:14'), 'mag': 5.8}, {'lat': 52.871, 'long': 160.105, 'Time': Timestamp('2005-07-26 12:17:14'), 'mag': 5.8}, {'lat': 33.262, 'long': 142.288, 'Time': Timestamp('2005-07-26 05:14:43'), 'mag': 5.0}, {'lat': 33.312, 'long': 142.336, 'Time': Timestamp('2005-07-26 06:20:26'), 'mag': 5.0}, {'lat': 33.283, 'long': 142.324, 'Time': Timestamp('2005-07-26 06:24:04'), 'mag': 5.0}, {'lat': 33.342, 'long': 142.222, 'Time': Timestamp('2005-07-26 19:33:44'), 'mag': 5.0}, {'lat': 33.262, 'long': 142.288, 'Time': Timestamp('2005-07-26 05:14:43'), 'mag': 5.0}, {'lat': 33.312, 'long': 142.336, 'Time': Timestamp('2005-07-26 06:20:26'), 'mag': 5.0}, {'lat': 33.283, 'long': 142.324, 'Time': Timestamp('2005-07-26 06:24:04'), 'mag': 5.0}, {'lat': 33.342, 'long': 142.222, 'Time': Timestamp('2005-07-26 19:33:44'), 'mag': 5.0}, {'lat': -4.011, 'long': 151.866, 'Time': Timestamp('2005-07-25 04:31:29'), 'mag': 5.4}, {'lat': -3.942, 'long': 147.2, 'Time': Timestamp('2005-07-26 13:32:31'), 'mag': 5.2}, {'lat': -4.011, 'long': 151.866, 'Time': Timestamp('2005-07-25 04:31:29'), 'mag': 5.4}, {'lat': -3.942, 'long': 147.2, 'Time': Timestamp('2005-07-26 13:32:31'), 'mag': 5.2}, {'lat': -4.011, 'long': 151.866, 'Time': Timestamp('2005-07-25 04:31:29'), 'mag': 5.4}, {'lat': -3.942, 'long': 147.2, 'Time': Timestamp('2005-07-26 13:32:31'), 'mag': 5.2}]",17,2005-07-26 12:17:14,RDM_df_train_30D-20_22SW-tw48_w0.csv,35.490274444444445
83,2005-02-09 01:44:21.693,1,"[{'lat': 26.088, 'long': 143.997, 'Time': Timestamp('2005-02-09 18:46:09'), 'mag': 6.3}, {'lat': 26.088, 'long': 143.997, 'Time': Timestamp('2005-02-09 18:46:09'), 'mag': 6.3}, {'lat': 26.088, 'long': 143.997, 'Time': Timestamp('2005-02-09 18:46:09'), 'mag': 6.3}, {'lat': 9.403, 'long': 126.46, 'Time': Timestamp('2005-02-10 15:58:17'), 'mag': 5.0}, {'lat': 9.403, 'long': 126.46, 'Time': Timestamp('2005-02-10 15:58:17'), 'mag': 5.0}, {'lat': 13.686, 'long': 120.791, 'Time': Timestamp('2005-02-09 20:59:52'), 'mag': 5.5}, {'lat': 9.403, 'long': 126.46, 'Time': Timestamp('2005-02-10 15:58:17'), 'mag': 5.0}]",7,2005-02-09 18:46:09,RDM_df_train_30D-20_22SW-tw48_w0.csv,17.0298075
935,2005-08-04 00:47:48.680,1,"[{'lat': 51.235, 'long': -178.254, 'Time': Timestamp('2005-08-05 00:56:53'), 'mag': 5.8}, {'lat': 51.235, 'long': -178.254, 'Time': Timestamp('2005-08-05 00:56:53'), 'mag': 5.8}, {'lat': 51.235, 'long': -178.254, 'Time': Timestamp('2005-08-05 00:56:53'), 'mag': 5.8}, {'lat': -3.657, 'long': 140.178, 'Time': Timestamp('2005-08-04 09:26:52'), 'mag': 5.8}, {'lat': -5.596, 'long': 145.658, 'Time': Timestamp('2005-08-05 23:56:57'), 'mag': 5.3}, {'lat': -3.657, 'long': 140.178, 'Time': Timestamp('2005-08-04 09:26:52'), 'mag': 5.8}, {'lat': -5.596, 'long': 145.658, 'Time': Timestamp('2005-08-05 23:56:57'), 'mag': 5.3}, {'lat': -3.657, 'long': 140.178, 'Time': Timestamp('2005-08-04 09:26:52'), 'mag': 5.8}, {'lat': -5.596, 'long': 145.658, 'Time': Timestamp('2005-08-05 23:56:57'), 'mag': 5.3}, {'lat': -49.603, 'long': 125.951, 'Time': Timestamp('2005-08-04 12:57:34'), 'mag': 5.4}, {'lat': -49.603, 'long': 125.951, 'Time': Timestamp('2005-08-04 12:57:34'), 'mag': 5.4}]",11,2005-08-05 00:56:53,RDM_df_train_30D-20_22SW-tw48_w0.csv,24.151200000000003
373,2005-03-31 15:10:22.016,1,"[{'lat': -23.549, 'long': -64.528, 'Time': Timestamp('2005-03-31 16:33:35'), 'mag': 5.1}, {'lat': -23.559, 'long': -64.514, 'Time': Timestamp('2005-03-31 21:52:30'), 'mag': 5.1}, {'lat': -23.549, 'long': -64.528, 'Time': Timestamp('2005-03-31 16:33:35'), 'mag': 5.1}, {'lat': -23.559, 'long': -64.514, 'Time': Timestamp('2005-03-31 21:52:30'), 'mag': 5.1}, {'lat': -25.223, 'long': -70.749, 'Time': Timestamp('2005-04-02 13:01:11'), 'mag': 5.2}, {'lat': -25.223, 'long': -70.749, 'Time': Timestamp('2005-04-02 13:01:11'), 'mag': 5.2}]",6,2005-03-31 16:33:35,RDM_df_train_30D-20_22SW-tw48_w0.csv,1.38694
549,2005-05-10 20:42:50.468,1,"[{'lat': -57.382, 'long': -139.231, 'Time': Timestamp('2005-05-12 11:15:35'), 'mag': 6.5}, {'lat': -57.382, 'long': -139.231, 'Time': Timestamp('2005-05-12 11:15:35'), 'mag': 6.5}, {'lat': -57.382, 'long': -139.231, 'Time': Timestamp('2005-05-12 11:15:35'), 'mag': 6.5}]",3,2005-05-12 11:15:35,RDM_df_train_30D-20_22SW-tw48_w0.csv,38.545703333333336
28,2005-01-24 15:44:48.875,1,"[{'lat': -29.399, 'long': -71.715, 'Time': Timestamp('2005-01-24 19:07:15'), 'mag': 5.1}, {'lat': 9.388, 'long': -84.753, 'Time': Timestamp('2005-01-24 17:45:41'), 'mag': 5.3}, {'lat': 9.388, 'long': -84.753, 'Time': Timestamp('2005-01-24 17:45:41'), 'mag': 5.3}, {'lat': -1.364, 'long': -80.785, 'Time': Timestamp('2005-01-24 23:23:26'), 'mag': 6.1}, {'lat': -1.398, 'long': -80.91, 'Time': Timestamp('2005-01-24 23:26:50'), 'mag': 5.8}, {'lat': -1.427, 'long': -80.874, 'Time': Timestamp('2005-01-24 23:59:32'), 'mag': 5.1}, {'lat': 9.388, 'long': -84.753, 'Time': Timestamp('2005-01-24 17:45:41'), 'mag': 5.3}, {'lat': -1.364, 'long': -80.785, 'Time': Timestamp('2005-01-24 23:23:26'), 'mag': 6.1}, {'lat': -1.398, 'long': -80.91, 'Time': Timestamp('2005-01-24 23:26:50'), 'mag': 5.8}, {'lat': -1.427, 'long': -80.874, 'Time': Timestamp('2005-01-24 23:59:32'), 'mag': 5.1}, {'lat': -1.364, 'long': -80.785, 'Time': Timestamp('2005-01-24 23:23:26'), 'mag': 6.1}, {'lat': -1.398, 'long': -80.91, 'Time': Timestamp('2005-01-24 23:26:50'), 'mag': 5.8}, {'lat': -1.427, 'long': -80.874, 'Time': Timestamp('2005-01-24 23:59:32'), 'mag': 5.1}]",13,2005-01-24 19:07:15,RDM_df_train_30D-20_22SW-tw48_w0.csv,3.373923611111111
752,2005-06-27 03:41:53.973,1,"[{'lat': -1.944, 'long': 128.357, 'Time': Timestamp('2005-06-28 18:45:54'), 'mag': 5.2}, {'lat': -1.944, 'long': 128.357, 'Time': Timestamp('2005-06-28 18:45:54'), 'mag': 5.2}, {'lat': -1.944, 'long': 128.357, 'Time': Timestamp('2005-06-28 18:45:54'), 'mag': 5.2}]",3,2005-06-28 18:45:54,RDM_df_train_30D-20_22SW-tw48_w0.csv,39.066674166666665
1201,2005-10-02 02:32:21.166,1,"[{'lat': -5.595, 'long': 151.651, 'Time': Timestamp('2005-10-02 23:59:44'), 'mag': 5.8}, {'lat': -5.554, 'long': 151.726, 'Time': Timestamp('2005-10-03 00:53:23'), 'mag': 5.1}, {'lat': -1.355, 'long': 150.305, 'Time': Timestamp('2005-10-03 04:22:07'), 'mag': 5.1}, {'lat': -5.595, 'long': 151.651, 'Time': Timestamp('2005-10-02 23:59:44'), 'mag': 5.8}, {'lat': -5.554, 'long': 151.726, 'Time': Timestamp('2005-10-03 00:53:23'), 'mag': 5.1}, {'lat': -1.355, 'long': 150.305, 'Time': Timestamp('2005-10-03 04:22:07'), 'mag': 5.1}, {'lat': -5.595, 'long': 151.651, 'Time': Timestamp('2005-10-02 23:59:44'), 'mag': 5.8}, {'lat': -5.554, 'long': 151.726, 'Time': Timestamp('2005-10-03 00:53:23'), 'mag': 5.1}]",8,2005-10-02 23:59:44,RDM_df_train_30D-20_22SW-tw48_w0.csv,21.456342777777778
232,2005-02-27 22:42:52.332,1,"[{'lat': -30.344, 'long': -177.723, 'Time': Timestamp('2005-02-28 08:29:57'), 'mag': 5.3}]",1,2005-02-28 08:29:57,RDM_df_train_30D-20_22SW-tw48_w0.csv,9.78463
519,2005-05-10 18:46:51.254,1,"[{'lat': -0.241, 'long': -91.283, 'Time': Timestamp('2005-05-11 22:55:48'), 'mag': 5.0}, {'lat': -0.241, 'long': -91.283, 'Time': Timestamp('2005-05-11 22:55:48'), 'mag': 5.0}, {'lat': -0.241, 'long': -91.283, 'Time': Timestamp('2005-05-11 22:55:48'), 'mag': 5.0}, {'lat': -57.382, 'long': -139.231, 'Time': Timestamp('2005-05-12 11:15:35'), 'mag': 6.5}, {'lat': -57.382, 'long': -139.231, 'Time': Timestamp('2005-05-12 11:15:35'), 'mag': 6.5}, {'lat': -57.382, 'long': -139.231, 'Time': Timestamp('2005-05-12 11:15:35'), 'mag': 6.5}]",6,2005-05-11 22:55:48,RDM_df_train_30D-20_22SW-tw48_w0.csv,28.14909611111111
306,2005-03-22 09:22:17.655,1,"[{'lat': 39.431, 'long': 40.925, 'Time': Timestamp('2005-03-23 21:44:53'), 'mag': 5.7}, {'lat': -55.408, 'long': -1.475, 'Time': Timestamp('2005-03-23 12:08:56'), 'mag': 5.1}, {'lat': -55.475, 'long': -1.54, 'Time': Timestamp('2005-03-23 13:59:17'), 'mag': 5.8}]",3,2005-03-23 21:44:53,RDM_df_train_30D-20_22SW-tw48_w0.csv,36.37648472222222
405,2005-04-07 20:11:52.888,1,"[{'lat': -26.901, 'long': -115.019, 'Time': Timestamp('2005-04-08 21:20:06'), 'mag': 5.1}]",1,2005-04-08 21:20:06,RDM_df_train_30D-20_22SW-tw48_w0.csv,25.136975555555555
1127,2005-09-27 23:16:23.000,1,"[{'lat': -10.908, 'long': 162.031, 'Time': Timestamp('2005-09-29 15:34:33'), 'mag': 5.0}, {'lat': -10.908, 'long': 162.031, 'Time': Timestamp('2005-09-29 15:34:33'), 'mag': 5.0}, {'lat': -10.908, 'long': 162.031, 'Time': Timestamp('2005-09-29 15:34:33'), 'mag': 5.0}]",3,2005-09-29 15:34:33,RDM_df_train_30D-20_22SW-tw48_w0.csv,40.30277777777778
873,2005-08-06 16:01:13.475,1,"[{'lat': -8.019, 'long': -80.026, 'Time': Timestamp('2005-08-07 11:20:29'), 'mag': 5.4}, {'lat': -8.019, 'long': -80.026, 'Time': Timestamp('2005-08-07 11:20:29'), 'mag': 5.4}, {'lat': -8.019, 'long': -80.026, 'Time': Timestamp('2005-08-07 11:20:29'), 'mag': 5.4}]",3,2005-08-07 11:20:29,RDM_df_train_30D-20_22SW-tw48_w0.csv,19.320979166666664
83,2005-02-09 01:44:21.693,1,"[{'lat': 26.088, 'long': 143.997, 'Time': Timestamp('2005-02-09 18:46:09'), 'mag': 6.3}, {'lat': 26.088, 'long': 143.997, 'Time': Timestamp('2005-02-09 18:46:09'), 'mag': 6.3}, {'lat': 26.088, 'long': 143.997, 'Time': Timestamp('2005-02-09 18:46:09'), 'mag': 6.3}, {'lat': 9.403, 'long': 126.46, 'Time': Timestamp('2005-02-10 15:58:17'), 'mag': 5.0}, {'lat': 9.403, 'long': 126.46, 'Time': Timestamp('2005-02-10 15:58:17'), 'mag': 5.0}, {'lat': 13.686, 'long': 120.791, 'Time': Timestamp('2005-02-09 20:59:52'), 'mag': 5.5}, {'lat': 9.403, 'long': 126.46, 'Time': Timestamp('2005-02-10 15:58:17'), 'mag': 5.0}]",7,2005-02-09 18:46:09,RDM_df_train_30D-20_22SW-tw48_w0.csv,17.0298075
1416,2005-12-24 14:20:46.343,1,"[{'lat': -38.953, 'long': -73.188, 'Time': Timestamp('2005-12-26 00:56:10'), 'mag': 5.1}, {'lat': -38.953, 'long': -73.188, 'Time': Timestamp('2005-12-26 00:56:10'), 'mag': 5.1}]",2,2005-12-26 00:56:10,RDM_df_train_30D-20_22SW-tw48_w0.csv,34.58990472222222
620,2005-06-04 13:24:52.516,1,"[{'lat': -57.428, 'long': -26.072, 'Time': Timestamp('2005-06-05 01:04:47'), 'mag': 5.2}, {'lat': -57.428, 'long': -26.072, 'Time': Timestamp('2005-06-05 01:04:47'), 'mag': 5.2}]",2,2005-06-05 01:04:47,RDM_df_train_30D-20_22SW-tw48_w0.csv,11.665134444444444
756,2005-07-14 06:03:24.739,1,"[{'lat': 30.003, 'long': 69.461, 'Time': Timestamp('2005-07-16 02:17:20'), 'mag': 5.2}, {'lat': 30.003, 'long': 69.461, 'Time': Timestamp('2005-07-16 02:17:20'), 'mag': 5.2}, {'lat': 30.003, 'long': 69.461, 'Time': Timestamp('2005-07-16 02:17:20'), 'mag': 5.2}]",3,2005-07-16 02:17:20,RDM_df_train_30D-20_22SW-tw48_w0.csv,44.232016944444446
89,2005-02-02 23:12:52.513,1,"[{'lat': -13.507, 'long': 174.352, 'Time': Timestamp('2005-02-04 16:45:39'), 'mag': 5.2}, {'lat': -13.507, 'long': 174.352, 'Time': Timestamp('2005-02-04 16:45:39'), 'mag': 5.2}, {'lat': -13.507, 'long': 174.352, 'Time': Timestamp('2005-02-04 16:45:39'), 'mag': 5.2}]",3,2005-02-04 16:45:39,RDM_df_train_30D-20_22SW-tw48_w0.csv,41.54624638888889
392,2005-04-14 03:53:19.151,1,"[{'lat': 43.296, 'long': 135.398, 'Time': Timestamp('2005-04-14 09:56:08'), 'mag': 5.0}, {'lat': 43.296, 'long': 135.398, 'Time': Timestamp('2005-04-14 09:56:08'), 'mag': 5.0}, {'lat': 43.296, 'long': 135.398, 'Time': Timestamp('2005-04-14 09:56:08'), 'mag': 5.0}, {'lat': 13.716, 'long': 120.271, 'Time': Timestamp('2005-04-14 16:25:16'), 'mag': 5.1}, {'lat': 13.716, 'long': 120.271, 'Time': Timestamp('2005-04-14 16:25:16'), 'mag': 5.1}, {'lat': 13.716, 'long': 120.271, 'Time': Timestamp('2005-04-14 16:25:16'), 'mag': 5.1}, {'lat': -1.915, 'long': 99.951, 'Time': Timestamp('2005-04-14 11:29:52'), 'mag': 5.7}, {'lat': 2.932, 'long': 96.335, 'Time': Timestamp('2005-04-15 13:08:54'), 'mag': 5.3}, {'lat': -1.915, 'long': 99.951, 'Time': Timestamp('2005-04-14 11:29:52'), 'mag': 5.7}, {'lat': -6.083, 'long': 104.746, 'Time': Timestamp('2005-04-15 04:17:50'), 'mag': 5.4}, {'lat': 2.932, 'long': 96.335, 'Time': Timestamp('2005-04-15 13:08:54'), 'mag': 5.3}, {'lat': -1.915, 'long': 99.951, 'Time': Timestamp('2005-04-14 11:29:52'), 'mag': 5.7}, {'lat': -6.083, 'long': 104.746, 'Time': Timestamp('2005-04-15 04:17:50'), 'mag': 5.4}]",13,2005-04-14 09:56:08,RDM_df_train_30D-20_22SW-tw48_w0.csv,6.0469025
695,2005-06-19 15:17:16.958,1,"[{'lat': -1.744, 'long': -77.815, 'Time': Timestamp('2005-06-21 10:03:52'), 'mag': 5.0}, {'lat': -1.744, 'long': -77.815, 'Time': Timestamp('2005-06-21 10:03:52'), 'mag': 5.0}, {'lat': -1.744, 'long': -77.815, 'Time': Timestamp('2005-06-21 10:03:52'), 'mag': 5.0}, {'lat': -19.985, 'long': -68.807, 'Time': Timestamp('2005-06-21 05:11:18'), 'mag': 5.5}, {'lat': -19.985, 'long': -68.807, 'Time': Timestamp('2005-06-21 05:11:18'), 'mag': 5.5}, {'lat': -19.985, 'long': -68.807, 'Time': Timestamp('2005-06-21 05:11:18'), 'mag': 5.5}]",6,2005-06-21 10:03:52,RDM_df_train_30D-20_22SW-tw48_w0.csv,42.776400555555554
1409,2005-12-05 09:37:07.264,1,"[{'lat': -6.224, 'long': 29.83, 'Time': Timestamp('2005-12-05 12:19:56'), 'mag': 6.8}, {'lat': -6.081, 'long': 29.642, 'Time': Timestamp('2005-12-06 05:53:08'), 'mag': 5.2}, {'lat': -6.224, 'long': 29.83, 'Time': Timestamp('2005-12-05 12:19:56'), 'mag': 6.8}, {'lat': -6.081, 'long': 29.642, 'Time': Timestamp('2005-12-06 05:53:08'), 'mag': 5.2}, {'lat': -6.224, 'long': 29.83, 'Time': Timestamp('2005-12-05 12:19:56'), 'mag': 6.8}, {'lat': -6.081, 'long': 29.642, 'Time': Timestamp('2005-12-06 05:53:08'), 'mag': 5.2}]",6,2005-12-05 12:19:56,RDM_df_train_30D-20_22SW-tw48_w0.csv,2.713537777777778
873,2005-08-06 16:01:13.475,1,"[{'lat': -8.019, 'long': -80.026, 'Time': Timestamp('2005-08-07 11:20:29'), 'mag': 5.4}, {'lat': -8.019, 'long': -80.026, 'Time': Timestamp('2005-08-07 11:20:29'), 'mag': 5.4}, {'lat': -8.019, 'long': -80.026, 'Time': Timestamp('2005-08-07 11:20:29'), 'mag': 5.4}]",3,2005-08-07 11:20:29,RDM_df_train_30D-20_22SW-tw48_w0.csv,19.320979166666664
576,2005-05-18 03:35:25.326,1,"[{'lat': 35.432, 'long': 140.827, 'Time': Timestamp('2005-05-19 01:14:28'), 'mag': 5.3}, {'lat': 35.432, 'long': 140.827, 'Time': Timestamp('2005-05-19 01:14:28'), 'mag': 5.3}, {'lat': 35.432, 'long': 140.827, 'Time': Timestamp('2005-05-19 01:14:28'), 'mag': 5.3}, {'lat': 6.456, 'long': 125.709, 'Time': Timestamp('2005-05-19 14:17:28'), 'mag': 5.4}, {'lat': 6.456, 'long': 125.709, 'Time': Timestamp('2005-05-19 14:17:28'), 'mag': 5.4}, {'lat': -6.959, 'long': 129.564, 'Time': Timestamp('2005-05-18 09:02:10'), 'mag': 5.0}, {'lat': 6.456, 'long': 125.709, 'Time': Timestamp('2005-05-19 14:17:28'), 'mag': 5.4}, {'lat': -6.959, 'long': 129.564, 'Time': Timestamp('2005-05-18 09:02:10'), 'mag': 5.0}, {'lat': 1.989, 'long': 97.041, 'Time': Timestamp('2005-05-19 01:54:52'), 'mag': 6.9}, {'lat': 5.593, 'long': 93.271, 'Time': Timestamp('2005-05-18 11:37:29'), 'mag': 5.7}, {'lat': 5.439, 'long': 93.357, 'Time': Timestamp('2005-05-18 11:37:41'), 'mag': 6.1}, {'lat': 1.989, 'long': 97.041, 'Time': Timestamp('2005-05-19 01:54:52'), 'mag': 6.9}]",12,2005-05-19 01:14:28,RDM_df_train_30D-20_22SW-tw48_w0.csv,21.65074277777778
1127,2005-09-27 23:16:23.000,1,"[{'lat': -10.908, 'long': 162.031, 'Time': Timestamp('2005-09-29 15:34:33'), 'mag': 5.0}, {'lat': -10.908, 'long': 162.031, 'Time': Timestamp('2005-09-29 15:34:33'), 'mag': 5.0}, {'lat': -10.908, 'long': 162.031, 'Time': Timestamp('2005-09-29 15:34:33'), 'mag': 5.0}]",3,2005-09-29 15:34:33,RDM_df_train_30D-20_22SW-tw48_w0.csv,40.30277777777778
1149,2005-09-18 06:09:54.177,1,"[{'lat': 24.561, 'long': 94.781, 'Time': Timestamp('2005-09-18 07:25:59'), 'mag': 5.7}, {'lat': 24.561, 'long': 94.781, 'Time': Timestamp('2005-09-18 07:25:59'), 'mag': 5.7}]",2,2005-09-18 07:25:59,RDM_df_train_30D-20_22SW-tw48_w0.csv,1.268006388888889
1526,2006-01-01 15:20:55.437,1,"[{'lat': 23.607, 'long': -44.851, 'Time': Timestamp('2006-01-02 21:33:18'), 'mag': 5.1}, {'lat': 23.607, 'long': -44.851, 'Time': Timestamp('2006-01-02 21:33:18'), 'mag': 5.1}, {'lat': 23.607, 'long': -44.851, 'Time': Timestamp('2006-01-02 21:33:18'), 'mag': 5.1}]",3,2006-01-02 21:33:18,RDM_df_train_30D-20_22SW-tw48_w0.csv,30.2062675
1263,2005-11-23 22:51:22.655,1,"[{'lat': -24.273, 'long': -176.313, 'Time': Timestamp('2005-11-24 10:46:38'), 'mag': 5.6}, {'lat': -32.645, 'long': -179.236, 'Time': Timestamp('2005-11-25 05:48:51'), 'mag': 5.1}, {'lat': -25.814, 'long': -177.834, 'Time': Timestamp('2005-11-25 09:29:59'), 'mag': 5.5}, {'lat': -32.645, 'long': -179.236, 'Time': Timestamp('2005-11-25 05:48:51'), 'mag': 5.1}]",4,2005-11-24 10:46:38,RDM_df_train_30D-20_22SW-tw48_w0.csv,11.920929166666667
1256,2005-11-23 22:08:20.443,1,"[{'lat': -24.273, 'long': -176.313, 'Time': Timestamp('2005-11-24 10:46:38'), 'mag': 5.6}, {'lat': -25.814, 'long': -177.834, 'Time': Timestamp('2005-11-25 09:29:59'), 'mag': 5.5}]",2,2005-11-24 10:46:38,RDM_df_train_30D-20_22SW-tw48_w0.csv,12.638210277777779
1471,2006-01-02 22:50:22.527,1,"[{'lat': 51.453, 'long': -168.124, 'Time': Timestamp('2006-01-03 10:53:04'), 'mag': 5.3}, {'lat': 51.453, 'long': -168.124, 'Time': Timestamp('2006-01-03 10:53:04'), 'mag': 5.3}, {'lat': 51.453, 'long': -168.124, 'Time': Timestamp('2006-01-03 10:53:04'), 'mag': 5.3}]",3,2006-01-03 10:53:04,RDM_df_train_30D-20_22SW-tw48_w0.csv,12.04485361111111
1005,2005-08-22 23:22:22.107,1,"[{'lat': -22.448, 'long': 170.162, 'Time': Timestamp('2005-08-24 01:30:58'), 'mag': 5.2}, {'lat': -22.415, 'long': 170.264, 'Time': Timestamp('2005-08-24 02:30:00'), 'mag': 5.0}, {'lat': -22.448, 'long': 170.162, 'Time': Timestamp('2005-08-24 01:30:58'), 'mag': 5.2}, {'lat': -22.415, 'long': 170.264, 'Time': Timestamp('2005-08-24 02:30:00'), 'mag': 5.0}, {'lat': -22.448, 'long': 170.162, 'Time': Timestamp('2005-08-24 01:30:58'), 'mag': 5.2}, {'lat': -22.415, 'long': 170.264, 'Time': Timestamp('2005-08-24 02:30:00'), 'mag': 5.0}]",6,2005-08-24 01:30:58,RDM_df_train_30D-20_22SW-tw48_w0.csv,26.14330361111111
1263,2005-11-23 22:51:22.655,1,"[{'lat': -24.273, 'long': -176.313, 'Time': Timestamp('2005-11-24 10:46:38'), 'mag': 5.6}, {'lat': -32.645, 'long': -179.236, 'Time': Timestamp('2005-11-25 05:48:51'), 'mag': 5.1}, {'lat': -25.814, 'long': -177.834, 'Time': Timestamp('2005-11-25 09:29:59'), 'mag': 5.5}, {'lat': -32.645, 'long': -179.236, 'Time': Timestamp('2005-11-25 05:48:51'), 'mag': 5.1}]",4,2005-11-24 10:46:38,RDM_df_train_30D-20_22SW-tw48_w0.csv,11.920929166666667
1395,2005-11-27 17:20:21.720,1,"[{'lat': -29.31, 'long': -70.958, 'Time': Timestamp('2005-11-28 16:33:21'), 'mag': 5.5}]",1,2005-11-28 16:33:21,RDM_df_train_30D-20_22SW-tw48_w0.csv,23.216466666666665
1365,2005-12-03 13:43:21.108,1,"[{'lat': 16.792, 'long': -46.269, 'Time': Timestamp('2005-12-05 12:55:38'), 'mag': 5.2}, {'lat': 16.663, 'long': -46.507, 'Time': Timestamp('2005-12-05 13:02:59'), 'mag': 5.1}, {'lat': 16.721, 'long': -46.494, 'Time': Timestamp('2005-12-05 13:04:47'), 'mag': 5.0}, {'lat': 16.614, 'long': -46.554, 'Time': Timestamp('2005-12-05 13:16:29'), 'mag': 5.1}, {'lat': 16.792, 'long': -46.269, 'Time': Timestamp('2005-12-05 12:55:38'), 'mag': 5.2}, {'lat': 16.663, 'long': -46.507, 'Time': Timestamp('2005-12-05 13:02:59'), 'mag': 5.1}, {'lat': 16.721, 'long': -46.494, 'Time': Timestamp('2005-12-05 13:04:47'), 'mag': 5.0}, {'lat': 16.614, 'long': -46.554, 'Time': Timestamp('2005-12-05 13:16:29'), 'mag': 5.1}, {'lat': 16.792, 'long': -46.269, 'Time': Timestamp('2005-12-05 12:55:38'), 'mag': 5.2}, {'lat': 16.663, 'long': -46.507, 'Time': Timestamp('2005-12-05 13:02:59'), 'mag': 5.1}, {'lat': 16.721, 'long': -46.494, 'Time': Timestamp('2005-12-05 13:04:47'), 'mag': 5.0}, {'lat': 16.614, 'long': -46.554, 'Time': Timestamp('2005-12-05 13:16:29'), 'mag': 5.1}]",12,2005-12-05 12:55:38,RDM_df_train_30D-20_22SW-tw48_w0.csv,47.20469222222222
822,2005-08-02 11:32:16.599,1,"[{'lat': 34.887, 'long': 26.497, 'Time': Timestamp('2005-08-04 10:45:30'), 'mag': 5.0}, {'lat': 34.887, 'long': 26.497, 'Time': Timestamp('2005-08-04 10:45:30'), 'mag': 5.0}]",2,2005-08-04 10:45:30,RDM_df_train_30D-20_22SW-tw48_w0.csv,47.22038916666667
856,2005-08-03 23:22:22.428,1,"[{'lat': 51.235, 'long': -178.254, 'Time': Timestamp('2005-08-05 00:56:53'), 'mag': 5.8}, {'lat': 51.235, 'long': -178.254, 'Time': Timestamp('2005-08-05 00:56:53'), 'mag': 5.8}]",2,2005-08-05 00:56:53,RDM_df_train_30D-20_22SW-tw48_w0.csv,25.57515888888889
220,2005-03-04 05:26:54.844,1,"[{'lat': -5.613, 'long': 101.501, 'Time': Timestamp('2005-03-04 21:45:51'), 'mag': 5.1}, {'lat': -5.613, 'long': 101.501, 'Time': Timestamp('2005-03-04 21:45:51'), 'mag': 5.1}, {'lat': -5.613, 'long': 101.501, 'Time': Timestamp('2005-03-04 21:45:51'), 'mag': 5.1}]",3,2005-03-04 21:45:51,RDM_df_train_30D-20_22SW-tw48_w0.csv,16.31559888888889
149,2005-03-01 18:57:22.828,1,"[{'lat': -24.964, 'long': -112.124, 'Time': Timestamp('2005-03-01 23:57:01'), 'mag': 5.6}, {'lat': -25.01, 'long': -112.389, 'Time': Timestamp('2005-03-02 00:27:42'), 'mag': 5.1}, {'lat': -24.964, 'long': -112.124, 'Time': Timestamp('2005-03-01 23:57:01'), 'mag': 5.6}, {'lat': -25.01, 'long': -112.389, 'Time': Timestamp('2005-03-02 00:27:42'), 'mag': 5.1}, {'lat': 34.715, 'long': -110.97, 'Time': Timestamp('2005-03-02 11:12:57'), 'mag': 5.1}, {'lat': 34.715, 'long': -110.97, 'Time': Timestamp('2005-03-02 11:12:57'), 'mag': 5.1}, {'lat': 34.715, 'long': -110.97, 'Time': Timestamp('2005-03-02 11:12:57'), 'mag': 5.1}, {'lat': -54.423, 'long': -137.172, 'Time': Timestamp('2005-03-03 05:37:16'), 'mag': 5.1}, {'lat': -54.423, 'long': -137.172, 'Time': Timestamp('2005-03-03 05:37:16'), 'mag': 5.1}, {'lat': -54.423, 'long': -137.172, 'Time': Timestamp('2005-03-03 05:37:16'), 'mag': 5.1}]",10,2005-03-01 23:57:01,RDM_df_train_30D-20_22SW-tw48_w0.csv,4.9939366666666665
1481,2005-12-26 15:49:21.394,1,"[{'lat': -19.861, 'long': -68.918, 'Time': Timestamp('2005-12-28 12:21:58'), 'mag': 5.0}, {'lat': -19.861, 'long': -68.918, 'Time': Timestamp('2005-12-28 12:21:58'), 'mag': 5.0}, {'lat': 9.805, 'long': -84.305, 'Time': Timestamp('2005-12-28 15:27:54'), 'mag': 5.3}, {'lat': 9.805, 'long': -84.305, 'Time': Timestamp('2005-12-28 15:27:54'), 'mag': 5.3}]",4,2005-12-28 12:21:58,RDM_df_train_30D-20_22SW-tw48_w0.csv,44.543501666666664
1324,2005-11-17 01:05:47.417,1,"[{'lat': 51.06, 'long': 158.091, 'Time': Timestamp('2005-11-18 16:36:01'), 'mag': 5.0}, {'lat': 51.06, 'long': 158.091, 'Time': Timestamp('2005-11-18 16:36:01'), 'mag': 5.0}, {'lat': 51.06, 'long': 158.091, 'Time': Timestamp('2005-11-18 16:36:01'), 'mag': 5.0}, {'lat': 33.319, 'long': 141.388, 'Time': Timestamp('2005-11-17 21:59:29'), 'mag': 5.7}, {'lat': 33.319, 'long': 141.388, 'Time': Timestamp('2005-11-17 21:59:29'), 'mag': 5.7}, {'lat': 33.319, 'long': 141.388, 'Time': Timestamp('2005-11-17 21:59:29'), 'mag': 5.7}]",6,2005-11-18 16:36:01,RDM_df_train_30D-20_22SW-tw48_w0.csv,39.50377305555556
1101,2005-09-26 10:29:50.534,1,"[{'lat': 43.155, 'long': 18.203, 'Time': Timestamp('2005-09-27 00:25:35'), 'mag': 5.1}, {'lat': 43.155, 'long': 18.203, 'Time': Timestamp('2005-09-27 00:25:35'), 'mag': 5.1}, {'lat': 43.155, 'long': 18.203, 'Time': Timestamp('2005-09-27 00:25:35'), 'mag': 5.1}]",3,2005-09-27 00:25:35,RDM_df_train_30D-20_22SW-tw48_w0.csv,13.929018333333334
113,2005-02-08 00:25:17.453,1,"[{'lat': -14.252, 'long': 167.259, 'Time': Timestamp('2005-02-08 14:48:21'), 'mag': 6.7}, {'lat': -14.252, 'long': 167.259, 'Time': Timestamp('2005-02-08 14:48:21'), 'mag': 6.7}, {'lat': -14.252, 'long': 167.259, 'Time': Timestamp('2005-02-08 14:48:21'), 'mag': 6.7}, {'lat': 26.088, 'long': 143.997, 'Time': Timestamp('2005-02-09 18:46:09'), 'mag': 6.3}]",4,2005-02-08 14:48:21,RDM_df_train_30D-20_22SW-tw48_w0.csv,14.38431861111111
1125,2005-09-21 16:44:27.737,1,"[{'lat': 16.129, 'long': -87.473, 'Time': Timestamp('2005-09-23 13:48:30'), 'mag': 5.9}, {'lat': 16.129, 'long': -87.473, 'Time': Timestamp('2005-09-23 13:48:30'), 'mag': 5.9}, {'lat': 16.129, 'long': -87.473, 'Time': Timestamp('2005-09-23 13:48:30'), 'mag': 5.9}]",3,2005-09-23 13:48:30,RDM_df_train_30D-20_22SW-tw48_w0.csv,45.06729527777778
120,2005-02-11 01:09:48.399,1,"[{'lat': -23.434, 'long': 169.212, 'Time': Timestamp('2005-02-12 02:38:41'), 'mag': 5.2}, {'lat': -23.434, 'long': 169.212, 'Time': Timestamp('2005-02-12 02:38:41'), 'mag': 5.2}, {'lat': -4.61, 'long': 144.861, 'Time': Timestamp('2005-02-12 19:38:08'), 'mag': 5.0}, {'lat': -4.61, 'long': 144.861, 'Time': Timestamp('2005-02-12 19:38:08'), 'mag': 5.0}, {'lat': -4.61, 'long': 144.861, 'Time': Timestamp('2005-02-12 19:38:08'), 'mag': 5.0}]",5,2005-02-12 02:38:41,RDM_df_train_30D-20_22SW-tw48_w0.csv,25.481278055555553
567,2005-06-03 13:43:51.046,1,"[{'lat': -57.428, 'long': -26.072, 'Time': Timestamp('2005-06-05 01:04:47'), 'mag': 5.2}]",1,2005-06-05 01:04:47,RDM_df_train_30D-20_22SW-tw48_w0.csv,35.34887611111111
993,2005-09-07 22:51:52.898,1,"[{'lat': 52.554, 'long': -167.251, 'Time': Timestamp('2005-09-09 05:47:37'), 'mag': 5.0}, {'lat': 52.554, 'long': -167.251, 'Time': Timestamp('2005-09-09 05:47:37'), 'mag': 5.0}, {'lat': -11.802, 'long': 166.283, 'Time': Timestamp('2005-09-09 15:55:24'), 'mag': 5.2}, {'lat': -11.802, 'long': 166.283, 'Time': Timestamp('2005-09-09 15:55:24'), 'mag': 5.2}, {'lat': -11.802, 'long': 166.283, 'Time': Timestamp('2005-09-09 15:55:24'), 'mag': 5.2}]",5,2005-09-09 05:47:37,RDM_df_train_30D-20_22SW-tw48_w0.csv,30.92891722222222
463,2005-04-18 02:00:51.652,1,"[{'lat': 33.637, 'long': 130.179, 'Time': Timestamp('2005-04-19 21:11:28'), 'mag': 5.5}, {'lat': 29.642, 'long': 138.891, 'Time': Timestamp('2005-04-19 01:46:56'), 'mag': 5.9}, {'lat': 33.637, 'long': 130.179, 'Time': Timestamp('2005-04-19 21:11:28'), 'mag': 5.5}, {'lat': 29.642, 'long': 138.891, 'Time': Timestamp('2005-04-19 01:46:56'), 'mag': 5.9}, {'lat': 33.637, 'long': 130.179, 'Time': Timestamp('2005-04-19 21:11:28'), 'mag': 5.5}, {'lat': 13.918, 'long': 120.71, 'Time': Timestamp('2005-04-19 00:31:42'), 'mag': 5.0}, {'lat': 13.918, 'long': 120.71, 'Time': Timestamp('2005-04-19 00:31:42'), 'mag': 5.0}]",7,2005-04-19 21:11:28,RDM_df_train_30D-20_22SW-tw48_w0.csv,43.176763333333334
1157,2005-10-05 18:28:51.234,1,"[{'lat': 13.295, 'long': -89.347, 'Time': Timestamp('2005-10-07 17:43:01'), 'mag': 5.7}, {'lat': 13.295, 'long': -89.347, 'Time': Timestamp('2005-10-07 17:43:01'), 'mag': 5.7}, {'lat': 13.295, 'long': -89.347, 'Time': Timestamp('2005-10-07 17:43:01'), 'mag': 5.7}]",3,2005-10-07 17:43:01,RDM_df_train_30D-20_22SW-tw48_w0.csv,47.236046111111115
714,2005-07-01 18:10:22.716,1,"[{'lat': 11.245, 'long': -86.172, 'Time': Timestamp('2005-07-02 02:16:43'), 'mag': 6.6}, {'lat': 11.335, 'long': -86.47, 'Time': Timestamp('2005-07-02 02:27:57'), 'mag': 5.3}, {'lat': 11.407, 'long': -86.252, 'Time': Timestamp('2005-07-02 04:11:04'), 'mag': 5.8}, {'lat': 11.245, 'long': -86.172, 'Time': Timestamp('2005-07-02 02:16:43'), 'mag': 6.6}, {'lat': 11.335, 'long': -86.47, 'Time': Timestamp('2005-07-02 02:27:57'), 'mag': 5.3}, {'lat': 11.407, 'long': -86.252, 'Time': Timestamp('2005-07-02 04:11:04'), 'mag': 5.8}]",6,2005-07-02 02:16:43,RDM_df_train_30D-20_22SW-tw48_w0.csv,8.105634444444444
944,2005-08-19 22:57:52.341,1,"[{'lat': -21.145, 'long': 169.982, 'Time': Timestamp('2005-08-20 01:45:43'), 'mag': 5.5}, {'lat': -21.145, 'long': 169.982, 'Time': Timestamp('2005-08-20 01:45:43'), 'mag': 5.5}, {'lat': -21.145, 'long': 169.982, 'Time': Timestamp('2005-08-20 01:45:43'), 'mag': 5.5}]",3,2005-08-20 01:45:43,RDM_df_train_30D-20_22SW-tw48_w0.csv,2.7974052777777776
1205,2005-10-24 01:36:49.669,1,"[{'lat': -7.154, 'long': 145.976, 'Time': Timestamp('2005-10-25 19:40:43'), 'mag': 5.9}, {'lat': -7.154, 'long': 145.976, 'Time': Timestamp('2005-10-25 19:40:43'), 'mag': 5.9}, {'lat': 38.5, 'long': 141.983, 'Time': Timestamp('2005-10-24 09:34:55'), 'mag': 5.0}, {'lat': 38.5, 'long': 141.983, 'Time': Timestamp('2005-10-24 09:34:55'), 'mag': 5.0}, {'lat': 38.5, 'long': 141.983, 'Time': Timestamp('2005-10-24 09:34:55'), 'mag': 5.0}, {'lat': -4.656, 'long': 125.655, 'Time': Timestamp('2005-10-25 11:20:15'), 'mag': 5.2}, {'lat': -4.656, 'long': 125.655, 'Time': Timestamp('2005-10-25 11:20:15'), 'mag': 5.2}, {'lat': -4.656, 'long': 125.655, 'Time': Timestamp('2005-10-25 11:20:15'), 'mag': 5.2}]",8,2005-10-25 19:40:43,RDM_df_train_30D-20_22SW-tw48_w0.csv,42.06481416666667
849,2005-08-08 22:39:23.023,1,"[{'lat': -21.114, 'long': 173.891, 'Time': Timestamp('2005-08-09 04:58:59'), 'mag': 5.4}, {'lat': -20.942, 'long': 173.825, 'Time': Timestamp('2005-08-09 05:26:17'), 'mag': 6.1}, {'lat': -21.097, 'long': 173.874, 'Time': Timestamp('2005-08-09 14:12:21'), 'mag': 6.1}, {'lat': -20.927, 'long': 173.418, 'Time': Timestamp('2005-08-10 00:36:08'), 'mag': 5.3}, {'lat': -21.114, 'long': 173.891, 'Time': Timestamp('2005-08-09 04:58:59'), 'mag': 5.4}, {'lat': -20.942, 'long': 173.825, 'Time': Timestamp('2005-08-09 05:26:17'), 'mag': 6.1}, {'lat': -21.097, 'long': 173.874, 'Time': Timestamp('2005-08-09 14:12:21'), 'mag': 6.1}, {'lat': -20.927, 'long': 173.418, 'Time': Timestamp('2005-08-10 00:36:08'), 'mag': 5.3}]",8,2005-08-09 04:58:59,RDM_df_train_30D-20_22SW-tw48_w0.csv,6.326660277777777
1209,2005-10-18 01:24:17.342,1,"[{'lat': 36.405, 'long': 140.839, 'Time': Timestamp('2005-10-19 11:44:42'), 'mag': 6.3}, {'lat': 36.405, 'long': 140.839, 'Time': Timestamp('2005-10-19 11:44:42'), 'mag': 6.3}]",2,2005-10-19 11:44:42,RDM_df_train_30D-20_22SW-tw48_w0.csv,34.34018277777778
1509,2005-12-30 21:49:23.143,1,"[{'lat': -27.18, 'long': -176.434, 'Time': Timestamp('2005-12-31 09:29:27'), 'mag': 5.2}, {'lat': -27.18, 'long': -176.434, 'Time': Timestamp('2005-12-31 09:29:27'), 'mag': 5.2}, {'lat': -27.18, 'long': -176.434, 'Time': Timestamp('2005-12-31 09:29:27'), 'mag': 5.2}]",3,2005-12-31 09:29:27,RDM_df_train_30D-20_22SW-tw48_w0.csv,11.667738055555557
1272,2005-11-18 06:09:24.243,1,"[{'lat': 2.819, 'long': 95.471, 'Time': Timestamp('2005-11-19 06:38:54'), 'mag': 5.1}, {'lat': 2.034, 'long': 96.794, 'Time': Timestamp('2005-11-19 14:09:21'), 'mag': 5.2}, {'lat': 2.164, 'long': 96.786, 'Time': Timestamp('2005-11-19 14:10:13'), 'mag': 6.5}, {'lat': 2.819, 'long': 95.471, 'Time': Timestamp('2005-11-19 06:38:54'), 'mag': 5.1}, {'lat': 2.034, 'long': 96.794, 'Time': Timestamp('2005-11-19 14:09:21'), 'mag': 5.2}, {'lat': 2.164, 'long': 96.786, 'Time': Timestamp('2005-11-19 14:10:13'), 'mag': 6.5}, {'lat': 2.819, 'long': 95.471, 'Time': Timestamp('2005-11-19 06:38:54'), 'mag': 5.1}, {'lat': 2.034, 'long': 96.794, 'Time': Timestamp('2005-11-19 14:09:21'), 'mag': 5.2}, {'lat': 2.164, 'long': 96.786, 'Time': Timestamp('2005-11-19 14:10:13'), 'mag': 6.5}]",9,2005-11-19 06:38:54,RDM_df_train_30D-20_22SW-tw48_w0.csv,24.491599166666667
1545,2006-01-04 18:38:47.075,1,"[{'lat': 21.922, 'long': -108.509, 'Time': Timestamp('2006-01-05 05:07:28'), 'mag': 5.0}, {'lat': 21.922, 'long': -108.509, 'Time': Timestamp('2006-01-05 05:07:28'), 'mag': 5.0}, {'lat': 21.922, 'long': -108.509, 'Time': Timestamp('2006-01-05 05:07:28'), 'mag': 5.0}]",3,2006-01-05 05:07:28,RDM_df_train_30D-20_22SW-tw48_w0.csv,10.478034722222223
348,2005-04-04 23:14:52.413,1,"[{'lat': -56.093, 'long': 147.113, 'Time': Timestamp('2005-04-06 00:28:05'), 'mag': 5.4}]",1,2005-04-06 00:28:05,RDM_df_train_30D-20_22SW-tw48_w0.csv,25.220163055555556
1242,2005-11-18 22:20:49.302,1,"[{'lat': 48.792, 'long': -128.598, 'Time': Timestamp('2005-11-19 12:40:04'), 'mag': 5.3}, {'lat': 53.843, 'long': -164.093, 'Time': Timestamp('2005-11-20 12:53:02'), 'mag': 6.2}, {'lat': 53.843, 'long': -164.093, 'Time': Timestamp('2005-11-20 12:53:02'), 'mag': 6.2}, {'lat': 53.843, 'long': -164.093, 'Time': Timestamp('2005-11-20 12:53:02'), 'mag': 6.2}, {'lat': -24.639, 'long': 179.575, 'Time': Timestamp('2005-11-20 04:57:43'), 'mag': 5.3}, {'lat': -24.639, 'long': 179.575, 'Time': Timestamp('2005-11-20 04:57:43'), 'mag': 5.3}, {'lat': -24.639, 'long': 179.575, 'Time': Timestamp('2005-11-20 04:57:43'), 'mag': 5.3}]",7,2005-11-19 12:40:04,RDM_df_train_30D-20_22SW-tw48_w0.csv,14.320749444444443
741,2005-07-06 23:52:22.971,1,"[{'lat': 56.068, 'long': 164.605, 'Time': Timestamp('2005-07-07 02:17:05'), 'mag': 5.6}, {'lat': -4.427, 'long': 153.737, 'Time': Timestamp('2005-07-07 15:52:51'), 'mag': 5.2}, {'lat': -4.427, 'long': 153.737, 'Time': Timestamp('2005-07-07 15:52:51'), 'mag': 5.2}, {'lat': -4.427, 'long': 153.737, 'Time': Timestamp('2005-07-07 15:52:51'), 'mag': 5.2}]",4,2005-07-07 02:17:05,RDM_df_train_30D-20_22SW-tw48_w0.csv,2.4116747222222226
31,2005-01-21 01:33:48.042,1,"[{'lat': -7.727, 'long': 159.475, 'Time': Timestamp('2005-01-22 20:30:17'), 'mag': 6.4}, {'lat': -5.849, 'long': 151.582, 'Time': Timestamp('2005-01-23 01:03:55'), 'mag': 5.5}, {'lat': -7.727, 'long': 159.475, 'Time': Timestamp('2005-01-22 20:30:17'), 'mag': 6.4}, {'lat': -5.849, 'long': 151.582, 'Time': Timestamp('2005-01-23 01:03:55'), 'mag': 5.5}, {'lat': -7.727, 'long': 159.475, 'Time': Timestamp('2005-01-22 20:30:17'), 'mag': 6.4}, {'lat': -5.849, 'long': 151.582, 'Time': Timestamp('2005-01-23 01:03:55'), 'mag': 5.5}, {'lat': 34.021, 'long': 141.553, 'Time': Timestamp('2005-01-21 12:45:31'), 'mag': 5.7}, {'lat': 34.003, 'long': 141.367, 'Time': Timestamp('2005-01-21 17:58:56'), 'mag': 5.8}, {'lat': 33.892, 'long': 141.52, 'Time': Timestamp('2005-01-21 18:10:35'), 'mag': 5.0}, {'lat': 34.021, 'long': 141.553, 'Time': Timestamp('2005-01-21 12:45:31'), 'mag': 5.7}, {'lat': 34.003, 'long': 141.367, 'Time': Timestamp('2005-01-21 17:58:56'), 'mag': 5.8}, {'lat': 33.892, 'long': 141.52, 'Time': Timestamp('2005-01-21 18:10:35'), 'mag': 5.0}, {'lat': 34.021, 'long': 141.553, 'Time': Timestamp('2005-01-21 12:45:31'), 'mag': 5.7}, {'lat': 34.003, 'long': 141.367, 'Time': Timestamp('2005-01-21 17:58:56'), 'mag': 5.8}, {'lat': 33.892, 'long': 141.52, 'Time': Timestamp('2005-01-21 18:10:35'), 'mag': 5.0}, {'lat': 5.186, 'long': 125.245, 'Time': Timestamp('2005-01-21 17:54:34'), 'mag': 5.9}, {'lat': 5.186, 'long': 125.245, 'Time': Timestamp('2005-01-21 17:54:34'), 'mag': 5.9}, {'lat': 5.186, 'long': 125.245, 'Time': Timestamp('2005-01-21 17:54:34'), 'mag': 5.9}, {'lat': -10.73, 'long': 123.948, 'Time': Timestamp('2005-01-22 10:48:45'), 'mag': 5.2}, {'lat': -10.73, 'long': 123.948, 'Time': Timestamp('2005-01-22 10:48:45'), 'mag': 5.2}, {'lat': -10.73, 'long': 123.948, 'Time': Timestamp('2005-01-22 10:48:45'), 'mag': 5.2}]",21,2005-01-22 20:30:17,RDM_df_train_30D-20_22SW-tw48_w0.csv,42.94137722222223
1342,2005-12-05 22:20:21.008,1,"[{'lat': -17.126, 'long': -176.989, 'Time': Timestamp('2005-12-07 19:34:18'), 'mag': 5.4}]",1,2005-12-07 19:34:18,RDM_df_train_30D-20_22SW-tw48_w0.csv,45.23249777777778
1308,2005-11-21 07:11:27.416,1,"[{'lat': 34.65, 'long': 73.126, 'Time': Timestamp('2005-11-21 08:26:11'), 'mag': 5.2}, {'lat': 34.65, 'long': 73.126, 'Time': Timestamp('2005-11-21 08:26:11'), 'mag': 5.2}, {'lat': -14.808, 'long': 66.717, 'Time': Timestamp('2005-11-22 09:48:45'), 'mag': 5.6}, {'lat': -14.9, 'long': 66.705, 'Time': Timestamp('2005-11-22 09:57:08'), 'mag': 5.4}, {'lat': -14.808, 'long': 66.717, 'Time': Timestamp('2005-11-22 09:48:45'), 'mag': 5.6}, {'lat': -14.9, 'long': 66.705, 'Time': Timestamp('2005-11-22 09:57:08'), 'mag': 5.4}, {'lat': -14.808, 'long': 66.717, 'Time': Timestamp('2005-11-22 09:48:45'), 'mag': 5.6}, {'lat': -14.9, 'long': 66.705, 'Time': Timestamp('2005-11-22 09:57:08'), 'mag': 5.4}]",8,2005-11-21 08:26:11,RDM_df_train_30D-20_22SW-tw48_w0.csv,1.2454399999999999
780,2005-07-11 22:27:23.335,1,"[{'lat': -14.893, 'long': 167.442, 'Time': Timestamp('2005-07-13 07:46:56'), 'mag': 5.1}]",1,2005-07-13 07:46:56,RDM_df_train_30D-20_22SW-tw48_w0.csv,33.325740277777776
1142,2005-09-26 22:51:52.589,1,"[{'lat': -28.208, 'long': -178.409, 'Time': Timestamp('2005-09-27 13:08:13'), 'mag': 5.3}, {'lat': -11.153, 'long': 164.171, 'Time': Timestamp('2005-09-27 07:57:45'), 'mag': 5.2}, {'lat': -11.153, 'long': 164.171, 'Time': Timestamp('2005-09-27 07:57:45'), 'mag': 5.2}, {'lat': -11.153, 'long': 164.171, 'Time': Timestamp('2005-09-27 07:57:45'), 'mag': 5.2}]",4,2005-09-27 13:08:13,RDM_df_train_30D-20_22SW-tw48_w0.csv,14.272336388888888
1263,2005-11-23 22:51:22.655,1,"[{'lat': -24.273, 'long': -176.313, 'Time': Timestamp('2005-11-24 10:46:38'), 'mag': 5.6}, {'lat': -32.645, 'long': -179.236, 'Time': Timestamp('2005-11-25 05:48:51'), 'mag': 5.1}, {'lat': -25.814, 'long': -177.834, 'Time': Timestamp('2005-11-25 09:29:59'), 'mag': 5.5}, {'lat': -32.645, 'long': -179.236, 'Time': Timestamp('2005-11-25 05:48:51'), 'mag': 5.1}]",4,2005-11-24 10:46:38,RDM_df_train_30D-20_22SW-tw48_w0.csv,11.920929166666667
104,2005-02-14 15:38:21.653,1,"[{'lat': 35.261, 'long': -36.071, 'Time': Timestamp('2005-02-16 10:54:07'), 'mag': 5.3}, {'lat': 35.261, 'long': -36.071, 'Time': Timestamp('2005-02-16 10:54:07'), 'mag': 5.3}, {'lat': 35.261, 'long': -36.071, 'Time': Timestamp('2005-02-16 10:54:07'), 'mag': 5.3}, {'lat': 15.775, 'long': -61.744, 'Time': Timestamp('2005-02-14 18:05:59'), 'mag': 5.8}]",4,2005-02-16 10:54:07,RDM_df_train_30D-20_22SW-tw48_w0.csv,43.262596388888895
1262,2005-11-17 19:35:51.363,1,"[{'lat': 48.792, 'long': -128.598, 'Time': Timestamp('2005-11-19 12:40:04'), 'mag': 5.3}, {'lat': 48.792, 'long': -128.598, 'Time': Timestamp('2005-11-19 12:40:04'), 'mag': 5.3}, {'lat': 48.792, 'long': -128.598, 'Time': Timestamp('2005-11-19 12:40:04'), 'mag': 5.3}]",3,2005-11-19 12:40:04,RDM_df_train_30D-20_22SW-tw48_w0.csv,41.07017694444444
1447,2005-12-23 07:47:52.566,1,"[{'lat': -10.697, 'long': 66.404, 'Time': Timestamp('2005-12-24 04:09:45'), 'mag': 5.0}, {'lat': -10.697, 'long': 66.404, 'Time': Timestamp('2005-12-24 04:09:45'), 'mag': 5.0}]",2,2005-12-24 04:09:45,RDM_df_train_30D-20_22SW-tw48_w0.csv,20.364565
482,2005-05-07 10:47:47.771,1,"[{'lat': -35.122, 'long': -17.266, 'Time': Timestamp('2005-05-08 19:51:19'), 'mag': 5.2}, {'lat': -35.122, 'long': -17.266, 'Time': Timestamp('2005-05-08 19:51:19'), 'mag': 5.2}]",2,2005-05-08 19:51:19,RDM_df_train_30D-20_22SW-tw48_w0.csv,33.05867472222222
386,2005-04-13 00:46:49.092,1,"[{'lat': -22.201, 'long': 171.445, 'Time': Timestamp('2005-04-14 22:09:30'), 'mag': 5.6}, {'lat': -22.201, 'long': 171.445, 'Time': Timestamp('2005-04-14 22:09:30'), 'mag': 5.6}, {'lat': -22.201, 'long': 171.445, 'Time': Timestamp('2005-04-14 22:09:30'), 'mag': 5.6}, {'lat': 31.202, 'long': 142.357, 'Time': Timestamp('2005-04-13 09:50:21'), 'mag': 5.0}, {'lat': 31.202, 'long': 142.357, 'Time': Timestamp('2005-04-13 09:50:21'), 'mag': 5.0}]",5,2005-04-14 22:09:30,RDM_df_train_30D-20_22SW-tw48_w0.csv,45.378029999999995
1424,2005-12-19 04:11:27.711,1,"[{'lat': 34.529, 'long': 136.629, 'Time': Timestamp('2005-12-20 05:34:41'), 'mag': 5.0}, {'lat': 34.529, 'long': 136.629, 'Time': Timestamp('2005-12-20 05:34:41'), 'mag': 5.0}]",2,2005-12-20 05:34:41,RDM_df_train_30D-20_22SW-tw48_w0.csv,25.387024722222222
741,2005-07-06 23:52:22.971,1,"[{'lat': 56.068, 'long': 164.605, 'Time': Timestamp('2005-07-07 02:17:05'), 'mag': 5.6}, {'lat': -4.427, 'long': 153.737, 'Time': Timestamp('2005-07-07 15:52:51'), 'mag': 5.2}, {'lat': -4.427, 'long': 153.737, 'Time': Timestamp('2005-07-07 15:52:51'), 'mag': 5.2}, {'lat': -4.427, 'long': 153.737, 'Time': Timestamp('2005-07-07 15:52:51'), 'mag': 5.2}]",4,2005-07-07 02:17:05,RDM_df_train_30D-20_22SW-tw48_w0.csv,2.4116747222222226
1081,2005-09-03 05:57:24.624,1,"[{'lat': 4.746, 'long': 95.144, 'Time': Timestamp('2005-09-03 21:00:04'), 'mag': 5.0}, {'lat': 4.746, 'long': 95.144, 'Time': Timestamp('2005-09-03 21:00:04'), 'mag': 5.0}, {'lat': 4.746, 'long': 95.144, 'Time': Timestamp('2005-09-03 21:00:04'), 'mag': 5.0}]",3,2005-09-03 21:00:04,RDM_df_train_30D-20_22SW-tw48_w0.csv,15.04427111111111
135,2005-02-07 15:03:18.917,1,"[{'lat': 15.484, 'long': -61.306, 'Time': Timestamp('2005-02-08 02:18:23'), 'mag': 5.0}, {'lat': 15.484, 'long': -61.306, 'Time': Timestamp('2005-02-08 02:18:23'), 'mag': 5.0}, {'lat': 15.484, 'long': -61.306, 'Time': Timestamp('2005-02-08 02:18:23'), 'mag': 5.0}]",3,2005-02-08 02:18:23,RDM_df_train_30D-20_22SW-tw48_w0.csv,11.251134166666667
1030,2005-09-08 16:13:50.351,1,"[{'lat': -31.68, 'long': -69.136, 'Time': Timestamp('2005-09-09 11:26:06'), 'mag': 5.8}, {'lat': -31.68, 'long': -69.136, 'Time': Timestamp('2005-09-09 11:26:06'), 'mag': 5.8}]",2,2005-09-09 11:26:06,RDM_df_train_30D-20_22SW-tw48_w0.csv,19.204346944444445
1256,2005-11-23 22:08:20.443,1,"[{'lat': -24.273, 'long': -176.313, 'Time': Timestamp('2005-11-24 10:46:38'), 'mag': 5.6}, {'lat': -25.814, 'long': -177.834, 'Time': Timestamp('2005-11-25 09:29:59'), 'mag': 5.5}]",2,2005-11-24 10:46:38,RDM_df_train_30D-20_22SW-tw48_w0.csv,12.638210277777779
1529,2006-01-18 01:05:17.293,1,"[{'lat': 37.774, 'long': 142.131, 'Time': Timestamp('2006-01-18 14:25:27'), 'mag': 5.7}, {'lat': 37.774, 'long': 142.131, 'Time': Timestamp('2006-01-18 14:25:27'), 'mag': 5.7}, {'lat': 21.401, 'long': 144.194, 'Time': Timestamp('2006-01-18 03:52:51'), 'mag': 5.4}, {'lat': 21.401, 'long': 144.194, 'Time': Timestamp('2006-01-18 03:52:51'), 'mag': 5.4}]",4,2006-01-18 14:25:27,RDM_df_train_30D-20_22SW-tw48_w0.csv,13.336029722222223
1407,2005-11-28 01:17:46.982,1,"[{'lat': -13.305, 'long': 167.202, 'Time': Timestamp('2005-11-29 03:02:22'), 'mag': 5.2}, {'lat': -13.305, 'long': 167.202, 'Time': Timestamp('2005-11-29 03:02:22'), 'mag': 5.2}, {'lat': -13.305, 'long': 167.202, 'Time': Timestamp('2005-11-29 03:02:22'), 'mag': 5.2}, {'lat': 20.29, 'long': 146.055, 'Time': Timestamp('2005-11-28 16:41:28'), 'mag': 6.0}, {'lat': 20.29, 'long': 146.055, 'Time': Timestamp('2005-11-28 16:41:28'), 'mag': 6.0}]",5,2005-11-29 03:02:22,RDM_df_train_30D-20_22SW-tw48_w0.csv,25.743060555555555
1095,2005-09-13 06:28:26.266,1,"[{'lat': 8.073, 'long': 91.912, 'Time': Timestamp('2005-09-13 14:32:57'), 'mag': 5.5}, {'lat': 8.073, 'long': 91.912, 'Time': Timestamp('2005-09-13 14:32:57'), 'mag': 5.5}, {'lat': 8.073, 'long': 91.912, 'Time': Timestamp('2005-09-13 14:32:57'), 'mag': 5.5}]",3,2005-09-13 14:32:57,RDM_df_train_30D-20_22SW-tw48_w0.csv,8.07520388888889
264,2005-03-23 15:44:23.111,1,"[{'lat': -11.639, 'long': -56.831, 'Time': Timestamp('2005-03-23 21:12:00'), 'mag': 5.0}, {'lat': -11.639, 'long': -56.831, 'Time': Timestamp('2005-03-23 21:12:00'), 'mag': 5.0}, {'lat': -11.639, 'long': -56.831, 'Time': Timestamp('2005-03-23 21:12:00'), 'mag': 5.0}, {'lat': -20.29, 'long': -68.937, 'Time': Timestamp('2005-03-25 03:54:26'), 'mag': 5.1}]",4,2005-03-23 21:12:00,RDM_df_train_30D-20_22SW-tw48_w0.csv,5.460246944444444
380,2005-04-10 15:53:51.644,1,"[{'lat': -7.573, 'long': -76.296, 'Time': Timestamp('2005-04-10 17:41:40'), 'mag': 5.3}, {'lat': -7.293, 'long': -77.886, 'Time': Timestamp('2005-04-11 14:54:07'), 'mag': 6.0}, {'lat': -7.573, 'long': -76.296, 'Time': Timestamp('2005-04-10 17:41:40'), 'mag': 5.3}, {'lat': -7.293, 'long': -77.886, 'Time': Timestamp('2005-04-11 14:54:07'), 'mag': 6.0}, {'lat': -7.573, 'long': -76.296, 'Time': Timestamp('2005-04-10 17:41:40'), 'mag': 5.3}, {'lat': -7.293, 'long': -77.886, 'Time': Timestamp('2005-04-11 14:54:07'), 'mag': 6.0}]",6,2005-04-10 17:41:40,RDM_df_train_30D-20_22SW-tw48_w0.csv,1.7967655555555555
346,2005-04-11 15:04:22.279,1,"[{'lat': -33.142, 'long': -72.85, 'Time': Timestamp('2005-04-13 09:25:27'), 'mag': 5.4}, {'lat': -33.142, 'long': -72.85, 'Time': Timestamp('2005-04-13 09:25:27'), 'mag': 5.4}]",2,2005-04-13 09:25:27,RDM_df_train_30D-20_22SW-tw48_w0.csv,42.35131138888889
1101,2005-09-26 10:29:50.534,1,"[{'lat': 43.155, 'long': 18.203, 'Time': Timestamp('2005-09-27 00:25:35'), 'mag': 5.1}, {'lat': 43.155, 'long': 18.203, 'Time': Timestamp('2005-09-27 00:25:35'), 'mag': 5.1}, {'lat': 43.155, 'long': 18.203, 'Time': Timestamp('2005-09-27 00:25:35'), 'mag': 5.1}]",3,2005-09-27 00:25:35,RDM_df_train_30D-20_22SW-tw48_w0.csv,13.929018333333334
1277,2005-11-18 22:38:52.437,1,"[{'lat': 53.843, 'long': -164.093, 'Time': Timestamp('2005-11-20 12:53:02'), 'mag': 6.2}, {'lat': 53.843, 'long': -164.093, 'Time': Timestamp('2005-11-20 12:53:02'), 'mag': 6.2}, {'lat': 53.843, 'long': -164.093, 'Time': Timestamp('2005-11-20 12:53:02'), 'mag': 6.2}, {'lat': -24.639, 'long': 179.575, 'Time': Timestamp('2005-11-20 04:57:43'), 'mag': 5.3}, {'lat': -24.639, 'long': 179.575, 'Time': Timestamp('2005-11-20 04:57:43'), 'mag': 5.3}, {'lat': -24.639, 'long': 179.575, 'Time': Timestamp('2005-11-20 04:57:43'), 'mag': 5.3}]",6,2005-11-20 12:53:02,RDM_df_train_30D-20_22SW-tw48_w0.csv,38.23598972222222
1030,2005-09-08 16:13:50.351,1,"[{'lat': -31.68, 'long': -69.136, 'Time': Timestamp('2005-09-09 11:26:06'), 'mag': 5.8}, {'lat': -31.68, 'long': -69.136, 'Time': Timestamp('2005-09-09 11:26:06'), 'mag': 5.8}]",2,2005-09-09 11:26:06,RDM_df_train_30D-20_22SW-tw48_w0.csv,19.204346944444445
299,2005-03-12 08:38:19.690,1,"[{'lat': 27.095, 'long': 61.887, 'Time': Timestamp('2005-03-13 03:31:23'), 'mag': 6.0}, {'lat': 27.095, 'long': 61.887, 'Time': Timestamp('2005-03-13 03:31:23'), 'mag': 6.0}, {'lat': 27.095, 'long': 61.887, 'Time': Timestamp('2005-03-13 03:31:23'), 'mag': 6.0}, {'lat': 39.354, 'long': 40.89, 'Time': Timestamp('2005-03-14 01:55:55'), 'mag': 5.8}, {'lat': 39.354, 'long': 40.89, 'Time': Timestamp('2005-03-14 01:55:55'), 'mag': 5.8}]",5,2005-03-13 03:31:23,RDM_df_train_30D-20_22SW-tw48_w0.csv,18.884252777777778
511,2005-05-04 08:06:50.886,1,"[{'lat': -19.968, 'long': 66.474, 'Time': Timestamp('2005-05-05 13:12:48'), 'mag': 5.5}]",1,2005-05-05 13:12:48,RDM_df_train_30D-20_22SW-tw48_w0.csv,29.099198333333334
546,2005-05-26 10:47:48.097,1,"[{'lat': -59.658, 'long': -27.555, 'Time': Timestamp('2005-05-26 23:29:29'), 'mag': 5.1}]",1,2005-05-26 23:29:29,RDM_df_train_30D-20_22SW-tw48_w0.csv,12.694695277777777
171,2005-02-25 02:52:25.186,1,"[{'lat': 40.731, 'long': 142.376, 'Time': Timestamp('2005-02-26 12:37:40'), 'mag': 5.7}, {'lat': 40.731, 'long': 142.376, 'Time': Timestamp('2005-02-26 12:37:40'), 'mag': 5.7}, {'lat': 40.731, 'long': 142.376, 'Time': Timestamp('2005-02-26 12:37:40'), 'mag': 5.7}, {'lat': -7.4, 'long': 128.432, 'Time': Timestamp('2005-02-26 06:44:34'), 'mag': 5.0}, {'lat': -7.4, 'long': 128.432, 'Time': Timestamp('2005-02-26 06:44:34'), 'mag': 5.0}]",5,2005-02-26 12:37:40,RDM_df_train_30D-20_22SW-tw48_w0.csv,33.754115
846,2005-08-05 09:26:48.231,1,"[{'lat': -47.09, 'long': 33.62, 'Time': Timestamp('2005-08-07 02:17:46'), 'mag': 6.2}, {'lat': -47.09, 'long': 33.62, 'Time': Timestamp('2005-08-07 02:17:46'), 'mag': 6.2}, {'lat': -47.09, 'long': 33.62, 'Time': Timestamp('2005-08-07 02:17:46'), 'mag': 6.2}]",3,2005-08-07 02:17:46,RDM_df_train_30D-20_22SW-tw48_w0.csv,40.849380277777776
1231,2005-11-14 01:48:49.472,1,"[{'lat': 38.107, 'long': 144.896, 'Time': Timestamp('2005-11-14 21:38:51'), 'mag': 7.0}, {'lat': 38.107, 'long': 144.896, 'Time': Timestamp('2005-11-14 21:38:51'), 'mag': 7.0}, {'lat': 33.336, 'long': 141.351, 'Time': Timestamp('2005-11-15 20:20:45'), 'mag': 5.7}, {'lat': 38.107, 'long': 144.896, 'Time': Timestamp('2005-11-14 21:38:51'), 'mag': 7.0}, {'lat': 33.336, 'long': 141.351, 'Time': Timestamp('2005-11-15 20:20:45'), 'mag': 5.7}, {'lat': 33.336, 'long': 141.351, 'Time': Timestamp('2005-11-15 20:20:45'), 'mag': 5.7}, {'lat': 22.04, 'long': 144.799, 'Time': Timestamp('2005-11-15 23:01:10'), 'mag': 5.7}, {'lat': 22.07, 'long': 144.899, 'Time': Timestamp('2005-11-15 23:13:28'), 'mag': 5.0}, {'lat': 22.04, 'long': 144.799, 'Time': Timestamp('2005-11-15 23:01:10'), 'mag': 5.7}, {'lat': 22.07, 'long': 144.899, 'Time': Timestamp('2005-11-15 23:13:28'), 'mag': 5.0}]",10,2005-11-14 21:38:51,RDM_df_train_30D-20_22SW-tw48_w0.csv,19.83375777777778
1066,2005-09-06 01:24:49.777,1,"[{'lat': -13.731, 'long': 167.231, 'Time': Timestamp('2005-09-06 05:53:27'), 'mag': 5.0}, {'lat': -13.731, 'long': 167.231, 'Time': Timestamp('2005-09-06 05:53:27'), 'mag': 5.0}, {'lat': -5.902, 'long': 128.713, 'Time': Timestamp('2005-09-06 21:36:40'), 'mag': 5.5}, {'lat': -7.312, 'long': 128.826, 'Time': Timestamp('2005-09-06 21:13:54'), 'mag': 5.3}, {'lat': -5.902, 'long': 128.713, 'Time': Timestamp('2005-09-06 21:36:40'), 'mag': 5.5}, {'lat': -7.312, 'long': 128.826, 'Time': Timestamp('2005-09-06 21:13:54'), 'mag': 5.3}, {'lat': -5.902, 'long': 128.713, 'Time': Timestamp('2005-09-06 21:36:40'), 'mag': 5.5}]",7,2005-09-06 05:53:27,RDM_df_train_30D-20_22SW-tw48_w0.csv,4.4770063888888885
209,2005-02-27 00:37:48.874,1,"[{'lat': -2.779, 'long': 141.616, 'Time': Timestamp('2005-02-27 04:35:36'), 'mag': 5.1}, {'lat': -2.779, 'long': 141.616, 'Time': Timestamp('2005-02-27 04:35:36'), 'mag': 5.1}, {'lat': -2.779, 'long': 141.616, 'Time': Timestamp('2005-02-27 04:35:36'), 'mag': 5.1}]",3,2005-02-27 04:35:36,RDM_df_train_30D-20_22SW-tw48_w0.csv,3.9630905555555556
290,2005-03-13 21:59:50.564,1,"[{'lat': -15.215, 'long': -173.462, 'Time': Timestamp('2005-03-13 22:33:05'), 'mag': 5.4}, {'lat': -15.215, 'long': -173.462, 'Time': Timestamp('2005-03-13 22:33:05'), 'mag': 5.4}, {'lat': -45.07, 'long': 166.75, 'Time': Timestamp('2005-03-14 08:04:35'), 'mag': 5.2}, {'lat': -45.07, 'long': 166.75, 'Time': Timestamp('2005-03-14 08:04:35'), 'mag': 5.2}]",4,2005-03-13 22:33:05,RDM_df_train_30D-20_22SW-tw48_w0.csv,0.55401
370,2005-04-18 05:13:27.946,1,"[{'lat': 0.931, 'long': 97.491, 'Time': Timestamp('2005-04-18 13:25:32'), 'mag': 5.0}, {'lat': 1.214, 'long': 97.144, 'Time': Timestamp('2005-04-19 10:34:00'), 'mag': 5.0}, {'lat': 2.357, 'long': 96.302, 'Time': Timestamp('2005-04-19 15:10:15'), 'mag': 5.0}, {'lat': 0.931, 'long': 97.491, 'Time': Timestamp('2005-04-18 13:25:32'), 'mag': 5.0}, {'lat': 1.214, 'long': 97.144, 'Time': Timestamp('2005-04-19 10:34:00'), 'mag': 5.0}, {'lat': 2.357, 'long': 96.302, 'Time': Timestamp('2005-04-19 15:10:15'), 'mag': 5.0}, {'lat': 0.931, 'long': 97.491, 'Time': Timestamp('2005-04-18 13:25:32'), 'mag': 5.0}, {'lat': 1.214, 'long': 97.144, 'Time': Timestamp('2005-04-19 10:34:00'), 'mag': 5.0}, {'lat': 2.357, 'long': 96.302, 'Time': Timestamp('2005-04-19 15:10:15'), 'mag': 5.0}]",9,2005-04-18 13:25:32,RDM_df_train_30D-20_22SW-tw48_w0.csv,8.201126111111112
247,2005-03-07 16:46:51.833,1,"[{'lat': 4.42, 'long': -75.946, 'Time': Timestamp('2005-03-08 15:59:43'), 'mag': 5.0}, {'lat': 4.42, 'long': -75.946, 'Time': Timestamp('2005-03-08 15:59:43'), 'mag': 5.0}]",2,2005-03-08 15:59:43,RDM_df_train_30D-20_22SW-tw48_w0.csv,23.214213055555557
258,2005-03-02 18:16:22.235,1,"[{'lat': -54.423, 'long': -137.172, 'Time': Timestamp('2005-03-03 05:37:16'), 'mag': 5.1}, {'lat': -54.097, 'long': -137.017, 'Time': Timestamp('2005-03-04 09:54:47'), 'mag': 5.1}, {'lat': -54.423, 'long': -137.172, 'Time': Timestamp('2005-03-03 05:37:16'), 'mag': 5.1}, {'lat': -54.097, 'long': -137.017, 'Time': Timestamp('2005-03-04 09:54:47'), 'mag': 5.1}, {'lat': -54.423, 'long': -137.172, 'Time': Timestamp('2005-03-03 05:37:16'), 'mag': 5.1}, {'lat': -54.097, 'long': -137.017, 'Time': Timestamp('2005-03-04 09:54:47'), 'mag': 5.1}]",6,2005-03-03 05:37:16,RDM_df_train_30D-20_22SW-tw48_w0.csv,11.348268055555556
1130,2005-09-23 01:36:51.986,1,"[{'lat': -4.305, 'long': 152.987, 'Time': Timestamp('2005-09-24 05:09:48'), 'mag': 5.0}, {'lat': -4.305, 'long': 152.987, 'Time': Timestamp('2005-09-24 05:09:48'), 'mag': 5.0}, {'lat': -4.305, 'long': 152.987, 'Time': Timestamp('2005-09-24 05:09:48'), 'mag': 5.0}, {'lat': 34.297, 'long': 140.82, 'Time': Timestamp('2005-09-24 14:48:48'), 'mag': 5.2}, {'lat': 34.297, 'long': 140.82, 'Time': Timestamp('2005-09-24 14:48:48'), 'mag': 5.2}, {'lat': 34.297, 'long': 140.82, 'Time': Timestamp('2005-09-24 14:48:48'), 'mag': 5.2}, {'lat': 1.556, 'long': 126.583, 'Time': Timestamp('2005-09-25 00:08:40'), 'mag': 5.4}, {'lat': 1.556, 'long': 126.583, 'Time': Timestamp('2005-09-25 00:08:40'), 'mag': 5.4}]",8,2005-09-24 05:09:48,RDM_df_train_30D-20_22SW-tw48_w0.csv,27.548892777777777
175,2005-02-16 21:02:52.045,1,"[{'lat': -34.271, 'long': -178.051, 'Time': Timestamp('2005-02-17 06:20:22'), 'mag': 5.0}]",1,2005-02-17 06:20:22,RDM_df_train_30D-20_22SW-tw48_w0.csv,9.291654166666667
192,2005-03-14 14:11:20.622,1,"[{'lat': -24.114, 'long': -66.738, 'Time': Timestamp('2005-03-15 20:07:00'), 'mag': 5.2}, {'lat': -24.114, 'long': -66.738, 'Time': Timestamp('2005-03-15 20:07:00'), 'mag': 5.2}]",2,2005-03-15 20:07:00,RDM_df_train_30D-20_22SW-tw48_w0.csv,29.927605
684,2005-06-27 01:18:17.225,1,"[{'lat': -1.944, 'long': 128.357, 'Time': Timestamp('2005-06-28 18:45:54'), 'mag': 5.2}, {'lat': -1.944, 'long': 128.357, 'Time': Timestamp('2005-06-28 18:45:54'), 'mag': 5.2}, {'lat': -1.944, 'long': 128.357, 'Time': Timestamp('2005-06-28 18:45:54'), 'mag': 5.2}]",3,2005-06-28 18:45:54,RDM_df_train_30D-20_22SW-tw48_w0.csv,41.46021527777778
632,2005-05-27 05:38:23.445,1,"[{'lat': -4.732, 'long': 103.171, 'Time': Timestamp('2005-05-29 04:55:17'), 'mag': 5.0}, {'lat': -4.732, 'long': 103.171, 'Time': Timestamp('2005-05-29 04:55:17'), 'mag': 5.0}]",2,2005-05-29 04:55:17,RDM_df_train_30D-20_22SW-tw48_w0.csv,47.28154305555555
987,2005-08-25 01:24:49.422,1,"[{'lat': 37.736, 'long': 143.072, 'Time': Timestamp('2005-08-25 22:29:03'), 'mag': 5.1}, {'lat': 37.736, 'long': 143.072, 'Time': Timestamp('2005-08-25 22:29:03'), 'mag': 5.1}, {'lat': 37.736, 'long': 143.072, 'Time': Timestamp('2005-08-25 22:29:03'), 'mag': 5.1}, {'lat': 1.78, 'long': 126.249, 'Time': Timestamp('2005-08-26 05:30:43'), 'mag': 5.1}, {'lat': 1.78, 'long': 126.249, 'Time': Timestamp('2005-08-26 05:30:43'), 'mag': 5.1}]",5,2005-08-25 22:29:03,RDM_df_train_30D-20_22SW-tw48_w0.csv,21.070438333333332
716,2005-06-24 05:38:52.436,1,"[{'lat': 4.806, 'long': 95.146, 'Time': Timestamp('2005-06-24 21:45:11'), 'mag': 5.3}, {'lat': 4.806, 'long': 95.146, 'Time': Timestamp('2005-06-24 21:45:11'), 'mag': 5.3}, {'lat': 4.183, 'long': 93.266, 'Time': Timestamp('2005-06-26 04:29:17'), 'mag': 5.1}, {'lat': 4.806, 'long': 95.146, 'Time': Timestamp('2005-06-24 21:45:11'), 'mag': 5.3}, {'lat': 4.183, 'long': 93.266, 'Time': Timestamp('2005-06-26 04:29:17'), 'mag': 5.1}]",5,2005-06-24 21:45:11,RDM_df_train_30D-20_22SW-tw48_w0.csv,16.105156666666666
416,2005-04-30 00:52:44.748,1,"[{'lat': -15.803, 'long': 166.164, 'Time': Timestamp('2005-04-30 15:49:38'), 'mag': 5.1}, {'lat': -7.94, 'long': 156.271, 'Time': Timestamp('2005-05-01 22:52:41'), 'mag': 5.1}, {'lat': -15.803, 'long': 166.164, 'Time': Timestamp('2005-04-30 15:49:38'), 'mag': 5.1}, {'lat': -7.94, 'long': 156.271, 'Time': Timestamp('2005-05-01 22:52:41'), 'mag': 5.1}, {'lat': -15.803, 'long': 166.164, 'Time': Timestamp('2005-04-30 15:49:38'), 'mag': 5.1}, {'lat': -6.274, 'long': 154.772, 'Time': Timestamp('2005-04-30 08:51:20'), 'mag': 5.3}]",6,2005-04-30 15:49:38,RDM_df_train_30D-20_22SW-tw48_w0.csv,14.948125555555556
1115,2005-10-05 06:03:54.401,1,"[{'lat': 5.233, 'long': 95.577, 'Time': Timestamp('2005-10-05 08:46:42'), 'mag': 5.7}, {'lat': 7.897, 'long': 92.063, 'Time': Timestamp('2005-10-05 12:19:09'), 'mag': 5.3}, {'lat': 5.233, 'long': 95.577, 'Time': Timestamp('2005-10-05 08:46:42'), 'mag': 5.7}, {'lat': 7.897, 'long': 92.063, 'Time': Timestamp('2005-10-05 12:19:09'), 'mag': 5.3}, {'lat': 5.233, 'long': 95.577, 'Time': Timestamp('2005-10-05 08:46:42'), 'mag': 5.7}, {'lat': 7.897, 'long': 92.063, 'Time': Timestamp('2005-10-05 12:19:09'), 'mag': 5.3}]",6,2005-10-05 08:46:42,RDM_df_train_30D-20_22SW-tw48_w0.csv,2.7132219444444443
385,2005-04-01 14:58:20.148,1,"[{'lat': -25.223, 'long': -70.749, 'Time': Timestamp('2005-04-02 13:01:11'), 'mag': 5.2}, {'lat': -25.223, 'long': -70.749, 'Time': Timestamp('2005-04-02 13:01:11'), 'mag': 5.2}]",2,2005-04-02 13:01:11,RDM_df_train_30D-20_22SW-tw48_w0.csv,22.04745888888889
931,2005-08-13 11:38:52.370,1,"[{'lat': -1.684, 'long': -13.054, 'Time': Timestamp('2005-08-15 07:53:42'), 'mag': 5.3}, {'lat': -1.684, 'long': -13.054, 'Time': Timestamp('2005-08-15 07:53:42'), 'mag': 5.3}]",2,2005-08-15 07:53:42,RDM_df_train_30D-20_22SW-tw48_w0.csv,44.247119444444444
878,2005-08-19 08:26:20.273,1,"[{'lat': -31.447, 'long': 58.586, 'Time': Timestamp('2005-08-19 13:04:03'), 'mag': 5.1}, {'lat': -31.447, 'long': 58.586, 'Time': Timestamp('2005-08-19 13:04:03'), 'mag': 5.1}]",2,2005-08-19 13:04:03,RDM_df_train_30D-20_22SW-tw48_w0.csv,4.628535277777777
853,2005-07-20 11:51:22.239,1,"[{'lat': 36.867, 'long': 0.667, 'Time': Timestamp('2005-07-20 19:54:04'), 'mag': 5.0}, {'lat': -59.014, 'long': -16.784, 'Time': Timestamp('2005-07-21 12:02:40'), 'mag': 5.3}, {'lat': 36.867, 'long': 0.667, 'Time': Timestamp('2005-07-20 19:54:04'), 'mag': 5.0}, {'lat': -8.13, 'long': -13.492, 'Time': Timestamp('2005-07-21 19:17:49'), 'mag': 5.2}, {'lat': -8.13, 'long': -13.492, 'Time': Timestamp('2005-07-21 19:17:49'), 'mag': 5.2}]",5,2005-07-20 19:54:04,RDM_df_train_30D-20_22SW-tw48_w0.csv,8.04493361111111
224,2005-02-28 18:42:18.643,1,"[{'lat': -24.964, 'long': -112.124, 'Time': Timestamp('2005-03-01 23:57:01'), 'mag': 5.6}, {'lat': -25.01, 'long': -112.389, 'Time': Timestamp('2005-03-02 00:27:42'), 'mag': 5.1}, {'lat': -24.964, 'long': -112.124, 'Time': Timestamp('2005-03-01 23:57:01'), 'mag': 5.6}, {'lat': -25.01, 'long': -112.389, 'Time': Timestamp('2005-03-02 00:27:42'), 'mag': 5.1}, {'lat': 34.715, 'long': -110.97, 'Time': Timestamp('2005-03-02 11:12:57'), 'mag': 5.1}, {'lat': 34.715, 'long': -110.97, 'Time': Timestamp('2005-03-02 11:12:57'), 'mag': 5.1}, {'lat': -56.635, 'long': -141.557, 'Time': Timestamp('2005-03-01 14:05:11'), 'mag': 5.1}, {'lat': -56.635, 'long': -141.557, 'Time': Timestamp('2005-03-01 14:05:11'), 'mag': 5.1}, {'lat': -56.635, 'long': -141.557, 'Time': Timestamp('2005-03-01 14:05:11'), 'mag': 5.1}]",9,2005-03-01 23:57:01,RDM_df_train_30D-20_22SW-tw48_w0.csv,29.245099166666666
1022,2005-08-28 23:52:52.294,1,"[{'lat': -35.8, 'long': 178.47, 'Time': Timestamp('2005-08-30 17:34:12'), 'mag': 5.1}, {'lat': -35.8, 'long': 178.47, 'Time': Timestamp('2005-08-30 17:34:12'), 'mag': 5.1}, {'lat': -35.8, 'long': 178.47, 'Time': Timestamp('2005-08-30 17:34:12'), 'mag': 5.1}, {'lat': -5.241, 'long': 151.187, 'Time': Timestamp('2005-08-30 18:11:05'), 'mag': 5.2}, {'lat': -5.241, 'long': 151.187, 'Time': Timestamp('2005-08-30 18:11:05'), 'mag': 5.2}, {'lat': -5.241, 'long': 151.187, 'Time': Timestamp('2005-08-30 18:11:05'), 'mag': 5.2}]",6,2005-08-30 17:34:12,RDM_df_train_30D-20_22SW-tw48_w0.csv,41.68880722222222
585,2005-05-17 22:26:53.354,1,"[{'lat': 60.0168, 'long': -152.693, 'Time': Timestamp('2005-05-19 01:12:29'), 'mag': 5.4}, {'lat': 60.0168, 'long': -152.693, 'Time': Timestamp('2005-05-19 01:12:29'), 'mag': 5.4}, {'lat': -12.968, 'long': 166.81, 'Time': Timestamp('2005-05-19 07:52:50'), 'mag': 5.0}]",3,2005-05-19 01:12:29,RDM_df_train_30D-20_22SW-tw48_w0.csv,26.759901666666664
702,2005-06-12 16:00:43.507,1,"[{'lat': -19.987, 'long': -69.197, 'Time': Timestamp('2005-06-13 22:44:33'), 'mag': 7.8}, {'lat': -19.987, 'long': -69.197, 'Time': Timestamp('2005-06-13 22:44:33'), 'mag': 7.8}, {'lat': -19.987, 'long': -69.197, 'Time': Timestamp('2005-06-13 22:44:33'), 'mag': 7.8}, {'lat': 18.316, 'long': -77.443, 'Time': Timestamp('2005-06-13 03:58:01'), 'mag': 5.2}, {'lat': 18.316, 'long': -77.443, 'Time': Timestamp('2005-06-13 03:58:01'), 'mag': 5.2}, {'lat': -14.158, 'long': -76.207, 'Time': Timestamp('2005-06-14 09:29:53'), 'mag': 5.2}, {'lat': -14.158, 'long': -76.207, 'Time': Timestamp('2005-06-14 09:29:53'), 'mag': 5.2}, {'lat': -14.158, 'long': -76.207, 'Time': Timestamp('2005-06-14 09:29:53'), 'mag': 5.2}]",8,2005-06-13 22:44:33,RDM_df_train_30D-20_22SW-tw48_w0.csv,30.73041472222222
1121,2005-09-20 01:49:19.412,1,"[{'lat': -50.256, 'long': 139.269, 'Time': Timestamp('2005-09-21 04:29:32'), 'mag': 5.3}, {'lat': -50.256, 'long': 139.269, 'Time': Timestamp('2005-09-21 04:29:32'), 'mag': 5.3}, {'lat': 43.892, 'long': 146.145, 'Time': Timestamp('2005-09-21 02:25:08'), 'mag': 6.1}, {'lat': 43.892, 'long': 146.145, 'Time': Timestamp('2005-09-21 02:25:08'), 'mag': 6.1}, {'lat': 26.97, 'long': 125.621, 'Time': Timestamp('2005-09-20 04:22:42'), 'mag': 5.1}, {'lat': 26.97, 'long': 125.621, 'Time': Timestamp('2005-09-20 04:22:42'), 'mag': 5.1}]",6,2005-09-21 04:29:32,RDM_df_train_30D-20_22SW-tw48_w0.csv,26.670163333333335
683,2005-06-22 15:29:48.616,1,"[{'lat': -5.885, 'long': -81.033, 'Time': Timestamp('2005-06-24 13:11:48'), 'mag': 5.3}, {'lat': -5.885, 'long': -81.033, 'Time': Timestamp('2005-06-24 13:11:48'), 'mag': 5.3}, {'lat': -5.885, 'long': -81.033, 'Time': Timestamp('2005-06-24 13:11:48'), 'mag': 5.3}]",3,2005-06-24 13:11:48,RDM_df_train_30D-20_22SW-tw48_w0.csv,45.69982888888889
1192,2005-10-11 19:17:50.114,1,"[{'lat': -56.698, 'long': -155.784, 'Time': Timestamp('2005-10-13 04:32:25'), 'mag': 5.0}, {'lat': -56.698, 'long': -155.784, 'Time': Timestamp('2005-10-13 04:32:25'), 'mag': 5.0}]",2,2005-10-13 04:32:25,RDM_df_train_30D-20_22SW-tw48_w0.csv,33.243023888888885
82,2005-02-15 15:55:19.430,1,"[{'lat': 35.261, 'long': -36.071, 'Time': Timestamp('2005-02-16 10:54:07'), 'mag': 5.3}, {'lat': -10.927, 'long': -76.101, 'Time': Timestamp('2005-02-17 03:12:46'), 'mag': 5.4}, {'lat': -10.927, 'long': -76.101, 'Time': Timestamp('2005-02-17 03:12:46'), 'mag': 5.4}]",3,2005-02-16 10:54:07,RDM_df_train_30D-20_22SW-tw48_w0.csv,18.979880555555557
271,2005-03-12 21:23:52.157,1,"[{'lat': -15.215, 'long': -173.462, 'Time': Timestamp('2005-03-13 22:33:05'), 'mag': 5.4}, {'lat': -15.215, 'long': -173.462, 'Time': Timestamp('2005-03-13 22:33:05'), 'mag': 5.4}, {'lat': -15.215, 'long': -173.462, 'Time': Timestamp('2005-03-13 22:33:05'), 'mag': 5.4}]",3,2005-03-13 22:33:05,RDM_df_train_30D-20_22SW-tw48_w0.csv,25.153567499999998
508,2005-05-09 22:14:19.839,1,"[{'lat': -16.858, 'long': -177.155, 'Time': Timestamp('2005-05-11 15:40:12'), 'mag': 5.0}]",1,2005-05-11 15:40:12,RDM_df_train_30D-20_22SW-tw48_w0.csv,41.43115583333333
493,2005-04-30 07:36:00.672,1,"[{'lat': 30.704, 'long': 56.965, 'Time': Timestamp('2005-05-01 18:58:42'), 'mag': 5.1}, {'lat': 30.704, 'long': 56.965, 'Time': Timestamp('2005-05-01 18:58:42'), 'mag': 5.1}, {'lat': 30.704, 'long': 56.965, 'Time': Timestamp('2005-05-01 18:58:42'), 'mag': 5.1}]",3,2005-05-01 18:58:42,RDM_df_train_30D-20_22SW-tw48_w0.csv,35.378146666666666
397,2005-04-22 01:17:18.279,1,"[{'lat': 4.895, 'long': 126.094, 'Time': Timestamp('2005-04-22 07:41:26'), 'mag': 5.4}]",1,2005-04-22 07:41:26,RDM_df_train_30D-20_22SW-tw48_w0.csv,6.402144722222222
753,2005-06-29 06:59:24.574,1,"[{'lat': 36.569, 'long': 71.32, 'Time': Timestamp('2005-07-01 03:48:28'), 'mag': 5.6}, {'lat': 36.569, 'long': 71.32, 'Time': Timestamp('2005-07-01 03:48:28'), 'mag': 5.6}]",2,2005-07-01 03:48:28,RDM_df_train_30D-20_22SW-tw48_w0.csv,44.817618333333336
150,2005-02-27 22:13:21.208,1,"[{'lat': 47.96, 'long': -129.04, 'Time': Timestamp('2005-02-28 12:49:21'), 'mag': 5.0}, {'lat': 47.96, 'long': -129.1, 'Time': Timestamp('2005-03-01 00:32:21'), 'mag': 5.0}, {'lat': 47.98, 'long': -129.03, 'Time': Timestamp('2005-03-01 21:34:26'), 'mag': 5.0}, {'lat': 47.96, 'long': -129.1, 'Time': Timestamp('2005-03-01 00:32:21'), 'mag': 5.0}]",4,2005-02-28 12:49:21,RDM_df_train_30D-20_22SW-tw48_w0.csv,14.599942222222223
1546,2006-01-24 21:52:48.110,1,"[{'lat': -30.688, 'long': -177.791, 'Time': Timestamp('2006-01-26 01:16:15'), 'mag': 5.6}, {'lat': -30.445, 'long': -177.913, 'Time': Timestamp('2006-01-26 06:32:16'), 'mag': 5.0}, {'lat': -30.688, 'long': -177.791, 'Time': Timestamp('2006-01-26 01:16:15'), 'mag': 5.6}, {'lat': -30.445, 'long': -177.913, 'Time': Timestamp('2006-01-26 06:32:16'), 'mag': 5.0}, {'lat': -65.417, 'long': 179.489, 'Time': Timestamp('2006-01-26 10:43:26'), 'mag': 5.6}]",5,2006-01-26 01:16:15,RDM_df_train_30D-20_22SW-tw48_w0.csv,27.39080277777778
1360,2005-12-04 17:57:22.923,1,"[{'lat': 14.347, 'long': -92.181, 'Time': Timestamp('2005-12-05 21:40:37'), 'mag': 5.1}, {'lat': 14.347, 'long': -92.181, 'Time': Timestamp('2005-12-05 21:40:37'), 'mag': 5.1}]",2,2005-12-05 21:40:37,RDM_df_train_30D-20_22SW-tw48_w0.csv,27.720576944444446
591,2005-06-03 10:41:47.662,1,"[{'lat': -57.428, 'long': -26.072, 'Time': Timestamp('2005-06-05 01:04:47'), 'mag': 5.2}]",1,2005-06-05 01:04:47,RDM_df_train_30D-20_22SW-tw48_w0.csv,38.38314944444444
814,2005-07-25 02:32:21.460,1,"[{'lat': 52.871, 'long': 160.105, 'Time': Timestamp('2005-07-26 12:17:14'), 'mag': 5.8}, {'lat': 52.871, 'long': 160.105, 'Time': Timestamp('2005-07-26 12:17:14'), 'mag': 5.8}, {'lat': 52.871, 'long': 160.105, 'Time': Timestamp('2005-07-26 12:17:14'), 'mag': 5.8}, {'lat': 33.262, 'long': 142.288, 'Time': Timestamp('2005-07-26 05:14:43'), 'mag': 5.0}, {'lat': 33.312, 'long': 142.336, 'Time': Timestamp('2005-07-26 06:20:26'), 'mag': 5.0}, {'lat': 33.283, 'long': 142.324, 'Time': Timestamp('2005-07-26 06:24:04'), 'mag': 5.0}, {'lat': 33.342, 'long': 142.222, 'Time': Timestamp('2005-07-26 19:33:44'), 'mag': 5.0}, {'lat': 33.262, 'long': 142.288, 'Time': Timestamp('2005-07-26 05:14:43'), 'mag': 5.0}, {'lat': 33.312, 'long': 142.336, 'Time': Timestamp('2005-07-26 06:20:26'), 'mag': 5.0}, {'lat': 33.283, 'long': 142.324, 'Time': Timestamp('2005-07-26 06:24:04'), 'mag': 5.0}, {'lat': 33.342, 'long': 142.222, 'Time': Timestamp('2005-07-26 19:33:44'), 'mag': 5.0}, {'lat': -4.011, 'long': 151.866, 'Time': Timestamp('2005-07-25 04:31:29'), 'mag': 5.4}, {'lat': -3.942, 'long': 147.2, 'Time': Timestamp('2005-07-26 13:32:31'), 'mag': 5.2}, {'lat': -4.011, 'long': 151.866, 'Time': Timestamp('2005-07-25 04:31:29'), 'mag': 5.4}, {'lat': -3.942, 'long': 147.2, 'Time': Timestamp('2005-07-26 13:32:31'), 'mag': 5.2}, {'lat': -4.011, 'long': 151.866, 'Time': Timestamp('2005-07-25 04:31:29'), 'mag': 5.4}, {'lat': -3.942, 'long': 147.2, 'Time': Timestamp('2005-07-26 13:32:31'), 'mag': 5.2}, {'lat': 46.827, 'long': 125.058, 'Time': Timestamp('2005-07-25 15:43:41'), 'mag': 5.0}, {'lat': 46.827, 'long': 125.058, 'Time': Timestamp('2005-07-25 15:43:41'), 'mag': 5.0}, {'lat': 46.827, 'long': 125.058, 'Time': Timestamp('2005-07-25 15:43:41'), 'mag': 5.0}]",20,2005-07-26 12:17:14,RDM_df_train_30D-20_22SW-tw48_w0.csv,33.747927777777775
109,2005-02-07 16:23:19.625,1,"[{'lat': 15.484, 'long': -61.306, 'Time': Timestamp('2005-02-08 02:18:23'), 'mag': 5.0}, {'lat': 15.484, 'long': -61.306, 'Time': Timestamp('2005-02-08 02:18:23'), 'mag': 5.0}, {'lat': 15.484, 'long': -61.306, 'Time': Timestamp('2005-02-08 02:18:23'), 'mag': 5.0}]",3,2005-02-08 02:18:23,RDM_df_train_30D-20_22SW-tw48_w0.csv,9.917604166666667
1482,2006-01-03 19:04:48.021,1,"[{'lat': 21.922, 'long': -108.509, 'Time': Timestamp('2006-01-05 05:07:28'), 'mag': 5.0}, {'lat': 21.922, 'long': -108.509, 'Time': Timestamp('2006-01-05 05:07:28'), 'mag': 5.0}, {'lat': 27.959, 'long': -112.143, 'Time': Timestamp('2006-01-04 01:05:08'), 'mag': 5.2}, {'lat': 28.164, 'long': -112.117, 'Time': Timestamp('2006-01-04 08:32:32'), 'mag': 6.6}, {'lat': 27.959, 'long': -112.143, 'Time': Timestamp('2006-01-04 01:05:08'), 'mag': 5.2}, {'lat': 28.164, 'long': -112.117, 'Time': Timestamp('2006-01-04 08:32:32'), 'mag': 6.6}]",6,2006-01-05 05:07:28,RDM_df_train_30D-20_22SW-tw48_w0.csv,34.04443861111111
556,2005-06-03 00:41:16.936,1,"[{'lat': -6.319, 'long': 146.846, 'Time': Timestamp('2005-06-04 14:50:46'), 'mag': 6.1}, {'lat': -6.319, 'long': 146.846, 'Time': Timestamp('2005-06-04 14:50:46'), 'mag': 6.1}, {'lat': -6.319, 'long': 146.846, 'Time': Timestamp('2005-06-04 14:50:46'), 'mag': 6.1}]",3,2005-06-04 14:50:46,RDM_df_train_30D-20_22SW-tw48_w0.csv,38.158073333333334
78,2005-02-02 00:59:20.068,1,"[{'lat': 14.08, 'long': 144.715, 'Time': Timestamp('2005-02-02 02:30:25'), 'mag': 6.3}, {'lat': 14.08, 'long': 144.715, 'Time': Timestamp('2005-02-02 02:30:25'), 'mag': 6.3}, {'lat': -7.476, 'long': 145.044, 'Time': Timestamp('2005-02-02 06:28:36'), 'mag': 5.6}, {'lat': -6.645, 'long': 144.64, 'Time': Timestamp('2005-02-02 14:11:47'), 'mag': 5.4}, {'lat': -7.476, 'long': 145.044, 'Time': Timestamp('2005-02-02 06:28:36'), 'mag': 5.6}, {'lat': -6.645, 'long': 144.64, 'Time': Timestamp('2005-02-02 14:11:47'), 'mag': 5.4}]",6,2005-02-02 02:30:25,RDM_df_train_30D-20_22SW-tw48_w0.csv,1.5180366666666667
727,2005-06-22 01:55:21.854,1,"[{'lat': 9.655, 'long': 126.253, 'Time': Timestamp('2005-06-22 06:30:18'), 'mag': 5.3}, {'lat': 9.655, 'long': 126.253, 'Time': Timestamp('2005-06-22 06:30:18'), 'mag': 5.3}, {'lat': 9.655, 'long': 126.253, 'Time': Timestamp('2005-06-22 06:30:18'), 'mag': 5.3}]",3,2005-06-22 06:30:18,RDM_df_train_30D-20_22SW-tw48_w0.csv,4.582262777777778
1116,2005-09-21 09:20:47.803,1,"[{'lat': 12.535, 'long': 40.465, 'Time': Timestamp('2005-09-21 14:57:26'), 'mag': 5.0}, {'lat': 12.697, 'long': 40.461, 'Time': Timestamp('2005-09-22 03:12:34'), 'mag': 5.2}, {'lat': 12.702, 'long': 40.553, 'Time': Timestamp('2005-09-22 13:58:44'), 'mag': 5.2}, {'lat': 12.398, 'long': 40.442, 'Time': Timestamp('2005-09-22 19:51:52'), 'mag': 5.1}, {'lat': 12.535, 'long': 40.465, 'Time': Timestamp('2005-09-21 14:57:26'), 'mag': 5.0}, {'lat': 12.697, 'long': 40.461, 'Time': Timestamp('2005-09-22 03:12:34'), 'mag': 5.2}, {'lat': 12.702, 'long': 40.553, 'Time': Timestamp('2005-09-22 13:58:44'), 'mag': 5.2}, {'lat': 12.398, 'long': 40.442, 'Time': Timestamp('2005-09-22 19:51:52'), 'mag': 5.1}, {'lat': 12.535, 'long': 40.465, 'Time': Timestamp('2005-09-21 14:57:26'), 'mag': 5.0}, {'lat': 12.697, 'long': 40.461, 'Time': Timestamp('2005-09-22 03:12:34'), 'mag': 5.2}, {'lat': 12.702, 'long': 40.553, 'Time': Timestamp('2005-09-22 13:58:44'), 'mag': 5.2}, {'lat': 12.398, 'long': 40.442, 'Time': Timestamp('2005-09-22 19:51:52'), 'mag': 5.1}, {'lat': -40.868, 'long': 43.255, 'Time': Timestamp('2005-09-22 16:19:42'), 'mag': 5.3}, {'lat': -54.214, 'long': 1.949, 'Time': Timestamp('2005-09-22 19:18:06'), 'mag': 5.3}]",14,2005-09-21 14:57:26,RDM_df_train_30D-20_22SW-tw48_w0.csv,5.610610277777778
1523,2006-01-20 05:27:51.849,1,"[{'lat': 13.002, 'long': 93.245, 'Time': Timestamp('2006-01-21 04:07:03'), 'mag': 5.6}, {'lat': 13.002, 'long': 93.245, 'Time': Timestamp('2006-01-21 04:07:03'), 'mag': 5.6}]",2,2006-01-21 04:07:03,RDM_df_train_30D-20_22SW-tw48_w0.csv,22.6530975
289,2005-03-26 18:44:16.649,1,"[{'lat': 12.585, 'long': -86.819, 'Time': Timestamp('2005-03-28 13:46:52'), 'mag': 5.1}, {'lat': 12.585, 'long': -86.819, 'Time': Timestamp('2005-03-28 13:46:52'), 'mag': 5.1}, {'lat': 12.585, 'long': -86.819, 'Time': Timestamp('2005-03-28 13:46:52'), 'mag': 5.1}]",3,2005-03-28 13:46:52,RDM_df_train_30D-20_22SW-tw48_w0.csv,43.04315305555556
1099,2005-09-22 22:57:53.031,1,"[{'lat': 64.47, 'long': -134.36, 'Time': Timestamp('2005-09-24 07:54:56'), 'mag': 5.1}, {'lat': -21.046, 'long': 168.925, 'Time': Timestamp('2005-09-24 20:38:51'), 'mag': 5.3}, {'lat': -21.046, 'long': 168.925, 'Time': Timestamp('2005-09-24 20:38:51'), 'mag': 5.3}]",3,2005-09-24 07:54:56,RDM_df_train_30D-20_22SW-tw48_w0.csv,32.95082472222222
108,2005-02-06 13:03:52.918,1,"[{'lat': -59.888, 'long': -27.08, 'Time': Timestamp('2005-02-07 14:23:51'), 'mag': 5.1}]",1,2005-02-07 14:23:51,RDM_df_train_30D-20_22SW-tw48_w0.csv,25.332800555555554
233,2005-03-01 01:58:51.135,1,"[{'lat': 50.325, 'long': 142.437, 'Time': Timestamp('2005-03-02 13:35:14'), 'mag': 5.0}, {'lat': 50.325, 'long': 142.437, 'Time': Timestamp('2005-03-02 13:35:14'), 'mag': 5.0}, {'lat': 50.325, 'long': 142.437, 'Time': Timestamp('2005-03-02 13:35:14'), 'mag': 5.0}, {'lat': -6.227, 'long': 123.643, 'Time': Timestamp('2005-03-01 15:21:07'), 'mag': 5.1}, {'lat': -6.527, 'long': 129.933, 'Time': Timestamp('2005-03-02 10:42:12'), 'mag': 7.1}, {'lat': -6.227, 'long': 123.643, 'Time': Timestamp('2005-03-01 15:21:07'), 'mag': 5.1}, {'lat': -6.527, 'long': 129.933, 'Time': Timestamp('2005-03-02 10:42:12'), 'mag': 7.1}]",7,2005-03-02 13:35:14,RDM_df_train_30D-20_22SW-tw48_w0.csv,35.60635138888889
142,2005-02-20 01:37:53.248,1,"[{'lat': -4.694, 'long': 153.108, 'Time': Timestamp('2005-02-20 12:14:51'), 'mag': 5.5}, {'lat': -4.694, 'long': 153.108, 'Time': Timestamp('2005-02-20 12:14:51'), 'mag': 5.5}, {'lat': -4.694, 'long': 153.108, 'Time': Timestamp('2005-02-20 12:14:51'), 'mag': 5.5}, {'lat': 9.649, 'long': 126.23, 'Time': Timestamp('2005-02-20 04:52:49'), 'mag': 5.0}, {'lat': 8.933, 'long': 126.229, 'Time': Timestamp('2005-02-20 05:08:38'), 'mag': 5.0}, {'lat': 9.649, 'long': 126.23, 'Time': Timestamp('2005-02-20 04:52:49'), 'mag': 5.0}, {'lat': 8.933, 'long': 126.229, 'Time': Timestamp('2005-02-20 05:08:38'), 'mag': 5.0}, {'lat': 9.649, 'long': 126.23, 'Time': Timestamp('2005-02-20 04:52:49'), 'mag': 5.0}, {'lat': 8.933, 'long': 126.229, 'Time': Timestamp('2005-02-20 05:08:38'), 'mag': 5.0}]",9,2005-02-20 12:14:51,RDM_df_train_30D-20_22SW-tw48_w0.csv,10.616042222222223
190,2005-03-06 00:54:50.863,1,"[{'lat': -11.062, 'long': 163.207, 'Time': Timestamp('2005-03-06 01:39:06'), 'mag': 5.9}, {'lat': -11.045, 'long': 163.045, 'Time': Timestamp('2005-03-06 04:39:59'), 'mag': 6.1}, {'lat': -11.046, 'long': 162.859, 'Time': Timestamp('2005-03-06 14:59:22'), 'mag': 5.6}, {'lat': -10.955, 'long': 162.975, 'Time': Timestamp('2005-03-06 17:37:22'), 'mag': 5.2}, {'lat': -11.062, 'long': 163.207, 'Time': Timestamp('2005-03-06 01:39:06'), 'mag': 5.9}, {'lat': -11.045, 'long': 163.045, 'Time': Timestamp('2005-03-06 04:39:59'), 'mag': 6.1}, {'lat': -11.046, 'long': 162.859, 'Time': Timestamp('2005-03-06 14:59:22'), 'mag': 5.6}, {'lat': -10.955, 'long': 162.975, 'Time': Timestamp('2005-03-06 17:37:22'), 'mag': 5.2}]",8,2005-03-06 01:39:06,RDM_df_train_30D-20_22SW-tw48_w0.csv,0.7375380555555556
874,2005-08-03 19:17:49.734,1,"[{'lat': -26.634, 'long': -114.504, 'Time': Timestamp('2005-08-04 10:27:12'), 'mag': 5.8}, {'lat': -26.634, 'long': -114.504, 'Time': Timestamp('2005-08-04 10:27:12'), 'mag': 5.8}, {'lat': -26.634, 'long': -114.504, 'Time': Timestamp('2005-08-04 10:27:12'), 'mag': 5.8}]",3,2005-08-04 10:27:12,RDM_df_train_30D-20_22SW-tw48_w0.csv,15.156185
684,2005-06-27 01:18:17.225,1,"[{'lat': -1.944, 'long': 128.357, 'Time': Timestamp('2005-06-28 18:45:54'), 'mag': 5.2}, {'lat': -1.944, 'long': 128.357, 'Time': Timestamp('2005-06-28 18:45:54'), 'mag': 5.2}, {'lat': -1.944, 'long': 128.357, 'Time': Timestamp('2005-06-28 18:45:54'), 'mag': 5.2}]",3,2005-06-28 18:45:54,RDM_df_train_30D-20_22SW-tw48_w0.csv,41.46021527777778
1315,2005-11-25 09:32:26.620,1,"[{'lat': 38.26, 'long': 38.814, 'Time': Timestamp('2005-11-26 15:56:55'), 'mag': 5.1}, {'lat': 38.26, 'long': 38.814, 'Time': Timestamp('2005-11-26 15:56:55'), 'mag': 5.1}]",2,2005-11-26 15:56:55,RDM_df_train_30D-20_22SW-tw48_w0.csv,30.407883333333334
114,2005-02-11 05:22:52.401,1,"[{'lat': 5.079, 'long': 94.794, 'Time': Timestamp('2005-02-13 01:22:09'), 'mag': 5.3}, {'lat': 5.071, 'long': 94.804, 'Time': Timestamp('2005-02-13 02:02:07'), 'mag': 5.3}, {'lat': 5.507, 'long': 93.032, 'Time': Timestamp('2005-02-12 18:43:02'), 'mag': 5.0}, {'lat': 5.079, 'long': 94.794, 'Time': Timestamp('2005-02-13 01:22:09'), 'mag': 5.3}, {'lat': 5.071, 'long': 94.804, 'Time': Timestamp('2005-02-13 02:02:07'), 'mag': 5.3}, {'lat': 5.507, 'long': 93.032, 'Time': Timestamp('2005-02-12 18:43:02'), 'mag': 5.0}, {'lat': 5.079, 'long': 94.794, 'Time': Timestamp('2005-02-13 01:22:09'), 'mag': 5.3}, {'lat': 5.071, 'long': 94.804, 'Time': Timestamp('2005-02-13 02:02:07'), 'mag': 5.3}]",8,2005-02-13 01:22:09,RDM_df_train_30D-20_22SW-tw48_w0.csv,43.987944166666665
480,2005-04-30 21:37:52.094,1,"[{'lat': -20.719, 'long': -173.921, 'Time': Timestamp('2005-05-02 21:33:05'), 'mag': 5.0}, {'lat': -20.719, 'long': -173.921, 'Time': Timestamp('2005-05-02 21:33:05'), 'mag': 5.0}, {'lat': -20.719, 'long': -173.921, 'Time': Timestamp('2005-05-02 21:33:05'), 'mag': 5.0}, {'lat': -43.95, 'long': 169.02, 'Time': Timestamp('2005-05-02 15:35:38'), 'mag': 5.4}, {'lat': -43.94, 'long': 169.01, 'Time': Timestamp('2005-05-02 15:40:04'), 'mag': 5.0}]",5,2005-05-02 21:33:05,RDM_df_train_30D-20_22SW-tw48_w0.csv,47.920251666666665
844,2005-07-18 01:12:17.438,1,"[{'lat': -20.381, 'long': 168.911, 'Time': Timestamp('2005-07-19 10:31:32'), 'mag': 5.5}, {'lat': -20.525, 'long': 168.797, 'Time': Timestamp('2005-07-19 23:28:11'), 'mag': 5.4}, {'lat': -20.381, 'long': 168.911, 'Time': Timestamp('2005-07-19 10:31:32'), 'mag': 5.5}, {'lat': -20.525, 'long': 168.797, 'Time': Timestamp('2005-07-19 23:28:11'), 'mag': 5.4}, {'lat': 46.912, 'long': 150.542, 'Time': Timestamp('2005-07-19 17:16:27'), 'mag': 5.0}, {'lat': 46.912, 'long': 150.542, 'Time': Timestamp('2005-07-19 17:16:27'), 'mag': 5.0}, {'lat': 46.912, 'long': 150.542, 'Time': Timestamp('2005-07-19 17:16:27'), 'mag': 5.0}, {'lat': 19.589, 'long': 146.078, 'Time': Timestamp('2005-07-18 02:43:48'), 'mag': 5.0}, {'lat': 19.589, 'long': 146.078, 'Time': Timestamp('2005-07-18 02:43:48'), 'mag': 5.0}, {'lat': 19.589, 'long': 146.078, 'Time': Timestamp('2005-07-18 02:43:48'), 'mag': 5.0}, {'lat': -4.844, 'long': 129.609, 'Time': Timestamp('2005-07-18 01:59:37'), 'mag': 5.2}, {'lat': -4.844, 'long': 129.609, 'Time': Timestamp('2005-07-18 01:59:37'), 'mag': 5.2}, {'lat': -4.844, 'long': 129.609, 'Time': Timestamp('2005-07-18 01:59:37'), 'mag': 5.2}, {'lat': -9.948, 'long': 124.48, 'Time': Timestamp('2005-07-18 02:04:59'), 'mag': 5.4}, {'lat': -9.911, 'long': 124.238, 'Time': Timestamp('2005-07-18 02:06:53'), 'mag': 5.5}]",15,2005-07-19 10:31:32,RDM_df_train_30D-20_22SW-tw48_w0.csv,33.32071166666667
109,2005-02-07 16:23:19.625,1,"[{'lat': 15.484, 'long': -61.306, 'Time': Timestamp('2005-02-08 02:18:23'), 'mag': 5.0}, {'lat': 15.484, 'long': -61.306, 'Time': Timestamp('2005-02-08 02:18:23'), 'mag': 5.0}, {'lat': 15.484, 'long': -61.306, 'Time': Timestamp('2005-02-08 02:18:23'), 'mag': 5.0}]",3,2005-02-08 02:18:23,RDM_df_train_30D-20_22SW-tw48_w0.csv,9.917604166666667
108,2005-02-06 13:03:52.918,1,"[{'lat': -59.888, 'long': -27.08, 'Time': Timestamp('2005-02-07 14:23:51'), 'mag': 5.1}]",1,2005-02-07 14:23:51,RDM_df_train_30D-20_22SW-tw48_w0.csv,25.332800555555554
1178,2005-09-24 02:13:55.379,1,"[{'lat': -4.305, 'long': 152.987, 'Time': Timestamp('2005-09-24 05:09:48'), 'mag': 5.0}, {'lat': -4.305, 'long': 152.987, 'Time': Timestamp('2005-09-24 05:09:48'), 'mag': 5.0}, {'lat': -4.305, 'long': 152.987, 'Time': Timestamp('2005-09-24 05:09:48'), 'mag': 5.0}, {'lat': 34.297, 'long': 140.82, 'Time': Timestamp('2005-09-24 14:48:48'), 'mag': 5.2}, {'lat': 34.297, 'long': 140.82, 'Time': Timestamp('2005-09-24 14:48:48'), 'mag': 5.2}, {'lat': 1.556, 'long': 126.583, 'Time': Timestamp('2005-09-25 00:08:40'), 'mag': 5.4}, {'lat': 1.556, 'long': 126.583, 'Time': Timestamp('2005-09-25 00:08:40'), 'mag': 5.4}, {'lat': 1.556, 'long': 126.583, 'Time': Timestamp('2005-09-25 00:08:40'), 'mag': 5.4}]",8,2005-09-24 05:09:48,RDM_df_train_30D-20_22SW-tw48_w0.csv,2.9312836111111107
1252,2005-11-25 08:55:22.554,1,"[{'lat': 38.26, 'long': 38.814, 'Time': Timestamp('2005-11-26 15:56:55'), 'mag': 5.1}, {'lat': 35.02, 'long': 23.32, 'Time': Timestamp('2005-11-25 09:30:56'), 'mag': 5.2}, {'lat': 38.26, 'long': 38.814, 'Time': Timestamp('2005-11-26 15:56:55'), 'mag': 5.1}, {'lat': 35.02, 'long': 23.32, 'Time': Timestamp('2005-11-25 09:30:56'), 'mag': 5.2}, {'lat': 38.26, 'long': 38.814, 'Time': Timestamp('2005-11-26 15:56:55'), 'mag': 5.1}, {'lat': 35.02, 'long': 23.32, 'Time': Timestamp('2005-11-25 09:30:56'), 'mag': 5.2}]",6,2005-11-26 15:56:55,RDM_df_train_30D-20_22SW-tw48_w0.csv,31.025679444444442
544,2005-05-30 23:15:22.361,1,"[{'lat': -32.756, 'long': -179.142, 'Time': Timestamp('2005-06-01 13:56:21'), 'mag': 5.1}, {'lat': -32.754, 'long': -179.177, 'Time': Timestamp('2005-06-01 17:11:20'), 'mag': 5.2}, {'lat': -32.756, 'long': -179.142, 'Time': Timestamp('2005-06-01 13:56:21'), 'mag': 5.1}, {'lat': -32.754, 'long': -179.177, 'Time': Timestamp('2005-06-01 17:11:20'), 'mag': 5.2}, {'lat': -32.756, 'long': -179.142, 'Time': Timestamp('2005-06-01 13:56:21'), 'mag': 5.1}, {'lat': -32.754, 'long': -179.177, 'Time': Timestamp('2005-06-01 17:11:20'), 'mag': 5.2}, {'lat': -15.592, 'long': 167.178, 'Time': Timestamp('2005-06-01 09:41:38'), 'mag': 5.2}, {'lat': -15.592, 'long': 167.178, 'Time': Timestamp('2005-06-01 09:41:38'), 'mag': 5.2}, {'lat': -15.592, 'long': 167.178, 'Time': Timestamp('2005-06-01 09:41:38'), 'mag': 5.2}]",9,2005-06-01 13:56:21,RDM_df_train_30D-20_22SW-tw48_w0.csv,38.68295527777778
1282,2005-11-14 16:49:49.387,1,"[{'lat': -9.392, 'long': -78.553, 'Time': Timestamp('2005-11-16 07:21:32'), 'mag': 5.0}, {'lat': -9.392, 'long': -78.553, 'Time': Timestamp('2005-11-16 07:21:32'), 'mag': 5.0}]",2,2005-11-16 07:21:32,RDM_df_train_30D-20_22SW-tw48_w0.csv,38.52850361111111
149,2005-03-01 18:57:22.828,1,"[{'lat': -24.964, 'long': -112.124, 'Time': Timestamp('2005-03-01 23:57:01'), 'mag': 5.6}, {'lat': -25.01, 'long': -112.389, 'Time': Timestamp('2005-03-02 00:27:42'), 'mag': 5.1}, {'lat': -24.964, 'long': -112.124, 'Time': Timestamp('2005-03-01 23:57:01'), 'mag': 5.6}, {'lat': -25.01, 'long': -112.389, 'Time': Timestamp('2005-03-02 00:27:42'), 'mag': 5.1}, {'lat': 34.715, 'long': -110.97, 'Time': Timestamp('2005-03-02 11:12:57'), 'mag': 5.1}, {'lat': 34.715, 'long': -110.97, 'Time': Timestamp('2005-03-02 11:12:57'), 'mag': 5.1}, {'lat': 34.715, 'long': -110.97, 'Time': Timestamp('2005-03-02 11:12:57'), 'mag': 5.1}, {'lat': -54.423, 'long': -137.172, 'Time': Timestamp('2005-03-03 05:37:16'), 'mag': 5.1}, {'lat': -54.423, 'long': -137.172, 'Time': Timestamp('2005-03-03 05:37:16'), 'mag': 5.1}, {'lat': -54.423, 'long': -137.172, 'Time': Timestamp('2005-03-03 05:37:16'), 'mag': 5.1}]",10,2005-03-01 23:57:01,RDM_df_train_30D-20_22SW-tw48_w0.csv,4.9939366666666665
1205,2005-10-24 01:36:49.669,1,"[{'lat': -7.154, 'long': 145.976, 'Time': Timestamp('2005-10-25 19:40:43'), 'mag': 5.9}, {'lat': -7.154, 'long': 145.976, 'Time': Timestamp('2005-10-25 19:40:43'), 'mag': 5.9}, {'lat': 38.5, 'long': 141.983, 'Time': Timestamp('2005-10-24 09:34:55'), 'mag': 5.0}, {'lat': 38.5, 'long': 141.983, 'Time': Timestamp('2005-10-24 09:34:55'), 'mag': 5.0}, {'lat': 38.5, 'long': 141.983, 'Time': Timestamp('2005-10-24 09:34:55'), 'mag': 5.0}, {'lat': -4.656, 'long': 125.655, 'Time': Timestamp('2005-10-25 11:20:15'), 'mag': 5.2}, {'lat': -4.656, 'long': 125.655, 'Time': Timestamp('2005-10-25 11:20:15'), 'mag': 5.2}, {'lat': -4.656, 'long': 125.655, 'Time': Timestamp('2005-10-25 11:20:15'), 'mag': 5.2}]",8,2005-10-25 19:40:43,RDM_df_train_30D-20_22SW-tw48_w0.csv,42.06481416666667
915,2005-08-18 06:09:54.157,1,"[{'lat': -31.447, 'long': 58.586, 'Time': Timestamp('2005-08-19 13:04:03'), 'mag': 5.1}, {'lat': -31.447, 'long': 58.586, 'Time': Timestamp('2005-08-19 13:04:03'), 'mag': 5.1}, {'lat': -31.447, 'long': 58.586, 'Time': Timestamp('2005-08-19 13:04:03'), 'mag': 5.1}]",3,2005-08-19 13:04:03,RDM_df_train_30D-20_22SW-tw48_w0.csv,30.902456388888886
585,2005-05-17 22:26:53.354,1,"[{'lat': 60.0168, 'long': -152.693, 'Time': Timestamp('2005-05-19 01:12:29'), 'mag': 5.4}, {'lat': 60.0168, 'long': -152.693, 'Time': Timestamp('2005-05-19 01:12:29'), 'mag': 5.4}, {'lat': -12.968, 'long': 166.81, 'Time': Timestamp('2005-05-19 07:52:50'), 'mag': 5.0}]",3,2005-05-19 01:12:29,RDM_df_train_30D-20_22SW-tw48_w0.csv,26.759901666666664
127,2005-02-12 08:32:53.120,1,"[{'lat': 11.961, 'long': 57.838, 'Time': Timestamp('2005-02-13 05:26:54'), 'mag': 5.1}, {'lat': 11.961, 'long': 57.838, 'Time': Timestamp('2005-02-13 05:26:54'), 'mag': 5.1}, {'lat': 11.961, 'long': 57.838, 'Time': Timestamp('2005-02-13 05:26:54'), 'mag': 5.1}]",3,2005-02-13 05:26:54,RDM_df_train_30D-20_22SW-tw48_w0.csv,20.900244444444446
741,2005-07-06 23:52:22.971,1,"[{'lat': 56.068, 'long': 164.605, 'Time': Timestamp('2005-07-07 02:17:05'), 'mag': 5.6}, {'lat': -4.427, 'long': 153.737, 'Time': Timestamp('2005-07-07 15:52:51'), 'mag': 5.2}, {'lat': -4.427, 'long': 153.737, 'Time': Timestamp('2005-07-07 15:52:51'), 'mag': 5.2}, {'lat': -4.427, 'long': 153.737, 'Time': Timestamp('2005-07-07 15:52:51'), 'mag': 5.2}]",4,2005-07-07 02:17:05,RDM_df_train_30D-20_22SW-tw48_w0.csv,2.4116747222222226
534,2005-05-05 07:42:25.012,1,"[{'lat': -19.968, 'long': 66.474, 'Time': Timestamp('2005-05-05 13:12:48'), 'mag': 5.5}, {'lat': -19.968, 'long': 66.474, 'Time': Timestamp('2005-05-05 13:12:48'), 'mag': 5.5}, {'lat': -19.968, 'long': 66.474, 'Time': Timestamp('2005-05-05 13:12:48'), 'mag': 5.5}]",3,2005-05-05 13:12:48,RDM_df_train_30D-20_22SW-tw48_w0.csv,5.506385555555556
925,2005-08-09 20:06:52.723,1,"[{'lat': 36.947, 'long': -104.833, 'Time': Timestamp('2005-08-10 22:08:22'), 'mag': 5.0}, {'lat': 36.947, 'long': -104.833, 'Time': Timestamp('2005-08-10 22:08:22'), 'mag': 5.0}, {'lat': 36.947, 'long': -104.833, 'Time': Timestamp('2005-08-10 22:08:22'), 'mag': 5.0}, {'lat': -55.163, 'long': -129.218, 'Time': Timestamp('2005-08-11 11:36:33'), 'mag': 5.3}, {'lat': -55.163, 'long': -129.218, 'Time': Timestamp('2005-08-11 11:36:33'), 'mag': 5.3}, {'lat': -55.163, 'long': -129.218, 'Time': Timestamp('2005-08-11 11:36:33'), 'mag': 5.3}]",6,2005-08-10 22:08:22,RDM_df_train_30D-20_22SW-tw48_w0.csv,26.024799166666668
1121,2005-09-20 01:49:19.412,1,"[{'lat': -50.256, 'long': 139.269, 'Time': Timestamp('2005-09-21 04:29:32'), 'mag': 5.3}, {'lat': -50.256, 'long': 139.269, 'Time': Timestamp('2005-09-21 04:29:32'), 'mag': 5.3}, {'lat': 43.892, 'long': 146.145, 'Time': Timestamp('2005-09-21 02:25:08'), 'mag': 6.1}, {'lat': 43.892, 'long': 146.145, 'Time': Timestamp('2005-09-21 02:25:08'), 'mag': 6.1}, {'lat': 26.97, 'long': 125.621, 'Time': Timestamp('2005-09-20 04:22:42'), 'mag': 5.1}, {'lat': 26.97, 'long': 125.621, 'Time': Timestamp('2005-09-20 04:22:42'), 'mag': 5.1}]",6,2005-09-21 04:29:32,RDM_df_train_30D-20_22SW-tw48_w0.csv,26.670163333333335
549,2005-05-10 20:42:50.468,1,"[{'lat': -57.382, 'long': -139.231, 'Time': Timestamp('2005-05-12 11:15:35'), 'mag': 6.5}, {'lat': -57.382, 'long': -139.231, 'Time': Timestamp('2005-05-12 11:15:35'), 'mag': 6.5}, {'lat': -57.382, 'long': -139.231, 'Time': Timestamp('2005-05-12 11:15:35'), 'mag': 6.5}]",3,2005-05-12 11:15:35,RDM_df_train_30D-20_22SW-tw48_w0.csv,38.545703333333336
457,2005-05-10 13:49:49.844,1,"[{'lat': 62.246, 'long': -26.402, 'Time': Timestamp('2005-05-10 21:40:27'), 'mag': 5.2}]",1,2005-05-10 21:40:27,RDM_df_train_30D-20_22SW-tw48_w0.csv,7.843654444444444
874,2005-08-03 19:17:49.734,1,"[{'lat': -26.634, 'long': -114.504, 'Time': Timestamp('2005-08-04 10:27:12'), 'mag': 5.8}, {'lat': -26.634, 'long': -114.504, 'Time': Timestamp('2005-08-04 10:27:12'), 'mag': 5.8}, {'lat': -26.634, 'long': -114.504, 'Time': Timestamp('2005-08-04 10:27:12'), 'mag': 5.8}]",3,2005-08-04 10:27:12,RDM_df_train_30D-20_22SW-tw48_w0.csv,15.156185
1271,2005-11-23 01:11:46.852,1,"[{'lat': 50.073, 'long': 147.704, 'Time': Timestamp('2005-11-23 19:33:45'), 'mag': 5.5}, {'lat': 50.073, 'long': 147.704, 'Time': Timestamp('2005-11-23 19:33:45'), 'mag': 5.5}, {'lat': 50.073, 'long': 147.704, 'Time': Timestamp('2005-11-23 19:33:45'), 'mag': 5.5}, {'lat': -3.1, 'long': 130.328, 'Time': Timestamp('2005-11-24 20:28:56'), 'mag': 5.0}, {'lat': -3.1, 'long': 130.328, 'Time': Timestamp('2005-11-24 20:28:56'), 'mag': 5.0}, {'lat': -3.1, 'long': 130.328, 'Time': Timestamp('2005-11-24 20:28:56'), 'mag': 5.0}]",6,2005-11-23 19:33:45,RDM_df_train_30D-20_22SW-tw48_w0.csv,18.366152222222222
557,2005-05-19 12:15:52.374,1,"[{'lat': -58.768, 'long': -25.262, 'Time': Timestamp('2005-05-20 07:57:57'), 'mag': 5.3}]",1,2005-05-20 07:57:57,RDM_df_train_30D-20_22SW-tw48_w0.csv,19.701285000000002
1475,2005-12-29 18:31:52.849,1,"[{'lat': 7.529, 'long': -82.266, 'Time': Timestamp('2005-12-30 18:26:43'), 'mag': 6.1}]",1,2005-12-30 18:26:43,RDM_df_train_30D-20_22SW-tw48_w0.csv,23.913930833333332
896,2005-08-20 12:16:23.002,1,"[{'lat': -59.243, 'long': -25.675, 'Time': Timestamp('2005-08-21 07:12:18'), 'mag': 5.1}]",1,2005-08-21 07:12:18,RDM_df_train_30D-20_22SW-tw48_w0.csv,18.931943888888892
874,2005-08-03 19:17:49.734,1,"[{'lat': -26.634, 'long': -114.504, 'Time': Timestamp('2005-08-04 10:27:12'), 'mag': 5.8}, {'lat': -26.634, 'long': -114.504, 'Time': Timestamp('2005-08-04 10:27:12'), 'mag': 5.8}, {'lat': -26.634, 'long': -114.504, 'Time': Timestamp('2005-08-04 10:27:12'), 'mag': 5.8}]",3,2005-08-04 10:27:12,RDM_df_train_30D-20_22SW-tw48_w0.csv,15.156185
1342,2005-12-05 22:20:21.008,1,"[{'lat': -17.126, 'long': -176.989, 'Time': Timestamp('2005-12-07 19:34:18'), 'mag': 5.4}]",1,2005-12-07 19:34:18,RDM_df_train_30D-20_22SW-tw48_w0.csv,45.23249777777778
20,2005-02-07 22:26:19.523,1,"[{'lat': -14.252, 'long': 167.259, 'Time': Timestamp('2005-02-08 14:48:21'), 'mag': 6.7}]",1,2005-02-08 14:48:21,RDM_df_train_30D-20_22SW-tw48_w0.csv,16.367076944444445
1356,2005-12-07 01:23:53.622,1,"[{'lat': -5.408, 'long': 146.953, 'Time': Timestamp('2005-12-08 09:01:27'), 'mag': 6.1}, {'lat': -5.408, 'long': 146.953, 'Time': Timestamp('2005-12-08 09:01:27'), 'mag': 6.1}]",2,2005-12-08 09:01:27,RDM_df_train_30D-20_22SW-tw48_w0.csv,31.625938333333334
1422,2005-12-03 21:37:22.168,1,"[{'lat': -23.429, 'long': -176.167, 'Time': Timestamp('2005-12-04 02:49:23'), 'mag': 5.4}, {'lat': -23.429, 'long': -176.167, 'Time': Timestamp('2005-12-04 02:49:23'), 'mag': 5.4}]",2,2005-12-04 02:49:23,RDM_df_train_30D-20_22SW-tw48_w0.csv,5.200231111111111
1414,2005-12-14 01:05:17.796,1,"[{'lat': -14.596, 'long': 167.928, 'Time': Timestamp('2005-12-14 06:45:41'), 'mag': 5.6}, {'lat': -14.6, 'long': 168.01, 'Time': Timestamp('2005-12-14 09:20:31'), 'mag': 5.0}, {'lat': -14.596, 'long': 167.928, 'Time': Timestamp('2005-12-14 06:45:41'), 'mag': 5.6}, {'lat': -14.6, 'long': 168.01, 'Time': Timestamp('2005-12-14 09:20:31'), 'mag': 5.0}, {'lat': -14.596, 'long': 167.928, 'Time': Timestamp('2005-12-14 06:45:41'), 'mag': 5.6}, {'lat': -14.6, 'long': 168.01, 'Time': Timestamp('2005-12-14 09:20:31'), 'mag': 5.0}, {'lat': 12.233, 'long': 141.031, 'Time': Timestamp('2005-12-15 23:07:15'), 'mag': 5.0}, {'lat': 12.233, 'long': 141.031, 'Time': Timestamp('2005-12-15 23:07:15'), 'mag': 5.0}, {'lat': 12.233, 'long': 141.031, 'Time': Timestamp('2005-12-15 23:07:15'), 'mag': 5.0}]",9,2005-12-14 06:45:41,RDM_df_train_30D-20_22SW-tw48_w0.csv,5.673112222222223
251,2005-03-02 05:54:24.704,1,"[{'lat': -5.615, 'long': 101.535, 'Time': Timestamp('2005-03-02 21:54:16'), 'mag': 5.0}, {'lat': -5.615, 'long': 101.535, 'Time': Timestamp('2005-03-02 21:54:16'), 'mag': 5.0}]",2,2005-03-02 21:54:16,RDM_df_train_30D-20_22SW-tw48_w0.csv,15.997582222222222
431,2005-04-19 17:45:21.211,1,"[{'lat': 5.014, 'long': -76.269, 'Time': Timestamp('2005-04-21 03:39:24'), 'mag': 5.2}, {'lat': 5.014, 'long': -76.269, 'Time': Timestamp('2005-04-21 03:39:24'), 'mag': 5.2}]",2,2005-04-21 03:39:24,RDM_df_train_30D-20_22SW-tw48_w0.csv,33.90077472222222
463,2005-04-18 02:00:51.652,1,"[{'lat': 33.637, 'long': 130.179, 'Time': Timestamp('2005-04-19 21:11:28'), 'mag': 5.5}, {'lat': 29.642, 'long': 138.891, 'Time': Timestamp('2005-04-19 01:46:56'), 'mag': 5.9}, {'lat': 33.637, 'long': 130.179, 'Time': Timestamp('2005-04-19 21:11:28'), 'mag': 5.5}, {'lat': 29.642, 'long': 138.891, 'Time': Timestamp('2005-04-19 01:46:56'), 'mag': 5.9}, {'lat': 33.637, 'long': 130.179, 'Time': Timestamp('2005-04-19 21:11:28'), 'mag': 5.5}, {'lat': 13.918, 'long': 120.71, 'Time': Timestamp('2005-04-19 00:31:42'), 'mag': 5.0}, {'lat': 13.918, 'long': 120.71, 'Time': Timestamp('2005-04-19 00:31:42'), 'mag': 5.0}]",7,2005-04-19 21:11:28,RDM_df_train_30D-20_22SW-tw48_w0.csv,43.176763333333334
716,2005-06-24 05:38:52.436,1,"[{'lat': 4.806, 'long': 95.146, 'Time': Timestamp('2005-06-24 21:45:11'), 'mag': 5.3}, {'lat': 4.806, 'long': 95.146, 'Time': Timestamp('2005-06-24 21:45:11'), 'mag': 5.3}, {'lat': 4.183, 'long': 93.266, 'Time': Timestamp('2005-06-26 04:29:17'), 'mag': 5.1}, {'lat': 4.806, 'long': 95.146, 'Time': Timestamp('2005-06-24 21:45:11'), 'mag': 5.3}, {'lat': 4.183, 'long': 93.266, 'Time': Timestamp('2005-06-26 04:29:17'), 'mag': 5.1}]",5,2005-06-24 21:45:11,RDM_df_train_30D-20_22SW-tw48_w0.csv,16.105156666666666
814,2005-07-25 02:32:21.460,1,"[{'lat': 52.871, 'long': 160.105, 'Time': Timestamp('2005-07-26 12:17:14'), 'mag': 5.8}, {'lat': 52.871, 'long': 160.105, 'Time': Timestamp('2005-07-26 12:17:14'), 'mag': 5.8}, {'lat': 52.871, 'long': 160.105, 'Time': Timestamp('2005-07-26 12:17:14'), 'mag': 5.8}, {'lat': 33.262, 'long': 142.288, 'Time': Timestamp('2005-07-26 05:14:43'), 'mag': 5.0}, {'lat': 33.312, 'long': 142.336, 'Time': Timestamp('2005-07-26 06:20:26'), 'mag': 5.0}, {'lat': 33.283, 'long': 142.324, 'Time': Timestamp('2005-07-26 06:24:04'), 'mag': 5.0}, {'lat': 33.342, 'long': 142.222, 'Time': Timestamp('2005-07-26 19:33:44'), 'mag': 5.0}, {'lat': 33.262, 'long': 142.288, 'Time': Timestamp('2005-07-26 05:14:43'), 'mag': 5.0}, {'lat': 33.312, 'long': 142.336, 'Time': Timestamp('2005-07-26 06:20:26'), 'mag': 5.0}, {'lat': 33.283, 'long': 142.324, 'Time': Timestamp('2005-07-26 06:24:04'), 'mag': 5.0}, {'lat': 33.342, 'long': 142.222, 'Time': Timestamp('2005-07-26 19:33:44'), 'mag': 5.0}, {'lat': -4.011, 'long': 151.866, 'Time': Timestamp('2005-07-25 04:31:29'), 'mag': 5.4}, {'lat': -3.942, 'long': 147.2, 'Time': Timestamp('2005-07-26 13:32:31'), 'mag': 5.2}, {'lat': -4.011, 'long': 151.866, 'Time': Timestamp('2005-07-25 04:31:29'), 'mag': 5.4}, {'lat': -3.942, 'long': 147.2, 'Time': Timestamp('2005-07-26 13:32:31'), 'mag': 5.2}, {'lat': -4.011, 'long': 151.866, 'Time': Timestamp('2005-07-25 04:31:29'), 'mag': 5.4}, {'lat': -3.942, 'long': 147.2, 'Time': Timestamp('2005-07-26 13:32:31'), 'mag': 5.2}, {'lat': 46.827, 'long': 125.058, 'Time': Timestamp('2005-07-25 15:43:41'), 'mag': 5.0}, {'lat': 46.827, 'long': 125.058, 'Time': Timestamp('2005-07-25 15:43:41'), 'mag': 5.0}, {'lat': 46.827, 'long': 125.058, 'Time': Timestamp('2005-07-25 15:43:41'), 'mag': 5.0}]",20,2005-07-26 12:17:14,RDM_df_train_30D-20_22SW-tw48_w0.csv,33.747927777777775
629,2005-06-12 16:31:51.791,1,"[{'lat': -14.158, 'long': -76.207, 'Time': Timestamp('2005-06-14 09:29:53'), 'mag': 5.2}, {'lat': -19.987, 'long': -69.197, 'Time': Timestamp('2005-06-13 22:44:33'), 'mag': 7.8}, {'lat': -14.158, 'long': -76.207, 'Time': Timestamp('2005-06-14 09:29:53'), 'mag': 5.2}, {'lat': -19.987, 'long': -69.197, 'Time': Timestamp('2005-06-13 22:44:33'), 'mag': 7.8}, {'lat': -14.158, 'long': -76.207, 'Time': Timestamp('2005-06-14 09:29:53'), 'mag': 5.2}, {'lat': -19.987, 'long': -69.197, 'Time': Timestamp('2005-06-13 22:44:33'), 'mag': 7.8}, {'lat': 18.316, 'long': -77.443, 'Time': Timestamp('2005-06-13 03:58:01'), 'mag': 5.2}, {'lat': 18.316, 'long': -77.443, 'Time': Timestamp('2005-06-13 03:58:01'), 'mag': 5.2}]",8,2005-06-14 09:29:53,RDM_df_train_30D-20_22SW-tw48_w0.csv,40.9670025
31,2005-01-21 01:33:48.042,1,"[{'lat': -7.727, 'long': 159.475, 'Time': Timestamp('2005-01-22 20:30:17'), 'mag': 6.4}, {'lat': -5.849, 'long': 151.582, 'Time': Timestamp('2005-01-23 01:03:55'), 'mag': 5.5}, {'lat': -7.727, 'long': 159.475, 'Time': Timestamp('2005-01-22 20:30:17'), 'mag': 6.4}, {'lat': -5.849, 'long': 151.582, 'Time': Timestamp('2005-01-23 01:03:55'), 'mag': 5.5}, {'lat': -7.727, 'long': 159.475, 'Time': Timestamp('2005-01-22 20:30:17'), 'mag': 6.4}, {'lat': -5.849, 'long': 151.582, 'Time': Timestamp('2005-01-23 01:03:55'), 'mag': 5.5}, {'lat': 34.021, 'long': 141.553, 'Time': Timestamp('2005-01-21 12:45:31'), 'mag': 5.7}, {'lat': 34.003, 'long': 141.367, 'Time': Timestamp('2005-01-21 17:58:56'), 'mag': 5.8}, {'lat': 33.892, 'long': 141.52, 'Time': Timestamp('2005-01-21 18:10:35'), 'mag': 5.0}, {'lat': 34.021, 'long': 141.553, 'Time': Timestamp('2005-01-21 12:45:31'), 'mag': 5.7}, {'lat': 34.003, 'long': 141.367, 'Time': Timestamp('2005-01-21 17:58:56'), 'mag': 5.8}, {'lat': 33.892, 'long': 141.52, 'Time': Timestamp('2005-01-21 18:10:35'), 'mag': 5.0}, {'lat': 34.021, 'long': 141.553, 'Time': Timestamp('2005-01-21 12:45:31'), 'mag': 5.7}, {'lat': 34.003, 'long': 141.367, 'Time': Timestamp('2005-01-21 17:58:56'), 'mag': 5.8}, {'lat': 33.892, 'long': 141.52, 'Time': Timestamp('2005-01-21 18:10:35'), 'mag': 5.0}, {'lat': 5.186, 'long': 125.245, 'Time': Timestamp('2005-01-21 17:54:34'), 'mag': 5.9}, {'lat': 5.186, 'long': 125.245, 'Time': Timestamp('2005-01-21 17:54:34'), 'mag': 5.9}, {'lat': 5.186, 'long': 125.245, 'Time': Timestamp('2005-01-21 17:54:34'), 'mag': 5.9}, {'lat': -10.73, 'long': 123.948, 'Time': Timestamp('2005-01-22 10:48:45'), 'mag': 5.2}, {'lat': -10.73, 'long': 123.948, 'Time': Timestamp('2005-01-22 10:48:45'), 'mag': 5.2}, {'lat': -10.73, 'long': 123.948, 'Time': Timestamp('2005-01-22 10:48:45'), 'mag': 5.2}]",21,2005-01-22 20:30:17,RDM_df_train_30D-20_22SW-tw48_w0.csv,42.94137722222223
816,2005-07-24 09:09:52.450,1,"[{'lat': 39.674, 'long': 64.129, 'Time': Timestamp('2005-07-24 18:05:59'), 'mag': 5.1}, {'lat': 39.674, 'long': 64.129, 'Time': Timestamp('2005-07-24 18:05:59'), 'mag': 5.1}]",2,2005-07-24 18:05:59,RDM_df_train_30D-20_22SW-tw48_w0.csv,8.935152777777777
1003,2005-08-26 16:50:52.420,1,"[{'lat': 6.817, 'long': -82.432, 'Time': Timestamp('2005-08-27 18:38:20'), 'mag': 6.1}, {'lat': 6.817, 'long': -82.432, 'Time': Timestamp('2005-08-27 18:38:20'), 'mag': 6.1}]",2,2005-08-27 18:38:20,RDM_df_train_30D-20_22SW-tw48_w0.csv,25.790994444444443
1442,2005-12-26 07:04:22.117,1,"[{'lat': 32.1, 'long': 49.2, 'Time': Timestamp('2005-12-26 23:15:50'), 'mag': 5.0}, {'lat': 32.1, 'long': 49.2, 'Time': Timestamp('2005-12-26 23:15:50'), 'mag': 5.0}]",2,2005-12-26 23:15:50,RDM_df_train_30D-20_22SW-tw48_w0.csv,16.191078611111113
1313,2005-11-13 01:17:47.634,1,"[{'lat': 38.107, 'long': 144.896, 'Time': Timestamp('2005-11-14 21:38:51'), 'mag': 7.0}, {'lat': 38.107, 'long': 144.896, 'Time': Timestamp('2005-11-14 21:38:51'), 'mag': 7.0}, {'lat': 38.107, 'long': 144.896, 'Time': Timestamp('2005-11-14 21:38:51'), 'mag': 7.0}, {'lat': -3.1, 'long': 128.944, 'Time': Timestamp('2005-11-13 10:24:58'), 'mag': 5.9}, {'lat': -3.1, 'long': 128.944, 'Time': Timestamp('2005-11-13 10:24:58'), 'mag': 5.9}, {'lat': -3.1, 'long': 128.944, 'Time': Timestamp('2005-11-13 10:24:58'), 'mag': 5.9}]",6,2005-11-14 21:38:51,RDM_df_train_30D-20_22SW-tw48_w0.csv,44.350935
935,2005-08-04 00:47:48.680,1,"[{'lat': 51.235, 'long': -178.254, 'Time': Timestamp('2005-08-05 00:56:53'), 'mag': 5.8}, {'lat': 51.235, 'long': -178.254, 'Time': Timestamp('2005-08-05 00:56:53'), 'mag': 5.8}, {'lat': 51.235, 'long': -178.254, 'Time': Timestamp('2005-08-05 00:56:53'), 'mag': 5.8}, {'lat': -3.657, 'long': 140.178, 'Time': Timestamp('2005-08-04 09:26:52'), 'mag': 5.8}, {'lat': -5.596, 'long': 145.658, 'Time': Timestamp('2005-08-05 23:56:57'), 'mag': 5.3}, {'lat': -3.657, 'long': 140.178, 'Time': Timestamp('2005-08-04 09:26:52'), 'mag': 5.8}, {'lat': -5.596, 'long': 145.658, 'Time': Timestamp('2005-08-05 23:56:57'), 'mag': 5.3}, {'lat': -3.657, 'long': 140.178, 'Time': Timestamp('2005-08-04 09:26:52'), 'mag': 5.8}, {'lat': -5.596, 'long': 145.658, 'Time': Timestamp('2005-08-05 23:56:57'), 'mag': 5.3}, {'lat': -49.603, 'long': 125.951, 'Time': Timestamp('2005-08-04 12:57:34'), 'mag': 5.4}, {'lat': -49.603, 'long': 125.951, 'Time': Timestamp('2005-08-04 12:57:34'), 'mag': 5.4}]",11,2005-08-05 00:56:53,RDM_df_train_30D-20_22SW-tw48_w0.csv,24.151200000000003
809,2005-07-29 00:11:22.278,1,"[{'lat': 52.906, 'long': -168.647, 'Time': Timestamp('2005-07-29 05:00:30'), 'mag': 5.6}, {'lat': 52.906, 'long': -168.647, 'Time': Timestamp('2005-07-29 05:00:30'), 'mag': 5.6}, {'lat': -61.474, 'long': 154.249, 'Time': Timestamp('2005-07-30 11:03:49'), 'mag': 6.0}]",3,2005-07-29 05:00:30,RDM_df_train_30D-20_22SW-tw48_w0.csv,4.818811666666667
695,2005-06-19 15:17:16.958,1,"[{'lat': -1.744, 'long': -77.815, 'Time': Timestamp('2005-06-21 10:03:52'), 'mag': 5.0}, {'lat': -1.744, 'long': -77.815, 'Time': Timestamp('2005-06-21 10:03:52'), 'mag': 5.0}, {'lat': -1.744, 'long': -77.815, 'Time': Timestamp('2005-06-21 10:03:52'), 'mag': 5.0}, {'lat': -19.985, 'long': -68.807, 'Time': Timestamp('2005-06-21 05:11:18'), 'mag': 5.5}, {'lat': -19.985, 'long': -68.807, 'Time': Timestamp('2005-06-21 05:11:18'), 'mag': 5.5}, {'lat': -19.985, 'long': -68.807, 'Time': Timestamp('2005-06-21 05:11:18'), 'mag': 5.5}]",6,2005-06-21 10:03:52,RDM_df_train_30D-20_22SW-tw48_w0.csv,42.776400555555554
1503,2005-12-30 21:16:46.554,1,"[{'lat': -27.18, 'long': -176.434, 'Time': Timestamp('2005-12-31 09:29:27'), 'mag': 5.2}, {'lat': -27.18, 'long': -176.434, 'Time': Timestamp('2005-12-31 09:29:27'), 'mag': 5.2}, {'lat': -27.18, 'long': -176.434, 'Time': Timestamp('2005-12-31 09:29:27'), 'mag': 5.2}]",3,2005-12-31 09:29:27,RDM_df_train_30D-20_22SW-tw48_w0.csv,12.211235
579,2005-05-22 00:59:49.688,1,"[{'lat': 51.043, 'long': 178.506, 'Time': Timestamp('2005-05-23 15:10:35'), 'mag': 5.0}, {'lat': -2.762, 'long': 140.109, 'Time': Timestamp('2005-05-23 07:47:23'), 'mag': 5.0}, {'lat': -2.762, 'long': 140.109, 'Time': Timestamp('2005-05-23 07:47:23'), 'mag': 5.0}]",3,2005-05-23 15:10:35,RDM_df_train_30D-20_22SW-tw48_w0.csv,38.179253333333335
406,2005-04-04 23:27:22.941,1,"[{'lat': -56.093, 'long': 147.113, 'Time': Timestamp('2005-04-06 00:28:05'), 'mag': 5.4}]",1,2005-04-06 00:28:05,RDM_df_train_30D-20_22SW-tw48_w0.csv,25.011683055555554
1546,2006-01-24 21:52:48.110,1,"[{'lat': -30.688, 'long': -177.791, 'Time': Timestamp('2006-01-26 01:16:15'), 'mag': 5.6}, {'lat': -30.445, 'long': -177.913, 'Time': Timestamp('2006-01-26 06:32:16'), 'mag': 5.0}, {'lat': -30.688, 'long': -177.791, 'Time': Timestamp('2006-01-26 01:16:15'), 'mag': 5.6}, {'lat': -30.445, 'long': -177.913, 'Time': Timestamp('2006-01-26 06:32:16'), 'mag': 5.0}, {'lat': -65.417, 'long': 179.489, 'Time': Timestamp('2006-01-26 10:43:26'), 'mag': 5.6}]",5,2006-01-26 01:16:15,RDM_df_train_30D-20_22SW-tw48_w0.csv,27.39080277777778
292,2005-03-21 06:13:57.238,1,"[{'lat': 12.339, 'long': 92.533, 'Time': Timestamp('2005-03-21 14:14:09'), 'mag': 5.0}, {'lat': 13.061, 'long': 92.476, 'Time': Timestamp('2005-03-22 09:38:28'), 'mag': 5.0}, {'lat': 12.339, 'long': 92.533, 'Time': Timestamp('2005-03-21 14:14:09'), 'mag': 5.0}, {'lat': 13.061, 'long': 92.476, 'Time': Timestamp('2005-03-22 09:38:28'), 'mag': 5.0}, {'lat': 12.339, 'long': 92.533, 'Time': Timestamp('2005-03-21 14:14:09'), 'mag': 5.0}, {'lat': 13.061, 'long': 92.476, 'Time': Timestamp('2005-03-22 09:38:28'), 'mag': 5.0}]",6,2005-03-21 14:14:09,RDM_df_train_30D-20_22SW-tw48_w0.csv,8.003267222222222
151,2005-03-01 01:29:21.272,1,"[{'lat': 50.325, 'long': 142.437, 'Time': Timestamp('2005-03-02 13:35:14'), 'mag': 5.0}, {'lat': 50.325, 'long': 142.437, 'Time': Timestamp('2005-03-02 13:35:14'), 'mag': 5.0}, {'lat': -6.527, 'long': 129.933, 'Time': Timestamp('2005-03-02 10:42:12'), 'mag': 7.1}, {'lat': -6.227, 'long': 123.643, 'Time': Timestamp('2005-03-01 15:21:07'), 'mag': 5.1}, {'lat': -6.527, 'long': 129.933, 'Time': Timestamp('2005-03-02 10:42:12'), 'mag': 7.1}, {'lat': -6.227, 'long': 123.643, 'Time': Timestamp('2005-03-01 15:21:07'), 'mag': 5.1}, {'lat': -6.527, 'long': 129.933, 'Time': Timestamp('2005-03-02 10:42:12'), 'mag': 7.1}]",7,2005-03-02 13:35:14,RDM_df_train_30D-20_22SW-tw48_w0.csv,36.09798
740,2005-06-18 15:42:21.923,1,"[{'lat': -63.481, 'long': -61.945, 'Time': Timestamp('2005-06-19 13:59:46'), 'mag': 5.4}]",1,2005-06-19 13:59:46,RDM_df_train_30D-20_22SW-tw48_w0.csv,22.29002138888889
1361,2005-11-26 21:13:22.061,1,"[{'lat': -15.036, 'long': -172.518, 'Time': Timestamp('2005-11-28 12:40:32'), 'mag': 5.3}, {'lat': -15.036, 'long': -172.518, 'Time': Timestamp('2005-11-28 12:40:32'), 'mag': 5.3}, {'lat': -15.036, 'long': -172.518, 'Time': Timestamp('2005-11-28 12:40:32'), 'mag': 5.3}]",3,2005-11-28 12:40:32,RDM_df_train_30D-20_22SW-tw48_w0.csv,39.452760833333336
680,2005-06-13 05:32:22.995,1,"[{'lat': 7.654, 'long': 93.934, 'Time': Timestamp('2005-06-13 19:28:13'), 'mag': 5.3}, {'lat': 7.654, 'long': 93.934, 'Time': Timestamp('2005-06-13 19:28:13'), 'mag': 5.3}, {'lat': 2.741, 'long': 94.169, 'Time': Timestamp('2005-06-13 19:59:52'), 'mag': 5.8}, {'lat': 7.654, 'long': 93.934, 'Time': Timestamp('2005-06-13 19:28:13'), 'mag': 5.3}, {'lat': 2.741, 'long': 94.169, 'Time': Timestamp('2005-06-13 19:59:52'), 'mag': 5.8}]",5,2005-06-13 19:28:13,RDM_df_train_30D-20_22SW-tw48_w0.csv,13.930556944444444
1135,2005-09-25 10:37:54.190,1,"[{'lat': 43.155, 'long': 18.203, 'Time': Timestamp('2005-09-27 00:25:35'), 'mag': 5.1}, {'lat': 43.155, 'long': 18.203, 'Time': Timestamp('2005-09-27 00:25:35'), 'mag': 5.1}]",2,2005-09-27 00:25:35,RDM_df_train_30D-20_22SW-tw48_w0.csv,37.794669444444445
424,2005-04-11 18:09:52.443,1,"[{'lat': 14.078, 'long': -91.163, 'Time': Timestamp('2005-04-12 02:40:26'), 'mag': 5.4}, {'lat': 14.078, 'long': -91.163, 'Time': Timestamp('2005-04-12 02:40:26'), 'mag': 5.4}, {'lat': 14.078, 'long': -91.163, 'Time': Timestamp('2005-04-12 02:40:26'), 'mag': 5.4}]",3,2005-04-12 02:40:26,RDM_df_train_30D-20_22SW-tw48_w0.csv,8.509321388888889
1022,2005-08-28 23:52:52.294,1,"[{'lat': -35.8, 'long': 178.47, 'Time': Timestamp('2005-08-30 17:34:12'), 'mag': 5.1}, {'lat': -35.8, 'long': 178.47, 'Time': Timestamp('2005-08-30 17:34:12'), 'mag': 5.1}, {'lat': -35.8, 'long': 178.47, 'Time': Timestamp('2005-08-30 17:34:12'), 'mag': 5.1}, {'lat': -5.241, 'long': 151.187, 'Time': Timestamp('2005-08-30 18:11:05'), 'mag': 5.2}, {'lat': -5.241, 'long': 151.187, 'Time': Timestamp('2005-08-30 18:11:05'), 'mag': 5.2}, {'lat': -5.241, 'long': 151.187, 'Time': Timestamp('2005-08-30 18:11:05'), 'mag': 5.2}]",6,2005-08-30 17:34:12,RDM_df_train_30D-20_22SW-tw48_w0.csv,41.68880722222222
1455,2005-12-31 15:10:21.410,1,"[{'lat': 11.839, 'long': -71.193, 'Time': Timestamp('2006-01-01 09:43:14'), 'mag': 5.1}, {'lat': 11.839, 'long': -71.193, 'Time': Timestamp('2006-01-01 09:43:14'), 'mag': 5.1}]",2,2006-01-01 09:43:14,RDM_df_train_30D-20_22SW-tw48_w0.csv,18.547941666666667
6,2005-01-12 16:02:09.788,1,"[{'lat': 12.688, 'long': -88.221, 'Time': Timestamp('2005-01-13 09:56:20'), 'mag': 5.3}, {'lat': 12.688, 'long': -88.221, 'Time': Timestamp('2005-01-13 09:56:20'), 'mag': 5.3}, {'lat': 12.688, 'long': -88.221, 'Time': Timestamp('2005-01-13 09:56:20'), 'mag': 5.3}]",3,2005-01-13 09:56:20,RDM_df_train_30D-20_22SW-tw48_w0.csv,17.902836666666666
1446,2005-12-29 23:33:22.789,1,"[{'lat': -27.18, 'long': -176.434, 'Time': Timestamp('2005-12-31 09:29:27'), 'mag': 5.2}, {'lat': -27.18, 'long': -176.434, 'Time': Timestamp('2005-12-31 09:29:27'), 'mag': 5.2}, {'lat': -27.18, 'long': -176.434, 'Time': Timestamp('2005-12-31 09:29:27'), 'mag': 5.2}]",3,2005-12-31 09:29:27,RDM_df_train_30D-20_22SW-tw48_w0.csv,33.93450305555555
688,2005-06-20 16:13:19.244,1,"[{'lat': -19.985, 'long': -68.807, 'Time': Timestamp('2005-06-21 05:11:18'), 'mag': 5.5}, {'lat': -19.985, 'long': -68.807, 'Time': Timestamp('2005-06-21 05:11:18'), 'mag': 5.5}, {'lat': -19.985, 'long': -68.807, 'Time': Timestamp('2005-06-21 05:11:18'), 'mag': 5.5}, {'lat': -1.744, 'long': -77.815, 'Time': Timestamp('2005-06-21 10:03:52'), 'mag': 5.0}, {'lat': -1.744, 'long': -77.815, 'Time': Timestamp('2005-06-21 10:03:52'), 'mag': 5.0}, {'lat': -1.744, 'long': -77.815, 'Time': Timestamp('2005-06-21 10:03:52'), 'mag': 5.0}, {'lat': -36.155, 'long': -100.959, 'Time': Timestamp('2005-06-21 10:43:29'), 'mag': 5.8}, {'lat': -36.155, 'long': -100.959, 'Time': Timestamp('2005-06-21 10:43:29'), 'mag': 5.8}, {'lat': -36.155, 'long': -100.959, 'Time': Timestamp('2005-06-21 10:43:29'), 'mag': 5.8}]",9,2005-06-21 05:11:18,RDM_df_train_30D-20_22SW-tw48_w0.csv,12.966321111111112
1307,2005-12-05 03:53:20.163,1,"[{'lat': 3.404, 'long': 95.267, 'Time': Timestamp('2005-12-05 04:46:48'), 'mag': 5.0}, {'lat': 1.363, 'long': 97.202, 'Time': Timestamp('2005-12-07 02:19:28'), 'mag': 5.1}, {'lat': 3.404, 'long': 95.267, 'Time': Timestamp('2005-12-05 04:46:48'), 'mag': 5.0}, {'lat': 1.363, 'long': 97.202, 'Time': Timestamp('2005-12-07 02:19:28'), 'mag': 5.1}, {'lat': 1.363, 'long': 97.202, 'Time': Timestamp('2005-12-07 02:19:28'), 'mag': 5.1}]",5,2005-12-05 04:46:48,RDM_df_train_30D-20_22SW-tw48_w0.csv,0.8910658333333333
1545,2006-01-04 18:38:47.075,1,"[{'lat': 21.922, 'long': -108.509, 'Time': Timestamp('2006-01-05 05:07:28'), 'mag': 5.0}, {'lat': 21.922, 'long': -108.509, 'Time': Timestamp('2006-01-05 05:07:28'), 'mag': 5.0}, {'lat': 21.922, 'long': -108.509, 'Time': Timestamp('2006-01-05 05:07:28'), 'mag': 5.0}]",3,2006-01-05 05:07:28,RDM_df_train_30D-20_22SW-tw48_w0.csv,10.478034722222223
205,2005-02-23 09:46:50.852,1,"[{'lat': -48.84, 'long': -8.587, 'Time': Timestamp('2005-02-25 05:11:59'), 'mag': 5.0}, {'lat': -48.84, 'long': -8.587, 'Time': Timestamp('2005-02-25 05:11:59'), 'mag': 5.0}, {'lat': -54.084, 'long': 6.942, 'Time': Timestamp('2005-02-25 07:47:18'), 'mag': 5.1}]",3,2005-02-25 05:11:59,RDM_df_train_30D-20_22SW-tw48_w0.csv,43.418929999999996
894,2005-08-09 23:03:52.786,1,"[{'lat': -20.927, 'long': 173.418, 'Time': Timestamp('2005-08-10 00:36:08'), 'mag': 5.3}, {'lat': -22.063, 'long': 170.089, 'Time': Timestamp('2005-08-11 07:02:51'), 'mag': 5.2}, {'lat': -22.198, 'long': 170.144, 'Time': Timestamp('2005-08-11 08:46:38'), 'mag': 5.0}, {'lat': -21.956, 'long': 170.056, 'Time': Timestamp('2005-08-11 09:05:39'), 'mag': 5.0}, {'lat': -22.677, 'long': 169.509, 'Time': Timestamp('2005-08-11 09:08:46'), 'mag': 6.2}, {'lat': -21.899, 'long': 170.282, 'Time': Timestamp('2005-08-11 11:50:51'), 'mag': 5.6}, {'lat': -20.927, 'long': 173.418, 'Time': Timestamp('2005-08-10 00:36:08'), 'mag': 5.3}, {'lat': -22.063, 'long': 170.089, 'Time': Timestamp('2005-08-11 07:02:51'), 'mag': 5.2}, {'lat': -22.198, 'long': 170.144, 'Time': Timestamp('2005-08-11 08:46:38'), 'mag': 5.0}, {'lat': -21.956, 'long': 170.056, 'Time': Timestamp('2005-08-11 09:05:39'), 'mag': 5.0}, {'lat': -22.677, 'long': 169.509, 'Time': Timestamp('2005-08-11 09:08:46'), 'mag': 6.2}, {'lat': -21.899, 'long': 170.282, 'Time': Timestamp('2005-08-11 11:50:51'), 'mag': 5.6}, {'lat': -20.927, 'long': 173.418, 'Time': Timestamp('2005-08-10 00:36:08'), 'mag': 5.3}, {'lat': -22.063, 'long': 170.089, 'Time': Timestamp('2005-08-11 07:02:51'), 'mag': 5.2}, {'lat': -22.198, 'long': 170.144, 'Time': Timestamp('2005-08-11 08:46:38'), 'mag': 5.0}, {'lat': -21.956, 'long': 170.056, 'Time': Timestamp('2005-08-11 09:05:39'), 'mag': 5.0}, {'lat': -22.677, 'long': 169.509, 'Time': Timestamp('2005-08-11 09:08:46'), 'mag': 6.2}, {'lat': -21.899, 'long': 170.282, 'Time': Timestamp('2005-08-11 11:50:51'), 'mag': 5.6}, {'lat': -50.631, 'long': 162.461, 'Time': Timestamp('2005-08-11 01:17:30'), 'mag': 5.3}, {'lat': -50.631, 'long': 162.461, 'Time': Timestamp('2005-08-11 01:17:30'), 'mag': 5.3}]",20,2005-08-10 00:36:08,RDM_df_train_30D-20_22SW-tw48_w0.csv,1.5375594444444445
146,2005-02-12 16:34:21.950,1,"[{'lat': 8.991, 'long': -84.081, 'Time': Timestamp('2005-02-14 03:31:58'), 'mag': 5.0}, {'lat': 8.991, 'long': -84.081, 'Time': Timestamp('2005-02-14 03:31:58'), 'mag': 5.0}, {'lat': 8.991, 'long': -84.081, 'Time': Timestamp('2005-02-14 03:31:58'), 'mag': 5.0}]",3,2005-02-14 03:31:58,RDM_df_train_30D-20_22SW-tw48_w0.csv,34.96001388888889
739,2005-07-09 18:16:22.487,1,"[{'lat': -36.31, 'long': -97.264, 'Time': Timestamp('2005-07-10 04:46:31'), 'mag': 6.1}, {'lat': -36.31, 'long': -97.264, 'Time': Timestamp('2005-07-10 04:46:31'), 'mag': 6.1}, {'lat': -36.31, 'long': -97.264, 'Time': Timestamp('2005-07-10 04:46:31'), 'mag': 6.1}, {'lat': -23.818, 'long': -111.68, 'Time': Timestamp('2005-07-11 12:01:35'), 'mag': 5.7}, {'lat': -23.818, 'long': -111.68, 'Time': Timestamp('2005-07-11 12:01:35'), 'mag': 5.7}]",5,2005-07-10 04:46:31,RDM_df_train_30D-20_22SW-tw48_w0.csv,10.502364722222222
1101,2005-09-26 10:29:50.534,1,"[{'lat': 43.155, 'long': 18.203, 'Time': Timestamp('2005-09-27 00:25:35'), 'mag': 5.1}, {'lat': 43.155, 'long': 18.203, 'Time': Timestamp('2005-09-27 00:25:35'), 'mag': 5.1}, {'lat': 43.155, 'long': 18.203, 'Time': Timestamp('2005-09-27 00:25:35'), 'mag': 5.1}]",3,2005-09-27 00:25:35,RDM_df_train_30D-20_22SW-tw48_w0.csv,13.929018333333334
106,2005-02-01 06:25:22.776,1,"[{'lat': 9.99, 'long': 93.959, 'Time': Timestamp('2005-02-01 10:35:16'), 'mag': 5.4}, {'lat': 8.113, 'long': 94.14, 'Time': Timestamp('2005-02-01 13:41:53'), 'mag': 5.2}, {'lat': 9.988, 'long': 93.993, 'Time': Timestamp('2005-02-01 13:54:38'), 'mag': 5.3}, {'lat': 5.185, 'long': 94.557, 'Time': Timestamp('2005-02-01 14:15:49'), 'mag': 5.3}, {'lat': 9.962, 'long': 93.96, 'Time': Timestamp('2005-02-02 01:30:22'), 'mag': 5.5}, {'lat': 5.274, 'long': 94.501, 'Time': Timestamp('2005-02-02 09:04:27'), 'mag': 5.2}, {'lat': 8.319, 'long': 94.312, 'Time': Timestamp('2005-02-02 13:22:37'), 'mag': 5.1}, {'lat': 6.428, 'long': 90.377, 'Time': Timestamp('2005-02-02 14:58:08'), 'mag': 5.1}, {'lat': 5.623, 'long': 93.249, 'Time': Timestamp('2005-02-03 04:51:17'), 'mag': 5.5}, {'lat': 9.99, 'long': 93.959, 'Time': Timestamp('2005-02-01 10:35:16'), 'mag': 5.4}, {'lat': 8.113, 'long': 94.14, 'Time': Timestamp('2005-02-01 13:41:53'), 'mag': 5.2}, {'lat': 9.988, 'long': 93.993, 'Time': Timestamp('2005-02-01 13:54:38'), 'mag': 5.3}, {'lat': 5.185, 'long': 94.557, 'Time': Timestamp('2005-02-01 14:15:49'), 'mag': 5.3}, {'lat': 9.962, 'long': 93.96, 'Time': Timestamp('2005-02-02 01:30:22'), 'mag': 5.5}, {'lat': 5.274, 'long': 94.501, 'Time': Timestamp('2005-02-02 09:04:27'), 'mag': 5.2}, {'lat': 8.319, 'long': 94.312, 'Time': Timestamp('2005-02-02 13:22:37'), 'mag': 5.1}, {'lat': 6.428, 'long': 90.377, 'Time': Timestamp('2005-02-02 14:58:08'), 'mag': 5.1}, {'lat': 5.623, 'long': 93.249, 'Time': Timestamp('2005-02-03 04:51:17'), 'mag': 5.5}, {'lat': 8.113, 'long': 94.14, 'Time': Timestamp('2005-02-01 13:41:53'), 'mag': 5.2}, {'lat': 5.185, 'long': 94.557, 'Time': Timestamp('2005-02-01 14:15:49'), 'mag': 5.3}, {'lat': 5.274, 'long': 94.501, 'Time': Timestamp('2005-02-02 09:04:27'), 'mag': 5.2}, {'lat': 8.319, 'long': 94.312, 'Time': Timestamp('2005-02-02 13:22:37'), 'mag': 5.1}, {'lat': 6.428, 'long': 90.377, 'Time': Timestamp('2005-02-02 14:58:08'), 'mag': 5.1}, {'lat': 5.623, 'long': 93.249, 'Time': Timestamp('2005-02-03 04:51:17'), 'mag': 5.5}, {'lat': -20.223, 'long': 67.452, 'Time': Timestamp('2005-02-03 04:27:52'), 'mag': 5.2}]",25,2005-02-01 10:35:16,RDM_df_train_30D-20_22SW-tw48_w0.csv,4.164784444444445
1397,2005-12-03 23:51:52.407,1,"[{'lat': -23.429, 'long': -176.167, 'Time': Timestamp('2005-12-04 02:49:23'), 'mag': 5.4}, {'lat': -6.071, 'long': 154.417, 'Time': Timestamp('2005-12-04 21:13:22'), 'mag': 5.0}, {'lat': -6.071, 'long': 154.417, 'Time': Timestamp('2005-12-04 21:13:22'), 'mag': 5.0}, {'lat': -6.071, 'long': 154.417, 'Time': Timestamp('2005-12-04 21:13:22'), 'mag': 5.0}]",4,2005-12-04 02:49:23,RDM_df_train_30D-20_22SW-tw48_w0.csv,2.958498055555556
1551,2006-01-05 15:56:22.179,1,"[{'lat': -36.399, 'long': -73.224, 'Time': Timestamp('2006-01-05 22:51:15'), 'mag': 5.2}, {'lat': -36.399, 'long': -73.224, 'Time': Timestamp('2006-01-05 22:51:15'), 'mag': 5.2}, {'lat': -36.399, 'long': -73.224, 'Time': Timestamp('2006-01-05 22:51:15'), 'mag': 5.2}, {'lat': 6.635, 'long': -82.337, 'Time': Timestamp('2006-01-06 03:39:58'), 'mag': 6.1}, {'lat': 6.635, 'long': -82.337, 'Time': Timestamp('2006-01-06 03:39:58'), 'mag': 6.1}, {'lat': 6.635, 'long': -82.337, 'Time': Timestamp('2006-01-06 03:39:58'), 'mag': 6.1}, {'lat': -15.642, 'long': -73.944, 'Time': Timestamp('2006-01-05 23:16:49'), 'mag': 5.0}, {'lat': -15.642, 'long': -73.944, 'Time': Timestamp('2006-01-05 23:16:49'), 'mag': 5.0}]",8,2006-01-05 22:51:15,RDM_df_train_30D-20_22SW-tw48_w0.csv,6.9146725
629,2005-06-12 16:31:51.791,1,"[{'lat': -14.158, 'long': -76.207, 'Time': Timestamp('2005-06-14 09:29:53'), 'mag': 5.2}, {'lat': -19.987, 'long': -69.197, 'Time': Timestamp('2005-06-13 22:44:33'), 'mag': 7.8}, {'lat': -14.158, 'long': -76.207, 'Time': Timestamp('2005-06-14 09:29:53'), 'mag': 5.2}, {'lat': -19.987, 'long': -69.197, 'Time': Timestamp('2005-06-13 22:44:33'), 'mag': 7.8}, {'lat': -14.158, 'long': -76.207, 'Time': Timestamp('2005-06-14 09:29:53'), 'mag': 5.2}, {'lat': -19.987, 'long': -69.197, 'Time': Timestamp('2005-06-13 22:44:33'), 'mag': 7.8}, {'lat': 18.316, 'long': -77.443, 'Time': Timestamp('2005-06-13 03:58:01'), 'mag': 5.2}, {'lat': 18.316, 'long': -77.443, 'Time': Timestamp('2005-06-13 03:58:01'), 'mag': 5.2}]",8,2005-06-14 09:29:53,RDM_df_train_30D-20_22SW-tw48_w0.csv,40.9670025
62,2005-01-23 10:17:51.035,1,"[{'lat': 35.796, 'long': 29.641, 'Time': Timestamp('2005-01-23 22:36:05'), 'mag': 5.8}, {'lat': 35.796, 'long': 29.641, 'Time': Timestamp('2005-01-23 22:36:05'), 'mag': 5.8}, {'lat': 35.796, 'long': 29.641, 'Time': Timestamp('2005-01-23 22:36:05'), 'mag': 5.8}]",3,2005-01-23 22:36:05,RDM_df_train_30D-20_22SW-tw48_w0.csv,12.303879166666666
712,2005-06-27 01:36:52.089,1,"[{'lat': -1.944, 'long': 128.357, 'Time': Timestamp('2005-06-28 18:45:54'), 'mag': 5.2}, {'lat': -1.944, 'long': 128.357, 'Time': Timestamp('2005-06-28 18:45:54'), 'mag': 5.2}, {'lat': -1.944, 'long': 128.357, 'Time': Timestamp('2005-06-28 18:45:54'), 'mag': 5.2}]",3,2005-06-28 18:45:54,RDM_df_train_30D-20_22SW-tw48_w0.csv,41.150530833333335
578,2005-06-02 15:10:47.871,1,"[{'lat': -16.481, 'long': -70.725, 'Time': Timestamp('2005-06-03 19:24:49'), 'mag': 5.0}, {'lat': -16.481, 'long': -70.725, 'Time': Timestamp('2005-06-03 19:24:49'), 'mag': 5.0}]",2,2005-06-03 19:24:49,RDM_df_train_30D-20_22SW-tw48_w0.csv,28.233646944444445
569,2005-06-05 20:18:22.292,1,"[{'lat': -62.395, 'long': -161.436, 'Time': Timestamp('2005-06-07 05:12:08'), 'mag': 5.4}, {'lat': -62.43, 'long': -161.496, 'Time': Timestamp('2005-06-07 05:34:16'), 'mag': 5.8}]",2,2005-06-07 05:12:08,RDM_df_train_30D-20_22SW-tw48_w0.csv,32.896029999999996
339,2005-03-22 23:28:52.630,1,"[{'lat': -10.146, 'long': 161.373, 'Time': Timestamp('2005-03-23 13:30:29'), 'mag': 5.1}, {'lat': -6.876, 'long': 155.756, 'Time': Timestamp('2005-03-23 14:54:09'), 'mag': 5.2}, {'lat': -10.146, 'long': 161.373, 'Time': Timestamp('2005-03-23 13:30:29'), 'mag': 5.1}, {'lat': -6.876, 'long': 155.756, 'Time': Timestamp('2005-03-23 14:54:09'), 'mag': 5.2}, {'lat': -10.146, 'long': 161.373, 'Time': Timestamp('2005-03-23 13:30:29'), 'mag': 5.1}, {'lat': -6.876, 'long': 155.756, 'Time': Timestamp('2005-03-23 14:54:09'), 'mag': 5.2}]",6,2005-03-23 13:30:29,RDM_df_train_30D-20_22SW-tw48_w0.csv,14.026769444444446
1176,2005-09-22 01:30:52.659,1,"[{'lat': -9.323, 'long': 158.101, 'Time': Timestamp('2005-09-22 16:37:46'), 'mag': 5.3}, {'lat': -9.323, 'long': 158.101, 'Time': Timestamp('2005-09-22 16:37:46'), 'mag': 5.3}, {'lat': -9.323, 'long': 158.101, 'Time': Timestamp('2005-09-22 16:37:46'), 'mag': 5.3}]",3,2005-09-22 16:37:46,RDM_df_train_30D-20_22SW-tw48_w0.csv,15.114816944444444
996,2005-09-09 13:44:22.164,1,"[{'lat': -56.038, 'long': -27.905, 'Time': Timestamp('2005-09-09 19:55:21'), 'mag': 5.6}]",1,2005-09-09 19:55:21,RDM_df_train_30D-20_22SW-tw48_w0.csv,6.1830099999999995
1205,2005-10-24 01:36:49.669,1,"[{'lat': -7.154, 'long': 145.976, 'Time': Timestamp('2005-10-25 19:40:43'), 'mag': 5.9}, {'lat': -7.154, 'long': 145.976, 'Time': Timestamp('2005-10-25 19:40:43'), 'mag': 5.9}, {'lat': 38.5, 'long': 141.983, 'Time': Timestamp('2005-10-24 09:34:55'), 'mag': 5.0}, {'lat': 38.5, 'long': 141.983, 'Time': Timestamp('2005-10-24 09:34:55'), 'mag': 5.0}, {'lat': 38.5, 'long': 141.983, 'Time': Timestamp('2005-10-24 09:34:55'), 'mag': 5.0}, {'lat': -4.656, 'long': 125.655, 'Time': Timestamp('2005-10-25 11:20:15'), 'mag': 5.2}, {'lat': -4.656, 'long': 125.655, 'Time': Timestamp('2005-10-25 11:20:15'), 'mag': 5.2}, {'lat': -4.656, 'long': 125.655, 'Time': Timestamp('2005-10-25 11:20:15'), 'mag': 5.2}]",8,2005-10-25 19:40:43,RDM_df_train_30D-20_22SW-tw48_w0.csv,42.06481416666667
482,2005-05-07 10:47:47.771,1,"[{'lat': -35.122, 'long': -17.266, 'Time': Timestamp('2005-05-08 19:51:19'), 'mag': 5.2}, {'lat': -35.122, 'long': -17.266, 'Time': Timestamp('2005-05-08 19:51:19'), 'mag': 5.2}]",2,2005-05-08 19:51:19,RDM_df_train_30D-20_22SW-tw48_w0.csv,33.05867472222222
869,2005-08-01 01:06:12.896,1,"[{'lat': 46.995, 'long': 153.911, 'Time': Timestamp('2005-08-01 04:40:36'), 'mag': 5.7}, {'lat': 46.995, 'long': 153.911, 'Time': Timestamp('2005-08-01 04:40:36'), 'mag': 5.7}, {'lat': 46.995, 'long': 153.911, 'Time': Timestamp('2005-08-01 04:40:36'), 'mag': 5.7}, {'lat': 28.176, 'long': 142.866, 'Time': Timestamp('2005-08-02 07:42:47'), 'mag': 5.0}, {'lat': 28.176, 'long': 142.866, 'Time': Timestamp('2005-08-02 07:42:47'), 'mag': 5.0}, {'lat': -7.947, 'long': 149.41, 'Time': Timestamp('2005-08-02 02:31:26'), 'mag': 5.0}, {'lat': -4.003, 'long': 128.819, 'Time': Timestamp('2005-08-02 08:39:51'), 'mag': 5.6}, {'lat': -4.003, 'long': 128.819, 'Time': Timestamp('2005-08-02 08:39:51'), 'mag': 5.6}]",8,2005-08-01 04:40:36,RDM_df_train_30D-20_22SW-tw48_w0.csv,3.573084444444444
547,2005-05-31 14:08:50.138,1,"[{'lat': 17.091, 'long': -46.474, 'Time': Timestamp('2005-06-01 21:55:04'), 'mag': 5.0}, {'lat': 17.091, 'long': -46.474, 'Time': Timestamp('2005-06-01 21:55:04'), 'mag': 5.0}, {'lat': 17.091, 'long': -46.474, 'Time': Timestamp('2005-06-01 21:55:04'), 'mag': 5.0}, {'lat': -24.221, 'long': -67.003, 'Time': Timestamp('2005-06-02 10:56:01'), 'mag': 6.1}, {'lat': -24.221, 'long': -67.003, 'Time': Timestamp('2005-06-02 10:56:01'), 'mag': 6.1}]",5,2005-06-01 21:55:04,RDM_df_train_30D-20_22SW-tw48_w0.csv,31.77051722222222
1146,2005-09-25 12:03:52.805,1,"[{'lat': 43.155, 'long': 18.203, 'Time': Timestamp('2005-09-27 00:25:35'), 'mag': 5.1}, {'lat': 43.155, 'long': 18.203, 'Time': Timestamp('2005-09-27 00:25:35'), 'mag': 5.1}, {'lat': 43.155, 'long': 18.203, 'Time': Timestamp('2005-09-27 00:25:35'), 'mag': 5.1}]",3,2005-09-27 00:25:35,RDM_df_train_30D-20_22SW-tw48_w0.csv,36.36172083333334
462,2005-04-23 22:44:52.849,1,"[{'lat': -27.093, 'long': -176.53, 'Time': Timestamp('2005-04-25 02:32:45'), 'mag': 5.6}, {'lat': 52.148, 'long': -169.419, 'Time': Timestamp('2005-04-25 22:06:56'), 'mag': 5.3}, {'lat': 52.148, 'long': -169.419, 'Time': Timestamp('2005-04-25 22:06:56'), 'mag': 5.3}]",3,2005-04-25 02:32:45,RDM_df_train_30D-20_22SW-tw48_w0.csv,27.797819722222222
21,2005-02-07 01:42:22.355,1,"[{'lat': -4.525, 'long': 153.187, 'Time': Timestamp('2005-02-07 20:02:17'), 'mag': 6.1}, {'lat': -4.525, 'long': 153.187, 'Time': Timestamp('2005-02-07 20:02:17'), 'mag': 6.1}, {'lat': -4.525, 'long': 153.187, 'Time': Timestamp('2005-02-07 20:02:17'), 'mag': 6.1}, {'lat': 19.364, 'long': 145.601, 'Time': Timestamp('2005-02-07 18:41:39'), 'mag': 5.0}, {'lat': 19.364, 'long': 145.601, 'Time': Timestamp('2005-02-07 18:41:39'), 'mag': 5.0}]",5,2005-02-07 20:02:17,RDM_df_train_30D-20_22SW-tw48_w0.csv,18.331845833333336
900,2005-07-30 01:24:49.092,1,"[{'lat': -5.982, 'long': 146.717, 'Time': Timestamp('2005-07-31 14:09:10'), 'mag': 5.1}, {'lat': -61.474, 'long': 154.249, 'Time': Timestamp('2005-07-30 11:03:49'), 'mag': 6.0}, {'lat': -5.982, 'long': 146.717, 'Time': Timestamp('2005-07-31 14:09:10'), 'mag': 5.1}]",3,2005-07-31 14:09:10,RDM_df_train_30D-20_22SW-tw48_w0.csv,36.73914111111111
1237,2005-11-03 21:37:53.446,1,"[{'lat': -35.118, 'long': -178.202, 'Time': Timestamp('2005-11-05 15:28:38'), 'mag': 5.3}, {'lat': -35.118, 'long': -178.202, 'Time': Timestamp('2005-11-05 15:28:38'), 'mag': 5.3}, {'lat': -35.118, 'long': -178.202, 'Time': Timestamp('2005-11-05 15:28:38'), 'mag': 5.3}]",3,2005-11-05 15:28:38,RDM_df_train_30D-20_22SW-tw48_w0.csv,41.845709444444445
929,2005-08-07 22:27:18.907,1,"[{'lat': -21.114, 'long': 173.891, 'Time': Timestamp('2005-08-09 04:58:59'), 'mag': 5.4}, {'lat': -20.942, 'long': 173.825, 'Time': Timestamp('2005-08-09 05:26:17'), 'mag': 6.1}, {'lat': -21.097, 'long': 173.874, 'Time': Timestamp('2005-08-09 14:12:21'), 'mag': 6.1}, {'lat': -21.114, 'long': 173.891, 'Time': Timestamp('2005-08-09 04:58:59'), 'mag': 5.4}, {'lat': -20.942, 'long': 173.825, 'Time': Timestamp('2005-08-09 05:26:17'), 'mag': 6.1}, {'lat': -21.097, 'long': 173.874, 'Time': Timestamp('2005-08-09 14:12:21'), 'mag': 6.1}]",6,2005-08-09 04:58:59,RDM_df_train_30D-20_22SW-tw48_w0.csv,30.52780361111111
1323,2005-11-23 21:49:46.805,1,"[{'lat': -24.273, 'long': -176.313, 'Time': Timestamp('2005-11-24 10:46:38'), 'mag': 5.6}, {'lat': -25.814, 'long': -177.834, 'Time': Timestamp('2005-11-25 09:29:59'), 'mag': 5.5}, {'lat': -24.273, 'long': -176.313, 'Time': Timestamp('2005-11-24 10:46:38'), 'mag': 5.6}, {'lat': -32.645, 'long': -179.236, 'Time': Timestamp('2005-11-25 05:48:51'), 'mag': 5.1}, {'lat': -25.814, 'long': -177.834, 'Time': Timestamp('2005-11-25 09:29:59'), 'mag': 5.5}, {'lat': -24.273, 'long': -176.313, 'Time': Timestamp('2005-11-24 10:46:38'), 'mag': 5.6}, {'lat': -32.645, 'long': -179.236, 'Time': Timestamp('2005-11-25 05:48:51'), 'mag': 5.1}, {'lat': -25.814, 'long': -177.834, 'Time': Timestamp('2005-11-25 09:29:59'), 'mag': 5.5}, {'lat': -32.645, 'long': -179.236, 'Time': Timestamp('2005-11-25 05:48:51'), 'mag': 5.1}]",9,2005-11-24 10:46:38,RDM_df_train_30D-20_22SW-tw48_w0.csv,12.947554166666666
1282,2005-11-14 16:49:49.387,1,"[{'lat': -9.392, 'long': -78.553, 'Time': Timestamp('2005-11-16 07:21:32'), 'mag': 5.0}, {'lat': -9.392, 'long': -78.553, 'Time': Timestamp('2005-11-16 07:21:32'), 'mag': 5.0}]",2,2005-11-16 07:21:32,RDM_df_train_30D-20_22SW-tw48_w0.csv,38.52850361111111
1417,2005-12-13 22:32:19.134,1,"[{'lat': -14.596, 'long': 167.928, 'Time': Timestamp('2005-12-14 06:45:41'), 'mag': 5.6}, {'lat': -14.6, 'long': 168.01, 'Time': Timestamp('2005-12-14 09:20:31'), 'mag': 5.0}, {'lat': -14.596, 'long': 167.928, 'Time': Timestamp('2005-12-14 06:45:41'), 'mag': 5.6}, {'lat': -14.6, 'long': 168.01, 'Time': Timestamp('2005-12-14 09:20:31'), 'mag': 5.0}]",4,2005-12-14 06:45:41,RDM_df_train_30D-20_22SW-tw48_w0.csv,8.222740555555555
707,2005-06-23 11:44:52.826,1,"[{'lat': -1.07, 'long': -13.421, 'Time': Timestamp('2005-06-24 13:54:36'), 'mag': 5.2}, {'lat': -1.07, 'long': -13.421, 'Time': Timestamp('2005-06-24 13:54:36'), 'mag': 5.2}]",2,2005-06-24 13:54:36,RDM_df_train_30D-20_22SW-tw48_w0.csv,26.161992777777776
780,2005-07-11 22:27:23.335,1,"[{'lat': -14.893, 'long': 167.442, 'Time': Timestamp('2005-07-13 07:46:56'), 'mag': 5.1}]",1,2005-07-13 07:46:56,RDM_df_train_30D-20_22SW-tw48_w0.csv,33.325740277777776
1048,2005-09-01 20:00:52.611,1,"[{'lat': 33.1533333, 'long': -115.6463333, 'Time': Timestamp('2005-09-02 01:27:19'), 'mag': 5.08}, {'lat': 33.1533333, 'long': -115.6463333, 'Time': Timestamp('2005-09-02 01:27:19'), 'mag': 5.08}, {'lat': 33.1533333, 'long': -115.6463333, 'Time': Timestamp('2005-09-02 01:27:19'), 'mag': 5.08}]",3,2005-09-02 01:27:19,RDM_df_train_30D-20_22SW-tw48_w0.csv,5.440663611111111
701,2005-06-06 12:41:22.448,1,"[{'lat': -53.492, 'long': -51.156, 'Time': Timestamp('2005-06-07 17:19:56'), 'mag': 5.1}, {'lat': -53.492, 'long': -51.156, 'Time': Timestamp('2005-06-07 17:19:56'), 'mag': 5.1}, {'lat': -53.492, 'long': -51.156, 'Time': Timestamp('2005-06-07 17:19:56'), 'mag': 5.1}]",3,2005-06-07 17:19:56,RDM_df_train_30D-20_22SW-tw48_w0.csv,28.64265333333333
1313,2005-11-13 01:17:47.634,1,"[{'lat': 38.107, 'long': 144.896, 'Time': Timestamp('2005-11-14 21:38:51'), 'mag': 7.0}, {'lat': 38.107, 'long': 144.896, 'Time': Timestamp('2005-11-14 21:38:51'), 'mag': 7.0}, {'lat': 38.107, 'long': 144.896, 'Time': Timestamp('2005-11-14 21:38:51'), 'mag': 7.0}, {'lat': -3.1, 'long': 128.944, 'Time': Timestamp('2005-11-13 10:24:58'), 'mag': 5.9}, {'lat': -3.1, 'long': 128.944, 'Time': Timestamp('2005-11-13 10:24:58'), 'mag': 5.9}, {'lat': -3.1, 'long': 128.944, 'Time': Timestamp('2005-11-13 10:24:58'), 'mag': 5.9}]",6,2005-11-14 21:38:51,RDM_df_train_30D-20_22SW-tw48_w0.csv,44.350935
904,2005-08-19 16:19:49.114,1,"[{'lat': 1.331, 'long': -85.212, 'Time': Timestamp('2005-08-20 05:05:26'), 'mag': 5.5}, {'lat': 1.264, 'long': -85.066, 'Time': Timestamp('2005-08-20 16:37:10'), 'mag': 5.3}, {'lat': 1.331, 'long': -85.212, 'Time': Timestamp('2005-08-20 05:05:26'), 'mag': 5.5}, {'lat': 1.264, 'long': -85.066, 'Time': Timestamp('2005-08-20 16:37:10'), 'mag': 5.3}, {'lat': 1.331, 'long': -85.212, 'Time': Timestamp('2005-08-20 05:05:26'), 'mag': 5.5}, {'lat': 1.264, 'long': -85.066, 'Time': Timestamp('2005-08-20 16:37:10'), 'mag': 5.3}]",6,2005-08-20 05:05:26,RDM_df_train_30D-20_22SW-tw48_w0.csv,12.76024611111111
327,2005-03-30 00:38:47.237,1,"[{'lat': -15.486, 'long': 167.439, 'Time': Timestamp('2005-03-30 01:28:14'), 'mag': 5.1}, {'lat': -10.246, 'long': 161.315, 'Time': Timestamp('2005-03-30 12:00:34'), 'mag': 5.7}, {'lat': -18.545, 'long': 176.013, 'Time': Timestamp('2005-03-31 01:39:06'), 'mag': 5.9}, {'lat': -18.448, 'long': 175.99, 'Time': Timestamp('2005-03-31 01:46:17'), 'mag': 6.0}, {'lat': -15.486, 'long': 167.439, 'Time': Timestamp('2005-03-30 01:28:14'), 'mag': 5.1}, {'lat': -10.246, 'long': 161.315, 'Time': Timestamp('2005-03-30 12:00:34'), 'mag': 5.7}, {'lat': -18.545, 'long': 176.013, 'Time': Timestamp('2005-03-31 01:39:06'), 'mag': 5.9}, {'lat': -18.448, 'long': 175.99, 'Time': Timestamp('2005-03-31 01:46:17'), 'mag': 6.0}, {'lat': -15.486, 'long': 167.439, 'Time': Timestamp('2005-03-30 01:28:14'), 'mag': 5.1}, {'lat': -18.545, 'long': 176.013, 'Time': Timestamp('2005-03-31 01:39:06'), 'mag': 5.9}, {'lat': -18.448, 'long': 175.99, 'Time': Timestamp('2005-03-31 01:46:17'), 'mag': 6.0}, {'lat': -3.848, 'long': 152.549, 'Time': Timestamp('2005-03-31 01:26:46'), 'mag': 5.0}, {'lat': -3.848, 'long': 152.549, 'Time': Timestamp('2005-03-31 01:26:46'), 'mag': 5.0}, {'lat': -3.848, 'long': 152.549, 'Time': Timestamp('2005-03-31 01:26:46'), 'mag': 5.0}, {'lat': -53.61, 'long': 140.817, 'Time': Timestamp('2005-03-30 16:00:52'), 'mag': 5.3}]",15,2005-03-30 01:28:14,RDM_df_train_30D-20_22SW-tw48_w0.csv,0.8241008333333333
1476,2006-01-16 21:46:22.311,1,"[{'lat': -19.415, 'long': -175.937, 'Time': Timestamp('2006-01-18 13:45:08'), 'mag': 5.0}, {'lat': -19.415, 'long': -175.937, 'Time': Timestamp('2006-01-18 13:45:08'), 'mag': 5.0}, {'lat': -19.415, 'long': -175.937, 'Time': Timestamp('2006-01-18 13:45:08'), 'mag': 5.0}]",3,2006-01-18 13:45:08,RDM_df_train_30D-20_22SW-tw48_w0.csv,39.97935805555556
1205,2005-10-24 01:36:49.669,1,"[{'lat': -7.154, 'long': 145.976, 'Time': Timestamp('2005-10-25 19:40:43'), 'mag': 5.9}, {'lat': -7.154, 'long': 145.976, 'Time': Timestamp('2005-10-25 19:40:43'), 'mag': 5.9}, {'lat': 38.5, 'long': 141.983, 'Time': Timestamp('2005-10-24 09:34:55'), 'mag': 5.0}, {'lat': 38.5, 'long': 141.983, 'Time': Timestamp('2005-10-24 09:34:55'), 'mag': 5.0}, {'lat': 38.5, 'long': 141.983, 'Time': Timestamp('2005-10-24 09:34:55'), 'mag': 5.0}, {'lat': -4.656, 'long': 125.655, 'Time': Timestamp('2005-10-25 11:20:15'), 'mag': 5.2}, {'lat': -4.656, 'long': 125.655, 'Time': Timestamp('2005-10-25 11:20:15'), 'mag': 5.2}, {'lat': -4.656, 'long': 125.655, 'Time': Timestamp('2005-10-25 11:20:15'), 'mag': 5.2}]",8,2005-10-25 19:40:43,RDM_df_train_30D-20_22SW-tw48_w0.csv,42.06481416666667
482,2005-05-07 10:47:47.771,1,"[{'lat': -35.122, 'long': -17.266, 'Time': Timestamp('2005-05-08 19:51:19'), 'mag': 5.2}, {'lat': -35.122, 'long': -17.266, 'Time': Timestamp('2005-05-08 19:51:19'), 'mag': 5.2}]",2,2005-05-08 19:51:19,RDM_df_train_30D-20_22SW-tw48_w0.csv,33.05867472222222
774,2005-07-26 00:59:50.998,1,"[{'lat': 52.871, 'long': 160.105, 'Time': Timestamp('2005-07-26 12:17:14'), 'mag': 5.8}, {'lat': 52.871, 'long': 160.105, 'Time': Timestamp('2005-07-26 12:17:14'), 'mag': 5.8}, {'lat': 52.871, 'long': 160.105, 'Time': Timestamp('2005-07-26 12:17:14'), 'mag': 5.8}, {'lat': 33.262, 'long': 142.288, 'Time': Timestamp('2005-07-26 05:14:43'), 'mag': 5.0}, {'lat': 33.312, 'long': 142.336, 'Time': Timestamp('2005-07-26 06:20:26'), 'mag': 5.0}, {'lat': 33.283, 'long': 142.324, 'Time': Timestamp('2005-07-26 06:24:04'), 'mag': 5.0}, {'lat': 33.342, 'long': 142.222, 'Time': Timestamp('2005-07-26 19:33:44'), 'mag': 5.0}, {'lat': 33.256, 'long': 142.316, 'Time': Timestamp('2005-07-27 02:39:22'), 'mag': 5.3}, {'lat': 33.19, 'long': 142.358, 'Time': Timestamp('2005-07-27 11:11:48'), 'mag': 5.0}, {'lat': 33.254, 'long': 142.428, 'Time': Timestamp('2005-07-27 15:51:38'), 'mag': 5.1}, {'lat': 33.262, 'long': 142.288, 'Time': Timestamp('2005-07-26 05:14:43'), 'mag': 5.0}, {'lat': 33.312, 'long': 142.336, 'Time': Timestamp('2005-07-26 06:20:26'), 'mag': 5.0}, {'lat': 33.283, 'long': 142.324, 'Time': Timestamp('2005-07-26 06:24:04'), 'mag': 5.0}, {'lat': 33.342, 'long': 142.222, 'Time': Timestamp('2005-07-26 19:33:44'), 'mag': 5.0}, {'lat': 33.256, 'long': 142.316, 'Time': Timestamp('2005-07-27 02:39:22'), 'mag': 5.3}, {'lat': 33.19, 'long': 142.358, 'Time': Timestamp('2005-07-27 11:11:48'), 'mag': 5.0}, {'lat': 33.254, 'long': 142.428, 'Time': Timestamp('2005-07-27 15:51:38'), 'mag': 5.1}, {'lat': 33.262, 'long': 142.288, 'Time': Timestamp('2005-07-26 05:14:43'), 'mag': 5.0}, {'lat': 33.312, 'long': 142.336, 'Time': Timestamp('2005-07-26 06:20:26'), 'mag': 5.0}, {'lat': 33.283, 'long': 142.324, 'Time': Timestamp('2005-07-26 06:24:04'), 'mag': 5.0}, {'lat': 33.342, 'long': 142.222, 'Time': Timestamp('2005-07-26 19:33:44'), 'mag': 5.0}, {'lat': 33.256, 'long': 142.316, 'Time': Timestamp('2005-07-27 02:39:22'), 'mag': 5.3}, {'lat': 33.19, 'long': 142.358, 'Time': Timestamp('2005-07-27 11:11:48'), 'mag': 5.0}, {'lat': 33.254, 'long': 142.428, 'Time': Timestamp('2005-07-27 15:51:38'), 'mag': 5.1}, {'lat': -3.942, 'long': 147.2, 'Time': Timestamp('2005-07-26 13:32:31'), 'mag': 5.2}, {'lat': -3.942, 'long': 147.2, 'Time': Timestamp('2005-07-26 13:32:31'), 'mag': 5.2}, {'lat': -3.942, 'long': 147.2, 'Time': Timestamp('2005-07-26 13:32:31'), 'mag': 5.2}]",27,2005-07-26 12:17:14,RDM_df_train_30D-20_22SW-tw48_w0.csv,11.289722777777778
1116,2005-09-21 09:20:47.803,1,"[{'lat': 12.535, 'long': 40.465, 'Time': Timestamp('2005-09-21 14:57:26'), 'mag': 5.0}, {'lat': 12.697, 'long': 40.461, 'Time': Timestamp('2005-09-22 03:12:34'), 'mag': 5.2}, {'lat': 12.702, 'long': 40.553, 'Time': Timestamp('2005-09-22 13:58:44'), 'mag': 5.2}, {'lat': 12.398, 'long': 40.442, 'Time': Timestamp('2005-09-22 19:51:52'), 'mag': 5.1}, {'lat': 12.535, 'long': 40.465, 'Time': Timestamp('2005-09-21 14:57:26'), 'mag': 5.0}, {'lat': 12.697, 'long': 40.461, 'Time': Timestamp('2005-09-22 03:12:34'), 'mag': 5.2}, {'lat': 12.702, 'long': 40.553, 'Time': Timestamp('2005-09-22 13:58:44'), 'mag': 5.2}, {'lat': 12.398, 'long': 40.442, 'Time': Timestamp('2005-09-22 19:51:52'), 'mag': 5.1}, {'lat': 12.535, 'long': 40.465, 'Time': Timestamp('2005-09-21 14:57:26'), 'mag': 5.0}, {'lat': 12.697, 'long': 40.461, 'Time': Timestamp('2005-09-22 03:12:34'), 'mag': 5.2}, {'lat': 12.702, 'long': 40.553, 'Time': Timestamp('2005-09-22 13:58:44'), 'mag': 5.2}, {'lat': 12.398, 'long': 40.442, 'Time': Timestamp('2005-09-22 19:51:52'), 'mag': 5.1}, {'lat': -40.868, 'long': 43.255, 'Time': Timestamp('2005-09-22 16:19:42'), 'mag': 5.3}, {'lat': -54.214, 'long': 1.949, 'Time': Timestamp('2005-09-22 19:18:06'), 'mag': 5.3}]",14,2005-09-21 14:57:26,RDM_df_train_30D-20_22SW-tw48_w0.csv,5.610610277777778
1296,2005-11-14 09:01:22.337,1,"[{'lat': -43.752, 'long': 41.601, 'Time': Timestamp('2005-11-14 12:57:30'), 'mag': 5.1}, {'lat': -43.752, 'long': 41.601, 'Time': Timestamp('2005-11-14 12:57:30'), 'mag': 5.1}, {'lat': -43.752, 'long': 41.601, 'Time': Timestamp('2005-11-14 12:57:30'), 'mag': 5.1}]",3,2005-11-14 12:57:30,RDM_df_train_30D-20_22SW-tw48_w0.csv,3.9354619444444445
1261,2005-11-09 16:19:19.200,1,"[{'lat': -15.413, 'long': -75.506, 'Time': Timestamp('2005-11-11 13:19:09'), 'mag': 5.2}]",1,2005-11-11 13:19:09,RDM_df_train_30D-20_22SW-tw48_w0.csv,44.997166666666665
473,2005-04-23 22:32:20.711,1,"[{'lat': 52.148, 'long': -169.419, 'Time': Timestamp('2005-04-25 22:06:56'), 'mag': 5.3}, {'lat': 52.148, 'long': -169.419, 'Time': Timestamp('2005-04-25 22:06:56'), 'mag': 5.3}]",2,2005-04-25 22:06:56,RDM_df_train_30D-20_22SW-tw48_w0.csv,47.57646916666666
511,2005-05-04 08:06:50.886,1,"[{'lat': -19.968, 'long': 66.474, 'Time': Timestamp('2005-05-05 13:12:48'), 'mag': 5.5}]",1,2005-05-05 13:12:48,RDM_df_train_30D-20_22SW-tw48_w0.csv,29.099198333333334
1209,2005-10-18 01:24:17.342,1,"[{'lat': 36.405, 'long': 140.839, 'Time': Timestamp('2005-10-19 11:44:42'), 'mag': 6.3}, {'lat': 36.405, 'long': 140.839, 'Time': Timestamp('2005-10-19 11:44:42'), 'mag': 6.3}]",2,2005-10-19 11:44:42,RDM_df_train_30D-20_22SW-tw48_w0.csv,34.34018277777778
1526,2006-01-01 15:20:55.437,1,"[{'lat': 23.607, 'long': -44.851, 'Time': Timestamp('2006-01-02 21:33:18'), 'mag': 5.1}, {'lat': 23.607, 'long': -44.851, 'Time': Timestamp('2006-01-02 21:33:18'), 'mag': 5.1}, {'lat': 23.607, 'long': -44.851, 'Time': Timestamp('2006-01-02 21:33:18'), 'mag': 5.1}]",3,2006-01-02 21:33:18,RDM_df_train_30D-20_22SW-tw48_w0.csv,30.2062675
1222,2005-11-16 18:34:50.736,1,"[{'lat': 13.298, 'long': -89.069, 'Time': Timestamp('2005-11-18 03:15:46'), 'mag': 5.4}, {'lat': 13.298, 'long': -89.069, 'Time': Timestamp('2005-11-18 03:15:46'), 'mag': 5.4}, {'lat': 13.298, 'long': -89.069, 'Time': Timestamp('2005-11-18 03:15:46'), 'mag': 5.4}]",3,2005-11-18 03:15:46,RDM_df_train_30D-20_22SW-tw48_w0.csv,32.68201777777778
589,2005-05-28 23:09:22.910,1,"[{'lat': -30.106, 'long': -178.012, 'Time': Timestamp('2005-05-29 21:44:27'), 'mag': 5.9}, {'lat': -30.106, 'long': -178.012, 'Time': Timestamp('2005-05-29 21:44:27'), 'mag': 5.9}, {'lat': -30.106, 'long': -178.012, 'Time': Timestamp('2005-05-29 21:44:27'), 'mag': 5.9}]",3,2005-05-29 21:44:27,RDM_df_train_30D-20_22SW-tw48_w0.csv,22.584469444444444
690,2005-06-09 22:45:22.810,1,"[{'lat': -30.133, 'long': -177.965, 'Time': Timestamp('2005-06-10 03:22:33'), 'mag': 5.2}]",1,2005-06-10 03:22:33,RDM_df_train_30D-20_22SW-tw48_w0.csv,4.619497222222222
421,2005-04-20 08:12:52.017,1,"[{'lat': -52.191, 'long': 13.695, 'Time': Timestamp('2005-04-21 01:15:08'), 'mag': 5.3}, {'lat': -52.191, 'long': 13.695, 'Time': Timestamp('2005-04-21 01:15:08'), 'mag': 5.3}]",2,2005-04-21 01:15:08,RDM_df_train_30D-20_22SW-tw48_w0.csv,17.037773055555554
977,2005-08-25 01:36:52.296,1,"[{'lat': 37.736, 'long': 143.072, 'Time': Timestamp('2005-08-25 22:29:03'), 'mag': 5.1}, {'lat': 37.736, 'long': 143.072, 'Time': Timestamp('2005-08-25 22:29:03'), 'mag': 5.1}, {'lat': 1.78, 'long': 126.249, 'Time': Timestamp('2005-08-26 05:30:43'), 'mag': 5.1}, {'lat': 1.78, 'long': 126.249, 'Time': Timestamp('2005-08-26 05:30:43'), 'mag': 5.1}]",4,2005-08-25 22:29:03,RDM_df_train_30D-20_22SW-tw48_w0.csv,20.86964
1408,2005-12-12 06:15:27.141,1,"[{'lat': 36.357, 'long': 71.093, 'Time': Timestamp('2005-12-12 21:47:46'), 'mag': 6.5}, {'lat': 36.357, 'long': 71.093, 'Time': Timestamp('2005-12-12 21:47:46'), 'mag': 6.5}, {'lat': 36.357, 'long': 71.093, 'Time': Timestamp('2005-12-12 21:47:46'), 'mag': 6.5}]",3,2005-12-12 21:47:46,RDM_df_train_30D-20_22SW-tw48_w0.csv,15.538571944444444
462,2005-04-23 22:44:52.849,1,"[{'lat': -27.093, 'long': -176.53, 'Time': Timestamp('2005-04-25 02:32:45'), 'mag': 5.6}, {'lat': 52.148, 'long': -169.419, 'Time': Timestamp('2005-04-25 22:06:56'), 'mag': 5.3}, {'lat': 52.148, 'long': -169.419, 'Time': Timestamp('2005-04-25 22:06:56'), 'mag': 5.3}]",3,2005-04-25 02:32:45,RDM_df_train_30D-20_22SW-tw48_w0.csv,27.797819722222222
569,2005-06-05 20:18:22.292,1,"[{'lat': -62.395, 'long': -161.436, 'Time': Timestamp('2005-06-07 05:12:08'), 'mag': 5.4}, {'lat': -62.43, 'long': -161.496, 'Time': Timestamp('2005-06-07 05:34:16'), 'mag': 5.8}]",2,2005-06-07 05:12:08,RDM_df_train_30D-20_22SW-tw48_w0.csv,32.896029999999996
1458,2005-12-11 00:58:49.919,1,"[{'lat': 51.532, 'long': -176.252, 'Time': Timestamp('2005-12-11 08:48:23'), 'mag': 5.4}, {'lat': 51.532, 'long': -176.252, 'Time': Timestamp('2005-12-11 08:48:23'), 'mag': 5.4}, {'lat': -8.635, 'long': 157.191, 'Time': Timestamp('2005-12-12 14:13:22'), 'mag': 5.4}, {'lat': -8.635, 'long': 157.191, 'Time': Timestamp('2005-12-12 14:13:22'), 'mag': 5.4}, {'lat': -8.635, 'long': 157.191, 'Time': Timestamp('2005-12-12 14:13:22'), 'mag': 5.4}, {'lat': -6.584, 'long': 152.223, 'Time': Timestamp('2005-12-11 14:20:45'), 'mag': 6.6}, {'lat': -6.584, 'long': 152.223, 'Time': Timestamp('2005-12-11 14:20:45'), 'mag': 6.6}]",7,2005-12-11 08:48:23,RDM_df_train_30D-20_22SW-tw48_w0.csv,7.825855833333333
151,2005-03-01 01:29:21.272,1,"[{'lat': 50.325, 'long': 142.437, 'Time': Timestamp('2005-03-02 13:35:14'), 'mag': 5.0}, {'lat': 50.325, 'long': 142.437, 'Time': Timestamp('2005-03-02 13:35:14'), 'mag': 5.0}, {'lat': -6.527, 'long': 129.933, 'Time': Timestamp('2005-03-02 10:42:12'), 'mag': 7.1}, {'lat': -6.227, 'long': 123.643, 'Time': Timestamp('2005-03-01 15:21:07'), 'mag': 5.1}, {'lat': -6.527, 'long': 129.933, 'Time': Timestamp('2005-03-02 10:42:12'), 'mag': 7.1}, {'lat': -6.227, 'long': 123.643, 'Time': Timestamp('2005-03-01 15:21:07'), 'mag': 5.1}, {'lat': -6.527, 'long': 129.933, 'Time': Timestamp('2005-03-02 10:42:12'), 'mag': 7.1}]",7,2005-03-02 13:35:14,RDM_df_train_30D-20_22SW-tw48_w0.csv,36.09798
1442,2005-12-26 07:04:22.117,1,"[{'lat': 32.1, 'long': 49.2, 'Time': Timestamp('2005-12-26 23:15:50'), 'mag': 5.0}, {'lat': 32.1, 'long': 49.2, 'Time': Timestamp('2005-12-26 23:15:50'), 'mag': 5.0}]",2,2005-12-26 23:15:50,RDM_df_train_30D-20_22SW-tw48_w0.csv,16.191078611111113
479,2005-04-25 18:21:52.955,1,"[{'lat': 30.253, 'long': -114.132, 'Time': Timestamp('2005-04-27 00:32:59'), 'mag': 5.1}, {'lat': 30.253, 'long': -114.132, 'Time': Timestamp('2005-04-27 00:32:59'), 'mag': 5.1}, {'lat': 19.691, 'long': -109.278, 'Time': Timestamp('2005-04-26 04:05:47'), 'mag': 5.6}, {'lat': 30.253, 'long': -114.132, 'Time': Timestamp('2005-04-27 00:32:59'), 'mag': 5.1}, {'lat': 19.691, 'long': -109.278, 'Time': Timestamp('2005-04-26 04:05:47'), 'mag': 5.6}]",5,2005-04-27 00:32:59,RDM_df_train_30D-20_22SW-tw48_w0.csv,30.1850125
773,2005-07-11 21:44:22.496,1,"[{'lat': -27.001, 'long': -176.322, 'Time': Timestamp('2005-07-11 23:06:01'), 'mag': 6.0}, {'lat': -27.011, 'long': -176.292, 'Time': Timestamp('2005-07-11 23:17:58'), 'mag': 5.0}, {'lat': -27.001, 'long': -176.322, 'Time': Timestamp('2005-07-11 23:06:01'), 'mag': 6.0}, {'lat': -27.011, 'long': -176.292, 'Time': Timestamp('2005-07-11 23:17:58'), 'mag': 5.0}, {'lat': -36.197, 'long': -179.994, 'Time': Timestamp('2005-07-13 10:23:11'), 'mag': 5.1}, {'lat': -27.001, 'long': -176.322, 'Time': Timestamp('2005-07-11 23:06:01'), 'mag': 6.0}, {'lat': -27.011, 'long': -176.292, 'Time': Timestamp('2005-07-11 23:17:58'), 'mag': 5.0}, {'lat': -36.197, 'long': -179.994, 'Time': Timestamp('2005-07-13 10:23:11'), 'mag': 5.1}, {'lat': -36.197, 'long': -179.994, 'Time': Timestamp('2005-07-13 10:23:11'), 'mag': 5.1}]",9,2005-07-11 23:06:01,RDM_df_train_30D-20_22SW-tw48_w0.csv,1.3606955555555555
4,2005-01-19 01:23:19.939,1,"[{'lat': -11.102, 'long': 161.531, 'Time': Timestamp('2005-01-20 16:23:05'), 'mag': 5.0}, {'lat': -11.102, 'long': 161.531, 'Time': Timestamp('2005-01-20 16:23:05'), 'mag': 5.0}, {'lat': -20.272, 'long': 168.849, 'Time': Timestamp('2005-01-21 01:16:33'), 'mag': 5.0}, {'lat': 49.825, 'long': 156.176, 'Time': Timestamp('2005-01-20 02:59:10'), 'mag': 5.4}, {'lat': 49.825, 'long': 156.176, 'Time': Timestamp('2005-01-20 02:59:10'), 'mag': 5.4}, {'lat': 34.064, 'long': 141.491, 'Time': Timestamp('2005-01-19 06:11:36'), 'mag': 6.6}, {'lat': 34.174, 'long': 141.542, 'Time': Timestamp('2005-01-19 06:17:07'), 'mag': 5.3}, {'lat': 33.826, 'long': 141.531, 'Time': Timestamp('2005-01-19 13:51:53'), 'mag': 5.0}, {'lat': 33.859, 'long': 141.509, 'Time': Timestamp('2005-01-20 14:16:26'), 'mag': 5.4}, {'lat': 34.064, 'long': 141.491, 'Time': Timestamp('2005-01-19 06:11:36'), 'mag': 6.6}, {'lat': 34.174, 'long': 141.542, 'Time': Timestamp('2005-01-19 06:17:07'), 'mag': 5.3}, {'lat': 33.826, 'long': 141.531, 'Time': Timestamp('2005-01-19 13:51:53'), 'mag': 5.0}, {'lat': 33.859, 'long': 141.509, 'Time': Timestamp('2005-01-20 14:16:26'), 'mag': 5.4}, {'lat': 34.064, 'long': 141.491, 'Time': Timestamp('2005-01-19 06:11:36'), 'mag': 6.6}, {'lat': 34.174, 'long': 141.542, 'Time': Timestamp('2005-01-19 06:17:07'), 'mag': 5.3}, {'lat': 33.826, 'long': 141.531, 'Time': Timestamp('2005-01-19 13:51:53'), 'mag': 5.0}, {'lat': 33.859, 'long': 141.509, 'Time': Timestamp('2005-01-20 14:16:26'), 'mag': 5.4}, {'lat': 3.739, 'long': 126.814, 'Time': Timestamp('2005-01-20 16:47:01'), 'mag': 5.2}, {'lat': 3.739, 'long': 126.814, 'Time': Timestamp('2005-01-20 16:47:01'), 'mag': 5.2}]",19,2005-01-20 16:23:05,RDM_df_train_30D-20_22SW-tw48_w0.csv,38.99585027777778
593,2005-06-04 17:20:50.315,1,"[{'lat': 23.674, 'long': -108.366, 'Time': Timestamp('2005-06-05 08:28:50'), 'mag': 5.6}]",1,2005-06-05 08:28:50,RDM_df_train_30D-20_22SW-tw48_w0.csv,15.133245833333334
1160,2005-09-28 05:57:24.960,1,"[{'lat': 5.219, 'long': 94.515, 'Time': Timestamp('2005-09-29 18:12:26'), 'mag': 5.2}, {'lat': 5.219, 'long': 94.515, 'Time': Timestamp('2005-09-29 18:12:26'), 'mag': 5.2}, {'lat': 5.219, 'long': 94.515, 'Time': Timestamp('2005-09-29 18:12:26'), 'mag': 5.2}]",3,2005-09-29 18:12:26,RDM_df_train_30D-20_22SW-tw48_w0.csv,36.25028888888889
885,2005-08-13 15:48:51.471,1,"[{'lat': -19.78, 'long': -68.98, 'Time': Timestamp('2005-08-14 02:39:40'), 'mag': 5.8}, {'lat': -19.78, 'long': -68.98, 'Time': Timestamp('2005-08-14 02:39:40'), 'mag': 5.8}]",2,2005-08-14 02:39:40,RDM_df_train_30D-20_22SW-tw48_w0.csv,10.846813611111111
550,2005-05-12 23:58:22.765,1,"[{'lat': -15.678, 'long': 167.093, 'Time': Timestamp('2005-05-13 07:14:43'), 'mag': 5.0}, {'lat': -38.21, 'long': 179.47, 'Time': Timestamp('2005-05-13 17:07:58'), 'mag': 5.1}, {'lat': -38.21, 'long': 179.47, 'Time': Timestamp('2005-05-13 17:07:58'), 'mag': 5.1}, {'lat': -38.21, 'long': 179.47, 'Time': Timestamp('2005-05-13 17:07:58'), 'mag': 5.1}, {'lat': -8.053, 'long': 160.714, 'Time': Timestamp('2005-05-14 19:18:21'), 'mag': 5.3}, {'lat': -15.678, 'long': 167.093, 'Time': Timestamp('2005-05-13 07:14:43'), 'mag': 5.0}, {'lat': -8.053, 'long': 160.714, 'Time': Timestamp('2005-05-14 19:18:21'), 'mag': 5.3}, {'lat': -8.053, 'long': 160.714, 'Time': Timestamp('2005-05-14 19:18:21'), 'mag': 5.3}]",8,2005-05-13 07:14:43,RDM_df_train_30D-20_22SW-tw48_w0.csv,7.2722875
938,2005-08-19 10:42:18.294,1,"[{'lat': -59.243, 'long': -25.675, 'Time': Timestamp('2005-08-21 07:12:18'), 'mag': 5.1}]",1,2005-08-21 07:12:18,RDM_df_train_30D-20_22SW-tw48_w0.csv,44.49991833333333
1015,2005-09-14 00:47:49.011,1,"[{'lat': -5.622, 'long': 153.592, 'Time': Timestamp('2005-09-16 00:31:42'), 'mag': 5.7}, {'lat': -5.622, 'long': 153.592, 'Time': Timestamp('2005-09-16 00:31:42'), 'mag': 5.7}, {'lat': -5.622, 'long': 153.592, 'Time': Timestamp('2005-09-16 00:31:42'), 'mag': 5.7}]",3,2005-09-16 00:31:42,RDM_df_train_30D-20_22SW-tw48_w0.csv,47.731385833333334
539,2005-05-24 00:10:22.983,1,"[{'lat': -50.584, 'long': 162.349, 'Time': Timestamp('2005-05-25 11:18:47'), 'mag': 5.4}, {'lat': -50.584, 'long': 162.349, 'Time': Timestamp('2005-05-25 11:18:47'), 'mag': 5.4}]",2,2005-05-25 11:18:47,RDM_df_train_30D-20_22SW-tw48_w0.csv,35.14000472222222
798,2005-07-10 06:15:54.387,1,"[{'lat': 1.274, 'long': 97.226, 'Time': Timestamp('2005-07-11 14:36:09'), 'mag': 5.6}, {'lat': 1.274, 'long': 97.226, 'Time': Timestamp('2005-07-11 14:36:09'), 'mag': 5.6}, {'lat': 1.274, 'long': 97.226, 'Time': Timestamp('2005-07-11 14:36:09'), 'mag': 5.6}, {'lat': -6.576, 'long': 69.715, 'Time': Timestamp('2005-07-11 15:06:28'), 'mag': 5.1}, {'lat': -6.576, 'long': 69.715, 'Time': Timestamp('2005-07-11 15:06:28'), 'mag': 5.1}, {'lat': -6.576, 'long': 69.715, 'Time': Timestamp('2005-07-11 15:06:28'), 'mag': 5.1}]",6,2005-07-11 14:36:09,RDM_df_train_30D-20_22SW-tw48_w0.csv,32.3373925
219,2005-03-07 00:29:18.457,1,"[{'lat': -16.746, 'long': 167.478, 'Time': Timestamp('2005-03-08 19:37:06'), 'mag': 5.2}, {'lat': -16.746, 'long': 167.478, 'Time': Timestamp('2005-03-08 19:37:06'), 'mag': 5.2}, {'lat': -16.746, 'long': 167.478, 'Time': Timestamp('2005-03-08 19:37:06'), 'mag': 5.2}]",3,2005-03-08 19:37:06,RDM_df_train_30D-20_22SW-tw48_w0.csv,43.12987305555556
1263,2005-11-23 22:51:22.655,1,"[{'lat': -24.273, 'long': -176.313, 'Time': Timestamp('2005-11-24 10:46:38'), 'mag': 5.6}, {'lat': -32.645, 'long': -179.236, 'Time': Timestamp('2005-11-25 05:48:51'), 'mag': 5.1}, {'lat': -25.814, 'long': -177.834, 'Time': Timestamp('2005-11-25 09:29:59'), 'mag': 5.5}, {'lat': -32.645, 'long': -179.236, 'Time': Timestamp('2005-11-25 05:48:51'), 'mag': 5.1}]",4,2005-11-24 10:46:38,RDM_df_train_30D-20_22SW-tw48_w0.csv,11.920929166666667
187,2005-03-04 13:25:23.025,1,"[{'lat': -58.519, 'long': -26.095, 'Time': Timestamp('2005-03-05 00:07:39'), 'mag': 5.3}, {'lat': -58.519, 'long': -26.095, 'Time': Timestamp('2005-03-05 00:07:39'), 'mag': 5.3}]",2,2005-03-05 00:07:39,RDM_df_train_30D-20_22SW-tw48_w0.csv,10.7044375
702,2005-06-12 16:00:43.507,1,"[{'lat': -19.987, 'long': -69.197, 'Time': Timestamp('2005-06-13 22:44:33'), 'mag': 7.8}, {'lat': -19.987, 'long': -69.197, 'Time': Timestamp('2005-06-13 22:44:33'), 'mag': 7.8}, {'lat': -19.987, 'long': -69.197, 'Time': Timestamp('2005-06-13 22:44:33'), 'mag': 7.8}, {'lat': 18.316, 'long': -77.443, 'Time': Timestamp('2005-06-13 03:58:01'), 'mag': 5.2}, {'lat': 18.316, 'long': -77.443, 'Time': Timestamp('2005-06-13 03:58:01'), 'mag': 5.2}, {'lat': -14.158, 'long': -76.207, 'Time': Timestamp('2005-06-14 09:29:53'), 'mag': 5.2}, {'lat': -14.158, 'long': -76.207, 'Time': Timestamp('2005-06-14 09:29:53'), 'mag': 5.2}, {'lat': -14.158, 'long': -76.207, 'Time': Timestamp('2005-06-14 09:29:53'), 'mag': 5.2}]",8,2005-06-13 22:44:33,RDM_df_train_30D-20_22SW-tw48_w0.csv,30.73041472222222
1301,2005-11-26 01:30:17.633,1,"[{'lat': 52.51, 'long': 159.388, 'Time': Timestamp('2005-11-26 16:02:44'), 'mag': 5.2}, {'lat': 52.51, 'long': 159.388, 'Time': Timestamp('2005-11-26 16:02:44'), 'mag': 5.2}]",2,2005-11-26 16:02:44,RDM_df_train_30D-20_22SW-tw48_w0.csv,14.5406575
1214,2005-11-13 23:40:22.495,1,"[{'lat': -20.372, 'long': -173.773, 'Time': Timestamp('2005-11-15 03:34:47'), 'mag': 5.3}, {'lat': -20.372, 'long': -173.773, 'Time': Timestamp('2005-11-15 03:34:47'), 'mag': 5.3}, {'lat': -20.372, 'long': -173.773, 'Time': Timestamp('2005-11-15 03:34:47'), 'mag': 5.3}]",3,2005-11-15 03:34:47,RDM_df_train_30D-20_22SW-tw48_w0.csv,27.906806944444444
320,2005-03-22 08:20:58.118,1,"[{'lat': 39.431, 'long': 40.925, 'Time': Timestamp('2005-03-23 21:44:53'), 'mag': 5.7}, {'lat': 39.431, 'long': 40.925, 'Time': Timestamp('2005-03-23 21:44:53'), 'mag': 5.7}]",2,2005-03-23 21:44:53,RDM_df_train_30D-20_22SW-tw48_w0.csv,37.39857833333334
1336,2005-11-21 00:53:18.559,1,"[{'lat': 53.929, 'long': -164.063, 'Time': Timestamp('2005-11-22 15:09:25'), 'mag': 5.7}, {'lat': 46.459, 'long': 153.722, 'Time': Timestamp('2005-11-21 23:54:56'), 'mag': 5.1}, {'lat': 46.459, 'long': 153.722, 'Time': Timestamp('2005-11-21 23:54:56'), 'mag': 5.1}, {'lat': 46.459, 'long': 153.722, 'Time': Timestamp('2005-11-21 23:54:56'), 'mag': 5.1}, {'lat': -1.204, 'long': 137.198, 'Time': Timestamp('2005-11-21 07:12:44'), 'mag': 5.1}, {'lat': -5.154, 'long': 145.284, 'Time': Timestamp('2005-11-22 15:11:31'), 'mag': 6.2}, {'lat': -1.204, 'long': 137.198, 'Time': Timestamp('2005-11-21 07:12:44'), 'mag': 5.1}, {'lat': -5.154, 'long': 145.284, 'Time': Timestamp('2005-11-22 15:11:31'), 'mag': 6.2}, {'lat': -5.154, 'long': 145.284, 'Time': Timestamp('2005-11-22 15:11:31'), 'mag': 6.2}]",9,2005-11-22 15:09:25,RDM_df_train_30D-20_22SW-tw48_w0.csv,38.268455833333334
219,2005-03-07 00:29:18.457,1,"[{'lat': -16.746, 'long': 167.478, 'Time': Timestamp('2005-03-08 19:37:06'), 'mag': 5.2}, {'lat': -16.746, 'long': 167.478, 'Time': Timestamp('2005-03-08 19:37:06'), 'mag': 5.2}, {'lat': -16.746, 'long': 167.478, 'Time': Timestamp('2005-03-08 19:37:06'), 'mag': 5.2}]",3,2005-03-08 19:37:06,RDM_df_train_30D-20_22SW-tw48_w0.csv,43.12987305555556
437,2005-05-05 16:49:48.488,1,"[{'lat': 5.71, 'long': -82.845, 'Time': Timestamp('2005-05-05 19:12:21'), 'mag': 6.5}, {'lat': 5.082, 'long': -82.406, 'Time': Timestamp('2005-05-05 23:41:53'), 'mag': 5.9}, {'lat': 5.71, 'long': -82.845, 'Time': Timestamp('2005-05-05 19:12:21'), 'mag': 6.5}, {'lat': 5.082, 'long': -82.406, 'Time': Timestamp('2005-05-05 23:41:53'), 'mag': 5.9}]",4,2005-05-05 19:12:21,RDM_df_train_30D-20_22SW-tw48_w0.csv,2.375697777777778
960,2005-09-03 16:01:13.827,1,"[{'lat': -43.003, 'long': -82.858, 'Time': Timestamp('2005-09-03 20:21:24'), 'mag': 5.6}, {'lat': -43.003, 'long': -82.858, 'Time': Timestamp('2005-09-03 20:21:24'), 'mag': 5.6}]",2,2005-09-03 20:21:24,RDM_df_train_30D-20_22SW-tw48_w0.csv,4.336159166666667
1312,2005-11-20 22:02:22.447,1,"[{'lat': 53.929, 'long': -164.063, 'Time': Timestamp('2005-11-22 15:09:25'), 'mag': 5.7}, {'lat': 53.929, 'long': -164.063, 'Time': Timestamp('2005-11-22 15:09:25'), 'mag': 5.7}, {'lat': 53.929, 'long': -164.063, 'Time': Timestamp('2005-11-22 15:09:25'), 'mag': 5.7}, {'lat': -15.347, 'long': -173.418, 'Time': Timestamp('2005-11-21 20:17:53'), 'mag': 5.2}, {'lat': -15.347, 'long': -173.418, 'Time': Timestamp('2005-11-21 20:17:53'), 'mag': 5.2}]",5,2005-11-22 15:09:25,RDM_df_train_30D-20_22SW-tw48_w0.csv,41.117375833333334
1257,2005-11-24 01:24:19.179,1,"[{'lat': -3.1, 'long': 130.328, 'Time': Timestamp('2005-11-24 20:28:56'), 'mag': 5.0}, {'lat': 5.905, 'long': 126.386, 'Time': Timestamp('2005-11-25 05:31:18'), 'mag': 5.8}, {'lat': -3.1, 'long': 130.328, 'Time': Timestamp('2005-11-24 20:28:56'), 'mag': 5.0}, {'lat': -3.1, 'long': 130.328, 'Time': Timestamp('2005-11-24 20:28:56'), 'mag': 5.0}]",4,2005-11-24 20:28:56,RDM_df_train_30D-20_22SW-tw48_w0.csv,19.07689472222222
641,2005-06-18 00:29:19.608,1,"[{'lat': -39.14, 'long': 174.88, 'Time': Timestamp('2005-06-19 01:45:42'), 'mag': 5.1}, {'lat': -39.14, 'long': 174.88, 'Time': Timestamp('2005-06-19 01:45:42'), 'mag': 5.1}, {'lat': 55.2, 'long': 162.091, 'Time': Timestamp('2005-06-18 04:25:29'), 'mag': 5.0}, {'lat': 55.2, 'long': 162.091, 'Time': Timestamp('2005-06-18 04:25:29'), 'mag': 5.0}]",4,2005-06-19 01:45:42,RDM_df_train_30D-20_22SW-tw48_w0.csv,25.27288666666667
967,2005-09-03 15:05:20.403,1,"[{'lat': -43.003, 'long': -82.858, 'Time': Timestamp('2005-09-03 20:21:24'), 'mag': 5.6}, {'lat': -43.003, 'long': -82.858, 'Time': Timestamp('2005-09-03 20:21:24'), 'mag': 5.6}, {'lat': -43.003, 'long': -82.858, 'Time': Timestamp('2005-09-03 20:21:24'), 'mag': 5.6}]",3,2005-09-03 20:21:24,RDM_df_train_30D-20_22SW-tw48_w0.csv,5.267665833333334
840,2005-08-04 12:03:52.457,1,"[{'lat': -59.768, 'long': -25.886, 'Time': Timestamp('2005-08-04 12:11:20'), 'mag': 5.6}]",1,2005-08-04 12:11:20,RDM_df_train_30D-20_22SW-tw48_w0.csv,0.1243175
643,2005-06-18 07:05:27.238,1,"[{'lat': 36.346, 'long': 71.078, 'Time': Timestamp('2005-06-20 02:32:59'), 'mag': 5.3}]",1,2005-06-20 02:32:59,RDM_df_train_30D-20_22SW-tw48_w0.csv,43.458822777777776
795,2005-07-26 05:32:53.654,1,"[{'lat': 42.541, 'long': 104.144, 'Time': Timestamp('2005-07-26 12:16:08'), 'mag': 5.1}, {'lat': 42.541, 'long': 104.144, 'Time': Timestamp('2005-07-26 12:16:08'), 'mag': 5.1}, {'lat': 42.541, 'long': 104.144, 'Time': Timestamp('2005-07-26 12:16:08'), 'mag': 5.1}, {'lat': 8.372, 'long': 91.639, 'Time': Timestamp('2005-07-26 06:32:11'), 'mag': 5.3}, {'lat': 8.372, 'long': 91.639, 'Time': Timestamp('2005-07-26 06:32:11'), 'mag': 5.3}, {'lat': 8.372, 'long': 91.639, 'Time': Timestamp('2005-07-26 06:32:11'), 'mag': 5.3}]",6,2005-07-26 12:16:08,RDM_df_train_30D-20_22SW-tw48_w0.csv,6.720651666666667
376,2005-03-30 00:58:51.065,1,"[{'lat': -10.246, 'long': 161.315, 'Time': Timestamp('2005-03-30 12:00:34'), 'mag': 5.7}, {'lat': -15.486, 'long': 167.439, 'Time': Timestamp('2005-03-30 01:28:14'), 'mag': 5.1}, {'lat': -10.246, 'long': 161.315, 'Time': Timestamp('2005-03-30 12:00:34'), 'mag': 5.7}, {'lat': -18.545, 'long': 176.013, 'Time': Timestamp('2005-03-31 01:39:06'), 'mag': 5.9}, {'lat': -18.448, 'long': 175.99, 'Time': Timestamp('2005-03-31 01:46:17'), 'mag': 6.0}, {'lat': -15.486, 'long': 167.439, 'Time': Timestamp('2005-03-30 01:28:14'), 'mag': 5.1}, {'lat': -10.246, 'long': 161.315, 'Time': Timestamp('2005-03-30 12:00:34'), 'mag': 5.7}, {'lat': -15.486, 'long': 167.439, 'Time': Timestamp('2005-03-30 01:28:14'), 'mag': 5.1}, {'lat': -3.848, 'long': 152.549, 'Time': Timestamp('2005-03-31 01:26:46'), 'mag': 5.0}]",9,2005-03-30 12:00:34,RDM_df_train_30D-20_22SW-tw48_w0.csv,11.028593055555556
1507,2006-01-03 15:19:21.162,1,"[{'lat': 9.889, 'long': -71.915, 'Time': Timestamp('2006-01-03 22:15:06'), 'mag': 5.0}, {'lat': 9.889, 'long': -71.915, 'Time': Timestamp('2006-01-03 22:15:06'), 'mag': 5.0}, {'lat': -22.855, 'long': -66.172, 'Time': Timestamp('2006-01-04 13:01:33'), 'mag': 5.5}, {'lat': -22.855, 'long': -66.172, 'Time': Timestamp('2006-01-04 13:01:33'), 'mag': 5.5}]",4,2006-01-03 22:15:06,RDM_df_train_30D-20_22SW-tw48_w0.csv,6.929121666666666
665,2005-06-13 14:58:49.422,1,"[{'lat': -14.158, 'long': -76.207, 'Time': Timestamp('2005-06-14 09:29:53'), 'mag': 5.2}, {'lat': -19.987, 'long': -69.197, 'Time': Timestamp('2005-06-13 22:44:33'), 'mag': 7.8}, {'lat': -14.158, 'long': -76.207, 'Time': Timestamp('2005-06-14 09:29:53'), 'mag': 5.2}, {'lat': -19.987, 'long': -69.197, 'Time': Timestamp('2005-06-13 22:44:33'), 'mag': 7.8}, {'lat': -14.158, 'long': -76.207, 'Time': Timestamp('2005-06-14 09:29:53'), 'mag': 5.2}, {'lat': -19.987, 'long': -69.197, 'Time': Timestamp('2005-06-13 22:44:33'), 'mag': 7.8}]",6,2005-06-14 09:29:53,RDM_df_train_30D-20_22SW-tw48_w0.csv,18.517660555555555
844,2005-07-18 01:12:17.438,1,"[{'lat': -20.381, 'long': 168.911, 'Time': Timestamp('2005-07-19 10:31:32'), 'mag': 5.5}, {'lat': -20.525, 'long': 168.797, 'Time': Timestamp('2005-07-19 23:28:11'), 'mag': 5.4}, {'lat': -20.381, 'long': 168.911, 'Time': Timestamp('2005-07-19 10:31:32'), 'mag': 5.5}, {'lat': -20.525, 'long': 168.797, 'Time': Timestamp('2005-07-19 23:28:11'), 'mag': 5.4}, {'lat': 46.912, 'long': 150.542, 'Time': Timestamp('2005-07-19 17:16:27'), 'mag': 5.0}, {'lat': 46.912, 'long': 150.542, 'Time': Timestamp('2005-07-19 17:16:27'), 'mag': 5.0}, {'lat': 46.912, 'long': 150.542, 'Time': Timestamp('2005-07-19 17:16:27'), 'mag': 5.0}, {'lat': 19.589, 'long': 146.078, 'Time': Timestamp('2005-07-18 02:43:48'), 'mag': 5.0}, {'lat': 19.589, 'long': 146.078, 'Time': Timestamp('2005-07-18 02:43:48'), 'mag': 5.0}, {'lat': 19.589, 'long': 146.078, 'Time': Timestamp('2005-07-18 02:43:48'), 'mag': 5.0}, {'lat': -4.844, 'long': 129.609, 'Time': Timestamp('2005-07-18 01:59:37'), 'mag': 5.2}, {'lat': -4.844, 'long': 129.609, 'Time': Timestamp('2005-07-18 01:59:37'), 'mag': 5.2}, {'lat': -4.844, 'long': 129.609, 'Time': Timestamp('2005-07-18 01:59:37'), 'mag': 5.2}, {'lat': -9.948, 'long': 124.48, 'Time': Timestamp('2005-07-18 02:04:59'), 'mag': 5.4}, {'lat': -9.911, 'long': 124.238, 'Time': Timestamp('2005-07-18 02:06:53'), 'mag': 5.5}]",15,2005-07-19 10:31:32,RDM_df_train_30D-20_22SW-tw48_w0.csv,33.32071166666667
1326,2005-12-08 09:19:52.306,1,"[{'lat': 39.394, 'long': 40.946, 'Time': Timestamp('2005-12-10 00:09:50'), 'mag': 5.4}, {'lat': -6.547, 'long': 29.509, 'Time': Timestamp('2005-12-08 11:51:22'), 'mag': 5.1}, {'lat': -6.176, 'long': 29.709, 'Time': Timestamp('2005-12-09 23:30:23'), 'mag': 5.5}, {'lat': -6.547, 'long': 29.509, 'Time': Timestamp('2005-12-08 11:51:22'), 'mag': 5.1}]",4,2005-12-10 00:09:50,RDM_df_train_30D-20_22SW-tw48_w0.csv,38.83269277777777
1424,2005-12-19 04:11:27.711,1,"[{'lat': 34.529, 'long': 136.629, 'Time': Timestamp('2005-12-20 05:34:41'), 'mag': 5.0}, {'lat': 34.529, 'long': 136.629, 'Time': Timestamp('2005-12-20 05:34:41'), 'mag': 5.0}]",2,2005-12-20 05:34:41,RDM_df_train_30D-20_22SW-tw48_w0.csv,25.387024722222222
767,2005-07-13 15:48:51.805,1,"[{'lat': -19.041, 'long': -68.752, 'Time': Timestamp('2005-07-15 01:07:16'), 'mag': 5.2}, {'lat': -19.041, 'long': -68.752, 'Time': Timestamp('2005-07-15 01:07:16'), 'mag': 5.2}]",2,2005-07-15 01:07:16,RDM_df_train_30D-20_22SW-tw48_w0.csv,33.30672083333334
78,2005-02-02 00:59:20.068,1,"[{'lat': 14.08, 'long': 144.715, 'Time': Timestamp('2005-02-02 02:30:25'), 'mag': 6.3}, {'lat': 14.08, 'long': 144.715, 'Time': Timestamp('2005-02-02 02:30:25'), 'mag': 6.3}, {'lat': -7.476, 'long': 145.044, 'Time': Timestamp('2005-02-02 06:28:36'), 'mag': 5.6}, {'lat': -6.645, 'long': 144.64, 'Time': Timestamp('2005-02-02 14:11:47'), 'mag': 5.4}, {'lat': -7.476, 'long': 145.044, 'Time': Timestamp('2005-02-02 06:28:36'), 'mag': 5.6}, {'lat': -6.645, 'long': 144.64, 'Time': Timestamp('2005-02-02 14:11:47'), 'mag': 5.4}]",6,2005-02-02 02:30:25,RDM_df_train_30D-20_22SW-tw48_w0.csv,1.5180366666666667
74,2005-02-08 11:49:52.532,1,"[{'lat': -55.395, 'long': -26.703, 'Time': Timestamp('2005-02-09 20:03:06'), 'mag': 5.3}, {'lat': -55.395, 'long': -26.703, 'Time': Timestamp('2005-02-09 20:03:06'), 'mag': 5.3}]",2,2005-02-09 20:03:06,RDM_df_train_30D-20_22SW-tw48_w0.csv,32.22040777777777
1238,2005-11-17 00:53:52.064,1,"[{'lat': 51.06, 'long': 158.091, 'Time': Timestamp('2005-11-18 16:36:01'), 'mag': 5.0}, {'lat': 51.06, 'long': 158.091, 'Time': Timestamp('2005-11-18 16:36:01'), 'mag': 5.0}, {'lat': 51.06, 'long': 158.091, 'Time': Timestamp('2005-11-18 16:36:01'), 'mag': 5.0}, {'lat': 33.319, 'long': 141.388, 'Time': Timestamp('2005-11-17 21:59:29'), 'mag': 5.7}, {'lat': 33.319, 'long': 141.388, 'Time': Timestamp('2005-11-17 21:59:29'), 'mag': 5.7}]",5,2005-11-18 16:36:01,RDM_df_train_30D-20_22SW-tw48_w0.csv,39.702482222222216
1442,2005-12-26 07:04:22.117,1,"[{'lat': 32.1, 'long': 49.2, 'Time': Timestamp('2005-12-26 23:15:50'), 'mag': 5.0}, {'lat': 32.1, 'long': 49.2, 'Time': Timestamp('2005-12-26 23:15:50'), 'mag': 5.0}]",2,2005-12-26 23:15:50,RDM_df_train_30D-20_22SW-tw48_w0.csv,16.191078611111113
160,2005-02-23 06:18:25.121,1,"[{'lat': 2.891, 'long': 95.729, 'Time': Timestamp('2005-02-24 07:35:50'), 'mag': 5.6}, {'lat': 2.891, 'long': 95.729, 'Time': Timestamp('2005-02-24 07:35:50'), 'mag': 5.6}]",2,2005-02-24 07:35:50,RDM_df_train_30D-20_22SW-tw48_w0.csv,25.290244166666668
1317,2005-11-20 21:07:15.854,1,"[{'lat': -15.347, 'long': -173.418, 'Time': Timestamp('2005-11-21 20:17:53'), 'mag': 5.2}]",1,2005-11-21 20:17:53,RDM_df_train_30D-20_22SW-tw48_w0.csv,23.176985
1401,2005-12-12 05:31:55.080,1,"[{'lat': 36.357, 'long': 71.093, 'Time': Timestamp('2005-12-12 21:47:46'), 'mag': 6.5}]",1,2005-12-12 21:47:46,RDM_df_train_30D-20_22SW-tw48_w0.csv,16.264144444444444
1090,2005-09-07 05:45:21.862,1,"[{'lat': -41.879, 'long': 85.059, 'Time': Timestamp('2005-09-08 12:57:49'), 'mag': 5.5}, {'lat': -41.879, 'long': 85.059, 'Time': Timestamp('2005-09-08 12:57:49'), 'mag': 5.5}, {'lat': -41.879, 'long': 85.059, 'Time': Timestamp('2005-09-08 12:57:49'), 'mag': 5.5}]",3,2005-09-08 12:57:49,RDM_df_train_30D-20_22SW-tw48_w0.csv,31.207538333333336
255,2005-03-25 01:41:51.167,1,"[{'lat': -6.777, 'long': 153.616, 'Time': Timestamp('2005-03-26 05:03:01'), 'mag': 5.4}, {'lat': -6.777, 'long': 153.616, 'Time': Timestamp('2005-03-26 05:03:01'), 'mag': 5.4}, {'lat': -6.777, 'long': 153.616, 'Time': Timestamp('2005-03-26 05:03:01'), 'mag': 5.4}, {'lat': -4.894, 'long': 129.938, 'Time': Timestamp('2005-03-26 15:40:34'), 'mag': 6.1}, {'lat': -4.894, 'long': 129.938, 'Time': Timestamp('2005-03-26 15:40:34'), 'mag': 6.1}, {'lat': -4.894, 'long': 129.938, 'Time': Timestamp('2005-03-26 15:40:34'), 'mag': 6.1}]",6,2005-03-26 05:03:01,RDM_df_train_30D-20_22SW-tw48_w0.csv,27.352731388888888
