index,time_window,label,matched_eqs,total_eq,random_offset_days
0,2008-07-21 11:41:23.999,0,[],0,20
1,2008-07-31 14:59:53.026,0,[],0,30
2,2008-07-29 18:15:23.107,1,"[{'lat': -54.727, 'long': -118.783, 'Time': Timestamp('2008-07-29 20:56:22'), 'mag': 5.8}, {'lat': -54.727, 'long': -118.783, 'Time': Timestamp('2008-07-29 20:56:22'), 'mag': 5.8}, {'lat': 33.9485, 'long': -117.7663333, 'Time': Timestamp('2008-07-29 18:42:15'), 'mag': 5.44}, {'lat': 33.9485, 'long': -117.7663333, 'Time': Timestamp('2008-07-29 18:42:15'), 'mag': 5.44}, {'lat': 33.9485, 'long': -117.7663333, 'Time': Timestamp('2008-07-29 18:42:15'), 'mag': 5.44}]",5,28
3,2008-07-15 21:29:23.159,1,"[{'lat': -16.599, 'long': -172.963, 'Time': Timestamp('2008-07-16 08:11:04'), 'mag': 5.7}, {'lat': -16.599, 'long': -172.963, 'Time': Timestamp('2008-07-16 08:11:04'), 'mag': 5.7}, {'lat': -16.599, 'long': -172.963, 'Time': Timestamp('2008-07-16 08:11:04'), 'mag': 5.7}]",3,14
4,2008-07-25 00:43:20.534,0,[],0,23
5,2008-07-24 07:16:26.612,0,[],0,22
6,2008-07-13 10:32:20.511,0,[],0,11
7,2008-07-10 13:51:23.467,0,[],0,8
8,2008-07-08 23:35:53.627,1,"[{'lat': -20.919, 'long': 168.769, 'Time': Timestamp('2008-07-09 08:24:16'), 'mag': 5.4}, {'lat': -12.406, 'long': 166.46, 'Time': Timestamp('2008-07-09 02:34:43'), 'mag': 5.0}, {'lat': -12.406, 'long': 166.46, 'Time': Timestamp('2008-07-09 02:34:43'), 'mag': 5.0}]",3,6
9,2008-07-22 09:23:23.541,0,[],0,19
10,2008-07-11 12:42:23.841,0,[],0,8
11,2008-07-20 16:00:21.105,0,[],0,17
12,2008-07-12 19:14:48.613,0,[],0,9
13,2008-07-08 22:28:54.001,1,"[{'lat': -12.406, 'long': 166.46, 'Time': Timestamp('2008-07-09 02:34:43'), 'mag': 5.0}, {'lat': -12.406, 'long': 166.46, 'Time': Timestamp('2008-07-09 02:34:43'), 'mag': 5.0}, {'lat': -20.919, 'long': 168.769, 'Time': Timestamp('2008-07-09 08:24:16'), 'mag': 5.4}, {'lat': -12.406, 'long': 166.46, 'Time': Timestamp('2008-07-09 02:34:43'), 'mag': 5.0}, {'lat': -20.919, 'long': 168.769, 'Time': Timestamp('2008-07-09 08:24:16'), 'mag': 5.4}, {'lat': -20.919, 'long': 168.769, 'Time': Timestamp('2008-07-09 08:24:16'), 'mag': 5.4}]",6,5
14,2008-07-10 01:42:52.368,1,"[{'lat': 0.938, 'long': 125.962, 'Time': Timestamp('2008-07-10 06:29:49'), 'mag': 5.1}, {'lat': 0.938, 'long': 125.962, 'Time': Timestamp('2008-07-10 06:29:49'), 'mag': 5.1}, {'lat': 0.938, 'long': 125.962, 'Time': Timestamp('2008-07-10 06:29:49'), 'mag': 5.1}]",3,6
15,2008-08-01 06:38:23.983,0,[],0,28
16,2008-07-21 09:53:51.614,0,[],0,17
17,2008-07-15 13:12:53.242,0,[],0,11
18,2008-07-17 16:30:20.618,0,[],0,13
19,2008-07-30 19:44:53.349,0,[],0,26
20,2008-07-28 00:35:15.426,0,[],0,23
21,2008-07-25 08:46:53.428,0,[],0,20
22,2008-08-03 12:03:53.616,0,[],0,29
23,2008-07-31 15:22:21.427,0,[],0,26
24,2008-07-29 18:37:19.605,1,"[{'lat': -54.727, 'long': -118.783, 'Time': Timestamp('2008-07-29 20:56:22'), 'mag': 5.8}, {'lat': -54.727, 'long': -118.783, 'Time': Timestamp('2008-07-29 20:56:22'), 'mag': 5.8}, {'lat': -54.727, 'long': -118.783, 'Time': Timestamp('2008-07-29 20:56:22'), 'mag': 5.8}, {'lat': 33.9485, 'long': -117.7663333, 'Time': Timestamp('2008-07-29 18:42:15'), 'mag': 5.44}, {'lat': 33.9485, 'long': -117.7663333, 'Time': Timestamp('2008-07-29 18:42:15'), 'mag': 5.44}, {'lat': 33.9485, 'long': -117.7663333, 'Time': Timestamp('2008-07-29 18:42:15'), 'mag': 5.44}]",6,24
25,2008-08-02 21:51:23.776,0,[],0,28
26,2008-07-25 01:05:22.691,0,[],0,19
27,2008-07-23 06:00:27.648,0,[],0,17
28,2008-07-23 09:15:20.949,0,[],0,17
29,2008-07-29 12:34:54.017,0,[],0,23
30,2008-08-03 15:52:22.275,0,[],0,28
31,2008-07-12 22:20:53.177,0,[],0,6
32,2008-07-21 06:30:24.159,0,[],0,14
33,2008-07-31 09:45:53.119,0,[],0,24
34,2008-08-02 13:04:53.419,0,[],0,26
35,2008-08-05 16:22:23.472,0,[],0,29
36,2008-07-29 19:36:53.525,1,"[{'lat': -54.727, 'long': -118.783, 'Time': Timestamp('2008-07-29 20:56:22'), 'mag': 5.8}]",1,22
37,2008-07-13 22:50:53.578,0,[],0,6
38,2008-07-18 07:00:24.683,0,[],0,10
39,2008-08-03 10:16:22.191,0,[],0,26
40,2008-07-25 13:35:23.819,1,"[{'lat': -59.68, 'long': -30.211, 'Time': Timestamp('2008-07-25 16:26:32'), 'mag': 5.1}]",1,17
41,2008-08-03 16:52:23.873,0,[],0,26
42,2008-08-07 20:06:53.926,0,[],0,30
43,2008-07-14 23:20:23.979,0,[],0,6
44,2008-07-23 07:30:26.406,0,[],0,14
45,2008-08-08 10:46:50.407,0,[],0,30
46,2008-07-22 14:05:53.364,0,[],0,13
47,2008-07-21 14:36:22.292,0,[],0,11
48,2008-07-15 17:52:25.124,0,[],0,5
49,2008-07-23 21:04:54.720,0,[],0,13
50,2008-07-26 00:19:45.922,0,[],0,15
51,2008-07-16 08:29:18.276,0,[],0,5
52,2008-07-30 11:47:53.111,1,"[{'lat': -59.644, 'long': -27.806, 'Time': Timestamp('2008-07-30 20:15:11'), 'mag': 5.6}]",1,19
53,2008-07-23 15:06:22.139,0,[],0,12
54,2008-07-20 18:21:49.101,0,[],0,9
55,2008-07-19 21:34:51.464,1,"[{'lat': -17.337, 'long': -177.312, 'Time': Timestamp('2008-07-19 22:39:52'), 'mag': 6.4}, {'lat': -17.337, 'long': -177.312, 'Time': Timestamp('2008-07-19 22:39:52'), 'mag': 6.4}, {'lat': -17.337, 'long': -177.312, 'Time': Timestamp('2008-07-19 22:39:52'), 'mag': 6.4}]",3,8
56,2008-07-19 00:49:50.858,1,"[{'lat': -11.041, 'long': 164.493, 'Time': Timestamp('2008-07-19 09:27:01'), 'mag': 6.6}, {'lat': -11.043, 'long': 164.531, 'Time': Timestamp('2008-07-19 09:34:26'), 'mag': 5.5}, {'lat': -11.239, 'long': 164.597, 'Time': Timestamp('2008-07-19 10:35:38'), 'mag': 5.0}, {'lat': -11.066, 'long': 164.616, 'Time': Timestamp('2008-07-19 11:01:17'), 'mag': 6.2}, {'lat': -11.033, 'long': 164.562, 'Time': Timestamp('2008-07-19 11:15:24'), 'mag': 5.2}, {'lat': -10.985, 'long': 164.624, 'Time': Timestamp('2008-07-19 11:45:40'), 'mag': 5.2}, {'lat': -11.041, 'long': 164.493, 'Time': Timestamp('2008-07-19 09:27:01'), 'mag': 6.6}, {'lat': -11.043, 'long': 164.531, 'Time': Timestamp('2008-07-19 09:34:26'), 'mag': 5.5}, {'lat': -11.239, 'long': 164.597, 'Time': Timestamp('2008-07-19 10:35:38'), 'mag': 5.0}, {'lat': -11.066, 'long': 164.616, 'Time': Timestamp('2008-07-19 11:01:17'), 'mag': 6.2}, {'lat': -11.033, 'long': 164.562, 'Time': Timestamp('2008-07-19 11:15:24'), 'mag': 5.2}, {'lat': -10.985, 'long': 164.624, 'Time': Timestamp('2008-07-19 11:45:40'), 'mag': 5.2}, {'lat': -11.041, 'long': 164.493, 'Time': Timestamp('2008-07-19 09:27:01'), 'mag': 6.6}, {'lat': -11.043, 'long': 164.531, 'Time': Timestamp('2008-07-19 09:34:26'), 'mag': 5.5}, {'lat': -11.239, 'long': 164.597, 'Time': Timestamp('2008-07-19 10:35:38'), 'mag': 5.0}, {'lat': -11.066, 'long': 164.616, 'Time': Timestamp('2008-07-19 11:01:17'), 'mag': 6.2}, {'lat': -11.033, 'long': 164.562, 'Time': Timestamp('2008-07-19 11:15:24'), 'mag': 5.2}, {'lat': -10.985, 'long': 164.624, 'Time': Timestamp('2008-07-19 11:45:40'), 'mag': 5.2}, {'lat': 37.552, 'long': 142.214, 'Time': Timestamp('2008-07-19 02:39:28'), 'mag': 7.0}, {'lat': 37.562, 'long': 142.402, 'Time': Timestamp('2008-07-19 02:47:29'), 'mag': 5.3}, {'lat': 37.552, 'long': 142.214, 'Time': Timestamp('2008-07-19 02:39:28'), 'mag': 7.0}, {'lat': 37.562, 'long': 142.402, 'Time': Timestamp('2008-07-19 02:47:29'), 'mag': 5.3}, {'lat': 37.552, 'long': 142.214, 'Time': Timestamp('2008-07-19 02:39:28'), 'mag': 7.0}, {'lat': 37.562, 'long': 142.402, 'Time': Timestamp('2008-07-19 02:47:29'), 'mag': 5.3}]",24,7
57,2008-08-07 05:44:25.816,0,[],0,26
58,2008-07-20 08:59:21.773,0,[],0,8
59,2008-07-25 12:18:53.513,1,"[{'lat': -59.68, 'long': -30.211, 'Time': Timestamp('2008-07-25 16:26:32'), 'mag': 5.1}]",1,13
60,2008-07-30 15:36:22.763,0,[],0,18
61,2008-07-19 18:51:48.173,0,[],0,7
62,2008-07-18 22:04:24.745,1,"[{'lat': 44.33, 'long': -129.304, 'Time': Timestamp('2008-07-19 01:00:22'), 'mag': 5.0}, {'lat': 44.33, 'long': -129.304, 'Time': Timestamp('2008-07-19 01:00:22'), 'mag': 5.0}]",2,6
63,2008-07-20 01:19:20.713,0,[],0,7
64,2008-07-22 06:14:21.887,0,[],0,9
65,2008-07-29 09:29:53.614,0,[],0,16
66,2008-08-07 12:49:23.914,0,[],0,25
67,2008-07-19 16:06:52.171,1,"[{'lat': 10.667, 'long': -85.777, 'Time': Timestamp('2008-07-20 02:34:12'), 'mag': 5.1}, {'lat': 10.667, 'long': -85.777, 'Time': Timestamp('2008-07-20 02:34:12'), 'mag': 5.1}, {'lat': 10.667, 'long': -85.777, 'Time': Timestamp('2008-07-20 02:34:12'), 'mag': 5.1}]",3,6
68,2008-07-31 19:21:24.021,0,[],0,18
69,2008-07-31 22:35:24.074,0,[],0,18
70,2008-07-24 01:49:21.877,1,"[{'lat': 39.62, 'long': 141.522, 'Time': Timestamp('2008-07-24 02:27:53'), 'mag': 5.2}, {'lat': 39.62, 'long': 141.522, 'Time': Timestamp('2008-07-24 02:27:53'), 'mag': 5.2}, {'lat': 39.62, 'long': 141.522, 'Time': Timestamp('2008-07-24 02:27:53'), 'mag': 5.2}]",3,10
71,2008-08-08 06:44:51.400,1,"[{'lat': -25.406, 'long': 70.085, 'Time': Timestamp('2008-08-08 14:43:48'), 'mag': 5.3}, {'lat': -25.406, 'long': 70.085, 'Time': Timestamp('2008-08-08 14:43:48'), 'mag': 5.3}, {'lat': -25.406, 'long': 70.085, 'Time': Timestamp('2008-08-08 14:43:48'), 'mag': 5.3}]",3,25
72,2008-08-08 10:00:18.361,0,[],0,25
73,2008-07-22 13:19:48.639,0,[],0,8
74,2008-08-12 16:36:51.572,0,[],0,29
75,2008-07-28 19:51:18.745,0,[],0,14
76,2008-08-12 23:04:55.439,1,"[{'lat': -56.283, 'long': 147.016, 'Time': Timestamp('2008-08-13 00:27:36'), 'mag': 5.0}, {'lat': -56.283, 'long': 147.016, 'Time': Timestamp('2008-08-13 00:27:36'), 'mag': 5.0}]",2,29
77,2008-08-09 08:51:49.293,0,[],0,25
78,2008-08-12 12:10:53.689,0,[],0,28
79,2008-08-01 15:28:51.500,0,[],0,17
80,2008-07-28 18:43:49.678,0,[],0,13
81,2008-07-27 21:56:54.921,1,"[{'lat': -24.765, 'long': -176.13, 'Time': Timestamp('2008-07-28 03:43:03'), 'mag': 5.3}]",1,12
82,2008-08-11 01:11:51.436,0,[],0,26
83,2008-07-22 06:06:56.282,0,[],0,6
84,2008-07-24 09:21:52.932,0,[],0,8
85,2008-08-08 12:41:23.232,0,[],0,23
86,2008-08-11 22:27:23.391,1,"[{'lat': -11.432, 'long': 166.23, 'Time': Timestamp('2008-08-12 05:25:57'), 'mag': 5.9}, {'lat': -11.432, 'long': 166.23, 'Time': Timestamp('2008-08-12 05:25:57'), 'mag': 5.9}, {'lat': -11.432, 'long': 166.23, 'Time': Timestamp('2008-08-12 05:25:57'), 'mag': 5.9}]",3,26
87,2008-08-07 08:15:19.757,0,[],0,21
88,2008-07-29 11:32:23.606,0,[],0,12
89,2008-08-06 14:50:49.865,0,[],0,20
90,2008-08-09 18:06:22.251,0,[],0,23
91,2008-07-27 21:19:21.958,1,"[{'lat': -24.765, 'long': -176.13, 'Time': Timestamp('2008-07-28 03:43:03'), 'mag': 5.3}, {'lat': -24.765, 'long': -176.13, 'Time': Timestamp('2008-07-28 03:43:03'), 'mag': 5.3}, {'lat': -24.765, 'long': -176.13, 'Time': Timestamp('2008-07-28 03:43:03'), 'mag': 5.3}]",3,10
92,2008-07-27 00:34:18.585,0,[],0,9
93,2008-08-17 07:06:57.219,0,[],0,30
94,2008-08-10 10:22:52.406,0,[],0,23
95,2008-08-06 13:42:24.034,0,[],0,19
96,2008-08-14 16:58:53.087,1,"[{'lat': 7.292, 'long': -82.726, 'Time': Timestamp('2008-08-14 22:55:47'), 'mag': 5.5}, {'lat': 7.292, 'long': -82.726, 'Time': Timestamp('2008-08-14 22:55:47'), 'mag': 5.5}, {'lat': 7.292, 'long': -82.726, 'Time': Timestamp('2008-08-14 22:55:47'), 'mag': 5.5}]",3,27
97,2008-08-06 20:13:23.140,1,"[{'lat': 26.64, 'long': -111.0, 'Time': Timestamp('2008-08-07 02:18:13'), 'mag': 5.5}, {'lat': 26.64, 'long': -111.0, 'Time': Timestamp('2008-08-07 02:18:13'), 'mag': 5.5}, {'lat': 26.64, 'long': -111.0, 'Time': Timestamp('2008-08-07 02:18:13'), 'mag': 5.5}]",3,19
98,2008-08-13 01:03:47.985,0,[],0,25
99,2008-08-11 05:58:54.272,0,[],0,23
100,2008-08-12 10:53:53.247,0,[],0,24
101,2008-08-13 14:12:20.746,0,[],0,25
102,2008-08-04 17:28:53.243,0,[],0,16
103,2008-08-14 20:39:50.862,0,[],0,26
104,2008-07-30 23:56:23.594,1,"[{'lat': -10.488, 'long': 163.505, 'Time': Timestamp('2008-07-31 08:07:41'), 'mag': 5.2}]",1,11
105,2008-08-02 08:07:17.166,0,[],0,13
106,2008-08-04 11:24:23.782,1,"[{'lat': 34.098, 'long': 26.576, 'Time': Timestamp('2008-08-04 19:38:25'), 'mag': 5.3}]",1,15
107,2008-08-10 14:42:52.475,0,[],0,21
108,2008-08-15 17:58:55.196,0,[],0,26
109,2008-08-04 21:11:22.134,0,[],0,15
110,2008-08-10 00:26:21.316,1,"[{'lat': -21.156, 'long': 173.997, 'Time': Timestamp('2008-08-10 04:00:54'), 'mag': 5.1}, {'lat': -21.156, 'long': 173.997, 'Time': Timestamp('2008-08-10 04:00:54'), 'mag': 5.1}, {'lat': -21.156, 'long': 173.997, 'Time': Timestamp('2008-08-10 04:00:54'), 'mag': 5.1}, {'lat': -60.5, 'long': 153.5, 'Time': Timestamp('2008-08-10 11:53:52'), 'mag': 5.1}]",4,20
111,2008-07-26 08:35:51.443,0,[],0,5
112,2008-08-05 11:54:53.183,0,[],0,15
113,2008-07-31 15:12:53.650,0,[],0,10
114,2008-07-28 18:28:19.172,0,[],0,7
115,2008-08-13 21:41:27.182,0,[],0,23
116,2008-08-16 00:56:20.930,1,"[{'lat': -7.022, 'long': 157.626, 'Time': Timestamp('2008-08-16 05:03:58'), 'mag': 5.1}, {'lat': -7.022, 'long': 157.626, 'Time': Timestamp('2008-08-16 05:03:58'), 'mag': 5.1}, {'lat': -7.022, 'long': 157.626, 'Time': Timestamp('2008-08-16 05:03:58'), 'mag': 5.1}]",3,25
117,2008-08-21 05:51:59.314,1,"[{'lat': 25.039, 'long': 97.697, 'Time': Timestamp('2008-08-21 12:24:30'), 'mag': 6.0}, {'lat': 25.039, 'long': 97.697, 'Time': Timestamp('2008-08-21 12:24:30'), 'mag': 6.0}, {'lat': 25.039, 'long': 97.697, 'Time': Timestamp('2008-08-21 12:24:30'), 'mag': 6.0}]",3,30
118,2008-08-13 09:06:19.735,0,[],0,22
119,2008-08-05 12:25:21.341,0,[],0,14
120,2008-08-13 15:43:24.275,0,[],0,22
121,2008-08-18 18:58:18.245,0,[],0,27
122,2008-08-15 22:11:53.376,0,[],0,24
123,2008-07-29 01:25:52.112,0,[],0,6
124,2008-08-07 11:16:23.103,0,[],0,15
125,2008-08-20 14:34:53.013,0,[],0,28
126,2008-08-02 21:01:47.817,0,[],0,10
127,2008-07-29 00:18:53.506,0,[],0,5
128,2008-08-13 11:46:53.504,0,[],0,20
129,2008-08-04 15:05:21.204,0,[],0,11
130,2008-08-05 18:20:52.262,1,"[{'lat': -54.186, 'long': -133.402, 'Time': Timestamp('2008-08-06 02:18:37'), 'mag': 5.0}, {'lat': -54.186, 'long': -133.402, 'Time': Timestamp('2008-08-06 02:18:37'), 'mag': 5.0}, {'lat': -54.186, 'long': -133.402, 'Time': Timestamp('2008-08-06 02:18:37'), 'mag': 5.0}]",3,12
131,2008-08-19 21:33:27.280,0,[],0,26
132,2008-08-09 00:48:22.580,1,"[{'lat': -60.648, 'long': 153.771, 'Time': Timestamp('2008-08-09 06:01:48'), 'mag': 6.5}]",1,15
133,2008-08-07 07:21:27.117,0,[],0,13
134,2008-08-13 10:37:50.976,0,[],0,19
135,2008-08-01 13:56:53.932,0,[],0,7
136,2008-08-17 17:13:23.986,1,"[{'lat': -34.814, 'long': -108.286, 'Time': Timestamp('2008-08-17 21:28:38'), 'mag': 5.2}, {'lat': -34.814, 'long': -108.286, 'Time': Timestamp('2008-08-17 21:28:38'), 'mag': 5.2}, {'lat': -34.814, 'long': -108.286, 'Time': Timestamp('2008-08-17 21:28:38'), 'mag': 5.2}]",3,23
137,2008-08-12 20:24:24.038,0,[],0,18
138,2008-08-05 23:40:53.092,1,"[{'lat': -8.914, 'long': 157.846, 'Time': Timestamp('2008-08-06 08:38:32'), 'mag': 5.2}, {'lat': -8.914, 'long': 157.846, 'Time': Timestamp('2008-08-06 08:38:32'), 'mag': 5.2}, {'lat': -8.914, 'long': 157.846, 'Time': Timestamp('2008-08-06 08:38:32'), 'mag': 5.2}]",3,11
139,2008-08-24 07:51:53.415,0,[],0,29
140,2008-08-17 11:08:20.601,1,"[{'lat': -52.873, 'long': -4.453, 'Time': Timestamp('2008-08-17 15:39:08'), 'mag': 5.6}, {'lat': -52.873, 'long': -4.453, 'Time': Timestamp('2008-08-17 15:39:08'), 'mag': 5.6}]",2,22
141,2008-08-14 14:26:54.406,1,"[{'lat': 8.076, 'long': -38.012, 'Time': Timestamp('2008-08-14 17:16:20'), 'mag': 5.0}, {'lat': 8.076, 'long': -38.012, 'Time': Timestamp('2008-08-14 17:16:20'), 'mag': 5.0}, {'lat': 0.459, 'long': -25.243, 'Time': Timestamp('2008-08-15 00:49:43'), 'mag': 5.0}]",3,19
142,2008-08-01 00:10:53.493,0,[],0,5
143,2008-08-02 05:05:32.502,0,[],0,6
144,2008-08-07 08:21:49.832,0,[],0,11
145,2008-08-21 11:38:53.681,1,"[{'lat': -58.569, 'long': -25.126, 'Time': Timestamp('2008-08-21 19:09:49'), 'mag': 5.0}, {'lat': -58.599, 'long': -25.154, 'Time': Timestamp('2008-08-21 19:13:44'), 'mag': 5.3}]",2,25
146,2008-08-18 14:57:21.380,1,"[{'lat': -5.845, 'long': -80.924, 'Time': Timestamp('2008-08-18 15:38:08'), 'mag': 5.1}, {'lat': -5.845, 'long': -80.924, 'Time': Timestamp('2008-08-18 15:38:08'), 'mag': 5.1}, {'lat': -22.143, 'long': -68.392, 'Time': Timestamp('2008-08-18 20:28:16'), 'mag': 5.0}, {'lat': -22.143, 'long': -68.392, 'Time': Timestamp('2008-08-18 20:28:16'), 'mag': 5.0}, {'lat': -22.143, 'long': -68.392, 'Time': Timestamp('2008-08-18 20:28:16'), 'mag': 5.0}]",5,22
147,2008-08-02 21:25:52.033,0,[],0,6
148,2008-08-05 00:40:48.659,0,[],0,8
149,2008-08-17 07:13:27.293,0,[],0,20
150,2008-08-27 10:29:51.153,0,[],0,30
151,2008-08-04 13:48:53.109,0,[],0,7
152,2008-08-07 17:05:23.162,1,"[{'lat': 12.572, 'long': -87.721, 'Time': Timestamp('2008-08-07 23:41:27'), 'mag': 5.1}, {'lat': 12.572, 'long': -87.721, 'Time': Timestamp('2008-08-07 23:41:27'), 'mag': 5.1}, {'lat': -9.139, 'long': -109.518, 'Time': Timestamp('2008-08-07 22:58:33'), 'mag': 5.6}, {'lat': -9.139, 'long': -109.518, 'Time': Timestamp('2008-08-07 22:58:33'), 'mag': 5.6}, {'lat': -9.139, 'long': -109.518, 'Time': Timestamp('2008-08-07 22:58:33'), 'mag': 5.6}]",5,10
153,2008-08-22 20:16:23.214,0,[],0,25
154,2008-08-22 23:33:23.268,0,[],0,25
155,2008-08-18 07:43:55.367,0,[],0,20
156,2008-08-13 11:00:20.554,0,[],0,15
157,2008-08-10 14:18:49.046,0,[],0,12
158,2008-08-14 17:35:22.648,1,"[{'lat': 7.292, 'long': -82.726, 'Time': Timestamp('2008-08-14 22:55:47'), 'mag': 5.5}, {'lat': 7.292, 'long': -82.726, 'Time': Timestamp('2008-08-14 22:55:47'), 'mag': 5.5}, {'lat': 7.292, 'long': -82.726, 'Time': Timestamp('2008-08-14 22:55:47'), 'mag': 5.5}]",3,16
159,2008-08-24 20:46:16.830,0,[],0,26
160,2008-08-28 00:02:48.323,0,[],0,29
161,2008-08-26 08:13:54.105,0,[],0,27
162,2008-08-10 13:10:24.031,0,[],0,11
163,2008-08-04 22:55:53.191,0,[],0,5
164,2008-08-13 08:42:20.338,0,[],0,13
165,2008-08-13 12:01:23.405,0,[],0,13
166,2008-08-24 15:19:19.776,0,[],0,24
167,2008-08-28 18:34:53.512,0,[],0,28
168,2008-08-21 21:48:54.748,1,"[{'lat': -62.84, 'long': -158.207, 'Time': Timestamp('2008-08-22 02:24:00'), 'mag': 5.2}, {'lat': -62.84, 'long': -158.207, 'Time': Timestamp('2008-08-22 02:24:00'), 'mag': 5.2}]",2,21
169,2008-08-07 01:02:51.151,1,"[{'lat': 52.268, 'long': -175.734, 'Time': Timestamp('2008-08-07 10:12:02'), 'mag': 5.0}, {'lat': 52.281, 'long': -175.811, 'Time': Timestamp('2008-08-07 12:49:33'), 'mag': 5.0}]",2,6
170,2008-08-14 05:57:28.765,0,[],0,13
171,2008-08-30 09:12:50.739,0,[],0,29
172,2008-08-09 12:31:53.806,0,[],0,8
173,2008-08-16 15:49:49.184,0,[],0,15
174,2008-08-31 19:04:53.913,1,"[{'lat': -24.463, 'long': -116.094, 'Time': Timestamp('2008-08-31 20:58:31'), 'mag': 5.0}, {'lat': -24.463, 'long': -116.094, 'Time': Timestamp('2008-08-31 20:58:31'), 'mag': 5.0}, {'lat': -24.463, 'long': -116.094, 'Time': Timestamp('2008-08-31 20:58:31'), 'mag': 5.0}]",3,30
175,2008-08-16 22:18:23.375,0,[],0,15
176,2008-08-07 01:32:22.334,1,"[{'lat': -8.166, 'long': 117.809, 'Time': Timestamp('2008-08-07 03:46:22'), 'mag': 5.0}, {'lat': -8.166, 'long': 117.809, 'Time': Timestamp('2008-08-07 03:46:22'), 'mag': 5.0}]",2,5
177,2008-08-26 08:04:17.780,0,[],0,24
178,2008-08-27 11:22:53.180,0,[],0,25
179,2008-08-09 14:41:19.105,0,[],0,7
180,2008-08-30 17:57:24.593,0,[],0,28
181,2008-08-18 21:11:23.341,0,[],0,16
182,2008-08-15 00:24:49.487,1,"[{'lat': -7.56, 'long': 154.75, 'Time': Timestamp('2008-08-15 02:36:54'), 'mag': 5.2}, {'lat': -7.56, 'long': 154.75, 'Time': Timestamp('2008-08-15 02:36:54'), 'mag': 5.2}, {'lat': -7.56, 'long': 154.75, 'Time': Timestamp('2008-08-15 02:36:54'), 'mag': 5.2}]",3,12
183,2008-08-31 03:41:53.860,1,"[{'lat': 26.232, 'long': 101.97, 'Time': Timestamp('2008-08-31 08:31:10'), 'mag': 5.6}, {'lat': 26.232, 'long': 101.97, 'Time': Timestamp('2008-08-31 08:31:10'), 'mag': 5.6}, {'lat': 26.232, 'long': 101.97, 'Time': Timestamp('2008-08-31 08:31:10'), 'mag': 5.6}]",3,28
184,2008-08-22 06:57:53.144,1,"[{'lat': -17.769, 'long': 65.394, 'Time': Timestamp('2008-08-22 07:47:39'), 'mag': 6.0}, {'lat': -17.769, 'long': 65.394, 'Time': Timestamp('2008-08-22 07:47:39'), 'mag': 6.0}, {'lat': -17.769, 'long': 65.394, 'Time': Timestamp('2008-08-22 07:47:39'), 'mag': 6.0}]",3,19
185,2008-08-09 10:13:50.653,0,[],0,6
186,2008-08-13 13:32:53.608,0,[],0,10
187,2008-08-14 23:17:53.768,1,"[{'lat': -7.56, 'long': 154.75, 'Time': Timestamp('2008-08-15 02:36:54'), 'mag': 5.2}, {'lat': -7.56, 'long': 154.75, 'Time': Timestamp('2008-08-15 02:36:54'), 'mag': 5.2}, {'lat': -7.56, 'long': 154.75, 'Time': Timestamp('2008-08-15 02:36:54'), 'mag': 5.2}]",3,11
188,2008-08-13 07:27:53.098,0,[],0,9
189,2008-08-19 10:44:21.053,0,[],0,15
190,2008-08-14 14:03:24.009,1,"[{'lat': 8.076, 'long': -38.012, 'Time': Timestamp('2008-08-14 17:16:20'), 'mag': 5.0}, {'lat': 8.076, 'long': -38.012, 'Time': Timestamp('2008-08-14 17:16:20'), 'mag': 5.0}, {'lat': 0.459, 'long': -25.243, 'Time': Timestamp('2008-08-15 00:49:43'), 'mag': 5.0}, {'lat': 8.076, 'long': -38.012, 'Time': Timestamp('2008-08-14 17:16:20'), 'mag': 5.0}, {'lat': 0.459, 'long': -25.243, 'Time': Timestamp('2008-08-15 00:49:43'), 'mag': 5.0}, {'lat': 0.459, 'long': -25.243, 'Time': Timestamp('2008-08-15 00:49:43'), 'mag': 5.0}]",6,10
191,2008-08-14 17:19:54.063,1,"[{'lat': 7.292, 'long': -82.726, 'Time': Timestamp('2008-08-14 22:55:47'), 'mag': 5.5}, {'lat': 7.292, 'long': -82.726, 'Time': Timestamp('2008-08-14 22:55:47'), 'mag': 5.5}, {'lat': 7.292, 'long': -82.726, 'Time': Timestamp('2008-08-14 22:55:47'), 'mag': 5.5}]",3,10
192,2008-08-12 20:33:53.116,0,[],0,8
193,2008-08-20 23:47:23.169,0,[],0,16
194,2008-08-30 07:58:17.075,0,[],0,25
195,2008-08-23 11:14:53.356,0,[],0,18
196,2008-09-01 14:33:24.594,0,[],0,27
197,2008-08-25 17:49:22.002,0,[],0,20
198,2008-08-26 06:49:53.309,0,[],0,20
199,2008-08-30 10:05:52.304,0,[],0,24
200,2008-08-24 13:24:53.933,0,[],0,18
201,2008-09-04 23:09:53.092,0,[],0,29
202,2008-08-23 05:41:55.610,0,[],0,16
203,2008-09-05 08:56:50.239,0,[],0,29
204,2008-08-26 12:15:53.306,0,[],0,19
205,2008-08-15 15:33:52.557,0,[],0,8
206,2008-08-13 18:48:49.295,0,[],0,6
207,2008-08-14 22:02:51.659,0,[],0,7
208,2008-08-21 01:16:47.850,0,[],0,13
209,2008-08-22 06:11:55.776,1,"[{'lat': -17.769, 'long': 65.394, 'Time': Timestamp('2008-08-22 07:47:39'), 'mag': 6.0}, {'lat': -17.769, 'long': 65.394, 'Time': Timestamp('2008-08-22 07:47:39'), 'mag': 6.0}, {'lat': -17.769, 'long': 65.394, 'Time': Timestamp('2008-08-22 07:47:39'), 'mag': 6.0}]",3,14
210,2008-09-02 09:27:22.079,1,"[{'lat': 38.724, 'long': 45.794, 'Time': Timestamp('2008-09-02 20:00:50'), 'mag': 5.0}, {'lat': 38.724, 'long': 45.794, 'Time': Timestamp('2008-09-02 20:00:50'), 'mag': 5.0}, {'lat': 38.724, 'long': 45.794, 'Time': Timestamp('2008-09-02 20:00:50'), 'mag': 5.0}]",3,25
211,2008-08-22 12:46:23.708,1,"[{'lat': -58.602, 'long': -25.046, 'Time': Timestamp('2008-08-22 17:38:59'), 'mag': 5.3}, {'lat': -58.602, 'long': -25.046, 'Time': Timestamp('2008-08-22 17:38:59'), 'mag': 5.3}]",2,14
212,2008-08-24 16:03:53.293,0,[],0,16
213,2008-09-03 19:18:49.920,0,[],0,26
214,2008-08-16 22:32:23.867,0,[],0,8
215,2008-09-08 01:46:51.677,0,[],0,30
216,2008-08-23 06:41:50.753,0,[],0,14
217,2008-08-30 09:57:52.481,0,[],0,21
218,2008-08-29 13:16:53.108,0,[],0,20
219,2008-08-25 16:33:53.163,1,"[{'lat': -42.672, 'long': -83.541, 'Time': Timestamp('2008-08-25 16:47:22'), 'mag': 5.0}, {'lat': -42.672, 'long': -83.541, 'Time': Timestamp('2008-08-25 16:47:22'), 'mag': 5.0}, {'lat': -42.672, 'long': -83.541, 'Time': Timestamp('2008-08-25 16:47:22'), 'mag': 5.0}]",3,16
220,2008-08-18 19:48:23.216,0,[],0,9
221,2008-08-24 00:39:18.061,0,[],0,14
222,2008-08-18 07:12:26.694,1,"[{'lat': 33.628, 'long': 91.92, 'Time': Timestamp('2008-08-18 14:11:05'), 'mag': 5.3}]",1,8
223,2008-08-15 10:28:20.554,0,[],0,5
224,2008-08-18 13:47:23.510,1,"[{'lat': -22.143, 'long': -68.392, 'Time': Timestamp('2008-08-18 20:28:16'), 'mag': 5.0}]",1,8
225,2008-08-19 23:31:53.670,0,[],0,9
226,2008-08-30 07:42:25.321,1,"[{'lat': 42.733, 'long': 83.899, 'Time': Timestamp('2008-08-30 12:46:47'), 'mag': 5.3}, {'lat': 42.733, 'long': 83.899, 'Time': Timestamp('2008-08-30 12:46:47'), 'mag': 5.3}, {'lat': -20.41, 'long': 67.172, 'Time': Timestamp('2008-08-30 14:42:28'), 'mag': 5.2}, {'lat': -20.41, 'long': 67.172, 'Time': Timestamp('2008-08-30 14:42:28'), 'mag': 5.2}, {'lat': -20.41, 'long': 67.172, 'Time': Timestamp('2008-08-30 14:42:28'), 'mag': 5.2}]",5,19
227,2008-08-19 10:58:55.051,0,[],0,8
228,2008-08-24 14:17:45.351,0,[],0,13
229,2008-08-26 17:33:51.174,1,"[{'lat': -7.641, 'long': -74.377, 'Time': Timestamp('2008-08-26 21:00:36'), 'mag': 6.4}]",1,15
230,2008-09-04 20:47:54.018,0,[],0,24
231,2008-08-24 00:01:54.071,0,[],0,12
232,2008-08-22 08:10:46.530,0,[],0,10
233,2008-09-05 11:29:23.258,1,"[{'lat': -34.261, 'long': -14.547, 'Time': Timestamp('2008-09-05 20:41:35'), 'mag': 5.1}, {'lat': -1.171, 'long': -13.955, 'Time': Timestamp('2008-09-05 19:07:38'), 'mag': 5.8}, {'lat': -1.171, 'long': -13.955, 'Time': Timestamp('2008-09-05 19:07:38'), 'mag': 5.8}, {'lat': -1.171, 'long': -13.955, 'Time': Timestamp('2008-09-05 19:07:38'), 'mag': 5.8}, {'lat': -34.261, 'long': -14.547, 'Time': Timestamp('2008-09-05 20:41:35'), 'mag': 5.1}]",5,24
234,2008-08-17 14:47:50.845,0,[],0,5
235,2008-09-11 18:03:54.671,0,[],0,30
236,2008-08-31 08:42:53.471,0,[],0,18
237,2008-08-31 11:59:53.823,0,[],0,18
238,2008-08-20 15:18:22.962,0,[],0,7
239,2008-08-19 21:47:23.983,0,[],0,6
240,2008-09-11 01:01:22.898,1,"[{'lat': 41.678, 'long': 144.079, 'Time': Timestamp('2008-09-11 01:08:10'), 'mag': 5.0}, {'lat': 41.678, 'long': 144.079, 'Time': Timestamp('2008-09-11 01:08:10'), 'mag': 5.0}, {'lat': 41.678, 'long': 144.079, 'Time': Timestamp('2008-09-11 01:08:10'), 'mag': 5.0}]",3,28
241,2008-09-03 05:56:24.088,1,"[{'lat': 24.869, 'long': 97.78, 'Time': Timestamp('2008-09-03 06:27:25'), 'mag': 5.0}, {'lat': 24.869, 'long': 97.78, 'Time': Timestamp('2008-09-03 06:27:25'), 'mag': 5.0}, {'lat': 24.869, 'long': 97.78, 'Time': Timestamp('2008-09-03 06:27:25'), 'mag': 5.0}]",3,20
242,2008-09-03 09:11:20.157,0,[],0,20
243,2008-08-29 12:30:23.224,0,[],0,15
244,2008-08-29 15:48:19.930,0,[],0,15
245,2008-08-30 19:03:21.311,0,[],0,16
246,2008-08-23 22:16:53.384,0,[],0,9
247,2008-09-02 01:31:22.522,1,"[{'lat': -8.277, 'long': 120.572, 'Time': Timestamp('2008-09-02 11:00:03'), 'mag': 5.1}, {'lat': -8.277, 'long': 120.572, 'Time': Timestamp('2008-09-02 11:00:03'), 'mag': 5.1}, {'lat': -8.277, 'long': 120.572, 'Time': Timestamp('2008-09-02 11:00:03'), 'mag': 5.1}]",3,18
248,2008-08-20 04:48:18.915,1,"[{'lat': 14.906, 'long': 119.995, 'Time': Timestamp('2008-08-20 09:37:29'), 'mag': 5.1}, {'lat': 14.906, 'long': 119.995, 'Time': Timestamp('2008-08-20 09:37:29'), 'mag': 5.1}]",2,5
249,2008-09-14 08:04:46.982,0,[],0,30
250,2008-09-06 11:21:25.563,0,[],0,22
251,2008-08-26 14:40:19.523,1,"[{'lat': -7.641, 'long': -74.377, 'Time': Timestamp('2008-08-26 21:00:36'), 'mag': 6.4}, {'lat': -7.641, 'long': -74.377, 'Time': Timestamp('2008-08-26 21:00:36'), 'mag': 6.4}, {'lat': -7.641, 'long': -74.377, 'Time': Timestamp('2008-08-26 21:00:36'), 'mag': 6.4}]",3,11
252,2008-09-02 17:55:52.244,0,[],0,18
253,2008-09-01 21:09:53.758,0,[],0,17
254,2008-09-07 00:23:52.572,0,[],0,22
255,2008-08-25 05:18:23.413,1,"[{'lat': 30.901, 'long': 83.52, 'Time': Timestamp('2008-08-25 13:21:58'), 'mag': 6.7}, {'lat': 30.712, 'long': 83.377, 'Time': Timestamp('2008-08-25 13:29:22'), 'mag': 5.0}, {'lat': 30.797, 'long': 83.38, 'Time': Timestamp('2008-08-25 13:39:38'), 'mag': 5.2}, {'lat': 30.831, 'long': 83.523, 'Time': Timestamp('2008-08-25 14:16:02'), 'mag': 5.2}, {'lat': 30.901, 'long': 83.52, 'Time': Timestamp('2008-08-25 13:21:58'), 'mag': 6.7}, {'lat': 30.712, 'long': 83.377, 'Time': Timestamp('2008-08-25 13:29:22'), 'mag': 5.0}, {'lat': 30.797, 'long': 83.38, 'Time': Timestamp('2008-08-25 13:39:38'), 'mag': 5.2}, {'lat': 30.831, 'long': 83.523, 'Time': Timestamp('2008-08-25 14:16:02'), 'mag': 5.2}, {'lat': 30.901, 'long': 83.52, 'Time': Timestamp('2008-08-25 13:21:58'), 'mag': 6.7}, {'lat': 30.712, 'long': 83.377, 'Time': Timestamp('2008-08-25 13:29:22'), 'mag': 5.0}, {'lat': 30.797, 'long': 83.38, 'Time': Timestamp('2008-08-25 13:39:38'), 'mag': 5.2}, {'lat': 30.831, 'long': 83.523, 'Time': Timestamp('2008-08-25 14:16:02'), 'mag': 5.2}]",12,9
256,2008-09-14 08:34:55.140,0,[],0,29
257,2008-08-22 11:51:53.999,0,[],0,6
258,2008-09-08 15:10:20.371,0,[],0,23
259,2008-08-28 18:25:47.660,0,[],0,12
260,2008-09-04 21:38:24.231,0,[],0,19
261,2008-08-24 00:53:17.978,0,[],0,7
262,2008-09-03 05:48:24.264,1,"[{'lat': 24.869, 'long': 97.78, 'Time': Timestamp('2008-09-03 06:27:25'), 'mag': 5.0}, {'lat': 24.869, 'long': 97.78, 'Time': Timestamp('2008-09-03 06:27:25'), 'mag': 5.0}]",2,17
263,2008-08-25 09:03:20.333,0,[],0,8
264,2008-09-12 12:22:53.400,0,[],0,26
265,2008-08-31 15:40:22.651,0,[],0,14
266,2008-09-16 22:08:27.288,0,[],0,30
267,2008-08-30 01:23:21.929,1,"[{'lat': -6.146, 'long': 147.258, 'Time': Timestamp('2008-08-30 06:54:07'), 'mag': 6.4}, {'lat': -6.146, 'long': 147.258, 'Time': Timestamp('2008-08-30 06:54:07'), 'mag': 6.4}, {'lat': -6.146, 'long': 147.258, 'Time': Timestamp('2008-08-30 06:54:07'), 'mag': 6.4}, {'lat': 13.005, 'long': 124.315, 'Time': Timestamp('2008-08-30 12:04:52'), 'mag': 5.2}, {'lat': 13.005, 'long': 124.315, 'Time': Timestamp('2008-08-30 12:04:52'), 'mag': 5.2}]",5,12
268,2008-09-17 06:18:25.871,1,"[{'lat': 27.0, 'long': 56.2, 'Time': Timestamp('2008-09-17 17:43:49'), 'mag': 5.2}, {'lat': 27.0, 'long': 56.2, 'Time': Timestamp('2008-09-17 17:43:49'), 'mag': 5.2}]",2,30
269,2008-09-14 09:33:46.750,0,[],0,27
270,2008-09-06 12:52:53.802,0,[],0,19
271,2008-08-25 16:10:23.855,1,"[{'lat': -42.672, 'long': -83.541, 'Time': Timestamp('2008-08-25 16:47:22'), 'mag': 5.0}, {'lat': -42.672, 'long': -83.541, 'Time': Timestamp('2008-08-25 16:47:22'), 'mag': 5.0}]",2,7
272,2008-09-16 19:25:23.908,0,[],0,29
273,2008-08-27 22:38:53.961,0,[],0,9
274,2008-08-26 01:53:17.341,1,"[{'lat': -3.245, 'long': 147.936, 'Time': Timestamp('2008-08-26 01:56:28'), 'mag': 5.0}, {'lat': -2.919, 'long': 147.425, 'Time': Timestamp('2008-08-26 02:06:27'), 'mag': 5.4}, {'lat': -3.245, 'long': 147.936, 'Time': Timestamp('2008-08-26 01:56:28'), 'mag': 5.0}, {'lat': -2.919, 'long': 147.425, 'Time': Timestamp('2008-08-26 02:06:27'), 'mag': 5.4}, {'lat': -3.245, 'long': 147.936, 'Time': Timestamp('2008-08-26 01:56:28'), 'mag': 5.0}, {'lat': -2.919, 'long': 147.425, 'Time': Timestamp('2008-08-26 02:06:27'), 'mag': 5.4}]",6,7
275,2008-09-05 06:48:28.151,0,[],0,17
276,2008-08-24 10:04:21.575,0,[],0,5
277,2008-08-31 13:23:23.203,0,[],0,12
278,2008-09-09 16:40:23.257,0,[],0,21
279,2008-09-18 19:54:53.310,0,[],0,30
280,2008-09-07 08:55:21.837,0,[],0,18
281,2008-08-28 12:14:53.715,1,"[{'lat': -0.134, 'long': -17.626, 'Time': Timestamp('2008-08-28 15:22:18'), 'mag': 5.2}, {'lat': -0.252, 'long': -17.358, 'Time': Timestamp('2008-08-28 15:22:23'), 'mag': 6.3}, {'lat': -0.134, 'long': -17.626, 'Time': Timestamp('2008-08-28 15:22:18'), 'mag': 5.2}, {'lat': -0.252, 'long': -17.358, 'Time': Timestamp('2008-08-28 15:22:23'), 'mag': 6.3}, {'lat': -56.276, 'long': -30.62, 'Time': Timestamp('2008-08-28 23:41:42'), 'mag': 5.2}]",5,8
282,2008-08-30 15:32:55.733,1,"[{'lat': -61.233, 'long': -67.738, 'Time': Timestamp('2008-08-31 01:15:25'), 'mag': 5.5}, {'lat': -61.233, 'long': -67.738, 'Time': Timestamp('2008-08-31 01:15:25'), 'mag': 5.5}]",2,10
283,2008-08-30 22:00:24.946,0,[],0,10
284,2008-09-09 01:15:19.587,1,"[{'lat': -9.272, 'long': 158.261, 'Time': Timestamp('2008-09-09 12:22:49'), 'mag': 5.9}, {'lat': -9.272, 'long': 158.261, 'Time': Timestamp('2008-09-09 12:22:49'), 'mag': 5.9}, {'lat': -9.272, 'long': 158.261, 'Time': Timestamp('2008-09-09 12:22:49'), 'mag': 5.9}]",3,19
285,2008-09-12 06:10:23.975,0,[],0,22
286,2008-09-12 09:25:53.816,0,[],0,22
287,2008-09-15 12:45:23.116,0,[],0,25
288,2008-09-09 16:02:51.373,0,[],0,19
289,2008-08-27 19:17:19.328,1,"[{'lat': 50.19, 'long': -129.811, 'Time': Timestamp('2008-08-27 19:59:22'), 'mag': 5.0}, {'lat': 50.082, 'long': -129.59, 'Time': Timestamp('2008-08-27 22:12:38'), 'mag': 5.1}, {'lat': 50.136, 'long': -129.667, 'Time': Timestamp('2008-08-28 01:15:15'), 'mag': 5.0}, {'lat': 50.147, 'long': -129.596, 'Time': Timestamp('2008-08-28 01:58:35'), 'mag': 5.0}, {'lat': 50.19, 'long': -129.811, 'Time': Timestamp('2008-08-27 19:59:22'), 'mag': 5.0}, {'lat': 50.228, 'long': -130.035, 'Time': Timestamp('2008-08-27 20:17:35'), 'mag': 5.4}, {'lat': 50.082, 'long': -129.59, 'Time': Timestamp('2008-08-27 22:12:38'), 'mag': 5.1}, {'lat': 50.136, 'long': -129.667, 'Time': Timestamp('2008-08-28 01:15:15'), 'mag': 5.0}, {'lat': 50.147, 'long': -129.596, 'Time': Timestamp('2008-08-28 01:58:35'), 'mag': 5.0}, {'lat': 50.19, 'long': -129.811, 'Time': Timestamp('2008-08-27 19:59:22'), 'mag': 5.0}, {'lat': 50.228, 'long': -130.035, 'Time': Timestamp('2008-08-27 20:17:35'), 'mag': 5.4}, {'lat': 50.082, 'long': -129.59, 'Time': Timestamp('2008-08-27 22:12:38'), 'mag': 5.1}, {'lat': 50.136, 'long': -129.667, 'Time': Timestamp('2008-08-28 01:15:15'), 'mag': 5.0}, {'lat': 50.147, 'long': -129.596, 'Time': Timestamp('2008-08-28 01:58:35'), 'mag': 5.0}]",14,6
290,2008-09-06 22:31:23.276,0,[],0,16
291,2008-09-11 01:45:17.983,0,[],0,20
292,2008-09-04 06:40:52.930,1,"[{'lat': 30.279, 'long': 80.349, 'Time': Timestamp('2008-09-04 12:53:11'), 'mag': 5.0}, {'lat': 30.279, 'long': 80.349, 'Time': Timestamp('2008-09-04 12:53:11'), 'mag': 5.0}, {'lat': 30.279, 'long': 80.349, 'Time': Timestamp('2008-09-04 12:53:11'), 'mag': 5.0}]",3,13
293,2008-09-15 09:56:21.889,1,"[{'lat': -4.979, 'long': 30.149, 'Time': Timestamp('2008-09-15 15:50:51'), 'mag': 5.2}, {'lat': -4.979, 'long': 30.149, 'Time': Timestamp('2008-09-15 15:50:51'), 'mag': 5.2}, {'lat': -4.979, 'long': 30.149, 'Time': Timestamp('2008-09-15 15:50:51'), 'mag': 5.2}]",3,24
294,2008-09-08 13:15:53.517,0,[],0,17
295,2008-09-02 16:32:53.571,0,[],0,11
296,2008-09-04 19:47:23.624,0,[],0,13
297,2008-09-21 08:49:21.817,0,[],0,29
298,2008-09-07 12:06:51.983,0,[],0,15
299,2008-09-15 15:24:51.702,1,"[{'lat': -24.166, 'long': -66.799, 'Time': Timestamp('2008-09-15 23:36:52'), 'mag': 5.1}, {'lat': -24.166, 'long': -66.799, 'Time': Timestamp('2008-09-15 23:36:52'), 'mag': 5.1}, {'lat': -24.166, 'long': -66.799, 'Time': Timestamp('2008-09-15 23:36:52'), 'mag': 5.1}]",3,23
300,2008-09-21 18:39:49.880,0,[],0,29
301,2008-08-29 07:40:54.729,0,[],0,5
302,2008-09-15 10:57:20.364,0,[],0,22
303,2008-09-13 14:16:16.087,0,[],0,20
304,2008-09-18 17:32:20.583,0,[],0,25
305,2008-09-16 20:45:20.858,0,[],0,23
306,2008-09-14 00:00:23.478,0,[],0,20
307,2008-09-13 06:32:54.435,0,[],0,19
308,2008-09-20 09:48:23.394,0,[],0,26
309,2008-08-30 13:07:53.694,0,[],0,5
310,2008-09-11 16:24:53.747,1,"[{'lat': -19.649, 'long': -69.052, 'Time': Timestamp('2008-09-11 17:11:34'), 'mag': 5.3}, {'lat': -19.649, 'long': -69.052, 'Time': Timestamp('2008-09-11 17:11:34'), 'mag': 5.3}, {'lat': -19.649, 'long': -69.052, 'Time': Timestamp('2008-09-11 17:11:34'), 'mag': 5.3}]",3,17
311,2008-09-13 19:39:24.113,0,[],0,19
312,2008-09-19 22:53:23.853,0,[],0,25
313,2008-09-13 13:38:23.095,0,[],0,18
314,2008-09-07 16:54:53.148,0,[],0,12
315,2008-09-14 20:09:23.201,0,[],0,19
316,2008-09-07 23:22:53.254,1,"[{'lat': -19.964, 'long': 169.108, 'Time': Timestamp('2008-09-08 03:03:15'), 'mag': 6.2}]",1,12
317,2008-09-23 07:33:25.353,0,[],0,27
318,2008-09-20 10:49:20.693,0,[],0,24
319,2008-09-10 14:08:22.398,1,"[{'lat': -20.262, 'long': -69.224, 'Time': Timestamp('2008-09-10 16:12:04'), 'mag': 5.7}, {'lat': -20.262, 'long': -69.224, 'Time': Timestamp('2008-09-10 16:12:04'), 'mag': 5.7}, {'lat': -20.262, 'long': -69.224, 'Time': Timestamp('2008-09-10 16:12:04'), 'mag': 5.7}]",3,14
320,2008-09-20 23:52:23.808,0,[],0,24
321,2008-09-20 08:03:17.380,0,[],0,23
322,2008-09-14 11:20:23.995,0,[],0,17
323,2008-09-05 14:38:51.249,0,[],0,8
324,2008-09-03 17:54:54.409,0,[],0,6
325,2008-09-14 21:07:25.444,0,[],0,17
326,2008-09-17 00:22:23.298,0,[],0,19
327,2008-09-15 08:31:51.657,1,"[{'lat': -4.979, 'long': 30.149, 'Time': Timestamp('2008-09-15 15:50:51'), 'mag': 5.2}, {'lat': -4.979, 'long': 30.149, 'Time': Timestamp('2008-09-15 15:50:51'), 'mag': 5.2}, {'lat': -4.979, 'long': 30.149, 'Time': Timestamp('2008-09-15 15:50:51'), 'mag': 5.2}]",3,17
328,2008-09-27 11:50:53.397,0,[],0,29
329,2008-09-05 15:08:55.192,0,[],0,7
330,2008-09-14 18:24:19.386,0,[],0,16
331,2008-09-11 09:02:20.730,0,[],0,12
332,2008-09-05 12:21:23.797,1,"[{'lat': -1.171, 'long': -13.955, 'Time': Timestamp('2008-09-05 19:07:38'), 'mag': 5.8}, {'lat': -1.171, 'long': -13.955, 'Time': Timestamp('2008-09-05 19:07:38'), 'mag': 5.8}, {'lat': -1.171, 'long': -13.955, 'Time': Timestamp('2008-09-05 19:07:38'), 'mag': 5.8}, {'lat': -34.261, 'long': -14.547, 'Time': Timestamp('2008-09-05 20:41:35'), 'mag': 5.1}, {'lat': -34.261, 'long': -14.547, 'Time': Timestamp('2008-09-05 20:41:35'), 'mag': 5.1}, {'lat': -34.261, 'long': -14.547, 'Time': Timestamp('2008-09-05 20:41:35'), 'mag': 5.1}]",6,6
333,2008-09-19 15:39:25.816,0,[],0,20
334,2008-09-12 18:54:15.133,0,[],0,13
335,2008-09-20 09:32:21.571,0,[],0,20
336,2008-09-29 12:51:53.199,1,"[{'lat': 71.355, 'long': -4.202, 'Time': Timestamp('2008-09-29 19:20:22'), 'mag': 5.0}]",1,29
337,2008-09-29 22:37:23.359,0,[],0,29
338,2008-09-23 01:51:48.066,0,[],0,22
339,2008-09-30 05:08:57.082,0,[],0,29
340,2008-09-17 08:23:49.612,1,"[{'lat': 27.0, 'long': 56.2, 'Time': Timestamp('2008-09-17 17:43:49'), 'mag': 5.2}, {'lat': 27.0, 'long': 56.2, 'Time': Timestamp('2008-09-17 17:43:49'), 'mag': 5.2}, {'lat': 27.0, 'long': 56.2, 'Time': Timestamp('2008-09-17 17:43:49'), 'mag': 5.2}]",3,16
341,2008-09-28 11:42:53.573,0,[],0,27
342,2008-09-06 15:01:21.273,0,[],0,5
343,2008-09-14 18:16:54.986,0,[],0,13
344,2008-09-21 21:29:24.046,0,[],0,20
345,2008-09-23 00:44:21.107,0,[],0,21
346,2008-09-15 07:17:27.186,0,[],0,13
347,2008-09-10 10:33:51.046,0,[],0,8
348,2008-09-16 13:52:54.001,1,"[{'lat': -20.389, 'long': -68.615, 'Time': Timestamp('2008-09-16 21:56:40'), 'mag': 5.0}, {'lat': -20.389, 'long': -68.615, 'Time': Timestamp('2008-09-16 21:56:40'), 'mag': 5.0}]",2,14
349,2008-09-22 17:09:24.055,0,[],0,20
350,2008-09-08 20:23:23.108,0,[],0,6
351,2008-09-13 23:36:53.160,0,[],0,11
352,2008-09-11 07:47:53.484,0,[],0,8
353,2008-09-16 11:04:22.153,0,[],0,13
354,2008-09-21 14:22:50.534,0,[],0,18
355,2008-09-30 20:52:53.664,1,"[{'lat': -29.997, 'long': -177.476, 'Time': Timestamp('2008-10-01 03:03:24'), 'mag': 5.0}]",1,27
356,2008-09-28 00:06:53.717,0,[],0,24
357,2008-09-23 06:39:20.576,0,[],0,19
358,2008-09-13 14:53:21.604,0,[],0,9
359,2008-10-01 18:08:52.550,0,[],0,27
360,2008-09-10 21:21:54.377,0,[],0,6
361,2008-09-17 00:36:15.116,0,[],0,12
362,2008-09-10 07:09:26.517,1,"[{'lat': 26.743, 'long': 55.828, 'Time': Timestamp('2008-09-10 11:00:34'), 'mag': 6.1}, {'lat': 26.93, 'long': 55.73, 'Time': Timestamp('2008-09-10 11:08:43'), 'mag': 5.0}, {'lat': 26.743, 'long': 55.828, 'Time': Timestamp('2008-09-10 11:00:34'), 'mag': 6.1}, {'lat': 26.93, 'long': 55.73, 'Time': Timestamp('2008-09-10 11:08:43'), 'mag': 5.0}, {'lat': 26.743, 'long': 55.828, 'Time': Timestamp('2008-09-10 11:00:34'), 'mag': 6.1}, {'lat': 26.93, 'long': 55.73, 'Time': Timestamp('2008-09-10 11:08:43'), 'mag': 5.0}]",6,5
363,2008-09-25 10:25:50.377,0,[],0,20
364,2008-09-14 13:44:53.333,0,[],0,9
365,2008-09-30 17:01:23.386,0,[],0,25
366,2008-09-11 20:15:23.440,1,"[{'lat': 47.921, 'long': -128.438, 'Time': Timestamp('2008-09-11 23:13:35'), 'mag': 5.1}, {'lat': 47.921, 'long': -128.438, 'Time': Timestamp('2008-09-11 23:13:35'), 'mag': 5.1}, {'lat': 47.24, 'long': -129.14, 'Time': Timestamp('2008-09-11 23:26:19'), 'mag': 5.2}, {'lat': 47.921, 'long': -128.438, 'Time': Timestamp('2008-09-11 23:13:35'), 'mag': 5.1}, {'lat': 47.24, 'long': -129.14, 'Time': Timestamp('2008-09-11 23:26:19'), 'mag': 5.2}]",5,6
367,2008-09-16 01:06:23.519,1,"[{'lat': -2.454, 'long': 127.926, 'Time': Timestamp('2008-09-16 01:12:52'), 'mag': 5.3}, {'lat': -2.454, 'long': 127.926, 'Time': Timestamp('2008-09-16 01:12:52'), 'mag': 5.3}, {'lat': -8.779, 'long': 126.844, 'Time': Timestamp('2008-09-16 11:15:41'), 'mag': 5.7}, {'lat': -2.454, 'long': 127.926, 'Time': Timestamp('2008-09-16 01:12:52'), 'mag': 5.3}, {'lat': -8.779, 'long': 126.844, 'Time': Timestamp('2008-09-16 11:15:41'), 'mag': 5.7}, {'lat': -8.779, 'long': 126.844, 'Time': Timestamp('2008-09-16 11:15:41'), 'mag': 5.7}]",6,10
368,2008-09-14 06:01:25.898,0,[],0,8
369,2008-09-23 09:16:49.312,0,[],0,17
370,2008-10-06 12:35:53.707,0,[],0,30
371,2008-09-19 15:53:20.971,0,[],0,13
372,2008-09-27 19:08:19.807,0,[],0,21
373,2008-09-20 22:21:53.867,0,[],0,14
374,2008-09-20 01:36:22.235,0,[],0,13
375,2008-09-15 06:31:22.081,0,[],0,8
376,2008-09-16 09:47:17.492,0,[],0,9
377,2008-09-22 13:06:20.865,0,[],0,15
378,2008-09-26 22:51:50.802,1,"[{'lat': -15.567, 'long': 167.527, 'Time': Timestamp('2008-09-27 03:29:29'), 'mag': 5.0}, {'lat': -15.567, 'long': 167.527, 'Time': Timestamp('2008-09-27 03:29:29'), 'mag': 5.0}, {'lat': -15.567, 'long': 167.527, 'Time': Timestamp('2008-09-27 03:29:29'), 'mag': 5.0}]",3,19
379,2008-10-08 02:06:20.855,0,[],0,30
380,2008-09-29 07:01:56.694,0,[],0,21
381,2008-09-13 10:17:50.553,0,[],0,5
382,2008-09-19 13:36:53.509,0,[],0,11
383,2008-10-08 16:53:23.563,0,[],0,30
384,2008-10-02 20:07:53.616,0,[],0,24
385,2008-10-05 23:21:23.668,1,"[{'lat': -30.275, 'long': -176.952, 'Time': Timestamp('2008-10-06 02:01:05'), 'mag': 5.1}, {'lat': -30.275, 'long': -176.952, 'Time': Timestamp('2008-10-06 02:01:05'), 'mag': 5.1}]",2,27
386,2008-10-05 07:31:52.999,1,"[{'lat': 39.533, 'long': 73.824, 'Time': Timestamp('2008-10-05 15:52:49'), 'mag': 6.7}, {'lat': 39.359, 'long': 73.663, 'Time': Timestamp('2008-10-05 15:55:24'), 'mag': 5.9}, {'lat': 39.508, 'long': 73.888, 'Time': Timestamp('2008-10-05 16:11:10'), 'mag': 5.6}, {'lat': 39.431, 'long': 73.92, 'Time': Timestamp('2008-10-05 18:27:40'), 'mag': 5.1}, {'lat': 39.533, 'long': 73.824, 'Time': Timestamp('2008-10-05 15:52:49'), 'mag': 6.7}, {'lat': 39.359, 'long': 73.663, 'Time': Timestamp('2008-10-05 15:55:24'), 'mag': 5.9}, {'lat': 39.508, 'long': 73.888, 'Time': Timestamp('2008-10-05 16:11:10'), 'mag': 5.6}, {'lat': 39.431, 'long': 73.92, 'Time': Timestamp('2008-10-05 18:27:40'), 'mag': 5.1}, {'lat': 39.533, 'long': 73.824, 'Time': Timestamp('2008-10-05 15:52:49'), 'mag': 6.7}, {'lat': 39.359, 'long': 73.663, 'Time': Timestamp('2008-10-05 15:55:24'), 'mag': 5.9}, {'lat': 39.508, 'long': 73.888, 'Time': Timestamp('2008-10-05 16:11:10'), 'mag': 5.6}, {'lat': 39.431, 'long': 73.92, 'Time': Timestamp('2008-10-05 18:27:40'), 'mag': 5.1}]",12,26
387,2008-10-02 10:48:25.050,0,[],0,23
388,2008-09-21 14:07:24.871,0,[],0,12
389,2008-09-18 17:23:23.964,0,[],0,9
390,2008-09-18 20:37:24.017,0,[],0,9
391,2008-10-05 23:51:24.070,0,[],0,26
392,2008-10-02 08:01:47.970,0,[],0,22
393,2008-09-17 11:18:53.258,1,"[{'lat': -28.105, 'long': -13.189, 'Time': Timestamp('2008-09-17 18:14:27'), 'mag': 5.1}, {'lat': -28.203, 'long': -12.86, 'Time': Timestamp('2008-09-17 21:03:40'), 'mag': 5.0}, {'lat': -28.105, 'long': -13.189, 'Time': Timestamp('2008-09-17 18:14:27'), 'mag': 5.1}, {'lat': -28.203, 'long': -12.86, 'Time': Timestamp('2008-09-17 21:03:40'), 'mag': 5.0}, {'lat': -28.105, 'long': -13.189, 'Time': Timestamp('2008-09-17 18:14:27'), 'mag': 5.1}, {'lat': -28.203, 'long': -12.86, 'Time': Timestamp('2008-09-17 21:03:40'), 'mag': 5.0}]",6,7
394,2008-10-04 14:37:20.511,0,[],0,24
395,2008-10-10 13:28:53.685,0,[],0,29
396,2008-09-27 16:45:53.382,0,[],0,16
397,2008-10-03 19:59:53.792,0,[],0,22
398,2008-10-10 23:13:53.845,0,[],0,29
399,2008-09-22 09:00:50.992,0,[],0,10
400,2008-09-25 12:19:53.259,0,[],0,13
401,2008-09-29 15:37:44.317,0,[],0,17
402,2008-10-05 18:52:47.920,0,[],0,23
403,2008-10-01 22:06:18.843,1,"[{'lat': -20.039, 'long': -174.374, 'Time': Timestamp('2008-10-02 04:16:04'), 'mag': 5.1}, {'lat': -19.36, 'long': 168.735, 'Time': Timestamp('2008-10-02 01:04:04'), 'mag': 5.0}, {'lat': -19.36, 'long': 168.735, 'Time': Timestamp('2008-10-02 01:04:04'), 'mag': 5.0}]",3,19
404,2008-09-20 01:20:49.130,0,[],0,7
405,2008-10-05 06:15:54.401,1,"[{'lat': 39.533, 'long': 73.824, 'Time': Timestamp('2008-10-05 15:52:49'), 'mag': 6.7}, {'lat': 39.533, 'long': 73.824, 'Time': Timestamp('2008-10-05 15:52:49'), 'mag': 6.7}, {'lat': 39.359, 'long': 73.663, 'Time': Timestamp('2008-10-05 15:55:24'), 'mag': 5.9}, {'lat': 39.508, 'long': 73.888, 'Time': Timestamp('2008-10-05 16:11:10'), 'mag': 5.6}, {'lat': 39.533, 'long': 73.824, 'Time': Timestamp('2008-10-05 15:52:49'), 'mag': 6.7}, {'lat': 39.359, 'long': 73.663, 'Time': Timestamp('2008-10-05 15:55:24'), 'mag': 5.9}, {'lat': 39.508, 'long': 73.888, 'Time': Timestamp('2008-10-05 16:11:10'), 'mag': 5.6}]",7,22
406,2008-09-24 09:31:20.703,0,[],0,11
407,2008-09-19 12:50:23.660,1,"[{'lat': -7.112, 'long': -13.004, 'Time': Timestamp('2008-09-19 21:17:35'), 'mag': 5.1}, {'lat': -7.112, 'long': -13.004, 'Time': Timestamp('2008-09-19 21:17:35'), 'mag': 5.1}, {'lat': -7.112, 'long': -13.004, 'Time': Timestamp('2008-09-19 21:17:35'), 'mag': 5.1}]",3,6
408,2008-10-03 16:07:52.363,0,[],0,20
409,2008-09-20 20:59:23.793,1,"[{'lat': -16.094, 'long': -173.842, 'Time': Timestamp('2008-09-21 06:36:29'), 'mag': 5.2}, {'lat': -16.094, 'long': -173.842, 'Time': Timestamp('2008-09-21 06:36:29'), 'mag': 5.2}]",2,7
410,2008-10-06 00:13:24.036,0,[],0,22
411,2008-10-02 05:07:53.447,0,[],0,18
412,2008-10-09 08:24:20.185,0,[],0,25
413,2008-09-21 11:41:24.034,0,[],0,7
414,2008-10-06 14:59:50.733,0,[],0,22
415,2008-10-09 21:29:22.826,1,"[{'lat': -15.248, 'long': -173.515, 'Time': Timestamp('2008-10-09 23:08:45'), 'mag': 5.6}, {'lat': -15.248, 'long': -173.515, 'Time': Timestamp('2008-10-09 23:08:45'), 'mag': 5.6}, {'lat': -15.248, 'long': -173.515, 'Time': Timestamp('2008-10-09 23:08:45'), 'mag': 5.6}]",3,25
416,2008-10-03 00:42:52.109,1,"[{'lat': -22.36, 'long': 171.21, 'Time': Timestamp('2008-10-03 03:40:28'), 'mag': 5.6}, {'lat': -22.36, 'long': 171.21, 'Time': Timestamp('2008-10-03 03:40:28'), 'mag': 5.6}, {'lat': -22.36, 'long': 171.21, 'Time': Timestamp('2008-10-03 03:40:28'), 'mag': 5.6}]",3,18
417,2008-09-21 05:37:55.738,0,[],0,6
418,2008-10-11 08:52:50.367,1,"[{'lat': 43.372, 'long': 46.254, 'Time': Timestamp('2008-10-11 09:06:10'), 'mag': 5.8}, {'lat': 43.337, 'long': 46.192, 'Time': Timestamp('2008-10-11 09:22:01'), 'mag': 5.3}, {'lat': 43.372, 'long': 46.254, 'Time': Timestamp('2008-10-11 09:06:10'), 'mag': 5.8}, {'lat': 43.337, 'long': 46.192, 'Time': Timestamp('2008-10-11 09:22:01'), 'mag': 5.3}]",4,26
419,2008-09-21 12:11:53.434,0,[],0,6
420,2008-09-25 15:29:49.917,0,[],0,10
421,2008-09-26 18:44:50.752,0,[],0,11
422,2008-10-08 21:57:54.666,1,"[{'lat': 51.757, 'long': -173.503, 'Time': Timestamp('2008-10-09 01:00:55'), 'mag': 5.0}, {'lat': -61.895, 'long': 161.19, 'Time': Timestamp('2008-10-09 09:01:26'), 'mag': 5.0}]",2,23
423,2008-09-22 01:12:47.978,1,"[{'lat': -5.992, 'long': 150.964, 'Time': Timestamp('2008-09-22 08:17:22'), 'mag': 5.0}, {'lat': -5.992, 'long': 150.964, 'Time': Timestamp('2008-09-22 08:17:22'), 'mag': 5.0}, {'lat': -5.992, 'long': 150.964, 'Time': Timestamp('2008-09-22 08:17:22'), 'mag': 5.0}, {'lat': 41.578, 'long': 140.45, 'Time': Timestamp('2008-09-22 07:31:59'), 'mag': 5.6}, {'lat': 41.578, 'long': 140.45, 'Time': Timestamp('2008-09-22 07:31:59'), 'mag': 5.6}, {'lat': 41.578, 'long': 140.45, 'Time': Timestamp('2008-09-22 07:31:59'), 'mag': 5.6}]",6,6
424,2008-09-22 06:07:56.027,1,"[{'lat': 15.583, 'long': 96.081, 'Time': Timestamp('2008-09-22 13:30:38'), 'mag': 5.2}, {'lat': 15.583, 'long': 96.081, 'Time': Timestamp('2008-09-22 13:30:38'), 'mag': 5.2}, {'lat': 15.583, 'long': 96.081, 'Time': Timestamp('2008-09-22 13:30:38'), 'mag': 5.2}]",3,6
425,2008-09-26 09:23:22.208,0,[],0,10
426,2008-09-29 15:59:53.979,0,[],0,13
427,2008-10-16 19:14:51.376,0,[],0,30
428,2008-09-24 22:28:23.995,1,"[{'lat': -42.198, 'long': 173.984, 'Time': Timestamp('2008-09-24 22:40:41'), 'mag': 5.0}, {'lat': -42.198, 'long': 173.984, 'Time': Timestamp('2008-09-24 22:40:41'), 'mag': 5.0}, {'lat': -42.198, 'long': 173.984, 'Time': Timestamp('2008-09-24 22:40:41'), 'mag': 5.0}]",3,8
429,2008-10-05 01:42:49.596,0,[],0,18
430,2008-09-24 06:37:51.210,1,"[{'lat': 36.153, 'long': 71.253, 'Time': Timestamp('2008-09-24 17:59:33'), 'mag': 5.2}, {'lat': 36.153, 'long': 71.253, 'Time': Timestamp('2008-09-24 17:59:33'), 'mag': 5.2}, {'lat': 36.153, 'long': 71.253, 'Time': Timestamp('2008-09-24 17:59:33'), 'mag': 5.2}]",3,7
431,2008-10-05 09:53:51.722,0,[],0,18
432,2008-10-12 13:12:53.349,0,[],0,25
433,2008-10-08 16:29:53.492,0,[],0,21
434,2008-10-11 19:44:23.768,0,[],0,24
435,2008-10-11 22:58:23.509,1,"[{'lat': -20.169, 'long': -178.255, 'Time': Timestamp('2008-10-12 00:39:53'), 'mag': 5.3}, {'lat': -20.169, 'long': -178.255, 'Time': Timestamp('2008-10-12 00:39:53'), 'mag': 5.3}, {'lat': -20.169, 'long': -178.255, 'Time': Timestamp('2008-10-12 00:39:53'), 'mag': 5.3}]",3,24
436,2008-10-16 08:44:50.655,0,[],0,28
437,2008-10-07 12:03:53.723,0,[],0,19
438,2008-10-12 15:21:52.862,1,"[{'lat': -20.123, 'long': -64.971, 'Time': Timestamp('2008-10-12 20:55:41'), 'mag': 6.2}, {'lat': -20.123, 'long': -64.971, 'Time': Timestamp('2008-10-12 20:55:41'), 'mag': 6.2}, {'lat': -20.123, 'long': -64.971, 'Time': Timestamp('2008-10-12 20:55:41'), 'mag': 6.2}]",3,24
439,2008-09-26 18:37:19.712,0,[],0,8
440,2008-10-03 21:49:54.954,1,"[{'lat': -29.832, 'long': -177.602, 'Time': Timestamp('2008-10-04 00:03:49'), 'mag': 5.1}]",1,15
441,2008-10-10 01:04:53.936,0,[],0,21
442,2008-10-19 05:59:59.084,0,[],0,30
443,2008-10-16 09:15:21.057,0,[],0,27
444,2008-10-19 12:34:23.124,0,[],0,30
445,2008-10-04 15:52:21.828,0,[],0,15
446,2008-09-28 19:06:50.553,0,[],0,9
447,2008-09-24 22:20:51.365,1,"[{'lat': -42.198, 'long': 173.984, 'Time': Timestamp('2008-09-24 22:40:41'), 'mag': 5.0}, {'lat': -42.198, 'long': 173.984, 'Time': Timestamp('2008-09-24 22:40:41'), 'mag': 5.0}, {'lat': -42.198, 'long': 173.984, 'Time': Timestamp('2008-09-24 22:40:41'), 'mag': 5.0}]",3,5
448,2008-10-16 01:34:51.652,0,[],0,26
449,2008-10-12 06:30:24.266,0,[],0,22
450,2008-10-19 11:25:23.498,0,[],0,29
451,2008-09-26 14:43:50.863,0,[],0,6
452,2008-09-27 17:59:54.911,0,[],0,7
453,2008-10-16 21:10:51.739,0,[],0,26
454,2008-10-06 00:27:15.710,0,[],0,15
455,2008-10-10 08:38:55.040,0,[],0,19
456,2008-10-20 11:55:53.899,0,[],0,29
457,2008-10-21 15:14:23.038,0,[],0,30
458,2008-10-15 18:29:24.007,0,[],0,24
459,2008-10-11 21:42:25.131,1,"[{'lat': -20.169, 'long': -178.255, 'Time': Timestamp('2008-10-12 00:39:53'), 'mag': 5.3}, {'lat': -20.169, 'long': -178.255, 'Time': Timestamp('2008-10-12 00:39:53'), 'mag': 5.3}]",2,20
460,2008-10-20 00:57:21.974,1,"[{'lat': -61.323, 'long': 154.316, 'Time': Timestamp('2008-10-20 03:13:09'), 'mag': 5.3}]",1,28
461,2008-09-29 05:52:24.164,0,[],0,7
462,2008-10-15 09:07:20.233,0,[],0,23
463,2008-10-12 12:26:23.301,0,[],0,20
464,2008-10-03 15:44:17.238,0,[],0,11
465,2008-10-11 18:59:23.408,0,[],0,19
466,2008-09-29 22:12:53.092,0,[],0,7
467,2008-09-30 01:27:20.500,1,"[{'lat': 3.823, 'long': 126.563, 'Time': Timestamp('2008-09-30 04:05:18'), 'mag': 5.0}, {'lat': 3.823, 'long': 126.563, 'Time': Timestamp('2008-09-30 04:05:18'), 'mag': 5.0}, {'lat': 3.823, 'long': 126.563, 'Time': Timestamp('2008-09-30 04:05:18'), 'mag': 5.0}]",3,7
468,2008-10-07 04:44:23.087,0,[],0,14
469,2008-10-22 08:00:51.155,0,[],0,29
470,2008-10-22 11:17:23.675,0,[],0,29
471,2008-09-30 14:35:52.256,0,[],0,7
472,2008-10-12 17:51:52.320,0,[],0,19
473,2008-09-29 21:04:56.123,0,[],0,6
474,2008-10-19 00:19:45.886,0,[],0,25
475,2008-10-10 05:14:23.489,0,[],0,16
476,2008-10-14 08:30:51.120,0,[],0,20
477,2008-10-05 11:47:53.235,0,[],0,11
478,2008-10-21 15:06:20.934,0,[],0,27
479,2008-10-02 21:34:21.699,1,"[{'lat': -15.285, 'long': -173.536, 'Time': Timestamp('2008-10-03 08:34:05'), 'mag': 5.2}, {'lat': -15.285, 'long': -173.536, 'Time': Timestamp('2008-10-03 08:34:05'), 'mag': 5.2}, {'lat': -15.285, 'long': -173.536, 'Time': Timestamp('2008-10-03 08:34:05'), 'mag': 5.2}]",3,8
480,2008-10-25 00:49:18.214,1,"[{'lat': -22.216, 'long': 170.73, 'Time': Timestamp('2008-10-25 07:21:23'), 'mag': 5.2}, {'lat': -22.216, 'long': 170.73, 'Time': Timestamp('2008-10-25 07:21:23'), 'mag': 5.2}, {'lat': 35.953, 'long': 141.624, 'Time': Timestamp('2008-10-25 06:01:37'), 'mag': 5.0}, {'lat': 35.953, 'long': 141.624, 'Time': Timestamp('2008-10-25 06:01:37'), 'mag': 5.0}, {'lat': 35.953, 'long': 141.624, 'Time': Timestamp('2008-10-25 06:01:37'), 'mag': 5.0}]",5,30
481,2008-10-14 05:44:25.940,0,[],0,19
482,2008-10-07 08:59:20.569,0,[],0,12
483,2008-10-07 12:18:23.636,0,[],0,12
484,2008-10-11 15:36:18.791,0,[],0,16
485,2008-10-06 18:51:23.743,1,"[{'lat': -56.086, 'long': -143.789, 'Time': Timestamp('2008-10-07 00:31:42'), 'mag': 5.0}, {'lat': -56.34, 'long': -143.453, 'Time': Timestamp('2008-10-07 03:07:20'), 'mag': 5.0}, {'lat': -56.086, 'long': -143.789, 'Time': Timestamp('2008-10-07 00:31:42'), 'mag': 5.0}, {'lat': -56.34, 'long': -143.453, 'Time': Timestamp('2008-10-07 03:07:20'), 'mag': 5.0}, {'lat': -56.086, 'long': -143.789, 'Time': Timestamp('2008-10-07 00:31:42'), 'mag': 5.0}, {'lat': -56.34, 'long': -143.453, 'Time': Timestamp('2008-10-07 03:07:20'), 'mag': 5.0}]",6,11
486,2008-10-12 07:52:55.921,0,[],0,16
487,2008-10-09 17:44:24.424,0,[],0,13
488,2008-10-16 20:56:55.347,0,[],0,20
489,2008-10-05 00:11:53.413,0,[],0,8
490,2008-10-08 08:21:19.451,0,[],0,11
491,2008-10-16 11:39:53.411,0,[],0,19
492,2008-10-16 14:58:22.439,0,[],0,19
493,2008-10-06 18:13:52.057,1,"[{'lat': -56.086, 'long': -143.789, 'Time': Timestamp('2008-10-07 00:31:42'), 'mag': 5.0}, {'lat': -56.34, 'long': -143.453, 'Time': Timestamp('2008-10-07 03:07:20'), 'mag': 5.0}, {'lat': -56.086, 'long': -143.789, 'Time': Timestamp('2008-10-07 00:31:42'), 'mag': 5.0}, {'lat': -56.34, 'long': -143.453, 'Time': Timestamp('2008-10-07 03:07:20'), 'mag': 5.0}]",4,9
494,2008-10-23 21:26:51.764,1,"[{'lat': -18.022, 'long': -176.736, 'Time': Timestamp('2008-10-23 23:36:11'), 'mag': 5.1}, {'lat': -18.022, 'long': -176.736, 'Time': Timestamp('2008-10-23 23:36:11'), 'mag': 5.1}, {'lat': -26.577, 'long': -177.43, 'Time': Timestamp('2008-10-24 00:26:10'), 'mag': 5.2}, {'lat': -18.022, 'long': -176.736, 'Time': Timestamp('2008-10-23 23:36:11'), 'mag': 5.1}, {'lat': -26.577, 'long': -177.43, 'Time': Timestamp('2008-10-24 00:26:10'), 'mag': 5.2}, {'lat': -26.577, 'long': -177.43, 'Time': Timestamp('2008-10-24 00:26:10'), 'mag': 5.2}]",6,26
495,2008-10-27 00:41:50.946,1,"[{'lat': -14.635, 'long': 167.183, 'Time': Timestamp('2008-10-27 05:43:50'), 'mag': 5.6}, {'lat': -14.635, 'long': 167.183, 'Time': Timestamp('2008-10-27 05:43:50'), 'mag': 5.6}, {'lat': -14.635, 'long': 167.183, 'Time': Timestamp('2008-10-27 05:43:50'), 'mag': 5.6}]",3,29
496,2008-10-20 07:14:57.024,0,[],0,22
497,2008-10-06 10:30:50.883,0,[],0,8
498,2008-10-03 13:49:53.840,0,[],0,5
499,2008-10-24 23:34:23.999,1,"[{'lat': -22.216, 'long': 170.73, 'Time': Timestamp('2008-10-25 07:21:23'), 'mag': 5.2}, {'lat': -22.216, 'long': 170.73, 'Time': Timestamp('2008-10-25 07:21:23'), 'mag': 5.2}]",2,26
500,2008-10-06 07:44:50.555,0,[],0,7
501,2008-10-26 11:01:21.836,0,[],0,27
502,2008-10-04 14:20:17.672,0,[],0,5
503,2008-10-26 17:36:24.600,0,[],0,27
504,2008-10-18 20:50:22.756,1,"[{'lat': -21.863, 'long': -173.819, 'Time': Timestamp('2008-10-19 05:10:33'), 'mag': 6.9}, {'lat': -21.863, 'long': -173.819, 'Time': Timestamp('2008-10-19 05:10:33'), 'mag': 6.9}]",2,19
505,2008-10-17 00:04:23.590,0,[],0,17
506,2008-10-24 09:52:21.987,0,[],0,24
507,2008-10-30 13:11:23.615,0,[],0,30
508,2008-10-05 16:28:49.662,1,"[{'lat': -18.398, 'long': -68.931, 'Time': Timestamp('2008-10-06 00:18:28'), 'mag': 5.0}, {'lat': -18.398, 'long': -68.931, 'Time': Timestamp('2008-10-06 00:18:28'), 'mag': 5.0}, {'lat': -18.398, 'long': -68.931, 'Time': Timestamp('2008-10-06 00:18:28'), 'mag': 5.0}]",3,5
509,2008-10-17 19:43:23.721,0,[],0,17
510,2008-10-24 22:56:53.775,1,"[{'lat': -22.216, 'long': 170.73, 'Time': Timestamp('2008-10-25 07:21:23'), 'mag': 5.2}, {'lat': -22.216, 'long': 170.73, 'Time': Timestamp('2008-10-25 07:21:23'), 'mag': 5.2}, {'lat': -22.216, 'long': 170.73, 'Time': Timestamp('2008-10-25 07:21:23'), 'mag': 5.2}]",3,24
511,2008-10-09 08:45:23.801,0,[],0,8
512,2008-10-10 12:02:21.131,0,[],0,9
513,2008-10-19 15:20:50.962,0,[],0,18
514,2008-10-08 21:49:48.524,1,"[{'lat': -61.895, 'long': 161.19, 'Time': Timestamp('2008-10-09 09:01:26'), 'mag': 5.0}]",1,7
515,2008-10-27 01:03:50.898,1,"[{'lat': -14.635, 'long': 167.183, 'Time': Timestamp('2008-10-27 05:43:50'), 'mag': 5.6}, {'lat': -14.635, 'long': 167.183, 'Time': Timestamp('2008-10-27 05:43:50'), 'mag': 5.6}, {'lat': -14.635, 'long': 167.183, 'Time': Timestamp('2008-10-27 05:43:50'), 'mag': 5.6}]",3,25
516,2008-10-09 05:58:54.417,0,[],0,7
517,2008-10-10 09:13:50.485,0,[],0,8
518,2008-10-08 12:33:23.574,0,[],0,6
519,2008-10-13 15:50:50.838,0,[],0,11
520,2008-10-31 19:05:49.674,0,[],0,29
521,2008-10-24 22:19:23.734,1,"[{'lat': -22.216, 'long': 170.73, 'Time': Timestamp('2008-10-25 07:21:23'), 'mag': 5.2}, {'lat': -22.216, 'long': 170.73, 'Time': Timestamp('2008-10-25 07:21:23'), 'mag': 5.2}, {'lat': -22.216, 'long': 170.73, 'Time': Timestamp('2008-10-25 07:21:23'), 'mag': 5.2}]",3,22
522,2008-10-31 06:28:50.620,1,"[{'lat': -11.483, 'long': 66.514, 'Time': Timestamp('2008-10-31 13:30:01'), 'mag': 5.2}, {'lat': -11.483, 'long': 66.514, 'Time': Timestamp('2008-10-31 13:30:01'), 'mag': 5.2}]",2,28
523,2008-10-26 09:44:23.675,0,[],0,23
524,2008-11-01 13:03:53.975,0,[],0,29
525,2008-10-26 16:20:51.238,0,[],0,23
526,2008-11-02 19:35:23.394,0,[],0,30
527,2008-10-14 22:49:23.135,0,[],0,11
528,2008-10-23 08:35:50.281,0,[],0,19
529,2008-10-21 11:54:53.349,1,"[{'lat': 0.071, 'long': -17.574, 'Time': Timestamp('2008-10-21 23:04:36'), 'mag': 5.1}, {'lat': 0.071, 'long': -17.574, 'Time': Timestamp('2008-10-21 23:04:36'), 'mag': 5.1}, {'lat': 0.071, 'long': -17.574, 'Time': Timestamp('2008-10-21 23:04:36'), 'mag': 5.1}]",3,17
530,2008-11-02 15:12:52.488,1,"[{'lat': 19.431, 'long': -66.383, 'Time': Timestamp('2008-11-02 20:42:37'), 'mag': 5.4}, {'lat': 19.431, 'long': -66.383, 'Time': Timestamp('2008-11-02 20:42:37'), 'mag': 5.4}, {'lat': 19.431, 'long': -66.383, 'Time': Timestamp('2008-11-02 20:42:37'), 'mag': 5.4}]",3,29
531,2008-10-21 18:28:23.456,0,[],0,17
532,2008-10-21 21:41:53.509,1,"[{'lat': -31.825, 'long': -177.283, 'Time': Timestamp('2008-10-22 03:52:24'), 'mag': 5.0}, {'lat': -31.825, 'long': -177.283, 'Time': Timestamp('2008-10-22 03:52:24'), 'mag': 5.0}]",2,17
533,2008-10-24 00:55:48.328,0,[],0,19
534,2008-10-11 05:50:54.614,0,[],0,6
535,2008-10-23 09:05:50.683,0,[],0,18
536,2008-10-12 12:25:23.750,0,[],0,7
537,2008-10-30 15:42:49.017,0,[],0,25
538,2008-10-24 22:11:49.335,1,"[{'lat': -22.216, 'long': 170.73, 'Time': Timestamp('2008-10-25 07:21:23'), 'mag': 5.2}, {'lat': -22.216, 'long': 170.73, 'Time': Timestamp('2008-10-25 07:21:23'), 'mag': 5.2}, {'lat': -22.216, 'long': 170.73, 'Time': Timestamp('2008-10-25 07:21:23'), 'mag': 5.2}]",3,19
539,2008-10-16 01:25:52.278,0,[],0,10
540,2008-11-03 06:20:52.125,0,[],0,28
541,2008-10-14 09:36:16.099,0,[],0,8
542,2008-10-23 12:55:53.151,0,[],0,17
543,2008-10-22 16:12:50.415,0,[],0,16
544,2008-10-18 19:27:53.258,0,[],0,12
545,2008-10-24 22:41:23.311,1,"[{'lat': -22.216, 'long': 170.73, 'Time': Timestamp('2008-10-25 07:21:23'), 'mag': 5.2}, {'lat': -22.216, 'long': 170.73, 'Time': Timestamp('2008-10-25 07:21:23'), 'mag': 5.2}, {'lat': -22.216, 'long': 170.73, 'Time': Timestamp('2008-10-25 07:21:23'), 'mag': 5.2}]",3,18
546,2008-11-02 01:55:50.898,1,"[{'lat': 13.535, 'long': 144.961, 'Time': Timestamp('2008-11-02 05:33:57'), 'mag': 5.0}, {'lat': 13.535, 'long': 144.961, 'Time': Timestamp('2008-11-02 05:33:57'), 'mag': 5.0}, {'lat': 13.535, 'long': 144.961, 'Time': Timestamp('2008-11-02 05:33:57'), 'mag': 5.0}]",3,26
547,2008-10-21 06:50:54.416,0,[],0,14
548,2008-10-24 10:06:51.924,0,[],0,17
549,2008-10-19 13:26:23.552,0,[],0,12
550,2008-11-03 16:42:54.577,0,[],0,27
551,2008-10-20 19:57:23.659,0,[],0,13
552,2008-10-17 23:11:23.712,0,[],0,10
553,2008-10-24 13:14:22.629,0,[],0,14
554,2008-10-28 16:35:20.027,1,"[{'lat': -8.986, 'long': -108.281, 'Time': Timestamp('2008-10-28 20:42:42'), 'mag': 5.3}, {'lat': -8.896, 'long': -108.395, 'Time': Timestamp('2008-10-29 01:35:58'), 'mag': 5.7}, {'lat': -35.75, 'long': -104.75, 'Time': Timestamp('2008-10-28 19:59:12'), 'mag': 5.0}, {'lat': -35.75, 'long': -104.75, 'Time': Timestamp('2008-10-28 19:59:12'), 'mag': 5.0}, {'lat': -35.75, 'long': -104.75, 'Time': Timestamp('2008-10-28 19:59:12'), 'mag': 5.0}]",5,18
555,2008-10-24 19:49:53.975,0,[],0,14
556,2008-11-06 23:03:24.028,1,"[{'lat': -14.829, 'long': 168.032, 'Time': Timestamp('2008-11-07 07:19:35'), 'mag': 6.4}, {'lat': -14.793, 'long': 168.09, 'Time': Timestamp('2008-11-07 07:23:00'), 'mag': 5.0}, {'lat': -14.946, 'long': 167.94, 'Time': Timestamp('2008-11-07 07:35:45'), 'mag': 5.7}, {'lat': -14.945, 'long': 168.079, 'Time': Timestamp('2008-11-07 07:45:52'), 'mag': 5.2}, {'lat': -14.79, 'long': 167.945, 'Time': Timestamp('2008-11-07 09:26:43'), 'mag': 5.0}, {'lat': -14.924, 'long': 168.12, 'Time': Timestamp('2008-11-07 09:40:00'), 'mag': 5.5}, {'lat': -14.829, 'long': 168.032, 'Time': Timestamp('2008-11-07 07:19:35'), 'mag': 6.4}, {'lat': -14.793, 'long': 168.09, 'Time': Timestamp('2008-11-07 07:23:00'), 'mag': 5.0}, {'lat': -14.946, 'long': 167.94, 'Time': Timestamp('2008-11-07 07:35:45'), 'mag': 5.7}, {'lat': -14.945, 'long': 168.079, 'Time': Timestamp('2008-11-07 07:45:52'), 'mag': 5.2}, {'lat': -14.79, 'long': 167.945, 'Time': Timestamp('2008-11-07 09:26:43'), 'mag': 5.0}, {'lat': -14.924, 'long': 168.12, 'Time': Timestamp('2008-11-07 09:40:00'), 'mag': 5.5}, {'lat': -14.829, 'long': 168.032, 'Time': Timestamp('2008-11-07 07:19:35'), 'mag': 6.4}, {'lat': -14.793, 'long': 168.09, 'Time': Timestamp('2008-11-07 07:23:00'), 'mag': 5.0}, {'lat': -14.946, 'long': 167.94, 'Time': Timestamp('2008-11-07 07:35:45'), 'mag': 5.7}, {'lat': -14.945, 'long': 168.079, 'Time': Timestamp('2008-11-07 07:45:52'), 'mag': 5.2}, {'lat': -14.79, 'long': 167.945, 'Time': Timestamp('2008-11-07 09:26:43'), 'mag': 5.0}, {'lat': -14.924, 'long': 168.12, 'Time': Timestamp('2008-11-07 09:40:00'), 'mag': 5.5}]",18,27
557,2008-11-09 13:48:23.269,0,[],0,29
558,2008-10-25 17:04:53.323,0,[],0,14
559,2008-10-27 20:19:23.376,0,[],0,16
560,2008-10-28 23:32:53.429,0,[],0,17
561,2008-10-19 07:43:20.984,0,[],0,7
562,2008-11-06 10:57:56.026,0,[],0,25
563,2008-10-28 14:14:49.093,0,[],0,16
564,2008-10-17 20:48:53.776,0,[],0,5
565,2008-11-07 00:02:53.829,1,"[{'lat': -14.829, 'long': 168.032, 'Time': Timestamp('2008-11-07 07:19:35'), 'mag': 6.4}, {'lat': -14.793, 'long': 168.09, 'Time': Timestamp('2008-11-07 07:23:00'), 'mag': 5.0}, {'lat': -14.946, 'long': 167.94, 'Time': Timestamp('2008-11-07 07:35:45'), 'mag': 5.7}, {'lat': -14.945, 'long': 168.079, 'Time': Timestamp('2008-11-07 07:45:52'), 'mag': 5.2}, {'lat': -14.79, 'long': 167.945, 'Time': Timestamp('2008-11-07 09:26:43'), 'mag': 5.0}, {'lat': -14.924, 'long': 168.12, 'Time': Timestamp('2008-11-07 09:40:00'), 'mag': 5.5}, {'lat': -14.829, 'long': 168.032, 'Time': Timestamp('2008-11-07 07:19:35'), 'mag': 6.4}, {'lat': -14.793, 'long': 168.09, 'Time': Timestamp('2008-11-07 07:23:00'), 'mag': 5.0}, {'lat': -14.946, 'long': 167.94, 'Time': Timestamp('2008-11-07 07:35:45'), 'mag': 5.7}, {'lat': -14.945, 'long': 168.079, 'Time': Timestamp('2008-11-07 07:45:52'), 'mag': 5.2}, {'lat': -14.79, 'long': 167.945, 'Time': Timestamp('2008-11-07 09:26:43'), 'mag': 5.0}, {'lat': -14.924, 'long': 168.12, 'Time': Timestamp('2008-11-07 09:40:00'), 'mag': 5.5}, {'lat': -14.829, 'long': 168.032, 'Time': Timestamp('2008-11-07 07:19:35'), 'mag': 6.4}, {'lat': -14.793, 'long': 168.09, 'Time': Timestamp('2008-11-07 07:23:00'), 'mag': 5.0}, {'lat': -14.946, 'long': 167.94, 'Time': Timestamp('2008-11-07 07:35:45'), 'mag': 5.7}, {'lat': -14.945, 'long': 168.079, 'Time': Timestamp('2008-11-07 07:45:52'), 'mag': 5.2}, {'lat': -14.79, 'long': 167.945, 'Time': Timestamp('2008-11-07 09:26:43'), 'mag': 5.0}, {'lat': -14.924, 'long': 168.12, 'Time': Timestamp('2008-11-07 09:40:00'), 'mag': 5.5}, {'lat': 12.365, 'long': 144.052, 'Time': Timestamp('2008-11-07 08:37:51'), 'mag': 5.3}]",19,25
566,2008-10-19 04:57:32.839,0,[],0,6
567,2008-11-02 08:13:50.169,0,[],0,20
568,2008-11-08 11:28:22.890,0,[],0,26
569,2008-10-20 14:48:48.949,0,[],0,7
570,2008-11-09 18:04:54.431,0,[],0,27
571,2008-10-28 21:18:53.178,0,[],0,15
572,2008-11-04 00:32:15.229,0,[],0,21
573,2008-11-10 07:05:26.630,0,[],0,27
574,2008-10-25 10:21:21.818,0,[],0,11
575,2008-10-20 13:36:19.438,0,[],0,6
576,2008-11-08 16:57:23.499,0,[],0,25
577,2008-10-22 20:11:23.552,0,[],0,8
578,2008-10-28 01:02:22.493,0,[],0,13
579,2008-11-02 05:57:24.683,0,[],0,18
580,2008-10-31 10:51:51.056,0,[],0,16
581,2008-10-28 22:17:53.144,0,[],0,13
582,2008-11-11 01:32:20.184,0,[],0,26
583,2008-11-06 04:49:22.771,0,[],0,21
584,2008-11-06 08:05:49.510,0,[],0,21
585,2008-10-29 11:20:22.231,0,[],0,13
586,2008-11-04 14:41:20.723,0,[],0,19
587,2008-11-05 17:56:47.350,0,[],0,20
588,2008-10-22 21:10:48.620,0,[],0,6
589,2008-11-13 00:24:52.433,0,[],0,27
590,2008-10-26 06:57:24.092,0,[],0,9
591,2008-10-29 10:13:20.049,0,[],0,12
592,2008-11-09 13:16:23.301,0,[],0,17
593,2008-11-13 16:33:20.787,0,[],0,21
594,2008-11-17 19:47:53.407,0,[],0,25
595,2008-11-07 23:01:53.461,1,"[{'lat': -15.223, 'long': -174.232, 'Time': Timestamp('2008-11-08 07:49:59'), 'mag': 6.0}, {'lat': -15.218, 'long': -174.211, 'Time': Timestamp('2008-11-08 09:15:51'), 'mag': 5.5}, {'lat': -15.223, 'long': -174.232, 'Time': Timestamp('2008-11-08 07:49:59'), 'mag': 6.0}, {'lat': -15.218, 'long': -174.211, 'Time': Timestamp('2008-11-08 09:15:51'), 'mag': 5.5}, {'lat': -15.223, 'long': -174.232, 'Time': Timestamp('2008-11-08 07:49:59'), 'mag': 6.0}, {'lat': -15.218, 'long': -174.211, 'Time': Timestamp('2008-11-08 09:15:51'), 'mag': 5.5}]",6,15
596,2008-11-01 12:07:19.880,0,[],0,8
597,2008-11-20 15:25:22.813,1,"[{'lat': -38.968, 'long': -91.912, 'Time': Timestamp('2008-11-20 22:38:38'), 'mag': 5.0}, {'lat': -38.968, 'long': -91.912, 'Time': Timestamp('2008-11-20 22:38:38'), 'mag': 5.0}, {'lat': -38.968, 'long': -91.912, 'Time': Timestamp('2008-11-20 22:38:38'), 'mag': 5.0}]",3,27
598,2008-11-03 18:40:46.003,0,[],0,10
599,2008-11-03 21:54:15.051,0,[],0,10
600,2008-11-06 01:08:21.421,0,[],0,12
601,2008-11-07 06:03:26.268,0,[],0,13
602,2008-11-15 09:18:53.776,0,[],0,21
603,2008-11-01 17:33:23.157,0,[],0,7
604,2008-11-04 20:47:20.754,0,[],0,10
605,2008-11-04 00:01:23.262,0,[],0,9
606,2008-11-20 08:14:08.866,0,[],0,25
607,2008-11-19 11:28:53.449,0,[],0,24
608,2008-11-04 14:47:19.709,0,[],0,9
609,2008-11-01 21:15:55.898,0,[],0,6
610,2008-11-04 00:30:50.985,0,[],0,8
611,2008-11-26 10:19:55.018,0,[],0,30
612,2008-11-15 13:38:53.878,0,[],0,19
613,2008-11-20 16:55:23.931,1,"[{'lat': -38.968, 'long': -91.912, 'Time': Timestamp('2008-11-20 22:38:38'), 'mag': 5.0}, {'lat': -38.968, 'long': -91.912, 'Time': Timestamp('2008-11-20 22:38:38'), 'mag': 5.0}, {'lat': -38.968, 'long': -91.912, 'Time': Timestamp('2008-11-20 22:38:38'), 'mag': 5.0}]",3,24
614,2008-11-05 20:09:53.985,0,[],0,9
615,2008-11-24 23:23:24.038,1,"[{'lat': -30.244, 'long': -177.876, 'Time': Timestamp('2008-11-25 01:36:30'), 'mag': 5.6}, {'lat': -30.244, 'long': -177.876, 'Time': Timestamp('2008-11-25 01:36:30'), 'mag': 5.6}, {'lat': -19.434, 'long': 169.819, 'Time': Timestamp('2008-11-25 06:03:14'), 'mag': 5.3}]",3,28
616,2008-11-25 07:33:52.367,0,[],0,28
617,2008-11-19 12:29:53.252,1,"[{'lat': 47.372, 'long': -27.449, 'Time': Timestamp('2008-11-19 15:20:58'), 'mag': 5.2}, {'lat': 47.372, 'long': -27.449, 'Time': Timestamp('2008-11-19 15:20:58'), 'mag': 5.2}, {'lat': 47.372, 'long': -27.449, 'Time': Timestamp('2008-11-19 15:20:58'), 'mag': 5.2}]",3,22
618,2008-11-22 15:47:50.515,1,"[{'lat': -9.069, 'long': -75.664, 'Time': Timestamp('2008-11-22 20:25:52'), 'mag': 5.1}, {'lat': -9.069, 'long': -75.664, 'Time': Timestamp('2008-11-22 20:25:52'), 'mag': 5.1}, {'lat': -9.069, 'long': -75.664, 'Time': Timestamp('2008-11-22 20:25:52'), 'mag': 5.1}, {'lat': -37.244, 'long': -95.065, 'Time': Timestamp('2008-11-22 23:06:47'), 'mag': 5.7}, {'lat': -37.244, 'long': -95.065, 'Time': Timestamp('2008-11-22 23:06:47'), 'mag': 5.7}, {'lat': -37.244, 'long': -95.065, 'Time': Timestamp('2008-11-22 23:06:47'), 'mag': 5.7}]",6,25
619,2008-11-26 19:02:53.359,0,[],0,29
620,2008-11-27 22:16:22.821,0,[],0,30
621,2008-11-20 01:30:21.780,0,[],0,22
622,2008-11-08 06:25:54.394,0,[],0,10
623,2008-11-21 09:41:22.025,0,[],0,23
624,2008-11-19 13:00:23.822,1,"[{'lat': 47.372, 'long': -27.449, 'Time': Timestamp('2008-11-19 15:20:58'), 'mag': 5.2}, {'lat': 47.372, 'long': -27.449, 'Time': Timestamp('2008-11-19 15:20:58'), 'mag': 5.2}, {'lat': 47.372, 'long': -27.449, 'Time': Timestamp('2008-11-19 15:20:58'), 'mag': 5.2}]",3,21
625,2008-11-26 22:45:53.982,0,[],0,28
626,2008-11-21 02:00:25.665,0,[],0,22
627,2008-11-25 05:17:32.018,0,[],0,26
628,2008-11-21 08:32:21.457,0,[],0,22
629,2008-11-29 11:51:23.197,0,[],0,30
630,2008-11-06 15:09:52.335,0,[],0,7
631,2008-11-05 18:24:49.237,0,[],0,6
632,2008-11-04 21:38:51.773,1,"[{'lat': -17.321, 'long': -174.362, 'Time': Timestamp('2008-11-05 03:41:43'), 'mag': 5.7}, {'lat': -17.321, 'long': -174.362, 'Time': Timestamp('2008-11-05 03:41:43'), 'mag': 5.7}, {'lat': -17.321, 'long': -174.362, 'Time': Timestamp('2008-11-05 03:41:43'), 'mag': 5.7}]",3,5
633,2008-11-12 00:52:52.272,0,[],0,12
634,2008-11-30 05:47:53.133,0,[],0,30
635,2008-11-15 09:02:50.530,0,[],0,15
636,2008-11-06 12:21:53.597,0,[],0,6
637,2008-11-10 15:39:46.096,0,[],0,10
638,2008-11-09 07:56:17.691,0,[],0,8
639,2008-11-17 11:12:53.972,0,[],0,16
640,2008-11-06 14:31:23.881,0,[],0,5
641,2008-11-23 17:47:24.079,1,"[{'lat': 17.386, 'long': -93.687, 'Time': Timestamp('2008-11-23 18:06:41'), 'mag': 5.0}, {'lat': 17.386, 'long': -93.687, 'Time': Timestamp('2008-11-23 18:06:41'), 'mag': 5.0}, {'lat': 17.386, 'long': -93.687, 'Time': Timestamp('2008-11-23 18:06:41'), 'mag': 5.0}]",3,22
642,2008-11-25 21:01:23.132,0,[],0,24
643,2008-12-02 00:15:15.183,0,[],0,30
644,2008-11-21 05:10:02.195,0,[],0,19
645,2008-11-12 08:26:23.174,1,"[{'lat': 38.841, 'long': 35.524, 'Time': Timestamp('2008-11-12 14:03:18'), 'mag': 5.1}, {'lat': 38.841, 'long': 35.524, 'Time': Timestamp('2008-11-12 14:03:18'), 'mag': 5.1}, {'lat': 38.841, 'long': 35.524, 'Time': Timestamp('2008-11-12 14:03:18'), 'mag': 5.1}]",3,10
646,2008-11-23 11:43:23.373,0,[],0,21
647,2008-11-29 15:01:46.977,0,[],0,27
648,2008-11-17 21:30:53.533,0,[],0,15
649,2008-11-11 00:44:52.448,0,[],0,8
650,2008-11-23 07:17:56.986,0,[],0,20
651,2008-11-09 10:34:20.845,0,[],0,6
652,2008-11-29 13:53:23.801,0,[],0,26
653,2008-11-25 22:00:52.127,1,"[{'lat': -20.448, 'long': 169.293, 'Time': Timestamp('2008-11-26 04:02:08'), 'mag': 5.2}, {'lat': -20.448, 'long': 169.293, 'Time': Timestamp('2008-11-26 04:02:08'), 'mag': 5.2}]",2,22
654,2008-11-22 01:14:48.318,0,[],0,18
655,2008-11-14 06:09:56.802,0,[],0,10
656,2008-11-16 09:25:21.548,0,[],0,12
657,2008-12-03 12:44:23.175,0,[],0,29
658,2008-11-20 16:01:49.222,1,"[{'lat': -38.968, 'long': -91.912, 'Time': Timestamp('2008-11-20 22:38:38'), 'mag': 5.0}, {'lat': -38.968, 'long': -91.912, 'Time': Timestamp('2008-11-20 22:38:38'), 'mag': 5.0}, {'lat': -38.968, 'long': -91.912, 'Time': Timestamp('2008-11-20 22:38:38'), 'mag': 5.0}]",3,16
659,2008-12-02 19:16:53.283,0,[],0,28
660,2008-11-25 22:30:23.335,1,"[{'lat': -20.448, 'long': 169.293, 'Time': Timestamp('2008-11-26 04:02:08'), 'mag': 5.2}, {'lat': -20.448, 'long': 169.293, 'Time': Timestamp('2008-11-26 04:02:08'), 'mag': 5.2}, {'lat': -20.448, 'long': 169.293, 'Time': Timestamp('2008-11-26 04:02:08'), 'mag': 5.2}]",3,21
661,2008-12-04 08:18:16.376,0,[],0,29
662,2008-11-25 11:35:23.549,0,[],0,20
663,2008-11-12 14:53:51.419,0,[],0,7
664,2008-12-03 21:23:23.880,0,[],0,28
665,2008-11-18 00:36:45.930,1,"[{'lat': -19.027, 'long': 169.55, 'Time': Timestamp('2008-11-18 11:12:21'), 'mag': 5.0}, {'lat': -19.027, 'long': 169.55, 'Time': Timestamp('2008-11-18 11:12:21'), 'mag': 5.0}, {'lat': -19.027, 'long': 169.55, 'Time': Timestamp('2008-11-18 11:12:21'), 'mag': 5.0}]",3,12
666,2008-11-20 07:09:53.237,0,[],0,14
667,2008-12-04 10:26:18.864,0,[],0,28
668,2008-12-07 07:40:20.305,1,"[{'lat': 26.99, 'long': 55.8, 'Time': Timestamp('2008-12-07 13:36:21'), 'mag': 5.4}]",1,30
669,2008-11-25 10:56:53.360,0,[],0,18
670,2008-11-12 14:15:14.988,0,[],0,5
671,2008-11-28 17:31:53.602,0,[],0,21
672,2008-12-07 20:45:53.656,0,[],0,30
673,2008-11-15 23:59:23.708,0,[],0,8
674,2008-11-28 14:45:50.156,0,[],0,20
675,2008-12-05 18:01:24.003,1,"[{'lat': 34.8133333, 'long': -116.4188333, 'Time': Timestamp('2008-12-06 04:18:42'), 'mag': 5.06}, {'lat': 34.8133333, 'long': -116.4188333, 'Time': Timestamp('2008-12-06 04:18:42'), 'mag': 5.06}]",2,27
676,2008-11-16 21:15:24.056,0,[],0,8
677,2008-12-07 00:29:17.875,0,[],0,28
678,2008-11-28 05:23:55.600,1,"[{'lat': -4.755, 'long': 101.764, 'Time': Timestamp('2008-11-28 08:50:47'), 'mag': 5.9}, {'lat': -4.755, 'long': 101.764, 'Time': Timestamp('2008-11-28 08:50:47'), 'mag': 5.9}, {'lat': -4.755, 'long': 101.764, 'Time': Timestamp('2008-11-28 08:50:47'), 'mag': 5.9}]",3,19
679,2008-11-18 08:38:53.242,0,[],0,9
680,2008-12-03 11:57:53.297,0,[],0,24
681,2008-11-30 15:15:49.668,0,[],0,21
682,2008-12-05 18:31:23.405,1,"[{'lat': 34.8133333, 'long': -116.4188333, 'Time': Timestamp('2008-12-06 04:18:42'), 'mag': 5.06}, {'lat': 34.8133333, 'long': -116.4188333, 'Time': Timestamp('2008-12-06 04:18:42'), 'mag': 5.06}, {'lat': 34.8133333, 'long': -116.4188333, 'Time': Timestamp('2008-12-06 04:18:42'), 'mag': 5.06}]",3,26
683,2008-11-18 21:44:53.457,0,[],0,9
684,2008-11-29 00:58:48.276,0,[],0,19
685,2008-11-28 05:53:54.561,0,[],0,18
686,2008-11-22 09:09:20.630,0,[],0,12
687,2008-12-03 12:28:23.698,0,[],0,23
688,2008-11-25 15:45:50.404,0,[],0,15
689,2008-11-17 19:00:53.805,0,[],0,7
690,2008-11-23 22:14:53.858,0,[],0,13
691,2008-12-07 01:28:52.226,0,[],0,26
692,2008-11-19 06:23:56.168,1,"[{'lat': 8.657, 'long': 93.64, 'Time': Timestamp('2008-11-19 17:14:20'), 'mag': 5.2}, {'lat': 8.657, 'long': 93.64, 'Time': Timestamp('2008-11-19 17:14:20'), 'mag': 5.2}]",2,8
693,2008-12-06 09:39:23.800,0,[],0,25
694,2008-11-29 12:58:53.099,0,[],0,18
695,2008-12-08 16:15:51.691,0,[],0,27
696,2008-11-19 19:30:53.206,0,[],0,8
697,2008-11-28 22:44:23.259,1,"[{'lat': -18.701, 'long': -177.716, 'Time': Timestamp('2008-11-29 05:59:16'), 'mag': 6.0}, {'lat': -18.701, 'long': -177.716, 'Time': Timestamp('2008-11-29 05:59:16'), 'mag': 6.0}]",2,17
698,2008-11-29 01:58:50.845,0,[],0,17
699,2008-12-03 06:54:23.035,0,[],0,21
700,2008-11-25 10:10:20.715,0,[],0,13
701,2008-11-22 13:29:23.671,1,"[{'lat': -1.23, 'long': -13.933, 'Time': Timestamp('2008-11-22 18:49:42'), 'mag': 6.3}, {'lat': -1.23, 'long': -13.933, 'Time': Timestamp('2008-11-22 18:49:42'), 'mag': 6.3}]",2,10
702,2008-12-01 23:13:53.830,0,[],0,19
703,2008-11-18 07:24:22.156,0,[],0,5
704,2008-12-04 10:40:52.668,0,[],0,21
705,2008-12-05 13:59:24.072,0,[],0,22
706,2008-12-10 18:53:17.706,0,[],0,27
707,2008-12-07 22:06:53.205,0,[],0,24
708,2008-11-25 01:20:51.573,1,"[{'lat': 18.013, 'long': 146.968, 'Time': Timestamp('2008-11-25 12:40:03'), 'mag': 5.6}, {'lat': 18.013, 'long': 146.968, 'Time': Timestamp('2008-11-25 12:40:03'), 'mag': 5.6}]",2,11
709,2008-12-06 06:15:55.515,1,"[{'lat': 43.957, 'long': 86.02, 'Time': Timestamp('2008-12-06 09:24:58'), 'mag': 5.0}, {'lat': 43.957, 'long': 86.02, 'Time': Timestamp('2008-12-06 09:24:58'), 'mag': 5.0}]",2,22
710,2008-11-28 09:31:21.818,0,[],0,14
711,2008-12-04 12:50:53.446,0,[],0,20
712,2008-12-14 16:08:22.149,0,[],0,30
713,2008-12-05 19:22:53.553,1,"[{'lat': 34.8133333, 'long': -116.4188333, 'Time': Timestamp('2008-12-06 04:18:42'), 'mag': 5.06}, {'lat': 34.8133333, 'long': -116.4188333, 'Time': Timestamp('2008-12-06 04:18:42'), 'mag': 5.06}]",2,21
714,2008-12-02 03:30:24.546,0,[],0,17
715,2008-11-26 06:46:23.372,0,[],0,11
716,2008-12-02 10:01:52.219,0,[],0,17
717,2008-12-07 13:21:23.847,0,[],0,22
718,2008-12-06 16:38:23.544,0,[],0,21
719,2008-11-30 19:52:53.954,1,"[{'lat': -64.108, 'long': -169.06, 'Time': Timestamp('2008-12-01 04:52:08'), 'mag': 5.3}, {'lat': -64.108, 'long': -169.06, 'Time': Timestamp('2008-12-01 04:52:08'), 'mag': 5.3}]",2,15
720,2008-11-28 11:56:23.774,0,[],0,6
721,2008-12-16 15:14:22.914,1,"[{'lat': -29.726, 'long': -71.506, 'Time': Timestamp('2008-12-16 22:05:25'), 'mag': 5.1}, {'lat': -29.726, 'long': -71.506, 'Time': Timestamp('2008-12-16 22:05:25'), 'mag': 5.1}]",2,24
722,2008-11-30 18:29:53.882,0,[],0,8
723,2008-12-20 12:49:23.876,1,"[{'lat': -31.193, 'long': -13.338, 'Time': Timestamp('2008-12-20 21:05:16'), 'mag': 5.8}, {'lat': -31.12, 'long': -13.419, 'Time': Timestamp('2008-12-20 22:13:48'), 'mag': 5.4}, {'lat': -31.193, 'long': -13.338, 'Time': Timestamp('2008-12-20 21:05:16'), 'mag': 5.8}, {'lat': -31.12, 'long': -13.419, 'Time': Timestamp('2008-12-20 22:13:48'), 'mag': 5.4}, {'lat': -31.193, 'long': -13.338, 'Time': Timestamp('2008-12-20 21:05:16'), 'mag': 5.8}, {'lat': -31.12, 'long': -13.419, 'Time': Timestamp('2008-12-20 22:13:48'), 'mag': 5.4}]",6,23
724,2008-12-24 17:44:23.957,0,[],0,27
725,2008-12-15 20:58:24.010,0,[],0,18
726,2008-12-07 00:11:51.485,0,[],0,9
727,2008-12-16 08:21:17.404,0,[],0,18
728,2008-12-16 11:40:23.251,1,"[{'lat': -11.628, 'long': -13.412, 'Time': Timestamp('2008-12-16 17:26:29'), 'mag': 5.0}]",1,18
729,2008-12-20 14:58:18.182,1,"[{'lat': -31.577, 'long': -68.106, 'Time': Timestamp('2008-12-20 17:07:00'), 'mag': 5.2}, {'lat': -31.577, 'long': -68.106, 'Time': Timestamp('2008-12-20 17:07:00'), 'mag': 5.2}, {'lat': -31.577, 'long': -68.106, 'Time': Timestamp('2008-12-20 17:07:00'), 'mag': 5.2}]",3,22
730,2008-12-27 18:13:53.358,0,[],0,29
731,2008-12-14 02:19:22.240,0,[],0,15
732,2008-12-13 12:10:53.652,1,"[{'lat': 8.012, 'long': -38.022, 'Time': Timestamp('2008-12-13 17:21:14'), 'mag': 5.0}, {'lat': 8.012, 'long': -38.022, 'Time': Timestamp('2008-12-13 17:21:14'), 'mag': 5.0}]",2,14
733,2008-12-13 15:28:44.711,0,[],0,14
734,2008-12-10 18:43:49.640,0,[],0,11
735,2008-12-08 21:57:23.332,0,[],0,9
736,2008-12-23 01:11:48.196,1,"[{'lat': -6.366, 'long': 154.943, 'Time': Timestamp('2008-12-23 11:15:18'), 'mag': 5.9}, {'lat': -6.366, 'long': 154.943, 'Time': Timestamp('2008-12-23 11:15:18'), 'mag': 5.9}, {'lat': -6.366, 'long': 154.943, 'Time': Timestamp('2008-12-23 11:15:18'), 'mag': 5.9}]",3,23
737,2008-12-20 06:06:52.584,0,[],0,20
738,2008-12-14 09:21:53.753,1,"[{'lat': -7.346, 'long': 30.128, 'Time': Timestamp('2008-12-14 09:43:10'), 'mag': 5.2}, {'lat': -7.346, 'long': 30.128, 'Time': Timestamp('2008-12-14 09:43:10'), 'mag': 5.2}, {'lat': -7.346, 'long': 30.128, 'Time': Timestamp('2008-12-14 09:43:10'), 'mag': 5.2}]",3,14
739,2008-12-14 12:41:24.053,1,"[{'lat': -60.078, 'long': -18.762, 'Time': Timestamp('2008-12-14 20:36:29'), 'mag': 5.5}]",1,14
740,2008-12-06 22:27:23.212,0,[],0,6
741,2008-12-17 06:36:54.195,0,[],0,16
742,2008-12-28 09:52:21.826,0,[],0,27
743,2008-12-19 13:11:53.454,0,[],0,18
744,2008-12-19 16:28:49.501,1,"[{'lat': -32.607, 'long': -71.99, 'Time': Timestamp('2008-12-19 16:48:50'), 'mag': 5.2}, {'lat': -32.607, 'long': -71.99, 'Time': Timestamp('2008-12-19 16:48:50'), 'mag': 5.2}]",2,18
745,2008-12-13 19:43:23.561,0,[],0,12
746,2008-12-28 22:56:53.614,0,[],0,27
747,2008-12-20 07:06:57.040,0,[],0,18
748,2008-12-16 15:20:51.639,1,"[{'lat': -29.726, 'long': -71.506, 'Time': Timestamp('2008-12-16 22:05:25'), 'mag': 5.1}]",1,14
749,2008-12-21 18:35:49.817,0,[],0,19
750,2008-12-22 21:49:50.852,0,[],0,20
751,2008-12-25 01:03:51.575,1,"[{'lat': 36.397, 'long': 142.36, 'Time': Timestamp('2008-12-25 10:43:12'), 'mag': 5.3}, {'lat': 36.397, 'long': 142.36, 'Time': Timestamp('2008-12-25 10:43:12'), 'mag': 5.3}, {'lat': 36.397, 'long': 142.36, 'Time': Timestamp('2008-12-25 10:43:12'), 'mag': 5.3}]",3,22
752,2008-12-15 05:58:55.421,1,"[{'lat': -16.173, 'long': 67.508, 'Time': Timestamp('2008-12-15 16:50:44'), 'mag': 5.0}, {'lat': -16.173, 'long': 67.508, 'Time': Timestamp('2008-12-15 16:50:44'), 'mag': 5.0}, {'lat': -16.173, 'long': 67.508, 'Time': Timestamp('2008-12-15 16:50:44'), 'mag': 5.0}]",3,12
753,2008-12-29 09:13:50.162,0,[],0,26
754,2008-12-18 12:33:23.432,0,[],0,15
755,2008-12-31 22:19:23.592,0,[],0,28
756,2008-12-13 06:28:50.479,0,[],0,9
757,2008-12-31 09:44:22.206,0,[],0,27
758,2008-12-29 13:03:53.834,0,[],0,25
759,2008-12-09 16:20:51.097,0,[],0,5
760,2008-12-13 19:35:24.253,0,[],0,9
761,2008-12-24 22:49:23.993,1,"[{'lat': -18.339, 'long': 176.779, 'Time': Timestamp('2008-12-25 00:10:47'), 'mag': 5.5}, {'lat': -18.339, 'long': 176.779, 'Time': Timestamp('2008-12-25 00:10:47'), 'mag': 5.5}]",2,20
762,2008-12-18 08:35:50.140,0,[],0,13
763,2009-01-04 11:54:53.207,0,[],0,30
764,2008-12-12 15:12:52.347,0,[],0,7
765,2008-12-13 18:28:23.315,0,[],0,8
766,2008-12-26 21:41:53.367,1,"[{'lat': -49.504, 'long': 163.989, 'Time': Timestamp('2008-12-27 06:59:57'), 'mag': 5.1}]",1,21
767,2008-12-25 00:55:48.186,1,"[{'lat': 36.397, 'long': 142.36, 'Time': Timestamp('2008-12-25 10:43:12'), 'mag': 5.3}, {'lat': 36.397, 'long': 142.36, 'Time': Timestamp('2008-12-25 10:43:12'), 'mag': 5.3}, {'lat': 36.397, 'long': 142.36, 'Time': Timestamp('2008-12-25 10:43:12'), 'mag': 5.3}]",3,19
768,2008-12-28 05:50:54.472,0,[],0,22
769,2008-12-21 09:05:50.541,0,[],0,15
770,2008-12-20 12:25:23.608,1,"[{'lat': -31.193, 'long': -13.338, 'Time': Timestamp('2008-12-20 21:05:16'), 'mag': 5.8}, {'lat': -31.12, 'long': -13.419, 'Time': Timestamp('2008-12-20 22:13:48'), 'mag': 5.4}, {'lat': -31.193, 'long': -13.338, 'Time': Timestamp('2008-12-20 21:05:16'), 'mag': 5.8}, {'lat': -31.12, 'long': -13.419, 'Time': Timestamp('2008-12-20 22:13:48'), 'mag': 5.4}, {'lat': -31.193, 'long': -13.338, 'Time': Timestamp('2008-12-20 21:05:16'), 'mag': 5.8}, {'lat': -31.12, 'long': -13.419, 'Time': Timestamp('2008-12-20 22:13:48'), 'mag': 5.4}]",6,14
771,2008-12-14 15:42:51.642,0,[],0,8
772,2008-12-17 18:57:53.716,0,[],0,11
773,2008-12-30 22:11:52.073,0,[],0,24
774,2008-12-31 01:25:50.809,1,"[{'lat': 4.918, 'long': 127.437, 'Time': Timestamp('2008-12-31 11:39:53'), 'mag': 5.4}, {'lat': 4.918, 'long': 127.437, 'Time': Timestamp('2008-12-31 11:39:53'), 'mag': 5.4}, {'lat': 4.918, 'long': 127.437, 'Time': Timestamp('2008-12-31 11:39:53'), 'mag': 5.4}]",3,24
775,2009-01-02 06:20:56.201,0,[],0,26
776,2009-01-01 09:36:16.958,0,[],0,25
777,2009-01-04 12:55:54.010,0,[],0,28
778,2008-12-27 22:41:23.170,0,[],0,20
779,2008-12-27 08:27:51.645,0,[],0,19
780,2009-01-03 11:46:53.384,0,[],0,26
781,2009-01-07 15:04:55.179,0,[],0,30
782,2008-12-13 18:20:19.373,0,[],0,5
783,2008-12-25 21:33:24.616,0,[],0,17
784,2008-12-29 00:48:21.131,0,[],0,20
785,2009-01-07 07:21:21.896,0,[],0,29
786,2009-01-03 10:37:22.184,0,[],0,25
787,2009-01-05 13:56:22.005,1,"[{'lat': 42.418, 'long': -30.54, 'Time': Timestamp('2009-01-05 18:56:05'), 'mag': 5.1}, {'lat': 42.418, 'long': -30.54, 'Time': Timestamp('2009-01-05 18:56:05'), 'mag': 5.1}]",2,27
788,2008-12-18 17:12:53.865,1,"[{'lat': 18.622, 'long': -69.408, 'Time': Timestamp('2008-12-18 17:13:47'), 'mag': 5.1}, {'lat': 18.622, 'long': -69.408, 'Time': Timestamp('2008-12-18 17:13:47'), 'mag': 5.1}]",2,9
789,2008-12-20 20:26:53.918,0,[],0,11
790,2008-12-24 23:40:53.972,1,"[{'lat': -18.339, 'long': 176.779, 'Time': Timestamp('2008-12-25 00:10:47'), 'mag': 5.5}, {'lat': -18.339, 'long': 176.779, 'Time': Timestamp('2008-12-25 00:10:47'), 'mag': 5.5}, {'lat': -18.339, 'long': 176.779, 'Time': Timestamp('2008-12-25 00:10:47'), 'mag': 5.5}]",3,15
791,2008-12-30 09:28:21.732,0,[],0,20
792,2008-12-19 12:47:53.360,0,[],0,9
793,2008-12-27 22:33:23.519,0,[],0,17
794,2008-12-26 01:47:47.233,0,[],0,15
795,2008-12-31 06:43:27.392,0,[],0,20
796,2008-12-21 09:58:52.132,0,[],0,10
797,2008-12-23 13:18:23.761,0,[],0,12
798,2009-01-10 16:35:23.814,0,[],0,30
799,2008-12-16 19:49:23.867,0,[],0,5
800,2008-12-30 23:03:23.920,0,[],0,19
801,2008-12-18 02:17:52.723,1,"[{'lat': 38.429, 'long': 143.002, 'Time': Timestamp('2008-12-18 06:47:13'), 'mag': 5.3}, {'lat': 38.429, 'long': 143.002, 'Time': Timestamp('2008-12-18 06:47:13'), 'mag': 5.3}]",2,6
802,2008-12-18 07:13:27.346,0,[],0,6
803,2009-01-06 10:29:20.205,0,[],0,25
804,2009-01-06 13:48:23.162,0,[],0,25
805,2008-12-29 17:05:23.215,0,[],0,17
806,2008-12-26 20:19:23.269,0,[],0,14
807,2009-01-04 23:32:53.321,0,[],0,23
808,2009-01-03 07:43:17.551,0,[],0,21
809,2008-12-23 10:59:50.607,1,"[{'lat': 44.555, 'long': 10.41, 'Time': Timestamp('2008-12-23 15:24:22'), 'mag': 5.4}, {'lat': 44.521, 'long': 10.392, 'Time': Timestamp('2008-12-23 21:58:25'), 'mag': 5.0}]",2,10
810,2009-01-06 22:25:53.695,0,[],0,24
811,2008-12-27 01:41:54.597,0,[],0,13
812,2008-12-27 06:35:28.896,0,[],0,13
813,2009-01-11 09:50:52.309,0,[],0,28
814,2009-01-09 13:10:23.937,0,[],0,26
815,2008-12-24 16:27:23.990,0,[],0,10
816,2008-12-26 19:41:54.043,0,[],0,12
817,2009-01-01 22:55:23.096,1,"[{'lat': -19.186, 'long': -174.908, 'Time': Timestamp('2009-01-02 08:51:34'), 'mag': 5.0}, {'lat': -19.186, 'long': -174.908, 'Time': Timestamp('2009-01-02 08:51:34'), 'mag': 5.0}, {'lat': -19.186, 'long': -174.908, 'Time': Timestamp('2009-01-02 08:51:34'), 'mag': 5.0}]",3,18
818,2009-01-10 08:42:18.915,0,[],0,26
819,2009-01-01 12:01:23.311,0,[],0,17
820,2009-01-09 15:19:25.218,1,"[{'lat': -23.039, 'long': -70.805, 'Time': Timestamp('2009-01-09 22:43:30'), 'mag': 5.0}, {'lat': -23.039, 'long': -70.805, 'Time': Timestamp('2009-01-09 22:43:30'), 'mag': 5.0}]",2,25
821,2008-12-27 18:34:23.418,0,[],0,12
822,2009-01-09 21:47:24.542,0,[],0,25
823,2008-12-28 01:02:21.057,0,[],0,12
824,2008-12-23 05:57:24.575,0,[],0,7
825,2008-12-25 09:12:20.645,0,[],0,9
826,2008-12-30 12:31:53.712,0,[],0,14
827,2009-01-05 15:49:21.199,0,[],0,20
828,2008-12-22 19:04:19.812,0,[],0,6
829,2009-01-04 22:17:54.832,0,[],0,19
830,2008-12-31 01:32:20.911,1,"[{'lat': 4.918, 'long': 127.437, 'Time': Timestamp('2008-12-31 11:39:53'), 'mag': 5.4}, {'lat': 4.918, 'long': 127.437, 'Time': Timestamp('2008-12-31 11:39:53'), 'mag': 5.4}, {'lat': 4.918, 'long': 127.437, 'Time': Timestamp('2008-12-31 11:39:53'), 'mag': 5.4}]",3,14
831,2009-01-13 06:27:26.885,0,[],0,27
832,2008-12-27 13:02:23.282,0,[],0,10
833,2008-12-26 22:47:53.442,1,"[{'lat': -49.504, 'long': 163.989, 'Time': Timestamp('2008-12-27 06:59:57'), 'mag': 5.1}, {'lat': -49.504, 'long': 163.989, 'Time': Timestamp('2008-12-27 06:59:57'), 'mag': 5.1}, {'lat': -49.504, 'long': 163.989, 'Time': Timestamp('2008-12-27 06:59:57'), 'mag': 5.1}]",3,9
834,2009-01-03 06:57:24.547,0,[],0,16
835,2009-01-16 10:13:24.823,0,[],0,29
836,2009-01-06 13:32:53.683,0,[],0,19
837,2009-01-12 16:49:23.737,0,[],0,25
838,2008-12-29 20:03:53.790,0,[],0,11
839,2009-01-06 23:17:23.842,1,"[{'lat': -32.322, 'long': -179.893, 'Time': Timestamp('2009-01-07 08:40:41'), 'mag': 5.4}, {'lat': -32.322, 'long': -179.893, 'Time': Timestamp('2009-01-07 08:40:41'), 'mag': 5.4}]",2,19
840,2008-12-30 07:27:52.169,0,[],0,11
841,2009-01-09 10:44:21.128,0,[],0,21
842,2009-01-02 14:02:53.084,1,"[{'lat': 0.624, 'long': -26.661, 'Time': Timestamp('2009-01-02 19:42:27'), 'mag': 5.6}, {'lat': 0.791, 'long': -27.118, 'Time': Timestamp('2009-01-02 20:14:30'), 'mag': 5.5}, {'lat': 0.624, 'long': -26.661, 'Time': Timestamp('2009-01-02 19:42:27'), 'mag': 5.6}, {'lat': 0.791, 'long': -27.118, 'Time': Timestamp('2009-01-02 20:14:30'), 'mag': 5.5}, {'lat': 0.624, 'long': -26.661, 'Time': Timestamp('2009-01-02 19:42:27'), 'mag': 5.6}, {'lat': 0.791, 'long': -27.118, 'Time': Timestamp('2009-01-02 20:14:30'), 'mag': 5.5}]",6,14
843,2009-01-14 17:19:23.138,0,[],0,26
844,2008-12-27 20:33:23.191,0,[],0,8
845,2009-01-13 01:24:21.585,0,[],0,24
846,2009-01-05 17:49:23.539,0,[],0,16
847,2009-01-01 21:03:19.128,1,"[{'lat': -19.186, 'long': -174.908, 'Time': Timestamp('2009-01-02 08:51:34'), 'mag': 5.0}, {'lat': -19.186, 'long': -174.908, 'Time': Timestamp('2009-01-02 08:51:34'), 'mag': 5.0}, {'lat': -19.186, 'long': -174.908, 'Time': Timestamp('2009-01-02 08:51:34'), 'mag': 5.0}]",3,12
848,2009-01-07 00:16:51.067,0,[],0,17
849,2009-01-03 03:33:54.111,0,[],0,13
850,2009-01-04 06:49:53.395,0,[],0,14
851,2008-12-31 10:05:55.000,0,[],0,10
852,2009-01-08 13:24:53.859,0,[],0,18
853,2009-01-05 23:09:54.019,0,[],0,15
854,2008-12-27 02:24:22.822,0,[],0,5
855,2009-01-02 07:19:51.345,0,[],0,11
856,2009-01-15 10:36:20.305,0,[],0,24
857,2009-01-06 13:55:24.221,0,[],0,15
858,2008-12-28 17:11:23.314,0,[],0,6
859,2009-01-04 20:25:53.367,0,[],0,13
860,2009-01-02 23:39:23.420,0,[],0,11
861,2009-01-03 07:49:47.650,0,[],0,11
862,2009-01-13 17:41:23.715,0,[],0,21
863,2008-12-29 20:53:57.273,0,[],0,6
864,2009-01-14 00:09:23.821,1,"[{'lat': 52.267, 'long': 159.294, 'Time': Timestamp('2009-01-14 05:14:23'), 'mag': 5.4}, {'lat': 52.267, 'long': 159.294, 'Time': Timestamp('2009-01-14 05:14:23'), 'mag': 5.4}, {'lat': 52.267, 'long': 159.294, 'Time': Timestamp('2009-01-14 05:14:23'), 'mag': 5.4}, {'lat': -6.472, 'long': 155.704, 'Time': Timestamp('2009-01-14 04:48:58'), 'mag': 5.2}, {'lat': -6.472, 'long': 155.704, 'Time': Timestamp('2009-01-14 04:48:58'), 'mag': 5.2}, {'lat': -6.472, 'long': 155.704, 'Time': Timestamp('2009-01-14 04:48:58'), 'mag': 5.2}]",6,21
865,2009-01-09 05:04:02.831,1,"[{'lat': -2.235, 'long': 99.762, 'Time': Timestamp('2009-01-09 06:54:45'), 'mag': 5.1}, {'lat': -2.235, 'long': 99.762, 'Time': Timestamp('2009-01-09 06:54:45'), 'mag': 5.1}, {'lat': -2.235, 'long': 99.762, 'Time': Timestamp('2009-01-09 06:54:45'), 'mag': 5.1}]",3,16
866,2009-01-04 08:20:26.467,0,[],0,11
867,2009-01-17 11:37:23.181,0,[],0,24
868,2009-01-19 14:55:50.880,0,[],0,26
869,2009-01-22 18:11:23.289,0,[],0,29
870,2009-01-03 21:24:53.341,0,[],0,10
871,2008-12-30 00:38:50.716,0,[],0,5
872,2009-01-20 07:11:52.698,1,"[{'lat': 35.869, 'long': 69.932, 'Time': Timestamp('2009-01-20 09:26:12'), 'mag': 5.2}, {'lat': 35.869, 'long': 69.932, 'Time': Timestamp('2009-01-20 09:26:12'), 'mag': 5.2}, {'lat': 35.869, 'long': 69.932, 'Time': Timestamp('2009-01-20 09:26:12'), 'mag': 5.2}]",3,26
873,2009-01-02 10:28:19.325,0,[],0,8
874,2009-01-14 13:47:23.609,0,[],0,20
875,2009-01-20 17:03:53.662,0,[],0,26
876,2009-01-10 20:17:53.715,0,[],0,16
877,2009-01-12 23:31:53.769,1,"[{'lat': -22.79, 'long': -175.211, 'Time': Timestamp('2009-01-13 10:38:18'), 'mag': 5.0}, {'lat': -22.79, 'long': -175.211, 'Time': Timestamp('2009-01-13 10:38:18'), 'mag': 5.0}]",2,18
878,2009-01-15 07:42:20.767,0,[],0,20
879,2009-01-22 19:10:50.524,0,[],0,27
880,2009-01-09 22:24:21.335,0,[],0,14
881,2009-01-07 01:38:50.183,1,"[{'lat': 1.788, 'long': 127.318, 'Time': Timestamp('2009-01-07 03:43:07'), 'mag': 5.0}, {'lat': 1.788, 'long': 127.318, 'Time': Timestamp('2009-01-07 03:43:07'), 'mag': 5.0}, {'lat': 1.788, 'long': 127.318, 'Time': Timestamp('2009-01-07 03:43:07'), 'mag': 5.0}, {'lat': -9.114, 'long': 123.846, 'Time': Timestamp('2009-01-07 04:43:55'), 'mag': 5.0}, {'lat': -9.114, 'long': 123.846, 'Time': Timestamp('2009-01-07 04:43:55'), 'mag': 5.0}, {'lat': -9.114, 'long': 123.846, 'Time': Timestamp('2009-01-07 04:43:55'), 'mag': 5.0}]",6,11
882,2009-01-07 06:33:55.576,0,[],0,11
883,2009-01-08 09:49:50.429,0,[],0,12
884,2009-01-18 13:08:53.384,0,[],0,22
885,2009-01-03 16:25:53.438,1,"[{'lat': -28.54, 'long': -63.011, 'Time': Timestamp('2009-01-03 21:15:01'), 'mag': 5.1}]",1,7
886,2009-01-19 19:40:23.491,1,"[{'lat': 22.772, 'long': -111.094, 'Time': Timestamp('2009-01-19 23:50:47'), 'mag': 5.3}, {'lat': 22.772, 'long': -111.094, 'Time': Timestamp('2009-01-19 23:50:47'), 'mag': 5.3}, {'lat': 22.772, 'long': -111.094, 'Time': Timestamp('2009-01-19 23:50:47'), 'mag': 5.3}]",3,23
887,2009-01-06 22:54:23.544,1,"[{'lat': -32.322, 'long': -179.893, 'Time': Timestamp('2009-01-07 08:40:41'), 'mag': 5.4}, {'lat': -32.322, 'long': -179.893, 'Time': Timestamp('2009-01-07 08:40:41'), 'mag': 5.4}, {'lat': -32.322, 'long': -179.893, 'Time': Timestamp('2009-01-07 08:40:41'), 'mag': 5.4}]",3,10
888,2009-01-19 07:03:58.299,0,[],0,22
889,2009-01-04 10:20:23.598,0,[],0,7
890,2009-01-25 13:39:23.785,0,[],0,28
891,2009-01-26 23:23:53.945,1,"[{'lat': -17.837, 'long': -178.677, 'Time': Timestamp('2009-01-27 06:29:13'), 'mag': 5.9}, {'lat': -17.837, 'long': -178.677, 'Time': Timestamp('2009-01-27 06:29:13'), 'mag': 5.9}, {'lat': -17.837, 'long': -178.677, 'Time': Timestamp('2009-01-27 06:29:13'), 'mag': 5.9}]",3,29
892,2009-01-07 07:34:21.271,0,[],0,9
893,2009-01-24 10:50:50.231,0,[],0,26
894,2009-01-21 14:09:45.954,0,[],0,23
895,2009-01-23 17:25:53.240,0,[],0,25
896,2009-01-05 20:39:53.293,0,[],0,7
897,2009-01-15 23:53:53.346,1,"[{'lat': -15.064, 'long': 167.991, 'Time': Timestamp('2009-01-16 06:47:56'), 'mag': 5.0}, {'lat': -15.064, 'long': 167.991, 'Time': Timestamp('2009-01-16 06:47:56'), 'mag': 5.0}]",2,17
898,2009-01-11 08:04:21.672,0,[],0,12
899,2009-01-06 02:00:55.403,0,[],0,6
900,2009-01-22 06:56:23.497,0,[],0,22
901,2009-01-06 10:42:50.579,0,[],0,5
902,2009-01-12 14:01:53.535,0,[],0,11
903,2009-01-12 17:17:53.589,0,[],0,11
904,2009-01-26 20:32:23.642,0,[],0,25
905,2009-01-27 23:45:53.695,1,"[{'lat': 55.536, 'long': 164.298, 'Time': Timestamp('2009-01-27 23:57:13'), 'mag': 5.5}, {'lat': 55.536, 'long': 164.298, 'Time': Timestamp('2009-01-27 23:57:13'), 'mag': 5.5}, {'lat': 55.536, 'long': 164.298, 'Time': Timestamp('2009-01-27 23:57:13'), 'mag': 5.5}]",3,26
906,2009-01-27 07:56:50.693,0,[],0,25
907,2009-01-11 11:13:23.883,0,[],0,9
908,2009-01-27 14:31:53.792,0,[],0,25
909,2009-01-13 17:47:53.990,0,[],0,11
910,2009-01-30 21:01:54.043,0,[],0,28
911,2009-01-18 00:15:49.190,1,"[{'lat': -22.672, 'long': 170.771, 'Time': Timestamp('2009-01-18 11:53:30'), 'mag': 5.0}, {'lat': -22.672, 'long': 170.771, 'Time': Timestamp('2009-01-18 11:53:30'), 'mag': 5.0}, {'lat': -22.672, 'long': 170.771, 'Time': Timestamp('2009-01-18 11:53:30'), 'mag': 5.0}]",3,15
912,2009-01-10 05:10:32.105,0,[],0,7
913,2009-01-30 08:26:55.752,0,[],0,27
914,2009-01-22 11:43:53.283,0,[],0,19
915,2009-01-15 15:02:25.079,0,[],0,12
916,2009-02-01 18:17:53.391,0,[],0,29
917,2009-01-27 21:31:23.444,0,[],0,24
918,2009-01-18 00:45:22.359,1,"[{'lat': -22.672, 'long': 170.771, 'Time': Timestamp('2009-01-18 11:53:30'), 'mag': 5.0}, {'lat': -22.406, 'long': 170.6, 'Time': Timestamp('2009-01-18 12:19:18'), 'mag': 5.0}, {'lat': -22.672, 'long': 170.771, 'Time': Timestamp('2009-01-18 11:53:30'), 'mag': 5.0}, {'lat': -22.406, 'long': 170.6, 'Time': Timestamp('2009-01-18 12:19:18'), 'mag': 5.0}]",4,14
919,2009-02-03 07:18:21.796,1,"[{'lat': -3.895, 'long': 34.853, 'Time': Timestamp('2009-02-03 15:48:53'), 'mag': 5.1}, {'lat': -3.895, 'long': 34.853, 'Time': Timestamp('2009-02-03 15:48:53'), 'mag': 5.1}, {'lat': -3.895, 'long': 34.853, 'Time': Timestamp('2009-02-03 15:48:53'), 'mag': 5.1}]",3,30
920,2009-02-02 10:34:50.756,0,[],0,29
921,2009-01-14 13:53:54.672,0,[],0,10
922,2009-01-16 23:38:23.871,1,"[{'lat': -22.184, 'long': 170.486, 'Time': Timestamp('2009-01-17 07:14:51'), 'mag': 5.1}, {'lat': -22.184, 'long': 170.486, 'Time': Timestamp('2009-01-17 07:14:51'), 'mag': 5.1}]",2,12
923,2009-01-26 07:48:50.869,0,[],0,21
924,2009-02-01 11:05:24.059,0,[],0,27
925,2009-01-21 14:23:52.982,0,[],0,16
926,2009-01-17 17:40:23.292,0,[],0,12
927,2009-01-29 20:53:53.345,1,"[{'lat': -15.385, 'long': -174.473, 'Time': Timestamp('2009-01-30 03:47:10'), 'mag': 5.7}]",1,24
928,2009-01-17 00:07:53.397,1,"[{'lat': -22.184, 'long': 170.486, 'Time': Timestamp('2009-01-17 07:14:51'), 'mag': 5.1}, {'lat': -22.184, 'long': 170.486, 'Time': Timestamp('2009-01-17 07:14:51'), 'mag': 5.1}, {'lat': -22.184, 'long': 170.486, 'Time': Timestamp('2009-01-17 07:14:51'), 'mag': 5.1}, {'lat': 51.212, 'long': 178.93, 'Time': Timestamp('2009-01-17 12:07:33'), 'mag': 5.1}, {'lat': 44.032, 'long': 150.648, 'Time': Timestamp('2009-01-17 08:38:18'), 'mag': 5.4}]",5,11
929,2009-01-22 08:18:57.371,0,[],0,16
930,2009-02-02 11:35:53.585,0,[],0,27
931,2009-01-27 14:54:22.612,0,[],0,21
932,2009-01-13 18:09:53.692,0,[],0,7
933,2009-01-17 07:10:57.198,0,[],0,10
934,2009-01-17 10:26:51.106,0,[],0,10
935,2009-01-25 13:45:54.063,0,[],0,18
936,2009-02-01 23:30:23.222,0,[],0,25
937,2009-01-20 07:40:47.452,1,"[{'lat': 35.869, 'long': 69.932, 'Time': Timestamp('2009-01-20 09:26:12'), 'mag': 5.2}, {'lat': 35.869, 'long': 69.932, 'Time': Timestamp('2009-01-20 09:26:12'), 'mag': 5.2}, {'lat': 35.869, 'long': 69.932, 'Time': Timestamp('2009-01-20 09:26:12'), 'mag': 5.2}]",3,12
938,2009-02-06 10:57:36.891,0,[],0,29
939,2009-01-16 14:16:17.672,1,"[{'lat': 14.487, 'long': -45.058, 'Time': Timestamp('2009-01-16 22:13:59'), 'mag': 5.4}, {'lat': 14.487, 'long': -45.058, 'Time': Timestamp('2009-01-16 22:13:59'), 'mag': 5.4}]",2,8
940,2009-01-30 17:32:23.517,0,[],0,22
941,2009-01-27 20:46:23.570,0,[],0,19
942,2009-01-22 00:00:23.623,1,"[{'lat': -22.494, 'long': 170.932, 'Time': Timestamp('2009-01-22 08:12:09'), 'mag': 5.1}, {'lat': -22.494, 'long': 170.932, 'Time': Timestamp('2009-01-22 08:12:09'), 'mag': 5.1}, {'lat': 47.056, 'long': 155.512, 'Time': Timestamp('2009-01-22 05:09:40'), 'mag': 5.1}, {'lat': 47.056, 'long': 155.512, 'Time': Timestamp('2009-01-22 05:09:40'), 'mag': 5.1}]",4,13
943,2009-01-29 08:09:20.509,0,[],0,20
944,2009-01-21 11:27:53.810,0,[],0,12
945,2009-01-14 14:46:20.071,0,[],0,5
946,2009-01-29 18:02:23.918,0,[],0,20
947,2009-02-07 02:07:21.584,0,[],0,28
948,2009-02-07 07:02:56.424,0,[],0,28
949,2009-02-08 10:18:54.379,0,[],0,29
950,2009-01-27 13:37:53.238,0,[],0,17
951,2009-01-20 16:54:53.293,0,[],0,10
952,2009-01-31 20:08:53.346,0,[],0,21
953,2009-02-09 23:22:52.808,0,[],0,30
954,2009-02-10 07:32:50.285,0,[],0,30
955,2009-01-23 10:49:19.010,0,[],0,12
956,2009-02-09 14:08:17.848,0,[],0,29
957,2009-01-21 23:52:23.799,1,"[{'lat': -22.494, 'long': 170.932, 'Time': Timestamp('2009-01-22 08:12:09'), 'mag': 5.1}, {'lat': -22.494, 'long': 170.932, 'Time': Timestamp('2009-01-22 08:12:09'), 'mag': 5.1}, {'lat': -22.494, 'long': 170.932, 'Time': Timestamp('2009-01-22 08:12:09'), 'mag': 5.1}, {'lat': 47.056, 'long': 155.512, 'Time': Timestamp('2009-01-22 05:09:40'), 'mag': 5.1}, {'lat': 47.056, 'long': 155.512, 'Time': Timestamp('2009-01-22 05:09:40'), 'mag': 5.1}]",5,10
958,2009-01-21 04:47:02.808,1,"[{'lat': -20.175, 'long': 66.411, 'Time': Timestamp('2009-01-21 06:27:57'), 'mag': 5.2}]",1,9
959,2009-01-29 08:03:16.702,0,[],0,17
960,2009-02-09 11:19:53.987,0,[],0,28
961,2009-01-26 14:38:52.679,0,[],0,14
962,2009-02-04 17:54:23.095,0,[],0,23
963,2009-01-20 21:08:23.147,0,[],0,8
964,2009-01-18 00:22:17.966,1,"[{'lat': -22.672, 'long': 170.771, 'Time': Timestamp('2009-01-18 11:53:30'), 'mag': 5.0}, {'lat': -22.406, 'long': 170.6, 'Time': Timestamp('2009-01-18 12:19:18'), 'mag': 5.0}, {'lat': -22.672, 'long': 170.771, 'Time': Timestamp('2009-01-18 11:53:30'), 'mag': 5.0}, {'lat': -22.406, 'long': 170.6, 'Time': Timestamp('2009-01-18 12:19:18'), 'mag': 5.0}, {'lat': -22.672, 'long': 170.771, 'Time': Timestamp('2009-01-18 11:53:30'), 'mag': 5.0}, {'lat': -22.406, 'long': 170.6, 'Time': Timestamp('2009-01-18 12:19:18'), 'mag': 5.0}]",6,5
965,2009-01-18 05:16:55.692,0,[],0,5
966,2009-01-23 08:33:24.529,0,[],0,10
967,2009-01-21 11:50:53.388,0,[],0,8
968,2009-01-21 15:08:52.527,0,[],0,8
969,2009-01-23 18:24:23.495,0,[],0,10
970,2009-02-11 07:24:55.997,0,[],0,28
971,2009-02-03 10:41:25.133,0,[],0,20
972,2009-02-10 14:00:23.993,0,[],0,27
973,2009-01-29 23:44:53.153,1,"[{'lat': -15.385, 'long': -174.473, 'Time': Timestamp('2009-01-30 03:47:10'), 'mag': 5.7}]",1,15
974,2009-01-30 09:32:16.315,0,[],0,15
975,2009-02-02 12:51:53.367,0,[],0,18
976,2009-01-25 16:08:53.421,0,[],0,10
977,2009-02-10 19:23:53.474,0,[],0,26
978,2009-02-14 22:37:23.526,0,[],0,30
979,2009-01-23 01:51:51.113,1,"[{'lat': -6.339, 'long': 154.945, 'Time': Timestamp('2009-01-23 02:48:16'), 'mag': 5.1}, {'lat': -6.339, 'long': 154.945, 'Time': Timestamp('2009-01-23 02:48:16'), 'mag': 5.1}, {'lat': -6.339, 'long': 154.945, 'Time': Timestamp('2009-01-23 02:48:16'), 'mag': 5.1}, {'lat': 21.118, 'long': 121.24, 'Time': Timestamp('2009-01-23 12:38:13'), 'mag': 5.3}, {'lat': 21.118, 'long': 121.24, 'Time': Timestamp('2009-01-23 12:38:13'), 'mag': 5.3}, {'lat': 21.118, 'long': 121.24, 'Time': Timestamp('2009-01-23 12:38:13'), 'mag': 5.3}]",6,7
980,2009-02-13 06:46:54.632,0,[],0,28
981,2009-02-04 10:02:52.140,0,[],0,19
982,2009-02-11 13:21:53.768,0,[],0,26
983,2009-01-28 16:38:53.821,1,"[{'lat': 13.34, 'long': -89.707, 'Time': Timestamp('2009-01-28 17:24:41'), 'mag': 5.2}, {'lat': 13.34, 'long': -89.707, 'Time': Timestamp('2009-01-28 17:24:41'), 'mag': 5.2}, {'lat': 13.34, 'long': -89.707, 'Time': Timestamp('2009-01-28 17:24:41'), 'mag': 5.2}]",3,12
984,2009-01-31 19:53:23.874,0,[],0,15
985,2009-01-21 23:06:53.928,1,"[{'lat': -22.494, 'long': 170.932, 'Time': Timestamp('2009-01-22 08:12:09'), 'mag': 5.1}, {'lat': -22.494, 'long': 170.932, 'Time': Timestamp('2009-01-22 08:12:09'), 'mag': 5.1}]",2,5
986,2009-01-25 07:17:22.254,0,[],0,8
987,2009-02-09 10:33:16.664,0,[],0,23
988,2009-02-13 13:52:25.134,0,[],0,27
989,2009-01-23 18:46:12.926,0,[],0,6
990,2009-02-07 07:47:21.654,0,[],0,20
991,2009-01-28 11:03:53.516,0,[],0,10
992,2009-02-03 14:22:52.097,0,[],0,16
993,2009-01-23 17:38:53.623,0,[],0,5
994,2009-02-17 01:43:52.506,1,"[{'lat': 2.299, 'long': 128.216, 'Time': Timestamp('2009-02-17 07:01:54'), 'mag': 5.0}, {'lat': 2.299, 'long': 128.216, 'Time': Timestamp('2009-02-17 07:01:54'), 'mag': 5.0}, {'lat': -7.558, 'long': 127.762, 'Time': Timestamp('2009-02-17 06:16:34'), 'mag': 5.0}, {'lat': 2.299, 'long': 128.216, 'Time': Timestamp('2009-02-17 07:01:54'), 'mag': 5.0}, {'lat': -7.558, 'long': 127.762, 'Time': Timestamp('2009-02-17 06:16:34'), 'mag': 5.0}]",5,29
995,2009-01-27 05:00:57.426,0,[],0,8
996,2009-01-30 08:15:50.727,0,[],0,11
997,2009-02-17 11:34:53.918,0,[],0,29
998,2009-01-29 14:52:52.944,1,"[{'lat': -8.108, 'long': -71.402, 'Time': Timestamp('2009-01-29 22:28:05'), 'mag': 5.6}, {'lat': -8.108, 'long': -71.402, 'Time': Timestamp('2009-01-29 22:28:05'), 'mag': 5.6}, {'lat': -8.108, 'long': -71.402, 'Time': Timestamp('2009-01-29 22:28:05'), 'mag': 5.6}]",3,10
999,2009-01-28 18:08:54.025,0,[],0,9
1000,2009-01-30 15:23:21.130,0,[],0,10
1001,2009-02-16 18:38:19.308,0,[],0,27
1002,2009-01-25 21:52:24.438,0,[],0,5
1003,2009-02-17 01:06:21.065,1,"[{'lat': 2.299, 'long': 128.216, 'Time': Timestamp('2009-02-17 07:01:54'), 'mag': 5.0}, {'lat': -7.558, 'long': 127.762, 'Time': Timestamp('2009-02-17 06:16:34'), 'mag': 5.0}, {'lat': 2.299, 'long': 128.216, 'Time': Timestamp('2009-02-17 07:01:54'), 'mag': 5.0}, {'lat': -7.558, 'long': 127.762, 'Time': Timestamp('2009-02-17 06:16:34'), 'mag': 5.0}, {'lat': 2.299, 'long': 128.216, 'Time': Timestamp('2009-02-17 07:01:54'), 'mag': 5.0}, {'lat': -7.558, 'long': 127.762, 'Time': Timestamp('2009-02-17 06:16:34'), 'mag': 5.0}]",6,27
1004,2009-02-06 06:01:25.911,0,[],0,16
1005,2009-02-14 09:16:19.324,0,[],0,24
1006,2009-01-28 12:35:53.897,0,[],0,7
1007,2009-02-20 06:31:25.490,1,"[{'lat': 40.657, 'long': 78.692, 'Time': Timestamp('2009-02-20 10:02:29'), 'mag': 5.3}, {'lat': 40.657, 'long': 78.692, 'Time': Timestamp('2009-02-20 10:02:29'), 'mag': 5.3}]",2,29
1008,2009-01-27 09:46:51.671,0,[],0,5
1009,2009-02-12 13:06:23.299,0,[],0,21
1010,2009-02-05 16:23:23.352,1,"[{'lat': -27.987, 'long': -71.104, 'Time': Timestamp('2009-02-06 02:58:35'), 'mag': 5.3}, {'lat': -27.987, 'long': -71.104, 'Time': Timestamp('2009-02-06 02:58:35'), 'mag': 5.3}, {'lat': -27.987, 'long': -71.104, 'Time': Timestamp('2009-02-06 02:58:35'), 'mag': 5.3}]",3,14
1011,2009-02-10 19:37:53.718,0,[],0,19
1012,2009-02-19 22:51:53.458,1,"[{'lat': -18.365, 'long': -178.749, 'Time': Timestamp('2009-02-20 01:46:17'), 'mag': 5.6}, {'lat': -18.365, 'long': -178.749, 'Time': Timestamp('2009-02-20 01:46:17'), 'mag': 5.6}, {'lat': -18.365, 'long': -178.749, 'Time': Timestamp('2009-02-20 01:46:17'), 'mag': 5.6}]",3,28
1013,2009-02-14 08:38:19.277,0,[],0,22
1014,2009-02-13 11:57:23.673,0,[],0,21
1015,2009-02-10 15:15:22.811,0,[],0,18
1016,2009-02-03 18:30:49.662,0,[],0,11
1017,2009-02-08 07:31:54.953,0,[],0,15
1018,2009-02-04 10:48:25.240,0,[],0,11
1019,2009-02-14 14:06:50.411,0,[],0,21
1020,2009-01-31 17:23:23.154,0,[],0,7
1021,2009-02-15 20:37:19.413,0,[],0,22
1022,2009-02-10 23:51:20.682,0,[],0,17
1023,2009-02-12 11:18:48.214,0,[],0,18
1024,2009-02-07 14:37:22.141,0,[],0,13
1025,2009-02-14 21:06:53.608,0,[],0,20
1026,2009-02-17 00:20:50.983,0,[],0,22
1027,2009-02-15 10:09:22.248,0,[],0,20
1028,2009-02-25 13:28:53.876,0,[],0,30
1029,2009-02-12 16:45:23.929,0,[],0,17
1030,2009-02-04 19:59:53.982,0,[],0,9
1031,2009-02-12 23:13:54.036,1,"[{'lat': -30.712, 'long': -178.2, 'Time': Timestamp('2009-02-13 02:17:50'), 'mag': 5.3}, {'lat': -30.712, 'long': -178.2, 'Time': Timestamp('2009-02-13 02:17:50'), 'mag': 5.3}, {'lat': -30.712, 'long': -178.2, 'Time': Timestamp('2009-02-13 02:17:50'), 'mag': 5.3}]",3,17
1032,2009-02-05 07:23:51.361,0,[],0,9
1033,2009-02-17 10:40:21.873,0,[],0,21
1034,2009-02-24 13:58:53.277,0,[],0,28
1035,2009-02-03 17:15:23.330,0,[],0,7
1036,2009-02-26 20:29:23.383,0,[],0,30
1037,2009-02-25 23:43:23.437,0,[],0,29
1038,2009-02-02 20:59:23.963,0,[],0,5
1039,2009-02-08 00:13:16.013,0,[],0,10
1040,2009-02-09 05:08:02.025,0,[],0,11
1041,2009-02-28 08:24:23.005,0,[],0,30
1042,2009-02-03 11:41:23.203,0,[],0,5
1043,2009-02-14 14:59:50.903,0,[],0,16
1044,2009-02-10 18:15:23.310,1,"[{'lat': 2.268, 'long': -84.463, 'Time': Timestamp('2009-02-11 04:44:56'), 'mag': 5.1}]",1,12
1045,2009-02-23 21:28:53.364,0,[],0,25
1046,2009-02-28 00:42:52.279,0,[],0,29
1047,2009-02-09 07:15:56.816,0,[],0,10
1048,2009-02-15 10:32:19.348,0,[],0,16
1049,2009-02-21 13:51:23.631,1,"[{'lat': 55.472, 'long': -35.115, 'Time': Timestamp('2009-02-21 15:40:43'), 'mag': 5.1}, {'lat': 55.451, 'long': -35.066, 'Time': Timestamp('2009-02-21 16:53:54'), 'mag': 5.4}, {'lat': 55.472, 'long': -35.115, 'Time': Timestamp('2009-02-21 15:40:43'), 'mag': 5.1}, {'lat': 55.451, 'long': -35.066, 'Time': Timestamp('2009-02-21 16:53:54'), 'mag': 5.4}]",4,22
1050,2009-02-13 17:07:53.685,0,[],0,14
1051,2009-02-26 20:21:53.738,0,[],0,27
1052,2009-03-01 23:35:23.790,1,"[{'lat': -4.874, 'long': 153.465, 'Time': Timestamp('2009-03-02 07:56:14'), 'mag': 5.0}, {'lat': -4.874, 'long': 153.465, 'Time': Timestamp('2009-03-02 07:56:14'), 'mag': 5.0}, {'lat': -4.874, 'long': 153.465, 'Time': Timestamp('2009-03-02 07:56:14'), 'mag': 5.0}]",3,30
1053,2009-02-17 07:46:20.789,0,[],0,17
1054,2009-02-18 11:02:53.844,0,[],0,18
1055,2009-03-01 14:21:25.104,0,[],0,29
1056,2009-02-07 17:37:23.086,0,[],0,7
1057,2009-03-03 06:37:51.613,1,"[{'lat': 38.072, 'long': 71.588, 'Time': Timestamp('2009-03-03 14:22:10'), 'mag': 5.1}, {'lat': 38.072, 'long': 71.588, 'Time': Timestamp('2009-03-03 14:22:10'), 'mag': 5.1}]",2,30
1058,2009-02-27 09:53:50.450,0,[],0,26
1059,2009-02-20 13:12:53.819,0,[],0,19
1060,2009-02-06 22:57:48.332,0,[],0,5
1061,2009-02-12 07:07:56.993,0,[],0,10
1062,2009-03-04 10:24:19.523,0,[],0,30
1063,2009-02-15 13:43:23.808,0,[],0,13
1064,2009-02-26 16:59:53.862,0,[],0,24
1065,2009-03-04 20:13:53.915,0,[],0,30
1066,2009-02-17 23:27:53.967,1,"[{'lat': -61.706, 'long': 154.752, 'Time': Timestamp('2009-02-18 03:30:34'), 'mag': 5.6}]",1,15
1067,2009-03-04 07:38:25.390,0,[],0,29
1068,2009-02-18 10:54:50.253,0,[],0,15
1069,2009-02-15 14:13:14.649,0,[],0,12
1070,2009-02-28 17:29:53.262,0,[],0,25
1071,2009-02-27 20:43:53.316,0,[],0,24
1072,2009-02-16 23:57:23.368,0,[],0,13
1073,2009-02-13 08:08:25.791,0,[],0,9
1074,2009-02-17 11:25:23.738,0,[],0,13
1075,2009-02-26 14:43:51.326,0,[],0,22
1076,2009-03-02 21:13:23.898,0,[],0,26
1077,2009-02-25 00:27:21.273,1,"[{'lat': -23.146, 'long': 170.559, 'Time': Timestamp('2009-02-25 09:19:48'), 'mag': 5.3}, {'lat': -23.146, 'long': 170.559, 'Time': Timestamp('2009-02-25 09:19:48'), 'mag': 5.3}, {'lat': -23.146, 'long': 170.559, 'Time': Timestamp('2009-02-25 09:19:48'), 'mag': 5.3}]",3,20
1078,2009-02-19 08:36:50.071,0,[],0,14
1079,2009-02-16 11:55:53.140,0,[],0,11
1080,2009-02-26 15:13:49.510,0,[],0,21
1081,2009-03-05 18:29:23.247,0,[],0,28
1082,2009-02-19 21:43:23.300,1,"[{'lat': -18.365, 'long': -178.749, 'Time': Timestamp('2009-02-20 01:46:17'), 'mag': 5.6}, {'lat': -18.365, 'long': -178.749, 'Time': Timestamp('2009-02-20 01:46:17'), 'mag': 5.6}, {'lat': -18.365, 'long': -178.749, 'Time': Timestamp('2009-02-20 01:46:17'), 'mag': 5.6}]",3,14
1083,2009-03-04 00:57:20.886,0,[],0,26
1084,2009-02-26 05:51:54.404,0,[],0,20
1085,2009-02-16 09:07:20.472,0,[],0,10
1086,2009-03-03 12:26:23.540,0,[],0,25
1087,2009-03-02 15:44:18.918,0,[],0,24
1088,2009-03-06 18:59:23.647,0,[],0,28
1089,2009-02-11 22:12:53.701,0,[],0,5
1090,2009-02-18 01:26:52.068,1,"[{'lat': 3.67, 'long': 126.551, 'Time': Timestamp('2009-02-18 10:26:05'), 'mag': 5.2}, {'lat': 3.839, 'long': 126.64, 'Time': Timestamp('2009-02-18 11:44:14'), 'mag': 5.2}, {'lat': 3.67, 'long': 126.551, 'Time': Timestamp('2009-02-18 10:26:05'), 'mag': 5.2}, {'lat': 3.839, 'long': 126.64, 'Time': Timestamp('2009-02-18 11:44:14'), 'mag': 5.2}, {'lat': 3.67, 'long': 126.551, 'Time': Timestamp('2009-02-18 10:26:05'), 'mag': 5.2}, {'lat': 3.839, 'long': 126.64, 'Time': Timestamp('2009-02-18 11:44:14'), 'mag': 5.2}]",6,11
1091,2009-03-03 06:22:24.805,1,"[{'lat': 38.072, 'long': 71.588, 'Time': Timestamp('2009-03-03 14:22:10'), 'mag': 5.1}, {'lat': 38.072, 'long': 71.588, 'Time': Timestamp('2009-03-03 14:22:10'), 'mag': 5.1}, {'lat': 38.072, 'long': 71.588, 'Time': Timestamp('2009-03-03 14:22:10'), 'mag': 5.1}]",3,24
1092,2009-02-23 12:56:53.941,1,"[{'lat': -0.255, 'long': -18.315, 'Time': Timestamp('2009-02-24 00:46:40'), 'mag': 5.2}, {'lat': -0.255, 'long': -18.315, 'Time': Timestamp('2009-02-24 00:46:40'), 'mag': 5.2}, {'lat': -0.255, 'long': -18.315, 'Time': Timestamp('2009-02-24 00:46:40'), 'mag': 5.2}]",3,16
1093,2009-03-02 16:14:23.996,0,[],0,23
1094,2009-03-09 00:19:23.217,1,"[{'lat': -3.49, 'long': 149.604, 'Time': Timestamp('2009-03-09 12:19:10'), 'mag': 5.2}, {'lat': -3.49, 'long': 149.604, 'Time': Timestamp('2009-03-09 12:19:10'), 'mag': 5.2}, {'lat': -3.49, 'long': 149.604, 'Time': Timestamp('2009-03-09 12:19:10'), 'mag': 5.2}]",3,29
1095,2009-03-10 05:14:32.137,0,[],0,30
1096,2009-02-25 08:30:54.456,0,[],0,17
1097,2009-02-21 11:47:53.316,0,[],0,13
1098,2009-02-18 15:06:22.454,0,[],0,10
1099,2009-02-28 21:35:23.476,1,"[{'lat': -27.364, 'long': -176.346, 'Time': Timestamp('2009-03-01 08:17:39'), 'mag': 5.3}, {'lat': -27.364, 'long': -176.346, 'Time': Timestamp('2009-03-01 08:17:39'), 'mag': 5.3}, {'lat': -27.364, 'long': -176.346, 'Time': Timestamp('2009-03-01 08:17:39'), 'mag': 5.3}]",3,20
1100,2009-02-28 00:49:22.391,0,[],0,19
1101,2009-02-27 05:44:24.580,0,[],0,18
1102,2009-02-28 08:59:20.649,0,[],0,19
1103,2009-03-07 12:18:20.257,0,[],0,26
1104,2009-02-21 15:36:25.735,1,"[{'lat': 55.472, 'long': -35.115, 'Time': Timestamp('2009-02-21 15:40:43'), 'mag': 5.1}, {'lat': 55.451, 'long': -35.066, 'Time': Timestamp('2009-02-21 16:53:54'), 'mag': 5.4}, {'lat': 55.472, 'long': -35.115, 'Time': Timestamp('2009-02-21 15:40:43'), 'mag': 5.1}, {'lat': 55.451, 'long': -35.066, 'Time': Timestamp('2009-02-21 16:53:54'), 'mag': 5.4}, {'lat': -2.699, 'long': -78.203, 'Time': Timestamp('2009-02-21 22:47:33'), 'mag': 5.0}, {'lat': -2.699, 'long': -78.203, 'Time': Timestamp('2009-02-21 22:47:33'), 'mag': 5.0}, {'lat': -2.699, 'long': -78.203, 'Time': Timestamp('2009-02-21 22:47:33'), 'mag': 5.0}]",7,12
1105,2009-02-20 18:51:13.612,0,[],0,11
1106,2009-03-10 22:04:48.977,0,[],0,29
1107,2009-03-02 01:19:21.575,1,"[{'lat': -4.874, 'long': 153.465, 'Time': Timestamp('2009-03-02 07:56:14'), 'mag': 5.0}, {'lat': -4.874, 'long': 153.465, 'Time': Timestamp('2009-03-02 07:56:14'), 'mag': 5.0}, {'lat': -4.874, 'long': 153.465, 'Time': Timestamp('2009-03-02 07:56:14'), 'mag': 5.0}]",3,20
1108,2009-03-09 06:14:22.436,0,[],0,27
1109,2009-03-09 09:29:47.065,0,[],0,27
1110,2009-02-23 12:48:53.118,1,"[{'lat': -0.255, 'long': -18.315, 'Time': Timestamp('2009-02-24 00:46:40'), 'mag': 5.2}, {'lat': -0.255, 'long': -18.315, 'Time': Timestamp('2009-02-24 00:46:40'), 'mag': 5.2}, {'lat': -0.255, 'long': -18.315, 'Time': Timestamp('2009-02-24 00:46:40'), 'mag': 5.2}]",3,13
1111,2009-03-10 16:06:23.172,0,[],0,28
1112,2009-03-04 19:21:23.225,0,[],0,22
1113,2009-02-16 22:34:53.277,1,"[{'lat': -30.724, 'long': -178.617, 'Time': Timestamp('2009-02-17 03:30:53'), 'mag': 6.0}, {'lat': -30.724, 'long': -178.617, 'Time': Timestamp('2009-02-17 03:30:53'), 'mag': 6.0}]",2,6
1114,2009-03-10 06:44:24.382,0,[],0,27
1115,2009-02-26 10:00:20.747,0,[],0,15
1116,2009-03-03 13:19:23.703,0,[],0,20
1117,2009-02-24 16:36:23.757,0,[],0,13
1118,2009-03-09 19:50:53.810,0,[],0,26
1119,2009-03-01 23:04:23.863,1,"[{'lat': -4.874, 'long': 153.465, 'Time': Timestamp('2009-03-02 07:56:14'), 'mag': 5.0}]",1,18
1120,2009-03-04 07:14:57.289,0,[],0,20
1121,2009-02-26 10:30:49.820,0,[],0,14
1122,2009-03-13 13:49:51.297,0,[],0,29
1123,2009-02-26 17:06:23.158,0,[],0,14
1124,2009-02-20 20:20:23.210,0,[],0,8
1125,2009-03-06 23:34:23.264,0,[],0,22
1126,2009-03-08 07:44:59.782,0,[],0,23
1127,2009-02-20 12:40:53.479,0,[],0,7
1128,2009-03-12 15:58:50.965,1,"[{'lat': 5.686, 'long': -82.767, 'Time': Timestamp('2009-03-12 23:23:34'), 'mag': 6.3}, {'lat': 5.686, 'long': -82.767, 'Time': Timestamp('2009-03-12 23:23:34'), 'mag': 6.3}, {'lat': 5.686, 'long': -82.767, 'Time': Timestamp('2009-03-12 23:23:34'), 'mag': 6.3}]",3,27
1129,2009-03-10 19:13:19.691,0,[],0,25
1130,2009-03-01 22:26:53.638,0,[],0,16
1131,2009-03-11 01:41:17.017,0,[],0,25
1132,2009-03-15 06:36:23.415,0,[],0,29
1133,2009-02-20 09:52:22.251,0,[],0,6
1134,2009-03-01 13:11:23.880,0,[],0,15
1135,2009-02-21 16:28:53.934,1,"[{'lat': -2.699, 'long': -78.203, 'Time': Timestamp('2009-02-21 22:47:33'), 'mag': 5.0}, {'lat': -2.699, 'long': -78.203, 'Time': Timestamp('2009-02-21 22:47:33'), 'mag': 5.0}, {'lat': -2.699, 'long': -78.203, 'Time': Timestamp('2009-02-21 22:47:33'), 'mag': 5.0}]",3,7
1136,2009-03-05 19:43:23.987,0,[],0,19
1137,2009-03-11 22:56:54.039,0,[],0,25
1138,2009-02-26 02:11:21.842,1,"[{'lat': 19.017, 'long': 121.265, 'Time': Timestamp('2009-02-26 12:32:52'), 'mag': 5.5}, {'lat': 19.017, 'long': 121.265, 'Time': Timestamp('2009-02-26 12:32:52'), 'mag': 5.5}, {'lat': 19.017, 'long': 121.265, 'Time': Timestamp('2009-02-26 12:32:52'), 'mag': 5.5}]",3,11
1139,2009-02-24 07:06:56.466,0,[],0,9
1140,2009-02-26 10:22:50.325,0,[],0,11
1141,2009-03-08 13:41:53.280,0,[],0,21
1142,2009-02-22 16:58:23.334,1,"[{'lat': -41.65, 'long': -88.468, 'Time': Timestamp('2009-02-23 03:49:13'), 'mag': 5.1}, {'lat': -41.65, 'long': -88.468, 'Time': Timestamp('2009-02-23 03:49:13'), 'mag': 5.1}, {'lat': -41.65, 'long': -88.468, 'Time': Timestamp('2009-02-23 03:49:13'), 'mag': 5.1}]",3,7
1143,2009-03-15 20:12:53.387,1,"[{'lat': -55.144, 'long': -129.7, 'Time': Timestamp('2009-03-16 07:13:36'), 'mag': 5.9}]",1,28
1144,2009-03-13 23:26:23.440,1,"[{'lat': -20.03, 'long': -175.382, 'Time': Timestamp('2009-03-14 03:04:12'), 'mag': 5.2}, {'lat': -20.03, 'long': -175.382, 'Time': Timestamp('2009-03-14 03:04:12'), 'mag': 5.2}, {'lat': -49.191, 'long': 164.744, 'Time': Timestamp('2009-03-14 10:50:49'), 'mag': 5.1}, {'lat': -49.191, 'long': 164.744, 'Time': Timestamp('2009-03-14 10:50:49'), 'mag': 5.1}, {'lat': -63.192, 'long': 171.593, 'Time': Timestamp('2009-03-14 07:53:27'), 'mag': 5.0}, {'lat': -49.191, 'long': 164.744, 'Time': Timestamp('2009-03-14 10:50:49'), 'mag': 5.1}]",6,26
1145,2009-03-10 07:36:51.766,0,[],0,22
1146,2009-03-13 10:53:20.725,0,[],0,25
1147,2009-03-11 14:12:15.122,1,"[{'lat': 15.585, 'long': -46.733, 'Time': Timestamp('2009-03-11 23:50:33'), 'mag': 5.0}, {'lat': 15.585, 'long': -46.733, 'Time': Timestamp('2009-03-11 23:50:33'), 'mag': 5.0}, {'lat': 19.07, 'long': -66.367, 'Time': Timestamp('2009-03-12 02:05:38'), 'mag': 5.1}]",3,23
1148,2009-03-04 17:28:23.735,1,"[{'lat': 18.286, 'long': -68.563, 'Time': Timestamp('2009-03-04 22:30:26'), 'mag': 5.0}, {'lat': 18.286, 'long': -68.563, 'Time': Timestamp('2009-03-04 22:30:26'), 'mag': 5.0}]",2,16
1149,2009-03-08 20:42:23.788,0,[],0,20
1150,2009-02-25 23:56:23.841,0,[],0,9
1151,2009-03-18 04:51:02.850,0,[],0,29
1152,2009-03-01 08:07:24.935,0,[],0,12
1153,2009-03-06 11:23:58.873,0,[],0,17
1154,2009-03-02 14:42:19.065,0,[],0,13
1155,2009-03-10 17:58:21.339,0,[],0,21
1156,2009-02-23 21:12:18.512,0,[],0,6
1157,2009-02-25 00:25:45.239,1,"[{'lat': -23.146, 'long': 170.559, 'Time': Timestamp('2009-02-25 09:19:48'), 'mag': 5.3}, {'lat': -23.146, 'long': 170.559, 'Time': Timestamp('2009-02-25 09:19:48'), 'mag': 5.3}, {'lat': -23.146, 'long': 170.559, 'Time': Timestamp('2009-02-25 09:19:48'), 'mag': 5.3}]",3,7
1158,2009-02-28 06:58:56.642,0,[],0,10
1159,2009-03-02 10:14:54.782,0,[],0,12
1160,2009-02-26 13:33:53.641,0,[],0,8
1161,2009-03-19 23:18:53.801,0,[],0,29
1162,2009-03-01 07:28:52.127,0,[],0,10
1163,2009-03-03 10:45:21.086,0,[],0,12
1164,2009-03-21 14:04:22.793,0,[],0,30
1165,2009-03-09 17:20:53.096,1,"[{'lat': 16.46, 'long': -93.65, 'Time': Timestamp('2009-03-10 00:36:44'), 'mag': 5.0}, {'lat': 16.46, 'long': -93.65, 'Time': Timestamp('2009-03-10 00:36:44'), 'mag': 5.0}]",2,18
1166,2009-03-06 20:34:53.149,0,[],0,15
1167,2009-03-06 23:48:23.202,0,[],0,15
1168,2009-03-01 07:59:20.200,0,[],0,9
1169,2009-03-07 11:16:23.389,0,[],0,15
1170,2009-03-06 14:34:49.315,0,[],0,14
1171,2009-03-18 17:50:23.497,0,[],0,26
1172,2009-03-05 22:41:23.576,1,"[{'lat': -15.156, 'long': -173.309, 'Time': Timestamp('2009-03-06 07:01:48'), 'mag': 5.8}, {'lat': -15.079, 'long': -173.446, 'Time': Timestamp('2009-03-06 07:24:04'), 'mag': 5.1}, {'lat': -15.262, 'long': -173.346, 'Time': Timestamp('2009-03-06 08:21:25'), 'mag': 5.3}, {'lat': -15.156, 'long': -173.309, 'Time': Timestamp('2009-03-06 07:01:48'), 'mag': 5.8}, {'lat': -15.079, 'long': -173.446, 'Time': Timestamp('2009-03-06 07:24:04'), 'mag': 5.1}, {'lat': -15.262, 'long': -173.346, 'Time': Timestamp('2009-03-06 08:21:25'), 'mag': 5.3}, {'lat': -15.156, 'long': -173.309, 'Time': Timestamp('2009-03-06 07:01:48'), 'mag': 5.8}, {'lat': -15.079, 'long': -173.446, 'Time': Timestamp('2009-03-06 07:24:04'), 'mag': 5.1}, {'lat': -15.262, 'long': -173.346, 'Time': Timestamp('2009-03-06 08:21:25'), 'mag': 5.3}]",9,13
1173,2009-03-10 06:50:54.681,0,[],0,17
1174,2009-03-03 10:06:54.958,0,[],0,10
1175,2009-03-07 13:26:23.818,0,[],0,14
1176,2009-03-01 16:42:53.871,0,[],0,8
1177,2009-03-23 19:57:23.924,0,[],0,30
1178,2009-03-17 23:10:53.978,0,[],0,24
1179,2009-03-20 07:21:21.303,0,[],0,26
1180,2009-03-15 10:37:21.591,0,[],0,21
1181,2009-03-10 13:56:23.219,0,[],0,16
1182,2009-03-22 23:40:53.379,0,[],0,28
1183,2009-03-11 07:51:21.705,0,[],0,16
1184,2009-03-07 11:07:53.565,0,[],0,12
1185,2009-03-23 14:26:50.708,0,[],0,28
1186,2009-03-22 17:42:53.674,0,[],0,27
1187,2009-03-15 20:56:53.727,0,[],0,20
1188,2009-03-26 00:10:17.106,1,"[{'lat': 12.199, 'long': 143.954, 'Time': Timestamp('2009-03-26 10:30:36'), 'mag': 5.0}, {'lat': 12.199, 'long': 143.954, 'Time': Timestamp('2009-03-26 10:30:36'), 'mag': 5.0}, {'lat': 12.199, 'long': 143.954, 'Time': Timestamp('2009-03-26 10:30:36'), 'mag': 5.0}]",3,30
1189,2009-03-02 08:19:52.217,1,"[{'lat': 30.518, 'long': 67.776, 'Time': Timestamp('2009-03-02 15:05:02'), 'mag': 5.0}, {'lat': 30.518, 'long': 67.776, 'Time': Timestamp('2009-03-02 15:05:02'), 'mag': 5.0}]",2,6
1190,2009-03-19 11:38:53.967,0,[],0,23
1191,2009-03-23 14:56:52.994,0,[],0,27
1192,2009-03-07 18:12:50.838,0,[],0,11
1193,2009-03-03 21:26:18.339,0,[],0,7
1194,2009-03-27 00:40:19.609,0,[],0,30
1195,2009-03-23 03:57:23.759,1,"[{'lat': 5.364, 'long': 94.38, 'Time': Timestamp('2009-03-23 14:58:12'), 'mag': 5.1}, {'lat': 5.364, 'long': 94.38, 'Time': Timestamp('2009-03-23 14:58:12'), 'mag': 5.1}, {'lat': 5.364, 'long': 94.38, 'Time': Timestamp('2009-03-23 14:58:12'), 'mag': 5.1}]",3,26
1196,2009-03-10 07:13:26.580,0,[],0,13
1197,2009-03-09 10:29:25.493,0,[],0,12
1198,2009-03-23 13:48:23.583,0,[],0,26
1199,2009-03-02 23:32:53.742,1,"[{'lat': -3.763, 'long': 151.242, 'Time': Timestamp('2009-03-03 01:19:38'), 'mag': 5.3}, {'lat': -3.718, 'long': 151.319, 'Time': Timestamp('2009-03-03 04:52:02'), 'mag': 5.2}, {'lat': -3.763, 'long': 151.242, 'Time': Timestamp('2009-03-03 01:19:38'), 'mag': 5.3}, {'lat': -3.718, 'long': 151.319, 'Time': Timestamp('2009-03-03 04:52:02'), 'mag': 5.2}, {'lat': -3.763, 'long': 151.242, 'Time': Timestamp('2009-03-03 01:19:38'), 'mag': 5.3}, {'lat': -3.718, 'long': 151.319, 'Time': Timestamp('2009-03-03 04:52:02'), 'mag': 5.2}]",6,5
1200,2009-03-14 07:43:17.972,1,"[{'lat': 30.154, 'long': 68.474, 'Time': Timestamp('2009-03-14 13:26:23'), 'mag': 5.0}, {'lat': 30.154, 'long': 68.474, 'Time': Timestamp('2009-03-14 13:26:23'), 'mag': 5.0}, {'lat': 30.154, 'long': 68.474, 'Time': Timestamp('2009-03-14 13:26:23'), 'mag': 5.0}]",3,16
1201,2009-03-23 11:00:23.796,0,[],0,25
1202,2009-03-15 14:18:55.055,0,[],0,17
1203,2009-03-06 17:34:54.037,0,[],0,8
1204,2009-03-15 20:48:53.090,0,[],0,17
1205,2009-03-08 00:02:53.143,0,[],0,9
1206,2009-03-16 04:57:32.153,0,[],0,17
1207,2009-03-07 08:13:51.581,0,[],0,8
1208,2009-03-23 11:30:53.331,0,[],0,24
1209,2009-03-06 14:49:21.031,0,[],0,7
1210,2009-03-11 18:04:53.438,1,"[{'lat': 8.493, 'long': -83.206, 'Time': Timestamp('2009-03-11 21:03:58'), 'mag': 5.9}, {'lat': 8.493, 'long': -83.206, 'Time': Timestamp('2009-03-11 21:03:58'), 'mag': 5.9}, {'lat': 8.493, 'long': -83.206, 'Time': Timestamp('2009-03-11 21:03:58'), 'mag': 5.9}]",3,12
1211,2009-03-23 21:18:53.491,0,[],0,24
1212,2009-03-08 00:32:15.542,0,[],0,8
1213,2009-03-22 07:05:22.848,0,[],0,22
1214,2009-03-16 10:21:20.803,1,"[{'lat': -26.949, 'long': 26.753, 'Time': Timestamp('2009-03-16 14:05:42'), 'mag': 5.0}, {'lat': -26.949, 'long': 26.753, 'Time': Timestamp('2009-03-16 14:05:42'), 'mag': 5.0}]",2,16
1215,2009-03-15 13:40:53.759,1,"[{'lat': -30.987, 'long': -65.396, 'Time': Timestamp('2009-03-15 13:50:38'), 'mag': 5.2}, {'lat': -30.987, 'long': -65.396, 'Time': Timestamp('2009-03-15 13:50:38'), 'mag': 5.2}, {'lat': -30.987, 'long': -65.396, 'Time': Timestamp('2009-03-15 13:50:38'), 'mag': 5.2}]",3,15
1216,2009-03-10 16:57:23.813,0,[],0,10
1217,2009-03-08 20:11:23.866,0,[],0,8
1218,2009-03-13 23:25:23.918,1,"[{'lat': -20.03, 'long': -175.382, 'Time': Timestamp('2009-03-14 03:04:12'), 'mag': 5.2}, {'lat': -20.03, 'long': -175.382, 'Time': Timestamp('2009-03-14 03:04:12'), 'mag': 5.2}, {'lat': -49.191, 'long': 164.744, 'Time': Timestamp('2009-03-14 10:50:49'), 'mag': 5.1}, {'lat': -63.192, 'long': 171.593, 'Time': Timestamp('2009-03-14 07:53:27'), 'mag': 5.0}, {'lat': -49.191, 'long': 164.744, 'Time': Timestamp('2009-03-14 10:50:49'), 'mag': 5.1}]",5,13
1219,2009-03-29 07:35:55.012,0,[],0,28
1220,2009-03-21 10:52:22.972,0,[],0,20
1221,2009-03-07 14:10:45.928,0,[],0,6
1222,2009-03-09 20:41:23.267,0,[],0,8
1223,2009-03-15 23:54:53.319,1,"[{'lat': -36.488, 'long': 178.024, 'Time': Timestamp('2009-03-16 06:50:45'), 'mag': 5.1}, {'lat': -36.488, 'long': 178.024, 'Time': Timestamp('2009-03-16 06:50:45'), 'mag': 5.1}]",2,14
1224,2009-03-17 08:05:46.221,0,[],0,15
1225,2009-03-15 11:22:53.507,0,[],0,13
1226,2009-03-10 16:19:23.588,0,[],0,8
1227,2009-03-26 19:33:51.186,0,[],0,24
1228,2009-03-29 22:47:53.694,1,"[{'lat': 56.2872, 'long': -152.4774, 'Time': Timestamp('2009-03-30 03:42:46'), 'mag': 5.2}, {'lat': 56.2165, 'long': -152.3473, 'Time': Timestamp('2009-03-30 07:13:03'), 'mag': 5.9}, {'lat': 56.2872, 'long': -152.4774, 'Time': Timestamp('2009-03-30 03:42:46'), 'mag': 5.2}, {'lat': 56.2165, 'long': -152.3473, 'Time': Timestamp('2009-03-30 07:13:03'), 'mag': 5.9}, {'lat': 56.2872, 'long': -152.4774, 'Time': Timestamp('2009-03-30 03:42:46'), 'mag': 5.2}, {'lat': 56.2165, 'long': -152.3473, 'Time': Timestamp('2009-03-30 07:13:03'), 'mag': 5.9}]",6,27
1229,2009-03-26 06:57:28.449,0,[],0,23
1230,2009-03-23 10:13:50.979,0,[],0,20
1231,2009-03-10 13:32:53.936,0,[],0,7
1232,2009-03-27 16:49:23.989,1,"[{'lat': -19.08, 'long': -69.213, 'Time': Timestamp('2009-03-27 17:26:42'), 'mag': 5.4}, {'lat': -19.08, 'long': -69.213, 'Time': Timestamp('2009-03-27 17:26:42'), 'mag': 5.4}]",2,24
1233,2009-03-22 20:03:54.042,0,[],0,19
1234,2009-03-17 23:17:23.095,0,[],0,14
1235,2009-03-17 12:23:51.256,0,[],0,13
1236,2009-03-24 15:41:50.093,0,[],0,20
1237,2009-03-10 22:10:23.659,1,"[{'lat': -11.959, 'long': 166.201, 'Time': Timestamp('2009-03-11 00:31:29'), 'mag': 5.2}]",1,6
1238,2009-03-19 01:24:22.027,1,"[{'lat': -1.959, 'long': 138.95, 'Time': Timestamp('2009-03-19 01:35:13'), 'mag': 5.1}, {'lat': -0.704, 'long': 133.126, 'Time': Timestamp('2009-03-19 02:17:29'), 'mag': 5.2}, {'lat': -1.996, 'long': 139.024, 'Time': Timestamp('2009-03-19 07:03:34'), 'mag': 5.0}, {'lat': -1.959, 'long': 138.95, 'Time': Timestamp('2009-03-19 01:35:13'), 'mag': 5.1}, {'lat': -0.704, 'long': 133.126, 'Time': Timestamp('2009-03-19 02:17:29'), 'mag': 5.2}, {'lat': -1.996, 'long': 139.024, 'Time': Timestamp('2009-03-19 07:03:34'), 'mag': 5.0}, {'lat': -1.959, 'long': 138.95, 'Time': Timestamp('2009-03-19 01:35:13'), 'mag': 5.1}, {'lat': -0.704, 'long': 133.126, 'Time': Timestamp('2009-03-19 02:17:29'), 'mag': 5.2}, {'lat': -1.996, 'long': 139.024, 'Time': Timestamp('2009-03-19 07:03:34'), 'mag': 5.0}]",9,14
1239,2009-03-10 06:19:26.092,0,[],0,5
1240,2009-03-23 09:35:20.944,0,[],0,18
1241,2009-03-17 12:54:23.900,0,[],0,12
1242,2009-03-14 16:11:53.954,1,"[{'lat': 2.401, 'long': -95.388, 'Time': Timestamp('2009-03-14 22:54:16'), 'mag': 5.0}, {'lat': 2.429, 'long': -95.124, 'Time': Timestamp('2009-03-15 03:14:31'), 'mag': 5.8}, {'lat': 2.401, 'long': -95.388, 'Time': Timestamp('2009-03-14 22:54:16'), 'mag': 5.0}, {'lat': 2.429, 'long': -95.124, 'Time': Timestamp('2009-03-15 03:14:31'), 'mag': 5.8}, {'lat': 2.401, 'long': -95.388, 'Time': Timestamp('2009-03-14 22:54:16'), 'mag': 5.0}, {'lat': 2.429, 'long': -95.124, 'Time': Timestamp('2009-03-15 03:14:31'), 'mag': 5.8}, {'lat': -40.386, 'long': -91.95, 'Time': Timestamp('2009-03-15 00:53:12'), 'mag': 5.1}, {'lat': -40.367, 'long': -91.622, 'Time': Timestamp('2009-03-15 00:56:32'), 'mag': 5.2}, {'lat': -40.386, 'long': -91.95, 'Time': Timestamp('2009-03-15 00:53:12'), 'mag': 5.1}, {'lat': -40.367, 'long': -91.622, 'Time': Timestamp('2009-03-15 00:56:32'), 'mag': 5.2}, {'lat': -40.386, 'long': -91.95, 'Time': Timestamp('2009-03-15 00:53:12'), 'mag': 5.1}, {'lat': -40.367, 'long': -91.622, 'Time': Timestamp('2009-03-15 00:56:32'), 'mag': 5.2}]",12,9
1243,2009-04-02 19:26:24.007,0,[],0,28
1244,2009-03-27 22:39:54.059,1,"[{'lat': -23.351, 'long': -174.901, 'Time': Timestamp('2009-03-28 05:07:01'), 'mag': 5.0}, {'lat': -23.351, 'long': -174.901, 'Time': Timestamp('2009-03-28 05:07:01'), 'mag': 5.0}, {'lat': -23.351, 'long': -174.901, 'Time': Timestamp('2009-03-28 05:07:01'), 'mag': 5.0}, {'lat': -62.389, 'long': 164.551, 'Time': Timestamp('2009-03-28 00:43:19'), 'mag': 5.0}]",4,22
1245,2009-03-24 01:54:20.647,0,[],0,18
1246,2009-03-12 05:11:26.783,1,"[{'lat': 32.386, 'long': 105.096, 'Time': Timestamp('2009-03-12 08:25:38'), 'mag': 5.3}, {'lat': 32.386, 'long': 105.096, 'Time': Timestamp('2009-03-12 08:25:38'), 'mag': 5.3}, {'lat': 32.386, 'long': 105.096, 'Time': Timestamp('2009-03-12 08:25:38'), 'mag': 5.3}, {'lat': 4.674, 'long': 95.049, 'Time': Timestamp('2009-03-12 10:05:08'), 'mag': 5.0}, {'lat': 4.674, 'long': 95.049, 'Time': Timestamp('2009-03-12 10:05:08'), 'mag': 5.0}, {'lat': 4.674, 'long': 95.049, 'Time': Timestamp('2009-03-12 10:05:08'), 'mag': 5.0}]",6,6
1247,2009-04-03 08:26:21.535,0,[],0,28
1248,2009-03-14 11:45:23.274,0,[],0,8
1249,2009-03-25 15:03:49.645,0,[],0,19
1250,2009-04-02 18:18:53.381,1,"[{'lat': 1.919, 'long': -97.95, 'Time': Timestamp('2009-04-02 19:11:57'), 'mag': 5.1}, {'lat': 1.919, 'long': -97.95, 'Time': Timestamp('2009-04-02 19:11:57'), 'mag': 5.1}, {'lat': 1.919, 'long': -97.95, 'Time': Timestamp('2009-04-02 19:11:57'), 'mag': 5.1}]",3,27
1251,2009-03-30 21:32:53.434,1,"[{'lat': -15.664, 'long': -173.452, 'Time': Timestamp('2009-03-31 07:56:17'), 'mag': 5.0}, {'lat': -15.664, 'long': -173.452, 'Time': Timestamp('2009-03-31 07:56:17'), 'mag': 5.0}, {'lat': -15.664, 'long': -173.452, 'Time': Timestamp('2009-03-31 07:56:17'), 'mag': 5.0}]",3,24
1252,2009-04-04 00:46:52.349,1,"[{'lat': -62.599, 'long': 155.117, 'Time': Timestamp('2009-04-04 07:19:41'), 'mag': 5.9}]",1,28
1253,2009-03-20 07:19:51.787,0,[],0,13
1254,2009-03-24 10:34:24.841,0,[],0,17
1255,2009-03-15 13:55:24.663,0,[],0,8
1256,2009-03-28 17:11:53.756,0,[],0,21
1257,2009-04-05 20:25:53.808,0,[],0,29
1258,2009-03-26 23:39:23.862,1,"[{'lat': -24.055, 'long': 179.509, 'Time': Timestamp('2009-03-27 10:41:23'), 'mag': 5.1}, {'lat': -24.055, 'long': 179.509, 'Time': Timestamp('2009-03-27 10:41:23'), 'mag': 5.1}, {'lat': -24.055, 'long': 179.509, 'Time': Timestamp('2009-03-27 10:41:23'), 'mag': 5.1}]",3,19
1259,2009-04-07 07:50:20.860,0,[],0,30
1260,2009-03-18 11:06:54.049,0,[],0,10
1261,2009-03-13 14:25:21.518,0,[],0,5
1262,2009-03-20 20:55:23.209,1,"[{'lat': -23.263, 'long': -175.323, 'Time': Timestamp('2009-03-21 01:18:35'), 'mag': 5.0}, {'lat': -23.263, 'long': -175.323, 'Time': Timestamp('2009-03-21 01:18:35'), 'mag': 5.0}]",2,12
1263,2009-03-31 05:03:52.864,0,[],0,22
1264,2009-03-25 08:20:20.483,0,[],0,16
1265,2009-03-22 11:37:23.450,1,"[{'lat': -12.738, 'long': -14.687, 'Time': Timestamp('2009-03-22 12:54:51'), 'mag': 5.0}, {'lat': -12.738, 'long': -14.687, 'Time': Timestamp('2009-03-22 12:54:51'), 'mag': 5.0}]",2,13
1266,2009-03-28 14:55:51.150,0,[],0,19
1267,2009-04-05 18:11:23.557,0,[],0,27
1268,2009-04-07 21:25:23.611,0,[],0,29
1269,2009-03-31 00:38:52.525,1,"[{'lat': -6.787, 'long': 155.089, 'Time': Timestamp('2009-03-31 02:33:01'), 'mag': 5.0}, {'lat': -6.787, 'long': 155.089, 'Time': Timestamp('2009-03-31 02:33:01'), 'mag': 5.0}, {'lat': -2.009, 'long': 139.029, 'Time': Timestamp('2009-03-31 01:21:03'), 'mag': 5.1}, {'lat': -2.009, 'long': 139.029, 'Time': Timestamp('2009-03-31 01:21:03'), 'mag': 5.1}, {'lat': -2.009, 'long': 139.029, 'Time': Timestamp('2009-03-31 01:21:03'), 'mag': 5.1}]",5,21
1270,2009-03-27 07:11:52.967,0,[],0,17
1271,2009-03-27 10:28:27.787,0,[],0,17
1272,2009-03-19 13:47:23.878,0,[],0,9
1273,2009-03-17 17:03:53.932,0,[],0,7
1274,2009-04-04 20:17:53.985,0,[],0,25
1275,2009-03-23 23:31:54.038,0,[],0,13
1276,2009-04-04 07:42:24.132,0,[],0,24
1277,2009-03-28 10:58:53.284,0,[],0,17
1278,2009-03-25 14:17:19.119,0,[],0,14
1279,2009-04-07 01:38:49.639,1,"[{'lat': 46.049, 'long': 151.548, 'Time': Timestamp('2009-04-07 04:23:33'), 'mag': 6.9}, {'lat': 46.049, 'long': 151.548, 'Time': Timestamp('2009-04-07 04:23:33'), 'mag': 6.9}, {'lat': -7.043, 'long': 129.363, 'Time': Timestamp('2009-04-07 13:29:53'), 'mag': 5.1}, {'lat': -7.043, 'long': 129.363, 'Time': Timestamp('2009-04-07 13:29:53'), 'mag': 5.1}, {'lat': -7.043, 'long': 129.363, 'Time': Timestamp('2009-04-07 13:29:53'), 'mag': 5.1}]",5,26
1280,2009-03-27 06:33:53.380,0,[],0,15
1281,2009-04-05 09:49:50.890,0,[],0,24
1282,2009-04-02 13:08:53.846,0,[],0,21
1283,2009-04-01 16:25:53.899,0,[],0,20
1284,2009-04-08 19:40:24.265,0,[],0,27
1285,2009-04-04 22:54:24.005,1,"[{'lat': -22.455, 'long': -174.872, 'Time': Timestamp('2009-04-05 08:14:29'), 'mag': 5.0}, {'lat': -22.455, 'long': -174.872, 'Time': Timestamp('2009-04-05 08:14:29'), 'mag': 5.0}, {'lat': -22.455, 'long': -174.872, 'Time': Timestamp('2009-04-05 08:14:29'), 'mag': 5.0}]",3,23
1286,2009-04-12 07:04:26.431,0,[],0,30
1287,2009-03-31 10:20:20.290,0,[],0,18
1288,2009-04-05 13:39:23.247,0,[],0,23
1289,2009-03-18 16:55:53.300,0,[],0,5
1290,2009-04-09 20:10:23.353,0,[],0,27
1291,2009-04-04 23:23:53.406,1,"[{'lat': -22.455, 'long': -174.872, 'Time': Timestamp('2009-04-05 08:14:29'), 'mag': 5.0}, {'lat': -22.455, 'long': -174.872, 'Time': Timestamp('2009-04-05 08:14:29'), 'mag': 5.0}]",2,22
1292,2009-04-06 07:34:22.736,0,[],0,23
1293,2009-04-01 10:50:50.691,0,[],0,18
1294,2009-04-08 14:09:46.416,0,[],0,25
1295,2009-03-28 17:25:53.701,0,[],0,14
1296,2009-04-07 20:39:51.299,0,[],0,24
1297,2009-03-22 23:53:53.807,0,[],0,8
1298,2009-03-24 08:02:50.035,0,[],0,9
1299,2009-04-06 11:21:23.994,1,"[{'lat': 42.451, 'long': 13.364, 'Time': Timestamp('2009-04-06 23:15:37'), 'mag': 5.1}, {'lat': 42.451, 'long': 13.364, 'Time': Timestamp('2009-04-06 23:15:37'), 'mag': 5.1}, {'lat': 42.451, 'long': 13.364, 'Time': Timestamp('2009-04-06 23:15:37'), 'mag': 5.1}]",3,22
1300,2009-04-04 14:39:51.359,0,[],0,20
1301,2009-04-13 17:55:53.102,0,[],0,29
1302,2009-04-05 21:08:25.443,0,[],0,21
1303,2009-03-23 00:23:15.206,0,[],0,7
1304,2009-03-22 08:32:50.328,0,[],0,6
1305,2009-04-06 11:51:53.396,1,"[{'lat': 42.451, 'long': 13.364, 'Time': Timestamp('2009-04-06 23:15:37'), 'mag': 5.1}, {'lat': 42.451, 'long': 13.364, 'Time': Timestamp('2009-04-06 23:15:37'), 'mag': 5.1}, {'lat': 42.451, 'long': 13.364, 'Time': Timestamp('2009-04-06 23:15:37'), 'mag': 5.1}]",3,21
1306,2009-03-27 15:10:22.535,1,"[{'lat': -19.08, 'long': -69.213, 'Time': Timestamp('2009-03-27 17:26:42'), 'mag': 5.4}, {'lat': -19.08, 'long': -69.213, 'Time': Timestamp('2009-03-27 17:26:42'), 'mag': 5.4}, {'lat': -19.08, 'long': -69.213, 'Time': Timestamp('2009-03-27 17:26:42'), 'mag': 5.4}]",3,11
1307,2009-03-30 18:25:23.503,0,[],0,14
1308,2009-03-26 21:38:24.628,1,"[{'lat': 61.012, 'long': -138.414, 'Time': Timestamp('2009-03-27 02:58:38'), 'mag': 5.0}, {'lat': 61.012, 'long': -138.414, 'Time': Timestamp('2009-03-27 02:58:38'), 'mag': 5.0}]",2,10
1309,2009-03-24 00:53:22.470,0,[],0,7
1310,2009-03-24 05:48:23.332,0,[],0,7
1311,2009-04-12 09:03:20.729,0,[],0,26
1312,2009-04-08 12:22:23.796,0,[],0,22
1313,2009-04-15 15:40:25.927,0,[],0,29
1314,2009-04-12 18:55:23.904,0,[],0,26
1315,2009-04-04 22:08:54.917,0,[],0,18
1316,2009-03-28 07:56:50.651,0,[],0,10
1317,2009-03-23 22:38:53.550,0,[],0,5
1318,2009-03-25 06:48:22.544,0,[],0,6
1319,2009-04-09 10:04:22.598,1,"[{'lat': 42.513, 'long': 13.331, 'Time': Timestamp('2009-04-09 19:38:17'), 'mag': 5.2}, {'lat': 42.513, 'long': 13.331, 'Time': Timestamp('2009-04-09 19:38:17'), 'mag': 5.2}, {'lat': 42.513, 'long': 13.331, 'Time': Timestamp('2009-04-09 19:38:17'), 'mag': 5.2}]",3,21
1320,2009-04-15 13:23:22.876,0,[],0,27
1321,2009-03-30 16:40:20.273,0,[],0,11
1322,2009-04-11 19:54:50.215,0,[],0,23
1323,2009-04-02 23:08:23.950,0,[],0,14
1324,2009-04-04 07:18:26.377,0,[],0,15
1325,2009-04-01 10:34:50.236,0,[],0,12
1326,2009-04-06 13:53:54.152,0,[],0,17
1327,2009-03-31 17:10:23.245,0,[],0,11
1328,2009-04-03 20:24:23.298,0,[],0,14
1329,2009-03-26 23:38:23.351,1,"[{'lat': -24.055, 'long': 179.509, 'Time': Timestamp('2009-03-27 10:41:23'), 'mag': 5.1}, {'lat': -24.055, 'long': 179.509, 'Time': Timestamp('2009-03-27 10:41:23'), 'mag': 5.1}, {'lat': -24.055, 'long': 179.509, 'Time': Timestamp('2009-03-27 10:41:23'), 'mag': 5.1}]",3,6
1330,2009-04-06 07:48:55.450,0,[],0,16
1331,2009-04-11 11:05:23.538,1,"[{'lat': -59.6, 'long': -26.274, 'Time': Timestamp('2009-04-11 17:14:36'), 'mag': 5.2}, {'lat': -59.6, 'long': -26.274, 'Time': Timestamp('2009-04-11 17:14:36'), 'mag': 5.2}]",2,21
1332,2009-03-28 14:24:20.680,0,[],0,7
1333,2009-03-30 17:40:23.647,0,[],0,9
1334,2009-04-05 20:53:49.124,0,[],0,15
1335,2009-04-13 00:07:53.942,0,[],0,22
1336,2009-04-17 08:17:15.884,0,[],0,26
1337,2009-04-08 11:35:53.939,0,[],0,17
1338,2009-04-11 14:54:22.968,0,[],0,20
1339,2009-04-09 21:22:51.292,0,[],0,18
1340,2009-04-10 00:37:50.475,1,"[{'lat': -3.346, 'long': 148.68, 'Time': Timestamp('2009-04-10 04:09:42'), 'mag': 5.2}, {'lat': -3.346, 'long': 148.68, 'Time': Timestamp('2009-04-10 04:09:42'), 'mag': 5.2}, {'lat': -3.346, 'long': 148.68, 'Time': Timestamp('2009-04-10 04:09:42'), 'mag': 5.2}]",3,18
1341,2009-04-08 05:32:25.644,0,[],0,16
1342,2009-04-03 08:47:21.601,0,[],0,11
1343,2009-04-14 12:06:23.340,0,[],0,22
1344,2009-04-21 15:24:25.248,0,[],0,29
1345,2009-04-10 18:39:49.330,0,[],0,18
1346,2009-03-30 21:53:21.916,1,"[{'lat': -15.664, 'long': -173.452, 'Time': Timestamp('2009-03-31 07:56:17'), 'mag': 5.0}, {'lat': -15.664, 'long': -173.452, 'Time': Timestamp('2009-03-31 07:56:17'), 'mag': 5.0}]",2,7
1347,2009-04-11 01:07:21.088,0,[],0,18
1348,2009-04-14 06:02:25.933,0,[],0,21
1349,2009-04-07 09:17:53.443,1,"[{'lat': 42.275, 'long': 13.464, 'Time': Timestamp('2009-04-07 17:47:37'), 'mag': 5.5}, {'lat': 42.275, 'long': 13.464, 'Time': Timestamp('2009-04-07 17:47:37'), 'mag': 5.5}, {'lat': 42.275, 'long': 13.464, 'Time': Timestamp('2009-04-07 17:47:37'), 'mag': 5.5}]",3,14
1350,2009-04-21 12:36:53.742,0,[],0,28
1351,2009-03-31 15:54:52.557,0,[],0,7
1352,2009-03-29 19:09:21.282,0,[],0,5
1353,2009-04-11 22:23:23.902,0,[],0,18
1354,2009-04-01 01:37:22.270,1,"[{'lat': -3.522, 'long': 144.102, 'Time': Timestamp('2009-04-01 03:54:58'), 'mag': 6.4}, {'lat': -3.522, 'long': 144.102, 'Time': Timestamp('2009-04-01 03:54:58'), 'mag': 6.4}, {'lat': -3.522, 'long': 144.102, 'Time': Timestamp('2009-04-01 03:54:58'), 'mag': 6.4}]",3,7
1355,2009-04-19 06:32:57.775,0,[],0,25
1356,2009-03-31 09:48:21.709,0,[],0,6
1357,2009-04-20 13:07:23.337,0,[],0,26
1358,2009-04-04 22:52:53.497,1,"[{'lat': -22.455, 'long': -174.872, 'Time': Timestamp('2009-04-05 08:14:29'), 'mag': 5.0}, {'lat': -22.455, 'long': -174.872, 'Time': Timestamp('2009-04-05 08:14:29'), 'mag': 5.0}, {'lat': -22.455, 'long': -174.872, 'Time': Timestamp('2009-04-05 08:14:29'), 'mag': 5.0}]",3,10
1359,2009-04-14 02:07:21.084,1,"[{'lat': 48.837, 'long': 154.883, 'Time': Timestamp('2009-04-14 03:04:27'), 'mag': 5.5}, {'lat': 48.837, 'long': 154.883, 'Time': Timestamp('2009-04-14 03:04:27'), 'mag': 5.5}, {'lat': 48.837, 'long': 154.883, 'Time': Timestamp('2009-04-14 03:04:27'), 'mag': 5.5}, {'lat': 7.048, 'long': 123.733, 'Time': Timestamp('2009-04-14 07:02:15'), 'mag': 5.0}, {'lat': 7.048, 'long': 123.733, 'Time': Timestamp('2009-04-14 07:02:15'), 'mag': 5.0}, {'lat': 7.048, 'long': 123.733, 'Time': Timestamp('2009-04-14 07:02:15'), 'mag': 5.0}]",6,19
1360,2009-04-22 05:24:26.014,1,"[{'lat': 40.027, 'long': 77.233, 'Time': Timestamp('2009-04-22 09:26:03'), 'mag': 5.0}, {'lat': 40.027, 'long': 77.233, 'Time': Timestamp('2009-04-22 09:26:03'), 'mag': 5.0}, {'lat': 40.027, 'long': 77.233, 'Time': Timestamp('2009-04-22 09:26:03'), 'mag': 5.0}]",3,27
1361,2009-04-14 08:39:20.643,0,[],0,19
1362,2009-04-16 11:58:23.711,1,"[{'lat': -60.203, 'long': -26.858, 'Time': Timestamp('2009-04-16 14:57:06'), 'mag': 6.7}, {'lat': -60.382, 'long': -26.924, 'Time': Timestamp('2009-04-16 15:03:40'), 'mag': 5.0}, {'lat': -60.236, 'long': -26.938, 'Time': Timestamp('2009-04-16 15:13:18'), 'mag': 5.0}]",3,21
1363,2009-04-23 15:16:51.522,0,[],0,28
1364,2009-04-14 18:31:49.700,0,[],0,19
1365,2009-04-01 21:44:54.943,0,[],0,6
1366,2009-04-19 00:59:51.458,1,"[{'lat': 23.163, 'long': 142.216, 'Time': Timestamp('2009-04-19 09:05:54'), 'mag': 5.2}, {'lat': 14.839, 'long': 144.567, 'Time': Timestamp('2009-04-19 08:45:48'), 'mag': 5.0}, {'lat': 14.818, 'long': 144.559, 'Time': Timestamp('2009-04-19 08:54:46'), 'mag': 5.1}, {'lat': 23.163, 'long': 142.216, 'Time': Timestamp('2009-04-19 09:05:54'), 'mag': 5.2}, {'lat': 14.839, 'long': 144.567, 'Time': Timestamp('2009-04-19 08:45:48'), 'mag': 5.0}, {'lat': 14.818, 'long': 144.559, 'Time': Timestamp('2009-04-19 08:54:46'), 'mag': 5.1}, {'lat': 23.163, 'long': 142.216, 'Time': Timestamp('2009-04-19 09:05:54'), 'mag': 5.2}, {'lat': 14.839, 'long': 144.567, 'Time': Timestamp('2009-04-19 08:45:48'), 'mag': 5.0}, {'lat': 14.818, 'long': 144.559, 'Time': Timestamp('2009-04-19 08:54:46'), 'mag': 5.1}, {'lat': 4.136, 'long': 126.678, 'Time': Timestamp('2009-04-19 05:23:25'), 'mag': 6.1}]",10,23
1367,2009-04-20 05:54:57.743,0,[],0,24
1368,2009-04-08 09:09:51.045,0,[],0,12
1369,2009-04-09 12:28:53.112,1,"[{'lat': 42.513, 'long': 13.331, 'Time': Timestamp('2009-04-09 19:38:17'), 'mag': 5.2}]",1,13
1370,2009-04-23 15:46:51.928,0,[],0,27
1371,2009-04-05 19:01:49.212,0,[],0,9
1372,2009-04-09 22:15:21.353,0,[],0,13
1373,2009-04-07 06:24:51.609,0,[],0,10
1374,2009-04-13 09:40:21.886,1,"[{'lat': 42.504, 'long': 13.363, 'Time': Timestamp('2009-04-13 21:14:24'), 'mag': 5.0}, {'lat': 42.504, 'long': 13.363, 'Time': Timestamp('2009-04-13 21:14:24'), 'mag': 5.0}, {'lat': 42.504, 'long': 13.363, 'Time': Timestamp('2009-04-13 21:14:24'), 'mag': 5.0}]",3,16
1375,2009-04-23 12:59:23.513,0,[],0,26
1376,2009-04-14 16:16:53.567,0,[],0,17
1377,2009-04-19 19:31:23.933,0,[],0,22
1378,2009-04-18 22:44:53.673,0,[],0,21
1379,2009-04-08 08:33:25.028,0,[],0,10
1380,2009-04-08 11:50:23.887,0,[],0,10
1381,2009-04-27 15:08:53.026,0,[],0,29
1382,2009-04-06 21:37:52.463,0,[],0,8
1383,2009-04-04 00:51:51.962,1,"[{'lat': -62.599, 'long': 155.117, 'Time': Timestamp('2009-04-04 07:19:41'), 'mag': 5.9}, {'lat': 5.149, 'long': 127.201, 'Time': Timestamp('2009-04-04 05:31:55'), 'mag': 6.3}, {'lat': -3.092, 'long': 126.673, 'Time': Timestamp('2009-04-04 09:29:48'), 'mag': 5.1}]",3,5
1384,2009-04-14 05:46:54.152,0,[],0,15
1385,2009-04-13 09:01:50.221,0,[],0,14
1386,2009-04-06 12:21:23.288,1,"[{'lat': 42.451, 'long': 13.364, 'Time': Timestamp('2009-04-06 23:15:37'), 'mag': 5.1}]",1,7
1387,2009-04-29 15:38:52.651,0,[],0,30
1388,2009-04-11 18:53:53.396,0,[],0,12
1389,2009-04-19 22:07:23.080,0,[],0,20
1390,2009-04-13 01:21:50.488,0,[],0,13
1391,2009-04-05 06:16:54.776,1,"[{'lat': -5.259, 'long': 68.554, 'Time': Timestamp('2009-04-05 12:56:14'), 'mag': 5.6}]",1,5
1392,2009-04-23 09:32:16.638,0,[],0,23
1393,2009-04-11 12:51:53.690,1,"[{'lat': -59.6, 'long': -26.274, 'Time': Timestamp('2009-04-11 17:14:36'), 'mag': 5.2}, {'lat': -59.6, 'long': -26.274, 'Time': Timestamp('2009-04-11 17:14:36'), 'mag': 5.2}]",2,11
1394,2009-04-18 16:08:53.744,0,[],0,18
1395,2009-04-11 19:23:53.797,0,[],0,11
1396,2009-04-28 00:14:15.874,0,[],0,27
1397,2009-04-29 05:08:53.477,0,[],0,28
1398,2009-04-30 08:23:50.996,1,"[{'lat': 27.742, 'long': 61.422, 'Time': Timestamp('2009-04-30 10:04:26'), 'mag': 5.2}, {'lat': 27.742, 'long': 61.422, 'Time': Timestamp('2009-04-30 10:04:26'), 'mag': 5.2}, {'lat': 27.742, 'long': 61.422, 'Time': Timestamp('2009-04-30 10:04:26'), 'mag': 5.2}]",3,29
1399,2009-04-12 11:42:23.259,0,[],0,11
1400,2009-04-27 15:00:48.190,0,[],0,26
1401,2009-05-01 21:30:23.420,1,"[{'lat': 54.531, 'long': -161.52, 'Time': Timestamp('2009-05-02 02:19:12'), 'mag': 5.6}, {'lat': 54.531, 'long': -161.52, 'Time': Timestamp('2009-05-02 02:19:12'), 'mag': 5.6}, {'lat': 54.531, 'long': -161.52, 'Time': Timestamp('2009-05-02 02:19:12'), 'mag': 5.6}]",3,30
1402,2009-04-17 00:44:23.472,1,"[{'lat': 14.817, 'long': 144.533, 'Time': Timestamp('2009-04-17 07:04:20'), 'mag': 5.0}, {'lat': 14.836, 'long': 144.474, 'Time': Timestamp('2009-04-17 11:19:29'), 'mag': 5.0}, {'lat': 14.817, 'long': 144.533, 'Time': Timestamp('2009-04-17 07:04:20'), 'mag': 5.0}, {'lat': 14.836, 'long': 144.474, 'Time': Timestamp('2009-04-17 11:19:29'), 'mag': 5.0}, {'lat': 14.817, 'long': 144.533, 'Time': Timestamp('2009-04-17 07:04:20'), 'mag': 5.0}, {'lat': 14.836, 'long': 144.474, 'Time': Timestamp('2009-04-17 11:19:29'), 'mag': 5.0}, {'lat': -7.425, 'long': 128.244, 'Time': Timestamp('2009-04-17 04:09:59'), 'mag': 5.4}]",7,15
1403,2009-04-26 05:38:55.964,0,[],0,24
1404,2009-04-28 08:53:51.921,0,[],0,26
1405,2009-04-08 12:13:23.660,0,[],0,6
1406,2009-04-08 15:30:48.815,0,[],0,6
1407,2009-04-21 18:46:18.321,0,[],0,19
1408,2009-04-13 21:59:52.012,0,[],0,11
1409,2009-04-19 01:13:50.860,1,"[{'lat': 23.163, 'long': 142.216, 'Time': Timestamp('2009-04-19 09:05:54'), 'mag': 5.2}, {'lat': 14.839, 'long': 144.567, 'Time': Timestamp('2009-04-19 08:45:48'), 'mag': 5.0}, {'lat': 14.818, 'long': 144.559, 'Time': Timestamp('2009-04-19 08:54:46'), 'mag': 5.1}, {'lat': 23.163, 'long': 142.216, 'Time': Timestamp('2009-04-19 09:05:54'), 'mag': 5.2}, {'lat': 14.839, 'long': 144.567, 'Time': Timestamp('2009-04-19 08:45:48'), 'mag': 5.0}, {'lat': 14.818, 'long': 144.559, 'Time': Timestamp('2009-04-19 08:54:46'), 'mag': 5.1}, {'lat': 23.163, 'long': 142.216, 'Time': Timestamp('2009-04-19 09:05:54'), 'mag': 5.2}, {'lat': 4.136, 'long': 126.678, 'Time': Timestamp('2009-04-19 05:23:25'), 'mag': 6.1}, {'lat': 14.839, 'long': 144.567, 'Time': Timestamp('2009-04-19 08:45:48'), 'mag': 5.0}, {'lat': 14.818, 'long': 144.559, 'Time': Timestamp('2009-04-19 08:54:46'), 'mag': 5.1}, {'lat': 4.136, 'long': 126.678, 'Time': Timestamp('2009-04-19 05:23:25'), 'mag': 6.1}, {'lat': 4.136, 'long': 126.678, 'Time': Timestamp('2009-04-19 05:23:25'), 'mag': 6.1}]",12,16
1410,2009-04-09 06:08:56.689,1,"[{'lat': 6.263, 'long': 94.441, 'Time': Timestamp('2009-04-09 08:10:54'), 'mag': 5.1}, {'lat': 6.263, 'long': 94.441, 'Time': Timestamp('2009-04-09 08:10:54'), 'mag': 5.1}, {'lat': 6.263, 'long': 94.441, 'Time': Timestamp('2009-04-09 08:10:54'), 'mag': 5.1}]",3,6
1411,2009-04-25 09:24:22.433,1,"[{'lat': 45.654, 'long': 26.606, 'Time': Timestamp('2009-04-25 17:18:48'), 'mag': 5.2}, {'lat': 45.654, 'long': 26.606, 'Time': Timestamp('2009-04-25 17:18:48'), 'mag': 5.2}, {'lat': 45.654, 'long': 26.606, 'Time': Timestamp('2009-04-25 17:18:48'), 'mag': 5.2}]",3,22
1412,2009-04-19 12:43:54.062,0,[],0,16
1413,2009-04-10 16:01:21.318,0,[],0,7
1414,2009-04-18 19:15:53.168,0,[],0,15
1415,2009-04-17 00:06:23.437,1,"[{'lat': 14.817, 'long': 144.533, 'Time': Timestamp('2009-04-17 07:04:20'), 'mag': 5.0}, {'lat': 14.836, 'long': 144.474, 'Time': Timestamp('2009-04-17 11:19:29'), 'mag': 5.0}, {'lat': 14.817, 'long': 144.533, 'Time': Timestamp('2009-04-17 07:04:20'), 'mag': 5.0}, {'lat': 14.836, 'long': 144.474, 'Time': Timestamp('2009-04-17 11:19:29'), 'mag': 5.0}]",4,13
1416,2009-04-17 08:15:52.354,0,[],0,13
1417,2009-05-02 11:34:53.436,0,[],0,28
1418,2009-04-20 21:22:23.596,1,"[{'lat': -31.332, 'long': -177.718, 'Time': Timestamp('2009-04-21 06:00:12'), 'mag': 5.1}, {'lat': -31.332, 'long': -177.718, 'Time': Timestamp('2009-04-21 06:00:12'), 'mag': 5.1}, {'lat': -31.332, 'long': -177.718, 'Time': Timestamp('2009-04-21 06:00:12'), 'mag': 5.1}]",3,16
1419,2009-05-05 00:36:20.970,0,[],0,30
1420,2009-05-05 10:25:20.907,0,[],0,30
1421,2009-04-28 13:44:23.863,1,"[{'lat': 52.666, 'long': -35.028, 'Time': Timestamp('2009-04-28 19:54:35'), 'mag': 5.6}, {'lat': 52.666, 'long': -35.028, 'Time': Timestamp('2009-04-28 19:54:35'), 'mag': 5.6}, {'lat': -48.293, 'long': -75.955, 'Time': Timestamp('2009-04-28 15:29:32'), 'mag': 5.1}, {'lat': -48.293, 'long': -75.955, 'Time': Timestamp('2009-04-28 15:29:32'), 'mag': 5.1}]",4,23
1422,2009-05-05 23:28:54.023,0,[],0,30
1423,2009-05-06 07:39:20.579,0,[],0,30
1424,2009-04-16 10:17:20.282,1,"[{'lat': -60.203, 'long': -26.858, 'Time': Timestamp('2009-04-16 14:57:06'), 'mag': 6.7}, {'lat': -60.382, 'long': -26.924, 'Time': Timestamp('2009-04-16 15:03:40'), 'mag': 5.0}, {'lat': -60.236, 'long': -26.938, 'Time': Timestamp('2009-04-16 15:13:18'), 'mag': 5.0}]",3,8
1425,2009-05-01 13:36:23.238,0,[],0,23
1426,2009-04-20 23:21:23.397,1,"[{'lat': -31.332, 'long': -177.718, 'Time': Timestamp('2009-04-21 06:00:12'), 'mag': 5.1}, {'lat': -19.772, 'long': 169.939, 'Time': Timestamp('2009-04-21 00:53:13'), 'mag': 5.8}]",2,12
1427,2009-05-09 07:31:22.728,0,[],0,30
1428,2009-04-27 10:47:50.683,0,[],0,18
1429,2009-04-23 14:06:50.950,0,[],0,14
1430,2009-04-24 17:23:23.693,0,[],0,15
1431,2009-04-15 20:37:23.746,1,"[{'lat': 44.19, 'long': -129.274, 'Time': Timestamp('2009-04-16 04:18:32'), 'mag': 5.0}, {'lat': 44.19, 'long': -129.274, 'Time': Timestamp('2009-04-16 04:18:32'), 'mag': 5.0}]",2,6
1432,2009-05-01 23:50:53.798,1,"[{'lat': 54.531, 'long': -161.52, 'Time': Timestamp('2009-05-02 02:19:12'), 'mag': 5.6}, {'lat': 54.531, 'long': -161.52, 'Time': Timestamp('2009-05-02 02:19:12'), 'mag': 5.6}, {'lat': 54.531, 'long': -161.52, 'Time': Timestamp('2009-05-02 02:19:12'), 'mag': 5.6}]",3,22
1433,2009-05-08 03:07:25.046,1,"[{'lat': 3.36, 'long': 97.654, 'Time': Timestamp('2009-05-08 13:19:01'), 'mag': 5.2}, {'lat': 3.36, 'long': 97.654, 'Time': Timestamp('2009-05-08 13:19:01'), 'mag': 5.2}, {'lat': 3.36, 'long': 97.654, 'Time': Timestamp('2009-05-08 13:19:01'), 'mag': 5.2}]",3,28
1434,2009-04-23 06:23:26.784,0,[],0,13
1435,2009-04-21 09:38:52.385,0,[],0,11
1436,2009-04-23 12:58:24.013,0,[],0,13
1437,2009-05-05 16:15:24.066,0,[],0,25
1438,2009-04-19 19:29:53.120,0,[],0,9
1439,2009-05-01 22:43:55.137,1,"[{'lat': 54.531, 'long': -161.52, 'Time': Timestamp('2009-05-02 02:19:12'), 'mag': 5.6}, {'lat': 54.531, 'long': -161.52, 'Time': Timestamp('2009-05-02 02:19:12'), 'mag': 5.6}, {'lat': 54.531, 'long': -161.52, 'Time': Timestamp('2009-05-02 02:19:12'), 'mag': 5.6}]",3,21
1440,2009-04-28 08:30:16.994,0,[],0,17
1441,2009-04-20 07:23:55.672,0,[],0,8
1442,2009-04-30 12:19:53.788,0,[],0,18
1443,2009-05-04 15:37:16.287,0,[],0,22
1444,2009-05-05 18:52:23.895,1,"[{'lat': -56.588, 'long': -142.139, 'Time': Timestamp('2009-05-06 04:10:30'), 'mag': 5.2}, {'lat': -56.588, 'long': -142.139, 'Time': Timestamp('2009-05-06 04:10:30'), 'mag': 5.2}, {'lat': -56.588, 'long': -142.139, 'Time': Timestamp('2009-05-06 04:10:30'), 'mag': 5.2}]",3,23
1445,2009-05-07 22:06:19.373,0,[],0,25
1446,2009-05-08 01:20:22.316,0,[],0,25
1447,2009-05-01 06:15:25.381,1,"[{'lat': -4.976, 'long': 68.579, 'Time': Timestamp('2009-05-01 07:18:58'), 'mag': 5.1}]",1,18
1448,2009-05-13 09:30:46.138,0,[],0,30
1449,2009-04-26 12:50:23.190,0,[],0,13
1450,2009-05-04 16:07:23.243,0,[],0,21
1451,2009-05-03 19:22:23.296,0,[],0,20
1452,2009-04-22 22:35:53.350,0,[],0,9
1453,2009-04-23 01:50:20.936,1,"[{'lat': 55.855, 'long': 161.066, 'Time': Timestamp('2009-04-23 02:11:43'), 'mag': 5.2}, {'lat': 55.855, 'long': 161.066, 'Time': Timestamp('2009-04-23 02:11:43'), 'mag': 5.2}, {'lat': 55.855, 'long': 161.066, 'Time': Timestamp('2009-04-23 02:11:43'), 'mag': 5.2}, {'lat': 4.416, 'long': 126.815, 'Time': Timestamp('2009-04-23 12:16:19'), 'mag': 5.5}, {'lat': 4.416, 'long': 126.815, 'Time': Timestamp('2009-04-23 12:16:19'), 'mag': 5.5}, {'lat': 4.416, 'long': 126.815, 'Time': Timestamp('2009-04-23 12:16:19'), 'mag': 5.5}]",6,9
1454,2009-05-10 06:45:24.454,1,"[{'lat': 38.234, 'long': 67.687, 'Time': Timestamp('2009-05-10 17:34:07'), 'mag': 5.0}, {'lat': 38.234, 'long': 67.687, 'Time': Timestamp('2009-05-10 17:34:07'), 'mag': 5.0}, {'lat': 38.234, 'long': 67.687, 'Time': Timestamp('2009-05-10 17:34:07'), 'mag': 5.0}]",3,26
1455,2009-04-24 10:01:21.963,0,[],0,10
1456,2009-05-10 13:20:53.591,0,[],0,26
1457,2009-05-05 16:37:23.645,0,[],0,21
1458,2009-04-20 19:51:53.698,0,[],0,6
1459,2009-04-23 00:42:51.311,1,"[{'lat': 55.855, 'long': 161.066, 'Time': Timestamp('2009-04-23 02:11:43'), 'mag': 5.2}, {'lat': 55.855, 'long': 161.066, 'Time': Timestamp('2009-04-23 02:11:43'), 'mag': 5.2}, {'lat': 55.855, 'long': 161.066, 'Time': Timestamp('2009-04-23 02:11:43'), 'mag': 5.2}]",3,8
1460,2009-04-24 05:37:26.268,0,[],0,9
1461,2009-04-21 08:52:22.225,1,"[{'lat': 14.434, 'long': 56.283, 'Time': Timestamp('2009-04-21 19:45:03'), 'mag': 5.3}, {'lat': 14.39, 'long': 56.194, 'Time': Timestamp('2009-04-21 19:47:25'), 'mag': 5.1}, {'lat': 14.461, 'long': 56.294, 'Time': Timestamp('2009-04-21 20:08:43'), 'mag': 5.0}, {'lat': 14.378, 'long': 56.234, 'Time': Timestamp('2009-04-21 20:18:32'), 'mag': 5.0}, {'lat': 14.434, 'long': 56.283, 'Time': Timestamp('2009-04-21 19:45:03'), 'mag': 5.3}, {'lat': 14.39, 'long': 56.194, 'Time': Timestamp('2009-04-21 19:47:25'), 'mag': 5.1}, {'lat': 14.461, 'long': 56.294, 'Time': Timestamp('2009-04-21 20:08:43'), 'mag': 5.0}, {'lat': 14.378, 'long': 56.234, 'Time': Timestamp('2009-04-21 20:18:32'), 'mag': 5.0}]",8,6
1462,2009-04-27 12:11:53.163,0,[],0,12
1463,2009-04-30 15:29:22.413,1,"[{'lat': -1.548, 'long': -77.306, 'Time': Timestamp('2009-05-01 00:34:10'), 'mag': 5.1}, {'lat': -1.548, 'long': -77.306, 'Time': Timestamp('2009-05-01 00:34:10'), 'mag': 5.1}, {'lat': -1.548, 'long': -77.306, 'Time': Timestamp('2009-05-01 00:34:10'), 'mag': 5.1}]",3,15
1464,2009-05-06 18:44:47.824,0,[],0,21
1465,2009-05-06 21:58:21.515,0,[],0,21
1466,2009-04-22 01:12:20.362,1,"[{'lat': -13.65, 'long': 167.212, 'Time': Timestamp('2009-04-22 01:48:26'), 'mag': 5.3}]",1,6
1467,2009-05-16 06:07:23.423,0,[],0,30
1468,2009-05-13 09:22:51.936,0,[],0,27
1469,2009-05-14 12:42:23.564,0,[],0,28
1470,2009-05-04 15:59:51.821,0,[],0,18
1471,2009-04-22 19:14:23.670,0,[],0,6
1472,2009-05-06 22:28:23.723,0,[],0,20
1473,2009-05-01 01:42:22.527,1,"[{'lat': -2.983, 'long': 147.824, 'Time': Timestamp('2009-05-01 02:15:08'), 'mag': 5.0}, {'lat': -2.983, 'long': 147.824, 'Time': Timestamp('2009-05-01 02:15:08'), 'mag': 5.0}, {'lat': -2.983, 'long': 147.824, 'Time': Timestamp('2009-05-01 02:15:08'), 'mag': 5.0}, {'lat': 26.28, 'long': 140.429, 'Time': Timestamp('2009-05-01 12:57:10'), 'mag': 5.3}, {'lat': 26.28, 'long': 140.429, 'Time': Timestamp('2009-05-01 12:57:10'), 'mag': 5.3}, {'lat': 26.28, 'long': 140.429, 'Time': Timestamp('2009-05-01 12:57:10'), 'mag': 5.3}]",6,14
1474,2009-04-29 06:37:57.596,0,[],0,12
1475,2009-05-03 09:53:22.337,0,[],0,16
1476,2009-05-16 13:12:53.965,0,[],0,29
1477,2009-05-07 16:29:54.018,0,[],0,20
1478,2009-04-26 19:44:24.072,0,[],0,9
1479,2009-04-28 22:57:53.124,0,[],0,11
1480,2009-04-29 02:12:21.928,0,[],0,11
1481,2009-05-02 07:07:57.656,0,[],0,14
1482,2009-05-06 10:23:48.189,0,[],0,18
1483,2009-05-13 13:42:48.467,0,[],0,25
1484,2009-05-10 16:59:53.420,0,[],0,22
1485,2009-05-09 20:13:53.473,0,[],0,21
1486,2009-05-04 23:27:23.526,1,"[{'lat': -17.656, 'long': -173.243, 'Time': Timestamp('2009-05-05 03:20:05'), 'mag': 5.0}, {'lat': -17.656, 'long': -173.243, 'Time': Timestamp('2009-05-05 03:20:05'), 'mag': 5.0}]",2,16
1487,2009-05-04 07:37:51.081,0,[],0,15
1488,2009-04-26 10:54:20.812,0,[],0,7
1489,2009-04-27 14:13:13.879,0,[],0,8
1490,2009-05-16 20:43:23.874,1,"[{'lat': -16.825, 'long': -173.491, 'Time': Timestamp('2009-05-17 06:23:03'), 'mag': 5.6}]",1,27
1491,2009-05-15 23:57:24.117,0,[],0,26
1492,2009-05-17 04:52:02.936,0,[],0,27
1493,2009-05-11 08:08:24.362,0,[],0,21
1494,2009-05-02 11:25:23.114,0,[],0,12
1495,2009-05-13 14:43:52.142,0,[],0,23
1496,2009-05-20 17:59:23.222,0,[],0,30
1497,2009-05-12 21:13:23.275,0,[],0,22
1498,2009-05-17 00:26:45.326,1,"[{'lat': 54.092, 'long': 169.115, 'Time': Timestamp('2009-05-17 02:03:27'), 'mag': 5.2}, {'lat': 54.092, 'long': 169.115, 'Time': Timestamp('2009-05-17 02:03:27'), 'mag': 5.2}]",2,26
1499,2009-05-11 06:59:56.727,0,[],0,20
1500,2009-05-11 10:15:54.683,1,"[{'lat': -30.054, 'long': -13.899, 'Time': Timestamp('2009-05-11 14:32:30'), 'mag': 5.2}, {'lat': -30.054, 'long': -13.899, 'Time': Timestamp('2009-05-11 14:32:30'), 'mag': 5.2}, {'lat': -30.054, 'long': -13.899, 'Time': Timestamp('2009-05-11 14:32:30'), 'mag': 5.2}]",3,20
1501,2009-05-21 13:34:53.543,0,[],0,30
1502,2009-04-28 16:51:53.596,0,[],0,7
1503,2009-04-30 20:05:53.649,0,[],0,9
1504,2009-05-16 00:56:52.590,0,[],0,24
1505,2009-05-01 05:51:54.780,1,"[{'lat': -4.976, 'long': 68.579, 'Time': Timestamp('2009-05-01 07:18:58'), 'mag': 5.1}, {'lat': -4.976, 'long': 68.579, 'Time': Timestamp('2009-05-01 07:18:58'), 'mag': 5.1}]",2,9
1506,2009-05-11 09:06:50.849,0,[],0,19
1507,2009-05-11 12:26:23.917,1,"[{'lat': -30.054, 'long': -13.899, 'Time': Timestamp('2009-05-11 14:32:30'), 'mag': 5.2}, {'lat': -30.054, 'long': -13.899, 'Time': Timestamp('2009-05-11 14:32:30'), 'mag': 5.2}, {'lat': -30.054, 'long': -13.899, 'Time': Timestamp('2009-05-11 14:32:30'), 'mag': 5.2}]",3,19
1508,2009-05-06 15:43:54.060,0,[],0,14
1509,2009-05-02 22:12:24.077,0,[],0,10
1510,2009-05-11 01:26:50.116,0,[],0,18
1511,2009-05-21 06:21:56.090,1,"[{'lat': 36.267, 'long': 77.538, 'Time': Timestamp('2009-05-21 12:33:55'), 'mag': 5.1}, {'lat': 36.267, 'long': 77.538, 'Time': Timestamp('2009-05-21 12:33:55'), 'mag': 5.1}]",2,28
1512,2009-05-16 09:37:17.819,0,[],0,23
1513,2009-05-05 12:56:53.542,0,[],0,12
1514,2009-05-11 16:13:53.596,1,"[{'lat': -22.318, 'long': -66.809, 'Time': Timestamp('2009-05-12 01:03:58'), 'mag': 5.2}, {'lat': -22.318, 'long': -66.809, 'Time': Timestamp('2009-05-12 01:03:58'), 'mag': 5.2}, {'lat': -22.318, 'long': -66.809, 'Time': Timestamp('2009-05-12 01:03:58'), 'mag': 5.2}]",3,18
1515,2009-04-30 19:28:23.649,0,[],0,7
1516,2009-05-14 22:42:23.703,0,[],0,21
1517,2009-05-24 11:47:53.917,1,"[{'lat': 41.303, 'long': 22.714, 'Time': Timestamp('2009-05-24 16:17:50'), 'mag': 5.3}]",1,30
1518,2009-05-19 15:05:53.056,0,[],0,25
1519,2009-05-05 18:21:24.024,1,"[{'lat': -56.588, 'long': -142.139, 'Time': Timestamp('2009-05-06 04:10:30'), 'mag': 5.2}, {'lat': -56.588, 'long': -142.139, 'Time': Timestamp('2009-05-06 04:10:30'), 'mag': 5.2}, {'lat': -56.588, 'long': -142.139, 'Time': Timestamp('2009-05-06 04:10:30'), 'mag': 5.2}]",3,11
1520,2009-05-11 07:22:24.755,0,[],0,16
1521,2009-05-02 10:38:20.713,0,[],0,7
1522,2009-05-07 13:57:19.662,0,[],0,12
1523,2009-05-25 17:13:49.716,0,[],0,30
1524,2009-05-01 20:27:50.986,0,[],0,6
1525,2009-05-22 23:41:53.504,1,"[{'lat': -24.381, 'long': 178.846, 'Time': Timestamp('2009-05-23 02:59:28'), 'mag': 5.5}, {'lat': -24.381, 'long': 178.846, 'Time': Timestamp('2009-05-23 02:59:28'), 'mag': 5.5}, {'lat': -24.381, 'long': 178.846, 'Time': Timestamp('2009-05-23 02:59:28'), 'mag': 5.5}, {'lat': -62.5, 'long': 165.5, 'Time': Timestamp('2009-05-23 09:03:20'), 'mag': 5.0}]",4,27
1526,2009-05-05 07:52:26.931,0,[],0,9
1527,2009-05-14 11:09:23.692,0,[],0,18
1528,2009-05-25 14:27:53.601,0,[],0,29
1529,2009-05-26 20:57:53.852,1,"[{'lat': -19.215, 'long': -172.793, 'Time': Timestamp('2009-05-27 02:08:45'), 'mag': 5.2}, {'lat': -19.215, 'long': -172.793, 'Time': Timestamp('2009-05-27 02:08:45'), 'mag': 5.2}, {'lat': -19.215, 'long': -172.793, 'Time': Timestamp('2009-05-27 02:08:45'), 'mag': 5.2}]",3,30
1530,2009-05-09 00:11:18.570,0,[],0,12
1531,2009-05-07 08:20:53.682,0,[],0,10
1532,2009-05-25 11:39:53.093,0,[],0,28
1533,2009-05-15 14:57:52.121,0,[],0,18
1534,2009-05-23 18:13:23.200,0,[],0,26
1535,2009-05-20 21:27:23.253,1,"[{'lat': -15.293, 'long': -173.24, 'Time': Timestamp('2009-05-21 00:29:41'), 'mag': 5.1}, {'lat': -15.293, 'long': -173.24, 'Time': Timestamp('2009-05-21 00:29:41'), 'mag': 5.1}, {'lat': -15.293, 'long': -173.24, 'Time': Timestamp('2009-05-21 00:29:41'), 'mag': 5.1}]",3,23
1536,2009-05-09 00:41:20.840,0,[],0,11
1537,2009-05-11 08:51:20.427,0,[],0,13
1538,2009-05-04 12:10:23.494,1,"[{'lat': -55.421, 'long': -26.83, 'Time': Timestamp('2009-05-04 23:58:21'), 'mag': 5.0}, {'lat': -55.421, 'long': -26.83, 'Time': Timestamp('2009-05-04 23:58:21'), 'mag': 5.0}]",2,6
1539,2009-05-08 15:28:18.649,0,[],0,10
1540,2009-05-03 18:43:18.156,0,[],0,5
1541,2009-05-08 21:56:53.175,0,[],0,10
1542,2009-05-08 01:10:50.694,0,[],0,9
1543,2009-05-04 06:06:22.427,0,[],0,5
1544,2009-05-26 09:21:23.768,0,[],0,27
1545,2009-05-08 12:40:54.067,0,[],0,9
1546,2009-05-04 22:26:53.227,1,"[{'lat': -17.656, 'long': -173.243, 'Time': Timestamp('2009-05-05 03:20:05'), 'mag': 5.0}, {'lat': -17.656, 'long': -173.243, 'Time': Timestamp('2009-05-05 03:20:05'), 'mag': 5.0}]",2,5
1547,2009-05-12 04:58:32.263,1,"[{'lat': -12.429, 'long': 65.138, 'Time': Timestamp('2009-05-12 12:38:30'), 'mag': 5.8}, {'lat': -12.429, 'long': 65.138, 'Time': Timestamp('2009-05-12 12:38:30'), 'mag': 5.8}]",2,12
1548,2009-05-26 08:14:56.568,0,[],0,26
1549,2009-05-18 11:31:53.441,0,[],0,18
1550,2009-05-16 14:50:25.236,0,[],0,16
1551,2009-05-30 18:05:53.549,0,[],0,30
1552,2009-05-16 21:19:23.602,1,"[{'lat': -16.825, 'long': -173.491, 'Time': Timestamp('2009-05-17 06:23:03'), 'mag': 5.6}, {'lat': -16.825, 'long': -173.491, 'Time': Timestamp('2009-05-17 06:23:03'), 'mag': 5.6}, {'lat': -16.825, 'long': -173.491, 'Time': Timestamp('2009-05-17 06:23:03'), 'mag': 5.6}]",3,16
1553,2009-05-13 00:33:20.976,1,"[{'lat': -6.401, 'long': 154.932, 'Time': Timestamp('2009-05-13 01:15:21'), 'mag': 5.1}, {'lat': -6.401, 'long': 154.932, 'Time': Timestamp('2009-05-13 01:15:21'), 'mag': 5.1}]",2,12
1554,2009-05-26 07:06:27.054,0,[],0,25
1555,2009-05-31 10:22:20.913,0,[],0,30
1556,2009-05-26 13:41:53.870,0,[],0,25
1557,2009-05-06 16:58:23.923,0,[],0,5
1558,2009-05-17 20:12:23.976,0,[],0,16
1559,2009-05-17 23:26:24.029,0,[],0,16
1560,2009-05-20 07:36:53.353,1,"[{'lat': -7.143, 'long': 67.966, 'Time': Timestamp('2009-05-20 09:57:42'), 'mag': 5.3}, {'lat': -7.101, 'long': 68.021, 'Time': Timestamp('2009-05-20 10:03:12'), 'mag': 5.0}, {'lat': -7.134, 'long': 68.029, 'Time': Timestamp('2009-05-20 15:18:36'), 'mag': 5.0}, {'lat': -7.143, 'long': 67.966, 'Time': Timestamp('2009-05-20 09:57:42'), 'mag': 5.3}, {'lat': -7.101, 'long': 68.021, 'Time': Timestamp('2009-05-20 10:03:12'), 'mag': 5.0}, {'lat': -7.134, 'long': 68.029, 'Time': Timestamp('2009-05-20 15:18:36'), 'mag': 5.0}, {'lat': -7.143, 'long': 67.966, 'Time': Timestamp('2009-05-20 09:57:42'), 'mag': 5.3}, {'lat': -7.101, 'long': 68.021, 'Time': Timestamp('2009-05-20 10:03:12'), 'mag': 5.0}, {'lat': -7.134, 'long': 68.029, 'Time': Timestamp('2009-05-20 15:18:36'), 'mag': 5.0}]",9,18
1561,2009-05-19 10:53:23.082,0,[],0,17
1562,2009-05-18 14:11:44.711,1,"[{'lat': -15.708, 'long': -75.038, 'Time': Timestamp('2009-05-18 14:13:06'), 'mag': 5.3}, {'lat': -44.885, 'long': -80.76, 'Time': Timestamp('2009-05-18 17:26:29'), 'mag': 5.1}, {'lat': -44.885, 'long': -80.76, 'Time': Timestamp('2009-05-18 17:26:29'), 'mag': 5.1}]",3,16
1563,2009-05-20 17:28:21.081,0,[],0,18
1564,2009-05-16 23:55:50.852,1,"[{'lat': 54.092, 'long': 169.115, 'Time': Timestamp('2009-05-17 02:03:27'), 'mag': 5.2}, {'lat': 54.092, 'long': 169.115, 'Time': Timestamp('2009-05-17 02:03:27'), 'mag': 5.2}, {'lat': 54.092, 'long': 169.115, 'Time': Timestamp('2009-05-17 02:03:27'), 'mag': 5.2}]",3,14
1565,2009-05-28 03:12:22.346,0,[],0,25
1566,2009-05-18 06:28:22.399,0,[],0,15
1567,2009-05-10 09:44:20.689,0,[],0,7
1568,2009-05-15 13:03:23.645,0,[],0,12
1569,2009-05-08 22:48:53.805,0,[],0,5
1570,2009-05-30 06:58:27.231,1,"[{'lat': -5.669, 'long': 68.475, 'Time': Timestamp('2009-05-30 10:50:32'), 'mag': 5.0}, {'lat': -5.669, 'long': 68.475, 'Time': Timestamp('2009-05-30 10:50:32'), 'mag': 5.0}, {'lat': -5.669, 'long': 68.475, 'Time': Timestamp('2009-05-30 10:50:32'), 'mag': 5.0}]",3,26
1571,2009-05-15 10:14:53.858,0,[],0,11
1572,2009-05-19 13:33:54.046,0,[],0,15
1573,2009-05-10 16:50:23.100,0,[],0,6
1574,2009-06-01 20:04:53.153,1,"[{'lat': -62.834, 'long': -158.432, 'Time': Timestamp('2009-06-02 06:27:03'), 'mag': 5.5}, {'lat': -62.834, 'long': -158.432, 'Time': Timestamp('2009-06-02 06:27:03'), 'mag': 5.5}]",2,28
1575,2009-05-28 23:18:23.206,1,"[{'lat': -17.026, 'long': 168.329, 'Time': Timestamp('2009-05-29 06:20:14'), 'mag': 5.7}, {'lat': -17.026, 'long': 168.329, 'Time': Timestamp('2009-05-29 06:20:14'), 'mag': 5.7}, {'lat': -17.026, 'long': 168.329, 'Time': Timestamp('2009-05-29 06:20:14'), 'mag': 5.7}]",3,24
1576,2009-05-24 07:28:52.536,0,[],0,19
1577,2009-05-23 10:45:20.491,0,[],0,18
1578,2009-05-11 14:03:52.086,1,"[{'lat': -22.318, 'long': -66.809, 'Time': Timestamp('2009-05-12 01:03:58'), 'mag': 5.2}, {'lat': -22.318, 'long': -66.809, 'Time': Timestamp('2009-05-12 01:03:58'), 'mag': 5.2}, {'lat': -22.318, 'long': -66.809, 'Time': Timestamp('2009-05-12 01:03:58'), 'mag': 5.2}]",3,6
1579,2009-05-15 17:20:23.501,0,[],0,10
1580,2009-05-11 20:34:23.554,0,[],0,6
1581,2009-05-30 23:48:23.606,0,[],0,25
1582,2009-05-20 07:58:51.274,0,[],0,14
1583,2009-05-27 11:15:53.998,0,[],0,21
1584,2009-05-30 14:34:19.923,0,[],0,24
1585,2009-05-21 21:03:53.159,0,[],0,15
1586,2009-05-30 00:17:50.533,0,[],0,23
1587,2009-06-05 03:34:53.678,0,[],0,29
1588,2009-05-26 06:50:52.962,0,[],0,19
1589,2009-05-14 10:06:54.567,0,[],0,7
1590,2009-06-05 13:25:53.427,0,[],0,29
1591,2009-06-06 16:42:53.480,1,"[{'lat': -8.629, 'long': -74.679, 'Time': Timestamp('2009-06-06 21:51:21'), 'mag': 5.2}, {'lat': -8.629, 'long': -74.679, 'Time': Timestamp('2009-06-06 21:51:21'), 'mag': 5.2}, {'lat': -8.629, 'long': -74.679, 'Time': Timestamp('2009-06-06 21:51:21'), 'mag': 5.2}]",3,30
1592,2009-05-20 19:56:53.533,0,[],0,13
1593,2009-05-12 23:10:53.586,1,"[{'lat': -6.401, 'long': 154.932, 'Time': Timestamp('2009-05-13 01:15:21'), 'mag': 5.1}, {'lat': -6.401, 'long': 154.932, 'Time': Timestamp('2009-05-13 01:15:21'), 'mag': 5.1}, {'lat': -6.401, 'long': 154.932, 'Time': Timestamp('2009-05-13 01:15:21'), 'mag': 5.1}]",3,5
1594,2009-05-25 07:20:52.917,0,[],0,17
1595,2009-06-03 10:37:24.967,0,[],0,26
1596,2009-05-19 13:56:23.828,0,[],0,11
1597,2009-06-03 17:12:23.881,1,"[{'lat': 19.553, 'long': -109.165, 'Time': Timestamp('2009-06-03 21:37:37'), 'mag': 5.6}, {'lat': 19.553, 'long': -109.165, 'Time': Timestamp('2009-06-03 21:37:37'), 'mag': 5.6}, {'lat': 19.553, 'long': -109.165, 'Time': Timestamp('2009-06-03 21:37:37'), 'mag': 5.6}]",3,26
1598,2009-06-01 20:26:53.934,1,"[{'lat': -62.834, 'long': -158.432, 'Time': Timestamp('2009-06-02 06:27:03'), 'mag': 5.5}, {'lat': -62.834, 'long': -158.432, 'Time': Timestamp('2009-06-02 06:27:03'), 'mag': 5.5}]",2,24
1599,2009-05-25 23:40:23.987,0,[],0,17
1600,2009-05-28 11:07:53.175,1,"[{'lat': -55.88, 'long': -28.178, 'Time': Timestamp('2009-05-28 21:07:47'), 'mag': 5.0}, {'lat': -55.88, 'long': -28.178, 'Time': Timestamp('2009-05-28 21:07:47'), 'mag': 5.0}]",2,19
1601,2009-05-20 19:19:23.309,0,[],0,11
1602,2009-05-27 22:33:23.362,0,[],0,18
1603,2009-05-28 06:42:54.467,0,[],0,18
1604,2009-05-18 10:01:06.473,0,[],0,8
1605,2009-05-23 13:17:51.583,0,[],0,13
1606,2009-05-30 23:02:51.520,0,[],0,20
1607,2009-05-28 08:49:50.910,0,[],0,17
1608,2009-05-31 12:08:53.977,0,[],0,20
1609,2009-06-02 15:26:49.132,0,[],0,22
1610,2009-06-05 18:41:48.966,1,"[{'lat': 16.169, 'long': -87.65, 'Time': Timestamp('2009-06-06 04:37:37'), 'mag': 5.0}, {'lat': 2.101, 'long': -96.468, 'Time': Timestamp('2009-06-05 22:03:21'), 'mag': 5.0}, {'lat': 2.101, 'long': -96.468, 'Time': Timestamp('2009-06-05 22:03:21'), 'mag': 5.0}, {'lat': 2.101, 'long': -96.468, 'Time': Timestamp('2009-06-05 22:03:21'), 'mag': 5.0}]",4,25
1611,2009-05-22 21:55:51.330,1,"[{'lat': -24.381, 'long': 178.846, 'Time': Timestamp('2009-05-23 02:59:28'), 'mag': 5.5}, {'lat': -24.381, 'long': 178.846, 'Time': Timestamp('2009-05-23 02:59:28'), 'mag': 5.5}, {'lat': -24.381, 'long': 178.846, 'Time': Timestamp('2009-05-23 02:59:28'), 'mag': 5.5}, {'lat': -62.5, 'long': 165.5, 'Time': Timestamp('2009-05-23 09:03:20'), 'mag': 5.0}]",4,11
1612,2009-06-11 01:09:47.521,1,"[{'lat': 53.048, 'long': 159.363, 'Time': Timestamp('2009-06-11 01:35:08'), 'mag': 5.1}, {'lat': 53.048, 'long': 159.363, 'Time': Timestamp('2009-06-11 01:35:08'), 'mag': 5.1}, {'lat': 53.048, 'long': 159.363, 'Time': Timestamp('2009-06-11 01:35:08'), 'mag': 5.1}]",3,30
1613,2009-05-20 06:04:56.005,1,"[{'lat': -7.143, 'long': 67.966, 'Time': Timestamp('2009-05-20 09:57:42'), 'mag': 5.3}, {'lat': -7.101, 'long': 68.021, 'Time': Timestamp('2009-05-20 10:03:12'), 'mag': 5.0}, {'lat': -7.134, 'long': 68.029, 'Time': Timestamp('2009-05-20 15:18:36'), 'mag': 5.0}, {'lat': -7.143, 'long': 67.966, 'Time': Timestamp('2009-05-20 09:57:42'), 'mag': 5.3}, {'lat': -7.101, 'long': 68.021, 'Time': Timestamp('2009-05-20 10:03:12'), 'mag': 5.0}, {'lat': -7.134, 'long': 68.029, 'Time': Timestamp('2009-05-20 15:18:36'), 'mag': 5.0}, {'lat': -7.143, 'long': 67.966, 'Time': Timestamp('2009-05-20 09:57:42'), 'mag': 5.3}, {'lat': -7.101, 'long': 68.021, 'Time': Timestamp('2009-05-20 10:03:12'), 'mag': 5.0}, {'lat': -7.134, 'long': 68.029, 'Time': Timestamp('2009-05-20 15:18:36'), 'mag': 5.0}]",9,8
1614,2009-05-26 10:59:53.217,0,[],0,14
1615,2009-06-01 14:18:24.477,0,[],0,20
1616,2009-05-26 17:34:53.459,1,"[{'lat': -54.25, 'long': -133.75, 'Time': Timestamp('2009-05-27 00:02:48'), 'mag': 5.2}, {'lat': -54.25, 'long': -133.75, 'Time': Timestamp('2009-05-27 00:02:48'), 'mag': 5.2}]",2,14
1617,2009-06-10 20:48:23.512,1,"[{'lat': -24.195, 'long': -176.87, 'Time': Timestamp('2009-06-11 03:37:52'), 'mag': 5.5}]",1,29
1618,2009-05-27 00:02:23.565,0,[],0,14
1619,2009-06-04 08:13:24.000,1,"[{'lat': -45.833, 'long': 35.139, 'Time': Timestamp('2009-06-04 17:25:25'), 'mag': 6.0}, {'lat': -45.833, 'long': 35.139, 'Time': Timestamp('2009-06-04 17:25:25'), 'mag': 6.0}, {'lat': -45.833, 'long': 35.139, 'Time': Timestamp('2009-06-04 17:25:25'), 'mag': 6.0}]",3,22
1620,2009-05-23 11:30:23.753,0,[],0,10
1621,2009-05-27 14:48:52.986,1,"[{'lat': -23.634, 'long': -67.723, 'Time': Timestamp('2009-05-27 23:22:24'), 'mag': 5.2}, {'lat': -23.634, 'long': -67.723, 'Time': Timestamp('2009-05-27 23:22:24'), 'mag': 5.2}, {'lat': -23.634, 'long': -67.723, 'Time': Timestamp('2009-05-27 23:22:24'), 'mag': 5.2}]",3,14
1622,2009-05-24 18:04:24.066,0,[],0,11
1623,2009-05-25 21:18:23.119,1,"[{'lat': -21.011, 'long': -177.017, 'Time': Timestamp('2009-05-26 00:49:39'), 'mag': 5.5}, {'lat': -21.011, 'long': -177.017, 'Time': Timestamp('2009-05-26 00:49:39'), 'mag': 5.5}, {'lat': -21.011, 'long': -177.017, 'Time': Timestamp('2009-05-26 00:49:39'), 'mag': 5.5}]",3,12
1624,2009-05-25 00:32:17.937,0,[],0,11
1625,2009-05-20 05:26:55.663,1,"[{'lat': -7.143, 'long': 67.966, 'Time': Timestamp('2009-05-20 09:57:42'), 'mag': 5.3}, {'lat': -7.101, 'long': 68.021, 'Time': Timestamp('2009-05-20 10:03:12'), 'mag': 5.0}, {'lat': -7.134, 'long': 68.029, 'Time': Timestamp('2009-05-20 15:18:36'), 'mag': 5.0}, {'lat': -7.143, 'long': 67.966, 'Time': Timestamp('2009-05-20 09:57:42'), 'mag': 5.3}, {'lat': -7.101, 'long': 68.021, 'Time': Timestamp('2009-05-20 10:03:12'), 'mag': 5.0}, {'lat': -7.134, 'long': 68.029, 'Time': Timestamp('2009-05-20 15:18:36'), 'mag': 5.0}, {'lat': -7.143, 'long': 67.966, 'Time': Timestamp('2009-05-20 09:57:42'), 'mag': 5.3}, {'lat': -7.101, 'long': 68.021, 'Time': Timestamp('2009-05-20 10:03:12'), 'mag': 5.0}, {'lat': -7.134, 'long': 68.029, 'Time': Timestamp('2009-05-20 15:18:36'), 'mag': 5.0}]",9,6
1626,2009-06-05 08:41:50.292,0,[],0,22
1627,2009-05-19 12:00:53.360,0,[],0,5
1628,2009-05-19 15:18:51.170,0,[],0,5
1629,2009-06-09 23:24:53.546,1,"[{'lat': -11.083, 'long': 166.275, 'Time': Timestamp('2009-06-10 08:10:14'), 'mag': 5.1}, {'lat': -11.083, 'long': 166.275, 'Time': Timestamp('2009-06-10 08:10:14'), 'mag': 5.1}, {'lat': -11.083, 'long': 166.275, 'Time': Timestamp('2009-06-10 08:10:14'), 'mag': 5.1}]",3,26
1630,2009-06-11 07:35:25.198,0,[],0,27
1631,2009-06-08 10:51:50.832,0,[],0,24
1632,2009-06-07 14:10:45.228,0,[],0,23
1633,2009-06-04 17:26:53.842,0,[],0,20
1634,2009-05-23 22:17:53.921,0,[],0,8
1635,2009-05-25 01:31:52.288,0,[],0,9
1636,2009-06-15 06:27:25.025,1,"[{'lat': 9.045, 'long': 93.624, 'Time': Timestamp('2009-06-15 12:05:26'), 'mag': 5.2}]",1,30
1637,2009-06-10 11:22:23.135,0,[],0,25
1638,2009-05-22 14:40:50.723,0,[],0,6
1639,2009-05-24 17:56:53.243,0,[],0,8
1640,2009-06-12 21:10:23.295,0,[],0,27
1641,2009-06-04 00:24:15.347,1,"[{'lat': -6.033, 'long': 146.515, 'Time': Timestamp('2009-06-04 01:03:44'), 'mag': 5.4}, {'lat': -6.033, 'long': 146.515, 'Time': Timestamp('2009-06-04 01:03:44'), 'mag': 5.4}, {'lat': -6.033, 'long': 146.515, 'Time': Timestamp('2009-06-04 01:03:44'), 'mag': 5.4}]",3,18
1642,2009-05-27 10:13:24.704,0,[],0,10
1643,2009-06-12 13:32:23.564,0,[],0,26
1644,2009-05-25 16:49:23.617,0,[],0,8
1645,2009-05-24 20:03:23.670,0,[],0,7
1646,2009-06-01 23:17:23.723,1,"[{'lat': -17.757, 'long': 167.949, 'Time': Timestamp('2009-06-02 02:17:03'), 'mag': 6.3}, {'lat': -17.761, 'long': 167.857, 'Time': Timestamp('2009-06-02 02:26:53'), 'mag': 5.7}, {'lat': -17.671, 'long': 167.686, 'Time': Timestamp('2009-06-02 02:50:33'), 'mag': 5.0}, {'lat': -17.777, 'long': 167.885, 'Time': Timestamp('2009-06-02 02:55:14'), 'mag': 5.5}, {'lat': -17.757, 'long': 167.949, 'Time': Timestamp('2009-06-02 02:17:03'), 'mag': 6.3}, {'lat': -17.761, 'long': 167.857, 'Time': Timestamp('2009-06-02 02:26:53'), 'mag': 5.7}, {'lat': -17.671, 'long': 167.686, 'Time': Timestamp('2009-06-02 02:50:33'), 'mag': 5.0}, {'lat': -17.777, 'long': 167.885, 'Time': Timestamp('2009-06-02 02:55:14'), 'mag': 5.5}, {'lat': -17.757, 'long': 167.949, 'Time': Timestamp('2009-06-02 02:17:03'), 'mag': 6.3}, {'lat': -17.761, 'long': 167.857, 'Time': Timestamp('2009-06-02 02:26:53'), 'mag': 5.7}, {'lat': -17.671, 'long': 167.686, 'Time': Timestamp('2009-06-02 02:50:33'), 'mag': 5.0}, {'lat': -17.777, 'long': 167.885, 'Time': Timestamp('2009-06-02 02:55:14'), 'mag': 5.5}]",12,15
1647,2009-05-28 07:27:23.054,0,[],0,10
1648,2009-06-05 10:43:47.795,0,[],0,18
1649,2009-06-09 14:02:51.275,0,[],0,22
1650,2009-06-14 23:46:53.124,0,[],0,27
1651,2009-06-17 04:41:22.725,0,[],0,29
1652,2009-06-13 07:57:50.791,1,"[{'lat': 44.725, 'long': 78.866, 'Time': Timestamp('2009-06-13 17:17:37'), 'mag': 5.4}]",1,25
1653,2009-05-24 11:14:23.311,1,"[{'lat': 41.303, 'long': 22.714, 'Time': Timestamp('2009-05-24 16:17:50'), 'mag': 5.3}, {'lat': 41.303, 'long': 22.714, 'Time': Timestamp('2009-05-24 16:17:50'), 'mag': 5.3}, {'lat': 41.303, 'long': 22.714, 'Time': Timestamp('2009-05-24 16:17:50'), 'mag': 5.3}]",3,5
1654,2009-06-06 14:32:50.564,1,"[{'lat': 23.864, 'long': -46.105, 'Time': Timestamp('2009-06-06 20:33:28'), 'mag': 6.0}, {'lat': -8.629, 'long': -74.679, 'Time': Timestamp('2009-06-06 21:51:21'), 'mag': 5.2}, {'lat': -8.629, 'long': -74.679, 'Time': Timestamp('2009-06-06 21:51:21'), 'mag': 5.2}, {'lat': -8.629, 'long': -74.679, 'Time': Timestamp('2009-06-06 21:51:21'), 'mag': 5.2}]",4,18
1655,2009-06-13 21:02:53.472,0,[],0,25
1656,2009-06-05 00:16:52.286,0,[],0,16
1657,2009-06-18 05:11:23.126,0,[],0,29
1658,2009-05-26 08:27:54.853,0,[],0,6
1659,2009-05-30 11:44:53.918,0,[],0,10
1660,2009-06-12 15:03:23.058,0,[],0,23
1661,2009-06-09 18:18:52.676,1,"[{'lat': -55.061, 'long': -126.655, 'Time': Timestamp('2009-06-09 22:42:38'), 'mag': 5.6}]",1,20
1662,2009-06-03 21:32:24.079,0,[],0,14
1663,2009-05-29 00:46:17.898,1,"[{'lat': -17.026, 'long': 168.329, 'Time': Timestamp('2009-05-29 06:20:14'), 'mag': 5.7}, {'lat': -17.026, 'long': 168.329, 'Time': Timestamp('2009-05-29 06:20:14'), 'mag': 5.7}, {'lat': -17.026, 'long': 168.329, 'Time': Timestamp('2009-05-29 06:20:14'), 'mag': 5.7}, {'lat': -3.909, 'long': 127.456, 'Time': Timestamp('2009-05-29 00:58:36'), 'mag': 5.4}]",4,8
1664,2009-05-26 05:41:24.184,0,[],0,5
1665,2009-06-12 08:56:20.252,0,[],0,22
1666,2009-06-02 12:15:53.320,0,[],0,12
1667,2009-05-27 15:33:18.475,1,"[{'lat': -23.634, 'long': -67.723, 'Time': Timestamp('2009-05-27 23:22:24'), 'mag': 5.2}, {'lat': -23.634, 'long': -67.723, 'Time': Timestamp('2009-05-27 23:22:24'), 'mag': 5.2}, {'lat': -23.634, 'long': -67.723, 'Time': Timestamp('2009-05-27 23:22:24'), 'mag': 5.2}]",3,6
1668,2009-06-13 18:48:23.427,0,[],0,23
1669,2009-06-17 22:02:23.480,0,[],0,27
1670,2009-06-13 01:16:20.519,0,[],0,22
1671,2009-05-27 06:11:25.913,0,[],0,5
1672,2009-06-04 09:26:46.669,1,"[{'lat': -45.833, 'long': 35.139, 'Time': Timestamp('2009-06-04 17:25:25'), 'mag': 6.0}]",1,13
1673,2009-05-29 12:45:53.721,0,[],0,7
1674,2009-06-15 16:03:21.979,0,[],0,24
1675,2009-06-22 00:08:50.001,0,[],0,30
1676,2009-06-13 08:18:21.017,0,[],0,21
1677,2009-06-03 16:33:23.176,0,[],0,11
1678,2009-05-31 19:47:53.229,0,[],0,8
1679,2009-06-18 23:01:53.282,0,[],0,26
1680,2009-06-05 08:48:21.757,0,[],0,12
1681,2009-05-29 12:07:53.497,0,[],0,5
1682,2009-06-18 15:25:55.515,0,[],0,25
1683,2009-06-11 21:54:21.849,1,"[{'lat': -17.493, 'long': 167.787, 'Time': Timestamp('2009-06-12 08:47:36'), 'mag': 5.3}, {'lat': -17.535, 'long': 167.835, 'Time': Timestamp('2009-06-12 09:24:38'), 'mag': 5.4}, {'lat': -17.611, 'long': 167.812, 'Time': Timestamp('2009-06-12 09:44:15'), 'mag': 6.0}]",3,18
1684,2009-06-14 01:08:19.368,1,"[{'lat': 5.361, 'long': 126.438, 'Time': Timestamp('2009-06-14 05:58:43'), 'mag': 6.1}, {'lat': 5.389, 'long': 126.514, 'Time': Timestamp('2009-06-14 08:15:54'), 'mag': 5.4}, {'lat': 5.361, 'long': 126.438, 'Time': Timestamp('2009-06-14 05:58:43'), 'mag': 6.1}, {'lat': 5.389, 'long': 126.514, 'Time': Timestamp('2009-06-14 08:15:54'), 'mag': 5.4}, {'lat': 5.361, 'long': 126.438, 'Time': Timestamp('2009-06-14 05:58:43'), 'mag': 6.1}, {'lat': 5.389, 'long': 126.514, 'Time': Timestamp('2009-06-14 08:15:54'), 'mag': 5.4}]",6,20
1685,2009-06-17 06:03:23.757,0,[],0,23
1686,2009-06-17 09:18:50.272,0,[],0,23
1687,2009-06-16 15:55:50.715,0,[],0,22
1688,2009-06-20 19:10:19.329,0,[],0,26
1689,2009-06-13 22:24:24.057,0,[],0,19
1690,2009-06-13 01:38:16.772,0,[],0,18
1691,2009-06-03 06:33:55.602,0,[],0,8
1692,2009-06-02 09:49:21.671,0,[],0,7
1693,2009-06-09 13:08:53.299,1,"[{'lat': -56.267, 'long': -26.716, 'Time': Timestamp('2009-06-09 15:15:36'), 'mag': 5.0}, {'lat': -56.267, 'long': -26.716, 'Time': Timestamp('2009-06-09 15:15:36'), 'mag': 5.0}]",2,14
1694,2009-06-03 16:25:53.353,0,[],0,8
1695,2009-06-13 19:40:23.406,0,[],0,18
1696,2009-06-06 22:53:53.458,0,[],0,11
1697,2009-06-11 08:40:49.278,0,[],0,15
1698,2009-06-14 11:59:53.883,1,"[{'lat': -58.972, 'long': -24.977, 'Time': Timestamp('2009-06-14 20:25:17'), 'mag': 5.1}, {'lat': -56.116, 'long': -27.624, 'Time': Timestamp('2009-06-14 22:10:04'), 'mag': 5.0}]",2,18
1699,2009-06-05 15:17:51.694,0,[],0,9
1700,2009-06-20 21:46:50.908,0,[],0,24
1701,2009-06-22 01:00:50.630,0,[],0,25
1702,2009-06-23 05:55:55.476,0,[],0,26
1703,2009-06-25 09:10:50.217,0,[],0,28
1704,2009-06-11 12:30:23.284,0,[],0,14
1705,2009-06-03 15:47:53.428,0,[],0,6
1706,2009-06-11 19:02:49.385,0,[],0,14
1707,2009-06-23 22:16:23.444,0,[],0,26
1708,2009-06-05 01:30:50.484,1,"[{'lat': 41.824, 'long': 143.445, 'Time': Timestamp('2009-06-05 03:30:33'), 'mag': 6.4}, {'lat': 41.824, 'long': 143.445, 'Time': Timestamp('2009-06-05 03:30:33'), 'mag': 6.4}, {'lat': 41.824, 'long': 143.445, 'Time': Timestamp('2009-06-05 03:30:33'), 'mag': 6.4}]",3,7
1709,2009-06-05 04:48:02.480,0,[],0,7
1710,2009-06-10 08:04:19.141,0,[],0,12
1711,2009-06-09 11:21:23.659,1,"[{'lat': -56.267, 'long': -26.716, 'Time': Timestamp('2009-06-09 15:15:36'), 'mag': 5.0}, {'lat': -56.267, 'long': -26.716, 'Time': Timestamp('2009-06-09 15:15:36'), 'mag': 5.0}]",2,11
1712,2009-06-05 14:39:51.246,0,[],0,7
1713,2009-06-17 17:55:23.766,0,[],0,19
1714,2009-06-11 22:46:23.845,1,"[{'lat': -17.493, 'long': 167.787, 'Time': Timestamp('2009-06-12 08:47:36'), 'mag': 5.3}, {'lat': -17.535, 'long': 167.835, 'Time': Timestamp('2009-06-12 09:24:38'), 'mag': 5.4}, {'lat': -17.611, 'long': 167.812, 'Time': Timestamp('2009-06-12 09:44:15'), 'mag': 6.0}, {'lat': -17.493, 'long': 167.787, 'Time': Timestamp('2009-06-12 08:47:36'), 'mag': 5.3}, {'lat': -17.535, 'long': 167.835, 'Time': Timestamp('2009-06-12 09:24:38'), 'mag': 5.4}, {'lat': -17.611, 'long': 167.812, 'Time': Timestamp('2009-06-12 09:44:15'), 'mag': 6.0}, {'lat': -17.493, 'long': 167.787, 'Time': Timestamp('2009-06-12 08:47:36'), 'mag': 5.3}, {'lat': -17.535, 'long': 167.835, 'Time': Timestamp('2009-06-12 09:24:38'), 'mag': 5.4}, {'lat': -17.611, 'long': 167.812, 'Time': Timestamp('2009-06-12 09:44:15'), 'mag': 6.0}]",9,13
1715,2009-06-21 08:32:49.664,0,[],0,22
1716,2009-06-18 11:51:54.059,0,[],0,19
1717,2009-06-21 15:09:52.198,0,[],0,22
1718,2009-06-16 18:25:23.167,0,[],0,17
1719,2009-06-23 21:38:53.220,0,[],0,24
1720,2009-06-09 00:52:48.039,1,"[{'lat': -6.025, 'long': 127.83, 'Time': Timestamp('2009-06-09 06:30:30'), 'mag': 5.0}, {'lat': -6.025, 'long': 127.83, 'Time': Timestamp('2009-06-09 06:30:30'), 'mag': 5.0}]",2,9
1721,2009-06-05 05:47:54.325,0,[],0,5
1722,2009-06-07 09:03:20.393,0,[],0,7
1723,2009-06-29 12:22:23.461,0,[],0,29
1724,2009-06-14 15:39:50.167,0,[],0,14
1725,2009-06-19 18:54:53.568,0,[],0,19
1726,2009-06-29 07:56:23.414,0,[],0,28
1727,2009-06-10 11:13:23.835,0,[],0,9
1728,2009-06-30 14:31:41.568,0,[],0,29
1729,2009-06-12 21:01:20.313,0,[],0,11
1730,2009-06-14 00:15:22.910,0,[],0,12
1731,2009-06-11 08:24:51.497,0,[],0,9
1732,2009-06-15 11:43:53.236,0,[],0,13
1733,2009-06-25 15:01:53.704,0,[],0,23
1734,2009-06-10 18:17:23.343,0,[],0,8
1735,2009-06-28 08:55:20.570,0,[],0,25
1736,2009-06-09 12:14:23.850,1,"[{'lat': -56.267, 'long': -26.716, 'Time': Timestamp('2009-06-09 15:15:36'), 'mag': 5.0}, {'lat': -56.267, 'long': -26.716, 'Time': Timestamp('2009-06-09 15:15:36'), 'mag': 5.0}]",2,6
1737,2009-07-02 15:32:19.005,0,[],0,29
1738,2009-07-01 22:00:54.010,0,[],0,28
1739,2009-07-01 07:48:43.283,0,[],0,27
1740,2009-06-26 11:05:23.224,0,[],0,22
1741,2009-06-17 14:23:54.462,0,[],0,13
1742,2009-06-30 17:39:53.332,0,[],0,26
1743,2009-06-30 20:53:53.385,0,[],0,26
1744,2009-06-26 00:07:49.531,0,[],0,21
1745,2009-06-30 05:02:32.447,0,[],0,25
1746,2009-06-10 08:18:50.659,0,[],0,5
1747,2009-06-22 11:35:53.625,0,[],0,17
1748,2009-06-14 14:54:21.324,0,[],0,9
1749,2009-06-17 18:09:53.733,0,[],0,12
1750,2009-06-14 08:47:20.959,0,[],0,8
1751,2009-06-21 12:06:24.026,0,[],0,15
1752,2009-07-01 15:24:18.181,0,[],0,25
1753,2009-07-04 18:39:19.016,0,[],0,28
1754,2009-07-06 21:53:21.379,0,[],0,30
1755,2009-07-01 01:07:17.570,0,[],0,24
1756,2009-06-28 06:02:26.055,0,[],0,21
1757,2009-06-22 09:17:51.800,0,[],0,15
1758,2009-06-21 12:36:53.427,0,[],0,14
1759,2009-06-22 22:22:53.588,1,"[{'lat': -16.08, 'long': -174.07, 'Time': Timestamp('2009-06-23 06:30:16'), 'mag': 5.1}, {'lat': -23.9, 'long': 179.938, 'Time': Timestamp('2009-06-22 22:24:12'), 'mag': 5.1}, {'lat': -23.9, 'long': 179.938, 'Time': Timestamp('2009-06-22 22:24:12'), 'mag': 5.1}, {'lat': -23.9, 'long': 179.938, 'Time': Timestamp('2009-06-22 22:24:12'), 'mag': 5.1}]",4,15
1760,2009-06-29 01:37:16.967,1,"[{'lat': -5.977, 'long': 151.456, 'Time': Timestamp('2009-06-29 13:00:19'), 'mag': 5.2}, {'lat': -5.977, 'long': 151.456, 'Time': Timestamp('2009-06-29 13:00:19'), 'mag': 5.2}, {'lat': -5.977, 'long': 151.456, 'Time': Timestamp('2009-06-29 13:00:19'), 'mag': 5.2}]",3,21
1761,2009-07-05 06:32:20.474,1,"[{'lat': 36.444, 'long': 71.081, 'Time': Timestamp('2009-07-05 09:45:48'), 'mag': 5.3}, {'lat': 36.444, 'long': 71.081, 'Time': Timestamp('2009-07-05 09:45:48'), 'mag': 5.3}, {'lat': 36.444, 'long': 71.081, 'Time': Timestamp('2009-07-05 09:45:48'), 'mag': 5.3}]",3,27
1762,2009-06-21 09:48:20.873,0,[],0,13
1763,2009-06-19 13:07:23.829,0,[],0,11
1764,2009-06-19 16:24:23.883,0,[],0,11
1765,2009-07-07 19:38:48.814,0,[],0,29
1766,2009-06-25 10:25:20.833,1,"[{'lat': -23.811, 'long': -13.434, 'Time': Timestamp('2009-06-25 12:34:17'), 'mag': 5.3}, {'lat': -23.811, 'long': -13.434, 'Time': Timestamp('2009-06-25 12:34:17'), 'mag': 5.3}, {'lat': -23.811, 'long': -13.434, 'Time': Timestamp('2009-06-25 12:34:17'), 'mag': 5.3}]",3,6
1767,2009-06-27 13:44:23.789,0,[],0,8
1768,2009-07-03 17:00:53.843,1,"[{'lat': 25.226, 'long': -109.76, 'Time': Timestamp('2009-07-03 20:30:35'), 'mag': 5.2}]",1,14
1769,2009-07-07 20:15:23.895,0,[],0,18
1770,2009-07-05 23:28:53.949,0,[],0,16
1771,2009-07-01 07:39:22.715,0,[],0,11
1772,2009-07-19 10:56:23.002,0,[],0,29
1773,2009-07-01 14:14:51.606,0,[],0,11
1774,2009-07-06 17:30:53.244,0,[],0,16
1775,2009-06-25 20:44:53.297,0,[],0,5
1776,2009-07-05 23:58:53.350,0,[],0,15
1777,2009-07-08 06:31:24.306,0,[],0,17
1778,2009-07-03 09:47:36.993,1,"[{'lat': -49.752, 'long': -8.045, 'Time': Timestamp('2009-07-03 20:28:15'), 'mag': 5.3}, {'lat': -49.752, 'long': -8.045, 'Time': Timestamp('2009-07-03 20:28:15'), 'mag': 5.3}, {'lat': -49.752, 'long': -8.045, 'Time': Timestamp('2009-07-03 20:28:15'), 'mag': 5.3}]",3,12
1779,2009-06-26 13:06:23.564,0,[],0,5
1780,2009-06-29 22:51:23.724,1,"[{'lat': -32.339, 'long': -178.243, 'Time': Timestamp('2009-06-30 04:14:53'), 'mag': 5.3}, {'lat': -32.339, 'long': -178.243, 'Time': Timestamp('2009-06-30 04:14:53'), 'mag': 5.3}, {'lat': -32.339, 'long': -178.243, 'Time': Timestamp('2009-06-30 04:14:53'), 'mag': 5.3}]",3,8
1781,2009-07-09 07:02:01.682,0,[],0,17
1782,2009-07-06 10:17:21.010,0,[],0,14
1783,2009-07-14 13:36:53.966,1,"[{'lat': -21.822, 'long': -67.087, 'Time': Timestamp('2009-07-14 18:38:08'), 'mag': 5.7}, {'lat': -21.822, 'long': -67.087, 'Time': Timestamp('2009-07-14 18:38:08'), 'mag': 5.7}]",2,22
1784,2009-07-18 16:53:24.019,0,[],0,26
1785,2009-07-22 20:07:24.072,0,[],0,30
1786,2009-07-01 23:21:23.125,1,"[{'lat': -14.585, 'long': -175.986, 'Time': Timestamp('2009-07-02 08:06:12'), 'mag': 5.4}, {'lat': -14.585, 'long': -175.986, 'Time': Timestamp('2009-07-02 08:06:12'), 'mag': 5.4}, {'lat': -28.826, 'long': -178.288, 'Time': Timestamp('2009-07-02 07:23:38'), 'mag': 5.1}, {'lat': -14.585, 'long': -175.986, 'Time': Timestamp('2009-07-02 08:06:12'), 'mag': 5.4}]",4,9
1787,2009-07-12 07:31:52.891,0,[],0,19
1788,2009-07-14 10:48:23.179,0,[],0,21
1789,2009-06-28 14:06:46.136,0,[],0,5
1790,2009-07-02 17:23:23.421,0,[],0,9
1791,2009-07-01 20:37:23.473,0,[],0,8
1792,2009-07-14 08:01:50.636,0,[],0,20
1793,2009-07-13 12:58:21.943,0,[],0,19
1794,2009-07-17 22:43:53.122,0,[],0,23
1795,2009-07-25 06:53:24.216,0,[],0,30
1796,2009-07-13 10:09:50.408,0,[],0,18
1797,2009-07-03 13:28:53.363,0,[],0,8
1798,2009-07-23 16:45:23.417,0,[],0,28
1799,2009-07-12 19:59:53.470,0,[],0,17
1800,2009-07-05 23:13:23.523,0,[],0,10
1801,2009-07-14 07:23:53.289,0,[],0,18
1802,2009-07-20 10:40:20.809,0,[],0,24
1803,2009-07-14 13:59:24.725,1,"[{'lat': -21.822, 'long': -67.087, 'Time': Timestamp('2009-07-14 18:38:08'), 'mag': 5.7}, {'lat': -21.822, 'long': -67.087, 'Time': Timestamp('2009-07-14 18:38:08'), 'mag': 5.7}, {'lat': -21.822, 'long': -67.087, 'Time': Timestamp('2009-07-14 18:38:08'), 'mag': 5.7}]",3,18
1804,2009-07-03 17:15:23.819,1,"[{'lat': 25.226, 'long': -109.76, 'Time': Timestamp('2009-07-03 20:30:35'), 'mag': 5.2}, {'lat': 25.226, 'long': -109.76, 'Time': Timestamp('2009-07-03 20:30:35'), 'mag': 5.2}, {'lat': 25.226, 'long': -109.76, 'Time': Timestamp('2009-07-03 20:30:35'), 'mag': 5.2}]",3,7
1805,2009-07-24 20:29:23.871,1,"[{'lat': 59.2961, 'long': -143.6646, 'Time': Timestamp('2009-07-25 01:43:40'), 'mag': 5.6}, {'lat': 59.2961, 'long': -143.6646, 'Time': Timestamp('2009-07-25 01:43:40'), 'mag': 5.6}]",2,28
1806,2009-07-11 23:43:23.924,0,[],0,15
1807,2009-07-27 07:53:45.498,0,[],0,30
1808,2009-07-02 11:10:53.112,0,[],0,5
1809,2009-07-16 14:29:20.365,1,"[{'lat': 3.337, 'long': -31.509, 'Time': Timestamp('2009-07-16 15:05:43'), 'mag': 5.2}, {'lat': 3.337, 'long': -31.509, 'Time': Timestamp('2009-07-16 15:05:43'), 'mag': 5.2}, {'lat': 3.337, 'long': -31.509, 'Time': Timestamp('2009-07-16 15:05:43'), 'mag': 5.2}]",3,19
1810,2009-07-18 17:45:23.220,0,[],0,21
1811,2009-07-02 20:59:23.273,0,[],0,5
1812,2009-07-05 00:12:50.748,0,[],0,7
1813,2009-07-13 03:29:53.792,1,"[{'lat': -9.139, 'long': 119.32, 'Time': Timestamp('2009-07-13 10:52:19'), 'mag': 5.9}, {'lat': -9.139, 'long': 119.32, 'Time': Timestamp('2009-07-13 10:52:19'), 'mag': 5.9}, {'lat': -9.139, 'long': 119.32, 'Time': Timestamp('2009-07-13 10:52:19'), 'mag': 5.9}]",3,15
1814,2009-07-27 08:24:20.557,0,[],0,29
1815,2009-07-03 11:41:23.513,1,"[{'lat': -49.752, 'long': -8.045, 'Time': Timestamp('2009-07-03 20:28:15'), 'mag': 5.3}, {'lat': -49.752, 'long': -8.045, 'Time': Timestamp('2009-07-03 20:28:15'), 'mag': 5.3}, {'lat': -49.752, 'long': -8.045, 'Time': Timestamp('2009-07-03 20:28:15'), 'mag': 5.3}]",3,5
1816,2009-07-06 14:59:51.212,0,[],0,8
1817,2009-07-05 21:28:53.673,0,[],0,7
1818,2009-07-27 00:42:52.588,1,"[{'lat': -5.497, 'long': 151.77, 'Time': Timestamp('2009-07-27 11:08:19'), 'mag': 5.0}, {'lat': -5.524, 'long': 151.741, 'Time': Timestamp('2009-07-27 12:34:19'), 'mag': 5.3}, {'lat': -5.497, 'long': 151.77, 'Time': Timestamp('2009-07-27 11:08:19'), 'mag': 5.0}, {'lat': -5.524, 'long': 151.741, 'Time': Timestamp('2009-07-27 12:34:19'), 'mag': 5.3}]",4,28
1819,2009-07-19 07:15:49.370,0,[],0,20
1820,2009-07-15 10:32:19.769,0,[],0,16
1821,2009-07-18 13:51:23.942,1,"[{'lat': 0.85, 'long': -29.319, 'Time': Timestamp('2009-07-18 17:06:35'), 'mag': 5.1}, {'lat': 0.85, 'long': -29.319, 'Time': Timestamp('2009-07-18 17:06:35'), 'mag': 5.1}, {'lat': 0.85, 'long': -29.319, 'Time': Timestamp('2009-07-18 17:06:35'), 'mag': 5.1}]",3,19
1822,2009-07-28 17:07:53.995,0,[],0,29
1823,2009-07-12 20:21:54.049,0,[],0,13
1824,2009-07-29 23:35:23.101,0,[],0,30
1825,2009-07-27 07:46:18.771,0,[],0,27
1826,2009-07-10 11:02:53.289,0,[],0,10
1827,2009-07-23 14:21:24.638,0,[],0,23
1828,2009-07-14 17:37:23.396,0,[],0,14
