index,time_window,label,matched_eqs,total_eq,first_eq_time,fname,delta_t_hours
1501,2009-11-09 22:27:23.295,1,"[{'lat': 52.39, 'long': -168.604, 'Time': Timestamp('2009-11-10 00:29:42'), 'mag': 5.0}, {'lat': 52.39, 'long': -168.604, 'Time': Timestamp('2009-11-10 00:29:42'), 'mag': 5.0}, {'lat': 52.39, 'long': -168.604, 'Time': Timestamp('2009-11-10 00:29:42'), 'mag': 5.0}]",3,2009-11-10 00:29:42,RDM_df_train_30D-22SW-tw24_w16.csv,2.0385291666666667
869,2009-07-14 23:28:53.949,1,"[{'lat': -40.177, 'long': 173.602, 'Time': Timestamp('2009-07-15 09:38:22'), 'mag': 5.4}, {'lat': -45.762, 'long': 166.562, 'Time': Timestamp('2009-07-15 09:22:29'), 'mag': 7.8}, {'lat': -40.177, 'long': 173.602, 'Time': Timestamp('2009-07-15 09:38:22'), 'mag': 5.4}, {'lat': -46.036, 'long': 165.937, 'Time': Timestamp('2009-07-15 09:41:53'), 'mag': 5.7}, {'lat': -46.196, 'long': 165.791, 'Time': Timestamp('2009-07-15 09:52:16'), 'mag': 5.0}, {'lat': -45.763, 'long': 166.46, 'Time': Timestamp('2009-07-15 10:01:49'), 'mag': 5.3}, {'lat': -46.138, 'long': 166.145, 'Time': Timestamp('2009-07-15 10:36:40'), 'mag': 5.0}, {'lat': -45.438, 'long': 166.518, 'Time': Timestamp('2009-07-15 11:44:13'), 'mag': 5.2}, {'lat': -45.405, 'long': 166.498, 'Time': Timestamp('2009-07-15 13:50:38'), 'mag': 5.4}, {'lat': -46.533, 'long': 165.955, 'Time': Timestamp('2009-07-15 21:36:00'), 'mag': 5.4}, {'lat': -45.762, 'long': 166.562, 'Time': Timestamp('2009-07-15 09:22:29'), 'mag': 7.8}, {'lat': -40.177, 'long': 173.602, 'Time': Timestamp('2009-07-15 09:38:22'), 'mag': 5.4}, {'lat': -46.036, 'long': 165.937, 'Time': Timestamp('2009-07-15 09:41:53'), 'mag': 5.7}, {'lat': -46.196, 'long': 165.791, 'Time': Timestamp('2009-07-15 09:52:16'), 'mag': 5.0}, {'lat': -45.763, 'long': 166.46, 'Time': Timestamp('2009-07-15 10:01:49'), 'mag': 5.3}, {'lat': -46.138, 'long': 166.145, 'Time': Timestamp('2009-07-15 10:36:40'), 'mag': 5.0}, {'lat': -45.438, 'long': 166.518, 'Time': Timestamp('2009-07-15 11:44:13'), 'mag': 5.2}, {'lat': -45.405, 'long': 166.498, 'Time': Timestamp('2009-07-15 13:50:38'), 'mag': 5.4}, {'lat': -46.533, 'long': 165.955, 'Time': Timestamp('2009-07-15 21:36:00'), 'mag': 5.4}, {'lat': -45.762, 'long': 166.562, 'Time': Timestamp('2009-07-15 09:22:29'), 'mag': 7.8}, {'lat': -46.036, 'long': 165.937, 'Time': Timestamp('2009-07-15 09:41:53'), 'mag': 5.7}, {'lat': -46.196, 'long': 165.791, 'Time': Timestamp('2009-07-15 09:52:16'), 'mag': 5.0}, {'lat': -45.763, 'long': 166.46, 'Time': Timestamp('2009-07-15 10:01:49'), 'mag': 5.3}, {'lat': -46.138, 'long': 166.145, 'Time': Timestamp('2009-07-15 10:36:40'), 'mag': 5.0}, {'lat': -45.438, 'long': 166.518, 'Time': Timestamp('2009-07-15 11:44:13'), 'mag': 5.2}, {'lat': -45.405, 'long': 166.498, 'Time': Timestamp('2009-07-15 13:50:38'), 'mag': 5.4}, {'lat': -46.533, 'long': 165.955, 'Time': Timestamp('2009-07-15 21:36:00'), 'mag': 5.4}, {'lat': -3.335, 'long': 150.357, 'Time': Timestamp('2009-07-15 12:55:41'), 'mag': 5.4}, {'lat': -3.375, 'long': 150.506, 'Time': Timestamp('2009-07-15 20:10:42'), 'mag': 6.1}, {'lat': -3.335, 'long': 150.357, 'Time': Timestamp('2009-07-15 12:55:41'), 'mag': 5.4}, {'lat': -3.375, 'long': 150.506, 'Time': Timestamp('2009-07-15 20:10:42'), 'mag': 6.1}, {'lat': -3.335, 'long': 150.357, 'Time': Timestamp('2009-07-15 12:55:41'), 'mag': 5.4}, {'lat': -3.375, 'long': 150.506, 'Time': Timestamp('2009-07-15 20:10:42'), 'mag': 6.1}]",33,2009-07-15 09:38:22,RDM_df_train_30D-22SW-tw24_w16.csv,10.157791944444444
1100,2009-08-17 18:56:53.148,1,"[{'lat': -54.674, 'long': -130.697, 'Time': Timestamp('2009-08-18 02:52:30'), 'mag': 5.2}, {'lat': -54.674, 'long': -130.697, 'Time': Timestamp('2009-08-18 02:52:30'), 'mag': 5.2}]",2,2009-08-18 02:52:30,RDM_df_train_30D-22SW-tw24_w16.csv,7.926903333333333
45,2009-01-27 18:02:23.918,1,"[{'lat': 13.34, 'long': -89.707, 'Time': Timestamp('2009-01-28 17:24:41'), 'mag': 5.2}, {'lat': 13.34, 'long': -89.707, 'Time': Timestamp('2009-01-28 17:24:41'), 'mag': 5.2}, {'lat': 13.34, 'long': -89.707, 'Time': Timestamp('2009-01-28 17:24:41'), 'mag': 5.2}]",3,2009-01-28 17:24:41,RDM_df_train_30D-22SW-tw24_w16.csv,23.371411666666667
1853,2010-01-04 15:55:22.620,1,"[{'lat': -16.481, 'long': -74.034, 'Time': Timestamp('2010-01-05 01:34:25'), 'mag': 5.1}, {'lat': -16.481, 'long': -74.034, 'Time': Timestamp('2010-01-05 01:34:25'), 'mag': 5.1}, {'lat': -16.481, 'long': -74.034, 'Time': Timestamp('2010-01-05 01:34:25'), 'mag': 5.1}, {'lat': 14.019, 'long': -91.878, 'Time': Timestamp('2010-01-05 05:36:21'), 'mag': 5.0}, {'lat': 14.019, 'long': -91.878, 'Time': Timestamp('2010-01-05 05:36:21'), 'mag': 5.0}, {'lat': 14.019, 'long': -91.878, 'Time': Timestamp('2010-01-05 05:36:21'), 'mag': 5.0}]",6,2010-01-05 01:34:25,RDM_df_train_30D-22SW-tw24_w16.csv,9.650661111111111
666,2009-05-19 09:44:20.689,1,"[{'lat': 25.248, 'long': 37.703, 'Time': Timestamp('2009-05-19 16:54:31'), 'mag': 5.0}, {'lat': 25.291, 'long': 37.74, 'Time': Timestamp('2009-05-19 17:35:01'), 'mag': 5.7}, {'lat': 25.248, 'long': 37.703, 'Time': Timestamp('2009-05-19 16:54:31'), 'mag': 5.0}, {'lat': 25.291, 'long': 37.74, 'Time': Timestamp('2009-05-19 17:35:01'), 'mag': 5.7}, {'lat': 25.248, 'long': 37.703, 'Time': Timestamp('2009-05-19 16:54:31'), 'mag': 5.0}, {'lat': 25.291, 'long': 37.74, 'Time': Timestamp('2009-05-19 17:35:01'), 'mag': 5.7}]",6,2009-05-19 16:54:31,RDM_df_train_30D-22SW-tw24_w16.csv,7.169530833333334
529,2009-05-05 17:23:23.693,1,"[{'lat': -56.588, 'long': -142.139, 'Time': Timestamp('2009-05-06 04:10:30'), 'mag': 5.2}]",1,2009-05-06 04:10:30,RDM_df_train_30D-22SW-tw24_w16.csv,10.785085277777778
627,2009-05-07 14:27:53.601,1,"[{'lat': -32.057, 'long': -69.678, 'Time': Timestamp('2009-05-08 13:44:53'), 'mag': 5.4}, {'lat': -32.057, 'long': -69.678, 'Time': Timestamp('2009-05-08 13:44:53'), 'mag': 5.4}, {'lat': -32.057, 'long': -69.678, 'Time': Timestamp('2009-05-08 13:44:53'), 'mag': 5.4}]",3,2009-05-08 13:44:53,RDM_df_train_30D-22SW-tw24_w16.csv,23.28316638888889
1315,2009-09-24 21:15:23.277,1,"[{'lat': -55.039, 'long': -144.081, 'Time': Timestamp('2009-09-25 09:46:57'), 'mag': 5.1}, {'lat': -30.991, 'long': -177.536, 'Time': Timestamp('2009-09-25 14:07:02'), 'mag': 5.0}, {'lat': -30.991, 'long': -177.536, 'Time': Timestamp('2009-09-25 14:07:02'), 'mag': 5.0}, {'lat': -30.991, 'long': -177.536, 'Time': Timestamp('2009-09-25 14:07:02'), 'mag': 5.0}]",4,2009-09-25 09:46:57,RDM_df_train_30D-22SW-tw24_w16.csv,12.526034166666665
1103,2009-08-10 06:20:26.214,1,"[{'lat': 14.099, 'long': 92.902, 'Time': Timestamp('2009-08-10 19:55:38'), 'mag': 7.5}, {'lat': 14.099, 'long': 92.902, 'Time': Timestamp('2009-08-10 19:55:38'), 'mag': 7.5}, {'lat': 14.099, 'long': 92.902, 'Time': Timestamp('2009-08-10 19:55:38'), 'mag': 7.5}]",3,2009-08-10 19:55:38,RDM_df_train_30D-22SW-tw24_w16.csv,13.586607222222222
1034,2009-07-28 06:21:26.620,1,"[{'lat': 10.64, 'long': 94.179, 'Time': Timestamp('2009-07-28 19:14:09'), 'mag': 5.0}]",1,2009-07-28 19:14:09,RDM_df_train_30D-22SW-tw24_w16.csv,12.878438888888889
1796,2010-01-10 22:16:53.991,1,"[{'lat': -16.861, 'long': -174.228, 'Time': Timestamp('2010-01-10 22:44:33'), 'mag': 5.3}]",1,2010-01-10 22:44:33,RDM_df_train_30D-22SW-tw24_w16.csv,0.46083583333333333
801,2009-06-02 05:55:55.476,1,"[{'lat': -37.943, 'long': 49.275, 'Time': Timestamp('2009-06-03 04:36:42'), 'mag': 5.2}, {'lat': -37.943, 'long': 49.275, 'Time': Timestamp('2009-06-03 04:36:42'), 'mag': 5.2}, {'lat': -37.943, 'long': 49.275, 'Time': Timestamp('2009-06-03 04:36:42'), 'mag': 5.2}]",3,2009-06-03 04:36:42,RDM_df_train_30D-22SW-tw24_w16.csv,22.67959
596,2009-05-15 21:13:23.275,1,"[{'lat': 56.2256, 'long': -151.972, 'Time': Timestamp('2009-05-16 18:22:29'), 'mag': 5.9}, {'lat': 56.2529, 'long': -152.2202, 'Time': Timestamp('2009-05-16 18:37:40'), 'mag': 5.3}, {'lat': 56.2256, 'long': -151.972, 'Time': Timestamp('2009-05-16 18:22:29'), 'mag': 5.9}, {'lat': 56.2529, 'long': -152.2202, 'Time': Timestamp('2009-05-16 18:37:40'), 'mag': 5.3}, {'lat': 56.2256, 'long': -151.972, 'Time': Timestamp('2009-05-16 18:22:29'), 'mag': 5.9}, {'lat': 56.2529, 'long': -152.2202, 'Time': Timestamp('2009-05-16 18:37:40'), 'mag': 5.3}, {'lat': -31.553, 'long': -178.833, 'Time': Timestamp('2009-05-16 00:53:51'), 'mag': 6.5}, {'lat': -31.388, 'long': -177.977, 'Time': Timestamp('2009-05-16 01:05:59'), 'mag': 5.2}, {'lat': -31.641, 'long': -177.667, 'Time': Timestamp('2009-05-16 13:02:43'), 'mag': 5.0}, {'lat': -31.553, 'long': -178.833, 'Time': Timestamp('2009-05-16 00:53:51'), 'mag': 6.5}, {'lat': -31.388, 'long': -177.977, 'Time': Timestamp('2009-05-16 01:05:59'), 'mag': 5.2}, {'lat': -31.641, 'long': -177.667, 'Time': Timestamp('2009-05-16 13:02:43'), 'mag': 5.0}, {'lat': -31.553, 'long': -178.833, 'Time': Timestamp('2009-05-16 00:53:51'), 'mag': 6.5}, {'lat': -31.388, 'long': -177.977, 'Time': Timestamp('2009-05-16 01:05:59'), 'mag': 5.2}, {'lat': -31.641, 'long': -177.667, 'Time': Timestamp('2009-05-16 13:02:43'), 'mag': 5.0}]",15,2009-05-16 18:22:29,RDM_df_train_30D-22SW-tw24_w16.csv,21.15159027777778
1601,2009-11-23 23:48:23.307,1,"[{'lat': -12.29, 'long': 165.994, 'Time': Timestamp('2009-11-24 22:36:09'), 'mag': 5.0}, {'lat': -12.29, 'long': 165.994, 'Time': Timestamp('2009-11-24 22:36:09'), 'mag': 5.0}, {'lat': 56.09, 'long': 164.083, 'Time': Timestamp('2009-11-24 10:41:42'), 'mag': 5.0}, {'lat': 56.09, 'long': 164.083, 'Time': Timestamp('2009-11-24 10:41:42'), 'mag': 5.0}, {'lat': 13.125, 'long': 145.138, 'Time': Timestamp('2009-11-24 02:45:59'), 'mag': 5.0}]",5,2009-11-24 22:36:09,RDM_df_train_30D-22SW-tw24_w16.csv,22.79602583333333
39,2009-01-30 17:32:23.517,1,"[{'lat': 17.66, 'long': -101.939, 'Time': Timestamp('2009-01-31 13:24:57'), 'mag': 5.1}, {'lat': 17.66, 'long': -101.939, 'Time': Timestamp('2009-01-31 13:24:57'), 'mag': 5.1}, {'lat': 17.66, 'long': -101.939, 'Time': Timestamp('2009-01-31 13:24:57'), 'mag': 5.1}]",3,2009-01-31 13:24:57,RDM_df_train_30D-22SW-tw24_w16.csv,19.875967499999998
1224,2009-09-01 22:53:53.129,1,"[{'lat': -29.395, 'long': -178.956, 'Time': Timestamp('2009-09-02 18:00:09'), 'mag': 6.2}, {'lat': -29.395, 'long': -178.956, 'Time': Timestamp('2009-09-02 18:00:09'), 'mag': 6.2}, {'lat': -29.395, 'long': -178.956, 'Time': Timestamp('2009-09-02 18:00:09'), 'mag': 6.2}]",3,2009-09-02 18:00:09,RDM_df_train_30D-22SW-tw24_w16.csv,19.10440861111111
1356,2009-10-12 18:15:50.433,1,"[{'lat': 15.216, 'long': -105.208, 'Time': Timestamp('2009-10-12 20:03:37'), 'mag': 5.3}, {'lat': 15.75, 'long': -105.25, 'Time': Timestamp('2009-10-12 20:10:00'), 'mag': 5.1}, {'lat': 15.216, 'long': -105.208, 'Time': Timestamp('2009-10-12 20:03:37'), 'mag': 5.3}, {'lat': 15.75, 'long': -105.25, 'Time': Timestamp('2009-10-12 20:10:00'), 'mag': 5.1}]",4,2009-10-12 20:03:37,RDM_df_train_30D-22SW-tw24_w16.csv,1.796268611111111
1425,2009-10-19 20:58:53.228,1,"[{'lat': -15.36, 'long': -172.264, 'Time': Timestamp('2009-10-19 22:49:38'), 'mag': 6.0}, {'lat': -15.36, 'long': -172.264, 'Time': Timestamp('2009-10-19 22:49:38'), 'mag': 6.0}, {'lat': -15.36, 'long': -172.264, 'Time': Timestamp('2009-10-19 22:49:38'), 'mag': 6.0}]",3,2009-10-19 22:49:38,RDM_df_train_30D-22SW-tw24_w16.csv,1.84577
249,2009-03-02 23:56:23.841,1,"[{'lat': -3.763, 'long': 151.242, 'Time': Timestamp('2009-03-03 01:19:38'), 'mag': 5.3}, {'lat': -3.718, 'long': 151.319, 'Time': Timestamp('2009-03-03 04:52:02'), 'mag': 5.2}, {'lat': -3.763, 'long': 151.242, 'Time': Timestamp('2009-03-03 01:19:38'), 'mag': 5.3}, {'lat': -3.718, 'long': 151.319, 'Time': Timestamp('2009-03-03 04:52:02'), 'mag': 5.2}, {'lat': -3.763, 'long': 151.242, 'Time': Timestamp('2009-03-03 01:19:38'), 'mag': 5.3}, {'lat': -3.718, 'long': 151.319, 'Time': Timestamp('2009-03-03 04:52:02'), 'mag': 5.2}]",6,2009-03-03 01:19:38,RDM_df_train_30D-22SW-tw24_w16.csv,1.3872663888888888
458,2009-04-12 02:07:21.084,1,"[{'lat': 1.981, 'long': 122.119, 'Time': Timestamp('2009-04-12 05:19:59'), 'mag': 5.2}, {'lat': 1.981, 'long': 122.119, 'Time': Timestamp('2009-04-12 05:19:59'), 'mag': 5.2}, {'lat': 1.981, 'long': 122.119, 'Time': Timestamp('2009-04-12 05:19:59'), 'mag': 5.2}]",3,2009-04-12 05:19:59,RDM_df_train_30D-22SW-tw24_w16.csv,3.210532222222222
558,2009-05-02 00:42:51.311,1,"[{'lat': 11.282, 'long': 140.463, 'Time': Timestamp('2009-05-02 14:02:18'), 'mag': 5.3}, {'lat': 11.103, 'long': 140.507, 'Time': Timestamp('2009-05-03 00:10:35'), 'mag': 5.2}, {'lat': 11.282, 'long': 140.463, 'Time': Timestamp('2009-05-02 14:02:18'), 'mag': 5.3}, {'lat': 11.103, 'long': 140.507, 'Time': Timestamp('2009-05-03 00:10:35'), 'mag': 5.2}, {'lat': 11.282, 'long': 140.463, 'Time': Timestamp('2009-05-02 14:02:18'), 'mag': 5.3}, {'lat': 11.103, 'long': 140.507, 'Time': Timestamp('2009-05-03 00:10:35'), 'mag': 5.2}]",6,2009-05-02 14:02:18,RDM_df_train_30D-22SW-tw24_w16.csv,13.324080277777778
196,2009-03-02 11:47:53.316,1,"[{'lat': -56.347, 'long': -27.064, 'Time': Timestamp('2009-03-03 06:05:03'), 'mag': 5.3}]",1,2009-03-03 06:05:03,RDM_df_train_30D-22SW-tw24_w16.csv,18.286023333333333
1699,2009-12-29 10:28:49.202,1,"[{'lat': 32.567, 'long': 15.064, 'Time': Timestamp('2009-12-29 11:08:54'), 'mag': 5.0}, {'lat': 32.567, 'long': 15.064, 'Time': Timestamp('2009-12-29 11:08:54'), 'mag': 5.0}]",2,2009-12-29 11:08:54,RDM_df_train_30D-22SW-tw24_w16.csv,0.6679994444444444
182,2009-02-15 00:57:20.886,1,"[{'lat': 40.239, 'long': 142.236, 'Time': Timestamp('2009-02-15 09:24:31'), 'mag': 5.7}, {'lat': 40.239, 'long': 142.236, 'Time': Timestamp('2009-02-15 09:24:31'), 'mag': 5.7}, {'lat': 40.239, 'long': 142.236, 'Time': Timestamp('2009-02-15 09:24:31'), 'mag': 5.7}, {'lat': -0.302, 'long': 132.469, 'Time': Timestamp('2009-02-15 07:15:34'), 'mag': 5.1}, {'lat': -0.302, 'long': 132.469, 'Time': Timestamp('2009-02-15 07:15:34'), 'mag': 5.1}, {'lat': -3.664, 'long': 149.608, 'Time': Timestamp('2009-02-16 00:33:36'), 'mag': 5.1}, {'lat': 3.974, 'long': 126.714, 'Time': Timestamp('2009-02-15 04:40:33'), 'mag': 5.1}, {'lat': -0.302, 'long': 132.469, 'Time': Timestamp('2009-02-15 07:15:34'), 'mag': 5.1}, {'lat': 4.025, 'long': 126.618, 'Time': Timestamp('2009-02-15 16:16:52'), 'mag': 5.0}]",9,2009-02-15 09:24:31,RDM_df_train_30D-22SW-tw24_w16.csv,8.452809444444444
1808,2010-01-12 00:53:23.820,1,"[{'lat': -5.417, 'long': 133.731, 'Time': Timestamp('2010-01-12 10:58:14'), 'mag': 5.5}, {'lat': -5.417, 'long': 133.731, 'Time': Timestamp('2010-01-12 10:58:14'), 'mag': 5.5}, {'lat': -5.417, 'long': 133.731, 'Time': Timestamp('2010-01-12 10:58:14'), 'mag': 5.5}]",3,2010-01-12 10:58:14,RDM_df_train_30D-22SW-tw24_w16.csv,10.080605555555556
1339,2009-10-15 16:46:22.425,1,"[{'lat': 3.272, 'long': -103.823, 'Time': Timestamp('2009-10-15 17:48:21'), 'mag': 6.0}, {'lat': 3.272, 'long': -103.823, 'Time': Timestamp('2009-10-15 17:48:21'), 'mag': 6.0}, {'lat': 3.272, 'long': -103.823, 'Time': Timestamp('2009-10-15 17:48:21'), 'mag': 6.0}]",3,2009-10-15 17:48:21,RDM_df_train_30D-22SW-tw24_w16.csv,1.0329374999999998
441,2009-04-15 08:47:21.601,1,"[{'lat': 12.348, 'long': 58.071, 'Time': Timestamp('2009-04-15 10:20:04'), 'mag': 5.7}, {'lat': 12.348, 'long': 58.071, 'Time': Timestamp('2009-04-15 10:20:04'), 'mag': 5.7}]",2,2009-04-15 10:20:04,RDM_df_train_30D-22SW-tw24_w16.csv,1.5451108333333334
30,2009-01-13 14:54:22.612,1,"[{'lat': -29.549, 'long': -71.224, 'Time': Timestamp('2009-01-13 17:17:13'), 'mag': 5.1}, {'lat': -29.549, 'long': -71.224, 'Time': Timestamp('2009-01-13 17:17:13'), 'mag': 5.1}, {'lat': -29.549, 'long': -71.224, 'Time': Timestamp('2009-01-13 17:17:13'), 'mag': 5.1}]",3,2009-01-13 17:17:13,RDM_df_train_30D-22SW-tw24_w16.csv,2.3806633333333336
962,2009-07-11 18:59:19.990,1,"[{'lat': 25.043, 'long': -106.679, 'Time': Timestamp('2009-07-12 03:01:14'), 'mag': 5.1}, {'lat': 25.043, 'long': -106.679, 'Time': Timestamp('2009-07-12 03:01:14'), 'mag': 5.1}, {'lat': 25.043, 'long': -106.679, 'Time': Timestamp('2009-07-12 03:01:14'), 'mag': 5.1}]",3,2009-07-12 03:01:14,RDM_df_train_30D-22SW-tw24_w16.csv,8.031669444444445
206,2009-02-22 01:19:21.575,1,"[{'lat': 48.902, 'long': 158.046, 'Time': Timestamp('2009-02-22 10:33:46'), 'mag': 5.1}, {'lat': 48.902, 'long': 158.046, 'Time': Timestamp('2009-02-22 10:33:46'), 'mag': 5.1}, {'lat': 41.749, 'long': 144.02, 'Time': Timestamp('2009-02-22 14:24:11'), 'mag': 5.4}, {'lat': 41.749, 'long': 144.02, 'Time': Timestamp('2009-02-22 14:24:11'), 'mag': 5.4}, {'lat': 41.749, 'long': 144.02, 'Time': Timestamp('2009-02-22 14:24:11'), 'mag': 5.4}, {'lat': 24.333, 'long': 127.098, 'Time': Timestamp('2009-02-22 13:50:13'), 'mag': 5.0}, {'lat': 3.849, 'long': 126.733, 'Time': Timestamp('2009-02-22 03:52:46'), 'mag': 5.2}, {'lat': -0.53, 'long': 133.093, 'Time': Timestamp('2009-02-22 12:15:49'), 'mag': 5.0}, {'lat': 3.679, 'long': 126.561, 'Time': Timestamp('2009-02-22 17:45:22'), 'mag': 6.0}, {'lat': 3.849, 'long': 126.733, 'Time': Timestamp('2009-02-22 03:52:46'), 'mag': 5.2}, {'lat': -0.53, 'long': 133.093, 'Time': Timestamp('2009-02-22 12:15:49'), 'mag': 5.0}, {'lat': 3.679, 'long': 126.561, 'Time': Timestamp('2009-02-22 17:45:22'), 'mag': 6.0}, {'lat': 3.849, 'long': 126.733, 'Time': Timestamp('2009-02-22 03:52:46'), 'mag': 5.2}, {'lat': -0.53, 'long': 133.093, 'Time': Timestamp('2009-02-22 12:15:49'), 'mag': 5.0}, {'lat': 3.679, 'long': 126.561, 'Time': Timestamp('2009-02-22 17:45:22'), 'mag': 6.0}]",15,2009-02-22 10:33:46,RDM_df_train_30D-22SW-tw24_w16.csv,9.240118055555556
155,2009-02-22 17:37:23.086,1,"[{'lat': -41.65, 'long': -88.468, 'Time': Timestamp('2009-02-23 03:49:13'), 'mag': 5.1}, {'lat': -41.65, 'long': -88.468, 'Time': Timestamp('2009-02-23 03:49:13'), 'mag': 5.1}]",2,2009-02-23 03:49:13,RDM_df_train_30D-22SW-tw24_w16.csv,10.197198333333333
666,2009-05-19 09:44:20.689,1,"[{'lat': 25.248, 'long': 37.703, 'Time': Timestamp('2009-05-19 16:54:31'), 'mag': 5.0}, {'lat': 25.291, 'long': 37.74, 'Time': Timestamp('2009-05-19 17:35:01'), 'mag': 5.7}, {'lat': 25.248, 'long': 37.703, 'Time': Timestamp('2009-05-19 16:54:31'), 'mag': 5.0}, {'lat': 25.291, 'long': 37.74, 'Time': Timestamp('2009-05-19 17:35:01'), 'mag': 5.7}, {'lat': 25.248, 'long': 37.703, 'Time': Timestamp('2009-05-19 16:54:31'), 'mag': 5.0}, {'lat': 25.291, 'long': 37.74, 'Time': Timestamp('2009-05-19 17:35:01'), 'mag': 5.7}]",6,2009-05-19 16:54:31,RDM_df_train_30D-22SW-tw24_w16.csv,7.169530833333334
1699,2009-12-29 10:28:49.202,1,"[{'lat': 32.567, 'long': 15.064, 'Time': Timestamp('2009-12-29 11:08:54'), 'mag': 5.0}, {'lat': 32.567, 'long': 15.064, 'Time': Timestamp('2009-12-29 11:08:54'), 'mag': 5.0}]",2,2009-12-29 11:08:54,RDM_df_train_30D-22SW-tw24_w16.csv,0.6679994444444444
702,2009-05-20 06:42:54.467,1,"[{'lat': -7.143, 'long': 67.966, 'Time': Timestamp('2009-05-20 09:57:42'), 'mag': 5.3}, {'lat': -7.101, 'long': 68.021, 'Time': Timestamp('2009-05-20 10:03:12'), 'mag': 5.0}, {'lat': -7.134, 'long': 68.029, 'Time': Timestamp('2009-05-20 15:18:36'), 'mag': 5.0}, {'lat': -7.143, 'long': 67.966, 'Time': Timestamp('2009-05-20 09:57:42'), 'mag': 5.3}, {'lat': -7.101, 'long': 68.021, 'Time': Timestamp('2009-05-20 10:03:12'), 'mag': 5.0}, {'lat': -7.134, 'long': 68.029, 'Time': Timestamp('2009-05-20 15:18:36'), 'mag': 5.0}, {'lat': -7.143, 'long': 67.966, 'Time': Timestamp('2009-05-20 09:57:42'), 'mag': 5.3}, {'lat': -7.101, 'long': 68.021, 'Time': Timestamp('2009-05-20 10:03:12'), 'mag': 5.0}, {'lat': -7.134, 'long': 68.029, 'Time': Timestamp('2009-05-20 15:18:36'), 'mag': 5.0}]",9,2009-05-20 09:57:42,RDM_df_train_30D-22SW-tw24_w16.csv,3.2465369444444443
1449,2009-10-15 22:57:53.082,1,"[{'lat': -11.947, 'long': 165.795, 'Time': Timestamp('2009-10-16 09:37:36'), 'mag': 5.0}, {'lat': -11.947, 'long': 165.795, 'Time': Timestamp('2009-10-16 09:37:36'), 'mag': 5.0}, {'lat': -11.947, 'long': 165.795, 'Time': Timestamp('2009-10-16 09:37:36'), 'mag': 5.0}]",3,2009-10-16 09:37:36,RDM_df_train_30D-22SW-tw24_w16.csv,10.661921666666666
277,2009-03-18 23:10:53.978,1,"[{'lat': -23.043, 'long': -174.66, 'Time': Timestamp('2009-03-19 18:17:40'), 'mag': 7.6}, {'lat': -23.084, 'long': -174.978, 'Time': Timestamp('2009-03-19 19:27:03'), 'mag': 5.0}, {'lat': -23.091, 'long': -174.676, 'Time': Timestamp('2009-03-19 20:33:59'), 'mag': 5.3}, {'lat': -23.043, 'long': -174.66, 'Time': Timestamp('2009-03-19 18:17:40'), 'mag': 7.6}, {'lat': -23.084, 'long': -174.978, 'Time': Timestamp('2009-03-19 19:27:03'), 'mag': 5.0}, {'lat': -23.091, 'long': -174.676, 'Time': Timestamp('2009-03-19 20:33:59'), 'mag': 5.3}, {'lat': -23.043, 'long': -174.66, 'Time': Timestamp('2009-03-19 18:17:40'), 'mag': 7.6}, {'lat': -23.084, 'long': -174.978, 'Time': Timestamp('2009-03-19 19:27:03'), 'mag': 5.0}, {'lat': -23.091, 'long': -174.676, 'Time': Timestamp('2009-03-19 20:33:59'), 'mag': 5.3}]",9,2009-03-19 18:17:40,RDM_df_train_30D-22SW-tw24_w16.csv,19.112783888888888
1112,2009-08-10 00:47:24.030,1,"[{'lat': -11.612, 'long': 166.09, 'Time': Timestamp('2009-08-10 04:06:31'), 'mag': 6.6}, {'lat': -11.553, 'long': 166.224, 'Time': Timestamp('2009-08-10 05:28:16'), 'mag': 5.0}, {'lat': -11.612, 'long': 166.09, 'Time': Timestamp('2009-08-10 04:06:31'), 'mag': 6.6}, {'lat': -11.553, 'long': 166.224, 'Time': Timestamp('2009-08-10 05:28:16'), 'mag': 5.0}, {'lat': -11.612, 'long': 166.09, 'Time': Timestamp('2009-08-10 04:06:31'), 'mag': 6.6}, {'lat': -11.553, 'long': 166.224, 'Time': Timestamp('2009-08-10 05:28:16'), 'mag': 5.0}, {'lat': 34.743, 'long': 138.264, 'Time': Timestamp('2009-08-10 20:07:09'), 'mag': 6.2}, {'lat': 34.743, 'long': 138.264, 'Time': Timestamp('2009-08-10 20:07:09'), 'mag': 6.2}, {'lat': 34.743, 'long': 138.264, 'Time': Timestamp('2009-08-10 20:07:09'), 'mag': 6.2}, {'lat': -3.131, 'long': 143.198, 'Time': Timestamp('2009-08-10 17:46:23'), 'mag': 5.7}, {'lat': -3.131, 'long': 143.198, 'Time': Timestamp('2009-08-10 17:46:23'), 'mag': 5.7}, {'lat': -3.131, 'long': 143.198, 'Time': Timestamp('2009-08-10 17:46:23'), 'mag': 5.7}]",12,2009-08-10 04:06:31,RDM_df_train_30D-22SW-tw24_w16.csv,3.3186027777777776
1860,2010-01-18 22:53:53.596,1,"[{'lat': -30.218, 'long': -177.746, 'Time': Timestamp('2010-01-19 12:04:05'), 'mag': 5.1}, {'lat': -30.218, 'long': -177.746, 'Time': Timestamp('2010-01-19 12:04:05'), 'mag': 5.1}, {'lat': -30.218, 'long': -177.746, 'Time': Timestamp('2010-01-19 12:04:05'), 'mag': 5.1}, {'lat': -9.04, 'long': 158.08, 'Time': Timestamp('2010-01-18 23:11:03'), 'mag': 5.2}, {'lat': -8.952, 'long': 158.1, 'Time': Timestamp('2010-01-18 23:12:41'), 'mag': 5.1}, {'lat': -8.946, 'long': 158.128, 'Time': Timestamp('2010-01-19 00:16:58'), 'mag': 5.1}, {'lat': -8.997, 'long': 158.071, 'Time': Timestamp('2010-01-19 00:17:48'), 'mag': 5.6}, {'lat': -8.865, 'long': 157.777, 'Time': Timestamp('2010-01-19 01:00:22'), 'mag': 5.1}, {'lat': -10.1, 'long': 161.023, 'Time': Timestamp('2010-01-19 08:08:47'), 'mag': 5.0}, {'lat': -9.04, 'long': 158.08, 'Time': Timestamp('2010-01-18 23:11:03'), 'mag': 5.2}, {'lat': -8.952, 'long': 158.1, 'Time': Timestamp('2010-01-18 23:12:41'), 'mag': 5.1}, {'lat': -8.946, 'long': 158.128, 'Time': Timestamp('2010-01-19 00:16:58'), 'mag': 5.1}, {'lat': -8.997, 'long': 158.071, 'Time': Timestamp('2010-01-19 00:17:48'), 'mag': 5.6}, {'lat': -8.865, 'long': 157.777, 'Time': Timestamp('2010-01-19 01:00:22'), 'mag': 5.1}, {'lat': -10.1, 'long': 161.023, 'Time': Timestamp('2010-01-19 08:08:47'), 'mag': 5.0}, {'lat': -9.04, 'long': 158.08, 'Time': Timestamp('2010-01-18 23:11:03'), 'mag': 5.2}, {'lat': -8.952, 'long': 158.1, 'Time': Timestamp('2010-01-18 23:12:41'), 'mag': 5.1}, {'lat': -8.946, 'long': 158.128, 'Time': Timestamp('2010-01-19 00:16:58'), 'mag': 5.1}, {'lat': -8.997, 'long': 158.071, 'Time': Timestamp('2010-01-19 00:17:48'), 'mag': 5.6}, {'lat': -8.865, 'long': 157.777, 'Time': Timestamp('2010-01-19 01:00:22'), 'mag': 5.1}, {'lat': -10.1, 'long': 161.023, 'Time': Timestamp('2010-01-19 08:08:47'), 'mag': 5.0}]",21,2010-01-19 12:04:05,RDM_df_train_30D-22SW-tw24_w16.csv,13.169834444444446
654,2009-05-24 10:22:20.913,1,"[{'lat': 41.303, 'long': 22.714, 'Time': Timestamp('2009-05-24 16:17:50'), 'mag': 5.3}, {'lat': 41.303, 'long': 22.714, 'Time': Timestamp('2009-05-24 16:17:50'), 'mag': 5.3}, {'lat': 41.303, 'long': 22.714, 'Time': Timestamp('2009-05-24 16:17:50'), 'mag': 5.3}]",3,2009-05-24 16:17:50,RDM_df_train_30D-22SW-tw24_w16.csv,5.924746388888889
163,2009-02-11 16:59:53.862,1,"[{'lat': 6.749, 'long': -72.914, 'Time': Timestamp('2009-02-11 17:17:03'), 'mag': 5.0}, {'lat': 6.749, 'long': -72.914, 'Time': Timestamp('2009-02-11 17:17:03'), 'mag': 5.0}, {'lat': 6.749, 'long': -72.914, 'Time': Timestamp('2009-02-11 17:17:03'), 'mag': 5.0}]",3,2009-02-11 17:17:03,RDM_df_train_30D-22SW-tw24_w16.csv,0.28587166666666664
1110,2009-08-29 18:19:21.133,1,"[{'lat': 14.567, 'long': -93.574, 'Time': Timestamp('2009-08-30 09:19:43'), 'mag': 5.1}, {'lat': 14.567, 'long': -93.574, 'Time': Timestamp('2009-08-30 09:19:43'), 'mag': 5.1}, {'lat': 14.567, 'long': -93.574, 'Time': Timestamp('2009-08-30 09:19:43'), 'mag': 5.1}, {'lat': 16.224, 'long': -115.555, 'Time': Timestamp('2009-08-30 07:16:02'), 'mag': 5.1}, {'lat': 16.224, 'long': -115.555, 'Time': Timestamp('2009-08-30 07:16:02'), 'mag': 5.1}, {'lat': 16.224, 'long': -115.555, 'Time': Timestamp('2009-08-30 07:16:02'), 'mag': 5.1}]",6,2009-08-30 09:19:43,RDM_df_train_30D-22SW-tw24_w16.csv,15.006074166666666
79,2009-01-27 06:46:54.632,1,"[{'lat': -44.85, 'long': 35.685, 'Time': Timestamp('2009-01-27 23:19:49'), 'mag': 5.1}, {'lat': -44.85, 'long': 35.685, 'Time': Timestamp('2009-01-27 23:19:49'), 'mag': 5.1}, {'lat': -44.85, 'long': 35.685, 'Time': Timestamp('2009-01-27 23:19:49'), 'mag': 5.1}]",3,2009-01-27 23:19:49,RDM_df_train_30D-22SW-tw24_w16.csv,16.548435555555557
99,2009-02-10 15:23:21.130,1,"[{'lat': 2.268, 'long': -84.463, 'Time': Timestamp('2009-02-11 04:44:56'), 'mag': 5.1}, {'lat': 2.268, 'long': -84.463, 'Time': Timestamp('2009-02-11 04:44:56'), 'mag': 5.1}, {'lat': 2.268, 'long': -84.463, 'Time': Timestamp('2009-02-11 04:44:56'), 'mag': 5.1}]",3,2009-02-11 04:44:56,RDM_df_train_30D-22SW-tw24_w16.csv,13.359686111111111
1351,2009-10-14 00:13:48.695,1,"[{'lat': 52.853, 'long': -166.75, 'Time': Timestamp('2009-10-15 00:13:33'), 'mag': 5.5}, {'lat': 52.853, 'long': -166.75, 'Time': Timestamp('2009-10-15 00:13:33'), 'mag': 5.5}, {'lat': -12.646, 'long': 166.266, 'Time': Timestamp('2009-10-14 00:55:10'), 'mag': 5.4}, {'lat': -12.789, 'long': 166.482, 'Time': Timestamp('2009-10-14 03:18:58'), 'mag': 5.0}, {'lat': -11.578, 'long': 165.978, 'Time': Timestamp('2009-10-14 09:34:35'), 'mag': 5.0}, {'lat': -12.646, 'long': 166.266, 'Time': Timestamp('2009-10-14 00:55:10'), 'mag': 5.4}, {'lat': -12.789, 'long': 166.482, 'Time': Timestamp('2009-10-14 03:18:58'), 'mag': 5.0}, {'lat': -14.08, 'long': 166.768, 'Time': Timestamp('2009-10-14 06:54:42'), 'mag': 5.3}, {'lat': -11.578, 'long': 165.978, 'Time': Timestamp('2009-10-14 09:34:35'), 'mag': 5.0}, {'lat': -12.646, 'long': 166.266, 'Time': Timestamp('2009-10-14 00:55:10'), 'mag': 5.4}, {'lat': -12.789, 'long': 166.482, 'Time': Timestamp('2009-10-14 03:18:58'), 'mag': 5.0}, {'lat': -14.08, 'long': 166.768, 'Time': Timestamp('2009-10-14 06:54:42'), 'mag': 5.3}, {'lat': -11.578, 'long': 165.978, 'Time': Timestamp('2009-10-14 09:34:35'), 'mag': 5.0}, {'lat': -14.08, 'long': 166.768, 'Time': Timestamp('2009-10-14 06:54:42'), 'mag': 5.3}]",14,2009-10-15 00:13:33,RDM_df_train_30D-22SW-tw24_w16.csv,23.995640277777778
1333,2009-10-20 14:37:49.553,1,"[{'lat': -32.768, 'long': -71.762, 'Time': Timestamp('2009-10-21 12:40:19'), 'mag': 5.1}, {'lat': -32.768, 'long': -71.762, 'Time': Timestamp('2009-10-21 12:40:19'), 'mag': 5.1}]",2,2009-10-21 12:40:19,RDM_df_train_30D-22SW-tw24_w16.csv,22.041513055555555
329,2009-03-22 10:13:50.979,1,"[{'lat': -12.738, 'long': -14.687, 'Time': Timestamp('2009-03-22 12:54:51'), 'mag': 5.0}]",1,2009-03-22 12:54:51,RDM_df_train_30D-22SW-tw24_w16.csv,2.683339166666667
1358,2009-10-04 00:43:50.864,1,"[{'lat': -0.468, 'long': 132.974, 'Time': Timestamp('2009-10-04 03:36:00'), 'mag': 5.5}, {'lat': -0.468, 'long': 132.974, 'Time': Timestamp('2009-10-04 03:36:00'), 'mag': 5.5}, {'lat': -5.581, 'long': 148.408, 'Time': Timestamp('2009-10-04 14:43:14'), 'mag': 5.3}, {'lat': -5.945, 'long': 147.564, 'Time': Timestamp('2009-10-04 17:51:54'), 'mag': 5.0}, {'lat': -0.468, 'long': 132.974, 'Time': Timestamp('2009-10-04 03:36:00'), 'mag': 5.5}, {'lat': -5.581, 'long': 148.408, 'Time': Timestamp('2009-10-04 14:43:14'), 'mag': 5.3}, {'lat': -5.945, 'long': 147.564, 'Time': Timestamp('2009-10-04 17:51:54'), 'mag': 5.0}, {'lat': -5.945, 'long': 147.564, 'Time': Timestamp('2009-10-04 17:51:54'), 'mag': 5.0}]",8,2009-10-04 03:36:00,RDM_df_train_30D-22SW-tw24_w16.csv,2.8692044444444447
700,2009-05-22 19:19:23.309,1,"[{'lat': 18.114, 'long': -98.457, 'Time': Timestamp('2009-05-22 19:24:18'), 'mag': 5.6}, {'lat': 18.114, 'long': -98.457, 'Time': Timestamp('2009-05-22 19:24:18'), 'mag': 5.6}]",2,2009-05-22 19:24:18,RDM_df_train_30D-22SW-tw24_w16.csv,0.0818586111111111
956,2009-07-14 21:43:20.513,1,"[{'lat': -40.177, 'long': 173.602, 'Time': Timestamp('2009-07-15 09:38:22'), 'mag': 5.4}, {'lat': -45.762, 'long': 166.562, 'Time': Timestamp('2009-07-15 09:22:29'), 'mag': 7.8}, {'lat': -40.177, 'long': 173.602, 'Time': Timestamp('2009-07-15 09:38:22'), 'mag': 5.4}, {'lat': -46.036, 'long': 165.937, 'Time': Timestamp('2009-07-15 09:41:53'), 'mag': 5.7}, {'lat': -46.196, 'long': 165.791, 'Time': Timestamp('2009-07-15 09:52:16'), 'mag': 5.0}, {'lat': -45.763, 'long': 166.46, 'Time': Timestamp('2009-07-15 10:01:49'), 'mag': 5.3}, {'lat': -46.138, 'long': 166.145, 'Time': Timestamp('2009-07-15 10:36:40'), 'mag': 5.0}, {'lat': -45.438, 'long': 166.518, 'Time': Timestamp('2009-07-15 11:44:13'), 'mag': 5.2}, {'lat': -45.405, 'long': 166.498, 'Time': Timestamp('2009-07-15 13:50:38'), 'mag': 5.4}, {'lat': -46.533, 'long': 165.955, 'Time': Timestamp('2009-07-15 21:36:00'), 'mag': 5.4}, {'lat': -45.762, 'long': 166.562, 'Time': Timestamp('2009-07-15 09:22:29'), 'mag': 7.8}, {'lat': -40.177, 'long': 173.602, 'Time': Timestamp('2009-07-15 09:38:22'), 'mag': 5.4}, {'lat': -46.036, 'long': 165.937, 'Time': Timestamp('2009-07-15 09:41:53'), 'mag': 5.7}, {'lat': -46.196, 'long': 165.791, 'Time': Timestamp('2009-07-15 09:52:16'), 'mag': 5.0}, {'lat': -45.763, 'long': 166.46, 'Time': Timestamp('2009-07-15 10:01:49'), 'mag': 5.3}, {'lat': -46.138, 'long': 166.145, 'Time': Timestamp('2009-07-15 10:36:40'), 'mag': 5.0}, {'lat': -45.438, 'long': 166.518, 'Time': Timestamp('2009-07-15 11:44:13'), 'mag': 5.2}, {'lat': -45.405, 'long': 166.498, 'Time': Timestamp('2009-07-15 13:50:38'), 'mag': 5.4}, {'lat': -46.533, 'long': 165.955, 'Time': Timestamp('2009-07-15 21:36:00'), 'mag': 5.4}, {'lat': -46.036, 'long': 165.937, 'Time': Timestamp('2009-07-15 09:41:53'), 'mag': 5.7}, {'lat': -46.196, 'long': 165.791, 'Time': Timestamp('2009-07-15 09:52:16'), 'mag': 5.0}, {'lat': -46.138, 'long': 166.145, 'Time': Timestamp('2009-07-15 10:36:40'), 'mag': 5.0}, {'lat': -46.533, 'long': 165.955, 'Time': Timestamp('2009-07-15 21:36:00'), 'mag': 5.4}]",23,2009-07-15 09:38:22,RDM_df_train_30D-22SW-tw24_w16.csv,11.917079722222223
1380,2009-10-03 21:51:52.047,1,"[{'lat': -15.635, 'long': -172.892, 'Time': Timestamp('2009-10-04 17:02:26'), 'mag': 5.1}, {'lat': -16.231, 'long': -173.24, 'Time': Timestamp('2009-10-04 09:10:31'), 'mag': 5.5}, {'lat': -15.635, 'long': -172.892, 'Time': Timestamp('2009-10-04 17:02:26'), 'mag': 5.1}, {'lat': -16.352, 'long': -173.255, 'Time': Timestamp('2009-10-04 17:09:53'), 'mag': 5.5}]",4,2009-10-04 17:02:26,RDM_df_train_30D-22SW-tw24_w16.csv,19.176098055555553
1601,2009-11-23 23:48:23.307,1,"[{'lat': -12.29, 'long': 165.994, 'Time': Timestamp('2009-11-24 22:36:09'), 'mag': 5.0}, {'lat': -12.29, 'long': 165.994, 'Time': Timestamp('2009-11-24 22:36:09'), 'mag': 5.0}, {'lat': 56.09, 'long': 164.083, 'Time': Timestamp('2009-11-24 10:41:42'), 'mag': 5.0}, {'lat': 56.09, 'long': 164.083, 'Time': Timestamp('2009-11-24 10:41:42'), 'mag': 5.0}, {'lat': 13.125, 'long': 145.138, 'Time': Timestamp('2009-11-24 02:45:59'), 'mag': 5.0}]",5,2009-11-24 22:36:09,RDM_df_train_30D-22SW-tw24_w16.csv,22.79602583333333
1165,2009-09-03 05:18:56.949,1,"[{'lat': 24.332, 'long': 94.669, 'Time': Timestamp('2009-09-03 19:51:06'), 'mag': 5.9}, {'lat': 24.332, 'long': 94.669, 'Time': Timestamp('2009-09-03 19:51:06'), 'mag': 5.9}, {'lat': 24.332, 'long': 94.669, 'Time': Timestamp('2009-09-03 19:51:06'), 'mag': 5.9}, {'lat': -6.286, 'long': 104.794, 'Time': Timestamp('2009-09-04 00:52:08'), 'mag': 5.1}, {'lat': -6.286, 'long': 104.794, 'Time': Timestamp('2009-09-04 00:52:08'), 'mag': 5.1}]",5,2009-09-03 19:51:06,RDM_df_train_30D-22SW-tw24_w16.csv,14.5358475
633,2009-05-16 18:13:23.200,1,"[{'lat': -5.465, 'long': -105.55, 'Time': Timestamp('2009-05-17 01:34:21'), 'mag': 5.0}, {'lat': -5.465, 'long': -105.55, 'Time': Timestamp('2009-05-17 01:34:21'), 'mag': 5.0}, {'lat': 19.187, 'long': -108.402, 'Time': Timestamp('2009-05-17 06:15:09'), 'mag': 5.1}, {'lat': 19.187, 'long': -108.402, 'Time': Timestamp('2009-05-17 06:15:09'), 'mag': 5.1}, {'lat': 19.187, 'long': -108.402, 'Time': Timestamp('2009-05-17 06:15:09'), 'mag': 5.1}]",5,2009-05-17 01:34:21,RDM_df_train_30D-22SW-tw24_w16.csv,7.349388888888889
175,2009-02-12 21:13:23.898,1,"[{'lat': -30.712, 'long': -178.2, 'Time': Timestamp('2009-02-13 02:17:50'), 'mag': 5.3}, {'lat': -30.712, 'long': -178.2, 'Time': Timestamp('2009-02-13 02:17:50'), 'mag': 5.3}, {'lat': -30.712, 'long': -178.2, 'Time': Timestamp('2009-02-13 02:17:50'), 'mag': 5.3}]",3,2009-02-13 02:17:50,RDM_df_train_30D-22SW-tw24_w16.csv,5.073917222222222
1760,2009-12-15 12:46:23.210,1,"[{'lat': -55.488, 'long': -26.898, 'Time': Timestamp('2009-12-16 03:40:23'), 'mag': 5.5}, {'lat': -55.488, 'long': -26.898, 'Time': Timestamp('2009-12-16 03:40:23'), 'mag': 5.5}]",2,2009-12-16 03:40:23,RDM_df_train_30D-22SW-tw24_w16.csv,14.899941666666667
329,2009-03-22 10:13:50.979,1,"[{'lat': -12.738, 'long': -14.687, 'Time': Timestamp('2009-03-22 12:54:51'), 'mag': 5.0}]",1,2009-03-22 12:54:51,RDM_df_train_30D-22SW-tw24_w16.csv,2.683339166666667
111,2009-02-16 22:51:53.458,1,"[{'lat': -30.724, 'long': -178.617, 'Time': Timestamp('2009-02-17 03:30:53'), 'mag': 6.0}, {'lat': -30.724, 'long': -178.617, 'Time': Timestamp('2009-02-17 03:30:53'), 'mag': 6.0}, {'lat': -30.724, 'long': -178.617, 'Time': Timestamp('2009-02-17 03:30:53'), 'mag': 6.0}, {'lat': -18.851, 'long': 168.854, 'Time': Timestamp('2009-02-17 19:21:30'), 'mag': 5.0}, {'lat': -18.851, 'long': 168.854, 'Time': Timestamp('2009-02-17 19:21:30'), 'mag': 5.0}, {'lat': -18.851, 'long': 168.854, 'Time': Timestamp('2009-02-17 19:21:30'), 'mag': 5.0}]",6,2009-02-17 03:30:53,RDM_df_train_30D-22SW-tw24_w16.csv,4.649872777777778
1044,2009-08-08 07:21:19.079,1,"[{'lat': 35.578, 'long': 81.647, 'Time': Timestamp('2009-08-09 04:02:07'), 'mag': 5.1}, {'lat': 35.578, 'long': 81.647, 'Time': Timestamp('2009-08-09 04:02:07'), 'mag': 5.1}, {'lat': 35.578, 'long': 81.647, 'Time': Timestamp('2009-08-09 04:02:07'), 'mag': 5.1}]",3,2009-08-09 04:02:07,RDM_df_train_30D-22SW-tw24_w16.csv,20.679978055555555
124,2009-02-10 21:06:53.608,1,"[{'lat': -20.775, 'long': -177.298, 'Time': Timestamp('2009-02-11 09:31:04'), 'mag': 5.5}, {'lat': -20.775, 'long': -177.298, 'Time': Timestamp('2009-02-11 09:31:04'), 'mag': 5.5}, {'lat': -20.775, 'long': -177.298, 'Time': Timestamp('2009-02-11 09:31:04'), 'mag': 5.5}]",3,2009-02-11 09:31:04,RDM_df_train_30D-22SW-tw24_w16.csv,12.402886666666667
1661,2009-12-01 00:24:50.464,1,"[{'lat': -16.321, 'long': 167.856, 'Time': Timestamp('2009-12-01 01:01:56'), 'mag': 5.1}, {'lat': -17.077, 'long': 167.643, 'Time': Timestamp('2009-12-01 19:42:58'), 'mag': 5.6}, {'lat': -16.321, 'long': 167.856, 'Time': Timestamp('2009-12-01 01:01:56'), 'mag': 5.1}, {'lat': -17.077, 'long': 167.643, 'Time': Timestamp('2009-12-01 19:42:58'), 'mag': 5.6}, {'lat': -16.321, 'long': 167.856, 'Time': Timestamp('2009-12-01 01:01:56'), 'mag': 5.1}, {'lat': -17.077, 'long': 167.643, 'Time': Timestamp('2009-12-01 19:42:58'), 'mag': 5.6}, {'lat': -5.086, 'long': 152.057, 'Time': Timestamp('2009-12-01 05:11:22'), 'mag': 5.2}, {'lat': -5.086, 'long': 152.057, 'Time': Timestamp('2009-12-01 05:11:22'), 'mag': 5.2}, {'lat': -5.086, 'long': 152.057, 'Time': Timestamp('2009-12-01 05:11:22'), 'mag': 5.2}]",9,2009-12-01 01:01:56,RDM_df_train_30D-22SW-tw24_w16.csv,0.6182044444444444
969,2009-07-24 00:19:48.243,1,"[{'lat': -59.4, 'long': 149.322, 'Time': Timestamp('2009-07-24 21:45:52'), 'mag': 5.4}]",1,2009-07-24 21:45:52,RDM_df_train_30D-22SW-tw24_w16.csv,21.434376944444445
275,2009-03-08 16:42:53.871,1,"[{'lat': 14.046, 'long': -91.356, 'Time': Timestamp('2009-03-08 22:15:02'), 'mag': 5.0}, {'lat': 13.54, 'long': -90.57, 'Time': Timestamp('2009-03-09 06:01:11'), 'mag': 5.4}, {'lat': 14.046, 'long': -91.356, 'Time': Timestamp('2009-03-08 22:15:02'), 'mag': 5.0}, {'lat': 13.54, 'long': -90.57, 'Time': Timestamp('2009-03-09 06:01:11'), 'mag': 5.4}, {'lat': 14.046, 'long': -91.356, 'Time': Timestamp('2009-03-08 22:15:02'), 'mag': 5.0}, {'lat': 13.54, 'long': -90.57, 'Time': Timestamp('2009-03-09 06:01:11'), 'mag': 5.4}]",6,2009-03-08 22:15:02,RDM_df_train_30D-22SW-tw24_w16.csv,5.535591388888889
360,2009-04-07 14:25:21.518,1,"[{'lat': 37.663, 'long': -17.387, 'Time': Timestamp('2009-04-07 15:18:41'), 'mag': 5.0}, {'lat': 8.063, 'long': -37.952, 'Time': Timestamp('2009-04-08 08:22:58'), 'mag': 5.2}, {'lat': 8.063, 'long': -37.952, 'Time': Timestamp('2009-04-08 08:22:58'), 'mag': 5.2}]",3,2009-04-07 15:18:41,RDM_df_train_30D-22SW-tw24_w16.csv,0.888745
814,2009-06-16 08:32:49.664,1,"[{'lat': 21.717, 'long': 62.042, 'Time': Timestamp('2009-06-17 04:12:51'), 'mag': 5.0}, {'lat': 21.717, 'long': 62.042, 'Time': Timestamp('2009-06-17 04:12:51'), 'mag': 5.0}, {'lat': 36.047, 'long': 36.02, 'Time': Timestamp('2009-06-17 04:29:12'), 'mag': 5.0}, {'lat': 36.047, 'long': 36.02, 'Time': Timestamp('2009-06-17 04:29:12'), 'mag': 5.0}, {'lat': 36.047, 'long': 36.02, 'Time': Timestamp('2009-06-17 04:29:12'), 'mag': 5.0}, {'lat': -54.366, 'long': 5.871, 'Time': Timestamp('2009-06-16 20:05:56'), 'mag': 6.1}]",6,2009-06-17 04:12:51,RDM_df_train_30D-22SW-tw24_w16.csv,19.667037777777775
640,2009-05-15 21:56:53.175,1,"[{'lat': 56.2256, 'long': -151.972, 'Time': Timestamp('2009-05-16 18:22:29'), 'mag': 5.9}, {'lat': 56.2529, 'long': -152.2202, 'Time': Timestamp('2009-05-16 18:37:40'), 'mag': 5.3}, {'lat': 56.2256, 'long': -151.972, 'Time': Timestamp('2009-05-16 18:22:29'), 'mag': 5.9}, {'lat': 56.2529, 'long': -152.2202, 'Time': Timestamp('2009-05-16 18:37:40'), 'mag': 5.3}]",4,2009-05-16 18:22:29,RDM_df_train_30D-22SW-tw24_w16.csv,20.426618055555554
1679,2009-12-19 06:49:52.623,1,"[{'lat': -10.108, 'long': 33.818, 'Time': Timestamp('2009-12-19 23:19:15'), 'mag': 6.0}]",1,2009-12-19 23:19:15,RDM_df_train_30D-22SW-tw24_w16.csv,16.489549166666666
283,2009-03-21 11:07:53.565,1,"[{'lat': -12.931, 'long': -14.59, 'Time': Timestamp('2009-03-22 05:52:28'), 'mag': 5.1}, {'lat': -12.826, 'long': -14.553, 'Time': Timestamp('2009-03-22 06:06:35'), 'mag': 5.3}, {'lat': -12.867, 'long': -14.56, 'Time': Timestamp('2009-03-22 08:02:26'), 'mag': 5.1}, {'lat': -12.931, 'long': -14.59, 'Time': Timestamp('2009-03-22 05:52:28'), 'mag': 5.1}, {'lat': -12.826, 'long': -14.553, 'Time': Timestamp('2009-03-22 06:06:35'), 'mag': 5.3}, {'lat': -12.867, 'long': -14.56, 'Time': Timestamp('2009-03-22 08:02:26'), 'mag': 5.1}, {'lat': -12.931, 'long': -14.59, 'Time': Timestamp('2009-03-22 05:52:28'), 'mag': 5.1}, {'lat': -12.826, 'long': -14.553, 'Time': Timestamp('2009-03-22 06:06:35'), 'mag': 5.3}, {'lat': -12.867, 'long': -14.56, 'Time': Timestamp('2009-03-22 08:02:26'), 'mag': 5.1}]",9,2009-03-22 05:52:28,RDM_df_train_30D-22SW-tw24_w16.csv,18.742898611111112
1301,2009-09-30 19:01:53.433,1,"[{'lat': 36.3878333, 'long': -117.8586667, 'Time': Timestamp('2009-10-01 10:01:24'), 'mag': 5.0}, {'lat': 36.3878333, 'long': -117.8586667, 'Time': Timestamp('2009-10-01 10:01:24'), 'mag': 5.0}, {'lat': 36.3878333, 'long': -117.8586667, 'Time': Timestamp('2009-10-01 10:01:24'), 'mag': 5.0}]",3,2009-10-01 10:01:24,RDM_df_train_30D-22SW-tw24_w16.csv,14.991824166666667
923,2009-07-18 23:35:23.101,1,"[{'lat': -15.041, 'long': -173.949, 'Time': Timestamp('2009-07-19 07:16:45'), 'mag': 5.2}, {'lat': -15.0, 'long': -173.0, 'Time': Timestamp('2009-07-19 07:16:48'), 'mag': 5.2}, {'lat': -45.384, 'long': 166.105, 'Time': Timestamp('2009-07-19 05:11:32'), 'mag': 5.4}, {'lat': -45.541, 'long': 166.285, 'Time': Timestamp('2009-07-19 08:48:45'), 'mag': 5.2}, {'lat': -45.384, 'long': 166.105, 'Time': Timestamp('2009-07-19 05:11:32'), 'mag': 5.4}, {'lat': -45.541, 'long': 166.285, 'Time': Timestamp('2009-07-19 08:48:45'), 'mag': 5.2}, {'lat': -45.384, 'long': 166.105, 'Time': Timestamp('2009-07-19 05:11:32'), 'mag': 5.4}, {'lat': -45.541, 'long': 166.285, 'Time': Timestamp('2009-07-19 08:48:45'), 'mag': 5.2}]",8,2009-07-19 07:16:45,RDM_df_train_30D-22SW-tw24_w16.csv,7.68941638888889
1334,2009-10-17 21:07:23.454,1,"[{'lat': -16.391, 'long': -173.273, 'Time': Timestamp('2009-10-18 12:02:33'), 'mag': 5.4}, {'lat': -16.391, 'long': -173.273, 'Time': Timestamp('2009-10-18 12:02:33'), 'mag': 5.4}]",2,2009-10-18 12:02:33,RDM_df_train_30D-22SW-tw24_w16.csv,14.919318333333335
1745,2010-01-06 09:34:52.215,1,"[{'lat': -41.605, 'long': -16.568, 'Time': Timestamp('2010-01-06 16:38:35'), 'mag': 5.6}]",1,2010-01-06 16:38:35,RDM_df_train_30D-22SW-tw24_w16.csv,7.0618847222222225
886,2009-07-20 07:31:52.891,1,"[{'lat': -6.546, 'long': 29.913, 'Time': Timestamp('2009-07-20 23:01:12'), 'mag': 5.0}, {'lat': -6.546, 'long': 29.913, 'Time': Timestamp('2009-07-20 23:01:12'), 'mag': 5.0}]",2,2009-07-20 23:01:12,RDM_df_train_30D-22SW-tw24_w16.csv,15.488641388888889
1796,2010-01-10 22:16:53.991,1,"[{'lat': -16.861, 'long': -174.228, 'Time': Timestamp('2010-01-10 22:44:33'), 'mag': 5.3}]",1,2010-01-10 22:44:33,RDM_df_train_30D-22SW-tw24_w16.csv,0.46083583333333333
1701,2009-12-21 01:09:19.219,1,"[{'lat': 0.461, 'long': 125.409, 'Time': Timestamp('2009-12-21 12:26:44'), 'mag': 5.1}, {'lat': 0.461, 'long': 125.409, 'Time': Timestamp('2009-12-21 12:26:44'), 'mag': 5.1}, {'lat': 0.461, 'long': 125.409, 'Time': Timestamp('2009-12-21 12:26:44'), 'mag': 5.1}]",3,2009-12-21 12:26:44,RDM_df_train_30D-22SW-tw24_w16.csv,11.290216944444445
81,2009-01-22 13:21:53.768,1,"[{'lat': 53.032, 'long': -35.101, 'Time': Timestamp('2009-01-22 14:34:28'), 'mag': 5.0}, {'lat': 53.032, 'long': -35.101, 'Time': Timestamp('2009-01-22 14:34:28'), 'mag': 5.0}]",2,2009-01-22 14:34:28,RDM_df_train_30D-22SW-tw24_w16.csv,1.209508888888889
806,2009-06-23 22:16:23.444,1,"[{'lat': -16.294, 'long': 178.377, 'Time': Timestamp('2009-06-24 13:36:21'), 'mag': 5.0}, {'lat': -16.294, 'long': 178.377, 'Time': Timestamp('2009-06-24 13:36:21'), 'mag': 5.0}, {'lat': -16.294, 'long': 178.377, 'Time': Timestamp('2009-06-24 13:36:21'), 'mag': 5.0}]",3,2009-06-24 13:36:21,RDM_df_train_30D-22SW-tw24_w16.csv,15.332654444444444
1165,2009-09-03 05:18:56.949,1,"[{'lat': 24.332, 'long': 94.669, 'Time': Timestamp('2009-09-03 19:51:06'), 'mag': 5.9}, {'lat': 24.332, 'long': 94.669, 'Time': Timestamp('2009-09-03 19:51:06'), 'mag': 5.9}, {'lat': 24.332, 'long': 94.669, 'Time': Timestamp('2009-09-03 19:51:06'), 'mag': 5.9}, {'lat': -6.286, 'long': 104.794, 'Time': Timestamp('2009-09-04 00:52:08'), 'mag': 5.1}, {'lat': -6.286, 'long': 104.794, 'Time': Timestamp('2009-09-04 00:52:08'), 'mag': 5.1}]",5,2009-09-03 19:51:06,RDM_df_train_30D-22SW-tw24_w16.csv,14.5358475
154,2009-02-15 14:21:25.104,1,"[{'lat': -29.134, 'long': -69.807, 'Time': Timestamp('2009-02-16 02:22:50'), 'mag': 5.4}, {'lat': -29.134, 'long': -69.807, 'Time': Timestamp('2009-02-16 02:22:50'), 'mag': 5.4}, {'lat': -29.134, 'long': -69.807, 'Time': Timestamp('2009-02-16 02:22:50'), 'mag': 5.4}]",3,2009-02-16 02:22:50,RDM_df_train_30D-22SW-tw24_w16.csv,12.023582222222222
1786,2009-12-30 22:54:23.948,1,"[{'lat': -19.747, 'long': -177.753, 'Time': Timestamp('2009-12-31 17:42:15'), 'mag': 5.4}, {'lat': -19.747, 'long': -177.753, 'Time': Timestamp('2009-12-31 17:42:15'), 'mag': 5.4}, {'lat': -19.747, 'long': -177.753, 'Time': Timestamp('2009-12-31 17:42:15'), 'mag': 5.4}]",3,2009-12-31 17:42:15,RDM_df_train_30D-22SW-tw24_w16.csv,18.79751444444444
596,2009-05-15 21:13:23.275,1,"[{'lat': 56.2256, 'long': -151.972, 'Time': Timestamp('2009-05-16 18:22:29'), 'mag': 5.9}, {'lat': 56.2529, 'long': -152.2202, 'Time': Timestamp('2009-05-16 18:37:40'), 'mag': 5.3}, {'lat': 56.2256, 'long': -151.972, 'Time': Timestamp('2009-05-16 18:22:29'), 'mag': 5.9}, {'lat': 56.2529, 'long': -152.2202, 'Time': Timestamp('2009-05-16 18:37:40'), 'mag': 5.3}, {'lat': 56.2256, 'long': -151.972, 'Time': Timestamp('2009-05-16 18:22:29'), 'mag': 5.9}, {'lat': 56.2529, 'long': -152.2202, 'Time': Timestamp('2009-05-16 18:37:40'), 'mag': 5.3}, {'lat': -31.553, 'long': -178.833, 'Time': Timestamp('2009-05-16 00:53:51'), 'mag': 6.5}, {'lat': -31.388, 'long': -177.977, 'Time': Timestamp('2009-05-16 01:05:59'), 'mag': 5.2}, {'lat': -31.641, 'long': -177.667, 'Time': Timestamp('2009-05-16 13:02:43'), 'mag': 5.0}, {'lat': -31.553, 'long': -178.833, 'Time': Timestamp('2009-05-16 00:53:51'), 'mag': 6.5}, {'lat': -31.388, 'long': -177.977, 'Time': Timestamp('2009-05-16 01:05:59'), 'mag': 5.2}, {'lat': -31.641, 'long': -177.667, 'Time': Timestamp('2009-05-16 13:02:43'), 'mag': 5.0}, {'lat': -31.553, 'long': -178.833, 'Time': Timestamp('2009-05-16 00:53:51'), 'mag': 6.5}, {'lat': -31.388, 'long': -177.977, 'Time': Timestamp('2009-05-16 01:05:59'), 'mag': 5.2}, {'lat': -31.641, 'long': -177.667, 'Time': Timestamp('2009-05-16 13:02:43'), 'mag': 5.0}]",15,2009-05-16 18:22:29,RDM_df_train_30D-22SW-tw24_w16.csv,21.15159027777778
1378,2009-10-27 15:22:48.849,1,"[{'lat': -32.744, 'long': -71.764, 'Time': Timestamp('2009-10-28 06:20:02'), 'mag': 5.0}, {'lat': -32.744, 'long': -71.764, 'Time': Timestamp('2009-10-28 06:20:02'), 'mag': 5.0}, {'lat': 6.767, 'long': -72.897, 'Time': Timestamp('2009-10-27 16:25:53'), 'mag': 5.1}, {'lat': 6.767, 'long': -72.897, 'Time': Timestamp('2009-10-27 16:25:53'), 'mag': 5.1}, {'lat': 6.767, 'long': -72.897, 'Time': Timestamp('2009-10-27 16:25:53'), 'mag': 5.1}]",5,2009-10-28 06:20:02,RDM_df_train_30D-22SW-tw24_w16.csv,14.953653055555556
1858,2010-01-18 09:49:21.808,1,"[{'lat': 38.404, 'long': 21.961, 'Time': Timestamp('2010-01-18 15:56:09'), 'mag': 5.5}, {'lat': 38.404, 'long': 21.961, 'Time': Timestamp('2010-01-18 15:56:09'), 'mag': 5.5}]",2,2010-01-18 15:56:09,RDM_df_train_30D-22SW-tw24_w16.csv,6.113108888888888
1102,2009-08-28 01:24:50.129,1,"[{'lat': -9.202, 'long': 154.166, 'Time': Timestamp('2009-08-28 02:52:48'), 'mag': 5.1}, {'lat': -9.202, 'long': 154.166, 'Time': Timestamp('2009-08-28 02:52:48'), 'mag': 5.1}, {'lat': -9.202, 'long': 154.166, 'Time': Timestamp('2009-08-28 02:52:48'), 'mag': 5.1}, {'lat': 29.918, 'long': 130.528, 'Time': Timestamp('2009-08-28 05:47:53'), 'mag': 5.2}, {'lat': 29.918, 'long': 130.528, 'Time': Timestamp('2009-08-28 05:47:53'), 'mag': 5.2}, {'lat': 29.918, 'long': 130.528, 'Time': Timestamp('2009-08-28 05:47:53'), 'mag': 5.2}, {'lat': -7.146, 'long': 123.427, 'Time': Timestamp('2009-08-28 01:51:20'), 'mag': 6.9}, {'lat': -7.146, 'long': 123.427, 'Time': Timestamp('2009-08-28 01:51:20'), 'mag': 6.9}, {'lat': -7.146, 'long': 123.427, 'Time': Timestamp('2009-08-28 01:51:20'), 'mag': 6.9}]",9,2009-08-28 02:52:48,RDM_df_train_30D-22SW-tw24_w16.csv,1.466075277777778
855,2009-06-27 06:02:26.055,1,"[{'lat': -31.763, 'long': 58.379, 'Time': Timestamp('2009-06-28 00:04:22'), 'mag': 5.0}, {'lat': -31.763, 'long': 58.379, 'Time': Timestamp('2009-06-28 00:04:22'), 'mag': 5.0}, {'lat': -31.763, 'long': 58.379, 'Time': Timestamp('2009-06-28 00:04:22'), 'mag': 5.0}]",3,2009-06-28 00:04:22,RDM_df_train_30D-22SW-tw24_w16.csv,18.032206944444443
1129,2009-08-16 23:02:19.694,1,"[{'lat': -6.638, 'long': 154.575, 'Time': Timestamp('2009-08-17 15:21:04'), 'mag': 5.2}, {'lat': -6.638, 'long': 154.575, 'Time': Timestamp('2009-08-17 15:21:04'), 'mag': 5.2}]",2,2009-08-17 15:21:04,RDM_df_train_30D-22SW-tw24_w16.csv,16.31230722222222
525,2009-04-20 23:21:23.397,1,"[{'lat': -31.332, 'long': -177.718, 'Time': Timestamp('2009-04-21 06:00:12'), 'mag': 5.1}, {'lat': 64.506, 'long': 168.476, 'Time': Timestamp('2009-04-21 12:22:35'), 'mag': 5.0}, {'lat': -10.796, 'long': 166.028, 'Time': Timestamp('2009-04-21 21:09:59'), 'mag': 5.7}, {'lat': -19.772, 'long': 169.939, 'Time': Timestamp('2009-04-21 00:53:13'), 'mag': 5.8}, {'lat': -10.796, 'long': 166.028, 'Time': Timestamp('2009-04-21 21:09:59'), 'mag': 5.7}, {'lat': -10.796, 'long': 166.028, 'Time': Timestamp('2009-04-21 21:09:59'), 'mag': 5.7}]",6,2009-04-21 06:00:12,RDM_df_train_30D-22SW-tw24_w16.csv,6.646834166666666
944,2009-07-22 01:34:50.800,1,"[{'lat': 51.458, 'long': 159.34, 'Time': Timestamp('2009-07-22 21:06:08'), 'mag': 5.0}, {'lat': 51.458, 'long': 159.34, 'Time': Timestamp('2009-07-22 21:06:08'), 'mag': 5.0}]",2,2009-07-22 21:06:08,RDM_df_train_30D-22SW-tw24_w16.csv,19.521444444444445
234,2009-03-09 16:28:53.934,1,"[{'lat': 16.46, 'long': -93.65, 'Time': Timestamp('2009-03-10 00:36:44'), 'mag': 5.0}, {'lat': 11.726, 'long': -88.375, 'Time': Timestamp('2009-03-10 07:10:11'), 'mag': 5.1}, {'lat': 16.46, 'long': -93.65, 'Time': Timestamp('2009-03-10 00:36:44'), 'mag': 5.0}, {'lat': 11.726, 'long': -88.375, 'Time': Timestamp('2009-03-10 07:10:11'), 'mag': 5.1}, {'lat': 16.46, 'long': -93.65, 'Time': Timestamp('2009-03-10 00:36:44'), 'mag': 5.0}, {'lat': 11.726, 'long': -88.375, 'Time': Timestamp('2009-03-10 07:10:11'), 'mag': 5.1}]",6,2009-03-10 00:36:44,RDM_df_train_30D-22SW-tw24_w16.csv,8.130573888888888
422,2009-04-05 23:08:23.950,1,"[{'lat': -22.384, 'long': -174.938, 'Time': Timestamp('2009-04-06 12:16:08'), 'mag': 5.6}, {'lat': -22.384, 'long': -174.938, 'Time': Timestamp('2009-04-06 12:16:08'), 'mag': 5.6}, {'lat': -22.384, 'long': -174.938, 'Time': Timestamp('2009-04-06 12:16:08'), 'mag': 5.6}]",3,2009-04-06 12:16:08,RDM_df_train_30D-22SW-tw24_w16.csv,13.128902777777778
709,2009-05-16 18:41:48.966,1,"[{'lat': 19.187, 'long': -108.402, 'Time': Timestamp('2009-05-17 06:15:09'), 'mag': 5.1}, {'lat': 19.187, 'long': -108.402, 'Time': Timestamp('2009-05-17 06:15:09'), 'mag': 5.1}, {'lat': -5.465, 'long': -105.55, 'Time': Timestamp('2009-05-17 01:34:21'), 'mag': 5.0}, {'lat': -5.465, 'long': -105.55, 'Time': Timestamp('2009-05-17 01:34:21'), 'mag': 5.0}, {'lat': -5.465, 'long': -105.55, 'Time': Timestamp('2009-05-17 01:34:21'), 'mag': 5.0}]",5,2009-05-17 06:15:09,RDM_df_train_30D-22SW-tw24_w16.csv,11.555565
1309,2009-10-07 23:59:23.929,1,"[{'lat': -13.22, 'long': 166.423, 'Time': Timestamp('2009-10-08 00:15:20'), 'mag': 5.0}, {'lat': -13.285, 'long': 166.142, 'Time': Timestamp('2009-10-08 00:22:04'), 'mag': 5.1}, {'lat': -11.26, 'long': 167.074, 'Time': Timestamp('2009-10-08 00:25:07'), 'mag': 5.2}, {'lat': -12.798, 'long': 166.204, 'Time': Timestamp('2009-10-08 01:08:36'), 'mag': 5.3}, {'lat': -12.639, 'long': 166.493, 'Time': Timestamp('2009-10-08 01:19:27'), 'mag': 5.0}, {'lat': -13.45, 'long': 166.489, 'Time': Timestamp('2009-10-08 01:31:00'), 'mag': 5.2}, {'lat': -11.293, 'long': 165.668, 'Time': Timestamp('2009-10-08 01:42:44'), 'mag': 5.0}, {'lat': -11.898, 'long': 165.96, 'Time': Timestamp('2009-10-08 01:59:19'), 'mag': 5.9}, {'lat': -11.889, 'long': 165.834, 'Time': Timestamp('2009-10-08 02:02:39'), 'mag': 5.3}, {'lat': -11.66, 'long': 166.177, 'Time': Timestamp('2009-10-08 02:12:39'), 'mag': 5.8}, {'lat': -12.707, 'long': 165.903, 'Time': Timestamp('2009-10-08 03:40:54'), 'mag': 5.1}, {'lat': -13.021, 'long': 166.031, 'Time': Timestamp('2009-10-08 04:17:53'), 'mag': 5.3}, {'lat': -12.922, 'long': 166.004, 'Time': Timestamp('2009-10-08 04:38:50'), 'mag': 5.0}, {'lat': -11.437, 'long': 165.717, 'Time': Timestamp('2009-10-08 06:07:11'), 'mag': 5.0}, {'lat': -13.298, 'long': 165.91, 'Time': Timestamp('2009-10-08 08:28:47'), 'mag': 6.8}, {'lat': -12.237, 'long': 166.489, 'Time': Timestamp('2009-10-08 08:34:36'), 'mag': 6.0}, {'lat': -11.263, 'long': 165.819, 'Time': Timestamp('2009-10-08 10:11:07'), 'mag': 6.1}, {'lat': -12.267, 'long': 165.447, 'Time': Timestamp('2009-10-08 10:47:23'), 'mag': 5.2}, {'lat': -13.438, 'long': 166.534, 'Time': Timestamp('2009-10-08 11:35:03'), 'mag': 5.1}, {'lat': -13.089, 'long': 166.484, 'Time': Timestamp('2009-10-08 17:16:42'), 'mag': 5.2}, {'lat': -12.035, 'long': 165.978, 'Time': Timestamp('2009-10-08 18:10:49'), 'mag': 5.2}, {'lat': -11.643, 'long': 166.074, 'Time': Timestamp('2009-10-08 18:51:26'), 'mag': 5.2}, {'lat': -12.912, 'long': 166.314, 'Time': Timestamp('2009-10-08 21:16:13'), 'mag': 6.0}, {'lat': -12.981, 'long': 166.074, 'Time': Timestamp('2009-10-08 21:18:40'), 'mag': 5.1}, {'lat': -12.438, 'long': 166.219, 'Time': Timestamp('2009-10-08 21:37:17'), 'mag': 5.3}, {'lat': -10.869, 'long': 165.453, 'Time': Timestamp('2009-10-08 22:43:32'), 'mag': 5.3}, {'lat': -13.014, 'long': 165.985, 'Time': Timestamp('2009-10-08 23:32:35'), 'mag': 5.1}, {'lat': -12.4, 'long': 166.696, 'Time': Timestamp('2009-10-08 23:35:43'), 'mag': 5.7}, {'lat': -13.22, 'long': 166.423, 'Time': Timestamp('2009-10-08 00:15:20'), 'mag': 5.0}, {'lat': -13.285, 'long': 166.142, 'Time': Timestamp('2009-10-08 00:22:04'), 'mag': 5.1}, {'lat': -11.26, 'long': 167.074, 'Time': Timestamp('2009-10-08 00:25:07'), 'mag': 5.2}, {'lat': -12.798, 'long': 166.204, 'Time': Timestamp('2009-10-08 01:08:36'), 'mag': 5.3}, {'lat': -12.639, 'long': 166.493, 'Time': Timestamp('2009-10-08 01:19:27'), 'mag': 5.0}, {'lat': -13.45, 'long': 166.489, 'Time': Timestamp('2009-10-08 01:31:00'), 'mag': 5.2}, {'lat': -11.293, 'long': 165.668, 'Time': Timestamp('2009-10-08 01:42:44'), 'mag': 5.0}, {'lat': -11.898, 'long': 165.96, 'Time': Timestamp('2009-10-08 01:59:19'), 'mag': 5.9}, {'lat': -11.889, 'long': 165.834, 'Time': Timestamp('2009-10-08 02:02:39'), 'mag': 5.3}, {'lat': -11.66, 'long': 166.177, 'Time': Timestamp('2009-10-08 02:12:39'), 'mag': 5.8}, {'lat': -12.707, 'long': 165.903, 'Time': Timestamp('2009-10-08 03:40:54'), 'mag': 5.1}, {'lat': -13.021, 'long': 166.031, 'Time': Timestamp('2009-10-08 04:17:53'), 'mag': 5.3}, {'lat': -12.922, 'long': 166.004, 'Time': Timestamp('2009-10-08 04:38:50'), 'mag': 5.0}, {'lat': -11.437, 'long': 165.717, 'Time': Timestamp('2009-10-08 06:07:11'), 'mag': 5.0}, {'lat': -13.298, 'long': 165.91, 'Time': Timestamp('2009-10-08 08:28:47'), 'mag': 6.8}, {'lat': -12.237, 'long': 166.489, 'Time': Timestamp('2009-10-08 08:34:36'), 'mag': 6.0}, {'lat': -11.263, 'long': 165.819, 'Time': Timestamp('2009-10-08 10:11:07'), 'mag': 6.1}, {'lat': -12.267, 'long': 165.447, 'Time': Timestamp('2009-10-08 10:47:23'), 'mag': 5.2}, {'lat': -13.438, 'long': 166.534, 'Time': Timestamp('2009-10-08 11:35:03'), 'mag': 5.1}, {'lat': -13.089, 'long': 166.484, 'Time': Timestamp('2009-10-08 17:16:42'), 'mag': 5.2}, {'lat': -12.035, 'long': 165.978, 'Time': Timestamp('2009-10-08 18:10:49'), 'mag': 5.2}, {'lat': -11.643, 'long': 166.074, 'Time': Timestamp('2009-10-08 18:51:26'), 'mag': 5.2}, {'lat': -15.88, 'long': 168.246, 'Time': Timestamp('2009-10-08 19:42:43'), 'mag': 5.0}, {'lat': -12.912, 'long': 166.314, 'Time': Timestamp('2009-10-08 21:16:13'), 'mag': 6.0}, {'lat': -12.981, 'long': 166.074, 'Time': Timestamp('2009-10-08 21:18:40'), 'mag': 5.1}, {'lat': -12.438, 'long': 166.219, 'Time': Timestamp('2009-10-08 21:37:17'), 'mag': 5.3}, {'lat': -10.869, 'long': 165.453, 'Time': Timestamp('2009-10-08 22:43:32'), 'mag': 5.3}, {'lat': -13.014, 'long': 165.985, 'Time': Timestamp('2009-10-08 23:32:35'), 'mag': 5.1}, {'lat': -12.4, 'long': 166.696, 'Time': Timestamp('2009-10-08 23:35:43'), 'mag': 5.7}, {'lat': -13.22, 'long': 166.423, 'Time': Timestamp('2009-10-08 00:15:20'), 'mag': 5.0}, {'lat': -13.285, 'long': 166.142, 'Time': Timestamp('2009-10-08 00:22:04'), 'mag': 5.1}, {'lat': -11.26, 'long': 167.074, 'Time': Timestamp('2009-10-08 00:25:07'), 'mag': 5.2}, {'lat': -12.798, 'long': 166.204, 'Time': Timestamp('2009-10-08 01:08:36'), 'mag': 5.3}, {'lat': -12.639, 'long': 166.493, 'Time': Timestamp('2009-10-08 01:19:27'), 'mag': 5.0}, {'lat': -13.45, 'long': 166.489, 'Time': Timestamp('2009-10-08 01:31:00'), 'mag': 5.2}, {'lat': -11.293, 'long': 165.668, 'Time': Timestamp('2009-10-08 01:42:44'), 'mag': 5.0}, {'lat': -11.898, 'long': 165.96, 'Time': Timestamp('2009-10-08 01:59:19'), 'mag': 5.9}, {'lat': -11.889, 'long': 165.834, 'Time': Timestamp('2009-10-08 02:02:39'), 'mag': 5.3}, {'lat': -11.66, 'long': 166.177, 'Time': Timestamp('2009-10-08 02:12:39'), 'mag': 5.8}, {'lat': -12.707, 'long': 165.903, 'Time': Timestamp('2009-10-08 03:40:54'), 'mag': 5.1}, {'lat': -13.021, 'long': 166.031, 'Time': Timestamp('2009-10-08 04:17:53'), 'mag': 5.3}, {'lat': -12.922, 'long': 166.004, 'Time': Timestamp('2009-10-08 04:38:50'), 'mag': 5.0}, {'lat': -11.437, 'long': 165.717, 'Time': Timestamp('2009-10-08 06:07:11'), 'mag': 5.0}, {'lat': -13.298, 'long': 165.91, 'Time': Timestamp('2009-10-08 08:28:47'), 'mag': 6.8}, {'lat': -12.237, 'long': 166.489, 'Time': Timestamp('2009-10-08 08:34:36'), 'mag': 6.0}, {'lat': -11.263, 'long': 165.819, 'Time': Timestamp('2009-10-08 10:11:07'), 'mag': 6.1}, {'lat': -12.267, 'long': 165.447, 'Time': Timestamp('2009-10-08 10:47:23'), 'mag': 5.2}, {'lat': -13.438, 'long': 166.534, 'Time': Timestamp('2009-10-08 11:35:03'), 'mag': 5.1}, {'lat': -13.089, 'long': 166.484, 'Time': Timestamp('2009-10-08 17:16:42'), 'mag': 5.2}, {'lat': -12.035, 'long': 165.978, 'Time': Timestamp('2009-10-08 18:10:49'), 'mag': 5.2}, {'lat': -11.643, 'long': 166.074, 'Time': Timestamp('2009-10-08 18:51:26'), 'mag': 5.2}, {'lat': -15.88, 'long': 168.246, 'Time': Timestamp('2009-10-08 19:42:43'), 'mag': 5.0}, {'lat': -12.912, 'long': 166.314, 'Time': Timestamp('2009-10-08 21:16:13'), 'mag': 6.0}, {'lat': -12.981, 'long': 166.074, 'Time': Timestamp('2009-10-08 21:18:40'), 'mag': 5.1}, {'lat': -12.438, 'long': 166.219, 'Time': Timestamp('2009-10-08 21:37:17'), 'mag': 5.3}, {'lat': -10.869, 'long': 165.453, 'Time': Timestamp('2009-10-08 22:43:32'), 'mag': 5.3}, {'lat': -13.014, 'long': 165.985, 'Time': Timestamp('2009-10-08 23:32:35'), 'mag': 5.1}, {'lat': -12.4, 'long': 166.696, 'Time': Timestamp('2009-10-08 23:35:43'), 'mag': 5.7}, {'lat': -15.88, 'long': 168.246, 'Time': Timestamp('2009-10-08 19:42:43'), 'mag': 5.0}, {'lat': 52.979, 'long': 159.875, 'Time': Timestamp('2009-10-08 05:25:15'), 'mag': 5.0}, {'lat': 52.979, 'long': 159.875, 'Time': Timestamp('2009-10-08 05:25:15'), 'mag': 5.0}, {'lat': 52.979, 'long': 159.875, 'Time': Timestamp('2009-10-08 05:25:15'), 'mag': 5.0}]",90,2009-10-08 00:15:20,RDM_df_train_30D-22SW-tw24_w16.csv,0.2655752777777778
1171,2009-09-02 00:53:50.265,1,"[{'lat': 43.804, 'long': 147.796, 'Time': Timestamp('2009-09-02 12:24:39'), 'mag': 5.0}, {'lat': 43.804, 'long': 147.796, 'Time': Timestamp('2009-09-02 12:24:39'), 'mag': 5.0}, {'lat': 43.804, 'long': 147.796, 'Time': Timestamp('2009-09-02 12:24:39'), 'mag': 5.0}]",3,2009-09-02 12:24:39,RDM_df_train_30D-22SW-tw24_w16.csv,11.5135375
965,2009-08-04 11:17:23.263,1,"[{'lat': 43.447, 'long': 28.692, 'Time': Timestamp('2009-08-05 07:49:03'), 'mag': 5.0}, {'lat': 43.447, 'long': 28.692, 'Time': Timestamp('2009-08-05 07:49:03'), 'mag': 5.0}]",2,2009-08-05 07:49:03,RDM_df_train_30D-22SW-tw24_w16.csv,20.52770472222222
899,2009-07-16 23:13:23.523,1,"[{'lat': -21.228, 'long': -174.285, 'Time': Timestamp('2009-07-17 00:59:51'), 'mag': 5.1}, {'lat': -21.773, 'long': -175.075, 'Time': Timestamp('2009-07-17 03:20:29'), 'mag': 5.7}, {'lat': -21.228, 'long': -174.285, 'Time': Timestamp('2009-07-17 00:59:51'), 'mag': 5.1}, {'lat': -21.773, 'long': -175.075, 'Time': Timestamp('2009-07-17 03:20:29'), 'mag': 5.7}, {'lat': -21.228, 'long': -174.285, 'Time': Timestamp('2009-07-17 00:59:51'), 'mag': 5.1}, {'lat': -21.773, 'long': -175.075, 'Time': Timestamp('2009-07-17 03:20:29'), 'mag': 5.7}, {'lat': -45.429, 'long': 166.535, 'Time': Timestamp('2009-07-17 06:39:23'), 'mag': 5.2}, {'lat': -46.388, 'long': 165.691, 'Time': Timestamp('2009-07-17 16:40:03'), 'mag': 5.1}, {'lat': -45.429, 'long': 166.535, 'Time': Timestamp('2009-07-17 06:39:23'), 'mag': 5.2}, {'lat': -46.388, 'long': 165.691, 'Time': Timestamp('2009-07-17 16:40:03'), 'mag': 5.1}]",10,2009-07-17 00:59:51,RDM_df_train_30D-22SW-tw24_w16.csv,1.7742991666666665
1572,2009-11-14 07:06:26.755,1,"[{'lat': 5.903, 'long': 61.224, 'Time': Timestamp('2009-11-14 22:02:45'), 'mag': 5.3}, {'lat': 5.987, 'long': 61.212, 'Time': Timestamp('2009-11-14 22:11:37'), 'mag': 5.3}, {'lat': 5.903, 'long': 61.224, 'Time': Timestamp('2009-11-14 22:02:45'), 'mag': 5.3}, {'lat': 5.987, 'long': 61.212, 'Time': Timestamp('2009-11-14 22:11:37'), 'mag': 5.3}, {'lat': 5.903, 'long': 61.224, 'Time': Timestamp('2009-11-14 22:02:45'), 'mag': 5.3}, {'lat': 5.987, 'long': 61.212, 'Time': Timestamp('2009-11-14 22:11:37'), 'mag': 5.3}]",6,2009-11-14 22:02:45,RDM_df_train_30D-22SW-tw24_w16.csv,14.93840138888889
1719,2009-12-22 23:24:23.975,1,"[{'lat': -15.123, 'long': -172.982, 'Time': Timestamp('2009-12-23 00:38:38'), 'mag': 5.0}]",1,2009-12-23 00:38:38,RDM_df_train_30D-22SW-tw24_w16.csv,1.2372291666666666
1372,2009-10-11 06:38:47.421,1,"[{'lat': -17.099, 'long': 66.688, 'Time': Timestamp('2009-10-12 03:15:47'), 'mag': 6.2}, {'lat': -17.099, 'long': 66.688, 'Time': Timestamp('2009-10-12 03:15:47'), 'mag': 6.2}, {'lat': -17.099, 'long': 66.688, 'Time': Timestamp('2009-10-12 03:15:47'), 'mag': 6.2}]",3,2009-10-12 03:15:47,RDM_df_train_30D-22SW-tw24_w16.csv,20.61654972222222
1392,2009-10-19 22:51:23.901,1,"[{'lat': -11.529, 'long': 165.395, 'Time': Timestamp('2009-10-20 07:53:27'), 'mag': 5.0}, {'lat': -11.529, 'long': 165.395, 'Time': Timestamp('2009-10-20 07:53:27'), 'mag': 5.0}, {'lat': -11.529, 'long': 165.395, 'Time': Timestamp('2009-10-20 07:53:27'), 'mag': 5.0}]",3,2009-10-20 07:53:27,RDM_df_train_30D-22SW-tw24_w16.csv,9.034194166666666
1664,2009-12-06 15:11:51.141,1,"[{'lat': -48.369, 'long': -87.264, 'Time': Timestamp('2009-12-07 14:09:06'), 'mag': 5.0}, {'lat': -48.369, 'long': -87.264, 'Time': Timestamp('2009-12-07 14:09:06'), 'mag': 5.0}, {'lat': -48.369, 'long': -87.264, 'Time': Timestamp('2009-12-07 14:09:06'), 'mag': 5.0}]",3,2009-12-07 14:09:06,RDM_df_train_30D-22SW-tw24_w16.csv,22.9541275
1602,2009-12-11 08:29:23.709,1,"[{'lat': -9.942, 'long': 33.911, 'Time': Timestamp('2009-12-12 02:27:03'), 'mag': 5.5}]",1,2009-12-12 02:27:03,RDM_df_train_30D-22SW-tw24_w16.csv,17.960914166666665
1006,2009-08-03 16:28:53.386,1,"[{'lat': -14.301, 'long': -75.489, 'Time': Timestamp('2009-08-03 20:10:17'), 'mag': 5.3}, {'lat': -14.301, 'long': -75.489, 'Time': Timestamp('2009-08-03 20:10:17'), 'mag': 5.3}, {'lat': -14.301, 'long': -75.489, 'Time': Timestamp('2009-08-03 20:10:17'), 'mag': 5.3}]",3,2009-08-03 20:10:17,RDM_df_train_30D-22SW-tw24_w16.csv,3.6898927777777777
1570,2009-12-02 22:56:23.328,1,"[{'lat': 53.693, 'long': -165.518, 'Time': Timestamp('2009-12-03 01:56:36'), 'mag': 5.3}, {'lat': -18.292, 'long': -174.709, 'Time': Timestamp('2009-12-03 16:03:11'), 'mag': 5.0}, {'lat': -18.292, 'long': -174.709, 'Time': Timestamp('2009-12-03 16:03:11'), 'mag': 5.0}, {'lat': -18.292, 'long': -174.709, 'Time': Timestamp('2009-12-03 16:03:11'), 'mag': 5.0}]",4,2009-12-03 01:56:36,RDM_df_train_30D-22SW-tw24_w16.csv,3.00352
490,2009-04-09 06:16:54.776,1,"[{'lat': 6.263, 'long': 94.441, 'Time': Timestamp('2009-04-09 08:10:54'), 'mag': 5.1}, {'lat': 6.263, 'long': 94.441, 'Time': Timestamp('2009-04-09 08:10:54'), 'mag': 5.1}]",2,2009-04-09 08:10:54,RDM_df_train_30D-22SW-tw24_w16.csv,1.8997844444444445
502,2009-04-16 05:38:55.964,1,"[{'lat': -3.327, 'long': 100.317, 'Time': Timestamp('2009-04-16 19:55:24'), 'mag': 5.5}, {'lat': -3.221, 'long': 100.461, 'Time': Timestamp('2009-04-16 20:51:46'), 'mag': 5.0}, {'lat': -3.327, 'long': 100.317, 'Time': Timestamp('2009-04-16 19:55:24'), 'mag': 5.5}, {'lat': -3.221, 'long': 100.461, 'Time': Timestamp('2009-04-16 20:51:46'), 'mag': 5.0}, {'lat': -3.327, 'long': 100.317, 'Time': Timestamp('2009-04-16 19:55:24'), 'mag': 5.5}, {'lat': -3.221, 'long': 100.461, 'Time': Timestamp('2009-04-16 20:51:46'), 'mag': 5.0}, {'lat': 34.185, 'long': 70.076, 'Time': Timestamp('2009-04-16 21:27:51'), 'mag': 5.2}, {'lat': 34.106, 'long': 70.056, 'Time': Timestamp('2009-04-16 23:42:51'), 'mag': 5.1}, {'lat': 34.185, 'long': 70.076, 'Time': Timestamp('2009-04-16 21:27:51'), 'mag': 5.2}, {'lat': 34.106, 'long': 70.056, 'Time': Timestamp('2009-04-16 23:42:51'), 'mag': 5.1}, {'lat': 34.185, 'long': 70.076, 'Time': Timestamp('2009-04-16 21:27:51'), 'mag': 5.2}, {'lat': 34.106, 'long': 70.056, 'Time': Timestamp('2009-04-16 23:42:51'), 'mag': 5.1}]",12,2009-04-16 19:55:24,RDM_df_train_30D-22SW-tw24_w16.csv,14.274454444444444
212,2009-03-10 22:34:53.277,1,"[{'lat': -22.51, 'long': -174.703, 'Time': Timestamp('2009-03-11 02:56:33'), 'mag': 5.0}, {'lat': -22.51, 'long': -174.703, 'Time': Timestamp('2009-03-11 02:56:33'), 'mag': 5.0}, {'lat': -22.51, 'long': -174.703, 'Time': Timestamp('2009-03-11 02:56:33'), 'mag': 5.0}, {'lat': -11.959, 'long': 166.201, 'Time': Timestamp('2009-03-11 00:31:29'), 'mag': 5.2}, {'lat': -11.959, 'long': 166.201, 'Time': Timestamp('2009-03-11 00:31:29'), 'mag': 5.2}, {'lat': -11.959, 'long': 166.201, 'Time': Timestamp('2009-03-11 00:31:29'), 'mag': 5.2}]",6,2009-03-11 02:56:33,RDM_df_train_30D-22SW-tw24_w16.csv,4.361034166666666
1792,2009-12-28 01:00:49.034,1,"[{'lat': 47.735, 'long': 153.094, 'Time': Timestamp('2009-12-28 08:05:43'), 'mag': 5.1}, {'lat': 47.735, 'long': 153.094, 'Time': Timestamp('2009-12-28 08:05:43'), 'mag': 5.1}, {'lat': 47.735, 'long': 153.094, 'Time': Timestamp('2009-12-28 08:05:43'), 'mag': 5.1}, {'lat': 3.927, 'long': 126.756, 'Time': Timestamp('2009-12-28 10:18:05'), 'mag': 5.2}, {'lat': 3.927, 'long': 126.756, 'Time': Timestamp('2009-12-28 10:18:05'), 'mag': 5.2}, {'lat': 3.927, 'long': 126.756, 'Time': Timestamp('2009-12-28 10:18:05'), 'mag': 5.2}, {'lat': -10.131, 'long': 124.637, 'Time': Timestamp('2009-12-28 15:00:23'), 'mag': 5.2}, {'lat': -10.131, 'long': 124.637, 'Time': Timestamp('2009-12-28 15:00:23'), 'mag': 5.2}, {'lat': -10.131, 'long': 124.637, 'Time': Timestamp('2009-12-28 15:00:23'), 'mag': 5.2}]",9,2009-12-28 08:05:43,RDM_df_train_30D-22SW-tw24_w16.csv,7.081657222222223
836,2009-06-15 15:32:19.005,1,"[{'lat': 16.318, 'long': -87.036, 'Time': Timestamp('2009-06-15 16:00:53'), 'mag': 5.1}, {'lat': 16.318, 'long': -87.036, 'Time': Timestamp('2009-06-15 16:00:53'), 'mag': 5.1}]",2,2009-06-15 16:00:53,RDM_df_train_30D-22SW-tw24_w16.csv,0.4761097222222222
275,2009-03-08 16:42:53.871,1,"[{'lat': 14.046, 'long': -91.356, 'Time': Timestamp('2009-03-08 22:15:02'), 'mag': 5.0}, {'lat': 13.54, 'long': -90.57, 'Time': Timestamp('2009-03-09 06:01:11'), 'mag': 5.4}, {'lat': 14.046, 'long': -91.356, 'Time': Timestamp('2009-03-08 22:15:02'), 'mag': 5.0}, {'lat': 13.54, 'long': -90.57, 'Time': Timestamp('2009-03-09 06:01:11'), 'mag': 5.4}, {'lat': 14.046, 'long': -91.356, 'Time': Timestamp('2009-03-08 22:15:02'), 'mag': 5.0}, {'lat': 13.54, 'long': -90.57, 'Time': Timestamp('2009-03-09 06:01:11'), 'mag': 5.4}]",6,2009-03-08 22:15:02,RDM_df_train_30D-22SW-tw24_w16.csv,5.535591388888889
1216,2009-08-28 20:44:17.361,1,"[{'lat': 43.885, 'long': -128.679, 'Time': Timestamp('2009-08-29 10:11:14'), 'mag': 5.1}, {'lat': 44.024, 'long': -128.38, 'Time': Timestamp('2009-08-29 10:24:08'), 'mag': 5.0}, {'lat': 43.885, 'long': -128.679, 'Time': Timestamp('2009-08-29 10:11:14'), 'mag': 5.1}, {'lat': 44.024, 'long': -128.38, 'Time': Timestamp('2009-08-29 10:24:08'), 'mag': 5.0}, {'lat': 43.885, 'long': -128.679, 'Time': Timestamp('2009-08-29 10:11:14'), 'mag': 5.1}, {'lat': 44.024, 'long': -128.38, 'Time': Timestamp('2009-08-29 10:24:08'), 'mag': 5.0}]",6,2009-08-29 10:11:14,RDM_df_train_30D-22SW-tw24_w16.csv,13.44906638888889
661,2009-05-31 14:11:44.711,1,"[{'lat': 19.565, 'long': -63.477, 'Time': Timestamp('2009-06-01 04:35:09'), 'mag': 5.0}, {'lat': 19.565, 'long': -63.477, 'Time': Timestamp('2009-06-01 04:35:09'), 'mag': 5.0}, {'lat': 19.565, 'long': -63.477, 'Time': Timestamp('2009-06-01 04:35:09'), 'mag': 5.0}]",3,2009-06-01 04:35:09,RDM_df_train_30D-22SW-tw24_w16.csv,14.390080277777777
629,2009-05-20 00:11:18.570,1,"[{'lat': -19.063, 'long': 177.484, 'Time': Timestamp('2009-05-20 11:11:35'), 'mag': 5.0}, {'lat': -19.063, 'long': 177.484, 'Time': Timestamp('2009-05-20 11:11:35'), 'mag': 5.0}, {'lat': -19.063, 'long': 177.484, 'Time': Timestamp('2009-05-20 11:11:35'), 'mag': 5.0}]",3,2009-05-20 11:11:35,RDM_df_train_30D-22SW-tw24_w16.csv,11.004563888888889
664,2009-05-31 03:12:22.346,1,"[{'lat': 37.819, 'long': 141.547, 'Time': Timestamp('2009-05-31 15:33:04'), 'mag': 5.0}, {'lat': 37.819, 'long': 141.547, 'Time': Timestamp('2009-05-31 15:33:04'), 'mag': 5.0}, {'lat': 37.819, 'long': 141.547, 'Time': Timestamp('2009-05-31 15:33:04'), 'mag': 5.0}]",3,2009-05-31 15:33:04,RDM_df_train_30D-22SW-tw24_w16.csv,12.34490388888889
1807,2009-12-30 21:39:20.632,1,"[{'lat': -19.747, 'long': -177.753, 'Time': Timestamp('2009-12-31 17:42:15'), 'mag': 5.4}, {'lat': -19.747, 'long': -177.753, 'Time': Timestamp('2009-12-31 17:42:15'), 'mag': 5.4}]",2,2009-12-31 17:42:15,RDM_df_train_30D-22SW-tw24_w16.csv,20.048435555555557
408,2009-03-31 00:53:22.470,1,"[{'lat': -6.787, 'long': 155.089, 'Time': Timestamp('2009-03-31 02:33:01'), 'mag': 5.0}, {'lat': -6.787, 'long': 155.089, 'Time': Timestamp('2009-03-31 02:33:01'), 'mag': 5.0}, {'lat': -6.787, 'long': 155.089, 'Time': Timestamp('2009-03-31 02:33:01'), 'mag': 5.0}, {'lat': 18.313, 'long': 145.716, 'Time': Timestamp('2009-03-31 15:29:31'), 'mag': 5.5}, {'lat': 18.313, 'long': 145.716, 'Time': Timestamp('2009-03-31 15:29:31'), 'mag': 5.5}, {'lat': 18.313, 'long': 145.716, 'Time': Timestamp('2009-03-31 15:29:31'), 'mag': 5.5}, {'lat': -2.009, 'long': 139.029, 'Time': Timestamp('2009-03-31 01:21:03'), 'mag': 5.1}, {'lat': -2.009, 'long': 139.029, 'Time': Timestamp('2009-03-31 01:21:03'), 'mag': 5.1}, {'lat': -2.009, 'long': 139.029, 'Time': Timestamp('2009-03-31 01:21:03'), 'mag': 5.1}]",9,2009-03-31 02:33:01,RDM_df_train_30D-22SW-tw24_w16.csv,1.6607027777777776
489,2009-04-13 01:21:50.488,1,"[{'lat': -6.822, 'long': 125.093, 'Time': Timestamp('2009-04-13 13:36:46'), 'mag': 5.6}, {'lat': -6.822, 'long': 125.093, 'Time': Timestamp('2009-04-13 13:36:46'), 'mag': 5.6}, {'lat': -6.822, 'long': 125.093, 'Time': Timestamp('2009-04-13 13:36:46'), 'mag': 5.6}]",3,2009-04-13 13:36:46,RDM_df_train_30D-22SW-tw24_w16.csv,12.248753333333333
401,2009-04-05 21:08:25.443,1,"[{'lat': -22.384, 'long': -174.938, 'Time': Timestamp('2009-04-06 12:16:08'), 'mag': 5.6}, {'lat': -22.384, 'long': -174.938, 'Time': Timestamp('2009-04-06 12:16:08'), 'mag': 5.6}, {'lat': -22.384, 'long': -174.938, 'Time': Timestamp('2009-04-06 12:16:08'), 'mag': 5.6}]",3,2009-04-06 12:16:08,RDM_df_train_30D-22SW-tw24_w16.csv,15.128488055555556
52,2009-01-30 23:22:52.808,1,"[{'lat': -61.26, 'long': 154.036, 'Time': Timestamp('2009-01-31 04:33:41'), 'mag': 5.3}]",1,2009-01-31 04:33:41,RDM_df_train_30D-22SW-tw24_w16.csv,5.180053333333333
1490,2009-11-04 08:23:25.218,1,"[{'lat': 12.137, 'long': 45.812, 'Time': Timestamp('2009-11-05 06:23:04'), 'mag': 5.1}, {'lat': 12.108, 'long': 45.907, 'Time': Timestamp('2009-11-05 07:12:32'), 'mag': 5.6}, {'lat': 12.075, 'long': 45.924, 'Time': Timestamp('2009-11-05 07:57:30'), 'mag': 5.4}, {'lat': 12.101, 'long': 45.903, 'Time': Timestamp('2009-11-05 08:05:49'), 'mag': 5.2}, {'lat': 12.137, 'long': 45.812, 'Time': Timestamp('2009-11-05 06:23:04'), 'mag': 5.1}, {'lat': 12.108, 'long': 45.907, 'Time': Timestamp('2009-11-05 07:12:32'), 'mag': 5.6}, {'lat': 12.075, 'long': 45.924, 'Time': Timestamp('2009-11-05 07:57:30'), 'mag': 5.4}, {'lat': 12.101, 'long': 45.903, 'Time': Timestamp('2009-11-05 08:05:49'), 'mag': 5.2}, {'lat': 12.137, 'long': 45.812, 'Time': Timestamp('2009-11-05 06:23:04'), 'mag': 5.1}, {'lat': 12.108, 'long': 45.907, 'Time': Timestamp('2009-11-05 07:12:32'), 'mag': 5.6}, {'lat': 12.075, 'long': 45.924, 'Time': Timestamp('2009-11-05 07:57:30'), 'mag': 5.4}, {'lat': 12.101, 'long': 45.903, 'Time': Timestamp('2009-11-05 08:05:49'), 'mag': 5.2}]",12,2009-11-05 06:23:04,RDM_df_train_30D-22SW-tw24_w16.csv,21.994106111111112
1111,2009-08-25 21:33:24.936,1,"[{'lat': -15.323, 'long': -173.343, 'Time': Timestamp('2009-08-26 07:30:39'), 'mag': 5.2}, {'lat': -15.451, 'long': -173.202, 'Time': Timestamp('2009-08-26 11:49:27'), 'mag': 5.4}, {'lat': -15.323, 'long': -173.343, 'Time': Timestamp('2009-08-26 07:30:39'), 'mag': 5.2}, {'lat': -15.451, 'long': -173.202, 'Time': Timestamp('2009-08-26 11:49:27'), 'mag': 5.4}, {'lat': -15.323, 'long': -173.343, 'Time': Timestamp('2009-08-26 07:30:39'), 'mag': 5.2}, {'lat': -15.451, 'long': -173.202, 'Time': Timestamp('2009-08-26 11:49:27'), 'mag': 5.4}]",6,2009-08-26 07:30:39,RDM_df_train_30D-22SW-tw24_w16.csv,9.953906666666667
860,2009-07-05 06:32:20.474,1,"[{'lat': 36.444, 'long': 71.081, 'Time': Timestamp('2009-07-05 09:45:48'), 'mag': 5.3}, {'lat': 36.444, 'long': 71.081, 'Time': Timestamp('2009-07-05 09:45:48'), 'mag': 5.3}, {'lat': 36.444, 'long': 71.081, 'Time': Timestamp('2009-07-05 09:45:48'), 'mag': 5.3}]",3,2009-07-05 09:45:48,RDM_df_train_30D-22SW-tw24_w16.csv,3.2243127777777776
199,2009-03-05 00:49:22.391,1,"[{'lat': -13.283, 'long': 167.732, 'Time': Timestamp('2009-03-05 18:20:35'), 'mag': 5.0}, {'lat': -13.283, 'long': 167.732, 'Time': Timestamp('2009-03-05 18:20:35'), 'mag': 5.0}, {'lat': -13.283, 'long': 167.732, 'Time': Timestamp('2009-03-05 18:20:35'), 'mag': 5.0}]",3,2009-03-05 18:20:35,RDM_df_train_30D-22SW-tw24_w16.csv,17.520169166666665
1736,2009-12-28 00:53:53.253,1,"[{'lat': 47.735, 'long': 153.094, 'Time': Timestamp('2009-12-28 08:05:43'), 'mag': 5.1}, {'lat': 47.735, 'long': 153.094, 'Time': Timestamp('2009-12-28 08:05:43'), 'mag': 5.1}, {'lat': 47.735, 'long': 153.094, 'Time': Timestamp('2009-12-28 08:05:43'), 'mag': 5.1}, {'lat': 3.927, 'long': 126.756, 'Time': Timestamp('2009-12-28 10:18:05'), 'mag': 5.2}, {'lat': 3.927, 'long': 126.756, 'Time': Timestamp('2009-12-28 10:18:05'), 'mag': 5.2}, {'lat': -10.131, 'long': 124.637, 'Time': Timestamp('2009-12-28 15:00:23'), 'mag': 5.2}, {'lat': -10.131, 'long': 124.637, 'Time': Timestamp('2009-12-28 15:00:23'), 'mag': 5.2}]",7,2009-12-28 08:05:43,RDM_df_train_30D-22SW-tw24_w16.csv,7.197151944444444
1552,2009-11-09 08:50:51.043,1,"[{'lat': -41.071, 'long': 44.416, 'Time': Timestamp('2009-11-10 00:45:53'), 'mag': 5.1}]",1,2009-11-10 00:45:53,RDM_df_train_30D-22SW-tw24_w16.csv,15.917210277777778
582,2009-05-11 13:42:48.467,1,"[{'lat': -22.318, 'long': -66.809, 'Time': Timestamp('2009-05-12 01:03:58'), 'mag': 5.2}, {'lat': -22.318, 'long': -66.809, 'Time': Timestamp('2009-05-12 01:03:58'), 'mag': 5.2}, {'lat': -20.057, 'long': -68.909, 'Time': Timestamp('2009-05-12 05:07:06'), 'mag': 5.1}]",3,2009-05-12 01:03:58,RDM_df_train_30D-22SW-tw24_w16.csv,11.352648055555557
333,2009-03-13 23:17:23.095,1,"[{'lat': -20.03, 'long': -175.382, 'Time': Timestamp('2009-03-14 03:04:12'), 'mag': 5.2}, {'lat': -20.03, 'long': -175.382, 'Time': Timestamp('2009-03-14 03:04:12'), 'mag': 5.2}, {'lat': -20.03, 'long': -175.382, 'Time': Timestamp('2009-03-14 03:04:12'), 'mag': 5.2}, {'lat': -37.017, 'long': 177.562, 'Time': Timestamp('2009-03-14 17:38:59'), 'mag': 5.0}, {'lat': -49.191, 'long': 164.744, 'Time': Timestamp('2009-03-14 10:50:49'), 'mag': 5.1}, {'lat': -63.192, 'long': 171.593, 'Time': Timestamp('2009-03-14 07:53:27'), 'mag': 5.0}, {'lat': -49.191, 'long': 164.744, 'Time': Timestamp('2009-03-14 10:50:49'), 'mag': 5.1}]",7,2009-03-14 03:04:12,RDM_df_train_30D-22SW-tw24_w16.csv,3.780251388888889
1554,2009-11-27 15:27:48.264,1,"[{'lat': 15.05, 'long': -59.66, 'Time': Timestamp('2009-11-28 08:18:35'), 'mag': 5.0}, {'lat': 15.05, 'long': -59.66, 'Time': Timestamp('2009-11-28 08:18:35'), 'mag': 5.0}, {'lat': 15.05, 'long': -59.66, 'Time': Timestamp('2009-11-28 08:18:35'), 'mag': 5.0}, {'lat': -15.683, 'long': -74.991, 'Time': Timestamp('2009-11-28 04:35:38'), 'mag': 5.1}, {'lat': -15.638, 'long': -74.931, 'Time': Timestamp('2009-11-28 05:06:06'), 'mag': 5.2}, {'lat': -15.683, 'long': -74.991, 'Time': Timestamp('2009-11-28 04:35:38'), 'mag': 5.1}, {'lat': -15.638, 'long': -74.931, 'Time': Timestamp('2009-11-28 05:06:06'), 'mag': 5.2}, {'lat': -15.683, 'long': -74.991, 'Time': Timestamp('2009-11-28 04:35:38'), 'mag': 5.1}, {'lat': -15.638, 'long': -74.931, 'Time': Timestamp('2009-11-28 05:06:06'), 'mag': 5.2}]",9,2009-11-28 08:18:35,RDM_df_train_30D-22SW-tw24_w16.csv,16.846315555555556
464,2009-04-21 21:44:54.943,1,"[{'lat': -17.225, 'long': -174.454, 'Time': Timestamp('2009-04-22 15:18:19'), 'mag': 5.1}, {'lat': -17.225, 'long': -174.454, 'Time': Timestamp('2009-04-22 15:18:19'), 'mag': 5.1}, {'lat': -17.225, 'long': -174.454, 'Time': Timestamp('2009-04-22 15:18:19'), 'mag': 5.1}]",3,2009-04-22 15:18:19,RDM_df_train_30D-22SW-tw24_w16.csv,17.5566825
422,2009-04-05 23:08:23.950,1,"[{'lat': -22.384, 'long': -174.938, 'Time': Timestamp('2009-04-06 12:16:08'), 'mag': 5.6}, {'lat': -22.384, 'long': -174.938, 'Time': Timestamp('2009-04-06 12:16:08'), 'mag': 5.6}, {'lat': -22.384, 'long': -174.938, 'Time': Timestamp('2009-04-06 12:16:08'), 'mag': 5.6}]",3,2009-04-06 12:16:08,RDM_df_train_30D-22SW-tw24_w16.csv,13.128902777777778
322,2009-03-29 23:54:53.319,1,"[{'lat': 56.2872, 'long': -152.4774, 'Time': Timestamp('2009-03-30 03:42:46'), 'mag': 5.2}, {'lat': 56.2165, 'long': -152.3473, 'Time': Timestamp('2009-03-30 07:13:03'), 'mag': 5.9}, {'lat': 56.3028, 'long': -152.6549, 'Time': Timestamp('2009-03-30 17:38:13'), 'mag': 5.0}, {'lat': 51.535, 'long': -178.258, 'Time': Timestamp('2009-03-30 12:07:28'), 'mag': 5.7}, {'lat': 51.526, 'long': -178.267, 'Time': Timestamp('2009-03-30 12:11:54'), 'mag': 5.8}, {'lat': 51.535, 'long': -178.258, 'Time': Timestamp('2009-03-30 12:07:28'), 'mag': 5.7}, {'lat': 51.526, 'long': -178.267, 'Time': Timestamp('2009-03-30 12:11:54'), 'mag': 5.8}]",7,2009-03-30 03:42:46,RDM_df_train_30D-22SW-tw24_w16.csv,3.7979669444444446
490,2009-04-09 06:16:54.776,1,"[{'lat': 6.263, 'long': 94.441, 'Time': Timestamp('2009-04-09 08:10:54'), 'mag': 5.1}, {'lat': 6.263, 'long': 94.441, 'Time': Timestamp('2009-04-09 08:10:54'), 'mag': 5.1}]",2,2009-04-09 08:10:54,RDM_df_train_30D-22SW-tw24_w16.csv,1.8997844444444445
808,2009-06-03 04:48:02.480,1,"[{'lat': 32.776, 'long': 81.755, 'Time': Timestamp('2009-06-04 02:54:48'), 'mag': 5.0}, {'lat': 32.776, 'long': 81.755, 'Time': Timestamp('2009-06-04 02:54:48'), 'mag': 5.0}, {'lat': 32.776, 'long': 81.755, 'Time': Timestamp('2009-06-04 02:54:48'), 'mag': 5.0}]",3,2009-06-04 02:54:48,RDM_df_train_30D-22SW-tw24_w16.csv,22.112644444444445
1561,2009-11-15 15:57:53.804,1,"[{'lat': 3.289, 'long': -82.86, 'Time': Timestamp('2009-11-15 17:36:48'), 'mag': 5.2}, {'lat': 3.289, 'long': -82.86, 'Time': Timestamp('2009-11-15 17:36:48'), 'mag': 5.2}, {'lat': 3.289, 'long': -82.86, 'Time': Timestamp('2009-11-15 17:36:48'), 'mag': 5.2}]",3,2009-11-15 17:36:48,RDM_df_train_30D-22SW-tw24_w16.csv,1.6483877777777778
1749,2009-12-20 22:39:24.003,1,"[{'lat': 51.571, 'long': -179.845, 'Time': Timestamp('2009-12-20 23:52:44'), 'mag': 5.0}, {'lat': 51.571, 'long': -179.845, 'Time': Timestamp('2009-12-20 23:52:44'), 'mag': 5.0}, {'lat': 51.571, 'long': -179.845, 'Time': Timestamp('2009-12-20 23:52:44'), 'mag': 5.0}]",3,2009-12-20 23:52:44,RDM_df_train_30D-22SW-tw24_w16.csv,1.2222213888888889
275,2009-03-08 16:42:53.871,1,"[{'lat': 14.046, 'long': -91.356, 'Time': Timestamp('2009-03-08 22:15:02'), 'mag': 5.0}, {'lat': 13.54, 'long': -90.57, 'Time': Timestamp('2009-03-09 06:01:11'), 'mag': 5.4}, {'lat': 14.046, 'long': -91.356, 'Time': Timestamp('2009-03-08 22:15:02'), 'mag': 5.0}, {'lat': 13.54, 'long': -90.57, 'Time': Timestamp('2009-03-09 06:01:11'), 'mag': 5.4}, {'lat': 14.046, 'long': -91.356, 'Time': Timestamp('2009-03-08 22:15:02'), 'mag': 5.0}, {'lat': 13.54, 'long': -90.57, 'Time': Timestamp('2009-03-09 06:01:11'), 'mag': 5.4}]",6,2009-03-08 22:15:02,RDM_df_train_30D-22SW-tw24_w16.csv,5.535591388888889
840,2009-06-10 14:23:54.462,1,"[{'lat': -41.78, 'long': -84.076, 'Time': Timestamp('2009-06-10 22:05:34'), 'mag': 5.0}, {'lat': -41.716, 'long': -83.995, 'Time': Timestamp('2009-06-10 23:13:21'), 'mag': 5.7}, {'lat': -41.78, 'long': -84.076, 'Time': Timestamp('2009-06-10 22:05:34'), 'mag': 5.0}, {'lat': -41.716, 'long': -83.995, 'Time': Timestamp('2009-06-10 23:13:21'), 'mag': 5.7}]",4,2009-06-10 22:05:34,RDM_df_train_30D-22SW-tw24_w16.csv,7.694316111111111
1764,2010-01-09 01:46:20.957,1,"[{'lat': -9.131, 'long': 157.626, 'Time': Timestamp('2010-01-09 05:51:30'), 'mag': 6.2}, {'lat': -9.221, 'long': 157.704, 'Time': Timestamp('2010-01-09 07:04:34'), 'mag': 5.3}, {'lat': -9.179, 'long': 157.745, 'Time': Timestamp('2010-01-09 11:59:15'), 'mag': 5.0}, {'lat': -9.131, 'long': 157.626, 'Time': Timestamp('2010-01-09 05:51:30'), 'mag': 6.2}, {'lat': -9.221, 'long': 157.704, 'Time': Timestamp('2010-01-09 07:04:34'), 'mag': 5.3}, {'lat': -9.179, 'long': 157.745, 'Time': Timestamp('2010-01-09 11:59:15'), 'mag': 5.0}]",6,2010-01-09 05:51:30,RDM_df_train_30D-22SW-tw24_w16.csv,4.085845277777778
531,2009-04-29 23:50:53.798,1,"[{'lat': 58.9929, 'long': -151.3109, 'Time': Timestamp('2009-04-30 04:54:57'), 'mag': 5.0}]",1,2009-04-30 04:54:57,RDM_df_train_30D-22SW-tw24_w16.csv,5.067556111111111
230,2009-02-19 01:41:17.017,1,"[{'lat': -7.389, 'long': 120.642, 'Time': Timestamp('2009-02-19 09:03:21'), 'mag': 5.2}, {'lat': -7.389, 'long': 120.642, 'Time': Timestamp('2009-02-19 09:03:21'), 'mag': 5.2}, {'lat': -7.389, 'long': 120.642, 'Time': Timestamp('2009-02-19 09:03:21'), 'mag': 5.2}]",3,2009-02-19 09:03:21,RDM_df_train_30D-22SW-tw24_w16.csv,7.367773055555555
1165,2009-09-03 05:18:56.949,1,"[{'lat': 24.332, 'long': 94.669, 'Time': Timestamp('2009-09-03 19:51:06'), 'mag': 5.9}, {'lat': 24.332, 'long': 94.669, 'Time': Timestamp('2009-09-03 19:51:06'), 'mag': 5.9}, {'lat': 24.332, 'long': 94.669, 'Time': Timestamp('2009-09-03 19:51:06'), 'mag': 5.9}, {'lat': -6.286, 'long': 104.794, 'Time': Timestamp('2009-09-04 00:52:08'), 'mag': 5.1}, {'lat': -6.286, 'long': 104.794, 'Time': Timestamp('2009-09-04 00:52:08'), 'mag': 5.1}]",5,2009-09-03 19:51:06,RDM_df_train_30D-22SW-tw24_w16.csv,14.5358475
438,2009-04-20 21:22:51.292,1,"[{'lat': -31.332, 'long': -177.718, 'Time': Timestamp('2009-04-21 06:00:12'), 'mag': 5.1}, {'lat': -31.332, 'long': -177.718, 'Time': Timestamp('2009-04-21 06:00:12'), 'mag': 5.1}, {'lat': -31.332, 'long': -177.718, 'Time': Timestamp('2009-04-21 06:00:12'), 'mag': 5.1}]",3,2009-04-21 06:00:12,RDM_df_train_30D-22SW-tw24_w16.csv,8.62241888888889
533,2009-04-16 06:23:26.784,1,"[{'lat': 34.185, 'long': 70.076, 'Time': Timestamp('2009-04-16 21:27:51'), 'mag': 5.2}, {'lat': 34.106, 'long': 70.056, 'Time': Timestamp('2009-04-16 23:42:51'), 'mag': 5.1}, {'lat': 34.185, 'long': 70.076, 'Time': Timestamp('2009-04-16 21:27:51'), 'mag': 5.2}, {'lat': 34.106, 'long': 70.056, 'Time': Timestamp('2009-04-16 23:42:51'), 'mag': 5.1}, {'lat': 34.185, 'long': 70.076, 'Time': Timestamp('2009-04-16 21:27:51'), 'mag': 5.2}, {'lat': 34.106, 'long': 70.056, 'Time': Timestamp('2009-04-16 23:42:51'), 'mag': 5.1}]",6,2009-04-16 21:27:51,RDM_df_train_30D-22SW-tw24_w16.csv,15.073393333333334
1291,2009-10-04 08:39:53.871,1,"[{'lat': 31.874, 'long': 49.492, 'Time': Timestamp('2009-10-04 21:50:52'), 'mag': 5.1}, {'lat': 31.874, 'long': 49.492, 'Time': Timestamp('2009-10-04 21:50:52'), 'mag': 5.1}, {'lat': 31.874, 'long': 49.492, 'Time': Timestamp('2009-10-04 21:50:52'), 'mag': 5.1}]",3,2009-10-04 21:50:52,RDM_df_train_30D-22SW-tw24_w16.csv,13.182813611111111
1290,2009-09-24 22:52:53.710,1,"[{'lat': -30.991, 'long': -177.536, 'Time': Timestamp('2009-09-25 14:07:02'), 'mag': 5.0}, {'lat': -30.991, 'long': -177.536, 'Time': Timestamp('2009-09-25 14:07:02'), 'mag': 5.0}, {'lat': -30.991, 'long': -177.536, 'Time': Timestamp('2009-09-25 14:07:02'), 'mag': 5.0}, {'lat': 67.0308, 'long': -169.8944, 'Time': Timestamp('2009-09-25 09:45:31'), 'mag': 5.1}, {'lat': 67.0308, 'long': -169.8944, 'Time': Timestamp('2009-09-25 09:45:31'), 'mag': 5.1}, {'lat': -22.333, 'long': 171.073, 'Time': Timestamp('2009-09-25 14:23:18'), 'mag': 5.0}, {'lat': -22.333, 'long': 171.073, 'Time': Timestamp('2009-09-25 14:23:18'), 'mag': 5.0}, {'lat': -22.333, 'long': 171.073, 'Time': Timestamp('2009-09-25 14:23:18'), 'mag': 5.0}]",8,2009-09-25 14:07:02,RDM_df_train_30D-22SW-tw24_w16.csv,15.235636111111111
340,2009-04-02 12:54:23.900,1,"[{'lat': -59.553, 'long': -26.253, 'Time': Timestamp('2009-04-03 09:11:48'), 'mag': 5.2}, {'lat': -59.553, 'long': -26.253, 'Time': Timestamp('2009-04-03 09:11:48'), 'mag': 5.2}]",2,2009-04-03 09:11:48,RDM_df_train_30D-22SW-tw24_w16.csv,20.29002777777778
1723,2009-12-26 22:17:23.350,1,"[{'lat': 56.3334, 'long': -152.6155, 'Time': Timestamp('2009-12-27 03:12:42'), 'mag': 5.3}, {'lat': 56.3334, 'long': -152.6155, 'Time': Timestamp('2009-12-27 03:12:42'), 'mag': 5.3}, {'lat': 56.3334, 'long': -152.6155, 'Time': Timestamp('2009-12-27 03:12:42'), 'mag': 5.3}]",3,2009-12-27 03:12:42,RDM_df_train_30D-22SW-tw24_w16.csv,4.9218472222222225
1301,2009-09-30 19:01:53.433,1,"[{'lat': 36.3878333, 'long': -117.8586667, 'Time': Timestamp('2009-10-01 10:01:24'), 'mag': 5.0}, {'lat': 36.3878333, 'long': -117.8586667, 'Time': Timestamp('2009-10-01 10:01:24'), 'mag': 5.0}, {'lat': 36.3878333, 'long': -117.8586667, 'Time': Timestamp('2009-10-01 10:01:24'), 'mag': 5.0}]",3,2009-10-01 10:01:24,RDM_df_train_30D-22SW-tw24_w16.csv,14.991824166666667
1614,2009-12-04 01:17:50.777,1,"[{'lat': 55.224, 'long': 161.835, 'Time': Timestamp('2009-12-05 00:58:58'), 'mag': 5.0}, {'lat': 55.224, 'long': 161.835, 'Time': Timestamp('2009-12-05 00:58:58'), 'mag': 5.0}]",2,2009-12-05 00:58:58,RDM_df_train_30D-22SW-tw24_w16.csv,23.68533972222222
715,2009-05-17 17:34:53.459,1,"[{'lat': -12.991, 'long': -111.422, 'Time': Timestamp('2009-05-18 09:50:17'), 'mag': 5.0}, {'lat': -12.991, 'long': -111.422, 'Time': Timestamp('2009-05-18 09:50:17'), 'mag': 5.0}, {'lat': -12.991, 'long': -111.422, 'Time': Timestamp('2009-05-18 09:50:17'), 'mag': 5.0}]",3,2009-05-18 09:50:17,RDM_df_train_30D-22SW-tw24_w16.csv,16.256539166666666
801,2009-06-02 05:55:55.476,1,"[{'lat': -37.943, 'long': 49.275, 'Time': Timestamp('2009-06-03 04:36:42'), 'mag': 5.2}, {'lat': -37.943, 'long': 49.275, 'Time': Timestamp('2009-06-03 04:36:42'), 'mag': 5.2}, {'lat': -37.943, 'long': 49.275, 'Time': Timestamp('2009-06-03 04:36:42'), 'mag': 5.2}]",3,2009-06-03 04:36:42,RDM_df_train_30D-22SW-tw24_w16.csv,22.67959
974,2009-08-04 07:22:53.618,1,"[{'lat': -8.764, 'long': 67.497, 'Time': Timestamp('2009-08-05 06:28:31'), 'mag': 5.2}, {'lat': -8.764, 'long': 67.497, 'Time': Timestamp('2009-08-05 06:28:31'), 'mag': 5.2}, {'lat': -8.764, 'long': 67.497, 'Time': Timestamp('2009-08-05 06:28:31'), 'mag': 5.2}]",3,2009-08-05 06:28:31,RDM_df_train_30D-22SW-tw24_w16.csv,23.09371722222222
1211,2009-09-15 23:31:23.352,1,"[{'lat': 52.239, 'long': -169.332, 'Time': Timestamp('2009-09-16 20:50:17'), 'mag': 5.1}, {'lat': 52.239, 'long': -169.332, 'Time': Timestamp('2009-09-16 20:50:17'), 'mag': 5.1}, {'lat': 52.239, 'long': -169.332, 'Time': Timestamp('2009-09-16 20:50:17'), 'mag': 5.1}]",3,2009-09-16 20:50:17,RDM_df_train_30D-22SW-tw24_w16.csv,21.314902222222223
1818,2010-01-03 21:02:23.543,1,"[{'lat': -20.959, 'long': -178.977, 'Time': Timestamp('2010-01-04 10:04:41'), 'mag': 5.4}, {'lat': -20.959, 'long': -178.977, 'Time': Timestamp('2010-01-04 10:04:41'), 'mag': 5.4}]",2,2010-01-04 10:04:41,RDM_df_train_30D-22SW-tw24_w16.csv,13.038182500000001
870,2009-07-07 07:39:22.715,1,"[{'lat': -26.74, 'long': 67.478, 'Time': Timestamp('2009-07-07 16:31:41'), 'mag': 5.7}]",1,2009-07-07 16:31:41,RDM_df_train_30D-22SW-tw24_w16.csv,8.871745833333334
875,2009-07-18 23:58:53.350,1,"[{'lat': -45.384, 'long': 166.105, 'Time': Timestamp('2009-07-19 05:11:32'), 'mag': 5.4}, {'lat': -45.541, 'long': 166.285, 'Time': Timestamp('2009-07-19 08:48:45'), 'mag': 5.2}, {'lat': -45.384, 'long': 166.105, 'Time': Timestamp('2009-07-19 05:11:32'), 'mag': 5.4}, {'lat': -45.541, 'long': 166.285, 'Time': Timestamp('2009-07-19 08:48:45'), 'mag': 5.2}, {'lat': -45.384, 'long': 166.105, 'Time': Timestamp('2009-07-19 05:11:32'), 'mag': 5.4}, {'lat': -45.541, 'long': 166.285, 'Time': Timestamp('2009-07-19 08:48:45'), 'mag': 5.2}]",6,2009-07-19 05:11:32,RDM_df_train_30D-22SW-tw24_w16.csv,5.210736111111111
185,2009-02-23 12:26:23.540,1,"[{'lat': -0.255, 'long': -18.315, 'Time': Timestamp('2009-02-24 00:46:40'), 'mag': 5.2}, {'lat': -0.255, 'long': -18.315, 'Time': Timestamp('2009-02-24 00:46:40'), 'mag': 5.2}, {'lat': -0.255, 'long': -18.315, 'Time': Timestamp('2009-02-24 00:46:40'), 'mag': 5.2}]",3,2009-02-24 00:46:40,RDM_df_train_30D-22SW-tw24_w16.csv,12.337905555555555
102,2009-01-27 01:06:21.065,1,"[{'lat': 55.536, 'long': 164.298, 'Time': Timestamp('2009-01-27 23:57:13'), 'mag': 5.5}, {'lat': 55.536, 'long': 164.298, 'Time': Timestamp('2009-01-27 23:57:13'), 'mag': 5.5}]",2,2009-01-27 23:57:13,RDM_df_train_30D-22SW-tw24_w16.csv,22.84775972222222
974,2009-08-04 07:22:53.618,1,"[{'lat': -8.764, 'long': 67.497, 'Time': Timestamp('2009-08-05 06:28:31'), 'mag': 5.2}, {'lat': -8.764, 'long': 67.497, 'Time': Timestamp('2009-08-05 06:28:31'), 'mag': 5.2}, {'lat': -8.764, 'long': 67.497, 'Time': Timestamp('2009-08-05 06:28:31'), 'mag': 5.2}]",3,2009-08-05 06:28:31,RDM_df_train_30D-22SW-tw24_w16.csv,23.09371722222222
1295,2009-09-22 21:45:54.045,1,"[{'lat': -52.963, 'long': 159.911, 'Time': Timestamp('2009-09-23 02:59:30'), 'mag': 6.0}]",1,2009-09-23 02:59:30,RDM_df_train_30D-22SW-tw24_w16.csv,5.226654166666667
77,2009-02-06 22:37:23.526,1,"[{'lat': -20.538, 'long': -178.214, 'Time': Timestamp('2009-02-07 21:51:56'), 'mag': 5.4}]",1,2009-02-07 21:51:56,RDM_df_train_30D-22SW-tw24_w16.csv,23.24235388888889
937,2009-07-27 01:04:51.058,1,"[{'lat': -5.497, 'long': 151.77, 'Time': Timestamp('2009-07-27 11:08:19'), 'mag': 5.0}, {'lat': -5.524, 'long': 151.741, 'Time': Timestamp('2009-07-27 12:34:19'), 'mag': 5.3}, {'lat': -8.91, 'long': 160.864, 'Time': Timestamp('2009-07-27 15:54:52'), 'mag': 5.0}, {'lat': -5.497, 'long': 151.77, 'Time': Timestamp('2009-07-27 11:08:19'), 'mag': 5.0}, {'lat': -5.524, 'long': 151.741, 'Time': Timestamp('2009-07-27 12:34:19'), 'mag': 5.3}, {'lat': -8.91, 'long': 160.864, 'Time': Timestamp('2009-07-27 15:54:52'), 'mag': 5.0}, {'lat': -5.497, 'long': 151.77, 'Time': Timestamp('2009-07-27 11:08:19'), 'mag': 5.0}, {'lat': -5.524, 'long': 151.741, 'Time': Timestamp('2009-07-27 12:34:19'), 'mag': 5.3}, {'lat': -8.91, 'long': 160.864, 'Time': Timestamp('2009-07-27 15:54:52'), 'mag': 5.0}]",9,2009-07-27 11:08:19,RDM_df_train_30D-22SW-tw24_w16.csv,10.057761666666668
1329,2009-10-07 22:14:54.079,1,"[{'lat': -16.739, 'long': -172.4, 'Time': Timestamp('2009-10-07 23:38:08'), 'mag': 5.3}, {'lat': -13.246, 'long': 166.441, 'Time': Timestamp('2009-10-07 22:15:46'), 'mag': 5.2}, {'lat': -12.622, 'long': 166.352, 'Time': Timestamp('2009-10-07 22:18:25'), 'mag': 5.8}, {'lat': -12.517, 'long': 166.382, 'Time': Timestamp('2009-10-07 22:18:51'), 'mag': 7.8}, {'lat': -12.097, 'long': 166.641, 'Time': Timestamp('2009-10-07 22:26:38'), 'mag': 5.6}, {'lat': -11.507, 'long': 166.03, 'Time': Timestamp('2009-10-07 22:29:18'), 'mag': 5.5}, {'lat': -12.048, 'long': 165.949, 'Time': Timestamp('2009-10-07 22:44:00'), 'mag': 5.1}, {'lat': -12.39, 'long': 166.086, 'Time': Timestamp('2009-10-07 22:50:15'), 'mag': 6.8}, {'lat': -12.827, 'long': 165.886, 'Time': Timestamp('2009-10-07 22:55:43'), 'mag': 5.2}, {'lat': -12.478, 'long': 166.326, 'Time': Timestamp('2009-10-07 23:03:35'), 'mag': 5.0}, {'lat': -13.093, 'long': 166.497, 'Time': Timestamp('2009-10-07 23:13:48'), 'mag': 7.4}, {'lat': -12.564, 'long': 165.957, 'Time': Timestamp('2009-10-07 23:23:28'), 'mag': 5.5}, {'lat': -12.107, 'long': 166.015, 'Time': Timestamp('2009-10-07 23:26:06'), 'mag': 5.3}, {'lat': -13.24, 'long': 166.554, 'Time': Timestamp('2009-10-07 23:29:27'), 'mag': 5.0}, {'lat': -13.039, 'long': 166.193, 'Time': Timestamp('2009-10-07 23:41:14'), 'mag': 5.0}, {'lat': -13.538, 'long': 166.399, 'Time': Timestamp('2009-10-07 23:48:52'), 'mag': 5.7}, {'lat': -13.235, 'long': 166.356, 'Time': Timestamp('2009-10-07 23:54:16'), 'mag': 5.8}, {'lat': -13.22, 'long': 166.423, 'Time': Timestamp('2009-10-08 00:15:20'), 'mag': 5.0}, {'lat': -13.285, 'long': 166.142, 'Time': Timestamp('2009-10-08 00:22:04'), 'mag': 5.1}, {'lat': -11.26, 'long': 167.074, 'Time': Timestamp('2009-10-08 00:25:07'), 'mag': 5.2}, {'lat': -12.798, 'long': 166.204, 'Time': Timestamp('2009-10-08 01:08:36'), 'mag': 5.3}, {'lat': -12.639, 'long': 166.493, 'Time': Timestamp('2009-10-08 01:19:27'), 'mag': 5.0}, {'lat': -13.45, 'long': 166.489, 'Time': Timestamp('2009-10-08 01:31:00'), 'mag': 5.2}, {'lat': -11.293, 'long': 165.668, 'Time': Timestamp('2009-10-08 01:42:44'), 'mag': 5.0}, {'lat': -11.898, 'long': 165.96, 'Time': Timestamp('2009-10-08 01:59:19'), 'mag': 5.9}, {'lat': -11.889, 'long': 165.834, 'Time': Timestamp('2009-10-08 02:02:39'), 'mag': 5.3}, {'lat': -11.66, 'long': 166.177, 'Time': Timestamp('2009-10-08 02:12:39'), 'mag': 5.8}, {'lat': -12.707, 'long': 165.903, 'Time': Timestamp('2009-10-08 03:40:54'), 'mag': 5.1}, {'lat': -13.021, 'long': 166.031, 'Time': Timestamp('2009-10-08 04:17:53'), 'mag': 5.3}, {'lat': -12.922, 'long': 166.004, 'Time': Timestamp('2009-10-08 04:38:50'), 'mag': 5.0}, {'lat': -11.437, 'long': 165.717, 'Time': Timestamp('2009-10-08 06:07:11'), 'mag': 5.0}, {'lat': -13.298, 'long': 165.91, 'Time': Timestamp('2009-10-08 08:28:47'), 'mag': 6.8}, {'lat': -12.237, 'long': 166.489, 'Time': Timestamp('2009-10-08 08:34:36'), 'mag': 6.0}, {'lat': -11.263, 'long': 165.819, 'Time': Timestamp('2009-10-08 10:11:07'), 'mag': 6.1}, {'lat': -13.438, 'long': 166.534, 'Time': Timestamp('2009-10-08 11:35:03'), 'mag': 5.1}, {'lat': -13.089, 'long': 166.484, 'Time': Timestamp('2009-10-08 17:16:42'), 'mag': 5.2}, {'lat': -12.035, 'long': 165.978, 'Time': Timestamp('2009-10-08 18:10:49'), 'mag': 5.2}, {'lat': -11.643, 'long': 166.074, 'Time': Timestamp('2009-10-08 18:51:26'), 'mag': 5.2}, {'lat': -12.912, 'long': 166.314, 'Time': Timestamp('2009-10-08 21:16:13'), 'mag': 6.0}, {'lat': -12.981, 'long': 166.074, 'Time': Timestamp('2009-10-08 21:18:40'), 'mag': 5.1}, {'lat': -12.438, 'long': 166.219, 'Time': Timestamp('2009-10-08 21:37:17'), 'mag': 5.3}, {'lat': -13.246, 'long': 166.441, 'Time': Timestamp('2009-10-07 22:15:46'), 'mag': 5.2}, {'lat': -12.622, 'long': 166.352, 'Time': Timestamp('2009-10-07 22:18:25'), 'mag': 5.8}, {'lat': -12.517, 'long': 166.382, 'Time': Timestamp('2009-10-07 22:18:51'), 'mag': 7.8}, {'lat': -12.097, 'long': 166.641, 'Time': Timestamp('2009-10-07 22:26:38'), 'mag': 5.6}, {'lat': -11.507, 'long': 166.03, 'Time': Timestamp('2009-10-07 22:29:18'), 'mag': 5.5}, {'lat': -12.048, 'long': 165.949, 'Time': Timestamp('2009-10-07 22:44:00'), 'mag': 5.1}, {'lat': -12.39, 'long': 166.086, 'Time': Timestamp('2009-10-07 22:50:15'), 'mag': 6.8}, {'lat': -12.827, 'long': 165.886, 'Time': Timestamp('2009-10-07 22:55:43'), 'mag': 5.2}, {'lat': -12.478, 'long': 166.326, 'Time': Timestamp('2009-10-07 23:03:35'), 'mag': 5.0}, {'lat': -13.093, 'long': 166.497, 'Time': Timestamp('2009-10-07 23:13:48'), 'mag': 7.4}, {'lat': -12.564, 'long': 165.957, 'Time': Timestamp('2009-10-07 23:23:28'), 'mag': 5.5}, {'lat': -12.107, 'long': 166.015, 'Time': Timestamp('2009-10-07 23:26:06'), 'mag': 5.3}, {'lat': -13.24, 'long': 166.554, 'Time': Timestamp('2009-10-07 23:29:27'), 'mag': 5.0}, {'lat': -13.039, 'long': 166.193, 'Time': Timestamp('2009-10-07 23:41:14'), 'mag': 5.0}, {'lat': -13.538, 'long': 166.399, 'Time': Timestamp('2009-10-07 23:48:52'), 'mag': 5.7}, {'lat': -13.235, 'long': 166.356, 'Time': Timestamp('2009-10-07 23:54:16'), 'mag': 5.8}, {'lat': -13.22, 'long': 166.423, 'Time': Timestamp('2009-10-08 00:15:20'), 'mag': 5.0}, {'lat': -13.285, 'long': 166.142, 'Time': Timestamp('2009-10-08 00:22:04'), 'mag': 5.1}, {'lat': -11.26, 'long': 167.074, 'Time': Timestamp('2009-10-08 00:25:07'), 'mag': 5.2}, {'lat': -12.798, 'long': 166.204, 'Time': Timestamp('2009-10-08 01:08:36'), 'mag': 5.3}, {'lat': -12.639, 'long': 166.493, 'Time': Timestamp('2009-10-08 01:19:27'), 'mag': 5.0}, {'lat': -13.45, 'long': 166.489, 'Time': Timestamp('2009-10-08 01:31:00'), 'mag': 5.2}, {'lat': -11.293, 'long': 165.668, 'Time': Timestamp('2009-10-08 01:42:44'), 'mag': 5.0}, {'lat': -11.898, 'long': 165.96, 'Time': Timestamp('2009-10-08 01:59:19'), 'mag': 5.9}, {'lat': -11.889, 'long': 165.834, 'Time': Timestamp('2009-10-08 02:02:39'), 'mag': 5.3}, {'lat': -11.66, 'long': 166.177, 'Time': Timestamp('2009-10-08 02:12:39'), 'mag': 5.8}, {'lat': -12.707, 'long': 165.903, 'Time': Timestamp('2009-10-08 03:40:54'), 'mag': 5.1}, {'lat': -13.021, 'long': 166.031, 'Time': Timestamp('2009-10-08 04:17:53'), 'mag': 5.3}, {'lat': -12.922, 'long': 166.004, 'Time': Timestamp('2009-10-08 04:38:50'), 'mag': 5.0}, {'lat': -11.437, 'long': 165.717, 'Time': Timestamp('2009-10-08 06:07:11'), 'mag': 5.0}, {'lat': -13.298, 'long': 165.91, 'Time': Timestamp('2009-10-08 08:28:47'), 'mag': 6.8}, {'lat': -12.237, 'long': 166.489, 'Time': Timestamp('2009-10-08 08:34:36'), 'mag': 6.0}, {'lat': -11.263, 'long': 165.819, 'Time': Timestamp('2009-10-08 10:11:07'), 'mag': 6.1}, {'lat': -12.267, 'long': 165.447, 'Time': Timestamp('2009-10-08 10:47:23'), 'mag': 5.2}, {'lat': -13.438, 'long': 166.534, 'Time': Timestamp('2009-10-08 11:35:03'), 'mag': 5.1}, {'lat': -13.089, 'long': 166.484, 'Time': Timestamp('2009-10-08 17:16:42'), 'mag': 5.2}, {'lat': -12.035, 'long': 165.978, 'Time': Timestamp('2009-10-08 18:10:49'), 'mag': 5.2}, {'lat': -11.643, 'long': 166.074, 'Time': Timestamp('2009-10-08 18:51:26'), 'mag': 5.2}, {'lat': -15.88, 'long': 168.246, 'Time': Timestamp('2009-10-08 19:42:43'), 'mag': 5.0}, {'lat': -12.912, 'long': 166.314, 'Time': Timestamp('2009-10-08 21:16:13'), 'mag': 6.0}, {'lat': -12.981, 'long': 166.074, 'Time': Timestamp('2009-10-08 21:18:40'), 'mag': 5.1}, {'lat': -12.438, 'long': 166.219, 'Time': Timestamp('2009-10-08 21:37:17'), 'mag': 5.3}, {'lat': -13.246, 'long': 166.441, 'Time': Timestamp('2009-10-07 22:15:46'), 'mag': 5.2}, {'lat': -12.622, 'long': 166.352, 'Time': Timestamp('2009-10-07 22:18:25'), 'mag': 5.8}, {'lat': -12.517, 'long': 166.382, 'Time': Timestamp('2009-10-07 22:18:51'), 'mag': 7.8}, {'lat': -12.097, 'long': 166.641, 'Time': Timestamp('2009-10-07 22:26:38'), 'mag': 5.6}, {'lat': -11.507, 'long': 166.03, 'Time': Timestamp('2009-10-07 22:29:18'), 'mag': 5.5}, {'lat': -12.048, 'long': 165.949, 'Time': Timestamp('2009-10-07 22:44:00'), 'mag': 5.1}, {'lat': -12.39, 'long': 166.086, 'Time': Timestamp('2009-10-07 22:50:15'), 'mag': 6.8}, {'lat': -12.827, 'long': 165.886, 'Time': Timestamp('2009-10-07 22:55:43'), 'mag': 5.2}, {'lat': -12.478, 'long': 166.326, 'Time': Timestamp('2009-10-07 23:03:35'), 'mag': 5.0}, {'lat': -13.093, 'long': 166.497, 'Time': Timestamp('2009-10-07 23:13:48'), 'mag': 7.4}, {'lat': -12.564, 'long': 165.957, 'Time': Timestamp('2009-10-07 23:23:28'), 'mag': 5.5}, {'lat': -12.107, 'long': 166.015, 'Time': Timestamp('2009-10-07 23:26:06'), 'mag': 5.3}, {'lat': -13.24, 'long': 166.554, 'Time': Timestamp('2009-10-07 23:29:27'), 'mag': 5.0}, {'lat': -13.039, 'long': 166.193, 'Time': Timestamp('2009-10-07 23:41:14'), 'mag': 5.0}, {'lat': -13.538, 'long': 166.399, 'Time': Timestamp('2009-10-07 23:48:52'), 'mag': 5.7}, {'lat': -13.235, 'long': 166.356, 'Time': Timestamp('2009-10-07 23:54:16'), 'mag': 5.8}, {'lat': -13.22, 'long': 166.423, 'Time': Timestamp('2009-10-08 00:15:20'), 'mag': 5.0}, {'lat': -13.285, 'long': 166.142, 'Time': Timestamp('2009-10-08 00:22:04'), 'mag': 5.1}, {'lat': -11.26, 'long': 167.074, 'Time': Timestamp('2009-10-08 00:25:07'), 'mag': 5.2}, {'lat': -12.798, 'long': 166.204, 'Time': Timestamp('2009-10-08 01:08:36'), 'mag': 5.3}, {'lat': -12.639, 'long': 166.493, 'Time': Timestamp('2009-10-08 01:19:27'), 'mag': 5.0}, {'lat': -13.45, 'long': 166.489, 'Time': Timestamp('2009-10-08 01:31:00'), 'mag': 5.2}, {'lat': -11.293, 'long': 165.668, 'Time': Timestamp('2009-10-08 01:42:44'), 'mag': 5.0}, {'lat': -11.898, 'long': 165.96, 'Time': Timestamp('2009-10-08 01:59:19'), 'mag': 5.9}, {'lat': -11.889, 'long': 165.834, 'Time': Timestamp('2009-10-08 02:02:39'), 'mag': 5.3}, {'lat': -11.66, 'long': 166.177, 'Time': Timestamp('2009-10-08 02:12:39'), 'mag': 5.8}, {'lat': -12.707, 'long': 165.903, 'Time': Timestamp('2009-10-08 03:40:54'), 'mag': 5.1}, {'lat': -13.021, 'long': 166.031, 'Time': Timestamp('2009-10-08 04:17:53'), 'mag': 5.3}, {'lat': -12.922, 'long': 166.004, 'Time': Timestamp('2009-10-08 04:38:50'), 'mag': 5.0}, {'lat': -11.437, 'long': 165.717, 'Time': Timestamp('2009-10-08 06:07:11'), 'mag': 5.0}, {'lat': -13.298, 'long': 165.91, 'Time': Timestamp('2009-10-08 08:28:47'), 'mag': 6.8}, {'lat': -12.237, 'long': 166.489, 'Time': Timestamp('2009-10-08 08:34:36'), 'mag': 6.0}, {'lat': -11.263, 'long': 165.819, 'Time': Timestamp('2009-10-08 10:11:07'), 'mag': 6.1}, {'lat': -12.267, 'long': 165.447, 'Time': Timestamp('2009-10-08 10:47:23'), 'mag': 5.2}, {'lat': -13.438, 'long': 166.534, 'Time': Timestamp('2009-10-08 11:35:03'), 'mag': 5.1}, {'lat': -13.089, 'long': 166.484, 'Time': Timestamp('2009-10-08 17:16:42'), 'mag': 5.2}, {'lat': -12.035, 'long': 165.978, 'Time': Timestamp('2009-10-08 18:10:49'), 'mag': 5.2}, {'lat': -11.643, 'long': 166.074, 'Time': Timestamp('2009-10-08 18:51:26'), 'mag': 5.2}, {'lat': -15.88, 'long': 168.246, 'Time': Timestamp('2009-10-08 19:42:43'), 'mag': 5.0}, {'lat': -12.912, 'long': 166.314, 'Time': Timestamp('2009-10-08 21:16:13'), 'mag': 6.0}, {'lat': -12.981, 'long': 166.074, 'Time': Timestamp('2009-10-08 21:18:40'), 'mag': 5.1}, {'lat': -12.438, 'long': 166.219, 'Time': Timestamp('2009-10-08 21:37:17'), 'mag': 5.3}, {'lat': -15.88, 'long': 168.246, 'Time': Timestamp('2009-10-08 19:42:43'), 'mag': 5.0}]",126,2009-10-07 23:38:08,RDM_df_train_30D-22SW-tw24_w16.csv,1.3872002777777779
465,2009-04-16 00:59:51.458,1,"[{'lat': 55.036, 'long': 165.701, 'Time': Timestamp('2009-04-16 19:15:39'), 'mag': 5.0}, {'lat': 55.036, 'long': 165.701, 'Time': Timestamp('2009-04-16 19:15:39'), 'mag': 5.0}, {'lat': 55.036, 'long': 165.701, 'Time': Timestamp('2009-04-16 19:15:39'), 'mag': 5.0}]",3,2009-04-16 19:15:39,RDM_df_train_30D-22SW-tw24_w16.csv,18.26320611111111
363,2009-03-17 08:20:20.483,1,"[{'lat': 25.911, 'long': 67.238, 'Time': Timestamp('2009-03-17 23:14:47'), 'mag': 5.0}, {'lat': 25.911, 'long': 67.238, 'Time': Timestamp('2009-03-17 23:14:47'), 'mag': 5.0}, {'lat': 25.911, 'long': 67.238, 'Time': Timestamp('2009-03-17 23:14:47'), 'mag': 5.0}]",3,2009-03-17 23:14:47,RDM_df_train_30D-22SW-tw24_w16.csv,14.907365833333333
1577,2009-11-20 23:25:53.729,1,"[{'lat': -15.452, 'long': -173.357, 'Time': Timestamp('2009-11-21 19:30:29'), 'mag': 5.1}, {'lat': -15.452, 'long': -173.357, 'Time': Timestamp('2009-11-21 19:30:29'), 'mag': 5.1}]",2,2009-11-21 19:30:29,RDM_df_train_30D-22SW-tw24_w16.csv,20.076464166666664
1141,2009-09-04 06:34:56.166,1,"[{'lat': -48.301, 'long': 31.67, 'Time': Timestamp('2009-09-04 22:16:47'), 'mag': 5.3}, {'lat': -48.301, 'long': 31.67, 'Time': Timestamp('2009-09-04 22:16:47'), 'mag': 5.3}]",2,2009-09-04 22:16:47,RDM_df_train_30D-22SW-tw24_w16.csv,15.697453888888889
118,2009-02-21 14:06:50.411,1,"[{'lat': 55.472, 'long': -35.115, 'Time': Timestamp('2009-02-21 15:40:43'), 'mag': 5.1}, {'lat': 55.451, 'long': -35.066, 'Time': Timestamp('2009-02-21 16:53:54'), 'mag': 5.4}]",2,2009-02-21 15:40:43,RDM_df_train_30D-22SW-tw24_w16.csv,1.5646080555555555
1708,2009-12-10 01:39:17.288,1,"[{'lat': 53.792, 'long': 160.471, 'Time': Timestamp('2009-12-11 01:16:52'), 'mag': 5.0}, {'lat': 53.792, 'long': 160.471, 'Time': Timestamp('2009-12-11 01:16:52'), 'mag': 5.0}, {'lat': 53.417, 'long': 152.756, 'Time': Timestamp('2009-12-10 02:30:52'), 'mag': 6.3}, {'lat': 53.792, 'long': 160.471, 'Time': Timestamp('2009-12-11 01:16:52'), 'mag': 5.0}, {'lat': 53.417, 'long': 152.756, 'Time': Timestamp('2009-12-10 02:30:52'), 'mag': 6.3}, {'lat': 6.691, 'long': 126.274, 'Time': Timestamp('2009-12-10 15:06:44'), 'mag': 5.2}, {'lat': -7.316, 'long': 129.226, 'Time': Timestamp('2009-12-10 03:13:24'), 'mag': 5.1}, {'lat': 6.691, 'long': 126.274, 'Time': Timestamp('2009-12-10 15:06:44'), 'mag': 5.2}, {'lat': -7.316, 'long': 129.226, 'Time': Timestamp('2009-12-10 03:13:24'), 'mag': 5.1}, {'lat': 6.691, 'long': 126.274, 'Time': Timestamp('2009-12-10 15:06:44'), 'mag': 5.2}, {'lat': -7.316, 'long': 129.226, 'Time': Timestamp('2009-12-10 03:13:24'), 'mag': 5.1}]",11,2009-12-11 01:16:52,RDM_df_train_30D-22SW-tw24_w16.csv,23.62630888888889
839,2009-07-01 11:05:23.224,1,"[{'lat': -11.633, 'long': -14.159, 'Time': Timestamp('2009-07-02 03:20:49'), 'mag': 5.4}, {'lat': -11.633, 'long': -14.159, 'Time': Timestamp('2009-07-02 03:20:49'), 'mag': 5.4}, {'lat': -11.633, 'long': -14.159, 'Time': Timestamp('2009-07-02 03:20:49'), 'mag': 5.4}]",3,2009-07-02 03:20:49,RDM_df_train_30D-22SW-tw24_w16.csv,16.25716
209,2009-03-03 12:48:53.118,1,"[{'lat': -29.018, 'long': -13.686, 'Time': Timestamp('2009-03-04 05:23:15'), 'mag': 5.0}, {'lat': -29.018, 'long': -13.686, 'Time': Timestamp('2009-03-04 05:23:15'), 'mag': 5.0}, {'lat': -29.018, 'long': -13.686, 'Time': Timestamp('2009-03-04 05:23:15'), 'mag': 5.0}]",3,2009-03-04 05:23:15,RDM_df_train_30D-22SW-tw24_w16.csv,16.572744999999998
1557,2009-11-19 01:10:51.638,1,"[{'lat': 2.973, 'long': 128.214, 'Time': Timestamp('2009-11-19 01:14:39'), 'mag': 5.4}, {'lat': 2.973, 'long': 128.214, 'Time': Timestamp('2009-11-19 01:14:39'), 'mag': 5.4}, {'lat': -0.738, 'long': 134.452, 'Time': Timestamp('2009-11-19 23:07:32'), 'mag': 5.0}, {'lat': 2.973, 'long': 128.214, 'Time': Timestamp('2009-11-19 01:14:39'), 'mag': 5.4}, {'lat': -0.738, 'long': 134.452, 'Time': Timestamp('2009-11-19 23:07:32'), 'mag': 5.0}]",5,2009-11-19 01:14:39,RDM_df_train_30D-22SW-tw24_w16.csv,0.06315611111111111
1228,2009-09-03 23:23:53.529,1,"[{'lat': -4.78, 'long': 153.237, 'Time': Timestamp('2009-09-04 09:59:40'), 'mag': 5.0}, {'lat': -4.78, 'long': 153.237, 'Time': Timestamp('2009-09-04 09:59:40'), 'mag': 5.0}]",2,2009-09-04 09:59:40,RDM_df_train_30D-22SW-tw24_w16.csv,10.596241944444444
917,2009-07-05 00:42:52.588,1,"[{'lat': 14.895, 'long': 144.58, 'Time': Timestamp('2009-07-05 23:35:41'), 'mag': 5.0}, {'lat': 14.895, 'long': 144.58, 'Time': Timestamp('2009-07-05 23:35:41'), 'mag': 5.0}, {'lat': 14.895, 'long': 144.58, 'Time': Timestamp('2009-07-05 23:35:41'), 'mag': 5.0}]",3,2009-07-05 23:35:41,RDM_df_train_30D-22SW-tw24_w16.csv,22.880114444444445
732,2009-06-09 17:26:53.842,1,"[{'lat': -55.061, 'long': -126.655, 'Time': Timestamp('2009-06-09 22:42:38'), 'mag': 5.6}, {'lat': -55.061, 'long': -126.655, 'Time': Timestamp('2009-06-09 22:42:38'), 'mag': 5.6}, {'lat': -55.061, 'long': -126.655, 'Time': Timestamp('2009-06-09 22:42:38'), 'mag': 5.6}]",3,2009-06-09 22:42:38,RDM_df_train_30D-22SW-tw24_w16.csv,5.262266111111111
846,2009-06-25 11:35:53.625,1,"[{'lat': -23.811, 'long': -13.434, 'Time': Timestamp('2009-06-25 12:34:17'), 'mag': 5.3}]",1,2009-06-25 12:34:17,RDM_df_train_30D-22SW-tw24_w16.csv,0.9731597222222222
1749,2009-12-20 22:39:24.003,1,"[{'lat': 51.571, 'long': -179.845, 'Time': Timestamp('2009-12-20 23:52:44'), 'mag': 5.0}, {'lat': 51.571, 'long': -179.845, 'Time': Timestamp('2009-12-20 23:52:44'), 'mag': 5.0}, {'lat': 51.571, 'long': -179.845, 'Time': Timestamp('2009-12-20 23:52:44'), 'mag': 5.0}]",3,2009-12-20 23:52:44,RDM_df_train_30D-22SW-tw24_w16.csv,1.2222213888888889
36,2009-01-20 07:40:47.452,1,"[{'lat': 35.869, 'long': 69.932, 'Time': Timestamp('2009-01-20 09:26:12'), 'mag': 5.2}, {'lat': 35.869, 'long': 69.932, 'Time': Timestamp('2009-01-20 09:26:12'), 'mag': 5.2}, {'lat': 35.869, 'long': 69.932, 'Time': Timestamp('2009-01-20 09:26:12'), 'mag': 5.2}, {'lat': -20.175, 'long': 66.411, 'Time': Timestamp('2009-01-21 06:27:57'), 'mag': 5.2}, {'lat': -20.175, 'long': 66.411, 'Time': Timestamp('2009-01-21 06:27:57'), 'mag': 5.2}, {'lat': -20.175, 'long': 66.411, 'Time': Timestamp('2009-01-21 06:27:57'), 'mag': 5.2}]",6,2009-01-20 09:26:12,RDM_df_train_30D-22SW-tw24_w16.csv,1.756818888888889
532,2009-04-26 03:07:25.046,1,"[{'lat': 4.022, 'long': 126.566, 'Time': Timestamp('2009-04-26 18:14:20'), 'mag': 5.1}, {'lat': 4.022, 'long': 126.566, 'Time': Timestamp('2009-04-26 18:14:20'), 'mag': 5.1}, {'lat': 4.022, 'long': 126.566, 'Time': Timestamp('2009-04-26 18:14:20'), 'mag': 5.1}]",3,2009-04-26 18:14:20,RDM_df_train_30D-22SW-tw24_w16.csv,15.115264999999999
53,2009-01-20 07:32:50.285,1,"[{'lat': 35.869, 'long': 69.932, 'Time': Timestamp('2009-01-20 09:26:12'), 'mag': 5.2}, {'lat': 35.869, 'long': 69.932, 'Time': Timestamp('2009-01-20 09:26:12'), 'mag': 5.2}, {'lat': 35.869, 'long': 69.932, 'Time': Timestamp('2009-01-20 09:26:12'), 'mag': 5.2}, {'lat': -20.175, 'long': 66.411, 'Time': Timestamp('2009-01-21 06:27:57'), 'mag': 5.2}, {'lat': -20.175, 'long': 66.411, 'Time': Timestamp('2009-01-21 06:27:57'), 'mag': 5.2}, {'lat': -20.175, 'long': 66.411, 'Time': Timestamp('2009-01-21 06:27:57'), 'mag': 5.2}]",6,2009-01-20 09:26:12,RDM_df_train_30D-22SW-tw24_w16.csv,1.8893652777777779
1742,2010-01-02 22:09:53.601,1,"[{'lat': -13.881, 'long': 167.231, 'Time': Timestamp('2010-01-03 09:10:37'), 'mag': 5.1}, {'lat': -13.881, 'long': 167.231, 'Time': Timestamp('2010-01-03 09:10:37'), 'mag': 5.1}, {'lat': -12.883, 'long': 166.145, 'Time': Timestamp('2010-01-03 15:13:48'), 'mag': 5.2}, {'lat': -13.881, 'long': 167.231, 'Time': Timestamp('2010-01-03 09:10:37'), 'mag': 5.1}, {'lat': -12.883, 'long': 166.145, 'Time': Timestamp('2010-01-03 15:13:48'), 'mag': 5.2}]",5,2010-01-03 09:10:37,RDM_df_train_30D-22SW-tw24_w16.csv,11.012055277777778
1099,2009-08-12 15:42:23.095,1,"[{'lat': -27.893, 'long': -66.672, 'Time': Timestamp('2009-08-12 18:00:52'), 'mag': 5.5}, {'lat': -27.893, 'long': -66.672, 'Time': Timestamp('2009-08-12 18:00:52'), 'mag': 5.5}, {'lat': -27.893, 'long': -66.672, 'Time': Timestamp('2009-08-12 18:00:52'), 'mag': 5.5}, {'lat': 7.948, 'long': -85.633, 'Time': Timestamp('2009-08-13 09:37:35'), 'mag': 5.8}, {'lat': 7.948, 'long': -85.633, 'Time': Timestamp('2009-08-13 09:37:35'), 'mag': 5.8}, {'lat': 7.948, 'long': -85.633, 'Time': Timestamp('2009-08-13 09:37:35'), 'mag': 5.8}]",6,2009-08-12 18:00:52,RDM_df_train_30D-22SW-tw24_w16.csv,2.308029166666667
517,2009-05-04 21:22:23.596,1,"[{'lat': -17.656, 'long': -173.243, 'Time': Timestamp('2009-05-05 03:20:05'), 'mag': 5.0}, {'lat': -17.656, 'long': -173.243, 'Time': Timestamp('2009-05-05 03:20:05'), 'mag': 5.0}, {'lat': -17.656, 'long': -173.243, 'Time': Timestamp('2009-05-05 03:20:05'), 'mag': 5.0}]",3,2009-05-05 03:20:05,RDM_df_train_30D-22SW-tw24_w16.csv,5.961501111111111
1561,2009-11-15 15:57:53.804,1,"[{'lat': 3.289, 'long': -82.86, 'Time': Timestamp('2009-11-15 17:36:48'), 'mag': 5.2}, {'lat': 3.289, 'long': -82.86, 'Time': Timestamp('2009-11-15 17:36:48'), 'mag': 5.2}, {'lat': 3.289, 'long': -82.86, 'Time': Timestamp('2009-11-15 17:36:48'), 'mag': 5.2}]",3,2009-11-15 17:36:48,RDM_df_train_30D-22SW-tw24_w16.csv,1.6483877777777778
1256,2009-09-04 15:02:23.986,1,"[{'lat': -15.121, 'long': -70.248, 'Time': Timestamp('2009-09-05 03:58:39'), 'mag': 5.8}, {'lat': -15.121, 'long': -70.248, 'Time': Timestamp('2009-09-05 03:58:39'), 'mag': 5.8}, {'lat': -15.121, 'long': -70.248, 'Time': Timestamp('2009-09-05 03:58:39'), 'mag': 5.8}, {'lat': -41.202, 'long': -86.114, 'Time': Timestamp('2009-09-04 17:59:41'), 'mag': 5.4}, {'lat': -41.202, 'long': -86.114, 'Time': Timestamp('2009-09-04 17:59:41'), 'mag': 5.4}, {'lat': -41.202, 'long': -86.114, 'Time': Timestamp('2009-09-04 17:59:41'), 'mag': 5.4}]",6,2009-09-05 03:58:39,RDM_df_train_30D-22SW-tw24_w16.csv,12.93750388888889
52,2009-01-30 23:22:52.808,1,"[{'lat': -61.26, 'long': 154.036, 'Time': Timestamp('2009-01-31 04:33:41'), 'mag': 5.3}]",1,2009-01-31 04:33:41,RDM_df_train_30D-22SW-tw24_w16.csv,5.180053333333333
869,2009-07-14 23:28:53.949,1,"[{'lat': -40.177, 'long': 173.602, 'Time': Timestamp('2009-07-15 09:38:22'), 'mag': 5.4}, {'lat': -45.762, 'long': 166.562, 'Time': Timestamp('2009-07-15 09:22:29'), 'mag': 7.8}, {'lat': -40.177, 'long': 173.602, 'Time': Timestamp('2009-07-15 09:38:22'), 'mag': 5.4}, {'lat': -46.036, 'long': 165.937, 'Time': Timestamp('2009-07-15 09:41:53'), 'mag': 5.7}, {'lat': -46.196, 'long': 165.791, 'Time': Timestamp('2009-07-15 09:52:16'), 'mag': 5.0}, {'lat': -45.763, 'long': 166.46, 'Time': Timestamp('2009-07-15 10:01:49'), 'mag': 5.3}, {'lat': -46.138, 'long': 166.145, 'Time': Timestamp('2009-07-15 10:36:40'), 'mag': 5.0}, {'lat': -45.438, 'long': 166.518, 'Time': Timestamp('2009-07-15 11:44:13'), 'mag': 5.2}, {'lat': -45.405, 'long': 166.498, 'Time': Timestamp('2009-07-15 13:50:38'), 'mag': 5.4}, {'lat': -46.533, 'long': 165.955, 'Time': Timestamp('2009-07-15 21:36:00'), 'mag': 5.4}, {'lat': -45.762, 'long': 166.562, 'Time': Timestamp('2009-07-15 09:22:29'), 'mag': 7.8}, {'lat': -40.177, 'long': 173.602, 'Time': Timestamp('2009-07-15 09:38:22'), 'mag': 5.4}, {'lat': -46.036, 'long': 165.937, 'Time': Timestamp('2009-07-15 09:41:53'), 'mag': 5.7}, {'lat': -46.196, 'long': 165.791, 'Time': Timestamp('2009-07-15 09:52:16'), 'mag': 5.0}, {'lat': -45.763, 'long': 166.46, 'Time': Timestamp('2009-07-15 10:01:49'), 'mag': 5.3}, {'lat': -46.138, 'long': 166.145, 'Time': Timestamp('2009-07-15 10:36:40'), 'mag': 5.0}, {'lat': -45.438, 'long': 166.518, 'Time': Timestamp('2009-07-15 11:44:13'), 'mag': 5.2}, {'lat': -45.405, 'long': 166.498, 'Time': Timestamp('2009-07-15 13:50:38'), 'mag': 5.4}, {'lat': -46.533, 'long': 165.955, 'Time': Timestamp('2009-07-15 21:36:00'), 'mag': 5.4}, {'lat': -45.762, 'long': 166.562, 'Time': Timestamp('2009-07-15 09:22:29'), 'mag': 7.8}, {'lat': -46.036, 'long': 165.937, 'Time': Timestamp('2009-07-15 09:41:53'), 'mag': 5.7}, {'lat': -46.196, 'long': 165.791, 'Time': Timestamp('2009-07-15 09:52:16'), 'mag': 5.0}, {'lat': -45.763, 'long': 166.46, 'Time': Timestamp('2009-07-15 10:01:49'), 'mag': 5.3}, {'lat': -46.138, 'long': 166.145, 'Time': Timestamp('2009-07-15 10:36:40'), 'mag': 5.0}, {'lat': -45.438, 'long': 166.518, 'Time': Timestamp('2009-07-15 11:44:13'), 'mag': 5.2}, {'lat': -45.405, 'long': 166.498, 'Time': Timestamp('2009-07-15 13:50:38'), 'mag': 5.4}, {'lat': -46.533, 'long': 165.955, 'Time': Timestamp('2009-07-15 21:36:00'), 'mag': 5.4}, {'lat': -3.335, 'long': 150.357, 'Time': Timestamp('2009-07-15 12:55:41'), 'mag': 5.4}, {'lat': -3.375, 'long': 150.506, 'Time': Timestamp('2009-07-15 20:10:42'), 'mag': 6.1}, {'lat': -3.335, 'long': 150.357, 'Time': Timestamp('2009-07-15 12:55:41'), 'mag': 5.4}, {'lat': -3.375, 'long': 150.506, 'Time': Timestamp('2009-07-15 20:10:42'), 'mag': 6.1}, {'lat': -3.335, 'long': 150.357, 'Time': Timestamp('2009-07-15 12:55:41'), 'mag': 5.4}, {'lat': -3.375, 'long': 150.506, 'Time': Timestamp('2009-07-15 20:10:42'), 'mag': 6.1}]",33,2009-07-15 09:38:22,RDM_df_train_30D-22SW-tw24_w16.csv,10.157791944444444
979,2009-07-16 23:42:23.253,1,"[{'lat': -45.429, 'long': 166.535, 'Time': Timestamp('2009-07-17 06:39:23'), 'mag': 5.2}, {'lat': -46.388, 'long': 165.691, 'Time': Timestamp('2009-07-17 16:40:03'), 'mag': 5.1}, {'lat': -45.429, 'long': 166.535, 'Time': Timestamp('2009-07-17 06:39:23'), 'mag': 5.2}, {'lat': -46.388, 'long': 165.691, 'Time': Timestamp('2009-07-17 16:40:03'), 'mag': 5.1}, {'lat': -45.429, 'long': 166.535, 'Time': Timestamp('2009-07-17 06:39:23'), 'mag': 5.2}, {'lat': -46.388, 'long': 165.691, 'Time': Timestamp('2009-07-17 16:40:03'), 'mag': 5.1}]",6,2009-07-17 06:39:23,RDM_df_train_30D-22SW-tw24_w16.csv,6.9499297222222225
1698,2009-12-21 07:12:22.463,1,"[{'lat': 10.224, 'long': 40.846, 'Time': Timestamp('2009-12-22 03:39:07'), 'mag': 5.0}, {'lat': 10.224, 'long': 40.846, 'Time': Timestamp('2009-12-22 03:39:07'), 'mag': 5.0}, {'lat': 10.224, 'long': 40.846, 'Time': Timestamp('2009-12-22 03:39:07'), 'mag': 5.0}]",3,2009-12-22 03:39:07,RDM_df_train_30D-22SW-tw24_w16.csv,20.44570472222222
243,2009-03-15 23:26:23.440,1,"[{'lat': -20.619, 'long': -175.705, 'Time': Timestamp('2009-03-16 15:25:20'), 'mag': 5.0}, {'lat': -20.619, 'long': -175.705, 'Time': Timestamp('2009-03-16 15:25:20'), 'mag': 5.0}, {'lat': -36.488, 'long': 178.024, 'Time': Timestamp('2009-03-16 06:50:45'), 'mag': 5.1}, {'lat': -36.488, 'long': 178.024, 'Time': Timestamp('2009-03-16 06:50:45'), 'mag': 5.1}, {'lat': -36.488, 'long': 178.024, 'Time': Timestamp('2009-03-16 06:50:45'), 'mag': 5.1}]",5,2009-03-16 15:25:20,RDM_df_train_30D-22SW-tw24_w16.csv,15.982377777777778
1550,2009-12-02 00:40:48.688,1,"[{'lat': 37.223, 'long': 141.362, 'Time': Timestamp('2009-12-02 06:14:29'), 'mag': 5.1}, {'lat': 37.223, 'long': 141.362, 'Time': Timestamp('2009-12-02 06:14:29'), 'mag': 5.1}, {'lat': 37.223, 'long': 141.362, 'Time': Timestamp('2009-12-02 06:14:29'), 'mag': 5.1}]",3,2009-12-02 06:14:29,RDM_df_train_30D-22SW-tw24_w16.csv,5.561197777777778
1322,2009-10-01 21:44:50.543,1,"[{'lat': -14.929, 'long': -173.608, 'Time': Timestamp('2009-10-02 01:55:03'), 'mag': 5.3}, {'lat': -14.928, 'long': -173.575, 'Time': Timestamp('2009-10-02 11:09:32'), 'mag': 5.0}, {'lat': -16.367, 'long': -173.114, 'Time': Timestamp('2009-10-01 22:33:29'), 'mag': 5.2}, {'lat': -16.335, 'long': -173.471, 'Time': Timestamp('2009-10-02 01:07:39'), 'mag': 6.1}, {'lat': -16.246, 'long': -173.468, 'Time': Timestamp('2009-10-02 01:09:26'), 'mag': 5.5}, {'lat': -14.929, 'long': -173.608, 'Time': Timestamp('2009-10-02 01:55:03'), 'mag': 5.3}, {'lat': -15.435, 'long': -172.253, 'Time': Timestamp('2009-10-02 02:13:56'), 'mag': 5.3}, {'lat': -16.635, 'long': -172.611, 'Time': Timestamp('2009-10-02 02:46:46'), 'mag': 5.1}, {'lat': -16.473, 'long': -173.371, 'Time': Timestamp('2009-10-02 06:30:38'), 'mag': 5.0}, {'lat': -14.928, 'long': -173.575, 'Time': Timestamp('2009-10-02 11:09:32'), 'mag': 5.0}, {'lat': -15.485, 'long': -173.171, 'Time': Timestamp('2009-10-02 12:01:10'), 'mag': 5.3}, {'lat': -16.478, 'long': -172.669, 'Time': Timestamp('2009-10-02 12:08:31'), 'mag': 5.4}, {'lat': -15.077, 'long': -173.636, 'Time': Timestamp('2009-10-02 13:08:04'), 'mag': 5.0}, {'lat': -16.906, 'long': -172.848, 'Time': Timestamp('2009-10-02 17:11:19'), 'mag': 5.0}, {'lat': -17.153, 'long': -172.633, 'Time': Timestamp('2009-10-02 20:03:02'), 'mag': 5.1}, {'lat': -16.367, 'long': -173.114, 'Time': Timestamp('2009-10-01 22:33:29'), 'mag': 5.2}, {'lat': -16.335, 'long': -173.471, 'Time': Timestamp('2009-10-02 01:07:39'), 'mag': 6.1}, {'lat': -16.246, 'long': -173.468, 'Time': Timestamp('2009-10-02 01:09:26'), 'mag': 5.5}, {'lat': -14.929, 'long': -173.608, 'Time': Timestamp('2009-10-02 01:55:03'), 'mag': 5.3}, {'lat': -15.435, 'long': -172.253, 'Time': Timestamp('2009-10-02 02:13:56'), 'mag': 5.3}, {'lat': -16.635, 'long': -172.611, 'Time': Timestamp('2009-10-02 02:46:46'), 'mag': 5.1}, {'lat': -16.473, 'long': -173.371, 'Time': Timestamp('2009-10-02 06:30:38'), 'mag': 5.0}, {'lat': -14.928, 'long': -173.575, 'Time': Timestamp('2009-10-02 11:09:32'), 'mag': 5.0}, {'lat': -15.485, 'long': -173.171, 'Time': Timestamp('2009-10-02 12:01:10'), 'mag': 5.3}, {'lat': -16.478, 'long': -172.669, 'Time': Timestamp('2009-10-02 12:08:31'), 'mag': 5.4}, {'lat': -15.077, 'long': -173.636, 'Time': Timestamp('2009-10-02 13:08:04'), 'mag': 5.0}, {'lat': -16.906, 'long': -172.848, 'Time': Timestamp('2009-10-02 17:11:19'), 'mag': 5.0}, {'lat': -17.153, 'long': -172.633, 'Time': Timestamp('2009-10-02 20:03:02'), 'mag': 5.1}, {'lat': -17.017, 'long': 174.505, 'Time': Timestamp('2009-10-02 15:47:09'), 'mag': 6.0}]",29,2009-10-02 01:55:03,RDM_df_train_30D-22SW-tw24_w16.csv,4.170126944444444
705,2009-05-19 23:02:51.520,1,"[{'lat': -23.332, 'long': -174.668, 'Time': Timestamp('2009-05-20 09:40:19'), 'mag': 5.1}, {'lat': -23.332, 'long': -174.668, 'Time': Timestamp('2009-05-20 09:40:19'), 'mag': 5.1}, {'lat': -31.223, 'long': -177.751, 'Time': Timestamp('2009-05-20 12:43:52'), 'mag': 5.3}, {'lat': -23.332, 'long': -174.668, 'Time': Timestamp('2009-05-20 09:40:19'), 'mag': 5.1}, {'lat': -31.223, 'long': -177.751, 'Time': Timestamp('2009-05-20 12:43:52'), 'mag': 5.3}, {'lat': -31.223, 'long': -177.751, 'Time': Timestamp('2009-05-20 12:43:52'), 'mag': 5.3}]",6,2009-05-20 09:40:19,RDM_df_train_30D-22SW-tw24_w16.csv,10.624300000000002
1182,2009-09-12 16:11:24.034,1,"[{'lat': 10.709, 'long': -67.927, 'Time': Timestamp('2009-09-12 20:06:25'), 'mag': 6.4}, {'lat': 10.709, 'long': -67.927, 'Time': Timestamp('2009-09-12 20:06:25'), 'mag': 6.4}, {'lat': 10.709, 'long': -67.927, 'Time': Timestamp('2009-09-12 20:06:25'), 'mag': 6.4}]",3,2009-09-12 20:06:25,RDM_df_train_30D-22SW-tw24_w16.csv,3.916935
1251,2009-09-24 21:01:44.908,1,"[{'lat': -55.039, 'long': -144.081, 'Time': Timestamp('2009-09-25 09:46:57'), 'mag': 5.1}, {'lat': -55.039, 'long': -144.081, 'Time': Timestamp('2009-09-25 09:46:57'), 'mag': 5.1}, {'lat': -30.991, 'long': -177.536, 'Time': Timestamp('2009-09-25 14:07:02'), 'mag': 5.0}, {'lat': -30.991, 'long': -177.536, 'Time': Timestamp('2009-09-25 14:07:02'), 'mag': 5.0}, {'lat': -30.991, 'long': -177.536, 'Time': Timestamp('2009-09-25 14:07:02'), 'mag': 5.0}]",5,2009-09-25 09:46:57,RDM_df_train_30D-22SW-tw24_w16.csv,12.753358888888888
649,2009-05-17 14:50:25.236,1,"[{'lat': -15.658, 'long': -74.838, 'Time': Timestamp('2009-05-18 14:01:04'), 'mag': 5.8}, {'lat': -15.708, 'long': -75.038, 'Time': Timestamp('2009-05-18 14:13:06'), 'mag': 5.3}, {'lat': -15.658, 'long': -74.838, 'Time': Timestamp('2009-05-18 14:01:04'), 'mag': 5.8}, {'lat': -15.708, 'long': -75.038, 'Time': Timestamp('2009-05-18 14:13:06'), 'mag': 5.3}, {'lat': -15.658, 'long': -74.838, 'Time': Timestamp('2009-05-18 14:01:04'), 'mag': 5.8}, {'lat': -15.708, 'long': -75.038, 'Time': Timestamp('2009-05-18 14:13:06'), 'mag': 5.3}]",6,2009-05-18 14:01:04,RDM_df_train_30D-22SW-tw24_w16.csv,23.177434444444444
775,2009-06-20 08:18:21.017,1,"[{'lat': 37.68, 'long': 26.86, 'Time': Timestamp('2009-06-20 08:28:19'), 'mag': 5.1}, {'lat': 37.68, 'long': 26.86, 'Time': Timestamp('2009-06-20 08:28:19'), 'mag': 5.1}]",2,2009-06-20 08:28:19,RDM_df_train_30D-22SW-tw24_w16.csv,0.16610638888888887
1714,2009-12-26 22:54:53.310,1,"[{'lat': 56.3334, 'long': -152.6155, 'Time': Timestamp('2009-12-27 03:12:42'), 'mag': 5.3}, {'lat': 56.3334, 'long': -152.6155, 'Time': Timestamp('2009-12-27 03:12:42'), 'mag': 5.3}, {'lat': 56.3334, 'long': -152.6155, 'Time': Timestamp('2009-12-27 03:12:42'), 'mag': 5.3}]",3,2009-12-27 03:12:42,RDM_df_train_30D-22SW-tw24_w16.csv,4.296858333333334
1751,2010-01-04 18:18:53.324,1,"[{'lat': 14.019, 'long': -91.878, 'Time': Timestamp('2010-01-05 05:36:21'), 'mag': 5.0}, {'lat': 14.019, 'long': -91.878, 'Time': Timestamp('2010-01-05 05:36:21'), 'mag': 5.0}, {'lat': 14.019, 'long': -91.878, 'Time': Timestamp('2010-01-05 05:36:21'), 'mag': 5.0}]",3,2010-01-05 05:36:21,RDM_df_train_30D-22SW-tw24_w16.csv,11.29102111111111
1098,2009-08-19 12:24:24.041,1,"[{'lat': 72.2, 'long': 0.944, 'Time': Timestamp('2009-08-20 06:35:04'), 'mag': 6.0}]",1,2009-08-20 06:35:04,RDM_df_train_30D-22SW-tw24_w16.csv,18.17776638888889
1321,2009-09-23 18:31:20.835,1,"[{'lat': 18.829, 'long': -107.339, 'Time': Timestamp('2009-09-24 07:16:20'), 'mag': 6.4}, {'lat': 18.829, 'long': -107.339, 'Time': Timestamp('2009-09-24 07:16:20'), 'mag': 6.4}]",2,2009-09-24 07:16:20,RDM_df_train_30D-22SW-tw24_w16.csv,12.749768055555556
46,2009-01-26 02:07:21.584,1,"[{'lat': -11.379, 'long': 117.55, 'Time': Timestamp('2009-01-27 00:57:35'), 'mag': 5.1}, {'lat': -11.379, 'long': 117.55, 'Time': Timestamp('2009-01-27 00:57:35'), 'mag': 5.1}, {'lat': -11.379, 'long': 117.55, 'Time': Timestamp('2009-01-27 00:57:35'), 'mag': 5.1}]",3,2009-01-27 00:57:35,RDM_df_train_30D-22SW-tw24_w16.csv,22.83706
1297,2009-10-06 05:54:56.098,1,"[{'lat': -2.261, 'long': 68.787, 'Time': Timestamp('2009-10-06 11:04:57'), 'mag': 5.2}, {'lat': -2.264, 'long': 68.697, 'Time': Timestamp('2009-10-06 11:13:34'), 'mag': 5.3}, {'lat': -2.261, 'long': 68.787, 'Time': Timestamp('2009-10-06 11:04:57'), 'mag': 5.2}, {'lat': -2.264, 'long': 68.697, 'Time': Timestamp('2009-10-06 11:13:34'), 'mag': 5.3}, {'lat': -2.261, 'long': 68.787, 'Time': Timestamp('2009-10-06 11:04:57'), 'mag': 5.2}, {'lat': -2.264, 'long': 68.697, 'Time': Timestamp('2009-10-06 11:13:34'), 'mag': 5.3}]",6,2009-10-06 11:04:57,RDM_df_train_30D-22SW-tw24_w16.csv,5.166917222222222
1601,2009-11-23 23:48:23.307,1,"[{'lat': -12.29, 'long': 165.994, 'Time': Timestamp('2009-11-24 22:36:09'), 'mag': 5.0}, {'lat': -12.29, 'long': 165.994, 'Time': Timestamp('2009-11-24 22:36:09'), 'mag': 5.0}, {'lat': 56.09, 'long': 164.083, 'Time': Timestamp('2009-11-24 10:41:42'), 'mag': 5.0}, {'lat': 56.09, 'long': 164.083, 'Time': Timestamp('2009-11-24 10:41:42'), 'mag': 5.0}, {'lat': 13.125, 'long': 145.138, 'Time': Timestamp('2009-11-24 02:45:59'), 'mag': 5.0}]",5,2009-11-24 22:36:09,RDM_df_train_30D-22SW-tw24_w16.csv,22.79602583333333
1708,2009-12-10 01:39:17.288,1,"[{'lat': 53.792, 'long': 160.471, 'Time': Timestamp('2009-12-11 01:16:52'), 'mag': 5.0}, {'lat': 53.792, 'long': 160.471, 'Time': Timestamp('2009-12-11 01:16:52'), 'mag': 5.0}, {'lat': 53.417, 'long': 152.756, 'Time': Timestamp('2009-12-10 02:30:52'), 'mag': 6.3}, {'lat': 53.792, 'long': 160.471, 'Time': Timestamp('2009-12-11 01:16:52'), 'mag': 5.0}, {'lat': 53.417, 'long': 152.756, 'Time': Timestamp('2009-12-10 02:30:52'), 'mag': 6.3}, {'lat': 6.691, 'long': 126.274, 'Time': Timestamp('2009-12-10 15:06:44'), 'mag': 5.2}, {'lat': -7.316, 'long': 129.226, 'Time': Timestamp('2009-12-10 03:13:24'), 'mag': 5.1}, {'lat': 6.691, 'long': 126.274, 'Time': Timestamp('2009-12-10 15:06:44'), 'mag': 5.2}, {'lat': -7.316, 'long': 129.226, 'Time': Timestamp('2009-12-10 03:13:24'), 'mag': 5.1}, {'lat': 6.691, 'long': 126.274, 'Time': Timestamp('2009-12-10 15:06:44'), 'mag': 5.2}, {'lat': -7.316, 'long': 129.226, 'Time': Timestamp('2009-12-10 03:13:24'), 'mag': 5.1}]",11,2009-12-11 01:16:52,RDM_df_train_30D-22SW-tw24_w16.csv,23.62630888888889
441,2009-04-15 08:47:21.601,1,"[{'lat': 12.348, 'long': 58.071, 'Time': Timestamp('2009-04-15 10:20:04'), 'mag': 5.7}, {'lat': 12.348, 'long': 58.071, 'Time': Timestamp('2009-04-15 10:20:04'), 'mag': 5.7}]",2,2009-04-15 10:20:04,RDM_df_train_30D-22SW-tw24_w16.csv,1.5451108333333334
1485,2009-11-14 14:28:19.601,1,"[{'lat': 53.85, 'long': -35.182, 'Time': Timestamp('2009-11-15 13:10:58'), 'mag': 5.4}, {'lat': 53.829, 'long': -35.148, 'Time': Timestamp('2009-11-15 13:52:31'), 'mag': 5.0}, {'lat': 53.828, 'long': -35.1, 'Time': Timestamp('2009-11-15 13:58:05'), 'mag': 5.1}, {'lat': 53.85, 'long': -35.182, 'Time': Timestamp('2009-11-15 13:10:58'), 'mag': 5.4}, {'lat': 53.829, 'long': -35.148, 'Time': Timestamp('2009-11-15 13:52:31'), 'mag': 5.0}, {'lat': 53.828, 'long': -35.1, 'Time': Timestamp('2009-11-15 13:58:05'), 'mag': 5.1}, {'lat': -22.965, 'long': -66.641, 'Time': Timestamp('2009-11-14 19:44:29'), 'mag': 6.2}, {'lat': -22.965, 'long': -66.641, 'Time': Timestamp('2009-11-14 19:44:29'), 'mag': 6.2}, {'lat': -22.965, 'long': -66.641, 'Time': Timestamp('2009-11-14 19:44:29'), 'mag': 6.2}]",9,2009-11-15 13:10:58,RDM_df_train_30D-22SW-tw24_w16.csv,22.71066638888889
1735,2009-12-26 21:39:50.065,1,"[{'lat': 56.3334, 'long': -152.6155, 'Time': Timestamp('2009-12-27 03:12:42'), 'mag': 5.3}, {'lat': 56.3334, 'long': -152.6155, 'Time': Timestamp('2009-12-27 03:12:42'), 'mag': 5.3}, {'lat': 56.3334, 'long': -152.6155, 'Time': Timestamp('2009-12-27 03:12:42'), 'mag': 5.3}]",3,2009-12-27 03:12:42,RDM_df_train_30D-22SW-tw24_w16.csv,5.547759722222223
982,2009-07-15 14:28:20.981,1,"[{'lat': -20.353, 'long': -68.927, 'Time': Timestamp('2009-07-15 15:21:27'), 'mag': 5.3}, {'lat': -20.353, 'long': -68.927, 'Time': Timestamp('2009-07-15 15:21:27'), 'mag': 5.3}, {'lat': -20.353, 'long': -68.927, 'Time': Timestamp('2009-07-15 15:21:27'), 'mag': 5.3}]",3,2009-07-15 15:21:27,RDM_df_train_30D-22SW-tw24_w16.csv,0.8850052777777777
1028,2009-08-17 00:55:48.024,1,"[{'lat': -6.638, 'long': 154.575, 'Time': Timestamp('2009-08-17 15:21:04'), 'mag': 5.2}, {'lat': -6.638, 'long': 154.575, 'Time': Timestamp('2009-08-17 15:21:04'), 'mag': 5.2}, {'lat': -6.638, 'long': 154.575, 'Time': Timestamp('2009-08-17 15:21:04'), 'mag': 5.2}]",3,2009-08-17 15:21:04,RDM_df_train_30D-22SW-tw24_w16.csv,14.421104444444445
1298,2009-09-26 09:10:21.587,1,"[{'lat': -7.533, 'long': 30.452, 'Time': Timestamp('2009-09-26 13:26:37'), 'mag': 5.2}, {'lat': -7.533, 'long': 30.452, 'Time': Timestamp('2009-09-26 13:26:37'), 'mag': 5.2}, {'lat': -7.533, 'long': 30.452, 'Time': Timestamp('2009-09-26 13:26:37'), 'mag': 5.2}]",3,2009-09-26 13:26:37,RDM_df_train_30D-22SW-tw24_w16.csv,4.2709480555555555
633,2009-05-16 18:13:23.200,1,"[{'lat': -5.465, 'long': -105.55, 'Time': Timestamp('2009-05-17 01:34:21'), 'mag': 5.0}, {'lat': -5.465, 'long': -105.55, 'Time': Timestamp('2009-05-17 01:34:21'), 'mag': 5.0}, {'lat': 19.187, 'long': -108.402, 'Time': Timestamp('2009-05-17 06:15:09'), 'mag': 5.1}, {'lat': 19.187, 'long': -108.402, 'Time': Timestamp('2009-05-17 06:15:09'), 'mag': 5.1}, {'lat': 19.187, 'long': -108.402, 'Time': Timestamp('2009-05-17 06:15:09'), 'mag': 5.1}]",5,2009-05-17 01:34:21,RDM_df_train_30D-22SW-tw24_w16.csv,7.349388888888889
381,2009-03-20 13:08:53.846,1,"[{'lat': -58.686, 'long': -24.845, 'Time': Timestamp('2009-03-20 16:01:14'), 'mag': 5.4}]",1,2009-03-20 16:01:14,RDM_df_train_30D-22SW-tw24_w16.csv,2.872265
549,2009-04-20 16:07:23.243,1,"[{'lat': -35.085, 'long': -71.565, 'Time': Timestamp('2009-04-21 00:27:44'), 'mag': 5.2}, {'lat': -35.085, 'long': -71.565, 'Time': Timestamp('2009-04-21 00:27:44'), 'mag': 5.2}, {'lat': -35.085, 'long': -71.565, 'Time': Timestamp('2009-04-21 00:27:44'), 'mag': 5.2}]",3,2009-04-21 00:27:44,RDM_df_train_30D-22SW-tw24_w16.csv,8.339099166666667
1791,2010-01-01 21:46:52.843,1,"[{'lat': -19.987, 'long': -175.407, 'Time': Timestamp('2010-01-02 00:10:11'), 'mag': 5.0}]",1,2010-01-02 00:10:11,RDM_df_train_30D-22SW-tw24_w16.csv,2.388376944444444
1814,2010-01-02 22:09:23.168,1,"[{'lat': -13.881, 'long': 167.231, 'Time': Timestamp('2010-01-03 09:10:37'), 'mag': 5.1}, {'lat': -13.881, 'long': 167.231, 'Time': Timestamp('2010-01-03 09:10:37'), 'mag': 5.1}, {'lat': -12.883, 'long': 166.145, 'Time': Timestamp('2010-01-03 15:13:48'), 'mag': 5.2}, {'lat': -13.881, 'long': 167.231, 'Time': Timestamp('2010-01-03 09:10:37'), 'mag': 5.1}, {'lat': -12.883, 'long': 166.145, 'Time': Timestamp('2010-01-03 15:13:48'), 'mag': 5.2}]",5,2010-01-03 09:10:37,RDM_df_train_30D-22SW-tw24_w16.csv,11.02050888888889
224,2009-03-13 23:34:23.264,1,"[{'lat': -20.03, 'long': -175.382, 'Time': Timestamp('2009-03-14 03:04:12'), 'mag': 5.2}, {'lat': -37.017, 'long': 177.562, 'Time': Timestamp('2009-03-14 17:38:59'), 'mag': 5.0}, {'lat': -37.017, 'long': 177.562, 'Time': Timestamp('2009-03-14 17:38:59'), 'mag': 5.0}, {'lat': -49.191, 'long': 164.744, 'Time': Timestamp('2009-03-14 10:50:49'), 'mag': 5.1}, {'lat': -37.017, 'long': 177.562, 'Time': Timestamp('2009-03-14 17:38:59'), 'mag': 5.0}, {'lat': -49.191, 'long': 164.744, 'Time': Timestamp('2009-03-14 10:50:49'), 'mag': 5.1}, {'lat': -63.192, 'long': 171.593, 'Time': Timestamp('2009-03-14 07:53:27'), 'mag': 5.0}, {'lat': -49.191, 'long': 164.744, 'Time': Timestamp('2009-03-14 10:50:49'), 'mag': 5.1}]",8,2009-03-14 03:04:12,RDM_df_train_30D-22SW-tw24_w16.csv,3.4968711111111115
982,2009-07-15 14:28:20.981,1,"[{'lat': -20.353, 'long': -68.927, 'Time': Timestamp('2009-07-15 15:21:27'), 'mag': 5.3}, {'lat': -20.353, 'long': -68.927, 'Time': Timestamp('2009-07-15 15:21:27'), 'mag': 5.3}, {'lat': -20.353, 'long': -68.927, 'Time': Timestamp('2009-07-15 15:21:27'), 'mag': 5.3}]",3,2009-07-15 15:21:27,RDM_df_train_30D-22SW-tw24_w16.csv,0.8850052777777777
1384,2009-10-09 12:35:23.096,1,"[{'lat': 28.817, 'long': -43.363, 'Time': Timestamp('2009-10-10 01:40:40'), 'mag': 5.0}]",1,2009-10-10 01:40:40,RDM_df_train_30D-22SW-tw24_w16.csv,13.08802888888889
1301,2009-09-30 19:01:53.433,1,"[{'lat': 36.3878333, 'long': -117.8586667, 'Time': Timestamp('2009-10-01 10:01:24'), 'mag': 5.0}, {'lat': 36.3878333, 'long': -117.8586667, 'Time': Timestamp('2009-10-01 10:01:24'), 'mag': 5.0}, {'lat': 36.3878333, 'long': -117.8586667, 'Time': Timestamp('2009-10-01 10:01:24'), 'mag': 5.0}]",3,2009-10-01 10:01:24,RDM_df_train_30D-22SW-tw24_w16.csv,14.991824166666667
1110,2009-08-29 18:19:21.133,1,"[{'lat': 14.567, 'long': -93.574, 'Time': Timestamp('2009-08-30 09:19:43'), 'mag': 5.1}, {'lat': 14.567, 'long': -93.574, 'Time': Timestamp('2009-08-30 09:19:43'), 'mag': 5.1}, {'lat': 14.567, 'long': -93.574, 'Time': Timestamp('2009-08-30 09:19:43'), 'mag': 5.1}, {'lat': 16.224, 'long': -115.555, 'Time': Timestamp('2009-08-30 07:16:02'), 'mag': 5.1}, {'lat': 16.224, 'long': -115.555, 'Time': Timestamp('2009-08-30 07:16:02'), 'mag': 5.1}, {'lat': 16.224, 'long': -115.555, 'Time': Timestamp('2009-08-30 07:16:02'), 'mag': 5.1}]",6,2009-08-30 09:19:43,RDM_df_train_30D-22SW-tw24_w16.csv,15.006074166666666
1564,2009-11-27 01:40:47.306,1,"[{'lat': 52.127, 'long': 157.494, 'Time': Timestamp('2009-11-27 21:06:04'), 'mag': 5.0}, {'lat': 52.127, 'long': 157.494, 'Time': Timestamp('2009-11-27 21:06:04'), 'mag': 5.0}, {'lat': 52.127, 'long': 157.494, 'Time': Timestamp('2009-11-27 21:06:04'), 'mag': 5.0}, {'lat': 43.907, 'long': 147.235, 'Time': Timestamp('2009-11-27 04:36:47'), 'mag': 5.0}, {'lat': -10.435, 'long': 118.848, 'Time': Timestamp('2009-11-28 00:04:36'), 'mag': 5.1}, {'lat': -10.435, 'long': 118.848, 'Time': Timestamp('2009-11-28 00:04:36'), 'mag': 5.1}, {'lat': -10.435, 'long': 118.848, 'Time': Timestamp('2009-11-28 00:04:36'), 'mag': 5.1}]",7,2009-11-27 21:06:04,RDM_df_train_30D-22SW-tw24_w16.csv,19.42130388888889
21,2009-01-27 23:38:23.871,1,"[{'lat': -16.973, 'long': -172.068, 'Time': Timestamp('2009-01-28 12:39:42'), 'mag': 5.5}, {'lat': 55.536, 'long': 164.298, 'Time': Timestamp('2009-01-27 23:57:13'), 'mag': 5.5}]",2,2009-01-28 12:39:42,RDM_df_train_30D-22SW-tw24_w16.csv,13.0217025
1140,2009-09-08 01:39:20.081,1,"[{'lat': 1.118, 'long': 120.897, 'Time': Timestamp('2009-09-08 18:51:22'), 'mag': 5.8}, {'lat': 1.118, 'long': 120.897, 'Time': Timestamp('2009-09-08 18:51:22'), 'mag': 5.8}, {'lat': -7.782, 'long': 117.374, 'Time': Timestamp('2009-09-08 15:18:16'), 'mag': 5.2}, {'lat': 1.118, 'long': 120.897, 'Time': Timestamp('2009-09-08 18:51:22'), 'mag': 5.8}, {'lat': -7.782, 'long': 117.374, 'Time': Timestamp('2009-09-08 15:18:16'), 'mag': 5.2}, {'lat': -7.782, 'long': 117.374, 'Time': Timestamp('2009-09-08 15:18:16'), 'mag': 5.2}]",6,2009-09-08 18:51:22,RDM_df_train_30D-22SW-tw24_w16.csv,17.200533055555557
1232,2009-09-05 17:25:53.802,1,"[{'lat': 8.61, 'long': -82.932, 'Time': Timestamp('2009-09-06 05:02:44'), 'mag': 5.1}, {'lat': 8.61, 'long': -82.932, 'Time': Timestamp('2009-09-06 05:02:44'), 'mag': 5.1}, {'lat': 8.61, 'long': -82.932, 'Time': Timestamp('2009-09-06 05:02:44'), 'mag': 5.1}]",3,2009-09-06 05:02:44,RDM_df_train_30D-22SW-tw24_w16.csv,11.613943888888889
53,2009-01-20 07:32:50.285,1,"[{'lat': 35.869, 'long': 69.932, 'Time': Timestamp('2009-01-20 09:26:12'), 'mag': 5.2}, {'lat': 35.869, 'long': 69.932, 'Time': Timestamp('2009-01-20 09:26:12'), 'mag': 5.2}, {'lat': 35.869, 'long': 69.932, 'Time': Timestamp('2009-01-20 09:26:12'), 'mag': 5.2}, {'lat': -20.175, 'long': 66.411, 'Time': Timestamp('2009-01-21 06:27:57'), 'mag': 5.2}, {'lat': -20.175, 'long': 66.411, 'Time': Timestamp('2009-01-21 06:27:57'), 'mag': 5.2}, {'lat': -20.175, 'long': 66.411, 'Time': Timestamp('2009-01-21 06:27:57'), 'mag': 5.2}]",6,2009-01-20 09:26:12,RDM_df_train_30D-22SW-tw24_w16.csv,1.8893652777777779
1068,2009-08-21 12:40:23.428,1,"[{'lat': 0.914, 'long': -28.542, 'Time': Timestamp('2009-08-22 12:34:50'), 'mag': 5.3}, {'lat': 0.914, 'long': -28.542, 'Time': Timestamp('2009-08-22 12:34:50'), 'mag': 5.3}, {'lat': 0.914, 'long': -28.542, 'Time': Timestamp('2009-08-22 12:34:50'), 'mag': 5.3}]",3,2009-08-22 12:34:50,RDM_df_train_30D-22SW-tw24_w16.csv,23.90738111111111
1351,2009-10-14 00:13:48.695,1,"[{'lat': 52.853, 'long': -166.75, 'Time': Timestamp('2009-10-15 00:13:33'), 'mag': 5.5}, {'lat': 52.853, 'long': -166.75, 'Time': Timestamp('2009-10-15 00:13:33'), 'mag': 5.5}, {'lat': -12.646, 'long': 166.266, 'Time': Timestamp('2009-10-14 00:55:10'), 'mag': 5.4}, {'lat': -12.789, 'long': 166.482, 'Time': Timestamp('2009-10-14 03:18:58'), 'mag': 5.0}, {'lat': -11.578, 'long': 165.978, 'Time': Timestamp('2009-10-14 09:34:35'), 'mag': 5.0}, {'lat': -12.646, 'long': 166.266, 'Time': Timestamp('2009-10-14 00:55:10'), 'mag': 5.4}, {'lat': -12.789, 'long': 166.482, 'Time': Timestamp('2009-10-14 03:18:58'), 'mag': 5.0}, {'lat': -14.08, 'long': 166.768, 'Time': Timestamp('2009-10-14 06:54:42'), 'mag': 5.3}, {'lat': -11.578, 'long': 165.978, 'Time': Timestamp('2009-10-14 09:34:35'), 'mag': 5.0}, {'lat': -12.646, 'long': 166.266, 'Time': Timestamp('2009-10-14 00:55:10'), 'mag': 5.4}, {'lat': -12.789, 'long': 166.482, 'Time': Timestamp('2009-10-14 03:18:58'), 'mag': 5.0}, {'lat': -14.08, 'long': 166.768, 'Time': Timestamp('2009-10-14 06:54:42'), 'mag': 5.3}, {'lat': -11.578, 'long': 165.978, 'Time': Timestamp('2009-10-14 09:34:35'), 'mag': 5.0}, {'lat': -14.08, 'long': 166.768, 'Time': Timestamp('2009-10-14 06:54:42'), 'mag': 5.3}]",14,2009-10-15 00:13:33,RDM_df_train_30D-22SW-tw24_w16.csv,23.995640277777778
146,2009-02-23 07:15:56.816,1,"[{'lat': -27.046, 'long': 75.142, 'Time': Timestamp('2009-02-24 01:26:16'), 'mag': 5.1}, {'lat': 27.582, 'long': 55.372, 'Time': Timestamp('2009-02-23 11:10:56'), 'mag': 5.1}, {'lat': 27.582, 'long': 55.372, 'Time': Timestamp('2009-02-23 11:10:56'), 'mag': 5.1}, {'lat': 27.582, 'long': 55.372, 'Time': Timestamp('2009-02-23 11:10:56'), 'mag': 5.1}]",4,2009-02-24 01:26:16,RDM_df_train_30D-22SW-tw24_w16.csv,18.171995555555554
237,2009-02-28 02:11:21.842,1,"[{'lat': 3.834, 'long': 126.48, 'Time': Timestamp('2009-02-28 10:50:22'), 'mag': 5.3}, {'lat': 3.904, 'long': 126.516, 'Time': Timestamp('2009-02-28 12:24:12'), 'mag': 5.0}, {'lat': 3.834, 'long': 126.48, 'Time': Timestamp('2009-02-28 10:50:22'), 'mag': 5.3}, {'lat': 3.904, 'long': 126.516, 'Time': Timestamp('2009-02-28 12:24:12'), 'mag': 5.0}, {'lat': 3.834, 'long': 126.48, 'Time': Timestamp('2009-02-28 10:50:22'), 'mag': 5.3}, {'lat': 3.904, 'long': 126.516, 'Time': Timestamp('2009-02-28 12:24:12'), 'mag': 5.0}]",6,2009-02-28 10:50:22,RDM_df_train_30D-22SW-tw24_w16.csv,8.650043888888888
619,2009-05-19 07:22:24.755,1,"[{'lat': -7.045, 'long': 68.025, 'Time': Timestamp('2009-05-19 07:22:43'), 'mag': 5.0}, {'lat': -7.045, 'long': 68.025, 'Time': Timestamp('2009-05-19 07:22:43'), 'mag': 5.0}, {'lat': -7.045, 'long': 68.025, 'Time': Timestamp('2009-05-19 07:22:43'), 'mag': 5.0}, {'lat': 25.248, 'long': 37.703, 'Time': Timestamp('2009-05-19 16:54:31'), 'mag': 5.0}, {'lat': 25.291, 'long': 37.74, 'Time': Timestamp('2009-05-19 17:35:01'), 'mag': 5.7}, {'lat': 25.248, 'long': 37.703, 'Time': Timestamp('2009-05-19 16:54:31'), 'mag': 5.0}, {'lat': 25.291, 'long': 37.74, 'Time': Timestamp('2009-05-19 17:35:01'), 'mag': 5.7}]",7,2009-05-19 07:22:43,RDM_df_train_30D-22SW-tw24_w16.csv,0.005068055555555556
1385,2009-10-29 15:52:52.681,1,"[{'lat': -32.83, 'long': -71.881, 'Time': Timestamp('2009-10-30 01:27:44'), 'mag': 5.0}, {'lat': -32.83, 'long': -71.881, 'Time': Timestamp('2009-10-30 01:27:44'), 'mag': 5.0}, {'lat': -32.83, 'long': -71.881, 'Time': Timestamp('2009-10-30 01:27:44'), 'mag': 5.0}]",3,2009-10-30 01:27:44,RDM_df_train_30D-22SW-tw24_w16.csv,9.580921944444444
1140,2009-09-08 01:39:20.081,1,"[{'lat': 1.118, 'long': 120.897, 'Time': Timestamp('2009-09-08 18:51:22'), 'mag': 5.8}, {'lat': 1.118, 'long': 120.897, 'Time': Timestamp('2009-09-08 18:51:22'), 'mag': 5.8}, {'lat': -7.782, 'long': 117.374, 'Time': Timestamp('2009-09-08 15:18:16'), 'mag': 5.2}, {'lat': 1.118, 'long': 120.897, 'Time': Timestamp('2009-09-08 18:51:22'), 'mag': 5.8}, {'lat': -7.782, 'long': 117.374, 'Time': Timestamp('2009-09-08 15:18:16'), 'mag': 5.2}, {'lat': -7.782, 'long': 117.374, 'Time': Timestamp('2009-09-08 15:18:16'), 'mag': 5.2}]",6,2009-09-08 18:51:22,RDM_df_train_30D-22SW-tw24_w16.csv,17.200533055555557
1638,2009-12-09 04:57:32.351,1,"[{'lat': 2.759, 'long': 95.91, 'Time': Timestamp('2009-12-09 21:29:02'), 'mag': 6.0}, {'lat': 2.759, 'long': 95.91, 'Time': Timestamp('2009-12-09 21:29:02'), 'mag': 6.0}, {'lat': 2.759, 'long': 95.91, 'Time': Timestamp('2009-12-09 21:29:02'), 'mag': 6.0}]",3,2009-12-09 21:29:02,RDM_df_train_30D-22SW-tw24_w16.csv,16.5249025
1855,2010-01-20 22:23:53.194,1,"[{'lat': 54.421, 'long': -161.482, 'Time': Timestamp('2010-01-21 11:55:21'), 'mag': 5.2}, {'lat': 54.421, 'long': -161.482, 'Time': Timestamp('2010-01-21 11:55:21'), 'mag': 5.2}, {'lat': -39.05, 'long': 174.852, 'Time': Timestamp('2010-01-21 21:17:05'), 'mag': 5.1}, {'lat': -39.05, 'long': 174.852, 'Time': Timestamp('2010-01-21 21:17:05'), 'mag': 5.1}]",4,2010-01-21 11:55:21,RDM_df_train_30D-22SW-tw24_w16.csv,13.524390555555554
249,2009-03-02 23:56:23.841,1,"[{'lat': -3.763, 'long': 151.242, 'Time': Timestamp('2009-03-03 01:19:38'), 'mag': 5.3}, {'lat': -3.718, 'long': 151.319, 'Time': Timestamp('2009-03-03 04:52:02'), 'mag': 5.2}, {'lat': -3.763, 'long': 151.242, 'Time': Timestamp('2009-03-03 01:19:38'), 'mag': 5.3}, {'lat': -3.718, 'long': 151.319, 'Time': Timestamp('2009-03-03 04:52:02'), 'mag': 5.2}, {'lat': -3.763, 'long': 151.242, 'Time': Timestamp('2009-03-03 01:19:38'), 'mag': 5.3}, {'lat': -3.718, 'long': 151.319, 'Time': Timestamp('2009-03-03 04:52:02'), 'mag': 5.2}]",6,2009-03-03 01:19:38,RDM_df_train_30D-22SW-tw24_w16.csv,1.3872663888888888
723,2009-06-03 00:32:17.937,1,"[{'lat': -17.836, 'long': 167.618, 'Time': Timestamp('2009-06-03 14:30:59'), 'mag': 5.0}, {'lat': -17.836, 'long': 167.618, 'Time': Timestamp('2009-06-03 14:30:59'), 'mag': 5.0}, {'lat': -17.836, 'long': 167.618, 'Time': Timestamp('2009-06-03 14:30:59'), 'mag': 5.0}, {'lat': -50.012, 'long': 120.592, 'Time': Timestamp('2009-06-03 18:54:38'), 'mag': 5.7}]",4,2009-06-03 14:30:59,RDM_df_train_30D-22SW-tw24_w16.csv,13.978073055555557
1164,2009-09-11 00:24:23.989,1,"[{'lat': 48.294, 'long': 154.23, 'Time': Timestamp('2009-09-11 08:49:11'), 'mag': 5.6}, {'lat': 48.294, 'long': 154.23, 'Time': Timestamp('2009-09-11 08:49:11'), 'mag': 5.6}, {'lat': 48.294, 'long': 154.23, 'Time': Timestamp('2009-09-11 08:49:11'), 'mag': 5.6}, {'lat': 23.667, 'long': 142.249, 'Time': Timestamp('2009-09-11 20:57:30'), 'mag': 5.2}, {'lat': 23.667, 'long': 142.249, 'Time': Timestamp('2009-09-11 20:57:30'), 'mag': 5.2}, {'lat': 23.667, 'long': 142.249, 'Time': Timestamp('2009-09-11 20:57:30'), 'mag': 5.2}]",6,2009-09-11 08:49:11,RDM_df_train_30D-22SW-tw24_w16.csv,8.413058611111111
1190,2009-08-26 23:09:23.541,1,"[{'lat': -10.229, 'long': 161.451, 'Time': Timestamp('2009-08-27 05:05:27'), 'mag': 5.0}, {'lat': -10.229, 'long': 161.451, 'Time': Timestamp('2009-08-27 05:05:27'), 'mag': 5.0}, {'lat': -10.229, 'long': 161.451, 'Time': Timestamp('2009-08-27 05:05:27'), 'mag': 5.0}]",3,2009-08-27 05:05:27,RDM_df_train_30D-22SW-tw24_w16.csv,5.934294166666667
381,2009-03-20 13:08:53.846,1,"[{'lat': -58.686, 'long': -24.845, 'Time': Timestamp('2009-03-20 16:01:14'), 'mag': 5.4}]",1,2009-03-20 16:01:14,RDM_df_train_30D-22SW-tw24_w16.csv,2.872265
925,2009-07-23 11:02:53.289,1,"[{'lat': -56.287, 'long': -27.051, 'Time': Timestamp('2009-07-23 14:03:38'), 'mag': 5.2}, {'lat': -56.287, 'long': -27.051, 'Time': Timestamp('2009-07-23 14:03:38'), 'mag': 5.2}]",2,2009-07-23 14:03:38,RDM_df_train_30D-22SW-tw24_w16.csv,3.012419722222222
390,2009-03-30 23:23:53.406,1,"[{'lat': -15.664, 'long': -173.452, 'Time': Timestamp('2009-03-31 07:56:17'), 'mag': 5.0}, {'lat': -15.664, 'long': -173.452, 'Time': Timestamp('2009-03-31 07:56:17'), 'mag': 5.0}, {'lat': -15.664, 'long': -173.452, 'Time': Timestamp('2009-03-31 07:56:17'), 'mag': 5.0}, {'lat': -6.787, 'long': 155.089, 'Time': Timestamp('2009-03-31 02:33:01'), 'mag': 5.0}, {'lat': -6.787, 'long': 155.089, 'Time': Timestamp('2009-03-31 02:33:01'), 'mag': 5.0}, {'lat': -6.787, 'long': 155.089, 'Time': Timestamp('2009-03-31 02:33:01'), 'mag': 5.0}]",6,2009-03-31 07:56:17,RDM_df_train_30D-22SW-tw24_w16.csv,8.539887222222223
551,2009-04-19 22:35:53.350,1,"[{'lat': -15.165, 'long': -173.724, 'Time': Timestamp('2009-04-20 20:02:27'), 'mag': 5.6}, {'lat': -15.165, 'long': -173.724, 'Time': Timestamp('2009-04-20 20:02:27'), 'mag': 5.6}, {'lat': -15.165, 'long': -173.724, 'Time': Timestamp('2009-04-20 20:02:27'), 'mag': 5.6}]",3,2009-04-20 20:02:27,RDM_df_train_30D-22SW-tw24_w16.csv,21.442680555555555
835,2009-06-29 12:14:23.850,1,"[{'lat': -16.842, 'long': -14.404, 'Time': Timestamp('2009-06-30 06:56:16'), 'mag': 5.1}, {'lat': -16.842, 'long': -14.404, 'Time': Timestamp('2009-06-30 06:56:16'), 'mag': 5.1}, {'lat': -16.842, 'long': -14.404, 'Time': Timestamp('2009-06-30 06:56:16'), 'mag': 5.1}]",3,2009-06-30 06:56:16,RDM_df_train_30D-22SW-tw24_w16.csv,18.69781944444444
408,2009-03-31 00:53:22.470,1,"[{'lat': -6.787, 'long': 155.089, 'Time': Timestamp('2009-03-31 02:33:01'), 'mag': 5.0}, {'lat': -6.787, 'long': 155.089, 'Time': Timestamp('2009-03-31 02:33:01'), 'mag': 5.0}, {'lat': -6.787, 'long': 155.089, 'Time': Timestamp('2009-03-31 02:33:01'), 'mag': 5.0}, {'lat': 18.313, 'long': 145.716, 'Time': Timestamp('2009-03-31 15:29:31'), 'mag': 5.5}, {'lat': 18.313, 'long': 145.716, 'Time': Timestamp('2009-03-31 15:29:31'), 'mag': 5.5}, {'lat': 18.313, 'long': 145.716, 'Time': Timestamp('2009-03-31 15:29:31'), 'mag': 5.5}, {'lat': -2.009, 'long': 139.029, 'Time': Timestamp('2009-03-31 01:21:03'), 'mag': 5.1}, {'lat': -2.009, 'long': 139.029, 'Time': Timestamp('2009-03-31 01:21:03'), 'mag': 5.1}, {'lat': -2.009, 'long': 139.029, 'Time': Timestamp('2009-03-31 01:21:03'), 'mag': 5.1}]",9,2009-03-31 02:33:01,RDM_df_train_30D-22SW-tw24_w16.csv,1.6607027777777776
682,2009-05-11 11:15:53.998,1,"[{'lat': -30.054, 'long': -13.899, 'Time': Timestamp('2009-05-11 14:32:30'), 'mag': 5.2}, {'lat': -30.054, 'long': -13.899, 'Time': Timestamp('2009-05-11 14:32:30'), 'mag': 5.2}, {'lat': -30.054, 'long': -13.899, 'Time': Timestamp('2009-05-11 14:32:30'), 'mag': 5.2}]",3,2009-05-11 14:32:30,RDM_df_train_30D-22SW-tw24_w16.csv,3.276667222222222
1697,2009-12-16 23:02:23.133,1,"[{'lat': 51.398, 'long': 179.963, 'Time': Timestamp('2009-12-17 20:01:21'), 'mag': 5.8}, {'lat': 51.398, 'long': 179.963, 'Time': Timestamp('2009-12-17 20:01:21'), 'mag': 5.8}]",2,2009-12-17 20:01:21,RDM_df_train_30D-22SW-tw24_w16.csv,20.982740833333335
1554,2009-11-27 15:27:48.264,1,"[{'lat': 15.05, 'long': -59.66, 'Time': Timestamp('2009-11-28 08:18:35'), 'mag': 5.0}, {'lat': 15.05, 'long': -59.66, 'Time': Timestamp('2009-11-28 08:18:35'), 'mag': 5.0}, {'lat': 15.05, 'long': -59.66, 'Time': Timestamp('2009-11-28 08:18:35'), 'mag': 5.0}, {'lat': -15.683, 'long': -74.991, 'Time': Timestamp('2009-11-28 04:35:38'), 'mag': 5.1}, {'lat': -15.638, 'long': -74.931, 'Time': Timestamp('2009-11-28 05:06:06'), 'mag': 5.2}, {'lat': -15.683, 'long': -74.991, 'Time': Timestamp('2009-11-28 04:35:38'), 'mag': 5.1}, {'lat': -15.638, 'long': -74.931, 'Time': Timestamp('2009-11-28 05:06:06'), 'mag': 5.2}, {'lat': -15.683, 'long': -74.991, 'Time': Timestamp('2009-11-28 04:35:38'), 'mag': 5.1}, {'lat': -15.638, 'long': -74.931, 'Time': Timestamp('2009-11-28 05:06:06'), 'mag': 5.2}]",9,2009-11-28 08:18:35,RDM_df_train_30D-22SW-tw24_w16.csv,16.846315555555556
1111,2009-08-25 21:33:24.936,1,"[{'lat': -15.323, 'long': -173.343, 'Time': Timestamp('2009-08-26 07:30:39'), 'mag': 5.2}, {'lat': -15.451, 'long': -173.202, 'Time': Timestamp('2009-08-26 11:49:27'), 'mag': 5.4}, {'lat': -15.323, 'long': -173.343, 'Time': Timestamp('2009-08-26 07:30:39'), 'mag': 5.2}, {'lat': -15.451, 'long': -173.202, 'Time': Timestamp('2009-08-26 11:49:27'), 'mag': 5.4}, {'lat': -15.323, 'long': -173.343, 'Time': Timestamp('2009-08-26 07:30:39'), 'mag': 5.2}, {'lat': -15.451, 'long': -173.202, 'Time': Timestamp('2009-08-26 11:49:27'), 'mag': 5.4}]",6,2009-08-26 07:30:39,RDM_df_train_30D-22SW-tw24_w16.csv,9.953906666666667
1736,2009-12-28 00:53:53.253,1,"[{'lat': 47.735, 'long': 153.094, 'Time': Timestamp('2009-12-28 08:05:43'), 'mag': 5.1}, {'lat': 47.735, 'long': 153.094, 'Time': Timestamp('2009-12-28 08:05:43'), 'mag': 5.1}, {'lat': 47.735, 'long': 153.094, 'Time': Timestamp('2009-12-28 08:05:43'), 'mag': 5.1}, {'lat': 3.927, 'long': 126.756, 'Time': Timestamp('2009-12-28 10:18:05'), 'mag': 5.2}, {'lat': 3.927, 'long': 126.756, 'Time': Timestamp('2009-12-28 10:18:05'), 'mag': 5.2}, {'lat': -10.131, 'long': 124.637, 'Time': Timestamp('2009-12-28 15:00:23'), 'mag': 5.2}, {'lat': -10.131, 'long': 124.637, 'Time': Timestamp('2009-12-28 15:00:23'), 'mag': 5.2}]",7,2009-12-28 08:05:43,RDM_df_train_30D-22SW-tw24_w16.csv,7.197151944444444
466,2009-04-10 05:54:57.743,1,"[{'lat': -18.467, 'long': 65.94, 'Time': Timestamp('2009-04-10 06:51:47'), 'mag': 5.2}, {'lat': -18.467, 'long': 65.94, 'Time': Timestamp('2009-04-10 06:51:47'), 'mag': 5.2}, {'lat': -18.467, 'long': 65.94, 'Time': Timestamp('2009-04-10 06:51:47'), 'mag': 5.2}]",3,2009-04-10 06:51:47,RDM_df_train_30D-22SW-tw24_w16.csv,0.9470158333333334
1815,2009-12-29 01:23:21.537,1,"[{'lat': -5.173, 'long': 152.268, 'Time': Timestamp('2009-12-29 05:12:29'), 'mag': 5.3}, {'lat': -5.173, 'long': 152.268, 'Time': Timestamp('2009-12-29 05:12:29'), 'mag': 5.3}, {'lat': -5.173, 'long': 152.268, 'Time': Timestamp('2009-12-29 05:12:29'), 'mag': 5.3}, {'lat': 10.046, 'long': 126.387, 'Time': Timestamp('2009-12-29 22:14:34'), 'mag': 5.0}, {'lat': 10.046, 'long': 126.387, 'Time': Timestamp('2009-12-29 22:14:34'), 'mag': 5.0}, {'lat': 10.046, 'long': 126.387, 'Time': Timestamp('2009-12-29 22:14:34'), 'mag': 5.0}]",6,2009-12-29 05:12:29,RDM_df_train_30D-22SW-tw24_w16.csv,3.8187397222222224
1089,2009-08-28 17:57:15.567,1,"[{'lat': 14.582, 'long': -93.608, 'Time': Timestamp('2009-08-29 10:42:44'), 'mag': 5.4}, {'lat': 14.582, 'long': -93.608, 'Time': Timestamp('2009-08-29 10:42:44'), 'mag': 5.4}, {'lat': 14.582, 'long': -93.608, 'Time': Timestamp('2009-08-29 10:42:44'), 'mag': 5.4}]",3,2009-08-29 10:42:44,RDM_df_train_30D-22SW-tw24_w16.csv,16.757898055555554
1335,2009-10-04 00:21:15.505,1,"[{'lat': -5.581, 'long': 148.408, 'Time': Timestamp('2009-10-04 14:43:14'), 'mag': 5.3}, {'lat': -5.945, 'long': 147.564, 'Time': Timestamp('2009-10-04 17:51:54'), 'mag': 5.0}, {'lat': -5.581, 'long': 148.408, 'Time': Timestamp('2009-10-04 14:43:14'), 'mag': 5.3}, {'lat': -5.945, 'long': 147.564, 'Time': Timestamp('2009-10-04 17:51:54'), 'mag': 5.0}, {'lat': -5.581, 'long': 148.408, 'Time': Timestamp('2009-10-04 14:43:14'), 'mag': 5.3}, {'lat': -5.945, 'long': 147.564, 'Time': Timestamp('2009-10-04 17:51:54'), 'mag': 5.0}]",6,2009-10-04 14:43:14,RDM_df_train_30D-22SW-tw24_w16.csv,14.366248611111113
1539,2009-11-13 07:52:16.691,1,"[{'lat': -6.852, 'long': 29.841, 'Time': Timestamp('2009-11-14 04:47:02'), 'mag': 5.4}, {'lat': -6.779, 'long': 29.823, 'Time': Timestamp('2009-11-14 04:50:17'), 'mag': 5.3}, {'lat': -6.852, 'long': 29.841, 'Time': Timestamp('2009-11-14 04:47:02'), 'mag': 5.4}, {'lat': -6.779, 'long': 29.823, 'Time': Timestamp('2009-11-14 04:50:17'), 'mag': 5.3}, {'lat': -6.852, 'long': 29.841, 'Time': Timestamp('2009-11-14 04:47:02'), 'mag': 5.4}]",5,2009-11-14 04:47:02,RDM_df_train_30D-22SW-tw24_w16.csv,20.91258583333333
801,2009-06-02 05:55:55.476,1,"[{'lat': -37.943, 'long': 49.275, 'Time': Timestamp('2009-06-03 04:36:42'), 'mag': 5.2}, {'lat': -37.943, 'long': 49.275, 'Time': Timestamp('2009-06-03 04:36:42'), 'mag': 5.2}, {'lat': -37.943, 'long': 49.275, 'Time': Timestamp('2009-06-03 04:36:42'), 'mag': 5.2}]",3,2009-06-03 04:36:42,RDM_df_train_30D-22SW-tw24_w16.csv,22.67959
681,2009-05-19 07:58:51.274,1,"[{'lat': 25.248, 'long': 37.703, 'Time': Timestamp('2009-05-19 16:54:31'), 'mag': 5.0}, {'lat': 25.291, 'long': 37.74, 'Time': Timestamp('2009-05-19 17:35:01'), 'mag': 5.7}, {'lat': 25.248, 'long': 37.703, 'Time': Timestamp('2009-05-19 16:54:31'), 'mag': 5.0}, {'lat': 25.291, 'long': 37.74, 'Time': Timestamp('2009-05-19 17:35:01'), 'mag': 5.7}, {'lat': 25.248, 'long': 37.703, 'Time': Timestamp('2009-05-19 16:54:31'), 'mag': 5.0}, {'lat': 25.291, 'long': 37.74, 'Time': Timestamp('2009-05-19 17:35:01'), 'mag': 5.7}]",6,2009-05-19 16:54:31,RDM_df_train_30D-22SW-tw24_w16.csv,8.927701666666666
829,2009-06-14 00:15:22.910,1,"[{'lat': -57.47, 'long': 147.321, 'Time': Timestamp('2009-06-14 14:43:45'), 'mag': 5.0}]",1,2009-06-14 14:43:45,RDM_df_train_30D-22SW-tw24_w16.csv,14.472802777777776
311,2009-03-14 00:32:15.542,1,"[{'lat': -49.191, 'long': 164.744, 'Time': Timestamp('2009-03-14 10:50:49'), 'mag': 5.1}, {'lat': -49.191, 'long': 164.744, 'Time': Timestamp('2009-03-14 10:50:49'), 'mag': 5.1}, {'lat': -49.191, 'long': 164.744, 'Time': Timestamp('2009-03-14 10:50:49'), 'mag': 5.1}]",3,2009-03-14 10:50:49,RDM_df_train_30D-22SW-tw24_w16.csv,10.309293888888888
1117,2009-08-26 18:49:20.758,1,"[{'lat': 14.53, 'long': -94.02, 'Time': Timestamp('2009-08-26 22:43:55'), 'mag': 5.0}, {'lat': 14.53, 'long': -94.02, 'Time': Timestamp('2009-08-26 22:43:55'), 'mag': 5.0}, {'lat': 14.53, 'long': -94.02, 'Time': Timestamp('2009-08-26 22:43:55'), 'mag': 5.0}]",3,2009-08-26 22:43:55,RDM_df_train_30D-22SW-tw24_w16.csv,3.909511666666667
1315,2009-09-24 21:15:23.277,1,"[{'lat': -55.039, 'long': -144.081, 'Time': Timestamp('2009-09-25 09:46:57'), 'mag': 5.1}, {'lat': -30.991, 'long': -177.536, 'Time': Timestamp('2009-09-25 14:07:02'), 'mag': 5.0}, {'lat': -30.991, 'long': -177.536, 'Time': Timestamp('2009-09-25 14:07:02'), 'mag': 5.0}, {'lat': -30.991, 'long': -177.536, 'Time': Timestamp('2009-09-25 14:07:02'), 'mag': 5.0}]",4,2009-09-25 09:46:57,RDM_df_train_30D-22SW-tw24_w16.csv,12.526034166666665
508,2009-04-22 01:13:50.860,1,"[{'lat': -13.65, 'long': 167.212, 'Time': Timestamp('2009-04-22 01:48:26'), 'mag': 5.3}]",1,2009-04-22 01:48:26,RDM_df_train_30D-22SW-tw24_w16.csv,0.5764277777777778
130,2009-02-12 23:13:54.036,1,"[{'lat': -30.712, 'long': -178.2, 'Time': Timestamp('2009-02-13 02:17:50'), 'mag': 5.3}, {'lat': -30.712, 'long': -178.2, 'Time': Timestamp('2009-02-13 02:17:50'), 'mag': 5.3}, {'lat': -30.712, 'long': -178.2, 'Time': Timestamp('2009-02-13 02:17:50'), 'mag': 5.3}]",3,2009-02-13 02:17:50,RDM_df_train_30D-22SW-tw24_w16.csv,3.0655455555555555
196,2009-03-02 11:47:53.316,1,"[{'lat': -56.347, 'long': -27.064, 'Time': Timestamp('2009-03-03 06:05:03'), 'mag': 5.3}]",1,2009-03-03 06:05:03,RDM_df_train_30D-22SW-tw24_w16.csv,18.286023333333333
853,2009-06-24 21:53:21.379,1,"[{'lat': -19.306, 'long': 169.296, 'Time': Timestamp('2009-06-25 06:43:48'), 'mag': 5.2}, {'lat': -19.306, 'long': 169.296, 'Time': Timestamp('2009-06-25 06:43:48'), 'mag': 5.2}]",2,2009-06-25 06:43:48,RDM_df_train_30D-22SW-tw24_w16.csv,8.840728055555555
1784,2009-12-23 16:25:53.842,1,"[{'lat': -15.766, 'long': -73.978, 'Time': Timestamp('2009-12-24 14:01:58'), 'mag': 5.6}, {'lat': -15.766, 'long': -73.978, 'Time': Timestamp('2009-12-24 14:01:58'), 'mag': 5.6}, {'lat': -15.766, 'long': -73.978, 'Time': Timestamp('2009-12-24 14:01:58'), 'mag': 5.6}]",3,2009-12-24 14:01:58,RDM_df_train_30D-22SW-tw24_w16.csv,21.601155
1552,2009-11-09 08:50:51.043,1,"[{'lat': -41.071, 'long': 44.416, 'Time': Timestamp('2009-11-10 00:45:53'), 'mag': 5.1}]",1,2009-11-10 00:45:53,RDM_df_train_30D-22SW-tw24_w16.csv,15.917210277777778
645,2009-05-18 22:26:53.227,1,"[{'lat': -19.389, 'long': 176.801, 'Time': Timestamp('2009-05-18 22:31:23'), 'mag': 5.0}, {'lat': -19.389, 'long': 176.801, 'Time': Timestamp('2009-05-18 22:31:23'), 'mag': 5.0}, {'lat': -19.389, 'long': 176.801, 'Time': Timestamp('2009-05-18 22:31:23'), 'mag': 5.0}]",3,2009-05-18 22:31:23,RDM_df_train_30D-22SW-tw24_w16.csv,0.07493694444444444
1749,2009-12-20 22:39:24.003,1,"[{'lat': 51.571, 'long': -179.845, 'Time': Timestamp('2009-12-20 23:52:44'), 'mag': 5.0}, {'lat': 51.571, 'long': -179.845, 'Time': Timestamp('2009-12-20 23:52:44'), 'mag': 5.0}, {'lat': 51.571, 'long': -179.845, 'Time': Timestamp('2009-12-20 23:52:44'), 'mag': 5.0}]",3,2009-12-20 23:52:44,RDM_df_train_30D-22SW-tw24_w16.csv,1.2222213888888889
1034,2009-07-28 06:21:26.620,1,"[{'lat': 10.64, 'long': 94.179, 'Time': Timestamp('2009-07-28 19:14:09'), 'mag': 5.0}]",1,2009-07-28 19:14:09,RDM_df_train_30D-22SW-tw24_w16.csv,12.878438888888889
1110,2009-08-29 18:19:21.133,1,"[{'lat': 14.567, 'long': -93.574, 'Time': Timestamp('2009-08-30 09:19:43'), 'mag': 5.1}, {'lat': 14.567, 'long': -93.574, 'Time': Timestamp('2009-08-30 09:19:43'), 'mag': 5.1}, {'lat': 14.567, 'long': -93.574, 'Time': Timestamp('2009-08-30 09:19:43'), 'mag': 5.1}, {'lat': 16.224, 'long': -115.555, 'Time': Timestamp('2009-08-30 07:16:02'), 'mag': 5.1}, {'lat': 16.224, 'long': -115.555, 'Time': Timestamp('2009-08-30 07:16:02'), 'mag': 5.1}, {'lat': 16.224, 'long': -115.555, 'Time': Timestamp('2009-08-30 07:16:02'), 'mag': 5.1}]",6,2009-08-30 09:19:43,RDM_df_train_30D-22SW-tw24_w16.csv,15.006074166666666
1649,2009-12-16 23:25:23.340,1,"[{'lat': 51.398, 'long': 179.963, 'Time': Timestamp('2009-12-17 20:01:21'), 'mag': 5.8}, {'lat': 51.398, 'long': 179.963, 'Time': Timestamp('2009-12-17 20:01:21'), 'mag': 5.8}, {'lat': 51.398, 'long': 179.963, 'Time': Timestamp('2009-12-17 20:01:21'), 'mag': 5.8}]",3,2009-12-17 20:01:21,RDM_df_train_30D-22SW-tw24_w16.csv,20.59935
1335,2009-10-04 00:21:15.505,1,"[{'lat': -5.581, 'long': 148.408, 'Time': Timestamp('2009-10-04 14:43:14'), 'mag': 5.3}, {'lat': -5.945, 'long': 147.564, 'Time': Timestamp('2009-10-04 17:51:54'), 'mag': 5.0}, {'lat': -5.581, 'long': 148.408, 'Time': Timestamp('2009-10-04 14:43:14'), 'mag': 5.3}, {'lat': -5.945, 'long': 147.564, 'Time': Timestamp('2009-10-04 17:51:54'), 'mag': 5.0}, {'lat': -5.581, 'long': 148.408, 'Time': Timestamp('2009-10-04 14:43:14'), 'mag': 5.3}, {'lat': -5.945, 'long': 147.564, 'Time': Timestamp('2009-10-04 17:51:54'), 'mag': 5.0}]",6,2009-10-04 14:43:14,RDM_df_train_30D-22SW-tw24_w16.csv,14.366248611111113
1520,2009-11-27 20:35:23.890,1,"[{'lat': -20.985, 'long': -173.809, 'Time': Timestamp('2009-11-27 23:48:18'), 'mag': 5.2}, {'lat': -29.216, 'long': -177.018, 'Time': Timestamp('2009-11-28 09:21:17'), 'mag': 6.0}]",2,2009-11-27 23:48:18,RDM_df_train_30D-22SW-tw24_w16.csv,3.215030555555556
1570,2009-12-02 22:56:23.328,1,"[{'lat': 53.693, 'long': -165.518, 'Time': Timestamp('2009-12-03 01:56:36'), 'mag': 5.3}, {'lat': -18.292, 'long': -174.709, 'Time': Timestamp('2009-12-03 16:03:11'), 'mag': 5.0}, {'lat': -18.292, 'long': -174.709, 'Time': Timestamp('2009-12-03 16:03:11'), 'mag': 5.0}, {'lat': -18.292, 'long': -174.709, 'Time': Timestamp('2009-12-03 16:03:11'), 'mag': 5.0}]",4,2009-12-03 01:56:36,RDM_df_train_30D-22SW-tw24_w16.csv,3.00352
793,2009-06-10 16:25:53.353,1,"[{'lat': -41.78, 'long': -84.076, 'Time': Timestamp('2009-06-10 22:05:34'), 'mag': 5.0}, {'lat': -41.716, 'long': -83.995, 'Time': Timestamp('2009-06-10 23:13:21'), 'mag': 5.7}, {'lat': -41.78, 'long': -84.076, 'Time': Timestamp('2009-06-10 22:05:34'), 'mag': 5.0}, {'lat': -41.716, 'long': -83.995, 'Time': Timestamp('2009-06-10 23:13:21'), 'mag': 5.7}, {'lat': -41.78, 'long': -84.076, 'Time': Timestamp('2009-06-10 22:05:34'), 'mag': 5.0}, {'lat': -41.716, 'long': -83.995, 'Time': Timestamp('2009-06-10 23:13:21'), 'mag': 5.7}]",6,2009-06-10 22:05:34,RDM_df_train_30D-22SW-tw24_w16.csv,5.661290833333333
1329,2009-10-07 22:14:54.079,1,"[{'lat': -16.739, 'long': -172.4, 'Time': Timestamp('2009-10-07 23:38:08'), 'mag': 5.3}, {'lat': -13.246, 'long': 166.441, 'Time': Timestamp('2009-10-07 22:15:46'), 'mag': 5.2}, {'lat': -12.622, 'long': 166.352, 'Time': Timestamp('2009-10-07 22:18:25'), 'mag': 5.8}, {'lat': -12.517, 'long': 166.382, 'Time': Timestamp('2009-10-07 22:18:51'), 'mag': 7.8}, {'lat': -12.097, 'long': 166.641, 'Time': Timestamp('2009-10-07 22:26:38'), 'mag': 5.6}, {'lat': -11.507, 'long': 166.03, 'Time': Timestamp('2009-10-07 22:29:18'), 'mag': 5.5}, {'lat': -12.048, 'long': 165.949, 'Time': Timestamp('2009-10-07 22:44:00'), 'mag': 5.1}, {'lat': -12.39, 'long': 166.086, 'Time': Timestamp('2009-10-07 22:50:15'), 'mag': 6.8}, {'lat': -12.827, 'long': 165.886, 'Time': Timestamp('2009-10-07 22:55:43'), 'mag': 5.2}, {'lat': -12.478, 'long': 166.326, 'Time': Timestamp('2009-10-07 23:03:35'), 'mag': 5.0}, {'lat': -13.093, 'long': 166.497, 'Time': Timestamp('2009-10-07 23:13:48'), 'mag': 7.4}, {'lat': -12.564, 'long': 165.957, 'Time': Timestamp('2009-10-07 23:23:28'), 'mag': 5.5}, {'lat': -12.107, 'long': 166.015, 'Time': Timestamp('2009-10-07 23:26:06'), 'mag': 5.3}, {'lat': -13.24, 'long': 166.554, 'Time': Timestamp('2009-10-07 23:29:27'), 'mag': 5.0}, {'lat': -13.039, 'long': 166.193, 'Time': Timestamp('2009-10-07 23:41:14'), 'mag': 5.0}, {'lat': -13.538, 'long': 166.399, 'Time': Timestamp('2009-10-07 23:48:52'), 'mag': 5.7}, {'lat': -13.235, 'long': 166.356, 'Time': Timestamp('2009-10-07 23:54:16'), 'mag': 5.8}, {'lat': -13.22, 'long': 166.423, 'Time': Timestamp('2009-10-08 00:15:20'), 'mag': 5.0}, {'lat': -13.285, 'long': 166.142, 'Time': Timestamp('2009-10-08 00:22:04'), 'mag': 5.1}, {'lat': -11.26, 'long': 167.074, 'Time': Timestamp('2009-10-08 00:25:07'), 'mag': 5.2}, {'lat': -12.798, 'long': 166.204, 'Time': Timestamp('2009-10-08 01:08:36'), 'mag': 5.3}, {'lat': -12.639, 'long': 166.493, 'Time': Timestamp('2009-10-08 01:19:27'), 'mag': 5.0}, {'lat': -13.45, 'long': 166.489, 'Time': Timestamp('2009-10-08 01:31:00'), 'mag': 5.2}, {'lat': -11.293, 'long': 165.668, 'Time': Timestamp('2009-10-08 01:42:44'), 'mag': 5.0}, {'lat': -11.898, 'long': 165.96, 'Time': Timestamp('2009-10-08 01:59:19'), 'mag': 5.9}, {'lat': -11.889, 'long': 165.834, 'Time': Timestamp('2009-10-08 02:02:39'), 'mag': 5.3}, {'lat': -11.66, 'long': 166.177, 'Time': Timestamp('2009-10-08 02:12:39'), 'mag': 5.8}, {'lat': -12.707, 'long': 165.903, 'Time': Timestamp('2009-10-08 03:40:54'), 'mag': 5.1}, {'lat': -13.021, 'long': 166.031, 'Time': Timestamp('2009-10-08 04:17:53'), 'mag': 5.3}, {'lat': -12.922, 'long': 166.004, 'Time': Timestamp('2009-10-08 04:38:50'), 'mag': 5.0}, {'lat': -11.437, 'long': 165.717, 'Time': Timestamp('2009-10-08 06:07:11'), 'mag': 5.0}, {'lat': -13.298, 'long': 165.91, 'Time': Timestamp('2009-10-08 08:28:47'), 'mag': 6.8}, {'lat': -12.237, 'long': 166.489, 'Time': Timestamp('2009-10-08 08:34:36'), 'mag': 6.0}, {'lat': -11.263, 'long': 165.819, 'Time': Timestamp('2009-10-08 10:11:07'), 'mag': 6.1}, {'lat': -13.438, 'long': 166.534, 'Time': Timestamp('2009-10-08 11:35:03'), 'mag': 5.1}, {'lat': -13.089, 'long': 166.484, 'Time': Timestamp('2009-10-08 17:16:42'), 'mag': 5.2}, {'lat': -12.035, 'long': 165.978, 'Time': Timestamp('2009-10-08 18:10:49'), 'mag': 5.2}, {'lat': -11.643, 'long': 166.074, 'Time': Timestamp('2009-10-08 18:51:26'), 'mag': 5.2}, {'lat': -12.912, 'long': 166.314, 'Time': Timestamp('2009-10-08 21:16:13'), 'mag': 6.0}, {'lat': -12.981, 'long': 166.074, 'Time': Timestamp('2009-10-08 21:18:40'), 'mag': 5.1}, {'lat': -12.438, 'long': 166.219, 'Time': Timestamp('2009-10-08 21:37:17'), 'mag': 5.3}, {'lat': -13.246, 'long': 166.441, 'Time': Timestamp('2009-10-07 22:15:46'), 'mag': 5.2}, {'lat': -12.622, 'long': 166.352, 'Time': Timestamp('2009-10-07 22:18:25'), 'mag': 5.8}, {'lat': -12.517, 'long': 166.382, 'Time': Timestamp('2009-10-07 22:18:51'), 'mag': 7.8}, {'lat': -12.097, 'long': 166.641, 'Time': Timestamp('2009-10-07 22:26:38'), 'mag': 5.6}, {'lat': -11.507, 'long': 166.03, 'Time': Timestamp('2009-10-07 22:29:18'), 'mag': 5.5}, {'lat': -12.048, 'long': 165.949, 'Time': Timestamp('2009-10-07 22:44:00'), 'mag': 5.1}, {'lat': -12.39, 'long': 166.086, 'Time': Timestamp('2009-10-07 22:50:15'), 'mag': 6.8}, {'lat': -12.827, 'long': 165.886, 'Time': Timestamp('2009-10-07 22:55:43'), 'mag': 5.2}, {'lat': -12.478, 'long': 166.326, 'Time': Timestamp('2009-10-07 23:03:35'), 'mag': 5.0}, {'lat': -13.093, 'long': 166.497, 'Time': Timestamp('2009-10-07 23:13:48'), 'mag': 7.4}, {'lat': -12.564, 'long': 165.957, 'Time': Timestamp('2009-10-07 23:23:28'), 'mag': 5.5}, {'lat': -12.107, 'long': 166.015, 'Time': Timestamp('2009-10-07 23:26:06'), 'mag': 5.3}, {'lat': -13.24, 'long': 166.554, 'Time': Timestamp('2009-10-07 23:29:27'), 'mag': 5.0}, {'lat': -13.039, 'long': 166.193, 'Time': Timestamp('2009-10-07 23:41:14'), 'mag': 5.0}, {'lat': -13.538, 'long': 166.399, 'Time': Timestamp('2009-10-07 23:48:52'), 'mag': 5.7}, {'lat': -13.235, 'long': 166.356, 'Time': Timestamp('2009-10-07 23:54:16'), 'mag': 5.8}, {'lat': -13.22, 'long': 166.423, 'Time': Timestamp('2009-10-08 00:15:20'), 'mag': 5.0}, {'lat': -13.285, 'long': 166.142, 'Time': Timestamp('2009-10-08 00:22:04'), 'mag': 5.1}, {'lat': -11.26, 'long': 167.074, 'Time': Timestamp('2009-10-08 00:25:07'), 'mag': 5.2}, {'lat': -12.798, 'long': 166.204, 'Time': Timestamp('2009-10-08 01:08:36'), 'mag': 5.3}, {'lat': -12.639, 'long': 166.493, 'Time': Timestamp('2009-10-08 01:19:27'), 'mag': 5.0}, {'lat': -13.45, 'long': 166.489, 'Time': Timestamp('2009-10-08 01:31:00'), 'mag': 5.2}, {'lat': -11.293, 'long': 165.668, 'Time': Timestamp('2009-10-08 01:42:44'), 'mag': 5.0}, {'lat': -11.898, 'long': 165.96, 'Time': Timestamp('2009-10-08 01:59:19'), 'mag': 5.9}, {'lat': -11.889, 'long': 165.834, 'Time': Timestamp('2009-10-08 02:02:39'), 'mag': 5.3}, {'lat': -11.66, 'long': 166.177, 'Time': Timestamp('2009-10-08 02:12:39'), 'mag': 5.8}, {'lat': -12.707, 'long': 165.903, 'Time': Timestamp('2009-10-08 03:40:54'), 'mag': 5.1}, {'lat': -13.021, 'long': 166.031, 'Time': Timestamp('2009-10-08 04:17:53'), 'mag': 5.3}, {'lat': -12.922, 'long': 166.004, 'Time': Timestamp('2009-10-08 04:38:50'), 'mag': 5.0}, {'lat': -11.437, 'long': 165.717, 'Time': Timestamp('2009-10-08 06:07:11'), 'mag': 5.0}, {'lat': -13.298, 'long': 165.91, 'Time': Timestamp('2009-10-08 08:28:47'), 'mag': 6.8}, {'lat': -12.237, 'long': 166.489, 'Time': Timestamp('2009-10-08 08:34:36'), 'mag': 6.0}, {'lat': -11.263, 'long': 165.819, 'Time': Timestamp('2009-10-08 10:11:07'), 'mag': 6.1}, {'lat': -12.267, 'long': 165.447, 'Time': Timestamp('2009-10-08 10:47:23'), 'mag': 5.2}, {'lat': -13.438, 'long': 166.534, 'Time': Timestamp('2009-10-08 11:35:03'), 'mag': 5.1}, {'lat': -13.089, 'long': 166.484, 'Time': Timestamp('2009-10-08 17:16:42'), 'mag': 5.2}, {'lat': -12.035, 'long': 165.978, 'Time': Timestamp('2009-10-08 18:10:49'), 'mag': 5.2}, {'lat': -11.643, 'long': 166.074, 'Time': Timestamp('2009-10-08 18:51:26'), 'mag': 5.2}, {'lat': -15.88, 'long': 168.246, 'Time': Timestamp('2009-10-08 19:42:43'), 'mag': 5.0}, {'lat': -12.912, 'long': 166.314, 'Time': Timestamp('2009-10-08 21:16:13'), 'mag': 6.0}, {'lat': -12.981, 'long': 166.074, 'Time': Timestamp('2009-10-08 21:18:40'), 'mag': 5.1}, {'lat': -12.438, 'long': 166.219, 'Time': Timestamp('2009-10-08 21:37:17'), 'mag': 5.3}, {'lat': -13.246, 'long': 166.441, 'Time': Timestamp('2009-10-07 22:15:46'), 'mag': 5.2}, {'lat': -12.622, 'long': 166.352, 'Time': Timestamp('2009-10-07 22:18:25'), 'mag': 5.8}, {'lat': -12.517, 'long': 166.382, 'Time': Timestamp('2009-10-07 22:18:51'), 'mag': 7.8}, {'lat': -12.097, 'long': 166.641, 'Time': Timestamp('2009-10-07 22:26:38'), 'mag': 5.6}, {'lat': -11.507, 'long': 166.03, 'Time': Timestamp('2009-10-07 22:29:18'), 'mag': 5.5}, {'lat': -12.048, 'long': 165.949, 'Time': Timestamp('2009-10-07 22:44:00'), 'mag': 5.1}, {'lat': -12.39, 'long': 166.086, 'Time': Timestamp('2009-10-07 22:50:15'), 'mag': 6.8}, {'lat': -12.827, 'long': 165.886, 'Time': Timestamp('2009-10-07 22:55:43'), 'mag': 5.2}, {'lat': -12.478, 'long': 166.326, 'Time': Timestamp('2009-10-07 23:03:35'), 'mag': 5.0}, {'lat': -13.093, 'long': 166.497, 'Time': Timestamp('2009-10-07 23:13:48'), 'mag': 7.4}, {'lat': -12.564, 'long': 165.957, 'Time': Timestamp('2009-10-07 23:23:28'), 'mag': 5.5}, {'lat': -12.107, 'long': 166.015, 'Time': Timestamp('2009-10-07 23:26:06'), 'mag': 5.3}, {'lat': -13.24, 'long': 166.554, 'Time': Timestamp('2009-10-07 23:29:27'), 'mag': 5.0}, {'lat': -13.039, 'long': 166.193, 'Time': Timestamp('2009-10-07 23:41:14'), 'mag': 5.0}, {'lat': -13.538, 'long': 166.399, 'Time': Timestamp('2009-10-07 23:48:52'), 'mag': 5.7}, {'lat': -13.235, 'long': 166.356, 'Time': Timestamp('2009-10-07 23:54:16'), 'mag': 5.8}, {'lat': -13.22, 'long': 166.423, 'Time': Timestamp('2009-10-08 00:15:20'), 'mag': 5.0}, {'lat': -13.285, 'long': 166.142, 'Time': Timestamp('2009-10-08 00:22:04'), 'mag': 5.1}, {'lat': -11.26, 'long': 167.074, 'Time': Timestamp('2009-10-08 00:25:07'), 'mag': 5.2}, {'lat': -12.798, 'long': 166.204, 'Time': Timestamp('2009-10-08 01:08:36'), 'mag': 5.3}, {'lat': -12.639, 'long': 166.493, 'Time': Timestamp('2009-10-08 01:19:27'), 'mag': 5.0}, {'lat': -13.45, 'long': 166.489, 'Time': Timestamp('2009-10-08 01:31:00'), 'mag': 5.2}, {'lat': -11.293, 'long': 165.668, 'Time': Timestamp('2009-10-08 01:42:44'), 'mag': 5.0}, {'lat': -11.898, 'long': 165.96, 'Time': Timestamp('2009-10-08 01:59:19'), 'mag': 5.9}, {'lat': -11.889, 'long': 165.834, 'Time': Timestamp('2009-10-08 02:02:39'), 'mag': 5.3}, {'lat': -11.66, 'long': 166.177, 'Time': Timestamp('2009-10-08 02:12:39'), 'mag': 5.8}, {'lat': -12.707, 'long': 165.903, 'Time': Timestamp('2009-10-08 03:40:54'), 'mag': 5.1}, {'lat': -13.021, 'long': 166.031, 'Time': Timestamp('2009-10-08 04:17:53'), 'mag': 5.3}, {'lat': -12.922, 'long': 166.004, 'Time': Timestamp('2009-10-08 04:38:50'), 'mag': 5.0}, {'lat': -11.437, 'long': 165.717, 'Time': Timestamp('2009-10-08 06:07:11'), 'mag': 5.0}, {'lat': -13.298, 'long': 165.91, 'Time': Timestamp('2009-10-08 08:28:47'), 'mag': 6.8}, {'lat': -12.237, 'long': 166.489, 'Time': Timestamp('2009-10-08 08:34:36'), 'mag': 6.0}, {'lat': -11.263, 'long': 165.819, 'Time': Timestamp('2009-10-08 10:11:07'), 'mag': 6.1}, {'lat': -12.267, 'long': 165.447, 'Time': Timestamp('2009-10-08 10:47:23'), 'mag': 5.2}, {'lat': -13.438, 'long': 166.534, 'Time': Timestamp('2009-10-08 11:35:03'), 'mag': 5.1}, {'lat': -13.089, 'long': 166.484, 'Time': Timestamp('2009-10-08 17:16:42'), 'mag': 5.2}, {'lat': -12.035, 'long': 165.978, 'Time': Timestamp('2009-10-08 18:10:49'), 'mag': 5.2}, {'lat': -11.643, 'long': 166.074, 'Time': Timestamp('2009-10-08 18:51:26'), 'mag': 5.2}, {'lat': -15.88, 'long': 168.246, 'Time': Timestamp('2009-10-08 19:42:43'), 'mag': 5.0}, {'lat': -12.912, 'long': 166.314, 'Time': Timestamp('2009-10-08 21:16:13'), 'mag': 6.0}, {'lat': -12.981, 'long': 166.074, 'Time': Timestamp('2009-10-08 21:18:40'), 'mag': 5.1}, {'lat': -12.438, 'long': 166.219, 'Time': Timestamp('2009-10-08 21:37:17'), 'mag': 5.3}, {'lat': -15.88, 'long': 168.246, 'Time': Timestamp('2009-10-08 19:42:43'), 'mag': 5.0}]",126,2009-10-07 23:38:08,RDM_df_train_30D-22SW-tw24_w16.csv,1.3872002777777779
745,2009-06-16 23:17:23.723,1,"[{'lat': -29.351, 'long': -177.237, 'Time': Timestamp('2009-06-17 11:45:40'), 'mag': 5.0}, {'lat': -29.351, 'long': -177.237, 'Time': Timestamp('2009-06-17 11:45:40'), 'mag': 5.0}]",2,2009-06-17 11:45:40,RDM_df_train_30D-22SW-tw24_w16.csv,12.471188055555556
721,2009-05-22 18:04:24.066,1,"[{'lat': 18.114, 'long': -98.457, 'Time': Timestamp('2009-05-22 19:24:18'), 'mag': 5.6}, {'lat': 18.114, 'long': -98.457, 'Time': Timestamp('2009-05-22 19:24:18'), 'mag': 5.6}, {'lat': 1.064, 'long': -85.208, 'Time': Timestamp('2009-05-23 12:55:29'), 'mag': 5.1}, {'lat': 1.064, 'long': -85.208, 'Time': Timestamp('2009-05-23 12:55:29'), 'mag': 5.1}, {'lat': 1.064, 'long': -85.208, 'Time': Timestamp('2009-05-23 12:55:29'), 'mag': 5.1}]",5,2009-05-22 19:24:18,RDM_df_train_30D-22SW-tw24_w16.csv,1.3316483333333333
275,2009-03-08 16:42:53.871,1,"[{'lat': 14.046, 'long': -91.356, 'Time': Timestamp('2009-03-08 22:15:02'), 'mag': 5.0}, {'lat': 13.54, 'long': -90.57, 'Time': Timestamp('2009-03-09 06:01:11'), 'mag': 5.4}, {'lat': 14.046, 'long': -91.356, 'Time': Timestamp('2009-03-08 22:15:02'), 'mag': 5.0}, {'lat': 13.54, 'long': -90.57, 'Time': Timestamp('2009-03-09 06:01:11'), 'mag': 5.4}, {'lat': 14.046, 'long': -91.356, 'Time': Timestamp('2009-03-08 22:15:02'), 'mag': 5.0}, {'lat': 13.54, 'long': -90.57, 'Time': Timestamp('2009-03-09 06:01:11'), 'mag': 5.4}]",6,2009-03-08 22:15:02,RDM_df_train_30D-22SW-tw24_w16.csv,5.535591388888889
1102,2009-08-28 01:24:50.129,1,"[{'lat': -9.202, 'long': 154.166, 'Time': Timestamp('2009-08-28 02:52:48'), 'mag': 5.1}, {'lat': -9.202, 'long': 154.166, 'Time': Timestamp('2009-08-28 02:52:48'), 'mag': 5.1}, {'lat': -9.202, 'long': 154.166, 'Time': Timestamp('2009-08-28 02:52:48'), 'mag': 5.1}, {'lat': 29.918, 'long': 130.528, 'Time': Timestamp('2009-08-28 05:47:53'), 'mag': 5.2}, {'lat': 29.918, 'long': 130.528, 'Time': Timestamp('2009-08-28 05:47:53'), 'mag': 5.2}, {'lat': 29.918, 'long': 130.528, 'Time': Timestamp('2009-08-28 05:47:53'), 'mag': 5.2}, {'lat': -7.146, 'long': 123.427, 'Time': Timestamp('2009-08-28 01:51:20'), 'mag': 6.9}, {'lat': -7.146, 'long': 123.427, 'Time': Timestamp('2009-08-28 01:51:20'), 'mag': 6.9}, {'lat': -7.146, 'long': 123.427, 'Time': Timestamp('2009-08-28 01:51:20'), 'mag': 6.9}]",9,2009-08-28 02:52:48,RDM_df_train_30D-22SW-tw24_w16.csv,1.466075277777778
1520,2009-11-27 20:35:23.890,1,"[{'lat': -20.985, 'long': -173.809, 'Time': Timestamp('2009-11-27 23:48:18'), 'mag': 5.2}, {'lat': -29.216, 'long': -177.018, 'Time': Timestamp('2009-11-28 09:21:17'), 'mag': 6.0}]",2,2009-11-27 23:48:18,RDM_df_train_30D-22SW-tw24_w16.csv,3.215030555555556
762,2009-06-03 00:46:17.898,1,"[{'lat': -17.836, 'long': 167.618, 'Time': Timestamp('2009-06-03 14:30:59'), 'mag': 5.0}, {'lat': -17.836, 'long': 167.618, 'Time': Timestamp('2009-06-03 14:30:59'), 'mag': 5.0}, {'lat': -17.836, 'long': 167.618, 'Time': Timestamp('2009-06-03 14:30:59'), 'mag': 5.0}, {'lat': -50.012, 'long': 120.592, 'Time': Timestamp('2009-06-03 18:54:38'), 'mag': 5.7}, {'lat': -50.012, 'long': 120.592, 'Time': Timestamp('2009-06-03 18:54:38'), 'mag': 5.7}]",5,2009-06-03 14:30:59,RDM_df_train_30D-22SW-tw24_w16.csv,13.744750555555555
1554,2009-11-27 15:27:48.264,1,"[{'lat': 15.05, 'long': -59.66, 'Time': Timestamp('2009-11-28 08:18:35'), 'mag': 5.0}, {'lat': 15.05, 'long': -59.66, 'Time': Timestamp('2009-11-28 08:18:35'), 'mag': 5.0}, {'lat': 15.05, 'long': -59.66, 'Time': Timestamp('2009-11-28 08:18:35'), 'mag': 5.0}, {'lat': -15.683, 'long': -74.991, 'Time': Timestamp('2009-11-28 04:35:38'), 'mag': 5.1}, {'lat': -15.638, 'long': -74.931, 'Time': Timestamp('2009-11-28 05:06:06'), 'mag': 5.2}, {'lat': -15.683, 'long': -74.991, 'Time': Timestamp('2009-11-28 04:35:38'), 'mag': 5.1}, {'lat': -15.638, 'long': -74.931, 'Time': Timestamp('2009-11-28 05:06:06'), 'mag': 5.2}, {'lat': -15.683, 'long': -74.991, 'Time': Timestamp('2009-11-28 04:35:38'), 'mag': 5.1}, {'lat': -15.638, 'long': -74.931, 'Time': Timestamp('2009-11-28 05:06:06'), 'mag': 5.2}]",9,2009-11-28 08:18:35,RDM_df_train_30D-22SW-tw24_w16.csv,16.846315555555556
89,2009-01-24 07:47:21.654,1,"[{'lat': 43.236, 'long': 80.893, 'Time': Timestamp('2009-01-25 01:47:47'), 'mag': 5.1}, {'lat': 43.236, 'long': 80.893, 'Time': Timestamp('2009-01-25 01:47:47'), 'mag': 5.1}]",2,2009-01-25 01:47:47,RDM_df_train_30D-22SW-tw24_w16.csv,18.007040555555555
237,2009-02-28 02:11:21.842,1,"[{'lat': 3.834, 'long': 126.48, 'Time': Timestamp('2009-02-28 10:50:22'), 'mag': 5.3}, {'lat': 3.904, 'long': 126.516, 'Time': Timestamp('2009-02-28 12:24:12'), 'mag': 5.0}, {'lat': 3.834, 'long': 126.48, 'Time': Timestamp('2009-02-28 10:50:22'), 'mag': 5.3}, {'lat': 3.904, 'long': 126.516, 'Time': Timestamp('2009-02-28 12:24:12'), 'mag': 5.0}, {'lat': 3.834, 'long': 126.48, 'Time': Timestamp('2009-02-28 10:50:22'), 'mag': 5.3}, {'lat': 3.904, 'long': 126.516, 'Time': Timestamp('2009-02-28 12:24:12'), 'mag': 5.0}]",6,2009-02-28 10:50:22,RDM_df_train_30D-22SW-tw24_w16.csv,8.650043888888888
839,2009-07-01 11:05:23.224,1,"[{'lat': -11.633, 'long': -14.159, 'Time': Timestamp('2009-07-02 03:20:49'), 'mag': 5.4}, {'lat': -11.633, 'long': -14.159, 'Time': Timestamp('2009-07-02 03:20:49'), 'mag': 5.4}, {'lat': -11.633, 'long': -14.159, 'Time': Timestamp('2009-07-02 03:20:49'), 'mag': 5.4}]",3,2009-07-02 03:20:49,RDM_df_train_30D-22SW-tw24_w16.csv,16.25716
1751,2010-01-04 18:18:53.324,1,"[{'lat': 14.019, 'long': -91.878, 'Time': Timestamp('2010-01-05 05:36:21'), 'mag': 5.0}, {'lat': 14.019, 'long': -91.878, 'Time': Timestamp('2010-01-05 05:36:21'), 'mag': 5.0}, {'lat': 14.019, 'long': -91.878, 'Time': Timestamp('2010-01-05 05:36:21'), 'mag': 5.0}]",3,2010-01-05 05:36:21,RDM_df_train_30D-22SW-tw24_w16.csv,11.29102111111111
1404,2009-10-30 22:13:53.678,1,"[{'lat': -12.264, 'long': 166.523, 'Time': Timestamp('2009-10-31 13:03:21'), 'mag': 5.2}, {'lat': -11.376, 'long': 166.376, 'Time': Timestamp('2009-10-31 19:09:51'), 'mag': 5.9}, {'lat': -12.264, 'long': 166.523, 'Time': Timestamp('2009-10-31 13:03:21'), 'mag': 5.2}, {'lat': -11.376, 'long': 166.376, 'Time': Timestamp('2009-10-31 19:09:51'), 'mag': 5.9}, {'lat': -12.264, 'long': 166.523, 'Time': Timestamp('2009-10-31 13:03:21'), 'mag': 5.2}, {'lat': -11.376, 'long': 166.376, 'Time': Timestamp('2009-10-31 19:09:51'), 'mag': 5.9}]",6,2009-10-31 13:03:21,RDM_df_train_30D-22SW-tw24_w16.csv,14.824256111111112
60,2009-01-24 14:38:52.679,1,"[{'lat': -18.919, 'long': -67.708, 'Time': Timestamp('2009-01-24 19:30:18'), 'mag': 5.1}, {'lat': -18.919, 'long': -67.708, 'Time': Timestamp('2009-01-24 19:30:18'), 'mag': 5.1}, {'lat': -18.919, 'long': -67.708, 'Time': Timestamp('2009-01-24 19:30:18'), 'mag': 5.1}]",3,2009-01-24 19:30:18,RDM_df_train_30D-22SW-tw24_w16.csv,4.857033611111111
504,2009-04-08 12:13:23.660,1,"[{'lat': 42.484, 'long': 13.343, 'Time': Timestamp('2009-04-09 00:52:59'), 'mag': 5.4}, {'lat': 42.484, 'long': 13.343, 'Time': Timestamp('2009-04-09 00:52:59'), 'mag': 5.4}, {'lat': -60.546, 'long': -49.819, 'Time': Timestamp('2009-04-09 03:31:28'), 'mag': 5.1}, {'lat': -60.546, 'long': -49.819, 'Time': Timestamp('2009-04-09 03:31:28'), 'mag': 5.1}]",4,2009-04-09 00:52:59,RDM_df_train_30D-22SW-tw24_w16.csv,12.659816666666666
709,2009-05-16 18:41:48.966,1,"[{'lat': 19.187, 'long': -108.402, 'Time': Timestamp('2009-05-17 06:15:09'), 'mag': 5.1}, {'lat': 19.187, 'long': -108.402, 'Time': Timestamp('2009-05-17 06:15:09'), 'mag': 5.1}, {'lat': -5.465, 'long': -105.55, 'Time': Timestamp('2009-05-17 01:34:21'), 'mag': 5.0}, {'lat': -5.465, 'long': -105.55, 'Time': Timestamp('2009-05-17 01:34:21'), 'mag': 5.0}, {'lat': -5.465, 'long': -105.55, 'Time': Timestamp('2009-05-17 01:34:21'), 'mag': 5.0}]",5,2009-05-17 06:15:09,RDM_df_train_30D-22SW-tw24_w16.csv,11.555565
355,2009-04-04 17:11:53.756,1,"[{'lat': 14.378, 'long': -90.413, 'Time': Timestamp('2009-04-04 21:22:05'), 'mag': 5.2}]",1,2009-04-04 21:22:05,RDM_df_train_30D-22SW-tw24_w16.csv,4.16979
386,2009-03-26 10:20:20.290,1,"[{'lat': -6.775, 'long': -12.537, 'Time': Timestamp('2009-03-26 18:43:47'), 'mag': 5.4}, {'lat': -6.86, 'long': -12.424, 'Time': Timestamp('2009-03-26 19:13:36'), 'mag': 5.1}, {'lat': -6.775, 'long': -12.537, 'Time': Timestamp('2009-03-26 18:43:47'), 'mag': 5.4}, {'lat': -6.86, 'long': -12.424, 'Time': Timestamp('2009-03-26 19:13:36'), 'mag': 5.1}, {'lat': -12.804, 'long': -14.551, 'Time': Timestamp('2009-03-27 10:00:47'), 'mag': 5.0}, {'lat': -6.775, 'long': -12.537, 'Time': Timestamp('2009-03-26 18:43:47'), 'mag': 5.4}, {'lat': -6.86, 'long': -12.424, 'Time': Timestamp('2009-03-26 19:13:36'), 'mag': 5.1}, {'lat': -12.804, 'long': -14.551, 'Time': Timestamp('2009-03-27 10:00:47'), 'mag': 5.0}]",8,2009-03-26 18:43:47,RDM_df_train_30D-22SW-tw24_w16.csv,8.390752777777777
870,2009-07-07 07:39:22.715,1,"[{'lat': -26.74, 'long': 67.478, 'Time': Timestamp('2009-07-07 16:31:41'), 'mag': 5.7}]",1,2009-07-07 16:31:41,RDM_df_train_30D-22SW-tw24_w16.csv,8.871745833333334
1750,2009-12-19 08:26:18.822,1,"[{'lat': -10.108, 'long': 33.818, 'Time': Timestamp('2009-12-19 23:19:15'), 'mag': 6.0}]",1,2009-12-19 23:19:15,RDM_df_train_30D-22SW-tw24_w16.csv,14.882271666666666
1124,2009-08-27 06:42:25.988,1,"[{'lat': 37.696, 'long': 95.718, 'Time': Timestamp('2009-08-28 01:52:06'), 'mag': 6.3}, {'lat': 37.646, 'long': 95.709, 'Time': Timestamp('2009-08-28 02:14:56'), 'mag': 5.6}, {'lat': 37.679, 'long': 95.767, 'Time': Timestamp('2009-08-28 02:16:08'), 'mag': 5.6}]",3,2009-08-28 01:52:06,RDM_df_train_30D-22SW-tw24_w16.csv,19.161114444444443
305,2009-03-21 04:57:32.153,1,"[{'lat': -14.505, 'long': 66.103, 'Time': Timestamp('2009-03-21 23:22:39'), 'mag': 5.0}, {'lat': -14.505, 'long': 66.103, 'Time': Timestamp('2009-03-21 23:22:39'), 'mag': 5.0}, {'lat': -14.505, 'long': 66.103, 'Time': Timestamp('2009-03-21 23:22:39'), 'mag': 5.0}]",3,2009-03-21 23:22:39,RDM_df_train_30D-22SW-tw24_w16.csv,18.41856861111111
675,2009-06-04 07:28:52.536,1,"[{'lat': -45.833, 'long': 35.139, 'Time': Timestamp('2009-06-04 17:25:25'), 'mag': 6.0}, {'lat': -45.833, 'long': 35.139, 'Time': Timestamp('2009-06-04 17:25:25'), 'mag': 6.0}, {'lat': -45.833, 'long': 35.139, 'Time': Timestamp('2009-06-04 17:25:25'), 'mag': 6.0}]",3,2009-06-04 17:25:25,RDM_df_train_30D-22SW-tw24_w16.csv,9.942351111111112
938,2009-07-09 05:59:55.904,1,"[{'lat': 25.632, 'long': 101.095, 'Time': Timestamp('2009-07-09 11:19:16'), 'mag': 5.7}, {'lat': 25.632, 'long': 101.095, 'Time': Timestamp('2009-07-09 11:19:16'), 'mag': 5.7}, {'lat': 25.632, 'long': 101.095, 'Time': Timestamp('2009-07-09 11:19:16'), 'mag': 5.7}]",3,2009-07-09 11:19:16,RDM_df_train_30D-22SW-tw24_w16.csv,5.32224888888889
1538,2009-11-27 22:04:23.094,1,"[{'lat': 50.705, 'long': -172.974, 'Time': Timestamp('2009-11-28 18:58:20'), 'mag': 5.1}, {'lat': 50.705, 'long': -172.974, 'Time': Timestamp('2009-11-28 18:58:20'), 'mag': 5.1}, {'lat': 50.705, 'long': -172.974, 'Time': Timestamp('2009-11-28 18:58:20'), 'mag': 5.1}]",3,2009-11-28 18:58:20,RDM_df_train_30D-22SW-tw24_w16.csv,20.899140555555558
525,2009-04-20 23:21:23.397,1,"[{'lat': -31.332, 'long': -177.718, 'Time': Timestamp('2009-04-21 06:00:12'), 'mag': 5.1}, {'lat': 64.506, 'long': 168.476, 'Time': Timestamp('2009-04-21 12:22:35'), 'mag': 5.0}, {'lat': -10.796, 'long': 166.028, 'Time': Timestamp('2009-04-21 21:09:59'), 'mag': 5.7}, {'lat': -19.772, 'long': 169.939, 'Time': Timestamp('2009-04-21 00:53:13'), 'mag': 5.8}, {'lat': -10.796, 'long': 166.028, 'Time': Timestamp('2009-04-21 21:09:59'), 'mag': 5.7}, {'lat': -10.796, 'long': 166.028, 'Time': Timestamp('2009-04-21 21:09:59'), 'mag': 5.7}]",6,2009-04-21 06:00:12,RDM_df_train_30D-22SW-tw24_w16.csv,6.646834166666666
1100,2009-08-17 18:56:53.148,1,"[{'lat': -54.674, 'long': -130.697, 'Time': Timestamp('2009-08-18 02:52:30'), 'mag': 5.2}, {'lat': -54.674, 'long': -130.697, 'Time': Timestamp('2009-08-18 02:52:30'), 'mag': 5.2}]",2,2009-08-18 02:52:30,RDM_df_train_30D-22SW-tw24_w16.csv,7.926903333333333
130,2009-02-12 23:13:54.036,1,"[{'lat': -30.712, 'long': -178.2, 'Time': Timestamp('2009-02-13 02:17:50'), 'mag': 5.3}, {'lat': -30.712, 'long': -178.2, 'Time': Timestamp('2009-02-13 02:17:50'), 'mag': 5.3}, {'lat': -30.712, 'long': -178.2, 'Time': Timestamp('2009-02-13 02:17:50'), 'mag': 5.3}]",3,2009-02-13 02:17:50,RDM_df_train_30D-22SW-tw24_w16.csv,3.0655455555555555
1814,2010-01-02 22:09:23.168,1,"[{'lat': -13.881, 'long': 167.231, 'Time': Timestamp('2010-01-03 09:10:37'), 'mag': 5.1}, {'lat': -13.881, 'long': 167.231, 'Time': Timestamp('2010-01-03 09:10:37'), 'mag': 5.1}, {'lat': -12.883, 'long': 166.145, 'Time': Timestamp('2010-01-03 15:13:48'), 'mag': 5.2}, {'lat': -13.881, 'long': 167.231, 'Time': Timestamp('2010-01-03 09:10:37'), 'mag': 5.1}, {'lat': -12.883, 'long': 166.145, 'Time': Timestamp('2010-01-03 15:13:48'), 'mag': 5.2}]",5,2010-01-03 09:10:37,RDM_df_train_30D-22SW-tw24_w16.csv,11.02050888888889
1823,2010-01-20 16:40:53.865,1,"[{'lat': -36.281, 'long': -73.16, 'Time': Timestamp('2010-01-21 00:15:14'), 'mag': 5.1}, {'lat': -36.281, 'long': -73.16, 'Time': Timestamp('2010-01-21 00:15:14'), 'mag': 5.1}]",2,2010-01-21 00:15:14,RDM_df_train_30D-22SW-tw24_w16.csv,7.572259722222221
384,2009-03-27 22:54:24.005,1,"[{'lat': -23.351, 'long': -174.901, 'Time': Timestamp('2009-03-28 05:07:01'), 'mag': 5.0}, {'lat': -23.106, 'long': -174.794, 'Time': Timestamp('2009-03-28 22:06:50'), 'mag': 5.1}, {'lat': -23.351, 'long': -174.901, 'Time': Timestamp('2009-03-28 05:07:01'), 'mag': 5.0}, {'lat': -23.106, 'long': -174.794, 'Time': Timestamp('2009-03-28 22:06:50'), 'mag': 5.1}, {'lat': -23.351, 'long': -174.901, 'Time': Timestamp('2009-03-28 05:07:01'), 'mag': 5.0}, {'lat': -23.106, 'long': -174.794, 'Time': Timestamp('2009-03-28 22:06:50'), 'mag': 5.1}, {'lat': 52.703, 'long': -170.288, 'Time': Timestamp('2009-03-28 22:37:33'), 'mag': 5.0}, {'lat': 52.703, 'long': -170.288, 'Time': Timestamp('2009-03-28 22:37:33'), 'mag': 5.0}, {'lat': -62.389, 'long': 164.551, 'Time': Timestamp('2009-03-28 00:43:19'), 'mag': 5.0}]",9,2009-03-28 05:07:01,RDM_df_train_30D-22SW-tw24_w16.csv,6.2102763888888886
1408,2009-10-28 16:15:23.972,1,"[{'lat': 18.911, 'long': -95.538, 'Time': Timestamp('2009-10-29 10:52:56'), 'mag': 5.7}, {'lat': 18.911, 'long': -95.538, 'Time': Timestamp('2009-10-29 10:52:56'), 'mag': 5.7}, {'lat': 18.911, 'long': -95.538, 'Time': Timestamp('2009-10-29 10:52:56'), 'mag': 5.7}]",3,2009-10-29 10:52:56,RDM_df_train_30D-22SW-tw24_w16.csv,18.625563333333336
1601,2009-11-23 23:48:23.307,1,"[{'lat': -12.29, 'long': 165.994, 'Time': Timestamp('2009-11-24 22:36:09'), 'mag': 5.0}, {'lat': -12.29, 'long': 165.994, 'Time': Timestamp('2009-11-24 22:36:09'), 'mag': 5.0}, {'lat': 56.09, 'long': 164.083, 'Time': Timestamp('2009-11-24 10:41:42'), 'mag': 5.0}, {'lat': 56.09, 'long': 164.083, 'Time': Timestamp('2009-11-24 10:41:42'), 'mag': 5.0}, {'lat': 13.125, 'long': 145.138, 'Time': Timestamp('2009-11-24 02:45:59'), 'mag': 5.0}]",5,2009-11-24 22:36:09,RDM_df_train_30D-22SW-tw24_w16.csv,22.79602583333333
230,2009-02-19 01:41:17.017,1,"[{'lat': -7.389, 'long': 120.642, 'Time': Timestamp('2009-02-19 09:03:21'), 'mag': 5.2}, {'lat': -7.389, 'long': 120.642, 'Time': Timestamp('2009-02-19 09:03:21'), 'mag': 5.2}, {'lat': -7.389, 'long': 120.642, 'Time': Timestamp('2009-02-19 09:03:21'), 'mag': 5.2}]",3,2009-02-19 09:03:21,RDM_df_train_30D-22SW-tw24_w16.csv,7.367773055555555
1433,2009-10-22 23:05:53.905,1,"[{'lat': -11.165, 'long': 165.892, 'Time': Timestamp('2009-10-23 03:52:14'), 'mag': 5.0}, {'lat': -12.191, 'long': 165.92, 'Time': Timestamp('2009-10-23 14:59:36'), 'mag': 5.0}, {'lat': -12.196, 'long': 166.047, 'Time': Timestamp('2009-10-23 15:14:13'), 'mag': 6.0}, {'lat': -11.165, 'long': 165.892, 'Time': Timestamp('2009-10-23 03:52:14'), 'mag': 5.0}, {'lat': -12.191, 'long': 165.92, 'Time': Timestamp('2009-10-23 14:59:36'), 'mag': 5.0}, {'lat': -12.196, 'long': 166.047, 'Time': Timestamp('2009-10-23 15:14:13'), 'mag': 6.0}, {'lat': -11.165, 'long': 165.892, 'Time': Timestamp('2009-10-23 03:52:14'), 'mag': 5.0}, {'lat': -12.191, 'long': 165.92, 'Time': Timestamp('2009-10-23 14:59:36'), 'mag': 5.0}, {'lat': -12.196, 'long': 166.047, 'Time': Timestamp('2009-10-23 15:14:13'), 'mag': 6.0}]",9,2009-10-23 03:52:14,RDM_df_train_30D-22SW-tw24_w16.csv,4.772248611111111
793,2009-06-10 16:25:53.353,1,"[{'lat': -41.78, 'long': -84.076, 'Time': Timestamp('2009-06-10 22:05:34'), 'mag': 5.0}, {'lat': -41.716, 'long': -83.995, 'Time': Timestamp('2009-06-10 23:13:21'), 'mag': 5.7}, {'lat': -41.78, 'long': -84.076, 'Time': Timestamp('2009-06-10 22:05:34'), 'mag': 5.0}, {'lat': -41.716, 'long': -83.995, 'Time': Timestamp('2009-06-10 23:13:21'), 'mag': 5.7}, {'lat': -41.78, 'long': -84.076, 'Time': Timestamp('2009-06-10 22:05:34'), 'mag': 5.0}, {'lat': -41.716, 'long': -83.995, 'Time': Timestamp('2009-06-10 23:13:21'), 'mag': 5.7}]",6,2009-06-10 22:05:34,RDM_df_train_30D-22SW-tw24_w16.csv,5.661290833333333
1501,2009-11-09 22:27:23.295,1,"[{'lat': 52.39, 'long': -168.604, 'Time': Timestamp('2009-11-10 00:29:42'), 'mag': 5.0}, {'lat': 52.39, 'long': -168.604, 'Time': Timestamp('2009-11-10 00:29:42'), 'mag': 5.0}, {'lat': 52.39, 'long': -168.604, 'Time': Timestamp('2009-11-10 00:29:42'), 'mag': 5.0}]",3,2009-11-10 00:29:42,RDM_df_train_30D-22SW-tw24_w16.csv,2.0385291666666667
1815,2009-12-29 01:23:21.537,1,"[{'lat': -5.173, 'long': 152.268, 'Time': Timestamp('2009-12-29 05:12:29'), 'mag': 5.3}, {'lat': -5.173, 'long': 152.268, 'Time': Timestamp('2009-12-29 05:12:29'), 'mag': 5.3}, {'lat': -5.173, 'long': 152.268, 'Time': Timestamp('2009-12-29 05:12:29'), 'mag': 5.3}, {'lat': 10.046, 'long': 126.387, 'Time': Timestamp('2009-12-29 22:14:34'), 'mag': 5.0}, {'lat': 10.046, 'long': 126.387, 'Time': Timestamp('2009-12-29 22:14:34'), 'mag': 5.0}, {'lat': 10.046, 'long': 126.387, 'Time': Timestamp('2009-12-29 22:14:34'), 'mag': 5.0}]",6,2009-12-29 05:12:29,RDM_df_train_30D-22SW-tw24_w16.csv,3.8187397222222224
875,2009-07-18 23:58:53.350,1,"[{'lat': -45.384, 'long': 166.105, 'Time': Timestamp('2009-07-19 05:11:32'), 'mag': 5.4}, {'lat': -45.541, 'long': 166.285, 'Time': Timestamp('2009-07-19 08:48:45'), 'mag': 5.2}, {'lat': -45.384, 'long': 166.105, 'Time': Timestamp('2009-07-19 05:11:32'), 'mag': 5.4}, {'lat': -45.541, 'long': 166.285, 'Time': Timestamp('2009-07-19 08:48:45'), 'mag': 5.2}, {'lat': -45.384, 'long': 166.105, 'Time': Timestamp('2009-07-19 05:11:32'), 'mag': 5.4}, {'lat': -45.541, 'long': 166.285, 'Time': Timestamp('2009-07-19 08:48:45'), 'mag': 5.2}]",6,2009-07-19 05:11:32,RDM_df_train_30D-22SW-tw24_w16.csv,5.210736111111111
1339,2009-10-15 16:46:22.425,1,"[{'lat': 3.272, 'long': -103.823, 'Time': Timestamp('2009-10-15 17:48:21'), 'mag': 6.0}, {'lat': 3.272, 'long': -103.823, 'Time': Timestamp('2009-10-15 17:48:21'), 'mag': 6.0}, {'lat': 3.272, 'long': -103.823, 'Time': Timestamp('2009-10-15 17:48:21'), 'mag': 6.0}]",3,2009-10-15 17:48:21,RDM_df_train_30D-22SW-tw24_w16.csv,1.0329374999999998
1388,2009-10-12 01:35:50.731,1,"[{'lat': 47.406, 'long': 153.883, 'Time': Timestamp('2009-10-12 16:51:13'), 'mag': 5.0}, {'lat': 47.406, 'long': 153.883, 'Time': Timestamp('2009-10-12 16:51:13'), 'mag': 5.0}]",2,2009-10-12 16:51:13,RDM_df_train_30D-22SW-tw24_w16.csv,15.256185833333333
491,2009-04-05 09:32:16.638,1,"[{'lat': 42.334, 'long': 13.334, 'Time': Timestamp('2009-04-06 01:32:39'), 'mag': 6.3}, {'lat': 42.334, 'long': 13.334, 'Time': Timestamp('2009-04-06 01:32:39'), 'mag': 6.3}, {'lat': 42.334, 'long': 13.334, 'Time': Timestamp('2009-04-06 01:32:39'), 'mag': 6.3}]",3,2009-04-06 01:32:39,RDM_df_train_30D-22SW-tw24_w16.csv,16.006211666666665
1358,2009-10-04 00:43:50.864,1,"[{'lat': -0.468, 'long': 132.974, 'Time': Timestamp('2009-10-04 03:36:00'), 'mag': 5.5}, {'lat': -0.468, 'long': 132.974, 'Time': Timestamp('2009-10-04 03:36:00'), 'mag': 5.5}, {'lat': -5.581, 'long': 148.408, 'Time': Timestamp('2009-10-04 14:43:14'), 'mag': 5.3}, {'lat': -5.945, 'long': 147.564, 'Time': Timestamp('2009-10-04 17:51:54'), 'mag': 5.0}, {'lat': -0.468, 'long': 132.974, 'Time': Timestamp('2009-10-04 03:36:00'), 'mag': 5.5}, {'lat': -5.581, 'long': 148.408, 'Time': Timestamp('2009-10-04 14:43:14'), 'mag': 5.3}, {'lat': -5.945, 'long': 147.564, 'Time': Timestamp('2009-10-04 17:51:54'), 'mag': 5.0}, {'lat': -5.945, 'long': 147.564, 'Time': Timestamp('2009-10-04 17:51:54'), 'mag': 5.0}]",8,2009-10-04 03:36:00,RDM_df_train_30D-22SW-tw24_w16.csv,2.8692044444444447
89,2009-01-24 07:47:21.654,1,"[{'lat': 43.236, 'long': 80.893, 'Time': Timestamp('2009-01-25 01:47:47'), 'mag': 5.1}, {'lat': 43.236, 'long': 80.893, 'Time': Timestamp('2009-01-25 01:47:47'), 'mag': 5.1}]",2,2009-01-25 01:47:47,RDM_df_train_30D-22SW-tw24_w16.csv,18.007040555555555
170,2009-03-05 20:43:53.316,1,"[{'lat': -15.156, 'long': -173.309, 'Time': Timestamp('2009-03-06 07:01:48'), 'mag': 5.8}, {'lat': -15.079, 'long': -173.446, 'Time': Timestamp('2009-03-06 07:24:04'), 'mag': 5.1}, {'lat': -15.262, 'long': -173.346, 'Time': Timestamp('2009-03-06 08:21:25'), 'mag': 5.3}, {'lat': -14.983, 'long': -173.428, 'Time': Timestamp('2009-03-06 20:19:04'), 'mag': 5.1}]",4,2009-03-06 07:01:48,RDM_df_train_30D-22SW-tw24_w16.csv,10.298523333333334
833,2009-06-25 18:17:23.343,1,"[{'lat': -36.25, 'long': -102.25, 'Time': Timestamp('2009-06-26 16:49:20'), 'mag': 5.0}, {'lat': -35.15, 'long': -102.027, 'Time': Timestamp('2009-06-26 16:49:22'), 'mag': 5.0}, {'lat': -36.25, 'long': -102.25, 'Time': Timestamp('2009-06-26 16:49:20'), 'mag': 5.0}, {'lat': -35.15, 'long': -102.027, 'Time': Timestamp('2009-06-26 16:49:22'), 'mag': 5.0}, {'lat': -36.25, 'long': -102.25, 'Time': Timestamp('2009-06-26 16:49:20'), 'mag': 5.0}, {'lat': -35.15, 'long': -102.027, 'Time': Timestamp('2009-06-26 16:49:22'), 'mag': 5.0}]",6,2009-06-26 16:49:20,RDM_df_train_30D-22SW-tw24_w16.csv,22.532404722222225
1111,2009-08-25 21:33:24.936,1,"[{'lat': -15.323, 'long': -173.343, 'Time': Timestamp('2009-08-26 07:30:39'), 'mag': 5.2}, {'lat': -15.451, 'long': -173.202, 'Time': Timestamp('2009-08-26 11:49:27'), 'mag': 5.4}, {'lat': -15.323, 'long': -173.343, 'Time': Timestamp('2009-08-26 07:30:39'), 'mag': 5.2}, {'lat': -15.451, 'long': -173.202, 'Time': Timestamp('2009-08-26 11:49:27'), 'mag': 5.4}, {'lat': -15.323, 'long': -173.343, 'Time': Timestamp('2009-08-26 07:30:39'), 'mag': 5.2}, {'lat': -15.451, 'long': -173.202, 'Time': Timestamp('2009-08-26 11:49:27'), 'mag': 5.4}]",6,2009-08-26 07:30:39,RDM_df_train_30D-22SW-tw24_w16.csv,9.953906666666667
782,2009-06-21 21:54:21.849,1,"[{'lat': 61.9391, 'long': -150.704, 'Time': Timestamp('2009-06-22 19:28:05'), 'mag': 5.4}, {'lat': 61.9391, 'long': -150.704, 'Time': Timestamp('2009-06-22 19:28:05'), 'mag': 5.4}]",2,2009-06-22 19:28:05,RDM_df_train_30D-22SW-tw24_w16.csv,21.56198638888889
1563,2009-11-21 22:26:23.927,1,"[{'lat': -31.407, 'long': -178.882, 'Time': Timestamp('2009-11-21 22:52:17'), 'mag': 5.2}, {'lat': -31.407, 'long': -178.882, 'Time': Timestamp('2009-11-21 22:52:17'), 'mag': 5.2}]",2,2009-11-21 22:52:17,RDM_df_train_30D-22SW-tw24_w16.csv,0.4314091666666667
175,2009-02-12 21:13:23.898,1,"[{'lat': -30.712, 'long': -178.2, 'Time': Timestamp('2009-02-13 02:17:50'), 'mag': 5.3}, {'lat': -30.712, 'long': -178.2, 'Time': Timestamp('2009-02-13 02:17:50'), 'mag': 5.3}, {'lat': -30.712, 'long': -178.2, 'Time': Timestamp('2009-02-13 02:17:50'), 'mag': 5.3}]",3,2009-02-13 02:17:50,RDM_df_train_30D-22SW-tw24_w16.csv,5.073917222222222
564,2009-05-13 21:58:21.515,1,"[{'lat': -20.196, 'long': 168.061, 'Time': Timestamp('2009-05-14 13:56:33'), 'mag': 5.0}, {'lat': -20.196, 'long': 168.061, 'Time': Timestamp('2009-05-14 13:56:33'), 'mag': 5.0}]",2,2009-05-14 13:56:33,RDM_df_train_30D-22SW-tw24_w16.csv,15.969856944444444
31,2009-01-16 18:09:53.692,1,"[{'lat': 15.739, 'long': -92.744, 'Time': Timestamp('2009-01-17 02:57:31'), 'mag': 5.8}, {'lat': 15.739, 'long': -92.744, 'Time': Timestamp('2009-01-17 02:57:31'), 'mag': 5.8}, {'lat': 15.739, 'long': -92.744, 'Time': Timestamp('2009-01-17 02:57:31'), 'mag': 5.8}]",3,2009-01-17 02:57:31,RDM_df_train_30D-22SW-tw24_w16.csv,8.793696666666667
1290,2009-09-24 22:52:53.710,1,"[{'lat': -30.991, 'long': -177.536, 'Time': Timestamp('2009-09-25 14:07:02'), 'mag': 5.0}, {'lat': -30.991, 'long': -177.536, 'Time': Timestamp('2009-09-25 14:07:02'), 'mag': 5.0}, {'lat': -30.991, 'long': -177.536, 'Time': Timestamp('2009-09-25 14:07:02'), 'mag': 5.0}, {'lat': 67.0308, 'long': -169.8944, 'Time': Timestamp('2009-09-25 09:45:31'), 'mag': 5.1}, {'lat': 67.0308, 'long': -169.8944, 'Time': Timestamp('2009-09-25 09:45:31'), 'mag': 5.1}, {'lat': -22.333, 'long': 171.073, 'Time': Timestamp('2009-09-25 14:23:18'), 'mag': 5.0}, {'lat': -22.333, 'long': 171.073, 'Time': Timestamp('2009-09-25 14:23:18'), 'mag': 5.0}, {'lat': -22.333, 'long': 171.073, 'Time': Timestamp('2009-09-25 14:23:18'), 'mag': 5.0}]",8,2009-09-25 14:07:02,RDM_df_train_30D-22SW-tw24_w16.csv,15.235636111111111
1083,2009-08-26 23:25:53.390,1,"[{'lat': -10.229, 'long': 161.451, 'Time': Timestamp('2009-08-27 05:05:27'), 'mag': 5.0}, {'lat': -10.229, 'long': 161.451, 'Time': Timestamp('2009-08-27 05:05:27'), 'mag': 5.0}, {'lat': -10.229, 'long': 161.451, 'Time': Timestamp('2009-08-27 05:05:27'), 'mag': 5.0}]",3,2009-08-27 05:05:27,RDM_df_train_30D-22SW-tw24_w16.csv,5.659336111111111
754,2009-06-06 21:02:53.472,1,"[{'lat': -22.037, 'long': -179.583, 'Time': Timestamp('2009-06-07 12:46:30'), 'mag': 5.5}]",1,2009-06-07 12:46:30,RDM_df_train_30D-22SW-tw24_w16.csv,15.726813333333332
1390,2009-10-08 09:46:52.114,1,"[{'lat': -58.25, 'long': -14.75, 'Time': Timestamp('2009-10-09 04:15:20'), 'mag': 5.0}]",1,2009-10-09 04:15:20,RDM_df_train_30D-22SW-tw24_w16.csv,18.47441277777778
582,2009-05-11 13:42:48.467,1,"[{'lat': -22.318, 'long': -66.809, 'Time': Timestamp('2009-05-12 01:03:58'), 'mag': 5.2}, {'lat': -22.318, 'long': -66.809, 'Time': Timestamp('2009-05-12 01:03:58'), 'mag': 5.2}, {'lat': -20.057, 'long': -68.909, 'Time': Timestamp('2009-05-12 05:07:06'), 'mag': 5.1}]",3,2009-05-12 01:03:58,RDM_df_train_30D-22SW-tw24_w16.csv,11.352648055555557
1140,2009-09-08 01:39:20.081,1,"[{'lat': 1.118, 'long': 120.897, 'Time': Timestamp('2009-09-08 18:51:22'), 'mag': 5.8}, {'lat': 1.118, 'long': 120.897, 'Time': Timestamp('2009-09-08 18:51:22'), 'mag': 5.8}, {'lat': -7.782, 'long': 117.374, 'Time': Timestamp('2009-09-08 15:18:16'), 'mag': 5.2}, {'lat': 1.118, 'long': 120.897, 'Time': Timestamp('2009-09-08 18:51:22'), 'mag': 5.8}, {'lat': -7.782, 'long': 117.374, 'Time': Timestamp('2009-09-08 15:18:16'), 'mag': 5.2}, {'lat': -7.782, 'long': 117.374, 'Time': Timestamp('2009-09-08 15:18:16'), 'mag': 5.2}]",6,2009-09-08 18:51:22,RDM_df_train_30D-22SW-tw24_w16.csv,17.200533055555557
1111,2009-08-25 21:33:24.936,1,"[{'lat': -15.323, 'long': -173.343, 'Time': Timestamp('2009-08-26 07:30:39'), 'mag': 5.2}, {'lat': -15.451, 'long': -173.202, 'Time': Timestamp('2009-08-26 11:49:27'), 'mag': 5.4}, {'lat': -15.323, 'long': -173.343, 'Time': Timestamp('2009-08-26 07:30:39'), 'mag': 5.2}, {'lat': -15.451, 'long': -173.202, 'Time': Timestamp('2009-08-26 11:49:27'), 'mag': 5.4}, {'lat': -15.323, 'long': -173.343, 'Time': Timestamp('2009-08-26 07:30:39'), 'mag': 5.2}, {'lat': -15.451, 'long': -173.202, 'Time': Timestamp('2009-08-26 11:49:27'), 'mag': 5.4}]",6,2009-08-26 07:30:39,RDM_df_train_30D-22SW-tw24_w16.csv,9.953906666666667
1320,2009-10-09 15:15:55.425,1,"[{'lat': 28.817, 'long': -43.363, 'Time': Timestamp('2009-10-10 01:40:40'), 'mag': 5.0}, {'lat': 28.817, 'long': -43.363, 'Time': Timestamp('2009-10-10 01:40:40'), 'mag': 5.0}, {'lat': 28.817, 'long': -43.363, 'Time': Timestamp('2009-10-10 01:40:40'), 'mag': 5.0}, {'lat': -0.962, 'long': -77.817, 'Time': Timestamp('2009-10-09 18:11:39'), 'mag': 5.2}, {'lat': -0.962, 'long': -77.817, 'Time': Timestamp('2009-10-09 18:11:39'), 'mag': 5.2}, {'lat': -0.962, 'long': -77.817, 'Time': Timestamp('2009-10-09 18:11:39'), 'mag': 5.2}]",6,2009-10-10 01:40:40,RDM_df_train_30D-22SW-tw24_w16.csv,10.412381944444444
502,2009-04-16 05:38:55.964,1,"[{'lat': -3.327, 'long': 100.317, 'Time': Timestamp('2009-04-16 19:55:24'), 'mag': 5.5}, {'lat': -3.221, 'long': 100.461, 'Time': Timestamp('2009-04-16 20:51:46'), 'mag': 5.0}, {'lat': -3.327, 'long': 100.317, 'Time': Timestamp('2009-04-16 19:55:24'), 'mag': 5.5}, {'lat': -3.221, 'long': 100.461, 'Time': Timestamp('2009-04-16 20:51:46'), 'mag': 5.0}, {'lat': -3.327, 'long': 100.317, 'Time': Timestamp('2009-04-16 19:55:24'), 'mag': 5.5}, {'lat': -3.221, 'long': 100.461, 'Time': Timestamp('2009-04-16 20:51:46'), 'mag': 5.0}, {'lat': 34.185, 'long': 70.076, 'Time': Timestamp('2009-04-16 21:27:51'), 'mag': 5.2}, {'lat': 34.106, 'long': 70.056, 'Time': Timestamp('2009-04-16 23:42:51'), 'mag': 5.1}, {'lat': 34.185, 'long': 70.076, 'Time': Timestamp('2009-04-16 21:27:51'), 'mag': 5.2}, {'lat': 34.106, 'long': 70.056, 'Time': Timestamp('2009-04-16 23:42:51'), 'mag': 5.1}, {'lat': 34.185, 'long': 70.076, 'Time': Timestamp('2009-04-16 21:27:51'), 'mag': 5.2}, {'lat': 34.106, 'long': 70.056, 'Time': Timestamp('2009-04-16 23:42:51'), 'mag': 5.1}]",12,2009-04-16 19:55:24,RDM_df_train_30D-22SW-tw24_w16.csv,14.274454444444444
732,2009-06-09 17:26:53.842,1,"[{'lat': -55.061, 'long': -126.655, 'Time': Timestamp('2009-06-09 22:42:38'), 'mag': 5.6}, {'lat': -55.061, 'long': -126.655, 'Time': Timestamp('2009-06-09 22:42:38'), 'mag': 5.6}, {'lat': -55.061, 'long': -126.655, 'Time': Timestamp('2009-06-09 22:42:38'), 'mag': 5.6}]",3,2009-06-09 22:42:38,RDM_df_train_30D-22SW-tw24_w16.csv,5.262266111111111
938,2009-07-09 05:59:55.904,1,"[{'lat': 25.632, 'long': 101.095, 'Time': Timestamp('2009-07-09 11:19:16'), 'mag': 5.7}, {'lat': 25.632, 'long': 101.095, 'Time': Timestamp('2009-07-09 11:19:16'), 'mag': 5.7}, {'lat': 25.632, 'long': 101.095, 'Time': Timestamp('2009-07-09 11:19:16'), 'mag': 5.7}]",3,2009-07-09 11:19:16,RDM_df_train_30D-22SW-tw24_w16.csv,5.32224888888889
1664,2009-12-06 15:11:51.141,1,"[{'lat': -48.369, 'long': -87.264, 'Time': Timestamp('2009-12-07 14:09:06'), 'mag': 5.0}, {'lat': -48.369, 'long': -87.264, 'Time': Timestamp('2009-12-07 14:09:06'), 'mag': 5.0}, {'lat': -48.369, 'long': -87.264, 'Time': Timestamp('2009-12-07 14:09:06'), 'mag': 5.0}]",3,2009-12-07 14:09:06,RDM_df_train_30D-22SW-tw24_w16.csv,22.9541275
490,2009-04-09 06:16:54.776,1,"[{'lat': 6.263, 'long': 94.441, 'Time': Timestamp('2009-04-09 08:10:54'), 'mag': 5.1}, {'lat': 6.263, 'long': 94.441, 'Time': Timestamp('2009-04-09 08:10:54'), 'mag': 5.1}]",2,2009-04-09 08:10:54,RDM_df_train_30D-22SW-tw24_w16.csv,1.8997844444444445
1211,2009-09-15 23:31:23.352,1,"[{'lat': 52.239, 'long': -169.332, 'Time': Timestamp('2009-09-16 20:50:17'), 'mag': 5.1}, {'lat': 52.239, 'long': -169.332, 'Time': Timestamp('2009-09-16 20:50:17'), 'mag': 5.1}, {'lat': 52.239, 'long': -169.332, 'Time': Timestamp('2009-09-16 20:50:17'), 'mag': 5.1}]",3,2009-09-16 20:50:17,RDM_df_train_30D-22SW-tw24_w16.csv,21.314902222222223
272,2009-03-17 06:50:54.681,1,"[{'lat': 25.911, 'long': 67.238, 'Time': Timestamp('2009-03-17 23:14:47'), 'mag': 5.0}, {'lat': 25.911, 'long': 67.238, 'Time': Timestamp('2009-03-17 23:14:47'), 'mag': 5.0}]",2,2009-03-17 23:14:47,RDM_df_train_30D-22SW-tw24_w16.csv,16.39786638888889
1215,2009-09-07 17:33:19.084,1,"[{'lat': 17.544, 'long': -95.753, 'Time': Timestamp('2009-09-08 05:14:32'), 'mag': 5.1}]",1,2009-09-08 05:14:32,RDM_df_train_30D-22SW-tw24_w16.csv,11.68692111111111
99,2009-02-10 15:23:21.130,1,"[{'lat': 2.268, 'long': -84.463, 'Time': Timestamp('2009-02-11 04:44:56'), 'mag': 5.1}, {'lat': 2.268, 'long': -84.463, 'Time': Timestamp('2009-02-11 04:44:56'), 'mag': 5.1}, {'lat': 2.268, 'long': -84.463, 'Time': Timestamp('2009-02-11 04:44:56'), 'mag': 5.1}]",3,2009-02-11 04:44:56,RDM_df_train_30D-22SW-tw24_w16.csv,13.359686111111111
1721,2009-12-23 10:51:53.029,1,"[{'lat': -60.424, 'long': -26.912, 'Time': Timestamp('2009-12-23 18:40:15'), 'mag': 5.1}]",1,2009-12-23 18:40:15,RDM_df_train_30D-22SW-tw24_w16.csv,7.806103055555556
1032,2009-07-26 22:11:53.607,1,"[{'lat': -17.755, 'long': 168.089, 'Time': Timestamp('2009-07-26 23:01:31'), 'mag': 5.8}, {'lat': -17.755, 'long': 168.089, 'Time': Timestamp('2009-07-26 23:01:31'), 'mag': 5.8}, {'lat': -22.554, 'long': 170.808, 'Time': Timestamp('2009-07-27 13:04:25'), 'mag': 5.0}, {'lat': -17.755, 'long': 168.089, 'Time': Timestamp('2009-07-26 23:01:31'), 'mag': 5.8}, {'lat': -22.554, 'long': 170.808, 'Time': Timestamp('2009-07-27 13:04:25'), 'mag': 5.0}, {'lat': -22.554, 'long': 170.808, 'Time': Timestamp('2009-07-27 13:04:25'), 'mag': 5.0}]",6,2009-07-26 23:01:31,RDM_df_train_30D-22SW-tw24_w16.csv,0.8270536111111111
291,2009-03-14 18:12:50.838,1,"[{'lat': 2.401, 'long': -95.388, 'Time': Timestamp('2009-03-14 22:54:16'), 'mag': 5.0}, {'lat': 2.429, 'long': -95.124, 'Time': Timestamp('2009-03-15 03:14:31'), 'mag': 5.8}, {'lat': 2.401, 'long': -95.388, 'Time': Timestamp('2009-03-14 22:54:16'), 'mag': 5.0}, {'lat': 2.429, 'long': -95.124, 'Time': Timestamp('2009-03-15 03:14:31'), 'mag': 5.8}, {'lat': 2.401, 'long': -95.388, 'Time': Timestamp('2009-03-14 22:54:16'), 'mag': 5.0}, {'lat': 2.429, 'long': -95.124, 'Time': Timestamp('2009-03-15 03:14:31'), 'mag': 5.8}, {'lat': -40.386, 'long': -91.95, 'Time': Timestamp('2009-03-15 00:53:12'), 'mag': 5.1}, {'lat': -40.367, 'long': -91.622, 'Time': Timestamp('2009-03-15 00:56:32'), 'mag': 5.2}]",8,2009-03-14 22:54:16,RDM_df_train_30D-22SW-tw24_w16.csv,4.690322777777778
1142,2009-08-21 09:50:24.423,1,"[{'lat': 41.898, 'long': 19.123, 'Time': Timestamp('2009-08-21 13:39:58'), 'mag': 5.1}, {'lat': 41.898, 'long': 19.123, 'Time': Timestamp('2009-08-21 13:39:58'), 'mag': 5.1}, {'lat': 41.898, 'long': 19.123, 'Time': Timestamp('2009-08-21 13:39:58'), 'mag': 5.1}]",3,2009-08-21 13:39:58,RDM_df_train_30D-22SW-tw24_w16.csv,3.825993611111111
1679,2009-12-19 06:49:52.623,1,"[{'lat': -10.108, 'long': 33.818, 'Time': Timestamp('2009-12-19 23:19:15'), 'mag': 6.0}]",1,2009-12-19 23:19:15,RDM_df_train_30D-22SW-tw24_w16.csv,16.489549166666666
1119,2009-09-02 01:17:20.306,1,"[{'lat': 43.804, 'long': 147.796, 'Time': Timestamp('2009-09-02 12:24:39'), 'mag': 5.0}, {'lat': 43.804, 'long': 147.796, 'Time': Timestamp('2009-09-02 12:24:39'), 'mag': 5.0}, {'lat': 43.804, 'long': 147.796, 'Time': Timestamp('2009-09-02 12:24:39'), 'mag': 5.0}]",3,2009-09-02 12:24:39,RDM_df_train_30D-22SW-tw24_w16.csv,11.121859444444445
464,2009-04-21 21:44:54.943,1,"[{'lat': -17.225, 'long': -174.454, 'Time': Timestamp('2009-04-22 15:18:19'), 'mag': 5.1}, {'lat': -17.225, 'long': -174.454, 'Time': Timestamp('2009-04-22 15:18:19'), 'mag': 5.1}, {'lat': -17.225, 'long': -174.454, 'Time': Timestamp('2009-04-22 15:18:19'), 'mag': 5.1}]",3,2009-04-22 15:18:19,RDM_df_train_30D-22SW-tw24_w16.csv,17.5566825
840,2009-06-10 14:23:54.462,1,"[{'lat': -41.78, 'long': -84.076, 'Time': Timestamp('2009-06-10 22:05:34'), 'mag': 5.0}, {'lat': -41.716, 'long': -83.995, 'Time': Timestamp('2009-06-10 23:13:21'), 'mag': 5.7}, {'lat': -41.78, 'long': -84.076, 'Time': Timestamp('2009-06-10 22:05:34'), 'mag': 5.0}, {'lat': -41.716, 'long': -83.995, 'Time': Timestamp('2009-06-10 23:13:21'), 'mag': 5.7}]",4,2009-06-10 22:05:34,RDM_df_train_30D-22SW-tw24_w16.csv,7.694316111111111
1205,2009-08-27 23:01:23.952,1,"[{'lat': -16.875, 'long': -174.036, 'Time': Timestamp('2009-08-28 04:08:03'), 'mag': 5.1}, {'lat': -16.875, 'long': -174.036, 'Time': Timestamp('2009-08-28 04:08:03'), 'mag': 5.1}, {'lat': -16.875, 'long': -174.036, 'Time': Timestamp('2009-08-28 04:08:03'), 'mag': 5.1}, {'lat': -9.202, 'long': 154.166, 'Time': Timestamp('2009-08-28 02:52:48'), 'mag': 5.1}, {'lat': -9.202, 'long': 154.166, 'Time': Timestamp('2009-08-28 02:52:48'), 'mag': 5.1}]",5,2009-08-28 04:08:03,RDM_df_train_30D-22SW-tw24_w16.csv,5.110846666666666
103,2009-01-30 06:01:25.911,1,"[{'lat': 11.803, 'long': 94.962, 'Time': Timestamp('2009-01-31 04:27:35'), 'mag': 5.1}, {'lat': 11.803, 'long': 94.962, 'Time': Timestamp('2009-01-31 04:27:35'), 'mag': 5.1}, {'lat': 11.803, 'long': 94.962, 'Time': Timestamp('2009-01-31 04:27:35'), 'mag': 5.1}]",3,2009-01-31 04:27:35,RDM_df_train_30D-22SW-tw24_w16.csv,22.435858055555556
458,2009-04-12 02:07:21.084,1,"[{'lat': 1.981, 'long': 122.119, 'Time': Timestamp('2009-04-12 05:19:59'), 'mag': 5.2}, {'lat': 1.981, 'long': 122.119, 'Time': Timestamp('2009-04-12 05:19:59'), 'mag': 5.2}, {'lat': 1.981, 'long': 122.119, 'Time': Timestamp('2009-04-12 05:19:59'), 'mag': 5.2}]",3,2009-04-12 05:19:59,RDM_df_train_30D-22SW-tw24_w16.csv,3.210532222222222
84,2009-02-11 23:06:53.928,1,"[{'lat': -31.232, 'long': -178.111, 'Time': Timestamp('2009-02-12 18:54:28'), 'mag': 5.8}, {'lat': -31.232, 'long': -178.111, 'Time': Timestamp('2009-02-12 18:54:28'), 'mag': 5.8}, {'lat': -31.232, 'long': -178.111, 'Time': Timestamp('2009-02-12 18:54:28'), 'mag': 5.8}]",3,2009-02-12 18:54:28,RDM_df_train_30D-22SW-tw24_w16.csv,19.79279777777778
1396,2009-10-25 18:30:20.434,1,"[{'lat': 19.094, 'long': -107.868, 'Time': Timestamp('2009-10-26 01:30:36'), 'mag': 5.0}]",1,2009-10-26 01:30:36,RDM_df_train_30D-22SW-tw24_w16.csv,7.004323888888889
847,2009-06-13 14:54:21.324,1,"[{'lat': -17.36, 'long': -70.804, 'Time': Timestamp('2009-06-13 20:10:52'), 'mag': 5.2}, {'lat': -17.36, 'long': -70.804, 'Time': Timestamp('2009-06-13 20:10:52'), 'mag': 5.2}, {'lat': -17.36, 'long': -70.804, 'Time': Timestamp('2009-06-13 20:10:52'), 'mag': 5.2}, {'lat': -30.647, 'long': -71.631, 'Time': Timestamp('2009-06-13 21:22:06'), 'mag': 5.0}, {'lat': -30.647, 'long': -71.631, 'Time': Timestamp('2009-06-13 21:22:06'), 'mag': 5.0}, {'lat': -30.647, 'long': -71.631, 'Time': Timestamp('2009-06-13 21:22:06'), 'mag': 5.0}]",6,2009-06-13 20:10:52,RDM_df_train_30D-22SW-tw24_w16.csv,5.275187777777778
1346,2009-09-30 22:06:53.256,1,"[{'lat': -12.25, 'long': 166.511, 'Time': Timestamp('2009-10-01 20:55:42'), 'mag': 5.5}, {'lat': -12.25, 'long': 166.511, 'Time': Timestamp('2009-10-01 20:55:42'), 'mag': 5.5}]",2,2009-10-01 20:55:42,RDM_df_train_30D-22SW-tw24_w16.csv,22.813540000000003
532,2009-04-26 03:07:25.046,1,"[{'lat': 4.022, 'long': 126.566, 'Time': Timestamp('2009-04-26 18:14:20'), 'mag': 5.1}, {'lat': 4.022, 'long': 126.566, 'Time': Timestamp('2009-04-26 18:14:20'), 'mag': 5.1}, {'lat': 4.022, 'long': 126.566, 'Time': Timestamp('2009-04-26 18:14:20'), 'mag': 5.1}]",3,2009-04-26 18:14:20,RDM_df_train_30D-22SW-tw24_w16.csv,15.115264999999999
1123,2009-08-21 00:09:54.002,1,"[{'lat': -22.539, 'long': 171.239, 'Time': Timestamp('2009-08-21 11:15:39'), 'mag': 5.7}, {'lat': -22.558, 'long': 171.41, 'Time': Timestamp('2009-08-21 15:07:26'), 'mag': 5.1}, {'lat': -22.539, 'long': 171.239, 'Time': Timestamp('2009-08-21 11:15:39'), 'mag': 5.7}, {'lat': -22.558, 'long': 171.41, 'Time': Timestamp('2009-08-21 15:07:26'), 'mag': 5.1}, {'lat': -22.539, 'long': 171.239, 'Time': Timestamp('2009-08-21 11:15:39'), 'mag': 5.7}, {'lat': -22.558, 'long': 171.41, 'Time': Timestamp('2009-08-21 15:07:26'), 'mag': 5.1}]",6,2009-08-21 11:15:39,RDM_df_train_30D-22SW-tw24_w16.csv,11.095832777777778
723,2009-06-03 00:32:17.937,1,"[{'lat': -17.836, 'long': 167.618, 'Time': Timestamp('2009-06-03 14:30:59'), 'mag': 5.0}, {'lat': -17.836, 'long': 167.618, 'Time': Timestamp('2009-06-03 14:30:59'), 'mag': 5.0}, {'lat': -17.836, 'long': 167.618, 'Time': Timestamp('2009-06-03 14:30:59'), 'mag': 5.0}, {'lat': -50.012, 'long': 120.592, 'Time': Timestamp('2009-06-03 18:54:38'), 'mag': 5.7}]",4,2009-06-03 14:30:59,RDM_df_train_30D-22SW-tw24_w16.csv,13.978073055555557
1760,2009-12-15 12:46:23.210,1,"[{'lat': -55.488, 'long': -26.898, 'Time': Timestamp('2009-12-16 03:40:23'), 'mag': 5.5}, {'lat': -55.488, 'long': -26.898, 'Time': Timestamp('2009-12-16 03:40:23'), 'mag': 5.5}]",2,2009-12-16 03:40:23,RDM_df_train_30D-22SW-tw24_w16.csv,14.899941666666667
1033,2009-07-30 01:25:50.535,1,"[{'lat': -9.962, 'long': 118.752, 'Time': Timestamp('2009-07-31 00:05:27'), 'mag': 5.1}, {'lat': -9.962, 'long': 118.752, 'Time': Timestamp('2009-07-31 00:05:27'), 'mag': 5.1}, {'lat': -9.962, 'long': 118.752, 'Time': Timestamp('2009-07-31 00:05:27'), 'mag': 5.1}]",3,2009-07-31 00:05:27,RDM_df_train_30D-22SW-tw24_w16.csv,22.660129166666664
1297,2009-10-06 05:54:56.098,1,"[{'lat': -2.261, 'long': 68.787, 'Time': Timestamp('2009-10-06 11:04:57'), 'mag': 5.2}, {'lat': -2.264, 'long': 68.697, 'Time': Timestamp('2009-10-06 11:13:34'), 'mag': 5.3}, {'lat': -2.261, 'long': 68.787, 'Time': Timestamp('2009-10-06 11:04:57'), 'mag': 5.2}, {'lat': -2.264, 'long': 68.697, 'Time': Timestamp('2009-10-06 11:13:34'), 'mag': 5.3}, {'lat': -2.261, 'long': 68.787, 'Time': Timestamp('2009-10-06 11:04:57'), 'mag': 5.2}, {'lat': -2.264, 'long': 68.697, 'Time': Timestamp('2009-10-06 11:13:34'), 'mag': 5.3}]",6,2009-10-06 11:04:57,RDM_df_train_30D-22SW-tw24_w16.csv,5.166917222222222
1465,2009-10-22 08:00:49.652,1,"[{'lat': 36.517, 'long': 70.95, 'Time': Timestamp('2009-10-22 19:51:27'), 'mag': 6.2}, {'lat': 36.517, 'long': 70.95, 'Time': Timestamp('2009-10-22 19:51:27'), 'mag': 6.2}, {'lat': 36.517, 'long': 70.95, 'Time': Timestamp('2009-10-22 19:51:27'), 'mag': 6.2}]",3,2009-10-22 19:51:27,RDM_df_train_30D-22SW-tw24_w16.csv,11.843707777777777
748,2009-06-08 14:02:51.275,1,"[{'lat': -8.693, 'long': -71.506, 'Time': Timestamp('2009-06-08 20:20:05'), 'mag': 5.4}]",1,2009-06-08 20:20:05,RDM_df_train_30D-22SW-tw24_w16.csv,6.287145833333333
681,2009-05-19 07:58:51.274,1,"[{'lat': 25.248, 'long': 37.703, 'Time': Timestamp('2009-05-19 16:54:31'), 'mag': 5.0}, {'lat': 25.291, 'long': 37.74, 'Time': Timestamp('2009-05-19 17:35:01'), 'mag': 5.7}, {'lat': 25.248, 'long': 37.703, 'Time': Timestamp('2009-05-19 16:54:31'), 'mag': 5.0}, {'lat': 25.291, 'long': 37.74, 'Time': Timestamp('2009-05-19 17:35:01'), 'mag': 5.7}, {'lat': 25.248, 'long': 37.703, 'Time': Timestamp('2009-05-19 16:54:31'), 'mag': 5.0}, {'lat': 25.291, 'long': 37.74, 'Time': Timestamp('2009-05-19 17:35:01'), 'mag': 5.7}]",6,2009-05-19 16:54:31,RDM_df_train_30D-22SW-tw24_w16.csv,8.927701666666666
768,2009-06-10 22:02:23.480,1,"[{'lat': -17.011, 'long': 168.22, 'Time': Timestamp('2009-06-10 23:09:02'), 'mag': 5.3}, {'lat': -17.011, 'long': 168.22, 'Time': Timestamp('2009-06-10 23:09:02'), 'mag': 5.3}, {'lat': -17.011, 'long': 168.22, 'Time': Timestamp('2009-06-10 23:09:02'), 'mag': 5.3}]",3,2009-06-10 23:09:02,RDM_df_train_30D-22SW-tw24_w16.csv,1.1107
995,2009-07-26 21:57:23.211,1,"[{'lat': -17.755, 'long': 168.089, 'Time': Timestamp('2009-07-26 23:01:31'), 'mag': 5.8}, {'lat': -22.554, 'long': 170.808, 'Time': Timestamp('2009-07-27 13:04:25'), 'mag': 5.0}, {'lat': -17.755, 'long': 168.089, 'Time': Timestamp('2009-07-26 23:01:31'), 'mag': 5.8}, {'lat': -22.554, 'long': 170.808, 'Time': Timestamp('2009-07-27 13:04:25'), 'mag': 5.0}, {'lat': -22.554, 'long': 170.808, 'Time': Timestamp('2009-07-27 13:04:25'), 'mag': 5.0}]",5,2009-07-26 23:01:31,RDM_df_train_30D-22SW-tw24_w16.csv,1.0688302777777778
1681,2009-12-15 13:25:23.797,1,"[{'lat': -55.488, 'long': -26.898, 'Time': Timestamp('2009-12-16 03:40:23'), 'mag': 5.5}]",1,2009-12-16 03:40:23,RDM_df_train_30D-22SW-tw24_w16.csv,14.249778611111111
1176,2009-08-28 18:55:50.449,1,"[{'lat': 14.582, 'long': -93.608, 'Time': Timestamp('2009-08-29 10:42:44'), 'mag': 5.4}, {'lat': 14.582, 'long': -93.608, 'Time': Timestamp('2009-08-29 10:42:44'), 'mag': 5.4}, {'lat': 43.885, 'long': -128.679, 'Time': Timestamp('2009-08-29 10:11:14'), 'mag': 5.1}, {'lat': 44.024, 'long': -128.38, 'Time': Timestamp('2009-08-29 10:24:08'), 'mag': 5.0}, {'lat': 43.885, 'long': -128.679, 'Time': Timestamp('2009-08-29 10:11:14'), 'mag': 5.1}, {'lat': 44.024, 'long': -128.38, 'Time': Timestamp('2009-08-29 10:24:08'), 'mag': 5.0}, {'lat': 43.885, 'long': -128.679, 'Time': Timestamp('2009-08-29 10:11:14'), 'mag': 5.1}, {'lat': 44.024, 'long': -128.38, 'Time': Timestamp('2009-08-29 10:24:08'), 'mag': 5.0}]",8,2009-08-29 10:42:44,RDM_df_train_30D-22SW-tw24_w16.csv,15.781541944444445
325,2009-03-11 16:19:23.588,1,"[{'lat': 19.07, 'long': -66.367, 'Time': Timestamp('2009-03-12 02:05:38'), 'mag': 5.1}, {'lat': 19.07, 'long': -66.367, 'Time': Timestamp('2009-03-12 02:05:38'), 'mag': 5.1}, {'lat': 19.07, 'long': -66.367, 'Time': Timestamp('2009-03-12 02:05:38'), 'mag': 5.1}, {'lat': -45.019, 'long': -78.061, 'Time': Timestamp('2009-03-12 11:03:10'), 'mag': 5.0}, {'lat': -45.019, 'long': -78.061, 'Time': Timestamp('2009-03-12 11:03:10'), 'mag': 5.0}, {'lat': -45.019, 'long': -78.061, 'Time': Timestamp('2009-03-12 11:03:10'), 'mag': 5.0}, {'lat': 8.504, 'long': -83.219, 'Time': Timestamp('2009-03-11 17:24:36'), 'mag': 5.9}, {'lat': 8.616, 'long': -83.092, 'Time': Timestamp('2009-03-11 17:26:52'), 'mag': 5.3}, {'lat': 8.493, 'long': -83.206, 'Time': Timestamp('2009-03-11 21:03:58'), 'mag': 5.9}, {'lat': 8.504, 'long': -83.219, 'Time': Timestamp('2009-03-11 17:24:36'), 'mag': 5.9}, {'lat': 8.616, 'long': -83.092, 'Time': Timestamp('2009-03-11 17:26:52'), 'mag': 5.3}, {'lat': 8.493, 'long': -83.206, 'Time': Timestamp('2009-03-11 21:03:58'), 'mag': 5.9}, {'lat': 8.504, 'long': -83.219, 'Time': Timestamp('2009-03-11 17:24:36'), 'mag': 5.9}, {'lat': 8.616, 'long': -83.092, 'Time': Timestamp('2009-03-11 17:26:52'), 'mag': 5.3}, {'lat': 8.493, 'long': -83.206, 'Time': Timestamp('2009-03-11 21:03:58'), 'mag': 5.9}]",15,2009-03-12 02:05:38,RDM_df_train_30D-22SW-tw24_w16.csv,9.770669999999999
1102,2009-08-28 01:24:50.129,1,"[{'lat': -9.202, 'long': 154.166, 'Time': Timestamp('2009-08-28 02:52:48'), 'mag': 5.1}, {'lat': -9.202, 'long': 154.166, 'Time': Timestamp('2009-08-28 02:52:48'), 'mag': 5.1}, {'lat': -9.202, 'long': 154.166, 'Time': Timestamp('2009-08-28 02:52:48'), 'mag': 5.1}, {'lat': 29.918, 'long': 130.528, 'Time': Timestamp('2009-08-28 05:47:53'), 'mag': 5.2}, {'lat': 29.918, 'long': 130.528, 'Time': Timestamp('2009-08-28 05:47:53'), 'mag': 5.2}, {'lat': 29.918, 'long': 130.528, 'Time': Timestamp('2009-08-28 05:47:53'), 'mag': 5.2}, {'lat': -7.146, 'long': 123.427, 'Time': Timestamp('2009-08-28 01:51:20'), 'mag': 6.9}, {'lat': -7.146, 'long': 123.427, 'Time': Timestamp('2009-08-28 01:51:20'), 'mag': 6.9}, {'lat': -7.146, 'long': 123.427, 'Time': Timestamp('2009-08-28 01:51:20'), 'mag': 6.9}]",9,2009-08-28 02:52:48,RDM_df_train_30D-22SW-tw24_w16.csv,1.466075277777778
723,2009-06-03 00:32:17.937,1,"[{'lat': -17.836, 'long': 167.618, 'Time': Timestamp('2009-06-03 14:30:59'), 'mag': 5.0}, {'lat': -17.836, 'long': 167.618, 'Time': Timestamp('2009-06-03 14:30:59'), 'mag': 5.0}, {'lat': -17.836, 'long': 167.618, 'Time': Timestamp('2009-06-03 14:30:59'), 'mag': 5.0}, {'lat': -50.012, 'long': 120.592, 'Time': Timestamp('2009-06-03 18:54:38'), 'mag': 5.7}]",4,2009-06-03 14:30:59,RDM_df_train_30D-22SW-tw24_w16.csv,13.978073055555557
381,2009-03-20 13:08:53.846,1,"[{'lat': -58.686, 'long': -24.845, 'Time': Timestamp('2009-03-20 16:01:14'), 'mag': 5.4}]",1,2009-03-20 16:01:14,RDM_df_train_30D-22SW-tw24_w16.csv,2.872265
1523,2009-11-12 16:13:23.211,1,"[{'lat': -17.917, 'long': -64.095, 'Time': Timestamp('2009-11-13 07:27:13'), 'mag': 5.8}, {'lat': -19.394, 'long': -70.321, 'Time': Timestamp('2009-11-13 03:05:57'), 'mag': 6.5}, {'lat': -17.917, 'long': -64.095, 'Time': Timestamp('2009-11-13 07:27:13'), 'mag': 5.8}, {'lat': -19.394, 'long': -70.321, 'Time': Timestamp('2009-11-13 03:05:57'), 'mag': 6.5}, {'lat': -17.917, 'long': -64.095, 'Time': Timestamp('2009-11-13 07:27:13'), 'mag': 5.8}, {'lat': -19.394, 'long': -70.321, 'Time': Timestamp('2009-11-13 03:05:57'), 'mag': 6.5}]",6,2009-11-13 07:27:13,RDM_df_train_30D-22SW-tw24_w16.csv,15.230496944444443
1704,2009-12-23 12:38:53.748,1,"[{'lat': -60.424, 'long': -26.912, 'Time': Timestamp('2009-12-23 18:40:15'), 'mag': 5.1}]",1,2009-12-23 18:40:15,RDM_df_train_30D-22SW-tw24_w16.csv,6.02257
1733,2009-12-16 15:10:52.179,1,"[{'lat': 42.447, 'long': -30.565, 'Time': Timestamp('2009-12-17 14:55:36'), 'mag': 5.5}]",1,2009-12-17 14:55:36,RDM_df_train_30D-22SW-tw24_w16.csv,23.745505833333333
1350,2009-10-14 20:59:53.876,1,"[{'lat': -33.372, 'long': -178.672, 'Time': Timestamp('2009-10-15 05:52:54'), 'mag': 5.1}, {'lat': -33.372, 'long': -178.672, 'Time': Timestamp('2009-10-15 05:52:54'), 'mag': 5.1}, {'lat': -33.372, 'long': -178.672, 'Time': Timestamp('2009-10-15 05:52:54'), 'mag': 5.1}]",3,2009-10-15 05:52:54,RDM_df_train_30D-22SW-tw24_w16.csv,8.883367777777778
1160,2009-08-22 11:22:23.775,1,"[{'lat': 0.914, 'long': -28.542, 'Time': Timestamp('2009-08-22 12:34:50'), 'mag': 5.3}, {'lat': 0.914, 'long': -28.542, 'Time': Timestamp('2009-08-22 12:34:50'), 'mag': 5.3}]",2,2009-08-22 12:34:50,RDM_df_train_30D-22SW-tw24_w16.csv,1.2072847222222223
711,2009-06-06 01:09:47.521,1,"[{'lat': 54.661, 'long': 161.448, 'Time': Timestamp('2009-06-06 04:15:26'), 'mag': 5.2}, {'lat': -14.755, 'long': 168.032, 'Time': Timestamp('2009-06-06 11:17:28'), 'mag': 5.0}, {'lat': 54.661, 'long': 161.448, 'Time': Timestamp('2009-06-06 04:15:26'), 'mag': 5.2}, {'lat': 44.552, 'long': 148.95, 'Time': Timestamp('2009-06-06 10:37:54'), 'mag': 5.0}, {'lat': 44.552, 'long': 148.95, 'Time': Timestamp('2009-06-06 10:37:54'), 'mag': 5.0}, {'lat': 35.483, 'long': 140.914, 'Time': Timestamp('2009-06-06 05:52:43'), 'mag': 5.8}, {'lat': 44.552, 'long': 148.95, 'Time': Timestamp('2009-06-06 10:37:54'), 'mag': 5.0}, {'lat': 35.483, 'long': 140.914, 'Time': Timestamp('2009-06-06 05:52:43'), 'mag': 5.8}, {'lat': 35.483, 'long': 140.914, 'Time': Timestamp('2009-06-06 05:52:43'), 'mag': 5.8}]",9,2009-06-06 04:15:26,RDM_df_train_30D-22SW-tw24_w16.csv,3.094021944444444
836,2009-06-15 15:32:19.005,1,"[{'lat': 16.318, 'long': -87.036, 'Time': Timestamp('2009-06-15 16:00:53'), 'mag': 5.1}, {'lat': 16.318, 'long': -87.036, 'Time': Timestamp('2009-06-15 16:00:53'), 'mag': 5.1}]",2,2009-06-15 16:00:53,RDM_df_train_30D-22SW-tw24_w16.csv,0.4761097222222222
1529,2009-11-18 13:26:53.559,1,"[{'lat': -26.866, 'long': -63.3, 'Time': Timestamp('2009-11-19 10:42:34'), 'mag': 5.1}, {'lat': -26.866, 'long': -63.3, 'Time': Timestamp('2009-11-19 10:42:34'), 'mag': 5.1}, {'lat': -26.866, 'long': -63.3, 'Time': Timestamp('2009-11-19 10:42:34'), 'mag': 5.1}]",3,2009-11-19 10:42:34,RDM_df_train_30D-22SW-tw24_w16.csv,21.261233611111113
30,2009-01-13 14:54:22.612,1,"[{'lat': -29.549, 'long': -71.224, 'Time': Timestamp('2009-01-13 17:17:13'), 'mag': 5.1}, {'lat': -29.549, 'long': -71.224, 'Time': Timestamp('2009-01-13 17:17:13'), 'mag': 5.1}, {'lat': -29.549, 'long': -71.224, 'Time': Timestamp('2009-01-13 17:17:13'), 'mag': 5.1}]",3,2009-01-13 17:17:13,RDM_df_train_30D-22SW-tw24_w16.csv,2.3806633333333336
1750,2009-12-19 08:26:18.822,1,"[{'lat': -10.108, 'long': 33.818, 'Time': Timestamp('2009-12-19 23:19:15'), 'mag': 6.0}]",1,2009-12-19 23:19:15,RDM_df_train_30D-22SW-tw24_w16.csv,14.882271666666666
156,2009-02-19 06:37:51.613,1,"[{'lat': 34.203, 'long': 73.9, 'Time': Timestamp('2009-02-20 03:48:48'), 'mag': 5.5}, {'lat': 34.203, 'long': 73.9, 'Time': Timestamp('2009-02-20 03:48:48'), 'mag': 5.5}]",2,2009-02-20 03:48:48,RDM_df_train_30D-22SW-tw24_w16.csv,21.182329722222224
1068,2009-08-21 12:40:23.428,1,"[{'lat': 0.914, 'long': -28.542, 'Time': Timestamp('2009-08-22 12:34:50'), 'mag': 5.3}, {'lat': 0.914, 'long': -28.542, 'Time': Timestamp('2009-08-22 12:34:50'), 'mag': 5.3}, {'lat': 0.914, 'long': -28.542, 'Time': Timestamp('2009-08-22 12:34:50'), 'mag': 5.3}]",3,2009-08-22 12:34:50,RDM_df_train_30D-22SW-tw24_w16.csv,23.90738111111111
1470,2009-10-28 00:19:48.479,1,"[{'lat': 53.699, 'long': 160.536, 'Time': Timestamp('2009-10-28 08:36:29'), 'mag': 5.0}, {'lat': 53.699, 'long': 160.536, 'Time': Timestamp('2009-10-28 08:36:29'), 'mag': 5.0}, {'lat': 53.699, 'long': 160.536, 'Time': Timestamp('2009-10-28 08:36:29'), 'mag': 5.0}]",3,2009-10-28 08:36:29,RDM_df_train_30D-22SW-tw24_w16.csv,8.2779225
996,2009-08-02 01:11:20.730,1,"[{'lat': -0.447, 'long': 132.908, 'Time': Timestamp('2009-08-02 08:54:33'), 'mag': 6.1}, {'lat': -0.447, 'long': 132.908, 'Time': Timestamp('2009-08-02 08:54:33'), 'mag': 6.1}, {'lat': -0.447, 'long': 132.908, 'Time': Timestamp('2009-08-02 08:54:33'), 'mag': 6.1}]",3,2009-08-02 08:54:33,RDM_df_train_30D-22SW-tw24_w16.csv,7.7200750000000005
773,2009-06-10 16:03:21.979,1,"[{'lat': -41.78, 'long': -84.076, 'Time': Timestamp('2009-06-10 22:05:34'), 'mag': 5.0}, {'lat': -41.716, 'long': -83.995, 'Time': Timestamp('2009-06-10 23:13:21'), 'mag': 5.7}, {'lat': -41.78, 'long': -84.076, 'Time': Timestamp('2009-06-10 22:05:34'), 'mag': 5.0}, {'lat': -41.716, 'long': -83.995, 'Time': Timestamp('2009-06-10 23:13:21'), 'mag': 5.7}]",4,2009-06-10 22:05:34,RDM_df_train_30D-22SW-tw24_w16.csv,6.0366725
1190,2009-08-26 23:09:23.541,1,"[{'lat': -10.229, 'long': 161.451, 'Time': Timestamp('2009-08-27 05:05:27'), 'mag': 5.0}, {'lat': -10.229, 'long': 161.451, 'Time': Timestamp('2009-08-27 05:05:27'), 'mag': 5.0}, {'lat': -10.229, 'long': 161.451, 'Time': Timestamp('2009-08-27 05:05:27'), 'mag': 5.0}]",3,2009-08-27 05:05:27,RDM_df_train_30D-22SW-tw24_w16.csv,5.934294166666667
247,2009-03-12 17:28:23.735,1,"[{'lat': 5.686, 'long': -82.767, 'Time': Timestamp('2009-03-12 23:23:34'), 'mag': 6.3}, {'lat': 5.686, 'long': -82.767, 'Time': Timestamp('2009-03-12 23:23:34'), 'mag': 6.3}, {'lat': 5.686, 'long': -82.767, 'Time': Timestamp('2009-03-12 23:23:34'), 'mag': 6.3}]",3,2009-03-12 23:23:34,RDM_df_train_30D-22SW-tw24_w16.csv,5.919518055555556
347,2009-03-11 11:45:23.274,1,"[{'lat': -60.861, 'long': -23.81, 'Time': Timestamp('2009-03-12 05:18:08'), 'mag': 5.5}]",1,2009-03-12 05:18:08,RDM_df_train_30D-22SW-tw24_w16.csv,17.54575722222222
836,2009-06-15 15:32:19.005,1,"[{'lat': 16.318, 'long': -87.036, 'Time': Timestamp('2009-06-15 16:00:53'), 'mag': 5.1}, {'lat': 16.318, 'long': -87.036, 'Time': Timestamp('2009-06-15 16:00:53'), 'mag': 5.1}]",2,2009-06-15 16:00:53,RDM_df_train_30D-22SW-tw24_w16.csv,0.4761097222222222
1291,2009-10-04 08:39:53.871,1,"[{'lat': 31.874, 'long': 49.492, 'Time': Timestamp('2009-10-04 21:50:52'), 'mag': 5.1}, {'lat': 31.874, 'long': 49.492, 'Time': Timestamp('2009-10-04 21:50:52'), 'mag': 5.1}, {'lat': 31.874, 'long': 49.492, 'Time': Timestamp('2009-10-04 21:50:52'), 'mag': 5.1}]",3,2009-10-04 21:50:52,RDM_df_train_30D-22SW-tw24_w16.csv,13.182813611111111
762,2009-06-03 00:46:17.898,1,"[{'lat': -17.836, 'long': 167.618, 'Time': Timestamp('2009-06-03 14:30:59'), 'mag': 5.0}, {'lat': -17.836, 'long': 167.618, 'Time': Timestamp('2009-06-03 14:30:59'), 'mag': 5.0}, {'lat': -17.836, 'long': 167.618, 'Time': Timestamp('2009-06-03 14:30:59'), 'mag': 5.0}, {'lat': -50.012, 'long': 120.592, 'Time': Timestamp('2009-06-03 18:54:38'), 'mag': 5.7}, {'lat': -50.012, 'long': 120.592, 'Time': Timestamp('2009-06-03 18:54:38'), 'mag': 5.7}]",5,2009-06-03 14:30:59,RDM_df_train_30D-22SW-tw24_w16.csv,13.744750555555555
1745,2010-01-06 09:34:52.215,1,"[{'lat': -41.605, 'long': -16.568, 'Time': Timestamp('2010-01-06 16:38:35'), 'mag': 5.6}]",1,2010-01-06 16:38:35,RDM_df_train_30D-22SW-tw24_w16.csv,7.0618847222222225
619,2009-05-19 07:22:24.755,1,"[{'lat': -7.045, 'long': 68.025, 'Time': Timestamp('2009-05-19 07:22:43'), 'mag': 5.0}, {'lat': -7.045, 'long': 68.025, 'Time': Timestamp('2009-05-19 07:22:43'), 'mag': 5.0}, {'lat': -7.045, 'long': 68.025, 'Time': Timestamp('2009-05-19 07:22:43'), 'mag': 5.0}, {'lat': 25.248, 'long': 37.703, 'Time': Timestamp('2009-05-19 16:54:31'), 'mag': 5.0}, {'lat': 25.291, 'long': 37.74, 'Time': Timestamp('2009-05-19 17:35:01'), 'mag': 5.7}, {'lat': 25.248, 'long': 37.703, 'Time': Timestamp('2009-05-19 16:54:31'), 'mag': 5.0}, {'lat': 25.291, 'long': 37.74, 'Time': Timestamp('2009-05-19 17:35:01'), 'mag': 5.7}]",7,2009-05-19 07:22:43,RDM_df_train_30D-22SW-tw24_w16.csv,0.005068055555555556
1802,2010-01-01 22:46:23.392,1,"[{'lat': -19.987, 'long': -175.407, 'Time': Timestamp('2010-01-02 00:10:11'), 'mag': 5.0}, {'lat': -19.987, 'long': -175.407, 'Time': Timestamp('2010-01-02 00:10:11'), 'mag': 5.0}, {'lat': -19.987, 'long': -175.407, 'Time': Timestamp('2010-01-02 00:10:11'), 'mag': 5.0}]",3,2010-01-02 00:10:11,RDM_df_train_30D-22SW-tw24_w16.csv,1.3965577777777778
778,2009-06-04 23:01:53.282,1,"[{'lat': -17.439, 'long': 167.839, 'Time': Timestamp('2009-06-05 20:58:20'), 'mag': 5.1}, {'lat': -17.429, 'long': 167.721, 'Time': Timestamp('2009-06-05 21:16:55'), 'mag': 5.7}, {'lat': -17.439, 'long': 167.839, 'Time': Timestamp('2009-06-05 20:58:20'), 'mag': 5.1}, {'lat': -17.429, 'long': 167.721, 'Time': Timestamp('2009-06-05 21:16:55'), 'mag': 5.7}, {'lat': -17.439, 'long': 167.839, 'Time': Timestamp('2009-06-05 20:58:20'), 'mag': 5.1}, {'lat': -17.429, 'long': 167.721, 'Time': Timestamp('2009-06-05 21:16:55'), 'mag': 5.7}]",6,2009-06-05 20:58:20,RDM_df_train_30D-22SW-tw24_w16.csv,21.940755
1776,2009-12-25 23:31:23.172,1,"[{'lat': 53.889, 'long': 161.432, 'Time': Timestamp('2009-12-26 04:14:07'), 'mag': 5.0}, {'lat': 53.889, 'long': 161.432, 'Time': Timestamp('2009-12-26 04:14:07'), 'mag': 5.0}]",2,2009-12-26 04:14:07,RDM_df_train_30D-22SW-tw24_w16.csv,4.712174444444445
1688,2009-12-11 01:16:51.698,1,"[{'lat': 53.792, 'long': 160.471, 'Time': Timestamp('2009-12-11 01:16:52'), 'mag': 5.0}, {'lat': 53.792, 'long': 160.471, 'Time': Timestamp('2009-12-11 01:16:52'), 'mag': 5.0}, {'lat': 53.792, 'long': 160.471, 'Time': Timestamp('2009-12-11 01:16:52'), 'mag': 5.0}]",3,2009-12-11 01:16:52,RDM_df_train_30D-22SW-tw24_w16.csv,8.388888888888888e-05
1742,2010-01-02 22:09:53.601,1,"[{'lat': -13.881, 'long': 167.231, 'Time': Timestamp('2010-01-03 09:10:37'), 'mag': 5.1}, {'lat': -13.881, 'long': 167.231, 'Time': Timestamp('2010-01-03 09:10:37'), 'mag': 5.1}, {'lat': -12.883, 'long': 166.145, 'Time': Timestamp('2010-01-03 15:13:48'), 'mag': 5.2}, {'lat': -13.881, 'long': 167.231, 'Time': Timestamp('2010-01-03 09:10:37'), 'mag': 5.1}, {'lat': -12.883, 'long': 166.145, 'Time': Timestamp('2010-01-03 15:13:48'), 'mag': 5.2}]",5,2010-01-03 09:10:37,RDM_df_train_30D-22SW-tw24_w16.csv,11.012055277777778
1274,2009-09-11 00:37:53.323,1,"[{'lat': 48.294, 'long': 154.23, 'Time': Timestamp('2009-09-11 08:49:11'), 'mag': 5.6}, {'lat': 48.294, 'long': 154.23, 'Time': Timestamp('2009-09-11 08:49:11'), 'mag': 5.6}, {'lat': 48.294, 'long': 154.23, 'Time': Timestamp('2009-09-11 08:49:11'), 'mag': 5.6}, {'lat': 23.667, 'long': 142.249, 'Time': Timestamp('2009-09-11 20:57:30'), 'mag': 5.2}, {'lat': 23.667, 'long': 142.249, 'Time': Timestamp('2009-09-11 20:57:30'), 'mag': 5.2}, {'lat': 23.667, 'long': 142.249, 'Time': Timestamp('2009-09-11 20:57:30'), 'mag': 5.2}]",6,2009-09-11 08:49:11,RDM_df_train_30D-22SW-tw24_w16.csv,8.188243611111112
175,2009-02-12 21:13:23.898,1,"[{'lat': -30.712, 'long': -178.2, 'Time': Timestamp('2009-02-13 02:17:50'), 'mag': 5.3}, {'lat': -30.712, 'long': -178.2, 'Time': Timestamp('2009-02-13 02:17:50'), 'mag': 5.3}, {'lat': -30.712, 'long': -178.2, 'Time': Timestamp('2009-02-13 02:17:50'), 'mag': 5.3}]",3,2009-02-13 02:17:50,RDM_df_train_30D-22SW-tw24_w16.csv,5.073917222222222
333,2009-03-13 23:17:23.095,1,"[{'lat': -20.03, 'long': -175.382, 'Time': Timestamp('2009-03-14 03:04:12'), 'mag': 5.2}, {'lat': -20.03, 'long': -175.382, 'Time': Timestamp('2009-03-14 03:04:12'), 'mag': 5.2}, {'lat': -20.03, 'long': -175.382, 'Time': Timestamp('2009-03-14 03:04:12'), 'mag': 5.2}, {'lat': -37.017, 'long': 177.562, 'Time': Timestamp('2009-03-14 17:38:59'), 'mag': 5.0}, {'lat': -49.191, 'long': 164.744, 'Time': Timestamp('2009-03-14 10:50:49'), 'mag': 5.1}, {'lat': -63.192, 'long': 171.593, 'Time': Timestamp('2009-03-14 07:53:27'), 'mag': 5.0}, {'lat': -49.191, 'long': 164.744, 'Time': Timestamp('2009-03-14 10:50:49'), 'mag': 5.1}]",7,2009-03-14 03:04:12,RDM_df_train_30D-22SW-tw24_w16.csv,3.780251388888889
173,2009-03-02 11:25:23.738,1,"[{'lat': -56.347, 'long': -27.064, 'Time': Timestamp('2009-03-03 06:05:03'), 'mag': 5.3}, {'lat': -56.347, 'long': -27.064, 'Time': Timestamp('2009-03-03 06:05:03'), 'mag': 5.3}]",2,2009-03-03 06:05:03,RDM_df_train_30D-22SW-tw24_w16.csv,18.66090611111111
1011,2009-08-12 15:20:54.447,1,"[{'lat': -27.893, 'long': -66.672, 'Time': Timestamp('2009-08-12 18:00:52'), 'mag': 5.5}, {'lat': -27.893, 'long': -66.672, 'Time': Timestamp('2009-08-12 18:00:52'), 'mag': 5.5}, {'lat': -27.893, 'long': -66.672, 'Time': Timestamp('2009-08-12 18:00:52'), 'mag': 5.5}, {'lat': 7.948, 'long': -85.633, 'Time': Timestamp('2009-08-13 09:37:35'), 'mag': 5.8}, {'lat': 7.948, 'long': -85.633, 'Time': Timestamp('2009-08-13 09:37:35'), 'mag': 5.8}, {'lat': 7.948, 'long': -85.633, 'Time': Timestamp('2009-08-13 09:37:35'), 'mag': 5.8}]",6,2009-08-12 18:00:52,RDM_df_train_30D-22SW-tw24_w16.csv,2.6659869444444446
1800,2010-01-04 16:18:23.287,1,"[{'lat': -16.481, 'long': -74.034, 'Time': Timestamp('2010-01-05 01:34:25'), 'mag': 5.1}, {'lat': -16.481, 'long': -74.034, 'Time': Timestamp('2010-01-05 01:34:25'), 'mag': 5.1}, {'lat': -16.481, 'long': -74.034, 'Time': Timestamp('2010-01-05 01:34:25'), 'mag': 5.1}, {'lat': 14.019, 'long': -91.878, 'Time': Timestamp('2010-01-05 05:36:21'), 'mag': 5.0}, {'lat': 14.019, 'long': -91.878, 'Time': Timestamp('2010-01-05 05:36:21'), 'mag': 5.0}, {'lat': 14.019, 'long': -91.878, 'Time': Timestamp('2010-01-05 05:36:21'), 'mag': 5.0}]",6,2010-01-05 01:34:25,RDM_df_train_30D-22SW-tw24_w16.csv,9.2671425
1091,2009-08-25 00:25:18.217,1,"[{'lat': -11.603, 'long': 166.382, 'Time': Timestamp('2009-08-25 06:41:22'), 'mag': 5.0}, {'lat': -11.603, 'long': 166.382, 'Time': Timestamp('2009-08-25 06:41:22'), 'mag': 5.0}, {'lat': -11.603, 'long': 166.382, 'Time': Timestamp('2009-08-25 06:41:22'), 'mag': 5.0}, {'lat': -46.209, 'long': 166.138, 'Time': Timestamp('2009-08-25 04:57:24'), 'mag': 5.2}, {'lat': -46.209, 'long': 166.138, 'Time': Timestamp('2009-08-25 04:57:24'), 'mag': 5.2}, {'lat': -3.003, 'long': 147.309, 'Time': Timestamp('2009-08-25 21:39:12'), 'mag': 5.2}, {'lat': -2.991, 'long': 147.324, 'Time': Timestamp('2009-08-25 23:03:13'), 'mag': 5.0}, {'lat': -3.114, 'long': 147.445, 'Time': Timestamp('2009-08-26 00:01:33'), 'mag': 5.0}, {'lat': -3.003, 'long': 147.309, 'Time': Timestamp('2009-08-25 21:39:12'), 'mag': 5.2}, {'lat': -2.991, 'long': 147.324, 'Time': Timestamp('2009-08-25 23:03:13'), 'mag': 5.0}, {'lat': -3.114, 'long': 147.445, 'Time': Timestamp('2009-08-26 00:01:33'), 'mag': 5.0}, {'lat': -3.003, 'long': 147.309, 'Time': Timestamp('2009-08-25 21:39:12'), 'mag': 5.2}, {'lat': -2.991, 'long': 147.324, 'Time': Timestamp('2009-08-25 23:03:13'), 'mag': 5.0}, {'lat': -3.114, 'long': 147.445, 'Time': Timestamp('2009-08-26 00:01:33'), 'mag': 5.0}]",14,2009-08-25 06:41:22,RDM_df_train_30D-22SW-tw24_w16.csv,6.2677175
552,2009-04-24 01:50:20.936,1,"[{'lat': 45.632, 'long': 151.715, 'Time': Timestamp('2009-04-24 23:05:09'), 'mag': 5.0}, {'lat': 45.632, 'long': 151.715, 'Time': Timestamp('2009-04-24 23:05:09'), 'mag': 5.0}, {'lat': 18.945, 'long': 121.357, 'Time': Timestamp('2009-04-24 10:55:48'), 'mag': 5.0}, {'lat': 18.945, 'long': 121.357, 'Time': Timestamp('2009-04-24 10:55:48'), 'mag': 5.0}, {'lat': 18.945, 'long': 121.357, 'Time': Timestamp('2009-04-24 10:55:48'), 'mag': 5.0}]",5,2009-04-24 23:05:09,RDM_df_train_30D-22SW-tw24_w16.csv,21.246684444444444
52,2009-01-30 23:22:52.808,1,"[{'lat': -61.26, 'long': 154.036, 'Time': Timestamp('2009-01-31 04:33:41'), 'mag': 5.3}]",1,2009-01-31 04:33:41,RDM_df_train_30D-22SW-tw24_w16.csv,5.180053333333333
582,2009-05-11 13:42:48.467,1,"[{'lat': -22.318, 'long': -66.809, 'Time': Timestamp('2009-05-12 01:03:58'), 'mag': 5.2}, {'lat': -22.318, 'long': -66.809, 'Time': Timestamp('2009-05-12 01:03:58'), 'mag': 5.2}, {'lat': -20.057, 'long': -68.909, 'Time': Timestamp('2009-05-12 05:07:06'), 'mag': 5.1}]",3,2009-05-12 01:03:58,RDM_df_train_30D-22SW-tw24_w16.csv,11.352648055555557
1365,2009-10-24 01:13:22.045,1,"[{'lat': -8.702, 'long': 157.591, 'Time': Timestamp('2009-10-24 15:40:28'), 'mag': 5.1}, {'lat': -8.702, 'long': 157.591, 'Time': Timestamp('2009-10-24 15:40:28'), 'mag': 5.1}, {'lat': -8.702, 'long': 157.591, 'Time': Timestamp('2009-10-24 15:40:28'), 'mag': 5.1}, {'lat': -6.133, 'long': 130.385, 'Time': Timestamp('2009-10-24 14:40:43'), 'mag': 6.9}, {'lat': -6.822, 'long': 131.624, 'Time': Timestamp('2009-10-25 00:35:04'), 'mag': 5.0}, {'lat': -6.133, 'long': 130.385, 'Time': Timestamp('2009-10-24 14:40:43'), 'mag': 6.9}, {'lat': -6.822, 'long': 131.624, 'Time': Timestamp('2009-10-25 00:35:04'), 'mag': 5.0}, {'lat': -6.133, 'long': 130.385, 'Time': Timestamp('2009-10-24 14:40:43'), 'mag': 6.9}, {'lat': -6.822, 'long': 131.624, 'Time': Timestamp('2009-10-25 00:35:04'), 'mag': 5.0}, {'lat': -9.896, 'long': 118.793, 'Time': Timestamp('2009-10-24 20:54:50'), 'mag': 5.6}, {'lat': -10.04, 'long': 118.685, 'Time': Timestamp('2009-10-24 21:04:27'), 'mag': 5.0}]",11,2009-10-24 15:40:28,RDM_df_train_30D-22SW-tw24_w16.csv,14.451654166666668
784,2009-06-16 06:03:23.757,1,"[{'lat': 21.717, 'long': 62.042, 'Time': Timestamp('2009-06-17 04:12:51'), 'mag': 5.0}, {'lat': 21.717, 'long': 62.042, 'Time': Timestamp('2009-06-17 04:12:51'), 'mag': 5.0}, {'lat': 21.717, 'long': 62.042, 'Time': Timestamp('2009-06-17 04:12:51'), 'mag': 5.0}]",3,2009-06-17 04:12:51,RDM_df_train_30D-22SW-tw24_w16.csv,22.1575675
453,2009-04-05 01:37:22.270,1,"[{'lat': 32.007, 'long': 131.417, 'Time': Timestamp('2009-04-05 09:36:26'), 'mag': 5.8}, {'lat': 32.007, 'long': 131.417, 'Time': Timestamp('2009-04-05 09:36:26'), 'mag': 5.8}, {'lat': 32.007, 'long': 131.417, 'Time': Timestamp('2009-04-05 09:36:26'), 'mag': 5.8}, {'lat': -9.275, 'long': 124.156, 'Time': Timestamp('2009-04-05 19:45:27'), 'mag': 5.1}, {'lat': -9.275, 'long': 124.156, 'Time': Timestamp('2009-04-05 19:45:27'), 'mag': 5.1}, {'lat': -9.275, 'long': 124.156, 'Time': Timestamp('2009-04-05 19:45:27'), 'mag': 5.1}]",6,2009-04-05 09:36:26,RDM_df_train_30D-22SW-tw24_w16.csv,7.984369444444444
1814,2010-01-02 22:09:23.168,1,"[{'lat': -13.881, 'long': 167.231, 'Time': Timestamp('2010-01-03 09:10:37'), 'mag': 5.1}, {'lat': -13.881, 'long': 167.231, 'Time': Timestamp('2010-01-03 09:10:37'), 'mag': 5.1}, {'lat': -12.883, 'long': 166.145, 'Time': Timestamp('2010-01-03 15:13:48'), 'mag': 5.2}, {'lat': -13.881, 'long': 167.231, 'Time': Timestamp('2010-01-03 09:10:37'), 'mag': 5.1}, {'lat': -12.883, 'long': 166.145, 'Time': Timestamp('2010-01-03 15:13:48'), 'mag': 5.2}]",5,2010-01-03 09:10:37,RDM_df_train_30D-22SW-tw24_w16.csv,11.02050888888889
1232,2009-09-05 17:25:53.802,1,"[{'lat': 8.61, 'long': -82.932, 'Time': Timestamp('2009-09-06 05:02:44'), 'mag': 5.1}, {'lat': 8.61, 'long': -82.932, 'Time': Timestamp('2009-09-06 05:02:44'), 'mag': 5.1}, {'lat': 8.61, 'long': -82.932, 'Time': Timestamp('2009-09-06 05:02:44'), 'mag': 5.1}]",3,2009-09-06 05:02:44,RDM_df_train_30D-22SW-tw24_w16.csv,11.613943888888889
363,2009-03-17 08:20:20.483,1,"[{'lat': 25.911, 'long': 67.238, 'Time': Timestamp('2009-03-17 23:14:47'), 'mag': 5.0}, {'lat': 25.911, 'long': 67.238, 'Time': Timestamp('2009-03-17 23:14:47'), 'mag': 5.0}, {'lat': 25.911, 'long': 67.238, 'Time': Timestamp('2009-03-17 23:14:47'), 'mag': 5.0}]",3,2009-03-17 23:14:47,RDM_df_train_30D-22SW-tw24_w16.csv,14.907365833333333
1831,2010-01-09 23:38:53.371,1,"[{'lat': -14.42, 'long': 167.667, 'Time': Timestamp('2010-01-10 18:24:59'), 'mag': 5.0}, {'lat': -14.42, 'long': 167.667, 'Time': Timestamp('2010-01-10 18:24:59'), 'mag': 5.0}, {'lat': -6.075, 'long': 147.5, 'Time': Timestamp('2010-01-10 13:27:31'), 'mag': 5.4}, {'lat': -6.075, 'long': 147.5, 'Time': Timestamp('2010-01-10 13:27:31'), 'mag': 5.4}, {'lat': -6.075, 'long': 147.5, 'Time': Timestamp('2010-01-10 13:27:31'), 'mag': 5.4}]",5,2010-01-10 18:24:59,RDM_df_train_30D-22SW-tw24_w16.csv,18.76823027777778
111,2009-02-16 22:51:53.458,1,"[{'lat': -30.724, 'long': -178.617, 'Time': Timestamp('2009-02-17 03:30:53'), 'mag': 6.0}, {'lat': -30.724, 'long': -178.617, 'Time': Timestamp('2009-02-17 03:30:53'), 'mag': 6.0}, {'lat': -30.724, 'long': -178.617, 'Time': Timestamp('2009-02-17 03:30:53'), 'mag': 6.0}, {'lat': -18.851, 'long': 168.854, 'Time': Timestamp('2009-02-17 19:21:30'), 'mag': 5.0}, {'lat': -18.851, 'long': 168.854, 'Time': Timestamp('2009-02-17 19:21:30'), 'mag': 5.0}, {'lat': -18.851, 'long': 168.854, 'Time': Timestamp('2009-02-17 19:21:30'), 'mag': 5.0}]",6,2009-02-17 03:30:53,RDM_df_train_30D-22SW-tw24_w16.csv,4.649872777777778
564,2009-05-13 21:58:21.515,1,"[{'lat': -20.196, 'long': 168.061, 'Time': Timestamp('2009-05-14 13:56:33'), 'mag': 5.0}, {'lat': -20.196, 'long': 168.061, 'Time': Timestamp('2009-05-14 13:56:33'), 'mag': 5.0}]",2,2009-05-14 13:56:33,RDM_df_train_30D-22SW-tw24_w16.csv,15.969856944444444
1472,2009-11-11 08:29:20.834,1,"[{'lat': 37.505, 'long': 20.358, 'Time': Timestamp('2009-11-11 09:51:06'), 'mag': 5.3}]",1,2009-11-11 09:51:06,RDM_df_train_30D-22SW-tw24_w16.csv,1.3625461111111112
717,2009-06-03 00:02:23.565,1,"[{'lat': -17.836, 'long': 167.618, 'Time': Timestamp('2009-06-03 14:30:59'), 'mag': 5.0}, {'lat': -17.836, 'long': 167.618, 'Time': Timestamp('2009-06-03 14:30:59'), 'mag': 5.0}, {'lat': -17.836, 'long': 167.618, 'Time': Timestamp('2009-06-03 14:30:59'), 'mag': 5.0}]",3,2009-06-03 14:30:59,RDM_df_train_30D-22SW-tw24_w16.csv,14.476509722222222
1369,2009-10-26 16:00:53.973,1,"[{'lat': -41.75, 'long': -87.75, 'Time': Timestamp('2009-10-27 14:59:04'), 'mag': 5.2}, {'lat': -41.75, 'long': -87.75, 'Time': Timestamp('2009-10-27 14:59:04'), 'mag': 5.2}, {'lat': -41.75, 'long': -87.75, 'Time': Timestamp('2009-10-27 14:59:04'), 'mag': 5.2}]",3,2009-10-27 14:59:04,RDM_df_train_30D-22SW-tw24_w16.csv,22.969451944444444
1501,2009-11-09 22:27:23.295,1,"[{'lat': 52.39, 'long': -168.604, 'Time': Timestamp('2009-11-10 00:29:42'), 'mag': 5.0}, {'lat': 52.39, 'long': -168.604, 'Time': Timestamp('2009-11-10 00:29:42'), 'mag': 5.0}, {'lat': 52.39, 'long': -168.604, 'Time': Timestamp('2009-11-10 00:29:42'), 'mag': 5.0}]",3,2009-11-10 00:29:42,RDM_df_train_30D-22SW-tw24_w16.csv,2.0385291666666667
1590,2009-12-07 06:58:26.931,1,"[{'lat': -10.113, 'long': 33.837, 'Time': Timestamp('2009-12-07 09:31:44'), 'mag': 5.0}, {'lat': -9.998, 'long': 33.844, 'Time': Timestamp('2009-12-07 18:16:32'), 'mag': 5.0}, {'lat': -9.948, 'long': 33.878, 'Time': Timestamp('2009-12-08 03:08:57'), 'mag': 5.9}, {'lat': -10.113, 'long': 33.837, 'Time': Timestamp('2009-12-07 09:31:44'), 'mag': 5.0}, {'lat': -9.998, 'long': 33.844, 'Time': Timestamp('2009-12-07 18:16:32'), 'mag': 5.0}, {'lat': -9.948, 'long': 33.878, 'Time': Timestamp('2009-12-08 03:08:57'), 'mag': 5.9}]",6,2009-12-07 09:31:44,RDM_df_train_30D-22SW-tw24_w16.csv,2.5547413888888886
1194,2009-08-24 22:01:52.107,1,"[{'lat': -11.603, 'long': 166.382, 'Time': Timestamp('2009-08-25 06:41:22'), 'mag': 5.0}, {'lat': -46.209, 'long': 166.138, 'Time': Timestamp('2009-08-25 04:57:24'), 'mag': 5.2}, {'lat': -46.209, 'long': 166.138, 'Time': Timestamp('2009-08-25 04:57:24'), 'mag': 5.2}, {'lat': -46.209, 'long': 166.138, 'Time': Timestamp('2009-08-25 04:57:24'), 'mag': 5.2}]",4,2009-08-25 06:41:22,RDM_df_train_30D-22SW-tw24_w16.csv,8.65830361111111
329,2009-03-22 10:13:50.979,1,"[{'lat': -12.738, 'long': -14.687, 'Time': Timestamp('2009-03-22 12:54:51'), 'mag': 5.0}]",1,2009-03-22 12:54:51,RDM_df_train_30D-22SW-tw24_w16.csv,2.683339166666667
1419,2009-10-14 15:37:23.837,1,"[{'lat': 1.111, 'long': -85.322, 'Time': Timestamp('2009-10-15 03:34:28'), 'mag': 5.5}, {'lat': -4.602, 'long': -80.21, 'Time': Timestamp('2009-10-15 01:43:00'), 'mag': 5.0}, {'lat': 1.111, 'long': -85.322, 'Time': Timestamp('2009-10-15 03:34:28'), 'mag': 5.5}, {'lat': -4.602, 'long': -80.21, 'Time': Timestamp('2009-10-15 01:43:00'), 'mag': 5.0}, {'lat': 1.111, 'long': -85.322, 'Time': Timestamp('2009-10-15 03:34:28'), 'mag': 5.5}, {'lat': -4.602, 'long': -80.21, 'Time': Timestamp('2009-10-15 01:43:00'), 'mag': 5.0}]",6,2009-10-15 03:34:28,RDM_df_train_30D-22SW-tw24_w16.csv,11.951156388888888
1520,2009-11-27 20:35:23.890,1,"[{'lat': -20.985, 'long': -173.809, 'Time': Timestamp('2009-11-27 23:48:18'), 'mag': 5.2}, {'lat': -29.216, 'long': -177.018, 'Time': Timestamp('2009-11-28 09:21:17'), 'mag': 6.0}]",2,2009-11-27 23:48:18,RDM_df_train_30D-22SW-tw24_w16.csv,3.215030555555556
1736,2009-12-28 00:53:53.253,1,"[{'lat': 47.735, 'long': 153.094, 'Time': Timestamp('2009-12-28 08:05:43'), 'mag': 5.1}, {'lat': 47.735, 'long': 153.094, 'Time': Timestamp('2009-12-28 08:05:43'), 'mag': 5.1}, {'lat': 47.735, 'long': 153.094, 'Time': Timestamp('2009-12-28 08:05:43'), 'mag': 5.1}, {'lat': 3.927, 'long': 126.756, 'Time': Timestamp('2009-12-28 10:18:05'), 'mag': 5.2}, {'lat': 3.927, 'long': 126.756, 'Time': Timestamp('2009-12-28 10:18:05'), 'mag': 5.2}, {'lat': -10.131, 'long': 124.637, 'Time': Timestamp('2009-12-28 15:00:23'), 'mag': 5.2}, {'lat': -10.131, 'long': 124.637, 'Time': Timestamp('2009-12-28 15:00:23'), 'mag': 5.2}]",7,2009-12-28 08:05:43,RDM_df_train_30D-22SW-tw24_w16.csv,7.197151944444444
1436,2009-11-04 13:51:23.146,1,"[{'lat': 36.155, 'long': -33.878, 'Time': Timestamp('2009-11-04 18:41:43'), 'mag': 5.9}, {'lat': 36.155, 'long': -33.878, 'Time': Timestamp('2009-11-04 18:41:43'), 'mag': 5.9}, {'lat': 36.155, 'long': -33.878, 'Time': Timestamp('2009-11-04 18:41:43'), 'mag': 5.9}]",3,2009-11-04 18:41:43,RDM_df_train_30D-22SW-tw24_w16.csv,4.838848333333333
401,2009-04-05 21:08:25.443,1,"[{'lat': -22.384, 'long': -174.938, 'Time': Timestamp('2009-04-06 12:16:08'), 'mag': 5.6}, {'lat': -22.384, 'long': -174.938, 'Time': Timestamp('2009-04-06 12:16:08'), 'mag': 5.6}, {'lat': -22.384, 'long': -174.938, 'Time': Timestamp('2009-04-06 12:16:08'), 'mag': 5.6}]",3,2009-04-06 12:16:08,RDM_df_train_30D-22SW-tw24_w16.csv,15.128488055555556
1831,2010-01-09 23:38:53.371,1,"[{'lat': -14.42, 'long': 167.667, 'Time': Timestamp('2010-01-10 18:24:59'), 'mag': 5.0}, {'lat': -14.42, 'long': 167.667, 'Time': Timestamp('2010-01-10 18:24:59'), 'mag': 5.0}, {'lat': -6.075, 'long': 147.5, 'Time': Timestamp('2010-01-10 13:27:31'), 'mag': 5.4}, {'lat': -6.075, 'long': 147.5, 'Time': Timestamp('2010-01-10 13:27:31'), 'mag': 5.4}, {'lat': -6.075, 'long': 147.5, 'Time': Timestamp('2010-01-10 13:27:31'), 'mag': 5.4}]",5,2010-01-10 18:24:59,RDM_df_train_30D-22SW-tw24_w16.csv,18.76823027777778
531,2009-04-29 23:50:53.798,1,"[{'lat': 58.9929, 'long': -151.3109, 'Time': Timestamp('2009-04-30 04:54:57'), 'mag': 5.0}]",1,2009-04-30 04:54:57,RDM_df_train_30D-22SW-tw24_w16.csv,5.067556111111111
943,2009-07-18 22:20:23.873,1,"[{'lat': -15.0, 'long': -173.0, 'Time': Timestamp('2009-07-19 07:16:48'), 'mag': 5.2}, {'lat': -15.041, 'long': -173.949, 'Time': Timestamp('2009-07-19 07:16:45'), 'mag': 5.2}, {'lat': -15.0, 'long': -173.0, 'Time': Timestamp('2009-07-19 07:16:48'), 'mag': 5.2}, {'lat': -45.384, 'long': 166.105, 'Time': Timestamp('2009-07-19 05:11:32'), 'mag': 5.4}, {'lat': -45.541, 'long': 166.285, 'Time': Timestamp('2009-07-19 08:48:45'), 'mag': 5.2}, {'lat': -45.384, 'long': 166.105, 'Time': Timestamp('2009-07-19 05:11:32'), 'mag': 5.4}, {'lat': -45.541, 'long': 166.285, 'Time': Timestamp('2009-07-19 08:48:45'), 'mag': 5.2}, {'lat': -45.384, 'long': 166.105, 'Time': Timestamp('2009-07-19 05:11:32'), 'mag': 5.4}, {'lat': -45.541, 'long': 166.285, 'Time': Timestamp('2009-07-19 08:48:45'), 'mag': 5.2}]",9,2009-07-19 07:16:48,RDM_df_train_30D-22SW-tw24_w16.csv,8.940035277777778
209,2009-03-03 12:48:53.118,1,"[{'lat': -29.018, 'long': -13.686, 'Time': Timestamp('2009-03-04 05:23:15'), 'mag': 5.0}, {'lat': -29.018, 'long': -13.686, 'Time': Timestamp('2009-03-04 05:23:15'), 'mag': 5.0}, {'lat': -29.018, 'long': -13.686, 'Time': Timestamp('2009-03-04 05:23:15'), 'mag': 5.0}]",3,2009-03-04 05:23:15,RDM_df_train_30D-22SW-tw24_w16.csv,16.572744999999998
597,2009-05-21 00:26:45.326,1,"[{'lat': -13.422, 'long': 167.007, 'Time': Timestamp('2009-05-21 21:43:24'), 'mag': 5.0}, {'lat': -13.422, 'long': 167.007, 'Time': Timestamp('2009-05-21 21:43:24'), 'mag': 5.0}, {'lat': -13.422, 'long': 167.007, 'Time': Timestamp('2009-05-21 21:43:24'), 'mag': 5.0}]",3,2009-05-21 21:43:24,RDM_df_train_30D-22SW-tw24_w16.csv,21.277409444444444
1425,2009-10-19 20:58:53.228,1,"[{'lat': -15.36, 'long': -172.264, 'Time': Timestamp('2009-10-19 22:49:38'), 'mag': 6.0}, {'lat': -15.36, 'long': -172.264, 'Time': Timestamp('2009-10-19 22:49:38'), 'mag': 6.0}, {'lat': -15.36, 'long': -172.264, 'Time': Timestamp('2009-10-19 22:49:38'), 'mag': 6.0}]",3,2009-10-19 22:49:38,RDM_df_train_30D-22SW-tw24_w16.csv,1.84577
236,2009-02-28 22:56:54.039,1,"[{'lat': -21.762, 'long': -176.58, 'Time': Timestamp('2009-03-01 15:42:13'), 'mag': 5.5}, {'lat': -27.364, 'long': -176.346, 'Time': Timestamp('2009-03-01 08:17:39'), 'mag': 5.3}, {'lat': -21.762, 'long': -176.58, 'Time': Timestamp('2009-03-01 15:42:13'), 'mag': 5.5}, {'lat': -27.364, 'long': -176.346, 'Time': Timestamp('2009-03-01 08:17:39'), 'mag': 5.3}, {'lat': -21.762, 'long': -176.58, 'Time': Timestamp('2009-03-01 15:42:13'), 'mag': 5.5}, {'lat': -35.044, 'long': -178.928, 'Time': Timestamp('2009-03-01 19:11:54'), 'mag': 5.2}, {'lat': -27.364, 'long': -176.346, 'Time': Timestamp('2009-03-01 08:17:39'), 'mag': 5.3}, {'lat': -35.044, 'long': -178.928, 'Time': Timestamp('2009-03-01 19:11:54'), 'mag': 5.2}, {'lat': -35.044, 'long': -178.928, 'Time': Timestamp('2009-03-01 19:11:54'), 'mag': 5.2}]",9,2009-03-01 15:42:13,RDM_df_train_30D-22SW-tw24_w16.csv,16.755266944444447
1339,2009-10-15 16:46:22.425,1,"[{'lat': 3.272, 'long': -103.823, 'Time': Timestamp('2009-10-15 17:48:21'), 'mag': 6.0}, {'lat': 3.272, 'long': -103.823, 'Time': Timestamp('2009-10-15 17:48:21'), 'mag': 6.0}, {'lat': 3.272, 'long': -103.823, 'Time': Timestamp('2009-10-15 17:48:21'), 'mag': 6.0}]",3,2009-10-15 17:48:21,RDM_df_train_30D-22SW-tw24_w16.csv,1.0329374999999998
870,2009-07-07 07:39:22.715,1,"[{'lat': -26.74, 'long': 67.478, 'Time': Timestamp('2009-07-07 16:31:41'), 'mag': 5.7}]",1,2009-07-07 16:31:41,RDM_df_train_30D-22SW-tw24_w16.csv,8.871745833333334
1430,2009-10-16 13:20:53.746,1,"[{'lat': -18.605, 'long': -63.416, 'Time': Timestamp('2009-10-16 23:31:04'), 'mag': 5.0}, {'lat': -18.605, 'long': -63.416, 'Time': Timestamp('2009-10-16 23:31:04'), 'mag': 5.0}]",2,2009-10-16 23:31:04,RDM_df_train_30D-22SW-tw24_w16.csv,10.169515
42,2009-01-20 08:09:20.509,1,"[{'lat': 35.869, 'long': 69.932, 'Time': Timestamp('2009-01-20 09:26:12'), 'mag': 5.2}, {'lat': 35.869, 'long': 69.932, 'Time': Timestamp('2009-01-20 09:26:12'), 'mag': 5.2}, {'lat': 35.869, 'long': 69.932, 'Time': Timestamp('2009-01-20 09:26:12'), 'mag': 5.2}]",3,2009-01-20 09:26:12,RDM_df_train_30D-22SW-tw24_w16.csv,1.2809697222222223
1501,2009-11-09 22:27:23.295,1,"[{'lat': 52.39, 'long': -168.604, 'Time': Timestamp('2009-11-10 00:29:42'), 'mag': 5.0}, {'lat': 52.39, 'long': -168.604, 'Time': Timestamp('2009-11-10 00:29:42'), 'mag': 5.0}, {'lat': 52.39, 'long': -168.604, 'Time': Timestamp('2009-11-10 00:29:42'), 'mag': 5.0}]",3,2009-11-10 00:29:42,RDM_df_train_30D-22SW-tw24_w16.csv,2.0385291666666667
1846,2010-01-24 15:25:18.787,1,"[{'lat': 16.029, 'long': -60.925, 'Time': Timestamp('2010-01-24 22:43:23'), 'mag': 5.0}, {'lat': 16.029, 'long': -60.925, 'Time': Timestamp('2010-01-24 22:43:23'), 'mag': 5.0}, {'lat': 16.029, 'long': -60.925, 'Time': Timestamp('2010-01-24 22:43:23'), 'mag': 5.0}]",3,2010-01-24 22:43:23,RDM_df_train_30D-22SW-tw24_w16.csv,7.301170277777778
1404,2009-10-30 22:13:53.678,1,"[{'lat': -12.264, 'long': 166.523, 'Time': Timestamp('2009-10-31 13:03:21'), 'mag': 5.2}, {'lat': -11.376, 'long': 166.376, 'Time': Timestamp('2009-10-31 19:09:51'), 'mag': 5.9}, {'lat': -12.264, 'long': 166.523, 'Time': Timestamp('2009-10-31 13:03:21'), 'mag': 5.2}, {'lat': -11.376, 'long': 166.376, 'Time': Timestamp('2009-10-31 19:09:51'), 'mag': 5.9}, {'lat': -12.264, 'long': 166.523, 'Time': Timestamp('2009-10-31 13:03:21'), 'mag': 5.2}, {'lat': -11.376, 'long': 166.376, 'Time': Timestamp('2009-10-31 19:09:51'), 'mag': 5.9}]",6,2009-10-31 13:03:21,RDM_df_train_30D-22SW-tw24_w16.csv,14.824256111111112
501,2009-04-09 00:44:23.472,1,"[{'lat': -22.146, 'long': 170.644, 'Time': Timestamp('2009-04-09 04:13:09'), 'mag': 5.3}, {'lat': -22.146, 'long': 170.644, 'Time': Timestamp('2009-04-09 04:13:09'), 'mag': 5.3}]",2,2009-04-09 04:13:09,RDM_df_train_30D-22SW-tw24_w16.csv,3.4793133333333333
582,2009-05-11 13:42:48.467,1,"[{'lat': -22.318, 'long': -66.809, 'Time': Timestamp('2009-05-12 01:03:58'), 'mag': 5.2}, {'lat': -22.318, 'long': -66.809, 'Time': Timestamp('2009-05-12 01:03:58'), 'mag': 5.2}, {'lat': -20.057, 'long': -68.909, 'Time': Timestamp('2009-05-12 05:07:06'), 'mag': 5.1}]",3,2009-05-12 01:03:58,RDM_df_train_30D-22SW-tw24_w16.csv,11.352648055555557
800,2009-06-06 01:00:50.630,1,"[{'lat': -14.755, 'long': 168.032, 'Time': Timestamp('2009-06-06 11:17:28'), 'mag': 5.0}, {'lat': -14.755, 'long': 168.032, 'Time': Timestamp('2009-06-06 11:17:28'), 'mag': 5.0}, {'lat': 54.661, 'long': 161.448, 'Time': Timestamp('2009-06-06 04:15:26'), 'mag': 5.2}, {'lat': 54.661, 'long': 161.448, 'Time': Timestamp('2009-06-06 04:15:26'), 'mag': 5.2}, {'lat': 44.552, 'long': 148.95, 'Time': Timestamp('2009-06-06 10:37:54'), 'mag': 5.0}, {'lat': 44.552, 'long': 148.95, 'Time': Timestamp('2009-06-06 10:37:54'), 'mag': 5.0}, {'lat': 35.483, 'long': 140.914, 'Time': Timestamp('2009-06-06 05:52:43'), 'mag': 5.8}, {'lat': 44.552, 'long': 148.95, 'Time': Timestamp('2009-06-06 10:37:54'), 'mag': 5.0}, {'lat': 35.483, 'long': 140.914, 'Time': Timestamp('2009-06-06 05:52:43'), 'mag': 5.8}, {'lat': 35.483, 'long': 140.914, 'Time': Timestamp('2009-06-06 05:52:43'), 'mag': 5.8}]",10,2009-06-06 11:17:28,RDM_df_train_30D-22SW-tw24_w16.csv,10.277047222222222
1619,2009-12-07 19:19:53.086,1,"[{'lat': 19.261, 'long': -104.901, 'Time': Timestamp('2009-12-08 18:24:07'), 'mag': 5.0}, {'lat': 19.261, 'long': -104.901, 'Time': Timestamp('2009-12-08 18:24:07'), 'mag': 5.0}, {'lat': 19.261, 'long': -104.901, 'Time': Timestamp('2009-12-08 18:24:07'), 'mag': 5.0}]",3,2009-12-08 18:24:07,RDM_df_train_30D-22SW-tw24_w16.csv,23.070531666666668
579,2009-05-05 02:12:21.928,1,"[{'lat': -4.787, 'long': 151.772, 'Time': Timestamp('2009-05-05 22:26:07'), 'mag': 5.4}, {'lat': -4.787, 'long': 151.772, 'Time': Timestamp('2009-05-05 22:26:07'), 'mag': 5.4}]",2,2009-05-05 22:26:07,RDM_df_train_30D-22SW-tw24_w16.csv,20.229186666666667
1012,2009-07-28 18:35:44.980,1,"[{'lat': -35.665, 'long': -103.331, 'Time': Timestamp('2009-07-29 06:48:11'), 'mag': 5.3}, {'lat': -35.665, 'long': -103.331, 'Time': Timestamp('2009-07-29 06:48:11'), 'mag': 5.3}, {'lat': -35.665, 'long': -103.331, 'Time': Timestamp('2009-07-29 06:48:11'), 'mag': 5.3}]",3,2009-07-29 06:48:11,RDM_df_train_30D-22SW-tw24_w16.csv,12.207227777777776
1228,2009-09-03 23:23:53.529,1,"[{'lat': -4.78, 'long': 153.237, 'Time': Timestamp('2009-09-04 09:59:40'), 'mag': 5.0}, {'lat': -4.78, 'long': 153.237, 'Time': Timestamp('2009-09-04 09:59:40'), 'mag': 5.0}]",2,2009-09-04 09:59:40,RDM_df_train_30D-22SW-tw24_w16.csv,10.596241944444444
1119,2009-09-02 01:17:20.306,1,"[{'lat': 43.804, 'long': 147.796, 'Time': Timestamp('2009-09-02 12:24:39'), 'mag': 5.0}, {'lat': 43.804, 'long': 147.796, 'Time': Timestamp('2009-09-02 12:24:39'), 'mag': 5.0}, {'lat': 43.804, 'long': 147.796, 'Time': Timestamp('2009-09-02 12:24:39'), 'mag': 5.0}]",3,2009-09-02 12:24:39,RDM_df_train_30D-22SW-tw24_w16.csv,11.121859444444445
1543,2009-11-26 00:11:22.282,1,"[{'lat': -3.008, 'long': 136.156, 'Time': Timestamp('2009-11-26 11:33:04'), 'mag': 5.0}]",1,2009-11-26 11:33:04,RDM_df_train_30D-22SW-tw24_w16.csv,11.361588333333334
659,2009-05-11 07:36:53.353,1,"[{'lat': -17.246, 'long': 66.642, 'Time': Timestamp('2009-05-11 21:37:05'), 'mag': 5.0}, {'lat': -17.246, 'long': 66.642, 'Time': Timestamp('2009-05-11 21:37:05'), 'mag': 5.0}, {'lat': -17.246, 'long': 66.642, 'Time': Timestamp('2009-05-11 21:37:05'), 'mag': 5.0}]",3,2009-05-11 21:37:05,RDM_df_train_30D-22SW-tw24_w16.csv,14.003235277777778
788,2009-06-07 22:24:24.057,1,"[{'lat': 58.7695, 'long': -136.6582, 'Time': Timestamp('2009-06-07 23:24:35'), 'mag': 5.0}, {'lat': 58.7695, 'long': -136.6582, 'Time': Timestamp('2009-06-07 23:24:35'), 'mag': 5.0}, {'lat': -22.912, 'long': -174.96, 'Time': Timestamp('2009-06-08 03:31:49'), 'mag': 5.0}, {'lat': -22.912, 'long': -174.96, 'Time': Timestamp('2009-06-08 03:31:49'), 'mag': 5.0}]",4,2009-06-07 23:24:35,RDM_df_train_30D-22SW-tw24_w16.csv,1.0030397222222223
936,2009-07-26 21:50:51.663,1,"[{'lat': -17.755, 'long': 168.089, 'Time': Timestamp('2009-07-26 23:01:31'), 'mag': 5.8}, {'lat': -22.554, 'long': 170.808, 'Time': Timestamp('2009-07-27 13:04:25'), 'mag': 5.0}]",2,2009-07-26 23:01:31,RDM_df_train_30D-22SW-tw24_w16.csv,1.1775936111111112
1622,2009-11-26 11:38:53.353,1,"[{'lat': 36.091, 'long': 21.4, 'Time': Timestamp('2009-11-26 15:09:16'), 'mag': 5.0}]",1,2009-11-26 15:09:16,RDM_df_train_30D-22SW-tw24_w16.csv,3.5062908333333334
305,2009-03-21 04:57:32.153,1,"[{'lat': -14.505, 'long': 66.103, 'Time': Timestamp('2009-03-21 23:22:39'), 'mag': 5.0}, {'lat': -14.505, 'long': 66.103, 'Time': Timestamp('2009-03-21 23:22:39'), 'mag': 5.0}, {'lat': -14.505, 'long': 66.103, 'Time': Timestamp('2009-03-21 23:22:39'), 'mag': 5.0}]",3,2009-03-21 23:22:39,RDM_df_train_30D-22SW-tw24_w16.csv,18.41856861111111
327,2009-03-24 22:47:53.694,1,"[{'lat': -17.093, 'long': -172.071, 'Time': Timestamp('2009-03-25 06:31:35'), 'mag': 5.2}, {'lat': -23.665, 'long': -175.776, 'Time': Timestamp('2009-03-25 21:46:00'), 'mag': 5.5}, {'lat': -17.093, 'long': -172.071, 'Time': Timestamp('2009-03-25 06:31:35'), 'mag': 5.2}, {'lat': -23.665, 'long': -175.776, 'Time': Timestamp('2009-03-25 21:46:00'), 'mag': 5.5}, {'lat': -23.665, 'long': -175.776, 'Time': Timestamp('2009-03-25 21:46:00'), 'mag': 5.5}, {'lat': -62.007, 'long': 155.608, 'Time': Timestamp('2009-03-25 20:25:12'), 'mag': 5.2}]",6,2009-03-25 06:31:35,RDM_df_train_30D-22SW-tw24_w16.csv,7.728140555555556
668,2009-05-20 22:48:53.805,1,"[{'lat': -15.293, 'long': -173.24, 'Time': Timestamp('2009-05-21 00:29:41'), 'mag': 5.1}, {'lat': -15.293, 'long': -173.24, 'Time': Timestamp('2009-05-21 00:29:41'), 'mag': 5.1}, {'lat': -15.293, 'long': -173.24, 'Time': Timestamp('2009-05-21 00:29:41'), 'mag': 5.1}, {'lat': -13.422, 'long': 167.007, 'Time': Timestamp('2009-05-21 21:43:24'), 'mag': 5.0}, {'lat': -13.422, 'long': 167.007, 'Time': Timestamp('2009-05-21 21:43:24'), 'mag': 5.0}, {'lat': -13.422, 'long': 167.007, 'Time': Timestamp('2009-05-21 21:43:24'), 'mag': 5.0}]",6,2009-05-21 00:29:41,RDM_df_train_30D-22SW-tw24_w16.csv,1.6797763888888888
154,2009-02-15 14:21:25.104,1,"[{'lat': -29.134, 'long': -69.807, 'Time': Timestamp('2009-02-16 02:22:50'), 'mag': 5.4}, {'lat': -29.134, 'long': -69.807, 'Time': Timestamp('2009-02-16 02:22:50'), 'mag': 5.4}, {'lat': -29.134, 'long': -69.807, 'Time': Timestamp('2009-02-16 02:22:50'), 'mag': 5.4}]",3,2009-02-16 02:22:50,RDM_df_train_30D-22SW-tw24_w16.csv,12.023582222222222
1113,2009-08-13 05:42:25.990,1,"[{'lat': 14.052, 'long': 92.821, 'Time': Timestamp('2009-08-13 09:21:35'), 'mag': 5.9}, {'lat': 14.052, 'long': 92.821, 'Time': Timestamp('2009-08-13 09:21:35'), 'mag': 5.9}, {'lat': 14.052, 'long': 92.821, 'Time': Timestamp('2009-08-13 09:21:35'), 'mag': 5.9}]",3,2009-08-13 09:21:35,RDM_df_train_30D-22SW-tw24_w16.csv,3.652502777777778
869,2009-07-14 23:28:53.949,1,"[{'lat': -40.177, 'long': 173.602, 'Time': Timestamp('2009-07-15 09:38:22'), 'mag': 5.4}, {'lat': -45.762, 'long': 166.562, 'Time': Timestamp('2009-07-15 09:22:29'), 'mag': 7.8}, {'lat': -40.177, 'long': 173.602, 'Time': Timestamp('2009-07-15 09:38:22'), 'mag': 5.4}, {'lat': -46.036, 'long': 165.937, 'Time': Timestamp('2009-07-15 09:41:53'), 'mag': 5.7}, {'lat': -46.196, 'long': 165.791, 'Time': Timestamp('2009-07-15 09:52:16'), 'mag': 5.0}, {'lat': -45.763, 'long': 166.46, 'Time': Timestamp('2009-07-15 10:01:49'), 'mag': 5.3}, {'lat': -46.138, 'long': 166.145, 'Time': Timestamp('2009-07-15 10:36:40'), 'mag': 5.0}, {'lat': -45.438, 'long': 166.518, 'Time': Timestamp('2009-07-15 11:44:13'), 'mag': 5.2}, {'lat': -45.405, 'long': 166.498, 'Time': Timestamp('2009-07-15 13:50:38'), 'mag': 5.4}, {'lat': -46.533, 'long': 165.955, 'Time': Timestamp('2009-07-15 21:36:00'), 'mag': 5.4}, {'lat': -45.762, 'long': 166.562, 'Time': Timestamp('2009-07-15 09:22:29'), 'mag': 7.8}, {'lat': -40.177, 'long': 173.602, 'Time': Timestamp('2009-07-15 09:38:22'), 'mag': 5.4}, {'lat': -46.036, 'long': 165.937, 'Time': Timestamp('2009-07-15 09:41:53'), 'mag': 5.7}, {'lat': -46.196, 'long': 165.791, 'Time': Timestamp('2009-07-15 09:52:16'), 'mag': 5.0}, {'lat': -45.763, 'long': 166.46, 'Time': Timestamp('2009-07-15 10:01:49'), 'mag': 5.3}, {'lat': -46.138, 'long': 166.145, 'Time': Timestamp('2009-07-15 10:36:40'), 'mag': 5.0}, {'lat': -45.438, 'long': 166.518, 'Time': Timestamp('2009-07-15 11:44:13'), 'mag': 5.2}, {'lat': -45.405, 'long': 166.498, 'Time': Timestamp('2009-07-15 13:50:38'), 'mag': 5.4}, {'lat': -46.533, 'long': 165.955, 'Time': Timestamp('2009-07-15 21:36:00'), 'mag': 5.4}, {'lat': -45.762, 'long': 166.562, 'Time': Timestamp('2009-07-15 09:22:29'), 'mag': 7.8}, {'lat': -46.036, 'long': 165.937, 'Time': Timestamp('2009-07-15 09:41:53'), 'mag': 5.7}, {'lat': -46.196, 'long': 165.791, 'Time': Timestamp('2009-07-15 09:52:16'), 'mag': 5.0}, {'lat': -45.763, 'long': 166.46, 'Time': Timestamp('2009-07-15 10:01:49'), 'mag': 5.3}, {'lat': -46.138, 'long': 166.145, 'Time': Timestamp('2009-07-15 10:36:40'), 'mag': 5.0}, {'lat': -45.438, 'long': 166.518, 'Time': Timestamp('2009-07-15 11:44:13'), 'mag': 5.2}, {'lat': -45.405, 'long': 166.498, 'Time': Timestamp('2009-07-15 13:50:38'), 'mag': 5.4}, {'lat': -46.533, 'long': 165.955, 'Time': Timestamp('2009-07-15 21:36:00'), 'mag': 5.4}, {'lat': -3.335, 'long': 150.357, 'Time': Timestamp('2009-07-15 12:55:41'), 'mag': 5.4}, {'lat': -3.375, 'long': 150.506, 'Time': Timestamp('2009-07-15 20:10:42'), 'mag': 6.1}, {'lat': -3.335, 'long': 150.357, 'Time': Timestamp('2009-07-15 12:55:41'), 'mag': 5.4}, {'lat': -3.375, 'long': 150.506, 'Time': Timestamp('2009-07-15 20:10:42'), 'mag': 6.1}, {'lat': -3.335, 'long': 150.357, 'Time': Timestamp('2009-07-15 12:55:41'), 'mag': 5.4}, {'lat': -3.375, 'long': 150.506, 'Time': Timestamp('2009-07-15 20:10:42'), 'mag': 6.1}]",33,2009-07-15 09:38:22,RDM_df_train_30D-22SW-tw24_w16.csv,10.157791944444444
1490,2009-11-04 08:23:25.218,1,"[{'lat': 12.137, 'long': 45.812, 'Time': Timestamp('2009-11-05 06:23:04'), 'mag': 5.1}, {'lat': 12.108, 'long': 45.907, 'Time': Timestamp('2009-11-05 07:12:32'), 'mag': 5.6}, {'lat': 12.075, 'long': 45.924, 'Time': Timestamp('2009-11-05 07:57:30'), 'mag': 5.4}, {'lat': 12.101, 'long': 45.903, 'Time': Timestamp('2009-11-05 08:05:49'), 'mag': 5.2}, {'lat': 12.137, 'long': 45.812, 'Time': Timestamp('2009-11-05 06:23:04'), 'mag': 5.1}, {'lat': 12.108, 'long': 45.907, 'Time': Timestamp('2009-11-05 07:12:32'), 'mag': 5.6}, {'lat': 12.075, 'long': 45.924, 'Time': Timestamp('2009-11-05 07:57:30'), 'mag': 5.4}, {'lat': 12.101, 'long': 45.903, 'Time': Timestamp('2009-11-05 08:05:49'), 'mag': 5.2}, {'lat': 12.137, 'long': 45.812, 'Time': Timestamp('2009-11-05 06:23:04'), 'mag': 5.1}, {'lat': 12.108, 'long': 45.907, 'Time': Timestamp('2009-11-05 07:12:32'), 'mag': 5.6}, {'lat': 12.075, 'long': 45.924, 'Time': Timestamp('2009-11-05 07:57:30'), 'mag': 5.4}, {'lat': 12.101, 'long': 45.903, 'Time': Timestamp('2009-11-05 08:05:49'), 'mag': 5.2}]",12,2009-11-05 06:23:04,RDM_df_train_30D-22SW-tw24_w16.csv,21.994106111111112
493,2009-04-17 16:08:53.744,1,"[{'lat': -23.286, 'long': -68.296, 'Time': Timestamp('2009-04-18 15:29:19'), 'mag': 5.1}, {'lat': -23.286, 'long': -68.296, 'Time': Timestamp('2009-04-18 15:29:19'), 'mag': 5.1}, {'lat': -23.286, 'long': -68.296, 'Time': Timestamp('2009-04-18 15:29:19'), 'mag': 5.1}, {'lat': 13.238, 'long': -92.633, 'Time': Timestamp('2009-04-18 07:06:29'), 'mag': 5.0}, {'lat': 13.238, 'long': -92.633, 'Time': Timestamp('2009-04-18 07:06:29'), 'mag': 5.0}, {'lat': 13.238, 'long': -92.633, 'Time': Timestamp('2009-04-18 07:06:29'), 'mag': 5.0}]",6,2009-04-18 15:29:19,RDM_df_train_30D-22SW-tw24_w16.csv,23.340348888888887
1539,2009-11-13 07:52:16.691,1,"[{'lat': -6.852, 'long': 29.841, 'Time': Timestamp('2009-11-14 04:47:02'), 'mag': 5.4}, {'lat': -6.779, 'long': 29.823, 'Time': Timestamp('2009-11-14 04:50:17'), 'mag': 5.3}, {'lat': -6.852, 'long': 29.841, 'Time': Timestamp('2009-11-14 04:47:02'), 'mag': 5.4}, {'lat': -6.779, 'long': 29.823, 'Time': Timestamp('2009-11-14 04:50:17'), 'mag': 5.3}, {'lat': -6.852, 'long': 29.841, 'Time': Timestamp('2009-11-14 04:47:02'), 'mag': 5.4}]",5,2009-11-14 04:47:02,RDM_df_train_30D-22SW-tw24_w16.csv,20.91258583333333
582,2009-05-11 13:42:48.467,1,"[{'lat': -22.318, 'long': -66.809, 'Time': Timestamp('2009-05-12 01:03:58'), 'mag': 5.2}, {'lat': -22.318, 'long': -66.809, 'Time': Timestamp('2009-05-12 01:03:58'), 'mag': 5.2}, {'lat': -20.057, 'long': -68.909, 'Time': Timestamp('2009-05-12 05:07:06'), 'mag': 5.1}]",3,2009-05-12 01:03:58,RDM_df_train_30D-22SW-tw24_w16.csv,11.352648055555557
1770,2010-01-07 00:38:52.659,1,"[{'lat': -21.392, 'long': 171.341, 'Time': Timestamp('2010-01-07 02:24:25'), 'mag': 5.1}, {'lat': -53.516, 'long': 159.28, 'Time': Timestamp('2010-01-07 08:29:06'), 'mag': 5.6}, {'lat': -53.516, 'long': 159.28, 'Time': Timestamp('2010-01-07 08:29:06'), 'mag': 5.6}]",3,2010-01-07 02:24:25,RDM_df_train_30D-22SW-tw24_w16.csv,1.7589836111111112
752,2009-06-09 11:14:23.311,1,"[{'lat': -56.267, 'long': -26.716, 'Time': Timestamp('2009-06-09 15:15:36'), 'mag': 5.0}, {'lat': -56.267, 'long': -26.716, 'Time': Timestamp('2009-06-09 15:15:36'), 'mag': 5.0}]",2,2009-06-09 15:15:36,RDM_df_train_30D-22SW-tw24_w16.csv,4.020191388888889
1165,2009-09-03 05:18:56.949,1,"[{'lat': 24.332, 'long': 94.669, 'Time': Timestamp('2009-09-03 19:51:06'), 'mag': 5.9}, {'lat': 24.332, 'long': 94.669, 'Time': Timestamp('2009-09-03 19:51:06'), 'mag': 5.9}, {'lat': 24.332, 'long': 94.669, 'Time': Timestamp('2009-09-03 19:51:06'), 'mag': 5.9}, {'lat': -6.286, 'long': 104.794, 'Time': Timestamp('2009-09-04 00:52:08'), 'mag': 5.1}, {'lat': -6.286, 'long': 104.794, 'Time': Timestamp('2009-09-04 00:52:08'), 'mag': 5.1}]",5,2009-09-03 19:51:06,RDM_df_train_30D-22SW-tw24_w16.csv,14.5358475
1092,2009-08-13 05:19:55.943,1,"[{'lat': 14.052, 'long': 92.821, 'Time': Timestamp('2009-08-13 09:21:35'), 'mag': 5.9}, {'lat': 14.052, 'long': 92.821, 'Time': Timestamp('2009-08-13 09:21:35'), 'mag': 5.9}, {'lat': 14.052, 'long': 92.821, 'Time': Timestamp('2009-08-13 09:21:35'), 'mag': 5.9}]",3,2009-08-13 09:21:35,RDM_df_train_30D-22SW-tw24_w16.csv,4.027515833333333
1274,2009-09-11 00:37:53.323,1,"[{'lat': 48.294, 'long': 154.23, 'Time': Timestamp('2009-09-11 08:49:11'), 'mag': 5.6}, {'lat': 48.294, 'long': 154.23, 'Time': Timestamp('2009-09-11 08:49:11'), 'mag': 5.6}, {'lat': 48.294, 'long': 154.23, 'Time': Timestamp('2009-09-11 08:49:11'), 'mag': 5.6}, {'lat': 23.667, 'long': 142.249, 'Time': Timestamp('2009-09-11 20:57:30'), 'mag': 5.2}, {'lat': 23.667, 'long': 142.249, 'Time': Timestamp('2009-09-11 20:57:30'), 'mag': 5.2}, {'lat': 23.667, 'long': 142.249, 'Time': Timestamp('2009-09-11 20:57:30'), 'mag': 5.2}]",6,2009-09-11 08:49:11,RDM_df_train_30D-22SW-tw24_w16.csv,8.188243611111112
682,2009-05-11 11:15:53.998,1,"[{'lat': -30.054, 'long': -13.899, 'Time': Timestamp('2009-05-11 14:32:30'), 'mag': 5.2}, {'lat': -30.054, 'long': -13.899, 'Time': Timestamp('2009-05-11 14:32:30'), 'mag': 5.2}, {'lat': -30.054, 'long': -13.899, 'Time': Timestamp('2009-05-11 14:32:30'), 'mag': 5.2}]",3,2009-05-11 14:32:30,RDM_df_train_30D-22SW-tw24_w16.csv,3.276667222222222
913,2009-07-18 08:24:20.557,1,"[{'lat': -41.657, 'long': 42.25, 'Time': Timestamp('2009-07-19 03:28:21'), 'mag': 5.1}, {'lat': -41.657, 'long': 42.25, 'Time': Timestamp('2009-07-19 03:28:21'), 'mag': 5.1}, {'lat': -41.657, 'long': 42.25, 'Time': Timestamp('2009-07-19 03:28:21'), 'mag': 5.1}, {'lat': 35.888, 'long': 43.353, 'Time': Timestamp('2009-07-18 20:32:29'), 'mag': 5.1}, {'lat': 35.888, 'long': 43.353, 'Time': Timestamp('2009-07-18 20:32:29'), 'mag': 5.1}]",5,2009-07-19 03:28:21,RDM_df_train_30D-22SW-tw24_w16.csv,19.06678972222222
222,2009-03-14 17:06:23.158,1,"[{'lat': -14.452, 'long': -70.365, 'Time': Timestamp('2009-03-15 08:19:05'), 'mag': 5.7}, {'lat': -40.386, 'long': -91.95, 'Time': Timestamp('2009-03-15 00:53:12'), 'mag': 5.1}, {'lat': -40.367, 'long': -91.622, 'Time': Timestamp('2009-03-15 00:56:32'), 'mag': 5.2}, {'lat': -40.386, 'long': -91.95, 'Time': Timestamp('2009-03-15 00:53:12'), 'mag': 5.1}, {'lat': -40.367, 'long': -91.622, 'Time': Timestamp('2009-03-15 00:56:32'), 'mag': 5.2}, {'lat': -40.386, 'long': -91.95, 'Time': Timestamp('2009-03-15 00:53:12'), 'mag': 5.1}, {'lat': -40.367, 'long': -91.622, 'Time': Timestamp('2009-03-15 00:56:32'), 'mag': 5.2}, {'lat': 2.401, 'long': -95.388, 'Time': Timestamp('2009-03-14 22:54:16'), 'mag': 5.0}, {'lat': 2.429, 'long': -95.124, 'Time': Timestamp('2009-03-15 03:14:31'), 'mag': 5.8}, {'lat': 2.401, 'long': -95.388, 'Time': Timestamp('2009-03-14 22:54:16'), 'mag': 5.0}, {'lat': 2.429, 'long': -95.124, 'Time': Timestamp('2009-03-15 03:14:31'), 'mag': 5.8}, {'lat': 2.401, 'long': -95.388, 'Time': Timestamp('2009-03-14 22:54:16'), 'mag': 5.0}, {'lat': 2.429, 'long': -95.124, 'Time': Timestamp('2009-03-15 03:14:31'), 'mag': 5.8}]",13,2009-03-15 08:19:05,RDM_df_train_30D-22SW-tw24_w16.csv,15.211622777777777
654,2009-05-24 10:22:20.913,1,"[{'lat': 41.303, 'long': 22.714, 'Time': Timestamp('2009-05-24 16:17:50'), 'mag': 5.3}, {'lat': 41.303, 'long': 22.714, 'Time': Timestamp('2009-05-24 16:17:50'), 'mag': 5.3}, {'lat': 41.303, 'long': 22.714, 'Time': Timestamp('2009-05-24 16:17:50'), 'mag': 5.3}]",3,2009-05-24 16:17:50,RDM_df_train_30D-22SW-tw24_w16.csv,5.924746388888889
1282,2009-09-19 17:32:23.208,1,"[{'lat': 32.3706667, 'long': -115.2611667, 'Time': Timestamp('2009-09-19 22:55:17'), 'mag': 5.08}]",1,2009-09-19 22:55:17,RDM_df_train_30D-22SW-tw24_w16.csv,5.3816088888888896
1564,2009-11-27 01:40:47.306,1,"[{'lat': 52.127, 'long': 157.494, 'Time': Timestamp('2009-11-27 21:06:04'), 'mag': 5.0}, {'lat': 52.127, 'long': 157.494, 'Time': Timestamp('2009-11-27 21:06:04'), 'mag': 5.0}, {'lat': 52.127, 'long': 157.494, 'Time': Timestamp('2009-11-27 21:06:04'), 'mag': 5.0}, {'lat': 43.907, 'long': 147.235, 'Time': Timestamp('2009-11-27 04:36:47'), 'mag': 5.0}, {'lat': -10.435, 'long': 118.848, 'Time': Timestamp('2009-11-28 00:04:36'), 'mag': 5.1}, {'lat': -10.435, 'long': 118.848, 'Time': Timestamp('2009-11-28 00:04:36'), 'mag': 5.1}, {'lat': -10.435, 'long': 118.848, 'Time': Timestamp('2009-11-28 00:04:36'), 'mag': 5.1}]",7,2009-11-27 21:06:04,RDM_df_train_30D-22SW-tw24_w16.csv,19.42130388888889
1843,2009-12-29 23:01:23.418,1,"[{'lat': 52.062, 'long': -171.421, 'Time': Timestamp('2009-12-29 23:12:18'), 'mag': 5.1}]",1,2009-12-29 23:12:18,RDM_df_train_30D-22SW-tw24_w16.csv,0.18182833333333334
1366,2009-10-22 06:08:54.660,1,"[{'lat': 36.517, 'long': 70.95, 'Time': Timestamp('2009-10-22 19:51:27'), 'mag': 6.2}, {'lat': 36.517, 'long': 70.95, 'Time': Timestamp('2009-10-22 19:51:27'), 'mag': 6.2}, {'lat': 36.517, 'long': 70.95, 'Time': Timestamp('2009-10-22 19:51:27'), 'mag': 6.2}]",3,2009-10-22 19:51:27,RDM_df_train_30D-22SW-tw24_w16.csv,13.708983333333332
1552,2009-11-09 08:50:51.043,1,"[{'lat': -41.071, 'long': 44.416, 'Time': Timestamp('2009-11-10 00:45:53'), 'mag': 5.1}]",1,2009-11-10 00:45:53,RDM_df_train_30D-22SW-tw24_w16.csv,15.917210277777778
825,2009-06-19 07:56:23.414,1,"[{'lat': 35.358, 'long': 28.453, 'Time': Timestamp('2009-06-19 14:04:59'), 'mag': 5.8}]",1,2009-06-19 14:04:59,RDM_df_train_30D-22SW-tw24_w16.csv,6.1432183333333334
1818,2010-01-03 21:02:23.543,1,"[{'lat': -20.959, 'long': -178.977, 'Time': Timestamp('2010-01-04 10:04:41'), 'mag': 5.4}, {'lat': -20.959, 'long': -178.977, 'Time': Timestamp('2010-01-04 10:04:41'), 'mag': 5.4}]",2,2010-01-04 10:04:41,RDM_df_train_30D-22SW-tw24_w16.csv,13.038182500000001
146,2009-02-23 07:15:56.816,1,"[{'lat': -27.046, 'long': 75.142, 'Time': Timestamp('2009-02-24 01:26:16'), 'mag': 5.1}, {'lat': 27.582, 'long': 55.372, 'Time': Timestamp('2009-02-23 11:10:56'), 'mag': 5.1}, {'lat': 27.582, 'long': 55.372, 'Time': Timestamp('2009-02-23 11:10:56'), 'mag': 5.1}, {'lat': 27.582, 'long': 55.372, 'Time': Timestamp('2009-02-23 11:10:56'), 'mag': 5.1}]",4,2009-02-24 01:26:16,RDM_df_train_30D-22SW-tw24_w16.csv,18.171995555555554
398,2009-04-04 11:21:23.994,1,"[{'lat': -55.976, 'long': -27.727, 'Time': Timestamp('2009-04-04 18:39:17'), 'mag': 5.5}, {'lat': -55.976, 'long': -27.727, 'Time': Timestamp('2009-04-04 18:39:17'), 'mag': 5.5}]",2,2009-04-04 18:39:17,RDM_df_train_30D-22SW-tw24_w16.csv,7.298057222222223
1505,2009-11-07 18:06:20.827,1,"[{'lat': -35.058, 'long': -111.617, 'Time': Timestamp('2009-11-08 08:05:23'), 'mag': 5.1}, {'lat': -35.058, 'long': -111.617, 'Time': Timestamp('2009-11-08 08:05:23'), 'mag': 5.1}, {'lat': -35.058, 'long': -111.617, 'Time': Timestamp('2009-11-08 08:05:23'), 'mag': 5.1}]",3,2009-11-08 08:05:23,RDM_df_train_30D-22SW-tw24_w16.csv,13.983936944444444
1770,2010-01-07 00:38:52.659,1,"[{'lat': -21.392, 'long': 171.341, 'Time': Timestamp('2010-01-07 02:24:25'), 'mag': 5.1}, {'lat': -53.516, 'long': 159.28, 'Time': Timestamp('2010-01-07 08:29:06'), 'mag': 5.6}, {'lat': -53.516, 'long': 159.28, 'Time': Timestamp('2010-01-07 08:29:06'), 'mag': 5.6}]",3,2010-01-07 02:24:25,RDM_df_train_30D-22SW-tw24_w16.csv,1.7589836111111112
1534,2009-11-26 08:58:50.865,1,"[{'lat': 36.091, 'long': 21.4, 'Time': Timestamp('2009-11-26 15:09:16'), 'mag': 5.0}, {'lat': 36.091, 'long': 21.4, 'Time': Timestamp('2009-11-26 15:09:16'), 'mag': 5.0}, {'lat': 36.091, 'long': 21.4, 'Time': Timestamp('2009-11-26 15:09:16'), 'mag': 5.0}]",3,2009-11-26 15:09:16,RDM_df_train_30D-22SW-tw24_w16.csv,6.173648611111111
1459,2009-11-14 07:30:54.234,1,"[{'lat': 5.903, 'long': 61.224, 'Time': Timestamp('2009-11-14 22:02:45'), 'mag': 5.3}, {'lat': 5.987, 'long': 61.212, 'Time': Timestamp('2009-11-14 22:11:37'), 'mag': 5.3}, {'lat': 5.903, 'long': 61.224, 'Time': Timestamp('2009-11-14 22:02:45'), 'mag': 5.3}, {'lat': 5.987, 'long': 61.212, 'Time': Timestamp('2009-11-14 22:11:37'), 'mag': 5.3}, {'lat': 5.903, 'long': 61.224, 'Time': Timestamp('2009-11-14 22:02:45'), 'mag': 5.3}, {'lat': 5.987, 'long': 61.212, 'Time': Timestamp('2009-11-14 22:11:37'), 'mag': 5.3}]",6,2009-11-14 22:02:45,RDM_df_train_30D-22SW-tw24_w16.csv,14.530768333333334
1846,2010-01-24 15:25:18.787,1,"[{'lat': 16.029, 'long': -60.925, 'Time': Timestamp('2010-01-24 22:43:23'), 'mag': 5.0}, {'lat': 16.029, 'long': -60.925, 'Time': Timestamp('2010-01-24 22:43:23'), 'mag': 5.0}, {'lat': 16.029, 'long': -60.925, 'Time': Timestamp('2010-01-24 22:43:23'), 'mag': 5.0}]",3,2010-01-24 22:43:23,RDM_df_train_30D-22SW-tw24_w16.csv,7.301170277777778
381,2009-03-20 13:08:53.846,1,"[{'lat': -58.686, 'long': -24.845, 'Time': Timestamp('2009-03-20 16:01:14'), 'mag': 5.4}]",1,2009-03-20 16:01:14,RDM_df_train_30D-22SW-tw24_w16.csv,2.872265
912,2009-07-20 03:29:53.792,1,"[{'lat': 2.301, 'long': 126.94, 'Time': Timestamp('2009-07-20 15:19:47'), 'mag': 5.5}, {'lat': 2.301, 'long': 126.94, 'Time': Timestamp('2009-07-20 15:19:47'), 'mag': 5.5}, {'lat': -8.847, 'long': 117.792, 'Time': Timestamp('2009-07-20 03:37:36'), 'mag': 5.2}, {'lat': 2.301, 'long': 126.94, 'Time': Timestamp('2009-07-20 15:19:47'), 'mag': 5.5}, {'lat': -8.847, 'long': 117.792, 'Time': Timestamp('2009-07-20 03:37:36'), 'mag': 5.2}, {'lat': -8.847, 'long': 117.792, 'Time': Timestamp('2009-07-20 03:37:36'), 'mag': 5.2}]",6,2009-07-20 15:19:47,RDM_df_train_30D-22SW-tw24_w16.csv,11.831446666666666
329,2009-03-22 10:13:50.979,1,"[{'lat': -12.738, 'long': -14.687, 'Time': Timestamp('2009-03-22 12:54:51'), 'mag': 5.0}]",1,2009-03-22 12:54:51,RDM_df_train_30D-22SW-tw24_w16.csv,2.683339166666667
1436,2009-11-04 13:51:23.146,1,"[{'lat': 36.155, 'long': -33.878, 'Time': Timestamp('2009-11-04 18:41:43'), 'mag': 5.9}, {'lat': 36.155, 'long': -33.878, 'Time': Timestamp('2009-11-04 18:41:43'), 'mag': 5.9}, {'lat': 36.155, 'long': -33.878, 'Time': Timestamp('2009-11-04 18:41:43'), 'mag': 5.9}]",3,2009-11-04 18:41:43,RDM_df_train_30D-22SW-tw24_w16.csv,4.838848333333333
1388,2009-10-12 01:35:50.731,1,"[{'lat': 47.406, 'long': 153.883, 'Time': Timestamp('2009-10-12 16:51:13'), 'mag': 5.0}, {'lat': 47.406, 'long': 153.883, 'Time': Timestamp('2009-10-12 16:51:13'), 'mag': 5.0}]",2,2009-10-12 16:51:13,RDM_df_train_30D-22SW-tw24_w16.csv,15.256185833333333
