index,time_window,label,matched_eqs,total_eq
0,2008-04-01 01:22:50.280,1,"[{'lat': -7.046, 'long': 129.203, 'Time': Timestamp('2008-04-02 19:10:19'), 'mag': 5.7}, {'lat': -7.046, 'long': 129.203, 'Time': Timestamp('2008-04-02 19:10:19'), 'mag': 5.7}]",2
1,2008-04-01 04:40:01.071,0,[],0
2,2008-04-01 06:17:53.341,0,[],0
3,2008-04-01 07:56:20.823,0,[],0
4,2008-04-01 09:33:51.854,0,[],0
5,2008-04-01 11:13:23.320,0,[],0
6,2008-04-01 12:52:53.482,0,[],0
7,2008-04-01 14:31:50.596,1,"[{'lat': -28.64, 'long': -71.465, 'Time': Timestamp('2008-04-03 01:00:21'), 'mag': 5.1}]",1
8,2008-04-01 16:10:23.067,0,[],0
9,2008-04-01 17:48:23.563,0,[],0
10,2008-04-01 19:25:23.589,1,"[{'lat': 44.364, 'long': -129.351, 'Time': Timestamp('2008-04-02 05:55:41'), 'mag': 5.2}]",1
11,2008-04-01 21:02:20.925,0,[],0
12,2008-04-01 22:38:53.641,0,[],0
13,2008-04-02 00:16:23.668,1,"[{'lat': -5.951, 'long': 149.872, 'Time': Timestamp('2008-04-03 09:22:35'), 'mag': 5.1}]",1
14,2008-04-02 01:54:03.405,1,"[{'lat': 0.027, 'long': 127.466, 'Time': Timestamp('2008-04-03 21:41:25'), 'mag': 5.0}, {'lat': -7.046, 'long': 129.203, 'Time': Timestamp('2008-04-02 19:10:19'), 'mag': 5.7}]",2
15,2008-04-02 03:32:55.463,1,"[{'lat': -4.346, 'long': 102.717, 'Time': Timestamp('2008-04-02 08:48:49'), 'mag': 5.7}, {'lat': -0.159, 'long': 99.191, 'Time': Timestamp('2008-04-02 19:09:06'), 'mag': 5.3}, {'lat': -4.346, 'long': 102.717, 'Time': Timestamp('2008-04-02 08:48:49'), 'mag': 5.7}]",3
16,2008-04-02 05:11:02.678,0,[],0
17,2008-04-02 06:48:54.746,0,[],0
18,2008-04-02 08:27:26.983,0,[],0
19,2008-04-02 10:04:51.044,0,[],0
20,2008-04-02 11:44:23.973,0,[],0
21,2008-04-02 13:23:54.000,0,[],0
22,2008-04-02 15:02:53.001,1,"[{'lat': -28.64, 'long': -71.465, 'Time': Timestamp('2008-04-03 01:00:21'), 'mag': 5.1}]",1
23,2008-04-02 19:55:53.107,0,[],0
24,2008-04-04 09:27:23.475,0,[],0
25,2008-04-04 11:06:50.846,0,[],0
26,2008-04-04 12:46:53.775,0,[],0
27,2008-04-04 14:25:43.915,0,[],0
28,2008-04-04 16:04:21.263,0,[],0
29,2008-04-04 17:42:23.856,0,[],0
30,2008-04-04 19:19:21.316,0,[],0
31,2008-04-04 20:56:23.909,0,[],0
32,2008-04-04 22:32:53.936,1,"[{'lat': 51.934, 'long': -170.544, 'Time': Timestamp('2008-04-06 11:14:23'), 'mag': 5.1}, {'lat': -20.081, 'long': 168.575, 'Time': Timestamp('2008-04-06 18:48:15'), 'mag': 5.1}, {'lat': -20.081, 'long': 168.575, 'Time': Timestamp('2008-04-06 18:48:15'), 'mag': 5.1}]",3
33,2008-04-05 00:10:23.962,0,[],0
34,2008-04-05 01:47:22.303,0,[],0
35,2008-04-05 05:05:02.971,0,[],0
36,2008-04-05 06:42:55.040,0,[],0
37,2008-04-05 08:21:23.398,0,[],0
38,2008-04-05 09:58:21.549,0,[],0
39,2008-04-05 11:38:23.149,0,[],0
40,2008-04-05 13:17:53.177,0,[],0
41,2008-04-05 14:56:48.081,0,[],0
42,2008-04-05 16:34:53.231,0,[],0
43,2008-04-05 18:12:23.257,0,[],0
44,2008-04-05 19:49:53.284,0,[],0
45,2008-04-05 21:26:23.310,1,"[{'lat': 54.172, 'long': -151.928, 'Time': Timestamp('2008-04-06 14:12:00'), 'mag': 5.0}]",1
46,2008-04-05 23:03:23.336,1,"[{'lat': -20.081, 'long': 168.575, 'Time': Timestamp('2008-04-06 18:48:15'), 'mag': 5.1}, {'lat': -19.965, 'long': 168.452, 'Time': Timestamp('2008-04-07 22:54:36'), 'mag': 5.8}, {'lat': -20.081, 'long': 168.575, 'Time': Timestamp('2008-04-06 18:48:15'), 'mag': 5.1}, {'lat': -19.965, 'long': 168.452, 'Time': Timestamp('2008-04-07 22:54:36'), 'mag': 5.8}]",4
47,2008-04-06 00:40:15.361,0,[],0
48,2008-04-06 05:35:25.855,0,[],0
49,2008-04-06 07:13:26.763,0,[],0
50,2008-04-06 08:50:23.497,0,[],0
51,2008-04-06 10:29:53.390,0,[],0
52,2008-04-06 12:09:23.551,0,[],0
53,2008-04-06 13:48:53.578,0,[],0
54,2008-04-06 15:27:55.458,0,[],0
55,2008-04-06 20:19:53.685,0,[],0
56,2008-04-06 21:56:49.248,1,"[{'lat': -20.714, 'long': -178.851, 'Time': Timestamp('2008-04-08 09:17:27'), 'mag': 5.1}, {'lat': -26.287, 'long': -177.444, 'Time': Timestamp('2008-04-08 01:51:34'), 'mag': 5.3}]",2
57,2008-04-06 23:33:53.737,0,[],0
58,2008-04-07 01:10:53.764,1,"[{'lat': 12.59, 'long': 143.788, 'Time': Timestamp('2008-04-08 02:09:16'), 'mag': 5.5}, {'lat': 12.584, 'long': 143.933, 'Time': Timestamp('2008-04-08 04:03:24'), 'mag': 5.1}]",2
59,2008-04-07 04:27:54.677,0,[],0
60,2008-04-07 06:05:58.912,0,[],0
61,2008-04-07 07:44:23.068,0,[],0
62,2008-04-07 09:21:20.885,0,[],0
63,2008-04-07 11:00:51.023,0,[],0
64,2008-04-07 12:40:23.952,0,[],0
65,2008-04-07 14:19:46.748,0,[],0
66,2008-04-07 15:58:22.210,0,[],0
67,2008-04-07 17:36:24.033,0,[],0
68,2008-04-07 19:13:20.053,0,[],0
69,2008-04-07 20:50:23.086,0,[],0
70,2008-04-07 22:26:53.112,1,"[{'lat': -19.965, 'long': 168.452, 'Time': Timestamp('2008-04-07 22:54:36'), 'mag': 5.8}, {'lat': -20.005, 'long': 168.706, 'Time': Timestamp('2008-04-08 14:31:44'), 'mag': 5.0}, {'lat': -20.175, 'long': 168.861, 'Time': Timestamp('2008-04-09 11:13:17'), 'mag': 6.4}, {'lat': -20.185, 'long': 168.905, 'Time': Timestamp('2008-04-09 11:23:40'), 'mag': 6.3}, {'lat': -20.222, 'long': 168.916, 'Time': Timestamp('2008-04-09 12:12:27'), 'mag': 5.0}, {'lat': -20.071, 'long': 168.892, 'Time': Timestamp('2008-04-09 12:46:12'), 'mag': 7.3}, {'lat': -20.179, 'long': 168.847, 'Time': Timestamp('2008-04-09 13:03:06'), 'mag': 5.2}, {'lat': -20.157, 'long': 168.851, 'Time': Timestamp('2008-04-09 14:11:43'), 'mag': 5.4}, {'lat': -20.078, 'long': 168.791, 'Time': Timestamp('2008-04-09 14:21:19'), 'mag': 5.4}, {'lat': -19.997, 'long': 168.874, 'Time': Timestamp('2008-04-09 14:47:50'), 'mag': 6.3}, {'lat': -20.018, 'long': 168.573, 'Time': Timestamp('2008-04-09 15:31:17'), 'mag': 5.0}, {'lat': -20.362, 'long': 168.962, 'Time': Timestamp('2008-04-09 16:02:11'), 'mag': 5.1}]",12
71,2008-04-08 00:03:53.138,0,[],0
72,2008-04-08 01:41:21.480,0,[],0
73,2008-04-08 04:58:22.739,0,[],0
74,2008-04-08 06:36:54.217,0,[],0
75,2008-04-08 08:15:19.478,0,[],0
76,2008-04-08 09:52:21.725,0,[],0
77,2008-04-08 11:32:23.327,0,[],0
78,2008-04-08 13:11:53.354,0,[],0
79,2008-04-08 14:50:49.363,0,[],0
80,2008-04-08 16:28:53.407,0,[],0
81,2008-04-08 18:06:23.434,0,[],0
82,2008-04-08 19:43:53.773,1,"[{'lat': 43.988, 'long': -128.589, 'Time': Timestamp('2008-04-10 08:04:30'), 'mag': 5.3}, {'lat': 43.988, 'long': -128.589, 'Time': Timestamp('2008-04-10 08:04:30'), 'mag': 5.3}]",2
83,2008-04-08 22:57:23.514,1,"[{'lat': -20.175, 'long': 168.861, 'Time': Timestamp('2008-04-09 11:13:17'), 'mag': 6.4}, {'lat': -20.185, 'long': 168.905, 'Time': Timestamp('2008-04-09 11:23:40'), 'mag': 6.3}, {'lat': -20.222, 'long': 168.916, 'Time': Timestamp('2008-04-09 12:12:27'), 'mag': 5.0}, {'lat': -20.071, 'long': 168.892, 'Time': Timestamp('2008-04-09 12:46:12'), 'mag': 7.3}, {'lat': -20.179, 'long': 168.847, 'Time': Timestamp('2008-04-09 13:03:06'), 'mag': 5.2}, {'lat': -20.157, 'long': 168.851, 'Time': Timestamp('2008-04-09 14:11:43'), 'mag': 5.4}, {'lat': -20.078, 'long': 168.791, 'Time': Timestamp('2008-04-09 14:21:19'), 'mag': 5.4}, {'lat': -19.997, 'long': 168.874, 'Time': Timestamp('2008-04-09 14:47:50'), 'mag': 6.3}, {'lat': -20.018, 'long': 168.573, 'Time': Timestamp('2008-04-09 15:31:17'), 'mag': 5.0}, {'lat': -20.362, 'long': 168.962, 'Time': Timestamp('2008-04-09 16:02:11'), 'mag': 5.1}, {'lat': -20.334, 'long': 168.937, 'Time': Timestamp('2008-04-10 01:10:02'), 'mag': 5.8}, {'lat': -19.934, 'long': 168.496, 'Time': Timestamp('2008-04-10 01:17:34'), 'mag': 5.5}, {'lat': -20.319, 'long': 168.866, 'Time': Timestamp('2008-04-10 04:29:35'), 'mag': 5.5}, {'lat': -20.299, 'long': 168.854, 'Time': Timestamp('2008-04-10 13:25:29'), 'mag': 5.0}, {'lat': -20.175, 'long': 168.861, 'Time': Timestamp('2008-04-09 11:13:17'), 'mag': 6.4}, {'lat': -20.185, 'long': 168.905, 'Time': Timestamp('2008-04-09 11:23:40'), 'mag': 6.3}, {'lat': -20.222, 'long': 168.916, 'Time': Timestamp('2008-04-09 12:12:27'), 'mag': 5.0}, {'lat': -20.071, 'long': 168.892, 'Time': Timestamp('2008-04-09 12:46:12'), 'mag': 7.3}, {'lat': -20.179, 'long': 168.847, 'Time': Timestamp('2008-04-09 13:03:06'), 'mag': 5.2}, {'lat': -20.157, 'long': 168.851, 'Time': Timestamp('2008-04-09 14:11:43'), 'mag': 5.4}, {'lat': -20.078, 'long': 168.791, 'Time': Timestamp('2008-04-09 14:21:19'), 'mag': 5.4}, {'lat': -19.997, 'long': 168.874, 'Time': Timestamp('2008-04-09 14:47:50'), 'mag': 6.3}, {'lat': -20.018, 'long': 168.573, 'Time': Timestamp('2008-04-09 15:31:17'), 'mag': 5.0}, {'lat': -20.362, 'long': 168.962, 'Time': Timestamp('2008-04-09 16:02:11'), 'mag': 5.1}, {'lat': -20.334, 'long': 168.937, 'Time': Timestamp('2008-04-10 01:10:02'), 'mag': 5.8}, {'lat': -19.934, 'long': 168.496, 'Time': Timestamp('2008-04-10 01:17:34'), 'mag': 5.5}, {'lat': -20.319, 'long': 168.866, 'Time': Timestamp('2008-04-10 04:29:35'), 'mag': 5.5}, {'lat': -20.299, 'long': 168.854, 'Time': Timestamp('2008-04-10 13:25:29'), 'mag': 5.0}]",28
84,2008-04-09 00:34:15.538,1,"[{'lat': 12.176, 'long': 143.74, 'Time': Timestamp('2008-04-09 14:26:44'), 'mag': 5.0}]",1
85,2008-04-09 05:29:24.703,0,[],0
86,2008-04-09 07:07:22.844,0,[],0
87,2008-04-09 08:44:20.661,0,[],0
88,2008-04-09 10:23:53.687,0,[],0
89,2008-04-09 12:03:23.848,0,[],0
90,2008-04-09 13:42:53.876,0,[],0
91,2008-04-09 15:21:24.316,0,[],0
92,2008-04-09 20:13:53.982,0,[],0
93,2008-04-09 21:49:54.320,0,[],0
94,2008-04-09 23:27:54.035,0,[],0
95,2008-04-10 01:04:48.827,1,"[{'lat': 43.879, 'long': 147.501, 'Time': Timestamp('2008-04-12 00:46:28'), 'mag': 5.7}, {'lat': 43.879, 'long': 147.501, 'Time': Timestamp('2008-04-12 00:46:28'), 'mag': 5.7}, {'lat': 16.092, 'long': 145.308, 'Time': Timestamp('2008-04-11 01:08:42'), 'mag': 5.1}, {'lat': 15.985, 'long': 145.006, 'Time': Timestamp('2008-04-11 01:28:20'), 'mag': 5.0}, {'lat': 16.128, 'long': 145.09, 'Time': Timestamp('2008-04-11 01:41:47'), 'mag': 5.0}, {'lat': 16.258, 'long': 145.178, 'Time': Timestamp('2008-04-11 01:51:25'), 'mag': 5.2}, {'lat': 16.226, 'long': 145.107, 'Time': Timestamp('2008-04-11 02:01:53'), 'mag': 5.0}, {'lat': 16.185, 'long': 144.932, 'Time': Timestamp('2008-04-11 02:23:25'), 'mag': 5.3}, {'lat': 16.128, 'long': 144.853, 'Time': Timestamp('2008-04-11 02:44:51'), 'mag': 5.1}, {'lat': 16.099, 'long': 144.958, 'Time': Timestamp('2008-04-11 03:16:40'), 'mag': 5.5}, {'lat': 16.174, 'long': 144.885, 'Time': Timestamp('2008-04-11 05:02:53'), 'mag': 5.5}, {'lat': 16.205, 'long': 144.909, 'Time': Timestamp('2008-04-11 09:56:21'), 'mag': 5.4}, {'lat': 16.242, 'long': 145.208, 'Time': Timestamp('2008-04-11 19:20:56'), 'mag': 5.1}]",13
96,2008-04-10 04:21:53.975,0,[],0
97,2008-04-10 05:59:54.113,1,"[{'lat': 39.345, 'long': 74.96, 'Time': Timestamp('2008-04-10 07:17:19'), 'mag': 5.0}, {'lat': 39.345, 'long': 74.96, 'Time': Timestamp('2008-04-10 07:17:19'), 'mag': 5.0}]",2
98,2008-04-10 07:38:22.365,0,[],0
99,2008-04-10 09:15:20.182,0,[],0
100,2008-04-10 10:54:50.321,0,[],0
101,2008-04-10 12:34:23.249,0,[],0
102,2008-04-10 14:13:52.027,0,[],0
103,2008-04-10 15:52:19.956,0,[],0
104,2008-04-10 17:30:23.330,0,[],0
105,2008-04-10 19:07:23.357,0,[],0
106,2008-04-10 20:44:23.383,0,[],0
107,2008-04-10 22:21:23.409,0,[],0
108,2008-04-10 23:58:23.436,0,[],0
109,2008-04-11 01:35:21.778,1,"[{'lat': 43.879, 'long': 147.501, 'Time': Timestamp('2008-04-12 00:46:28'), 'mag': 5.7}]",1
110,2008-04-11 04:52:35.325,1,"[{'lat': -33.501, 'long': 77.674, 'Time': Timestamp('2008-04-12 10:05:39'), 'mag': 5.1}, {'lat': -33.501, 'long': 77.674, 'Time': Timestamp('2008-04-12 10:05:39'), 'mag': 5.1}]",2
111,2008-04-11 06:30:54.514,0,[],0
112,2008-04-11 08:09:21.104,0,[],0
113,2008-04-11 09:46:20.695,0,[],0
114,2008-04-11 11:25:53.624,0,[],0
115,2008-04-11 13:05:23.650,0,[],0
116,2008-04-11 14:44:49.548,0,[],0
117,2008-04-11 16:22:53.704,0,[],0
118,2008-04-11 18:00:53.731,0,[],0
119,2008-04-11 19:37:53.758,1,"[{'lat': 43.648, 'long': -127.621, 'Time': Timestamp('2008-04-12 12:05:14'), 'mag': 5.5}, {'lat': 43.648, 'long': -127.621, 'Time': Timestamp('2008-04-12 12:05:14'), 'mag': 5.5}]",2
120,2008-04-11 21:14:23.784,0,[],0
121,2008-04-11 22:51:23.811,1,"[{'lat': 67.9109, 'long': -167.3108, 'Time': Timestamp('2008-04-13 13:41:31'), 'mag': 5.2}, {'lat': -19.759, 'long': 169.596, 'Time': Timestamp('2008-04-12 14:43:34'), 'mag': 5.3}, {'lat': -20.028, 'long': 168.872, 'Time': Timestamp('2008-04-12 18:21:53'), 'mag': 5.1}, {'lat': -19.759, 'long': 169.596, 'Time': Timestamp('2008-04-12 14:43:34'), 'mag': 5.3}, {'lat': -20.028, 'long': 168.872, 'Time': Timestamp('2008-04-12 18:21:53'), 'mag': 5.1}, {'lat': -55.664, 'long': 158.453, 'Time': Timestamp('2008-04-12 00:30:12'), 'mag': 7.1}, {'lat': -55.493, 'long': 158.515, 'Time': Timestamp('2008-04-12 07:03:51'), 'mag': 5.1}, {'lat': -55.317, 'long': 158.64, 'Time': Timestamp('2008-04-12 11:56:05'), 'mag': 5.1}]",8
122,2008-04-12 00:28:23.926,0,[],0
123,2008-04-12 03:45:24.304,0,[],0
124,2008-04-12 05:23:23.438,1,"[{'lat': -15.254, 'long': 67.058, 'Time': Timestamp('2008-04-12 08:49:54'), 'mag': 5.1}, {'lat': -14.506, 'long': 67.075, 'Time': Timestamp('2008-04-12 08:50:17'), 'mag': 5.5}]",2
125,2008-04-12 07:01:24.915,0,[],0
126,2008-04-12 08:38:20.958,0,[],0
127,2008-04-12 10:17:25.192,0,[],0
128,2008-04-12 11:57:24.025,0,[],0
129,2008-04-12 13:36:54.052,1,"[{'lat': 13.387, 'long': -44.872, 'Time': Timestamp('2008-04-13 23:29:52'), 'mag': 5.1}, {'lat': 13.387, 'long': -44.872, 'Time': Timestamp('2008-04-13 23:29:52'), 'mag': 5.1}]",2
130,2008-04-12 15:15:23.492,0,[],0
131,2008-04-12 16:53:53.106,0,[],0
132,2008-04-12 18:30:53.132,0,[],0
133,2008-04-12 20:07:53.159,0,[],0
134,2008-04-12 21:43:53.497,0,[],0
135,2008-04-12 23:21:53.211,0,[],0
136,2008-04-13 00:58:52.100,1,"[{'lat': 12.149, 'long': 143.756, 'Time': Timestamp('2008-04-14 10:11:23'), 'mag': 5.1}]",1
137,2008-04-13 04:15:56.808,0,[],0
138,2008-04-13 05:53:54.290,0,[],0
139,2008-04-13 07:32:22.542,0,[],0
140,2008-04-13 09:09:20.358,0,[],0
141,2008-04-13 10:48:52.049,0,[],0
142,2008-04-13 12:28:23.426,0,[],0
143,2008-04-13 14:07:53.454,0,[],0
144,2008-04-13 15:46:25.445,0,[],0
145,2008-04-13 20:38:23.560,0,[],0
146,2008-04-13 22:15:23.587,0,[],0
147,2008-04-13 23:52:23.613,0,[],0
148,2008-04-14 01:29:21.954,1,"[{'lat': -7.043, 'long': 129.185, 'Time': Timestamp('2008-04-14 03:15:38'), 'mag': 5.2}, {'lat': -7.043, 'long': 129.185, 'Time': Timestamp('2008-04-14 03:15:38'), 'mag': 5.2}]",2
149,2008-04-14 04:46:31.416,0,[],0
150,2008-04-14 06:24:57.571,0,[],0
151,2008-04-14 08:03:25.712,0,[],0
152,2008-04-14 09:40:20.872,0,[],0
153,2008-04-14 11:19:53.801,1,"[{'lat': -55.793, 'long': -29.976, 'Time': Timestamp('2008-04-15 06:44:17'), 'mag': 5.4}]",1
154,2008-04-14 12:59:23.827,0,[],0
155,2008-04-14 14:38:25.038,0,[],0
156,2008-04-14 16:16:53.881,0,[],0
157,2008-04-14 17:54:53.908,0,[],0
158,2008-04-14 19:31:53.934,0,[],0
159,2008-04-16 09:02:51.864,0,[],0
160,2008-04-16 10:42:22.125,1,"[{'lat': -16.386, 'long': -13.859, 'Time': Timestamp('2008-04-16 20:28:46'), 'mag': 5.0}, {'lat': -17.25, 'long': -12.75, 'Time': Timestamp('2008-04-16 20:28:48'), 'mag': 5.0}]",2
161,2008-04-16 12:22:23.725,0,[],0
162,2008-04-16 14:01:21.945,0,[],0
163,2008-04-16 15:40:22.976,0,[],0
164,2008-04-16 20:32:21.616,0,[],0
165,2008-04-16 22:09:22.078,0,[],0
166,2008-04-16 23:46:23.912,0,[],0
167,2008-04-17 01:23:19.597,0,[],0
168,2008-04-17 04:40:31.716,0,[],0
169,2008-04-17 06:18:23.986,0,[],0
170,2008-04-17 07:56:51.468,1,"[{'lat': -52.864, 'long': 21.081, 'Time': Timestamp('2008-04-18 15:31:54'), 'mag': 5.4}]",1
171,2008-04-17 09:33:52.499,0,[],0
172,2008-04-17 11:13:53.099,0,[],0
173,2008-04-17 12:53:23.127,0,[],0
174,2008-04-17 14:32:22.897,0,[],0
175,2008-04-17 16:10:52.712,0,[],0
176,2008-04-17 17:48:53.207,0,[],0
177,2008-04-17 19:25:53.234,0,[],0
178,2008-04-17 21:02:52.346,0,[],0
179,2008-04-17 22:39:23.287,1,"[{'lat': -13.401, 'long': 167.095, 'Time': Timestamp('2008-04-17 22:52:18'), 'mag': 5.3}, {'lat': -20.273, 'long': 168.796, 'Time': Timestamp('2008-04-19 05:58:42'), 'mag': 6.3}, {'lat': -20.279, 'long': 168.814, 'Time': Timestamp('2008-04-19 13:14:09'), 'mag': 5.0}, {'lat': -20.273, 'long': 168.796, 'Time': Timestamp('2008-04-19 05:58:42'), 'mag': 6.3}, {'lat': -20.279, 'long': 168.814, 'Time': Timestamp('2008-04-19 13:14:09'), 'mag': 5.0}]",5
180,2008-04-18 00:16:23.313,0,[],0
181,2008-04-18 01:53:52.090,1,"[{'lat': 26.0, 'long': 128.406, 'Time': Timestamp('2008-04-18 05:58:36'), 'mag': 5.1}, {'lat': 25.983, 'long': 128.39, 'Time': Timestamp('2008-04-18 07:43:48'), 'mag': 5.0}, {'lat': 4.267, 'long': 127.107, 'Time': Timestamp('2008-04-19 01:38:42'), 'mag': 5.0}, {'lat': -7.815, 'long': 125.694, 'Time': Timestamp('2008-04-19 03:12:25'), 'mag': 6.1}, {'lat': -7.875, 'long': 125.722, 'Time': Timestamp('2008-04-19 10:21:12'), 'mag': 6.0}, {'lat': -7.87, 'long': 125.691, 'Time': Timestamp('2008-04-19 14:53:40'), 'mag': 5.4}, {'lat': -7.93, 'long': 125.626, 'Time': Timestamp('2008-04-19 16:50:45'), 'mag': 5.0}, {'lat': -7.945, 'long': 125.808, 'Time': Timestamp('2008-04-19 18:51:16'), 'mag': 5.1}, {'lat': -7.815, 'long': 125.694, 'Time': Timestamp('2008-04-19 03:12:25'), 'mag': 6.1}, {'lat': -7.875, 'long': 125.722, 'Time': Timestamp('2008-04-19 10:21:12'), 'mag': 6.0}, {'lat': -7.87, 'long': 125.691, 'Time': Timestamp('2008-04-19 14:53:40'), 'mag': 5.4}, {'lat': -7.93, 'long': 125.626, 'Time': Timestamp('2008-04-19 16:50:45'), 'mag': 5.0}, {'lat': -7.945, 'long': 125.808, 'Time': Timestamp('2008-04-19 18:51:16'), 'mag': 5.1}]",13
182,2008-04-18 03:33:25.108,0,[],0
183,2008-04-18 05:11:32.322,0,[],0
184,2008-04-18 06:49:24.391,0,[],0
185,2008-04-18 08:27:56.629,1,"[{'lat': -3.668, 'long': 26.073, 'Time': Timestamp('2008-04-20 07:30:44'), 'mag': 5.2}]",1
186,2008-04-18 10:05:20.572,0,[],0
187,2008-04-18 11:44:53.501,0,[],0
188,2008-04-18 13:24:23.528,0,[],0
189,2008-04-18 15:03:22.529,0,[],0
190,2008-04-18 16:41:23.582,0,[],0
191,2008-04-18 18:18:53.608,0,[],0
192,2008-04-18 19:55:53.635,0,[],0
193,2008-04-18 23:09:53.688,1,"[{'lat': -20.273, 'long': 168.796, 'Time': Timestamp('2008-04-19 05:58:42'), 'mag': 6.3}, {'lat': -20.279, 'long': 168.814, 'Time': Timestamp('2008-04-19 13:14:09'), 'mag': 5.0}]",2
194,2008-04-19 00:46:51.036,0,[],0
195,2008-04-19 05:41:56.206,0,[],0
196,2008-04-19 07:19:57.114,0,[],0
197,2008-04-19 08:56:52.163,0,[],0
198,2008-04-19 10:36:20.973,0,[],0
199,2008-04-19 12:16:23.902,0,[],0
200,2008-04-19 13:55:23.929,0,[],0
201,2008-04-19 15:34:24.481,0,[],0
202,2008-04-19 17:12:23.983,0,[],0
203,2008-04-19 18:49:19.892,0,[],0
204,2008-04-19 20:26:21.793,0,[],0
205,2008-04-19 22:03:22.255,0,[],0
206,2008-04-19 23:40:23.089,0,[],0
207,2008-04-20 01:17:17.446,1,"[{'lat': -7.074, 'long': 129.736, 'Time': Timestamp('2008-04-21 05:33:33'), 'mag': 5.3}, {'lat': -7.074, 'long': 129.736, 'Time': Timestamp('2008-04-21 05:33:33'), 'mag': 5.3}]",2
208,2008-04-20 06:12:25.495,0,[],0
209,2008-04-20 07:50:50.645,0,[],0
210,2008-04-20 09:27:53.004,0,[],0
211,2008-04-20 11:07:20.375,1,"[{'lat': -55.44, 'long': -28.025, 'Time': Timestamp('2008-04-21 03:47:24'), 'mag': 5.0}]",1
212,2008-04-20 12:47:23.354,0,[],0
213,2008-04-20 14:26:21.634,0,[],0
214,2008-04-20 19:19:50.844,0,[],0
215,2008-04-20 20:56:52.523,0,[],0
216,2008-04-20 22:33:23.464,1,"[{'lat': -20.352, 'long': 168.789, 'Time': Timestamp('2008-04-22 15:32:22'), 'mag': 5.1}, {'lat': -20.352, 'long': 168.789, 'Time': Timestamp('2008-04-22 15:32:22'), 'mag': 5.1}]",2
217,2008-04-21 00:10:23.490,0,[],0
218,2008-04-21 01:47:51.832,1,"[{'lat': -7.074, 'long': 129.736, 'Time': Timestamp('2008-04-21 05:33:33'), 'mag': 5.3}, {'lat': -7.074, 'long': 129.736, 'Time': Timestamp('2008-04-21 05:33:33'), 'mag': 5.3}]",2
219,2008-04-21 05:05:32.499,0,[],0
220,2008-04-21 06:43:27.337,0,[],0
221,2008-04-21 08:21:53.925,0,[],0
222,2008-04-21 09:59:20.749,0,[],0
223,2008-04-21 11:38:53.678,0,[],0
224,2008-04-21 13:18:23.705,1,"[{'lat': -25.76, 'long': -45.469, 'Time': Timestamp('2008-04-23 00:00:47'), 'mag': 5.2}]",1
225,2008-04-21 14:57:18.610,0,[],0
226,2008-04-21 16:35:23.759,0,[],0
227,2008-04-21 18:12:53.786,0,[],0
228,2008-04-21 19:50:23.812,0,[],0
229,2008-04-21 21:26:54.251,0,[],0
230,2008-04-21 23:03:53.865,1,"[{'lat': -13.648, 'long': 166.821, 'Time': Timestamp('2008-04-23 00:11:15'), 'mag': 5.1}, {'lat': -20.352, 'long': 168.789, 'Time': Timestamp('2008-04-22 15:32:22'), 'mag': 5.1}, {'lat': -13.648, 'long': 166.821, 'Time': Timestamp('2008-04-23 00:11:15'), 'mag': 5.1}, {'lat': -20.352, 'long': 168.789, 'Time': Timestamp('2008-04-22 15:32:22'), 'mag': 5.1}]",4
231,2008-04-22 00:40:45.889,0,[],0
232,2008-04-22 03:57:54.804,0,[],0
233,2008-04-22 05:35:56.382,0,[],0
234,2008-04-22 07:13:57.291,0,[],0
235,2008-04-22 08:50:54.025,0,[],0
236,2008-04-22 10:30:21.151,0,[],0
237,2008-04-22 12:09:54.079,0,[],0
238,2008-04-22 13:49:23.107,0,[],0
239,2008-04-22 15:28:20.890,0,[],0
240,2008-04-22 17:06:23.160,0,[],0
241,2008-04-22 18:43:19.068,0,[],0
242,2008-04-22 20:20:20.970,0,[],0
243,2008-04-22 23:34:23.266,0,[],0
244,2008-04-23 01:11:23.293,1,"[{'lat': 33.528, 'long': 141.075, 'Time': Timestamp('2008-04-23 01:27:20'), 'mag': 5.1}, {'lat': -3.86, 'long': 131.446, 'Time': Timestamp('2008-04-23 14:05:42'), 'mag': 5.5}]",2
245,2008-04-23 04:28:24.205,0,[],0
246,2008-04-23 06:06:25.672,0,[],0
247,2008-04-23 07:44:54.918,0,[],0
248,2008-04-23 09:21:50.413,0,[],0
249,2008-04-23 11:01:20.676,0,[],0
250,2008-04-23 12:41:23.604,0,[],0
251,2008-04-23 14:20:16.400,0,[],0
252,2008-04-23 15:58:51.861,0,[],0
253,2008-04-23 17:36:53.685,0,[],0
254,2008-04-23 19:13:49.705,0,[],0
255,2008-04-23 20:50:51.495,0,[],0
256,2008-04-23 22:27:23.765,1,"[{'lat': -20.059, 'long': 168.72, 'Time': Timestamp('2008-04-24 01:19:15'), 'mag': 5.7}, {'lat': -20.0, 'long': 169.013, 'Time': Timestamp('2008-04-24 14:38:34'), 'mag': 5.1}]",2
257,2008-04-24 00:04:23.791,0,[],0
258,2008-04-24 01:41:52.133,1,"[{'lat': 35.62, 'long': 140.46, 'Time': Timestamp('2008-04-25 09:52:47'), 'mag': 5.1}, {'lat': 35.62, 'long': 140.46, 'Time': Timestamp('2008-04-25 09:52:47'), 'mag': 5.1}]",2
259,2008-04-24 04:58:57.487,1,"[{'lat': 32.625, 'long': 85.227, 'Time': Timestamp('2008-04-25 12:03:51'), 'mag': 5.0}, {'lat': 32.625, 'long': 85.227, 'Time': Timestamp('2008-04-25 12:03:51'), 'mag': 5.0}]",2
260,2008-04-24 06:37:24.870,0,[],0
261,2008-04-24 08:15:50.131,0,[],0
262,2008-04-24 09:52:52.378,0,[],0
263,2008-04-24 11:32:53.978,0,[],0
264,2008-04-24 13:12:24.006,0,[],0
265,2008-04-24 14:51:21.567,0,[],0
266,2008-04-24 16:29:24.060,0,[],0
267,2008-04-24 18:06:53.086,0,[],0
268,2008-04-24 19:44:23.426,0,[],0
269,2008-04-24 21:20:53.553,0,[],0
270,2008-04-24 22:57:53.166,0,[],0
271,2008-04-25 00:34:45.190,0,[],0
272,2008-04-25 05:29:54.355,1,"[{'lat': 32.625, 'long': 85.227, 'Time': Timestamp('2008-04-25 12:03:51'), 'mag': 5.0}]",1
273,2008-04-25 07:07:56.592,1,"[{'lat': 13.904, 'long': 51.658, 'Time': Timestamp('2008-04-26 12:38:59'), 'mag': 5.3}]",1
274,2008-04-25 08:44:48.984,0,[],0
275,2008-04-25 10:23:54.547,0,[],0
276,2008-04-25 12:03:53.380,0,[],0
277,2008-04-25 13:43:23.407,0,[],0
278,2008-04-25 15:21:53.847,0,[],0
279,2008-04-25 16:59:53.460,0,[],0
280,2008-04-25 18:37:23.487,0,[],0
281,2008-04-25 20:14:23.514,0,[],0
282,2008-04-25 21:51:19.077,1,"[{'lat': -15.957, 'long': -174.053, 'Time': Timestamp('2008-04-26 22:31:24'), 'mag': 5.0}, {'lat': -15.957, 'long': -174.053, 'Time': Timestamp('2008-04-26 22:31:24'), 'mag': 5.0}, {'lat': -26.706, 'long': -177.836, 'Time': Timestamp('2008-04-26 15:28:14'), 'mag': 5.1}]",3
283,2008-04-25 23:28:23.567,1,"[{'lat': -9.746, 'long': 160.179, 'Time': Timestamp('2008-04-27 09:41:03'), 'mag': 5.0}]",1
284,2008-04-26 01:05:22.455,0,[],0
285,2008-04-26 04:22:24.506,0,[],0
286,2008-04-26 06:00:24.645,0,[],0
287,2008-04-26 07:38:52.897,1,"[{'lat': 50.634, 'long': 51.834, 'Time': Timestamp('2008-04-26 13:14:52'), 'mag': 5.1}]",1
288,2008-04-26 09:15:50.714,0,[],0
289,2008-04-26 10:55:20.853,1,"[{'lat': -35.464, 'long': -16.597, 'Time': Timestamp('2008-04-27 14:35:29'), 'mag': 5.6}]",1
290,2008-04-26 12:34:53.782,0,[],0
291,2008-04-26 14:14:21.119,0,[],0
292,2008-04-26 15:52:49.159,0,[],0
293,2008-04-26 17:30:23.862,1,"[{'lat': 17.846, 'long': -100.171, 'Time': Timestamp('2008-04-28 00:06:28'), 'mag': 5.8}, {'lat': -24.373, 'long': -112.025, 'Time': Timestamp('2008-04-26 17:43:20'), 'mag': 5.1}, {'lat': -24.373, 'long': -112.025, 'Time': Timestamp('2008-04-26 17:43:20'), 'mag': 5.1}, {'lat': -36.62, 'long': -110.59, 'Time': Timestamp('2008-04-28 12:53:28'), 'mag': 5.2}]",4
294,2008-04-26 19:07:53.889,0,[],0
295,2008-04-26 20:44:51.672,0,[],0
296,2008-04-26 22:21:24.901,1,"[{'lat': -49.091, 'long': 164.117, 'Time': Timestamp('2008-04-26 23:34:49'), 'mag': 6.1}]",1
297,2008-04-26 23:58:23.967,0,[],0
298,2008-04-27 01:35:52.309,0,[],0
299,2008-04-27 04:52:53.568,0,[],0
300,2008-04-27 06:30:56.374,0,[],0
301,2008-04-27 08:07:47.755,0,[],0
302,2008-04-27 09:46:51.554,0,[],0
303,2008-04-27 11:26:23.155,0,[],0
304,2008-04-27 13:05:53.182,0,[],0
305,2008-04-27 14:45:20.632,0,[],0
306,2008-04-27 16:23:23.237,0,[],0
307,2008-04-27 18:00:53.263,0,[],0
308,2008-04-27 19:38:23.289,1,"[{'lat': 48.685, 'long': -128.888, 'Time': Timestamp('2008-04-27 21:17:59'), 'mag': 5.2}]",1
309,2008-04-27 21:13:55.604,0,[],0
310,2008-04-27 22:51:53.343,1,"[{'lat': -19.941, 'long': 168.953, 'Time': Timestamp('2008-04-28 18:33:34'), 'mag': 6.4}, {'lat': -20.238, 'long': 168.824, 'Time': Timestamp('2008-04-28 20:26:53'), 'mag': 6.1}, {'lat': -19.941, 'long': 168.953, 'Time': Timestamp('2008-04-28 18:33:34'), 'mag': 6.4}, {'lat': -20.238, 'long': 168.824, 'Time': Timestamp('2008-04-28 20:26:53'), 'mag': 6.1}]",4
311,2008-04-28 00:28:50.690,0,[],0
312,2008-04-28 02:06:20.930,0,[],0
313,2008-04-28 03:45:53.836,0,[],0
314,2008-04-28 05:24:02.378,0,[],0
315,2008-04-28 07:01:54.447,0,[],0
316,2008-04-28 08:40:24.697,1,"[{'lat': -54.362, 'long': 5.784, 'Time': Timestamp('2008-04-29 09:00:13'), 'mag': 5.0}]",1
317,2008-04-28 10:17:54.724,0,[],0
318,2008-04-28 11:57:53.557,0,[],0
319,2008-04-28 13:37:23.584,0,[],0
320,2008-04-28 15:15:54.024,0,[],0
321,2008-04-28 16:53:53.638,0,[],0
322,2008-04-28 18:31:19.546,0,[],0
323,2008-04-28 20:08:23.691,0,[],0
324,2008-04-28 21:44:24.789,0,[],0
325,2008-04-28 23:22:23.743,0,[],0
326,2008-04-29 00:59:22.632,0,[],0
327,2008-04-29 04:16:23.243,0,[],0
328,2008-04-29 05:54:24.821,0,[],0
329,2008-04-29 07:32:55.842,0,[],0
330,2008-04-29 09:09:22.218,0,[],0
331,2008-04-29 10:48:49.812,0,[],0
332,2008-04-29 12:28:53.958,0,[],0
333,2008-04-29 14:08:23.985,0,[],0
334,2008-04-29 15:46:54.648,0,[],0
335,2008-04-29 20:35:50.624,0,[],0
336,2008-04-29 22:14:21.310,0,[],0
337,2008-04-29 23:52:23.145,0,[],0
338,2008-04-30 01:29:50.158,0,[],0
339,2008-04-30 04:47:00.949,0,[],0
340,2008-04-30 08:03:22.475,0,[],0
341,2008-04-30 09:40:50.530,0,[],0
342,2008-04-30 11:20:23.458,0,[],0
343,2008-04-30 12:59:53.485,0,[],0
344,2008-04-30 14:38:53.367,1,"[{'lat': -42.766, 'long': -72.266, 'Time': Timestamp('2008-05-02 05:51:24'), 'mag': 5.2}]",1
345,2008-04-30 16:17:23.540,0,[],0
346,2008-04-30 17:54:53.566,0,[],0
347,2008-04-30 19:32:23.592,0,[],0
348,2008-04-30 21:07:57.235,0,[],0
349,2008-04-30 22:45:53.645,1,"[{'lat': 50.733, 'long': -177.723, 'Time': Timestamp('2008-05-01 02:32:46'), 'mag': 5.1}, {'lat': 51.864, 'long': -177.528, 'Time': Timestamp('2008-05-02 01:33:37'), 'mag': 6.6}, {'lat': -19.471, 'long': 168.878, 'Time': Timestamp('2008-05-01 04:57:50'), 'mag': 5.7}, {'lat': -16.645, 'long': 174.58, 'Time': Timestamp('2008-05-02 20:48:09'), 'mag': 5.3}]",4
350,2008-05-01 00:22:52.433,0,[],0
351,2008-05-01 02:00:21.232,0,[],0
352,2008-05-01 03:39:54.139,1,"[{'lat': -2.874, 'long': 101.213, 'Time': Timestamp('2008-05-01 17:44:54'), 'mag': 5.0}]",1
353,2008-05-01 05:17:27.368,0,[],0
354,2008-05-01 06:55:53.422,0,[],0
355,2008-05-01 08:34:26.328,0,[],0
356,2008-05-01 10:11:55.079,0,[],0
357,2008-05-01 11:51:23.859,0,[],0
358,2008-05-01 13:30:53.887,0,[],0
359,2008-05-01 15:09:56.983,0,[],0
360,2008-05-01 16:47:53.941,0,[],0
361,2008-05-01 18:25:23.967,0,[],0
362,2008-05-01 20:02:23.993,0,[],0
363,2008-05-01 21:38:26.420,1,"[{'lat': -20.021, 'long': -175.933, 'Time': Timestamp('2008-05-03 00:52:21'), 'mag': 5.4}, {'lat': -20.021, 'long': -175.933, 'Time': Timestamp('2008-05-03 00:52:21'), 'mag': 5.4}]",2
364,2008-05-01 23:16:24.046,0,[],0
365,2008-05-02 00:53:22.934,0,[],0
366,2008-05-02 05:48:24.236,0,[],0
367,2008-05-02 07:26:26.473,0,[],0
368,2008-05-02 09:03:20.193,0,[],0
369,2008-05-02 10:42:51.660,0,[],0
370,2008-05-02 12:22:53.261,0,[],0
371,2008-05-02 14:01:51.480,0,[],0
372,2008-05-02 15:40:55.280,0,[],0
373,2008-05-02 17:18:23.342,0,[],0
374,2008-05-02 18:55:47.922,0,[],0
375,2008-05-02 20:29:50.927,0,[],0
376,2008-05-02 22:09:22.942,0,[],0
377,2008-05-02 23:46:23.447,1,"[{'lat': -6.64, 'long': 155.091, 'Time': Timestamp('2008-05-03 19:01:46'), 'mag': 5.8}]",1
378,2008-05-03 01:23:49.132,0,[],0
379,2008-05-03 04:40:54.499,0,[],0
380,2008-05-03 06:18:52.193,0,[],0
381,2008-05-03 09:34:22.034,0,[],0
382,2008-05-03 11:14:23.635,0,[],0
383,2008-05-03 12:53:53.662,0,[],0
384,2008-05-03 14:32:50.888,0,[],0
385,2008-05-03 16:11:23.716,0,[],0
386,2008-05-03 17:48:53.743,0,[],0
387,2008-05-03 19:26:23.770,1,"[{'lat': 43.155, 'long': -126.369, 'Time': Timestamp('2008-05-04 02:51:12'), 'mag': 5.1}, {'lat': 43.155, 'long': -126.369, 'Time': Timestamp('2008-05-04 02:51:12'), 'mag': 5.1}]",2
388,2008-05-03 21:01:55.972,0,[],0
389,2008-05-03 22:39:53.822,1,"[{'lat': -22.754, 'long': 173.431, 'Time': Timestamp('2008-05-05 02:50:36'), 'mag': 5.2}]",1
390,2008-05-04 00:16:54.039,0,[],0
391,2008-05-04 01:54:17.536,1,"[{'lat': 4.332, 'long': 127.828, 'Time': Timestamp('2008-05-04 13:31:20'), 'mag': 5.0}]",1
392,2008-05-04 05:11:27.545,0,[],0
393,2008-05-04 06:49:57.694,1,"[{'lat': 28.37, 'long': 54.05, 'Time': Timestamp('2008-05-05 21:57:53'), 'mag': 5.2}]",1
394,2008-05-04 08:26:21.404,0,[],0
395,2008-05-04 10:05:51.108,0,[],0
396,2008-05-04 11:45:24.036,0,[],0
397,2008-05-04 13:24:54.064,1,"[{'lat': 53.248, 'long': -35.231, 'Time': Timestamp('2008-05-06 08:39:51'), 'mag': 5.1}, {'lat': 53.475, 'long': -35.129, 'Time': Timestamp('2008-05-06 08:47:10'), 'mag': 5.2}]",2
398,2008-05-04 15:03:50.736,0,[],0
399,2008-05-04 19:56:23.171,0,[],0
400,2008-05-04 21:32:25.484,0,[],0
401,2008-05-04 23:10:23.223,0,[],0
402,2008-05-05 00:47:20.571,0,[],0
403,2008-05-05 02:24:52.026,0,[],0
404,2008-05-05 05:42:24.413,0,[],0
405,2008-05-05 07:20:22.554,1,"[{'lat': 28.37, 'long': 54.05, 'Time': Timestamp('2008-05-05 21:57:53'), 'mag': 5.2}]",1
406,2008-05-05 08:57:20.370,0,[],0
407,2008-05-05 10:36:49.181,0,[],0
408,2008-05-05 12:16:23.438,0,[],0
409,2008-05-05 13:55:53.464,1,"[{'lat': 53.248, 'long': -35.231, 'Time': Timestamp('2008-05-06 08:39:51'), 'mag': 5.1}, {'lat': 53.475, 'long': -35.129, 'Time': Timestamp('2008-05-06 08:47:10'), 'mag': 5.2}]",2
410,2008-05-05 15:34:24.017,0,[],0
411,2008-05-05 17:12:23.519,0,[],0
412,2008-05-05 18:49:49.427,0,[],0
413,2008-05-05 20:26:59.521,0,[],0
414,2008-05-05 22:02:21.902,0,[],0
415,2008-05-05 23:40:23.624,0,[],0
416,2008-05-06 01:17:42.992,1,"[{'lat': 36.178, 'long': 141.545, 'Time': Timestamp('2008-05-07 16:02:02'), 'mag': 6.2}, {'lat': 36.226, 'long': 141.766, 'Time': Timestamp('2008-05-07 16:03:40'), 'mag': 5.4}, {'lat': 36.232, 'long': 141.907, 'Time': Timestamp('2008-05-07 16:09:04'), 'mag': 5.3}, {'lat': 36.228, 'long': 141.7, 'Time': Timestamp('2008-05-07 16:12:27'), 'mag': 5.1}, {'lat': 36.156, 'long': 141.756, 'Time': Timestamp('2008-05-07 16:16:36'), 'mag': 6.1}, {'lat': 36.125, 'long': 141.842, 'Time': Timestamp('2008-05-07 16:24:10'), 'mag': 5.0}, {'lat': 36.38, 'long': 141.758, 'Time': Timestamp('2008-05-07 16:27:40'), 'mag': 5.0}, {'lat': 36.164, 'long': 141.526, 'Time': Timestamp('2008-05-07 16:45:18'), 'mag': 6.9}, {'lat': 36.248, 'long': 141.584, 'Time': Timestamp('2008-05-07 17:31:18'), 'mag': 5.4}, {'lat': 36.148, 'long': 141.501, 'Time': Timestamp('2008-05-07 18:19:56'), 'mag': 5.0}, {'lat': 36.178, 'long': 141.545, 'Time': Timestamp('2008-05-07 16:02:02'), 'mag': 6.2}, {'lat': 36.226, 'long': 141.766, 'Time': Timestamp('2008-05-07 16:03:40'), 'mag': 5.4}, {'lat': 36.232, 'long': 141.907, 'Time': Timestamp('2008-05-07 16:09:04'), 'mag': 5.3}, {'lat': 36.228, 'long': 141.7, 'Time': Timestamp('2008-05-07 16:12:27'), 'mag': 5.1}, {'lat': 36.156, 'long': 141.756, 'Time': Timestamp('2008-05-07 16:16:36'), 'mag': 6.1}, {'lat': 36.125, 'long': 141.842, 'Time': Timestamp('2008-05-07 16:24:10'), 'mag': 5.0}, {'lat': 36.38, 'long': 141.758, 'Time': Timestamp('2008-05-07 16:27:40'), 'mag': 5.0}, {'lat': 36.164, 'long': 141.526, 'Time': Timestamp('2008-05-07 16:45:18'), 'mag': 6.9}, {'lat': 36.248, 'long': 141.584, 'Time': Timestamp('2008-05-07 17:31:18'), 'mag': 5.4}, {'lat': 36.148, 'long': 141.501, 'Time': Timestamp('2008-05-07 18:19:56'), 'mag': 5.0}]",20
417,2008-05-06 04:34:53.236,0,[],0
418,2008-05-06 06:12:56.031,0,[],0
419,2008-05-06 07:51:25.722,0,[],0
420,2008-05-06 09:28:23.539,0,[],0
421,2008-05-06 11:07:50.910,0,[],0
422,2008-05-06 12:47:53.839,0,[],0
423,2008-05-06 14:26:52.281,1,"[{'lat': -21.989, 'long': -68.83, 'Time': Timestamp('2008-05-08 00:27:22'), 'mag': 5.0}]",1
424,2008-05-06 19:20:20.051,0,[],0
425,2008-05-06 20:55:55.714,0,[],0
426,2008-05-06 22:33:53.999,0,[],0
427,2008-05-07 00:10:54.026,0,[],0
428,2008-05-07 01:48:21.809,1,"[{'lat': 36.178, 'long': 141.545, 'Time': Timestamp('2008-05-07 16:02:02'), 'mag': 6.2}, {'lat': 36.226, 'long': 141.766, 'Time': Timestamp('2008-05-07 16:03:40'), 'mag': 5.4}, {'lat': 36.232, 'long': 141.907, 'Time': Timestamp('2008-05-07 16:09:04'), 'mag': 5.3}, {'lat': 36.228, 'long': 141.7, 'Time': Timestamp('2008-05-07 16:12:27'), 'mag': 5.1}, {'lat': 36.156, 'long': 141.756, 'Time': Timestamp('2008-05-07 16:16:36'), 'mag': 6.1}, {'lat': 36.125, 'long': 141.842, 'Time': Timestamp('2008-05-07 16:24:10'), 'mag': 5.0}, {'lat': 36.38, 'long': 141.758, 'Time': Timestamp('2008-05-07 16:27:40'), 'mag': 5.0}, {'lat': 36.164, 'long': 141.526, 'Time': Timestamp('2008-05-07 16:45:18'), 'mag': 6.9}, {'lat': 36.248, 'long': 141.584, 'Time': Timestamp('2008-05-07 17:31:18'), 'mag': 5.4}, {'lat': 36.148, 'long': 141.501, 'Time': Timestamp('2008-05-07 18:19:56'), 'mag': 5.0}, {'lat': 36.09, 'long': 141.931, 'Time': Timestamp('2008-05-08 09:40:36'), 'mag': 5.0}, {'lat': 36.275, 'long': 142.029, 'Time': Timestamp('2008-05-08 21:18:43'), 'mag': 5.0}, {'lat': 36.108, 'long': 141.683, 'Time': Timestamp('2008-05-08 23:21:06'), 'mag': 5.6}]",13
429,2008-05-07 05:05:26.722,0,[],0
430,2008-05-07 06:43:22.776,0,[],0
431,2008-05-07 08:20:23.349,0,[],0
432,2008-05-07 09:59:21.744,0,[],0
433,2008-05-07 11:38:53.344,0,[],0
434,2008-05-07 13:18:53.371,0,[],0
435,2008-05-07 14:57:51.043,1,"[{'lat': -21.989, 'long': -68.83, 'Time': Timestamp('2008-05-08 00:27:22'), 'mag': 5.0}]",1
436,2008-05-07 16:35:53.425,0,[],0
437,2008-05-07 18:13:23.452,0,[],0
438,2008-05-07 19:50:23.478,0,[],0
439,2008-05-07 21:26:25.792,0,[],0
440,2008-05-07 23:04:23.531,0,[],0
441,2008-05-08 05:35:56.048,0,[],0
442,2008-05-08 07:14:26.957,0,[],0
443,2008-05-08 08:52:53.557,0,[],0
444,2008-05-08 10:30:20.816,0,[],0
445,2008-05-08 13:49:53.772,0,[],0
446,2008-05-08 15:28:21.557,0,[],0
447,2008-05-08 17:06:23.826,0,[],0
448,2008-05-08 18:43:49.735,0,[],0
449,2008-05-08 20:20:51.636,0,[],0
450,2008-05-08 21:56:24.977,0,[],0
451,2008-05-08 23:34:23.932,0,[],0
452,2008-05-09 01:11:54.260,1,"[{'lat': 43.533, 'long': 145.717, 'Time': Timestamp('2008-05-10 18:24:02'), 'mag': 5.2}, {'lat': 43.533, 'long': 145.717, 'Time': Timestamp('2008-05-10 18:24:02'), 'mag': 5.2}, {'lat': 23.371, 'long': 143.278, 'Time': Timestamp('2008-05-10 13:32:49'), 'mag': 5.1}, {'lat': 12.516, 'long': 143.181, 'Time': Timestamp('2008-05-09 21:51:29'), 'mag': 6.8}, {'lat': 12.516, 'long': 143.181, 'Time': Timestamp('2008-05-09 21:51:29'), 'mag': 6.8}]",5
453,2008-05-09 04:28:54.872,0,[],0
454,2008-05-09 06:06:56.338,0,[],0
455,2008-05-09 07:45:24.256,0,[],0
456,2008-05-09 09:22:22.847,1,"[{'lat': 36.3, 'long': 22.24, 'Time': Timestamp('2008-05-10 20:53:04'), 'mag': 5.4}]",1
457,2008-05-09 11:01:52.986,0,[],0
458,2008-05-09 12:41:23.147,0,[],0
459,2008-05-09 14:20:48.710,0,[],0
460,2008-05-09 15:59:21.851,0,[],0
461,2008-05-09 17:36:53.228,0,[],0
462,2008-05-09 19:13:50.575,0,[],0
463,2008-05-09 20:47:52.141,0,[],0
464,2008-05-09 22:27:51.387,0,[],0
465,2008-05-10 00:04:53.333,1,"[{'lat': -51.46, 'long': 139.129, 'Time': Timestamp('2008-05-10 06:17:32'), 'mag': 5.1}]",1
466,2008-05-10 03:21:23.688,0,[],0
467,2008-05-10 04:59:22.934,0,[],0
468,2008-05-10 06:37:25.740,0,[],0
469,2008-05-10 09:53:21.920,0,[],0
470,2008-05-10 11:32:53.520,0,[],0
471,2008-05-10 13:12:23.548,0,[],0
472,2008-05-10 14:51:17.012,0,[],0
473,2008-05-10 16:29:53.602,0,[],0
474,2008-05-10 18:07:23.629,0,[],0
475,2008-05-10 19:44:23.968,0,[],0
476,2008-05-10 21:20:25.969,1,"[{'lat': 56.4675, 'long': -153.0667, 'Time': Timestamp('2008-05-12 12:50:34'), 'mag': 5.2}, {'lat': -17.74, 'long': -173.283, 'Time': Timestamp('2008-05-11 05:49:22'), 'mag': 5.4}]",2
477,2008-05-10 22:58:23.707,0,[],0
478,2008-05-11 00:35:18.500,1,"[{'lat': 46.571, 'long': 152.745, 'Time': Timestamp('2008-05-12 02:21:46'), 'mag': 5.0}]",1
479,2008-05-11 03:51:54.648,1,"[{'lat': 31.968, 'long': 104.787, 'Time': Timestamp('2008-05-12 06:41:26'), 'mag': 5.2}, {'lat': 31.586, 'long': 104.032, 'Time': Timestamp('2008-05-12 06:41:56'), 'mag': 5.7}, {'lat': 32.436, 'long': 105.234, 'Time': Timestamp('2008-05-12 06:48:59'), 'mag': 5.3}, {'lat': 31.906, 'long': 104.481, 'Time': Timestamp('2008-05-12 06:50:36'), 'mag': 5.1}, {'lat': 32.372, 'long': 105.202, 'Time': Timestamp('2008-05-12 06:53:30'), 'mag': 5.1}, {'lat': 31.857, 'long': 104.638, 'Time': Timestamp('2008-05-12 06:57:34'), 'mag': 5.1}, {'lat': 32.195, 'long': 104.908, 'Time': Timestamp('2008-05-12 07:00:42'), 'mag': 5.0}, {'lat': 31.636, 'long': 104.217, 'Time': Timestamp('2008-05-12 07:01:34'), 'mag': 5.3}, {'lat': 32.165, 'long': 105.134, 'Time': Timestamp('2008-05-12 07:05:05'), 'mag': 5.0}, {'lat': 32.12, 'long': 104.65, 'Time': Timestamp('2008-05-12 14:15:27'), 'mag': 5.0}, {'lat': 32.733, 'long': 105.616, 'Time': Timestamp('2008-05-12 14:46:07'), 'mag': 5.1}, {'lat': 31.952, 'long': 104.575, 'Time': Timestamp('2008-05-12 15:08:59'), 'mag': 5.1}, {'lat': 31.746, 'long': 104.454, 'Time': Timestamp('2008-05-12 20:45:34'), 'mag': 5.3}, {'lat': 31.002, 'long': 103.322, 'Time': Timestamp('2008-05-12 06:28:01'), 'mag': 7.9}, {'lat': 31.968, 'long': 104.787, 'Time': Timestamp('2008-05-12 06:41:26'), 'mag': 5.2}, {'lat': 31.586, 'long': 104.032, 'Time': Timestamp('2008-05-12 06:41:56'), 'mag': 5.7}, {'lat': 31.342, 'long': 104.682, 'Time': Timestamp('2008-05-12 06:42:08'), 'mag': 5.7}, {'lat': 31.211, 'long': 103.715, 'Time': Timestamp('2008-05-12 06:43:14'), 'mag': 5.8}, {'lat': 31.272, 'long': 104.705, 'Time': Timestamp('2008-05-12 06:43:57'), 'mag': 5.4}, {'lat': 32.436, 'long': 105.234, 'Time': Timestamp('2008-05-12 06:48:59'), 'mag': 5.3}, {'lat': 31.906, 'long': 104.481, 'Time': Timestamp('2008-05-12 06:50:36'), 'mag': 5.1}, {'lat': 32.372, 'long': 105.202, 'Time': Timestamp('2008-05-12 06:53:30'), 'mag': 5.1}, {'lat': 31.146, 'long': 103.747, 'Time': Timestamp('2008-05-12 06:54:18'), 'mag': 5.3}, {'lat': 31.857, 'long': 104.638, 'Time': Timestamp('2008-05-12 06:57:34'), 'mag': 5.1}, {'lat': 31.216, 'long': 103.646, 'Time': Timestamp('2008-05-12 07:00:28'), 'mag': 5.0}, {'lat': 32.195, 'long': 104.908, 'Time': Timestamp('2008-05-12 07:00:42'), 'mag': 5.0}, {'lat': 31.636, 'long': 104.217, 'Time': Timestamp('2008-05-12 07:01:34'), 'mag': 5.3}, {'lat': 32.165, 'long': 105.134, 'Time': Timestamp('2008-05-12 07:05:05'), 'mag': 5.0}, {'lat': 31.243, 'long': 103.625, 'Time': Timestamp('2008-05-12 07:34:42'), 'mag': 5.1}, {'lat': 31.1, 'long': 103.53, 'Time': Timestamp('2008-05-12 08:10:58'), 'mag': 5.0}, {'lat': 31.503, 'long': 104.052, 'Time': Timestamp('2008-05-12 08:21:39'), 'mag': 5.0}, {'lat': 31.206, 'long': 103.682, 'Time': Timestamp('2008-05-12 09:07:00'), 'mag': 5.0}, {'lat': 31.527, 'long': 104.092, 'Time': Timestamp('2008-05-12 09:42:24'), 'mag': 5.5}, {'lat': 30.966, 'long': 103.365, 'Time': Timestamp('2008-05-12 10:23:40'), 'mag': 5.0}, {'lat': 31.214, 'long': 103.618, 'Time': Timestamp('2008-05-12 11:11:02'), 'mag': 6.1}, {'lat': 31.028, 'long': 103.511, 'Time': Timestamp('2008-05-12 13:40:54'), 'mag': 5.0}, {'lat': 32.12, 'long': 104.65, 'Time': Timestamp('2008-05-12 14:15:27'), 'mag': 5.0}, {'lat': 32.733, 'long': 105.616, 'Time': Timestamp('2008-05-12 14:46:07'), 'mag': 5.1}, {'lat': 31.243, 'long': 103.692, 'Time': Timestamp('2008-05-12 15:05:31'), 'mag': 5.0}, {'lat': 31.952, 'long': 104.575, 'Time': Timestamp('2008-05-12 15:08:59'), 'mag': 5.1}, {'lat': 31.058, 'long': 103.514, 'Time': Timestamp('2008-05-12 15:28:53'), 'mag': 5.0}, {'lat': 31.178, 'long': 103.524, 'Time': Timestamp('2008-05-12 17:54:35'), 'mag': 5.0}, {'lat': 31.413, 'long': 103.889, 'Time': Timestamp('2008-05-12 20:08:50'), 'mag': 5.6}, {'lat': 31.746, 'long': 104.454, 'Time': Timestamp('2008-05-12 20:45:34'), 'mag': 5.3}, {'lat': 31.282, 'long': 103.527, 'Time': Timestamp('2008-05-12 23:46:18'), 'mag': 5.2}, {'lat': 31.298, 'long': 103.53, 'Time': Timestamp('2008-05-12 23:54:46'), 'mag': 5.1}, {'lat': 31.205, 'long': 103.682, 'Time': Timestamp('2008-05-13 03:00:38'), 'mag': 5.0}]",47
480,2008-05-11 05:29:56.226,0,[],0
481,2008-05-11 07:08:27.134,0,[],0
482,2008-05-11 08:44:50.855,0,[],0
483,2008-05-11 10:24:25.089,0,[],0
484,2008-05-11 12:03:53.922,0,[],0
485,2008-05-11 13:43:23.949,0,[],0
486,2008-05-11 15:22:14.870,0,[],0
487,2008-05-11 17:00:24.003,0,[],0
488,2008-05-11 18:37:54.029,0,[],0
489,2008-05-11 20:14:54.056,0,[],0
490,2008-05-11 21:50:24.154,1,"[{'lat': 56.4675, 'long': -153.0667, 'Time': Timestamp('2008-05-12 12:50:34'), 'mag': 5.2}]",1
491,2008-05-11 23:28:23.108,0,[],0
492,2008-05-12 01:05:17.901,1,"[{'lat': 46.571, 'long': 152.745, 'Time': Timestamp('2008-05-12 02:21:46'), 'mag': 5.0}]",1
493,2008-05-12 04:22:54.048,1,"[{'lat': 4.676, 'long': 95.089, 'Time': Timestamp('2008-05-13 10:29:19'), 'mag': 5.4}]",1
494,2008-05-12 06:00:52.859,0,[],0
495,2008-05-12 07:38:52.439,0,[],0
496,2008-05-12 09:15:50.255,0,[],0
497,2008-05-12 10:55:20.395,1,"[{'lat': -55.676, 'long': -28.358, 'Time': Timestamp('2008-05-13 03:37:11'), 'mag': 5.2}]",1
498,2008-05-12 12:35:23.324,0,[],0
499,2008-05-12 14:14:20.661,0,[],0
500,2008-05-12 15:52:50.588,0,[],0
501,2008-05-12 17:30:53.404,0,[],0
502,2008-05-12 19:07:53.431,0,[],0
503,2008-05-12 20:41:52.318,0,[],0
504,2008-05-12 22:21:53.004,0,[],0
505,2008-05-12 23:58:53.510,0,[],0
506,2008-05-13 01:35:51.851,1,"[{'lat': 1.371, 'long': 125.692, 'Time': Timestamp('2008-05-13 22:44:48'), 'mag': 5.1}]",1
507,2008-05-13 03:15:26.086,0,[],0
508,2008-05-13 04:53:32.520,0,[],0
509,2008-05-13 06:31:26.496,0,[],0
510,2008-05-13 08:09:51.177,0,[],0
511,2008-05-13 09:46:48.001,0,[],0
512,2008-05-13 11:26:53.698,0,[],0
513,2008-05-13 13:06:23.725,0,[],0
514,2008-05-13 14:45:18.294,0,[],0
515,2008-05-13 16:23:53.778,0,[],0
516,2008-05-13 18:01:23.805,1,"[{'lat': -55.099, 'long': -129.045, 'Time': Timestamp('2008-05-14 23:00:50'), 'mag': 5.2}, {'lat': -55.099, 'long': -129.045, 'Time': Timestamp('2008-05-14 23:00:50'), 'mag': 5.2}]",2
517,2008-05-13 19:38:23.831,0,[],0
518,2008-05-13 22:51:53.885,0,[],0
519,2008-05-14 00:29:18.677,0,[],0
520,2008-05-14 03:45:54.378,1,"[{'lat': 31.996, 'long': 104.032, 'Time': Timestamp('2008-05-14 05:54:57'), 'mag': 5.1}, {'lat': 31.356, 'long': 104.014, 'Time': Timestamp('2008-05-14 09:26:43'), 'mag': 5.1}, {'lat': 31.66, 'long': 104.214, 'Time': Timestamp('2008-05-14 21:01:07'), 'mag': 5.1}, {'lat': 31.996, 'long': 104.032, 'Time': Timestamp('2008-05-14 05:54:57'), 'mag': 5.1}, {'lat': 31.356, 'long': 104.014, 'Time': Timestamp('2008-05-14 09:26:43'), 'mag': 5.1}, {'lat': 31.66, 'long': 104.214, 'Time': Timestamp('2008-05-14 21:01:07'), 'mag': 5.1}]",6
521,2008-05-14 05:23:53.512,0,[],0
522,2008-05-14 07:01:54.989,0,[],0
523,2008-05-14 08:38:52.360,0,[],0
524,2008-05-14 10:18:20.302,0,[],0
525,2008-05-14 11:57:53.231,0,[],0
526,2008-05-14 13:37:23.258,0,[],0
527,2008-05-14 15:16:14.178,0,[],0
528,2008-05-14 20:08:23.365,0,[],0
529,2008-05-14 21:44:20.367,1,"[{'lat': -19.798, 'long': -178.252, 'Time': Timestamp('2008-05-14 22:46:02'), 'mag': 5.4}, {'lat': -20.839, 'long': -174.062, 'Time': Timestamp('2008-05-15 14:06:15'), 'mag': 5.1}, {'lat': -19.812, 'long': -177.495, 'Time': Timestamp('2008-05-15 22:07:44'), 'mag': 5.3}, {'lat': -19.798, 'long': -178.252, 'Time': Timestamp('2008-05-14 22:46:02'), 'mag': 5.4}, {'lat': -20.839, 'long': -174.062, 'Time': Timestamp('2008-05-15 14:06:15'), 'mag': 5.1}, {'lat': -19.812, 'long': -177.495, 'Time': Timestamp('2008-05-15 22:07:44'), 'mag': 5.3}, {'lat': -32.544, 'long': -178.356, 'Time': Timestamp('2008-05-16 11:06:50'), 'mag': 5.4}]",7
530,2008-05-14 23:22:23.417,1,"[{'lat': -10.547, 'long': 164.911, 'Time': Timestamp('2008-05-15 22:19:08'), 'mag': 5.4}]",1
531,2008-05-15 00:59:18.210,0,[],0
532,2008-05-15 04:16:28.342,0,[],0
533,2008-05-15 05:54:24.496,0,[],0
534,2008-05-15 07:32:52.748,0,[],0
535,2008-05-15 09:09:50.565,0,[],0
536,2008-05-15 10:49:24.800,1,"[{'lat': -57.911, 'long': -25.483, 'Time': Timestamp('2008-05-15 14:23:28'), 'mag': 5.9}, {'lat': -56.049, 'long': -27.483, 'Time': Timestamp('2008-05-15 21:44:02'), 'mag': 5.0}]",2
537,2008-05-15 12:28:53.632,0,[],0
538,2008-05-15 14:08:23.659,0,[],0
539,2008-05-15 15:46:46.130,0,[],0
540,2008-05-15 17:24:53.713,0,[],0
541,2008-05-15 19:01:53.740,0,[],0
542,2008-05-15 20:35:52.627,0,[],0
543,2008-05-16 04:47:26.310,0,[],0
544,2008-05-16 06:25:20.678,0,[],0
545,2008-05-16 11:20:24.007,0,[],0
546,2008-05-16 12:59:54.033,0,[],0
547,2008-05-16 14:39:22.588,0,[],0
548,2008-05-16 16:17:21.290,0,[],0
549,2008-05-16 17:55:23.115,0,[],0
550,2008-05-16 19:32:23.141,0,[],0
551,2008-05-16 21:06:26.671,0,[],0
552,2008-05-16 22:45:53.193,0,[],0
553,2008-05-17 00:22:46.546,0,[],0
554,2008-05-17 03:39:53.687,1,"[{'lat': 32.24, 'long': 104.982, 'Time': Timestamp('2008-05-17 17:08:25'), 'mag': 5.8}, {'lat': 32.24, 'long': 104.982, 'Time': Timestamp('2008-05-17 17:08:25'), 'mag': 5.8}, {'lat': -3.202, 'long': 101.409, 'Time': Timestamp('2008-05-18 12:17:23'), 'mag': 5.7}]",3
555,2008-05-17 05:17:52.821,0,[],0
556,2008-05-17 06:55:51.631,0,[],0
557,2008-05-17 08:34:21.780,0,[],0
558,2008-05-17 10:11:54.575,0,[],0
559,2008-05-17 11:51:23.408,0,[],0
560,2008-05-17 13:30:53.435,0,[],0
561,2008-05-17 15:09:56.531,0,[],0
562,2008-05-17 16:47:53.488,1,"[{'lat': 16.424, 'long': -97.827, 'Time': Timestamp('2008-05-17 20:04:10'), 'mag': 5.2}]",1
563,2008-05-17 18:25:23.515,0,[],0
564,2008-05-17 20:02:23.541,0,[],0
565,2008-05-17 21:39:23.982,1,"[{'lat': -26.427, 'long': -176.372, 'Time': Timestamp('2008-05-18 18:59:24'), 'mag': 5.0}, {'lat': -31.552, 'long': -178.887, 'Time': Timestamp('2008-05-19 19:02:57'), 'mag': 5.0}, {'lat': -30.224, 'long': -177.665, 'Time': Timestamp('2008-05-19 19:24:58'), 'mag': 5.1}, {'lat': -31.552, 'long': -178.887, 'Time': Timestamp('2008-05-19 19:02:57'), 'mag': 5.0}, {'lat': -30.224, 'long': -177.665, 'Time': Timestamp('2008-05-19 19:24:58'), 'mag': 5.1}]",5
566,2008-05-17 23:16:23.594,0,[],0
567,2008-05-18 00:53:18.387,0,[],0
568,2008-05-18 04:10:27.191,1,"[{'lat': 32.402, 'long': 105.042, 'Time': Timestamp('2008-05-19 04:08:58'), 'mag': 5.0}, {'lat': 32.451, 'long': 105.272, 'Time': Timestamp('2008-05-19 06:06:54'), 'mag': 5.2}]",2
569,2008-05-18 05:48:26.113,0,[],0
570,2008-05-18 07:26:55.693,1,"[{'lat': -47.781, 'long': 31.965, 'Time': Timestamp('2008-05-19 03:16:13'), 'mag': 5.9}]",1
571,2008-05-18 09:03:22.069,0,[],0
572,2008-05-18 10:42:52.209,0,[],0
573,2008-05-18 12:22:53.809,0,[],0
574,2008-05-18 14:01:52.029,0,[],0
575,2008-05-18 15:40:44.868,0,[],0
576,2008-05-18 20:32:51.700,0,[],0
577,2008-05-18 22:09:52.162,0,[],0
578,2008-05-18 23:46:53.996,0,[],0
579,2008-05-19 04:41:01.799,0,[],0
580,2008-05-19 06:18:51.184,0,[],0
581,2008-05-19 07:57:24.647,0,[],0
582,2008-05-19 09:34:21.582,0,[],0
583,2008-05-19 11:14:23.183,0,[],0
584,2008-05-19 14:32:51.653,1,"[{'lat': -44.451, 'long': -78.207, 'Time': Timestamp('2008-05-20 15:16:04'), 'mag': 5.6}]",1
585,2008-05-19 16:11:20.698,0,[],0
586,2008-05-19 17:48:53.291,0,[],0
587,2008-05-19 19:26:23.318,0,[],0
588,2008-05-19 21:02:52.429,0,[],0
589,2008-05-19 22:39:53.370,0,[],0
590,2008-05-20 00:16:53.587,1,"[{'lat': -9.946, 'long': 150.914, 'Time': Timestamp('2008-05-21 01:30:24'), 'mag': 5.2}, {'lat': -9.981, 'long': 150.891, 'Time': Timestamp('2008-05-21 02:45:52'), 'mag': 5.4}, {'lat': -9.946, 'long': 150.914, 'Time': Timestamp('2008-05-21 01:30:24'), 'mag': 5.2}, {'lat': -9.981, 'long': 150.891, 'Time': Timestamp('2008-05-21 02:45:52'), 'mag': 5.4}]",4
591,2008-05-20 01:54:17.084,0,[],0
592,2008-05-20 05:11:27.094,0,[],0
593,2008-05-20 06:49:54.464,0,[],0
594,2008-05-20 08:28:19.737,0,[],0
595,2008-05-20 10:05:50.656,0,[],0
596,2008-05-20 11:45:23.584,0,[],0
597,2008-05-20 13:24:53.612,0,[],0
598,2008-05-20 15:03:48.516,1,"[{'lat': -8.58, 'long': -74.886, 'Time': Timestamp('2008-05-20 21:37:12'), 'mag': 5.2}, {'lat': -44.451, 'long': -78.207, 'Time': Timestamp('2008-05-20 15:16:04'), 'mag': 5.6}]",2
599,2008-05-20 16:41:53.665,0,[],0
600,2008-05-20 18:19:23.692,0,[],0
601,2008-05-20 19:56:23.718,0,[],0
602,2008-05-20 21:33:24.159,0,[],0
603,2008-05-20 23:10:23.772,0,[],0
604,2008-05-21 00:47:21.120,0,[],0
605,2008-05-21 05:42:24.961,0,[],0
606,2008-05-21 07:20:23.102,0,[],0
607,2008-05-21 08:57:20.919,0,[],0
608,2008-05-21 10:36:52.960,0,[],0
609,2008-05-21 12:16:23.121,0,[],0
610,2008-05-21 13:55:53.147,0,[],0
611,2008-05-21 15:34:19.604,0,[],0
612,2008-05-21 22:03:22.801,0,[],0
613,2008-05-21 23:40:23.307,1,"[{'lat': 51.638, 'long': 177.916, 'Time': Timestamp('2008-05-23 03:33:09'), 'mag': 5.4}]",1
614,2008-05-22 01:17:42.675,1,"[{'lat': -7.061, 'long': 129.483, 'Time': Timestamp('2008-05-23 22:50:37'), 'mag': 5.7}, {'lat': -7.061, 'long': 129.483, 'Time': Timestamp('2008-05-23 22:50:37'), 'mag': 5.7}]",2
615,2008-05-22 04:35:01.111,0,[],0
616,2008-05-22 06:12:55.714,0,[],0
617,2008-05-22 07:51:20.864,0,[],0
618,2008-05-22 09:28:23.222,0,[],0
619,2008-05-22 11:07:50.593,0,[],0
620,2008-05-22 12:47:53.522,1,"[{'lat': 42.386, 'long': -30.515, 'Time': Timestamp('2008-05-24 04:58:18'), 'mag': 5.5}, {'lat': 7.313, 'long': -34.897, 'Time': Timestamp('2008-05-23 19:35:34'), 'mag': 6.5}, {'lat': 7.313, 'long': -34.897, 'Time': Timestamp('2008-05-23 19:35:34'), 'mag': 6.5}]",3
621,2008-05-22 14:26:51.964,1,"[{'lat': -22.853, 'long': -68.82, 'Time': Timestamp('2008-05-23 20:46:16'), 'mag': 5.2}, {'lat': -41.957, 'long': -72.187, 'Time': Timestamp('2008-05-24 02:43:36'), 'mag': 5.4}, {'lat': -42.025, 'long': -72.206, 'Time': Timestamp('2008-05-24 06:26:23'), 'mag': 5.0}]",3
622,2008-05-22 16:05:21.009,0,[],0
623,2008-05-22 17:42:53.602,1,"[{'lat': -23.199, 'long': -115.087, 'Time': Timestamp('2008-05-23 23:04:06'), 'mag': 5.3}]",1
624,2008-05-22 19:20:19.734,0,[],0
625,2008-05-22 20:56:52.741,0,[],0
626,2008-05-22 22:33:53.682,1,"[{'lat': -19.384, 'long': 169.508, 'Time': Timestamp('2008-05-24 10:28:43'), 'mag': 5.1}]",1
627,2008-05-23 00:10:53.709,0,[],0
628,2008-05-23 01:48:21.492,1,"[{'lat': -7.061, 'long': 129.483, 'Time': Timestamp('2008-05-23 22:50:37'), 'mag': 5.7}, {'lat': -8.839, 'long': 124.097, 'Time': Timestamp('2008-05-24 07:40:42'), 'mag': 5.0}, {'lat': -7.061, 'long': 129.483, 'Time': Timestamp('2008-05-23 22:50:37'), 'mag': 5.7}, {'lat': -8.839, 'long': 124.097, 'Time': Timestamp('2008-05-24 07:40:42'), 'mag': 5.0}]",4
629,2008-05-23 05:05:27.405,0,[],0
630,2008-05-23 06:43:20.568,0,[],0
631,2008-05-23 08:20:19.936,0,[],0
632,2008-05-23 09:59:22.295,0,[],0
633,2008-05-23 11:39:23.896,1,"[{'lat': -0.304, 'long': -18.813, 'Time': Timestamp('2008-05-24 13:21:29'), 'mag': 5.1}]",1
634,2008-05-23 13:18:53.923,1,"[{'lat': 42.386, 'long': -30.515, 'Time': Timestamp('2008-05-24 04:58:18'), 'mag': 5.5}, {'lat': 42.386, 'long': -30.515, 'Time': Timestamp('2008-05-24 04:58:18'), 'mag': 5.5}]",2
635,2008-05-23 14:57:51.596,1,"[{'lat': -22.853, 'long': -68.82, 'Time': Timestamp('2008-05-23 20:46:16'), 'mag': 5.2}]",1
636,2008-05-23 16:35:53.977,1,"[{'lat': 15.288, 'long': -91.894, 'Time': Timestamp('2008-05-25 05:45:12'), 'mag': 5.0}]",1
637,2008-05-23 18:13:24.003,0,[],0
638,2008-05-23 19:50:24.030,1,"[{'lat': 44.213, 'long': -129.393, 'Time': Timestamp('2008-05-24 23:23:06'), 'mag': 5.1}, {'lat': -62.826, 'long': -158.035, 'Time': Timestamp('2008-05-25 01:46:25'), 'mag': 5.2}]",2
639,2008-05-23 21:27:24.470,1,"[{'lat': 55.9055, 'long': -153.5083, 'Time': Timestamp('2008-05-25 19:18:24'), 'mag': 6.0}]",1
640,2008-05-23 23:04:23.083,1,"[{'lat': -19.384, 'long': 169.508, 'Time': Timestamp('2008-05-24 10:28:43'), 'mag': 5.1}]",1
641,2008-05-24 00:41:17.876,0,[],0
642,2008-05-24 02:18:51.886,0,[],0
643,2008-05-24 05:35:55.600,0,[],0
644,2008-05-24 07:14:26.509,0,[],0
645,2008-05-24 08:51:18.902,0,[],0
646,2008-05-24 10:30:20.369,0,[],0
647,2008-05-24 12:10:23.297,0,[],0
648,2008-05-24 13:49:53.325,0,[],0
649,2008-05-24 15:28:21.109,1,"[{'lat': 4.33, 'long': -73.764, 'Time': Timestamp('2008-05-24 19:20:42'), 'mag': 5.9}, {'lat': 4.33, 'long': -73.764, 'Time': Timestamp('2008-05-24 19:20:42'), 'mag': 5.9}]",2
650,2008-05-24 17:06:23.378,0,[],0
651,2008-05-24 18:43:49.286,0,[],0
652,2008-05-24 21:57:24.418,0,[],0
653,2008-05-24 23:34:23.484,0,[],0
654,2008-05-25 01:11:53.812,0,[],0
655,2008-05-25 04:28:53.096,0,[],0
656,2008-05-25 06:06:55.890,0,[],0
657,2008-05-25 07:45:23.808,0,[],0
658,2008-05-25 09:22:19.303,0,[],0
659,2008-05-25 11:01:53.538,0,[],0
660,2008-05-25 12:41:23.698,0,[],0
661,2008-05-25 14:20:49.262,0,[],0
662,2008-05-25 15:59:19.635,1,"[{'lat': 8.423, 'long': -82.968, 'Time': Timestamp('2008-05-26 15:01:33'), 'mag': 5.6}, {'lat': 8.445, 'long': -83.027, 'Time': Timestamp('2008-05-26 15:38:01'), 'mag': 5.1}, {'lat': 4.729, 'long': -82.633, 'Time': Timestamp('2008-05-25 23:15:57'), 'mag': 5.1}, {'lat': 2.021, 'long': -84.594, 'Time': Timestamp('2008-05-26 00:58:28'), 'mag': 5.1}, {'lat': 8.423, 'long': -82.968, 'Time': Timestamp('2008-05-26 15:01:33'), 'mag': 5.6}, {'lat': 8.445, 'long': -83.027, 'Time': Timestamp('2008-05-26 15:38:01'), 'mag': 5.1}, {'lat': 2.021, 'long': -84.594, 'Time': Timestamp('2008-05-26 00:58:28'), 'mag': 5.1}]",7
663,2008-05-25 17:36:53.779,0,[],0
664,2008-05-25 19:13:49.799,0,[],0
665,2008-05-25 20:50:52.918,0,[],0
666,2008-05-25 22:27:53.859,0,[],0
667,2008-05-26 00:04:53.886,0,[],0
668,2008-05-26 03:21:24.240,0,[],0
669,2008-05-26 04:59:32.894,0,[],0
670,2008-05-26 06:37:26.169,0,[],0
671,2008-05-26 08:15:50.224,0,[],0
672,2008-05-26 09:53:22.472,0,[],0
673,2008-05-26 11:32:54.073,0,[],0
674,2008-05-26 13:12:23.100,0,[],0
675,2008-05-26 14:51:16.564,0,[],0
676,2008-05-26 16:29:53.154,1,"[{'lat': 13.616, 'long': -91.02, 'Time': Timestamp('2008-05-27 11:27:55'), 'mag': 5.7}]",1
677,2008-05-26 18:07:23.180,0,[],0
678,2008-05-26 19:44:23.520,0,[],0
679,2008-05-26 21:21:22.319,1,"[{'lat': -25.201, 'long': -176.529, 'Time': Timestamp('2008-05-28 14:51:28'), 'mag': 5.0}]",1
680,2008-05-26 22:58:23.260,1,"[{'lat': -20.009, 'long': 168.763, 'Time': Timestamp('2008-05-27 17:34:18'), 'mag': 5.3}]",1
681,2008-05-27 00:35:18.052,1,"[{'lat': 13.391, 'long': 144.816, 'Time': Timestamp('2008-05-28 16:14:20'), 'mag': 5.4}, {'lat': 13.391, 'long': 144.816, 'Time': Timestamp('2008-05-28 16:14:20'), 'mag': 5.4}]",2
682,2008-05-27 03:51:54.199,1,"[{'lat': 32.699, 'long': 105.533, 'Time': Timestamp('2008-05-27 08:03:22'), 'mag': 5.2}, {'lat': 32.71, 'long': 105.54, 'Time': Timestamp('2008-05-27 08:37:51'), 'mag': 5.7}, {'lat': 32.67, 'long': 105.382, 'Time': Timestamp('2008-05-27 17:35:09'), 'mag': 5.0}, {'lat': 32.699, 'long': 105.533, 'Time': Timestamp('2008-05-27 08:03:22'), 'mag': 5.2}, {'lat': 32.71, 'long': 105.54, 'Time': Timestamp('2008-05-27 08:37:51'), 'mag': 5.7}, {'lat': 32.67, 'long': 105.382, 'Time': Timestamp('2008-05-27 17:35:09'), 'mag': 5.0}]",6
683,2008-05-27 05:29:55.778,0,[],0
684,2008-05-27 07:08:26.686,0,[],0
685,2008-05-27 08:44:50.407,0,[],0
686,2008-05-27 10:24:24.642,0,[],0
687,2008-05-27 12:03:53.474,0,[],0
688,2008-05-27 13:43:23.501,0,[],0
689,2008-05-27 15:22:14.421,1,"[{'lat': -13.102, 'long': -74.462, 'Time': Timestamp('2008-05-28 21:39:05'), 'mag': 5.2}]",1
690,2008-05-27 17:00:23.555,0,[],0
691,2008-05-27 18:37:53.581,0,[],0
692,2008-05-27 20:14:54.133,0,[],0
693,2008-05-27 23:28:23.661,0,[],0
694,2008-05-28 01:05:18.454,1,"[{'lat': 13.391, 'long': 144.816, 'Time': Timestamp('2008-05-28 16:14:20'), 'mag': 5.4}, {'lat': 13.391, 'long': 144.816, 'Time': Timestamp('2008-05-28 16:14:20'), 'mag': 5.4}]",2
695,2008-05-28 04:22:54.600,0,[],0
696,2008-05-28 06:00:28.835,0,[],0
697,2008-05-28 07:38:52.992,0,[],0
698,2008-05-28 09:15:50.808,0,[],0
699,2008-05-28 10:55:21.082,0,[],0
700,2008-05-28 12:35:24.011,0,[],0
701,2008-05-28 14:14:21.348,0,[],0
702,2008-05-28 15:52:51.275,1,"[{'lat': 8.391, 'long': -82.917, 'Time': Timestamp('2008-05-30 05:35:41'), 'mag': 5.1}]",1
703,2008-05-28 17:30:53.091,0,[],0
704,2008-05-28 19:07:53.117,0,[],0
705,2008-05-28 20:44:52.229,0,[],0
706,2008-05-28 22:21:54.019,0,[],0
707,2008-05-28 23:58:53.197,1,"[{'lat': -4.304, 'long': 152.628, 'Time': Timestamp('2008-05-30 23:22:29'), 'mag': 5.1}, {'lat': -4.304, 'long': 152.628, 'Time': Timestamp('2008-05-30 23:22:29'), 'mag': 5.1}]",2
708,2008-05-29 04:53:22.798,0,[],0
709,2008-05-29 06:31:24.152,0,[],0
710,2008-05-29 08:09:46.768,0,[],0
711,2008-05-29 09:47:36.840,0,[],0
712,2008-05-29 11:26:53.385,0,[],0
713,2008-05-29 13:06:23.412,0,[],0
714,2008-05-29 14:45:22.077,0,[],0
715,2008-05-29 16:23:50.675,1,"[{'lat': 8.391, 'long': -82.917, 'Time': Timestamp('2008-05-30 05:35:41'), 'mag': 5.1}]",1
716,2008-05-29 18:01:23.492,0,[],0
717,2008-05-29 19:38:23.518,1,"[{'lat': 50.458, 'long': -130.41, 'Time': Timestamp('2008-05-30 12:38:29'), 'mag': 5.0}]",1
718,2008-05-29 21:15:22.631,0,[],0
719,2008-05-29 22:51:53.572,0,[],0
720,2008-05-30 00:29:14.268,0,[],0
721,2008-05-30 03:45:54.065,0,[],0
722,2008-05-30 05:24:02.607,0,[],0
723,2008-05-30 07:01:54.677,0,[],0
724,2008-05-30 08:38:52.046,0,[],0
725,2008-05-30 10:18:20.857,0,[],0
726,2008-05-30 11:57:53.786,0,[],0
727,2008-05-30 13:37:23.813,0,[],0
728,2008-05-30 15:16:22.925,0,[],0
729,2008-05-30 16:54:23.867,0,[],0
730,2008-05-30 20:08:23.920,0,[],0
731,2008-05-30 21:45:24.359,1,"[{'lat': -17.255, 'long': -175.074, 'Time': Timestamp('2008-05-31 03:16:15'), 'mag': 5.1}, {'lat': -17.255, 'long': -175.074, 'Time': Timestamp('2008-05-31 03:16:15'), 'mag': 5.1}]",2
732,2008-05-30 23:22:23.973,0,[],0
733,2008-05-31 00:59:18.765,1,"[{'lat': 51.739, 'long': 159.189, 'Time': Timestamp('2008-06-01 09:24:28'), 'mag': 5.2}, {'lat': 51.624, 'long': 159.283, 'Time': Timestamp('2008-06-01 16:35:06'), 'mag': 5.1}]",2
734,2008-05-31 04:16:27.568,1,"[{'lat': -41.198, 'long': 80.479, 'Time': Timestamp('2008-05-31 04:37:56'), 'mag': 6.4}, {'lat': -41.198, 'long': 80.479, 'Time': Timestamp('2008-05-31 04:37:56'), 'mag': 6.4}]",2
735,2008-05-31 05:54:24.051,0,[],0
736,2008-05-31 07:32:52.303,0,[],0
737,2008-05-31 09:09:50.120,1,"[{'lat': -54.816, 'long': 0.979, 'Time': Timestamp('2008-06-01 00:31:14'), 'mag': 5.5}]",1
738,2008-05-31 10:49:36.642,1,"[{'lat': -37.671, 'long': -17.116, 'Time': Timestamp('2008-06-02 01:58:45'), 'mag': 5.0}, {'lat': -37.602, 'long': -17.635, 'Time': Timestamp('2008-06-02 02:17:17'), 'mag': 5.0}, {'lat': -37.671, 'long': -17.116, 'Time': Timestamp('2008-06-02 01:58:45'), 'mag': 5.0}, {'lat': -37.602, 'long': -17.635, 'Time': Timestamp('2008-06-02 02:17:17'), 'mag': 5.0}]",4
739,2008-05-31 12:28:53.187,0,[],0
740,2008-05-31 14:08:23.215,0,[],0
741,2008-05-31 15:46:44.358,0,[],0
742,2008-05-31 17:24:53.268,1,"[{'lat': -28.919, 'long': -112.258, 'Time': Timestamp('2008-05-31 23:16:04'), 'mag': 5.8}]",1
743,2008-05-31 19:01:53.294,0,[],0
744,2008-05-31 20:38:51.078,0,[],0
745,2008-05-31 22:15:48.772,0,[],0
746,2008-05-31 23:52:53.374,0,[],0
747,2008-06-01 01:29:51.715,1,"[{'lat': -4.583, 'long': 129.532, 'Time': Timestamp('2008-06-01 09:42:32'), 'mag': 5.4}, {'lat': -4.574, 'long': 129.5, 'Time': Timestamp('2008-06-01 10:33:28'), 'mag': 5.4}, {'lat': -4.592, 'long': 129.594, 'Time': Timestamp('2008-06-01 22:55:34'), 'mag': 5.1}]",3
748,2008-06-01 04:47:01.177,0,[],0
749,2008-06-01 06:25:24.329,0,[],0
750,2008-06-01 08:03:42.849,0,[],0
751,2008-06-01 09:40:50.632,0,[],0
752,2008-06-01 11:20:23.561,0,[],0
753,2008-06-01 12:59:53.589,0,[],0
754,2008-06-01 14:39:22.143,0,[],0
755,2008-06-01 19:32:21.241,1,"[{'lat': 44.18, 'long': -129.221, 'Time': Timestamp('2008-06-02 17:50:24'), 'mag': 5.2}, {'lat': 44.18, 'long': -129.221, 'Time': Timestamp('2008-06-02 17:50:24'), 'mag': 5.2}]",2
756,2008-06-01 21:09:22.807,0,[],0
757,2008-06-01 22:45:53.748,0,[],0
758,2008-06-02 00:22:51.197,0,[],0
759,2008-06-02 02:00:25.432,1,"[{'lat': 9.053, 'long': 125.617, 'Time': Timestamp('2008-06-02 06:56:25'), 'mag': 5.0}, {'lat': -0.029, 'long': 123.282, 'Time': Timestamp('2008-06-02 19:47:16'), 'mag': 5.3}, {'lat': -0.627, 'long': 122.639, 'Time': Timestamp('2008-06-04 01:25:24'), 'mag': 5.3}, {'lat': -0.029, 'long': 123.282, 'Time': Timestamp('2008-06-02 19:47:16'), 'mag': 5.3}, {'lat': -8.166, 'long': 120.255, 'Time': Timestamp('2008-06-03 17:31:32'), 'mag': 5.9}, {'lat': -8.125, 'long': 120.265, 'Time': Timestamp('2008-06-03 21:03:46'), 'mag': 5.8}, {'lat': -8.1, 'long': 120.231, 'Time': Timestamp('2008-06-03 22:04:27'), 'mag': 6.0}, {'lat': -8.143, 'long': 120.127, 'Time': Timestamp('2008-06-03 23:43:26'), 'mag': 5.1}, {'lat': -0.627, 'long': 122.639, 'Time': Timestamp('2008-06-04 01:25:24'), 'mag': 5.3}, {'lat': -8.166, 'long': 120.255, 'Time': Timestamp('2008-06-03 17:31:32'), 'mag': 5.9}, {'lat': -8.125, 'long': 120.265, 'Time': Timestamp('2008-06-03 21:03:46'), 'mag': 5.8}, {'lat': -8.1, 'long': 120.231, 'Time': Timestamp('2008-06-03 22:04:27'), 'mag': 6.0}, {'lat': -8.143, 'long': 120.127, 'Time': Timestamp('2008-06-03 23:43:26'), 'mag': 5.1}]",13
760,2008-06-02 03:39:54.242,1,"[{'lat': 32.067, 'long': 104.602, 'Time': Timestamp('2008-06-03 03:09:29'), 'mag': 5.0}, {'lat': 32.067, 'long': 104.602, 'Time': Timestamp('2008-06-03 03:09:29'), 'mag': 5.0}, {'lat': 0.354, 'long': 97.759, 'Time': Timestamp('2008-06-03 10:15:50'), 'mag': 5.3}, {'lat': -2.077, 'long': 99.975, 'Time': Timestamp('2008-06-03 22:49:57'), 'mag': 5.2}]",4
761,2008-06-02 05:18:02.785,0,[],0
762,2008-06-02 06:55:54.854,0,[],0
763,2008-06-02 08:34:21.007,0,[],0
764,2008-06-02 10:11:55.130,0,[],0
765,2008-06-02 11:51:23.962,0,[],0
766,2008-06-02 13:30:53.990,0,[],0
767,2008-06-02 15:09:57.086,0,[],0
768,2008-06-02 16:47:55.015,0,[],0
769,2008-06-02 18:25:19.952,0,[],0
770,2008-06-02 20:02:23.096,0,[],0
771,2008-06-02 21:39:23.537,1,"[{'lat': -22.569, 'long': -175.102, 'Time': Timestamp('2008-06-04 21:28:24'), 'mag': 5.2}, {'lat': -22.569, 'long': -175.102, 'Time': Timestamp('2008-06-04 21:28:24'), 'mag': 5.2}]",2
772,2008-06-02 23:16:23.150,1,"[{'lat': -10.509, 'long': 161.273, 'Time': Timestamp('2008-06-03 16:20:50'), 'mag': 6.2}]",1
773,2008-06-03 00:53:17.942,1,"[{'lat': -2.48, 'long': 140.021, 'Time': Timestamp('2008-06-04 11:49:53'), 'mag': 5.0}, {'lat': -2.48, 'long': 140.021, 'Time': Timestamp('2008-06-04 11:49:53'), 'mag': 5.0}]",2
774,2008-06-03 04:10:26.745,0,[],0
775,2008-06-03 05:48:25.668,1,"[{'lat': 37.347, 'long': 72.146, 'Time': Timestamp('2008-06-04 04:17:40'), 'mag': 5.0}, {'lat': -3.444, 'long': 68.312, 'Time': Timestamp('2008-06-03 08:42:16'), 'mag': 5.3}, {'lat': -3.444, 'long': 68.312, 'Time': Timestamp('2008-06-03 08:42:16'), 'mag': 5.3}]",3
776,2008-06-03 07:26:55.248,0,[],0
777,2008-06-05 10:04:21.674,0,[],0
778,2008-06-05 11:44:23.275,0,[],0
779,2008-06-05 13:23:53.302,0,[],0
780,2008-06-05 15:02:22.302,1,"[{'lat': -12.385, 'long': -77.592, 'Time': Timestamp('2008-06-07 13:06:28'), 'mag': 5.0}]",1
781,2008-06-05 16:40:49.461,0,[],0
782,2008-06-05 18:18:23.383,0,[],0
783,2008-06-05 19:55:23.409,0,[],0
784,2008-06-05 21:31:53.849,0,[],0
785,2008-06-05 23:08:53.461,0,[],0
786,2008-06-06 00:45:50.810,1,"[{'lat': -3.552, 'long': 140.851, 'Time': Timestamp('2008-06-07 19:10:48'), 'mag': 5.0}]",1
787,2008-06-06 05:40:54.652,0,[],0
788,2008-06-06 07:18:56.888,0,[],0
789,2008-06-06 08:55:50.609,0,[],0
790,2008-06-06 10:34:50.747,1,"[{'lat': 35.883, 'long': -0.658, 'Time': Timestamp('2008-06-06 20:02:56'), 'mag': 5.5}]",1
791,2008-06-06 12:14:53.676,0,[],0
792,2008-06-06 13:53:53.703,0,[],0
793,2008-06-06 15:32:46.063,1,"[{'lat': -12.385, 'long': -77.592, 'Time': Timestamp('2008-06-07 13:06:28'), 'mag': 5.0}, {'lat': -12.385, 'long': -77.592, 'Time': Timestamp('2008-06-07 13:06:28'), 'mag': 5.0}]",2
794,2008-06-06 17:10:53.757,0,[],0
795,2008-06-06 18:47:49.665,0,[],0
796,2008-06-06 20:24:51.566,0,[],0
797,2008-06-06 22:01:52.028,1,"[{'lat': -22.457, 'long': -175.069, 'Time': Timestamp('2008-06-07 21:53:12'), 'mag': 5.2}]",1
798,2008-06-06 23:38:23.863,0,[],0
799,2008-06-07 01:15:43.231,0,[],0
800,2008-06-07 04:32:53.474,1,"[{'lat': 33.169, 'long': 92.116, 'Time': Timestamp('2008-06-08 17:56:19'), 'mag': 5.2}, {'lat': 33.169, 'long': 92.116, 'Time': Timestamp('2008-06-08 17:56:19'), 'mag': 5.2}]",2
801,2008-06-07 07:49:24.186,0,[],0
802,2008-06-07 09:26:22.450,1,"[{'lat': 37.963, 'long': 21.525, 'Time': Timestamp('2008-06-08 12:25:29'), 'mag': 6.4}]",1
803,2008-06-07 11:05:53.917,0,[],0
804,2008-06-07 12:45:24.078,0,[],0
805,2008-06-07 14:24:17.536,1,"[{'lat': -20.876, 'long': -68.368, 'Time': Timestamp('2008-06-08 15:05:01'), 'mag': 5.2}]",1
806,2008-06-07 16:02:49.125,0,[],0
807,2008-06-07 17:40:23.157,0,[],0
808,2008-06-07 19:17:50.618,0,[],0
809,2008-06-07 20:54:22.296,0,[],0
810,2008-06-07 22:31:23.237,0,[],0
811,2008-06-08 00:08:23.264,0,[],0
812,2008-06-08 03:24:53.618,0,[],0
813,2008-06-08 05:03:02.273,1,"[{'lat': 33.169, 'long': 92.116, 'Time': Timestamp('2008-06-08 17:56:19'), 'mag': 5.2}, {'lat': 32.447, 'long': 85.243, 'Time': Timestamp('2008-06-08 18:24:43'), 'mag': 5.1}, {'lat': 32.447, 'long': 85.243, 'Time': Timestamp('2008-06-08 18:24:43'), 'mag': 5.1}]",3
814,2008-06-08 08:19:19.603,0,[],0
815,2008-06-08 09:56:21.850,0,[],0
816,2008-06-08 23:00:53.638,1,"[{'lat': -19.828, 'long': 167.939, 'Time': Timestamp('2008-06-09 06:40:16'), 'mag': 5.0}, {'lat': -18.098, 'long': 167.88, 'Time': Timestamp('2008-06-10 04:13:37'), 'mag': 5.9}, {'lat': -18.068, 'long': 167.886, 'Time': Timestamp('2008-06-10 05:49:40'), 'mag': 5.6}, {'lat': -19.828, 'long': 167.939, 'Time': Timestamp('2008-06-09 06:40:16'), 'mag': 5.0}]",4
817,2008-06-09 00:38:18.431,0,[],0
818,2008-06-09 05:32:56.155,0,[],0
819,2008-06-09 07:10:57.064,0,[],0
820,2008-06-09 08:47:49.457,0,[],0
821,2008-06-09 10:27:19.596,0,[],0
822,2008-06-09 12:06:53.852,0,[],0
823,2008-06-09 13:46:23.879,0,[],0
824,2008-06-09 15:24:55.760,0,[],0
825,2008-06-09 17:02:53.933,0,[],0
826,2008-06-09 18:40:19.841,0,[],0
827,2008-06-09 21:53:49.549,1,"[{'lat': -31.721, 'long': -178.525, 'Time': Timestamp('2008-06-11 14:30:10'), 'mag': 5.2}, {'lat': -33.401, 'long': 179.911, 'Time': Timestamp('2008-06-11 02:30:08'), 'mag': 5.5}]",2
828,2008-06-09 23:30:54.039,0,[],0
829,2008-06-10 01:07:48.831,0,[],0
830,2008-06-10 04:24:53.979,1,"[{'lat': 33.182, 'long': 91.961, 'Time': Timestamp('2008-06-10 10:04:58'), 'mag': 5.4}, {'lat': 33.176, 'long': 92.081, 'Time': Timestamp('2008-06-10 11:04:14'), 'mag': 5.1}, {'lat': 33.159, 'long': 92.09, 'Time': Timestamp('2008-06-10 14:15:38'), 'mag': 5.3}, {'lat': 33.182, 'long': 91.961, 'Time': Timestamp('2008-06-10 10:04:58'), 'mag': 5.4}, {'lat': 33.176, 'long': 92.081, 'Time': Timestamp('2008-06-10 11:04:14'), 'mag': 5.1}, {'lat': 33.159, 'long': 92.09, 'Time': Timestamp('2008-06-10 14:15:38'), 'mag': 5.3}]",6
831,2008-06-10 06:02:54.117,0,[],0
832,2008-06-10 07:41:25.137,0,[],0
833,2008-06-10 09:18:18.858,1,"[{'lat': 35.11, 'long': 26.19, 'Time': Timestamp('2008-06-12 00:20:45'), 'mag': 5.1}, {'lat': 35.11, 'long': 26.19, 'Time': Timestamp('2008-06-12 00:20:45'), 'mag': 5.1}]",2
834,2008-06-10 10:57:53.092,1,"[{'lat': -33.101, 'long': -15.859, 'Time': Timestamp('2008-06-11 12:30:04'), 'mag': 5.0}, {'lat': -56.719, 'long': -25.412, 'Time': Timestamp('2008-06-10 13:59:46'), 'mag': 5.0}]",2
835,2008-06-10 12:37:23.254,0,[],0
836,2008-06-10 14:16:17.377,0,[],0
837,2008-06-10 15:54:50.517,0,[],0
838,2008-06-10 17:32:53.335,0,[],0
839,2008-06-10 19:09:49.354,0,[],0
840,2008-06-10 20:46:52.473,0,[],0
841,2008-06-10 22:23:53.413,1,"[{'lat': -20.54, 'long': 169.993, 'Time': Timestamp('2008-06-12 02:04:58'), 'mag': 5.2}]",1
842,2008-06-11 00:00:23.440,0,[],0
843,2008-06-11 01:37:51.781,1,"[{'lat': -7.388, 'long': 127.776, 'Time': Timestamp('2008-06-12 02:09:57'), 'mag': 5.0}, {'lat': -7.388, 'long': 127.776, 'Time': Timestamp('2008-06-12 02:09:57'), 'mag': 5.0}]",2
844,2008-06-11 06:32:55.723,0,[],0
845,2008-06-11 08:11:19.779,0,[],0
846,2008-06-11 09:48:46.738,0,[],0
847,2008-06-11 11:28:23.763,0,[],0
848,2008-06-11 13:07:53.790,0,[],0
849,2008-06-11 14:46:51.127,0,[],0
850,2008-06-11 19:39:54.210,0,[],0
851,2008-06-11 21:16:24.336,0,[],0
852,2008-06-11 22:53:23.950,1,"[{'lat': -10.791, 'long': 165.938, 'Time': Timestamp('2008-06-13 19:40:35'), 'mag': 5.1}, {'lat': -20.54, 'long': 169.993, 'Time': Timestamp('2008-06-12 02:04:58'), 'mag': 5.2}, {'lat': -20.54, 'long': 169.993, 'Time': Timestamp('2008-06-12 02:04:58'), 'mag': 5.2}]",3
853,2008-06-12 00:30:18.742,1,"[{'lat': 12.761, 'long': 144.954, 'Time': Timestamp('2008-06-12 11:00:08'), 'mag': 5.4}]",1
854,2008-06-12 02:07:55.633,0,[],0
855,2008-06-12 05:24:56.467,0,[],0
856,2008-06-12 07:03:22.726,0,[],0
857,2008-06-12 08:39:51.425,0,[],0
858,2008-06-12 10:19:20.235,0,[],0
859,2008-06-12 11:58:53.164,0,[],0
860,2008-06-12 13:38:23.192,0,[],0
861,2008-06-12 15:16:53.632,0,[],0
862,2008-06-12 16:54:53.245,1,"[{'lat': 14.389, 'long': -91.473, 'Time': Timestamp('2008-06-13 03:00:48'), 'mag': 5.0}]",1
863,2008-06-12 18:32:23.271,0,[],0
864,2008-06-12 20:09:23.298,0,[],0
865,2008-06-12 21:46:23.738,0,[],0
866,2008-06-12 23:22:53.351,1,"[{'lat': -9.517, 'long': 159.438, 'Time': Timestamp('2008-06-13 07:51:56'), 'mag': 5.0}, {'lat': -10.791, 'long': 165.938, 'Time': Timestamp('2008-06-13 19:40:35'), 'mag': 5.1}]",2
867,2008-06-13 01:00:20.911,0,[],0
868,2008-06-13 04:17:25.618,0,[],0
869,2008-06-13 05:54:54.429,0,[],0
870,2008-06-13 07:33:22.681,0,[],0
871,2008-06-13 09:10:20.498,0,[],0
872,2008-06-13 10:49:50.637,1,"[{'lat': -17.836, 'long': -13.493, 'Time': Timestamp('2008-06-13 20:06:46'), 'mag': 5.3}]",1
873,2008-06-13 12:29:23.566,0,[],0
874,2008-06-13 14:08:53.592,1,"[{'lat': -23.076, 'long': -66.417, 'Time': Timestamp('2008-06-15 12:21:28'), 'mag': 5.0}]",1
875,2008-06-13 15:47:18.831,0,[],0
876,2008-06-13 17:24:53.646,0,[],0
877,2008-06-13 19:02:23.673,0,[],0
878,2008-06-13 20:38:52.784,0,[],0
879,2008-06-13 22:15:50.478,0,[],0
880,2008-06-13 23:52:53.751,0,[],0
881,2008-06-14 01:29:52.093,0,[],0
882,2008-06-14 04:46:58.776,0,[],0
883,2008-06-14 06:24:51.940,0,[],0
884,2008-06-14 08:03:14.556,0,[],0
885,2008-06-14 09:40:51.063,0,[],0
886,2008-06-14 11:20:23.939,0,[],0
887,2008-06-14 12:59:53.967,0,[],0
888,2008-06-14 16:17:21.230,1,"[{'lat': 10.616, 'long': -86.173, 'Time': Timestamp('2008-06-15 08:18:50'), 'mag': 5.2}, {'lat': 10.616, 'long': -86.173, 'Time': Timestamp('2008-06-15 08:18:50'), 'mag': 5.2}]",2
889,2008-06-14 17:54:54.047,0,[],0
890,2008-06-14 19:31:54.073,0,[],0
891,2008-06-14 21:08:52.185,0,[],0
892,2008-06-14 22:45:23.126,0,[],0
893,2008-06-15 00:22:16.478,0,[],0
894,2008-06-15 03:39:23.620,0,[],0
895,2008-06-15 05:17:32.162,0,[],0
896,2008-06-15 06:55:22.903,0,[],0
897,2008-06-15 08:33:50.385,0,[],0
898,2008-06-15 10:11:24.508,0,[],0
899,2008-06-15 11:50:53.340,0,[],0
900,2008-06-15 13:30:23.367,0,[],0
901,2008-06-15 15:09:21.040,0,[],0
902,2008-06-15 20:01:53.475,0,[],0
903,2008-06-15 21:38:23.914,0,[],0
904,2008-06-15 23:15:23.527,0,[],0
905,2008-06-16 00:52:18.319,0,[],0
906,2008-06-16 05:47:24.717,1,"[{'lat': -9.32, 'long': 67.165, 'Time': Timestamp('2008-06-17 20:57:04'), 'mag': 5.0}]",1
907,2008-06-16 07:25:22.857,0,[],0
908,2008-06-16 09:02:20.674,0,[],0
909,2008-06-16 10:41:50.813,0,[],0
910,2008-06-16 14:00:54.729,0,[],0
911,2008-06-16 15:39:14.801,1,"[{'lat': 5.008, 'long': -82.652, 'Time': Timestamp('2008-06-17 17:42:09'), 'mag': 5.9}]",1
912,2008-06-16 17:17:23.822,0,[],0
913,2008-06-16 18:54:18.403,0,[],0
914,2008-06-16 20:31:21.632,0,[],0
915,2008-06-16 22:07:53.422,0,[],0
916,2008-06-16 23:44:53.928,0,[],0
917,2008-06-17 01:22:19.613,0,[],0
918,2008-06-17 04:39:23.540,1,"[{'lat': 35.289, 'long': 91.27, 'Time': Timestamp('2008-06-18 05:23:31'), 'mag': 5.4}, {'lat': 33.205, 'long': 92.016, 'Time': Timestamp('2008-06-18 08:12:18'), 'mag': 5.2}, {'lat': 33.205, 'long': 92.016, 'Time': Timestamp('2008-06-18 08:12:18'), 'mag': 5.2}]",3
919,2008-06-17 06:17:24.884,0,[],0
920,2008-06-17 07:55:54.252,0,[],0
921,2008-06-17 09:32:50.186,1,"[{'lat': 37.67, 'long': 22.78, 'Time': Timestamp('2008-06-18 01:58:42'), 'mag': 5.1}]",1
922,2008-06-17 11:12:23.116,0,[],0
923,2008-06-17 12:51:53.142,0,[],0
924,2008-06-17 14:30:47.601,0,[],0
925,2008-06-17 16:09:19.190,1,"[{'lat': 12.515, 'long': -87.716, 'Time': Timestamp('2008-06-19 02:26:38'), 'mag': 5.0}, {'lat': 5.008, 'long': -82.652, 'Time': Timestamp('2008-06-17 17:42:09'), 'mag': 5.9}]",2
926,2008-06-17 17:46:53.223,0,[],0
927,2008-06-17 19:24:23.250,0,[],0
928,2008-06-18 11:42:51.635,0,[],0
929,2008-06-18 13:22:21.773,0,[],0
930,2008-06-18 15:01:23.240,0,[],0
931,2008-06-18 19:53:53.209,0,[],0
932,2008-06-18 21:30:51.796,1,"[{'lat': -18.707, 'long': -173.389, 'Time': Timestamp('2008-06-19 16:20:48'), 'mag': 5.1}, {'lat': -18.699, 'long': -174.661, 'Time': Timestamp('2008-06-20 00:18:32'), 'mag': 5.2}, {'lat': -15.264, 'long': -174.639, 'Time': Timestamp('2008-06-20 04:24:37'), 'mag': 5.1}, {'lat': -18.707, 'long': -173.389, 'Time': Timestamp('2008-06-19 16:20:48'), 'mag': 5.1}, {'lat': -18.87, 'long': -173.318, 'Time': Timestamp('2008-06-19 16:43:28'), 'mag': 5.0}, {'lat': -18.699, 'long': -174.661, 'Time': Timestamp('2008-06-20 00:18:32'), 'mag': 5.2}]",6
933,2008-06-18 23:07:25.806,1,"[{'lat': -14.366, 'long': 167.377, 'Time': Timestamp('2008-06-19 05:19:20'), 'mag': 5.1}, {'lat': -14.756, 'long': 167.336, 'Time': Timestamp('2008-06-19 20:36:09'), 'mag': 5.0}]",2
934,2008-06-19 00:44:28.488,0,[],0
935,2008-06-19 04:01:25.886,1,"[{'lat': -2.035, 'long': 98.704, 'Time': Timestamp('2008-06-20 12:24:58'), 'mag': 5.2}]",1
936,2008-06-19 05:39:25.913,0,[],0
937,2008-06-19 07:17:25.939,0,[],0
938,2008-06-19 08:54:28.622,0,[],0
939,2008-06-19 10:33:54.665,0,[],0
940,2008-06-19 12:13:28.900,0,[],0
941,2008-06-19 13:52:53.942,0,[],0
942,2008-06-19 15:31:22.641,0,[],0
943,2008-06-19 17:09:22.668,0,[],0
944,2008-06-19 18:46:54.023,0,[],0
945,2008-06-19 20:23:28.034,0,[],0
946,2008-06-19 22:00:22.524,1,"[{'lat': -15.264, 'long': -174.639, 'Time': Timestamp('2008-06-20 04:24:37'), 'mag': 5.1}, {'lat': -18.699, 'long': -174.661, 'Time': Timestamp('2008-06-20 00:18:32'), 'mag': 5.2}, {'lat': -15.264, 'long': -174.639, 'Time': Timestamp('2008-06-20 04:24:37'), 'mag': 5.1}]",3
947,2008-06-19 23:37:25.207,0,[],0
948,2008-06-20 01:14:27.889,0,[],0
949,2008-06-20 04:31:25.288,0,[],0
950,2008-06-20 06:09:25.314,1,"[{'lat': 36.474, 'long': 70.234, 'Time': Timestamp('2008-06-21 19:52:16'), 'mag': 5.1}]",1
951,2008-06-20 07:47:54.012,0,[],0
952,2008-06-20 09:24:52.599,1,"[{'lat': 36.1, 'long': 21.93, 'Time': Timestamp('2008-06-21 05:57:16'), 'mag': 5.2}, {'lat': 36.06, 'long': 21.82, 'Time': Timestamp('2008-06-21 11:36:23'), 'mag': 5.6}]",2
953,2008-06-20 11:04:22.738,0,[],0
954,2008-06-20 12:43:52.877,0,[],0
955,2008-06-20 14:22:54.344,0,[],0
956,2008-06-20 16:01:23.042,0,[],0
957,2008-06-20 17:39:23.069,0,[],0
958,2008-06-20 19:16:21.656,0,[],0
959,2008-06-20 20:53:28.435,0,[],0
960,2008-06-20 22:29:54.254,1,"[{'lat': -22.625, 'long': 171.155, 'Time': Timestamp('2008-06-21 00:29:14'), 'mag': 5.2}]",1
961,2008-06-21 00:06:52.840,1,"[{'lat': -5.396, 'long': 152.067, 'Time': Timestamp('2008-06-21 07:28:44'), 'mag': 5.1}]",1
962,2008-06-21 01:44:28.290,0,[],0
963,2008-06-21 06:39:25.927,0,[],0
964,2008-06-21 08:17:54.414,0,[],0
965,2008-06-21 09:55:22.230,0,[],0
966,2008-06-21 11:34:53.831,0,[],0
967,2008-06-21 13:14:23.858,0,[],0
968,2008-06-21 14:53:18.763,0,[],0
969,2008-06-21 16:31:21.234,1,"[{'lat': 16.704, 'long': -93.943, 'Time': Timestamp('2008-06-22 01:32:06'), 'mag': 5.1}]",1
970,2008-06-21 18:08:53.938,0,[],0
971,2008-06-21 19:45:54.278,0,[],0
972,2008-06-21 21:22:53.992,0,[],0
973,2008-06-21 22:59:54.018,1,"[{'lat': -12.689, 'long': 166.695, 'Time': Timestamp('2008-06-22 20:18:41'), 'mag': 5.2}, {'lat': -12.689, 'long': 166.695, 'Time': Timestamp('2008-06-22 20:18:41'), 'mag': 5.2}]",2
974,2008-06-22 00:36:48.811,1,"[{'lat': 46.482, 'long': 153.267, 'Time': Timestamp('2008-06-23 12:32:12'), 'mag': 5.6}]",1
975,2008-06-22 05:31:25.536,0,[],0
976,2008-06-22 07:10:25.116,0,[],0
977,2008-06-22 08:46:20.165,0,[],0
978,2008-06-22 10:25:50.304,0,[],0
979,2008-06-22 12:05:23.232,0,[],0
980,2008-06-22 13:44:53.260,0,[],0
981,2008-06-22 15:23:22.371,0,[],0
982,2008-06-22 17:01:23.313,0,[],0
983,2008-06-22 18:38:49.221,0,[],0
984,2008-06-22 20:15:53.366,0,[],0
985,2008-06-22 21:52:18.929,0,[],0
986,2008-06-22 23:29:23.419,0,[],0
987,2008-06-23 01:06:50.979,1,"[{'lat': 46.482, 'long': 153.267, 'Time': Timestamp('2008-06-23 12:32:12'), 'mag': 5.6}, {'lat': 28.997, 'long': 142.448, 'Time': Timestamp('2008-06-24 17:02:35'), 'mag': 5.0}, {'lat': -2.523, 'long': 138.423, 'Time': Timestamp('2008-06-24 19:37:17'), 'mag': 5.0}, {'lat': -2.555, 'long': 138.453, 'Time': Timestamp('2008-06-24 19:48:10'), 'mag': 5.1}, {'lat': -2.523, 'long': 138.423, 'Time': Timestamp('2008-06-24 19:37:17'), 'mag': 5.0}, {'lat': -2.555, 'long': 138.453, 'Time': Timestamp('2008-06-24 19:48:10'), 'mag': 5.1}]",6
988,2008-06-23 04:23:24.358,0,[],0
989,2008-06-23 06:01:28.593,1,"[{'lat': 40.039, 'long': 70.841, 'Time': Timestamp('2008-06-24 18:26:53'), 'mag': 5.0}, {'lat': 40.039, 'long': 70.841, 'Time': Timestamp('2008-06-24 18:26:53'), 'mag': 5.0}]",2
990,2008-06-23 07:39:52.750,0,[],0
991,2008-06-23 09:16:50.566,0,[],0
992,2008-06-23 10:56:20.704,0,[],0
993,2008-06-23 14:15:16.428,0,[],0
994,2008-06-23 15:53:50.898,0,[],0
995,2008-06-23 17:31:23.714,0,[],0
996,2008-07-01 10:01:52.399,0,[],0
997,2008-07-01 11:41:23.999,0,[],0
998,2008-07-01 13:20:54.026,1,"[{'lat': 12.451, 'long': -44.202, 'Time': Timestamp('2008-07-02 00:08:31'), 'mag': 5.0}]",1
999,2008-07-01 14:59:53.026,0,[],0
1000,2008-07-01 16:37:50.513,0,[],0
1001,2008-07-01 18:15:23.107,0,[],0
1002,2008-07-01 19:52:23.133,0,[],0
1003,2008-07-01 21:29:23.159,0,[],0
1004,2008-07-01 23:06:23.186,0,[],0
1005,2008-07-02 00:43:20.534,0,[],0
1006,2008-07-02 05:37:55.704,1,"[{'lat': -23.966, 'long': 69.596, 'Time': Timestamp('2008-07-03 09:10:28'), 'mag': 5.1}]",1
1007,2008-07-02 07:16:26.612,0,[],0
1008,2008-07-02 08:52:51.660,0,[],0
1009,2008-07-02 10:32:20.511,0,[],0
1010,2008-07-02 12:11:53.439,0,[],0
1011,2008-07-02 13:51:23.467,0,[],0
1012,2008-07-02 15:29:52.579,1,"[{'lat': -1.421, 'long': -77.582, 'Time': Timestamp('2008-07-04 06:02:49'), 'mag': 5.2}]",1
1013,2008-07-02 20:22:23.573,0,[],0
1014,2008-07-02 21:58:50.464,1,"[{'lat': -23.37, 'long': -179.778, 'Time': Timestamp('2008-07-03 03:02:37'), 'mag': 6.2}]",1
1015,2008-07-02 23:35:53.627,0,[],0
1016,2008-07-03 01:12:49.311,0,[],0
1017,2008-07-03 06:07:56.032,0,[],0
1018,2008-07-03 07:46:21.183,0,[],0
1019,2008-07-03 09:23:23.541,0,[],0
1020,2008-07-03 11:02:50.912,0,[],0
1021,2008-07-03 12:42:23.841,0,[],0
1022,2008-07-03 14:21:43.980,0,[],0
1023,2008-07-03 16:00:21.105,0,[],0
1024,2008-07-03 17:37:53.921,0,[],0
1025,2008-07-03 19:14:48.613,0,[],0
1026,2008-07-03 20:51:53.975,0,[],0
1027,2008-07-03 22:28:54.001,0,[],0
1028,2008-07-04 00:05:54.218,0,[],0
1029,2008-07-04 01:42:52.368,1,"[{'lat': 36.643, 'long': 140.952, 'Time': Timestamp('2008-07-05 07:49:02'), 'mag': 5.1}]",1
1030,2008-07-04 04:59:56.724,0,[],0
1031,2008-07-04 06:38:23.983,0,[],0
1032,2008-07-04 08:14:46.487,0,[],0
1033,2008-07-04 09:53:51.614,0,[],0
1034,2008-07-04 11:33:23.215,0,[],0
1035,2008-07-04 13:12:53.242,0,[],0
1036,2008-07-04 14:51:49.475,0,[],0
1037,2008-07-04 16:30:20.618,0,[],0
1038,2008-07-04 18:07:53.322,0,[],0
1039,2008-07-04 19:44:53.349,0,[],0
1040,2008-07-04 22:58:23.402,0,[],0
1041,2008-07-05 00:35:15.426,1,"[{'lat': -5.042, 'long': 145.635, 'Time': Timestamp('2008-07-06 17:36:29'), 'mag': 5.1}]",1
1042,2008-07-05 02:12:50.989,1,"[{'lat': 15.286, 'long': 122.423, 'Time': Timestamp('2008-07-06 12:01:31'), 'mag': 5.4}, {'lat': 15.254, 'long': 122.491, 'Time': Timestamp('2008-07-06 12:46:55'), 'mag': 5.0}, {'lat': 15.286, 'long': 122.423, 'Time': Timestamp('2008-07-06 12:01:31'), 'mag': 5.4}, {'lat': 15.254, 'long': 122.491, 'Time': Timestamp('2008-07-06 12:46:55'), 'mag': 5.0}]",4
1043,2008-07-05 05:29:55.919,0,[],0
1044,2008-07-05 07:08:26.828,0,[],0
1045,2008-07-05 08:46:53.428,0,[],0
1046,2008-07-05 10:24:20.687,0,[],0
1047,2008-07-05 12:03:53.616,0,[],0
1048,2008-07-05 13:43:23.643,0,[],0
1049,2008-07-05 15:22:21.427,0,[],0
1050,2008-07-05 17:00:23.697,0,[],0
1051,2008-07-05 18:37:19.605,0,[],0
1052,2008-07-05 20:14:23.750,0,[],0
1053,2008-07-05 21:51:23.776,1,"[{'lat': -16.428, 'long': -174.047, 'Time': Timestamp('2008-07-07 04:44:55'), 'mag': 5.5}, {'lat': -16.428, 'long': -174.047, 'Time': Timestamp('2008-07-07 04:44:55'), 'mag': 5.5}, {'lat': -25.459, 'long': -176.351, 'Time': Timestamp('2008-07-06 04:30:26'), 'mag': 5.3}]",3
1054,2008-07-05 23:28:23.802,1,"[{'lat': -58.09, 'long': 147.77, 'Time': Timestamp('2008-07-07 07:46:05'), 'mag': 5.0}]",1
1055,2008-07-06 01:05:22.691,1,"[{'lat': 45.387, 'long': 150.965, 'Time': Timestamp('2008-07-06 09:08:21'), 'mag': 5.7}, {'lat': 27.755, 'long': 142.251, 'Time': Timestamp('2008-07-06 17:05:20'), 'mag': 5.1}, {'lat': 27.755, 'long': 142.251, 'Time': Timestamp('2008-07-06 17:05:20'), 'mag': 5.1}]",3
1056,2008-07-06 04:22:24.743,1,"[{'lat': 10.742, 'long': 91.695, 'Time': Timestamp('2008-07-07 09:58:52'), 'mag': 5.0}, {'lat': 10.742, 'long': 91.695, 'Time': Timestamp('2008-07-07 09:58:52'), 'mag': 5.0}]",2
1057,2008-07-06 06:00:27.648,0,[],0
1058,2008-07-06 07:38:23.133,0,[],0
1059,2008-07-06 09:15:20.949,0,[],0
1060,2008-07-06 10:54:51.088,1,"[{'lat': -58.065, 'long': -22.148, 'Time': Timestamp('2008-07-07 21:39:25'), 'mag': 5.0}]",1
1061,2008-07-06 12:34:54.017,0,[],0
1062,2008-07-06 14:13:51.355,0,[],0
1063,2008-07-06 15:52:22.275,0,[],0
1064,2008-07-06 20:44:23.151,0,[],0
1065,2008-07-06 22:20:53.177,0,[],0
1066,2008-07-06 23:57:53.203,0,[],0
1067,2008-07-07 03:14:24.451,0,[],0
1068,2008-07-07 04:52:22.804,0,[],0
1069,2008-07-07 06:30:24.159,0,[],0
1070,2008-07-07 08:08:46.775,0,[],0
1071,2008-07-07 09:45:53.119,0,[],0
1072,2008-07-07 11:25:23.391,0,[],0
1073,2008-07-07 13:04:53.419,0,[],0
1074,2008-07-07 14:43:49.316,1,"[{'lat': -15.986, 'long': -71.748, 'Time': Timestamp('2008-07-08 09:13:07'), 'mag': 6.2}]",1
1075,2008-07-07 16:22:23.472,0,[],0
1076,2008-07-07 17:59:53.498,0,[],0
1077,2008-07-07 19:36:53.525,0,[],0
1078,2008-07-07 21:13:53.551,0,[],0
1079,2008-07-07 22:50:53.578,1,"[{'lat': -12.406, 'long': 166.46, 'Time': Timestamp('2008-07-09 02:34:43'), 'mag': 5.0}, {'lat': -20.919, 'long': 168.769, 'Time': Timestamp('2008-07-09 08:24:16'), 'mag': 5.4}, {'lat': -20.919, 'long': 168.769, 'Time': Timestamp('2008-07-09 08:24:16'), 'mag': 5.4}]",3
1080,2008-07-08 00:27:44.274,0,[],0
1081,2008-07-08 03:44:24.071,1,"[{'lat': -1.831, 'long': 101.137, 'Time': Timestamp('2008-07-09 22:17:41'), 'mag': 5.3}]",1
1082,2008-07-08 05:22:26.096,0,[],0
1083,2008-07-08 07:00:24.683,0,[],0
1084,2008-07-08 08:38:54.933,0,[],0
1085,2008-07-08 10:16:22.191,0,[],0
1086,2008-07-08 11:55:53.793,1,"[{'lat': -60.445, 'long': -45.47, 'Time': Timestamp('2008-07-09 04:17:47'), 'mag': 5.1}]",1
1087,2008-07-08 13:35:23.819,0,[],0
1088,2008-07-08 15:14:22.931,0,[],0
1089,2008-07-08 16:52:23.873,0,[],0
1090,2008-07-08 18:29:53.899,0,[],0
1091,2008-07-08 20:06:53.926,0,[],0
1092,2008-07-08 21:43:23.953,0,[],0
1093,2008-07-08 23:20:23.979,1,"[{'lat': -12.406, 'long': 166.46, 'Time': Timestamp('2008-07-09 02:34:43'), 'mag': 5.0}]",1
1094,2008-07-09 00:57:22.868,1,"[{'lat': 49.261, 'long': 151.341, 'Time': Timestamp('2008-07-09 12:29:41'), 'mag': 5.2}]",1
1095,2008-07-09 04:14:23.479,0,[],0
1096,2008-07-09 05:52:24.057,0,[],0
1097,2008-07-09 07:30:26.406,0,[],0
1098,2008-07-09 09:07:20.126,0,[],0
1099,2008-07-09 10:46:50.407,0,[],0
1100,2008-07-09 12:26:53.336,0,[],0
1101,2008-07-09 14:05:53.364,0,[],0
1102,2008-07-09 15:44:24.027,0,[],0
1103,2008-07-10 11:17:23.710,1,"[{'lat': -11.598, 'long': -14.486, 'Time': Timestamp('2008-07-11 09:28:17'), 'mag': 5.0}]",1
1104,2008-07-10 12:57:23.738,0,[],0
1105,2008-07-10 14:36:22.292,0,[],0
1106,2008-07-10 16:14:23.791,0,[],0
1107,2008-07-10 17:52:25.124,0,[],0
1108,2008-07-10 19:29:23.844,1,"[{'lat': 43.294, 'long': -126.445, 'Time': Timestamp('2008-07-12 15:46:02'), 'mag': 5.0}, {'lat': 43.294, 'long': -126.445, 'Time': Timestamp('2008-07-12 15:46:02'), 'mag': 5.0}]",2
1109,2008-07-10 21:04:54.720,0,[],0
1110,2008-07-10 22:42:53.897,1,"[{'lat': 51.36, 'long': -176.277, 'Time': Timestamp('2008-07-12 00:01:22'), 'mag': 5.3}]",1
1111,2008-07-11 00:19:45.922,1,"[{'lat': -2.943, 'long': 147.821, 'Time': Timestamp('2008-07-11 09:58:49'), 'mag': 5.7}, {'lat': -2.943, 'long': 147.821, 'Time': Timestamp('2008-07-11 09:58:49'), 'mag': 5.7}]",2
1112,2008-07-11 01:57:21.484,0,[],0
1113,2008-07-11 05:14:23.524,0,[],0
1114,2008-07-11 06:52:23.663,0,[],0
1115,2008-07-11 08:29:18.276,0,[],0
1116,2008-07-11 10:08:21.511,0,[],0
1117,2008-07-11 11:47:53.111,0,[],0
1118,2008-07-11 13:27:23.139,0,[],0
1119,2008-07-11 15:06:22.139,0,[],0
1120,2008-07-11 16:44:23.193,0,[],0
1121,2008-07-11 18:21:49.101,0,[],0
1122,2008-07-11 19:58:53.245,0,[],0
1123,2008-07-11 21:34:51.464,0,[],0
1124,2008-07-11 23:12:23.298,1,"[{'lat': -10.644, 'long': 161.664, 'Time': Timestamp('2008-07-12 08:42:34'), 'mag': 5.3}, {'lat': -10.644, 'long': 161.664, 'Time': Timestamp('2008-07-12 08:42:34'), 'mag': 5.3}]",2
1125,2008-07-12 00:49:50.858,0,[],0
1126,2008-07-12 04:06:28.223,0,[],0
1127,2008-07-12 05:44:25.816,0,[],0
1128,2008-07-12 07:22:56.724,0,[],0
1129,2008-07-12 08:59:21.773,0,[],0
1130,2008-07-12 10:38:51.912,0,[],0
1131,2008-07-12 12:18:53.513,0,[],0
1132,2008-07-12 13:57:51.732,0,[],0
1133,2008-07-12 15:36:22.763,0,[],0
1134,2008-07-12 17:14:23.593,0,[],0
1135,2008-07-12 18:51:48.173,0,[],0
1136,2008-07-12 20:25:23.645,0,[],0
1137,2008-07-12 22:04:24.745,0,[],0
1138,2008-07-12 23:42:23.700,0,[],0
1139,2008-07-13 01:19:20.713,0,[],0
1140,2008-07-13 04:36:31.503,0,[],0
1141,2008-07-13 06:14:21.887,0,[],0
1142,2008-07-13 07:52:51.255,0,[],0
1143,2008-07-13 09:29:53.614,0,[],0
1144,2008-07-13 11:09:20.985,0,[],0
1145,2008-07-13 12:49:23.914,0,[],0
1146,2008-07-13 14:28:19.589,0,[],0
1147,2008-07-13 16:06:52.171,0,[],0
1148,2008-07-13 17:44:25.301,0,[],0
1149,2008-07-13 19:21:24.021,0,[],0
1150,2008-07-13 20:55:24.047,0,[],0
1151,2008-07-13 22:35:24.074,0,[],0
1152,2008-07-14 00:12:23.101,0,[],0
1153,2008-07-14 01:49:21.877,0,[],0
1154,2008-07-14 05:06:26.797,0,[],0
1155,2008-07-14 06:44:51.400,0,[],0
1156,2008-07-14 08:21:19.440,0,[],0
1157,2008-07-14 10:00:18.361,1,"[{'lat': -47.366, 'long': -12.17, 'Time': Timestamp('2008-07-15 05:07:11'), 'mag': 5.7}]",1
1158,2008-07-14 11:40:21.268,0,[],0
1159,2008-07-14 13:19:48.639,0,[],0
1160,2008-07-14 14:58:18.220,0,[],0
1161,2008-07-14 16:36:51.572,0,[],0
1162,2008-07-14 18:14:20.159,0,[],0
1163,2008-07-14 19:51:18.745,0,[],0
1164,2008-07-14 21:26:52.969,1,"[{'lat': -16.599, 'long': -172.963, 'Time': Timestamp('2008-07-16 08:11:04'), 'mag': 5.7}, {'lat': -28.22, 'long': -175.738, 'Time': Timestamp('2008-07-16 12:48:41'), 'mag': 5.1}, {'lat': -28.22, 'long': -175.738, 'Time': Timestamp('2008-07-16 12:48:41'), 'mag': 5.1}, {'lat': -31.131, 'long': -178.506, 'Time': Timestamp('2008-07-16 17:09:19'), 'mag': 5.5}]",4
1165,2008-07-14 23:04:55.439,0,[],0
1166,2008-07-15 00:41:50.822,1,"[{'lat': 16.834, 'long': 148.102, 'Time': Timestamp('2008-07-16 17:23:43'), 'mag': 5.0}]",1
1167,2008-07-15 05:36:54.664,0,[],0
1168,2008-07-15 07:15:05.093,0,[],0
1169,2008-07-15 08:51:49.293,0,[],0
1170,2008-07-15 10:30:50.760,0,[],0
1171,2008-07-15 12:10:53.689,0,[],0
1172,2008-07-15 13:49:53.716,0,[],0
1173,2008-07-15 15:28:51.500,0,[],0
1174,2008-07-15 17:06:53.770,1,"[{'lat': 8.286, 'long': -102.874, 'Time': Timestamp('2008-07-16 10:36:49'), 'mag': 5.4}, {'lat': 8.439, 'long': -102.892, 'Time': Timestamp('2008-07-16 13:42:16'), 'mag': 5.1}]",2
1175,2008-07-15 18:43:49.678,0,[],0
1176,2008-07-15 20:17:53.822,0,[],0
1177,2008-07-15 21:56:54.921,0,[],0
1178,2008-07-15 23:34:53.875,0,[],0
1179,2008-07-16 01:11:51.436,0,[],0
1180,2008-07-16 04:28:53.487,1,"[{'lat': 33.171, 'long': 92.079, 'Time': Timestamp('2008-07-16 22:58:20'), 'mag': 5.3}, {'lat': 33.171, 'long': 92.079, 'Time': Timestamp('2008-07-16 22:58:20'), 'mag': 5.3}]",2
1181,2008-07-16 06:06:56.282,0,[],0
1182,2008-07-16 07:44:55.528,0,[],0
1183,2008-07-16 09:21:52.932,0,[],0
1184,2008-07-16 11:01:53.071,0,[],0
1185,2008-07-16 12:41:23.232,0,[],0
1186,2008-07-16 14:20:14.698,0,[],0
1187,2008-07-16 19:13:52.100,0,[],0
1188,2008-07-16 20:49:20.798,0,[],0
1189,2008-07-16 22:27:23.391,0,[],0
1190,2008-07-17 00:04:23.608,0,[],0
1191,2008-07-17 04:59:02.428,0,[],0
1192,2008-07-17 06:36:54.373,0,[],0
1193,2008-07-17 08:15:19.757,0,[],0
1194,2008-07-17 09:52:23.333,0,[],0
1195,2008-07-17 11:32:23.606,0,[],0
1196,2008-07-17 13:11:53.633,0,[],0
1197,2008-07-17 14:50:49.865,0,[],0
1198,2008-07-17 16:28:53.686,0,[],0
1199,2008-07-17 18:06:22.251,0,[],0
1200,2008-07-17 19:43:24.052,1,"[{'lat': 44.367, 'long': -129.356, 'Time': Timestamp('2008-07-17 22:36:18'), 'mag': 5.5}, {'lat': 44.37, 'long': -129.752, 'Time': Timestamp('2008-07-17 22:42:59'), 'mag': 5.2}, {'lat': 44.371, 'long': -129.417, 'Time': Timestamp('2008-07-17 22:51:55'), 'mag': 5.7}, {'lat': 44.33, 'long': -129.304, 'Time': Timestamp('2008-07-19 01:00:22'), 'mag': 5.0}, {'lat': 44.367, 'long': -129.356, 'Time': Timestamp('2008-07-17 22:36:18'), 'mag': 5.5}, {'lat': 43.937, 'long': -129.418, 'Time': Timestamp('2008-07-17 22:37:04'), 'mag': 5.1}, {'lat': 44.37, 'long': -129.752, 'Time': Timestamp('2008-07-17 22:42:59'), 'mag': 5.2}, {'lat': 44.371, 'long': -129.417, 'Time': Timestamp('2008-07-17 22:51:55'), 'mag': 5.7}, {'lat': 44.33, 'long': -129.304, 'Time': Timestamp('2008-07-19 01:00:22'), 'mag': 5.0}]",9
1201,2008-07-17 21:19:21.958,0,[],0
1202,2008-07-17 22:56:53.793,1,"[{'lat': -11.041, 'long': 164.493, 'Time': Timestamp('2008-07-19 09:27:01'), 'mag': 6.6}, {'lat': -11.043, 'long': 164.531, 'Time': Timestamp('2008-07-19 09:34:26'), 'mag': 5.5}, {'lat': -11.239, 'long': 164.597, 'Time': Timestamp('2008-07-19 10:35:38'), 'mag': 5.0}, {'lat': -11.066, 'long': 164.616, 'Time': Timestamp('2008-07-19 11:01:17'), 'mag': 6.2}, {'lat': -11.033, 'long': 164.562, 'Time': Timestamp('2008-07-19 11:15:24'), 'mag': 5.2}, {'lat': -10.985, 'long': 164.624, 'Time': Timestamp('2008-07-19 11:45:40'), 'mag': 5.2}, {'lat': -11.041, 'long': 164.493, 'Time': Timestamp('2008-07-19 09:27:01'), 'mag': 6.6}, {'lat': -11.043, 'long': 164.531, 'Time': Timestamp('2008-07-19 09:34:26'), 'mag': 5.5}, {'lat': -11.239, 'long': 164.597, 'Time': Timestamp('2008-07-19 10:35:38'), 'mag': 5.0}, {'lat': -11.066, 'long': 164.616, 'Time': Timestamp('2008-07-19 11:01:17'), 'mag': 6.2}, {'lat': -11.033, 'long': 164.562, 'Time': Timestamp('2008-07-19 11:15:24'), 'mag': 5.2}]",11
1203,2008-07-18 00:34:18.585,0,[],0
1204,2008-07-18 05:28:56.310,0,[],0
1205,2008-07-18 07:06:57.219,0,[],0
1206,2008-07-18 08:43:49.611,0,[],0
1207,2008-07-18 10:22:52.406,0,[],0
1208,2008-07-18 12:02:54.007,0,[],0
1209,2008-07-18 13:42:24.034,0,[],0
1210,2008-07-18 15:20:53.146,0,[],0
1211,2008-07-18 16:58:53.087,0,[],0
1212,2008-07-18 18:36:23.114,0,[],0
1213,2008-07-18 20:13:23.140,0,[],0
1214,2008-07-18 23:26:53.194,1,"[{'lat': -11.041, 'long': 164.493, 'Time': Timestamp('2008-07-19 09:27:01'), 'mag': 6.6}, {'lat': -11.043, 'long': 164.531, 'Time': Timestamp('2008-07-19 09:34:26'), 'mag': 5.5}, {'lat': -11.239, 'long': 164.597, 'Time': Timestamp('2008-07-19 10:35:38'), 'mag': 5.0}, {'lat': -11.066, 'long': 164.616, 'Time': Timestamp('2008-07-19 11:01:17'), 'mag': 6.2}, {'lat': -11.033, 'long': 164.562, 'Time': Timestamp('2008-07-19 11:15:24'), 'mag': 5.2}, {'lat': -10.985, 'long': 164.624, 'Time': Timestamp('2008-07-19 11:45:40'), 'mag': 5.2}]",6
1215,2008-07-19 01:03:47.985,1,"[{'lat': 27.773, 'long': 139.615, 'Time': Timestamp('2008-07-20 21:30:29'), 'mag': 5.8}]",1
1216,2008-07-19 04:20:54.133,0,[],0
1217,2008-07-19 05:58:54.272,1,"[{'lat': 4.867, 'long': 62.088, 'Time': Timestamp('2008-07-20 08:21:42'), 'mag': 5.3}]",1
1218,2008-07-19 09:13:50.340,0,[],0
1219,2008-07-19 10:53:53.247,0,[],0
1220,2008-07-19 12:33:23.408,0,[],0
1221,2008-07-19 14:12:20.746,0,[],0
1222,2008-07-19 15:50:52.993,1,"[{'lat': 10.667, 'long': -85.777, 'Time': Timestamp('2008-07-20 02:34:12'), 'mag': 5.1}]",1
1223,2008-07-19 17:28:53.243,0,[],0
1224,2008-07-19 19:05:53.515,0,[],0
1225,2008-07-19 20:39:50.862,0,[],0
1226,2008-07-19 22:19:52.977,0,[],0
1227,2008-07-19 23:56:23.594,1,"[{'lat': -3.792, 'long': 150.896, 'Time': Timestamp('2008-07-20 21:13:36'), 'mag': 5.5}, {'lat': -3.792, 'long': 150.896, 'Time': Timestamp('2008-07-20 21:13:36'), 'mag': 5.5}]",2
1228,2008-07-20 01:33:51.935,1,"[{'lat': 37.816, 'long': 142.559, 'Time': Timestamp('2008-07-21 09:01:04'), 'mag': 5.0}, {'lat': 37.186, 'long': 142.051, 'Time': Timestamp('2008-07-21 11:30:29'), 'mag': 6.0}, {'lat': 37.816, 'long': 142.559, 'Time': Timestamp('2008-07-21 09:01:04'), 'mag': 5.0}, {'lat': 37.186, 'long': 142.051, 'Time': Timestamp('2008-07-21 11:30:29'), 'mag': 6.0}, {'lat': 27.773, 'long': 139.615, 'Time': Timestamp('2008-07-20 21:30:29'), 'mag': 5.8}]",5
1229,2008-07-20 04:50:53.195,0,[],0
1230,2008-07-20 06:28:55.878,1,"[{'lat': 4.867, 'long': 62.088, 'Time': Timestamp('2008-07-20 08:21:42'), 'mag': 5.3}]",1
1231,2008-07-20 08:07:17.166,0,[],0
1232,2008-07-20 09:44:18.085,0,[],0
1233,2008-07-20 11:24:23.782,0,[],0
1234,2008-07-20 13:03:53.809,0,[],0
1235,2008-07-20 14:42:52.475,0,[],0
1236,2008-07-20 16:20:53.863,0,[],0
1237,2008-07-20 17:58:55.196,0,[],0
1238,2008-07-20 19:35:53.916,0,[],0
1239,2008-07-20 21:11:22.134,0,[],0
1240,2008-07-20 22:49:23.969,0,[],0
1241,2008-07-21 00:26:21.316,0,[],0
1242,2008-07-21 02:03:55.651,0,[],0
1243,2008-07-21 05:20:52.596,0,[],0
1244,2008-07-21 06:58:54.074,0,[],0
1245,2008-07-21 08:35:51.443,0,[],0
1246,2008-07-21 10:14:51.582,0,[],0
1247,2008-07-21 11:54:53.183,0,[],0
1248,2008-07-21 13:34:23.211,0,[],0
1249,2008-07-21 15:12:53.650,0,[],0
1250,2008-07-21 16:50:53.264,0,[],0
1251,2008-07-21 18:28:19.172,0,[],0
1252,2008-07-21 20:05:23.317,0,[],0
1253,2008-07-21 21:41:27.182,1,"[{'lat': -14.75, 'long': -176.75, 'Time': Timestamp('2008-07-23 12:55:04'), 'mag': 5.0}, {'lat': -16.659, 'long': -177.315, 'Time': Timestamp('2008-07-22 18:51:41'), 'mag': 5.0}, {'lat': -15.131, 'long': -173.028, 'Time': Timestamp('2008-07-22 22:46:15'), 'mag': 5.4}, {'lat': -14.75, 'long': -176.75, 'Time': Timestamp('2008-07-23 12:55:04'), 'mag': 5.0}, {'lat': -15.39, 'long': -177.065, 'Time': Timestamp('2008-07-23 13:24:17'), 'mag': 5.0}, {'lat': -15.316, 'long': -177.089, 'Time': Timestamp('2008-07-23 13:53:55'), 'mag': 5.0}, {'lat': -30.222, 'long': -177.686, 'Time': Timestamp('2008-07-23 02:18:19'), 'mag': 5.0}]",7
1254,2008-07-21 23:18:48.247,0,[],0
1255,2008-07-22 00:56:20.930,0,[],0
1256,2008-07-22 04:13:21.095,0,[],0
1257,2008-07-22 05:51:59.314,0,[],0
1258,2008-07-22 07:29:21.149,0,[],0
1259,2008-07-22 09:06:19.735,0,[],0
1260,2008-07-22 10:45:51.202,0,[],0
1261,2008-07-22 12:25:21.341,0,[],0
1262,2008-07-22 14:04:18.712,0,[],0
1263,2008-07-22 15:43:24.275,0,[],0
1264,2008-07-22 17:20:53.665,1,"[{'lat': -55.75, 'long': -125.25, 'Time': Timestamp('2008-07-23 03:59:28'), 'mag': 5.0}]",1
1265,2008-07-22 18:58:18.245,0,[],0
1266,2008-07-22 20:31:53.717,0,[],0
1267,2008-07-22 22:11:53.376,0,[],0
1268,2008-07-22 23:48:53.771,0,[],0
1269,2008-07-23 01:25:52.112,1,"[{'lat': 39.802, 'long': 141.464, 'Time': Timestamp('2008-07-23 15:26:19'), 'mag': 6.8}, {'lat': 39.62, 'long': 141.522, 'Time': Timestamp('2008-07-24 02:27:53'), 'mag': 5.2}]",2
1270,2008-07-23 04:43:01.574,0,[],0
1271,2008-07-23 07:59:19.005,0,[],0
1272,2008-07-23 09:36:22.502,0,[],0
1273,2008-07-23 11:16:23.103,0,[],0
1274,2008-07-23 12:55:53.130,0,[],0
1275,2008-07-23 14:34:53.013,1,"[{'lat': -22.329, 'long': -68.171, 'Time': Timestamp('2008-07-25 07:48:11'), 'mag': 5.2}, {'lat': -28.18, 'long': -70.981, 'Time': Timestamp('2008-07-25 12:13:07'), 'mag': 5.1}]",2
1276,2008-07-23 19:27:50.782,0,[],0
1277,2008-07-23 21:01:47.817,0,[],0
1278,2008-07-23 22:41:23.290,1,"[{'lat': -21.343, 'long': 170.48, 'Time': Timestamp('2008-07-24 11:07:02'), 'mag': 5.0}, {'lat': -21.343, 'long': 170.48, 'Time': Timestamp('2008-07-24 11:07:02'), 'mag': 5.0}]",2
1279,2008-07-24 00:18:53.506,1,"[{'lat': 50.967, 'long': 157.584, 'Time': Timestamp('2008-07-24 01:43:16'), 'mag': 6.2}, {'lat': -5.808, 'long': 146.658, 'Time': Timestamp('2008-07-25 20:11:07'), 'mag': 5.5}]",2
1280,2008-07-24 10:07:20.576,0,[],0
1281,2008-07-24 11:46:53.504,0,[],0
1282,2008-07-24 13:26:23.531,0,[],0
1283,2008-07-24 15:05:21.204,0,[],0
1284,2008-07-24 16:43:23.585,0,[],0
1285,2008-07-24 18:20:52.262,0,[],0
1286,2008-07-24 19:57:53.638,0,[],0
1287,2008-07-24 21:33:27.280,0,[],0
1288,2008-07-24 23:11:23.691,1,"[{'lat': 51.279, 'long': 178.982, 'Time': Timestamp('2008-07-25 00:29:22'), 'mag': 5.9}]",1
1289,2008-07-25 00:48:22.580,0,[],0
1290,2008-07-25 05:43:24.880,0,[],0
1291,2008-07-25 07:21:27.117,0,[],0
1292,2008-07-25 08:58:20.838,0,[],0
1293,2008-07-25 10:37:50.976,0,[],0
1294,2008-07-25 12:17:23.906,0,[],0
1295,2008-07-25 13:56:53.932,0,[],0
1296,2008-07-25 15:35:23.156,0,[],0
1297,2008-07-25 17:13:23.986,0,[],0
1298,2008-07-25 18:50:18.566,0,[],0
1299,2008-07-25 20:24:24.038,0,[],0
1300,2008-07-25 22:03:25.137,0,[],0
1301,2008-07-25 23:40:53.092,0,[],0
1302,2008-07-26 01:18:18.777,0,[],0
1303,2008-07-26 04:35:22.704,1,"[{'lat': 23.577, 'long': 94.642, 'Time': Timestamp('2008-07-27 22:42:05'), 'mag': 5.2}, {'lat': 23.577, 'long': 94.642, 'Time': Timestamp('2008-07-27 22:42:05'), 'mag': 5.2}, {'lat': 11.611, 'long': 91.659, 'Time': Timestamp('2008-07-26 05:35:33'), 'mag': 5.1}]",3
1304,2008-07-26 06:13:25.933,0,[],0
1305,2008-07-26 07:51:53.415,0,[],0
1306,2008-07-26 09:28:51.678,0,[],0
1307,2008-07-26 11:08:20.601,1,"[{'lat': -0.253, 'long': -18.287, 'Time': Timestamp('2008-07-27 21:15:42'), 'mag': 5.9}]",1
1308,2008-07-26 12:47:53.307,0,[],0
1309,2008-07-26 14:26:54.406,0,[],0
1310,2008-07-26 16:05:22.892,1,"[{'lat': 11.377, 'long': -86.838, 'Time': Timestamp('2008-07-27 05:42:29'), 'mag': 5.1}, {'lat': 11.377, 'long': -86.838, 'Time': Timestamp('2008-07-27 05:42:29'), 'mag': 5.1}]",2
1311,2008-07-26 20:55:50.872,0,[],0
1312,2008-07-26 22:33:53.466,0,[],0
1313,2008-07-27 00:10:53.493,0,[],0
1314,2008-07-27 03:27:22.520,1,"[{'lat': -1.069, 'long': 99.792, 'Time': Timestamp('2008-07-28 07:10:04'), 'mag': 5.3}]",1
1315,2008-07-27 05:05:32.502,0,[],0
1316,2008-07-27 06:43:19.024,0,[],0
1317,2008-07-27 08:21:49.832,0,[],0
1318,2008-07-27 09:59:22.080,0,[],0
1319,2008-07-27 11:38:53.681,1,"[{'lat': -0.253, 'long': -18.287, 'Time': Timestamp('2008-07-27 21:15:42'), 'mag': 5.9}]",1
1320,2008-07-27 13:18:23.707,0,[],0
1321,2008-07-27 14:57:21.380,0,[],0
1322,2008-07-27 19:49:53.815,0,[],0
1323,2008-07-27 21:25:52.033,1,"[{'lat': -24.765, 'long': -176.13, 'Time': Timestamp('2008-07-28 03:43:03'), 'mag': 5.3}]",1
1324,2008-07-27 23:03:23.867,1,"[{'lat': 51.349, 'long': -179.043, 'Time': Timestamp('2008-07-28 13:06:40'), 'mag': 5.1}, {'lat': -10.606, 'long': 163.162, 'Time': Timestamp('2008-07-28 21:37:32'), 'mag': 5.9}, {'lat': -10.578, 'long': 163.103, 'Time': Timestamp('2008-07-28 21:40:47'), 'mag': 6.0}]",3
1325,2008-07-28 00:40:48.659,0,[],0
1326,2008-07-28 05:35:26.385,0,[],0
1327,2008-07-28 07:13:27.293,0,[],0
1328,2008-07-28 08:50:19.686,0,[],0
1329,2008-07-28 10:29:51.153,0,[],0
1330,2008-07-28 12:09:23.081,0,[],0
1331,2008-07-28 13:48:53.109,0,[],0
1332,2008-07-28 15:27:24.988,0,[],0
1333,2008-07-28 17:05:23.162,1,"[{'lat': 15.979, 'long': -96.095, 'Time': Timestamp('2008-07-30 10:23:33'), 'mag': 5.3}, {'lat': -54.727, 'long': -118.783, 'Time': Timestamp('2008-07-29 20:56:22'), 'mag': 5.8}, {'lat': -54.727, 'long': -118.783, 'Time': Timestamp('2008-07-29 20:56:22'), 'mag': 5.8}]",3
1334,2008-07-28 18:42:49.070,1,"[{'lat': 33.9485, 'long': -117.7663333, 'Time': Timestamp('2008-07-29 18:42:15'), 'mag': 5.44}, {'lat': 33.9485, 'long': -117.7663333, 'Time': Timestamp('2008-07-29 18:42:15'), 'mag': 5.44}]",2
1335,2008-07-28 20:16:23.214,0,[],0
1336,2008-07-28 21:55:24.313,1,"[{'lat': -21.948, 'long': -179.609, 'Time': Timestamp('2008-07-30 12:59:15'), 'mag': 5.1}]",1
1337,2008-07-28 23:33:23.268,1,"[{'lat': -10.676, 'long': 163.438, 'Time': Timestamp('2008-07-30 19:06:57'), 'mag': 5.1}]",1
1338,2008-07-29 01:10:20.829,0,[],0
1339,2008-07-29 04:27:31.072,0,[],0
1340,2008-07-29 06:05:25.674,0,[],0
1341,2008-07-29 07:43:55.367,0,[],0
1342,2008-07-29 09:20:53.183,1,"[{'lat': 38.02, 'long': 20.12, 'Time': Timestamp('2008-07-30 05:02:56'), 'mag': 5.0}]",1
1343,2008-07-29 11:00:20.554,1,"[{'lat': -59.644, 'long': -27.806, 'Time': Timestamp('2008-07-30 20:15:11'), 'mag': 5.6}]",1
1344,2008-07-29 12:39:53.483,0,[],0
1345,2008-07-29 14:18:49.046,0,[],0
1346,2008-07-29 15:57:22.621,0,[],0
1347,2008-07-29 17:35:22.648,1,"[{'lat': -54.727, 'long': -118.783, 'Time': Timestamp('2008-07-29 20:56:22'), 'mag': 5.8}]",1
1348,2008-07-29 19:12:14.372,0,[],0
1349,2008-07-29 20:46:16.830,0,[],0
1350,2008-07-29 22:25:51.064,0,[],0
1351,2008-07-30 00:02:48.323,0,[],0
1352,2008-07-30 01:40:21.006,0,[],0
1353,2008-07-30 04:57:23.270,0,[],0
1354,2008-07-30 06:35:21.857,0,[],0
1355,2008-07-30 08:13:54.105,0,[],0
1356,2008-07-30 11:30:54.003,0,[],0
1357,2008-07-30 13:10:24.031,0,[],0
1358,2008-07-30 14:49:20.263,0,[],0
1359,2008-07-30 19:42:23.451,0,[],0
1360,2008-07-30 21:17:51.356,0,[],0
1361,2008-07-30 22:55:53.191,1,"[{'lat': -10.488, 'long': 163.505, 'Time': Timestamp('2008-07-31 08:07:41'), 'mag': 5.2}]",1
1362,2008-07-31 00:32:47.983,0,[],0
1363,2008-07-31 05:27:25.708,0,[],0
1364,2008-07-31 07:05:56.617,0,[],0
1365,2008-07-31 08:42:20.338,0,[],0
1366,2008-07-31 10:21:50.476,0,[],0
1367,2008-07-31 12:01:23.405,0,[],0
1368,2008-07-31 13:40:53.432,0,[],0
1369,2008-07-31 15:19:19.776,0,[],0
1370,2008-07-31 16:57:23.486,0,[],0
1371,2008-07-31 18:34:53.512,0,[],0
1372,2008-07-31 20:11:53.538,0,[],0
1373,2008-07-31 21:48:54.748,0,[],0
1374,2008-07-31 23:25:23.591,0,[],0
1375,2008-08-01 01:02:51.151,0,[],0
1376,2008-08-01 04:19:24.531,0,[],0
1377,2008-08-01 05:57:28.765,0,[],0
1378,2008-08-01 07:35:52.922,0,[],0
1379,2008-08-01 09:12:50.739,1,"[{'lat': 39.608, 'long': 23.849, 'Time': Timestamp('2008-08-03 00:39:16'), 'mag': 5.3}]",1
1380,2008-08-01 10:52:24.973,0,[],0
1381,2008-08-01 12:31:53.806,0,[],0
1382,2008-08-01 14:11:21.144,0,[],0
1383,2008-08-01 15:49:49.184,0,[],0
1384,2008-08-01 17:27:24.969,0,[],0
1385,2008-08-01 19:04:53.913,0,[],0
1386,2008-08-01 20:41:23.939,0,[],0
1387,2008-08-01 22:18:23.375,1,"[{'lat': -16.314, 'long': 178.163, 'Time': Timestamp('2008-08-02 15:34:22'), 'mag': 5.5}]",1
1388,2008-08-01 23:55:23.993,0,[],0
1389,2008-08-02 01:32:22.334,0,[],0
1390,2008-08-02 06:27:53.948,0,[],0
1391,2008-08-02 08:04:17.780,0,[],0
1392,2008-08-02 09:43:21.580,0,[],0
1393,2008-08-02 11:22:53.180,0,[],0
1394,2008-08-02 13:02:23.207,0,[],0
1395,2008-08-02 14:41:19.105,0,[],0
1396,2008-08-02 16:19:53.261,0,[],0
1397,2008-08-02 17:57:24.593,0,[],0
1398,2008-08-02 19:34:23.314,0,[],0
1399,2008-08-02 21:11:23.341,0,[],0
1400,2008-08-02 22:47:53.367,0,[],0
1401,2008-08-03 00:24:49.487,1,"[{'lat': 49.852, 'long': 156.38, 'Time': Timestamp('2008-08-04 04:42:14'), 'mag': 5.8}]",1
1402,2008-08-03 02:02:25.050,1,"[{'lat': 27.081, 'long': 126.166, 'Time': Timestamp('2008-08-04 10:25:58'), 'mag': 5.3}, {'lat': 26.985, 'long': 126.484, 'Time': Timestamp('2008-08-05 01:00:46'), 'mag': 5.2}, {'lat': -8.201, 'long': 120.305, 'Time': Timestamp('2008-08-04 03:26:50'), 'mag': 5.1}, {'lat': -8.201, 'long': 120.305, 'Time': Timestamp('2008-08-04 03:26:50'), 'mag': 5.1}]",4
1403,2008-08-03 03:41:53.860,0,[],0
1404,2008-08-03 05:20:02.403,0,[],0
1405,2008-08-03 06:57:53.144,0,[],0
1406,2008-08-03 08:36:24.722,0,[],0
1407,2008-08-03 10:13:50.653,0,[],0
1408,2008-08-03 11:53:23.581,0,[],0
1409,2008-08-03 13:32:53.608,0,[],0
1410,2008-08-03 15:11:52.720,0,[],0
1411,2008-08-03 20:03:53.715,0,[],0
1412,2008-08-03 21:40:53.741,0,[],0
1413,2008-08-03 23:17:53.768,0,[],0
1414,2008-08-04 00:54:52.656,1,"[{'lat': 49.852, 'long': 156.38, 'Time': Timestamp('2008-08-04 04:42:14'), 'mag': 5.8}, {'lat': 49.852, 'long': 156.38, 'Time': Timestamp('2008-08-04 04:42:14'), 'mag': 5.8}]",2
1415,2008-08-04 04:11:53.268,1,"[{'lat': 13.865, 'long': 93.581, 'Time': Timestamp('2008-08-05 10:08:11'), 'mag': 5.2}]",1
1416,2008-08-04 05:49:53.518,0,[],0
1417,2008-08-04 07:27:53.098,0,[],0
1418,2008-08-04 09:04:50.914,1,"[{'lat': 34.098, 'long': 26.576, 'Time': Timestamp('2008-08-04 19:38:25'), 'mag': 5.3}]",1
1419,2008-08-04 10:44:21.053,0,[],0
1420,2008-08-04 12:23:53.982,0,[],0
1421,2008-08-04 14:03:24.009,0,[],0
1422,2008-08-04 15:41:56.001,0,[],0
1423,2008-08-04 17:19:54.063,0,[],0
1424,2008-08-04 18:56:47.643,0,[],0
1425,2008-08-04 20:33:53.116,0,[],0
1426,2008-08-04 22:10:23.142,0,[],0
1427,2008-08-04 23:47:23.169,1,"[{'lat': -8.914, 'long': 157.846, 'Time': Timestamp('2008-08-06 08:38:32'), 'mag': 5.2}]",1
1428,2008-08-05 01:24:50.182,0,[],0
1429,2008-08-05 04:41:52.781,1,"[{'lat': 33.118, 'long': 91.969, 'Time': Timestamp('2008-08-05 21:59:44'), 'mag': 5.0}, {'lat': 33.118, 'long': 91.969, 'Time': Timestamp('2008-08-05 21:59:44'), 'mag': 5.0}]",2
1430,2008-08-05 06:19:54.125,0,[],0
1431,2008-08-05 07:58:17.075,0,[],0
1432,2008-08-05 09:35:20.427,0,[],0
1433,2008-08-05 11:14:53.356,0,[],0
1434,2008-08-05 12:54:23.384,0,[],0
1435,2008-08-05 14:33:24.594,0,[],0
1436,2008-08-05 16:11:53.438,0,[],0
1437,2008-08-05 17:49:22.002,1,"[{'lat': 26.64, 'long': -111.0, 'Time': Timestamp('2008-08-07 02:18:13'), 'mag': 5.5}, {'lat': -54.186, 'long': -133.402, 'Time': Timestamp('2008-08-06 02:18:37'), 'mag': 5.0}]",2
1438,2008-08-05 19:26:23.490,0,[],0
1439,2008-08-05 22:40:23.543,1,"[{'lat': 53.486, 'long': -167.47, 'Time': Timestamp('2008-08-07 07:27:42'), 'mag': 5.2}, {'lat': 52.268, 'long': -175.734, 'Time': Timestamp('2008-08-07 10:12:02'), 'mag': 5.0}, {'lat': 52.281, 'long': -175.811, 'Time': Timestamp('2008-08-07 12:49:33'), 'mag': 5.0}, {'lat': 52.19, 'long': -175.651, 'Time': Timestamp('2008-08-07 18:30:03'), 'mag': 5.8}]",4
1440,2008-08-06 00:17:19.664,0,[],0
1441,2008-08-06 03:33:54.483,0,[],0
1442,2008-08-06 05:11:53.171,0,[],0
1443,2008-08-06 06:49:53.309,0,[],0
1444,2008-08-06 08:28:25.445,0,[],0
1445,2008-08-06 10:05:52.304,0,[],0
1446,2008-08-06 11:45:23.905,0,[],0
1447,2008-08-06 13:24:53.933,0,[],0
1448,2008-08-06 15:03:51.605,0,[],0
1449,2008-08-06 19:56:24.039,0,[],0
1450,2008-08-06 21:32:54.066,0,[],0
1451,2008-08-06 23:09:53.092,1,"[{'lat': 52.268, 'long': -175.734, 'Time': Timestamp('2008-08-07 10:12:02'), 'mag': 5.0}, {'lat': 52.281, 'long': -175.811, 'Time': Timestamp('2008-08-07 12:49:33'), 'mag': 5.0}, {'lat': 52.19, 'long': -175.651, 'Time': Timestamp('2008-08-07 18:30:03'), 'mag': 5.8}, {'lat': -10.726, 'long': 161.019, 'Time': Timestamp('2008-08-07 00:05:56'), 'mag': 5.2}]",4
1452,2008-08-07 04:03:56.688,0,[],0
1453,2008-08-07 05:41:55.610,0,[],0
1454,2008-08-07 07:19:56.518,0,[],0
1455,2008-08-07 08:56:50.239,0,[],0
1456,2008-08-07 10:36:20.378,0,[],0
1457,2008-08-07 12:15:53.306,0,[],0
1458,2008-08-07 13:55:21.526,0,[],0
1459,2008-08-07 15:33:52.557,0,[],0
1460,2008-08-07 17:11:53.387,1,"[{'lat': -9.139, 'long': -109.518, 'Time': Timestamp('2008-08-07 22:58:33'), 'mag': 5.6}]",1
1461,2008-08-07 18:48:49.295,0,[],0
1462,2008-08-07 20:25:53.440,0,[],0
1463,2008-08-07 22:02:51.659,0,[],0
1464,2008-08-07 23:39:53.493,0,[],0
1465,2008-08-08 01:16:47.850,1,"[{'lat': 41.171, 'long': 142.189, 'Time': Timestamp('2008-08-08 15:53:09'), 'mag': 5.4}]",1
1466,2008-08-08 04:34:01.296,0,[],0
1467,2008-08-08 06:11:55.776,0,[],0
1468,2008-08-08 07:50:25.592,0,[],0
1469,2008-08-08 09:27:22.079,0,[],0
1470,2008-08-08 11:06:52.330,0,[],0
1471,2008-08-08 12:46:23.708,0,[],0
1472,2008-08-08 14:25:53.479,0,[],0
1473,2008-08-08 16:03:53.293,0,[],0
1474,2008-08-08 17:41:55.094,0,[],0
1475,2008-08-08 19:18:49.920,0,[],0
1476,2008-08-08 20:55:53.841,0,[],0
1477,2008-08-08 22:32:23.867,1,"[{'lat': -21.156, 'long': 173.997, 'Time': Timestamp('2008-08-10 04:00:54'), 'mag': 5.1}, {'lat': -21.156, 'long': 173.997, 'Time': Timestamp('2008-08-10 04:00:54'), 'mag': 5.1}]",2
1478,2008-08-09 00:09:23.894,0,[],0
1479,2008-08-09 01:46:51.677,1,"[{'lat': 26.486, 'long': 128.522, 'Time': Timestamp('2008-08-09 11:54:19'), 'mag': 5.2}]",1
1480,2008-08-09 05:03:57.591,0,[],0
1481,2008-08-09 06:41:50.753,0,[],0
1482,2008-08-09 08:20:24.329,0,[],0
1483,2008-08-09 09:57:52.481,0,[],0
1484,2008-08-09 11:37:23.081,0,[],0
1485,2008-08-09 13:16:53.108,0,[],0
1486,2008-08-09 14:55:52.109,1,"[{'lat': 10.514, 'long': -64.171, 'Time': Timestamp('2008-08-11 07:19:26'), 'mag': 5.2}, {'lat': 10.514, 'long': -64.171, 'Time': Timestamp('2008-08-11 07:19:26'), 'mag': 5.2}]",2
1487,2008-08-09 16:33:53.163,0,[],0
1488,2008-08-09 18:11:21.727,0,[],0
1489,2008-08-09 19:48:23.216,0,[],0
1490,2008-08-09 23:02:23.268,0,[],0
1491,2008-08-10 00:39:18.061,1,"[{'lat': -3.091, 'long': 147.357, 'Time': Timestamp('2008-08-11 16:27:28'), 'mag': 5.1}, {'lat': -3.109, 'long': 147.26, 'Time': Timestamp('2008-08-11 20:41:36'), 'mag': 5.0}, {'lat': -3.091, 'long': 147.357, 'Time': Timestamp('2008-08-11 16:27:28'), 'mag': 5.1}, {'lat': -3.109, 'long': 147.26, 'Time': Timestamp('2008-08-11 20:41:36'), 'mag': 5.0}]",4
1492,2008-08-10 05:33:55.786,0,[],0
1493,2008-08-10 07:12:26.694,0,[],0
1494,2008-08-10 08:48:50.415,0,[],0
1495,2008-08-10 10:28:20.554,0,[],0
1496,2008-08-10 12:07:53.482,0,[],0
1497,2008-08-10 13:47:23.510,0,[],0
1498,2008-08-10 15:25:52.622,0,[],0
1499,2008-08-10 20:18:23.616,0,[],0
1500,2008-08-10 21:54:50.507,1,"[{'lat': 53.684, 'long': -163.563, 'Time': Timestamp('2008-08-11 00:09:36'), 'mag': 5.3}, {'lat': -20.672, 'long': -177.326, 'Time': Timestamp('2008-08-12 06:09:04'), 'mag': 5.3}]",2
1501,2008-08-10 23:31:53.670,0,[],0
1502,2008-08-11 01:08:53.696,0,[],0
1503,2008-08-11 04:25:54.609,0,[],0
1504,2008-08-11 06:03:56.075,1,"[{'lat': 36.547, 'long': 71.472, 'Time': Timestamp('2008-08-12 05:25:36'), 'mag': 5.0}]",1
1505,2008-08-11 07:42:25.321,0,[],0
1506,2008-08-11 09:19:19.488,0,[],0
1507,2008-08-11 10:58:55.051,0,[],0
1508,2008-08-11 12:38:23.884,0,[],0
1509,2008-08-11 14:17:45.351,0,[],0
1510,2008-08-11 15:56:22.141,0,[],0
1511,2008-08-11 17:33:51.174,1,"[{'lat': -13.382, 'long': -111.281, 'Time': Timestamp('2008-08-13 01:32:45'), 'mag': 5.7}]",1
1512,2008-08-11 19:10:49.984,0,[],0
1513,2008-08-11 20:47:54.018,0,[],0
1514,2008-08-11 22:24:54.044,0,[],0
1515,2008-08-12 00:01:54.071,1,"[{'lat': -54.64, 'long': 143.902, 'Time': Timestamp('2008-08-13 16:24:37'), 'mag': 5.3}]",1
1516,2008-08-12 01:38:51.412,0,[],0
1517,2008-08-12 04:55:56.767,0,[],0
1518,2008-08-12 06:34:24.026,0,[],0
1519,2008-08-12 08:10:46.530,0,[],0
1520,2008-08-12 09:49:51.657,0,[],0
1521,2008-08-12 11:29:23.258,0,[],0
1522,2008-08-12 13:08:53.285,0,[],0
1523,2008-08-12 14:47:50.845,0,[],0
1524,2008-08-12 16:26:23.339,0,[],0
1525,2008-08-12 18:03:54.671,0,[],0
1526,2008-08-12 19:40:53.705,0,[],0
1527,2008-08-12 22:54:23.445,0,[],0
1528,2008-08-13 00:31:15.469,1,"[{'lat': 16.432, 'long': 146.931, 'Time': Timestamp('2008-08-14 00:06:40'), 'mag': 5.1}]",1
1529,2008-08-13 05:26:24.634,0,[],0
1530,2008-08-13 07:04:26.871,0,[],0
1531,2008-08-13 08:42:53.471,0,[],0
1532,2008-08-13 10:20:20.894,0,[],0
1533,2008-08-13 11:59:53.823,1,"[{'lat': 0.459, 'long': -25.243, 'Time': Timestamp('2008-08-15 00:49:43'), 'mag': 5.0}]",1
1534,2008-08-13 13:39:23.850,0,[],0
1535,2008-08-13 15:18:22.962,0,[],0
1536,2008-08-13 20:10:23.956,0,[],0
1537,2008-08-13 21:47:23.983,1,"[{'lat': -16.042, 'long': -176.941, 'Time': Timestamp('2008-08-14 12:42:31'), 'mag': 5.0}, {'lat': -15.273, 'long': -177.765, 'Time': Timestamp('2008-08-14 15:10:16'), 'mag': 5.5}, {'lat': -16.042, 'long': -176.941, 'Time': Timestamp('2008-08-14 12:42:31'), 'mag': 5.0}, {'lat': -15.273, 'long': -177.765, 'Time': Timestamp('2008-08-14 15:10:16'), 'mag': 5.5}]",4
1538,2008-08-13 23:24:24.009,0,[],0
1539,2008-08-14 01:01:22.898,1,"[{'lat': 43.976, 'long': 147.554, 'Time': Timestamp('2008-08-14 11:10:35'), 'mag': 5.4}, {'lat': 43.976, 'long': 147.554, 'Time': Timestamp('2008-08-14 11:10:35'), 'mag': 5.4}]",2
1540,2008-08-14 04:18:23.949,1,"[{'lat': 52.272, 'long': 98.207, 'Time': Timestamp('2008-08-16 04:01:08'), 'mag': 5.7}, {'lat': 52.238, 'long': 98.288, 'Time': Timestamp('2008-08-16 04:06:41'), 'mag': 5.0}, {'lat': -41.75, 'long': 84.75, 'Time': Timestamp('2008-08-15 16:18:24'), 'mag': 5.0}]",3
1541,2008-08-14 05:56:24.088,0,[],0
1542,2008-08-14 07:34:22.340,0,[],0
1543,2008-08-14 09:11:20.157,0,[],0
1544,2008-08-14 10:50:50.295,1,"[{'lat': -58.326, 'long': -22.873, 'Time': Timestamp('2008-08-15 03:38:17'), 'mag': 5.2}]",1
1545,2008-08-14 12:30:23.224,0,[],0
1546,2008-08-14 14:09:52.001,0,[],0
1547,2008-08-14 15:48:19.930,1,"[{'lat': 7.292, 'long': -82.726, 'Time': Timestamp('2008-08-14 22:55:47'), 'mag': 5.5}]",1
1548,2008-08-14 17:25:53.305,0,[],0
1549,2008-08-14 19:03:21.311,0,[],0
1550,2008-08-14 20:40:18.570,0,[],0
1551,2008-08-14 22:16:53.384,0,[],0
1552,2008-08-14 23:53:51.168,1,"[{'lat': -7.56, 'long': 154.75, 'Time': Timestamp('2008-08-15 02:36:54'), 'mag': 5.2}, {'lat': -7.022, 'long': 157.626, 'Time': Timestamp('2008-08-16 05:03:58'), 'mag': 5.1}]",2
1553,2008-08-15 01:31:22.522,0,[],0
1554,2008-08-15 03:10:25.094,0,[],0
1555,2008-08-15 04:48:18.915,1,"[{'lat': 52.272, 'long': 98.207, 'Time': Timestamp('2008-08-16 04:01:08'), 'mag': 5.7}, {'lat': 52.238, 'long': 98.288, 'Time': Timestamp('2008-08-16 04:06:41'), 'mag': 5.0}]",2
1556,2008-08-15 06:26:24.366,1,"[{'lat': 5.717, 'long': 61.212, 'Time': Timestamp('2008-08-16 07:25:56'), 'mag': 5.4}, {'lat': 5.711, 'long': 61.333, 'Time': Timestamp('2008-08-16 08:20:21'), 'mag': 5.2}, {'lat': 5.519, 'long': 61.303, 'Time': Timestamp('2008-08-16 08:26:23'), 'mag': 5.1}]",3
1557,2008-08-15 08:04:46.982,0,[],0
1558,2008-08-15 09:41:47.232,0,[],0
1559,2008-08-15 11:21:25.563,0,[],0
1560,2008-08-15 13:00:51.606,0,[],0
1561,2008-08-15 14:40:19.523,0,[],0
1562,2008-08-15 16:18:23.679,0,[],0
1563,2008-08-15 17:55:52.244,0,[],0
1564,2008-08-15 19:32:53.732,0,[],0
1565,2008-08-15 21:09:53.758,0,[],0
1566,2008-08-15 22:46:53.785,0,[],0
1567,2008-08-16 00:23:52.572,1,"[{'lat': 15.83, 'long': 147.019, 'Time': Timestamp('2008-08-16 21:29:35'), 'mag': 5.1}]",1
1568,2008-08-16 03:40:25.606,0,[],0
1569,2008-08-16 05:18:23.413,0,[],0
1570,2008-08-16 06:56:24.889,0,[],0
1571,2008-08-16 08:34:55.140,0,[],0
1572,2008-08-16 10:12:22.399,0,[],0
1573,2008-08-16 11:51:53.999,0,[],0
1574,2008-08-16 13:31:24.026,0,[],0
1575,2008-08-16 15:10:20.371,0,[],0
1576,2008-08-16 16:48:23.080,1,"[{'lat': 14.548, 'long': -91.975, 'Time': Timestamp('2008-08-17 14:25:08'), 'mag': 5.0}, {'lat': -34.814, 'long': -108.286, 'Time': Timestamp('2008-08-17 21:28:38'), 'mag': 5.2}, {'lat': -34.814, 'long': -108.286, 'Time': Timestamp('2008-08-17 21:28:38'), 'mag': 5.2}]",3
1577,2008-08-16 18:25:47.660,0,[],0
1578,2008-08-16 20:02:53.133,0,[],0
1579,2008-08-16 21:38:24.231,0,[],0
1580,2008-08-16 23:16:23.186,1,"[{'lat': -10.656, 'long': 164.586, 'Time': Timestamp('2008-08-18 09:16:21'), 'mag': 5.0}]",1
1581,2008-08-17 00:53:17.978,1,"[{'lat': 47.264, 'long': 153.93, 'Time': Timestamp('2008-08-18 01:46:32'), 'mag': 5.1}]",1
1582,2008-08-17 04:10:26.782,0,[],0
1583,2008-08-17 05:48:24.264,0,[],0
1584,2008-08-17 07:26:55.284,0,[],0
1585,2008-08-17 09:03:20.333,0,[],0
1586,2008-08-17 10:42:50.472,1,"[{'lat': -8.201, 'long': -13.449, 'Time': Timestamp('2008-08-19 08:33:55'), 'mag': 5.5}]",1
1587,2008-08-17 12:22:53.400,0,[],0
1588,2008-08-17 14:01:53.428,0,[],0
1589,2008-08-17 15:40:22.651,1,"[{'lat': -5.845, 'long': -80.924, 'Time': Timestamp('2008-08-18 15:38:08'), 'mag': 5.1}]",1
1590,2008-08-17 20:29:20.855,0,[],0
1591,2008-08-17 22:08:27.288,1,"[{'lat': -19.74, 'long': 180.0, 'Time': Timestamp('2008-08-18 09:53:28'), 'mag': 5.3}, {'lat': -19.74, 'long': 180.0, 'Time': Timestamp('2008-08-18 09:53:28'), 'mag': 5.3}]",2
1592,2008-08-17 23:46:23.587,0,[],0
1593,2008-08-18 01:23:21.929,0,[],0
1594,2008-08-18 04:40:39.583,1,"[{'lat': 33.628, 'long': 91.92, 'Time': Timestamp('2008-08-18 14:11:05'), 'mag': 5.3}]",1
1595,2008-08-18 06:18:25.871,0,[],0
1596,2008-08-18 07:56:47.493,0,[],0
1597,2008-08-18 09:33:46.750,0,[],0
1598,2008-08-18 11:13:23.774,1,"[{'lat': -8.201, 'long': -13.449, 'Time': Timestamp('2008-08-19 08:33:55'), 'mag': 5.5}, {'lat': -8.201, 'long': -13.449, 'Time': Timestamp('2008-08-19 08:33:55'), 'mag': 5.5}]",2
1599,2008-08-18 12:52:53.802,0,[],0
1600,2008-08-18 14:32:20.916,1,"[{'lat': -22.143, 'long': -68.392, 'Time': Timestamp('2008-08-18 20:28:16'), 'mag': 5.0}]",1
1601,2008-08-18 16:10:23.855,1,"[{'lat': 9.033, 'long': -84.081, 'Time': Timestamp('2008-08-20 06:20:57'), 'mag': 5.3}]",1
1602,2008-08-18 17:48:25.188,0,[],0
1603,2008-08-18 19:25:23.908,0,[],0
1604,2008-08-18 20:59:21.255,0,[],0
1605,2008-08-18 22:38:53.961,0,[],0
1606,2008-08-19 00:15:45.986,0,[],0
1607,2008-08-19 01:53:17.341,1,"[{'lat': 12.95, 'long': 124.319, 'Time': Timestamp('2008-08-20 13:18:05'), 'mag': 5.3}]",1
1608,2008-08-19 05:10:23.588,0,[],0
1609,2008-08-19 06:48:28.151,0,[],0
1610,2008-08-19 08:25:21.983,0,[],0
1611,2008-08-19 10:04:21.575,0,[],0
1612,2008-08-19 11:44:23.175,0,[],0
1613,2008-08-19 13:23:23.203,0,[],0
1614,2008-08-19 15:02:22.203,0,[],0
1615,2008-08-19 16:40:23.257,0,[],0
1616,2008-08-19 18:17:50.493,0,[],0
1617,2008-08-19 19:54:53.310,0,[],0
1618,2008-08-20 00:45:50.922,0,[],0
1619,2008-08-20 05:40:25.880,0,[],0
1620,2008-08-20 07:18:56.788,0,[],0
1621,2008-08-20 08:55:21.837,0,[],0
1622,2008-08-20 10:34:50.786,0,[],0
1623,2008-08-20 12:14:53.715,0,[],0
1624,2008-08-20 13:53:53.742,0,[],0
1625,2008-08-20 15:32:55.733,0,[],0
1626,2008-08-20 20:21:53.848,0,[],0
1627,2008-08-20 22:00:24.946,0,[],0
1628,2008-08-20 23:38:23.902,0,[],0
1629,2008-08-21 01:15:19.587,1,"[{'lat': 36.463, 'long': 140.401, 'Time': Timestamp('2008-08-22 10:59:50'), 'mag': 5.2}, {'lat': 36.463, 'long': 140.401, 'Time': Timestamp('2008-08-22 10:59:50'), 'mag': 5.2}]",2
1630,2008-08-21 04:32:31.705,0,[],0
1631,2008-08-21 06:10:23.975,0,[],0
1632,2008-08-21 07:48:51.458,0,[],0
1633,2008-08-21 09:25:53.816,0,[],0
1634,2008-08-21 11:05:21.738,1,"[{'lat': -58.569, 'long': -25.126, 'Time': Timestamp('2008-08-21 19:09:49'), 'mag': 5.0}, {'lat': -58.599, 'long': -25.154, 'Time': Timestamp('2008-08-21 19:13:44'), 'mag': 5.3}, {'lat': -58.602, 'long': -25.046, 'Time': Timestamp('2008-08-22 17:38:59'), 'mag': 5.3}]",3
1635,2008-08-21 12:45:23.116,1,"[{'lat': 44.399, 'long': -28.185, 'Time': Timestamp('2008-08-23 07:45:18'), 'mag': 5.0}, {'lat': 44.399, 'long': -28.185, 'Time': Timestamp('2008-08-23 07:45:18'), 'mag': 5.0}]",2
1636,2008-08-21 14:24:20.119,0,[],0
1637,2008-08-21 16:02:51.373,1,"[{'lat': 5.237, 'long': -82.684, 'Time': Timestamp('2008-08-21 22:51:42'), 'mag': 5.2}, {'lat': 8.321, 'long': -82.801, 'Time': Timestamp('2008-08-22 11:04:56'), 'mag': 5.0}]",2
1638,2008-08-21 17:40:24.502,0,[],0
1639,2008-08-21 19:17:19.328,1,"[{'lat': -62.84, 'long': -158.207, 'Time': Timestamp('2008-08-22 02:24:00'), 'mag': 5.2}]",1
1640,2008-08-21 20:51:23.248,0,[],0
1641,2008-08-21 22:31:23.276,1,"[{'lat': -21.442, 'long': 170.383, 'Time': Timestamp('2008-08-22 01:34:00'), 'mag': 5.0}, {'lat': -21.442, 'long': 170.383, 'Time': Timestamp('2008-08-22 01:34:00'), 'mag': 5.0}]",2
1642,2008-08-22 00:08:23.493,0,[],0
1643,2008-08-22 01:45:17.983,1,"[{'lat': 36.463, 'long': 140.401, 'Time': Timestamp('2008-08-22 10:59:50'), 'mag': 5.2}]",1
1644,2008-08-22 05:02:26.999,0,[],0
1645,2008-08-22 06:40:52.930,0,[],0
1646,2008-08-22 08:17:16.762,0,[],0
1647,2008-08-22 09:56:21.889,0,[],0
1648,2008-08-22 11:35:53.490,0,[],0
1649,2008-08-22 13:15:53.517,1,"[{'lat': 44.399, 'long': -28.185, 'Time': Timestamp('2008-08-23 07:45:18'), 'mag': 5.0}]",1
1650,2008-08-22 14:54:18.422,1,"[{'lat': -8.356, 'long': -74.268, 'Time': Timestamp('2008-08-22 21:03:24'), 'mag': 5.2}]",1
1651,2008-08-22 16:32:53.571,0,[],0
1652,2008-08-22 18:10:24.903,0,[],0
1653,2008-08-22 19:47:23.624,0,[],0
1654,2008-08-23 00:37:53.893,0,[],0
1655,2008-08-23 05:32:53.092,0,[],0
1656,2008-08-23 07:10:53.007,0,[],0
1657,2008-08-23 08:49:21.817,0,[],0
1658,2008-08-23 10:26:49.076,0,[],0
1659,2008-08-23 12:06:51.983,0,[],0
1660,2008-08-23 13:45:49.354,0,[],0
1661,2008-08-23 15:24:51.702,0,[],0
1662,2008-08-23 17:02:53.972,0,[],0
1663,2008-08-23 18:39:49.880,0,[],0
1664,2008-08-23 20:13:54.024,0,[],0
1665,2008-08-23 23:30:54.078,0,[],0
1666,2008-08-24 01:07:50.638,0,[],0
1667,2008-08-24 04:24:54.017,0,[],0
1668,2008-08-24 06:02:55.484,0,[],0
1669,2008-08-24 07:40:54.729,0,[],0
1670,2008-08-24 09:17:50.224,0,[],0
1671,2008-08-24 10:57:20.364,0,[],0
1672,2008-08-24 12:37:23.293,0,[],0
1673,2008-08-24 14:16:16.087,0,[],0
1674,2008-08-24 15:54:51.549,0,[],0
1675,2008-08-24 17:32:20.583,0,[],0
1676,2008-08-24 19:09:49.393,0,[],0
1677,2008-08-24 20:45:20.858,0,[],0
1678,2008-08-24 22:23:21.533,0,[],0
1679,2008-08-25 00:00:23.478,1,"[{'lat': -3.245, 'long': 147.936, 'Time': Timestamp('2008-08-26 01:56:28'), 'mag': 5.0}, {'lat': -2.919, 'long': 147.425, 'Time': Timestamp('2008-08-26 02:06:27'), 'mag': 5.4}]",2
1680,2008-08-25 04:55:02.488,1,"[{'lat': 30.901, 'long': 83.52, 'Time': Timestamp('2008-08-25 13:21:58'), 'mag': 6.7}, {'lat': 30.831, 'long': 83.523, 'Time': Timestamp('2008-08-25 14:16:02'), 'mag': 5.2}, {'lat': 30.928, 'long': 83.473, 'Time': Timestamp('2008-08-25 20:40:45'), 'mag': 5.0}, {'lat': 30.901, 'long': 83.52, 'Time': Timestamp('2008-08-25 13:21:58'), 'mag': 6.7}, {'lat': 30.712, 'long': 83.377, 'Time': Timestamp('2008-08-25 13:29:22'), 'mag': 5.0}, {'lat': 30.797, 'long': 83.38, 'Time': Timestamp('2008-08-25 13:39:38'), 'mag': 5.2}, {'lat': 30.831, 'long': 83.523, 'Time': Timestamp('2008-08-25 14:16:02'), 'mag': 5.2}, {'lat': 30.634, 'long': 83.285, 'Time': Timestamp('2008-08-25 19:13:52'), 'mag': 5.1}, {'lat': 30.928, 'long': 83.473, 'Time': Timestamp('2008-08-25 20:40:45'), 'mag': 5.0}, {'lat': 30.659, 'long': 83.284, 'Time': Timestamp('2008-08-26 23:54:23'), 'mag': 5.0}]",10
1681,2008-08-25 06:32:54.435,0,[],0
1682,2008-08-25 08:11:19.818,1,"[{'lat': -52.509, 'long': 12.386, 'Time': Timestamp('2008-08-26 02:28:24'), 'mag': 5.2}]",1
1683,2008-08-25 09:48:23.394,0,[],0
1684,2008-08-25 11:28:23.667,0,[],0
1685,2008-08-25 13:07:53.694,0,[],0
1686,2008-08-25 14:46:52.471,0,[],0
1687,2008-08-25 16:24:53.747,0,[],0
1688,2008-08-25 18:02:22.312,0,[],0
1689,2008-08-25 19:39:24.113,1,"[{'lat': 49.022, 'long': -128.493, 'Time': Timestamp('2008-08-25 22:24:56'), 'mag': 5.1}]",1
1690,2008-08-25 21:15:22.019,0,[],0
1691,2008-08-25 22:53:23.853,0,[],0
1692,2008-08-26 00:30:18.645,1,"[{'lat': 46.725, 'long': 152.484, 'Time': Timestamp('2008-08-27 05:24:41'), 'mag': 5.4}, {'lat': -3.245, 'long': 147.936, 'Time': Timestamp('2008-08-26 01:56:28'), 'mag': 5.0}, {'lat': -2.919, 'long': 147.425, 'Time': Timestamp('2008-08-26 02:06:27'), 'mag': 5.4}, {'lat': -3.245, 'long': 147.936, 'Time': Timestamp('2008-08-26 01:56:28'), 'mag': 5.0}, {'lat': -2.919, 'long': 147.425, 'Time': Timestamp('2008-08-26 02:06:27'), 'mag': 5.4}]",5
1693,2008-08-26 05:24:56.371,1,"[{'lat': 30.659, 'long': 83.284, 'Time': Timestamp('2008-08-26 23:54:23'), 'mag': 5.0}]",1
1694,2008-08-26 07:02:53.184,1,"[{'lat': -10.751, 'long': 41.469, 'Time': Timestamp('2008-08-27 06:46:19'), 'mag': 5.7}]",1
1695,2008-08-26 10:18:52.466,0,[],0
1696,2008-08-26 11:58:54.068,0,[],0
1697,2008-08-26 13:38:23.095,0,[],0
1698,2008-08-26 15:16:52.207,1,"[{'lat': -7.641, 'long': -74.377, 'Time': Timestamp('2008-08-26 21:00:36'), 'mag': 6.4}]",1
1699,2008-08-26 16:54:53.148,0,[],0
1700,2008-08-26 18:32:23.175,0,[],0
1701,2008-08-26 20:09:23.201,1,"[{'lat': 50.228, 'long': -130.035, 'Time': Timestamp('2008-08-27 20:17:35'), 'mag': 5.4}]",1
1702,2008-08-26 21:44:54.299,1,"[{'lat': -22.538, 'long': -175.03, 'Time': Timestamp('2008-08-28 19:17:36'), 'mag': 5.1}]",1
1703,2008-08-26 23:22:53.254,0,[],0
1704,2008-08-27 00:59:48.046,1,"[{'lat': 46.725, 'long': 152.484, 'Time': Timestamp('2008-08-27 05:24:41'), 'mag': 5.4}]",1
1705,2008-08-27 04:16:54.194,0,[],0
1706,2008-08-27 05:54:54.332,0,[],0
1707,2008-08-27 07:33:25.353,1,"[{'lat': 32.308, 'long': 47.35, 'Time': Timestamp('2008-08-27 21:52:38'), 'mag': 5.8}]",1
1708,2008-08-27 09:09:50.401,0,[],0
1709,2008-08-27 10:49:20.693,0,[],0
1710,2008-08-27 12:29:23.621,0,[],0
1711,2008-08-27 14:08:22.398,0,[],0
1712,2008-08-27 15:46:51.655,0,[],0
1713,2008-08-27 20:35:51.076,0,[],0
1714,2008-08-27 22:15:53.413,0,[],0
1715,2008-08-27 23:52:23.808,0,[],0
1716,2008-08-28 01:29:52.149,0,[],0
1717,2008-08-28 04:47:05.696,0,[],0
1718,2008-08-28 06:24:56.092,0,[],0
1719,2008-08-28 08:03:17.380,0,[],0
1720,2008-08-28 09:40:16.971,0,[],0
1721,2008-08-28 11:20:23.995,1,"[{'lat': -0.134, 'long': -17.626, 'Time': Timestamp('2008-08-28 15:22:18'), 'mag': 5.2}, {'lat': -0.252, 'long': -17.358, 'Time': Timestamp('2008-08-28 15:22:23'), 'mag': 6.3}, {'lat': -56.276, 'long': -30.62, 'Time': Timestamp('2008-08-28 23:41:42'), 'mag': 5.2}]",3
1722,2008-08-28 12:59:54.023,0,[],0
1723,2008-08-28 14:38:51.249,0,[],0
1724,2008-08-28 16:16:54.077,0,[],0
1725,2008-08-28 17:54:54.409,0,[],0
1726,2008-08-28 19:31:53.129,0,[],0
1727,2008-08-28 21:07:25.444,0,[],0
1728,2008-08-28 22:45:23.183,0,[],0
1729,2008-08-29 00:22:23.298,1,"[{'lat': -6.146, 'long': 147.258, 'Time': Timestamp('2008-08-30 06:54:07'), 'mag': 6.4}]",1
1730,2008-08-29 01:59:50.769,1,"[{'lat': 13.005, 'long': 124.315, 'Time': Timestamp('2008-08-30 12:04:52'), 'mag': 5.2}, {'lat': 1.022, 'long': 121.024, 'Time': Timestamp('2008-08-29 10:20:55'), 'mag': 5.2}]",2
1731,2008-08-29 05:16:52.809,1,"[{'lat': 42.733, 'long': 83.899, 'Time': Timestamp('2008-08-30 12:46:47'), 'mag': 5.3}, {'lat': 30.755, 'long': 83.44, 'Time': Timestamp('2008-08-30 21:31:12'), 'mag': 5.0}, {'lat': -20.41, 'long': 67.172, 'Time': Timestamp('2008-08-30 14:42:28'), 'mag': 5.2}]",3
1732,2008-08-29 06:54:54.287,0,[],0
1733,2008-08-29 08:31:51.657,0,[],0
1734,2008-08-29 10:10:51.796,0,[],0
1735,2008-08-29 11:50:53.397,0,[],0
1736,2008-08-29 13:30:23.423,1,"[{'lat': -61.233, 'long': -67.738, 'Time': Timestamp('2008-08-31 01:15:25'), 'mag': 5.5}, {'lat': -61.233, 'long': -67.738, 'Time': Timestamp('2008-08-31 01:15:25'), 'mag': 5.5}]",2
1737,2008-08-29 15:08:55.192,0,[],0
1738,2008-08-29 16:46:53.477,0,[],0
1739,2008-08-29 18:24:19.386,0,[],0
1740,2008-08-29 20:01:23.531,0,[],0
1741,2008-08-29 23:14:53.583,0,[],0
1742,2008-08-30 00:52:21.143,0,[],0
1743,2008-08-30 05:46:56.101,1,"[{'lat': -18.579, 'long': 65.541, 'Time': Timestamp('2008-09-01 00:37:39'), 'mag': 5.1}, {'lat': -18.579, 'long': 65.541, 'Time': Timestamp('2008-09-01 00:37:39'), 'mag': 5.1}]",2
1744,2008-08-30 07:25:22.913,0,[],0
1745,2008-08-30 09:02:20.730,0,[],0
1746,2008-08-30 10:41:22.197,0,[],0
1747,2008-08-30 12:21:23.797,0,[],0
1748,2008-08-30 14:00:23.825,1,"[{'lat': -61.233, 'long': -67.738, 'Time': Timestamp('2008-08-31 01:15:25'), 'mag': 5.5}]",1
1749,2008-08-30 15:39:25.816,0,[],0
1750,2008-08-30 17:16:51.970,0,[],0
1751,2008-08-30 18:54:15.133,0,[],0
1752,2008-08-30 20:30:49.143,0,[],0
1753,2008-08-31 04:38:51.822,0,[],0
1754,2008-08-31 07:55:23.643,0,[],0
1755,2008-08-31 09:32:21.571,0,[],0
1756,2008-08-31 11:12:23.172,1,"[{'lat': -57.92, 'long': -25.542, 'Time': Timestamp('2008-09-01 19:54:45'), 'mag': 5.1}]",1
1757,2008-08-31 12:51:53.199,0,[],0
1758,2008-08-31 14:30:50.314,0,[],0
1759,2008-08-31 19:23:50.851,0,[],0
1760,2008-08-31 21:00:53.332,0,[],0
1761,2008-08-31 22:37:23.359,1,"[{'lat': -20.426, 'long': 169.243, 'Time': Timestamp('2008-09-02 18:41:39'), 'mag': 5.2}, {'lat': -20.426, 'long': 169.243, 'Time': Timestamp('2008-09-02 18:41:39'), 'mag': 5.2}]",2
1762,2008-09-01 00:14:49.479,0,[],0
1763,2008-09-01 01:51:48.066,1,"[{'lat': 4.538, 'long': 126.041, 'Time': Timestamp('2008-09-01 17:19:11'), 'mag': 5.6}, {'lat': -8.277, 'long': 120.572, 'Time': Timestamp('2008-09-02 11:00:03'), 'mag': 5.1}, {'lat': -8.277, 'long': 120.572, 'Time': Timestamp('2008-09-02 11:00:03'), 'mag': 5.1}]",3
1764,2008-09-01 03:31:24.298,1,"[{'lat': -4.477, 'long': 101.464, 'Time': Timestamp('2008-09-02 00:06:49'), 'mag': 5.0}, {'lat': 0.489, 'long': 98.089, 'Time': Timestamp('2008-09-02 09:00:03'), 'mag': 5.1}, {'lat': -4.477, 'long': 101.464, 'Time': Timestamp('2008-09-02 00:06:49'), 'mag': 5.0}]",3
1765,2008-09-01 05:08:57.082,0,[],0
1766,2008-09-01 06:47:24.453,0,[],0
1767,2008-09-01 08:23:49.612,1,"[{'lat': 37.507, 'long': 38.503, 'Time': Timestamp('2008-09-03 02:22:47'), 'mag': 5.0}, {'lat': 37.507, 'long': 38.503, 'Time': Timestamp('2008-09-03 02:22:47'), 'mag': 5.0}]",2
1768,2008-09-01 10:02:51.972,0,[],0
1769,2008-09-01 11:42:53.573,0,[],0
1770,2008-09-01 13:22:23.600,0,[],0
1771,2008-09-01 15:01:21.273,0,[],0
1772,2008-09-01 16:39:18.431,0,[],0
1773,2008-09-01 18:16:54.986,0,[],0
1774,2008-09-01 19:53:53.707,0,[],0
1775,2008-09-01 21:29:24.046,1,"[{'lat': -15.414, 'long': -173.336, 'Time': Timestamp('2008-09-02 20:01:03'), 'mag': 5.3}]",1
1776,2008-09-01 23:07:23.759,1,"[{'lat': -10.359, 'long': 161.395, 'Time': Timestamp('2008-09-03 12:16:00'), 'mag': 5.3}]",1
1777,2008-09-02 00:44:21.107,0,[],0
1778,2008-09-02 05:39:24.949,0,[],0
1779,2008-09-02 07:17:27.186,1,"[{'lat': 32.3, 'long': 47.2, 'Time': Timestamp('2008-09-03 22:43:13'), 'mag': 5.1}]",1
1780,2008-09-02 08:54:20.906,0,[],0
1781,2008-09-02 10:33:51.046,0,[],0
1782,2008-09-02 12:13:23.974,0,[],0
1783,2008-09-02 13:52:54.001,1,"[{'lat': -26.736, 'long': -63.225, 'Time': Timestamp('2008-09-03 11:25:14'), 'mag': 6.3}]",1
1784,2008-09-02 15:31:15.033,0,[],0
1785,2008-09-02 17:09:24.055,0,[],0
1786,2008-09-02 18:46:18.963,0,[],0
1787,2008-09-02 20:23:23.108,0,[],0
1788,2008-09-02 22:00:21.327,0,[],0
1789,2008-09-02 23:36:53.160,1,"[{'lat': -10.359, 'long': 161.395, 'Time': Timestamp('2008-09-03 12:16:00'), 'mag': 5.3}, {'lat': -10.359, 'long': 161.395, 'Time': Timestamp('2008-09-03 12:16:00'), 'mag': 5.3}]",2
1790,2008-09-03 01:14:17.517,0,[],0
1791,2008-09-03 04:31:22.773,0,[],0
1792,2008-09-03 06:09:26.002,1,"[{'lat': 36.536, 'long': 71.291, 'Time': Timestamp('2008-09-05 04:57:52'), 'mag': 5.4}]",1
1793,2008-09-03 07:47:53.484,1,"[{'lat': 32.3, 'long': 47.2, 'Time': Timestamp('2008-09-03 22:43:13'), 'mag': 5.1}]",1
1794,2008-09-03 09:24:51.747,0,[],0
1795,2008-09-03 11:04:22.153,0,[],0
1796,2008-09-03 12:43:53.531,0,[],0
1797,2008-09-03 14:22:50.534,0,[],0
1798,2008-09-03 19:16:19.743,0,[],0
1799,2008-09-03 20:52:53.664,0,[],0
1800,2008-09-03 22:29:53.690,0,[],0
1801,2008-09-04 00:06:53.717,0,[],0
1802,2008-09-04 05:01:32.727,1,"[{'lat': 30.279, 'long': 80.349, 'Time': Timestamp('2008-09-04 12:53:11'), 'mag': 5.0}]",1
1803,2008-09-04 06:39:20.576,0,[],0
1804,2008-09-04 08:17:50.056,0,[],0
1805,2008-09-04 11:34:53.904,0,[],0
1806,2008-09-04 13:14:23.932,1,"[{'lat': 30.098, 'long': -42.591, 'Time': Timestamp('2008-09-04 18:47:55'), 'mag': 5.4}]",1
1807,2008-09-04 14:53:21.604,0,[],0
1808,2008-09-04 16:31:24.075,1,"[{'lat': 13.69, 'long': -91.286, 'Time': Timestamp('2008-09-04 21:39:29'), 'mag': 5.2}]",1
1809,2008-09-04 18:08:52.550,0,[],0
1810,2008-09-04 19:45:54.039,1,"[{'lat': 49.791, 'long': -130.113, 'Time': Timestamp('2008-09-06 01:10:20'), 'mag': 5.2}, {'lat': 49.869, 'long': -130.084, 'Time': Timestamp('2008-09-06 11:25:57'), 'mag': 5.0}]",2
1811,2008-09-04 21:21:54.377,0,[],0
1812,2008-09-04 22:59:23.091,1,"[{'lat': -13.273, 'long': 166.966, 'Time': Timestamp('2008-09-05 12:35:43'), 'mag': 5.6}, {'lat': -13.273, 'long': 166.966, 'Time': Timestamp('2008-09-05 12:35:43'), 'mag': 5.6}]",2
1813,2008-09-05 00:36:15.116,0,[],0
1814,2008-09-05 05:31:25.609,1,"[{'lat': -23.71, 'long': 69.493, 'Time': Timestamp('2008-09-07 02:05:33'), 'mag': 5.4}, {'lat': -23.719, 'long': 69.558, 'Time': Timestamp('2008-09-07 02:39:10'), 'mag': 5.0}]",2
1815,2008-09-05 07:09:26.517,0,[],0
1816,2008-09-05 08:46:18.910,0,[],0
1817,2008-09-05 10:25:50.377,1,"[{'lat': -34.261, 'long': -14.547, 'Time': Timestamp('2008-09-05 20:41:35'), 'mag': 5.1}]",1
1818,2008-09-05 12:05:23.306,0,[],0
1819,2008-09-05 13:44:53.333,0,[],0
1820,2008-09-05 15:23:21.116,0,[],0
1821,2008-09-05 17:01:23.386,0,[],0
1822,2008-09-05 18:38:49.295,0,[],0
1823,2008-09-05 20:15:23.440,0,[],0
1824,2008-09-05 23:29:23.493,0,[],0
1825,2008-09-06 01:06:23.519,0,[],0
1826,2008-09-06 04:23:24.432,1,"[{'lat': 12.943, 'long': 92.389, 'Time': Timestamp('2008-09-07 09:00:28'), 'mag': 5.0}]",1
1827,2008-09-06 06:01:25.898,0,[],0
1828,2008-09-06 07:39:55.591,0,[],0
1829,2008-09-06 09:16:49.312,0,[],0
1830,2008-09-06 10:56:23.546,0,[],0
1831,2008-09-06 12:35:53.707,0,[],0
1832,2008-09-06 14:14:46.502,0,[],0
1833,2008-09-06 15:53:20.971,0,[],0
1834,2008-09-06 17:31:20.997,0,[],0
1835,2008-09-06 19:08:19.807,0,[],0
1836,2008-09-06 20:45:23.841,0,[],0
1837,2008-09-06 22:21:53.867,1,"[{'lat': -17.578, 'long': 179.61, 'Time': Timestamp('2008-09-08 19:51:44'), 'mag': 5.2}, {'lat': -19.964, 'long': 169.108, 'Time': Timestamp('2008-09-08 03:03:15'), 'mag': 6.2}]",2
1838,2008-09-06 23:58:53.893,0,[],0
1839,2008-09-07 01:36:22.235,0,[],0
1840,2008-09-07 04:53:27.590,0,[],0
1841,2008-09-07 06:31:22.081,0,[],0
1842,2008-09-07 08:09:50.233,0,[],0
1843,2008-09-07 09:47:17.492,0,[],0
1844,2008-09-07 11:26:50.726,0,[],0
1845,2008-09-07 13:06:20.865,0,[],0
1846,2008-09-07 14:45:21.997,0,[],0
1847,2008-09-07 19:38:22.300,0,[],0
1848,2008-09-07 21:14:48.119,0,[],0
1849,2008-09-07 22:51:50.802,1,"[{'lat': -13.501, 'long': 166.967, 'Time': Timestamp('2008-09-08 18:52:06'), 'mag': 6.9}, {'lat': -19.964, 'long': 169.108, 'Time': Timestamp('2008-09-08 03:03:15'), 'mag': 6.2}, {'lat': -13.501, 'long': 166.967, 'Time': Timestamp('2008-09-08 18:52:06'), 'mag': 6.9}, {'lat': -19.964, 'long': 169.108, 'Time': Timestamp('2008-09-08 03:03:15'), 'mag': 6.2}]",4
1850,2008-09-08 00:28:49.388,0,[],0
1851,2008-09-08 02:06:20.855,1,"[{'lat': 24.666, 'long': 122.57, 'Time': Timestamp('2008-09-09 07:43:13'), 'mag': 5.5}]",1
1852,2008-09-08 05:23:25.785,1,"[{'lat': 30.783, 'long': 83.591, 'Time': Timestamp('2008-09-10 01:14:31'), 'mag': 5.3}, {'lat': 30.795, 'long': 83.397, 'Time': Timestamp('2008-09-10 01:28:06'), 'mag': 5.4}]",2
1853,2008-09-08 07:01:56.694,0,[],0
1854,2008-09-08 08:38:20.414,0,[],0
1855,2008-09-08 10:17:50.553,0,[],0
1856,2008-09-08 11:57:23.482,0,[],0
1857,2008-09-08 13:36:53.509,0,[],0
1858,2008-09-08 15:15:15.757,0,[],0
1859,2008-09-08 16:53:23.563,0,[],0
1860,2008-09-08 18:30:53.590,0,[],0
1861,2008-09-08 20:07:53.616,0,[],0
1862,2008-09-08 21:43:56.723,1,"[{'lat': -17.666, 'long': -178.318, 'Time': Timestamp('2008-09-09 11:04:12'), 'mag': 5.2}]",1
1863,2008-09-08 23:21:23.668,1,"[{'lat': -9.272, 'long': 158.261, 'Time': Timestamp('2008-09-09 12:22:49'), 'mag': 5.9}, {'lat': -11.801, 'long': 166.508, 'Time': Timestamp('2008-09-09 23:18:26'), 'mag': 5.6}]",2
1864,2008-09-09 00:58:51.229,1,"[{'lat': 41.892, 'long': 143.754, 'Time': Timestamp('2008-09-11 00:20:50'), 'mag': 6.8}, {'lat': 41.753, 'long': 143.882, 'Time': Timestamp('2008-09-11 00:32:48'), 'mag': 5.3}]",2
1865,2008-09-09 04:15:25.937,1,"[{'lat': 2.452, 'long': 96.292, 'Time': Timestamp('2008-09-10 00:18:53'), 'mag': 5.0}]",1
1866,2008-09-09 05:53:24.747,0,[],0
1867,2008-09-09 07:31:52.999,0,[],0
1868,2008-09-09 09:08:50.816,0,[],0
1869,2008-09-09 10:48:25.050,0,[],0
1870,2008-09-09 12:27:53.883,0,[],0
1871,2008-09-09 14:07:24.871,0,[],0
1872,2008-09-09 15:45:50.589,0,[],0
1873,2008-09-09 17:23:23.964,0,[],0
1874,2008-09-09 19:00:53.990,0,[],0
1875,2008-09-09 20:37:24.017,0,[],0
1876,2008-09-09 22:14:24.044,1,"[{'lat': -22.881, 'long': 170.392, 'Time': Timestamp('2008-09-11 14:45:55'), 'mag': 5.0}]",1
1877,2008-09-09 23:51:24.070,0,[],0
1878,2008-09-10 01:28:21.411,1,"[{'lat': 41.892, 'long': 143.754, 'Time': Timestamp('2008-09-11 00:20:50'), 'mag': 6.8}, {'lat': 41.753, 'long': 143.882, 'Time': Timestamp('2008-09-11 00:32:48'), 'mag': 5.3}, {'lat': 41.678, 'long': 144.079, 'Time': Timestamp('2008-09-11 01:08:10'), 'mag': 5.0}, {'lat': 42.42, 'long': 144.549, 'Time': Timestamp('2008-09-11 22:34:45'), 'mag': 5.0}, {'lat': 1.885, 'long': 127.363, 'Time': Timestamp('2008-09-11 00:00:02'), 'mag': 6.6}]",5
1879,2008-09-10 04:45:28.094,0,[],0
1880,2008-09-10 06:23:25.353,0,[],0
1881,2008-09-10 08:01:47.970,0,[],0
1882,2008-09-10 09:39:20.328,0,[],0
1883,2008-09-10 11:18:53.258,0,[],0
1884,2008-09-10 12:58:23.284,1,"[{'lat': 8.093, 'long': -38.705, 'Time': Timestamp('2008-09-10 13:08:14'), 'mag': 6.6}, {'lat': 8.093, 'long': -38.705, 'Time': Timestamp('2008-09-10 13:08:14'), 'mag': 6.6}]",2
1885,2008-09-10 14:37:20.511,1,"[{'lat': -20.262, 'long': -69.224, 'Time': Timestamp('2008-09-10 16:12:04'), 'mag': 5.7}, {'lat': -19.649, 'long': -69.052, 'Time': Timestamp('2008-09-11 17:11:34'), 'mag': 5.3}]",2
1886,2008-09-10 19:30:20.936,1,"[{'lat': 47.921, 'long': -128.438, 'Time': Timestamp('2008-09-11 23:13:35'), 'mag': 5.1}, {'lat': 47.24, 'long': -129.14, 'Time': Timestamp('2008-09-11 23:26:19'), 'mag': 5.2}]",2
1887,2008-09-11 10:09:50.730,0,[],0
1888,2008-09-11 11:49:23.659,0,[],0
1889,2008-09-11 13:28:53.685,0,[],0
1890,2008-09-11 15:07:50.030,1,"[{'lat': 4.79, 'long': -75.517, 'Time': Timestamp('2008-09-13 09:32:01'), 'mag': 5.7}]",1
1891,2008-09-11 16:45:53.382,1,"[{'lat': -48.711, 'long': -113.195, 'Time': Timestamp('2008-09-13 15:45:26'), 'mag': 5.2}]",1
1892,2008-09-11 18:23:22.416,0,[],0
1893,2008-09-11 19:59:53.792,1,"[{'lat': 47.921, 'long': -128.438, 'Time': Timestamp('2008-09-11 23:13:35'), 'mag': 5.1}, {'lat': 47.24, 'long': -129.14, 'Time': Timestamp('2008-09-11 23:26:19'), 'mag': 5.2}]",2
1894,2008-09-11 21:36:53.818,0,[],0
1895,2008-09-11 23:13:53.845,0,[],0
1896,2008-09-12 00:50:52.734,1,"[{'lat': 56.312, 'long': 164.07, 'Time': Timestamp('2008-09-12 23:07:50'), 'mag': 5.9}, {'lat': -2.339, 'long': 138.97, 'Time': Timestamp('2008-09-13 07:58:02'), 'mag': 5.0}, {'lat': -2.339, 'long': 138.97, 'Time': Timestamp('2008-09-13 07:58:02'), 'mag': 5.0}]",3
1897,2008-09-12 05:45:55.035,0,[],0
1898,2008-09-12 07:23:53.175,0,[],0
1899,2008-09-12 09:00:50.992,0,[],0
1900,2008-09-12 10:40:24.426,0,[],0
1901,2008-09-12 12:19:53.259,0,[],0
1902,2008-09-12 13:59:24.245,0,[],0
1903,2008-09-12 15:37:44.317,1,"[{'lat': 4.79, 'long': -75.517, 'Time': Timestamp('2008-09-13 09:32:01'), 'mag': 5.7}]",1
1904,2008-09-12 17:15:53.339,1,"[{'lat': -48.711, 'long': -113.195, 'Time': Timestamp('2008-09-13 15:45:26'), 'mag': 5.2}]",1
1905,2008-09-12 18:52:47.920,0,[],0
1906,2008-09-12 20:29:53.392,0,[],0
1907,2008-09-12 22:06:18.843,0,[],0
1908,2008-09-12 23:43:23.445,0,[],0
1909,2008-09-13 01:20:49.130,1,"[{'lat': -7.41, 'long': 128.261, 'Time': Timestamp('2008-09-14 18:51:07'), 'mag': 5.2}, {'lat': -8.728, 'long': 126.855, 'Time': Timestamp('2008-09-14 00:00:09'), 'mag': 5.6}, {'lat': -7.41, 'long': 128.261, 'Time': Timestamp('2008-09-14 18:51:07'), 'mag': 5.2}]",3
1910,2008-09-13 04:37:53.057,0,[],0
1911,2008-09-13 06:15:54.401,0,[],0
1912,2008-09-13 07:54:15.577,0,[],0
1913,2008-09-13 09:31:20.703,0,[],0
1914,2008-09-13 11:10:53.632,0,[],0
1915,2008-09-13 12:50:23.660,0,[],0
1916,2008-09-13 14:29:23.542,0,[],0
1917,2008-09-13 16:07:52.363,0,[],0
1918,2008-09-13 19:22:53.767,0,[],0
1919,2008-09-13 20:59:23.793,0,[],0
1920,2008-09-13 22:36:23.819,0,[],0
1921,2008-09-14 00:13:24.036,0,[],0
1922,2008-09-14 03:29:52.873,0,[],0
1923,2008-09-14 05:07:53.447,0,[],0
1924,2008-09-14 06:45:59.009,0,[],0
1925,2008-09-14 08:24:20.185,1,"[{'lat': -4.979, 'long': 30.149, 'Time': Timestamp('2008-09-15 15:50:51'), 'mag': 5.2}]",1
1926,2008-09-14 10:01:52.433,0,[],0
1927,2008-09-14 11:41:24.034,0,[],0
1928,2008-09-14 13:20:54.061,0,[],0
1929,2008-09-14 14:59:50.733,0,[],0
1930,2008-09-14 19:52:23.168,0,[],0
1931,2008-09-14 21:29:22.826,1,"[{'lat': -16.637, 'long': -172.739, 'Time': Timestamp('2008-09-16 09:46:54'), 'mag': 5.3}, {'lat': -16.637, 'long': -172.739, 'Time': Timestamp('2008-09-16 09:46:54'), 'mag': 5.3}]",2
1932,2008-09-14 23:05:53.220,1,"[{'lat': 51.397, 'long': -178.347, 'Time': Timestamp('2008-09-15 05:41:46'), 'mag': 5.2}]",1
1933,2008-09-15 00:42:52.109,0,[],0
1934,2008-09-15 03:59:56.817,0,[],0
1935,2008-09-15 05:37:55.738,1,"[{'lat': 17.438, 'long': 73.915, 'Time': Timestamp('2008-09-16 21:47:14'), 'mag': 5.0}, {'lat': 17.438, 'long': 73.915, 'Time': Timestamp('2008-09-16 21:47:14'), 'mag': 5.0}]",2
1936,2008-09-15 07:15:56.646,0,[],0
1937,2008-09-15 08:52:50.367,0,[],0
1938,2008-09-15 10:32:20.506,0,[],0
1939,2008-09-15 12:11:53.434,1,"[{'lat': 0.902, 'long': -28.998, 'Time': Timestamp('2008-09-16 07:28:25'), 'mag': 5.8}]",1
1940,2008-09-15 13:51:23.462,0,[],0
1941,2008-09-15 15:29:49.917,0,[],0
1942,2008-09-15 17:07:53.515,0,[],0
1943,2008-09-15 18:44:50.752,0,[],0
1944,2008-09-15 20:18:51.000,0,[],0
1945,2008-09-15 21:57:54.666,0,[],0
1946,2008-09-15 23:35:53.622,0,[],0
1947,2008-09-16 01:12:47.978,0,[],0
1948,2008-09-16 04:30:01.425,0,[],0
1949,2008-09-16 06:07:56.027,0,[],0
1950,2008-09-16 07:46:25.720,0,[],0
1951,2008-09-16 09:23:22.208,0,[],0
1952,2008-09-16 14:21:51.062,1,"[{'lat': -20.389, 'long': -68.615, 'Time': Timestamp('2008-09-16 21:56:40'), 'mag': 5.0}]",1
1953,2008-09-16 15:59:53.979,0,[],0
1954,2008-09-16 17:37:52.566,1,"[{'lat': -4.554, 'long': -105.999, 'Time': Timestamp('2008-09-18 01:41:03'), 'mag': 6.0}, {'lat': -4.645, 'long': -106.109, 'Time': Timestamp('2008-09-18 02:02:43'), 'mag': 5.2}]",2
1955,2008-09-16 19:14:51.376,0,[],0
1956,2008-09-16 20:48:52.730,0,[],0
1957,2008-09-16 22:28:23.995,0,[],0
1958,2008-09-17 00:05:24.212,1,"[{'lat': -4.729, 'long': 153.262, 'Time': Timestamp('2008-09-18 18:46:45'), 'mag': 5.1}]",1
1959,2008-09-17 01:42:49.596,1,"[{'lat': 46.158, 'long': 143.56, 'Time': Timestamp('2008-09-18 09:30:00'), 'mag': 5.4}]",1
1960,2008-09-17 04:59:56.719,0,[],0
1961,2008-09-17 06:37:51.210,1,"[{'lat': 27.0, 'long': 56.2, 'Time': Timestamp('2008-09-17 17:43:49'), 'mag': 5.2}]",1
1962,2008-09-17 08:16:23.458,0,[],0
1963,2008-09-17 09:53:51.722,0,[],0
1964,2008-09-17 11:33:23.322,0,[],0
1965,2008-09-17 13:12:53.349,0,[],0
1966,2008-09-17 14:51:48.254,0,[],0
1967,2008-09-17 16:29:53.492,0,[],0
1968,2008-09-17 18:07:21.967,0,[],0
1969,2008-09-17 19:44:23.768,0,[],0
1970,2008-09-17 21:20:25.770,1,"[{'lat': -23.885, 'long': -175.928, 'Time': Timestamp('2008-09-19 18:34:17'), 'mag': 5.2}]",1
1971,2008-09-17 22:58:23.509,1,"[{'lat': -11.185, 'long': 164.481, 'Time': Timestamp('2008-09-19 22:49:04'), 'mag': 5.6}]",1
1972,2008-09-18 00:35:18.301,1,"[{'lat': 51.94, 'long': 158.363, 'Time': Timestamp('2008-09-18 11:58:47'), 'mag': 5.9}]",1
1973,2008-09-18 05:29:56.026,0,[],0
1974,2008-09-18 07:08:26.935,0,[],0
1975,2008-09-18 08:44:50.655,0,[],0
1976,2008-09-18 10:24:20.794,0,[],0
1977,2008-09-18 12:03:53.723,0,[],0
1978,2008-09-18 13:43:23.750,0,[],0
1979,2008-09-18 15:21:52.862,0,[],0
1980,2008-09-18 16:59:53.804,0,[],0
1981,2008-09-18 18:37:19.712,0,[],0
1982,2008-09-18 20:14:23.857,0,[],0
1983,2008-09-18 21:49:54.954,1,"[{'lat': -23.885, 'long': -175.928, 'Time': Timestamp('2008-09-19 18:34:17'), 'mag': 5.2}]",1
1984,2008-09-18 23:27:53.910,1,"[{'lat': -11.185, 'long': 164.481, 'Time': Timestamp('2008-09-19 22:49:04'), 'mag': 5.6}]",1
1985,2008-09-19 01:04:53.936,0,[],0
1986,2008-09-19 04:21:54.849,0,[],0
1987,2008-09-19 05:59:59.084,1,"[{'lat': 38.313, 'long': 73.457, 'Time': Timestamp('2008-09-20 02:54:36'), 'mag': 5.3}]",1
1988,2008-09-19 07:38:23.240,0,[],0
1989,2008-09-19 09:15:21.057,0,[],0
1990,2008-09-19 10:54:50.195,1,"[{'lat': -7.112, 'long': -13.004, 'Time': Timestamp('2008-09-19 21:17:35'), 'mag': 5.1}, {'lat': -7.112, 'long': -13.004, 'Time': Timestamp('2008-09-19 21:17:35'), 'mag': 5.1}]",2
1991,2008-09-19 12:34:23.124,0,[],0
1992,2008-09-19 14:13:50.015,0,[],0
1993,2008-09-19 15:52:21.828,1,"[{'lat': -40.762, 'long': -90.27, 'Time': Timestamp('2008-09-21 03:15:36'), 'mag': 5.1}]",1
1994,2008-09-19 17:29:54.288,0,[],0
1995,2008-09-19 19:06:50.553,0,[],0
1996,2008-09-19 20:40:50.578,0,[],0
1997,2008-09-19 22:20:51.365,0,[],0
1998,2008-09-19 23:57:53.310,0,[],0
1999,2008-09-20 01:34:51.652,0,[],0
2000,2008-09-20 04:51:57.008,0,[],0
2001,2008-09-20 06:30:24.266,0,[],0
2002,2008-09-20 09:45:51.897,0,[],0
2003,2008-09-20 11:25:23.498,0,[],0
2004,2008-09-20 13:04:53.525,0,[],0
2005,2008-09-20 14:43:50.863,0,[],0
2006,2008-09-20 16:22:20.789,0,[],0
2007,2008-09-20 17:59:54.911,1,"[{'lat': -55.25, 'long': -136.25, 'Time': Timestamp('2008-09-22 12:36:56'), 'mag': 5.0}]",1
2008,2008-09-20 19:36:53.945,0,[],0
2009,2008-09-20 21:10:51.739,0,[],0
2010,2008-09-20 22:50:23.685,0,[],0
2011,2008-09-21 00:27:15.710,0,[],0
2012,2008-09-21 02:04:55.368,0,[],0
2013,2008-09-21 05:22:24.874,0,[],0
2014,2008-09-21 07:00:18.920,0,[],0
2015,2008-09-21 08:38:55.040,0,[],0
2016,2008-09-21 10:16:20.970,0,[],0
2017,2008-09-21 11:55:53.899,0,[],0
2018,2008-09-21 13:35:23.926,0,[],0
2019,2008-09-21 15:14:23.038,0,[],0
2020,2008-09-21 16:52:23.980,0,[],0
2021,2008-09-21 18:29:24.007,1,"[{'lat': -55.25, 'long': -136.25, 'Time': Timestamp('2008-09-22 12:36:56'), 'mag': 5.0}]",1
2022,2008-09-21 20:06:24.033,0,[],0
2023,2008-09-21 21:42:25.131,1,"[{'lat': -23.429, 'long': -179.744, 'Time': Timestamp('2008-09-22 20:21:00'), 'mag': 5.2}]",1
2024,2008-09-21 23:20:23.086,0,[],0
2025,2008-09-22 00:57:21.974,0,[],0
2026,2008-09-22 04:14:25.354,1,"[{'lat': 15.583, 'long': 96.081, 'Time': Timestamp('2008-09-22 13:30:38'), 'mag': 5.2}]",1
2027,2008-09-22 05:52:24.164,0,[],0
2028,2008-09-22 07:30:22.416,0,[],0
2029,2008-09-22 09:07:20.233,0,[],0
2030,2008-09-22 10:46:50.371,0,[],0
2031,2008-09-22 12:26:23.301,0,[],0
2032,2008-09-22 14:05:47.981,0,[],0
2033,2008-09-22 15:44:17.238,0,[],0
2034,2008-09-22 17:22:23.381,1,"[{'lat': 16.448, 'long': -100.111, 'Time': Timestamp('2008-09-23 22:46:15'), 'mag': 5.0}, {'lat': 17.612, 'long': -105.497, 'Time': Timestamp('2008-09-24 02:33:05'), 'mag': 6.4}, {'lat': 16.448, 'long': -100.111, 'Time': Timestamp('2008-09-23 22:46:15'), 'mag': 5.0}, {'lat': 17.612, 'long': -105.497, 'Time': Timestamp('2008-09-24 02:33:05'), 'mag': 6.4}]",4
2035,2008-09-22 18:59:23.408,0,[],0
2036,2008-09-22 20:33:24.850,0,[],0
2037,2008-09-22 22:12:53.092,0,[],0
2038,2008-09-22 23:49:53.487,0,[],0
2039,2008-09-23 01:27:20.500,0,[],0
2040,2008-09-23 03:06:26.063,0,[],0
2041,2008-09-23 04:44:23.087,0,[],0
2042,2008-09-23 06:22:24.442,0,[],0
2043,2008-09-23 08:00:51.155,0,[],0
2044,2008-09-23 09:37:50.745,0,[],0
2045,2008-09-23 11:17:23.675,0,[],0
2046,2008-09-23 12:56:53.702,0,[],0
2047,2008-09-23 14:35:52.256,0,[],0
2048,2008-09-23 16:14:20.966,0,[],0
2049,2008-09-23 17:51:52.320,1,"[{'lat': 17.612, 'long': -105.497, 'Time': Timestamp('2008-09-24 02:33:05'), 'mag': 6.4}]",1
2050,2008-09-23 19:28:53.808,0,[],0
2051,2008-09-23 21:04:56.123,0,[],0
2052,2008-09-23 22:42:53.861,1,"[{'lat': -14.498, 'long': 167.738, 'Time': Timestamp('2008-09-24 01:36:59'), 'mag': 5.0}, {'lat': -14.498, 'long': 167.738, 'Time': Timestamp('2008-09-24 01:36:59'), 'mag': 5.0}]",2
2053,2008-09-24 00:19:45.886,0,[],0
2054,2008-09-24 03:36:25.682,0,[],0
2055,2008-09-24 05:14:23.489,1,"[{'lat': 30.836, 'long': 83.487, 'Time': Timestamp('2008-09-25 01:47:11'), 'mag': 6.0}]",1
2056,2008-09-24 06:52:24.966,0,[],0
2057,2008-09-24 08:30:51.120,0,[],0
2058,2008-09-24 10:08:21.635,0,[],0
2059,2008-09-24 11:47:53.235,0,[],0
2060,2008-09-24 13:27:23.262,0,[],0
2061,2008-09-24 15:06:20.934,0,[],0
2062,2008-09-24 19:58:53.369,0,[],0
2063,2008-09-24 21:34:21.699,1,"[{'lat': -17.663, 'long': -178.203, 'Time': Timestamp('2008-09-26 05:48:51'), 'mag': 5.3}, {'lat': -42.198, 'long': 173.984, 'Time': Timestamp('2008-09-24 22:40:41'), 'mag': 5.0}, {'lat': -42.206, 'long': 173.796, 'Time': Timestamp('2008-09-26 07:23:03'), 'mag': 5.1}]",3
2064,2008-09-24 23:12:23.421,0,[],0
2065,2008-09-25 00:49:18.214,0,[],0
2066,2008-09-25 04:06:27.018,0,[],0
2067,2008-09-25 05:44:25.940,1,"[{'lat': 3.074, 'long': 65.316, 'Time': Timestamp('2008-09-26 18:46:18'), 'mag': 5.7}, {'lat': 3.074, 'long': 65.316, 'Time': Timestamp('2008-09-26 18:46:18'), 'mag': 5.7}]",2
2068,2008-09-25 07:22:26.848,0,[],0
2069,2008-09-25 08:59:20.569,0,[],0
2070,2008-09-25 10:38:50.708,0,[],0
2071,2008-09-25 12:18:23.636,0,[],0
2072,2008-09-25 13:57:51.856,0,[],0
2073,2008-09-25 15:36:18.791,0,[],0
2074,2008-09-25 17:14:23.717,1,"[{'lat': 17.751, 'long': -105.788, 'Time': Timestamp('2008-09-26 03:39:21'), 'mag': 5.1}]",1
2075,2008-09-25 18:51:23.743,0,[],0
2076,2008-09-25 20:25:21.091,0,[],0
2077,2008-09-25 23:42:23.823,0,[],0
2078,2008-09-26 01:19:19.508,1,"[{'lat': 40.492, 'long': 142.799, 'Time': Timestamp('2008-09-26 16:53:26'), 'mag': 5.0}, {'lat': -5.69, 'long': 130.715, 'Time': Timestamp('2008-09-26 23:10:04'), 'mag': 5.1}]",2
2079,2008-09-26 04:36:24.874,0,[],0
2080,2008-09-26 06:14:22.011,1,"[{'lat': 3.074, 'long': 65.316, 'Time': Timestamp('2008-09-26 18:46:18'), 'mag': 5.7}]",1
2081,2008-09-26 07:52:55.921,0,[],0
2082,2008-09-26 09:29:51.081,0,[],0
2083,2008-09-26 14:28:21.263,0,[],0
2084,2008-09-26 16:06:21.741,1,"[{'lat': 16.663, 'long': -86.152, 'Time': Timestamp('2008-09-28 09:23:09'), 'mag': 5.0}]",1
2085,2008-09-26 17:44:24.424,0,[],0
2086,2008-09-26 19:21:23.144,0,[],0
2087,2008-09-26 20:56:55.347,0,[],0
2088,2008-09-26 22:34:53.197,1,"[{'lat': -15.567, 'long': 167.527, 'Time': Timestamp('2008-09-27 03:29:29'), 'mag': 5.0}]",1
2089,2008-09-27 00:11:53.413,0,[],0
2090,2008-09-27 01:49:16.911,0,[],0
2091,2008-09-27 05:06:22.825,0,[],0
2092,2008-09-27 06:44:21.523,0,[],0
2093,2008-09-27 08:21:19.451,0,[],0
2094,2008-09-27 10:00:21.811,0,[],0
2095,2008-09-27 11:39:53.411,0,[],0
2096,2008-09-27 13:19:23.439,0,[],0
2097,2008-09-27 14:58:22.439,0,[],0
2098,2008-09-27 16:36:19.597,1,"[{'lat': -35.947, 'long': -101.21, 'Time': Timestamp('2008-09-28 15:34:12'), 'mag': 5.0}]",1
2099,2008-09-27 18:13:52.057,0,[],0
2100,2008-09-27 19:50:53.546,0,[],0
2101,2008-09-27 21:26:51.764,1,"[{'lat': -29.756, 'long': -177.683, 'Time': Timestamp('2008-09-29 15:19:31'), 'mag': 7.0}, {'lat': -29.873, 'long': -177.609, 'Time': Timestamp('2008-09-29 16:10:38'), 'mag': 5.3}, {'lat': -30.233, 'long': -177.458, 'Time': Timestamp('2008-09-29 19:49:06'), 'mag': 5.0}, {'lat': -29.944, 'long': -177.756, 'Time': Timestamp('2008-09-29 20:58:11'), 'mag': 5.0}]",4
2102,2008-09-27 23:04:53.598,0,[],0
2103,2008-09-28 00:41:50.946,0,[],0
2104,2008-09-28 05:36:26.116,0,[],0
2105,2008-09-28 07:14:57.024,0,[],0
2106,2008-09-28 08:51:22.073,0,[],0
2107,2008-09-28 10:30:50.883,0,[],0
2108,2008-09-28 12:10:23.812,0,[],0
2109,2008-09-28 13:49:53.840,0,[],0
2110,2008-09-28 15:28:21.624,0,[],0
2111,2008-09-28 20:17:51.379,0,[],0
2112,2008-09-28 21:56:25.044,0,[],0
2113,2008-09-28 23:34:23.999,0,[],0
2114,2008-09-29 01:11:19.684,0,[],0
2115,2008-09-29 04:28:30.803,0,[],0
2116,2008-09-29 06:06:25.406,0,[],0
2117,2008-09-29 07:44:50.555,0,[],0
2118,2008-09-29 09:21:52.914,0,[],0
2119,2008-09-29 11:01:21.836,0,[],0
2120,2008-09-29 12:40:53.214,0,[],0
2121,2008-09-29 14:20:17.672,0,[],0
2122,2008-09-29 15:58:49.261,0,[],0
2123,2008-09-29 17:36:24.600,1,"[{'lat': -24.2, 'long': -115.236, 'Time': Timestamp('2008-09-30 16:57:12'), 'mag': 5.0}]",1
2124,2008-09-29 19:13:20.754,0,[],0
2125,2008-09-29 20:50:22.756,0,[],0
2126,2008-09-29 22:27:23.373,0,[],0
2127,2008-09-30 00:04:23.590,0,[],0
2128,2008-09-30 01:41:21.741,1,"[{'lat': 30.165, 'long': 138.78, 'Time': Timestamp('2008-10-01 09:38:12'), 'mag': 5.7}, {'lat': 3.823, 'long': 126.563, 'Time': Timestamp('2008-09-30 04:05:18'), 'mag': 5.0}]",2
2129,2008-09-30 04:58:27.097,0,[],0
2130,2008-09-30 08:13:16.859,0,[],0
2131,2008-09-30 09:52:21.987,0,[],0
2132,2008-09-30 11:31:53.588,0,[],0
2133,2008-09-30 13:11:23.615,0,[],0
2134,2008-09-30 14:50:18.519,0,[],0
2135,2008-09-30 16:28:49.662,0,[],0
2136,2008-09-30 18:06:25.001,0,[],0
2137,2008-09-30 19:43:23.721,0,[],0
2138,2008-09-30 21:19:49.284,1,"[{'lat': -20.039, 'long': -174.374, 'Time': Timestamp('2008-10-02 04:16:04'), 'mag': 5.1}, {'lat': -29.997, 'long': -177.476, 'Time': Timestamp('2008-10-01 03:03:24'), 'mag': 5.0}, {'lat': -30.781, 'long': -178.133, 'Time': Timestamp('2008-10-02 13:03:08'), 'mag': 5.4}, {'lat': -32.84, 'long': -178.383, 'Time': Timestamp('2008-10-02 17:00:58'), 'mag': 5.0}]",4
2139,2008-09-30 22:56:53.775,1,"[{'lat': -19.36, 'long': 168.735, 'Time': Timestamp('2008-10-02 01:04:04'), 'mag': 5.0}, {'lat': -19.36, 'long': 168.735, 'Time': Timestamp('2008-10-02 01:04:04'), 'mag': 5.0}]",2
2140,2008-10-01 00:33:45.799,0,[],0
2141,2008-10-01 05:28:54.964,0,[],0
2142,2008-10-01 07:06:57.201,0,[],0
2143,2008-10-01 08:45:23.801,0,[],0
2144,2008-10-01 10:22:55.927,0,[],0
2145,2008-10-01 12:02:21.131,0,[],0
2146,2008-10-01 13:41:51.270,0,[],0
2147,2008-10-01 15:20:50.962,0,[],0
2148,2008-10-01 20:12:58.129,0,[],0
2149,2008-10-01 21:49:48.524,1,"[{'lat': -15.285, 'long': -173.536, 'Time': Timestamp('2008-10-03 08:34:05'), 'mag': 5.2}, {'lat': -20.039, 'long': -174.374, 'Time': Timestamp('2008-10-02 04:16:04'), 'mag': 5.1}, {'lat': -15.285, 'long': -173.536, 'Time': Timestamp('2008-10-03 08:34:05'), 'mag': 5.2}, {'lat': -30.781, 'long': -178.133, 'Time': Timestamp('2008-10-02 13:03:08'), 'mag': 5.4}]",4
2150,2008-10-01 23:26:55.303,0,[],0
2151,2008-10-02 01:03:50.898,0,[],0
2152,2008-10-02 04:20:54.278,1,"[{'lat': 10.764, 'long': 91.659, 'Time': Timestamp('2008-10-03 21:20:23'), 'mag': 5.6}, {'lat': 10.764, 'long': 91.659, 'Time': Timestamp('2008-10-03 21:20:23'), 'mag': 5.6}]",2
2153,2008-10-02 05:58:54.417,0,[],0
2154,2008-10-02 07:36:52.669,0,[],0
2155,2008-10-02 09:13:50.485,0,[],0
2156,2008-10-02 10:53:20.645,1,"[{'lat': -59.34, 'long': -25.903, 'Time': Timestamp('2008-10-04 07:56:52'), 'mag': 5.7}]",1
2157,2008-10-02 12:33:23.574,1,"[{'lat': 7.517, 'long': -36.758, 'Time': Timestamp('2008-10-03 05:26:20'), 'mag': 5.7}, {'lat': 7.561, 'long': -36.882, 'Time': Timestamp('2008-10-03 05:30:24'), 'mag': 5.6}]",2
2158,2008-10-02 14:12:16.369,0,[],0
2159,2008-10-02 15:50:50.838,1,"[{'lat': -38.885, 'long': -91.23, 'Time': Timestamp('2008-10-04 11:47:05'), 'mag': 5.5}]",1
2160,2008-10-02 17:28:24.737,0,[],0
2161,2008-10-02 19:05:49.674,0,[],0
2162,2008-10-02 20:42:53.708,0,[],0
2163,2008-10-02 22:19:23.734,1,"[{'lat': -22.36, 'long': 171.21, 'Time': Timestamp('2008-10-03 03:40:28'), 'mag': 5.6}, {'lat': -23.019, 'long': 169.861, 'Time': Timestamp('2008-10-02 23:28:09'), 'mag': 5.8}, {'lat': -23.014, 'long': 169.704, 'Time': Timestamp('2008-10-03 00:25:26'), 'mag': 5.3}, {'lat': -23.194, 'long': 169.723, 'Time': Timestamp('2008-10-03 00:32:05'), 'mag': 5.3}, {'lat': -22.36, 'long': 171.21, 'Time': Timestamp('2008-10-03 03:40:28'), 'mag': 5.6}]",5
2164,2008-10-02 23:56:23.760,0,[],0
2165,2008-10-03 03:12:54.116,0,[],0
2166,2008-10-03 04:50:53.361,0,[],0
2167,2008-10-03 06:28:50.620,0,[],0
2168,2008-10-03 08:07:20.100,1,"[{'lat': -1.126, 'long': 29.118, 'Time': Timestamp('2008-10-05 00:02:12'), 'mag': 5.3}]",1
2169,2008-10-03 09:44:23.675,0,[],0
2170,2008-10-03 11:23:53.948,0,[],0
2171,2008-10-03 13:03:53.975,0,[],0
2172,2008-10-03 14:42:51.312,0,[],0
2173,2008-10-03 16:20:51.238,0,[],0
2174,2008-10-03 17:58:22.594,0,[],0
2175,2008-10-03 19:35:23.394,0,[],0
2176,2008-10-03 21:12:23.108,0,[],0
2177,2008-10-03 22:49:23.135,0,[],0
2178,2008-10-04 00:26:17.927,0,[],0
2179,2008-10-04 05:20:55.652,1,"[{'lat': -25.903, 'long': 70.513, 'Time': Timestamp('2008-10-05 22:49:23'), 'mag': 5.0}]",1
2180,2008-10-04 06:58:54.240,0,[],0
2181,2008-10-04 08:35:50.281,1,"[{'lat': -1.126, 'long': 29.118, 'Time': Timestamp('2008-10-05 00:02:12'), 'mag': 5.3}]",1
2182,2008-10-04 10:14:51.748,0,[],0
2183,2008-10-04 11:54:53.349,0,[],0
2184,2008-10-04 13:33:53.376,0,[],0
2185,2008-10-04 15:12:52.488,0,[],0
2186,2008-10-04 16:50:53.430,0,[],0
2187,2008-10-04 18:28:23.456,0,[],0
2188,2008-10-04 20:05:23.483,0,[],0
2189,2008-10-04 21:41:53.509,1,"[{'lat': -15.303, 'long': -177.114, 'Time': Timestamp('2008-10-06 20:56:29'), 'mag': 5.2}, {'lat': -15.303, 'long': -177.114, 'Time': Timestamp('2008-10-06 20:56:29'), 'mag': 5.2}, {'lat': -30.184, 'long': -177.176, 'Time': Timestamp('2008-10-05 09:12:36'), 'mag': 6.1}, {'lat': -30.607, 'long': -176.926, 'Time': Timestamp('2008-10-05 10:44:59'), 'mag': 5.4}, {'lat': -31.164, 'long': -177.57, 'Time': Timestamp('2008-10-05 14:09:49'), 'mag': 5.2}, {'lat': -30.275, 'long': -176.952, 'Time': Timestamp('2008-10-06 02:01:05'), 'mag': 5.1}, {'lat': -30.184, 'long': -177.176, 'Time': Timestamp('2008-10-05 09:12:36'), 'mag': 6.1}, {'lat': -30.607, 'long': -176.926, 'Time': Timestamp('2008-10-05 10:44:59'), 'mag': 5.4}, {'lat': -31.164, 'long': -177.57, 'Time': Timestamp('2008-10-05 14:09:49'), 'mag': 5.2}, {'lat': -30.275, 'long': -176.952, 'Time': Timestamp('2008-10-06 02:01:05'), 'mag': 5.1}]",10
2190,2008-10-04 23:18:53.536,0,[],0
2191,2008-10-05 00:55:48.328,0,[],0
2192,2008-10-05 04:12:55.803,1,"[{'lat': 5.42, 'long': 94.534, 'Time': Timestamp('2008-10-06 12:43:59'), 'mag': 5.0}]",1
2193,2008-10-05 05:50:54.614,1,"[{'lat': 39.533, 'long': 73.824, 'Time': Timestamp('2008-10-05 15:52:49'), 'mag': 6.7}, {'lat': 39.359, 'long': 73.663, 'Time': Timestamp('2008-10-05 15:55:24'), 'mag': 5.9}, {'lat': 39.508, 'long': 73.888, 'Time': Timestamp('2008-10-05 16:11:10'), 'mag': 5.6}, {'lat': 39.431, 'long': 73.92, 'Time': Timestamp('2008-10-05 18:27:40'), 'mag': 5.1}, {'lat': 39.533, 'long': 73.824, 'Time': Timestamp('2008-10-05 15:52:49'), 'mag': 6.7}, {'lat': 39.359, 'long': 73.663, 'Time': Timestamp('2008-10-05 15:55:24'), 'mag': 5.9}, {'lat': 39.508, 'long': 73.888, 'Time': Timestamp('2008-10-05 16:11:10'), 'mag': 5.6}, {'lat': 39.431, 'long': 73.92, 'Time': Timestamp('2008-10-05 18:27:40'), 'mag': 5.1}, {'lat': 33.886, 'long': 69.47, 'Time': Timestamp('2008-10-05 22:56:28'), 'mag': 6.0}]",9
2194,2008-10-05 07:31:08.034,0,[],0
2195,2008-10-05 09:05:50.683,0,[],0
2196,2008-10-05 10:45:20.822,0,[],0
2197,2008-10-05 12:25:23.750,0,[],0
2198,2008-10-05 14:04:23.777,0,[],0
2199,2008-10-05 15:42:49.017,0,[],0
2200,2008-10-05 20:34:53.884,0,[],0
2201,2008-10-05 22:11:49.335,0,[],0
2202,2008-10-05 23:48:53.937,0,[],0
2203,2008-10-06 01:25:52.278,0,[],0
2204,2008-10-06 04:42:58.961,1,"[{'lat': 29.807, 'long': 90.35, 'Time': Timestamp('2008-10-06 08:30:45'), 'mag': 6.3}, {'lat': 29.752, 'long': 90.461, 'Time': Timestamp('2008-10-06 08:45:10'), 'mag': 5.0}, {'lat': 29.806, 'long': 90.42, 'Time': Timestamp('2008-10-06 10:17:11'), 'mag': 5.1}, {'lat': 29.653, 'long': 90.32, 'Time': Timestamp('2008-10-06 12:10:33'), 'mag': 5.2}]",4
2205,2008-10-06 06:20:52.125,0,[],0
2206,2008-10-06 07:59:13.412,0,[],0
2207,2008-10-06 09:36:16.099,0,[],0
2208,2008-10-06 11:16:23.124,0,[],0
2209,2008-10-06 12:55:53.151,0,[],0
2210,2008-10-06 14:34:51.706,0,[],0
2211,2008-10-06 16:12:50.415,1,"[{'lat': -37.209, 'long': -95.969, 'Time': Timestamp('2008-10-08 11:51:46'), 'mag': 5.2}]",1
2212,2008-10-06 17:50:54.538,0,[],0
2213,2008-10-06 19:27:53.258,0,[],0
2214,2008-10-06 21:04:23.285,1,"[{'lat': 60.718, 'long': -143.7219, 'Time': Timestamp('2008-10-08 09:53:01'), 'mag': 5.2}]",1
2215,2008-10-06 22:41:23.311,1,"[{'lat': -12.091, 'long': 166.614, 'Time': Timestamp('2008-10-08 09:15:29'), 'mag': 5.1}]",1
2216,2008-10-07 00:18:23.427,0,[],0
2217,2008-10-07 01:55:50.898,1,"[{'lat': 11.27, 'long': 125.415, 'Time': Timestamp('2008-10-07 03:34:35'), 'mag': 5.4}, {'lat': 12.976, 'long': 124.361, 'Time': Timestamp('2008-10-08 19:09:28'), 'mag': 5.4}]",2
2218,2008-10-07 05:12:52.938,0,[],0
2219,2008-10-07 06:50:54.416,0,[],0
2220,2008-10-07 08:27:51.786,0,[],0
2221,2008-10-07 10:06:51.924,0,[],0
2222,2008-10-07 11:46:53.526,0,[],0
2223,2008-10-07 13:26:23.552,0,[],0
2224,2008-10-07 15:04:48.457,0,[],0
2225,2008-10-07 16:42:54.577,0,[],0
2226,2008-10-07 18:20:19.515,1,"[{'lat': -54.787, 'long': -130.676, 'Time': Timestamp('2008-10-09 01:23:19'), 'mag': 5.3}]",1
2227,2008-10-07 19:57:23.659,0,[],0
2228,2008-10-07 21:34:23.686,1,"[{'lat': -21.03, 'long': -174.42, 'Time': Timestamp('2008-10-09 17:49:58'), 'mag': 5.9}]",1
2229,2008-10-07 23:11:23.712,1,"[{'lat': -12.091, 'long': 166.614, 'Time': Timestamp('2008-10-08 09:15:29'), 'mag': 5.1}]",1
2230,2008-10-08 00:48:21.272,1,"[{'lat': 17.891, 'long': 146.465, 'Time': Timestamp('2008-10-08 00:49:01'), 'mag': 5.2}]",1
2231,2008-10-08 05:42:56.230,1,"[{'lat': -17.332, 'long': 66.536, 'Time': Timestamp('2008-10-09 02:33:34'), 'mag': 5.0}]",1
2232,2008-10-08 07:21:23.042,0,[],0
2233,2008-10-10 09:58:52.240,0,[],0
2234,2008-10-10 11:36:55.481,0,[],0
2235,2008-10-10 13:14:22.629,0,[],0
2236,2008-10-10 14:56:52.869,1,"[{'lat': 19.161, 'long': -64.833, 'Time': Timestamp('2008-10-11 10:40:14'), 'mag': 6.1}, {'lat': 19.161, 'long': -64.833, 'Time': Timestamp('2008-10-11 10:40:14'), 'mag': 6.1}]",2
2237,2008-10-10 16:35:20.027,0,[],0
2238,2008-10-10 18:12:55.254,0,[],0
2239,2008-10-10 19:49:53.975,0,[],0
2240,2008-10-10 21:26:24.002,1,"[{'lat': -29.821, 'long': -176.902, 'Time': Timestamp('2008-10-11 12:23:29'), 'mag': 5.5}]",1
2241,2008-10-10 23:03:24.028,0,[],0
2242,2008-10-11 00:40:21.376,1,"[{'lat': 21.269, 'long': 144.235, 'Time': Timestamp('2008-10-11 12:12:42'), 'mag': 5.0}, {'lat': 21.269, 'long': 144.235, 'Time': Timestamp('2008-10-11 12:12:42'), 'mag': 5.0}, {'lat': 11.597, 'long': 141.07, 'Time': Timestamp('2008-10-12 06:33:33'), 'mag': 5.1}]",3
2243,2008-10-11 10:29:20.313,0,[],0
2244,2008-10-11 12:07:24.883,0,[],0
2245,2008-10-11 13:48:23.269,0,[],0
2246,2008-10-11 15:27:15.629,1,"[{'lat': -41.448, 'long': -88.666, 'Time': Timestamp('2008-10-12 09:03:42'), 'mag': 5.0}, {'lat': -41.448, 'long': -88.666, 'Time': Timestamp('2008-10-12 09:03:42'), 'mag': 5.0}]",2
2247,2008-10-11 17:04:53.323,0,[],0
2248,2008-10-11 18:42:19.231,0,[],0
2249,2008-10-11 20:19:23.376,0,[],0
2250,2008-10-11 21:56:21.595,1,"[{'lat': -20.169, 'long': -178.255, 'Time': Timestamp('2008-10-12 00:39:53'), 'mag': 5.3}]",1
2251,2008-10-11 23:32:53.429,0,[],0
2252,2008-10-12 01:10:17.785,1,"[{'lat': 11.597, 'long': 141.07, 'Time': Timestamp('2008-10-12 06:33:33'), 'mag': 5.1}]",1
2253,2008-10-12 04:27:23.041,0,[],0
2254,2008-10-12 06:05:25.835,1,"[{'lat': 39.58, 'long': 73.858, 'Time': Timestamp('2008-10-13 09:23:35'), 'mag': 5.1}, {'lat': 39.514, 'long': 73.646, 'Time': Timestamp('2008-10-13 09:25:39'), 'mag': 5.0}, {'lat': 39.5, 'long': 73.814, 'Time': Timestamp('2008-10-13 16:05:25'), 'mag': 5.2}, {'lat': 38.559, 'long': 70.338, 'Time': Timestamp('2008-10-13 17:16:09'), 'mag': 5.2}, {'lat': 36.187, 'long': 71.001, 'Time': Timestamp('2008-10-13 08:07:44'), 'mag': 5.3}, {'lat': 39.58, 'long': 73.858, 'Time': Timestamp('2008-10-13 09:23:35'), 'mag': 5.1}, {'lat': 39.514, 'long': 73.646, 'Time': Timestamp('2008-10-13 09:25:39'), 'mag': 5.0}, {'lat': 39.5, 'long': 73.814, 'Time': Timestamp('2008-10-13 16:05:25'), 'mag': 5.2}, {'lat': 38.559, 'long': 70.338, 'Time': Timestamp('2008-10-13 17:16:09'), 'mag': 5.2}]",9
2255,2008-10-12 07:43:20.984,0,[],0
2256,2008-10-12 09:20:23.343,1,"[{'lat': 38.85, 'long': 23.62, 'Time': Timestamp('2008-10-14 02:06:34'), 'mag': 5.2}]",1
2257,2008-10-12 10:57:56.026,0,[],0
2258,2008-10-12 12:37:55.283,0,[],0
2259,2008-10-12 14:14:49.093,1,"[{'lat': -20.123, 'long': -64.971, 'Time': Timestamp('2008-10-12 20:55:41'), 'mag': 6.2}]",1
2260,2008-10-12 19:12:21.184,0,[],0
2261,2008-10-12 20:48:53.776,0,[],0
2262,2008-10-12 22:25:53.803,0,[],0
2263,2008-10-13 00:02:53.829,0,[],0
2264,2008-10-13 03:19:24.185,0,[],0
2265,2008-10-13 04:57:32.839,0,[],0
2266,2008-10-13 06:35:24.785,0,[],0
2267,2008-10-13 08:13:50.169,0,[],0
2268,2008-10-13 09:50:53.745,0,[],0
2269,2008-10-13 11:28:22.890,0,[],0
2270,2008-10-13 13:07:52.917,0,[],0
2271,2008-10-13 14:48:48.949,1,"[{'lat': -15.004, 'long': -71.991, 'Time': Timestamp('2008-10-15 00:17:56'), 'mag': 5.0}]",1
2272,2008-10-13 16:27:20.419,0,[],0
2273,2008-10-13 18:04:54.431,0,[],0
2274,2008-10-13 19:41:53.152,0,[],0
2275,2008-10-13 21:18:53.178,0,[],0
2276,2008-10-13 22:55:23.204,1,"[{'lat': -16.07, 'long': 166.783, 'Time': Timestamp('2008-10-15 14:28:18'), 'mag': 5.2}]",1
2277,2008-10-14 00:32:15.229,1,"[{'lat': 14.224, 'long': 145.334, 'Time': Timestamp('2008-10-15 10:52:13'), 'mag': 5.0}, {'lat': 14.224, 'long': 145.334, 'Time': Timestamp('2008-10-15 10:52:13'), 'mag': 5.0}]",2
2278,2008-10-14 05:27:24.394,1,"[{'lat': 4.027, 'long': 68.838, 'Time': Timestamp('2008-10-14 19:51:35'), 'mag': 5.0}]",1
2279,2008-10-14 07:05:26.630,0,[],0
2280,2008-10-14 08:43:53.231,0,[],0
2281,2008-10-14 10:21:21.818,0,[],0
2282,2008-10-14 11:59:25.059,0,[],0
2283,2008-10-14 13:36:19.438,0,[],0
2284,2008-10-14 15:19:21.229,0,[],0
2285,2008-10-14 16:57:23.499,0,[],0
2286,2008-10-14 18:34:19.407,0,[],0
2287,2008-10-14 20:11:23.552,0,[],0
2288,2008-10-14 23:25:23.605,0,[],0
2289,2008-10-15 01:02:22.493,1,"[{'lat': 14.224, 'long': 145.334, 'Time': Timestamp('2008-10-15 10:52:13'), 'mag': 5.0}]",1
2290,2008-10-15 04:19:24.545,0,[],0
2291,2008-10-15 05:57:24.683,0,[],0
2292,2008-10-15 09:12:20.752,0,[],0
2293,2008-10-15 10:51:51.056,0,[],0
2294,2008-10-15 12:31:53.984,0,[],0
2295,2008-10-15 19:04:23.181,0,[],0
2296,2008-10-15 20:41:23.118,0,[],0
2297,2008-10-15 22:17:53.144,0,[],0
2298,2008-10-15 23:54:53.171,1,"[{'lat': -3.883, 'long': 150.579, 'Time': Timestamp('2008-10-16 23:24:42'), 'mag': 5.1}, {'lat': -3.883, 'long': 150.579, 'Time': Timestamp('2008-10-16 23:24:42'), 'mag': 5.1}]",2
2299,2008-10-16 01:32:20.184,0,[],0
2300,2008-10-16 03:11:24.418,0,[],0
2301,2008-10-16 04:49:22.771,0,[],0
2302,2008-10-16 06:27:24.126,0,[],0
2303,2008-10-16 08:05:49.510,0,[],0
2304,2008-10-16 09:42:53.086,0,[],0
2305,2008-10-16 11:20:22.231,0,[],0
2306,2008-10-16 13:01:53.385,0,[],0
2307,2008-10-16 14:41:20.723,0,[],0
2308,2008-10-16 16:19:20.649,1,"[{'lat': 14.423, 'long': -92.364, 'Time': Timestamp('2008-10-16 19:41:25'), 'mag': 6.7}]",1
2309,2008-10-16 17:56:47.350,0,[],0
2310,2008-10-16 19:33:50.033,0,[],0
2311,2008-10-16 21:10:48.620,0,[],0
2312,2008-10-16 22:47:51.302,0,[],0
2313,2008-10-17 00:24:52.433,1,"[{'lat': -6.951, 'long': 147.269, 'Time': Timestamp('2008-10-18 00:54:39'), 'mag': 5.7}]",1
2314,2008-10-17 05:19:24.066,0,[],0
2315,2008-10-17 06:57:24.092,0,[],0
2316,2008-10-17 08:34:18.582,0,[],0
2317,2008-10-17 10:13:20.049,0,[],0
2318,2008-10-23 11:36:53.273,0,[],0
2319,2008-10-23 13:16:23.301,0,[],0
2320,2008-10-23 14:55:22.301,0,[],0
2321,2008-10-23 16:33:20.787,0,[],0
2322,2008-10-23 18:10:53.381,0,[],0
2323,2008-10-23 19:47:53.407,0,[],0
2324,2008-10-23 21:24:48.970,1,"[{'lat': -18.022, 'long': -176.736, 'Time': Timestamp('2008-10-23 23:36:11'), 'mag': 5.1}, {'lat': -26.577, 'long': -177.43, 'Time': Timestamp('2008-10-24 00:26:10'), 'mag': 5.2}]",2
2325,2008-10-23 23:01:53.461,1,"[{'lat': -17.227, 'long': 167.255, 'Time': Timestamp('2008-10-25 19:24:50'), 'mag': 5.7}]",1
2326,2008-10-24 00:38:50.808,0,[],0
2327,2008-10-24 03:55:28.385,0,[],0
2328,2008-10-24 05:33:20.989,0,[],0
2329,2008-10-24 08:48:19.602,0,[],0
2330,2008-10-24 10:27:45.646,0,[],0
2331,2008-10-24 12:07:19.880,0,[],0
2332,2008-10-24 13:46:50.019,0,[],0
2333,2008-10-24 15:25:22.813,0,[],0
2334,2008-10-24 17:03:22.840,0,[],0
2335,2008-10-24 18:40:46.003,0,[],0
2336,2008-10-24 20:17:48.686,0,[],0
2337,2008-10-24 21:54:15.051,0,[],0
2338,2008-10-24 23:31:23.861,0,[],0
2339,2008-10-25 01:08:21.421,1,"[{'lat': 35.953, 'long': 141.624, 'Time': Timestamp('2008-10-25 06:01:37'), 'mag': 5.0}, {'lat': 35.953, 'long': 141.624, 'Time': Timestamp('2008-10-25 06:01:37'), 'mag': 5.0}]",2
2340,2008-10-25 04:25:24.912,0,[],0
2341,2008-10-25 06:03:26.268,1,"[{'lat': 36.49, 'long': 70.683, 'Time': Timestamp('2008-10-26 01:28:56'), 'mag': 5.7}]",1
2342,2008-10-25 07:41:51.417,0,[],0
2343,2008-10-25 09:18:53.776,0,[],0
2344,2008-10-25 15:55:51.780,0,[],0
2345,2008-10-25 17:33:23.157,0,[],0
2346,2008-10-25 19:10:17.848,0,[],0
2347,2008-10-25 20:47:20.754,0,[],0
2348,2008-10-25 22:24:23.236,0,[],0
2349,2008-10-26 00:01:23.262,1,"[{'lat': 54.345, 'long': 169.048, 'Time': Timestamp('2008-10-27 21:26:06'), 'mag': 5.4}, {'lat': 54.345, 'long': 169.048, 'Time': Timestamp('2008-10-27 21:26:06'), 'mag': 5.4}]",2
2350,2008-10-26 01:38:21.604,1,"[{'lat': -0.141, 'long': 123.015, 'Time': Timestamp('2008-10-26 09:08:34'), 'mag': 5.6}]",1
2351,2008-10-26 04:55:26.958,0,[],0
2352,2008-10-26 06:33:25.546,0,[],0
2353,2008-10-26 08:14:08.866,0,[],0
2354,2008-10-26 09:49:21.849,0,[],0
2355,2008-10-26 11:28:53.449,0,[],0
2356,2008-10-26 13:08:23.477,0,[],0
2357,2008-10-26 14:47:19.709,1,"[{'lat': -27.236, 'long': -69.322, 'Time': Timestamp('2008-10-27 19:08:17'), 'mag': 5.1}]",1
2358,2008-10-26 19:40:23.896,0,[],0
2359,2008-10-26 21:15:55.898,0,[],0
2360,2008-10-26 22:53:53.636,1,"[{'lat': -14.635, 'long': 167.183, 'Time': Timestamp('2008-10-27 05:43:50'), 'mag': 5.6}]",1
2361,2008-10-27 00:30:50.985,1,"[{'lat': -3.494, 'long': 145.867, 'Time': Timestamp('2008-10-28 16:00:03'), 'mag': 6.0}]",1
2362,2008-10-27 02:08:21.223,1,"[{'lat': 19.083, 'long': 121.245, 'Time': Timestamp('2008-10-27 20:25:28'), 'mag': 5.0}, {'lat': 12.626, 'long': 120.132, 'Time': Timestamp('2008-10-28 04:16:03'), 'mag': 5.0}]",2
2363,2008-10-27 07:03:57.063,0,[],0
2364,2008-10-27 08:40:20.783,0,[],0
2365,2008-10-27 10:19:55.018,0,[],0
2366,2008-10-27 11:59:23.851,0,[],0
2367,2008-10-27 13:38:53.878,0,[],0
2368,2008-10-27 15:17:22.990,0,[],0
2369,2008-10-27 16:55:23.931,1,"[{'lat': -35.75, 'long': -104.75, 'Time': Timestamp('2008-10-28 19:59:12'), 'mag': 5.0}]",1
2370,2008-10-27 18:32:49.840,0,[],0
2371,2008-10-27 20:09:53.985,0,[],0
2372,2008-10-27 21:46:55.195,0,[],0
2373,2008-10-27 23:23:24.038,0,[],0
2374,2008-10-28 01:00:51.598,1,"[{'lat': 44.938, 'long': 150.747, 'Time': Timestamp('2008-10-28 21:32:34'), 'mag': 5.0}]",1
2375,2008-10-28 04:17:53.977,0,[],0
2376,2008-10-28 05:55:28.211,1,"[{'lat': 30.563, 'long': 67.444, 'Time': Timestamp('2008-10-28 22:33:08'), 'mag': 5.3}, {'lat': 30.639, 'long': 67.351, 'Time': Timestamp('2008-10-28 23:09:57'), 'mag': 6.4}, {'lat': 30.598, 'long': 67.455, 'Time': Timestamp('2008-10-29 11:32:43'), 'mag': 6.4}]",3
2377,2008-10-28 07:33:52.367,0,[],0
2378,2008-10-28 10:50:20.323,0,[],0
2379,2008-10-28 12:29:53.252,0,[],0
2380,2008-10-28 14:09:20.590,0,[],0
2381,2008-10-28 15:47:50.515,0,[],0
2382,2008-10-28 17:25:23.332,1,"[{'lat': -8.986, 'long': -108.281, 'Time': Timestamp('2008-10-28 20:42:42'), 'mag': 5.3}, {'lat': -8.896, 'long': -108.395, 'Time': Timestamp('2008-10-29 01:35:58'), 'mag': 5.7}, {'lat': -9.02, 'long': -108.246, 'Time': Timestamp('2008-10-30 15:15:41'), 'mag': 6.1}]",3
2383,2008-10-28 19:02:53.359,0,[],0
2384,2008-10-28 20:39:23.385,0,[],0
2385,2008-10-28 22:16:22.821,0,[],0
2386,2008-10-28 23:53:23.439,0,[],0
2387,2008-10-29 01:30:21.780,1,"[{'lat': 38.09, 'long': 141.638, 'Time': Timestamp('2008-10-29 15:48:40'), 'mag': 5.1}, {'lat': 38.09, 'long': 141.638, 'Time': Timestamp('2008-10-29 15:48:40'), 'mag': 5.1}, {'lat': 4.152, 'long': 126.635, 'Time': Timestamp('2008-10-29 19:54:38'), 'mag': 5.2}, {'lat': 4.184, 'long': 126.535, 'Time': Timestamp('2008-10-29 22:16:58'), 'mag': 5.2}, {'lat': 1.429, 'long': 126.966, 'Time': Timestamp('2008-10-30 22:38:11'), 'mag': 5.1}]",5
2388,2008-10-29 04:47:23.039,0,[],0
2389,2008-10-29 06:25:54.394,1,"[{'lat': 30.598, 'long': 67.455, 'Time': Timestamp('2008-10-29 11:32:43'), 'mag': 6.4}, {'lat': 30.598, 'long': 67.455, 'Time': Timestamp('2008-10-29 11:32:43'), 'mag': 6.4}]",2
2390,2008-10-29 08:02:18.226,0,[],0
2391,2008-10-29 09:41:22.025,0,[],0
2392,2008-10-29 11:20:53.626,0,[],0
2393,2008-10-29 13:00:23.822,0,[],0
2394,2008-10-29 14:39:19.721,1,"[{'lat': -24.034, 'long': -70.105, 'Time': Timestamp('2008-10-30 01:32:40'), 'mag': 5.3}]",1
2395,2008-10-29 19:32:24.242,0,[],0
2396,2008-10-29 21:06:22.036,0,[],0
2397,2008-10-29 22:45:53.982,1,"[{'lat': 51.705, 'long': -174.423, 'Time': Timestamp('2008-10-31 14:23:02'), 'mag': 5.1}, {'lat': 51.586, 'long': -174.415, 'Time': Timestamp('2008-10-31 22:10:35'), 'mag': 5.3}]",2
2398,2008-10-30 00:22:46.007,0,[],0
2399,2008-10-30 02:00:25.665,1,"[{'lat': 1.429, 'long': 126.966, 'Time': Timestamp('2008-10-30 22:38:11'), 'mag': 5.1}]",1
2400,2008-10-30 03:39:54.476,0,[],0
2401,2008-10-30 05:17:32.018,1,"[{'lat': -11.483, 'long': 66.514, 'Time': Timestamp('2008-10-31 13:30:01'), 'mag': 5.2}]",1
2402,2008-10-30 06:55:52.759,0,[],0
2403,2008-10-30 08:32:21.457,0,[],0
2404,2008-10-30 10:11:54.364,0,[],0
2405,2008-10-30 11:51:23.197,0,[],0
2406,2008-10-30 13:30:53.223,0,[],0
2407,2008-10-30 15:09:52.335,0,[],0
2408,2008-10-30 16:47:53.278,0,[],0
2409,2008-10-30 18:24:49.237,0,[],0
2410,2008-10-30 20:01:53.331,0,[],0
2411,2008-10-30 21:38:51.773,0,[],0
2412,2008-10-30 23:15:53.384,0,[],0
2413,2008-10-31 00:52:52.272,0,[],0
2414,2008-10-31 04:09:52.883,0,[],0
2415,2008-10-31 05:47:53.133,1,"[{'lat': -11.483, 'long': 66.514, 'Time': Timestamp('2008-10-31 13:30:01'), 'mag': 5.2}]",1
2416,2008-10-31 07:25:52.714,0,[],0
2417,2008-10-31 09:02:50.530,0,[],0
2418,2008-10-31 10:42:24.765,0,[],0
2419,2008-10-31 12:21:53.597,0,[],0
2420,2008-10-31 14:01:23.625,0,[],0
2421,2008-10-31 15:39:46.096,0,[],0
2422,2008-10-31 17:17:23.678,0,[],0
2423,2008-10-31 22:08:23.390,0,[],0
2424,2008-10-31 23:45:23.784,0,[],0
2425,2008-11-01 04:39:53.396,0,[],0
2426,2008-11-01 06:17:50.644,0,[],0
2427,2008-11-01 07:56:17.691,0,[],0
2428,2008-11-01 09:33:21.043,0,[],0
2429,2008-11-01 11:12:53.972,0,[],0
2430,2008-11-01 12:52:23.999,0,[],0
2431,2008-11-01 14:31:23.881,0,[],0
2432,2008-11-01 16:09:51.262,0,[],0
2433,2008-11-01 17:47:24.079,0,[],0
2434,2008-11-01 19:24:23.105,0,[],0
2435,2008-11-01 21:01:23.132,0,[],0
2436,2008-11-01 22:38:23.158,1,"[{'lat': 51.47, 'long': -174.365, 'Time': Timestamp('2008-11-01 23:33:49'), 'mag': 5.0}, {'lat': 51.552, 'long': -174.366, 'Time': Timestamp('2008-11-02 13:48:42'), 'mag': 6.1}, {'lat': 51.525, 'long': -174.371, 'Time': Timestamp('2008-11-02 13:55:18'), 'mag': 5.1}, {'lat': 51.47, 'long': -174.365, 'Time': Timestamp('2008-11-01 23:33:49'), 'mag': 5.0}, {'lat': 51.552, 'long': -174.366, 'Time': Timestamp('2008-11-02 13:48:42'), 'mag': 6.1}, {'lat': 51.525, 'long': -174.371, 'Time': Timestamp('2008-11-02 13:55:18'), 'mag': 5.1}]",6
2437,2008-11-02 00:15:15.183,1,"[{'lat': 51.602, 'long': 159.251, 'Time': Timestamp('2008-11-03 21:40:08'), 'mag': 5.0}]",1
2438,2008-11-02 03:31:54.098,1,"[{'lat': 1.145, 'long': 97.253, 'Time': Timestamp('2008-11-03 19:21:58'), 'mag': 5.7}, {'lat': 1.145, 'long': 97.253, 'Time': Timestamp('2008-11-03 19:21:58'), 'mag': 5.7}]",2
2439,2008-11-02 05:10:02.195,0,[],0
2440,2008-11-02 06:47:52.925,0,[],0
2441,2008-11-02 08:26:23.174,0,[],0
2442,2008-11-02 10:03:54.540,0,[],0
2443,2008-11-02 11:43:23.373,0,[],0
2444,2008-11-02 13:22:53.400,0,[],0
2445,2008-11-02 15:01:46.977,1,"[{'lat': 19.431, 'long': -66.383, 'Time': Timestamp('2008-11-02 20:42:37'), 'mag': 5.4}]",1
2446,2008-11-02 19:54:23.506,0,[],0
2447,2008-11-02 21:30:53.533,1,"[{'lat': -16.297, 'long': -176.325, 'Time': Timestamp('2008-11-03 19:36:21'), 'mag': 5.6}, {'lat': -16.297, 'long': -176.325, 'Time': Timestamp('2008-11-03 19:36:21'), 'mag': 5.6}]",2
2448,2008-11-02 23:07:53.560,0,[],0
2449,2008-11-03 00:44:52.448,1,"[{'lat': 51.602, 'long': 159.251, 'Time': Timestamp('2008-11-03 21:40:08'), 'mag': 5.0}, {'lat': 46.635, 'long': 152.288, 'Time': Timestamp('2008-11-03 09:33:17'), 'mag': 5.0}]",2
2450,2008-11-03 05:39:54.749,0,[],0
2451,2008-11-03 07:17:56.986,0,[],0
2452,2008-11-03 08:54:50.706,0,[],0
2453,2008-11-03 10:34:20.845,0,[],0
2454,2008-11-03 12:13:53.774,0,[],0
2455,2008-11-03 13:53:23.801,0,[],0
2456,2008-11-03 15:31:44.833,0,[],0
2457,2008-11-03 18:46:48.435,0,[],0
2458,2008-11-03 20:23:53.908,0,[],0
2459,2008-11-03 22:00:52.127,1,"[{'lat': -17.321, 'long': -174.362, 'Time': Timestamp('2008-11-05 03:41:43'), 'mag': 5.7}]",1
2460,2008-11-03 23:37:23.960,1,"[{'lat': -55.726, 'long': 147.054, 'Time': Timestamp('2008-11-05 08:53:38'), 'mag': 5.0}]",1
2461,2008-11-04 01:14:48.318,0,[],0
2462,2008-11-04 04:31:53.573,0,[],0
2463,2008-11-04 06:09:56.802,0,[],0
2464,2008-11-04 07:48:19.959,0,[],0
2465,2008-11-04 09:25:21.548,0,[],0
2466,2008-11-04 11:04:53.015,0,[],0
2467,2008-11-04 12:44:23.175,0,[],0
2468,2008-11-04 14:23:23.057,0,[],0
2469,2008-11-04 16:01:49.222,1,"[{'lat': 5.856, 'long': -82.417, 'Time': Timestamp('2008-11-05 15:33:02'), 'mag': 5.1}]",1
2470,2008-11-04 17:39:23.256,1,"[{'lat': -55.225, 'long': -128.76, 'Time': Timestamp('2008-11-06 13:09:30'), 'mag': 5.2}, {'lat': -55.225, 'long': -128.76, 'Time': Timestamp('2008-11-06 13:09:30'), 'mag': 5.2}]",2
2471,2008-11-04 19:16:53.283,0,[],0
2472,2008-11-04 20:53:23.309,0,[],0
2473,2008-11-04 22:30:23.335,1,"[{'lat': 52.035, 'long': -170.538, 'Time': Timestamp('2008-11-05 05:04:46'), 'mag': 5.3}, {'lat': 52.035, 'long': -170.538, 'Time': Timestamp('2008-11-05 05:04:46'), 'mag': 5.3}]",2
2474,2008-11-05 00:07:23.361,0,[],0
2475,2008-11-05 05:02:02.371,0,[],0
2476,2008-11-05 06:39:48.893,0,[],0
2477,2008-11-05 08:18:16.376,0,[],0
2478,2008-11-05 09:55:50.621,0,[],0
2479,2008-11-05 11:35:23.549,0,[],0
2480,2008-11-05 13:14:53.747,1,"[{'lat': 56.812, 'long': -34.138, 'Time': Timestamp('2008-11-06 10:24:22'), 'mag': 5.1}]",1
2481,2008-11-05 14:53:51.419,0,[],0
2482,2008-11-05 19:46:23.853,0,[],0
2483,2008-11-05 21:23:23.880,1,"[{'lat': -29.855, 'long': -177.441, 'Time': Timestamp('2008-11-06 09:11:05'), 'mag': 5.9}]",1
2484,2008-11-05 22:59:53.906,1,"[{'lat': -18.609, 'long': 169.063, 'Time': Timestamp('2008-11-06 22:44:42'), 'mag': 5.1}, {'lat': -14.829, 'long': 168.032, 'Time': Timestamp('2008-11-07 07:19:35'), 'mag': 6.4}, {'lat': -14.793, 'long': 168.09, 'Time': Timestamp('2008-11-07 07:23:00'), 'mag': 5.0}, {'lat': -14.946, 'long': 167.94, 'Time': Timestamp('2008-11-07 07:35:45'), 'mag': 5.7}, {'lat': -14.945, 'long': 168.079, 'Time': Timestamp('2008-11-07 07:45:52'), 'mag': 5.2}, {'lat': -14.79, 'long': 167.945, 'Time': Timestamp('2008-11-07 09:26:43'), 'mag': 5.0}, {'lat': -14.924, 'long': 168.12, 'Time': Timestamp('2008-11-07 09:40:00'), 'mag': 5.5}, {'lat': -15.022, 'long': 167.817, 'Time': Timestamp('2008-11-07 12:07:24'), 'mag': 5.0}]",8
2485,2008-11-06 00:36:45.930,1,"[{'lat': 12.365, 'long': 144.052, 'Time': Timestamp('2008-11-07 08:37:51'), 'mag': 5.3}]",1
2486,2008-11-06 05:31:56.424,0,[],0
2487,2008-11-06 07:09:53.237,0,[],0
2488,2008-11-06 08:46:49.725,0,[],0
2489,2008-11-06 10:26:18.864,0,[],0
2490,2008-11-06 13:45:23.148,0,[],0
2491,2008-11-06 23:29:53.307,0,[],0
2492,2008-11-07 01:06:50.867,0,[],0
2493,2008-11-07 04:24:01.110,0,[],0
2494,2008-11-07 06:01:55.713,0,[],0
2495,2008-11-07 07:40:20.305,0,[],0
2496,2008-11-07 09:17:23.222,0,[],0
2497,2008-11-07 10:56:53.360,0,[],0
2498,2008-11-07 12:36:23.521,0,[],0
2499,2008-11-07 14:15:14.988,0,[],0
2500,2008-11-07 15:53:50.785,0,[],0
2501,2008-11-07 17:31:53.602,0,[],0
2502,2008-11-07 19:08:53.718,0,[],0
2503,2008-11-07 20:45:53.656,0,[],0
2504,2008-11-07 22:22:23.682,0,[],0
2505,2008-11-07 23:59:23.708,0,[],0
2506,2008-11-08 01:36:50.722,1,"[{'lat': -7.198, 'long': 129.381, 'Time': Timestamp('2008-11-09 10:38:50'), 'mag': 5.2}, {'lat': -7.198, 'long': 129.381, 'Time': Timestamp('2008-11-09 10:38:50'), 'mag': 5.2}]",2
2507,2008-11-08 04:54:02.718,0,[],0
2508,2008-11-08 06:31:55.992,0,[],0
2509,2008-11-08 11:27:23.895,0,[],0
2510,2008-11-08 13:06:53.923,0,[],0
2511,2008-11-08 14:45:50.156,0,[],0
2512,2008-11-08 16:23:53.954,0,[],0
2513,2008-11-08 18:01:24.003,0,[],0
2514,2008-11-08 19:38:21.574,0,[],0
2515,2008-11-08 21:15:24.056,0,[],0
2516,2008-11-08 22:52:23.083,0,[],0
2517,2008-11-09 00:29:17.875,1,"[{'lat': 3.332, 'long': 145.518, 'Time': Timestamp('2008-11-10 12:44:41'), 'mag': 5.0}]",1
2518,2008-11-09 03:45:54.022,1,"[{'lat': -0.255, 'long': 100.141, 'Time': Timestamp('2008-11-10 08:58:50'), 'mag': 5.1}]",1
2519,2008-11-09 05:23:55.600,0,[],0
2520,2008-11-09 07:01:56.509,0,[],0
2521,2008-11-09 08:38:53.242,0,[],0
2522,2008-11-09 10:18:23.136,0,[],0
2523,2008-11-09 11:57:53.297,0,[],0
2524,2008-11-09 13:37:23.324,0,[],0
2525,2008-11-09 15:15:49.668,0,[],0
2526,2008-11-09 16:53:53.378,0,[],0
2527,2008-11-09 18:31:23.405,0,[],0
2528,2008-11-09 20:08:23.431,0,[],0
2529,2008-11-09 21:44:53.457,1,"[{'lat': 59.9967, 'long': -153.0191, 'Time': Timestamp('2008-11-09 23:36:57'), 'mag': 5.0}, {'lat': 59.9967, 'long': -153.0191, 'Time': Timestamp('2008-11-09 23:36:57'), 'mag': 5.0}]",2
2530,2008-11-09 23:21:53.483,0,[],0
2531,2008-11-10 00:58:48.276,0,[],0
2532,2008-11-10 04:15:54.424,1,"[{'lat': 37.539, 'long': 95.84, 'Time': Timestamp('2008-11-11 21:56:01'), 'mag': 5.1}]",1
2533,2008-11-10 05:53:54.561,1,"[{'lat': 1.591, 'long': 66.703, 'Time': Timestamp('2008-11-11 12:18:12'), 'mag': 5.2}, {'lat': 0.019, 'long': 67.088, 'Time': Timestamp('2008-11-11 22:46:38'), 'mag': 5.1}]",2
2534,2008-11-10 07:32:21.809,0,[],0
2535,2008-11-10 09:09:20.630,0,[],0
2536,2008-11-10 10:48:50.769,0,[],0
2537,2008-11-10 12:28:23.698,0,[],0
2538,2008-11-10 14:07:22.476,0,[],0
2539,2008-11-10 15:45:50.404,0,[],0
2540,2008-11-10 17:23:53.778,0,[],0
2541,2008-11-10 19:00:53.805,0,[],0
2542,2008-11-10 20:37:53.831,0,[],0
2543,2008-11-10 22:14:53.858,0,[],0
2544,2008-11-10 23:51:53.885,0,[],0
2545,2008-11-11 01:28:52.226,0,[],0
2546,2008-11-11 04:45:53.485,0,[],0
2547,2008-11-11 06:23:56.168,0,[],0
2548,2008-11-11 08:02:22.210,0,[],0
2549,2008-11-11 09:39:23.800,0,[],0
2550,2008-11-11 11:19:24.072,0,[],0
2551,2008-11-11 12:58:53.099,0,[],0
2552,2008-11-11 14:37:48.997,0,[],0
2553,2008-11-11 16:15:51.691,1,"[{'lat': 10.838, 'long': -86.115, 'Time': Timestamp('2008-11-13 09:49:51'), 'mag': 5.4}, {'lat': 10.838, 'long': -86.115, 'Time': Timestamp('2008-11-13 09:49:51'), 'mag': 5.4}]",2
2554,2008-11-11 17:53:53.179,0,[],0
2555,2008-11-11 19:30:53.206,0,[],0
2556,2008-11-11 21:07:23.233,0,[],0
2557,2008-11-11 22:44:23.259,0,[],0
2558,2008-11-12 00:21:23.374,0,[],0
2559,2008-11-12 01:58:50.845,1,"[{'lat': 6.991, 'long': 126.328, 'Time': Timestamp('2008-11-12 02:04:52'), 'mag': 5.1}, {'lat': 6.991, 'long': 126.328, 'Time': Timestamp('2008-11-12 02:04:52'), 'mag': 5.1}]",2
2560,2008-11-12 05:15:56.982,0,[],0
2561,2008-11-12 06:54:23.035,0,[],0
2562,2008-11-12 08:30:51.734,1,"[{'lat': 38.841, 'long': 35.524, 'Time': Timestamp('2008-11-12 14:03:18'), 'mag': 5.1}, {'lat': -6.366, 'long': 26.858, 'Time': Timestamp('2008-11-13 11:07:23'), 'mag': 5.0}]",2
2563,2008-11-12 10:10:20.715,0,[],0
2564,2008-11-12 11:49:53.644,0,[],0
2565,2008-11-12 13:29:23.671,0,[],0
2566,2008-11-12 15:07:45.919,0,[],0
2567,2008-11-12 20:00:23.778,0,[],0
2568,2008-11-12 21:37:23.804,1,"[{'lat': -21.802, 'long': -178.147, 'Time': Timestamp('2008-11-13 10:31:37'), 'mag': 5.3}]",1
2569,2008-11-12 23:13:53.830,0,[],0
2570,2008-11-13 00:51:21.391,0,[],0
2571,2008-11-13 04:08:23.330,0,[],0
2572,2008-11-13 05:45:54.909,0,[],0
2573,2008-11-13 07:24:22.156,0,[],0
2574,2008-11-13 09:01:20.977,1,"[{'lat': -53.794, 'long': 8.727, 'Time': Timestamp('2008-11-14 02:05:09'), 'mag': 5.9}, {'lat': -53.83, 'long': 8.578, 'Time': Timestamp('2008-11-14 02:43:54'), 'mag': 5.4}]",2
2575,2008-11-13 10:40:52.668,1,"[{'lat': -55.961, 'long': -27.234, 'Time': Timestamp('2008-11-13 15:10:15'), 'mag': 5.6}, {'lat': -56.447, 'long': -25.447, 'Time': Timestamp('2008-11-14 19:10:47'), 'mag': 5.0}]",2
2576,2008-11-13 12:20:24.045,0,[],0
2577,2008-11-13 13:59:24.072,0,[],0
2578,2008-11-13 17:15:53.125,0,[],0
2579,2008-11-13 18:53:17.706,0,[],0
2580,2008-11-13 20:29:53.179,0,[],0
2581,2008-11-13 22:06:53.205,0,[],0
2582,2008-11-13 23:43:53.232,0,[],0
2583,2008-11-14 01:20:51.573,0,[],0
2584,2008-11-14 04:38:01.035,0,[],0
2585,2008-11-14 06:15:55.515,0,[],0
2586,2008-11-14 07:54:17.462,0,[],0
2587,2008-11-14 09:31:21.818,0,[],0
2588,2008-11-14 11:11:23.419,0,[],0
2589,2008-11-14 12:50:53.446,0,[],0
2590,2008-11-14 14:29:52.000,0,[],0
2591,2008-11-14 16:08:22.149,1,"[{'lat': 13.05, 'long': -88.75, 'Time': Timestamp('2008-11-15 23:03:16'), 'mag': 5.8}]",1
2592,2008-11-14 17:45:53.527,0,[],0
2593,2008-11-14 19:22:53.553,0,[],0
2594,2008-11-14 20:59:53.579,0,[],0
2595,2008-11-15 00:13:16.959,0,[],0
2596,2008-11-15 01:50:44.217,1,"[{'lat': 1.271, 'long': 122.091, 'Time': Timestamp('2008-11-16 17:02:32'), 'mag': 7.4}, {'lat': 1.291, 'long': 122.106, 'Time': Timestamp('2008-11-16 17:34:38'), 'mag': 5.6}, {'lat': 1.127, 'long': 121.775, 'Time': Timestamp('2008-11-16 18:20:32'), 'mag': 5.5}, {'lat': 1.271, 'long': 122.091, 'Time': Timestamp('2008-11-16 17:02:32'), 'mag': 7.4}, {'lat': 1.291, 'long': 122.106, 'Time': Timestamp('2008-11-16 17:34:38'), 'mag': 5.6}, {'lat': 1.127, 'long': 121.775, 'Time': Timestamp('2008-11-16 18:20:32'), 'mag': 5.5}]",6
2597,2008-11-15 03:30:24.546,1,"[{'lat': 32.139, 'long': 104.753, 'Time': Timestamp('2008-11-15 22:59:50'), 'mag': 5.0}, {'lat': 32.139, 'long': 104.753, 'Time': Timestamp('2008-11-15 22:59:50'), 'mag': 5.0}]",2
2598,2008-11-15 05:07:57.329,0,[],0
2599,2008-11-15 06:46:23.372,0,[],0
2600,2008-11-15 08:22:50.741,0,[],0
2601,2008-11-15 10:01:52.219,0,[],0
2602,2008-11-15 11:41:53.820,0,[],0
2603,2008-11-15 13:21:23.847,0,[],0
2604,2008-11-15 14:59:56.944,0,[],0
2605,2008-11-15 16:38:23.544,1,"[{'lat': 13.05, 'long': -88.75, 'Time': Timestamp('2008-11-15 23:03:16'), 'mag': 5.8}]",1
2606,2008-11-15 18:15:53.927,0,[],0
2607,2008-11-15 19:52:53.954,0,[],0
2608,2008-11-22 10:16:24.941,0,[],0
2609,2008-11-22 11:56:23.774,0,[],0
2610,2008-11-22 13:35:53.802,0,[],0
2611,2008-11-22 15:14:22.914,1,"[{'lat': 19.49, 'long': -66.325, 'Time': Timestamp('2008-11-23 09:05:20'), 'mag': 5.0}, {'lat': 19.49, 'long': -66.325, 'Time': Timestamp('2008-11-23 09:05:20'), 'mag': 5.0}, {'lat': -9.069, 'long': -75.664, 'Time': Timestamp('2008-11-22 20:25:52'), 'mag': 5.1}]",3
2612,2008-11-22 16:52:23.855,1,"[{'lat': 17.386, 'long': -93.687, 'Time': Timestamp('2008-11-23 18:06:41'), 'mag': 5.0}, {'lat': 17.386, 'long': -93.687, 'Time': Timestamp('2008-11-23 18:06:41'), 'mag': 5.0}]",2
2613,2008-11-22 18:29:53.882,0,[],0
2614,2008-11-27 11:09:23.849,0,[],0
2615,2008-11-27 12:49:23.876,0,[],0
2616,2008-11-27 16:06:51.141,0,[],0
2617,2008-11-27 17:44:23.957,0,[],0
2618,2008-11-27 19:21:23.984,1,"[{'lat': 40.348, 'long': -126.978, 'Time': Timestamp('2008-11-28 13:42:18'), 'mag': 5.9}]",1
2619,2008-11-27 20:58:24.010,0,[],0
2620,2008-11-27 22:34:54.036,0,[],0
2621,2008-11-28 00:11:51.485,0,[],0
2622,2008-11-28 01:49:17.744,0,[],0
2623,2008-11-28 05:06:26.760,0,[],0
2624,2008-11-28 06:44:52.802,0,[],0
2625,2008-11-28 08:21:17.404,0,[],0
2626,2008-11-28 10:00:21.650,0,[],0
2627,2008-11-28 11:40:23.251,0,[],0
2628,2008-11-28 13:19:53.278,0,[],0
2629,2008-11-28 14:58:18.182,0,[],0
2630,2008-11-28 16:36:48.108,0,[],0
2631,2008-11-28 18:13:53.358,0,[],0
2632,2008-11-28 19:50:53.385,0,[],0
2633,2008-11-28 23:04:53.438,0,[],0
2634,2008-11-29 00:41:50.785,1,"[{'lat': 18.024, 'long': 146.994, 'Time': Timestamp('2008-11-30 00:38:54'), 'mag': 5.6}, {'lat': 19.19, 'long': 145.338, 'Time': Timestamp('2008-11-30 12:04:54'), 'mag': 5.0}]",2
2635,2008-11-29 02:19:22.240,0,[],0
2636,2008-11-29 05:36:25.955,0,[],0
2637,2008-11-29 08:51:21.912,0,[],0
2638,2008-11-29 10:30:50.723,0,[],0
2639,2008-11-29 12:10:53.652,0,[],0
2640,2008-11-29 13:49:53.678,0,[],0
2641,2008-11-29 15:28:44.711,0,[],0
2642,2008-11-29 17:06:23.733,0,[],0
2643,2008-11-29 18:43:49.640,0,[],0
2644,2008-11-29 20:20:53.785,1,"[{'lat': -64.108, 'long': -169.06, 'Time': Timestamp('2008-12-01 04:52:08'), 'mag': 5.3}]",1
2645,2008-11-29 21:57:23.332,1,"[{'lat': -22.941, 'long': -175.19, 'Time': Timestamp('2008-12-01 20:21:34'), 'mag': 5.3}]",1
2646,2008-11-29 23:34:23.838,0,[],0
2647,2008-11-30 01:11:48.196,0,[],0
2648,2008-11-30 04:28:53.450,0,[],0
2649,2008-11-30 06:06:52.584,0,[],0
2650,2008-11-30 07:44:48.068,1,"[{'lat': 35.299, 'long': 46.544, 'Time': Timestamp('2008-12-01 10:18:40'), 'mag': 5.0}]",1
2651,2008-11-30 09:21:53.753,0,[],0
2652,2008-11-30 11:01:21.124,0,[],0
2653,2008-11-30 12:41:24.053,0,[],0
2654,2008-11-30 14:20:24.152,0,[],0
2655,2008-11-30 19:13:20.593,0,[],0
2656,2008-11-30 20:50:23.186,0,[],0
2657,2008-11-30 22:27:23.212,1,"[{'lat': -20.358, 'long': 169.63, 'Time': Timestamp('2008-12-02 17:05:53'), 'mag': 5.1}]",1
2658,2008-12-01 00:04:23.239,0,[],0
2659,2008-12-01 03:20:55.034,0,[],0
2660,2008-12-01 04:59:02.249,1,"[{'lat': 27.373, 'long': 88.051, 'Time': Timestamp('2008-12-02 05:11:42'), 'mag': 5.2}]",1
2661,2008-12-01 06:36:54.195,0,[],0
2662,2008-12-01 08:15:21.677,0,[],0
2663,2008-12-01 09:52:21.826,0,[],0
2664,2008-12-01 11:32:23.427,0,[],0
2665,2008-12-01 13:11:53.454,0,[],0
2666,2008-12-01 14:50:18.359,0,[],0
2667,2008-12-01 16:28:49.501,0,[],0
2668,2008-12-01 18:06:23.534,0,[],0
2669,2008-12-01 19:43:23.561,0,[],0
2670,2008-12-01 21:19:53.587,0,[],0
2671,2008-12-01 22:56:53.614,1,"[{'lat': -12.588, 'long': 166.762, 'Time': Timestamp('2008-12-02 15:00:47'), 'mag': 5.0}, {'lat': -12.588, 'long': 166.762, 'Time': Timestamp('2008-12-02 15:00:47'), 'mag': 5.0}, {'lat': -20.358, 'long': 169.63, 'Time': Timestamp('2008-12-02 17:05:53'), 'mag': 5.1}]",3
2672,2008-12-02 00:33:45.638,1,"[{'lat': 52.984, 'long': 159.623, 'Time': Timestamp('2008-12-03 11:37:04'), 'mag': 5.1}, {'lat': 19.108, 'long': 145.75, 'Time': Timestamp('2008-12-02 12:31:43'), 'mag': 5.9}, {'lat': -5.968, 'long': 147.751, 'Time': Timestamp('2008-12-03 01:52:21'), 'mag': 5.2}]",3
2673,2008-12-02 03:50:54.553,0,[],0
2674,2008-12-02 05:28:54.803,0,[],0
2675,2008-12-02 07:06:57.040,0,[],0
2676,2008-12-02 08:43:49.432,0,[],0
2677,2008-12-02 12:02:53.828,0,[],0
2678,2008-12-02 13:41:53.855,0,[],0
2679,2008-12-02 15:20:51.639,0,[],0
2680,2008-12-02 16:58:53.909,0,[],0
2681,2008-12-02 18:35:49.817,0,[],0
2682,2008-12-02 20:12:53.962,0,[],0
2683,2008-12-02 21:49:50.852,0,[],0
2684,2008-12-02 23:26:54.014,0,[],0
2685,2008-12-03 01:03:51.575,1,"[{'lat': 38.589, 'long': 142.878, 'Time': Timestamp('2008-12-03 23:16:54'), 'mag': 5.8}, {'lat': 38.567, 'long': 142.89, 'Time': Timestamp('2008-12-04 03:10:55'), 'mag': 5.3}]",2
2686,2008-12-03 04:20:53.954,0,[],0
2687,2008-12-03 05:58:55.421,0,[],0
2688,2008-12-03 07:36:51.341,0,[],0
2689,2008-12-03 09:13:50.162,0,[],0
2690,2008-12-03 10:53:20.504,0,[],0
2691,2008-12-03 12:33:23.432,0,[],0
2692,2008-12-03 14:12:16.227,1,"[{'lat': -21.389, 'long': -68.288, 'Time': Timestamp('2008-12-04 16:47:09'), 'mag': 5.5}]",1
2693,2008-12-03 19:05:49.533,0,[],0
2694,2008-12-03 20:42:23.566,0,[],0
2695,2008-12-03 22:19:23.592,0,[],0
2696,2008-12-03 23:56:23.618,0,[],0
2697,2008-12-04 03:12:53.974,0,[],0
2698,2008-12-04 04:51:02.628,0,[],0
2699,2008-12-04 06:28:50.479,0,[],0
2700,2008-12-04 08:07:16.521,0,[],0
2701,2008-12-04 09:44:22.206,0,[],0
2702,2008-12-04 11:24:23.806,0,[],0
2703,2008-12-04 13:03:53.834,0,[],0
2704,2008-12-04 14:42:49.843,1,"[{'lat': -21.389, 'long': -68.288, 'Time': Timestamp('2008-12-04 16:47:09'), 'mag': 5.5}]",1
2705,2008-12-04 16:20:51.097,0,[],0
2706,2008-12-04 17:58:23.914,0,[],0
2707,2008-12-04 19:35:24.253,0,[],0
2708,2008-12-04 21:12:23.967,0,[],0
2709,2008-12-04 22:49:23.993,0,[],0
2710,2008-12-05 00:26:18.785,0,[],0
2711,2008-12-05 05:20:55.511,1,"[{'lat': 43.957, 'long': 86.02, 'Time': Timestamp('2008-12-06 09:24:58'), 'mag': 5.0}]",1
2712,2008-12-05 06:58:52.323,0,[],0
2713,2008-12-05 08:35:50.140,0,[],0
2714,2008-12-05 10:14:54.375,0,[],0
2715,2008-12-05 11:54:53.207,0,[],0
2716,2008-12-05 13:33:53.234,1,"[{'lat': 13.35, 'long': -44.826, 'Time': Timestamp('2008-12-07 06:23:09'), 'mag': 5.6}, {'lat': 13.35, 'long': -44.826, 'Time': Timestamp('2008-12-07 06:23:09'), 'mag': 5.6}]",2
2717,2008-12-05 15:12:52.347,0,[],0
2718,2008-12-05 16:50:53.289,0,[],0
2719,2008-12-05 18:28:23.315,1,"[{'lat': 34.8133333, 'long': -116.4188333, 'Time': Timestamp('2008-12-06 04:18:42'), 'mag': 5.06}, {'lat': 34.8133333, 'long': -116.4188333, 'Time': Timestamp('2008-12-06 04:18:42'), 'mag': 5.06}]",2
2720,2008-12-05 20:05:23.342,0,[],0
2721,2008-12-05 21:41:53.367,1,"[{'lat': -27.83, 'long': -176.628, 'Time': Timestamp('2008-12-06 06:21:48'), 'mag': 5.7}, {'lat': -30.032, 'long': -177.76, 'Time': Timestamp('2008-12-07 15:49:56'), 'mag': 5.0}, {'lat': -30.032, 'long': -177.76, 'Time': Timestamp('2008-12-07 15:49:56'), 'mag': 5.0}]",3
2722,2008-12-05 23:18:53.394,0,[],0
2723,2008-12-06 00:55:48.186,0,[],0
2724,2008-12-06 04:12:55.662,1,"[{'lat': 4.569, 'long': 93.403, 'Time': Timestamp('2008-12-07 23:49:57'), 'mag': 5.0}]",1
2725,2008-12-06 05:50:54.472,0,[],0
2726,2008-12-06 07:29:24.488,0,[],0
2727,2008-12-06 09:05:50.541,0,[],0
2728,2008-12-06 10:45:20.680,0,[],0
2729,2008-12-06 12:25:23.608,0,[],0
2730,2008-12-06 14:04:18.290,0,[],0
2731,2008-12-06 15:42:51.642,0,[],0
2732,2008-12-06 17:20:53.689,1,"[{'lat': -4.666, 'long': -106.29, 'Time': Timestamp('2008-12-07 08:53:21'), 'mag': 5.1}, {'lat': -4.475, 'long': -106.129, 'Time': Timestamp('2008-12-07 14:15:33'), 'mag': 5.3}, {'lat': -4.666, 'long': -106.29, 'Time': Timestamp('2008-12-07 08:53:21'), 'mag': 5.1}, {'lat': -4.475, 'long': -106.129, 'Time': Timestamp('2008-12-07 14:15:33'), 'mag': 5.3}, {'lat': -23.475, 'long': -115.067, 'Time': Timestamp('2008-12-08 02:38:39'), 'mag': 5.0}]",5
2733,2008-12-06 18:57:53.716,0,[],0
2734,2008-12-06 20:34:53.742,0,[],0
2735,2008-12-06 22:11:52.073,0,[],0
2736,2008-12-06 23:48:23.795,0,[],0
2737,2008-12-07 01:25:50.809,0,[],0
2738,2008-12-07 04:43:02.805,0,[],0
2739,2008-12-07 06:20:56.201,1,"[{'lat': 30.342, 'long': 67.555, 'Time': Timestamp('2008-12-09 02:46:32'), 'mag': 5.2}, {'lat': 30.393, 'long': 67.448, 'Time': Timestamp('2008-12-09 05:53:43'), 'mag': 5.3}]",2
2740,2008-12-07 07:59:20.793,0,[],0
2741,2008-12-07 09:36:16.958,0,[],0
2742,2008-12-07 11:15:53.982,0,[],0
2743,2008-12-07 12:55:54.010,0,[],0
2744,2008-12-07 14:34:51.236,0,[],0
2745,2008-12-07 19:27:50.662,0,[],0
2746,2008-12-07 21:03:25.431,0,[],0
2747,2008-12-07 22:41:23.170,1,"[{'lat': -15.929, 'long': 168.173, 'Time': Timestamp('2008-12-09 17:28:58'), 'mag': 6.1}]",1
2748,2008-12-08 00:18:19.290,1,"[{'lat': 48.802, 'long': 156.306, 'Time': Timestamp('2008-12-08 02:58:05'), 'mag': 5.0}, {'lat': -6.016, 'long': 145.796, 'Time': Timestamp('2008-12-09 03:06:57'), 'mag': 5.0}, {'lat': -5.695, 'long': 151.048, 'Time': Timestamp('2008-12-09 09:29:18'), 'mag': 5.0}]",3
2749,2008-12-08 05:12:52.797,1,"[{'lat': 29.948, 'long': 82.051, 'Time': Timestamp('2008-12-08 08:59:11'), 'mag': 5.3}]",1
2750,2008-12-08 06:50:54.274,1,"[{'lat': 26.92, 'long': 55.85, 'Time': Timestamp('2008-12-08 14:41:43'), 'mag': 5.1}, {'lat': 26.8, 'long': 55.68, 'Time': Timestamp('2008-12-09 15:09:23'), 'mag': 5.0}]",2
2751,2008-12-08 08:27:51.645,0,[],0
2752,2008-12-08 10:06:54.551,0,[],0
2753,2008-12-08 11:46:53.384,0,[],0
2754,2008-12-08 13:25:53.411,0,[],0
2755,2008-12-08 15:04:55.179,0,[],0
2756,2008-12-08 16:42:53.465,0,[],0
2757,2008-12-08 18:20:19.373,0,[],0
2758,2008-12-08 19:57:23.518,0,[],0
2759,2008-12-08 21:33:24.616,1,"[{'lat': -20.237, 'long': -178.66, 'Time': Timestamp('2008-12-09 20:08:47'), 'mag': 5.4}, {'lat': -20.886, 'long': -178.855, 'Time': Timestamp('2008-12-09 18:51:14'), 'mag': 5.7}, {'lat': -20.237, 'long': -178.66, 'Time': Timestamp('2008-12-09 20:08:47'), 'mag': 5.4}, {'lat': -31.232, 'long': -176.924, 'Time': Timestamp('2008-12-09 06:23:59'), 'mag': 6.8}, {'lat': -31.106, 'long': -176.894, 'Time': Timestamp('2008-12-09 18:18:31'), 'mag': 5.0}]",5
2760,2008-12-08 23:10:53.570,1,"[{'lat': -12.337, 'long': 166.572, 'Time': Timestamp('2008-12-10 13:15:34'), 'mag': 6.0}, {'lat': -12.337, 'long': 166.572, 'Time': Timestamp('2008-12-10 13:15:34'), 'mag': 6.0}]",2
2761,2008-12-09 00:48:21.131,1,"[{'lat': 15.364, 'long': 144.848, 'Time': Timestamp('2008-12-09 03:54:41'), 'mag': 5.0}, {'lat': -2.814, 'long': 139.32, 'Time': Timestamp('2008-12-09 15:31:50'), 'mag': 5.7}, {'lat': -2.814, 'long': 139.32, 'Time': Timestamp('2008-12-09 15:31:50'), 'mag': 5.7}]",3
2762,2008-12-09 05:42:56.088,0,[],0
2763,2008-12-09 07:21:21.896,0,[],0
2764,2008-12-09 08:57:52.045,0,[],0
2765,2008-12-09 10:37:22.184,0,[],0
2766,2008-12-09 12:17:23.785,0,[],0
2767,2008-12-09 13:56:22.005,0,[],0
2768,2008-12-09 15:34:53.035,0,[],0
2769,2008-12-09 17:12:53.865,0,[],0
2770,2008-12-09 18:50:22.542,0,[],0
2771,2008-12-09 20:26:53.918,0,[],0
2772,2008-12-09 22:03:55.016,0,[],0
2773,2008-12-09 23:40:53.972,0,[],0
2774,2008-12-10 01:17:50.985,0,[],0
2775,2008-12-10 04:35:01.775,0,[],0
2776,2008-12-10 07:51:17.202,0,[],0
2777,2008-12-10 09:28:21.732,0,[],0
2778,2008-12-10 11:07:53.332,0,[],0
2779,2008-12-10 12:47:53.360,0,[],0
2780,2008-12-10 14:26:51.802,0,[],0
2781,2008-12-10 19:19:51.011,0,[],0
2782,2008-12-10 20:53:50.813,0,[],0
2783,2008-12-10 22:33:23.519,0,[],0
2784,2008-12-11 00:10:20.968,0,[],0
2785,2008-12-11 01:47:47.233,1,"[{'lat': 1.551, 'long': 126.508, 'Time': Timestamp('2008-12-11 14:23:42'), 'mag': 5.0}, {'lat': 0.063, 'long': 123.433, 'Time': Timestamp('2008-12-11 21:40:51'), 'mag': 5.9}, {'lat': 0.063, 'long': 123.433, 'Time': Timestamp('2008-12-11 21:40:51'), 'mag': 5.9}]",3
2786,2008-12-11 05:04:57.243,1,"[{'lat': 35.313, 'long': 81.409, 'Time': Timestamp('2008-12-11 12:31:05'), 'mag': 5.0}]",1
2787,2008-12-11 06:43:27.392,0,[],0
2788,2008-12-11 08:19:47.887,0,[],0
2789,2008-12-11 09:58:52.132,0,[],0
2790,2008-12-11 11:38:53.734,0,[],0
2791,2008-12-11 13:18:23.761,0,[],0
2792,2008-12-11 14:56:52.761,0,[],0
2793,2008-12-11 16:35:23.814,0,[],0
2794,2008-12-11 18:12:53.841,0,[],0
2795,2008-12-11 19:49:23.867,0,[],0
2796,2008-12-11 21:25:26.182,1,"[{'lat': -31.106, 'long': -176.8, 'Time': Timestamp('2008-12-12 10:46:17'), 'mag': 5.1}, {'lat': -31.073, 'long': -176.811, 'Time': Timestamp('2008-12-12 11:55:29'), 'mag': 5.0}, {'lat': -31.008, 'long': -176.737, 'Time': Timestamp('2008-12-12 15:58:16'), 'mag': 5.0}]",3
2797,2008-12-11 23:03:23.920,1,"[{'lat': -14.103, 'long': 166.572, 'Time': Timestamp('2008-12-13 22:37:20'), 'mag': 5.6}, {'lat': -14.103, 'long': 166.572, 'Time': Timestamp('2008-12-13 22:37:20'), 'mag': 5.6}]",2
2798,2008-12-12 00:40:21.268,0,[],0
2799,2008-12-12 02:17:52.723,0,[],0
2800,2008-12-12 05:34:56.438,0,[],0
2801,2008-12-12 07:13:27.346,0,[],0
2802,2008-12-12 08:50:20.067,0,[],0
2803,2008-12-12 10:29:20.205,0,[],0
2804,2008-12-12 12:09:23.134,0,[],0
2805,2008-12-12 13:48:23.162,0,[],0
2806,2008-12-12 15:27:23.713,0,[],0
2807,2008-12-12 17:05:23.215,0,[],0
2808,2008-12-12 18:42:19.123,0,[],0
2809,2008-12-12 20:19:23.269,0,[],0
2810,2008-12-12 21:55:51.598,0,[],0
2811,2008-12-12 23:32:53.321,0,[],0
2812,2008-12-13 01:10:17.678,1,"[{'lat': 39.082, 'long': 144.504, 'Time': Timestamp('2008-12-14 20:29:31'), 'mag': 5.2}, {'lat': -3.106, 'long': 129.756, 'Time': Timestamp('2008-12-13 19:00:36'), 'mag': 5.1}, {'lat': -48.981, 'long': 123.398, 'Time': Timestamp('2008-12-13 08:45:36'), 'mag': 5.9}, {'lat': -49.007, 'long': 123.505, 'Time': Timestamp('2008-12-13 08:59:41'), 'mag': 5.4}]",4
2813,2008-12-13 04:27:22.932,0,[],0
2814,2008-12-13 06:05:25.727,0,[],0
2815,2008-12-13 07:43:17.551,0,[],0
2816,2008-12-13 09:20:23.236,0,[],0
2817,2008-12-13 10:59:50.607,1,"[{'lat': -58.846, 'long': -26.058, 'Time': Timestamp('2008-12-14 05:13:07'), 'mag': 5.0}]",1
2818,2008-12-13 12:39:53.536,1,"[{'lat': 8.012, 'long': -38.022, 'Time': Timestamp('2008-12-13 17:21:14'), 'mag': 5.0}, {'lat': 8.012, 'long': -38.022, 'Time': Timestamp('2008-12-13 17:21:14'), 'mag': 5.0}]",2
2819,2008-12-13 19:12:21.076,0,[],0
2820,2008-12-13 20:48:48.446,0,[],0
2821,2008-12-13 22:25:53.695,0,[],0
2822,2008-12-14 00:02:53.722,1,"[{'lat': -9.674, 'long': 151.575, 'Time': Timestamp('2008-12-14 15:59:53'), 'mag': 5.0}, {'lat': -9.674, 'long': 151.575, 'Time': Timestamp('2008-12-14 15:59:53'), 'mag': 5.0}]",2
2823,2008-12-14 01:41:54.597,0,[],0
2824,2008-12-14 04:57:32.732,0,[],0
2825,2008-12-14 06:35:28.896,0,[],0
2826,2008-12-14 08:13:52.160,1,"[{'lat': -7.346, 'long': 30.128, 'Time': Timestamp('2008-12-14 09:43:10'), 'mag': 5.2}, {'lat': -7.346, 'long': 30.128, 'Time': Timestamp('2008-12-14 09:43:10'), 'mag': 5.2}]",2
2827,2008-12-14 09:50:52.309,0,[],0
2828,2008-12-14 11:30:53.909,0,[],0
2829,2008-12-14 13:10:23.937,0,[],0
2830,2008-12-14 14:49:21.609,0,[],0
2831,2008-12-14 16:27:23.990,0,[],0
2832,2008-12-14 18:04:54.017,0,[],0
2833,2008-12-14 19:41:54.043,0,[],0
2834,2008-12-14 21:18:49.606,1,"[{'lat': -31.284, 'long': -176.85, 'Time': Timestamp('2008-12-16 20:31:55'), 'mag': 5.1}, {'lat': -31.284, 'long': -176.85, 'Time': Timestamp('2008-12-16 20:31:55'), 'mag': 5.1}]",2
2835,2008-12-14 22:55:23.096,1,"[{'lat': -14.186, 'long': 166.674, 'Time': Timestamp('2008-12-15 09:52:48'), 'mag': 5.2}, {'lat': -14.048, 'long': 166.469, 'Time': Timestamp('2008-12-15 10:32:39'), 'mag': 5.0}]",2
2836,2008-12-15 00:32:15.121,1,"[{'lat': 12.082, 'long': 144.148, 'Time': Timestamp('2008-12-15 18:43:36'), 'mag': 5.0}]",1
2837,2008-12-15 05:27:24.286,1,"[{'lat': -16.173, 'long': 67.508, 'Time': Timestamp('2008-12-15 16:50:44'), 'mag': 5.0}, {'lat': -16.289, 'long': 67.125, 'Time': Timestamp('2008-12-16 10:19:40'), 'mag': 5.2}]",2
2838,2008-12-15 07:05:22.426,0,[],0
2839,2008-12-15 08:42:18.915,0,[],0
2840,2008-12-15 10:21:20.382,0,[],0
2841,2008-12-15 12:01:23.311,0,[],0
2842,2008-12-15 13:40:53.338,0,[],0
2843,2008-12-15 15:19:25.218,0,[],0
2844,2008-12-15 16:57:23.392,0,[],0
2845,2008-12-15 18:34:23.418,0,[],0
2846,2008-12-15 20:11:23.444,0,[],0
2847,2008-12-15 21:47:24.542,1,"[{'lat': -17.744, 'long': -178.371, 'Time': Timestamp('2008-12-17 10:55:59'), 'mag': 5.8}, {'lat': -36.914, 'long': 177.732, 'Time': Timestamp('2008-12-17 20:33:57'), 'mag': 5.2}]",2
2848,2008-12-15 23:25:23.497,0,[],0
2849,2008-12-16 01:02:21.057,0,[],0
2850,2008-12-16 04:19:24.437,0,[],0
2851,2008-12-16 05:57:24.575,0,[],0
2852,2008-12-16 07:35:54.592,0,[],0
2853,2008-12-16 09:12:20.645,0,[],0
2854,2008-12-16 10:52:23.551,1,"[{'lat': -11.628, 'long': -13.412, 'Time': Timestamp('2008-12-16 17:26:29'), 'mag': 5.0}]",1
2855,2008-12-16 12:31:53.712,0,[],0
2856,2008-12-16 14:10:51.050,0,[],0
2857,2008-12-16 15:49:21.199,0,[],0
2858,2008-12-16 17:27:23.792,0,[],0
2859,2008-12-16 19:04:19.812,0,[],0
2860,2008-12-16 20:41:21.390,0,[],0
2861,2008-12-16 22:17:54.832,0,[],0
2862,2008-12-16 23:54:53.899,1,"[{'lat': -7.177, 'long': 147.892, 'Time': Timestamp('2008-12-17 08:09:57'), 'mag': 5.3}, {'lat': -6.96, 'long': 156.653, 'Time': Timestamp('2008-12-18 06:22:19'), 'mag': 5.0}]",2
2863,2008-12-17 01:32:20.911,1,"[{'lat': 38.429, 'long': 143.002, 'Time': Timestamp('2008-12-18 06:47:13'), 'mag': 5.3}, {'lat': 2.299, 'long': 127.169, 'Time': Timestamp('2008-12-18 15:50:15'), 'mag': 5.3}]",2
2864,2008-12-17 04:49:23.499,0,[],0
2865,2008-12-17 06:27:26.885,0,[],0
2866,2008-12-17 11:22:53.255,0,[],0
2867,2008-12-17 13:02:23.282,1,"[{'lat': 47.006, 'long': -27.29, 'Time': Timestamp('2008-12-19 08:31:51'), 'mag': 5.9}]",1
2868,2008-12-17 14:41:20.619,1,"[{'lat': -32.458, 'long': -71.726, 'Time': Timestamp('2008-12-18 21:19:28'), 'mag': 6.2}, {'lat': -32.473, 'long': -72.051, 'Time': Timestamp('2008-12-18 21:50:28'), 'mag': 6.0}, {'lat': -32.537, 'long': -72.02, 'Time': Timestamp('2008-12-19 07:30:06'), 'mag': 5.4}, {'lat': -32.458, 'long': -71.949, 'Time': Timestamp('2008-12-19 09:36:04'), 'mag': 5.7}, {'lat': -32.584, 'long': -71.852, 'Time': Timestamp('2008-12-19 13:57:30'), 'mag': 5.2}, {'lat': -32.458, 'long': -71.726, 'Time': Timestamp('2008-12-18 21:19:28'), 'mag': 6.2}, {'lat': -32.473, 'long': -72.051, 'Time': Timestamp('2008-12-18 21:50:28'), 'mag': 6.0}, {'lat': -32.537, 'long': -72.02, 'Time': Timestamp('2008-12-19 07:30:06'), 'mag': 5.4}, {'lat': -32.458, 'long': -71.949, 'Time': Timestamp('2008-12-19 09:36:04'), 'mag': 5.7}, {'lat': -32.584, 'long': -71.852, 'Time': Timestamp('2008-12-19 13:57:30'), 'mag': 5.2}]",10
2869,2008-12-17 19:33:50.934,0,[],0
2870,2008-12-17 21:09:55.704,0,[],0
2871,2008-12-17 22:47:53.442,1,"[{'lat': -17.004, 'long': 168.551, 'Time': Timestamp('2008-12-18 03:20:02'), 'mag': 5.1}]",1
2872,2008-12-18 00:24:48.234,1,"[{'lat': 20.46, 'long': 146.449, 'Time': Timestamp('2008-12-18 17:18:18'), 'mag': 5.1}, {'lat': 20.372, 'long': 146.339, 'Time': Timestamp('2008-12-19 00:34:58'), 'mag': 5.0}]",2
2873,2008-12-18 03:41:24.381,0,[],0
2874,2008-12-18 05:19:25.959,0,[],0
2875,2008-12-18 06:57:24.547,0,[],0
2876,2008-12-18 08:34:21.916,0,[],0
2877,2008-12-18 10:13:24.823,0,[],0
2878,2008-12-18 11:53:23.656,0,[],0
2879,2008-12-18 13:32:53.683,0,[],0
2880,2008-12-18 15:11:20.027,1,"[{'lat': 18.622, 'long': -69.408, 'Time': Timestamp('2008-12-18 17:13:47'), 'mag': 5.1}, {'lat': 18.622, 'long': -69.408, 'Time': Timestamp('2008-12-18 17:13:47'), 'mag': 5.1}]",2
2881,2008-12-18 16:49:23.737,0,[],0
2882,2008-12-18 18:26:53.764,0,[],0
2883,2008-12-18 20:03:53.790,0,[],0
2884,2008-12-18 21:39:24.888,1,"[{'lat': -31.054, 'long': -177.791, 'Time': Timestamp('2008-12-20 06:10:33'), 'mag': 5.0}]",1
2885,2008-12-18 23:17:23.842,1,"[{'lat': -9.957, 'long': 160.479, 'Time': Timestamp('2008-12-19 20:02:19'), 'mag': 5.1}, {'lat': -9.956, 'long': 160.404, 'Time': Timestamp('2008-12-19 22:33:20'), 'mag': 5.2}]",2
2886,2008-12-19 00:54:18.635,1,"[{'lat': 36.541, 'long': 142.425, 'Time': Timestamp('2008-12-20 10:29:23'), 'mag': 6.3}, {'lat': 36.561, 'long': 142.461, 'Time': Timestamp('2008-12-20 10:48:23'), 'mag': 5.2}, {'lat': 36.612, 'long': 142.204, 'Time': Timestamp('2008-12-20 17:37:16'), 'mag': 5.1}, {'lat': 36.671, 'long': 142.045, 'Time': Timestamp('2008-12-20 19:13:38'), 'mag': 5.4}, {'lat': 12.769, 'long': 143.102, 'Time': Timestamp('2008-12-20 17:27:40'), 'mag': 5.0}, {'lat': -2.769, 'long': 138.996, 'Time': Timestamp('2008-12-20 17:44:45'), 'mag': 5.5}]",6
2887,2008-12-19 04:11:27.439,1,"[{'lat': 22.746, 'long': 95.898, 'Time': Timestamp('2008-12-20 23:22:48'), 'mag': 5.3}]",1
2888,2008-12-19 05:49:24.921,0,[],0
2889,2008-12-19 07:27:52.169,0,[],0
2890,2008-12-19 09:04:50.989,0,[],0
2891,2008-12-19 10:44:21.128,1,"[{'lat': -31.193, 'long': -13.338, 'Time': Timestamp('2008-12-20 21:05:16'), 'mag': 5.8}, {'lat': -31.12, 'long': -13.419, 'Time': Timestamp('2008-12-20 22:13:48'), 'mag': 5.4}, {'lat': -31.193, 'long': -13.338, 'Time': Timestamp('2008-12-20 21:05:16'), 'mag': 5.8}, {'lat': -31.12, 'long': -13.419, 'Time': Timestamp('2008-12-20 22:13:48'), 'mag': 5.4}]",4
2892,2008-12-19 12:23:54.057,0,[],0
2893,2008-12-19 14:02:53.084,1,"[{'lat': -31.577, 'long': -68.106, 'Time': Timestamp('2008-12-20 17:07:00'), 'mag': 5.2}]",1
2894,2008-12-19 15:41:22.419,0,[],0
2895,2008-12-19 17:19:23.138,0,[],0
2896,2008-12-19 18:56:23.165,0,[],0
2897,2008-12-19 20:33:23.191,0,[],0
2898,2008-12-19 23:47:23.243,0,[],0
2899,2008-12-20 01:24:21.585,1,"[{'lat': 36.541, 'long': 142.425, 'Time': Timestamp('2008-12-20 10:29:23'), 'mag': 6.3}, {'lat': 36.561, 'long': 142.461, 'Time': Timestamp('2008-12-20 10:48:23'), 'mag': 5.2}, {'lat': 36.612, 'long': 142.204, 'Time': Timestamp('2008-12-20 17:37:16'), 'mag': 5.1}, {'lat': 36.671, 'long': 142.045, 'Time': Timestamp('2008-12-20 19:13:38'), 'mag': 5.4}, {'lat': 36.541, 'long': 142.317, 'Time': Timestamp('2008-12-21 09:16:44'), 'mag': 5.9}, {'lat': 36.541, 'long': 142.425, 'Time': Timestamp('2008-12-20 10:29:23'), 'mag': 6.3}, {'lat': 36.561, 'long': 142.461, 'Time': Timestamp('2008-12-20 10:48:23'), 'mag': 5.2}, {'lat': 36.612, 'long': 142.204, 'Time': Timestamp('2008-12-20 17:37:16'), 'mag': 5.1}, {'lat': 36.671, 'long': 142.045, 'Time': Timestamp('2008-12-20 19:13:38'), 'mag': 5.4}, {'lat': 36.541, 'long': 142.317, 'Time': Timestamp('2008-12-21 09:16:44'), 'mag': 5.9}]",10
2900,2008-12-20 06:19:21.777,1,"[{'lat': 35.962, 'long': 71.407, 'Time': Timestamp('2008-12-21 22:38:29'), 'mag': 5.0}]",1
2901,2008-12-20 14:33:22.013,1,"[{'lat': -17.637, 'long': -69.064, 'Time': Timestamp('2008-12-22 13:52:40'), 'mag': 5.0}, {'lat': -22.875, 'long': -67.967, 'Time': Timestamp('2008-12-21 06:48:14'), 'mag': 5.2}, {'lat': -17.637, 'long': -69.064, 'Time': Timestamp('2008-12-22 13:52:40'), 'mag': 5.0}, {'lat': -31.577, 'long': -68.106, 'Time': Timestamp('2008-12-20 17:07:00'), 'mag': 5.2}]",4
2902,2008-12-20 16:11:53.512,0,[],0
2903,2008-12-20 17:49:23.539,0,[],0
2904,2008-12-20 19:26:23.565,0,[],0
2905,2008-12-20 21:03:19.128,0,[],0
2906,2008-12-20 22:39:53.618,0,[],0
2907,2008-12-21 00:16:51.067,0,[],0
2908,2008-12-21 01:54:21.205,0,[],0
2909,2008-12-21 03:33:54.111,0,[],0
2910,2008-12-21 05:11:27.342,0,[],0
2911,2008-12-21 06:49:53.395,0,[],0
2912,2008-12-21 08:26:22.093,0,[],0
2913,2008-12-21 10:05:55.000,0,[],0
2914,2008-12-21 11:45:23.833,0,[],0
2915,2008-12-21 13:24:53.859,0,[],0
2916,2008-12-21 15:03:26.956,0,[],0
2917,2008-12-21 19:55:53.966,0,[],0
2918,2008-12-21 21:32:53.737,1,"[{'lat': -17.31, 'long': -172.635, 'Time': Timestamp('2008-12-22 18:06:32'), 'mag': 5.0}, {'lat': -17.31, 'long': -172.635, 'Time': Timestamp('2008-12-22 18:06:32'), 'mag': 5.0}, {'lat': -30.484, 'long': -176.646, 'Time': Timestamp('2008-12-22 06:06:07'), 'mag': 5.0}, {'lat': -30.484, 'long': -176.646, 'Time': Timestamp('2008-12-22 06:06:07'), 'mag': 5.0}]",4
2919,2008-12-21 23:09:54.019,0,[],0
2920,2008-12-22 00:46:51.580,1,"[{'lat': 46.515, 'long': 152.635, 'Time': Timestamp('2008-12-22 13:25:41'), 'mag': 5.2}, {'lat': -2.854, 'long': 139.26, 'Time': Timestamp('2008-12-22 02:22:59'), 'mag': 5.0}, {'lat': -2.854, 'long': 139.26, 'Time': Timestamp('2008-12-22 02:22:59'), 'mag': 5.0}]",3
2921,2008-12-22 02:24:22.822,1,"[{'lat': 22.95, 'long': 120.57, 'Time': Timestamp('2008-12-23 00:04:45'), 'mag': 5.1}, {'lat': 22.95, 'long': 120.57, 'Time': Timestamp('2008-12-23 00:04:45'), 'mag': 5.1}]",2
2922,2008-12-22 05:41:25.537,0,[],0
2923,2008-12-22 07:19:51.345,0,[],0
2924,2008-12-22 08:56:50.166,0,[],0
2925,2008-12-22 10:36:20.305,1,"[{'lat': 44.555, 'long': 10.41, 'Time': Timestamp('2008-12-23 15:24:22'), 'mag': 5.4}, {'lat': 44.521, 'long': 10.392, 'Time': Timestamp('2008-12-23 21:58:25'), 'mag': 5.0}]",2
2926,2008-12-22 12:15:53.233,0,[],0
2927,2008-12-22 13:55:24.221,0,[],0
2928,2008-12-22 15:33:52.484,0,[],0
2929,2008-12-22 17:11:23.314,0,[],0
2930,2008-12-22 18:48:47.895,0,[],0
2931,2008-12-22 20:25:53.367,0,[],0
2932,2008-12-22 22:02:24.354,0,[],0
2933,2008-12-22 23:39:23.420,1,"[{'lat': -6.366, 'long': 154.943, 'Time': Timestamp('2008-12-23 11:15:18'), 'mag': 5.9}]",1
2934,2008-12-23 01:16:49.105,1,"[{'lat': 36.462, 'long': 142.399, 'Time': Timestamp('2008-12-23 20:57:20'), 'mag': 5.4}, {'lat': 36.462, 'long': 142.399, 'Time': Timestamp('2008-12-23 20:57:20'), 'mag': 5.4}]",2
2935,2008-12-23 04:34:01.224,0,[],0
2936,2008-12-23 06:11:52.166,0,[],0
2937,2008-12-23 07:49:47.650,0,[],0
2938,2008-12-23 09:27:20.679,0,[],0
2939,2008-12-23 14:25:20.861,0,[],0
2940,2008-12-23 16:03:51.892,0,[],0
2941,2008-12-23 17:41:23.715,0,[],0
2942,2008-12-23 19:18:23.741,0,[],0
2943,2008-12-23 20:53:57.273,0,[],0
2944,2008-12-23 22:32:23.794,0,[],0
2945,2008-12-24 00:09:23.821,0,[],0
2946,2008-12-24 03:25:52.848,0,[],0
2947,2008-12-24 05:04:02.831,0,[],0
2948,2008-12-24 06:41:54.899,0,[],0
2949,2008-12-24 08:20:26.467,0,[],0
2950,2008-12-24 09:57:54.348,0,[],0
2951,2008-12-24 11:37:23.181,0,[],0
2952,2008-12-24 13:16:53.208,0,[],0
2953,2008-12-24 14:55:50.880,0,[],0
2954,2008-12-24 16:33:53.262,0,[],0
2955,2008-12-24 18:11:23.289,0,[],0
2956,2008-12-24 19:48:23.315,1,"[{'lat': 49.128, 'long': -128.621, 'Time': Timestamp('2008-12-25 08:11:58'), 'mag': 5.8}]",1
2957,2008-12-24 21:24:53.341,0,[],0
2958,2008-12-24 23:01:53.367,0,[],0
2959,2008-12-25 00:38:50.716,0,[],0
2960,2008-12-25 05:33:54.557,1,"[{'lat': -2.427, 'long': 68.144, 'Time': Timestamp('2008-12-26 18:14:45'), 'mag': 5.0}]",1
2961,2008-12-25 07:11:52.698,0,[],0
2962,2008-12-25 08:48:50.514,0,[],0
2963,2008-12-25 10:28:19.325,0,[],0
2964,2008-12-25 12:07:53.582,0,[],0
2965,2008-12-25 13:47:23.609,0,[],0
2966,2008-12-25 15:25:55.489,0,[],0
2967,2008-12-25 17:03:53.662,0,[],0
2968,2008-12-25 18:40:49.571,0,[],0
2969,2008-12-25 20:17:53.715,0,[],0
2970,2008-12-25 21:54:51.934,1,"[{'lat': 53.391, 'long': -163.528, 'Time': Timestamp('2008-12-27 14:50:28'), 'mag': 5.2}]",1
2971,2008-12-25 23:31:53.769,0,[],0
2972,2008-12-26 01:08:48.126,1,"[{'lat': 43.934, 'long': 148.283, 'Time': Timestamp('2008-12-27 19:16:23'), 'mag': 5.1}, {'lat': 43.934, 'long': 148.283, 'Time': Timestamp('2008-12-27 19:16:23'), 'mag': 5.1}]",2
2973,2008-12-26 04:25:53.380,0,[],0
2974,2008-12-26 06:03:56.175,0,[],0
2975,2008-12-26 07:42:20.767,0,[],0
2976,2008-12-26 09:19:22.356,0,[],0
2977,2008-12-26 15:55:51.470,0,[],0
2978,2008-12-26 17:33:54.063,0,[],0
2979,2008-12-26 19:10:50.524,0,[],0
2980,2008-12-26 20:47:53.116,0,[],0
2981,2008-12-26 22:24:21.335,1,"[{'lat': 53.391, 'long': -163.528, 'Time': Timestamp('2008-12-27 14:50:28'), 'mag': 5.2}, {'lat': -22.371, 'long': 173.778, 'Time': Timestamp('2008-12-28 22:07:29'), 'mag': 5.2}, {'lat': -22.371, 'long': 173.778, 'Time': Timestamp('2008-12-28 22:07:29'), 'mag': 5.2}, {'lat': -49.504, 'long': 163.989, 'Time': Timestamp('2008-12-27 06:59:57'), 'mag': 5.1}, {'lat': -49.504, 'long': 163.989, 'Time': Timestamp('2008-12-27 06:59:57'), 'mag': 5.1}]",5
2982,2008-12-27 00:01:23.170,0,[],0
2983,2008-12-27 01:38:50.183,0,[],0
2984,2008-12-27 04:55:52.771,0,[],0
2985,2008-12-27 06:33:55.576,0,[],0
2986,2008-12-27 08:12:22.936,0,[],0
2987,2008-12-27 09:49:50.429,0,[],0
2988,2008-12-27 11:29:23.357,0,[],0
2989,2008-12-27 13:08:53.384,1,"[{'lat': 35.131, 'long': -35.173, 'Time': Timestamp('2008-12-28 13:01:22'), 'mag': 5.0}]",1
2990,2008-12-27 14:47:48.289,0,[],0
2991,2008-12-27 16:25:53.438,0,[],0
2992,2008-12-27 18:03:23.464,0,[],0
2993,2008-12-27 19:40:23.491,0,[],0
2994,2008-12-27 21:17:23.518,0,[],0
2995,2008-12-27 22:54:23.544,1,"[{'lat': -11.33, 'long': 166.459, 'Time': Timestamp('2008-12-28 20:25:31'), 'mag': 5.0}]",1
2996,2008-12-28 00:31:18.337,1,"[{'lat': 48.284, 'long': 154.365, 'Time': Timestamp('2008-12-28 13:31:36'), 'mag': 5.4}, {'lat': 48.225, 'long': 154.384, 'Time': Timestamp('2008-12-28 18:03:38'), 'mag': 5.0}, {'lat': 48.289, 'long': 154.292, 'Time': Timestamp('2008-12-28 21:40:16'), 'mag': 5.4}, {'lat': 48.248, 'long': 154.283, 'Time': Timestamp('2008-12-28 22:39:45'), 'mag': 5.0}]",4
2997,2008-12-28 03:47:54.484,1,"[{'lat': 32.275, 'long': 105.098, 'Time': Timestamp('2008-12-29 06:18:22'), 'mag': 5.0}, {'lat': 32.275, 'long': 105.098, 'Time': Timestamp('2008-12-29 06:18:22'), 'mag': 5.0}]",2
2998,2008-12-28 05:25:56.061,1,"[{'lat': -1.191, 'long': 67.556, 'Time': Timestamp('2008-12-29 12:11:45'), 'mag': 5.2}]",1
2999,2008-12-28 07:03:58.299,0,[],0
3000,2008-12-28 08:40:53.704,0,[],0
3001,2008-12-28 10:20:23.598,0,[],0
3002,2008-12-28 11:59:53.759,0,[],0
3003,2008-12-28 13:39:23.785,0,[],0
3004,2008-12-28 15:17:55.665,0,[],0
3005,2008-12-28 20:10:23.892,0,[],0
3006,2008-12-28 21:46:49.454,0,[],0
3007,2008-12-28 23:23:53.945,1,"[{'lat': -10.619, 'long': 161.162, 'Time': Timestamp('2008-12-30 17:43:51'), 'mag': 5.4}, {'lat': -10.619, 'long': 161.162, 'Time': Timestamp('2008-12-30 17:43:51'), 'mag': 5.4}]",2
3008,2008-12-29 01:00:48.737,0,[],0
3009,2008-12-29 04:17:54.885,0,[],0
3010,2008-12-29 05:55:59.119,1,"[{'lat': -1.191, 'long': 67.556, 'Time': Timestamp('2008-12-29 12:11:45'), 'mag': 5.2}]",1
3011,2008-12-29 07:34:21.271,0,[],0
3012,2008-12-29 09:11:20.092,0,[],0
3013,2008-12-29 10:50:50.231,0,[],0
3014,2008-12-29 12:30:23.160,0,[],0
3015,2008-12-29 14:09:45.954,0,[],0
3016,2008-12-29 15:48:21.416,0,[],0
3017,2008-12-29 17:25:53.240,0,[],0
3018,2008-12-29 19:02:50.588,0,[],0
3019,2008-12-29 20:39:53.293,0,[],0
3020,2008-12-29 22:16:53.319,0,[],0
3021,2008-12-29 23:53:53.346,0,[],0
3022,2008-12-30 01:30:51.687,1,"[{'lat': 4.918, 'long': 127.437, 'Time': Timestamp('2008-12-31 11:39:53'), 'mag': 5.4}]",1
3023,2008-12-30 04:47:52.946,0,[],0
3024,2008-12-30 06:25:56.332,0,[],0
3025,2008-12-30 08:04:21.672,1,"[{'lat': 17.217, 'long': 40.519, 'Time': Timestamp('2009-01-01 01:39:21'), 'mag': 5.0}]",1
3026,2008-12-30 09:41:51.932,0,[],0
3027,2008-12-30 22:46:23.721,0,[],0
3028,2008-12-31 00:23:21.068,0,[],0
3029,2008-12-31 02:00:55.403,1,"[{'lat': 4.918, 'long': 127.437, 'Time': Timestamp('2008-12-31 11:39:53'), 'mag': 5.4}, {'lat': 1.319, 'long': 121.838, 'Time': Timestamp('2009-01-01 10:35:34'), 'mag': 5.1}]",2
3030,2008-12-31 05:18:02.756,0,[],0
3031,2008-12-31 06:56:23.497,0,[],0
3032,2009-01-01 09:03:20.440,0,[],0
3033,2009-01-01 10:42:50.579,0,[],0
3034,2009-01-01 12:22:23.509,0,[],0
3035,2009-01-01 14:01:53.535,0,[],0
3036,2009-01-01 15:40:22.870,0,[],0
3037,2009-01-01 17:17:53.589,0,[],0
3038,2009-01-01 18:55:18.169,0,[],0
3039,2009-01-01 20:32:23.642,0,[],0
3040,2009-01-01 22:08:53.301,0,[],0
3041,2009-01-01 23:45:53.695,0,[],0
3042,2009-01-02 01:24:54.571,1,"[{'lat': 32.655, 'long': 138.038, 'Time': Timestamp('2009-01-02 07:42:53'), 'mag': 5.1}, {'lat': -0.414, 'long': 132.885, 'Time': Timestamp('2009-01-03 19:43:50'), 'mag': 7.7}, {'lat': -0.589, 'long': 133.363, 'Time': Timestamp('2009-01-03 19:53:18'), 'mag': 5.6}, {'lat': -0.447, 'long': 132.894, 'Time': Timestamp('2009-01-03 19:54:55'), 'mag': 5.0}, {'lat': -0.529, 'long': 133.005, 'Time': Timestamp('2009-01-03 20:04:20'), 'mag': 5.0}, {'lat': -0.304, 'long': 132.584, 'Time': Timestamp('2009-01-03 20:21:33'), 'mag': 5.1}, {'lat': -0.386, 'long': 132.611, 'Time': Timestamp('2009-01-03 20:30:12'), 'mag': 5.1}, {'lat': -0.674, 'long': 133.295, 'Time': Timestamp('2009-01-03 20:35:09'), 'mag': 5.0}, {'lat': -0.519, 'long': 133.095, 'Time': Timestamp('2009-01-03 21:30:44'), 'mag': 5.0}, {'lat': -0.325, 'long': 132.885, 'Time': Timestamp('2009-01-03 21:49:30'), 'mag': 5.6}, {'lat': -0.305, 'long': 133.038, 'Time': Timestamp('2009-01-03 21:52:59'), 'mag': 5.2}, {'lat': -0.404, 'long': 132.511, 'Time': Timestamp('2009-01-03 22:03:19'), 'mag': 5.0}, {'lat': -0.279, 'long': 132.857, 'Time': Timestamp('2009-01-03 22:07:47'), 'mag': 5.3}, {'lat': -0.691, 'long': 133.305, 'Time': Timestamp('2009-01-03 22:33:40'), 'mag': 7.4}, {'lat': -0.511, 'long': 133.222, 'Time': Timestamp('2009-01-03 23:01:04'), 'mag': 5.2}, {'lat': -0.694, 'long': 133.275, 'Time': Timestamp('2009-01-04 00:00:38'), 'mag': 5.5}, {'lat': -0.192, 'long': 132.992, 'Time': Timestamp('2009-01-04 00:05:09'), 'mag': 5.2}, {'lat': -0.185, 'long': 132.863, 'Time': Timestamp('2009-01-04 00:55:36'), 'mag': 5.1}, {'lat': -7.44, 'long': 128.464, 'Time': Timestamp('2009-01-03 16:30:46'), 'mag': 5.4}, {'lat': -0.414, 'long': 132.885, 'Time': Timestamp('2009-01-03 19:43:50'), 'mag': 7.7}, {'lat': -0.589, 'long': 133.363, 'Time': Timestamp('2009-01-03 19:53:18'), 'mag': 5.6}, {'lat': -0.447, 'long': 132.894, 'Time': Timestamp('2009-01-03 19:54:55'), 'mag': 5.0}, {'lat': -0.529, 'long': 133.005, 'Time': Timestamp('2009-01-03 20:04:20'), 'mag': 5.0}, {'lat': -0.304, 'long': 132.584, 'Time': Timestamp('2009-01-03 20:21:33'), 'mag': 5.1}, {'lat': -0.386, 'long': 132.611, 'Time': Timestamp('2009-01-03 20:30:12'), 'mag': 5.1}, {'lat': -0.674, 'long': 133.295, 'Time': Timestamp('2009-01-03 20:35:09'), 'mag': 5.0}, {'lat': -0.519, 'long': 133.095, 'Time': Timestamp('2009-01-03 21:30:44'), 'mag': 5.0}, {'lat': -0.325, 'long': 132.885, 'Time': Timestamp('2009-01-03 21:49:30'), 'mag': 5.6}, {'lat': -0.305, 'long': 133.038, 'Time': Timestamp('2009-01-03 21:52:59'), 'mag': 5.2}, {'lat': -0.404, 'long': 132.511, 'Time': Timestamp('2009-01-03 22:03:19'), 'mag': 5.0}, {'lat': -0.279, 'long': 132.857, 'Time': Timestamp('2009-01-03 22:07:47'), 'mag': 5.3}, {'lat': -0.691, 'long': 133.305, 'Time': Timestamp('2009-01-03 22:33:40'), 'mag': 7.4}, {'lat': -0.511, 'long': 133.222, 'Time': Timestamp('2009-01-03 23:01:04'), 'mag': 5.2}, {'lat': -0.694, 'long': 133.275, 'Time': Timestamp('2009-01-04 00:00:38'), 'mag': 5.5}, {'lat': -0.192, 'long': 132.992, 'Time': Timestamp('2009-01-04 00:05:09'), 'mag': 5.2}, {'lat': -0.185, 'long': 132.863, 'Time': Timestamp('2009-01-04 00:55:36'), 'mag': 5.1}, {'lat': -7.44, 'long': 128.464, 'Time': Timestamp('2009-01-03 16:30:46'), 'mag': 5.4}]",37
3043,2009-01-02 04:40:23.306,0,[],0
3044,2009-01-02 06:18:24.996,1,"[{'lat': 36.419, 'long': 70.743, 'Time': Timestamp('2009-01-03 20:23:20'), 'mag': 6.6}]",1
3045,2009-01-02 07:56:50.693,0,[],0
3046,2009-01-02 09:33:50.953,0,[],0
3047,2009-01-02 11:13:23.883,0,[],0
3048,2009-01-02 12:52:53.909,0,[],0
3049,2009-01-02 14:31:53.792,0,[],0
3050,2009-01-02 16:10:23.963,0,[],0
3051,2009-01-02 17:47:53.990,0,[],0
3052,2009-01-02 19:24:54.016,0,[],0
3053,2009-01-02 21:01:54.043,0,[],0
3054,2009-01-02 22:38:53.478,1,"[{'lat': -12.429, 'long': 166.739, 'Time': Timestamp('2009-01-03 16:49:25'), 'mag': 5.4}]",1
3055,2009-01-03 00:15:49.190,0,[],0
3056,2009-01-03 03:32:20.794,0,[],0
3057,2009-01-03 05:10:32.105,0,[],0
3058,2009-01-03 06:48:24.174,0,[],0
3059,2009-01-03 08:26:55.752,0,[],0
3060,2009-01-03 10:04:24.450,0,[],0
3061,2009-01-03 11:43:53.283,0,[],0
3062,2009-01-03 13:23:23.310,0,[],0
3063,2009-01-03 15:02:25.079,0,[],0
3064,2009-01-03 16:40:23.364,0,[],0
3065,2009-01-03 18:17:53.391,1,"[{'lat': -58.331, 'long': -139.855, 'Time': Timestamp('2009-01-04 17:46:34'), 'mag': 5.2}]",1
3066,2009-01-03 19:54:53.418,0,[],0
3067,2009-01-03 21:31:23.444,0,[],0
3068,2009-01-03 23:08:23.470,0,[],0
3069,2009-01-04 00:45:22.359,1,"[{'lat': 19.965, 'long': 147.009, 'Time': Timestamp('2009-01-04 20:39:14'), 'mag': 5.0}, {'lat': 19.965, 'long': 147.009, 'Time': Timestamp('2009-01-04 20:39:14'), 'mag': 5.0}]",2
3070,2009-01-04 05:40:24.660,0,[],0
3071,2009-01-04 07:18:21.796,0,[],0
3072,2009-01-04 08:55:20.617,0,[],0
3073,2009-01-04 10:34:50.756,0,[],0
3074,2009-01-04 12:14:23.685,0,[],0
3075,2009-01-04 13:53:54.672,0,[],0
3076,2009-01-04 15:32:22.936,0,[],0
3077,2009-01-04 20:24:23.818,0,[],0
3078,2009-01-04 22:01:22.037,0,[],0
3079,2009-01-04 23:38:23.871,0,[],0
3080,2009-01-05 01:15:19.556,1,"[{'lat': -0.763, 'long': 133.475, 'Time': Timestamp('2009-01-05 15:28:22'), 'mag': 5.0}, {'lat': -0.654, 'long': 133.283, 'Time': Timestamp('2009-01-05 19:24:00'), 'mag': 5.2}, {'lat': -0.356, 'long': 133.008, 'Time': Timestamp('2009-01-05 20:41:50'), 'mag': 5.0}, {'lat': -0.417, 'long': 132.745, 'Time': Timestamp('2009-01-06 16:28:08'), 'mag': 5.1}, {'lat': -0.566, 'long': 132.784, 'Time': Timestamp('2009-01-06 19:56:25'), 'mag': 5.3}, {'lat': -0.751, 'long': 133.249, 'Time': Timestamp('2009-01-06 20:12:11'), 'mag': 5.0}, {'lat': -0.659, 'long': 133.434, 'Time': Timestamp('2009-01-06 22:48:27'), 'mag': 6.0}, {'lat': -0.763, 'long': 133.475, 'Time': Timestamp('2009-01-05 15:28:22'), 'mag': 5.0}, {'lat': -0.654, 'long': 133.283, 'Time': Timestamp('2009-01-05 19:24:00'), 'mag': 5.2}, {'lat': -0.356, 'long': 133.008, 'Time': Timestamp('2009-01-05 20:41:50'), 'mag': 5.0}, {'lat': -0.417, 'long': 132.745, 'Time': Timestamp('2009-01-06 16:28:08'), 'mag': 5.1}, {'lat': -6.788, 'long': 129.601, 'Time': Timestamp('2009-01-06 18:01:31'), 'mag': 5.0}, {'lat': -0.566, 'long': 132.784, 'Time': Timestamp('2009-01-06 19:56:25'), 'mag': 5.3}, {'lat': -0.751, 'long': 133.249, 'Time': Timestamp('2009-01-06 20:12:11'), 'mag': 5.0}, {'lat': -0.659, 'long': 133.434, 'Time': Timestamp('2009-01-06 22:48:27'), 'mag': 6.0}]",15
3081,2009-01-05 04:32:23.483,0,[],0
3082,2009-01-05 06:10:26.713,0,[],0
3083,2009-01-05 07:48:50.869,0,[],0
3084,2009-01-05 09:25:52.458,0,[],0
3085,2009-01-05 11:05:24.059,0,[],0
3086,2009-01-05 12:44:53.211,1,"[{'lat': 42.418, 'long': -30.54, 'Time': Timestamp('2009-01-05 18:56:05'), 'mag': 5.1}]",1
3087,2009-01-05 14:23:52.982,0,[],0
3088,2009-01-05 16:02:22.796,0,[],0
3089,2009-01-05 17:40:23.292,0,[],0
3090,2009-01-05 19:17:23.318,0,[],0
3091,2009-01-05 20:53:53.345,0,[],0
3092,2009-01-05 22:30:53.371,0,[],0
3093,2009-01-06 00:07:53.397,1,"[{'lat': -3.435, 'long': 150.182, 'Time': Timestamp('2009-01-07 16:29:35'), 'mag': 5.1}, {'lat': -3.435, 'long': 150.182, 'Time': Timestamp('2009-01-07 16:29:35'), 'mag': 5.1}]",2
3094,2009-01-06 01:45:21.181,1,"[{'lat': 1.788, 'long': 127.318, 'Time': Timestamp('2009-01-07 03:43:07'), 'mag': 5.0}, {'lat': -6.788, 'long': 129.601, 'Time': Timestamp('2009-01-06 18:01:31'), 'mag': 5.0}, {'lat': -9.114, 'long': 123.846, 'Time': Timestamp('2009-01-07 04:43:55'), 'mag': 5.0}, {'lat': -9.114, 'long': 123.846, 'Time': Timestamp('2009-01-07 04:43:55'), 'mag': 5.0}]",4
3095,2009-01-06 05:02:32.407,0,[],0
3096,2009-01-06 06:40:24.475,0,[],0
3097,2009-01-06 08:18:57.371,1,"[{'lat': -53.057, 'long': 9.543, 'Time': Timestamp('2009-01-07 23:02:45'), 'mag': 5.0}]",1
3098,2009-01-06 09:56:20.656,0,[],0
3099,2009-01-06 11:35:53.585,0,[],0
3100,2009-01-06 13:15:23.612,0,[],0
3101,2009-01-06 14:54:22.612,0,[],0
3102,2009-01-06 16:32:23.666,0,[],0
3103,2009-01-06 18:09:53.692,0,[],0
3104,2009-01-06 19:46:53.719,0,[],0
3105,2009-01-06 23:00:53.181,0,[],0
3106,2009-01-07 00:37:51.120,0,[],0
3107,2009-01-07 03:54:27.368,1,"[{'lat': 1.881, 'long': 96.722, 'Time': Timestamp('2009-01-08 11:40:43'), 'mag': 5.0}, {'lat': 1.881, 'long': 96.722, 'Time': Timestamp('2009-01-08 11:40:43'), 'mag': 5.0}]",2
3108,2009-01-07 05:32:26.290,0,[],0
3109,2009-01-07 07:10:57.198,0,[],0
3110,2009-01-07 08:47:22.247,1,"[{'lat': -53.057, 'long': 9.543, 'Time': Timestamp('2009-01-07 23:02:45'), 'mag': 5.0}]",1
3111,2009-01-07 10:26:51.106,0,[],0
3112,2009-01-07 12:06:24.036,0,[],0
3113,2009-01-07 13:45:54.063,0,[],0
3114,2009-01-07 15:24:22.175,0,[],0
3115,2009-01-07 20:16:53.169,0,[],0
3116,2009-01-07 21:53:20.059,0,[],0
3117,2009-01-07 23:30:23.222,0,[],0
3118,2009-01-08 01:07:18.907,1,"[{'lat': -0.411, 'long': 132.934, 'Time': Timestamp('2009-01-08 16:18:50'), 'mag': 5.5}, {'lat': -0.706, 'long': 133.776, 'Time': Timestamp('2009-01-09 14:35:22'), 'mag': 5.2}, {'lat': -0.411, 'long': 132.934, 'Time': Timestamp('2009-01-08 16:18:50'), 'mag': 5.5}, {'lat': -0.706, 'long': 133.776, 'Time': Timestamp('2009-01-09 14:35:22'), 'mag': 5.2}]",4
3119,2009-01-08 04:24:31.025,0,[],0
3120,2009-01-08 06:02:25.628,0,[],0
3121,2009-01-08 07:40:47.452,0,[],0
3122,2009-01-08 09:17:53.137,0,[],0
3123,2009-01-08 10:57:36.891,0,[],0
3124,2009-01-08 12:36:53.436,0,[],0
3125,2009-01-08 14:16:17.672,0,[],0
3126,2009-01-08 15:54:51.694,1,"[{'lat': 10.165, 'long': -84.197, 'Time': Timestamp('2009-01-08 19:21:35'), 'mag': 6.1}, {'lat': 10.165, 'long': -84.197, 'Time': Timestamp('2009-01-08 19:21:35'), 'mag': 6.1}]",2
3127,2009-01-08 17:32:23.517,0,[],0
3128,2009-01-08 19:09:18.209,0,[],0
3129,2009-01-08 20:46:23.570,0,[],0
3130,2009-01-08 22:23:23.597,0,[],0
3131,2009-01-09 00:00:23.623,1,"[{'lat': -4.279, 'long': 152.172, 'Time': Timestamp('2009-01-09 08:45:52'), 'mag': 5.1}, {'lat': -4.279, 'long': 152.172, 'Time': Timestamp('2009-01-09 08:45:52'), 'mag': 5.1}]",2
3132,2009-01-09 01:37:21.965,1,"[{'lat': -0.706, 'long': 133.776, 'Time': Timestamp('2009-01-09 14:35:22'), 'mag': 5.2}]",1
3133,2009-01-09 04:54:27.320,0,[],0
3134,2009-01-09 06:32:54.701,0,[],0
3135,2009-01-09 08:09:20.509,0,[],0
3136,2009-01-09 09:48:22.210,0,[],0
3137,2009-01-09 11:27:53.810,0,[],0
3138,2009-01-09 13:07:23.838,0,[],0
3139,2009-01-09 14:46:20.071,1,"[{'lat': -23.039, 'long': -70.805, 'Time': Timestamp('2009-01-09 22:43:30'), 'mag': 5.0}]",1
3140,2009-01-09 16:24:53.892,0,[],0
3141,2009-01-09 18:02:23.918,0,[],0
3142,2009-01-09 19:39:23.945,0,[],0
3143,2009-01-09 22:52:53.997,0,[],0
3144,2009-01-10 00:29:46.022,1,"[{'lat': -6.388, 'long': 147.423, 'Time': Timestamp('2009-01-11 14:03:49'), 'mag': 5.2}]",1
3145,2009-01-10 02:07:21.584,1,"[{'lat': 6.436, 'long': 126.871, 'Time': Timestamp('2009-01-11 15:53:01'), 'mag': 5.1}, {'lat': 13.496, 'long': 120.823, 'Time': Timestamp('2009-01-12 02:00:48'), 'mag': 5.2}]",2
3146,2009-01-10 05:24:25.515,0,[],0
3147,2009-01-10 07:02:56.424,0,[],0
3148,2009-01-10 08:41:23.024,0,[],0
3149,2009-01-10 10:18:54.379,0,[],0
3150,2009-01-10 11:58:23.212,0,[],0
3151,2009-01-10 13:37:53.238,0,[],0
3152,2009-01-10 15:16:55.118,0,[],0
3153,2009-01-10 16:54:53.293,0,[],0
3154,2009-01-10 18:31:49.201,0,[],0
3155,2009-01-10 20:08:53.346,0,[],0
3156,2009-01-10 21:45:53.372,1,"[{'lat': -26.729, 'long': -175.966, 'Time': Timestamp('2009-01-11 18:29:04'), 'mag': 5.2}]",1
3157,2009-01-10 23:22:52.808,0,[],0
3158,2009-01-11 00:59:51.617,1,"[{'lat': -0.769, 'long': 133.506, 'Time': Timestamp('2009-01-11 14:15:54'), 'mag': 5.0}, {'lat': -0.769, 'long': 133.506, 'Time': Timestamp('2009-01-11 14:15:54'), 'mag': 5.0}, {'lat': -0.545, 'long': 132.88, 'Time': Timestamp('2009-01-11 18:13:01'), 'mag': 5.2}]",3
3159,2009-01-11 04:16:50.231,0,[],0
3160,2009-01-11 05:54:54.354,1,"[{'lat': -10.228, 'long': 66.311, 'Time': Timestamp('2009-01-12 23:07:08'), 'mag': 5.0}, {'lat': -13.147, 'long': 66.078, 'Time': Timestamp('2009-01-13 01:04:42'), 'mag': 6.0}]",2
3161,2009-01-11 07:32:50.285,0,[],0
3162,2009-01-11 09:09:48.872,1,"[{'lat': 35.66, 'long': 26.39, 'Time': Timestamp('2009-01-13 06:12:42'), 'mag': 5.3}, {'lat': 35.66, 'long': 26.39, 'Time': Timestamp('2009-01-13 06:12:42'), 'mag': 5.3}]",2
3163,2009-01-11 10:49:19.010,0,[],0
3164,2009-01-11 12:29:21.917,0,[],0
3165,2009-01-11 14:08:17.848,0,[],0
3166,2009-01-11 15:46:47.986,0,[],0
3167,2009-01-11 20:38:53.746,0,[],0
3168,2009-01-11 22:15:23.293,0,[],0
3169,2009-01-11 23:52:23.799,0,[],0
3170,2009-01-12 03:08:55.047,0,[],0
3171,2009-01-12 04:47:02.808,0,[],0
3172,2009-01-12 06:24:56.785,0,[],0
3173,2009-01-12 08:03:16.702,0,[],0
3174,2009-01-12 09:40:22.386,0,[],0
3175,2009-01-12 11:19:53.987,0,[],0
3176,2009-01-12 12:59:24.014,0,[],0
3177,2009-01-12 14:38:52.679,1,"[{'lat': -29.549, 'long': -71.224, 'Time': Timestamp('2009-01-13 17:17:13'), 'mag': 5.1}]",1
3178,2009-01-12 16:16:54.067,0,[],0
3179,2009-01-12 17:54:23.095,0,[],0
3180,2009-01-12 19:31:23.121,0,[],0
3181,2009-01-12 21:08:23.147,0,[],0
3182,2009-01-12 22:45:22.583,0,[],0
3183,2009-01-13 00:22:17.966,1,"[{'lat': 52.267, 'long': 159.294, 'Time': Timestamp('2009-01-14 05:14:23'), 'mag': 5.4}, {'lat': 20.0, 'long': 147.093, 'Time': Timestamp('2009-01-13 18:45:43'), 'mag': 5.0}]",2
3184,2009-01-13 03:38:53.667,0,[],0
3185,2009-01-13 05:16:55.692,0,[],0
3186,2009-01-13 06:54:54.278,0,[],0
3187,2009-01-13 08:33:24.529,0,[],0
3188,2009-01-13 10:10:54.555,0,[],0
3189,2009-01-13 11:50:53.388,0,[],0
3190,2009-01-13 13:29:53.415,0,[],0
3191,2009-01-13 15:08:52.527,0,[],0
3192,2009-01-13 16:46:53.468,0,[],0
3193,2009-01-13 18:24:23.495,0,[],0
3194,2009-01-13 20:01:23.522,0,[],0
3195,2009-01-13 23:14:53.575,1,"[{'lat': -10.334, 'long': 161.211, 'Time': Timestamp('2009-01-15 16:15:01'), 'mag': 5.7}]",1
3196,2009-01-14 00:51:48.367,1,"[{'lat': 52.267, 'long': 159.294, 'Time': Timestamp('2009-01-14 05:14:23'), 'mag': 5.4}, {'lat': 46.857, 'long': 155.154, 'Time': Timestamp('2009-01-15 17:49:39'), 'mag': 7.4}]",2
3197,2009-01-14 04:08:57.170,0,[],0
3198,2009-01-14 05:46:54.653,0,[],0
3199,2009-01-14 07:24:55.997,0,[],0
3200,2009-01-14 09:01:50.721,0,[],0
3201,2009-01-14 10:41:25.133,0,[],0
3202,2009-01-14 12:21:23.966,0,[],0
3203,2009-01-14 14:00:23.993,0,[],0
3204,2009-01-14 15:38:54.656,0,[],0
3205,2009-01-14 20:30:53.099,0,[],0
3206,2009-01-14 22:07:53.126,1,"[{'lat': -22.352, 'long': 170.635, 'Time': Timestamp('2009-01-15 07:27:20'), 'mag': 6.7}, {'lat': -22.54, 'long': 170.43, 'Time': Timestamp('2009-01-15 13:02:31'), 'mag': 5.6}, {'lat': -22.282, 'long': 170.441, 'Time': Timestamp('2009-01-16 19:11:01'), 'mag': 5.3}, {'lat': -22.288, 'long': 170.378, 'Time': Timestamp('2009-01-16 20:05:22'), 'mag': 5.3}]",4
3207,2009-01-14 23:44:53.153,0,[],0
3208,2009-01-15 01:21:50.166,1,"[{'lat': -0.299, 'long': 132.596, 'Time': Timestamp('2009-01-15 23:52:36'), 'mag': 5.0}, {'lat': -0.556, 'long': 132.708, 'Time': Timestamp('2009-01-15 23:58:48'), 'mag': 5.0}, {'lat': -0.299, 'long': 132.596, 'Time': Timestamp('2009-01-15 23:52:36'), 'mag': 5.0}, {'lat': -0.556, 'long': 132.708, 'Time': Timestamp('2009-01-15 23:58:48'), 'mag': 5.0}]",4
3209,2009-01-15 04:39:00.956,0,[],0
3210,2009-01-15 07:55:24.247,0,[],0
3211,2009-01-15 09:32:16.315,0,[],0
3212,2009-01-15 11:11:53.339,1,"[{'lat': -59.743, 'long': -26.698, 'Time': Timestamp('2009-01-17 05:17:13'), 'mag': 5.1}]",1
3213,2009-01-15 12:51:53.367,0,[],0
3214,2009-01-15 14:30:51.921,0,[],0
3215,2009-01-15 16:08:53.421,0,[],0
3216,2009-01-15 17:46:53.448,0,[],0
3217,2009-01-15 19:23:53.474,0,[],0
3218,2009-01-15 21:00:23.500,0,[],0
3219,2009-01-15 22:37:23.526,1,"[{'lat': -15.064, 'long': 167.991, 'Time': Timestamp('2009-01-16 06:47:56'), 'mag': 5.0}, {'lat': -22.282, 'long': 170.441, 'Time': Timestamp('2009-01-16 19:11:01'), 'mag': 5.3}, {'lat': -22.304, 'long': 170.274, 'Time': Timestamp('2009-01-16 19:55:22'), 'mag': 5.8}, {'lat': -22.288, 'long': 170.378, 'Time': Timestamp('2009-01-16 20:05:22'), 'mag': 5.3}, {'lat': -22.184, 'long': 170.486, 'Time': Timestamp('2009-01-17 07:14:51'), 'mag': 5.1}, {'lat': -22.282, 'long': 170.441, 'Time': Timestamp('2009-01-16 19:11:01'), 'mag': 5.3}, {'lat': -22.304, 'long': 170.274, 'Time': Timestamp('2009-01-16 19:55:22'), 'mag': 5.8}, {'lat': -22.288, 'long': 170.378, 'Time': Timestamp('2009-01-16 20:05:22'), 'mag': 5.3}, {'lat': -22.496, 'long': 170.42, 'Time': Timestamp('2009-01-16 23:02:59'), 'mag': 5.1}, {'lat': -22.184, 'long': 170.486, 'Time': Timestamp('2009-01-17 07:14:51'), 'mag': 5.1}]",10
3220,2009-01-16 00:14:15.551,0,[],0
3221,2009-01-16 01:51:51.113,0,[],0
3222,2009-01-16 05:08:53.154,0,[],0
3223,2009-01-16 06:46:54.632,0,[],0
3224,2009-01-16 08:23:53.329,0,[],0
3225,2009-01-16 10:02:52.140,0,[],0
3226,2009-01-16 11:42:23.741,0,[],0
3227,2009-01-16 13:21:53.768,1,"[{'lat': 14.487, 'long': -45.058, 'Time': Timestamp('2009-01-16 22:13:59'), 'mag': 5.4}, {'lat': 14.487, 'long': -45.058, 'Time': Timestamp('2009-01-16 22:13:59'), 'mag': 5.4}]",2
3228,2009-01-16 15:00:52.768,0,[],0
3229,2009-01-16 16:38:53.821,1,"[{'lat': 15.739, 'long': -92.744, 'Time': Timestamp('2009-01-17 02:57:31'), 'mag': 5.8}]",1
3230,2009-01-16 18:16:23.848,0,[],0
3231,2009-01-16 19:53:23.874,0,[],0
3232,2009-01-16 21:30:23.901,1,"[{'lat': -16.536, 'long': -175.06, 'Time': Timestamp('2009-01-18 20:40:55'), 'mag': 5.1}, {'lat': -16.536, 'long': -175.06, 'Time': Timestamp('2009-01-18 20:40:55'), 'mag': 5.1}, {'lat': -30.199, 'long': -177.951, 'Time': Timestamp('2009-01-18 14:11:48'), 'mag': 6.4}]",3
3233,2009-01-16 23:06:53.928,1,"[{'lat': 51.212, 'long': 178.93, 'Time': Timestamp('2009-01-17 12:07:33'), 'mag': 5.1}]",1
3234,2009-01-17 00:44:21.488,1,"[{'lat': 44.032, 'long': 150.648, 'Time': Timestamp('2009-01-17 08:38:18'), 'mag': 5.4}]",1
3235,2009-01-17 04:00:58.852,0,[],0
3236,2009-01-17 05:38:56.446,0,[],0
3237,2009-01-17 07:17:22.254,0,[],0
3238,2009-01-17 08:53:51.402,0,[],0
3239,2009-01-17 10:33:16.664,1,"[{'lat': -39.25, 'long': -15.25, 'Time': Timestamp('2009-01-19 08:59:28'), 'mag': 5.0}, {'lat': -38.945, 'long': -15.764, 'Time': Timestamp('2009-01-19 09:11:33'), 'mag': 5.1}, {'lat': -38.794, 'long': -15.88, 'Time': Timestamp('2009-01-19 09:19:06'), 'mag': 5.1}, {'lat': -38.958, 'long': -15.705, 'Time': Timestamp('2009-01-19 10:27:12'), 'mag': 5.4}]",4
3240,2009-01-17 12:13:19.571,0,[],0
3241,2009-01-17 13:52:25.134,0,[],0
3242,2009-01-17 17:08:55.187,0,[],0
3243,2009-01-17 18:46:12.926,0,[],0
3244,2009-01-17 20:23:19.705,0,[],0
3245,2009-01-18 04:30:54.380,0,[],0
3246,2009-01-18 06:08:53.402,0,[],0
3247,2009-01-18 07:47:21.654,0,[],0
3248,2009-01-18 09:24:23.244,0,[],0
3249,2009-01-18 11:03:53.516,0,[],0
3250,2009-01-18 12:43:53.543,0,[],0
3251,2009-01-18 14:22:52.097,0,[],0
3252,2009-01-18 16:01:21.801,0,[],0
3253,2009-01-18 17:38:53.623,0,[],0
3254,2009-01-18 19:15:49.755,0,[],0
3255,2009-01-18 22:29:53.703,1,"[{'lat': -22.596, 'long': 170.911, 'Time': Timestamp('2009-01-19 03:35:18'), 'mag': 6.6}, {'lat': -22.477, 'long': 170.806, 'Time': Timestamp('2009-01-19 03:46:37'), 'mag': 6.0}, {'lat': -22.792, 'long': 170.74, 'Time': Timestamp('2009-01-19 22:26:57'), 'mag': 5.6}, {'lat': -22.596, 'long': 170.911, 'Time': Timestamp('2009-01-19 03:35:18'), 'mag': 6.6}, {'lat': -22.477, 'long': 170.806, 'Time': Timestamp('2009-01-19 03:46:37'), 'mag': 6.0}, {'lat': -22.792, 'long': 170.74, 'Time': Timestamp('2009-01-19 22:26:57'), 'mag': 5.6}]",6
3256,2009-01-19 00:06:53.730,1,"[{'lat': 53.828, 'long': 160.397, 'Time': Timestamp('2009-01-19 03:38:36'), 'mag': 5.1}]",1
3257,2009-01-19 01:43:52.506,1,"[{'lat': 7.65, 'long': 126.788, 'Time': Timestamp('2009-01-19 17:28:58'), 'mag': 5.1}, {'lat': 7.65, 'long': 126.788, 'Time': Timestamp('2009-01-19 17:28:58'), 'mag': 5.1}, {'lat': 0.47, 'long': 120.993, 'Time': Timestamp('2009-01-20 04:06:57'), 'mag': 5.1}, {'lat': -4.667, 'long': 129.814, 'Time': Timestamp('2009-01-20 10:46:53'), 'mag': 5.5}]",4
3258,2009-01-19 03:23:25.525,0,[],0
3259,2009-01-19 05:00:57.426,0,[],0
3260,2009-01-19 06:39:24.919,0,[],0
3261,2009-01-19 08:15:50.727,0,[],0
3262,2009-01-19 09:54:52.317,0,[],0
3263,2009-01-19 11:34:53.918,0,[],0
3264,2009-01-19 13:14:23.944,0,[],0
3265,2009-01-19 14:52:52.944,0,[],0
3266,2009-01-19 16:31:23.998,0,[],0
3267,2009-01-19 18:08:54.025,1,"[{'lat': 22.772, 'long': -111.094, 'Time': Timestamp('2009-01-19 23:50:47'), 'mag': 5.3}, {'lat': -54.289, 'long': -133.167, 'Time': Timestamp('2009-01-21 14:14:30'), 'mag': 5.3}, {'lat': -54.289, 'long': -133.167, 'Time': Timestamp('2009-01-21 14:14:30'), 'mag': 5.3}]",3
3268,2009-01-19 19:45:54.051,0,[],0
3269,2009-01-20 12:05:23.319,0,[],0
3270,2009-01-20 13:44:23.345,0,[],0
3271,2009-01-20 15:23:21.130,0,[],0
3272,2009-01-20 17:01:23.399,0,[],0
3273,2009-01-20 18:38:19.308,0,[],0
3274,2009-01-20 20:15:23.452,0,[],0
3275,2009-01-20 21:52:24.438,0,[],0
3276,2009-01-20 23:29:23.505,0,[],0
3277,2009-01-21 01:06:21.065,1,"[{'lat': -0.334, 'long': 132.805, 'Time': Timestamp('2009-01-22 07:20:18'), 'mag': 5.0}, {'lat': -0.334, 'long': 132.805, 'Time': Timestamp('2009-01-22 07:20:18'), 'mag': 5.0}]",2
3278,2009-01-21 04:23:23.117,0,[],0
3279,2009-01-21 06:01:25.911,0,[],0
3280,2009-01-21 07:39:25.927,0,[],0
3281,2009-01-21 09:16:19.324,0,[],0
3282,2009-01-21 10:55:50.968,0,[],0
3283,2009-01-21 12:35:53.897,0,[],0
3284,2009-01-21 14:14:45.365,1,"[{'lat': -36.386, 'long': -70.81, 'Time': Timestamp('2009-01-23 12:56:08'), 'mag': 5.2}]",1
3285,2009-01-21 19:08:22.766,0,[],0
3286,2009-01-21 20:44:54.031,0,[],0
3287,2009-01-21 23:58:53.274,1,"[{'lat': -5.912, 'long': 148.511, 'Time': Timestamp('2009-01-22 13:40:25'), 'mag': 6.1}, {'lat': -6.339, 'long': 154.945, 'Time': Timestamp('2009-01-23 02:48:16'), 'mag': 5.1}]",2
3288,2009-01-22 04:53:32.093,0,[],0
3289,2009-01-22 06:31:25.490,0,[],0
3290,2009-01-22 08:09:45.985,0,[],0
3291,2009-01-22 09:46:51.671,0,[],0
3292,2009-01-22 11:26:53.271,0,[],0
3293,2009-01-22 13:06:23.299,0,[],0
3294,2009-01-22 14:45:19.531,0,[],0
3295,2009-01-22 16:23:23.352,0,[],0
3296,2009-01-22 18:00:53.378,1,"[{'lat': -54.896, 'long': -128.977, 'Time': Timestamp('2009-01-23 15:25:01'), 'mag': 5.3}, {'lat': -54.896, 'long': -128.977, 'Time': Timestamp('2009-01-23 15:25:01'), 'mag': 5.3}]",2
3297,2009-01-22 19:37:53.718,0,[],0
3298,2009-01-22 21:14:53.431,1,"[{'lat': -28.25, 'long': -176.697, 'Time': Timestamp('2009-01-24 01:28:39'), 'mag': 5.9}]",1
3299,2009-01-22 22:51:53.458,1,"[{'lat': -15.201, 'long': 167.506, 'Time': Timestamp('2009-01-23 01:50:19'), 'mag': 5.1}, {'lat': -15.201, 'long': 167.506, 'Time': Timestamp('2009-01-23 01:50:19'), 'mag': 5.1}]",2
3300,2009-01-23 00:28:48.250,0,[],0
3301,2009-01-23 05:23:25.976,1,"[{'lat': 43.236, 'long': 80.893, 'Time': Timestamp('2009-01-25 01:47:47'), 'mag': 5.1}, {'lat': -5.134, 'long': 68.559, 'Time': Timestamp('2009-01-23 13:18:39'), 'mag': 5.0}, {'lat': -5.134, 'long': 68.559, 'Time': Timestamp('2009-01-23 13:18:39'), 'mag': 5.0}]",3
3302,2009-01-23 07:01:26.885,0,[],0
3303,2009-01-23 08:38:19.277,0,[],0
3304,2009-01-23 10:17:24.839,0,[],0
3305,2009-01-23 11:57:23.673,0,[],0
3306,2009-01-23 13:36:53.700,0,[],0
3307,2009-01-23 15:15:22.811,0,[],0
3308,2009-01-23 16:53:23.753,0,[],0
3309,2009-01-23 18:30:49.662,0,[],0
3310,2009-01-23 20:07:53.807,0,[],0
3311,2009-01-23 23:21:23.859,0,[],0
3312,2009-01-24 00:58:18.652,1,"[{'lat': -0.509, 'long': 132.913, 'Time': Timestamp('2009-01-24 13:41:06'), 'mag': 5.1}]",1
3313,2009-01-24 04:15:24.799,0,[],0
3314,2009-01-24 05:53:24.937,1,"[{'lat': 38.181, 'long': 72.241, 'Time': Timestamp('2009-01-25 21:16:18'), 'mag': 5.0}]",1
3315,2009-01-24 07:31:54.953,0,[],0
3316,2009-01-24 09:08:51.006,0,[],0
3317,2009-01-24 10:48:25.240,0,[],0
3318,2009-01-24 12:27:54.074,0,[],0
3319,2009-01-24 14:06:50.411,0,[],0
3320,2009-01-24 15:45:22.659,0,[],0
3321,2009-01-24 17:23:23.154,1,"[{'lat': -22.967, 'long': -114.471, 'Time': Timestamp('2009-01-26 14:34:19'), 'mag': 5.1}]",1
3322,2009-01-24 19:00:23.180,0,[],0
3323,2009-01-24 20:37:19.413,0,[],0
3324,2009-01-24 22:14:17.999,1,"[{'lat': 51.955, 'long': -171.159, 'Time': Timestamp('2009-01-26 19:11:47'), 'mag': 5.8}]",1
3325,2009-01-24 23:51:20.682,0,[],0
3326,2009-01-25 01:28:19.269,1,"[{'lat': -6.912, 'long': 130.275, 'Time': Timestamp('2009-01-25 19:13:47'), 'mag': 5.2}, {'lat': -6.912, 'long': 130.275, 'Time': Timestamp('2009-01-25 19:13:47'), 'mag': 5.2}]",2
3327,2009-01-25 04:45:18.764,0,[],0
3328,2009-01-25 09:40:03.130,0,[],0
3329,2009-01-25 11:18:48.214,0,[],0
3330,2009-01-25 12:58:18.352,0,[],0
3331,2009-01-25 14:37:22.141,0,[],0
3332,2009-01-25 19:30:23.894,0,[],0
3333,2009-01-25 21:06:53.608,0,[],0
3334,2009-01-25 22:43:53.634,1,"[{'lat': 51.955, 'long': -171.159, 'Time': Timestamp('2009-01-26 19:11:47'), 'mag': 5.8}]",1
3335,2009-01-26 00:20:50.983,1,"[{'lat': 55.536, 'long': 164.298, 'Time': Timestamp('2009-01-27 23:57:13'), 'mag': 5.5}]",1
3336,2009-01-26 01:58:25.317,1,"[{'lat': -11.379, 'long': 117.55, 'Time': Timestamp('2009-01-27 00:57:35'), 'mag': 5.1}]",1
3337,2009-01-26 05:15:32.671,0,[],0
3338,2009-01-26 08:30:22.110,0,[],0
3339,2009-01-26 10:09:22.248,0,[],0
3340,2009-01-26 11:49:23.849,0,[],0
3341,2009-01-26 13:28:53.876,0,[],0
3342,2009-01-26 15:07:24.316,0,[],0
3343,2009-01-26 16:45:23.929,0,[],0
3344,2009-01-26 18:22:49.838,0,[],0
3345,2009-01-26 19:59:53.982,0,[],0
3346,2009-01-26 21:36:54.009,1,"[{'lat': -17.837, 'long': -178.677, 'Time': Timestamp('2009-01-27 06:29:13'), 'mag': 5.9}, {'lat': -16.973, 'long': -172.068, 'Time': Timestamp('2009-01-28 12:39:42'), 'mag': 5.5}, {'lat': -17.837, 'long': -178.677, 'Time': Timestamp('2009-01-27 06:29:13'), 'mag': 5.9}, {'lat': -16.973, 'long': -172.068, 'Time': Timestamp('2009-01-28 12:39:42'), 'mag': 5.5}]",4
3347,2009-01-26 23:13:54.036,0,[],0
3348,2009-01-27 00:50:51.596,1,"[{'lat': -2.925, 'long': 136.588, 'Time': Timestamp('2009-01-28 01:34:33'), 'mag': 5.3}, {'lat': -2.925, 'long': 136.588, 'Time': Timestamp('2009-01-28 01:34:33'), 'mag': 5.3}]",2
3349,2009-01-27 04:07:52.535,1,"[{'lat': 13.727, 'long': 92.819, 'Time': Timestamp('2009-01-28 20:29:56'), 'mag': 5.1}]",1
3350,2009-01-27 05:45:24.113,0,[],0
3351,2009-01-27 07:23:51.361,0,[],0
3352,2009-01-27 09:00:50.182,0,[],0
3353,2009-01-27 10:40:21.873,0,[],0
3354,2009-01-27 12:19:53.250,0,[],0
3355,2009-01-27 13:58:53.277,0,[],0
3356,2009-01-27 15:37:53.940,0,[],0
3357,2009-01-27 17:15:23.330,0,[],0
3358,2009-01-27 18:52:47.910,0,[],0
3359,2009-01-27 20:29:23.383,0,[],0
3360,2009-01-27 22:06:20.162,0,[],0
3361,2009-01-27 23:43:23.437,0,[],0
3362,2009-01-28 04:37:53.048,0,[],0
3363,2009-01-28 14:29:23.711,0,[],0
3364,2009-01-28 19:22:21.481,0,[],0
3365,2009-01-28 20:59:23.963,0,[],0
3366,2009-01-28 22:36:23.989,0,[],0
3367,2009-01-29 00:13:16.013,0,[],0
3368,2009-01-29 03:29:54.929,0,[],0
3369,2009-01-29 05:08:02.025,0,[],0
3370,2009-01-29 06:45:56.861,0,[],0
3371,2009-01-29 08:24:23.005,0,[],0
3372,2009-01-29 10:01:54.371,0,[],0
3373,2009-01-29 11:41:23.203,0,[],0
3374,2009-01-29 13:20:53.230,0,[],0
3375,2009-01-29 14:59:50.903,1,"[{'lat': -8.108, 'long': -71.402, 'Time': Timestamp('2009-01-29 22:28:05'), 'mag': 5.6}]",1
3376,2009-01-29 16:37:53.284,0,[],0
3377,2009-01-29 18:15:23.310,0,[],0
3378,2009-01-29 19:52:23.337,0,[],0
3379,2009-01-29 21:28:53.364,1,"[{'lat': -15.385, 'long': -174.473, 'Time': Timestamp('2009-01-30 03:47:10'), 'mag': 5.7}, {'lat': -15.385, 'long': -174.473, 'Time': Timestamp('2009-01-30 03:47:10'), 'mag': 5.7}]",2
3380,2009-01-29 23:05:53.390,0,[],0
3381,2009-01-30 00:42:52.279,0,[],0
3382,2009-01-30 05:37:54.579,0,[],0
3383,2009-01-30 07:15:56.816,0,[],0
3384,2009-01-30 08:52:50.536,0,[],0
3385,2009-01-30 10:32:19.348,0,[],0
3386,2009-01-30 12:11:53.605,0,[],0
3387,2009-01-30 13:51:23.631,0,[],0
3388,2009-01-30 15:29:52.855,0,[],0
3389,2009-01-30 17:07:53.685,1,"[{'lat': 17.66, 'long': -101.939, 'Time': Timestamp('2009-01-31 13:24:57'), 'mag': 5.1}, {'lat': 17.66, 'long': -101.939, 'Time': Timestamp('2009-01-31 13:24:57'), 'mag': 5.1}, {'lat': -34.969, 'long': -111.447, 'Time': Timestamp('2009-02-01 15:18:05'), 'mag': 5.0}, {'lat': -34.969, 'long': -111.447, 'Time': Timestamp('2009-02-01 15:18:05'), 'mag': 5.0}]",4
3390,2009-01-30 18:44:49.593,0,[],0
3391,2009-01-30 20:21:53.738,0,[],0
3392,2009-01-30 21:58:51.956,0,[],0
3393,2009-01-30 23:35:23.790,0,[],0
3394,2009-01-31 01:12:48.148,1,"[{'lat': 36.719, 'long': 141.148, 'Time': Timestamp('2009-01-31 21:51:52'), 'mag': 5.7}, {'lat': 37.884, 'long': 142.403, 'Time': Timestamp('2009-02-01 09:32:48'), 'mag': 5.1}, {'lat': 36.719, 'long': 141.148, 'Time': Timestamp('2009-01-31 21:51:52'), 'mag': 5.7}, {'lat': -0.697, 'long': 133.429, 'Time': Timestamp('2009-01-31 03:18:02'), 'mag': 5.0}, {'lat': -0.697, 'long': 133.429, 'Time': Timestamp('2009-01-31 03:18:02'), 'mag': 5.0}]",5
3395,2009-01-31 04:29:53.403,0,[],0
3396,2009-01-31 06:07:56.632,0,[],0
3397,2009-01-31 07:46:20.789,0,[],0
3398,2009-01-31 09:23:22.377,0,[],0
3399,2009-01-31 11:02:53.844,0,[],0
3400,2009-01-31 12:42:24.005,0,[],0
3401,2009-01-31 14:21:25.104,1,"[{'lat': -22.88, 'long': -70.271, 'Time': Timestamp('2009-01-31 14:40:14'), 'mag': 5.1}, {'lat': -19.41, 'long': -69.065, 'Time': Timestamp('2009-01-31 16:29:36'), 'mag': 5.5}]",2
3402,2009-01-31 15:59:53.590,0,[],0
3403,2009-01-31 17:37:23.086,0,[],0
3404,2009-01-31 19:14:53.113,0,[],0
3405,2009-01-31 22:28:23.165,0,[],0
3406,2009-02-01 00:05:23.191,0,[],0
3407,2009-02-01 03:21:52.219,1,"[{'lat': -4.546, 'long': 102.759, 'Time': Timestamp('2009-02-02 09:04:34'), 'mag': 5.0}, {'lat': -4.546, 'long': 102.759, 'Time': Timestamp('2009-02-02 09:04:34'), 'mag': 5.0}]",2
3408,2009-02-01 05:00:02.201,0,[],0
3409,2009-02-01 06:37:51.613,0,[],0
3410,2009-02-01 08:16:20.302,0,[],0
3411,2009-02-01 09:53:50.450,0,[],0
3412,2009-02-01 11:33:23.380,0,[],0
3413,2009-02-01 13:12:53.819,0,[],0
3414,2009-02-01 14:51:52.407,1,"[{'lat': -13.582, 'long': -76.558, 'Time': Timestamp('2009-02-02 17:53:21'), 'mag': 6.0}]",1
3415,2009-02-01 19:44:18.391,0,[],0
3416,2009-02-01 21:21:19.745,0,[],0
3417,2009-02-01 22:57:48.332,1,"[{'lat': -19.05, 'long': 169.493, 'Time': Timestamp('2009-02-03 00:07:10'), 'mag': 5.3}]",1
3418,2009-02-02 00:35:21.015,0,[],0
3419,2009-02-02 03:51:53.837,0,[],0
3420,2009-02-02 05:29:53.863,0,[],0
3421,2009-02-02 07:07:56.993,0,[],0
3422,2009-02-02 08:44:53.726,0,[],0
3423,2009-02-02 10:24:19.523,0,[],0
3424,2009-02-02 12:03:53.781,0,[],0
3425,2009-02-02 13:43:23.808,0,[],0
3426,2009-02-02 15:21:51.591,1,"[{'lat': -13.582, 'long': -76.558, 'Time': Timestamp('2009-02-02 17:53:21'), 'mag': 6.0}]",1
3427,2009-02-02 16:59:53.862,0,[],0
3428,2009-02-02 18:37:19.770,0,[],0
3429,2009-02-02 20:13:53.915,0,[],0
3430,2009-02-02 21:50:50.805,0,[],0
3431,2009-02-02 23:27:53.967,0,[],0
3432,2009-02-03 01:04:51.528,0,[],0
3433,2009-02-03 04:22:01.771,0,[],0
3434,2009-02-03 05:59:56.374,0,[],0
3435,2009-02-03 07:38:25.390,1,"[{'lat': -3.895, 'long': 34.853, 'Time': Timestamp('2009-02-03 15:48:53'), 'mag': 5.1}]",1
3436,2009-02-03 09:15:22.883,0,[],0
3437,2009-02-03 10:54:50.253,1,"[{'lat': -56.551, 'long': -25.513, 'Time': Timestamp('2009-02-05 10:40:24'), 'mag': 5.0}]",1
3438,2009-02-03 12:34:23.182,0,[],0
3439,2009-02-03 14:13:14.649,0,[],0
3440,2009-02-03 15:51:52.767,0,[],0
3441,2009-02-03 17:29:53.262,0,[],0
3442,2009-02-03 19:06:49.283,0,[],0
3443,2009-02-03 20:43:53.316,0,[],0
3444,2009-02-03 22:20:53.342,0,[],0
3445,2009-02-03 23:57:23.368,0,[],0
3446,2009-02-04 01:34:51.709,0,[],0
3447,2009-02-04 04:51:57.065,0,[],0
3448,2009-02-04 06:29:55.775,0,[],0
3449,2009-02-04 08:08:25.791,0,[],0
3450,2009-02-04 09:45:52.138,0,[],0
3451,2009-02-04 11:25:23.738,0,[],0
3452,2009-02-04 13:04:53.766,0,[],0
3453,2009-02-04 14:43:51.326,1,"[{'lat': -27.987, 'long': -71.104, 'Time': Timestamp('2009-02-06 02:58:35'), 'mag': 5.3}]",1
3454,2009-02-04 19:36:54.184,0,[],0
3455,2009-02-04 21:13:23.898,0,[],0
3456,2009-02-04 22:50:23.925,0,[],0
3457,2009-02-05 00:27:21.273,0,[],0
3458,2009-02-05 02:04:51.511,1,"[{'lat': -6.941, 'long': 123.241, 'Time': Timestamp('2009-02-06 09:59:45'), 'mag': 5.0}, {'lat': -6.941, 'long': 123.241, 'Time': Timestamp('2009-02-06 09:59:45'), 'mag': 5.0}]",2
3459,2009-02-05 05:21:56.443,0,[],0
3460,2009-02-05 07:00:27.351,0,[],0
3461,2009-02-05 08:36:50.071,0,[],0
3462,2009-02-05 10:16:20.210,1,"[{'lat': -28.225, 'long': -12.741, 'Time': Timestamp('2009-02-06 03:13:25'), 'mag': 5.2}]",1
3463,2009-02-05 11:55:53.140,0,[],0
3464,2009-02-05 13:35:23.166,0,[],0
3465,2009-02-05 15:13:49.510,0,[],0
3466,2009-02-05 16:51:53.220,0,[],0
3467,2009-02-05 18:29:23.247,1,"[{'lat': -57.25, 'long': -143.25, 'Time': Timestamp('2009-02-06 19:37:28'), 'mag': 5.2}]",1
3468,2009-02-05 20:06:23.273,0,[],0
3469,2009-02-05 21:43:23.300,1,"[{'lat': -27.393, 'long': -176.447, 'Time': Timestamp('2009-02-05 23:14:36'), 'mag': 5.1}]",1
3470,2009-02-05 23:19:53.326,0,[],0
3471,2009-02-06 00:57:20.886,0,[],0
3472,2009-02-06 04:14:24.266,0,[],0
3473,2009-02-06 05:51:54.404,0,[],0
3474,2009-02-06 07:30:21.652,0,[],0
3475,2009-02-06 09:07:20.472,0,[],0
3476,2009-02-06 10:46:50.611,0,[],0
3477,2009-02-06 12:26:23.540,0,[],0
3478,2009-02-06 14:05:50.878,0,[],0
3479,2009-02-06 15:44:18.918,0,[],0
3480,2009-02-06 17:21:53.621,1,"[{'lat': -29.784, 'long': -111.941, 'Time': Timestamp('2009-02-08 06:34:30'), 'mag': 5.3}]",1
3481,2009-02-06 18:59:23.647,1,"[{'lat': -57.25, 'long': -143.25, 'Time': Timestamp('2009-02-06 19:37:28'), 'mag': 5.2}]",1
3482,2009-02-06 20:35:53.674,0,[],0
3483,2009-02-06 22:12:53.701,0,[],0
3484,2009-02-06 23:49:53.727,0,[],0
3485,2009-02-07 01:26:52.068,0,[],0
3486,2009-02-07 04:44:23.328,0,[],0
3487,2009-02-07 06:22:24.805,0,[],0
3488,2009-02-07 11:17:23.914,0,[],0
3489,2009-02-07 12:56:53.941,0,[],0
3490,2009-02-07 14:35:49.839,0,[],0
3491,2009-02-07 16:14:23.996,0,[],0
3492,2009-02-07 17:51:54.022,0,[],0
3493,2009-02-07 21:05:54.075,0,[],0
3494,2009-02-07 22:42:23.101,0,[],0
3495,2009-02-08 00:19:23.217,1,"[{'lat': -6.116, 'long': 147.824, 'Time': Timestamp('2009-02-08 15:34:37'), 'mag': 5.6}]",1
3496,2009-02-08 03:36:23.594,0,[],0
3497,2009-02-08 05:14:32.137,0,[],0
3498,2009-02-08 06:52:24.206,0,[],0
3499,2009-02-08 08:30:54.456,0,[],0
3500,2009-02-08 10:08:24.482,0,[],0
3501,2009-02-08 11:47:53.316,0,[],0
3502,2009-02-08 13:27:23.342,0,[],0
3503,2009-02-08 15:06:22.454,0,[],0
3504,2009-02-08 19:58:53.450,0,[],0
3505,2009-02-08 21:35:23.476,0,[],0
3506,2009-02-08 23:12:23.502,0,[],0
3507,2009-02-09 00:49:22.391,1,"[{'lat': 21.433, 'long': 145.907, 'Time': Timestamp('2009-02-09 01:17:53'), 'mag': 5.2}, {'lat': 21.433, 'long': 145.907, 'Time': Timestamp('2009-02-09 01:17:53'), 'mag': 5.2}]",2
3508,2009-02-09 04:06:23.002,0,[],0
3509,2009-02-09 05:44:24.580,0,[],0
3510,2009-02-09 07:22:21.828,0,[],0
3511,2009-02-09 08:59:20.649,0,[],0
3512,2009-02-09 10:38:49.571,0,[],0
3513,2009-02-09 12:18:20.257,0,[],0
3514,2009-02-09 13:57:58.638,0,[],0
3515,2009-02-09 15:36:25.735,1,"[{'lat': 2.268, 'long': -84.463, 'Time': Timestamp('2009-02-11 04:44:56'), 'mag': 5.1}]",1
3516,2009-02-09 17:14:19.121,0,[],0
3517,2009-02-09 18:51:13.612,0,[],0
3518,2009-02-09 20:28:20.390,0,[],0
3519,2009-02-09 22:04:48.977,1,"[{'lat': -16.221, 'long': 178.329, 'Time': Timestamp('2009-02-11 13:52:41'), 'mag': 5.7}]",1
3520,2009-02-09 23:41:52.988,1,"[{'lat': -5.528, 'long': 151.758, 'Time': Timestamp('2009-02-11 16:02:06'), 'mag': 5.0}]",1
3521,2009-02-10 01:19:21.575,0,[],0
3522,2009-02-10 04:36:21.740,0,[],0
3523,2009-02-10 06:14:22.436,0,[],0
3524,2009-02-10 07:52:56.437,0,[],0
3525,2009-02-10 09:29:47.065,0,[],0
3526,2009-02-10 11:09:23.090,0,[],0
3527,2009-02-10 12:48:53.118,0,[],0
3528,2009-02-10 14:27:55.768,1,"[{'lat': -20.249, 'long': -68.794, 'Time': Timestamp('2009-02-11 20:45:32'), 'mag': 5.3}]",1
3529,2009-02-10 16:06:23.172,1,"[{'lat': 2.268, 'long': -84.463, 'Time': Timestamp('2009-02-11 04:44:56'), 'mag': 5.1}, {'lat': 2.268, 'long': -84.463, 'Time': Timestamp('2009-02-11 04:44:56'), 'mag': 5.1}]",2
3530,2009-02-10 17:43:53.198,0,[],0
3531,2009-02-10 19:21:23.225,0,[],0
3532,2009-02-10 20:57:53.251,0,[],0
3533,2009-02-10 22:34:53.277,0,[],0
3534,2009-02-11 00:11:49.398,1,"[{'lat': -5.528, 'long': 151.758, 'Time': Timestamp('2009-02-11 16:02:06'), 'mag': 5.0}, {'lat': -5.541, 'long': 151.663, 'Time': Timestamp('2009-02-11 23:43:35'), 'mag': 5.3}]",2
3535,2009-02-11 03:28:24.217,0,[],0
3536,2009-02-11 05:06:22.904,0,[],0
3537,2009-02-11 06:44:24.382,0,[],0
3538,2009-02-11 08:23:11.005,0,[],0
3539,2009-02-11 10:00:20.747,0,[],0
3540,2009-02-11 11:39:53.676,0,[],0
3541,2009-02-11 13:19:23.703,0,[],0
3542,2009-02-11 14:58:22.704,1,"[{'lat': 6.749, 'long': -72.914, 'Time': Timestamp('2009-02-11 17:17:03'), 'mag': 5.0}, {'lat': -8.517, 'long': -73.993, 'Time': Timestamp('2009-02-13 13:18:36'), 'mag': 5.2}]",2
3543,2009-02-11 16:36:23.757,0,[],0
3544,2009-02-11 18:13:53.783,1,"[{'lat': -55.0, 'long': -129.0, 'Time': Timestamp('2009-02-12 20:21:44'), 'mag': 5.1}]",1
3545,2009-02-11 19:50:53.810,0,[],0
3546,2009-02-11 21:27:53.837,1,"[{'lat': -31.232, 'long': -178.111, 'Time': Timestamp('2009-02-12 18:54:28'), 'mag': 5.8}, {'lat': -30.712, 'long': -178.2, 'Time': Timestamp('2009-02-13 02:17:50'), 'mag': 5.3}, {'lat': -31.232, 'long': -178.111, 'Time': Timestamp('2009-02-12 18:54:28'), 'mag': 5.8}]",3
3547,2009-02-11 23:04:23.863,0,[],0
3548,2009-02-12 00:41:51.423,1,"[{'lat': 45.533, 'long': 150.662, 'Time': Timestamp('2009-02-12 13:22:30'), 'mag': 5.2}, {'lat': 12.148, 'long': 143.767, 'Time': Timestamp('2009-02-12 13:41:43'), 'mag': 5.3}, {'lat': 12.148, 'long': 143.767, 'Time': Timestamp('2009-02-12 13:41:43'), 'mag': 5.3}]",3
3549,2009-02-12 03:58:27.459,0,[],0
3550,2009-02-12 05:36:26.381,1,"[{'lat': 46.746, 'long': 84.5, 'Time': Timestamp('2009-02-13 23:32:42'), 'mag': 5.0}]",1
3551,2009-02-12 07:14:57.289,0,[],0
3552,2009-02-12 08:51:22.338,0,[],0
3553,2009-02-12 10:30:49.820,0,[],0
3554,2009-02-12 12:10:24.077,0,[],0
3555,2009-02-12 13:49:51.297,0,[],0
3556,2009-02-12 15:28:18.231,1,"[{'lat': 18.674, 'long': -68.919, 'Time': Timestamp('2009-02-14 07:48:38'), 'mag': 5.0}]",1
3557,2009-02-12 17:06:23.158,0,[],0
3558,2009-02-12 18:43:47.738,0,[],0
3559,2009-02-12 20:20:23.210,0,[],0
3560,2009-02-12 21:57:21.429,0,[],0
3561,2009-02-12 23:34:23.264,0,[],0
3562,2009-02-13 01:11:20.277,0,[],0
3563,2009-02-13 04:28:31.067,0,[],0
3564,2009-02-13 06:06:26.106,0,[],0
3565,2009-02-13 07:44:59.782,0,[],0
3566,2009-02-13 11:01:20.549,0,[],0
3567,2009-02-13 12:40:53.479,0,[],0
3568,2009-02-13 14:20:23.249,0,[],0
3569,2009-02-13 15:58:50.965,0,[],0
3570,2009-02-13 17:36:23.559,0,[],0
3571,2009-02-13 19:13:19.691,0,[],0
3572,2009-02-13 20:50:23.612,0,[],0
3573,2009-02-13 22:26:53.638,1,"[{'lat': -21.514, 'long': 170.422, 'Time': Timestamp('2009-02-14 02:06:54'), 'mag': 5.2}, {'lat': -20.834, 'long': 173.675, 'Time': Timestamp('2009-02-15 21:09:56'), 'mag': 5.2}, {'lat': -21.514, 'long': 170.422, 'Time': Timestamp('2009-02-14 02:06:54'), 'mag': 5.2}, {'lat': -20.834, 'long': 173.675, 'Time': Timestamp('2009-02-15 21:09:56'), 'mag': 5.2}]",4
3574,2009-02-14 00:03:53.664,1,"[{'lat': -5.417, 'long': 151.72, 'Time': Timestamp('2009-02-14 20:29:11'), 'mag': 5.4}]",1
3575,2009-02-14 01:41:17.017,1,"[{'lat': 4.182, 'long': 126.747, 'Time': Timestamp('2009-02-14 05:30:10'), 'mag': 5.0}, {'lat': 3.974, 'long': 126.714, 'Time': Timestamp('2009-02-15 04:40:33'), 'mag': 5.1}, {'lat': -0.302, 'long': 132.469, 'Time': Timestamp('2009-02-15 07:15:34'), 'mag': 5.1}, {'lat': 4.025, 'long': 126.618, 'Time': Timestamp('2009-02-15 16:16:52'), 'mag': 5.0}]",4
3576,2009-02-14 04:58:27.361,0,[],0
3577,2009-02-14 06:36:23.415,0,[],0
3578,2009-02-14 08:13:21.990,0,[],0
3579,2009-02-14 09:52:22.251,0,[],0
3580,2009-02-14 11:31:53.852,0,[],0
3581,2009-02-14 13:11:23.880,0,[],0
3582,2009-02-14 14:50:18.784,0,[],0
3583,2009-02-14 16:28:53.934,1,"[{'lat': -36.372, 'long': -96.625, 'Time': Timestamp('2009-02-15 18:27:27'), 'mag': 5.0}]",1
3584,2009-02-14 18:06:23.960,0,[],0
3585,2009-02-14 19:43:23.987,0,[],0
3586,2009-02-14 21:19:54.012,0,[],0
3587,2009-02-14 22:56:54.039,0,[],0
3588,2009-02-15 00:33:51.387,0,[],0
3589,2009-02-15 02:11:21.842,0,[],0
3590,2009-02-15 05:28:25.556,0,[],0
3591,2009-02-15 07:06:56.466,0,[],0
3592,2009-02-15 08:43:24.281,1,"[{'lat': 39.107, 'long': 29.039, 'Time': Timestamp('2009-02-17 05:28:19'), 'mag': 5.2}]",1
3593,2009-02-15 10:22:50.325,0,[],0
3594,2009-02-15 12:02:23.253,0,[],0
3595,2009-02-15 13:41:53.280,0,[],0
3596,2009-02-15 15:20:51.064,0,[],0
3597,2009-02-15 16:58:23.334,0,[],0
3598,2009-02-15 18:35:49.242,0,[],0
3599,2009-02-15 20:12:53.387,0,[],0
3600,2009-02-15 21:49:51.718,0,[],0
3601,2009-02-15 23:26:23.440,1,"[{'lat': -6.898, 'long': 155.31, 'Time': Timestamp('2009-02-16 05:54:35'), 'mag': 5.1}, {'lat': -6.854, 'long': 155.3, 'Time': Timestamp('2009-02-16 05:59:28'), 'mag': 5.0}, {'lat': -8.581, 'long': 157.654, 'Time': Timestamp('2009-02-16 15:02:44'), 'mag': 5.0}]",3
3602,2009-02-16 01:03:53.768,1,"[{'lat': 17.644, 'long': 145.037, 'Time': Timestamp('2009-02-17 21:50:24'), 'mag': 5.0}]",1
3603,2009-02-16 04:20:53.051,0,[],0
3604,2009-02-16 05:58:54.518,0,[],0
3605,2009-02-16 07:36:51.766,1,"[{'lat': -3.949, 'long': 34.843, 'Time': Timestamp('2009-02-16 08:24:21'), 'mag': 5.0}, {'lat': -52.963, 'long': 20.885, 'Time': Timestamp('2009-02-18 00:09:18'), 'mag': 5.1}, {'lat': -52.992, 'long': 20.953, 'Time': Timestamp('2009-02-18 00:16:21'), 'mag': 5.0}, {'lat': -52.966, 'long': 20.909, 'Time': Timestamp('2009-02-18 03:07:50'), 'mag': 5.9}]",4
3606,2009-02-16 09:13:50.587,1,"[{'lat': 37.13, 'long': 20.78, 'Time': Timestamp('2009-02-16 23:16:38'), 'mag': 5.5}]",1
3607,2009-02-16 10:53:20.725,0,[],0
3608,2009-02-16 12:33:23.654,0,[],0
3609,2009-02-16 14:12:15.122,0,[],0
3610,2009-02-16 15:50:52.469,0,[],0
3611,2009-02-16 17:28:23.735,0,[],0
3612,2009-02-16 19:05:49.755,0,[],0
3613,2009-02-16 20:42:23.788,0,[],0
3614,2009-02-16 22:19:23.815,0,[],0
3615,2009-02-16 23:56:23.841,0,[],0
3616,2009-02-17 03:12:54.196,0,[],0
3617,2009-02-17 04:51:02.850,1,"[{'lat': 30.667, 'long': 83.857, 'Time': Timestamp('2009-02-18 10:11:43'), 'mag': 5.1}, {'lat': 30.667, 'long': 83.857, 'Time': Timestamp('2009-02-18 10:11:43'), 'mag': 5.1}]",2
3618,2009-02-17 06:28:56.247,0,[],0
3619,2009-02-17 08:07:24.935,0,[],0
3620,2009-02-17 09:44:20.542,0,[],0
3621,2009-02-17 11:23:58.873,0,[],0
3622,2009-02-17 13:03:20.819,0,[],0
3623,2009-02-17 14:42:19.065,0,[],0
3624,2009-02-17 16:20:49.985,0,[],0
3625,2009-02-17 17:58:21.339,0,[],0
3626,2009-02-17 19:35:19.926,0,[],0
3627,2009-02-17 21:12:18.512,1,"[{'lat': -27.424, 'long': -176.33, 'Time': Timestamp('2009-02-18 21:53:45'), 'mag': 7.0}]",1
3628,2009-02-17 22:48:48.428,0,[],0
3629,2009-02-18 00:25:45.239,0,[],0
3630,2009-02-18 05:20:54.405,1,"[{'lat': -14.347, 'long': 66.135, 'Time': Timestamp('2009-02-19 00:28:50'), 'mag': 5.4}]",1
3631,2009-02-18 06:58:56.642,0,[],0
3632,2009-02-18 08:35:49.034,0,[],0
3633,2009-02-18 10:14:54.782,0,[],0
3634,2009-02-18 11:54:53.614,0,[],0
3635,2009-02-18 13:33:53.641,0,[],0
3636,2009-02-18 15:12:52.753,0,[],0
3637,2009-02-18 20:04:53.748,0,[],0
3638,2009-02-18 21:41:53.774,1,"[{'lat': -18.365, 'long': -178.749, 'Time': Timestamp('2009-02-20 01:46:17'), 'mag': 5.6}, {'lat': -27.424, 'long': -176.33, 'Time': Timestamp('2009-02-18 21:53:45'), 'mag': 7.0}]",2
3639,2009-02-18 23:18:53.801,0,[],0
3640,2009-02-19 00:55:52.690,0,[],0
3641,2009-02-19 04:12:54.741,0,[],0
3642,2009-02-19 05:50:54.879,1,"[{'lat': 40.657, 'long': 78.692, 'Time': Timestamp('2009-02-20 10:02:29'), 'mag': 5.3}, {'lat': 34.203, 'long': 73.9, 'Time': Timestamp('2009-02-20 03:48:48'), 'mag': 5.5}]",2
3643,2009-02-19 07:28:52.127,0,[],0
3644,2009-02-19 09:05:50.948,0,[],0
3645,2009-02-19 10:45:21.086,0,[],0
3646,2009-02-19 12:25:24.016,0,[],0
3647,2009-02-19 14:04:22.793,0,[],0
3648,2009-02-19 15:42:58.914,0,[],0
3649,2009-02-19 17:20:53.096,0,[],0
3650,2009-02-19 18:57:53.123,0,[],0
3651,2009-02-19 20:34:53.149,0,[],0
3652,2009-02-19 22:11:23.175,0,[],0
3653,2009-02-19 23:48:23.202,0,[],0
3654,2009-02-20 01:25:50.216,1,"[{'lat': -0.397, 'long': 132.67, 'Time': Timestamp('2009-02-21 13:35:37'), 'mag': 5.5}, {'lat': -0.397, 'long': 132.67, 'Time': Timestamp('2009-02-21 13:35:37'), 'mag': 5.5}]",2
3655,2009-02-20 04:42:52.802,0,[],0
3656,2009-02-20 06:20:55.609,0,[],0
3657,2009-02-20 07:59:20.200,0,[],0
3658,2009-02-20 09:36:16.365,0,[],0
3659,2009-02-20 11:16:23.389,0,[],0
3660,2009-02-20 12:55:53.417,0,[],0
3661,2009-02-20 14:34:49.315,0,[],0
3662,2009-02-20 16:12:53.471,0,[],0
3663,2009-02-20 17:50:23.497,0,[],0
3664,2009-02-20 21:04:23.550,0,[],0
3665,2009-02-20 22:41:23.576,0,[],0
3666,2009-02-21 00:18:23.693,1,"[{'lat': 48.902, 'long': 158.046, 'Time': Timestamp('2009-02-22 10:33:46'), 'mag': 5.1}, {'lat': 48.902, 'long': 158.046, 'Time': Timestamp('2009-02-22 10:33:46'), 'mag': 5.1}]",2
3667,2009-02-21 03:34:51.302,0,[],0
3668,2009-02-21 05:12:53.204,0,[],0
3669,2009-02-21 06:50:54.681,0,[],0
3670,2009-02-21 08:27:52.052,0,[],0
3671,2009-02-21 10:06:54.958,0,[],0
3672,2009-02-21 11:46:53.790,0,[],0
3673,2009-02-21 13:26:23.818,1,"[{'lat': 55.472, 'long': -35.115, 'Time': Timestamp('2009-02-21 15:40:43'), 'mag': 5.1}, {'lat': 55.451, 'long': -35.066, 'Time': Timestamp('2009-02-21 16:53:54'), 'mag': 5.4}]",2
3674,2009-02-21 15:04:54.258,1,"[{'lat': -41.65, 'long': -88.468, 'Time': Timestamp('2009-02-23 03:49:13'), 'mag': 5.1}]",1
3675,2009-02-21 16:42:53.871,0,[],0
3676,2009-02-21 18:20:23.898,0,[],0
3677,2009-02-21 19:57:23.924,0,[],0
3678,2009-02-21 21:34:23.951,0,[],0
3679,2009-02-21 23:10:53.978,0,[],0
3680,2009-02-22 00:48:21.537,1,"[{'lat': 48.902, 'long': 158.046, 'Time': Timestamp('2009-02-22 10:33:46'), 'mag': 5.1}]",1
3681,2009-02-22 04:04:58.902,0,[],0
3682,2009-02-22 05:42:54.055,0,[],0
3683,2009-02-22 07:21:21.303,0,[],0
3684,2009-02-22 08:57:51.453,0,[],0
3685,2009-02-22 10:37:21.591,0,[],0
3686,2009-02-22 12:17:23.192,0,[],0
3687,2009-02-22 13:56:23.219,0,[],0
3688,2009-02-22 15:34:48.346,1,"[{'lat': -41.65, 'long': -88.468, 'Time': Timestamp('2009-02-23 03:49:13'), 'mag': 5.1}, {'lat': -41.65, 'long': -88.468, 'Time': Timestamp('2009-02-23 03:49:13'), 'mag': 5.1}]",2
3689,2009-02-22 20:26:53.325,0,[],0
3690,2009-02-22 22:03:51.544,0,[],0
3691,2009-02-22 23:40:53.379,0,[],0
3692,2009-02-23 01:17:51.720,1,"[{'lat': -0.72, 'long': 133.217, 'Time': Timestamp('2009-02-23 12:17:53'), 'mag': 5.2}, {'lat': -0.72, 'long': 133.217, 'Time': Timestamp('2009-02-23 12:17:53'), 'mag': 5.2}]",2
3693,2009-02-23 04:35:01.182,1,"[{'lat': -27.046, 'long': 75.142, 'Time': Timestamp('2009-02-24 01:26:16'), 'mag': 5.1}, {'lat': -27.046, 'long': 75.142, 'Time': Timestamp('2009-02-24 01:26:16'), 'mag': 5.1}]",2
3694,2009-02-23 06:12:56.220,0,[],0
3695,2009-02-23 07:51:21.705,0,[],0
3696,2009-02-23 09:28:21.965,0,[],0
3697,2009-02-23 11:07:53.565,1,"[{'lat': -0.255, 'long': -18.315, 'Time': Timestamp('2009-02-24 00:46:40'), 'mag': 5.2}, {'lat': -0.255, 'long': -18.315, 'Time': Timestamp('2009-02-24 00:46:40'), 'mag': 5.2}]",2
3698,2009-02-23 12:47:53.593,0,[],0
3699,2009-02-23 14:26:50.708,0,[],0
3700,2009-02-23 16:05:21.850,0,[],0
3701,2009-02-23 17:42:53.674,0,[],0
3702,2009-02-23 19:19:53.700,0,[],0
3703,2009-02-23 20:56:53.727,0,[],0
3704,2009-02-23 22:33:23.752,1,"[{'lat': -13.175, 'long': 167.244, 'Time': Timestamp('2009-02-24 18:30:15'), 'mag': 5.2}, {'lat': -23.18, 'long': 170.557, 'Time': Timestamp('2009-02-24 12:39:41'), 'mag': 5.7}, {'lat': -23.146, 'long': 170.559, 'Time': Timestamp('2009-02-25 09:19:48'), 'mag': 5.3}]",3
3705,2009-02-24 00:10:17.106,0,[],0
3706,2009-02-24 01:47:48.460,1,"[{'lat': 9.1, 'long': 126.278, 'Time': Timestamp('2009-02-25 07:51:45'), 'mag': 5.0}, {'lat': -1.744, 'long': 120.538, 'Time': Timestamp('2009-02-24 10:35:39'), 'mag': 5.1}]",2
3707,2009-02-24 05:04:57.476,0,[],0
3708,2009-02-24 06:43:27.626,0,[],0
3709,2009-02-24 08:19:52.217,0,[],0
3710,2009-02-24 09:58:52.367,0,[],0
3711,2009-02-24 11:38:53.967,0,[],0
3712,2009-02-24 13:18:23.994,0,[],0
3713,2009-02-24 14:56:52.994,0,[],0
3714,2009-02-24 16:35:24.048,0,[],0
3715,2009-02-24 18:12:50.838,0,[],0
3716,2009-02-24 19:49:48.425,0,[],0
3717,2009-02-24 21:26:18.339,0,[],0
3718,2009-02-24 23:03:25.118,0,[],0
3719,2009-02-25 00:40:19.609,0,[],0
3720,2009-02-25 02:17:50.852,1,"[{'lat': 19.017, 'long': 121.265, 'Time': Timestamp('2009-02-26 12:32:52'), 'mag': 5.5}]",1
3721,2009-02-25 03:57:23.759,1,"[{'lat': -41.887, 'long': 88.634, 'Time': Timestamp('2009-02-25 16:08:00'), 'mag': 5.5}]",1
3722,2009-02-25 05:34:56.553,0,[],0
3723,2009-02-25 07:13:26.580,0,[],0
3724,2009-02-25 08:50:15.646,0,[],0
3725,2009-02-25 10:29:25.493,0,[],0
3726,2009-02-25 12:09:23.555,0,[],0
3727,2009-02-25 13:48:23.583,0,[],0
3728,2009-02-25 15:27:22.807,0,[],0
3729,2009-02-25 20:19:23.689,0,[],0
3730,2009-02-25 21:55:53.236,0,[],0
3731,2009-02-25 23:32:53.742,0,[],0
3732,2009-02-26 01:10:18.099,1,"[{'lat': 42.61, 'long': 142.104, 'Time': Timestamp('2009-02-28 00:35:56'), 'mag': 5.5}, {'lat': 42.61, 'long': 142.104, 'Time': Timestamp('2009-02-28 00:35:56'), 'mag': 5.5}, {'lat': -5.552, 'long': 130.989, 'Time': Timestamp('2009-02-27 12:48:07'), 'mag': 5.0}]",3
3733,2009-02-26 04:27:23.354,0,[],0
3734,2009-02-26 06:05:26.584,0,[],0
3735,2009-02-26 07:43:17.972,0,[],0
3736,2009-02-26 09:20:23.657,0,[],0
3737,2009-02-26 11:00:23.796,0,[],0
3738,2009-02-26 12:39:53.957,0,[],0
3739,2009-02-26 14:18:55.055,0,[],0
3740,2009-02-26 15:57:21.444,0,[],0
3741,2009-02-26 17:34:54.037,0,[],0
3742,2009-02-26 19:12:20.169,0,[],0
3743,2009-02-26 20:48:53.090,0,[],0
3744,2009-02-26 22:25:53.116,1,"[{'lat': -16.764, 'long': 177.171, 'Time': Timestamp('2009-02-28 21:18:53'), 'mag': 5.1}]",1
3745,2009-02-27 00:02:53.143,0,[],0
3746,2009-02-27 03:19:22.170,0,[],0
3747,2009-02-27 04:57:32.153,0,[],0
3748,2009-02-27 06:35:22.893,0,[],0
3749,2009-02-27 08:13:51.581,0,[],0
3750,2009-02-27 09:50:51.730,0,[],0
3751,2009-02-27 11:30:53.331,0,[],0
3752,2009-02-27 13:10:23.358,0,[],0
3753,2009-02-27 14:49:21.031,1,"[{'lat': -45.114, 'long': -80.698, 'Time': Timestamp('2009-02-28 00:50:08'), 'mag': 5.2}]",1
3754,2009-02-27 16:27:23.411,0,[],0
3755,2009-02-27 18:04:53.438,0,[],0
3756,2009-02-27 19:41:53.464,0,[],0
3757,2009-02-27 21:18:53.491,1,"[{'lat': -27.364, 'long': -176.346, 'Time': Timestamp('2009-03-01 08:17:39'), 'mag': 5.3}, {'lat': -35.044, 'long': -178.928, 'Time': Timestamp('2009-03-01 19:11:54'), 'mag': 5.2}]",2
3758,2009-02-27 22:55:23.518,0,[],0
3759,2009-02-28 00:32:15.542,0,[],0
3760,2009-02-28 05:27:24.707,0,[],0
3761,2009-02-28 07:05:22.848,0,[],0
3762,2009-02-28 08:42:19.336,0,[],0
3763,2009-02-28 10:21:20.803,0,[],0
3764,2009-02-28 12:01:23.732,0,[],0
3765,2009-02-28 13:40:53.759,0,[],0
3766,2009-02-28 15:19:21.543,0,[],0
3767,2009-02-28 16:57:23.813,0,[],0
3768,2009-02-28 18:34:53.840,0,[],0
3769,2009-02-28 20:11:23.866,0,[],0
3770,2009-02-28 21:48:20.756,1,"[{'lat': -21.762, 'long': -176.58, 'Time': Timestamp('2009-03-01 15:42:13'), 'mag': 5.5}]",1
3771,2009-02-28 23:25:23.918,0,[],0
3772,2009-03-01 01:02:23.945,0,[],0
3773,2009-03-01 04:19:24.859,0,[],0
3774,2009-03-01 05:57:26.325,1,"[{'lat': 30.518, 'long': 67.776, 'Time': Timestamp('2009-03-02 15:05:02'), 'mag': 5.0}]",1
3775,2009-03-01 07:35:55.012,0,[],0
3776,2009-03-01 09:12:52.834,0,[],0
3777,2009-03-01 10:52:22.972,1,"[{'lat': -56.347, 'long': -27.064, 'Time': Timestamp('2009-03-03 06:05:03'), 'mag': 5.3}]",1
3778,2009-03-01 12:31:53.133,0,[],0
3779,2009-03-01 14:10:45.928,0,[],0
3780,2009-03-01 19:04:19.233,0,[],0
3781,2009-03-01 20:41:23.267,0,[],0
3782,2009-03-01 22:17:53.293,0,[],0
3783,2009-03-01 23:54:53.319,1,"[{'lat': -3.763, 'long': 151.242, 'Time': Timestamp('2009-03-03 01:19:38'), 'mag': 5.3}, {'lat': -3.718, 'long': 151.319, 'Time': Timestamp('2009-03-03 04:52:02'), 'mag': 5.2}, {'lat': -4.874, 'long': 153.465, 'Time': Timestamp('2009-03-02 07:56:14'), 'mag': 5.0}, {'lat': -3.763, 'long': 151.242, 'Time': Timestamp('2009-03-03 01:19:38'), 'mag': 5.3}, {'lat': -3.718, 'long': 151.319, 'Time': Timestamp('2009-03-03 04:52:02'), 'mag': 5.2}]",5
3784,2009-03-02 01:32:20.332,0,[],0
3785,2009-03-02 04:49:32.329,0,[],0
3786,2009-03-02 06:27:21.630,0,[],0
3787,2009-03-02 08:05:46.221,0,[],0
3788,2009-03-02 09:42:51.907,0,[],0
3789,2009-03-02 11:22:53.507,0,[],0
3790,2009-03-02 14:41:19.543,0,[],0
3791,2009-03-02 16:19:23.588,0,[],0
3792,2009-03-02 17:56:53.614,0,[],0
3793,2009-03-02 19:33:51.186,0,[],0
3794,2009-03-02 21:10:53.667,0,[],0
3795,2009-03-02 22:47:53.694,1,"[{'lat': -13.111, 'long': 167.765, 'Time': Timestamp('2009-03-04 17:06:15'), 'mag': 5.1}, {'lat': -13.111, 'long': 167.765, 'Time': Timestamp('2009-03-04 17:06:15'), 'mag': 5.1}]",2
3796,2009-03-03 00:24:48.486,1,"[{'lat': 16.211, 'long': 145.778, 'Time': Timestamp('2009-03-04 20:45:29'), 'mag': 5.0}, {'lat': 13.097, 'long': 143.835, 'Time': Timestamp('2009-03-03 05:10:50'), 'mag': 5.3}]",2
3797,2009-03-03 03:41:24.633,1,"[{'lat': 31.799, 'long': 104.792, 'Time': Timestamp('2009-03-03 16:21:48'), 'mag': 5.1}, {'lat': 31.799, 'long': 104.792, 'Time': Timestamp('2009-03-03 16:21:48'), 'mag': 5.1}, {'lat': 2.798, 'long': 95.445, 'Time': Timestamp('2009-03-04 10:56:43'), 'mag': 5.2}, {'lat': 2.798, 'long': 95.445, 'Time': Timestamp('2009-03-04 10:56:43'), 'mag': 5.2}]",4
3798,2009-03-03 05:19:26.212,0,[],0
3799,2009-03-03 06:57:28.449,0,[],0
3800,2009-03-03 08:34:20.841,0,[],0
3801,2009-03-03 10:13:50.979,0,[],0
3802,2009-03-03 11:53:23.909,0,[],0
3803,2009-03-03 13:32:53.936,0,[],0
3804,2009-03-03 15:11:24.376,1,"[{'lat': 18.286, 'long': -68.563, 'Time': Timestamp('2009-03-04 22:30:26'), 'mag': 5.0}, {'lat': 18.286, 'long': -68.563, 'Time': Timestamp('2009-03-04 22:30:26'), 'mag': 5.0}]",2
3805,2009-03-03 16:49:23.989,0,[],0
3806,2009-03-03 18:26:54.015,0,[],0
3807,2009-03-03 20:03:54.042,0,[],0
3808,2009-03-03 21:40:24.069,1,"[{'lat': -17.512, 'long': -179.056, 'Time': Timestamp('2009-03-05 19:33:14'), 'mag': 5.9}]",1
3809,2009-03-03 23:17:23.095,0,[],0
3810,2009-03-04 00:54:50.655,1,"[{'lat': 16.211, 'long': 145.778, 'Time': Timestamp('2009-03-04 20:45:29'), 'mag': 5.0}]",1
3811,2009-03-04 04:11:22.149,1,"[{'lat': 15.577, 'long': 95.993, 'Time': Timestamp('2009-03-05 15:49:52'), 'mag': 5.1}, {'lat': 2.798, 'long': 95.445, 'Time': Timestamp('2009-03-04 10:56:43'), 'mag': 5.2}]",2
3812,2009-03-04 05:49:22.176,0,[],0
3813,2009-03-04 09:04:46.693,0,[],0
3814,2009-03-04 10:42:16.908,1,"[{'lat': -8.029, 'long': -13.532, 'Time': Timestamp('2009-03-05 22:13:52'), 'mag': 5.0}, {'lat': -8.029, 'long': -13.532, 'Time': Timestamp('2009-03-05 22:13:52'), 'mag': 5.0}, {'lat': -30.753, 'long': -13.497, 'Time': Timestamp('2009-03-05 01:32:33'), 'mag': 5.1}, {'lat': -30.753, 'long': -13.497, 'Time': Timestamp('2009-03-05 01:32:33'), 'mag': 5.1}]",4
3815,2009-03-04 12:23:51.256,0,[],0
3816,2009-03-04 14:03:24.486,0,[],0
3817,2009-03-04 15:41:50.093,0,[],0
3818,2009-03-04 20:33:23.632,0,[],0
3819,2009-03-04 22:10:23.659,0,[],0
3820,2009-03-04 23:47:23.685,0,[],0
3821,2009-03-05 01:24:22.027,1,"[{'lat': -9.329, 'long': 124.847, 'Time': Timestamp('2009-03-07 00:36:14'), 'mag': 5.0}]",1
3822,2009-03-05 04:41:35.574,0,[],0
3823,2009-03-05 06:19:26.092,0,[],0
3824,2009-03-05 07:57:52.012,0,[],0
3825,2009-03-05 09:35:20.944,0,[],0
3826,2009-03-05 11:14:53.872,1,"[{'lat': -8.029, 'long': -13.532, 'Time': Timestamp('2009-03-05 22:13:52'), 'mag': 5.0}]",1
3827,2009-03-05 12:54:23.900,0,[],0
3828,2009-03-05 14:33:21.126,0,[],0
3829,2009-03-05 16:11:53.954,0,[],0
3830,2009-03-05 17:49:23.981,0,[],0
3831,2009-03-05 19:26:24.007,0,[],0
3832,2009-03-05 21:03:24.034,0,[],0
3833,2009-03-05 22:39:54.059,0,[],0
3834,2009-03-06 00:16:53.175,0,[],0
3835,2009-03-06 01:54:20.647,1,"[{'lat': -8.352, 'long': 123.592, 'Time': Timestamp('2009-03-07 16:27:20'), 'mag': 5.3}, {'lat': -9.329, 'long': 124.847, 'Time': Timestamp('2009-03-07 00:36:14'), 'mag': 5.0}, {'lat': -8.352, 'long': 123.592, 'Time': Timestamp('2009-03-07 16:27:20'), 'mag': 5.3}]",3
3836,2009-03-06 03:33:53.553,0,[],0
3837,2009-03-06 05:11:26.783,0,[],0
3838,2009-03-06 06:49:52.837,0,[],0
3839,2009-03-06 08:26:21.535,0,[],0
3840,2009-03-06 10:05:54.441,0,[],0
3841,2009-03-06 11:45:23.274,0,[],0
3842,2009-03-06 13:24:53.301,0,[],0
3843,2009-03-06 15:03:49.645,0,[],0
3844,2009-03-06 16:41:53.355,0,[],0
3845,2009-03-06 18:18:53.381,0,[],0
3846,2009-03-06 19:55:53.408,0,[],0
3847,2009-03-06 21:32:53.434,0,[],0
3848,2009-03-06 23:09:53.461,0,[],0
3849,2009-03-07 00:46:52.349,0,[],0
3850,2009-03-07 05:41:54.650,1,"[{'lat': -17.178, 'long': 66.797, 'Time': Timestamp('2009-03-09 03:44:23'), 'mag': 5.2}]",1
3851,2009-03-07 07:19:51.787,0,[],0
3852,2009-03-07 08:56:50.607,0,[],0
3853,2009-03-07 10:34:24.841,0,[],0
3854,2009-03-07 12:15:53.675,0,[],0
3855,2009-03-07 13:55:24.663,0,[],0
3856,2009-03-07 15:33:48.829,0,[],0
3857,2009-03-07 17:11:53.756,0,[],0
3858,2009-03-07 18:48:48.336,0,[],0
3859,2009-03-07 20:25:53.808,0,[],0
3860,2009-03-07 22:02:19.259,0,[],0
3861,2009-03-07 23:39:23.862,0,[],0
3862,2009-03-08 01:16:49.547,0,[],0
3863,2009-03-08 04:33:53.473,0,[],0
3864,2009-03-08 06:11:56.703,0,[],0
3865,2009-03-08 07:50:20.860,0,[],0
3866,2009-03-08 09:27:21.120,0,[],0
3867,2009-03-08 11:06:54.049,0,[],0
3868,2009-03-08 12:46:24.076,0,[],0
3869,2009-03-08 14:25:21.518,0,[],0
3870,2009-03-08 19:18:23.183,0,[],0
3871,2009-03-08 20:55:23.209,0,[],0
3872,2009-03-09 03:25:52.290,0,[],0
3873,2009-03-09 05:03:52.864,0,[],0
3874,2009-03-09 06:41:58.436,0,[],0
3875,2009-03-09 08:20:20.483,0,[],0
3876,2009-03-09 09:57:50.521,0,[],0
3877,2009-03-09 11:37:23.450,0,[],0
3878,2009-03-09 13:16:53.478,0,[],0
3879,2009-03-09 14:55:51.150,0,[],0
3880,2009-03-09 16:33:53.531,1,"[{'lat': 16.46, 'long': -93.65, 'Time': Timestamp('2009-03-10 00:36:44'), 'mag': 5.0}, {'lat': 11.726, 'long': -88.375, 'Time': Timestamp('2009-03-10 07:10:11'), 'mag': 5.1}]",2
3881,2009-03-09 18:11:23.557,0,[],0
3882,2009-03-09 19:48:23.584,0,[],0
3883,2009-03-09 21:25:23.611,1,"[{'lat': -24.618, 'long': -176.362, 'Time': Timestamp('2009-03-10 04:04:23'), 'mag': 5.5}, {'lat': -22.51, 'long': -174.703, 'Time': Timestamp('2009-03-11 02:56:33'), 'mag': 5.0}, {'lat': -24.618, 'long': -176.362, 'Time': Timestamp('2009-03-10 04:04:23'), 'mag': 5.5}]",3
3884,2009-03-09 23:01:53.637,1,"[{'lat': -11.959, 'long': 166.201, 'Time': Timestamp('2009-03-11 00:31:29'), 'mag': 5.2}, {'lat': -11.959, 'long': 166.201, 'Time': Timestamp('2009-03-11 00:31:29'), 'mag': 5.2}]",2
3885,2009-03-10 00:38:52.525,1,"[{'lat': -1.878, 'long': 139.119, 'Time': Timestamp('2009-03-10 17:42:14'), 'mag': 5.5}, {'lat': -1.814, 'long': 139.161, 'Time': Timestamp('2009-03-10 17:52:31'), 'mag': 5.1}, {'lat': -4.773, 'long': 144.633, 'Time': Timestamp('2009-03-10 01:21:55'), 'mag': 5.0}, {'lat': -1.878, 'long': 139.119, 'Time': Timestamp('2009-03-10 17:42:14'), 'mag': 5.5}, {'lat': -1.814, 'long': 139.161, 'Time': Timestamp('2009-03-10 17:52:31'), 'mag': 5.1}]",5
3886,2009-03-10 05:33:56.154,0,[],0
3887,2009-03-10 07:11:52.967,0,[],0
3888,2009-03-10 08:48:50.783,0,[],0
3889,2009-03-10 10:28:27.787,0,[],0
3890,2009-03-10 12:07:53.852,0,[],0
3891,2009-03-10 13:47:23.878,1,"[{'lat': 15.585, 'long': -46.733, 'Time': Timestamp('2009-03-11 23:50:33'), 'mag': 5.0}]",1
3892,2009-03-10 15:25:54.430,0,[],0
3893,2009-03-10 17:03:53.932,0,[],0
3894,2009-03-10 18:40:49.840,0,[],0
3895,2009-03-10 20:17:53.985,0,[],0
3896,2009-03-10 21:54:52.204,0,[],0
3897,2009-03-10 23:31:54.038,1,"[{'lat': -9.807, 'long': 159.817, 'Time': Timestamp('2009-03-12 15:13:24'), 'mag': 5.0}]",1
3898,2009-03-11 01:08:48.395,0,[],0
3899,2009-03-11 04:26:00.841,1,"[{'lat': 10.67, 'long': 91.688, 'Time': Timestamp('2009-03-11 12:58:43'), 'mag': 5.1}, {'lat': 10.67, 'long': 91.688, 'Time': Timestamp('2009-03-11 12:58:43'), 'mag': 5.1}]",2
3900,2009-03-11 06:03:55.444,0,[],0
3901,2009-03-11 07:42:24.132,0,[],0
3902,2009-03-11 09:19:21.625,0,[],0
3903,2009-03-11 10:58:53.284,1,"[{'lat': -60.861, 'long': -23.81, 'Time': Timestamp('2009-03-12 05:18:08'), 'mag': 5.5}]",1
3904,2009-03-11 12:38:18.322,0,[],0
3905,2009-03-11 14:17:19.119,0,[],0
3906,2009-03-11 19:10:48.429,0,[],0
3907,2009-03-11 22:24:19.698,0,[],0
3908,2009-03-12 00:01:18.285,0,[],0
3909,2009-03-12 01:38:49.639,1,"[{'lat': 43.266, 'long': 134.048, 'Time': Timestamp('2009-03-13 09:07:02'), 'mag': 5.2}, {'lat': -7.076, 'long': 129.335, 'Time': Timestamp('2009-03-13 02:03:16'), 'mag': 5.2}, {'lat': -7.076, 'long': 129.335, 'Time': Timestamp('2009-03-13 02:03:16'), 'mag': 5.2}]",3
3910,2009-03-12 04:55:53.231,0,[],0
3911,2009-03-12 06:33:53.380,0,[],0
3912,2009-03-12 08:12:24.066,0,[],0
3913,2009-03-12 09:49:50.890,0,[],0
3914,2009-03-12 11:29:23.819,0,[],0
3915,2009-03-12 13:08:53.846,0,[],0
3916,2009-03-12 14:47:48.750,0,[],0
3917,2009-03-12 16:25:53.899,1,"[{'lat': 2.332, 'long': -95.339, 'Time': Timestamp('2009-03-14 06:49:31'), 'mag': 5.2}, {'lat': 2.332, 'long': -95.339, 'Time': Timestamp('2009-03-14 06:49:31'), 'mag': 5.2}]",2
3918,2009-03-12 18:03:23.926,0,[],0
3919,2009-03-12 19:40:24.265,0,[],0
3920,2009-03-12 21:16:26.266,1,"[{'lat': -17.539, 'long': -174.308, 'Time': Timestamp('2009-03-12 23:04:13'), 'mag': 5.1}, {'lat': -26.902, 'long': -176.439, 'Time': Timestamp('2009-03-13 03:32:33'), 'mag': 5.2}, {'lat': -20.03, 'long': -175.382, 'Time': Timestamp('2009-03-14 03:04:12'), 'mag': 5.2}]",3
3921,2009-03-12 22:54:24.005,0,[],0
3922,2009-03-13 00:31:18.797,0,[],0
3923,2009-03-13 03:47:57.929,0,[],0
3924,2009-03-13 05:25:55.523,0,[],0
3925,2009-03-13 07:04:26.431,0,[],0
3926,2009-03-13 08:40:50.152,0,[],0
3927,2009-03-13 10:20:20.290,0,[],0
3928,2009-03-13 11:59:53.219,0,[],0
3929,2009-03-13 13:39:23.247,0,[],0
3930,2009-03-13 15:17:52.359,1,"[{'lat': -40.386, 'long': -91.95, 'Time': Timestamp('2009-03-15 00:53:12'), 'mag': 5.1}, {'lat': -40.367, 'long': -91.622, 'Time': Timestamp('2009-03-15 00:56:32'), 'mag': 5.2}]",2
3931,2009-03-13 16:55:53.300,1,"[{'lat': 2.401, 'long': -95.388, 'Time': Timestamp('2009-03-14 22:54:16'), 'mag': 5.0}, {'lat': 2.429, 'long': -95.124, 'Time': Timestamp('2009-03-15 03:14:31'), 'mag': 5.8}]",2
3932,2009-03-13 18:33:19.209,0,[],0
3933,2009-03-13 20:10:23.353,0,[],0
3934,2009-03-13 21:45:54.451,1,"[{'lat': -20.03, 'long': -175.382, 'Time': Timestamp('2009-03-14 03:04:12'), 'mag': 5.2}, {'lat': -15.416, 'long': -173.218, 'Time': Timestamp('2009-03-15 20:28:53'), 'mag': 5.5}, {'lat': -20.03, 'long': -175.382, 'Time': Timestamp('2009-03-14 03:04:12'), 'mag': 5.2}, {'lat': -37.017, 'long': 177.562, 'Time': Timestamp('2009-03-14 17:38:59'), 'mag': 5.0}]",4
3935,2009-03-13 23:23:53.406,0,[],0
3936,2009-03-14 01:00:53.433,0,[],0
3937,2009-03-14 04:17:54.345,0,[],0
3938,2009-03-14 05:55:58.580,1,"[{'lat': 30.154, 'long': 68.474, 'Time': Timestamp('2009-03-14 13:26:23'), 'mag': 5.0}]",1
3939,2009-03-14 07:34:22.736,0,[],0
3940,2009-03-14 09:11:20.553,0,[],0
3941,2009-03-14 10:50:50.691,0,[],0
3942,2009-03-14 12:30:23.620,0,[],0
3943,2009-03-14 14:09:46.416,1,"[{'lat': -30.987, 'long': -65.396, 'Time': Timestamp('2009-03-15 13:50:38'), 'mag': 5.2}]",1
3944,2009-03-14 15:48:22.436,1,"[{'lat': -40.386, 'long': -91.95, 'Time': Timestamp('2009-03-15 00:53:12'), 'mag': 5.1}, {'lat': -40.367, 'long': -91.622, 'Time': Timestamp('2009-03-15 00:56:32'), 'mag': 5.2}]",2
3945,2009-03-14 17:25:53.701,1,"[{'lat': -55.144, 'long': -129.7, 'Time': Timestamp('2009-03-16 07:13:36'), 'mag': 5.9}]",1
3946,2009-03-14 19:02:51.049,0,[],0
3947,2009-03-14 20:39:51.299,0,[],0
3948,2009-03-14 22:16:51.861,0,[],0
3949,2009-03-14 23:53:53.807,0,[],0
3950,2009-03-15 01:30:52.149,1,"[{'lat': 3.807, 'long': 126.552, 'Time': Timestamp('2009-03-16 14:15:56'), 'mag': 6.3}, {'lat': 3.566, 'long': 126.52, 'Time': Timestamp('2009-03-16 14:24:36'), 'mag': 5.0}, {'lat': 3.608, 'long': 126.649, 'Time': Timestamp('2009-03-16 14:27:39'), 'mag': 5.0}, {'lat': 3.597, 'long': 126.7, 'Time': Timestamp('2009-03-16 17:42:03'), 'mag': 5.7}, {'lat': 3.69, 'long': 126.751, 'Time': Timestamp('2009-03-16 17:44:53'), 'mag': 5.2}]",5
3951,2009-03-15 04:47:53.407,0,[],0
3952,2009-03-15 06:25:52.117,0,[],0
3953,2009-03-15 08:02:50.035,1,"[{'lat': -26.949, 'long': 26.753, 'Time': Timestamp('2009-03-16 14:05:42'), 'mag': 5.0}]",1
3954,2009-03-15 09:41:52.394,0,[],0
3955,2009-03-15 11:21:23.994,0,[],0
3956,2009-03-15 13:00:54.022,0,[],0
3957,2009-03-15 14:39:51.359,0,[],0
3958,2009-03-15 16:18:24.076,1,"[{'lat': 2.414, 'long': -95.107, 'Time': Timestamp('2009-03-15 23:00:55'), 'mag': 5.0}, {'lat': 2.35, 'long': -95.367, 'Time': Timestamp('2009-03-15 23:02:58'), 'mag': 5.1}]",2
3959,2009-03-15 17:55:53.102,1,"[{'lat': -55.144, 'long': -129.7, 'Time': Timestamp('2009-03-16 07:13:36'), 'mag': 5.9}, {'lat': -55.144, 'long': -129.7, 'Time': Timestamp('2009-03-16 07:13:36'), 'mag': 5.9}]",2
3960,2009-03-15 19:32:53.441,0,[],0
3961,2009-03-15 21:08:25.443,0,[],0
3962,2009-03-15 22:46:23.182,0,[],0
3963,2009-03-16 00:23:15.206,0,[],0
3964,2009-03-16 02:00:54.864,1,"[{'lat': 3.807, 'long': 126.552, 'Time': Timestamp('2009-03-16 14:15:56'), 'mag': 6.3}, {'lat': 3.566, 'long': 126.52, 'Time': Timestamp('2009-03-16 14:24:36'), 'mag': 5.0}, {'lat': 3.608, 'long': 126.649, 'Time': Timestamp('2009-03-16 14:27:39'), 'mag': 5.0}, {'lat': 3.597, 'long': 126.7, 'Time': Timestamp('2009-03-16 17:42:03'), 'mag': 5.7}, {'lat': 3.69, 'long': 126.751, 'Time': Timestamp('2009-03-16 17:44:53'), 'mag': 5.2}]",5
3965,2009-03-16 05:17:55.699,0,[],0
3966,2009-03-16 06:56:18.416,0,[],0
3967,2009-03-16 08:32:50.328,0,[],0
3968,2009-03-16 10:12:24.563,0,[],0
3969,2009-03-16 11:51:53.396,0,[],0
3970,2009-03-16 13:31:23.422,0,[],0
3971,2009-03-16 15:10:22.535,0,[],0
3972,2009-03-16 16:48:23.477,0,[],0
3973,2009-03-16 18:25:23.503,0,[],0
3974,2009-03-16 20:02:23.530,0,[],0
3975,2009-03-16 21:38:24.628,0,[],0
3976,2009-03-16 23:16:23.582,0,[],0
3977,2009-03-17 00:53:22.470,0,[],0
3978,2009-03-17 04:10:24.522,0,[],0
3979,2009-03-17 05:48:23.332,1,"[{'lat': 25.911, 'long': 67.238, 'Time': Timestamp('2009-03-17 23:14:47'), 'mag': 5.0}]",1
3980,2009-03-17 07:26:22.912,0,[],0
3981,2009-03-17 09:03:20.729,0,[],0
3982,2009-03-17 10:42:50.868,0,[],0
3983,2009-03-17 12:22:23.796,0,[],0
3984,2009-03-17 14:01:48.478,0,[],0
3985,2009-03-17 15:40:25.927,0,[],0
3986,2009-03-17 17:17:53.877,0,[],0
3987,2009-03-17 18:55:23.904,0,[],0
3988,2009-03-17 20:32:23.930,0,[],0
3989,2009-03-17 22:08:54.917,0,[],0
3990,2009-03-17 23:45:53.983,0,[],0
3991,2009-03-18 04:40:23.584,0,[],0
3992,2009-03-18 06:18:24.285,0,[],0
3993,2009-03-18 07:56:50.651,0,[],0
3994,2009-03-18 09:33:50.433,0,[],0
3995,2009-03-18 12:52:53.390,0,[],0
3996,2009-03-18 14:31:51.944,0,[],0
3997,2009-03-18 19:24:51.041,0,[],0
3998,2009-03-18 21:00:55.811,0,[],0
3999,2009-03-18 22:38:53.550,1,"[{'lat': -18.059, 'long': 167.459, 'Time': Timestamp('2009-03-20 14:21:49'), 'mag': 5.0}]",1
4000,2009-03-19 00:15:49.669,0,[],0
4001,2009-03-19 03:32:25.370,0,[],0
4002,2009-03-19 05:10:19.081,0,[],0
4003,2009-03-19 06:48:22.544,0,[],0
4004,2009-03-19 08:26:51.243,0,[],0
4005,2009-03-19 10:04:22.598,0,[],0
4006,2009-03-19 11:43:48.641,0,[],0
4007,2009-03-19 13:23:22.876,0,[],0
4008,2009-03-19 15:02:21.463,0,[],0
4009,2009-03-19 16:40:20.273,0,[],0
4010,2009-03-19 18:17:47.531,0,[],0
4011,2009-03-19 19:54:50.215,0,[],0
4012,2009-03-19 21:30:18.132,1,"[{'lat': -23.014, 'long': -175.313, 'Time': Timestamp('2009-03-20 11:23:39'), 'mag': 5.4}, {'lat': -21.48, 'long': -179.38, 'Time': Timestamp('2009-03-20 12:26:03'), 'mag': 5.5}, {'lat': -23.136, 'long': -174.644, 'Time': Timestamp('2009-03-20 15:54:42'), 'mag': 5.0}, {'lat': -23.263, 'long': -175.323, 'Time': Timestamp('2009-03-21 01:18:35'), 'mag': 5.0}, {'lat': -23.434, 'long': -175.26, 'Time': Timestamp('2009-03-21 17:38:39'), 'mag': 5.0}]",5
4013,2009-03-19 23:08:23.950,0,[],0
4014,2009-03-20 00:45:18.743,1,"[{'lat': -48.734, 'long': 126.561, 'Time': Timestamp('2009-03-21 15:55:42'), 'mag': 5.0}]",1
4015,2009-03-20 04:02:27.546,0,[],0
4016,2009-03-20 05:40:26.468,1,"[{'lat': -14.505, 'long': 66.103, 'Time': Timestamp('2009-03-21 23:22:39'), 'mag': 5.0}]",1
4017,2009-03-20 07:18:26.377,0,[],0
4018,2009-03-20 08:55:20.097,0,[],0
4019,2009-03-20 10:34:50.236,1,"[{'lat': -12.931, 'long': -14.59, 'Time': Timestamp('2009-03-22 05:52:28'), 'mag': 5.1}, {'lat': -12.826, 'long': -14.553, 'Time': Timestamp('2009-03-22 06:06:35'), 'mag': 5.3}, {'lat': -12.867, 'long': -14.56, 'Time': Timestamp('2009-03-22 08:02:26'), 'mag': 5.1}, {'lat': -58.686, 'long': -24.845, 'Time': Timestamp('2009-03-20 16:01:14'), 'mag': 5.4}]",4
4020,2009-03-20 12:14:23.164,0,[],0
4021,2009-03-20 13:53:54.152,0,[],0
4022,2009-03-20 15:32:18.319,0,[],0
4023,2009-03-20 17:10:23.245,0,[],0
4024,2009-03-20 18:47:23.271,0,[],0
4025,2009-03-20 20:24:23.298,0,[],0
4026,2009-03-20 22:01:24.396,1,"[{'lat': -37.856, 'long': 176.787, 'Time': Timestamp('2009-03-21 20:28:16'), 'mag': 5.1}, {'lat': -37.856, 'long': 176.787, 'Time': Timestamp('2009-03-21 20:28:16'), 'mag': 5.1}]",2
4027,2009-03-20 23:38:23.351,1,"[{'lat': -5.324, 'long': 151.738, 'Time': Timestamp('2009-03-22 19:34:20'), 'mag': 5.4}]",1
4028,2009-03-21 01:15:19.036,0,[],0
4029,2009-03-21 04:32:31.155,0,[],0
4030,2009-03-21 06:10:26.193,1,"[{'lat': 9.796, 'long': 57.819, 'Time': Timestamp('2009-03-23 04:28:21'), 'mag': 5.5}]",1
4031,2009-03-21 07:48:55.450,0,[],0
4032,2009-03-21 09:25:46.514,0,[],0
4033,2009-03-21 11:05:23.538,1,"[{'lat': -12.931, 'long': -14.59, 'Time': Timestamp('2009-03-22 05:52:28'), 'mag': 5.1}, {'lat': -12.826, 'long': -14.553, 'Time': Timestamp('2009-03-22 06:06:35'), 'mag': 5.3}, {'lat': -12.867, 'long': -14.56, 'Time': Timestamp('2009-03-22 08:02:26'), 'mag': 5.1}, {'lat': -12.738, 'long': -14.687, 'Time': Timestamp('2009-03-22 12:54:51'), 'mag': 5.0}]",4
4034,2009-03-21 12:44:53.566,0,[],0
4035,2009-03-21 14:24:20.680,0,[],0
4036,2009-03-21 16:02:23.151,0,[],0
4037,2009-03-21 17:40:23.647,0,[],0
4038,2009-03-21 19:17:23.673,0,[],0
4039,2009-03-21 20:53:49.124,0,[],0
4040,2009-03-21 22:30:53.725,0,[],0
4041,2009-03-22 00:07:53.942,1,"[{'lat': -5.324, 'long': 151.738, 'Time': Timestamp('2009-03-22 19:34:20'), 'mag': 5.4}]",1
4042,2009-03-22 01:45:17.440,1,"[{'lat': 26.063, 'long': 128.488, 'Time': Timestamp('2009-03-22 14:45:47'), 'mag': 5.1}]",1
4043,2009-03-22 05:02:23.352,0,[],0
4044,2009-03-22 06:40:24.830,1,"[{'lat': 9.796, 'long': 57.819, 'Time': Timestamp('2009-03-23 04:28:21'), 'mag': 5.5}, {'lat': 9.796, 'long': 57.819, 'Time': Timestamp('2009-03-23 04:28:21'), 'mag': 5.5}]",2
4045,2009-03-22 08:17:15.884,0,[],0
4046,2009-03-22 09:56:21.011,0,[],0
4047,2009-03-22 11:35:53.939,0,[],0
4048,2009-03-22 13:15:23.967,1,"[{'lat': 14.473, 'long': -45.065, 'Time': Timestamp('2009-03-24 12:34:54'), 'mag': 5.2}, {'lat': 14.473, 'long': -45.065, 'Time': Timestamp('2009-03-24 12:34:54'), 'mag': 5.2}]",2
4049,2009-03-22 14:54:22.968,0,[],0
4050,2009-03-22 19:46:54.073,0,[],0
4051,2009-03-22 21:22:51.292,1,"[{'lat': -15.165, 'long': -173.714, 'Time': Timestamp('2009-03-24 18:12:49'), 'mag': 5.2}, {'lat': -22.817, 'long': -175.251, 'Time': Timestamp('2009-03-23 04:43:34'), 'mag': 5.1}]",2
4052,2009-03-22 23:00:53.127,0,[],0
4053,2009-03-23 00:37:50.475,0,[],0
4054,2009-03-23 03:54:28.050,1,"[{'lat': 5.364, 'long': 94.38, 'Time': Timestamp('2009-03-23 14:58:12'), 'mag': 5.1}, {'lat': 5.257, 'long': 94.31, 'Time': Timestamp('2009-03-24 04:35:45'), 'mag': 5.0}]",2
4055,2009-03-23 05:32:25.644,0,[],0
4056,2009-03-23 07:10:56.553,0,[],0
4057,2009-03-23 08:47:21.601,0,[],0
4058,2009-03-23 10:26:50.412,0,[],0
4059,2009-03-23 12:06:23.340,0,[],0
4060,2009-03-23 13:45:53.368,1,"[{'lat': 14.473, 'long': -45.065, 'Time': Timestamp('2009-03-24 12:34:54'), 'mag': 5.2}]",1
4061,2009-03-23 15:24:25.248,0,[],0
4062,2009-03-23 17:02:23.421,0,[],0
4063,2009-03-23 18:39:49.330,0,[],0
4064,2009-03-23 20:16:53.474,0,[],0
4065,2009-03-23 21:53:21.916,1,"[{'lat': -15.165, 'long': -173.714, 'Time': Timestamp('2009-03-24 18:12:49'), 'mag': 5.2}, {'lat': -23.665, 'long': -175.776, 'Time': Timestamp('2009-03-25 21:46:00'), 'mag': 5.5}]",2
4066,2009-03-23 23:30:23.527,0,[],0
4067,2009-03-24 01:07:21.088,0,[],0
4068,2009-03-24 04:24:31.331,0,[],0
4069,2009-03-24 06:02:25.933,0,[],0
4070,2009-03-24 07:40:51.084,0,[],0
4071,2009-03-24 09:17:53.443,0,[],0
4072,2009-03-24 10:57:20.813,0,[],0
4073,2009-03-24 12:36:53.742,0,[],0
4074,2009-03-24 14:16:24.841,0,[],0
4075,2009-03-24 15:54:52.557,0,[],0
4076,2009-03-24 17:32:23.823,0,[],0
4077,2009-03-24 19:09:21.282,0,[],0
4078,2009-03-24 20:46:21.420,0,[],0
4079,2009-03-24 22:23:23.902,0,[],0
4080,2009-03-25 00:00:24.118,0,[],0
4081,2009-03-25 01:37:22.270,0,[],0
4082,2009-03-25 04:54:27.625,1,"[{'lat': -27.462, 'long': 73.303, 'Time': Timestamp('2009-03-26 06:14:22'), 'mag': 5.7}, {'lat': -27.462, 'long': 73.303, 'Time': Timestamp('2009-03-26 06:14:22'), 'mag': 5.7}]",2
4083,2009-03-25 06:32:57.775,0,[],0
4084,2009-03-25 08:09:24.252,0,[],0
4085,2009-03-25 09:48:21.709,0,[],0
4086,2009-03-25 11:27:53.310,0,[],0
4087,2009-03-25 13:07:23.337,0,[],0
4088,2009-03-25 14:46:18.242,0,[],0
4089,2009-03-25 19:39:22.428,0,[],0
4090,2009-03-25 21:14:55.758,1,"[{'lat': -23.665, 'long': -175.776, 'Time': Timestamp('2009-03-25 21:46:00'), 'mag': 5.5}, {'lat': -23.062, 'long': -175.174, 'Time': Timestamp('2009-03-26 10:00:30'), 'mag': 5.2}]",2
4091,2009-03-25 22:52:53.497,0,[],0
4092,2009-03-26 00:29:45.521,1,"[{'lat': 12.199, 'long': 143.954, 'Time': Timestamp('2009-03-26 10:30:36'), 'mag': 5.0}, {'lat': 12.199, 'long': 143.954, 'Time': Timestamp('2009-03-26 10:30:36'), 'mag': 5.0}]",2
4093,2009-03-26 02:07:21.084,1,"[{'lat': 27.415, 'long': 126.702, 'Time': Timestamp('2009-03-26 19:19:59'), 'mag': 5.9}]",1
4094,2009-03-26 03:46:54.437,0,[],0
4095,2009-03-26 05:24:26.014,0,[],0
4096,2009-03-26 07:02:56.923,0,[],0
4097,2009-03-26 08:39:20.643,0,[],0
4098,2009-03-26 10:18:50.782,0,[],0
4099,2009-03-26 11:58:23.711,0,[],0
4100,2009-03-26 13:37:53.738,0,[],0
4101,2009-03-26 15:16:51.522,1,"[{'lat': -5.72, 'long': -81.338, 'Time': Timestamp('2009-03-26 17:35:14'), 'mag': 5.8}]",1
4102,2009-03-26 16:54:53.792,1,"[{'lat': 17.399, 'long': -100.8, 'Time': Timestamp('2009-03-27 08:48:16'), 'mag': 5.3}]",1
4103,2009-03-26 18:31:49.700,0,[],0
4104,2009-03-26 20:08:53.845,0,[],0
4105,2009-03-26 21:44:54.943,1,"[{'lat': -23.351, 'long': -174.901, 'Time': Timestamp('2009-03-28 05:07:01'), 'mag': 5.0}]",1
4106,2009-03-26 23:22:23.897,0,[],0
4107,2009-03-27 00:59:51.458,1,"[{'lat': -0.695, 'long': 133.254, 'Time': Timestamp('2009-03-27 20:20:47'), 'mag': 5.0}, {'lat': -2.952, 'long': 139.543, 'Time': Timestamp('2009-03-28 17:59:31'), 'mag': 6.0}, {'lat': -0.695, 'long': 133.254, 'Time': Timestamp('2009-03-27 20:20:47'), 'mag': 5.0}, {'lat': -2.952, 'long': 139.543, 'Time': Timestamp('2009-03-28 17:59:31'), 'mag': 6.0}]",4
4108,2009-03-27 04:16:54.838,0,[],0
4109,2009-03-27 05:54:57.743,0,[],0
4110,2009-03-27 07:32:53.228,0,[],0
4111,2009-03-27 09:09:51.045,0,[],0
4112,2009-03-27 10:49:20.184,0,[],0
4113,2009-03-27 12:28:53.112,0,[],0
4114,2009-03-27 14:08:15.907,0,[],0
4115,2009-03-27 15:46:51.928,0,[],0
4116,2009-03-27 17:24:23.193,1,"[{'lat': 18.644, 'long': -107.325, 'Time': Timestamp('2009-03-27 17:53:04'), 'mag': 5.1}, {'lat': 18.644, 'long': -107.325, 'Time': Timestamp('2009-03-27 17:53:04'), 'mag': 5.1}]",2
4117,2009-03-27 19:01:49.212,0,[],0
4118,2009-03-27 20:38:18.023,0,[],0
4119,2009-03-27 22:15:21.353,1,"[{'lat': 52.703, 'long': -170.288, 'Time': Timestamp('2009-03-28 22:37:33'), 'mag': 5.0}, {'lat': 52.703, 'long': -170.288, 'Time': Timestamp('2009-03-28 22:37:33'), 'mag': 5.0}]",2
4120,2009-03-27 23:52:23.298,0,[],0
4121,2009-03-28 03:08:53.654,0,[],0
4122,2009-03-28 04:46:52.899,0,[],0
4123,2009-03-28 06:24:51.609,0,[],0
4124,2009-03-28 08:03:19.638,0,[],0
4125,2009-03-28 09:40:21.886,0,[],0
4126,2009-03-28 11:19:53.486,0,[],0
4127,2009-03-28 12:59:23.513,0,[],0
4128,2009-03-28 14:38:22.179,0,[],0
4129,2009-03-28 16:16:53.567,0,[],0
4130,2009-03-28 17:54:23.593,0,[],0
4131,2009-03-28 19:31:23.933,0,[],0
4132,2009-03-28 21:07:25.935,1,"[{'lat': 56.2872, 'long': -152.4774, 'Time': Timestamp('2009-03-30 03:42:46'), 'mag': 5.2}, {'lat': 56.2165, 'long': -152.3473, 'Time': Timestamp('2009-03-30 07:13:03'), 'mag': 5.9}, {'lat': 56.3028, 'long': -152.6549, 'Time': Timestamp('2009-03-30 17:38:13'), 'mag': 5.0}, {'lat': -23.106, 'long': -174.794, 'Time': Timestamp('2009-03-28 22:06:50'), 'mag': 5.1}]",4
4133,2009-03-28 22:44:53.673,1,"[{'lat': 51.535, 'long': -178.258, 'Time': Timestamp('2009-03-30 12:07:28'), 'mag': 5.7}, {'lat': 51.526, 'long': -178.267, 'Time': Timestamp('2009-03-30 12:11:54'), 'mag': 5.8}]",2
4134,2009-03-29 00:21:45.697,0,[],0
4135,2009-03-29 05:16:54.863,0,[],0
4136,2009-03-29 06:54:54.777,0,[],0
4137,2009-03-29 08:33:25.028,0,[],0
4138,2009-03-29 10:10:55.054,0,[],0
4139,2009-03-29 11:50:23.887,0,[],0
4140,2009-03-29 13:29:53.914,0,[],0
4141,2009-03-29 15:08:53.026,0,[],0
4142,2009-03-29 20:01:24.021,0,[],0
4143,2009-03-29 21:37:52.463,1,"[{'lat': 56.2872, 'long': -152.4774, 'Time': Timestamp('2009-03-30 03:42:46'), 'mag': 5.2}, {'lat': 56.2165, 'long': -152.3473, 'Time': Timestamp('2009-03-30 07:13:03'), 'mag': 5.9}, {'lat': 56.3028, 'long': -152.6549, 'Time': Timestamp('2009-03-30 17:38:13'), 'mag': 5.0}, {'lat': -15.664, 'long': -173.452, 'Time': Timestamp('2009-03-31 07:56:17'), 'mag': 5.0}, {'lat': -15.664, 'long': -173.452, 'Time': Timestamp('2009-03-31 07:56:17'), 'mag': 5.0}]",5
4144,2009-03-29 23:14:54.074,0,[],0
4145,2009-03-30 00:51:51.962,1,"[{'lat': 18.313, 'long': 145.716, 'Time': Timestamp('2009-03-31 15:29:31'), 'mag': 5.5}, {'lat': -2.009, 'long': 139.029, 'Time': Timestamp('2009-03-31 01:21:03'), 'mag': 5.1}, {'lat': -2.009, 'long': 139.029, 'Time': Timestamp('2009-03-31 01:21:03'), 'mag': 5.1}]",3
4146,2009-03-30 04:08:55.342,0,[],0
4147,2009-03-30 05:46:54.152,0,[],0
4148,2009-03-30 07:24:52.404,0,[],0
4149,2009-03-30 09:01:50.221,0,[],0
4150,2009-03-30 10:41:20.359,0,[],0
4151,2009-03-30 12:21:23.288,0,[],0
4152,2009-03-30 14:00:24.275,0,[],0
4153,2009-03-30 15:38:52.651,0,[],0
4154,2009-03-30 17:16:53.369,0,[],0
4155,2009-03-30 18:53:53.396,0,[],0
4156,2009-03-30 20:30:53.422,0,[],0
4157,2009-03-30 22:07:23.080,0,[],0
4158,2009-03-30 23:44:23.474,1,"[{'lat': -6.787, 'long': 155.089, 'Time': Timestamp('2009-03-31 02:33:01'), 'mag': 5.0}]",1
4159,2009-03-31 01:21:50.488,0,[],0
4160,2009-03-31 04:39:01.279,0,[],0
4161,2009-03-31 06:16:54.776,0,[],0
4162,2009-03-31 07:55:21.143,0,[],0
4163,2009-03-31 09:32:16.638,0,[],0
4164,2009-03-31 11:11:53.662,0,[],0
4165,2009-03-31 12:51:53.690,0,[],0
4166,2009-03-31 14:30:52.243,0,[],0
4167,2009-03-31 16:08:53.744,0,[],0
4168,2009-03-31 17:46:23.770,0,[],0
4169,2009-03-31 19:23:53.797,0,[],0
4170,2009-03-31 22:37:23.849,0,[],0
