index,time_window,label,matched_eqs,total_eq
0,2007-04-01 00:47:19.814,0,[],0
1,2007-04-01 02:24:51.281,0,[],0
2,2007-04-01 05:42:23.332,0,[],0
3,2007-04-01 07:20:26.015,0,[],0
4,2007-04-01 08:57:20.729,0,[],0
5,2007-04-01 10:36:22.196,0,[],0
6,2007-04-01 12:16:23.909,0,[],0
7,2007-04-01 13:55:53.935,0,[],0
8,2007-04-01 15:34:24.923,0,[],0
9,2007-04-01 20:26:54.042,0,[],0
10,2007-04-01 22:03:52.372,0,[],0
11,2007-04-01 23:40:53.095,0,[],0
12,2007-04-02 01:17:47.887,1,"[{'lat': 44.305, 'long': 149.167, 'Time': Timestamp('2007-04-02 06:58:51'), 'mag': 5.1}, {'lat': 44.202, 'long': 149.172, 'Time': Timestamp('2007-04-02 12:19:22'), 'mag': 5.3}, {'lat': 23.343, 'long': 143.757, 'Time': Timestamp('2007-04-04 00:18:25'), 'mag': 5.1}]",3
13,2007-04-02 04:34:55.252,0,[],0
14,2007-04-02 06:12:58.046,1,"[{'lat': 36.451, 'long': 70.688, 'Time': Timestamp('2007-04-03 03:35:07'), 'mag': 6.2}]",1
15,2007-04-02 07:51:23.419,0,[],0
16,2007-04-02 09:28:20.130,0,[],0
17,2007-04-02 11:07:53.037,0,[],0
18,2007-04-02 12:47:23.309,0,[],0
19,2007-04-02 14:26:52.745,0,[],0
20,2007-04-02 16:05:25.652,0,[],0
21,2007-04-02 17:42:51.594,0,[],0
22,2007-04-02 19:20:22.067,0,[],0
23,2007-04-02 20:57:23.443,0,[],0
24,2007-04-02 22:33:50.222,0,[],0
25,2007-04-03 00:10:53.496,1,"[{'lat': -9.742, 'long': 154.629, 'Time': Timestamp('2007-04-03 00:22:09'), 'mag': 5.5}, {'lat': -6.742, 'long': 154.889, 'Time': Timestamp('2007-04-03 22:17:42'), 'mag': 5.6}, {'lat': -6.789, 'long': 154.957, 'Time': Timestamp('2007-04-04 06:09:42'), 'mag': 5.2}, {'lat': -6.819, 'long': 154.995, 'Time': Timestamp('2007-04-04 09:35:57'), 'mag': 5.6}, {'lat': -6.792, 'long': 154.98, 'Time': Timestamp('2007-04-04 09:40:25'), 'mag': 5.0}, {'lat': -6.758, 'long': 154.835, 'Time': Timestamp('2007-04-04 09:46:13'), 'mag': 5.5}]",6
26,2007-04-03 01:48:21.726,0,[],0
27,2007-04-03 05:05:24.548,0,[],0
28,2007-04-03 06:43:22.353,0,[],0
29,2007-04-03 08:21:51.164,0,[],0
30,2007-04-03 09:59:23.299,0,[],0
31,2007-04-03 11:38:53.684,0,[],0
32,2007-04-03 13:18:23.711,0,[],0
33,2007-04-03 14:57:12.410,0,[],0
34,2007-04-03 16:35:49.089,0,[],0
35,2007-04-03 18:13:23.792,0,[],0
36,2007-04-03 19:50:19.923,0,[],0
37,2007-04-03 21:27:23.844,0,[],0
38,2007-04-03 23:04:19.630,1,"[{'lat': -20.715, 'long': 168.828, 'Time': Timestamp('2007-04-04 11:00:27'), 'mag': 6.2}, {'lat': -20.688, 'long': 169.056, 'Time': Timestamp('2007-04-04 11:02:29'), 'mag': 6.5}, {'lat': -20.683, 'long': 168.848, 'Time': Timestamp('2007-04-04 13:36:24'), 'mag': 5.0}, {'lat': -20.649, 'long': 168.817, 'Time': Timestamp('2007-04-04 16:38:42'), 'mag': 5.0}]",4
39,2007-04-04 00:41:18.663,0,[],0
40,2007-04-04 02:18:55.554,0,[],0
41,2007-04-04 05:35:54.837,0,[],0
42,2007-04-04 07:14:26.192,0,[],0
43,2007-04-04 08:52:57.882,0,[],0
44,2007-04-04 10:30:21.430,0,[],0
45,2007-04-04 12:09:53.143,0,[],0
46,2007-04-04 13:49:23.169,0,[],0
47,2007-04-04 20:20:53.277,0,[],0
48,2007-04-04 21:57:50.278,1,"[{'lat': -17.332, 'long': -176.867, 'Time': Timestamp('2007-04-05 02:46:25'), 'mag': 5.1}, {'lat': -16.999, 'long': -176.941, 'Time': Timestamp('2007-04-05 03:25:07'), 'mag': 5.7}]",2
49,2007-04-04 23:34:19.312,0,[],0
50,2007-04-05 01:11:50.890,0,[],0
51,2007-04-05 04:28:55.597,0,[],0
52,2007-04-05 06:06:58.280,0,[],0
53,2007-04-05 07:44:53.106,0,[],0
54,2007-04-05 09:21:51.692,0,[],0
55,2007-04-05 11:01:19.063,0,[],0
56,2007-04-05 12:41:23.544,1,"[{'lat': 37.227, 'long': -24.649, 'Time': Timestamp('2007-04-06 15:21:39'), 'mag': 5.0}, {'lat': 37.306, 'long': -24.494, 'Time': Timestamp('2007-04-07 07:09:25'), 'mag': 6.1}]",2
57,2007-04-05 14:20:17.667,0,[],0
58,2007-04-05 17:36:53.156,1,"[{'lat': -55.373, 'long': -123.645, 'Time': Timestamp('2007-04-06 05:54:20'), 'mag': 5.9}]",1
59,2007-04-05 20:50:53.678,0,[],0
60,2007-04-05 22:27:54.553,0,[],0
61,2007-04-06 00:04:53.730,1,"[{'lat': -6.949, 'long': 155.771, 'Time': Timestamp('2007-04-06 18:48:17'), 'mag': 5.9}]",1
62,2007-04-06 04:59:27.326,0,[],0
63,2007-04-06 06:37:21.918,0,[],0
64,2007-04-06 08:15:51.398,0,[],0
65,2007-04-06 09:52:53.534,0,[],0
66,2007-04-06 11:32:53.918,0,[],0
67,2007-04-06 13:12:23.945,0,[],0
68,2007-04-06 14:51:24.932,0,[],0
69,2007-04-06 16:29:52.091,0,[],0
70,2007-04-06 18:07:24.026,0,[],0
71,2007-04-06 19:44:20.157,0,[],0
72,2007-04-06 21:21:24.078,0,[],0
73,2007-04-06 22:58:18.865,1,"[{'lat': -20.833, 'long': 168.677, 'Time': Timestamp('2007-04-07 08:30:10'), 'mag': 5.2}, {'lat': -20.833, 'long': 168.677, 'Time': Timestamp('2007-04-07 08:30:10'), 'mag': 5.2}]",2
74,2007-04-07 00:35:19.225,0,[],0
75,2007-04-07 03:51:50.830,0,[],0
76,2007-04-07 05:29:55.399,0,[],0
77,2007-04-07 07:08:28.083,1,"[{'lat': 14.451, 'long': 53.807, 'Time': Timestamp('2007-04-08 23:11:16'), 'mag': 5.1}]",1
78,2007-04-07 08:44:53.466,0,[],0
79,2007-04-07 10:24:23.292,0,[],0
80,2007-04-07 12:03:53.320,0,[],0
81,2007-04-07 13:43:23.346,0,[],0
82,2007-04-07 15:22:18.910,0,[],0
83,2007-04-07 17:00:23.400,0,[],0
84,2007-04-07 18:37:53.427,0,[],0
85,2007-04-07 20:14:53.454,0,[],0
86,2007-04-07 21:51:50.455,0,[],0
87,2007-04-07 23:28:23.473,0,[],0
88,2007-04-08 01:05:53.533,1,"[{'lat': 49.281, 'long': 155.464, 'Time': Timestamp('2007-04-08 03:21:58'), 'mag': 5.0}]",1
89,2007-04-08 06:00:26.493,0,[],0
90,2007-04-08 07:38:56.520,0,[],0
91,2007-04-08 09:15:53.666,0,[],0
92,2007-04-08 10:55:19.575,0,[],0
93,2007-04-08 12:34:53.720,1,"[{'lat': 36.984, 'long': -24.313, 'Time': Timestamp('2007-04-08 18:25:58'), 'mag': 5.0}]",1
94,2007-04-08 14:14:23.747,0,[],0
95,2007-04-08 15:52:43.664,0,[],0
96,2007-04-08 17:30:53.802,0,[],0
97,2007-04-08 19:08:23.828,0,[],0
98,2007-04-08 20:44:56.142,0,[],0
99,2007-04-08 22:21:53.880,0,[],0
100,2007-04-08 23:58:53.907,1,"[{'lat': -6.834, 'long': 155.816, 'Time': Timestamp('2007-04-09 00:58:18'), 'mag': 5.4}]",1
101,2007-04-09 01:35:53.933,0,[],0
102,2007-04-09 04:53:26.867,0,[],0
103,2007-04-09 06:31:24.863,0,[],0
104,2007-04-09 08:09:54.242,0,[],0
105,2007-04-09 09:46:54.046,0,[],0
106,2007-04-09 11:26:23.094,0,[],0
107,2007-04-09 13:05:53.122,0,[],0
108,2007-04-09 14:45:24.109,0,[],0
109,2007-04-09 16:23:53.265,1,"[{'lat': 11.261, 'long': -86.296, 'Time': Timestamp('2007-04-10 16:45:44'), 'mag': 5.2}]",1
110,2007-04-09 18:01:23.203,0,[],0
111,2007-04-09 19:38:23.229,0,[],0
112,2007-04-09 21:15:25.544,0,[],0
113,2007-04-09 22:52:19.041,1,"[{'lat': -21.308, 'long': 169.156, 'Time': Timestamp('2007-04-11 16:26:36'), 'mag': 5.1}, {'lat': -21.308, 'long': 169.156, 'Time': Timestamp('2007-04-11 16:26:36'), 'mag': 5.1}]",2
114,2007-04-10 00:29:23.308,0,[],0
115,2007-04-10 05:23:56.268,0,[],0
116,2007-04-10 07:01:54.375,0,[],0
117,2007-04-10 10:17:53.469,0,[],0
118,2007-04-10 11:57:23.496,0,[],0
119,2007-04-10 13:37:23.523,0,[],0
120,2007-04-10 15:15:50.414,0,[],0
121,2007-04-10 16:54:22.450,0,[],0
122,2007-04-10 18:31:53.604,0,[],0
123,2007-04-10 20:08:53.630,0,[],0
124,2007-04-10 23:22:20.770,0,[],0
125,2007-04-11 00:59:23.709,1,"[{'lat': 46.453, 'long': 153.549, 'Time': Timestamp('2007-04-11 10:30:57'), 'mag': 5.3}]",1
126,2007-04-11 04:16:26.642,0,[],0
127,2007-04-11 05:54:26.669,0,[],0
128,2007-04-11 07:32:56.696,0,[],0
129,2007-04-11 09:09:23.843,0,[],0
130,2007-04-11 10:48:53.870,0,[],0
131,2007-04-11 12:28:53.954,0,[],0
132,2007-04-11 14:08:23.982,0,[],0
133,2007-04-11 15:46:49.321,0,[],0
134,2007-04-11 20:38:47.185,0,[],0
135,2007-04-11 22:15:53.115,1,"[{'lat': -16.083, 'long': -178.877, 'Time': Timestamp('2007-04-13 01:50:27'), 'mag': 5.2}]",1
136,2007-04-11 23:52:53.142,0,[],0
137,2007-04-12 01:29:53.168,1,"[{'lat': 33.593, 'long': 140.81, 'Time': Timestamp('2007-04-13 18:11:06'), 'mag': 5.4}]",1
138,2007-04-12 04:47:26.101,0,[],0
139,2007-04-12 06:25:25.983,0,[],0
140,2007-04-12 08:03:26.155,0,[],0
141,2007-04-12 09:40:17.632,0,[],0
142,2007-04-12 11:20:23.329,0,[],0
143,2007-04-12 12:59:53.356,0,[],0
144,2007-04-12 14:38:50.136,0,[],0
145,2007-04-12 16:17:20.731,0,[],0
146,2007-04-12 19:32:23.463,0,[],0
147,2007-04-12 21:09:25.778,0,[],0
148,2007-04-12 22:45:50.603,1,"[{'lat': 52.402, 'long': -168.213, 'Time': Timestamp('2007-04-13 21:56:52'), 'mag': 5.3}]",1
149,2007-04-13 00:23:23.542,0,[],0
150,2007-04-13 02:00:22.654,1,"[{'lat': -1.132, 'long': 126.956, 'Time': Timestamp('2007-04-13 09:14:50'), 'mag': 5.5}, {'lat': 7.827, 'long': 126.991, 'Time': Timestamp('2007-04-14 03:02:37'), 'mag': 5.0}, {'lat': -1.132, 'long': 126.956, 'Time': Timestamp('2007-04-13 09:14:50'), 'mag': 5.5}]",3
151,2007-04-13 05:17:56.502,0,[],0
152,2007-04-13 06:55:53.170,0,[],0
153,2007-04-13 08:34:23.877,0,[],0
154,2007-04-13 10:11:52.688,0,[],0
155,2007-04-13 11:51:23.730,0,[],0
156,2007-04-13 13:30:53.758,0,[],0
157,2007-04-13 15:09:54.745,0,[],0
158,2007-04-13 16:48:21.245,0,[],0
159,2007-04-13 18:25:23.837,0,[],0
160,2007-04-13 20:02:53.864,0,[],0
161,2007-04-13 23:16:21.004,0,[],0
162,2007-04-14 00:53:23.944,0,[],0
163,2007-04-14 05:48:26.904,0,[],0
164,2007-04-14 07:26:26.930,0,[],0
165,2007-04-14 09:03:24.077,0,[],0
166,2007-04-14 10:42:53.105,0,[],0
167,2007-04-14 12:22:23.131,0,[],0
168,2007-04-14 14:01:53.158,0,[],0
169,2007-04-14 15:40:48.498,0,[],0
170,2007-04-14 18:55:53.239,0,[],0
171,2007-04-14 20:32:47.362,0,[],0
172,2007-04-14 22:09:53.291,0,[],0
173,2007-04-14 23:46:53.318,0,[],0
174,2007-04-15 01:23:53.344,1,"[{'lat': 27.457, 'long': 141.513, 'Time': Timestamp('2007-04-16 00:55:04'), 'mag': 5.1}]",1
175,2007-04-15 04:40:56.278,0,[],0
176,2007-04-15 06:18:56.304,1,"[{'lat': 39.279, 'long': 72.772, 'Time': Timestamp('2007-04-15 13:59:28'), 'mag': 5.0}, {'lat': 39.279, 'long': 72.772, 'Time': Timestamp('2007-04-15 13:59:28'), 'mag': 5.0}]",2
177,2007-04-15 07:57:26.332,0,[],0
178,2007-04-15 09:34:23.233,0,[],0
179,2007-04-15 11:13:53.506,0,[],0
180,2007-04-15 14:32:51.641,0,[],0
181,2007-04-15 19:26:23.640,0,[],0
182,2007-04-15 21:00:20.753,0,[],0
183,2007-04-15 22:39:53.548,0,[],0
184,2007-04-16 00:16:53.719,1,"[{'lat': -4.475, 'long': 152.233, 'Time': Timestamp('2007-04-17 06:20:12'), 'mag': 5.2}]",1
185,2007-04-16 01:54:23.746,0,[],0
186,2007-04-16 05:11:26.679,0,[],0
187,2007-04-16 06:49:54.675,0,[],0
188,2007-04-16 08:28:24.054,0,[],0
189,2007-04-16 10:05:21.425,0,[],0
190,2007-04-16 11:45:23.907,0,[],0
191,2007-04-16 13:24:53.934,0,[],0
192,2007-04-16 15:03:54.922,0,[],0
193,2007-04-16 16:41:51.310,0,[],0
194,2007-04-16 18:19:24.014,0,[],0
195,2007-04-16 19:56:24.041,0,[],0
196,2007-04-16 21:32:26.244,0,[],0
197,2007-04-16 23:10:20.181,0,[],0
198,2007-04-17 00:47:23.120,0,[],0
199,2007-04-17 05:42:26.080,0,[],0
200,2007-04-17 07:20:26.107,0,[],0
201,2007-04-17 08:57:23.254,0,[],0
202,2007-04-17 10:36:53.282,0,[],0
203,2007-04-17 12:16:23.308,0,[],0
204,2007-04-17 13:55:53.336,0,[],0
205,2007-04-17 15:34:20.226,0,[],0
206,2007-04-17 17:12:23.389,0,[],0
207,2007-04-17 18:49:53.415,0,[],0
208,2007-04-17 20:26:50.306,0,[],0
209,2007-04-17 22:02:53.324,0,[],0
210,2007-04-17 23:40:53.495,0,[],0
211,2007-04-18 01:17:53.521,0,[],0
212,2007-04-18 04:34:56.454,0,[],0
213,2007-04-18 06:12:56.481,0,[],0
214,2007-04-18 07:51:26.509,0,[],0
215,2007-04-18 09:28:23.410,0,[],0
216,2007-04-18 11:07:53.682,0,[],0
217,2007-04-18 12:47:23.767,0,[],0
218,2007-04-18 14:26:53.203,0,[],0
219,2007-04-18 19:20:23.874,0,[],0
220,2007-04-18 20:57:22.093,0,[],0
221,2007-04-18 22:33:53.927,0,[],0
222,2007-04-19 00:10:53.954,0,[],0
223,2007-04-19 01:48:23.980,1,"[{'lat': -0.966, 'long': 127.063, 'Time': Timestamp('2007-04-20 01:19:09'), 'mag': 5.0}]",1
224,2007-04-19 05:05:26.914,0,[],0
225,2007-04-19 06:43:26.237,0,[],0
226,2007-04-19 08:21:53.288,0,[],0
227,2007-04-19 09:59:21.875,0,[],0
228,2007-04-19 11:38:53.142,0,[],0
229,2007-04-19 13:18:23.169,0,[],0
230,2007-04-19 14:57:24.155,0,[],0
231,2007-04-19 16:35:50.543,0,[],0
232,2007-04-19 18:13:23.249,0,[],0
233,2007-04-19 19:50:23.275,0,[],0
234,2007-04-19 21:26:25.478,0,[],0
235,2007-04-19 23:04:19.088,1,"[{'lat': 52.654, 'long': -176.104, 'Time': Timestamp('2007-04-20 17:20:09'), 'mag': 5.4}, {'lat': -13.838, 'long': 166.843, 'Time': Timestamp('2007-04-21 17:20:31'), 'mag': 6.1}]",2
236,2007-04-20 00:41:23.355,0,[],0
237,2007-04-20 02:18:53.382,1,"[{'lat': 27.471, 'long': 128.379, 'Time': Timestamp('2007-04-20 19:37:58'), 'mag': 5.7}, {'lat': -0.14, 'long': 124.416, 'Time': Timestamp('2007-04-20 13:21:00'), 'mag': 5.1}]",2
238,2007-04-20 05:35:56.314,0,[],0
239,2007-04-20 07:14:26.341,0,[],0
240,2007-04-20 08:52:56.369,0,[],0
241,2007-04-20 10:30:23.515,0,[],0
242,2007-04-20 12:09:53.543,0,[],0
243,2007-04-20 13:49:23.570,0,[],0
244,2007-04-20 15:28:20.461,0,[],0
245,2007-04-20 17:06:23.623,0,[],0
246,2007-04-20 18:43:53.650,0,[],0
247,2007-04-20 20:20:54.636,0,[],0
248,2007-04-20 21:56:51.783,0,[],0
249,2007-04-20 23:34:19.712,0,[],0
250,2007-04-21 01:11:53.756,0,[],0
251,2007-04-21 04:28:56.689,0,[],0
252,2007-04-21 06:06:56.716,0,[],0
253,2007-04-21 07:44:56.742,0,[],0
254,2007-04-21 09:21:51.100,0,[],0
255,2007-04-21 11:01:40.279,0,[],0
256,2007-04-21 12:41:23.140,0,[],0
257,2007-04-21 14:20:23.971,0,[],0
258,2007-04-21 15:59:22.636,1,"[{'lat': -3.741, 'long': -81.227, 'Time': Timestamp('2007-04-22 11:57:41'), 'mag': 5.4}]",1
259,2007-04-21 17:36:54.024,0,[],0
260,2007-04-21 19:14:24.051,0,[],0
261,2007-04-21 20:50:55.366,0,[],0
262,2007-04-21 22:27:53.104,0,[],0
263,2007-04-22 00:04:53.130,0,[],0
264,2007-04-22 01:42:23.157,1,"[{'lat': -6.755, 'long': 129.748, 'Time': Timestamp('2007-04-23 05:13:54'), 'mag': 5.0}]",1
265,2007-04-22 04:59:26.090,0,[],0
266,2007-04-22 06:37:25.414,0,[],0
267,2007-04-22 08:15:53.465,0,[],0
268,2007-04-22 09:52:51.940,0,[],0
269,2007-04-22 11:32:53.318,0,[],0
270,2007-04-22 13:12:23.345,0,[],0
271,2007-04-22 14:51:23.373,0,[],0
272,2007-04-22 19:44:23.452,0,[],0
273,2007-04-22 21:20:21.559,0,[],0
274,2007-04-22 22:58:19.265,1,"[{'lat': -20.629, 'long': 169.217, 'Time': Timestamp('2007-04-23 09:45:25'), 'mag': 5.1}, {'lat': -20.55, 'long': 169.403, 'Time': Timestamp('2007-04-23 10:45:58'), 'mag': 5.1}, {'lat': -20.629, 'long': 169.217, 'Time': Timestamp('2007-04-23 09:45:25'), 'mag': 5.1}]",3
275,2007-04-23 00:35:23.532,0,[],0
276,2007-04-23 05:29:56.491,0,[],0
277,2007-04-23 07:08:26.518,1,"[{'lat': 28.19, 'long': 56.22, 'Time': Timestamp('2007-04-25 04:19:00'), 'mag': 5.2}]",1
278,2007-04-23 08:44:53.866,0,[],0
279,2007-04-23 10:24:23.692,0,[],0
280,2007-04-23 12:03:51.476,0,[],0
281,2007-04-23 13:43:23.746,1,"[{'lat': 28.995, 'long': -43.162, 'Time': Timestamp('2007-04-24 05:56:32'), 'mag': 5.0}, {'lat': 28.921, 'long': -43.188, 'Time': Timestamp('2007-04-24 07:25:43'), 'mag': 5.0}, {'lat': 28.879, 'long': -43.104, 'Time': Timestamp('2007-04-24 07:36:56'), 'mag': 5.1}, {'lat': 28.989, 'long': -43.231, 'Time': Timestamp('2007-04-24 12:57:51'), 'mag': 5.1}, {'lat': 28.985, 'long': -43.208, 'Time': Timestamp('2007-04-24 16:07:40'), 'mag': 5.3}, {'lat': 28.946, 'long': -43.096, 'Time': Timestamp('2007-04-24 22:47:11'), 'mag': 5.0}, {'lat': 28.864, 'long': -43.003, 'Time': Timestamp('2007-04-25 12:34:28'), 'mag': 5.1}]",7
282,2007-04-23 15:22:20.861,0,[],0
283,2007-04-23 17:00:23.800,0,[],0
284,2007-04-23 18:37:53.827,0,[],0
285,2007-04-23 20:14:53.719,0,[],0
286,2007-04-23 21:50:51.961,0,[],0
287,2007-04-23 23:28:23.873,0,[],0
288,2007-04-24 01:05:53.933,1,"[{'lat': 46.634, 'long': 152.586, 'Time': Timestamp('2007-04-25 10:06:49'), 'mag': 5.0}]",1
289,2007-04-24 06:00:26.893,0,[],0
290,2007-04-24 07:38:56.920,0,[],0
291,2007-04-24 09:15:54.066,0,[],0
292,2007-04-24 10:55:18.975,0,[],0
293,2007-04-24 12:34:53.645,0,[],0
294,2007-04-24 14:14:23.148,0,[],0
295,2007-04-24 15:52:47.606,0,[],0
296,2007-04-24 17:30:53.201,0,[],0
297,2007-04-24 19:08:23.228,0,[],0
298,2007-04-24 20:44:59.638,0,[],0
299,2007-04-24 22:21:53.281,0,[],0
300,2007-04-24 23:58:53.308,0,[],0
301,2007-04-25 01:35:53.334,1,"[{'lat': 42.44, 'long': 143.558, 'Time': Timestamp('2007-04-26 16:37:57'), 'mag': 5.3}]",1
302,2007-04-25 04:53:26.267,0,[],0
303,2007-04-25 06:31:24.263,0,[],0
304,2007-04-25 08:09:53.642,0,[],0
305,2007-04-25 09:46:53.504,0,[],0
306,2007-04-25 11:26:23.554,0,[],0
307,2007-04-25 13:06:23.224,0,[],0
308,2007-04-25 14:45:23.608,1,"[{'lat': -28.157, 'long': -70.78, 'Time': Timestamp('2007-04-26 12:13:29'), 'mag': 5.2}]",1
309,2007-04-25 19:38:23.687,0,[],0
310,2007-04-25 21:14:23.681,0,[],0
311,2007-04-25 22:52:23.596,0,[],0
312,2007-04-26 00:29:23.767,0,[],0
313,2007-04-26 05:23:56.727,0,[],0
314,2007-04-26 07:01:54.834,0,[],0
315,2007-04-26 08:38:52.662,0,[],0
316,2007-04-26 10:17:53.928,0,[],0
317,2007-04-26 11:57:55.808,0,[],0
318,2007-04-26 13:37:23.982,0,[],0
319,2007-04-26 15:15:52.425,0,[],0
320,2007-04-26 16:54:24.036,0,[],0
321,2007-04-26 18:31:54.063,0,[],0
322,2007-04-26 20:08:53.089,0,[],0
323,2007-04-26 21:44:20.314,0,[],0
324,2007-04-26 23:22:22.997,1,"[{'lat': -11.98, 'long': 166.582, 'Time': Timestamp('2007-04-28 09:12:26'), 'mag': 5.2}]",1
325,2007-04-27 00:59:23.168,1,"[{'lat': 48.096, 'long': 154.981, 'Time': Timestamp('2007-04-28 20:12:49'), 'mag': 5.0}]",1
326,2007-04-27 04:16:26.102,1,"[{'lat': 5.359, 'long': 94.635, 'Time': Timestamp('2007-04-27 08:02:49'), 'mag': 5.9}]",1
327,2007-04-27 05:54:26.128,0,[],0
328,2007-04-27 07:32:56.155,0,[],0
329,2007-04-27 09:09:23.302,0,[],0
330,2007-04-27 10:48:53.329,0,[],0
331,2007-04-27 12:28:53.881,0,[],0
332,2007-04-27 14:08:23.384,0,[],0
333,2007-04-27 15:46:50.497,0,[],0
334,2007-04-27 17:24:53.437,1,"[{'lat': 16.945, 'long': -99.825, 'Time': Timestamp('2007-04-28 13:56:36'), 'mag': 5.1}, {'lat': 16.945, 'long': -99.825, 'Time': Timestamp('2007-04-28 13:56:36'), 'mag': 5.1}]",2
335,2007-04-27 19:01:53.464,0,[],0
336,2007-04-27 20:38:51.682,0,[],0
337,2007-04-27 22:15:52.925,0,[],0
338,2007-04-27 23:52:53.543,1,"[{'lat': -8.308, 'long': 157.173, 'Time': Timestamp('2007-04-29 03:44:32'), 'mag': 5.5}, {'lat': -6.893, 'long': 155.993, 'Time': Timestamp('2007-04-29 17:08:51'), 'mag': 5.0}]",2
339,2007-04-28 01:29:53.569,0,[],0
340,2007-04-28 04:47:26.503,0,[],0
341,2007-04-28 06:25:26.385,0,[],0
342,2007-04-28 08:03:26.556,0,[],0
343,2007-04-28 09:40:52.130,0,[],0
344,2007-04-28 11:20:23.597,0,[],0
345,2007-04-28 14:38:54.857,0,[],0
346,2007-04-28 16:17:23.342,0,[],0
347,2007-04-28 17:55:23.838,0,[],0
348,2007-04-28 19:32:19.970,0,[],0
349,2007-04-28 21:06:20.978,0,[],0
350,2007-04-28 22:45:51.005,0,[],0
351,2007-04-29 00:23:23.944,0,[],0
352,2007-04-29 02:00:22.720,0,[],0
353,2007-04-29 03:39:52.971,0,[],0
354,2007-04-29 05:17:56.435,0,[],0
355,2007-04-29 06:55:49.475,0,[],0
356,2007-04-29 08:34:23.379,0,[],0
357,2007-04-29 10:11:50.202,0,[],0
358,2007-04-29 11:51:23.132,0,[],0
359,2007-04-29 13:30:53.158,0,[],0
360,2007-04-29 15:09:52.159,0,[],0
361,2007-04-29 20:02:53.265,0,[],0
362,2007-04-29 21:38:20.491,0,[],0
363,2007-04-29 23:16:20.406,0,[],0
364,2007-04-30 00:53:20.666,0,[],0
365,2007-04-30 05:48:25.836,0,[],0
366,2007-04-30 07:26:27.191,0,[],0
367,2007-04-30 09:03:21.793,0,[],0
368,2007-04-30 10:42:50.604,0,[],0
369,2007-04-30 14:01:53.560,0,[],0
370,2007-04-30 15:40:54.771,0,[],0
371,2007-04-30 17:18:53.613,0,[],0
372,2007-04-30 18:55:49.522,0,[],0
373,2007-04-30 20:32:47.763,0,[],0
374,2007-04-30 22:08:54.765,0,[],0
375,2007-04-30 23:46:53.720,1,"[{'lat': -8.878, 'long': 157.814, 'Time': Timestamp('2007-05-02 11:22:31'), 'mag': 5.1}]",1
376,2007-05-01 01:23:51.280,0,[],0
377,2007-05-01 04:41:01.524,0,[],0
378,2007-05-01 06:18:56.126,0,[],0
379,2007-05-01 07:57:21.275,0,[],0
380,2007-05-01 09:34:23.634,0,[],0
381,2007-05-01 11:13:51.005,0,[],0
382,2007-05-01 12:53:53.935,0,[],0
383,2007-05-01 14:32:45.401,0,[],0
384,2007-05-01 16:11:23.519,0,[],0
385,2007-05-01 17:49:24.015,0,[],0
386,2007-05-01 19:26:22.803,0,[],0
387,2007-05-01 21:03:26.356,0,[],0
388,2007-05-01 22:39:53.094,0,[],0
389,2007-05-02 00:16:53.310,0,[],0
390,2007-05-02 01:54:21.462,1,"[{'lat': 3.587, 'long': 127.507, 'Time': Timestamp('2007-05-03 20:52:10'), 'mag': 5.0}]",1
391,2007-05-02 05:11:26.940,0,[],0
392,2007-05-02 06:49:54.076,0,[],0
393,2007-05-02 08:28:19.461,0,[],0
394,2007-05-02 11:45:23.369,0,[],0
395,2007-05-02 13:24:53.396,0,[],0
396,2007-05-02 15:03:48.301,0,[],0
397,2007-05-02 19:56:21.047,0,[],0
398,2007-05-02 21:33:22.938,0,[],0
399,2007-05-02 23:10:20.643,0,[],0
400,2007-05-03 00:47:15.581,0,[],0
401,2007-05-03 05:42:24.745,0,[],0
402,2007-05-03 07:20:23.333,0,[],0
403,2007-05-03 08:57:19.374,0,[],0
404,2007-05-03 10:36:53.609,0,[],0
405,2007-05-03 12:16:23.770,0,[],0
406,2007-05-03 13:55:53.797,0,[],0
407,2007-05-03 15:34:22.240,0,[],0
408,2007-05-03 17:12:23.851,1,"[{'lat': 17.201, 'long': -96.842, 'Time': Timestamp('2007-05-04 10:21:10'), 'mag': 5.0}]",1
409,2007-05-03 18:49:49.760,0,[],0
410,2007-05-03 20:26:50.768,0,[],0
411,2007-05-03 22:03:48.250,0,[],0
412,2007-05-03 23:40:53.957,0,[],0
413,2007-05-04 01:17:52.846,0,[],0
414,2007-05-04 04:34:54.897,0,[],0
415,2007-05-04 06:12:55.035,0,[],0
416,2007-05-04 07:51:20.513,0,[],0
417,2007-05-04 09:28:24.200,0,[],0
418,2007-05-04 11:07:50.243,0,[],0
419,2007-05-04 12:47:23.172,0,[],0
420,2007-05-04 14:26:45.967,0,[],0
421,2007-05-04 16:05:21.429,0,[],0
422,2007-05-04 17:42:53.252,0,[],0
423,2007-05-04 19:20:23.368,0,[],0
424,2007-05-04 20:57:21.498,0,[],0
425,2007-05-04 22:33:53.332,0,[],0
426,2007-05-05 00:10:53.358,0,[],0
427,2007-05-05 01:48:20.371,1,"[{'lat': -7.348, 'long': 128.404, 'Time': Timestamp('2007-05-05 19:06:39'), 'mag': 5.4}, {'lat': -7.348, 'long': 128.404, 'Time': Timestamp('2007-05-05 19:06:39'), 'mag': 5.4}]",2
428,2007-05-05 05:05:24.409,1,"[{'lat': 34.674, 'long': 89.982, 'Time': Timestamp('2007-05-05 17:38:23'), 'mag': 5.0}]",1
429,2007-05-05 06:43:25.642,0,[],0
430,2007-05-05 08:21:49.698,0,[],0
431,2007-05-05 09:59:21.945,0,[],0
432,2007-05-05 11:38:53.545,0,[],0
433,2007-05-05 13:18:23.573,1,"[{'lat': 45.522, 'long': -27.708, 'Time': Timestamp('2007-05-06 06:07:29'), 'mag': 5.2}]",1
434,2007-05-05 14:57:22.239,0,[],0
435,2007-05-05 16:35:53.627,0,[],0
436,2007-05-05 18:13:23.654,1,"[{'lat': -54.836, 'long': -130.768, 'Time': Timestamp('2007-05-07 07:39:28'), 'mag': 5.4}]",1
437,2007-05-05 19:50:21.224,1,"[{'lat': -62.505, 'long': -158.648, 'Time': Timestamp('2007-05-07 04:14:54'), 'mag': 5.1}]",1
438,2007-05-05 21:27:23.115,0,[],0
439,2007-05-05 23:04:19.492,0,[],0
440,2007-05-06 00:41:18.525,0,[],0
441,2007-05-06 02:18:55.415,1,"[{'lat': 30.007, 'long': 130.177, 'Time': Timestamp('2007-05-07 00:29:06'), 'mag': 5.2}, {'lat': 9.513, 'long': 125.759, 'Time': Timestamp('2007-05-07 03:04:39'), 'mag': 5.0}]",2
442,2007-05-06 05:35:56.251,0,[],0
443,2007-05-06 07:14:23.509,0,[],0
444,2007-05-06 08:52:55.087,0,[],0
445,2007-05-06 10:30:25.114,0,[],0
446,2007-05-06 12:09:53.947,0,[],0
447,2007-05-06 13:49:23.974,0,[],0
448,2007-05-06 15:28:22.417,0,[],0
449,2007-05-06 17:06:24.028,0,[],0
450,2007-05-06 18:43:54.054,0,[],0
451,2007-05-06 20:20:48.851,0,[],0
452,2007-05-06 21:57:40.228,1,"[{'lat': -29.811, 'long': -177.699, 'Time': Timestamp('2007-05-07 04:50:11'), 'mag': 5.1}]",1
453,2007-05-06 23:34:19.116,0,[],0
454,2007-05-07 01:11:52.022,0,[],0
455,2007-05-07 04:28:55.401,1,"[{'lat': 31.355, 'long': 97.787, 'Time': Timestamp('2007-05-07 11:59:47'), 'mag': 5.5}, {'lat': 31.355, 'long': 97.787, 'Time': Timestamp('2007-05-07 11:59:47'), 'mag': 5.5}, {'lat': 23.161, 'long': 94.483, 'Time': Timestamp('2007-05-07 05:58:33'), 'mag': 5.0}]",3
456,2007-05-07 06:06:54.212,0,[],0
457,2007-05-07 07:44:54.350,0,[],0
458,2007-05-07 09:21:50.280,0,[],0
459,2007-05-07 11:01:20.420,0,[],0
460,2007-05-07 12:41:23.349,0,[],0
461,2007-05-07 14:20:21.567,0,[],0
462,2007-05-07 15:58:52.933,0,[],0
463,2007-05-07 17:36:53.429,0,[],0
464,2007-05-07 19:14:23.456,0,[],0
465,2007-05-07 22:27:53.508,0,[],0
466,2007-05-08 00:04:53.535,0,[],0
467,2007-05-08 01:42:20.548,1,"[{'lat': -7.146, 'long': 130.469, 'Time': Timestamp('2007-05-09 22:23:50'), 'mag': 5.1}]",1
468,2007-05-08 04:59:31.338,0,[],0
469,2007-05-08 06:37:25.819,0,[],0
470,2007-05-08 08:15:51.203,0,[],0
471,2007-05-08 09:52:50.794,0,[],0
472,2007-05-08 11:32:53.723,0,[],0
473,2007-05-08 13:12:23.750,0,[],0
474,2007-05-08 14:51:20.976,0,[],0
475,2007-05-08 18:07:23.830,0,[],0
476,2007-05-08 19:44:23.856,0,[],0
477,2007-05-08 21:21:19.196,0,[],0
478,2007-05-08 22:58:19.669,1,"[{'lat': -18.059, 'long': 168.233, 'Time': Timestamp('2007-05-09 10:40:02'), 'mag': 5.0}]",1
479,2007-05-09 00:35:20.030,0,[],0
480,2007-05-09 05:29:53.660,0,[],0
481,2007-05-09 07:08:23.686,0,[],0
482,2007-05-09 08:44:52.385,0,[],0
483,2007-05-09 12:03:53.182,0,[],0
484,2007-05-09 13:43:23.209,0,[],0
485,2007-05-09 15:22:16.228,0,[],0
486,2007-05-09 17:00:23.264,0,[],0
487,2007-05-09 18:37:53.290,0,[],0
488,2007-05-09 20:14:53.317,0,[],0
489,2007-05-09 21:51:40.464,0,[],0
490,2007-05-09 23:28:23.336,0,[],0
491,2007-05-10 01:05:50.930,1,"[{'lat': 47.076, 'long': 153.441, 'Time': Timestamp('2007-05-10 21:54:47'), 'mag': 5.1}, {'lat': 19.03, 'long': 145.605, 'Time': Timestamp('2007-05-11 00:42:38'), 'mag': 5.1}, {'lat': 19.03, 'long': 145.605, 'Time': Timestamp('2007-05-11 00:42:38'), 'mag': 5.1}]",3
492,2007-05-10 06:00:25.887,0,[],0
493,2007-05-10 07:38:54.586,0,[],0
494,2007-05-10 09:15:50.516,0,[],0
495,2007-05-10 10:55:19.439,0,[],0
496,2007-05-10 12:34:53.584,0,[],0
497,2007-05-10 14:14:23.611,0,[],0
498,2007-05-10 15:52:48.069,0,[],0
499,2007-05-10 17:30:53.664,1,"[{'lat': -49.75, 'long': -116.75, 'Time': Timestamp('2007-05-12 10:16:56'), 'mag': 5.2}, {'lat': -49.75, 'long': -116.75, 'Time': Timestamp('2007-05-12 10:16:56'), 'mag': 5.2}]",2
500,2007-05-10 19:07:49.573,0,[],0
501,2007-05-10 20:44:51.910,0,[],0
502,2007-05-10 22:21:50.497,0,[],0
503,2007-05-10 23:58:53.770,1,"[{'lat': -8.583, 'long': 157.6, 'Time': Timestamp('2007-05-11 13:22:59'), 'mag': 5.0}, {'lat': -7.494, 'long': 156.127, 'Time': Timestamp('2007-05-12 04:38:24'), 'mag': 5.0}]",2
504,2007-05-11 01:35:52.112,0,[],0
505,2007-05-11 04:53:24.822,0,[],0
506,2007-05-11 06:31:24.726,0,[],0
507,2007-05-11 08:09:48.346,0,[],0
508,2007-05-11 09:46:51.029,0,[],0
509,2007-05-11 11:26:23.958,0,[],0
510,2007-05-11 13:05:53.985,0,[],0
511,2007-05-11 14:45:22.540,0,[],0
512,2007-05-11 16:23:54.039,0,[],0
513,2007-05-11 18:01:24.065,0,[],0
514,2007-05-11 21:15:18.431,0,[],0
515,2007-05-11 22:52:23.000,0,[],0
516,2007-05-12 00:29:19.266,0,[],0
517,2007-05-12 03:45:54.085,0,[],0
518,2007-05-12 05:23:52.895,0,[],0
519,2007-05-12 07:01:58.335,0,[],0
520,2007-05-12 08:38:52.714,0,[],0
521,2007-05-12 10:17:51.759,0,[],0
522,2007-05-12 11:57:53.359,0,[],0
523,2007-05-12 13:37:23.387,0,[],0
524,2007-05-12 15:15:48.291,0,[],0
525,2007-05-12 16:54:23.441,0,[],0
526,2007-05-12 18:31:53.467,0,[],0
527,2007-05-12 20:08:53.493,0,[],0
528,2007-05-12 21:45:16.288,0,[],0
529,2007-05-12 23:22:23.401,0,[],0
530,2007-05-13 00:59:22.434,0,[],0
531,2007-05-13 04:16:28.471,0,[],0
532,2007-05-13 05:54:26.064,0,[],0
533,2007-05-13 07:32:53.200,0,[],0
534,2007-05-13 09:09:19.131,0,[],0
535,2007-05-13 10:48:54.928,0,[],0
536,2007-05-13 12:28:53.760,0,[],0
537,2007-05-13 14:08:23.788,0,[],0
538,2007-05-13 15:46:50.902,0,[],0
539,2007-05-13 20:38:47.990,0,[],0
540,2007-05-13 22:15:52.113,0,[],0
541,2007-05-13 23:52:53.948,1,"[{'lat': -7.735, 'long': 155.524, 'Time': Timestamp('2007-05-15 12:41:05'), 'mag': 5.0}]",1
542,2007-05-14 01:29:50.961,1,"[{'lat': 31.994, 'long': 140.806, 'Time': Timestamp('2007-05-14 11:37:22'), 'mag': 5.0}, {'lat': 26.707, 'long': 140.277, 'Time': Timestamp('2007-05-15 11:27:18'), 'mag': 5.4}]",2
543,2007-05-14 04:47:26.327,0,[],0
544,2007-05-14 06:25:22.693,0,[],0
545,2007-05-14 08:03:18.506,0,[],0
546,2007-05-14 09:40:51.534,0,[],0
547,2007-05-14 11:20:20.456,0,[],0
548,2007-05-14 12:59:53.162,0,[],0
549,2007-05-14 14:38:51.604,0,[],0
550,2007-05-14 16:17:22.747,0,[],0
551,2007-05-14 17:55:23.243,1,"[{'lat': -55.477, 'long': -127.989, 'Time': Timestamp('2007-05-15 01:14:55'), 'mag': 5.6}]",1
552,2007-05-14 19:32:19.374,0,[],0
553,2007-05-14 21:09:25.584,0,[],0
554,2007-05-14 22:45:50.409,0,[],0
555,2007-05-15 00:23:23.348,0,[],0
556,2007-05-15 03:39:52.376,0,[],0
557,2007-05-15 05:18:04.032,0,[],0
558,2007-05-15 06:55:52.976,0,[],0
559,2007-05-15 08:34:21.674,0,[],0
560,2007-05-15 10:11:54.754,0,[],0
561,2007-05-15 11:51:23.587,0,[],0
562,2007-05-15 13:30:53.615,0,[],0
563,2007-05-15 15:09:52.615,1,"[{'lat': -45.021, 'long': -80.722, 'Time': Timestamp('2007-05-16 16:48:09'), 'mag': 5.4}]",1
564,2007-05-15 16:47:53.668,0,[],0
565,2007-05-15 18:25:23.694,0,[],0
566,2007-05-15 20:02:53.721,0,[],0
567,2007-05-15 21:39:19.172,0,[],0
568,2007-05-15 23:16:20.862,0,[],0
569,2007-05-16 00:53:21.122,1,"[{'lat': 48.858, 'long': 154.768, 'Time': Timestamp('2007-05-16 10:17:45'), 'mag': 5.5}]",1
570,2007-05-16 05:48:26.292,0,[],0
571,2007-05-16 07:26:24.756,0,[],0
572,2007-05-16 09:03:17.919,0,[],0
573,2007-05-16 10:42:55.155,0,[],0
574,2007-05-16 12:22:23.989,0,[],0
575,2007-05-16 14:01:54.015,0,[],0
576,2007-05-16 15:40:55.226,0,[],0
577,2007-05-16 17:18:54.069,1,"[{'lat': 3.57, 'long': -102.272, 'Time': Timestamp('2007-05-18 08:52:02'), 'mag': 5.0}]",1
578,2007-05-16 18:55:48.977,0,[],0
579,2007-05-16 20:32:47.218,0,[],0
580,2007-05-16 22:09:50.013,0,[],0
581,2007-05-16 23:46:53.175,0,[],0
582,2007-05-17 01:23:50.735,1,"[{'lat': -2.745, 'long': 136.745, 'Time': Timestamp('2007-05-17 02:59:36'), 'mag': 5.5}]",1
583,2007-05-17 04:40:52.787,0,[],0
584,2007-05-17 06:18:55.582,0,[],0
585,2007-05-17 07:57:18.733,0,[],0
586,2007-05-17 09:34:23.090,0,[],0
587,2007-05-17 16:11:22.975,0,[],0
588,2007-05-17 17:49:23.470,0,[],0
589,2007-05-17 19:26:22.258,0,[],0
590,2007-05-17 21:03:19.060,0,[],0
591,2007-05-17 22:39:53.550,0,[],0
592,2007-05-18 00:16:53.766,1,"[{'lat': -7.316, 'long': 151.906, 'Time': Timestamp('2007-05-18 23:11:26'), 'mag': 5.7}]",1
593,2007-05-18 01:54:21.917,0,[],0
594,2007-05-18 05:11:27.396,0,[],0
595,2007-05-18 06:49:54.532,0,[],0
596,2007-05-18 08:28:17.806,0,[],0
597,2007-05-18 10:05:22.163,0,[],0
598,2007-05-18 11:45:23.764,0,[],0
599,2007-05-18 13:24:53.842,0,[],0
600,2007-05-18 16:41:53.845,0,[],0
601,2007-05-18 18:19:23.871,0,[],0
602,2007-05-18 19:56:21.443,0,[],0
603,2007-05-18 21:33:23.445,0,[],0
604,2007-05-18 23:10:21.038,0,[],0
605,2007-05-19 00:47:20.071,0,[],0
606,2007-05-19 05:42:25.140,0,[],0
607,2007-05-19 07:20:22.727,0,[],0
608,2007-05-19 08:57:17.095,0,[],0
609,2007-05-19 10:36:53.005,0,[],0
610,2007-05-19 12:16:23.165,0,[],0
611,2007-05-19 13:55:53.193,0,[],0
612,2007-05-19 15:34:21.634,0,[],0
613,2007-05-19 17:12:23.246,0,[],0
614,2007-05-19 18:49:49.154,0,[],0
615,2007-05-19 20:26:50.163,0,[],0
616,2007-05-19 22:03:50.525,0,[],0
617,2007-05-19 23:40:53.352,1,"[{'lat': -9.29, 'long': 159.114, 'Time': Timestamp('2007-05-21 05:25:13'), 'mag': 5.0}]",1
618,2007-05-20 01:17:52.240,0,[],0
619,2007-05-20 04:34:54.291,0,[],0
620,2007-05-20 06:12:54.430,0,[],0
621,2007-05-20 07:51:18.910,0,[],0
622,2007-05-20 09:28:24.595,0,[],0
623,2007-05-20 11:07:50.638,0,[],0
624,2007-05-20 12:47:23.567,0,[],0
625,2007-05-20 14:26:46.362,0,[],0
626,2007-05-20 19:20:19.667,0,[],0
627,2007-05-20 20:57:21.892,0,[],0
628,2007-05-20 22:33:53.727,0,[],0
629,2007-05-21 00:10:53.753,0,[],0
630,2007-05-21 01:48:20.767,0,[],0
631,2007-05-21 05:05:24.805,0,[],0
632,2007-05-21 06:43:26.037,0,[],0
633,2007-05-21 08:21:49.311,0,[],0
634,2007-05-21 09:59:22.340,0,[],0
635,2007-05-21 11:38:53.940,0,[],0
636,2007-05-21 13:18:23.968,0,[],0
637,2007-05-21 14:57:21.306,0,[],0
638,2007-05-21 16:35:54.022,0,[],0
639,2007-05-21 18:13:24.049,0,[],0
640,2007-05-21 19:50:21.619,0,[],0
641,2007-05-21 21:27:22.621,0,[],0
642,2007-05-21 23:04:18.887,1,"[{'lat': -21.117, 'long': 168.745, 'Time': Timestamp('2007-05-22 21:04:30'), 'mag': 5.0}]",1
643,2007-05-22 00:41:17.920,0,[],0
644,2007-05-22 02:18:54.810,1,"[{'lat': -9.553, 'long': 118.797, 'Time': Timestamp('2007-05-24 01:06:25'), 'mag': 5.6}]",1
645,2007-05-22 05:35:55.646,0,[],0
646,2007-05-22 07:14:22.904,0,[],0
647,2007-05-22 08:52:51.480,0,[],0
648,2007-05-22 10:30:24.509,0,[],0
649,2007-05-22 12:09:53.342,0,[],0
650,2007-05-22 13:49:23.369,0,[],0
651,2007-05-22 15:28:21.811,0,[],0
652,2007-05-22 17:06:23.423,0,[],0
653,2007-05-22 20:20:49.246,0,[],0
654,2007-05-22 21:57:50.478,0,[],0
655,2007-05-22 23:34:19.511,0,[],0
656,2007-05-23 01:11:51.089,1,"[{'lat': 21.883, 'long': 143.121, 'Time': Timestamp('2007-05-23 08:16:09'), 'mag': 5.2}]",1
657,2007-05-23 04:28:55.796,0,[],0
658,2007-05-23 06:06:54.607,0,[],0
659,2007-05-23 07:44:53.183,0,[],0
660,2007-05-23 09:21:50.675,0,[],0
661,2007-05-23 11:01:20.884,0,[],0
662,2007-05-23 12:41:23.812,0,[],0
663,2007-05-23 14:20:22.031,0,[],0
664,2007-05-23 15:58:53.397,0,[],0
665,2007-05-23 20:50:56.234,0,[],0
666,2007-05-23 22:27:53.972,0,[],0
667,2007-05-24 00:04:53.998,0,[],0
668,2007-05-24 01:42:21.012,1,"[{'lat': -6.608, 'long': 130.215, 'Time': Timestamp('2007-05-25 06:32:55'), 'mag': 5.1}]",1
669,2007-05-24 04:59:30.802,0,[],0
670,2007-05-24 06:37:25.282,0,[],0
671,2007-05-24 08:15:48.557,0,[],0
672,2007-05-24 09:52:50.257,0,[],0
673,2007-05-24 11:32:53.187,0,[],0
674,2007-05-24 13:12:23.213,0,[],0
675,2007-05-24 14:51:20.439,0,[],0
676,2007-05-24 16:29:53.268,0,[],0
677,2007-05-24 18:07:23.294,0,[],0
678,2007-05-24 19:44:23.320,0,[],0
679,2007-05-24 21:21:22.867,0,[],0
680,2007-05-24 22:58:19.133,0,[],0
681,2007-05-25 00:35:19.494,0,[],0
682,2007-05-25 05:29:53.123,0,[],0
683,2007-05-25 07:08:23.150,0,[],0
684,2007-05-25 08:44:48.846,0,[],0
685,2007-05-25 10:24:24.755,0,[],0
686,2007-05-25 12:03:53.587,0,[],0
687,2007-05-25 13:43:23.614,0,[],0
688,2007-05-25 15:22:16.633,0,[],0
689,2007-05-25 17:00:23.669,0,[],0
690,2007-05-25 18:37:53.695,0,[],0
691,2007-05-25 20:14:53.722,0,[],0
692,2007-05-25 23:28:23.741,0,[],0
693,2007-05-26 01:05:51.335,0,[],0
694,2007-05-26 06:00:26.292,1,"[{'lat': 0.511, 'long': 67.171, 'Time': Timestamp('2007-05-26 19:13:35'), 'mag': 5.1}]",1
695,2007-05-26 07:38:53.429,0,[],0
696,2007-05-26 09:15:48.142,0,[],0
697,2007-05-26 10:55:21.060,1,"[{'lat': -35.75, 'long': -17.25, 'Time': Timestamp('2007-05-27 02:59:12'), 'mag': 5.0}]",1
698,2007-05-26 12:34:53.989,0,[],0
699,2007-05-26 14:14:24.016,0,[],0
700,2007-05-26 15:52:48.474,0,[],0
701,2007-05-26 17:30:54.070,0,[],0
702,2007-05-26 19:07:48.978,0,[],0
703,2007-05-26 20:44:55.411,0,[],0
704,2007-05-26 22:21:53.149,0,[],0
705,2007-05-26 23:58:53.176,0,[],0
706,2007-05-27 01:35:51.517,0,[],0
707,2007-05-27 04:53:24.227,1,"[{'lat': -35.193, 'long': 78.639, 'Time': Timestamp('2007-05-27 06:26:17'), 'mag': 5.0}]",1
708,2007-05-27 06:31:24.131,0,[],0
709,2007-05-27 08:09:44.750,0,[],0
710,2007-05-27 09:46:50.434,0,[],0
711,2007-05-27 11:26:23.230,0,[],0
712,2007-05-27 13:05:53.390,0,[],0
713,2007-05-27 14:45:21.944,0,[],0
714,2007-05-27 16:23:53.445,0,[],0
715,2007-05-27 18:01:23.471,0,[],0
716,2007-05-27 19:38:23.498,0,[],0
717,2007-05-27 21:15:25.812,0,[],0
718,2007-05-27 22:52:23.405,0,[],0
719,2007-05-28 00:29:19.670,0,[],0
720,2007-05-28 03:45:54.490,0,[],0
721,2007-05-28 05:23:53.300,1,"[{'lat': -26.089, 'long': 70.899, 'Time': Timestamp('2007-05-28 07:43:56'), 'mag': 5.0}, {'lat': -26.089, 'long': 70.899, 'Time': Timestamp('2007-05-28 07:43:56'), 'mag': 5.0}]",2
722,2007-05-28 07:01:57.412,0,[],0
723,2007-05-28 08:38:49.023,0,[],0
724,2007-05-28 10:17:52.164,0,[],0
725,2007-05-28 11:57:53.764,0,[],0
726,2007-05-28 13:37:23.791,0,[],0
727,2007-05-28 15:15:48.138,0,[],0
728,2007-05-28 16:54:23.846,1,"[{'lat': -35.837, 'long': -102.743, 'Time': Timestamp('2007-05-29 18:15:50'), 'mag': 5.1}, {'lat': -35.837, 'long': -102.743, 'Time': Timestamp('2007-05-29 18:15:50'), 'mag': 5.1}]",2
729,2007-05-28 18:31:53.872,0,[],0
730,2007-05-28 20:08:53.899,0,[],0
731,2007-05-28 23:22:23.806,0,[],0
732,2007-05-29 00:59:22.840,1,"[{'lat': 52.137, 'long': 157.293, 'Time': Timestamp('2007-05-30 20:22:12'), 'mag': 6.4}]",1
733,2007-05-29 04:16:28.875,0,[],0
734,2007-05-29 05:54:26.469,0,[],0
735,2007-05-29 07:32:52.605,0,[],0
736,2007-05-29 09:09:18.536,0,[],0
737,2007-05-29 10:48:51.565,0,[],0
738,2007-05-29 12:28:53.166,0,[],0
739,2007-05-29 14:08:23.193,0,[],0
740,2007-05-29 15:46:50.307,0,[],0
741,2007-05-29 17:24:53.247,0,[],0
742,2007-05-29 19:01:49.155,0,[],0
743,2007-05-29 20:38:51.492,0,[],0
744,2007-05-29 22:15:51.519,0,[],0
745,2007-05-29 23:52:53.353,0,[],0
746,2007-05-30 01:29:50.365,0,[],0
747,2007-05-30 04:47:25.732,0,[],0
748,2007-05-30 09:40:52.001,0,[],0
749,2007-05-30 11:20:20.924,0,[],0
750,2007-05-30 12:59:53.629,0,[],0
751,2007-05-30 14:38:52.072,0,[],0
752,2007-05-30 19:32:23.736,0,[],0
753,2007-05-30 21:09:26.050,0,[],0
754,2007-05-30 22:45:50.876,0,[],0
755,2007-05-31 00:23:23.815,1,"[{'lat': -3.454, 'long': 148.668, 'Time': Timestamp('2007-06-01 19:22:05'), 'mag': 5.5}]",1
756,2007-05-31 02:00:22.592,1,"[{'lat': -1.136, 'long': 127.533, 'Time': Timestamp('2007-05-31 16:47:16'), 'mag': 5.0}, {'lat': -1.136, 'long': 127.533, 'Time': Timestamp('2007-05-31 16:47:16'), 'mag': 5.0}]",2
757,2007-05-31 03:39:52.843,0,[],0
758,2007-05-31 05:17:56.306,0,[],0
759,2007-05-31 06:55:53.443,0,[],0
760,2007-05-31 08:34:22.141,0,[],0
761,2007-05-31 10:11:55.170,0,[],0
762,2007-05-31 11:51:24.003,0,[],0
763,2007-05-31 13:30:54.030,0,[],0
764,2007-05-31 15:09:53.030,0,[],0
765,2007-05-31 16:48:23.084,0,[],0
766,2007-05-31 18:25:23.111,0,[],0
767,2007-05-31 20:02:53.137,0,[],0
768,2007-05-31 21:39:18.588,0,[],0
769,2007-05-31 23:16:20.278,0,[],0
770,2007-06-01 00:53:20.538,0,[],0
771,2007-06-01 05:48:25.707,0,[],0
772,2007-06-01 07:26:24.172,0,[],0
773,2007-06-01 09:03:17.335,0,[],0
774,2007-06-01 10:42:54.572,0,[],0
775,2007-06-01 12:22:23.405,0,[],0
776,2007-06-01 14:01:53.431,0,[],0
777,2007-06-01 15:40:54.642,0,[],0
778,2007-06-01 17:18:53.485,0,[],0
779,2007-06-01 18:55:49.393,0,[],0
780,2007-06-01 20:32:47.635,0,[],0
781,2007-06-01 22:09:50.428,0,[],0
782,2007-06-01 23:46:53.591,0,[],0
783,2007-06-02 01:23:51.152,0,[],0
784,2007-06-02 04:40:53.203,0,[],0
785,2007-06-02 06:18:55.998,0,[],0
786,2007-06-02 07:57:19.150,0,[],0
787,2007-06-02 09:34:23.506,0,[],0
788,2007-06-02 16:11:23.391,0,[],0
789,2007-06-02 17:49:23.887,0,[],0
790,2007-06-02 21:03:23.571,0,[],0
791,2007-06-02 22:39:53.821,0,[],0
792,2007-06-03 00:16:53.992,0,[],0
793,2007-06-03 01:54:22.333,0,[],0
794,2007-06-03 05:11:27.812,0,[],0
795,2007-06-03 06:49:53.948,0,[],0
796,2007-06-03 08:28:17.223,0,[],0
797,2007-06-03 10:05:21.579,0,[],0
798,2007-06-03 11:45:23.180,0,[],0
799,2007-06-03 13:24:53.207,0,[],0
800,2007-06-03 15:03:48.111,0,[],0
801,2007-06-03 19:56:23.626,0,[],0
802,2007-06-03 21:33:22.861,0,[],0
803,2007-06-03 23:10:20.454,1,"[{'lat': -14.838, 'long': 166.785, 'Time': Timestamp('2007-06-05 09:33:42'), 'mag': 5.8}, {'lat': -14.862, 'long': 166.744, 'Time': Timestamp('2007-06-05 09:43:49'), 'mag': 5.0}]",2
804,2007-06-04 00:47:15.392,0,[],0
805,2007-06-04 05:42:24.556,0,[],0
806,2007-06-04 07:20:23.144,0,[],0
807,2007-06-04 08:57:17.512,0,[],0
808,2007-06-04 10:36:53.421,0,[],0
809,2007-06-04 12:16:23.581,0,[],0
810,2007-06-04 13:55:53.609,0,[],0
811,2007-06-04 15:34:22.050,0,[],0
812,2007-06-04 17:12:23.662,0,[],0
813,2007-06-04 18:49:49.570,0,[],0
814,2007-06-04 20:26:50.579,0,[],0
815,2007-06-04 22:03:50.941,1,"[{'lat': -23.789, 'long': -179.806, 'Time': Timestamp('2007-06-05 04:33:17'), 'mag': 5.3}, {'lat': -23.789, 'long': -179.806, 'Time': Timestamp('2007-06-05 04:33:17'), 'mag': 5.3}]",2
816,2007-06-04 23:40:53.768,0,[],0
817,2007-06-05 01:17:52.656,0,[],0
818,2007-06-05 04:34:54.707,0,[],0
819,2007-06-05 06:12:54.846,1,"[{'lat': 42.614, 'long': 75.417, 'Time': Timestamp('2007-06-06 11:09:26'), 'mag': 5.0}]",1
820,2007-06-05 07:51:35.710,0,[],0
821,2007-06-05 09:28:20.915,0,[],0
822,2007-06-05 11:07:52.494,1,"[{'lat': -60.182, 'long': -26.728, 'Time': Timestamp('2007-06-05 15:27:02'), 'mag': 5.7}]",1
823,2007-06-05 12:47:23.982,0,[],0
824,2007-06-05 14:26:50.874,0,[],0
825,2007-06-05 16:05:22.240,0,[],0
826,2007-06-05 17:42:54.063,0,[],0
827,2007-06-05 19:20:23.179,0,[],0
828,2007-06-05 20:57:17.213,0,[],0
829,2007-06-05 22:33:53.142,0,[],0
830,2007-06-06 00:10:53.169,0,[],0
831,2007-06-06 01:48:20.182,0,[],0
832,2007-06-06 05:05:24.220,0,[],0
833,2007-06-06 06:43:25.453,0,[],0
834,2007-06-06 08:21:48.788,0,[],0
835,2007-06-06 09:59:21.816,0,[],0
836,2007-06-06 11:38:53.416,0,[],0
837,2007-06-06 13:18:23.444,0,[],0
838,2007-06-06 14:57:20.781,0,[],0
839,2007-06-06 16:35:53.498,0,[],0
840,2007-06-06 18:13:23.525,0,[],0
841,2007-06-06 19:50:21.095,0,[],0
842,2007-06-06 21:27:23.098,0,[],0
843,2007-06-06 23:04:19.363,1,"[{'lat': -16.82, 'long': 167.036, 'Time': Timestamp('2007-06-08 14:36:44'), 'mag': 5.0}]",1
844,2007-06-07 00:41:18.396,0,[],0
845,2007-06-07 02:18:55.286,0,[],0
846,2007-06-07 05:35:56.122,0,[],0
847,2007-06-07 07:14:23.380,0,[],0
848,2007-06-07 08:52:51.956,0,[],0
849,2007-06-07 10:30:24.985,0,[],0
850,2007-06-07 12:09:53.818,0,[],0
851,2007-06-07 13:49:23.845,1,"[{'lat': 24.845, 'long': -45.878, 'Time': Timestamp('2007-06-09 01:31:55'), 'mag': 5.0}]",1
852,2007-06-07 15:28:22.287,1,"[{'lat': 18.834, 'long': -70.315, 'Time': Timestamp('2007-06-08 13:30:46'), 'mag': 5.0}, {'lat': 18.834, 'long': -70.315, 'Time': Timestamp('2007-06-08 13:30:46'), 'mag': 5.0}]",2
853,2007-06-07 17:06:23.899,0,[],0
854,2007-06-07 18:43:53.925,0,[],0
855,2007-06-07 20:20:49.722,0,[],0
856,2007-06-07 21:57:50.954,0,[],0
857,2007-06-07 23:34:22.755,0,[],0
858,2007-06-08 01:11:51.617,0,[],0
859,2007-06-08 04:28:53.945,0,[],0
860,2007-06-08 06:06:54.083,0,[],0
861,2007-06-08 07:44:52.659,0,[],0
862,2007-06-08 09:21:50.151,0,[],0
863,2007-06-08 11:01:20.290,0,[],0
864,2007-06-08 12:41:23.219,0,[],0
865,2007-06-08 14:20:17.901,0,[],0
866,2007-06-08 15:58:52.805,0,[],0
867,2007-06-08 17:36:53.300,0,[],0
868,2007-06-08 19:14:23.326,0,[],0
869,2007-06-08 20:50:59.737,0,[],0
870,2007-06-08 22:27:53.379,0,[],0
871,2007-06-09 00:04:53.405,0,[],0
872,2007-06-09 01:42:20.419,0,[],0
873,2007-06-09 03:21:25.982,0,[],0
874,2007-06-09 04:59:31.210,0,[],0
875,2007-06-09 06:37:25.689,0,[],0
876,2007-06-09 09:52:50.664,0,[],0
877,2007-06-09 11:32:53.594,0,[],0
878,2007-06-09 13:12:23.620,0,[],0
879,2007-06-09 14:51:20.847,0,[],0
880,2007-06-09 16:29:53.674,0,[],0
881,2007-06-09 18:07:23.701,0,[],0
882,2007-06-09 19:44:23.727,0,[],0
883,2007-06-09 21:21:23.274,0,[],0
884,2007-06-09 22:58:19.540,0,[],0
885,2007-06-10 00:35:19.901,0,[],0
886,2007-06-10 05:29:53.530,0,[],0
887,2007-06-10 07:08:23.557,0,[],0
888,2007-06-10 08:44:49.253,0,[],0
889,2007-06-10 10:24:25.162,0,[],0
890,2007-06-10 12:03:53.995,0,[],0
891,2007-06-10 13:43:24.022,0,[],0
892,2007-06-10 15:22:15.377,0,[],0
893,2007-06-10 20:14:52.995,0,[],0
894,2007-06-10 21:51:50.131,1,"[{'lat': -32.577, 'long': -178.144, 'Time': Timestamp('2007-06-11 22:22:26'), 'mag': 5.0}, {'lat': -32.577, 'long': -178.144, 'Time': Timestamp('2007-06-11 22:22:26'), 'mag': 5.0}]",2
895,2007-06-10 23:28:23.148,0,[],0
896,2007-06-11 01:05:50.741,0,[],0
897,2007-06-11 04:22:52.682,0,[],0
898,2007-06-11 06:00:25.699,0,[],0
899,2007-06-11 07:38:52.835,0,[],0
900,2007-06-11 09:15:47.550,0,[],0
901,2007-06-11 10:55:20.467,1,"[{'lat': -35.687, 'long': -16.144, 'Time': Timestamp('2007-06-11 17:13:44'), 'mag': 5.5}]",1
902,2007-06-11 12:34:53.396,0,[],0
903,2007-06-11 14:14:23.423,0,[],0
904,2007-06-12 01:35:51.924,0,[],0
905,2007-06-12 04:53:26.074,0,[],0
906,2007-06-12 06:31:20.442,0,[],0
907,2007-06-12 08:09:45.157,0,[],0
908,2007-06-12 09:46:50.841,0,[],0
909,2007-06-12 11:26:23.637,0,[],0
910,2007-06-12 13:05:53.797,0,[],0
911,2007-06-12 14:45:21.023,1,"[{'lat': -23.027, 'long': -68.915, 'Time': Timestamp('2007-06-14 10:41:59'), 'mag': 5.5}]",1
912,2007-06-12 16:23:48.506,0,[],0
913,2007-06-12 18:01:23.878,0,[],0
914,2007-06-12 19:38:23.905,0,[],0
915,2007-06-12 21:15:30.315,0,[],0
916,2007-06-12 22:52:23.813,0,[],0
917,2007-06-13 00:29:20.077,0,[],0
918,2007-06-13 03:45:54.897,0,[],0
919,2007-06-13 05:23:53.707,0,[],0
920,2007-06-13 07:01:52.723,0,[],0
921,2007-06-13 08:38:48.430,0,[],0
922,2007-06-13 10:17:51.643,0,[],0
923,2007-06-13 11:57:53.244,0,[],0
924,2007-06-13 13:37:23.272,0,[],0
925,2007-06-13 15:15:47.617,0,[],0
926,2007-06-13 20:08:53.378,0,[],0
927,2007-06-13 21:45:16.172,1,"[{'lat': -16.449, 'long': -174.634, 'Time': Timestamp('2007-06-14 05:29:07'), 'mag': 5.0}]",1
928,2007-06-13 23:22:23.286,0,[],0
929,2007-06-14 00:59:22.319,0,[],0
930,2007-06-14 04:16:28.355,0,[],0
931,2007-06-14 05:54:25.949,0,[],0
932,2007-06-14 07:32:53.085,0,[],0
933,2007-06-14 09:09:46.360,0,[],0
934,2007-06-14 10:48:52.044,0,[],0
935,2007-06-14 12:28:53.646,0,[],0
936,2007-06-14 14:08:23.673,0,[],0
937,2007-06-14 15:46:50.564,0,[],0
938,2007-06-14 17:24:53.726,0,[],0
939,2007-06-14 19:01:49.634,0,[],0
940,2007-06-14 20:38:47.876,0,[],0
941,2007-06-14 22:15:51.998,0,[],0
942,2007-06-14 23:52:53.832,1,"[{'lat': -7.264, 'long': 155.506, 'Time': Timestamp('2007-06-16 04:23:57'), 'mag': 5.8}]",1
943,2007-06-15 01:29:50.846,1,"[{'lat': -6.532, 'long': 130.024, 'Time': Timestamp('2007-06-16 14:45:17'), 'mag': 5.0}]",1
944,2007-06-15 04:47:24.884,0,[],0
945,2007-06-15 06:25:24.788,0,[],0
946,2007-06-15 08:03:19.391,0,[],0
947,2007-06-15 09:40:52.419,0,[],0
948,2007-06-15 11:20:21.341,0,[],0
949,2007-06-15 12:59:54.047,0,[],0
950,2007-06-15 14:38:57.025,0,[],0
951,2007-06-15 16:17:18.972,0,[],0
952,2007-06-15 17:55:23.127,0,[],0
953,2007-06-15 19:32:23.154,0,[],0
954,2007-06-16 10:11:54.588,0,[],0
955,2007-06-16 11:51:23.421,0,[],0
956,2007-06-16 13:30:53.448,0,[],0
957,2007-06-16 15:09:52.449,0,[],0
958,2007-06-16 16:48:23.502,0,[],0
959,2007-06-16 18:25:53.528,0,[],0
960,2007-06-16 20:02:53.555,0,[],0
961,2007-06-16 21:39:19.005,0,[],0
962,2007-06-16 23:16:20.695,0,[],0
963,2007-06-17 00:53:20.955,0,[],0
964,2007-06-17 04:10:27.203,0,[],0
965,2007-06-17 05:48:26.126,0,[],0
966,2007-06-17 07:26:53.262,1,"[{'lat': -12.466, 'long': 41.832, 'Time': Timestamp('2007-06-18 23:51:10'), 'mag': 5.0}, {'lat': -12.466, 'long': 41.832, 'Time': Timestamp('2007-06-18 23:51:10'), 'mag': 5.0}]",2
967,2007-06-17 09:03:17.752,0,[],0
968,2007-06-17 10:42:54.990,0,[],0
969,2007-06-17 12:22:53.823,0,[],0
970,2007-06-17 14:01:53.849,0,[],0
971,2007-06-17 15:40:56.165,0,[],0
972,2007-06-17 20:32:48.053,0,[],0
973,2007-06-17 22:09:50.847,0,[],0
974,2007-06-17 23:46:54.009,0,[],0
975,2007-06-18 01:23:51.569,0,[],0
976,2007-06-18 04:41:00.812,0,[],0
977,2007-06-18 06:18:55.415,0,[],0
978,2007-06-18 07:57:18.567,0,[],0
979,2007-06-18 09:34:22.924,0,[],0
980,2007-06-18 19:26:22.092,0,[],0
981,2007-06-18 21:03:22.989,0,[],0
982,2007-06-18 22:39:53.239,0,[],0
983,2007-06-19 01:54:21.752,0,[],0
984,2007-06-19 05:11:55.902,0,[],0
985,2007-06-19 06:49:54.366,0,[],0
986,2007-06-19 11:45:23.598,0,[],0
987,2007-06-19 13:24:53.625,0,[],0
988,2007-06-19 15:03:48.530,0,[],0
989,2007-06-19 16:41:53.679,0,[],0
990,2007-06-19 18:19:53.705,0,[],0
991,2007-06-19 19:56:52.716,0,[],0
992,2007-06-19 21:33:23.279,0,[],0
993,2007-06-19 23:10:20.872,0,[],0
994,2007-06-20 00:47:15.809,0,[],0
995,2007-06-20 05:42:26.302,0,[],0
996,2007-06-20 07:20:27.658,0,[],0
997,2007-06-20 08:57:23.354,0,[],0
998,2007-06-20 10:36:53.914,0,[],0
999,2007-06-20 12:16:24.075,0,[],0
1000,2007-06-20 13:55:53.102,0,[],0
1001,2007-06-20 15:34:22.649,1,"[{'lat': 7.136, 'long': -72.175, 'Time': Timestamp('2007-06-20 19:04:06'), 'mag': 5.2}]",1
1002,2007-06-20 20:26:50.073,0,[],0
1003,2007-06-20 22:03:44.676,0,[],0
1004,2007-06-20 23:40:53.262,0,[],0
1005,2007-06-21 01:17:48.054,0,[],0
1006,2007-06-21 04:34:54.201,0,[],0
1007,2007-06-21 06:12:58.436,0,[],0
1008,2007-06-21 07:51:18.820,0,[],0
1009,2007-06-21 09:28:20.409,0,[],0
1010,2007-06-21 11:07:51.987,0,[],0
1011,2007-06-21 12:47:23.476,0,[],0
1012,2007-06-21 14:26:46.272,0,[],0
1013,2007-06-21 16:05:20.618,0,[],0
1014,2007-06-21 17:42:53.557,0,[],0
1015,2007-06-22 08:22:17.893,0,[],0
1016,2007-06-22 09:59:22.250,0,[],0
1017,2007-06-22 11:38:53.850,0,[],0
1018,2007-06-22 13:18:53.878,0,[],0
1019,2007-06-22 14:57:49.887,0,[],0
1020,2007-06-22 16:35:53.932,0,[],0
1021,2007-06-22 18:13:24.009,0,[],0
1022,2007-06-22 19:50:54.297,0,[],0
1023,2007-06-22 23:04:21.124,0,[],0
1024,2007-06-23 00:41:21.386,0,[],0
1025,2007-06-23 05:36:24.227,0,[],0
1026,2007-06-23 07:14:24.142,1,"[{'lat': -12.183, 'long': 46.476, 'Time': Timestamp('2007-06-23 11:54:54'), 'mag': 5.1}, {'lat': -12.183, 'long': 46.476, 'Time': Timestamp('2007-06-23 11:54:54'), 'mag': 5.1}]",2
1027,2007-06-23 08:51:18.510,0,[],0
1028,2007-06-23 10:30:24.419,0,[],0
1029,2007-06-23 12:10:23.252,0,[],0
1030,2007-06-23 13:49:53.279,0,[],0
1031,2007-06-23 15:28:14.635,0,[],0
1032,2007-06-23 17:06:23.333,0,[],0
1033,2007-06-23 18:43:53.359,0,[],0
1034,2007-06-23 23:34:48.092,0,[],0
1035,2007-06-24 01:11:52.327,0,[],0
1036,2007-06-24 04:28:54.379,0,[],0
1037,2007-06-24 06:06:54.517,0,[],0
1038,2007-06-24 07:45:23.093,0,[],0
1039,2007-06-24 09:22:20.586,0,[],0
1040,2007-06-24 11:01:50.724,0,[],0
1041,2007-06-24 12:41:23.653,0,[],0
1042,2007-06-24 14:20:52.430,0,[],0
1043,2007-06-24 15:59:16.587,0,[],0
1044,2007-06-24 20:51:17.883,0,[],0
1045,2007-06-24 22:28:23.813,0,[],0
1046,2007-06-25 00:05:23.839,0,[],0
1047,2007-06-25 01:42:22.181,0,[],0
1048,2007-06-25 04:59:31.644,0,[],0
1049,2007-06-25 06:37:26.124,0,[],0
1050,2007-06-25 08:14:15.190,0,[],0
1051,2007-06-25 09:53:21.099,0,[],0
1052,2007-06-25 11:32:54.027,0,[],0
1053,2007-06-25 13:12:24.055,0,[],0
1054,2007-06-25 14:51:48.952,0,[],0
1055,2007-06-25 18:07:23.134,0,[],0
1056,2007-06-25 19:44:53.161,0,[],0
1057,2007-06-25 21:21:22.708,0,[],0
1058,2007-06-25 22:58:20.302,0,[],0
1059,2007-06-26 00:35:23.430,0,[],0
1060,2007-06-26 02:12:54.897,1,"[{'lat': 5.64, 'long': 125.158, 'Time': Timestamp('2007-06-26 20:36:52'), 'mag': 5.1}]",1
1061,2007-06-26 03:52:23.708,0,[],0
1062,2007-06-26 05:30:25.732,0,[],0
1063,2007-06-26 07:08:24.319,0,[],0
1064,2007-06-26 08:46:51.567,0,[],0
1065,2007-06-26 10:24:24.595,0,[],0
1066,2007-06-26 12:04:23.429,0,[],0
1067,2007-06-26 13:43:53.455,0,[],0
1068,2007-06-26 15:22:18.907,1,"[{'lat': -15.679, 'long': -74.893, 'Time': Timestamp('2007-06-28 08:44:46'), 'mag': 5.8}, {'lat': -15.698, 'long': -74.903, 'Time': Timestamp('2007-06-28 12:39:15'), 'mag': 5.2}, {'lat': -15.646, 'long': -74.789, 'Time': Timestamp('2007-06-28 12:41:45'), 'mag': 5.0}]",3
1069,2007-06-26 17:00:23.510,0,[],0
1070,2007-06-26 18:37:53.536,0,[],0
1071,2007-06-26 20:14:53.428,0,[],0
1072,2007-06-26 23:28:52.254,0,[],0
1073,2007-06-27 01:05:52.504,0,[],0
1074,2007-06-27 04:22:57.211,0,[],0
1075,2007-06-27 06:00:54.694,0,[],0
1076,2007-06-27 07:39:23.270,0,[],0
1077,2007-06-27 09:15:47.984,0,[],0
1078,2007-06-27 10:55:22.306,0,[],0
1079,2007-06-27 12:35:23.906,0,[],0
1080,2007-06-27 14:14:53.934,0,[],0
1081,2007-06-27 15:53:26.361,0,[],0
1082,2007-06-27 20:45:22.232,0,[],0
1083,2007-06-27 22:22:24.067,0,[],0
1084,2007-06-27 23:59:23.094,1,"[{'lat': -7.979, 'long': 154.635, 'Time': Timestamp('2007-06-28 02:52:10'), 'mag': 6.7}]",1
1085,2007-06-28 01:36:21.435,0,[],0
1086,2007-06-28 04:53:30.897,0,[],0
1087,2007-06-28 06:31:25.377,0,[],0
1088,2007-06-28 08:09:48.652,0,[],0
1089,2007-06-28 09:47:20.352,1,"[{'lat': 39.268, 'long': 20.263, 'Time': Timestamp('2007-06-29 18:09:11'), 'mag': 5.4}]",1
1090,2007-06-28 11:26:53.147,0,[],0
1091,2007-06-28 13:06:23.308,0,[],0
1092,2007-06-28 14:45:24.518,1,"[{'lat': -32.004, 'long': -71.34, 'Time': Timestamp('2007-06-28 19:25:21'), 'mag': 5.7}, {'lat': -32.004, 'long': -71.34, 'Time': Timestamp('2007-06-28 19:25:21'), 'mag': 5.7}]",2
1093,2007-06-28 16:23:53.362,0,[],0
1094,2007-06-28 18:01:23.389,0,[],0
1095,2007-06-28 19:38:53.415,0,[],0
1096,2007-06-28 21:15:55.730,0,[],0
1097,2007-06-28 22:52:23.323,0,[],0
1098,2007-06-29 00:29:20.916,0,[],0
1099,2007-06-29 02:06:44.079,0,[],0
1100,2007-06-29 03:46:24.408,0,[],0
1101,2007-06-29 05:24:25.985,0,[],0
1102,2007-06-29 07:02:23.234,0,[],0
1103,2007-06-29 08:40:55.917,0,[],0
1104,2007-06-29 10:18:24.849,0,[],0
1105,2007-06-29 11:57:53.682,0,[],0
1106,2007-06-29 13:37:23.710,0,[],0
1107,2007-06-29 15:16:22.152,0,[],0
1108,2007-06-29 16:54:23.763,0,[],0
1109,2007-06-29 20:08:53.816,0,[],0
1110,2007-06-29 21:45:49.378,0,[],0
1111,2007-06-29 23:22:52.396,0,[],0
1112,2007-06-30 00:59:52.758,1,"[{'lat': 13.609, 'long': 146.09, 'Time': Timestamp('2007-07-01 09:55:33'), 'mag': 5.0}]",1
1113,2007-06-30 04:16:57.465,0,[],0
1114,2007-06-30 05:54:56.387,0,[],0
1115,2007-06-30 07:32:58.947,0,[],0
1116,2007-06-30 09:09:48.125,0,[],0
1117,2007-06-30 10:49:22.483,0,[],0
1118,2007-06-30 12:29:23.084,0,[],0
1119,2007-06-30 14:08:21.303,0,[],0
1120,2007-06-30 15:47:20.002,0,[],0
1121,2007-06-30 17:25:23.164,0,[],0
1122,2007-06-30 19:02:17.745,0,[],0
1123,2007-06-30 20:39:17.314,0,[],0
1124,2007-06-30 22:16:21.436,0,[],0
1125,2007-06-30 23:53:23.270,0,[],0
1126,2007-07-01 01:30:18.955,1,"[{'lat': 43.663, 'long': 144.734, 'Time': Timestamp('2007-07-01 04:12:07'), 'mag': 5.8}, {'lat': 43.663, 'long': 144.734, 'Time': Timestamp('2007-07-01 04:12:07'), 'mag': 5.8}]",2
1127,2007-07-01 04:47:24.321,0,[],0
1128,2007-07-01 06:25:17.362,0,[],0
1129,2007-07-01 08:03:50.268,0,[],0
1130,2007-07-01 09:40:53.185,0,[],0
1131,2007-07-01 11:20:53.324,1,"[{'lat': -55.314, 'long': -28.066, 'Time': Timestamp('2007-07-01 23:45:28'), 'mag': 5.2}]",1
1132,2007-07-01 13:00:23.485,0,[],0
1133,2007-07-01 14:39:24.695,0,[],0
1134,2007-07-01 19:32:53.592,0,[],0
1135,2007-07-01 21:09:49.154,0,[],0
1136,2007-07-01 22:46:19.404,0,[],0
1137,2007-07-02 00:23:23.671,0,[],0
1138,2007-07-02 02:00:52.448,0,[],0
1139,2007-07-02 03:40:25.466,0,[],0
1140,2007-07-02 05:18:26.162,0,[],0
1141,2007-07-02 06:56:26.066,0,[],0
1142,2007-07-02 08:34:51.998,0,[],0
1143,2007-07-02 10:12:25.026,0,[],0
1144,2007-07-02 11:51:53.859,0,[],0
1145,2007-07-02 13:31:23.886,0,[],0
1146,2007-07-02 15:10:22.328,0,[],0
1147,2007-07-02 16:48:23.940,0,[],0
1148,2007-07-02 18:25:53.966,0,[],0
1149,2007-07-02 20:03:23.993,0,[],0
1150,2007-07-02 21:39:48.115,0,[],0
1151,2007-07-02 23:16:51.133,1,"[{'lat': -10.572, 'long': 165.962, 'Time': Timestamp('2007-07-03 15:49:47'), 'mag': 5.2}]",1
1152,2007-07-03 00:53:51.394,0,[],0
1153,2007-07-03 05:48:55.563,0,[],0
1154,2007-07-03 07:26:54.028,0,[],0
1155,2007-07-03 09:03:49.959,0,[],0
1156,2007-07-03 10:43:24.427,0,[],0
1157,2007-07-03 12:22:53.260,0,[],0
1158,2007-07-03 14:02:23.287,0,[],0
1159,2007-07-03 15:41:25.603,0,[],0
1160,2007-07-03 17:19:23.341,0,[],0
1161,2007-07-03 18:56:19.250,0,[],0
1162,2007-07-03 20:33:25.683,0,[],0
1163,2007-07-03 22:10:20.284,0,[],0
1164,2007-07-03 23:47:23.447,0,[],0
1165,2007-07-04 01:24:17.804,0,[],0
1166,2007-07-04 04:41:23.058,0,[],0
1167,2007-07-04 06:19:25.853,0,[],0
1168,2007-07-04 07:57:49.006,0,[],0
1169,2007-07-04 09:34:53.438,0,[],0
1170,2007-07-04 17:49:53.820,0,[],0
1171,2007-07-04 21:03:52.064,0,[],0
1172,2007-07-04 22:40:23.754,0,[],0
1173,2007-07-05 00:17:23.925,0,[],0
1174,2007-07-05 01:54:52.267,0,[],0
1175,2007-07-05 05:12:26.417,0,[],0
1176,2007-07-05 06:50:24.881,0,[],0
1177,2007-07-05 08:28:48.155,0,[],0
1178,2007-07-05 10:05:51.512,0,[],0
1179,2007-07-05 15:04:18.044,0,[],0
1180,2007-07-05 16:42:23.194,0,[],0
1181,2007-07-05 18:19:53.221,0,[],0
1182,2007-07-05 19:57:22.231,0,[],0
1183,2007-07-05 21:33:52.794,0,[],0
1184,2007-07-05 23:10:50.387,0,[],0
1185,2007-07-06 00:47:45.324,0,[],0
1186,2007-07-06 05:42:55.817,0,[],0
1187,2007-07-06 07:20:57.172,0,[],0
1188,2007-07-06 08:57:52.869,0,[],0
1189,2007-07-06 10:37:24.682,0,[],0
1190,2007-07-06 12:16:53.514,0,[],0
1191,2007-07-06 13:56:23.542,0,[],0
1192,2007-07-06 17:13:23.595,0,[],0
1193,2007-07-06 18:50:19.503,0,[],0
1194,2007-07-06 20:27:20.512,0,[],0
1195,2007-07-06 22:04:15.114,0,[],0
1196,2007-07-06 23:41:23.701,0,[],0
1197,2007-07-07 01:18:23.727,0,[],0
1198,2007-07-07 04:35:24.641,0,[],0
1199,2007-07-07 06:13:28.875,0,[],0
1200,2007-07-07 07:51:49.259,0,[],0
1201,2007-07-07 09:28:50.848,0,[],0
1202,2007-07-07 11:08:22.427,1,"[{'lat': -59.131, 'long': -26.228, 'Time': Timestamp('2007-07-08 07:28:39'), 'mag': 5.1}]",1
1203,2007-07-07 12:47:53.915,0,[],0
1204,2007-07-07 14:27:16.711,0,[],0
1205,2007-07-07 16:05:51.056,0,[],0
1206,2007-07-07 17:43:53.996,0,[],0
1207,2007-07-07 19:20:50.016,0,[],0
1208,2007-07-07 20:57:52.241,0,[],0
1209,2007-07-07 22:34:54.076,0,[],0
1210,2007-07-08 00:11:53.102,0,[],0
1211,2007-07-08 01:48:51.443,0,[],0
1212,2007-07-08 05:06:26.921,0,[],0
1213,2007-07-08 08:22:47.333,0,[],0
1214,2007-07-08 09:59:51.689,0,[],0
1215,2007-07-08 11:39:53.289,0,[],0
1216,2007-07-08 13:19:23.317,0,[],0
1217,2007-07-08 14:58:19.326,0,[],0
1218,2007-07-08 16:36:23.371,0,[],0
1219,2007-07-08 18:14:23.398,0,[],0
1220,2007-07-08 19:51:23.736,0,[],0
1221,2007-07-08 21:27:52.970,0,[],0
1222,2007-07-08 23:04:50.564,1,"[{'lat': -13.535, 'long': 167.143, 'Time': Timestamp('2007-07-10 18:40:13'), 'mag': 5.0}, {'lat': -13.535, 'long': 167.143, 'Time': Timestamp('2007-07-10 18:40:13'), 'mag': 5.0}]",2
1223,2007-07-09 00:41:45.501,0,[],0
1224,2007-07-09 05:36:55.995,0,[],0
1225,2007-07-09 07:14:58.677,0,[],0
1226,2007-07-09 08:51:48.950,0,[],0
1227,2007-07-09 10:31:23.530,0,[],0
1228,2007-07-09 12:10:53.691,0,[],0
1229,2007-07-09 13:50:23.718,0,[],0
1230,2007-07-09 15:28:49.169,0,[],0
1231,2007-07-09 17:07:23.772,0,[],0
1232,2007-07-09 18:44:23.798,0,[],0
1233,2007-07-09 20:21:19.595,0,[],0
1234,2007-07-09 21:58:22.155,0,[],0
1235,2007-07-09 23:35:21.299,0,[],0
1236,2007-07-10 01:12:18.670,0,[],0
1237,2007-07-10 04:29:24.817,0,[],0
1238,2007-07-10 06:07:24.956,0,[],0
1239,2007-07-10 07:45:49.436,1,"[{'lat': 38.751, 'long': 48.598, 'Time': Timestamp('2007-07-11 06:51:14'), 'mag': 5.2}]",1
1240,2007-07-10 09:22:51.025,0,[],0
1241,2007-07-10 11:02:21.164,0,[],0
1242,2007-07-10 12:41:53.093,0,[],0
1243,2007-07-10 14:21:21.869,0,[],0
1244,2007-07-10 15:59:48.794,0,[],0
1245,2007-07-10 17:37:53.173,0,[],0
1246,2007-07-10 19:14:53.199,0,[],0
1247,2007-07-10 20:51:51.419,0,[],0
1248,2007-07-10 22:28:53.252,0,[],0
1249,2007-07-11 00:05:53.279,1,"[{'lat': -4.787, 'long': 152.511, 'Time': Timestamp('2007-07-11 03:02:08'), 'mag': 5.4}, {'lat': -5.165, 'long': 152.988, 'Time': Timestamp('2007-07-11 19:21:56'), 'mag': 5.0}]",2
1250,2007-07-11 01:42:51.620,0,[],0
1251,2007-07-11 04:59:52.890,0,[],0
1252,2007-07-11 06:38:24.235,0,[],0
1253,2007-07-11 11:33:23.546,0,[],0
1254,2007-07-11 13:13:23.573,0,[],0
1255,2007-07-11 14:52:19.471,1,"[{'lat': -32.675, 'long': -70.28, 'Time': Timestamp('2007-07-11 15:12:22'), 'mag': 5.1}, {'lat': -30.838, 'long': -71.361, 'Time': Timestamp('2007-07-12 20:47:37'), 'mag': 5.0}]",2
1256,2007-07-11 19:45:23.993,0,[],0
1257,2007-07-11 21:22:25.994,0,[],0
1258,2007-07-11 22:58:50.820,1,"[{'lat': 51.838, 'long': -176.28, 'Time': Timestamp('2007-07-13 21:54:43'), 'mag': 6.0}]",1
1259,2007-07-12 00:35:53.949,0,[],0
1260,2007-07-12 03:52:55.554,0,[],0
1261,2007-07-12 05:30:53.482,1,"[{'lat': -25.4, 'long': 70.019, 'Time': Timestamp('2007-07-12 21:03:37'), 'mag': 5.0}]",1
1262,2007-07-12 07:08:54.837,0,[],0
1263,2007-07-12 08:45:49.206,0,[],0
1264,2007-07-12 10:24:55.114,0,[],0
1265,2007-07-12 12:04:53.948,0,[],0
1266,2007-07-12 13:44:23.975,0,[],0
1267,2007-07-12 15:22:49.425,0,[],0
1268,2007-07-12 17:01:24.028,1,"[{'lat': -35.027, 'long': -107.993, 'Time': Timestamp('2007-07-13 19:46:26'), 'mag': 5.1}]",1
1269,2007-07-12 18:38:24.054,0,[],0
1270,2007-07-12 20:15:23.081,0,[],0
1271,2007-07-12 21:52:17.316,0,[],0
1272,2007-07-12 23:29:21.773,0,[],0
1273,2007-07-13 01:06:17.927,0,[],0
1274,2007-07-13 04:23:26.730,0,[],0
1275,2007-07-13 06:01:24.212,0,[],0
1276,2007-07-13 07:39:52.788,0,[],0
1277,2007-07-13 09:16:46.174,0,[],0
1278,2007-07-13 10:56:20.419,0,[],0
1279,2007-07-13 12:35:53.348,0,[],0
1280,2007-07-13 14:15:23.375,0,[],0
1281,2007-07-13 15:53:55.803,0,[],0
1282,2007-07-13 17:31:53.430,0,[],0
1283,2007-07-13 19:08:48.009,0,[],0
1284,2007-07-13 20:45:47.578,0,[],0
1285,2007-07-13 22:22:53.508,1,"[{'lat': 56.074, 'long': -161.815, 'Time': Timestamp('2007-07-15 17:01:48'), 'mag': 5.0}, {'lat': 52.491, 'long': -168.035, 'Time': Timestamp('2007-07-15 13:08:01'), 'mag': 6.1}, {'lat': 52.362, 'long': -168.008, 'Time': Timestamp('2007-07-15 13:26:15'), 'mag': 5.9}, {'lat': 52.491, 'long': -167.95, 'Time': Timestamp('2007-07-15 14:09:18'), 'mag': 5.1}, {'lat': 52.43, 'long': -167.976, 'Time': Timestamp('2007-07-15 17:27:28'), 'mag': 5.0}]",5
1286,2007-07-13 23:59:53.535,1,"[{'lat': -6.88, 'long': 155.793, 'Time': Timestamp('2007-07-15 17:58:06'), 'mag': 5.4}]",1
1287,2007-07-14 01:36:51.877,1,"[{'lat': 37.535, 'long': 138.446, 'Time': Timestamp('2007-07-16 01:13:22'), 'mag': 6.6}]",1
1288,2007-07-14 06:32:20.394,0,[],0
1289,2007-07-14 08:10:43.669,0,[],0
1290,2007-07-14 09:47:49.578,0,[],0
1291,2007-07-14 11:27:23.723,0,[],0
1292,2007-07-14 13:06:53.749,0,[],0
1293,2007-07-14 14:46:23.777,0,[],0
1294,2007-07-14 16:24:23.803,0,[],0
1295,2007-07-14 18:02:23.830,0,[],0
1296,2007-07-14 19:39:23.857,0,[],0
1297,2007-07-14 21:16:26.171,0,[],0
1298,2007-07-14 22:52:55.093,1,"[{'lat': 52.491, 'long': -168.035, 'Time': Timestamp('2007-07-15 13:08:01'), 'mag': 6.1}, {'lat': 52.491, 'long': -167.95, 'Time': Timestamp('2007-07-15 14:09:18'), 'mag': 5.1}, {'lat': 52.43, 'long': -167.976, 'Time': Timestamp('2007-07-15 17:27:28'), 'mag': 5.0}, {'lat': -15.383, 'long': 168.597, 'Time': Timestamp('2007-07-15 09:27:34'), 'mag': 6.1}, {'lat': -20.686, 'long': 169.294, 'Time': Timestamp('2007-07-16 20:00:52'), 'mag': 5.0}, {'lat': -20.686, 'long': 169.294, 'Time': Timestamp('2007-07-16 20:00:52'), 'mag': 5.0}]",6
1299,2007-07-15 00:29:53.936,0,[],0
1300,2007-07-15 05:24:56.896,0,[],0
1301,2007-07-15 07:02:53.675,0,[],0
1302,2007-07-15 08:41:23.590,0,[],0
1303,2007-07-15 10:18:53.097,0,[],0
1304,2007-07-15 11:58:23.124,0,[],0
1305,2007-07-15 13:37:53.151,0,[],0
1306,2007-07-15 15:16:51.593,0,[],0
1307,2007-07-15 20:09:53.258,0,[],0
1308,2007-07-15 21:46:17.827,0,[],0
1309,2007-07-15 23:23:21.838,0,[],0
1310,2007-07-16 01:00:23.337,0,[],0
1311,2007-07-16 04:17:26.270,0,[],0
1312,2007-07-16 05:55:26.297,0,[],0
1313,2007-07-16 07:33:57.061,0,[],0
1314,2007-07-16 09:10:21.664,0,[],0
1315,2007-07-16 10:49:52.695,0,[],0
1316,2007-07-16 12:29:53.526,0,[],0
1317,2007-07-16 14:09:23.553,0,[],0
1318,2007-07-16 15:47:50.443,0,[],0
1319,2007-07-16 17:25:53.606,0,[],0
1320,2007-07-16 19:02:53.632,0,[],0
1321,2007-07-16 20:39:47.755,0,[],0
1322,2007-07-16 22:16:53.685,0,[],0
1323,2007-07-16 23:53:53.712,1,"[{'lat': -7.07, 'long': 155.971, 'Time': Timestamp('2007-07-18 12:11:27'), 'mag': 5.0}]",1
1324,2007-07-17 01:30:54.709,0,[],0
1325,2007-07-17 04:47:56.672,1,"[{'lat': 6.465, 'long': 84.395, 'Time': Timestamp('2007-07-18 04:27:24'), 'mag': 5.2}]",1
1326,2007-07-17 06:25:51.899,0,[],0
1327,2007-07-17 08:04:27.462,1,"[{'lat': -2.734, 'long': 36.362, 'Time': Timestamp('2007-07-17 14:10:42'), 'mag': 5.9}, {'lat': -2.782, 'long': 36.19, 'Time': Timestamp('2007-07-17 18:27:51'), 'mag': 5.3}, {'lat': -2.774, 'long': 36.094, 'Time': Timestamp('2007-07-18 17:25:52'), 'mag': 5.2}]",3
1328,2007-07-17 09:41:53.739,0,[],0
1329,2007-07-17 11:21:21.991,0,[],0
1330,2007-07-17 13:00:53.926,0,[],0
1331,2007-07-17 14:39:53.954,0,[],0
1332,2007-07-17 17:56:24.007,1,"[{'lat': -55.768, 'long': -124.904, 'Time': Timestamp('2007-07-19 07:48:06'), 'mag': 5.1}]",1
1333,2007-07-17 19:33:24.033,0,[],0
1334,2007-07-17 21:10:26.348,0,[],0
1335,2007-07-17 22:46:54.270,0,[],0
1336,2007-07-18 00:24:23.113,0,[],0
1337,2007-07-18 02:01:24.111,0,[],0
1338,2007-07-18 05:18:56.073,0,[],0
1339,2007-07-18 06:56:51.412,0,[],0
1340,2007-07-18 08:35:21.518,0,[],0
1341,2007-07-18 10:12:53.352,0,[],0
1342,2007-07-18 11:52:23.380,0,[],0
1343,2007-07-18 13:31:53.407,0,[],0
1344,2007-07-18 15:10:47.753,0,[],0
1345,2007-07-18 20:03:53.513,0,[],0
1346,2007-07-18 21:40:18.082,0,[],0
1347,2007-07-18 23:17:20.654,0,[],0
1348,2007-07-19 00:54:23.593,0,[],0
1349,2007-07-19 04:11:26.526,0,[],0
1350,2007-07-19 05:49:26.553,0,[],0
1351,2007-07-19 07:27:53.220,0,[],0
1352,2007-07-19 09:04:24.575,0,[],0
1353,2007-07-19 10:43:52.950,0,[],0
1354,2007-07-19 12:23:23.781,0,[],0
1355,2007-07-19 14:02:53.807,0,[],0
1356,2007-07-19 15:41:52.027,0,[],0
1357,2007-07-19 17:19:53.862,0,[],0
1358,2007-07-19 18:56:53.888,0,[],0
1359,2007-07-19 20:33:52.107,0,[],0
1360,2007-07-19 22:10:52.021,0,[],0
1361,2007-07-19 23:47:53.967,0,[],0
1362,2007-07-20 01:24:53.993,0,[],0
1363,2007-07-20 04:41:56.927,0,[],0
1364,2007-07-20 06:19:56.954,1,"[{'lat': 38.936, 'long': 70.485, 'Time': Timestamp('2007-07-21 22:44:13'), 'mag': 5.2}]",1
1365,2007-07-20 07:58:26.717,0,[],0
1366,2007-07-20 09:35:22.882,0,[],0
1367,2007-07-20 11:14:52.463,0,[],0
1368,2007-07-20 12:54:53.182,0,[],0
1369,2007-07-20 14:33:53.209,1,"[{'lat': -22.151, 'long': -65.777, 'Time': Timestamp('2007-07-21 15:34:52'), 'mag': 6.4}]",1
1370,2007-07-20 16:12:21.763,0,[],0
1371,2007-07-20 17:50:23.262,1,"[{'lat': -55.091, 'long': -129.418, 'Time': Timestamp('2007-07-21 20:40:53'), 'mag': 5.7}]",1
1372,2007-07-20 19:27:23.289,0,[],0
1373,2007-07-20 21:04:25.604,0,[],0
1374,2007-07-20 22:40:53.197,0,[],0
1375,2007-07-21 00:18:23.369,1,"[{'lat': -4.469, 'long': 149.854, 'Time': Timestamp('2007-07-23 00:08:32'), 'mag': 5.9}]",1
1376,2007-07-21 01:55:24.366,1,"[{'lat': 2.621, 'long': 128.227, 'Time': Timestamp('2007-07-22 13:56:13'), 'mag': 5.2}]",1
1377,2007-07-21 05:12:56.329,0,[],0
1378,2007-07-21 06:50:54.324,0,[],0
1379,2007-07-21 08:29:21.694,0,[],0
1380,2007-07-21 10:06:23.529,0,[],0
1381,2007-07-21 11:46:23.556,0,[],0
1382,2007-07-21 13:25:53.583,0,[],0
1383,2007-07-21 15:04:48.275,0,[],0
1384,2007-07-21 16:42:53.637,0,[],0
1385,2007-07-21 18:20:23.663,0,[],0
1386,2007-07-21 19:57:53.690,0,[],0
1387,2007-07-21 21:34:22.356,0,[],0
1388,2007-07-21 23:11:20.831,0,[],0
1389,2007-07-22 00:48:23.769,1,"[{'lat': -2.797, 'long': 141.66, 'Time': Timestamp('2007-07-22 10:49:35'), 'mag': 5.8}, {'lat': -2.807, 'long': 141.72, 'Time': Timestamp('2007-07-22 12:14:27'), 'mag': 5.1}, {'lat': -2.746, 'long': 141.694, 'Time': Timestamp('2007-07-22 12:40:52'), 'mag': 5.0}, {'lat': -2.783, 'long': 141.724, 'Time': Timestamp('2007-07-22 14:20:43'), 'mag': 5.8}, {'lat': -2.797, 'long': 141.765, 'Time': Timestamp('2007-07-22 15:42:11'), 'mag': 5.2}]",5
1390,2007-07-22 05:43:26.730,1,"[{'lat': 30.881, 'long': 78.239, 'Time': Timestamp('2007-07-22 23:02:14'), 'mag': 5.1}]",1
1391,2007-07-22 07:21:24.726,0,[],0
1392,2007-07-22 08:58:23.312,0,[],0
1393,2007-07-22 10:37:49.031,0,[],0
1394,2007-07-22 12:17:23.958,0,[],0
1395,2007-07-22 13:56:53.984,0,[],0
1396,2007-07-22 15:35:52.204,0,[],0
1397,2007-07-22 20:27:49.955,0,[],0
1398,2007-07-22 22:03:56.622,0,[],0
1399,2007-07-22 23:41:53.144,0,[],0
1400,2007-07-23 01:18:53.171,0,[],0
1401,2007-07-23 04:35:56.104,0,[],0
1402,2007-07-23 06:13:56.130,0,[],0
1403,2007-07-23 07:52:26.894,0,[],0
1404,2007-07-23 09:29:23.059,0,[],0
1405,2007-07-23 11:08:55.296,0,[],0
1406,2007-07-23 12:48:53.359,0,[],0
1407,2007-07-23 14:27:53.386,0,[],0
1408,2007-07-23 16:06:20.500,0,[],0
1409,2007-07-23 17:44:23.439,0,[],0
1410,2007-07-23 19:21:23.466,0,[],0
1411,2007-07-23 20:55:19.251,0,[],0
1412,2007-07-23 22:34:53.519,0,[],0
1413,2007-07-24 00:11:53.545,1,"[{'lat': -5.386, 'long': 151.556, 'Time': Timestamp('2007-07-25 15:04:21'), 'mag': 5.0}]",1
1414,2007-07-24 01:49:24.543,0,[],0
1415,2007-07-24 05:06:26.505,0,[],0
1416,2007-07-24 06:44:54.501,0,[],0
1417,2007-07-24 08:23:21.871,0,[],0
1418,2007-07-24 10:00:23.706,0,[],0
1419,2007-07-24 11:40:23.733,0,[],0
1420,2007-07-24 13:19:53.760,0,[],0
1421,2007-07-24 14:58:53.787,0,[],0
1422,2007-07-24 16:36:53.814,0,[],0
1423,2007-07-24 18:14:23.841,0,[],0
1424,2007-07-24 19:51:53.867,0,[],0
1425,2007-07-24 23:05:21.008,1,"[{'lat': -15.823, 'long': 167.823, 'Time': Timestamp('2007-07-25 01:41:33'), 'mag': 5.3}]",1
1426,2007-07-25 00:42:23.946,0,[],0
1427,2007-07-25 05:37:26.906,0,[],0
1428,2007-07-25 07:15:26.933,0,[],0
1429,2007-07-25 08:52:21.160,0,[],0
1430,2007-07-25 10:31:23.107,0,[],0
1431,2007-07-25 12:11:23.217,0,[],0
1432,2007-07-25 13:50:53.244,0,[],0
1433,2007-07-25 15:29:18.694,0,[],0
1434,2007-07-25 20:21:50.215,0,[],0
1435,2007-07-25 21:57:51.457,1,"[{'lat': -14.656, 'long': -175.475, 'Time': Timestamp('2007-07-27 03:51:22'), 'mag': 5.1}, {'lat': -20.391, 'long': -177.108, 'Time': Timestamp('2007-07-27 15:30:38'), 'mag': 5.1}, {'lat': -20.542, 'long': -178.465, 'Time': Timestamp('2007-07-26 13:52:30'), 'mag': 5.7}, {'lat': -20.803, 'long': -178.869, 'Time': Timestamp('2007-07-26 16:47:03'), 'mag': 5.3}, {'lat': -20.391, 'long': -177.108, 'Time': Timestamp('2007-07-27 15:30:38'), 'mag': 5.1}]",5
1436,2007-07-25 23:35:53.593,0,[],0
1437,2007-07-26 01:12:53.429,0,[],0
1438,2007-07-26 04:29:56.363,0,[],0
1439,2007-07-26 06:07:56.390,0,[],0
1440,2007-07-26 07:46:27.154,0,[],0
1441,2007-07-26 09:23:19.322,0,[],0
1442,2007-07-26 11:02:55.555,0,[],0
1443,2007-07-26 12:42:23.618,0,[],0
1444,2007-07-26 14:21:53.645,0,[],0
1445,2007-07-26 16:00:19.319,1,"[{'lat': 4.651, 'long': -82.512, 'Time': Timestamp('2007-07-27 00:22:57'), 'mag': 5.3}]",1
1446,2007-07-26 17:37:53.699,1,"[{'lat': -26.586, 'long': -114.765, 'Time': Timestamp('2007-07-28 15:23:19'), 'mag': 5.3}]",1
1447,2007-07-26 19:15:23.725,0,[],0
1448,2007-07-26 20:49:19.510,0,[],0
1449,2007-07-26 22:28:53.777,0,[],0
1450,2007-07-27 00:05:53.804,0,[],0
1451,2007-07-27 01:43:24.802,1,"[{'lat': 33.957, 'long': 137.387, 'Time': Timestamp('2007-07-28 08:55:49'), 'mag': 5.1}]",1
1452,2007-07-27 05:00:26.764,1,"[{'lat': -49.139, 'long': 68.977, 'Time': Timestamp('2007-07-28 15:32:50'), 'mag': 5.3}, {'lat': -49.139, 'long': 68.977, 'Time': Timestamp('2007-07-28 15:32:50'), 'mag': 5.3}]",2
1453,2007-07-27 06:38:26.088,0,[],0
1454,2007-07-27 08:15:23.347,0,[],0
1455,2007-07-27 09:54:21.286,0,[],0
1456,2007-07-27 11:33:53.991,0,[],0
1457,2007-07-27 13:13:24.019,0,[],0
1458,2007-07-27 14:52:24.046,0,[],0
1459,2007-07-27 16:30:54.073,0,[],0
1460,2007-07-27 18:08:23.099,1,"[{'lat': 19.722, 'long': -109.195, 'Time': Timestamp('2007-07-28 19:11:17'), 'mag': 5.3}, {'lat': 19.722, 'long': -109.195, 'Time': Timestamp('2007-07-28 19:11:17'), 'mag': 5.3}]",2
1461,2007-07-27 19:45:53.126,1,"[{'lat': 44.401, 'long': -129.76, 'Time': Timestamp('2007-07-27 23:22:48'), 'mag': 5.3}, {'lat': 44.545, 'long': -129.759, 'Time': Timestamp('2007-07-28 00:20:38'), 'mag': 5.0}, {'lat': 44.611, 'long': -129.778, 'Time': Timestamp('2007-07-28 00:30:29'), 'mag': 5.3}]",3
1462,2007-07-27 21:21:25.328,0,[],0
1463,2007-07-27 22:59:18.938,1,"[{'lat': -17.15, 'long': 167.149, 'Time': Timestamp('2007-07-29 17:24:47'), 'mag': 5.0}]",1
1464,2007-07-28 00:36:23.205,0,[],0
1465,2007-07-28 02:13:54.203,0,[],0
1466,2007-07-28 05:31:26.165,0,[],0
1467,2007-07-28 07:09:26.192,0,[],0
1468,2007-07-28 08:47:55.627,1,"[{'lat': -54.13, 'long': 7.881, 'Time': Timestamp('2007-07-28 16:13:43'), 'mag': 5.5}, {'lat': -54.157, 'long': 7.908, 'Time': Timestamp('2007-07-28 17:46:28'), 'mag': 5.1}]",2
1469,2007-07-28 10:25:22.562,0,[],0
1470,2007-07-28 12:04:53.393,0,[],0
1471,2007-07-28 13:44:23.420,0,[],0
1472,2007-07-28 15:23:18.872,0,[],0
1473,2007-07-28 17:01:23.474,0,[],0
1474,2007-07-28 18:38:53.501,0,[],0
1475,2007-07-28 20:15:54.488,0,[],0
1476,2007-07-28 21:51:51.634,0,[],0
1477,2007-07-28 23:29:50.891,0,[],0
1478,2007-07-29 01:06:53.606,1,"[{'lat': 20.036, 'long': 146.145, 'Time': Timestamp('2007-07-29 02:43:38'), 'mag': 5.0}]",1
1479,2007-07-29 04:23:56.540,1,"[{'lat': 19.311, 'long': 95.611, 'Time': Timestamp('2007-07-30 22:42:05'), 'mag': 5.6}]",1
1480,2007-07-29 06:01:56.567,0,[],0
1481,2007-07-29 07:39:57.330,0,[],0
1482,2007-07-29 09:16:50.716,0,[],0
1483,2007-07-29 10:56:22.305,0,[],0
1484,2007-07-29 12:36:23.795,0,[],0
1485,2007-07-29 14:15:23.821,0,[],0
1486,2007-07-29 15:54:22.152,0,[],0
1487,2007-07-29 20:43:19.687,0,[],0
1488,2007-07-29 22:22:53.954,0,[],0
1489,2007-07-29 23:59:53.981,0,[],0
1490,2007-07-30 01:37:20.883,1,"[{'lat': 28.234, 'long': 138.939, 'Time': Timestamp('2007-07-31 12:58:28'), 'mag': 5.4}, {'lat': 28.234, 'long': 138.939, 'Time': Timestamp('2007-07-31 12:58:28'), 'mag': 5.4}]",2
1491,2007-07-30 04:54:26.940,0,[],0
1492,2007-07-30 06:32:21.169,0,[],0
1493,2007-07-30 08:10:52.636,0,[],0
1494,2007-07-30 09:47:50.898,0,[],0
1495,2007-07-30 11:27:53.168,0,[],0
1496,2007-07-30 13:07:23.195,0,[],0
1497,2007-07-30 14:46:23.223,0,[],0
1498,2007-07-30 16:24:53.250,0,[],0
1499,2007-07-30 18:02:23.276,0,[],0
1500,2007-07-30 19:39:23.303,0,[],0
1501,2007-07-30 21:15:21.410,0,[],0
1502,2007-07-30 22:53:23.211,0,[],0
1503,2007-07-31 00:30:23.382,0,[],0
1504,2007-07-31 02:07:54.380,0,[],0
1505,2007-07-31 05:24:56.342,0,[],0
1506,2007-07-31 07:03:21.793,0,[],0
1507,2007-07-31 08:39:48.829,0,[],0
1508,2007-07-31 10:21:58.388,0,[],0
1509,2007-07-31 11:58:53.570,0,[],0
1510,2007-07-31 13:38:23.597,0,[],0
1511,2007-07-31 15:17:20.711,0,[],0
1512,2007-07-31 16:55:23.651,0,[],0
1513,2007-07-31 18:32:53.678,0,[],0
1514,2007-07-31 20:09:53.704,0,[],0
1515,2007-07-31 23:23:50.956,0,[],0
1516,2007-08-01 01:00:53.783,1,"[{'lat': -3.664, 'long': 140.102, 'Time': Timestamp('2007-08-01 03:06:07'), 'mag': 5.3}]",1
1517,2007-08-01 02:38:23.809,0,[],0
1518,2007-08-01 05:55:56.743,0,[],0
1519,2007-08-01 07:33:57.507,1,"[{'lat': 12.511, 'long': 47.462, 'Time': Timestamp('2007-08-02 13:37:29'), 'mag': 5.7}]",1
1520,2007-08-01 09:10:54.877,0,[],0
1521,2007-08-01 10:50:22.563,0,[],0
1522,2007-08-01 12:29:54.051,0,[],0
1523,2007-08-01 14:09:24.079,0,[],0
1524,2007-08-01 15:47:49.970,0,[],0
1525,2007-08-01 17:25:53.133,0,[],0
1526,2007-08-01 19:03:23.159,0,[],0
1527,2007-08-01 20:37:20.272,0,[],0
1528,2007-08-01 22:15:53.524,0,[],0
1529,2007-08-01 23:53:53.238,0,[],0
1530,2007-08-02 01:31:22.908,0,[],0
1531,2007-08-02 04:48:26.198,0,[],0
1532,2007-08-02 06:26:25.522,0,[],0
1533,2007-08-02 08:04:56.989,0,[],0
1534,2007-08-02 09:41:50.497,0,[],0
1535,2007-08-02 11:21:20.859,0,[],0
1536,2007-08-02 13:01:23.453,0,[],0
1537,2007-08-02 14:40:23.480,0,[],0
1538,2007-08-02 16:18:50.818,0,[],0
1539,2007-08-02 17:56:23.534,0,[],0
1540,2007-08-02 19:33:23.560,0,[],0
1541,2007-08-02 21:09:24.434,0,[],0
1542,2007-08-02 22:47:23.468,0,[],0
1543,2007-08-03 00:24:23.639,0,[],0
1544,2007-08-03 05:18:56.599,0,[],0
1545,2007-08-03 06:56:56.034,0,[],0
1546,2007-08-03 08:33:49.085,0,[],0
1547,2007-08-03 10:12:50.229,0,[],0
1548,2007-08-03 11:52:53.827,0,[],0
1549,2007-08-03 13:32:23.855,0,[],0
1550,2007-08-03 15:11:16.872,0,[],0
1551,2007-08-03 16:49:23.908,0,[],0
1552,2007-08-03 20:03:53.961,0,[],0
1553,2007-08-03 23:17:21.101,0,[],0
1554,2007-08-04 00:54:54.041,1,"[{'lat': -2.894, 'long': 141.389, 'Time': Timestamp('2007-08-05 16:19:37'), 'mag': 5.0}, {'lat': -2.868, 'long': 141.51, 'Time': Timestamp('2007-08-05 16:43:00'), 'mag': 5.0}, {'lat': -2.943, 'long': 141.561, 'Time': Timestamp('2007-08-05 18:11:59'), 'mag': 5.1}, {'lat': -2.75, 'long': 141.606, 'Time': Timestamp('2007-08-06 00:26:35'), 'mag': 5.4}, {'lat': -2.894, 'long': 141.389, 'Time': Timestamp('2007-08-05 16:19:37'), 'mag': 5.0}, {'lat': -2.868, 'long': 141.51, 'Time': Timestamp('2007-08-05 16:43:00'), 'mag': 5.0}, {'lat': -2.943, 'long': 141.561, 'Time': Timestamp('2007-08-05 18:11:59'), 'mag': 5.1}, {'lat': -2.75, 'long': 141.606, 'Time': Timestamp('2007-08-06 00:26:35'), 'mag': 5.4}]",8
1555,2007-08-04 05:49:26.000,1,"[{'lat': -3.474, 'long': 68.353, 'Time': Timestamp('2007-08-04 13:43:34'), 'mag': 5.0}, {'lat': -3.474, 'long': 68.353, 'Time': Timestamp('2007-08-04 13:43:34'), 'mag': 5.0}]",2
1556,2007-08-04 07:27:52.668,0,[],0
1557,2007-08-04 09:04:52.694,0,[],0
1558,2007-08-04 10:43:54.061,0,[],0
1559,2007-08-04 12:23:53.229,0,[],0
1560,2007-08-04 14:03:23.255,0,[],0
1561,2007-08-04 15:41:51.475,0,[],0
1562,2007-08-04 17:19:53.309,0,[],0
1563,2007-08-04 18:57:23.336,0,[],0
1564,2007-08-04 20:34:20.227,0,[],0
1565,2007-08-04 22:10:53.388,0,[],0
1566,2007-08-04 23:47:53.415,0,[],0
1567,2007-08-05 01:24:53.441,0,[],0
1568,2007-08-05 04:42:26.374,0,[],0
1569,2007-08-05 06:20:26.401,0,[],0
1570,2007-08-05 07:58:55.837,0,[],0
1571,2007-08-05 09:35:52.002,0,[],0
1572,2007-08-05 11:15:18.267,0,[],0
1573,2007-08-05 12:54:53.630,0,[],0
1574,2007-08-05 14:33:53.656,0,[],0
1575,2007-08-05 16:12:22.210,0,[],0
1576,2007-08-05 17:50:23.710,1,"[{'lat': -20.578, 'long': -114.096, 'Time': Timestamp('2007-08-05 20:55:38'), 'mag': 5.1}]",1
1577,2007-08-05 19:27:23.736,0,[],0
1578,2007-08-05 21:04:26.051,0,[],0
1579,2007-08-05 22:41:23.645,0,[],0
1580,2007-08-06 00:18:23.816,1,"[{'lat': -6.016, 'long': 150.767, 'Time': Timestamp('2007-08-06 17:11:50'), 'mag': 5.1}]",1
1581,2007-08-06 05:12:56.776,0,[],0
1582,2007-08-06 06:50:54.771,0,[],0
1583,2007-08-06 08:29:23.470,0,[],0
1584,2007-08-06 10:06:54.502,0,[],0
1585,2007-08-06 11:46:24.004,0,[],0
1586,2007-08-06 13:25:54.031,0,[],0
1587,2007-08-06 15:04:48.723,0,[],0
1588,2007-08-06 16:43:23.085,0,[],0
1589,2007-08-06 18:20:53.112,0,[],0
1590,2007-08-06 19:57:53.138,0,[],0
1591,2007-08-06 21:34:22.685,0,[],0
1592,2007-08-06 23:11:20.278,0,[],0
1593,2007-08-07 00:48:23.217,1,"[{'lat': 51.932, 'long': 155.607, 'Time': Timestamp('2007-08-08 09:09:27'), 'mag': 5.1}, {'lat': 14.153, 'long': 145.342, 'Time': Timestamp('2007-08-08 21:46:45'), 'mag': 5.3}]",2
1594,2007-08-07 04:05:26.150,0,[],0
1595,2007-08-07 05:43:26.177,0,[],0
1596,2007-08-07 07:21:52.845,0,[],0
1597,2007-08-07 08:58:22.760,0,[],0
1598,2007-08-07 10:37:51.358,0,[],0
1599,2007-08-07 12:17:23.405,0,[],0
1600,2007-08-07 13:56:53.432,0,[],0
1601,2007-08-07 15:35:51.651,0,[],0
1602,2007-08-07 17:13:53.486,0,[],0
1603,2007-08-07 18:50:53.512,0,[],0
1604,2007-08-07 20:27:47.635,0,[],0
1605,2007-08-07 23:41:53.592,0,[],0
1606,2007-08-08 01:18:53.618,0,[],0
1607,2007-08-08 04:35:56.552,0,[],0
1608,2007-08-08 06:13:56.578,0,[],0
1609,2007-08-08 07:52:27.342,0,[],0
1610,2007-08-08 09:29:23.507,0,[],0
1611,2007-08-08 11:08:53.840,0,[],0
1612,2007-08-08 12:48:53.889,0,[],0
1613,2007-08-08 14:27:53.916,0,[],0
1614,2007-08-08 19:21:23.996,0,[],0
1615,2007-08-08 20:58:26.311,0,[],0
1616,2007-08-08 22:35:24.049,0,[],0
1617,2007-08-09 00:12:24.076,0,[],0
1618,2007-08-09 01:49:24.073,0,[],0
1619,2007-08-09 06:44:54.031,0,[],0
1620,2007-08-09 08:23:21.402,0,[],0
1621,2007-08-09 10:00:19.665,0,[],0
1622,2007-08-09 11:40:23.263,0,[],0
1623,2007-08-09 13:19:53.291,0,[],0
1624,2007-08-09 14:58:53.317,0,[],0
1625,2007-08-09 16:36:53.344,0,[],0
1626,2007-08-09 18:14:53.371,0,[],0
1627,2007-08-09 19:51:53.398,0,[],0
1628,2007-08-09 21:28:22.944,0,[],0
1629,2007-08-09 23:05:20.537,0,[],0
1630,2007-08-10 00:42:23.477,0,[],0
1631,2007-08-10 05:37:26.436,0,[],0
1632,2007-08-10 07:15:26.463,0,[],0
1633,2007-08-10 08:52:23.019,0,[],0
1634,2007-08-10 10:31:55.602,0,[],0
1635,2007-08-10 12:11:23.664,0,[],0
1636,2007-08-10 13:50:53.692,0,[],0
1637,2007-08-10 15:29:19.143,0,[],0
1638,2007-08-10 17:07:53.745,0,[],0
1639,2007-08-10 18:44:53.772,0,[],0
1640,2007-08-10 20:21:50.662,0,[],0
1641,2007-08-10 23:35:54.041,0,[],0
1642,2007-08-11 01:12:53.878,0,[],0
1643,2007-08-11 04:29:56.811,0,[],0
1644,2007-08-11 06:07:56.837,0,[],0
1645,2007-08-11 07:46:27.601,0,[],0
1646,2007-08-11 09:23:19.771,0,[],0
1647,2007-08-11 11:02:52.577,1,"[{'lat': -5.588, 'long': -11.479, 'Time': Timestamp('2007-08-12 08:01:27'), 'mag': 5.1}, {'lat': -37.523, 'long': -17.579, 'Time': Timestamp('2007-08-12 19:22:52'), 'mag': 5.1}, {'lat': -37.523, 'long': -17.579, 'Time': Timestamp('2007-08-12 19:22:52'), 'mag': 5.1}]",3
1648,2007-08-11 12:42:24.066,0,[],0
1649,2007-08-11 14:21:53.093,0,[],0
1650,2007-08-11 16:00:18.768,0,[],0
1651,2007-08-11 17:38:23.147,0,[],0
1652,2007-08-11 19:15:23.173,0,[],0
1653,2007-08-11 20:52:17.296,0,[],0
1654,2007-08-11 22:29:23.226,0,[],0
1655,2007-08-12 00:05:53.252,0,[],0
1656,2007-08-12 01:43:24.250,0,[],0
1657,2007-08-12 05:00:26.212,0,[],0
1658,2007-08-12 06:38:25.536,0,[],0
1659,2007-08-12 08:15:22.795,0,[],0
1660,2007-08-12 09:54:19.841,0,[],0
1661,2007-08-12 11:33:53.440,0,[],0
1662,2007-08-12 13:13:23.467,0,[],0
1663,2007-08-12 14:52:53.494,0,[],0
1664,2007-08-12 19:45:53.574,0,[],0
1665,2007-08-12 21:22:23.121,0,[],0
1666,2007-08-12 22:59:19.386,1,"[{'lat': -15.956, 'long': 167.524, 'Time': Timestamp('2007-08-14 06:23:08'), 'mag': 5.1}]",1
1667,2007-08-13 00:36:23.654,0,[],0
1668,2007-08-13 02:13:54.651,0,[],0
1669,2007-08-13 05:31:26.614,0,[],0
1670,2007-08-13 07:09:26.640,0,[],0
1671,2007-08-13 08:47:56.076,0,[],0
1672,2007-08-13 10:25:23.010,0,[],0
1673,2007-08-13 12:04:53.842,0,[],0
1674,2007-08-13 13:44:23.868,0,[],0
1675,2007-08-13 15:23:19.320,0,[],0
1676,2007-08-13 17:01:23.922,0,[],0
1677,2007-08-13 18:38:53.948,0,[],0
1678,2007-08-13 20:15:54.936,0,[],0
1679,2007-08-13 21:52:48.321,1,"[{'lat': -30.417, 'long': -177.803, 'Time': Timestamp('2007-08-14 05:52:34'), 'mag': 5.1}, {'lat': -30.417, 'long': -177.803, 'Time': Timestamp('2007-08-14 05:52:34'), 'mag': 5.1}]",2
1680,2007-08-13 23:29:51.339,0,[],0
1681,2007-08-14 01:06:54.055,0,[],0
1682,2007-08-14 04:23:55.987,0,[],0
1683,2007-08-14 06:01:56.014,0,[],0
1684,2007-08-14 07:40:22.682,0,[],0
1685,2007-08-14 09:16:50.164,0,[],0
1686,2007-08-14 10:56:21.824,0,[],0
1687,2007-08-14 12:36:23.313,0,[],0
1688,2007-08-14 14:15:23.341,0,[],0
1689,2007-08-14 15:54:25.768,0,[],0
1690,2007-08-14 17:31:53.394,0,[],0
1691,2007-08-14 19:09:23.420,0,[],0
1692,2007-08-14 20:46:28.503,0,[],0
1693,2007-08-14 22:22:53.474,0,[],0
1694,2007-08-14 23:59:53.500,1,"[{'lat': -7.251, 'long': 155.652, 'Time': Timestamp('2007-08-15 16:51:44'), 'mag': 5.4}]",1
1695,2007-08-15 01:37:20.401,1,"[{'lat': 35.378, 'long': 140.269, 'Time': Timestamp('2007-08-15 19:15:10'), 'mag': 5.2}, {'lat': 35.296, 'long': 140.507, 'Time': Timestamp('2007-08-16 00:22:09'), 'mag': 5.0}, {'lat': 35.378, 'long': 140.269, 'Time': Timestamp('2007-08-15 19:15:10'), 'mag': 5.2}, {'lat': 35.296, 'long': 140.507, 'Time': Timestamp('2007-08-16 00:22:09'), 'mag': 5.0}]",4
1696,2007-08-15 04:54:26.460,0,[],0
1697,2007-08-15 06:32:21.688,0,[],0
1698,2007-08-15 08:10:53.154,0,[],0
1699,2007-08-15 09:47:51.417,0,[],0
1700,2007-08-15 11:27:53.688,0,[],0
1701,2007-08-15 13:07:23.715,0,[],0
1702,2007-08-15 14:46:23.742,0,[],0
1703,2007-08-15 19:39:23.822,0,[],0
1704,2007-08-15 21:16:19.272,0,[],0
1705,2007-08-15 22:53:23.730,0,[],0
1706,2007-08-16 00:30:23.901,0,[],0
1707,2007-08-16 02:07:54.899,0,[],0
1708,2007-08-16 05:24:56.861,0,[],0
1709,2007-08-16 07:03:22.312,0,[],0
1710,2007-08-16 08:39:49.347,0,[],0
1711,2007-08-16 10:19:23.258,0,[],0
1712,2007-08-16 11:58:53.089,0,[],0
1713,2007-08-16 13:38:23.116,0,[],0
1714,2007-08-16 15:17:18.567,1,"[{'lat': -14.426, 'long': -76.127, 'Time': Timestamp('2007-08-17 00:31:43'), 'mag': 5.5}, {'lat': -14.459, 'long': -75.978, 'Time': Timestamp('2007-08-17 00:51:22'), 'mag': 5.4}, {'lat': -14.211, 'long': -76.087, 'Time': Timestamp('2007-08-17 02:54:17'), 'mag': 5.0}, {'lat': -14.177, 'long': -76.093, 'Time': Timestamp('2007-08-17 06:18:04'), 'mag': 5.6}, {'lat': -13.605, 'long': -76.6, 'Time': Timestamp('2007-08-17 13:18:13'), 'mag': 5.9}, {'lat': -13.805, 'long': -76.291, 'Time': Timestamp('2007-08-18 02:52:35'), 'mag': 6.0}, {'lat': -14.177, 'long': -76.739, 'Time': Timestamp('2007-08-18 06:21:36'), 'mag': 5.0}]",7
1715,2007-08-16 16:55:23.170,0,[],0
1716,2007-08-16 18:32:53.196,0,[],0
1717,2007-08-16 20:09:53.223,0,[],0
1718,2007-08-16 21:46:51.554,1,"[{'lat': -29.191, 'long': -177.424, 'Time': Timestamp('2007-08-18 12:48:09'), 'mag': 5.1}, {'lat': -32.51, 'long': -178.808, 'Time': Timestamp('2007-08-17 16:45:20'), 'mag': 5.0}]",2
1719,2007-08-16 23:23:21.803,0,[],0
1720,2007-08-17 01:00:53.303,1,"[{'lat': 14.07, 'long': 146.535, 'Time': Timestamp('2007-08-17 02:11:16'), 'mag': 5.3}]",1
1721,2007-08-17 05:55:56.262,0,[],0
1722,2007-08-17 07:33:57.026,0,[],0
1723,2007-08-17 09:10:54.396,0,[],0
1724,2007-08-17 10:50:22.001,0,[],0
1725,2007-08-17 12:29:53.491,0,[],0
1726,2007-08-17 14:09:23.518,0,[],0
1727,2007-08-17 15:47:50.409,0,[],0
1728,2007-08-17 17:25:53.571,0,[],0
1729,2007-08-17 20:39:47.721,0,[],0
1730,2007-08-17 22:16:53.651,0,[],0
1731,2007-08-17 23:53:53.677,0,[],0
1732,2007-08-18 01:31:23.347,1,"[{'lat': 35.248, 'long': 140.088, 'Time': Timestamp('2007-08-18 07:55:10'), 'mag': 5.2}]",1
1733,2007-08-18 06:26:24.633,0,[],0
1734,2007-08-18 08:04:56.099,1,"[{'lat': -2.71, 'long': 36.292, 'Time': Timestamp('2007-08-20 02:56:48'), 'mag': 5.4}]",1
1735,2007-08-18 09:41:50.936,0,[],0
1736,2007-08-18 11:21:24.065,1,"[{'lat': -2.613, 'long': -12.277, 'Time': Timestamp('2007-08-19 12:59:40'), 'mag': 5.0}]",1
1737,2007-08-18 13:00:53.892,1,"[{'lat': 39.618, 'long': -29.88, 'Time': Timestamp('2007-08-18 16:20:45'), 'mag': 5.0}]",1
1738,2007-08-18 14:40:23.919,1,"[{'lat': -45.714, 'long': -72.538, 'Time': Timestamp('2007-08-19 07:42:24'), 'mag': 5.0}]",1
1739,2007-08-18 16:18:51.256,0,[],0
1740,2007-08-18 17:56:23.972,0,[],0
1741,2007-08-18 19:33:23.999,0,[],0
1742,2007-08-18 21:10:22.218,0,[],0
1743,2007-08-18 22:47:23.906,1,"[{'lat': -20.664, 'long': 169.702, 'Time': Timestamp('2007-08-19 13:44:04'), 'mag': 5.6}, {'lat': -20.664, 'long': 169.702, 'Time': Timestamp('2007-08-19 13:44:04'), 'mag': 5.6}]",2
1744,2007-08-19 00:24:24.078,0,[],0
1745,2007-08-19 05:18:56.038,0,[],0
1746,2007-08-19 06:56:55.474,0,[],0
1747,2007-08-19 08:35:26.828,0,[],0
1748,2007-08-19 10:12:49.667,0,[],0
1749,2007-08-19 11:52:23.266,0,[],0
1750,2007-08-19 13:32:23.293,0,[],0
1751,2007-08-19 15:10:47.640,0,[],0
1752,2007-08-19 20:03:53.399,0,[],0
1753,2007-08-19 21:40:22.065,0,[],0
1754,2007-08-19 23:17:20.540,0,[],0
1755,2007-08-20 00:54:23.479,1,"[{'lat': -5.395, 'long': 140.874, 'Time': Timestamp('2007-08-20 21:30:45'), 'mag': 5.7}]",1
1756,2007-08-20 04:11:26.412,0,[],0
1757,2007-08-20 05:49:26.439,0,[],0
1758,2007-08-20 07:27:53.107,0,[],0
1759,2007-08-20 09:04:24.462,0,[],0
1760,2007-08-20 10:43:54.500,0,[],0
1761,2007-08-20 12:23:53.667,0,[],0
1762,2007-08-20 14:02:53.694,0,[],0
1763,2007-08-20 15:41:51.914,0,[],0
1764,2007-08-20 17:19:53.748,0,[],0
1765,2007-08-20 18:56:53.775,0,[],0
1766,2007-08-20 20:30:48.008,0,[],0
1767,2007-08-20 22:09:53.236,0,[],0
1768,2007-08-20 23:47:53.854,0,[],0
1769,2007-08-21 01:24:53.880,1,"[{'lat': 43.754, 'long': 146.015, 'Time': Timestamp('2007-08-21 11:05:02'), 'mag': 5.1}, {'lat': 43.754, 'long': 146.015, 'Time': Timestamp('2007-08-21 11:05:02'), 'mag': 5.1}]",2
1770,2007-08-21 04:41:56.813,0,[],0
1771,2007-08-21 06:19:56.840,0,[],0
1772,2007-08-21 07:58:27.604,0,[],0
1773,2007-08-21 09:35:23.769,0,[],0
1774,2007-08-21 17:50:23.149,0,[],0
1775,2007-08-21 19:27:23.176,0,[],0
1776,2007-08-21 21:01:20.288,0,[],0
1777,2007-08-21 22:41:23.084,0,[],0
1778,2007-08-22 00:18:23.255,0,[],0
1779,2007-08-22 01:55:24.252,0,[],0
1780,2007-08-22 05:12:56.215,0,[],0
1781,2007-08-22 06:50:54.211,0,[],0
1782,2007-08-22 08:29:21.581,0,[],0
1783,2007-08-22 10:06:19.938,0,[],0
1784,2007-08-22 11:46:23.536,0,[],0
1785,2007-08-22 13:25:53.563,0,[],0
1786,2007-08-22 15:04:52.351,0,[],0
1787,2007-08-22 19:57:53.670,0,[],0
1788,2007-08-22 21:33:24.991,0,[],0
1789,2007-08-22 23:11:20.811,1,"[{'lat': -11.39, 'long': 166.264, 'Time': Timestamp('2007-08-23 07:04:18'), 'mag': 5.0}]",1
1790,2007-08-23 00:48:23.749,1,"[{'lat': 12.888, 'long': 145.249, 'Time': Timestamp('2007-08-23 07:43:20'), 'mag': 5.0}]",1
1791,2007-08-23 05:43:26.709,0,[],0
1792,2007-08-23 07:21:24.705,0,[],0
1793,2007-08-23 08:58:23.292,0,[],0
1794,2007-08-23 10:37:58.754,0,[],0
1795,2007-08-23 12:17:23.937,0,[],0
1796,2007-08-23 13:56:53.964,0,[],0
1797,2007-08-23 15:35:23.512,0,[],0
1798,2007-08-23 17:13:24.018,0,[],0
1799,2007-08-23 18:50:54.045,0,[],0
1800,2007-08-23 20:27:50.935,0,[],0
1801,2007-08-23 22:03:55.274,0,[],0
1802,2007-08-23 23:41:53.124,0,[],0
1803,2007-08-24 01:18:53.151,0,[],0
1804,2007-08-24 04:35:56.084,0,[],0
1805,2007-08-24 06:13:56.111,0,[],0
1806,2007-08-24 07:52:26.875,0,[],0
1807,2007-08-24 09:29:23.039,0,[],0
1808,2007-08-24 11:08:51.961,0,[],0
1809,2007-08-24 12:48:23.339,0,[],0
1810,2007-08-24 14:27:53.366,0,[],0
1811,2007-08-24 16:06:20.480,0,[],0
1812,2007-08-24 17:43:53.419,0,[],0
1813,2007-08-24 19:21:23.446,0,[],0
1814,2007-08-24 20:55:23.327,0,[],0
1815,2007-08-24 22:34:53.499,0,[],0
1816,2007-08-25 00:11:53.525,1,"[{'lat': -9.906, 'long': 154.219, 'Time': Timestamp('2007-08-26 12:23:45'), 'mag': 5.0}, {'lat': -9.776, 'long': 154.118, 'Time': Timestamp('2007-08-26 13:47:02'), 'mag': 5.3}]",2
1817,2007-08-25 01:49:24.523,0,[],0
1818,2007-08-25 05:06:26.485,0,[],0
1819,2007-08-25 08:21:18.972,1,"[{'lat': 39.282, 'long': 41.124, 'Time': Timestamp('2007-08-25 22:05:49'), 'mag': 5.3}]",1
1820,2007-08-25 10:00:20.115,0,[],0
1821,2007-08-25 11:39:53.712,0,[],0
1822,2007-08-25 13:19:23.740,0,[],0
1823,2007-08-25 14:58:53.767,0,[],0
1824,2007-08-25 16:36:53.793,0,[],0
1825,2007-08-25 18:14:23.820,0,[],0
1826,2007-08-25 19:51:23.847,0,[],0
1827,2007-08-25 21:27:25.168,0,[],0
1828,2007-08-25 23:05:19.659,0,[],0
1829,2007-08-26 00:42:23.926,0,[],0
1830,2007-08-26 02:19:53.708,0,[],0
1831,2007-08-26 05:36:56.886,0,[],0
1832,2007-08-26 07:15:26.913,0,[],0
1833,2007-08-26 08:53:56.349,0,[],0
1834,2007-08-26 10:31:22.284,0,[],0
1835,2007-08-26 12:11:23.114,0,[],0
1836,2007-08-26 13:50:53.141,0,[],0
1837,2007-08-26 15:29:18.593,0,[],0
1838,2007-08-26 20:21:50.112,0,[],0
1839,2007-08-26 21:57:55.451,0,[],0
1840,2007-08-26 23:35:20.723,0,[],0
1841,2007-08-27 01:12:53.327,1,"[{'lat': 49.69, 'long': 154.29, 'Time': Timestamp('2007-08-28 01:16:04'), 'mag': 5.6}]",1
1842,2007-08-27 04:29:56.260,0,[],0
1843,2007-08-27 06:07:56.288,0,[],0
1844,2007-08-27 07:45:52.955,0,[],0
1845,2007-08-27 09:22:49.119,0,[],0
1846,2007-08-27 11:02:50.698,0,[],0
1847,2007-08-27 12:42:23.516,0,[],0
1848,2007-08-27 14:21:23.542,0,[],0
1849,2007-08-27 16:00:19.217,0,[],0
1850,2007-08-27 17:37:53.596,0,[],0
1851,2007-08-27 19:15:23.623,0,[],0
1852,2007-08-27 20:48:50.736,0,[],0
1853,2007-08-27 22:28:53.675,0,[],0
1854,2007-08-28 00:05:53.702,0,[],0
1855,2007-08-28 01:43:23.371,0,[],0
1856,2007-08-28 05:00:26.661,0,[],0
1857,2007-08-28 06:38:25.986,0,[],0
1858,2007-08-28 08:16:53.357,0,[],0
1859,2007-08-28 09:54:16.195,0,[],0
1860,2007-08-28 11:33:53.890,0,[],0
1861,2007-08-28 13:13:23.917,0,[],0
1862,2007-08-28 14:52:23.943,1,"[{'lat': -20.948, 'long': -68.36, 'Time': Timestamp('2007-08-29 16:18:10'), 'mag': 5.5}]",1
1863,2007-08-28 16:30:53.970,1,"[{'lat': -0.462, 'long': -91.22, 'Time': Timestamp('2007-08-28 22:46:39'), 'mag': 5.2}, {'lat': -0.559, 'long': -91.339, 'Time': Timestamp('2007-08-29 22:10:10'), 'mag': 5.4}]",2
1864,2007-08-28 18:08:23.997,0,[],0
1865,2007-08-28 19:45:24.023,0,[],0
1866,2007-08-28 21:21:24.016,0,[],0
1867,2007-08-28 22:59:22.931,0,[],0
1868,2007-08-29 00:36:23.103,0,[],0
1869,2007-08-29 05:30:56.063,0,[],0
1870,2007-08-29 07:09:26.090,0,[],0
1871,2007-08-29 08:45:52.646,0,[],0
1872,2007-08-29 10:25:22.545,0,[],0
1873,2007-08-29 12:04:53.375,0,[],0
1874,2007-08-29 13:44:23.402,0,[],0
1875,2007-08-29 15:23:18.854,0,[],0
1876,2007-08-29 20:15:54.470,0,[],0
1877,2007-08-29 21:51:22.945,0,[],0
1878,2007-08-29 23:29:20.872,0,[],0
1879,2007-08-30 01:06:53.588,0,[],0
1880,2007-08-30 06:01:26.548,0,[],0
1881,2007-08-30 07:39:53.217,0,[],0
1882,2007-08-30 09:16:53.466,1,"[{'lat': 36.655, 'long': 26.272, 'Time': Timestamp('2007-08-31 20:52:43'), 'mag': 5.2}, {'lat': 36.655, 'long': 26.272, 'Time': Timestamp('2007-08-31 20:52:43'), 'mag': 5.2}]",2
1883,2007-08-30 10:56:22.287,0,[],0
1884,2007-08-30 12:35:53.776,0,[],0
1885,2007-08-30 14:15:23.804,0,[],0
1886,2007-08-30 15:53:52.134,0,[],0
1887,2007-08-30 17:31:53.857,0,[],0
1888,2007-08-30 19:08:53.884,0,[],0
1889,2007-08-30 20:42:50.997,0,[],0
1890,2007-08-30 22:22:53.937,0,[],0
1891,2007-08-30 23:59:53.964,0,[],0
1892,2007-08-31 01:36:50.865,0,[],0
1893,2007-08-31 04:54:26.923,0,[],0
1894,2007-08-31 06:32:24.919,0,[],0
1895,2007-08-31 08:10:51.290,0,[],0
1896,2007-08-31 09:47:49.553,0,[],0
1897,2007-08-31 11:27:23.151,0,[],0
1898,2007-08-31 13:06:53.178,0,[],0
1899,2007-08-31 14:46:23.205,0,[],0
1900,2007-08-31 16:24:23.232,1,"[{'lat': 11.607, 'long': -87.271, 'Time': Timestamp('2007-09-02 00:07:28'), 'mag': 5.2}, {'lat': 11.607, 'long': -87.271, 'Time': Timestamp('2007-09-02 00:07:28'), 'mag': 5.2}]",2
1901,2007-08-31 18:02:23.259,1,"[{'lat': 24.902, 'long': -109.689, 'Time': Timestamp('2007-09-01 19:14:22'), 'mag': 6.1}, {'lat': 24.502, 'long': -109.915, 'Time': Timestamp('2007-09-01 23:35:26'), 'mag': 5.0}, {'lat': 24.615, 'long': -109.824, 'Time': Timestamp('2007-09-02 11:04:46'), 'mag': 5.2}]",3
1902,2007-08-31 19:39:23.285,0,[],0
1903,2007-08-31 21:13:20.398,0,[],0
1904,2007-08-31 22:52:50.425,0,[],0
1905,2007-09-01 00:30:23.364,0,[],0
1906,2007-09-01 05:24:56.324,0,[],0
1907,2007-09-01 08:41:23.019,0,[],0
1908,2007-09-01 10:18:52.721,0,[],0
1909,2007-09-01 11:58:53.552,0,[],0
1910,2007-09-01 13:38:23.580,0,[],0
1911,2007-09-01 15:16:47.925,0,[],0
1912,2007-09-01 16:55:23.633,0,[],0
1913,2007-09-01 18:32:23.659,0,[],0
1914,2007-09-01 20:09:53.686,0,[],0
1915,2007-09-01 21:45:17.697,0,[],0
1916,2007-09-01 23:23:22.266,1,"[{'lat': -11.61, 'long': 165.762, 'Time': Timestamp('2007-09-02 01:05:18'), 'mag': 7.2}, {'lat': -11.629, 'long': 165.855, 'Time': Timestamp('2007-09-02 01:31:25'), 'mag': 5.0}, {'lat': -11.808, 'long': 165.764, 'Time': Timestamp('2007-09-02 02:34:12'), 'mag': 5.4}, {'lat': -11.766, 'long': 165.699, 'Time': Timestamp('2007-09-02 02:35:23'), 'mag': 6.3}, {'lat': -11.689, 'long': 165.905, 'Time': Timestamp('2007-09-02 11:42:34'), 'mag': 5.2}, {'lat': -11.403, 'long': 165.634, 'Time': Timestamp('2007-09-02 12:32:31'), 'mag': 5.2}, {'lat': -11.308, 'long': 165.826, 'Time': Timestamp('2007-09-02 16:33:50'), 'mag': 5.1}, {'lat': -11.497, 'long': 165.92, 'Time': Timestamp('2007-09-02 17:22:44'), 'mag': 5.1}]",8
1917,2007-09-02 01:00:23.766,0,[],0
1918,2007-09-02 04:17:26.699,0,[],0
1919,2007-09-02 05:55:26.725,1,"[{'lat': 44.579, 'long': 78.339, 'Time': Timestamp('2007-09-02 15:30:37'), 'mag': 5.1}]",1
1920,2007-09-02 07:34:09.777,0,[],0
1921,2007-09-02 09:10:24.860,0,[],0
1922,2007-09-02 10:49:53.792,0,[],0
1923,2007-09-02 12:29:53.953,0,[],0
1924,2007-09-02 14:08:53.981,0,[],0
1925,2007-09-02 15:47:50.871,0,[],0
1926,2007-09-02 20:36:46.078,0,[],0
1927,2007-09-02 22:15:53.426,0,[],0
1928,2007-09-02 23:53:53.140,0,[],0
1929,2007-09-03 01:30:54.138,1,"[{'lat': -5.374, 'long': 130.767, 'Time': Timestamp('2007-09-04 21:53:22'), 'mag': 5.3}]",1
1930,2007-09-03 04:47:56.100,0,[],0
1931,2007-09-03 06:25:51.328,0,[],0
1932,2007-09-03 08:04:26.891,0,[],0
1933,2007-09-03 09:41:21.727,0,[],0
1934,2007-09-03 11:21:23.529,0,[],0
1935,2007-09-03 13:00:53.355,0,[],0
1936,2007-09-03 14:39:53.382,0,[],0
1937,2007-09-03 16:18:20.719,1,"[{'lat': 2.711, 'long': -84.424, 'Time': Timestamp('2007-09-03 23:23:29'), 'mag': 5.1}]",1
1938,2007-09-03 17:55:53.435,0,[],0
1939,2007-09-03 19:33:23.462,0,[],0
1940,2007-09-03 21:09:53.008,0,[],0
1941,2007-09-03 22:46:53.370,0,[],0
1942,2007-09-04 00:23:53.541,0,[],0
1943,2007-09-04 02:01:24.539,0,[],0
1944,2007-09-04 05:18:26.501,0,[],0
1945,2007-09-04 06:56:54.609,0,[],0
1946,2007-09-04 08:35:21.867,0,[],0
1947,2007-09-04 10:12:52.898,0,[],0
1948,2007-09-04 11:52:23.780,0,[],0
1949,2007-09-04 13:31:53.756,0,[],0
1950,2007-09-04 15:10:48.102,0,[],0
1951,2007-09-04 16:48:53.809,0,[],0
1952,2007-09-04 18:26:23.836,0,[],0
1953,2007-09-04 20:03:23.863,0,[],0
1954,2007-09-04 21:40:22.528,0,[],0
1955,2007-09-04 23:17:21.003,1,"[{'lat': -11.479, 'long': 165.777, 'Time': Timestamp('2007-09-05 14:22:17'), 'mag': 5.2}]",1
1956,2007-09-05 00:54:23.942,0,[],0
1957,2007-09-05 05:49:26.902,0,[],0
1958,2007-09-05 07:27:23.570,0,[],0
1959,2007-09-05 09:04:18.500,0,[],0
1960,2007-09-05 10:43:53.055,0,[],0
1961,2007-09-05 12:23:23.216,0,[],0
1962,2007-09-05 14:02:53.243,0,[],0
1963,2007-09-05 15:41:22.790,0,[],0
1964,2007-09-05 20:33:50.214,0,[],0
1965,2007-09-05 22:10:22.896,0,[],0
1966,2007-09-05 23:47:23.403,0,[],0
1967,2007-09-06 01:24:42.771,1,"[{'lat': -2.609, 'long': 134.116, 'Time': Timestamp('2007-09-07 08:52:31'), 'mag': 5.2}]",1
1968,2007-09-06 17:49:53.698,1,"[{'lat': -13.711, 'long': -112.002, 'Time': Timestamp('2007-09-08 00:18:49'), 'mag': 5.1}, {'lat': -56.081, 'long': -123.314, 'Time': Timestamp('2007-09-07 04:46:45'), 'mag': 5.9}]",2
1969,2007-09-06 19:27:19.829,0,[],0
1970,2007-09-06 21:03:49.287,0,[],0
1971,2007-09-06 22:40:53.777,0,[],0
1972,2007-09-07 00:17:53.993,0,[],0
1973,2007-09-07 01:55:21.587,1,"[{'lat': -0.295, 'long': 126.011, 'Time': Timestamp('2007-09-08 16:53:58'), 'mag': 5.1}]",1
1974,2007-09-07 05:12:27.623,0,[],0
1975,2007-09-07 06:50:20.664,0,[],0
1976,2007-09-07 08:27:15.154,0,[],0
1977,2007-09-07 10:06:20.393,0,[],0
1978,2007-09-07 11:45:53.992,0,[],0
1979,2007-09-07 13:25:54.018,0,[],0
1980,2007-09-07 15:04:18.923,0,[],0
1981,2007-09-07 16:42:54.072,0,[],0
1982,2007-09-07 18:20:23.099,0,[],0
1983,2007-09-07 19:57:23.125,0,[],0
1984,2007-09-07 21:34:18.577,0,[],0
1985,2007-09-07 23:11:18.938,0,[],0
1986,2007-09-08 00:48:17.970,0,[],0
1987,2007-09-08 05:42:55.696,0,[],0
1988,2007-09-08 07:21:25.723,0,[],0
1989,2007-09-08 10:37:21.346,0,[],0
1990,2007-09-08 12:17:23.392,0,[],0
1991,2007-09-08 13:56:53.420,0,[],0
1992,2007-09-08 15:35:18.871,1,"[{'lat': 2.966, 'long': -77.963, 'Time': Timestamp('2007-09-10 01:49:11'), 'mag': 6.8}]",1
1993,2007-09-08 17:13:23.473,1,"[{'lat': -4.13, 'long': -103.419, 'Time': Timestamp('2007-09-10 08:00:49'), 'mag': 5.0}, {'lat': -3.989, 'long': -103.028, 'Time': Timestamp('2007-09-10 08:31:30'), 'mag': 5.1}]",2
1994,2007-09-08 18:50:49.382,0,[],0
1995,2007-09-08 20:27:46.294,0,[],0
1996,2007-09-08 22:04:19.089,0,[],0
1997,2007-09-08 23:41:23.580,0,[],0
1998,2007-09-09 01:18:23.606,0,[],0
1999,2007-09-09 04:35:54.519,0,[],0
2000,2007-09-09 06:13:55.985,0,[],0
2001,2007-09-09 07:51:45.041,0,[],0
2002,2007-09-09 09:28:54.823,0,[],0
2003,2007-09-09 11:08:51.028,0,[],0
2004,2007-09-09 12:48:23.794,0,[],0
2005,2007-09-09 14:27:20.685,0,[],0
2006,2007-09-09 19:20:51.223,0,[],0
2007,2007-09-09 20:57:56.216,0,[],0
2008,2007-09-09 22:34:53.954,0,[],0
2009,2007-09-10 00:11:53.980,0,[],0
2010,2007-09-10 03:28:24.335,1,"[{'lat': -5.73, 'long': 105.53, 'Time': Timestamp('2007-09-11 16:36:09'), 'mag': 5.0}]",1
2011,2007-09-10 05:06:27.800,0,[],0
2012,2007-09-10 08:22:47.210,0,[],0
2013,2007-09-10 09:59:49.569,0,[],0
2014,2007-09-10 11:39:53.168,0,[],0
2015,2007-09-10 13:19:23.195,0,[],0
2016,2007-09-10 14:58:20.756,0,[],0
2017,2007-09-10 16:36:53.249,0,[],0
2018,2007-09-10 18:14:23.275,0,[],0
2019,2007-09-10 19:51:23.615,0,[],0
2020,2007-09-10 21:28:25.617,0,[],0
2021,2007-09-10 23:04:50.443,0,[],0
2022,2007-09-11 00:42:14.051,1,"[{'lat': -0.88, 'long': 146.57, 'Time': Timestamp('2007-09-12 01:55:44'), 'mag': 5.1}]",1
2023,2007-09-11 05:36:55.873,0,[],0
2024,2007-09-11 07:14:57.228,0,[],0
2025,2007-09-11 08:51:48.828,0,[],0
2026,2007-09-11 10:31:25.506,0,[],0
2027,2007-09-11 12:10:53.570,0,[],0
2028,2007-09-11 13:50:23.596,0,[],0
2029,2007-09-11 15:29:20.711,0,[],0
2030,2007-09-11 17:07:23.650,0,[],0
2031,2007-09-11 18:44:23.677,0,[],0
2032,2007-09-11 20:21:17.800,0,[],0
2033,2007-09-11 23:35:23.756,0,[],0
2034,2007-09-12 01:12:18.549,0,[],0
2035,2007-09-12 04:29:24.696,0,[],0
2036,2007-09-12 06:07:24.835,0,[],0
2037,2007-09-12 09:22:50.903,0,[],0
2038,2007-09-12 11:02:21.128,0,[],0
2039,2007-09-12 12:41:54.057,0,[],0
2040,2007-09-12 14:21:20.395,0,[],0
2041,2007-09-12 15:59:44.663,0,[],0
2042,2007-09-12 20:51:47.287,0,[],0
2043,2007-09-12 22:28:53.217,0,[],0
2044,2007-09-13 00:05:53.244,0,[],0
2045,2007-09-13 01:42:51.585,0,[],0
2046,2007-09-13 04:59:54.295,0,[],0
2047,2007-09-13 06:38:24.199,0,[],0
2048,2007-09-13 08:16:51.569,0,[],0
2049,2007-09-13 09:53:49.832,0,[],0
2050,2007-09-13 11:33:23.431,0,[],0
2051,2007-09-13 13:12:53.458,0,[],0
2052,2007-09-13 14:52:20.907,0,[],0
2053,2007-09-13 16:30:23.512,0,[],0
2054,2007-09-13 18:07:53.539,0,[],0
2055,2007-09-13 19:45:23.566,0,[],0
2056,2007-09-13 21:21:53.112,0,[],0
2057,2007-09-13 22:58:50.706,1,"[{'lat': -20.244, 'long': 169.043, 'Time': Timestamp('2007-09-15 02:21:28'), 'mag': 5.6}]",1
2058,2007-09-14 00:35:50.966,1,"[{'lat': -8.775, 'long': 146.99, 'Time': Timestamp('2007-09-15 13:36:14'), 'mag': 5.2}, {'lat': -8.8, 'long': 146.934, 'Time': Timestamp('2007-09-15 13:58:09'), 'mag': 5.2}]",2
2059,2007-09-14 02:13:25.301,0,[],0
2060,2007-09-14 03:52:54.112,1,"[{'lat': -1.762, 'long': 99.725, 'Time': Timestamp('2007-09-15 18:27:38'), 'mag': 5.0}, {'lat': -1.8, 'long': 99.538, 'Time': Timestamp('2007-09-15 18:29:07'), 'mag': 5.0}]",2
2061,2007-09-14 05:30:56.136,0,[],0
2062,2007-09-14 07:08:54.723,0,[],0
2063,2007-09-14 08:47:21.971,0,[],0
2064,2007-09-14 10:24:53.002,0,[],0
2065,2007-09-14 12:04:23.832,0,[],0
2066,2007-09-14 13:43:53.860,0,[],0
2067,2007-09-14 15:22:52.302,0,[],0
2068,2007-09-14 17:00:53.914,1,"[{'lat': 17.58, 'long': -94.445, 'Time': Timestamp('2007-09-15 10:30:48'), 'mag': 5.4}, {'lat': 17.58, 'long': -94.445, 'Time': Timestamp('2007-09-15 10:30:48'), 'mag': 5.4}]",2
2069,2007-09-14 18:38:19.822,0,[],0
2070,2007-09-14 20:15:24.926,0,[],0
2071,2007-09-14 21:52:16.873,1,"[{'lat': -15.315, 'long': -173.401, 'Time': Timestamp('2007-09-16 04:00:49'), 'mag': 5.2}, {'lat': -22.739, 'long': -175.871, 'Time': Timestamp('2007-09-16 15:21:33'), 'mag': 5.0}, {'lat': -22.739, 'long': -175.871, 'Time': Timestamp('2007-09-16 15:21:33'), 'mag': 5.0}]",3
2072,2007-09-14 23:29:21.330,0,[],0
2073,2007-09-15 01:06:22.908,1,"[{'lat': 20.279, 'long': 146.491, 'Time': Timestamp('2007-09-16 02:20:44'), 'mag': 5.0}]",1
2074,2007-09-15 04:23:22.519,0,[],0
2075,2007-09-15 06:01:24.097,1,"[{'lat': 2.737, 'long': 66.142, 'Time': Timestamp('2007-09-15 07:30:02'), 'mag': 5.0}, {'lat': 2.737, 'long': 66.142, 'Time': Timestamp('2007-09-15 07:30:02'), 'mag': 5.0}]",2
2076,2007-09-15 07:39:52.673,0,[],0
2077,2007-09-15 09:16:23.180,0,[],0
2078,2007-09-15 10:55:49.089,0,[],0
2079,2007-09-15 12:35:53.234,0,[],0
2080,2007-09-15 14:14:53.260,0,[],0
2081,2007-09-15 15:53:53.288,0,[],0
2082,2007-09-15 17:31:23.315,0,[],0
2083,2007-09-15 19:08:53.341,0,[],0
2084,2007-09-15 20:45:50.912,0,[],0
2085,2007-09-15 22:22:23.394,0,[],0
2086,2007-09-15 23:59:23.420,1,"[{'lat': 54.136, 'long': 169.208, 'Time': Timestamp('2007-09-17 00:35:22'), 'mag': 5.3}, {'lat': 54.127, 'long': 169.233, 'Time': Timestamp('2007-09-17 05:55:44'), 'mag': 5.4}, {'lat': 52.9846, 'long': 169.0675, 'Time': Timestamp('2007-09-17 05:55:45'), 'mag': 5.4}]",3
2087,2007-09-16 01:36:53.447,0,[],0
2088,2007-09-16 04:53:56.380,0,[],0
2089,2007-09-16 06:31:55.704,0,[],0
2090,2007-09-16 08:10:23.755,0,[],0
2091,2007-09-16 09:47:19.462,0,[],0
2092,2007-09-16 11:27:23.608,0,[],0
2093,2007-09-16 13:06:53.635,0,[],0
2094,2007-09-16 19:38:53.742,0,[],0
2095,2007-09-16 21:18:49.305,0,[],0
2096,2007-09-16 22:52:53.795,0,[],0
2097,2007-09-17 00:29:53.821,1,"[{'lat': -6.563, 'long': 147.517, 'Time': Timestamp('2007-09-17 04:27:31'), 'mag': 5.1}]",1
2098,2007-09-17 02:07:23.848,1,"[{'lat': 5.65, 'long': 125.914, 'Time': Timestamp('2007-09-17 14:31:49'), 'mag': 5.1}, {'lat': 5.65, 'long': 125.914, 'Time': Timestamp('2007-09-17 14:31:49'), 'mag': 5.1}, {'lat': 0.29, 'long': 125.821, 'Time': Timestamp('2007-09-17 23:27:40'), 'mag': 5.2}]",3
2099,2007-09-17 05:24:26.781,0,[],0
2100,2007-09-17 07:02:52.233,0,[],0
2101,2007-09-17 08:39:21.388,0,[],0
2102,2007-09-17 10:18:53.982,0,[],0
2103,2007-09-17 11:58:24.009,0,[],0
2104,2007-09-17 13:37:54.037,0,[],0
2105,2007-09-17 15:16:54.063,0,[],0
2106,2007-09-17 16:54:53.090,0,[],0
2107,2007-09-17 18:32:23.116,0,[],0
2108,2007-09-17 20:09:23.143,0,[],0
2109,2007-09-17 21:45:25.346,0,[],0
2110,2007-09-17 23:22:53.196,0,[],0
2111,2007-09-18 01:00:23.223,0,[],0
2112,2007-09-18 05:54:56.183,0,[],0
2113,2007-09-18 07:33:26.209,0,[],0
2114,2007-09-18 09:10:23.356,0,[],0
2115,2007-09-18 10:49:49.265,1,"[{'lat': -32.243, 'long': -13.922, 'Time': Timestamp('2007-09-19 17:16:46'), 'mag': 5.4}]",1
2116,2007-09-18 12:29:23.411,0,[],0
2117,2007-09-18 14:08:53.437,0,[],0
2118,2007-09-18 15:47:23.465,0,[],0
2119,2007-09-18 17:25:23.491,0,[],0
2120,2007-09-18 19:02:53.518,0,[],0
2121,2007-09-18 20:36:20.977,0,[],0
2122,2007-09-18 22:15:23.883,0,[],0
2123,2007-09-18 23:53:23.597,0,[],0
2124,2007-09-19 01:30:23.623,1,"[{'lat': 35.185, 'long': 140.832, 'Time': Timestamp('2007-09-20 22:54:31'), 'mag': 5.0}, {'lat': -4.628, 'long': 131.363, 'Time': Timestamp('2007-09-19 23:32:14'), 'mag': 5.4}]",2
2125,2007-09-19 04:47:56.557,0,[],0
2126,2007-09-19 06:25:54.552,0,[],0
2127,2007-09-19 08:04:26.611,0,[],0
2128,2007-09-19 09:41:20.942,0,[],0
2129,2007-09-19 11:20:53.738,0,[],0
2130,2007-09-19 13:00:23.900,0,[],0
2131,2007-09-19 14:39:52.342,0,[],0
2132,2007-09-19 19:32:54.006,0,[],0
2133,2007-09-19 21:06:51.120,0,[],0
2134,2007-09-19 22:46:53.914,0,[],0
2135,2007-09-20 00:23:53.086,0,[],0
2136,2007-09-20 03:40:22.113,1,"[{'lat': -1.999, 'long': 100.141, 'Time': Timestamp('2007-09-20 08:31:14'), 'mag': 6.7}, {'lat': -2.181, 'long': 99.53, 'Time': Timestamp('2007-09-21 13:33:09'), 'mag': 5.1}]",2
2137,2007-09-20 05:18:22.810,0,[],0
2138,2007-09-20 06:56:21.385,0,[],0
2139,2007-09-20 08:34:48.645,0,[],0
2140,2007-09-20 10:12:23.772,0,[],0
2141,2007-09-20 11:51:53.273,0,[],0
2142,2007-09-20 13:31:23.300,0,[],0
2143,2007-09-20 15:10:22.302,0,[],0
2144,2007-09-20 16:48:53.355,0,[],0
2145,2007-09-20 18:26:23.382,0,[],0
2146,2007-09-20 20:03:23.408,0,[],0
2147,2007-09-20 21:38:50.633,0,[],0
2148,2007-09-20 23:16:50.548,0,[],0
2149,2007-09-21 00:53:52.349,0,[],0
2150,2007-09-21 04:10:57.057,0,[],0
2151,2007-09-21 05:48:55.978,0,[],0
2152,2007-09-21 07:27:23.115,0,[],0
2153,2007-09-21 09:03:50.373,1,"[{'lat': 35.27, 'long': 27.12, 'Time': Timestamp('2007-09-23 00:54:29'), 'mag': 5.3}]",1
2154,2007-09-21 10:43:24.842,0,[],0
2155,2007-09-21 12:23:23.675,0,[],0
2156,2007-09-21 14:02:23.702,0,[],0
2157,2007-09-21 15:41:26.018,1,"[{'lat': 5.759, 'long': -77.437, 'Time': Timestamp('2007-09-22 11:44:39'), 'mag': 5.0}]",1
2158,2007-09-21 17:19:23.756,1,"[{'lat': -3.847, 'long': -103.753, 'Time': Timestamp('2007-09-22 08:29:56'), 'mag': 5.3}, {'lat': -3.816, 'long': -103.672, 'Time': Timestamp('2007-09-22 09:19:50'), 'mag': 5.1}, {'lat': -3.847, 'long': -103.753, 'Time': Timestamp('2007-09-22 08:29:56'), 'mag': 5.3}, {'lat': -3.816, 'long': -103.672, 'Time': Timestamp('2007-09-22 09:19:50'), 'mag': 5.1}]",4
2159,2007-09-21 18:56:19.664,0,[],0
2160,2007-09-21 20:30:18.016,0,[],0
2161,2007-09-22 04:41:24.913,0,[],0
2162,2007-09-22 06:19:19.839,0,[],0
2163,2007-09-22 07:57:48.204,0,[],0
2164,2007-09-22 09:34:53.776,0,[],0
2165,2007-09-22 21:00:49.961,0,[],0
2166,2007-09-22 22:40:23.236,0,[],0
2167,2007-09-23 00:17:23.453,0,[],0
2168,2007-09-23 01:54:52.933,0,[],0
2169,2007-09-23 05:11:57.082,0,[],0
2170,2007-09-23 06:50:24.219,0,[],0
2171,2007-09-23 08:28:47.493,0,[],0
2172,2007-09-23 10:05:49.852,0,[],0
2173,2007-09-23 11:45:53.450,0,[],0
2174,2007-09-23 13:25:23.478,0,[],0
2175,2007-09-23 15:04:18.382,1,"[{'lat': -12.686, 'long': -71.316, 'Time': Timestamp('2007-09-24 02:25:44'), 'mag': 5.1}, {'lat': -12.686, 'long': -71.316, 'Time': Timestamp('2007-09-24 02:25:44'), 'mag': 5.1}]",2
2176,2007-09-23 21:32:54.906,0,[],0
2177,2007-09-23 23:10:50.724,1,"[{'lat': -11.827, 'long': 166.1, 'Time': Timestamp('2007-09-24 11:13:00'), 'mag': 5.0}, {'lat': -11.774, 'long': 166.182, 'Time': Timestamp('2007-09-24 11:55:06'), 'mag': 5.6}, {'lat': -11.827, 'long': 166.1, 'Time': Timestamp('2007-09-24 11:13:00'), 'mag': 5.0}, {'lat': -11.774, 'long': 166.182, 'Time': Timestamp('2007-09-24 11:55:06'), 'mag': 5.6}]",4
2178,2007-09-24 00:47:45.662,0,[],0
2179,2007-09-24 04:04:54.577,0,[],0
2180,2007-09-24 07:20:53.414,0,[],0
2181,2007-09-24 08:57:47.782,0,[],0
2182,2007-09-24 10:37:28.669,0,[],0
2183,2007-09-24 12:16:53.851,0,[],0
2184,2007-09-24 13:56:23.879,0,[],0
2185,2007-09-24 15:34:53.426,1,"[{'lat': -9.09, 'long': -79.388, 'Time': Timestamp('2007-09-24 18:34:07'), 'mag': 5.0}, {'lat': -3.918, 'long': -79.208, 'Time': Timestamp('2007-09-26 04:43:17'), 'mag': 5.9}]",2
2186,2007-09-24 17:12:53.932,0,[],0
2187,2007-09-24 18:50:19.841,0,[],0
2188,2007-09-24 20:27:20.849,0,[],0
2189,2007-09-24 22:03:26.188,1,"[{'lat': -30.965, 'long': 179.998, 'Time': Timestamp('2007-09-25 05:16:01'), 'mag': 6.2}, {'lat': -39.54, 'long': 178.5, 'Time': Timestamp('2007-09-26 10:54:16'), 'mag': 5.0}]",2
2190,2007-09-24 23:40:54.039,0,[],0
2191,2007-09-25 01:18:21.598,0,[],0
2192,2007-09-25 04:35:23.978,0,[],0
2193,2007-09-25 06:13:25.445,0,[],0
2194,2007-09-25 07:51:52.693,0,[],0
2195,2007-09-25 09:28:50.185,0,[],0
2196,2007-09-25 17:43:23.334,0,[],0
2197,2007-09-25 19:20:49.353,0,[],0
2198,2007-09-25 20:56:24.235,0,[],0
2199,2007-09-25 22:34:23.413,0,[],0
2200,2007-09-26 00:11:23.439,1,"[{'lat': -4.99, 'long': 153.5, 'Time': Timestamp('2007-09-26 12:36:26'), 'mag': 6.8}, {'lat': -5.024, 'long': 153.626, 'Time': Timestamp('2007-09-26 12:49:56'), 'mag': 5.6}, {'lat': -5.266, 'long': 153.654, 'Time': Timestamp('2007-09-26 14:40:03'), 'mag': 5.3}]",3
2201,2007-09-26 01:48:50.453,0,[],0
2202,2007-09-26 05:05:55.931,0,[],0
2203,2007-09-26 06:43:55.723,0,[],0
2204,2007-09-26 08:22:23.094,0,[],0
2205,2007-09-26 11:39:23.716,0,[],0
2206,2007-09-26 13:18:53.743,0,[],0
2207,2007-09-26 14:57:51.303,0,[],0
2208,2007-09-26 19:50:54.163,0,[],0
2209,2007-09-26 21:26:53.842,0,[],0
2210,2007-09-26 23:04:49.662,0,[],0
2211,2007-09-27 00:41:48.695,0,[],0
2212,2007-09-27 05:36:26.421,0,[],0
2213,2007-09-27 07:14:56.447,0,[],0
2214,2007-09-27 08:51:19.375,0,[],0
2215,2007-09-27 10:30:52.287,0,[],0
2216,2007-09-27 12:10:23.117,0,[],0
2217,2007-09-27 13:49:53.144,0,[],0
2218,2007-09-27 15:28:44.500,0,[],0
2219,2007-09-27 17:06:53.198,0,[],0
2220,2007-09-27 18:44:23.224,0,[],0
2221,2007-09-27 20:21:16.019,0,[],0
2222,2007-09-27 21:56:48.590,1,"[{'lat': -19.905, 'long': -178.243, 'Time': Timestamp('2007-09-28 11:44:21'), 'mag': 5.0}, {'lat': -37.78, 'long': 176.83, 'Time': Timestamp('2007-09-29 13:12:38'), 'mag': 5.0}]",2
2223,2007-09-27 23:34:53.303,0,[],0
2224,2007-09-28 01:12:20.864,1,"[{'lat': 22.013, 'long': 142.668, 'Time': Timestamp('2007-09-28 13:38:57'), 'mag': 7.5}, {'lat': 12.378, 'long': 141.921, 'Time': Timestamp('2007-09-28 02:40:01'), 'mag': 5.5}, {'lat': 12.378, 'long': 141.921, 'Time': Timestamp('2007-09-28 02:40:01'), 'mag': 5.5}]",3
2225,2007-09-28 04:29:24.244,0,[],0
2226,2007-09-28 06:07:23.053,0,[],0
2227,2007-09-28 07:45:18.862,0,[],0
2228,2007-09-28 09:22:20.451,0,[],0
2229,2007-09-28 11:01:52.029,0,[],0
2230,2007-09-28 12:41:53.518,0,[],0
2231,2007-09-28 14:20:51.738,0,[],0
2232,2007-09-28 15:59:20.659,0,[],0
2233,2007-09-28 17:37:23.599,0,[],0
2234,2007-09-28 20:48:20.403,0,[],0
2235,2007-09-28 22:28:23.679,0,[],0
2236,2007-09-29 00:05:23.705,0,[],0
2237,2007-09-29 03:21:56.281,0,[],0
2238,2007-09-29 04:59:58.852,0,[],0
2239,2007-09-29 08:16:17.935,0,[],0
2240,2007-09-29 09:53:20.294,0,[],0
2241,2007-09-29 11:33:23.893,0,[],0
2242,2007-09-29 13:12:53.919,0,[],0
2243,2007-09-29 14:51:49.817,0,[],0
2244,2007-09-29 16:30:23.973,0,[],0
2245,2007-09-29 18:07:54.000,0,[],0
2246,2007-09-29 19:44:54.027,0,[],0
2247,2007-09-29 21:20:54.019,0,[],0
2248,2007-09-29 22:58:24.262,0,[],0
2249,2007-09-30 00:35:47.872,1,"[{'lat': -3.102, 'long': 148.296, 'Time': Timestamp('2007-10-01 13:49:07'), 'mag': 5.1}, {'lat': -3.158, 'long': 148.223, 'Time': Timestamp('2007-10-01 13:50:24'), 'mag': 5.9}]",2
2250,2007-09-30 03:52:23.572,0,[],0
2251,2007-09-30 05:30:22.830,0,[],0
2252,2007-09-30 07:08:24.184,0,[],0
2253,2007-09-30 08:45:18.552,0,[],0
2254,2007-09-30 10:24:19.696,0,[],0
2255,2007-09-30 12:04:23.293,0,[],0
2256,2007-09-30 13:43:53.321,0,[],0
2257,2007-09-30 15:22:21.763,0,[],0
2258,2007-09-30 17:00:53.374,1,"[{'lat': 17.383, 'long': -94.204, 'Time': Timestamp('2007-10-01 14:41:52'), 'mag': 5.3}, {'lat': 17.383, 'long': -94.204, 'Time': Timestamp('2007-10-01 14:41:52'), 'mag': 5.3}]",2
2259,2007-09-30 18:38:22.051,0,[],0
2260,2007-09-30 20:15:23.059,0,[],0
2261,2007-09-30 21:50:48.766,0,[],0
2262,2007-09-30 23:28:50.791,0,[],0
2263,2007-10-01 01:05:52.368,1,"[{'lat': 10.501, 'long': 140.14, 'Time': Timestamp('2007-10-02 04:45:50'), 'mag': 5.0}]",1
2264,2007-10-01 04:22:57.077,0,[],0
2265,2007-10-01 06:00:54.559,0,[],0
2266,2007-10-01 07:39:23.134,0,[],0
2267,2007-10-01 09:16:15.192,0,[],0
2268,2007-10-01 10:55:50.766,0,[],0
2269,2007-10-01 12:35:23.695,0,[],0
2270,2007-10-01 14:14:53.722,0,[],0
2271,2007-10-01 15:53:26.149,0,[],0
2272,2007-10-01 17:31:23.775,0,[],0
2273,2007-10-01 19:08:18.356,0,[],0
2274,2007-10-02 04:53:24.933,0,[],0
2275,2007-10-02 06:31:22.070,0,[],0
2276,2007-10-02 08:09:46.784,0,[],0
2277,2007-10-02 09:47:21.141,0,[],0
2278,2007-10-02 11:26:54.069,0,[],0
2279,2007-10-02 13:06:23.096,0,[],0
2280,2007-10-02 14:45:22.979,1,"[{'lat': -25.85, 'long': -70.555, 'Time': Timestamp('2007-10-02 15:33:01'), 'mag': 5.0}, {'lat': -25.847, 'long': -70.574, 'Time': Timestamp('2007-10-02 15:38:26'), 'mag': 5.2}]",2
2281,2007-10-02 16:23:53.150,0,[],0
2282,2007-10-02 18:01:23.176,0,[],0
2283,2007-10-02 19:38:53.203,0,[],0
2284,2007-10-02 21:15:21.868,0,[],0
2285,2007-10-02 22:52:23.112,1,"[{'lat': -21.538, 'long': 168.28, 'Time': Timestamp('2007-10-03 23:36:09'), 'mag': 5.3}, {'lat': -21.538, 'long': 168.28, 'Time': Timestamp('2007-10-03 23:36:09'), 'mag': 5.3}]",2
2286,2007-10-03 00:29:20.704,0,[],0
2287,2007-10-03 02:06:50.843,0,[],0
2288,2007-10-03 03:46:19.653,0,[],0
2289,2007-10-03 05:24:25.774,0,[],0
2290,2007-10-03 07:02:21.694,0,[],0
2291,2007-10-03 08:40:51.609,0,[],0
2292,2007-10-03 10:18:22.730,0,[],0
2293,2007-10-03 11:57:53.561,0,[],0
2294,2007-10-03 13:37:23.587,0,[],0
2295,2007-10-03 15:16:26.684,1,"[{'lat': -42.6, 'long': -82.856, 'Time': Timestamp('2007-10-05 04:18:12'), 'mag': 5.1}]",1
2296,2007-10-03 16:54:23.642,0,[],0
2297,2007-10-03 18:31:53.668,0,[],0
2298,2007-10-03 20:08:53.695,0,[],0
2299,2007-10-03 21:45:52.024,1,"[{'lat': -15.239, 'long': -174.245, 'Time': Timestamp('2007-10-05 03:52:12'), 'mag': 5.1}]",1
2300,2007-10-03 23:22:53.748,0,[],0
2301,2007-10-04 00:59:52.636,0,[],0
2302,2007-10-04 05:54:54.937,0,[],0
2303,2007-10-04 07:32:57.498,0,[],0
2304,2007-10-04 09:09:50.771,0,[],0
2305,2007-10-04 10:49:21.033,0,[],0
2306,2007-10-04 12:29:23.962,0,[],0
2307,2007-10-04 14:08:22.181,0,[],0
2308,2007-10-04 15:46:53.213,0,[],0
2309,2007-10-04 17:24:54.043,0,[],0
2310,2007-10-04 19:02:18.623,0,[],0
2311,2007-10-04 20:39:19.960,0,[],0
2312,2007-10-04 22:15:48.546,0,[],0
2313,2007-10-04 23:52:53.149,0,[],0
2314,2007-10-05 01:30:18.834,0,[],0
2315,2007-10-05 04:47:24.200,0,[],0
2316,2007-10-05 06:25:25.432,0,[],0
2317,2007-10-05 08:03:50.147,0,[],0
2318,2007-10-05 09:40:51.735,0,[],0
2319,2007-10-05 11:20:20.435,0,[],0
2320,2007-10-05 13:00:23.363,0,[],0
2321,2007-10-05 14:39:20.589,0,[],0
2322,2007-10-05 16:17:53.506,0,[],0
2323,2007-10-05 17:55:23.443,0,[],0
2324,2007-10-05 19:32:23.470,0,[],0
2325,2007-10-05 21:09:20.361,0,[],0
2326,2007-10-05 22:46:23.523,0,[],0
2327,2007-10-06 00:23:23.739,0,[],0
2328,2007-10-06 02:00:47.237,0,[],0
2329,2007-10-06 05:17:53.273,0,[],0
2330,2007-10-06 06:55:51.849,0,[],0
2331,2007-10-06 08:32:48.996,0,[],0
2332,2007-10-06 10:11:50.139,0,[],0
2333,2007-10-06 11:51:53.738,0,[],0
2334,2007-10-06 13:31:23.764,0,[],0
2335,2007-10-06 15:10:21.437,0,[],0
2336,2007-10-06 16:48:23.819,0,[],0
2337,2007-10-06 18:25:53.845,0,[],0
2338,2007-10-06 20:02:53.872,0,[],0
2339,2007-10-06 23:16:23.924,0,[],0
2340,2007-10-07 00:53:51.272,0,[],0
2341,2007-10-07 05:48:26.442,0,[],0
2342,2007-10-07 07:26:53.579,0,[],0
2343,2007-10-07 09:03:48.508,0,[],0
2344,2007-10-07 10:42:54.305,1,"[{'lat': -42.01, 'long': -16.245, 'Time': Timestamp('2007-10-08 08:18:41'), 'mag': 5.1}]",1
2345,2007-10-07 12:22:53.139,0,[],0
2346,2007-10-07 14:02:23.166,0,[],0
2347,2007-10-07 15:40:53.717,0,[],0
2348,2007-10-07 20:32:51.465,0,[],0
2349,2007-10-07 22:09:51.491,0,[],0
2350,2007-10-07 23:46:53.325,0,[],0
2351,2007-10-08 01:23:49.010,1,"[{'lat': 43.553, 'long': 146.748, 'Time': Timestamp('2007-10-08 17:10:35'), 'mag': 5.8}, {'lat': 43.553, 'long': 146.748, 'Time': Timestamp('2007-10-08 17:10:35'), 'mag': 5.8}]",2
2352,2007-10-08 04:41:31.129,0,[],0
2353,2007-10-08 06:19:25.731,0,[],0
2354,2007-10-08 07:57:18.884,0,[],0
2355,2007-10-08 09:34:51.912,1,"[{'lat': -54.679, 'long': 1.011, 'Time': Timestamp('2007-10-09 07:22:22'), 'mag': 5.2}]",1
2356,2007-10-08 19:26:21.080,0,[],0
2357,2007-10-08 21:03:20.649,0,[],0
2358,2007-10-08 22:40:23.700,0,[],0
2359,2007-10-09 00:17:23.726,1,"[{'lat': -4.808, 'long': 152.892, 'Time': Timestamp('2007-10-09 15:03:41'), 'mag': 6.0}]",1
2360,2007-10-09 05:12:02.736,0,[],0
2361,2007-10-09 06:49:50.586,0,[],0
2362,2007-10-09 08:28:22.053,0,[],0
2363,2007-10-09 10:05:48.988,0,[],0
2364,2007-10-09 11:45:23.914,0,[],0
2365,2007-10-09 13:24:53.941,0,[],0
2366,2007-10-09 15:03:52.941,0,[],0
2367,2007-10-09 16:42:23.995,1,"[{'lat': 13.93, 'long': -91.844, 'Time': Timestamp('2007-10-11 16:16:57'), 'mag': 5.2}]",1
2368,2007-10-09 18:19:54.022,0,[],0
2369,2007-10-09 21:33:22.595,0,[],0
2370,2007-10-09 23:10:23.101,0,[],0
2371,2007-10-10 00:47:15.125,1,"[{'lat': 13.394, 'long': 145.478, 'Time': Timestamp('2007-10-10 04:11:55'), 'mag': 5.3}]",1
2372,2007-10-10 05:42:25.618,0,[],0
2373,2007-10-10 07:20:26.527,0,[],0
2374,2007-10-10 08:57:18.574,0,[],0
2375,2007-10-10 10:36:47.263,0,[],0
2376,2007-10-10 12:16:23.407,0,[],0
2377,2007-10-10 13:55:53.433,0,[],0
2378,2007-10-10 20:26:51.732,0,[],0
2379,2007-10-10 22:03:50.431,1,"[{'lat': -36.59, 'long': 177.1, 'Time': Timestamp('2007-10-11 10:19:12'), 'mag': 5.1}]",1
2380,2007-10-10 23:40:53.592,0,[],0
2381,2007-10-11 01:17:53.619,0,[],0
2382,2007-10-11 04:34:54.533,0,[],0
2383,2007-10-11 06:12:55.999,0,[],0
2384,2007-10-11 07:51:23.247,0,[],0
2385,2007-10-11 09:28:20.739,0,[],0
2386,2007-10-11 11:07:52.318,0,[],0
2387,2007-10-11 12:47:53.808,0,[],0
2388,2007-10-11 14:26:49.370,0,[],0
2389,2007-10-11 16:05:18.415,1,"[{'lat': 4.922, 'long': -82.565, 'Time': Timestamp('2007-10-13 03:58:22'), 'mag': 5.5}]",1
2390,2007-10-11 17:43:23.888,0,[],0
2391,2007-10-11 19:20:19.908,0,[],0
2392,2007-10-11 20:57:16.820,0,[],0
2393,2007-10-11 22:33:53.967,0,[],0
2394,2007-10-12 00:10:53.993,0,[],0
2395,2007-10-12 01:48:22.335,0,[],0
2396,2007-10-12 05:05:22.595,0,[],0
2397,2007-10-12 06:43:53.949,0,[],0
2398,2007-10-12 08:22:25.416,0,[],0
2399,2007-10-12 09:59:23.679,0,[],0
2400,2007-10-12 11:38:53.181,0,[],0
2401,2007-10-12 13:18:53.208,0,[],0
2402,2007-10-12 14:57:50.770,0,[],0
2403,2007-10-12 16:35:53.263,0,[],0
2404,2007-10-12 18:13:23.289,0,[],0
2405,2007-10-12 19:50:53.316,0,[],0
2406,2007-10-12 23:04:23.368,0,[],0
2407,2007-10-13 00:41:15.393,0,[],0
2408,2007-10-13 02:18:50.955,0,[],0
2409,2007-10-13 05:36:24.558,0,[],0
2410,2007-10-13 07:14:26.794,0,[],0
2411,2007-10-13 08:51:17.514,0,[],0
2412,2007-10-13 10:30:18.656,0,[],0
2413,2007-10-13 12:10:23.582,0,[],0
2414,2007-10-13 13:49:53.610,0,[],0
2415,2007-10-13 15:28:19.954,0,[],0
2416,2007-10-13 17:06:23.664,0,[],0
2417,2007-10-13 18:43:53.690,0,[],0
2418,2007-10-13 20:20:49.487,0,[],0
2419,2007-10-13 21:57:50.719,0,[],0
2420,2007-10-13 23:34:53.769,0,[],0
2421,2007-10-14 01:11:52.658,0,[],0
2422,2007-10-14 04:28:54.710,0,[],0
2423,2007-10-14 06:06:54.847,0,[],0
2424,2007-10-14 07:45:23.423,0,[],0
2425,2007-10-14 09:22:25.012,0,[],0
2426,2007-10-14 11:01:51.055,0,[],0
2427,2007-10-14 12:41:23.984,0,[],0
2428,2007-10-14 14:20:51.321,0,[],0
2429,2007-10-14 15:59:19.362,0,[],0
2430,2007-10-14 20:51:24.078,0,[],0
2431,2007-10-14 22:27:53.144,1,"[{'lat': -44.796, 'long': 167.553, 'Time': Timestamp('2007-10-15 12:29:34'), 'mag': 6.8}, {'lat': -44.81, 'long': 167.5, 'Time': Timestamp('2007-10-15 12:35:38'), 'mag': 5.1}, {'lat': -44.793, 'long': 167.458, 'Time': Timestamp('2007-10-15 21:28:23'), 'mag': 6.1}, {'lat': -44.7, 'long': 167.24, 'Time': Timestamp('2007-10-16 16:38:47'), 'mag': 5.0}]",4
2432,2007-10-15 00:04:53.170,0,[],0
2433,2007-10-15 01:42:20.184,0,[],0
2434,2007-10-15 04:59:22.771,0,[],0
2435,2007-10-15 06:37:25.455,0,[],0
2436,2007-10-15 08:15:52.825,0,[],0
2437,2007-10-15 11:32:53.358,0,[],0
2438,2007-10-15 13:12:23.386,0,[],0
2439,2007-10-15 14:51:19.283,1,"[{'lat': -46.128, 'long': -74.958, 'Time': Timestamp('2007-10-15 21:39:12'), 'mag': 5.1}, {'lat': -45.99, 'long': -76.367, 'Time': Timestamp('2007-10-16 13:37:53'), 'mag': 5.2}]",2
2440,2007-10-15 16:29:54.410,0,[],0
2441,2007-10-15 18:07:23.466,0,[],0
2442,2007-10-15 19:44:23.493,0,[],0
2443,2007-10-15 21:21:18.943,0,[],0
2444,2007-10-15 22:58:23.545,1,"[{'lat': -18.087, 'long': 168.104, 'Time': Timestamp('2007-10-16 18:53:45'), 'mag': 5.2}]",1
2445,2007-10-16 00:35:18.337,0,[],0
2446,2007-10-16 02:12:55.228,1,"[{'lat': 26.72, 'long': 128.539, 'Time': Timestamp('2007-10-17 10:58:45'), 'mag': 5.4}]",1
2447,2007-10-16 05:30:02.581,0,[],0
2448,2007-10-16 07:08:23.322,0,[],0
2449,2007-10-16 08:44:49.018,0,[],0
2450,2007-10-16 10:24:18.833,0,[],0
2451,2007-10-16 12:03:53.759,0,[],0
2452,2007-10-16 13:43:23.787,0,[],0
2453,2007-10-16 15:22:22.899,0,[],0
2454,2007-10-16 17:00:23.840,1,"[{'lat': 14.389, 'long': -93.086, 'Time': Timestamp('2007-10-16 20:25:03'), 'mag': 5.1}]",1
2455,2007-10-16 18:37:53.867,0,[],0
2456,2007-10-16 20:14:54.853,0,[],0
2457,2007-10-16 23:28:23.946,0,[],0
2458,2007-10-17 01:05:51.506,0,[],0
2459,2007-10-17 04:22:53.447,0,[],0
2460,2007-10-17 06:00:53.696,0,[],0
2461,2007-10-17 07:38:48.504,0,[],0
2462,2007-10-17 09:15:50.082,0,[],0
2463,2007-10-17 10:55:16.136,0,[],0
2464,2007-10-17 12:34:53.160,0,[],0
2465,2007-10-17 14:14:23.281,0,[],0
2466,2007-10-17 15:52:49.848,0,[],0
2467,2007-10-17 20:44:55.676,0,[],0
2468,2007-10-17 22:21:50.167,0,[],0
2469,2007-10-17 23:58:53.440,0,[],0
2470,2007-10-18 04:53:28.588,0,[],0
2471,2007-10-18 06:31:21.628,1,"[{'lat': 28.65, 'long': 66.29, 'Time': Timestamp('2007-10-19 07:19:54'), 'mag': 5.5}]",1
2472,2007-10-18 08:09:53.095,0,[],0
2473,2007-10-18 09:46:50.699,0,[],0
2474,2007-10-18 11:26:23.628,0,[],0
2475,2007-10-18 13:06:23.656,0,[],0
2476,2007-10-18 14:45:22.210,0,[],0
2477,2007-10-18 16:23:51.143,0,[],0
2478,2007-10-18 18:01:23.736,0,[],0
2479,2007-10-18 19:38:23.762,0,[],0
2480,2007-10-18 21:15:26.077,0,[],0
2481,2007-10-18 22:52:23.815,0,[],0
2482,2007-10-19 00:29:15.840,0,[],0
2483,2007-10-19 03:45:51.540,0,[],0
2484,2007-10-19 05:23:53.443,0,[],0
2485,2007-10-19 07:01:54.920,0,[],0
2486,2007-10-19 08:38:49.288,0,[],0
2487,2007-10-19 10:17:50.431,0,[],0
2488,2007-10-19 11:57:54.030,0,[],0
2489,2007-10-19 13:37:24.057,0,[],0
2490,2007-10-19 16:54:23.111,0,[],0
2491,2007-10-19 18:31:53.137,0,[],0
2492,2007-10-19 20:08:53.164,0,[],0
2493,2007-10-19 23:22:23.216,0,[],0
2494,2007-10-20 00:59:22.105,1,"[{'lat': 4.51, 'long': 140.957, 'Time': Timestamp('2007-10-20 05:21:49'), 'mag': 5.1}]",1
2495,2007-10-20 04:16:28.140,0,[],0
2496,2007-10-20 05:54:25.734,0,[],0
2497,2007-10-20 07:32:48.774,0,[],0
2498,2007-10-20 09:09:48.913,0,[],0
2499,2007-10-20 10:49:20.502,0,[],0
2500,2007-10-20 12:28:53.430,0,[],0
2501,2007-10-20 14:08:24.418,0,[],0
2502,2007-10-20 15:46:48.585,0,[],0
2503,2007-10-20 17:24:53.511,0,[],0
2504,2007-10-20 19:01:53.538,0,[],0
2505,2007-10-20 20:38:47.660,0,[],0
2506,2007-10-20 22:15:51.783,0,[],0
2507,2007-10-20 23:52:53.617,1,"[{'lat': -6.31, 'long': 154.77, 'Time': Timestamp('2007-10-21 10:24:52'), 'mag': 6.0}]",1
2508,2007-10-21 01:29:50.631,0,[],0
2509,2007-10-21 04:47:26.109,0,[],0
2510,2007-10-21 06:25:20.477,0,[],0
2511,2007-10-21 08:03:20.615,0,[],0
2512,2007-10-21 09:40:50.876,0,[],0
2513,2007-10-21 11:20:23.671,1,"[{'lat': -1.63, 'long': -13.01, 'Time': Timestamp('2007-10-23 03:03:01'), 'mag': 5.0}, {'lat': -1.63, 'long': -13.01, 'Time': Timestamp('2007-10-23 03:03:01'), 'mag': 5.0}]",2
2514,2007-10-21 12:59:53.832,0,[],0
2515,2007-10-21 14:38:50.947,0,[],0
2516,2007-10-21 19:32:21.484,0,[],0
2517,2007-10-21 21:09:18.061,0,[],0
2518,2007-10-21 22:45:53.992,1,"[{'lat': -14.596, 'long': 171.615, 'Time': Timestamp('2007-10-22 20:27:40'), 'mag': 5.0}, {'lat': -21.431, 'long': 168.504, 'Time': Timestamp('2007-10-22 04:28:10'), 'mag': 5.1}]",2
2519,2007-10-22 00:22:51.440,0,[],0
2520,2007-10-22 02:00:25.898,0,[],0
2521,2007-10-22 03:39:53.045,1,"[{'lat': -1.996, 'long': 99.896, 'Time': Timestamp('2007-10-23 19:56:47'), 'mag': 5.8}]",1
2522,2007-10-22 05:18:02.028,0,[],0
2523,2007-10-22 06:55:51.317,0,[],0
2524,2007-10-22 08:34:21.344,0,[],0
2525,2007-10-22 10:11:52.375,0,[],0
2526,2007-10-22 11:51:23.206,0,[],0
2527,2007-10-22 13:30:53.233,0,[],0
2528,2007-10-22 15:09:52.233,1,"[{'lat': -44.338, 'long': -81.367, 'Time': Timestamp('2007-10-24 03:16:30'), 'mag': 5.0}]",1
2529,2007-10-22 16:47:53.287,0,[],0
2530,2007-10-22 18:25:23.313,0,[],0
2531,2007-10-22 20:02:53.340,0,[],0
2532,2007-10-22 21:39:21.558,0,[],0
2533,2007-10-22 23:16:23.393,0,[],0
2534,2007-10-23 00:53:20.741,1,"[{'lat': 10.378, 'long': 145.861, 'Time': Timestamp('2007-10-23 20:23:20'), 'mag': 5.0}]",1
2535,2007-10-23 05:48:25.911,0,[],0
2536,2007-10-23 07:26:24.375,0,[],0
2537,2007-10-23 09:03:20.305,0,[],0
2538,2007-10-23 10:41:53.335,0,[],0
2539,2007-10-23 12:22:53.607,0,[],0
2540,2007-10-23 14:01:53.635,0,[],0
2541,2007-10-23 15:40:48.762,0,[],0
2542,2007-10-23 17:18:53.688,0,[],0
2543,2007-10-23 18:55:49.596,0,[],0
2544,2007-10-23 22:09:51.960,1,"[{'lat': -15.078, 'long': -177.359, 'Time': Timestamp('2007-10-24 01:43:09'), 'mag': 5.2}]",1
2545,2007-10-23 23:46:53.794,0,[],0
2546,2007-10-24 01:23:48.151,0,[],0
2547,2007-10-24 04:40:53.406,0,[],0
2548,2007-10-24 06:18:57.640,0,[],0
2549,2007-10-24 07:57:19.352,0,[],0
2550,2007-10-24 09:34:19.705,0,[],0
2551,2007-10-24 19:26:19.313,0,[],0
2552,2007-10-24 21:03:17.331,0,[],0
2553,2007-10-24 22:39:53.261,0,[],0
2554,2007-10-25 00:16:53.288,0,[],0
2555,2007-10-25 01:54:20.737,0,[],0
2556,2007-10-25 05:11:26.985,0,[],0
2557,2007-10-25 06:49:54.243,0,[],0
2558,2007-10-25 08:28:21.614,0,[],0
2559,2007-10-25 10:05:19.877,0,[],0
2560,2007-10-25 11:45:23.475,0,[],0
2561,2007-10-25 13:24:53.503,0,[],0
2562,2007-10-25 15:03:51.175,0,[],0
2563,2007-10-25 16:41:53.556,0,[],0
2564,2007-10-25 18:19:23.583,0,[],0
2565,2007-10-25 19:56:23.609,0,[],0
2566,2007-10-25 21:33:23.156,0,[],0
2567,2007-10-25 23:10:23.662,0,[],0
2568,2007-10-26 00:47:21.010,1,"[{'lat': -3.248, 'long': 143.731, 'Time': Timestamp('2007-10-26 11:28:18'), 'mag': 5.0}, {'lat': -3.271, 'long': 143.763, 'Time': Timestamp('2007-10-26 16:34:47'), 'mag': 5.6}]",2
2569,2007-10-26 02:24:52.465,0,[],0
2570,2007-10-26 07:20:27.089,0,[],0
2571,2007-10-26 08:57:17.807,0,[],0
2572,2007-10-26 10:36:58.694,0,[],0
2573,2007-10-26 12:16:23.877,0,[],0
2574,2007-10-26 13:55:53.903,0,[],0
2575,2007-10-26 15:34:21.687,0,[],0
2576,2007-10-26 17:12:23.958,0,[],0
2577,2007-10-26 18:49:49.866,0,[],0
2578,2007-10-26 20:26:46.779,0,[],0
2579,2007-10-26 23:40:24.063,0,[],0
2580,2007-10-27 01:17:50.623,0,[],0
2581,2007-10-27 04:34:54.003,0,[],0
2582,2007-10-27 06:12:55.469,1,"[{'lat': 36.449, 'long': 70.367, 'Time': Timestamp('2007-10-27 21:09:46'), 'mag': 5.0}]",1
2583,2007-10-27 07:51:22.717,0,[],0
2584,2007-10-27 09:28:18.882,0,[],0
2585,2007-10-27 11:07:50.349,0,[],0
2586,2007-10-27 12:47:23.278,0,[],0
2587,2007-10-27 14:26:44.745,0,[],0
2588,2007-10-27 16:05:23.198,0,[],0
2589,2007-10-27 17:42:53.358,0,[],0
2590,2007-10-27 19:20:19.379,0,[],0
2591,2007-10-27 20:56:48.188,0,[],0
2592,2007-10-27 22:33:53.438,0,[],0
2593,2007-10-28 00:10:53.465,0,[],0
2594,2007-10-28 01:48:20.478,0,[],0
2595,2007-10-28 05:05:27.161,0,[],0
2596,2007-10-28 06:43:25.748,0,[],0
2597,2007-10-28 08:21:57.214,0,[],0
2598,2007-10-28 09:59:20.053,0,[],0
2599,2007-10-28 11:38:53.652,0,[],0
2600,2007-10-28 13:18:23.679,0,[],0
2601,2007-10-28 14:57:21.240,0,[],0
2602,2007-10-28 16:35:53.733,0,[],0
2603,2007-10-28 18:13:23.759,0,[],0
2604,2007-10-28 19:50:24.099,0,[],0
2605,2007-10-28 21:27:19.237,0,[],0
2606,2007-10-28 23:04:23.839,0,[],0
2607,2007-10-29 00:41:18.631,0,[],0
2608,2007-10-29 05:35:56.408,0,[],0
2609,2007-10-29 07:14:27.266,0,[],0
2610,2007-10-29 08:50:49.312,1,"[{'lat': 37.033, 'long': 29.233, 'Time': Timestamp('2007-10-29 09:23:14'), 'mag': 5.3}]",1
2611,2007-10-29 10:30:23.223,0,[],0
2612,2007-10-29 12:09:54.054,0,[],0
2613,2007-10-29 13:49:23.081,0,[],0
2614,2007-10-29 15:28:22.192,0,[],0
2615,2007-10-29 17:06:23.134,0,[],0
2616,2007-10-29 18:43:53.160,0,[],0
2617,2007-10-29 20:20:53.187,0,[],0
2618,2007-10-29 21:56:22.622,1,"[{'lat': -15.391, 'long': -174.295, 'Time': Timestamp('2007-10-30 04:57:57'), 'mag': 5.1}]",1
2619,2007-10-29 23:34:23.240,0,[],0
2620,2007-10-30 01:11:50.800,0,[],0
2621,2007-10-30 04:28:54.180,0,[],0
2622,2007-10-30 06:06:52.990,0,[],0
2623,2007-10-30 07:44:48.798,0,[],0
2624,2007-10-30 09:21:50.387,0,[],0
2625,2007-10-30 11:01:21.965,0,[],0
2626,2007-10-30 12:41:23.454,0,[],0
2627,2007-10-30 14:20:22.232,0,[],0
2628,2007-10-30 15:58:52.046,0,[],0
2629,2007-10-30 17:36:53.536,0,[],0
2630,2007-10-30 19:13:53.562,1,"[{'lat': 37.4335, 'long': -121.7743333, 'Time': Timestamp('2007-10-31 03:04:54'), 'mag': 5.45}]",1
2631,2007-10-30 20:47:50.909,0,[],0
2632,2007-10-30 22:27:53.615,0,[],0
2633,2007-10-31 00:04:53.641,1,"[{'lat': -4.985, 'long': 153.658, 'Time': Timestamp('2007-11-01 00:05:17'), 'mag': 5.5}, {'lat': -6.594, 'long': 154.764, 'Time': Timestamp('2007-11-01 21:45:37'), 'mag': 5.6}, {'lat': -6.54, 'long': 154.719, 'Time': Timestamp('2007-11-01 22:19:12'), 'mag': 5.4}]",3
2634,2007-10-31 03:21:26.217,0,[],0
2635,2007-10-31 04:59:32.651,0,[],0
2636,2007-10-31 06:37:25.925,0,[],0
2637,2007-10-31 08:15:53.295,0,[],0
2638,2007-10-31 11:32:53.923,0,[],0
2639,2007-10-31 13:12:23.951,0,[],0
2640,2007-10-31 14:51:19.848,0,[],0
2641,2007-10-31 16:29:54.975,0,[],0
2642,2007-10-31 18:07:24.031,0,[],0
2643,2007-10-31 19:44:24.058,0,[],0
2644,2007-10-31 21:20:22.492,0,[],0
2645,2007-10-31 22:58:23.111,1,"[{'lat': -13.513, 'long': 166.744, 'Time': Timestamp('2007-11-02 08:35:34'), 'mag': 5.1}]",1
2646,2007-11-01 00:35:17.902,0,[],0
2647,2007-11-01 03:51:53.604,0,[],0
2648,2007-11-01 05:29:52.738,0,[],0
2649,2007-11-01 07:07:54.215,0,[],0
2650,2007-11-01 08:44:48.583,0,[],0
2651,2007-11-01 10:24:22.494,0,[],0
2652,2007-11-01 12:03:53.325,0,[],0
2653,2007-11-01 13:43:23.352,0,[],0
2654,2007-11-01 15:22:22.464,0,[],0
2655,2007-11-01 17:00:23.405,0,[],0
2656,2007-11-01 18:37:52.082,0,[],0
2657,2007-11-01 20:14:53.459,0,[],0
2658,2007-11-01 21:50:22.893,1,"[{'lat': -15.376, 'long': -173.165, 'Time': Timestamp('2007-11-02 12:40:10'), 'mag': 5.7}, {'lat': -15.311, 'long': -172.774, 'Time': Timestamp('2007-11-02 12:47:51'), 'mag': 5.2}, {'lat': -15.593, 'long': -173.066, 'Time': Timestamp('2007-11-02 13:30:44'), 'mag': 5.8}, {'lat': -20.148, 'long': -175.839, 'Time': Timestamp('2007-11-02 22:08:16'), 'mag': 5.1}, {'lat': -20.148, 'long': -175.839, 'Time': Timestamp('2007-11-02 22:08:16'), 'mag': 5.1}]",5
2659,2007-11-01 23:28:23.512,0,[],0
2660,2007-11-02 01:05:18.304,0,[],0
2661,2007-11-02 04:22:28.435,0,[],0
2662,2007-11-02 06:00:24.590,0,[],0
2663,2007-11-02 07:38:49.070,0,[],0
2664,2007-11-02 09:15:45.224,0,[],0
2665,2007-11-02 10:54:19.357,0,[],0
2666,2007-11-02 12:34:53.726,0,[],0
2667,2007-11-02 14:14:23.753,0,[],0
2668,2007-11-02 15:52:50.320,0,[],0
2669,2007-11-02 17:30:53.807,0,[],0
2670,2007-11-02 19:07:53.833,0,[],0
2671,2007-11-02 20:41:51.180,0,[],0
2672,2007-11-02 22:20:54.199,0,[],0
2673,2007-11-02 23:58:53.912,0,[],0
2674,2007-11-03 01:35:52.254,0,[],0
2675,2007-11-03 04:53:23.525,0,[],0
2676,2007-11-03 06:31:20.772,0,[],0
2677,2007-11-03 08:09:52.239,0,[],0
2678,2007-11-03 09:46:51.172,0,[],0
2679,2007-11-03 11:26:23.100,1,"[{'lat': -55.284, 'long': -29.439, 'Time': Timestamp('2007-11-03 13:52:11'), 'mag': 5.2}]",1
2680,2007-11-03 13:05:53.127,0,[],0
2681,2007-11-03 14:45:21.682,0,[],0
2682,2007-11-03 16:23:21.942,0,[],0
2683,2007-11-03 18:01:23.208,1,"[{'lat': -55.411, 'long': -125.598, 'Time': Timestamp('2007-11-05 09:26:34'), 'mag': 5.1}]",1
2684,2007-11-03 19:38:23.234,0,[],0
2685,2007-11-03 21:12:24.678,0,[],0
2686,2007-11-03 22:51:53.287,0,[],0
2687,2007-11-04 00:28:46.639,0,[],0
2688,2007-11-04 03:45:53.781,1,"[{'lat': -3.737, 'long': 101.092, 'Time': Timestamp('2007-11-05 21:58:14'), 'mag': 5.0}]",1
2689,2007-11-04 05:23:52.915,0,[],0
2690,2007-11-04 07:01:51.724,0,[],0
2691,2007-11-04 08:40:21.640,0,[],0
2692,2007-11-04 10:17:52.671,0,[],0
2693,2007-11-04 11:57:53.501,0,[],0
2694,2007-11-04 13:37:23.528,0,[],0
2695,2007-11-04 15:15:56.625,0,[],0
2696,2007-11-04 20:08:23.636,0,[],0
2697,2007-11-04 21:44:21.742,0,[],0
2698,2007-11-04 23:22:23.688,0,[],0
2699,2007-11-05 00:59:23.714,0,[],0
2700,2007-11-05 04:16:27.284,0,[],0
2701,2007-11-05 05:54:26.206,1,"[{'lat': 21.181, 'long': 70.724, 'Time': Timestamp('2007-11-06 09:38:05'), 'mag': 5.1}]",1
2702,2007-11-05 07:32:53.343,0,[],0
2703,2007-11-05 09:09:20.712,0,[],0
2704,2007-11-05 10:48:52.302,0,[],0
2705,2007-11-05 12:28:53.902,0,[],0
2706,2007-11-05 14:07:52.122,0,[],0
2707,2007-11-05 15:46:49.058,0,[],0
2708,2007-11-05 17:24:23.983,1,"[{'lat': 17.108, 'long': -99.894, 'Time': Timestamp('2007-11-06 06:35:43'), 'mag': 5.4}]",1
2709,2007-11-05 19:01:48.563,0,[],0
2710,2007-11-05 20:35:51.357,0,[],0
2711,2007-11-06 04:46:54.141,0,[],0
2712,2007-11-06 08:03:22.744,0,[],0
2713,2007-11-06 09:40:21.676,0,[],0
2714,2007-11-06 14:38:46.434,1,"[{'lat': -24.185, 'long': -69.514, 'Time': Timestamp('2007-11-07 15:06:16'), 'mag': 5.0}]",1
2715,2007-11-06 16:17:19.351,0,[],0
2716,2007-11-06 17:54:53.385,0,[],0
2717,2007-11-06 19:32:23.411,0,[],0
2718,2007-11-06 21:07:59.062,0,[],0
2719,2007-11-06 22:45:53.464,0,[],0
2720,2007-11-07 00:22:53.681,0,[],0
2721,2007-11-07 02:00:17.178,1,"[{'lat': 2.624, 'long': 126.975, 'Time': Timestamp('2007-11-08 14:16:13'), 'mag': 5.0}]",1
2722,2007-11-07 05:17:27.187,0,[],0
2723,2007-11-07 06:55:54.558,0,[],0
2724,2007-11-07 08:34:21.817,0,[],0
2725,2007-11-07 10:11:52.848,0,[],0
2726,2007-11-07 11:51:23.678,0,[],0
2727,2007-11-07 13:30:53.801,0,[],0
2728,2007-11-07 15:09:52.801,0,[],0
2729,2007-11-07 20:02:23.908,0,[],0
2730,2007-11-07 21:38:16.926,0,[],0
2731,2007-11-07 23:16:23.961,1,"[{'lat': 51.128, 'long': -179.121, 'Time': Timestamp('2007-11-09 01:11:14'), 'mag': 5.0}]",1
2732,2007-11-08 00:53:21.309,1,"[{'lat': 48.061, 'long': 154.925, 'Time': Timestamp('2007-11-09 12:01:30'), 'mag': 5.0}, {'lat': 12.195, 'long': 143.464, 'Time': Timestamp('2007-11-08 11:59:15'), 'mag': 5.3}]",2
2733,2007-11-08 05:48:25.151,0,[],0
2734,2007-11-08 07:26:18.519,0,[],0
2735,2007-11-08 09:03:18.546,0,[],0
2736,2007-11-08 10:42:53.014,0,[],0
2737,2007-11-08 12:22:23.176,0,[],0
2738,2007-11-08 14:01:53.202,0,[],0
2739,2007-11-08 15:40:19.658,0,[],0
2740,2007-11-08 17:18:23.256,0,[],0
2741,2007-11-08 18:55:49.165,0,[],0
2742,2007-11-08 20:32:49.180,0,[],0
2743,2007-11-08 22:09:22.856,0,[],0
2744,2007-11-08 23:46:23.362,0,[],0
2745,2007-11-09 01:23:42.730,0,[],0
2746,2007-11-09 04:40:58.509,0,[],0
2747,2007-11-09 06:18:57.208,0,[],0
2748,2007-11-09 07:57:24.456,0,[],0
2749,2007-11-09 09:34:19.181,0,[],0
2750,2007-11-09 19:26:19.789,0,[],0
2751,2007-11-09 21:02:59.213,0,[],0
2752,2007-11-09 22:39:53.736,1,"[{'lat': -51.777, 'long': 161.318, 'Time': Timestamp('2007-11-10 01:13:29'), 'mag': 6.6}]",1
2753,2007-11-10 00:16:53.763,0,[],0
2754,2007-11-10 01:54:21.546,1,"[{'lat': 3.81, 'long': 126.08, 'Time': Timestamp('2007-11-12 01:36:36'), 'mag': 5.1}]",1
2755,2007-11-10 05:11:27.460,0,[],0
2756,2007-11-10 06:50:05.678,0,[],0
2757,2007-11-10 08:26:23.305,0,[],0
2758,2007-11-10 10:05:20.352,0,[],0
2759,2007-11-10 11:45:23.951,0,[],0
2760,2007-11-10 13:24:53.978,0,[],0
2761,2007-11-10 15:03:51.650,0,[],0
2762,2007-11-10 16:41:54.031,0,[],0
2763,2007-11-10 18:19:24.058,0,[],0
2764,2007-11-10 19:56:23.085,0,[],0
2765,2007-11-10 21:33:25.734,0,[],0
2766,2007-11-10 23:10:23.137,1,"[{'lat': -14.41, 'long': 167.291, 'Time': Timestamp('2007-11-12 18:12:20'), 'mag': 5.0}]",1
2767,2007-11-11 00:47:17.930,1,"[{'lat': 15.952, 'long': 145.871, 'Time': Timestamp('2007-11-12 14:36:53'), 'mag': 5.0}, {'lat': 10.449, 'long': 145.746, 'Time': Timestamp('2007-11-12 00:25:44'), 'mag': 5.7}, {'lat': 10.386, 'long': 145.823, 'Time': Timestamp('2007-11-12 15:11:24'), 'mag': 5.2}, {'lat': -3.026, 'long': 141.332, 'Time': Timestamp('2007-11-12 22:14:28'), 'mag': 5.0}]",4
2768,2007-11-11 02:24:51.941,0,[],0
2769,2007-11-11 05:41:55.655,0,[],0
2770,2007-11-11 07:20:26.564,0,[],0
2771,2007-11-11 08:57:17.283,0,[],0
2772,2007-11-11 10:36:58.169,0,[],0
2773,2007-11-11 12:16:23.352,0,[],0
2774,2007-11-11 13:55:53.379,0,[],0
2775,2007-11-11 15:34:21.163,0,[],0
2776,2007-11-11 20:26:49.357,0,[],0
2777,2007-11-11 22:03:20.376,0,[],0
2778,2007-11-11 23:40:23.538,0,[],0
2779,2007-11-12 01:17:53.867,0,[],0
2780,2007-11-12 04:34:54.479,0,[],0
2781,2007-11-12 06:12:55.945,1,"[{'lat': 36.241, 'long': 71.226, 'Time': Timestamp('2007-11-12 08:21:51'), 'mag': 5.0}]",1
2782,2007-11-12 07:51:21.865,0,[],0
2783,2007-11-12 09:28:19.358,0,[],0
2784,2007-11-12 16:05:22.457,0,[],0
2785,2007-11-12 17:42:53.834,0,[],0
2786,2007-11-12 19:19:51.182,0,[],0
2787,2007-11-12 20:56:51.086,0,[],0
2788,2007-11-12 22:33:53.913,0,[],0
2789,2007-11-13 00:10:53.940,0,[],0
2790,2007-11-13 03:27:24.295,0,[],0
2791,2007-11-13 05:05:23.541,0,[],0
2792,2007-11-13 06:43:26.223,0,[],0
2793,2007-11-13 08:21:49.938,0,[],0
2794,2007-11-13 09:59:19.529,0,[],0
2795,2007-11-13 11:38:53.127,0,[],0
2796,2007-11-13 13:18:23.155,0,[],0
2797,2007-11-13 14:57:20.716,1,"[{'lat': -22.247, 'long': -69.89, 'Time': Timestamp('2007-11-14 15:40:50'), 'mag': 7.7}, {'lat': -23.064, 'long': -70.53, 'Time': Timestamp('2007-11-14 16:03:02'), 'mag': 5.2}, {'lat': -22.227, 'long': -70.059, 'Time': Timestamp('2007-11-14 16:04:50'), 'mag': 5.3}, {'lat': -23.21, 'long': -70.129, 'Time': Timestamp('2007-11-14 16:13:22'), 'mag': 5.0}, {'lat': -23.147, 'long': -70.008, 'Time': Timestamp('2007-11-14 17:18:45'), 'mag': 5.1}, {'lat': -23.215, 'long': -70.526, 'Time': Timestamp('2007-11-14 17:44:04'), 'mag': 5.7}, {'lat': -23.172, 'long': -70.476, 'Time': Timestamp('2007-11-14 17:53:28'), 'mag': 5.0}, {'lat': -22.67, 'long': -70.292, 'Time': Timestamp('2007-11-14 18:55:49'), 'mag': 5.1}, {'lat': -23.218, 'long': -70.526, 'Time': Timestamp('2007-11-15 01:46:34'), 'mag': 5.0}, {'lat': -23.31, 'long': -70.607, 'Time': Timestamp('2007-11-15 09:31:29'), 'mag': 5.0}, {'lat': -23.156, 'long': -70.717, 'Time': Timestamp('2007-11-15 11:14:50'), 'mag': 5.3}]",11
2798,2007-11-13 16:35:53.209,1,"[{'lat': 13.8, 'long': -90.748, 'Time': Timestamp('2007-11-14 17:35:41'), 'mag': 5.2}]",1
2799,2007-11-13 18:13:23.235,0,[],0
2800,2007-11-13 21:27:17.719,0,[],0
2801,2007-11-13 23:04:23.314,1,"[{'lat': -11.538, 'long': 166.264, 'Time': Timestamp('2007-11-14 18:47:51'), 'mag': 5.5}]",1
2802,2007-11-14 00:41:18.107,0,[],0
2803,2007-11-14 03:57:54.254,0,[],0
2804,2007-11-14 05:35:55.832,0,[],0
2805,2007-11-14 07:14:26.741,0,[],0
2806,2007-11-14 08:50:48.788,0,[],0
2807,2007-11-14 10:30:25.562,0,[],0
2808,2007-11-14 12:09:53.624,0,[],0
2809,2007-11-14 13:49:23.652,0,[],0
2810,2007-11-14 15:28:22.764,0,[],0
2811,2007-11-14 17:06:23.705,0,[],0
2812,2007-11-14 18:43:49.613,0,[],0
2813,2007-11-14 20:20:53.758,0,[],0
2814,2007-11-14 21:57:15.225,1,"[{'lat': -23.005, 'long': -174.996, 'Time': Timestamp('2007-11-15 17:18:21'), 'mag': 5.8}]",1
2815,2007-11-14 23:34:23.811,0,[],0
2816,2007-11-15 01:11:18.603,1,"[{'lat': 9.36, 'long': 141.5, 'Time': Timestamp('2007-11-15 14:20:13'), 'mag': 5.0}]",1
2817,2007-11-15 04:28:54.751,0,[],0
2818,2007-11-15 06:06:53.561,0,[],0
2819,2007-11-15 07:44:49.369,0,[],0
2820,2007-11-15 09:21:50.958,0,[],0
2821,2007-11-15 14:20:21.364,1,"[{'lat': -19.283, 'long': -63.957, 'Time': Timestamp('2007-11-15 21:17:49'), 'mag': 5.1}]",1
2822,2007-11-15 15:58:48.962,0,[],0
2823,2007-11-15 17:36:53.107,0,[],0
2824,2007-11-15 19:13:53.133,0,[],0
2825,2007-11-15 20:50:45.046,0,[],0
2826,2007-11-15 22:27:53.186,0,[],0
2827,2007-11-16 00:04:53.212,1,"[{'lat': -5.49, 'long': 151.679, 'Time': Timestamp('2007-11-16 07:52:20'), 'mag': 5.4}]",1
2828,2007-11-16 03:21:25.789,0,[],0
2829,2007-11-16 04:59:32.222,0,[],0
2830,2007-11-16 06:37:24.168,0,[],0
2831,2007-11-16 08:15:52.978,0,[],0
2832,2007-11-16 09:52:49.801,0,[],0
2833,2007-11-16 13:12:23.427,0,[],0
2834,2007-11-16 16:29:54.452,0,[],0
2835,2007-11-16 18:07:23.508,1,"[{'lat': -55.071, 'long': -129.684, 'Time': Timestamp('2007-11-18 14:42:57'), 'mag': 5.4}]",1
2836,2007-11-16 19:44:23.534,0,[],0
2837,2007-11-16 21:21:20.760,0,[],0
2838,2007-11-16 22:57:53.587,0,[],0
2839,2007-11-17 00:35:18.379,0,[],0
2840,2007-11-17 03:51:54.080,0,[],0
2841,2007-11-17 05:29:53.215,0,[],0
2842,2007-11-17 07:07:54.691,0,[],0
2843,2007-11-17 10:24:22.970,0,[],0
2844,2007-11-17 12:03:53.801,0,[],0
2845,2007-11-17 13:43:23.829,0,[],0
2846,2007-11-17 15:22:22.940,0,[],0
2847,2007-11-17 17:00:23.882,0,[],0
2848,2007-11-17 18:37:52.559,0,[],0
2849,2007-11-17 20:14:53.935,0,[],0
2850,2007-11-17 21:51:28.136,1,"[{'lat': -21.852, 'long': -176.552, 'Time': Timestamp('2007-11-18 00:32:00'), 'mag': 5.1}]",1
2851,2007-11-17 23:28:23.988,0,[],0
2852,2007-11-18 01:05:18.781,1,"[{'lat': 43.227, 'long': 147.66, 'Time': Timestamp('2007-11-19 02:54:02'), 'mag': 5.0}]",1
2853,2007-11-18 04:22:28.912,0,[],0
2854,2007-11-18 06:00:24.066,0,[],0
2855,2007-11-18 07:38:48.547,0,[],0
2856,2007-11-18 09:15:44.700,0,[],0
2857,2007-11-18 10:55:20.274,0,[],0
2858,2007-11-18 12:34:53.202,0,[],0
2859,2007-11-18 14:14:23.230,0,[],0
2860,2007-11-18 15:52:49.797,0,[],0
2861,2007-11-18 20:44:50.535,0,[],0
2862,2007-11-18 22:21:48.787,1,"[{'lat': -21.968, 'long': 173.486, 'Time': Timestamp('2007-11-19 15:20:03'), 'mag': 6.0}]",1
2863,2007-11-18 23:58:53.440,1,"[{'lat': -6.907, 'long': 155.672, 'Time': Timestamp('2007-11-20 12:52:59'), 'mag': 6.0}]",1
2864,2007-11-19 01:35:51.730,1,"[{'lat': 32.665, 'long': 140.669, 'Time': Timestamp('2007-11-20 11:46:31'), 'mag': 5.0}]",1
2865,2007-11-19 04:53:28.536,0,[],0
2866,2007-11-19 06:31:20.249,0,[],0
2867,2007-11-19 08:09:53.155,0,[],0
2868,2007-11-19 09:46:50.648,0,[],0
2869,2007-11-19 11:26:23.577,0,[],0
2870,2007-11-19 13:05:53.604,0,[],0
2871,2007-11-19 14:45:22.158,1,"[{'lat': -22.882, 'long': -70.555, 'Time': Timestamp('2007-11-19 18:19:22'), 'mag': 5.0}, {'lat': -22.904, 'long': -70.602, 'Time': Timestamp('2007-11-19 20:21:07'), 'mag': 5.3}, {'lat': -22.791, 'long': -70.769, 'Time': Timestamp('2007-11-19 23:30:28'), 'mag': 5.9}, {'lat': -23.085, 'long': -70.066, 'Time': Timestamp('2007-11-20 00:51:09'), 'mag': 5.1}, {'lat': -22.812, 'long': -70.681, 'Time': Timestamp('2007-11-20 04:56:16'), 'mag': 5.0}, {'lat': -23.147, 'long': -70.392, 'Time': Timestamp('2007-11-20 16:44:28'), 'mag': 5.4}, {'lat': -22.917, 'long': -70.483, 'Time': Timestamp('2007-11-20 17:55:51'), 'mag': 6.1}, {'lat': -23.209, 'long': -70.648, 'Time': Timestamp('2007-11-20 20:55:28'), 'mag': 5.0}, {'lat': -22.821, 'long': -70.595, 'Time': Timestamp('2007-11-21 07:55:22'), 'mag': 5.0}, {'lat': -24.81, 'long': -68.472, 'Time': Timestamp('2007-11-21 12:55:05'), 'mag': 5.8}]",10
2872,2007-11-19 16:23:22.419,0,[],0
2873,2007-11-19 18:01:23.684,0,[],0
2874,2007-11-19 19:38:23.711,1,"[{'lat': 43.542, 'long': -127.414, 'Time': Timestamp('2007-11-19 20:32:48'), 'mag': 5.8}, {'lat': 43.637, 'long': -127.474, 'Time': Timestamp('2007-11-19 22:43:02'), 'mag': 5.0}, {'lat': -62.637, 'long': -158.32, 'Time': Timestamp('2007-11-21 16:45:36'), 'mag': 5.4}]",3
2875,2007-11-19 21:15:20.937,0,[],0
2876,2007-11-19 22:51:53.764,0,[],0
2877,2007-11-20 00:28:47.116,0,[],0
2878,2007-11-20 03:45:55.585,1,"[{'lat': -4.329, 'long': 101.263, 'Time': Timestamp('2007-11-20 22:59:28'), 'mag': 5.4}]",1
2879,2007-11-20 05:23:53.391,0,[],0
2880,2007-11-20 07:01:52.201,0,[],0
2881,2007-11-20 08:40:23.444,0,[],0
2882,2007-11-20 10:17:53.147,0,[],0
2883,2007-11-20 11:57:53.978,0,[],0
2884,2007-11-20 13:37:24.005,1,"[{'lat': 13.359, 'long': -44.831, 'Time': Timestamp('2007-11-21 00:37:55'), 'mag': 5.0}, {'lat': 13.359, 'long': -44.831, 'Time': Timestamp('2007-11-21 00:37:55'), 'mag': 5.0}]",2
2885,2007-11-20 15:15:57.102,0,[],0
2886,2007-11-20 16:54:24.059,0,[],0
2887,2007-11-20 18:31:23.085,0,[],0
2888,2007-11-20 20:08:23.112,0,[],0
2889,2007-11-20 23:22:23.165,0,[],0
2890,2007-11-21 00:59:17.957,0,[],0
2891,2007-11-21 04:16:26.761,1,"[{'lat': 4.743, 'long': 95.06, 'Time': Timestamp('2007-11-22 23:02:12'), 'mag': 5.8}]",1
2892,2007-11-21 05:54:25.683,0,[],0
2893,2007-11-21 07:32:48.723,0,[],0
2894,2007-11-21 09:09:20.189,0,[],0
2895,2007-11-21 10:48:51.877,0,[],0
2896,2007-11-21 12:28:53.477,0,[],0
2897,2007-11-21 14:07:51.697,0,[],0
2898,2007-11-21 15:46:48.632,0,[],0
2899,2007-11-21 20:38:54.906,0,[],0
2900,2007-11-21 22:15:51.829,0,[],0
2901,2007-11-21 23:52:53.664,0,[],0
2902,2007-11-22 01:29:49.349,0,[],0
2903,2007-11-22 04:46:54.716,0,[],0
2904,2007-11-22 08:03:20.662,0,[],0
2905,2007-11-22 09:40:50.922,0,[],0
2906,2007-11-22 11:20:23.718,0,[],0
2907,2007-11-22 12:59:53.878,0,[],0
2908,2007-11-22 14:38:47.008,1,"[{'lat': -23.77, 'long': -69.012, 'Time': Timestamp('2007-11-24 05:02:06'), 'mag': 5.6}, {'lat': -23.77, 'long': -69.012, 'Time': Timestamp('2007-11-24 05:02:06'), 'mag': 5.6}]",2
2909,2007-11-22 16:17:19.926,0,[],0
2910,2007-11-22 17:55:23.959,0,[],0
2911,2007-11-22 19:32:23.985,0,[],0
2912,2007-11-22 21:08:58.075,0,[],0
2913,2007-11-22 22:45:54.039,1,"[{'lat': -56.664, 'long': 157.941, 'Time': Timestamp('2007-11-24 10:46:08'), 'mag': 5.3}]",1
2914,2007-11-23 00:22:54.255,0,[],0
2915,2007-11-23 02:00:16.752,1,"[{'lat': -4.244, 'long': 123.492, 'Time': Timestamp('2007-11-23 17:52:45'), 'mag': 5.0}]",1
2916,2007-11-23 03:39:53.978,1,"[{'lat': -2.808, 'long': 101.162, 'Time': Timestamp('2007-11-25 02:51:57'), 'mag': 5.9}]",1
2917,2007-11-23 05:18:02.075,0,[],0
2918,2007-11-23 06:55:54.133,0,[],0
2919,2007-11-23 08:34:21.391,0,[],0
2920,2007-11-23 10:11:52.422,0,[],0
2921,2007-11-23 11:51:23.253,0,[],0
2922,2007-11-23 13:30:53.280,0,[],0
2923,2007-11-23 15:09:52.281,0,[],0
2924,2007-11-23 16:47:53.333,0,[],0
2925,2007-11-23 18:25:23.360,0,[],0
2926,2007-11-23 20:02:23.386,0,[],0
2927,2007-11-23 23:16:23.440,0,[],0
2928,2007-11-24 00:53:20.787,1,"[{'lat': 54.441, 'long': 159.319, 'Time': Timestamp('2007-11-25 21:26:34'), 'mag': 5.2}]",1
2929,2007-11-24 05:48:24.630,0,[],0
2930,2007-11-24 07:26:23.094,0,[],0
2931,2007-11-24 09:03:20.587,0,[],0
2932,2007-11-24 10:42:49.397,0,[],0
2933,2007-11-24 12:22:23.654,0,[],0
2934,2007-11-24 14:01:53.681,0,[],0
2935,2007-11-24 15:40:52.904,0,[],0
2936,2007-11-24 17:18:23.735,0,[],0
2937,2007-11-24 18:55:49.643,0,[],0
2938,2007-11-24 20:32:49.658,0,[],0
2939,2007-11-24 22:09:51.895,0,[],0
2940,2007-11-24 23:46:53.841,0,[],0
2941,2007-11-25 01:23:43.209,1,"[{'lat': 37.392, 'long': 141.586, 'Time': Timestamp('2007-11-26 13:51:39'), 'mag': 5.9}]",1
2942,2007-11-25 04:40:54.892,0,[],0
2943,2007-11-25 06:18:53.591,1,"[{'lat': 29.652, 'long': 69.524, 'Time': Timestamp('2007-11-25 13:53:47'), 'mag': 5.1}]",1
2944,2007-11-25 07:57:21.396,0,[],0
2945,2007-11-25 09:34:19.660,0,[],0
2946,2007-11-25 19:26:19.267,0,[],0
2947,2007-11-25 21:02:47.620,0,[],0
2948,2007-11-25 22:39:53.216,0,[],0
2949,2007-11-26 00:16:53.242,0,[],0
2950,2007-11-26 01:54:16.595,0,[],0
2951,2007-11-26 05:11:26.939,0,[],0
2952,2007-11-26 08:28:03.197,0,[],0
2953,2007-11-26 10:05:19.831,0,[],0
2954,2007-11-26 11:45:23.430,0,[],0
2955,2007-11-26 13:24:53.456,0,[],0
2956,2007-11-26 15:03:51.129,0,[],0
2957,2007-11-26 16:41:53.510,0,[],0
2958,2007-11-26 18:19:23.537,0,[],0
2959,2007-11-26 19:56:23.563,0,[],0
2960,2007-11-26 21:32:25.766,0,[],0
2961,2007-11-26 23:10:23.617,0,[],0
2962,2007-11-27 00:47:20.964,0,[],0
2963,2007-11-27 02:24:52.419,0,[],0
2964,2007-11-27 05:42:24.806,0,[],0
2965,2007-11-27 07:20:27.043,0,[],0
2966,2007-11-27 08:57:19.435,0,[],0
2967,2007-11-27 10:36:45.031,0,[],0
2968,2007-11-27 12:16:23.831,0,[],0
2969,2007-11-27 13:55:53.858,0,[],0
2970,2007-11-27 15:34:21.642,0,[],0
2971,2007-11-27 17:12:23.912,0,[],0
2972,2007-11-27 18:49:49.820,0,[],0
2973,2007-11-27 20:26:49.835,0,[],0
2974,2007-11-27 22:02:25.063,1,"[{'lat': 61.9108, 'long': -151.1273, 'Time': Timestamp('2007-11-28 23:57:03'), 'mag': 5.0}, {'lat': -19.946, 'long': -175.769, 'Time': Timestamp('2007-11-29 00:32:08'), 'mag': 5.0}]",2
2975,2007-11-27 23:40:24.017,0,[],0
2976,2007-11-28 01:17:51.577,0,[],0
2977,2007-11-28 04:34:52.629,0,[],0
2978,2007-11-28 06:12:55.423,1,"[{'lat': 36.422, 'long': 71.734, 'Time': Timestamp('2007-11-29 10:02:44'), 'mag': 5.1}]",1
2979,2007-11-28 07:51:25.116,1,"[{'lat': -21.166, 'long': 33.26, 'Time': Timestamp('2007-11-29 02:59:10'), 'mag': 5.2}, {'lat': -21.166, 'long': 33.26, 'Time': Timestamp('2007-11-29 02:59:10'), 'mag': 5.2}]",2
2980,2007-11-28 09:28:18.837,0,[],0
2981,2007-11-28 14:26:48.893,0,[],0
2982,2007-11-28 19:20:22.198,0,[],0
2983,2007-11-28 20:55:46.566,0,[],0
2984,2007-11-28 22:33:53.490,1,"[{'lat': -45.0, 'long': 167.411, 'Time': Timestamp('2007-11-29 15:53:31'), 'mag': 5.2}, {'lat': -45.0, 'long': 167.411, 'Time': Timestamp('2007-11-29 15:53:31'), 'mag': 5.2}]",2
2985,2007-11-29 00:10:53.516,0,[],0
2986,2007-11-29 01:48:20.530,1,"[{'lat': 4.427, 'long': 127.821, 'Time': Timestamp('2007-11-29 09:03:16'), 'mag': 5.0}]",1
2987,2007-11-29 05:05:23.117,0,[],0
2988,2007-11-29 06:43:25.801,0,[],0
2989,2007-11-29 08:21:55.392,0,[],0
2990,2007-11-29 09:59:20.106,0,[],0
2991,2007-11-29 11:38:53.704,0,[],0
2992,2007-11-29 13:18:23.732,0,[],0
2993,2007-11-29 14:57:21.292,0,[],0
2994,2007-11-29 16:35:53.785,0,[],0
2995,2007-11-29 18:13:23.812,0,[],0
2996,2007-11-29 19:50:24.150,0,[],0
2997,2007-11-29 21:26:17.849,0,[],0
2998,2007-11-29 23:04:23.891,0,[],0
2999,2007-11-30 00:41:18.684,1,"[{'lat': 10.514, 'long': 146.156, 'Time': Timestamp('2007-11-30 23:43:17'), 'mag': 5.1}]",1
3000,2007-11-30 05:35:56.408,0,[],0
3001,2007-11-30 07:14:27.317,0,[],0
3002,2007-11-30 08:52:53.918,0,[],0
3003,2007-11-30 10:30:25.042,0,[],0
3004,2007-11-30 12:10:23.106,0,[],0
3005,2007-11-30 13:49:23.132,0,[],0
3006,2007-11-30 15:28:22.245,0,[],0
3007,2007-11-30 17:06:23.186,0,[],0
3008,2007-11-30 18:43:49.095,0,[],0
3009,2007-11-30 20:20:53.239,0,[],0
3010,2007-11-30 21:56:14.482,1,"[{'lat': -21.651, 'long': -176.24, 'Time': Timestamp('2007-12-01 16:10:02'), 'mag': 5.3}]",1
3011,2007-11-30 23:34:23.292,0,[],0
3012,2007-12-01 01:11:50.853,0,[],0
3013,2007-12-01 04:28:54.232,0,[],0
3014,2007-12-01 06:06:54.371,1,"[{'lat': 36.591, 'long': 71.025, 'Time': Timestamp('2007-12-02 11:57:05'), 'mag': 5.2}]",1
3015,2007-12-01 07:44:52.623,0,[],0
3016,2007-12-01 09:21:50.439,0,[],0
3017,2007-12-01 11:01:20.578,0,[],0
3018,2007-12-01 12:41:23.507,0,[],0
3019,2007-12-01 14:20:20.844,0,[],0
3020,2007-12-01 15:58:53.092,0,[],0
3021,2007-12-01 17:36:53.587,0,[],0
3022,2007-12-01 19:13:53.614,0,[],0
3023,2007-12-01 20:47:52.055,0,[],0
3024,2007-12-01 22:27:53.667,0,[],0
3025,2007-12-02 00:04:53.693,0,[],0
3026,2007-12-02 03:21:24.941,0,[],0
3027,2007-12-02 04:59:32.703,0,[],0
3028,2007-12-02 06:37:25.977,0,[],0
3029,2007-12-02 08:15:54.240,0,[],0
3030,2007-12-02 09:52:51.611,0,[],0
3031,2007-12-02 11:32:53.881,0,[],0
3032,2007-12-02 13:12:23.908,0,[],0
3033,2007-12-02 14:51:22.574,0,[],0
3034,2007-12-02 16:29:53.962,0,[],0
3035,2007-12-02 18:07:23.989,0,[],0
3036,2007-12-02 19:44:24.015,0,[],0
3037,2007-12-02 21:20:19.354,0,[],0
3038,2007-12-02 22:58:24.068,0,[],0
3039,2007-12-03 00:35:17.860,1,"[{'lat': -6.197, 'long': 146.512, 'Time': Timestamp('2007-12-03 16:54:18'), 'mag': 5.0}]",1
3040,2007-12-03 03:51:54.007,0,[],0
3041,2007-12-03 05:29:52.695,0,[],0
3042,2007-12-03 07:08:22.844,0,[],0
3043,2007-12-03 08:44:51.543,0,[],0
3044,2007-12-03 10:24:22.452,0,[],0
3045,2007-12-03 12:03:53.282,0,[],0
3046,2007-12-03 13:43:23.309,0,[],0
3047,2007-12-03 15:22:22.421,0,[],0
3048,2007-12-03 17:00:23.363,0,[],0
3049,2007-12-03 18:37:53.390,0,[],0
3050,2007-12-03 20:14:53.416,0,[],0
3051,2007-12-03 21:50:22.851,0,[],0
3052,2007-12-03 23:28:23.469,0,[],0
3053,2007-12-04 01:05:18.261,0,[],0
3054,2007-12-04 04:22:55.737,0,[],0
3055,2007-12-04 06:00:24.547,0,[],0
3056,2007-12-04 07:38:52.799,0,[],0
3057,2007-12-04 09:15:50.616,0,[],0
3058,2007-12-04 10:54:23.410,0,[],0
3059,2007-12-04 12:34:53.684,0,[],0
3060,2007-12-04 14:14:23.710,0,[],0
3061,2007-12-04 15:52:54.374,0,[],0
3062,2007-12-04 20:41:50.792,0,[],0
3063,2007-12-05 04:53:26.361,0,[],0
3064,2007-12-05 06:31:20.729,0,[],0
3065,2007-12-05 08:09:51.538,0,[],0
3066,2007-12-05 09:46:50.229,0,[],0
3067,2007-12-05 11:25:23.470,0,[],0
3068,2007-12-05 13:06:23.185,0,[],0
3069,2007-12-05 14:45:21.739,1,"[{'lat': -23.517, 'long': -70.74, 'Time': Timestamp('2007-12-06 01:11:09'), 'mag': 5.1}]",1
3070,2007-12-05 19:38:20.837,0,[],0
3071,2007-12-05 21:14:23.173,0,[],0
3072,2007-12-05 22:52:23.345,0,[],0
3073,2007-12-06 00:29:15.370,0,[],0
3074,2007-12-06 03:45:55.167,0,[],0
3075,2007-12-06 07:01:54.450,0,[],0
3076,2007-12-06 08:38:51.820,0,[],0
3077,2007-12-06 10:16:50.519,0,[],0
3078,2007-12-06 11:54:50.992,0,[],0
3079,2007-12-06 13:37:23.587,0,[],0
3080,2007-12-06 15:15:56.682,1,"[{'lat': -13.516, 'long': -76.656, 'Time': Timestamp('2007-12-07 01:41:01'), 'mag': 5.6}]",1
3081,2007-12-06 16:54:23.640,0,[],0
3082,2007-12-06 18:31:53.667,1,"[{'lat': -56.205, 'long': -139.294, 'Time': Timestamp('2007-12-07 06:19:35'), 'mag': 5.5}]",1
3083,2007-12-06 20:08:53.694,0,[],0
3084,2007-12-06 21:45:20.472,0,[],0
3085,2007-12-06 23:22:23.746,0,[],0
3086,2007-12-07 00:59:18.538,1,"[{'lat': 46.643, 'long': 152.302, 'Time': Timestamp('2007-12-07 11:30:12'), 'mag': 5.3}]",1
3087,2007-12-07 04:16:28.670,1,"[{'lat': 5.457, 'long': 94.666, 'Time': Timestamp('2007-12-07 08:09:24'), 'mag': 5.0}]",1
3088,2007-12-07 05:54:26.264,0,[],0
3089,2007-12-07 07:32:53.076,0,[],0
3090,2007-12-07 09:09:50.893,0,[],0
3091,2007-12-07 10:48:27.784,1,"[{'lat': -39.693, 'long': -15.015, 'Time': Timestamp('2007-12-07 14:54:03'), 'mag': 5.0}]",1
3092,2007-12-07 12:28:53.960,0,[],0
3093,2007-12-07 14:08:24.948,0,[],0
3094,2007-12-07 15:46:53.211,0,[],0
3095,2007-12-07 17:24:54.041,0,[],0
3096,2007-12-07 19:01:54.068,0,[],0
3097,2007-12-07 20:38:54.389,0,[],0
3098,2007-12-07 22:15:51.313,0,[],0
3099,2007-12-07 23:52:53.147,0,[],0
3100,2007-12-08 01:29:50.160,0,[],0
3101,2007-12-08 04:47:25.638,0,[],0
3102,2007-12-08 08:03:53.471,0,[],0
3103,2007-12-08 09:40:50.406,0,[],0
3104,2007-12-08 11:18:23.646,0,[],0
3105,2007-12-08 12:59:53.362,0,[],0
3106,2007-12-08 14:39:23.356,0,[],0
3107,2007-12-08 16:17:19.409,1,"[{'lat': 11.633, 'long': -85.831, 'Time': Timestamp('2007-12-10 13:13:40'), 'mag': 5.0}, {'lat': 11.633, 'long': -85.831, 'Time': Timestamp('2007-12-10 13:13:40'), 'mag': 5.0}]",2
3108,2007-12-08 17:55:23.443,0,[],0
3109,2007-12-08 19:32:23.469,0,[],0
3110,2007-12-08 22:45:53.521,0,[],0
3111,2007-12-09 00:23:23.739,0,[],0
3112,2007-12-09 03:39:52.576,0,[],0
3113,2007-12-09 05:17:53.149,0,[],0
3114,2007-12-09 06:55:58.712,0,[],0
3115,2007-12-09 08:34:22.655,0,[],0
3116,2007-12-09 10:11:54.903,0,[],0
3117,2007-12-09 11:49:22.609,0,[],0
3118,2007-12-09 13:30:53.763,0,[],0
3119,2007-12-09 15:09:52.814,0,[],0
3120,2007-12-09 20:02:53.870,0,[],0
3121,2007-12-09 21:39:22.424,1,"[{'lat': -30.24, 'long': -177.86, 'Time': Timestamp('2007-12-11 17:46:00'), 'mag': 5.1}]",1
3122,2007-12-09 23:16:23.923,0,[],0
3123,2007-12-10 00:53:21.271,0,[],0
3124,2007-12-10 04:10:27.519,0,[],0
3125,2007-12-10 05:48:26.441,1,"[{'lat': 34.99, 'long': 77.478, 'Time': Timestamp('2007-12-11 15:56:38'), 'mag': 5.1}]",1
3126,2007-12-10 07:26:57.349,0,[],0
3127,2007-12-10 09:03:21.398,0,[],0
3128,2007-12-10 10:42:54.304,0,[],0
3129,2007-12-10 12:22:53.138,0,[],0
3130,2007-12-10 14:01:53.164,0,[],0
3131,2007-12-10 15:40:48.292,1,"[{'lat': 0.589, 'long': -80.007, 'Time': Timestamp('2007-12-10 18:19:07'), 'mag': 5.1}]",1
3132,2007-12-10 17:18:53.218,0,[],0
3133,2007-12-10 18:55:49.127,0,[],0
3134,2007-12-10 20:32:50.470,0,[],0
3135,2007-12-10 22:09:51.490,0,[],0
3136,2007-12-10 23:46:53.324,1,"[{'lat': 50.873, 'long': 173.498, 'Time': Timestamp('2007-12-12 17:35:07'), 'mag': 5.2}]",1
3137,2007-12-11 01:23:47.681,0,[],0
3138,2007-12-11 04:40:54.375,0,[],0
3139,2007-12-11 06:18:49.301,0,[],0
3140,2007-12-11 07:57:20.880,0,[],0
3141,2007-12-11 09:34:19.143,0,[],0
3142,2007-12-11 16:11:20.914,0,[],0
3143,2007-12-11 17:49:23.619,0,[],0
3144,2007-12-11 19:26:19.750,0,[],0
3145,2007-12-11 21:03:22.311,0,[],0
3146,2007-12-11 22:39:53.698,0,[],0
3147,2007-12-12 00:16:53.725,0,[],0
3148,2007-12-12 01:54:18.406,0,[],0
3149,2007-12-12 05:12:02.735,0,[],0
3150,2007-12-12 06:49:53.352,0,[],0
3151,2007-12-12 10:05:22.413,0,[],0
3152,2007-12-12 11:43:22.886,1,"[{'lat': -55.084, 'long': -33.579, 'Time': Timestamp('2007-12-12 22:09:58'), 'mag': 5.0}]",1
3153,2007-12-12 13:24:54.040,0,[],0
3154,2007-12-12 15:03:53.041,0,[],0
3155,2007-12-12 19:56:23.147,0,[],0
3156,2007-12-12 21:33:17.604,0,[],0
3157,2007-12-12 23:10:23.200,0,[],0
3158,2007-12-13 00:47:15.225,0,[],0
3159,2007-12-13 05:42:24.390,0,[],0
3160,2007-12-13 07:20:22.530,0,[],0
3161,2007-12-13 08:57:19.019,0,[],0
3162,2007-12-13 10:36:53.254,0,[],0
3163,2007-12-13 12:16:23.414,0,[],0
3164,2007-12-13 13:55:53.442,0,[],0
3165,2007-12-13 15:34:22.554,0,[],0
3166,2007-12-13 17:12:23.495,0,[],0
3167,2007-12-13 18:49:49.404,0,[],0
3168,2007-12-13 20:26:49.419,0,[],0
3169,2007-12-13 22:03:50.439,1,"[{'lat': -35.26, 'long': 178.71, 'Time': Timestamp('2007-12-14 18:03:20'), 'mag': 5.0}]",1
3170,2007-12-13 23:40:53.601,0,[],0
3171,2007-12-14 01:17:51.161,0,[],0
3172,2007-12-14 04:35:01.405,0,[],0
3173,2007-12-14 06:12:56.007,0,[],0
3174,2007-12-14 07:51:25.253,0,[],0
3175,2007-12-14 09:28:19.420,0,[],0
3176,2007-12-14 11:05:52.103,0,[],0
3177,2007-12-14 12:47:23.816,0,[],0
3178,2007-12-14 14:26:49.379,0,[],0
3179,2007-12-14 16:05:22.520,0,[],0
3180,2007-12-14 17:42:53.896,0,[],0
3181,2007-12-14 20:57:19.932,0,[],0
3182,2007-12-14 22:33:53.976,0,[],0
3183,2007-12-15 00:10:54.003,0,[],0
3184,2007-12-15 01:48:22.344,1,"[{'lat': -7.526, 'long': 127.474, 'Time': Timestamp('2007-12-15 08:03:15'), 'mag': 6.0}, {'lat': -7.526, 'long': 127.474, 'Time': Timestamp('2007-12-15 08:03:15'), 'mag': 6.0}]",2
3185,2007-12-15 05:05:26.699,0,[],0
3186,2007-12-15 06:43:25.286,0,[],0
3187,2007-12-15 08:20:20.558,0,[],0
3188,2007-12-15 09:59:21.589,0,[],0
3189,2007-12-15 11:38:53.190,0,[],0
3190,2007-12-15 13:18:53.218,0,[],0
3191,2007-12-15 14:57:53.546,0,[],0
3192,2007-12-15 16:35:53.271,0,[],0
3193,2007-12-15 18:13:23.298,0,[],0
3194,2007-12-15 19:50:20.868,0,[],0
3195,2007-12-15 21:27:25.974,0,[],0
3196,2007-12-15 23:04:23.377,0,[],0
3197,2007-12-16 00:41:18.169,0,[],0
3198,2007-12-16 02:18:50.963,0,[],0
3199,2007-12-16 05:35:55.895,0,[],0
3200,2007-12-16 07:14:26.803,0,[],0
3201,2007-12-16 08:52:53.404,0,[],0
3202,2007-12-16 10:30:24.759,0,[],0
3203,2007-12-16 12:10:23.591,0,[],0
3204,2007-12-16 13:49:53.619,0,[],0
3205,2007-12-16 15:28:22.731,0,[],0
3206,2007-12-16 20:20:49.596,0,[],0
3207,2007-12-16 21:57:43.864,0,[],0
3208,2007-12-16 23:34:23.778,0,[],0
3209,2007-12-17 01:11:52.666,0,[],0
3210,2007-12-17 04:28:54.718,0,[],0
3211,2007-12-17 06:06:54.856,0,[],0
3212,2007-12-17 07:44:53.109,0,[],0
3213,2007-12-17 09:21:50.925,0,[],0
3214,2007-12-17 11:01:53.832,0,[],0
3215,2007-12-17 12:41:23.993,0,[],0
3216,2007-12-17 14:20:22.659,0,[],0
3217,2007-12-17 15:59:21.256,0,[],0
3218,2007-12-17 17:36:54.073,0,[],0
3219,2007-12-17 19:14:19.093,0,[],0
3220,2007-12-17 20:50:50.325,0,[],0
3221,2007-12-17 22:27:53.152,0,[],0
3222,2007-12-18 00:04:53.179,0,[],0
3223,2007-12-18 01:42:20.192,0,[],0
3224,2007-12-18 03:21:24.427,0,[],0
3225,2007-12-18 04:59:22.780,0,[],0
3226,2007-12-18 06:37:25.463,0,[],0
3227,2007-12-18 08:15:48.190,0,[],0
3228,2007-12-18 09:53:21.766,0,[],0
3229,2007-12-18 11:32:53.367,0,[],0
3230,2007-12-18 13:12:23.394,0,[],0
3231,2007-12-18 14:51:22.059,1,"[{'lat': 19.198, 'long': -64.648, 'Time': Timestamp('2007-12-19 01:57:23'), 'mag': 5.3}, {'lat': -32.713, 'long': -71.788, 'Time': Timestamp('2007-12-20 03:06:56'), 'mag': 5.5}]",2
3232,2007-12-18 16:29:53.091,0,[],0
3233,2007-12-18 18:07:23.474,0,[],0
3234,2007-12-18 19:44:23.501,0,[],0
3235,2007-12-18 22:58:23.554,0,[],0
3236,2007-12-19 00:35:18.346,0,[],0
3237,2007-12-19 03:51:54.493,0,[],0
3238,2007-12-19 05:30:02.589,0,[],0
3239,2007-12-19 07:08:23.330,0,[],0
3240,2007-12-19 08:44:52.029,1,"[{'lat': 39.417, 'long': 33.212, 'Time': Timestamp('2007-12-20 09:48:29'), 'mag': 5.7}]",1
3241,2007-12-19 10:24:24.935,0,[],0
3242,2007-12-19 12:03:53.768,0,[],0
3243,2007-12-19 13:43:23.898,0,[],0
3244,2007-12-19 15:22:23.011,0,[],0
3245,2007-12-19 20:14:54.005,0,[],0
3246,2007-12-19 21:51:22.782,1,"[{'lat': -20.214, 'long': -174.57, 'Time': Timestamp('2007-12-21 14:17:08'), 'mag': 5.2}, {'lat': -39.011, 'long': 178.291, 'Time': Timestamp('2007-12-20 07:55:15'), 'mag': 6.6}]",2
3247,2007-12-19 23:28:24.059,0,[],0
3248,2007-12-20 01:05:17.850,0,[],0
3249,2007-12-20 04:22:26.655,0,[],0
3250,2007-12-20 06:00:24.136,0,[],0
3251,2007-12-20 07:38:52.388,0,[],0
3252,2007-12-20 09:15:50.206,0,[],0
3253,2007-12-20 10:55:20.344,0,[],0
3254,2007-12-20 12:34:53.273,0,[],0
3255,2007-12-20 14:14:23.300,0,[],0
3256,2007-12-20 15:52:48.539,0,[],0
3257,2007-12-20 17:30:53.354,0,[],0
3258,2007-12-20 19:07:53.380,0,[],0
3259,2007-12-20 20:44:50.605,0,[],0
3260,2007-12-20 22:21:53.433,0,[],0
3261,2007-12-20 23:58:53.460,0,[],0
3262,2007-12-21 01:35:51.801,0,[],0
3263,2007-12-21 04:53:23.061,0,[],0
3264,2007-12-21 06:31:24.415,0,[],0
3265,2007-12-21 08:09:51.127,0,[],0
3266,2007-12-21 09:46:50.718,0,[],0
3267,2007-12-21 11:26:23.647,0,[],0
3268,2007-12-21 13:06:23.674,0,[],0
3269,2007-12-21 14:45:19.572,0,[],0
3270,2007-12-21 16:23:21.161,0,[],0
3271,2007-12-21 18:01:23.754,0,[],0
3272,2007-12-21 19:38:23.781,0,[],0
3273,2007-12-21 22:51:53.834,0,[],0
3274,2007-12-22 00:28:51.282,0,[],0
3275,2007-12-22 03:45:55.656,0,[],0
3276,2007-12-22 05:23:53.461,0,[],0
3277,2007-12-22 07:01:54.939,0,[],0
3278,2007-12-22 08:40:25.189,0,[],0
3279,2007-12-22 10:17:55.215,0,[],0
3280,2007-12-22 11:57:54.049,0,[],0
3281,2007-12-22 13:37:24.075,0,[],0
3282,2007-12-22 15:15:56.172,0,[],0
3283,2007-12-22 16:53:53.129,0,[],0
3284,2007-12-22 18:31:23.155,0,[],0
3285,2007-12-22 20:08:23.182,0,[],0
3286,2007-12-22 21:45:19.080,1,"[{'lat': -26.68, 'long': -176.066, 'Time': Timestamp('2007-12-24 10:43:48'), 'mag': 5.0}]",1
3287,2007-12-22 23:22:23.235,0,[],0
3288,2007-12-23 00:59:18.027,0,[],0
3289,2007-12-23 04:16:26.831,0,[],0
3290,2007-12-23 05:54:25.753,0,[],0
3291,2007-12-23 07:32:56.662,0,[],0
3292,2007-12-23 09:09:21.710,0,[],0
3293,2007-12-23 10:48:49.304,0,[],0
3294,2007-12-23 12:28:53.449,0,[],0
3295,2007-12-23 14:07:51.669,0,[],0
3296,2007-12-23 15:46:52.700,0,[],0
3297,2007-12-23 17:24:53.530,0,[],0
3298,2007-12-23 20:38:54.878,0,[],0
3299,2007-12-23 22:15:51.802,0,[],0
3300,2007-12-23 23:52:23.636,0,[],0
3301,2007-12-24 01:29:49.321,1,"[{'lat': 38.503, 'long': 142.026, 'Time': Timestamp('2007-12-25 14:04:34'), 'mag': 6.1}, {'lat': -48.944, 'long': 121.509, 'Time': Timestamp('2007-12-24 22:41:02'), 'mag': 5.1}]",2
3302,2007-12-24 04:46:54.688,0,[],0
3303,2007-12-24 08:03:21.192,0,[],0
3304,2007-12-24 09:40:22.223,0,[],0
3305,2007-12-24 11:20:23.823,0,[],0
3306,2007-12-24 12:59:53.851,0,[],0
3307,2007-12-24 14:38:53.733,1,"[{'lat': -19.445, 'long': -69.048, 'Time': Timestamp('2007-12-25 16:20:52'), 'mag': 5.8}]",1
3308,2007-12-24 16:17:22.666,0,[],0
3309,2007-12-24 17:54:53.932,0,[],0
3310,2007-12-24 19:32:23.958,0,[],0
3311,2007-12-24 21:08:48.415,0,[],0
3312,2007-12-24 22:45:54.010,1,"[{'lat': 52.558, 'long': -168.221, 'Time': Timestamp('2007-12-26 22:04:54'), 'mag': 6.4}, {'lat': 52.461, 'long': -168.197, 'Time': Timestamp('2007-12-26 22:09:54'), 'mag': 5.2}]",2
3313,2007-12-25 00:22:54.227,0,[],0
3314,2007-12-25 02:00:17.390,0,[],0
3315,2007-12-25 05:17:26.734,0,[],0
3316,2007-12-25 06:55:54.105,0,[],0
3317,2007-12-25 08:34:22.145,0,[],0
3318,2007-12-25 10:11:50.296,0,[],0
3319,2007-12-25 11:51:23.225,0,[],0
3320,2007-12-25 13:30:53.252,0,[],0
3321,2007-12-25 15:09:52.253,0,[],0
3322,2007-12-25 16:47:53.306,0,[],0
3323,2007-12-25 18:25:23.333,0,[],0
3324,2007-12-25 20:02:23.359,0,[],0
3325,2007-12-25 21:39:26.009,0,[],0
3326,2007-12-25 23:16:23.412,0,[],0
3327,2007-12-26 00:53:20.972,0,[],0
3328,2007-12-26 02:30:52.215,0,[],0
3329,2007-12-26 05:48:24.601,0,[],0
3330,2007-12-26 07:26:26.838,1,"[{'lat': -46.39, 'long': 33.744, 'Time': Timestamp('2007-12-28 01:42:39'), 'mag': 5.0}]",1
3331,2007-12-26 09:03:20.558,0,[],0
3332,2007-12-26 20:32:53.829,0,[],0
3333,2007-12-26 23:46:23.915,0,[],0
3334,2007-12-27 04:41:01.720,0,[],0
3335,2007-12-27 06:18:52.104,0,[],0
3336,2007-12-27 07:57:26.014,0,[],0
3337,2007-12-27 09:34:22.503,0,[],0
3338,2007-12-30 09:27:53.043,0,[],0
3339,2007-12-30 11:07:20.413,0,[],0
3340,2007-12-30 12:47:23.342,0,[],0
3341,2007-12-30 14:26:14.809,0,[],0
3342,2007-12-30 17:42:53.423,0,[],0
3343,2007-12-30 19:19:49.443,0,[],0
3344,2007-12-30 20:56:50.675,0,[],0
3345,2007-12-30 22:33:53.503,0,[],0
3346,2007-12-31 00:10:53.719,0,[],0
3347,2007-12-31 01:47:51.871,0,[],0
3348,2007-12-31 05:05:32.538,0,[],0
3349,2007-12-31 06:43:24.485,0,[],0
3350,2007-12-31 08:21:49.868,0,[],0
3351,2007-12-31 09:58:52.116,0,[],0
3352,2007-12-31 11:38:53.717,0,[],0
3353,2007-12-31 13:18:23.744,0,[],0
3354,2007-12-31 14:57:24.073,1,"[{'lat': -23.096, 'long': -70.439, 'Time': Timestamp('2008-01-02 08:42:29'), 'mag': 5.0}]",1
3355,2007-12-31 16:35:23.798,1,"[{'lat': 13.698, 'long': -90.798, 'Time': Timestamp('2007-12-31 22:00:29'), 'mag': 5.0}]",1
3356,2007-12-31 18:13:23.824,0,[],0
3357,2007-12-31 19:50:23.851,0,[],0
3358,2007-12-31 23:03:53.903,0,[],0
3359,2008-01-01 00:40:45.928,0,[],0
3360,2008-01-01 05:35:56.421,0,[],0
3361,2008-01-01 07:13:57.330,0,[],0
3362,2008-01-01 08:50:49.722,0,[],0
3363,2008-01-01 10:30:22.957,0,[],0
3364,2008-01-01 12:09:53.118,0,[],0
3365,2008-01-01 13:49:23.145,0,[],0
3366,2008-01-01 15:27:52.257,0,[],0
3367,2008-01-01 17:05:53.198,0,[],0
3368,2008-01-01 18:43:19.107,0,[],0
3369,2008-01-01 20:20:23.251,0,[],0
3370,2008-01-01 21:57:18.814,0,[],0
3371,2008-01-01 23:34:23.305,0,[],0
3372,2008-01-02 01:11:22.193,0,[],0
3373,2008-01-02 04:28:24.244,0,[],0
3374,2008-01-02 06:06:24.383,0,[],0
3375,2008-01-02 07:44:52.635,0,[],0
3376,2008-01-02 09:21:54.548,0,[],0
3377,2008-01-02 11:01:20.657,0,[],0
3378,2008-01-02 12:40:53.586,0,[],0
3379,2008-01-02 14:20:20.924,0,[],0
3380,2008-01-02 15:58:53.506,0,[],0
3381,2008-01-02 22:27:23.746,0,[],0
3382,2008-01-03 00:04:23.772,1,"[{'lat': -5.16, 'long': 152.066, 'Time': Timestamp('2008-01-03 10:58:17'), 'mag': 5.0}]",1
3383,2008-01-03 01:41:52.114,0,[],0
3384,2008-01-03 04:58:53.373,0,[],0
3385,2008-01-03 08:15:22.879,0,[],0
3386,2008-01-03 09:52:52.360,0,[],0
3387,2008-01-03 11:32:23.960,0,[],0
3388,2008-01-03 13:11:53.987,0,[],0
3389,2008-01-03 14:50:52.653,1,"[{'lat': -21.642, 'long': -68.631, 'Time': Timestamp('2008-01-04 01:26:31'), 'mag': 5.3}]",1
3390,2008-01-03 16:29:25.012,0,[],0
3391,2008-01-03 18:06:54.068,0,[],0
3392,2008-01-03 19:43:53.094,0,[],0
3393,2008-01-03 21:20:47.552,0,[],0
3394,2008-01-03 22:57:53.147,0,[],0
3395,2008-01-04 00:34:47.939,0,[],0
3396,2008-01-04 02:12:20.734,1,"[{'lat': 14.286, 'long': 124.604, 'Time': Timestamp('2008-01-05 06:02:26'), 'mag': 5.1}, {'lat': 14.233, 'long': 124.611, 'Time': Timestamp('2008-01-05 06:18:48'), 'mag': 5.1}, {'lat': 14.286, 'long': 124.604, 'Time': Timestamp('2008-01-05 06:02:26'), 'mag': 5.1}, {'lat': 14.233, 'long': 124.611, 'Time': Timestamp('2008-01-05 06:18:48'), 'mag': 5.1}]",4
3397,2008-01-04 05:29:32.182,0,[],0
3398,2008-01-04 07:07:52.923,0,[],0
3399,2008-01-04 08:46:24.502,0,[],0
3400,2008-01-04 10:23:54.528,0,[],0
3401,2008-01-04 12:03:23.361,0,[],0
3402,2008-01-04 13:42:53.388,0,[],0
3403,2008-01-04 16:59:53.442,0,[],0
3404,2008-01-04 18:37:23.469,0,[],0
3405,2008-01-04 20:14:23.495,0,[],0
3406,2008-01-04 23:27:53.548,0,[],0
3407,2008-01-05 01:05:21.109,0,[],0
3408,2008-01-05 04:22:25.816,0,[],0
3409,2008-01-05 06:00:24.626,0,[],0
3410,2008-01-05 07:38:22.878,0,[],0
3411,2008-01-05 09:15:24.791,0,[],0
3412,2008-01-05 10:54:50.833,0,[],0
3413,2008-01-05 12:34:53.763,0,[],0
3414,2008-01-05 14:13:53.789,0,[],0
3415,2008-01-05 15:52:19.028,0,[],0
3416,2008-01-05 17:30:23.843,0,[],0
3417,2008-01-05 19:07:53.870,0,[],0
3418,2008-01-05 23:58:23.949,0,[],0
3419,2008-01-06 04:52:59.096,0,[],0
3420,2008-01-06 06:30:52.137,0,[],0
3421,2008-01-06 08:09:24.712,0,[],0
3422,2008-01-06 09:46:20.208,0,[],0
3423,2008-01-06 11:26:23.137,0,[],0
3424,2008-01-06 13:05:53.164,0,[],0
3425,2008-01-06 14:44:51.718,0,[],0
3426,2008-01-06 19:37:50.816,0,[],0
3427,2008-01-06 21:14:50.496,0,[],0
3428,2008-01-06 22:51:53.324,0,[],0
3429,2008-01-07 00:28:45.348,0,[],0
3430,2008-01-07 03:45:25.145,0,[],0
3431,2008-01-07 05:23:22.951,0,[],0
3432,2008-01-07 07:01:24.429,0,[],0
3433,2008-01-07 08:38:21.798,0,[],0
3434,2008-01-07 10:17:21.937,0,[],0
3435,2008-01-07 11:57:23.538,0,[],0
3436,2008-01-07 13:36:53.565,0,[],0
3437,2008-01-07 15:15:51.237,0,[],0
3438,2008-01-07 16:53:53.619,1,"[{'lat': 15.024, 'long': -94.823, 'Time': Timestamp('2008-01-08 00:16:44'), 'mag': 5.0}]",1
3439,2008-01-07 18:31:23.646,0,[],0
3440,2008-01-07 20:08:23.672,1,"[{'lat': 51.649, 'long': -131.183, 'Time': Timestamp('2008-01-09 14:40:00'), 'mag': 6.1}, {'lat': 51.649, 'long': -131.183, 'Time': Timestamp('2008-01-09 14:40:00'), 'mag': 6.1}]",2
3441,2008-01-07 21:44:49.569,0,[],0
3442,2008-01-07 23:21:53.724,0,[],0
3443,2008-01-08 00:58:48.517,0,[],0
3444,2008-01-08 04:15:58.649,0,[],0
3445,2008-01-08 05:53:56.242,0,[],0
3446,2008-01-08 07:32:23.055,0,[],0
3447,2008-01-08 09:09:20.871,0,[],0
3448,2008-01-08 10:48:49.794,0,[],0
3449,2008-01-08 12:28:23.939,0,[],0
3450,2008-01-08 14:07:54.927,0,[],0
3451,2008-01-08 15:46:19.094,0,[],0
3452,2008-01-08 17:24:24.020,0,[],0
3453,2008-01-08 19:01:24.046,0,[],0
3454,2008-01-08 20:38:25.368,0,[],0
3455,2008-01-08 22:15:21.292,1,"[{'lat': -16.486, 'long': 177.913, 'Time': Timestamp('2008-01-09 14:00:18'), 'mag': 5.0}, {'lat': -16.486, 'long': 177.913, 'Time': Timestamp('2008-01-09 14:00:18'), 'mag': 5.0}]",2
3456,2008-01-08 23:52:23.126,0,[],0
3457,2008-01-09 01:29:20.139,0,[],0
3458,2008-01-09 09:40:20.488,0,[],0
3459,2008-01-09 11:19:53.416,0,[],0
3460,2008-01-09 12:59:23.444,0,[],0
3461,2008-01-09 14:38:21.886,0,[],0
3462,2008-01-09 19:31:51.095,1,"[{'lat': 43.785, 'long': -127.264, 'Time': Timestamp('2008-01-10 01:37:19'), 'mag': 6.3}]",1
3463,2008-01-09 21:05:54.993,0,[],0
3464,2008-01-09 22:45:23.603,0,[],0
3465,2008-01-10 00:22:21.052,0,[],0
3466,2008-01-10 01:59:48.310,0,[],0
3467,2008-01-10 03:39:24.543,0,[],0
3468,2008-01-10 05:17:32.639,0,[],0
3469,2008-01-10 06:55:28.804,0,[],0
3470,2008-01-10 08:33:52.737,0,[],0
3471,2008-01-10 10:11:20.889,0,[],0
3472,2008-01-10 11:50:53.817,0,[],0
3473,2008-01-10 13:30:23.845,0,[],0
3474,2008-01-10 15:09:22.845,0,[],0
3475,2008-01-10 16:47:23.898,0,[],0
3476,2008-01-10 18:24:53.925,0,[],0
3477,2008-01-10 20:01:53.951,0,[],0
3478,2008-01-10 21:37:52.170,0,[],0
3479,2008-01-10 23:15:54.004,0,[],0
3480,2008-01-11 00:52:51.353,0,[],0
3481,2008-01-11 05:47:54.194,0,[],0
3482,2008-01-11 07:25:56.431,0,[],0
3483,2008-01-11 09:02:50.151,0,[],0
3484,2008-01-11 10:42:18.962,0,[],0
3485,2008-01-11 12:21:53.219,0,[],0
3486,2008-01-11 14:01:23.246,0,[],0
3487,2008-01-11 15:39:52.470,0,[],0
3488,2008-01-11 17:17:53.300,0,[],0
3489,2008-01-11 18:55:23.304,0,[],0
3490,2008-01-11 20:29:20.785,0,[],0
3491,2008-01-11 22:08:24.451,0,[],0
3492,2008-01-11 23:45:53.405,0,[],0
3493,2008-01-12 01:23:17.763,0,[],0
3494,2008-01-12 04:40:31.209,0,[],0
3495,2008-01-12 06:18:26.247,1,"[{'lat': -35.4, 'long': 53.878, 'Time': Timestamp('2008-01-14 01:20:02'), 'mag': 5.4}, {'lat': -35.4, 'long': 53.878, 'Time': Timestamp('2008-01-14 01:20:02'), 'mag': 5.4}]",2
3496,2008-01-12 07:56:50.962,0,[],0
3497,2008-01-12 09:33:53.320,0,[],0
3498,2008-01-12 11:13:20.691,0,[],0
3499,2008-01-12 12:53:23.620,0,[],0
3500,2008-01-12 14:32:19.406,0,[],0
3501,2008-01-12 16:10:51.877,0,[],0
3502,2008-01-12 17:48:23.700,0,[],0
3503,2008-01-12 21:01:25.282,0,[],0
3504,2008-01-12 22:39:23.780,0,[],0
3505,2008-01-13 00:16:23.806,0,[],0
3506,2008-01-13 01:53:51.590,0,[],0
3507,2008-01-13 05:10:57.504,0,[],0
3508,2008-01-13 06:48:53.556,0,[],0
3509,2008-01-13 08:25:54.130,0,[],0
3510,2008-01-13 10:04:52.394,0,[],0
3511,2008-01-13 11:44:53.995,0,[],0
3512,2008-01-13 13:24:24.021,0,[],0
3513,2008-01-13 15:03:21.694,0,[],0
3514,2008-01-13 21:31:55.443,0,[],0
3515,2008-01-13 23:09:53.181,0,[],0
3516,2008-01-14 00:46:47.974,0,[],0
3517,2008-01-14 05:41:25.699,0,[],0
3518,2008-01-14 07:19:56.607,0,[],0
3519,2008-01-14 08:56:20.328,0,[],0
3520,2008-01-14 10:35:50.467,0,[],0
3521,2008-01-14 12:15:53.395,0,[],0
3522,2008-01-14 13:55:23.423,0,[],0
3523,2008-01-14 15:33:51.207,0,[],0
3524,2008-01-14 17:11:53.476,0,[],0
3525,2008-01-14 18:49:19.385,0,[],0
3526,2008-01-14 20:25:53.529,0,[],0
3527,2008-01-14 22:01:54.627,1,"[{'lat': -23.674, 'long': -179.88, 'Time': Timestamp('2008-01-15 15:28:16'), 'mag': 5.0}, {'lat': -21.984, 'long': -179.535, 'Time': Timestamp('2008-01-15 17:52:15'), 'mag': 6.5}, {'lat': -21.998, 'long': -179.475, 'Time': Timestamp('2008-01-15 18:00:56'), 'mag': 5.2}, {'lat': -21.85, 'long': -179.543, 'Time': Timestamp('2008-01-16 20:11:51'), 'mag': 5.0}]",4
3528,2008-01-14 23:39:53.583,0,[],0
3529,2008-01-15 01:16:51.142,0,[],0
3530,2008-01-15 04:34:23.194,0,[],0
3531,2008-01-15 06:12:25.988,0,[],0
3532,2008-01-15 07:50:25.234,0,[],0
3533,2008-01-15 09:27:19.401,0,[],0
3534,2008-01-15 11:07:23.636,0,[],0
3535,2008-01-15 12:46:53.797,0,[],0
3536,2008-01-15 14:25:45.264,0,[],0
3537,2008-01-15 17:42:23.877,0,[],0
3538,2008-01-15 19:19:19.898,0,[],0
3539,2008-01-15 20:53:21.251,0,[],0
3540,2008-01-15 22:33:23.957,0,[],0
3541,2008-01-16 00:10:24.173,0,[],0
3542,2008-01-16 01:47:22.325,0,[],0
3543,2008-01-16 03:26:54.338,0,[],0
3544,2008-01-16 05:05:02.993,1,"[{'lat': 32.331, 'long': 85.158, 'Time': Timestamp('2008-01-16 11:54:44'), 'mag': 5.9}]",1
3545,2008-01-16 06:42:55.390,1,"[{'lat': 9.894, 'long': 57.405, 'Time': Timestamp('2008-01-18 05:27:06'), 'mag': 5.0}, {'lat': 9.894, 'long': 57.405, 'Time': Timestamp('2008-01-18 05:27:06'), 'mag': 5.0}]",2
3546,2008-01-16 08:21:19.323,0,[],0
3547,2008-01-16 09:58:21.678,0,[],0
3548,2008-01-16 11:38:23.278,0,[],0
3549,2008-01-16 13:17:53.306,0,[],0
3550,2008-01-16 14:56:49.538,0,[],0
3551,2008-01-16 19:49:53.725,0,[],0
3552,2008-01-16 21:25:21.631,0,[],0
3553,2008-01-16 23:03:23.465,0,[],0
3554,2008-01-17 00:40:15.490,1,"[{'lat': 52.876, 'long': 159.402, 'Time': Timestamp('2008-01-17 15:39:14'), 'mag': 5.1}]",1
3555,2008-01-17 05:35:25.984,0,[],0
3556,2008-01-17 07:13:26.892,0,[],0
3557,2008-01-17 08:50:23.626,0,[],0
3558,2008-01-17 10:29:53.519,0,[],0
3559,2008-01-17 12:09:23.680,0,[],0
3560,2008-01-17 13:48:53.707,0,[],0
3561,2008-01-17 15:27:26.915,0,[],0
3562,2008-01-17 17:05:53.761,0,[],0
3563,2008-01-17 18:42:49.669,0,[],0
3564,2008-01-17 20:19:53.814,0,[],0
3565,2008-01-17 21:55:49.265,1,"[{'lat': -20.963, 'long': -179.149, 'Time': Timestamp('2008-01-18 19:31:12'), 'mag': 5.5}, {'lat': -22.121, 'long': -178.326, 'Time': Timestamp('2008-01-19 13:45:22'), 'mag': 5.2}]",2
3566,2008-01-17 23:33:53.867,0,[],0
3567,2008-01-18 01:10:52.755,1,"[{'lat': 11.541, 'long': 141.308, 'Time': Timestamp('2008-01-18 22:21:49'), 'mag': 5.0}]",1
3568,2008-01-18 04:27:54.806,0,[],0
3569,2008-01-18 06:05:54.945,0,[],0
3570,2008-01-18 07:44:23.197,0,[],0
3571,2008-01-18 09:21:21.014,0,[],0
3572,2008-01-18 11:00:51.152,1,"[{'lat': -59.332, 'long': -23.506, 'Time': Timestamp('2008-01-20 05:13:21'), 'mag': 5.1}]",1
3573,2008-01-18 12:40:23.081,0,[],0
3574,2008-01-18 14:19:50.419,0,[],0
3575,2008-01-18 15:58:21.339,0,[],0
3576,2008-01-18 17:35:53.162,0,[],0
3577,2008-01-18 19:13:23.188,0,[],0
3578,2008-01-18 22:26:52.650,1,"[{'lat': -44.92, 'long': 166.98, 'Time': Timestamp('2008-01-20 18:41:47'), 'mag': 5.5}]",1
3579,2008-01-19 00:03:53.268,0,[],0
3580,2008-01-19 01:41:21.609,0,[],0
3581,2008-01-19 06:36:26.254,0,[],0
3582,2008-01-19 08:14:50.935,0,[],0
3583,2008-01-19 09:52:21.854,0,[],0
3584,2008-01-19 11:31:53.456,0,[],0
3585,2008-01-19 13:11:23.482,0,[],0
3586,2008-01-19 14:50:22.148,0,[],0
3587,2008-01-19 16:28:53.536,0,[],0
3588,2008-01-19 18:06:23.563,0,[],0
3589,2008-01-19 19:43:23.589,0,[],0
3590,2008-01-19 21:19:25.904,0,[],0
3591,2008-01-19 22:57:23.643,0,[],0
3592,2008-01-20 00:34:18.434,0,[],0
3593,2008-01-20 02:11:55.325,0,[],0
3594,2008-01-20 05:29:02.678,0,[],0
3595,2008-01-20 07:07:23.419,0,[],0
3596,2008-01-20 08:45:54.997,0,[],0
3597,2008-01-20 10:23:25.023,0,[],0
3598,2008-01-20 12:02:53.857,0,[],0
3599,2008-01-20 13:42:23.883,0,[],0
3600,2008-01-20 15:21:22.996,0,[],0
3601,2008-01-20 20:13:53.991,0,[],0
3602,2008-01-20 21:49:57.857,1,"[{'lat': -14.726, 'long': -175.583, 'Time': Timestamp('2008-01-22 06:28:28'), 'mag': 5.2}, {'lat': -16.421, 'long': -173.617, 'Time': Timestamp('2008-01-22 00:09:32'), 'mag': 5.3}, {'lat': -14.726, 'long': -175.583, 'Time': Timestamp('2008-01-22 06:28:28'), 'mag': 5.2}, {'lat': -15.277, 'long': -175.348, 'Time': Timestamp('2008-01-22 07:55:48'), 'mag': 6.0}, {'lat': -15.419, 'long': -175.589, 'Time': Timestamp('2008-01-22 10:49:21'), 'mag': 6.1}]",5
3603,2008-01-20 23:27:24.043,0,[],0
3604,2008-01-21 01:04:51.604,0,[],0
3605,2008-01-21 04:21:55.312,0,[],0
3606,2008-01-21 05:59:54.121,0,[],0
3607,2008-01-21 07:37:52.373,0,[],0
3608,2008-01-21 09:14:50.191,0,[],0
3609,2008-01-21 10:54:24.425,0,[],0
3610,2008-01-21 12:34:23.258,0,[],0
3611,2008-01-21 14:13:23.285,0,[],0
3612,2008-01-21 15:51:52.621,0,[],0
3613,2008-01-21 17:29:53.338,0,[],0
3614,2008-01-21 19:07:23.365,1,"[{'lat': -60.25, 'long': -151.25, 'Time': Timestamp('2008-01-23 13:00:32'), 'mag': 5.0}]",1
3615,2008-01-21 20:43:50.936,0,[],0
3616,2008-01-21 22:20:53.050,1,"[{'lat': -22.56, 'long': 173.209, 'Time': Timestamp('2008-01-23 06:13:31'), 'mag': 5.3}]",1
3617,2008-01-21 23:57:53.445,0,[],0
3618,2008-01-22 01:35:20.458,0,[],0
3619,2008-01-22 03:14:26.021,0,[],0
3620,2008-01-22 04:52:23.056,0,[],0
3621,2008-01-22 06:30:24.746,0,[],0
3622,2008-01-22 08:08:51.112,0,[],0
3623,2008-01-22 09:45:46.607,0,[],0
3624,2008-01-22 11:25:53.632,0,[],0
3625,2008-01-22 13:05:23.659,0,[],0
3626,2008-01-22 14:44:22.213,0,[],0
3627,2008-01-22 16:22:53.713,0,[],0
3628,2008-01-22 18:00:23.740,0,[],0
3629,2008-01-22 19:37:23.766,0,[],0
3630,2008-01-22 22:51:23.819,0,[],0
3631,2008-01-23 00:28:15.844,1,"[{'lat': -6.026, 'long': 146.619, 'Time': Timestamp('2008-01-24 22:29:53'), 'mag': 5.9}]",1
3632,2008-01-23 03:44:55.641,1,"[{'lat': -2.83, 'long': 101.224, 'Time': Timestamp('2008-01-23 19:23:34'), 'mag': 5.0}]",1
3633,2008-01-23 05:22:53.446,0,[],0
3634,2008-01-23 07:00:54.924,0,[],0
3635,2008-01-23 08:37:52.294,0,[],0
3636,2008-01-23 10:16:52.433,0,[],0
3637,2008-01-23 11:56:54.033,0,[],0
3638,2008-01-23 13:36:23.169,0,[],0
3639,2008-01-23 15:15:20.842,0,[],0
3640,2008-01-23 16:53:23.222,0,[],0
3641,2008-01-23 18:30:53.249,0,[],0
3642,2008-01-23 20:07:53.276,0,[],0
3643,2008-01-23 21:44:21.606,0,[],0
3644,2008-01-23 23:21:23.328,0,[],0
3645,2008-01-24 00:58:18.121,0,[],0
3646,2008-01-24 04:15:28.252,0,[],0
3647,2008-01-24 05:53:25.846,0,[],0
3648,2008-01-24 07:31:52.659,0,[],0
3649,2008-01-24 09:08:50.476,0,[],0
3650,2008-01-24 10:48:19.398,0,[],0
3651,2008-01-24 12:27:53.543,0,[],0
3652,2008-01-24 14:07:24.530,0,[],0
3653,2008-01-24 15:45:52.794,0,[],0
3654,2008-01-24 17:23:53.624,0,[],0
3655,2008-01-24 19:00:53.651,0,[],0
3656,2008-01-24 20:37:55.965,0,[],0
3657,2008-01-24 22:14:51.896,0,[],0
3658,2008-01-24 23:51:53.729,0,[],0
3659,2008-01-25 01:28:50.743,0,[],0
3660,2008-01-25 04:46:23.342,0,[],0
3661,2008-01-25 06:24:22.475,0,[],0
3662,2008-01-25 08:02:54.053,0,[],0
3663,2008-01-25 09:39:50.989,0,[],0
3664,2008-01-25 11:19:23.917,0,[],0
3665,2008-01-25 12:58:53.945,0,[],0
3666,2008-01-25 14:38:21.059,0,[],0
3667,2008-01-25 16:16:23.998,0,[],0
3668,2008-01-25 17:54:24.025,0,[],0
3669,2008-01-25 19:31:24.052,0,[],0
3670,2008-01-25 21:08:25.366,0,[],0
3671,2008-01-25 22:44:53.104,0,[],0
3672,2008-01-26 00:21:50.553,0,[],0
3673,2008-01-26 01:59:17.811,0,[],0
3674,2008-01-26 03:38:54.044,0,[],0
3675,2008-01-26 05:17:02.140,0,[],0
3676,2008-01-26 06:54:58.305,0,[],0
3677,2008-01-26 08:33:22.238,0,[],0
3678,2008-01-26 10:10:50.390,0,[],0
3679,2008-01-26 11:50:23.319,0,[],0
3680,2008-01-26 13:29:53.345,0,[],0
3681,2008-01-26 15:08:52.346,0,[],0
3682,2008-01-26 16:46:53.400,0,[],0
3683,2008-01-26 18:24:23.426,0,[],0
3684,2008-01-26 20:01:23.452,0,[],0
3685,2008-01-26 21:37:18.903,1,"[{'lat': -27.897, 'long': -176.451, 'Time': Timestamp('2008-01-28 10:31:26'), 'mag': 5.2}]",1
3686,2008-01-26 23:15:23.505,0,[],0
3687,2008-01-27 00:52:20.854,1,"[{'lat': 49.666, 'long': 155.859, 'Time': Timestamp('2008-01-28 04:05:13'), 'mag': 5.0}, {'lat': 49.666, 'long': 155.859, 'Time': Timestamp('2008-01-28 04:05:13'), 'mag': 5.0}]",2
3688,2008-01-27 05:47:26.023,0,[],0
3689,2008-01-27 07:25:26.931,0,[],0
3690,2008-01-27 09:02:21.980,0,[],0
3691,2008-01-27 10:41:49.463,0,[],0
3692,2008-01-27 12:21:23.719,0,[],0
3693,2008-01-27 14:00:53.747,0,[],0
3694,2008-01-27 15:39:55.738,0,[],0
3695,2008-01-27 20:31:50.717,0,[],0
3696,2008-01-27 22:08:52.072,0,[],0
3697,2008-01-27 23:45:53.906,0,[],0
3698,2008-01-28 01:22:48.264,0,[],0
3699,2008-01-28 04:40:01.710,0,[],0
3700,2008-01-28 06:17:56.748,0,[],0
3701,2008-01-28 07:56:21.463,0,[],0
3702,2008-01-28 09:33:23.821,0,[],0
3703,2008-01-28 11:12:50.192,0,[],0
3704,2008-01-28 12:52:53.121,0,[],0
3705,2008-01-28 14:31:51.564,1,"[{'lat': -42.68, 'long': -74.049, 'Time': Timestamp('2008-01-30 10:29:23'), 'mag': 5.0}]",1
3706,2008-01-28 16:10:21.378,0,[],0
3707,2008-01-28 17:47:53.202,0,[],0
3708,2008-01-28 19:25:19.333,0,[],0
3709,2008-02-02 08:49:50.321,0,[],0
3710,2008-02-02 10:29:24.557,0,[],0
3711,2008-02-02 12:08:53.389,0,[],0
3712,2008-02-02 13:48:23.417,0,[],0
3713,2008-02-02 15:27:21.201,0,[],0
3714,2008-02-02 17:05:23.470,0,[],0
3715,2008-02-02 18:42:53.497,0,[],0
3716,2008-02-02 20:19:23.523,0,[],0
3717,2008-02-02 21:55:24.621,1,"[{'lat': -28.126, 'long': -176.329, 'Time': Timestamp('2008-02-03 07:04:14'), 'mag': 5.0}]",1
3718,2008-02-02 23:33:23.576,0,[],0
3719,2008-02-03 01:10:18.368,0,[],0
3720,2008-02-03 04:27:24.516,0,[],0
3721,2008-02-03 06:05:28.750,0,[],0
3722,2008-02-03 07:43:52.906,1,"[{'lat': -21.32, 'long': 33.09, 'Time': Timestamp('2008-02-03 11:12:12'), 'mag': 5.1}]",1
3723,2008-02-03 09:20:50.723,0,[],0
3724,2008-02-03 11:00:20.862,0,[],0
3725,2008-02-03 12:40:23.790,0,[],0
3726,2008-02-03 14:19:21.128,0,[],0
3727,2008-02-03 15:57:53.376,0,[],0
3728,2008-02-03 20:46:51.245,0,[],0
3729,2008-02-03 22:26:54.911,0,[],0
3730,2008-02-04 00:03:53.977,0,[],0
3731,2008-02-04 01:40:52.318,0,[],0
3732,2008-02-04 04:58:23.578,0,[],0
3733,2008-02-04 06:36:25.964,0,[],0
3734,2008-02-04 08:14:49.317,0,[],0
3735,2008-02-04 09:51:51.564,0,[],0
3736,2008-02-04 11:31:23.164,0,[],0
3737,2008-02-04 13:11:23.192,1,"[{'lat': 50.142, 'long': -28.905, 'Time': Timestamp('2008-02-06 07:33:22'), 'mag': 5.0}]",1
3738,2008-02-04 14:50:21.858,1,"[{'lat': -20.166, 'long': -70.037, 'Time': Timestamp('2008-02-04 17:01:29'), 'mag': 6.3}, {'lat': -20.166, 'long': -70.037, 'Time': Timestamp('2008-02-04 17:01:29'), 'mag': 6.3}]",2
3739,2008-02-04 16:28:23.246,0,[],0
3740,2008-02-04 18:06:23.273,0,[],0
3741,2008-02-04 19:43:23.299,0,[],0
3742,2008-02-04 21:18:55.613,0,[],0
3743,2008-02-04 22:56:53.351,0,[],0
3744,2008-02-05 00:33:45.376,0,[],0
3745,2008-02-05 05:28:55.870,0,[],0
3746,2008-02-05 07:06:54.456,0,[],0
3747,2008-02-05 08:43:50.499,0,[],0
3748,2008-02-05 10:22:54.733,0,[],0
3749,2008-02-05 12:02:53.566,0,[],0
3750,2008-02-05 13:42:23.594,0,[],0
3751,2008-02-05 15:20:54.034,0,[],0
3752,2008-02-05 16:58:53.647,0,[],0
3753,2008-02-05 18:36:23.673,0,[],0
3754,2008-02-05 20:13:23.700,0,[],0
3755,2008-02-05 21:49:24.798,0,[],0
3756,2008-02-05 23:27:23.753,0,[],0
3757,2008-02-06 01:04:22.641,1,"[{'lat': 17.558, 'long': 144.922, 'Time': Timestamp('2008-02-07 23:16:41'), 'mag': 5.3}]",1
3758,2008-02-06 04:21:23.253,0,[],0
3759,2008-02-06 05:59:24.831,1,"[{'lat': -12.051, 'long': 65.706, 'Time': Timestamp('2008-02-07 05:45:29'), 'mag': 5.0}]",1
3760,2008-02-06 07:37:55.851,0,[],0
3761,2008-02-06 09:14:50.900,0,[],0
3762,2008-02-06 10:54:21.039,1,"[{'lat': -24.759, 'long': -13.306, 'Time': Timestamp('2008-02-06 16:10:34'), 'mag': 5.1}]",1
3763,2008-02-06 12:33:53.967,0,[],0
3764,2008-02-06 14:13:24.064,0,[],0
3765,2008-02-06 15:51:52.438,0,[],0
3766,2008-02-06 20:40:54.627,0,[],0
3767,2008-02-06 22:20:22.868,0,[],0
3768,2008-02-06 23:57:23.263,0,[],0
3769,2008-02-07 01:34:50.276,0,[],0
3770,2008-02-07 04:51:58.288,0,[],0
3771,2008-02-07 06:29:51.797,0,[],0
3772,2008-02-07 08:08:16.834,0,[],0
3773,2008-02-07 09:45:50.522,0,[],0
3774,2008-02-07 11:25:23.451,0,[],0
3775,2008-02-07 13:04:53.478,0,[],0
3776,2008-02-07 14:43:52.032,0,[],0
3777,2008-02-07 16:22:23.531,0,[],0
3778,2008-02-07 17:59:53.558,0,[],0
3779,2008-02-07 19:36:53.584,0,[],0
3780,2008-02-07 21:12:53.131,0,[],0
3781,2008-02-07 22:50:53.638,0,[],0
3782,2008-02-08 00:27:49.758,0,[],0
3783,2008-02-08 02:05:21.224,1,"[{'lat': -0.122, 'long': 124.368, 'Time': Timestamp('2008-02-09 14:37:49'), 'mag': 5.1}, {'lat': -0.236, 'long': 125.084, 'Time': Timestamp('2008-02-09 18:34:01'), 'mag': 6.0}, {'lat': -0.122, 'long': 124.368, 'Time': Timestamp('2008-02-09 14:37:49'), 'mag': 5.1}, {'lat': -0.236, 'long': 125.084, 'Time': Timestamp('2008-02-09 18:34:01'), 'mag': 6.0}]",4
3784,2008-02-08 05:22:27.361,0,[],0
3785,2008-02-08 07:00:53.414,0,[],0
3786,2008-02-08 08:39:24.993,0,[],0
3787,2008-02-08 10:16:55.019,0,[],0
3788,2008-02-08 11:56:23.852,0,[],0
3789,2008-02-08 13:35:53.879,0,[],0
3790,2008-02-08 15:14:51.552,0,[],0
3791,2008-02-08 16:52:53.933,0,[],0
3792,2008-02-08 18:30:19.841,1,"[{'lat': 32.3595, 'long': -115.2773333, 'Time': Timestamp('2008-02-09 07:12:04'), 'mag': 5.1}]",1
3793,2008-02-08 20:07:23.986,0,[],0
3794,2008-02-08 21:43:25.084,0,[],0
3795,2008-02-08 23:21:24.039,0,[],0
3796,2008-02-09 00:58:21.599,0,[],0
3797,2008-02-09 05:53:24.228,0,[],0
3798,2008-02-09 07:31:22.369,0,[],0
3799,2008-02-09 09:08:20.185,0,[],0
3800,2008-02-09 10:47:50.324,0,[],0
3801,2008-02-09 12:27:23.253,0,[],0
3802,2008-02-09 14:06:51.473,0,[],0
3803,2008-02-09 15:45:22.504,1,"[{'lat': 5.582, 'long': -77.961, 'Time': Timestamp('2008-02-10 07:36:05'), 'mag': 5.0}]",1
3804,2008-02-09 17:23:23.334,0,[],0
3805,2008-02-09 19:00:47.914,0,[],0
3806,2008-02-09 20:34:53.476,0,[],0
3807,2008-02-09 22:13:24.374,1,"[{'lat': -16.086, 'long': 177.35, 'Time': Timestamp('2008-02-11 16:36:59'), 'mag': 5.2}]",1
3808,2008-02-09 23:51:23.440,0,[],0
3809,2008-02-10 01:28:49.125,0,[],0
3810,2008-02-10 04:45:53.051,0,[],0
3811,2008-02-10 06:23:56.282,0,[],0
3812,2008-02-10 08:02:25.538,0,[],0
3813,2008-02-10 09:39:16.602,0,[],0
3814,2008-02-10 11:18:53.628,0,[],0
3815,2008-02-10 12:58:53.654,1,"[{'lat': -59.898, 'long': -58.39, 'Time': Timestamp('2008-02-11 07:00:39'), 'mag': 5.2}]",1
3816,2008-02-10 14:37:54.865,0,[],0
3817,2008-02-10 19:30:51.307,0,[],0
3818,2008-02-10 21:07:45.005,0,[],0
3819,2008-02-10 22:44:53.815,0,[],0
3820,2008-02-11 00:21:54.031,0,[],0
3821,2008-02-11 03:38:24.754,1,"[{'lat': -3.008, 'long': 101.21, 'Time': Timestamp('2008-02-12 01:29:40'), 'mag': 5.5}]",1
3822,2008-02-11 05:16:23.442,0,[],0
3823,2008-02-11 06:54:29.015,0,[],0
3824,2008-02-11 08:31:22.837,0,[],0
3825,2008-02-11 10:10:22.428,0,[],0
3826,2008-02-11 11:50:24.029,0,[],0
3827,2008-02-11 13:29:54.056,0,[],0
3828,2008-02-11 15:08:54.824,1,"[{'lat': -15.311, 'long': -72.269, 'Time': Timestamp('2008-02-13 04:53:25'), 'mag': 5.2}]",1
3829,2008-02-11 16:46:53.109,0,[],0
3830,2008-02-11 18:24:23.136,0,[],0
3831,2008-02-11 20:01:23.162,0,[],0
3832,2008-02-11 21:37:25.477,0,[],0
3833,2008-02-11 23:14:53.215,0,[],0
3834,2008-02-12 00:52:20.776,0,[],0
3835,2008-02-12 05:46:55.734,1,"[{'lat': -12.155, 'long': 65.691, 'Time': Timestamp('2008-02-13 08:43:45'), 'mag': 5.0}, {'lat': -12.155, 'long': 65.691, 'Time': Timestamp('2008-02-13 08:43:45'), 'mag': 5.0}]",2
3836,2008-02-12 07:25:26.642,0,[],0
3837,2008-02-12 09:02:20.363,1,"[{'lat': -54.423, 'long': 5.352, 'Time': Timestamp('2008-02-14 07:33:16'), 'mag': 5.1}]",1
3838,2008-02-12 10:41:49.173,0,[],0
3839,2008-02-12 14:00:53.458,0,[],0
3840,2008-02-12 15:39:22.681,0,[],0
3841,2008-02-12 18:54:20.747,0,[],0
3842,2008-02-12 20:31:23.564,0,[],0
3843,2008-02-12 22:08:22.006,0,[],0
3844,2008-02-12 23:45:23.617,0,[],0
3845,2008-02-13 01:22:19.302,0,[],0
3846,2008-02-13 04:39:53.228,0,[],0
3847,2008-02-13 06:17:56.459,0,[],0
3848,2008-02-13 07:55:51.172,0,[],0
3849,2008-02-13 09:33:22.312,1,"[{'lat': 36.501, 'long': 21.67, 'Time': Timestamp('2008-02-14 10:09:22'), 'mag': 6.9}, {'lat': 36.345, 'long': 21.863, 'Time': Timestamp('2008-02-14 12:08:55'), 'mag': 6.5}]",2
3850,2008-02-13 11:12:53.779,0,[],0
3851,2008-02-13 12:52:23.939,0,[],0
3852,2008-02-13 14:31:53.710,0,[],0
3853,2008-02-13 19:24:50.152,0,[],0
3854,2008-02-13 21:01:51.265,0,[],0
3855,2008-02-13 22:38:53.099,0,[],0
3856,2008-02-14 00:15:53.126,0,[],0
3857,2008-02-14 03:32:22.153,0,[],0
3858,2008-02-14 05:10:32.135,0,[],0
3859,2008-02-14 06:48:21.548,0,[],0
3860,2008-02-14 08:26:53.561,1,"[{'lat': 33.327, 'long': 35.305, 'Time': Timestamp('2008-02-15 10:36:19'), 'mag': 5.1}]",1
3861,2008-02-14 10:04:20.385,0,[],0
3862,2008-02-14 11:43:53.314,0,[],0
3863,2008-02-14 13:23:23.341,0,[],0
3864,2008-02-14 15:02:22.341,0,[],0
3865,2008-02-14 16:40:53.394,0,[],0
3866,2008-02-14 18:18:23.421,0,[],0
3867,2008-02-14 19:55:23.447,0,[],0
3868,2008-02-14 21:30:55.650,0,[],0
3869,2008-02-14 23:08:53.501,0,[],0
3870,2008-02-15 00:45:45.525,0,[],0
3871,2008-02-15 04:02:57.096,0,[],0
3872,2008-02-15 05:40:56.018,1,"[{'lat': -16.116, 'long': 67.547, 'Time': Timestamp('2008-02-17 01:31:21'), 'mag': 5.4}]",1
3873,2008-02-15 07:19:26.927,0,[],0
3874,2008-02-15 08:55:50.647,0,[],0
3875,2008-02-15 10:35:20.786,0,[],0
3876,2008-02-15 12:15:23.715,0,[],0
3877,2008-02-15 13:54:23.742,0,[],0
3878,2008-02-15 15:33:21.526,0,[],0
3879,2008-02-15 17:11:23.795,0,[],0
3880,2008-02-15 18:48:19.704,0,[],0
3881,2008-02-15 20:25:17.945,0,[],0
3882,2008-02-15 22:02:20.740,0,[],0
3883,2008-02-15 23:39:23.902,0,[],0
3884,2008-02-16 01:16:21.462,0,[],0
3885,2008-02-16 04:33:31.705,0,[],0
3886,2008-02-16 06:11:26.308,0,[],0
3887,2008-02-16 07:49:55.553,0,[],0
3888,2008-02-16 09:26:53.816,0,[],0
3889,2008-02-16 11:06:20.187,0,[],0
3890,2008-02-16 12:46:23.116,0,[],0
3891,2008-02-16 16:03:50.603,0,[],0
3892,2008-02-16 17:41:53.197,0,[],0
3893,2008-02-16 19:18:47.889,0,[],0
3894,2008-02-16 20:55:55.538,0,[],0
3895,2008-02-16 22:32:53.277,1,"[{'lat': 52.334, 'long': -168.662, 'Time': Timestamp('2008-02-17 05:46:41'), 'mag': 5.0}, {'lat': 52.334, 'long': -168.662, 'Time': Timestamp('2008-02-17 05:46:41'), 'mag': 5.0}, {'lat': -21.619, 'long': 170.372, 'Time': Timestamp('2008-02-18 09:54:23'), 'mag': 5.3}]",3
3896,2008-02-17 00:09:53.303,0,[],0
3897,2008-02-17 01:46:51.644,1,"[{'lat': -7.589, 'long': 127.669, 'Time': Timestamp('2008-02-17 19:28:50'), 'mag': 5.3}, {'lat': -7.589, 'long': 127.669, 'Time': Timestamp('2008-02-17 19:28:50'), 'mag': 5.3}]",2
3898,2008-02-17 05:04:32.312,0,[],0
3899,2008-02-17 06:42:25.709,0,[],0
3900,2008-02-17 08:20:53.738,0,[],0
3901,2008-02-17 09:57:51.890,0,[],0
3902,2008-02-17 11:37:53.491,0,[],0
3903,2008-02-17 13:17:23.517,0,[],0
3904,2008-02-17 14:56:19.750,0,[],0
3905,2008-02-17 19:49:23.937,0,[],0
3906,2008-02-17 21:24:55.828,0,[],0
3907,2008-02-17 23:02:53.677,0,[],0
3908,2008-02-18 00:39:45.701,0,[],0
3909,2008-02-18 05:34:54.867,0,[],0
3910,2008-02-18 07:12:57.103,0,[],0
3911,2008-02-18 08:49:49.496,0,[],0
3912,2008-02-18 10:29:23.731,0,[],0
3913,2008-02-18 12:08:53.892,0,[],0
3914,2008-02-18 13:48:23.919,0,[],0
3915,2008-02-18 15:26:57.126,0,[],0
3916,2008-02-18 17:04:53.973,0,[],0
3917,2008-02-18 18:42:19.881,1,"[{'lat': 32.4325, 'long': -115.313, 'Time': Timestamp('2008-02-19 22:41:29'), 'mag': 5.01}]",1
3918,2008-02-18 20:19:20.889,0,[],0
3919,2008-02-18 21:56:15.492,1,"[{'lat': -35.747, 'long': 178.259, 'Time': Timestamp('2008-02-19 09:26:08'), 'mag': 5.1}, {'lat': -35.664, 'long': 178.36, 'Time': Timestamp('2008-02-19 11:51:59'), 'mag': 5.1}]",2
3920,2008-02-18 23:33:24.078,1,"[{'lat': -10.095, 'long': 161.437, 'Time': Timestamp('2008-02-20 11:51:11'), 'mag': 5.0}]",1
3921,2008-02-19 01:10:21.966,0,[],0
3922,2008-02-19 04:27:24.018,0,[],0
3923,2008-02-19 06:05:24.157,0,[],0
3924,2008-02-19 07:43:52.409,0,[],0
3925,2008-02-19 09:20:50.226,1,"[{'lat': 36.19, 'long': 21.77, 'Time': Timestamp('2008-02-19 23:15:40'), 'mag': 5.3}, {'lat': 36.288, 'long': 21.775, 'Time': Timestamp('2008-02-20 18:27:06'), 'mag': 6.2}]",2
3926,2008-02-19 11:00:20.364,0,[],0
3927,2008-02-19 12:39:53.293,1,"[{'lat': -53.033, 'long': -46.619, 'Time': Timestamp('2008-02-20 02:12:39'), 'mag': 5.1}, {'lat': -52.917, 'long': -46.492, 'Time': Timestamp('2008-02-20 12:11:20'), 'mag': 5.5}, {'lat': -53.015, 'long': -46.542, 'Time': Timestamp('2008-02-20 12:49:44'), 'mag': 5.6}]",3
3928,2008-02-19 14:19:20.631,0,[],0
3929,2008-02-19 15:57:51.551,0,[],0
3930,2008-02-19 17:35:23.373,0,[],0
3931,2008-02-19 19:12:53.400,0,[],0
3932,2008-02-19 20:49:51.619,0,[],0
3933,2008-02-19 22:26:23.453,0,[],0
3934,2008-02-20 00:03:23.480,0,[],0
3935,2008-02-20 01:40:51.821,0,[],0
3936,2008-02-20 04:58:17.656,0,[],0
3937,2008-02-20 06:35:56.466,0,[],0
3938,2008-02-20 08:12:46.939,0,[],0
3939,2008-02-20 09:51:52.179,0,[],0
3940,2008-02-20 11:31:23.779,0,[],0
3941,2008-02-20 13:10:53.807,0,[],0
3942,2008-02-20 14:50:21.145,0,[],0
3943,2008-02-20 19:42:51.458,0,[],0
3944,2008-02-20 21:19:49.476,0,[],0
3945,2008-02-20 22:56:53.966,1,"[{'lat': 50.925, 'long': -177.158, 'Time': Timestamp('2008-02-21 23:52:08'), 'mag': 5.4}, {'lat': -12.232, 'long': 167.067, 'Time': Timestamp('2008-02-21 12:04:44'), 'mag': 5.4}]",2
3946,2008-02-21 00:33:51.315,0,[],0
3947,2008-02-21 05:28:55.156,0,[],0
3948,2008-02-21 07:06:54.071,0,[],0
3949,2008-02-21 08:45:24.322,0,[],0
3950,2008-02-21 10:22:54.348,0,[],0
3951,2008-02-21 12:02:53.181,0,[],0
3952,2008-02-21 13:42:23.208,0,[],0
3953,2008-02-21 15:20:52.320,0,[],0
3954,2008-02-21 16:58:53.262,0,[],0
3955,2008-02-21 20:13:23.315,0,[],0
3956,2008-02-21 21:49:23.085,1,"[{'lat': -20.993, 'long': -174.527, 'Time': Timestamp('2008-02-22 15:26:51'), 'mag': 5.1}]",1
3957,2008-02-21 23:27:23.368,1,"[{'lat': 51.8, 'long': 176.499, 'Time': Timestamp('2008-02-23 02:01:02'), 'mag': 5.2}]",1
3958,2008-02-22 01:04:22.256,0,[],0
3959,2008-02-22 04:21:25.635,0,[],0
3960,2008-02-22 07:37:55.466,0,[],0
3961,2008-02-22 09:14:20.514,0,[],0
3962,2008-02-22 10:53:51.981,1,"[{'lat': -57.335, 'long': -23.433, 'Time': Timestamp('2008-02-23 15:57:20'), 'mag': 6.8}, {'lat': -57.028, 'long': -23.528, 'Time': Timestamp('2008-02-23 17:58:24'), 'mag': 5.0}]",2
3963,2008-02-22 12:33:53.583,0,[],0
3964,2008-02-22 14:12:53.609,0,[],0
3965,2008-02-22 15:51:55.935,1,"[{'lat': 3.974, 'long': -78.749, 'Time': Timestamp('2008-02-23 03:23:06'), 'mag': 5.1}]",1
3966,2008-02-22 17:29:23.663,0,[],0
3967,2008-02-22 19:06:53.690,0,[],0
3968,2008-02-22 20:40:55.132,0,[],0
3969,2008-02-22 22:20:23.374,0,[],0
3970,2008-02-22 23:57:23.769,0,[],0
3971,2008-02-23 01:34:50.782,0,[],0
3972,2008-02-23 04:52:01.573,0,[],0
3973,2008-02-23 06:29:56.175,0,[],0
3974,2008-02-23 08:08:21.437,0,[],0
3975,2008-02-23 09:45:22.356,0,[],0
3976,2008-02-23 11:25:23.956,0,[],0
3977,2008-02-23 13:04:53.984,0,[],0
3978,2008-02-23 14:43:52.538,0,[],0
3979,2008-02-23 16:22:24.038,0,[],0
3980,2008-02-23 17:59:54.064,0,[],0
3981,2008-02-23 19:36:53.091,0,[],0
3982,2008-02-23 21:12:55.405,0,[],0
3983,2008-02-23 22:50:53.144,0,[],0
3984,2008-02-24 02:05:20.731,0,[],0
3985,2008-02-24 05:22:26.866,0,[],0
3986,2008-02-24 07:00:52.920,0,[],0
3987,2008-02-24 08:37:21.618,0,[],0
3988,2008-02-24 10:16:54.525,0,[],0
3989,2008-02-24 11:56:23.358,0,[],0
3990,2008-02-24 13:35:53.385,0,[],0
3991,2008-02-24 15:14:51.057,1,"[{'lat': 10.157, 'long': -70.904, 'Time': Timestamp('2008-02-25 07:59:50'), 'mag': 5.0}, {'lat': 10.157, 'long': -70.904, 'Time': Timestamp('2008-02-25 07:59:50'), 'mag': 5.0}, {'lat': -42.818, 'long': -82.785, 'Time': Timestamp('2008-02-25 05:30:39'), 'mag': 5.3}]",3
3992,2008-02-24 16:52:53.439,0,[],0
3993,2008-02-24 18:30:19.347,0,[],0
3994,2008-02-24 20:07:23.492,0,[],0
3995,2008-02-24 21:41:54.478,0,[],0
3996,2008-02-24 23:20:53.544,0,[],0
3997,2008-02-25 00:58:21.105,0,[],0
3998,2008-02-25 05:53:24.734,0,[],0
3999,2008-02-25 07:31:22.875,0,[],0
4000,2008-02-25 09:10:07.187,0,[],0
4001,2008-02-25 10:47:50.830,0,[],0
4002,2008-02-25 12:27:23.759,0,[],0
4003,2008-02-25 14:06:53.786,0,[],0
4004,2008-02-25 15:45:23.009,0,[],0
4005,2008-02-25 17:23:23.840,0,[],0
4006,2008-02-25 19:00:48.420,0,[],0
4007,2008-02-25 20:34:53.982,0,[],0
4008,2008-02-25 22:14:22.223,0,[],0
4009,2008-02-25 23:51:23.945,0,[],0
4010,2008-02-26 01:28:49.631,0,[],0
4011,2008-02-26 04:45:53.558,0,[],0
4012,2008-02-26 06:23:56.787,0,[],0
4013,2008-02-26 08:02:25.044,0,[],0
4014,2008-02-26 09:39:16.109,0,[],0
4015,2008-02-26 11:18:53.133,0,[],0
4016,2008-02-26 12:58:53.161,0,[],0
4017,2008-02-26 14:37:50.275,0,[],0
4018,2008-02-26 16:16:23.215,0,[],0
4019,2008-02-26 17:53:53.241,0,[],0
4020,2008-02-26 19:30:53.268,0,[],0
4021,2008-02-26 21:06:54.143,0,[],0
4022,2008-02-26 22:44:53.320,0,[],0
4023,2008-02-27 00:21:49.441,0,[],0
4024,2008-02-27 03:38:24.260,0,[],0
4025,2008-02-27 05:16:22.947,0,[],0
4026,2008-02-27 06:54:28.521,0,[],0
4027,2008-02-27 08:31:22.342,0,[],0
4028,2008-02-27 10:10:22.047,0,[],0
4029,2008-02-27 11:50:23.648,0,[],0
4030,2008-02-27 13:29:53.675,0,[],0
4031,2008-02-27 15:08:51.347,0,[],0
4032,2008-02-27 16:46:53.729,0,[],0
4033,2008-02-27 18:24:23.756,0,[],0
4034,2008-02-27 20:01:23.782,0,[],0
4035,2008-02-27 21:37:26.096,0,[],0
4036,2008-02-27 23:14:53.834,0,[],0
4037,2008-02-28 00:52:21.395,1,"[{'lat': 49.37, 'long': 155.543, 'Time': Timestamp('2008-02-28 11:55:06'), 'mag': 5.1}, {'lat': 49.37, 'long': 155.543, 'Time': Timestamp('2008-02-28 11:55:06'), 'mag': 5.1}]",2
4038,2008-02-28 05:46:56.352,0,[],0
4039,2008-02-28 07:25:27.261,0,[],0
4040,2008-02-28 09:02:20.981,0,[],0
4041,2008-02-28 10:41:49.793,0,[],0
4042,2008-02-28 12:21:24.049,0,[],0
4043,2008-02-28 14:00:54.077,0,[],0
4044,2008-02-28 15:39:22.300,0,[],0
4045,2008-02-28 17:17:23.130,1,"[{'lat': -35.074, 'long': -108.968, 'Time': Timestamp('2008-02-29 02:38:29'), 'mag': 5.7}]",1
4046,2008-02-28 18:54:47.711,0,[],0
4047,2008-02-28 20:28:20.615,0,[],0
4048,2008-02-28 22:07:24.281,0,[],0
4049,2008-02-28 23:45:23.236,0,[],0
4050,2008-02-29 01:22:18.921,0,[],0
4051,2008-02-29 04:39:52.848,0,[],0
4052,2008-02-29 06:17:56.077,0,[],0
4053,2008-02-29 07:56:23.560,0,[],0
4054,2008-02-29 09:33:21.822,0,[],0
4055,2008-02-29 14:31:53.445,0,[],0
4056,2008-02-29 16:09:53.036,0,[],0
4057,2008-02-29 17:47:53.532,0,[],0
4058,2008-02-29 19:24:49.662,0,[],0
4059,2008-02-29 20:58:50.905,0,[],0
4060,2008-02-29 22:38:53.610,0,[],0
4061,2008-03-01 00:15:53.637,0,[],0
4062,2008-03-01 03:32:22.665,1,"[{'lat': -4.44, 'long': 101.33, 'Time': Timestamp('2008-03-01 21:13:36'), 'mag': 5.3}, {'lat': -4.44, 'long': 101.33, 'Time': Timestamp('2008-03-01 21:13:36'), 'mag': 5.3}]",2
4063,2008-03-01 05:10:32.647,0,[],0
4064,2008-03-01 06:48:22.059,0,[],0
4065,2008-03-01 08:26:54.072,0,[],0
4066,2008-03-01 10:04:20.896,0,[],0
4067,2008-03-01 11:43:53.824,0,[],0
4068,2008-03-01 13:23:23.852,1,"[{'lat': 36.426, 'long': -33.82, 'Time': Timestamp('2008-03-02 00:19:59'), 'mag': 5.3}, {'lat': 36.33, 'long': -33.768, 'Time': Timestamp('2008-03-02 01:34:18'), 'mag': 5.1}]",2
4069,2008-03-01 15:02:22.852,0,[],0
4070,2008-03-01 16:40:53.906,0,[],0
4071,2008-03-01 18:18:23.932,0,[],0
4072,2008-03-01 19:55:22.151,0,[],0
4073,2008-03-01 21:30:53.505,0,[],0
4074,2008-03-01 23:08:54.011,1,"[{'lat': 51.859, 'long': -179.313, 'Time': Timestamp('2008-03-02 05:11:44'), 'mag': 5.8}, {'lat': -11.054, 'long': 166.48, 'Time': Timestamp('2008-03-03 04:21:31'), 'mag': 5.0}]",2
4075,2008-03-02 00:45:46.036,1,"[{'lat': 12.602, 'long': 144.342, 'Time': Timestamp('2008-03-03 03:55:27'), 'mag': 5.1}]",1
4076,2008-03-02 04:02:56.607,0,[],0
4077,2008-03-02 05:40:55.529,0,[],0
4078,2008-03-02 07:19:26.438,0,[],0
4079,2008-03-02 08:55:50.158,0,[],0
4080,2008-03-02 10:35:20.297,0,[],0
4081,2008-03-02 12:15:23.227,0,[],0
4082,2008-03-02 13:54:23.253,0,[],0
4083,2008-03-02 15:33:21.037,0,[],0
4084,2008-03-02 22:01:24.458,0,[],0
4085,2008-03-02 23:39:23.413,0,[],0
4086,2008-03-03 01:16:20.973,0,[],0
4087,2008-03-03 04:33:31.217,0,[],0
4088,2008-03-04 05:04:23.415,0,[],0
4089,2008-03-04 06:42:26.220,0,[],0
4090,2008-03-04 08:20:50.153,0,[],0
4091,2008-03-04 09:57:52.401,0,[],0
4092,2008-03-04 11:37:54.002,0,[],0
4093,2008-03-04 13:17:24.029,0,[],0
4094,2008-03-04 14:56:18.934,0,[],0
4095,2008-03-04 16:34:23.083,0,[],0
4096,2008-03-04 18:12:23.110,0,[],0
4097,2008-03-04 19:49:20.000,0,[],0
4098,2008-03-04 23:02:53.188,1,"[{'lat': -13.613, 'long': 166.696, 'Time': Timestamp('2008-03-05 16:11:04'), 'mag': 5.1}, {'lat': -13.613, 'long': 166.696, 'Time': Timestamp('2008-03-05 16:11:04'), 'mag': 5.1}]",2
4099,2008-03-05 00:39:45.213,1,"[{'lat': 51.522, 'long': 156.546, 'Time': Timestamp('2008-03-06 09:38:43'), 'mag': 5.5}]",1
4100,2008-03-05 05:34:55.706,0,[],0
4101,2008-03-05 07:12:56.615,0,[],0
4102,2008-03-05 08:49:53.348,0,[],0
4103,2008-03-05 10:29:20.587,0,[],0
4104,2008-03-05 12:08:53.516,0,[],0
4105,2008-03-05 13:48:23.543,0,[],0
4106,2008-03-05 15:27:25.423,0,[],0
4107,2008-03-05 20:19:23.728,0,[],0
4108,2008-03-05 21:56:15.117,0,[],0
4109,2008-03-05 23:33:23.702,0,[],0
4110,2008-03-06 01:10:18.495,0,[],0
4111,2008-03-06 04:27:24.642,0,[],0
4112,2008-03-06 06:05:28.877,0,[],0
4113,2008-03-06 07:43:53.033,0,[],0
4114,2008-03-06 09:20:50.850,0,[],0
4115,2008-03-06 11:00:20.988,0,[],0
4116,2008-03-06 12:39:53.917,0,[],0
4117,2008-03-06 14:19:21.255,0,[],0
4118,2008-03-06 15:57:52.175,0,[],0
4119,2008-03-06 17:35:53.998,0,[],0
4120,2008-03-06 19:12:50.018,0,[],0
4121,2008-03-06 20:49:54.129,0,[],0
4122,2008-03-06 22:26:24.078,1,"[{'lat': -17.025, 'long': 175.736, 'Time': Timestamp('2008-03-07 09:40:10'), 'mag': 5.0}]",1
4123,2008-03-07 00:03:23.103,0,[],0
4124,2008-03-07 01:40:51.445,1,"[{'lat': 36.453, 'long': 140.612, 'Time': Timestamp('2008-03-07 16:54:57'), 'mag': 5.2}]",1
4125,2008-03-07 04:57:52.704,0,[],0
4126,2008-03-07 06:36:26.091,0,[],0
4127,2008-03-07 08:14:49.444,0,[],0
4128,2008-03-07 09:51:51.690,0,[],0
4129,2008-03-07 11:31:23.292,0,[],0
4130,2008-03-07 13:11:23.319,0,[],0
4131,2008-03-07 14:50:20.656,1,"[{'lat': -17.477, 'long': -70.206, 'Time': Timestamp('2008-03-07 22:35:00'), 'mag': 5.2}]",1
4132,2008-03-07 16:28:23.372,0,[],0
4133,2008-03-07 18:05:53.399,0,[],0
4134,2008-03-07 19:43:23.425,0,[],0
4135,2008-03-07 22:56:53.479,0,[],0
4136,2008-03-08 00:33:45.503,0,[],0
4137,2008-03-08 02:11:25.161,1,"[{'lat': 31.793, 'long': 131.462, 'Time': Timestamp('2008-03-10 01:44:33'), 'mag': 5.1}]",1
4138,2008-03-08 05:28:54.668,0,[],0
4139,2008-03-08 07:06:54.583,0,[],0
4140,2008-03-08 08:43:50.626,0,[],0
4141,2008-03-08 12:02:53.693,0,[],0
4142,2008-03-08 13:42:23.720,0,[],0
4143,2008-03-08 15:20:50.064,0,[],0
4144,2008-03-08 16:58:53.773,0,[],0
4145,2008-03-08 18:36:23.800,0,[],0
4146,2008-03-08 20:13:22.019,0,[],0
4147,2008-03-08 21:50:22.268,0,[],0
4148,2008-03-08 23:27:23.880,0,[],0
4149,2008-03-09 01:04:22.768,1,"[{'lat': 47.549, 'long': 152.826, 'Time': Timestamp('2008-03-10 04:57:56'), 'mag': 5.1}]",1
4150,2008-03-09 04:21:26.147,0,[],0
4151,2008-03-09 05:59:24.958,0,[],0
4152,2008-03-09 07:37:53.210,0,[],0
4153,2008-03-09 09:14:51.027,0,[],0
4154,2008-03-09 10:54:21.165,1,"[{'lat': -58.065, 'long': -24.909, 'Time': Timestamp('2008-03-09 15:27:51'), 'mag': 5.1}]",1
4155,2008-03-09 12:33:53.094,1,"[{'lat': 0.718, 'long': -29.933, 'Time': Timestamp('2008-03-09 17:17:24'), 'mag': 5.1}]",1
4156,2008-03-09 14:13:24.081,0,[],0
4157,2008-03-09 15:51:55.225,0,[],0
4158,2008-03-09 20:40:48.875,0,[],0
4159,2008-03-09 22:20:22.886,0,[],0
4160,2008-03-09 23:57:23.280,0,[],0
4161,2008-03-10 01:34:50.294,1,"[{'lat': 1.934, 'long': 132.519, 'Time': Timestamp('2008-03-12 01:32:34'), 'mag': 5.0}]",1
4162,2008-03-10 04:51:58.305,0,[],0
4163,2008-03-10 06:29:55.687,0,[],0
4164,2008-03-10 08:08:18.180,0,[],0
4165,2008-03-10 09:45:50.539,0,[],0
4166,2008-03-10 11:25:23.469,0,[],0
4167,2008-03-10 13:04:53.496,0,[],0
4168,2008-03-10 14:43:52.050,0,[],0
4169,2008-03-10 16:22:23.549,0,[],0
4170,2008-03-10 17:59:53.576,0,[],0
4171,2008-03-10 19:37:20.812,0,[],0
4172,2008-03-10 21:12:53.484,0,[],0
4173,2008-03-10 22:50:53.656,1,"[{'lat': 52.171, 'long': -169.481, 'Time': Timestamp('2008-03-11 14:37:10'), 'mag': 5.6}, {'lat': -16.544, 'long': 167.207, 'Time': Timestamp('2008-03-12 02:07:05'), 'mag': 5.3}, {'lat': -16.567, 'long': 167.335, 'Time': Timestamp('2008-03-12 11:23:34'), 'mag': 6.4}, {'lat': -16.498, 'long': 167.179, 'Time': Timestamp('2008-03-12 11:30:15'), 'mag': 5.1}, {'lat': -16.489, 'long': 167.183, 'Time': Timestamp('2008-03-12 11:36:55'), 'mag': 6.3}]",5
4174,2008-03-11 00:27:53.771,0,[],0
4175,2008-03-11 02:05:21.242,0,[],0
4176,2008-03-11 03:44:54.149,0,[],0
4177,2008-03-11 05:22:27.379,0,[],0
4178,2008-03-11 07:00:53.432,0,[],0
4179,2008-03-11 08:39:25.010,0,[],0
4180,2008-03-11 10:16:55.036,0,[],0
4181,2008-03-11 11:56:23.870,0,[],0
4182,2008-03-11 13:35:53.896,0,[],0
4183,2008-03-11 15:14:51.569,0,[],0
4184,2008-03-11 16:52:53.951,0,[],0
4185,2008-03-11 18:30:23.977,0,[],0
4186,2008-03-11 20:07:18.100,0,[],0
4187,2008-03-11 23:21:24.057,0,[],0
4188,2008-03-12 00:58:21.945,0,[],0
4189,2008-03-12 05:53:24.134,0,[],0
4190,2008-03-12 07:31:26.483,0,[],0
4191,2008-03-12 09:08:20.204,0,[],0
4192,2008-03-12 10:47:49.241,0,[],0
4193,2008-03-12 12:27:53.386,0,[],0
4194,2008-03-12 14:06:53.414,0,[],0
4195,2008-03-12 15:45:55.405,0,[],0
4196,2008-03-12 20:34:53.263,0,[],0
4197,2008-03-12 22:13:23.067,0,[],0
4198,2008-03-12 23:51:23.573,1,"[{'lat': -7.052, 'long': 155.916, 'Time': Timestamp('2008-03-13 23:53:36'), 'mag': 5.2}]",1
4199,2008-03-13 01:28:49.258,1,"[{'lat': 43.066, 'long': 146.528, 'Time': Timestamp('2008-03-13 08:41:07'), 'mag': 5.4}]",1
4200,2008-03-13 04:46:01.376,0,[],0
4201,2008-03-13 06:23:55.979,0,[],0
4202,2008-03-13 08:02:27.000,0,[],0
4203,2008-03-13 09:39:22.159,0,[],0
4204,2008-03-13 11:19:23.761,0,[],0
4205,2008-03-13 12:58:53.787,0,[],0
4206,2008-03-13 14:37:49.685,0,[],0
4207,2008-03-13 16:16:23.841,0,[],0
4208,2008-03-13 17:53:53.868,0,[],0
4209,2008-03-13 19:30:52.432,1,"[{'lat': 42.412, 'long': -126.835, 'Time': Timestamp('2008-03-15 14:44:36'), 'mag': 5.7}]",1
4210,2008-03-13 21:06:53.776,0,[],0
4211,2008-03-13 22:44:53.948,0,[],0
4212,2008-03-14 00:21:50.068,0,[],0
4213,2008-03-14 01:59:17.327,0,[],0
4214,2008-03-14 05:16:27.671,0,[],0
4215,2008-03-14 06:54:56.820,0,[],0
4216,2008-03-14 08:31:21.969,0,[],0
4217,2008-03-14 10:10:54.329,0,[],0
4218,2008-03-14 11:50:23.162,0,[],0
4219,2008-03-14 13:29:53.189,0,[],0
4220,2008-03-14 15:08:50.862,0,[],0
4221,2008-03-14 16:46:53.242,0,[],0
4222,2008-03-14 18:24:23.269,0,[],0
4223,2008-03-14 20:01:21.488,0,[],0
4224,2008-03-14 23:15:23.348,0,[],0
4225,2008-03-15 00:52:20.909,0,[],0
4226,2008-03-15 02:29:52.152,0,[],0
4227,2008-03-15 05:47:24.539,0,[],0
4228,2008-03-15 07:25:26.775,0,[],0
4229,2008-03-15 09:02:20.496,0,[],0
4230,2008-03-15 10:41:49.306,0,[],0
4231,2008-03-15 12:21:23.563,0,[],0
4232,2008-03-15 14:00:51.783,0,[],0
4233,2008-03-15 15:39:22.814,0,[],0
4234,2008-03-15 17:17:23.644,0,[],0
4235,2008-03-15 18:54:48.224,0,[],0
4236,2008-03-15 20:31:51.889,0,[],0
4237,2008-03-15 22:07:23.244,1,"[{'lat': -39.29, 'long': 174.58, 'Time': Timestamp('2008-03-17 14:22:39'), 'mag': 5.0}]",1
4238,2008-03-16 01:22:48.107,0,[],0
4239,2008-03-16 04:39:58.898,0,[],0
4240,2008-03-16 06:17:52.496,0,[],0
4241,2008-03-16 07:56:25.849,0,[],0
4242,2008-03-16 09:33:22.336,0,[],0
4243,2008-03-16 11:12:53.937,0,[],0
4244,2008-03-16 12:52:53.965,0,[],0
4245,2008-03-16 19:24:54.072,0,[],0
4246,2008-03-16 21:00:52.953,0,[],0
4247,2008-03-16 22:38:53.125,0,[],0
4248,2008-03-17 00:15:53.151,0,[],0
4249,2008-03-17 01:53:20.600,0,[],0
4250,2008-03-17 05:10:26.848,0,[],0
4251,2008-03-17 06:48:21.573,0,[],0
4252,2008-03-17 08:25:23.586,0,[],0
4253,2008-03-17 10:04:21.738,0,[],0
4254,2008-03-17 11:44:23.340,0,[],0
4255,2008-03-17 13:23:53.366,0,[],0
4256,2008-03-17 15:02:55.135,0,[],0
4257,2008-03-17 16:40:53.419,0,[],0
4258,2008-03-17 18:18:23.446,1,"[{'lat': -54.324, 'long': -136.082, 'Time': Timestamp('2008-03-17 19:06:12'), 'mag': 5.6}]",1
4259,2008-03-17 19:55:21.665,0,[],0
4260,2008-03-17 21:31:25.788,0,[],0
4261,2008-03-17 23:09:23.526,0,[],0
4262,2008-03-18 00:46:18.318,0,[],0
4263,2008-03-18 05:40:56.043,0,[],0
4264,2008-03-18 07:19:26.952,0,[],0
4265,2008-03-18 08:56:19.344,0,[],0
4266,2008-03-18 12:15:23.740,0,[],0
4267,2008-03-18 13:54:53.767,0,[],0
4268,2008-03-18 15:33:25.647,0,[],0
4269,2008-03-18 17:11:23.821,0,[],0
4270,2008-03-18 18:48:49.729,1,"[{'lat': -56.535, 'long': -143.542, 'Time': Timestamp('2008-03-20 06:44:11'), 'mag': 5.4}]",1
4271,2008-03-18 20:25:52.066,0,[],0
4272,2008-03-18 22:01:23.532,0,[],0
4273,2008-03-18 23:39:23.926,0,[],0
4274,2008-03-19 01:16:48.284,0,[],0
4275,2008-03-19 04:34:01.731,0,[],0
4276,2008-03-19 06:11:56.333,0,[],0
4277,2008-03-19 07:50:24.251,0,[],0
4278,2008-03-19 09:27:21.514,0,[],0
4279,2008-03-19 11:06:53.096,0,[],0
4280,2008-03-19 12:46:23.257,0,[],0
4281,2008-03-19 14:25:47.493,0,[],0
4282,2008-03-19 19:18:48.029,0,[],0
4283,2008-03-19 22:32:53.418,0,[],0
4284,2008-03-20 00:09:53.634,0,[],0
4285,2008-03-20 05:04:23.045,0,[],0
4286,2008-03-20 06:42:25.850,0,[],0
4287,2008-03-20 08:20:53.880,0,[],0
4288,2008-03-20 09:58:22.031,0,[],0
4289,2008-03-20 11:37:53.632,0,[],0
4290,2008-03-20 13:17:23.659,0,[],0
4291,2008-03-20 14:56:18.563,0,[],0
4292,2008-03-20 16:34:53.713,0,[],0
4293,2008-03-20 18:12:23.739,0,[],0
4294,2008-03-20 19:49:21.958,0,[],0
4295,2008-03-20 21:25:26.080,0,[],0
4296,2008-03-20 23:03:23.818,1,"[{'lat': 52.176, 'long': -178.716, 'Time': Timestamp('2008-03-22 21:24:11'), 'mag': 6.2}]",1
4297,2008-03-21 00:40:18.611,0,[],0
4298,2008-03-21 05:34:56.336,1,"[{'lat': 35.685, 'long': 81.724, 'Time': Timestamp('2008-03-21 06:16:05'), 'mag': 5.2}, {'lat': 35.299, 'long': 81.338, 'Time': Timestamp('2008-03-21 12:02:54'), 'mag': 5.2}, {'lat': 34.991, 'long': 81.097, 'Time': Timestamp('2008-03-21 20:52:17'), 'mag': 5.0}]",3
4299,2008-03-21 07:13:27.245,0,[],0
4300,2008-03-21 08:49:50.965,0,[],0
4301,2008-03-21 10:29:21.104,0,[],0
4302,2008-03-21 12:09:24.034,0,[],0
4303,2008-03-21 13:48:24.060,0,[],0
4304,2008-03-21 15:27:20.844,0,[],0
4305,2008-03-21 17:05:23.114,0,[],0
4306,2008-03-21 18:42:49.022,0,[],0
4307,2008-03-21 20:19:51.359,0,[],0
4308,2008-03-21 21:55:24.264,0,[],0
4309,2008-03-21 23:33:23.220,0,[],0
4310,2008-03-22 01:10:50.780,0,[],0
4311,2008-03-22 06:05:57.066,0,[],0
4312,2008-03-22 07:43:52.550,0,[],0
4313,2008-03-22 09:20:50.367,1,"[{'lat': 36.145, 'long': 21.856, 'Time': Timestamp('2008-03-23 20:11:11'), 'mag': 5.0}]",1
4314,2008-03-22 11:00:20.506,0,[],0
4315,2008-03-22 12:40:23.435,0,[],0
4316,2008-03-22 14:19:17.558,0,[],0
4317,2008-03-22 15:57:53.019,0,[],0
4318,2008-03-22 17:35:53.515,0,[],0
4319,2008-03-22 19:12:50.863,0,[],0
4320,2008-03-22 20:46:53.199,0,[],0
4321,2008-03-22 22:26:51.675,0,[],0
4322,2008-03-23 00:03:53.620,0,[],0
4323,2008-03-23 04:58:32.630,0,[],0
4324,2008-03-23 08:14:51.400,0,[],0
4325,2008-03-23 09:52:20.879,0,[],0
4326,2008-03-23 11:31:53.808,0,[],0
4327,2008-03-23 13:11:23.836,0,[],0
4328,2008-03-23 14:50:21.173,0,[],0
4329,2008-03-23 16:28:53.890,0,[],0
4330,2008-03-23 18:06:23.916,0,[],0
4331,2008-03-23 19:43:18.039,0,[],0
4332,2008-03-23 21:19:26.257,0,[],0
4333,2008-03-23 22:57:23.995,1,"[{'lat': -16.912, 'long': 167.031, 'Time': Timestamp('2008-03-24 07:02:34'), 'mag': 5.5}]",1
4334,2008-03-24 00:34:18.788,0,[],0
4335,2008-03-24 03:50:54.935,0,[],0
4336,2008-03-24 05:28:55.513,1,"[{'lat': 35.6, 'long': 81.644, 'Time': Timestamp('2008-03-24 07:58:32'), 'mag': 5.1}]",1
4337,2008-03-24 07:07:22.326,0,[],0
4338,2008-03-24 08:43:50.142,0,[],0
4339,2008-03-24 10:23:24.377,0,[],0
4340,2008-03-24 12:02:53.210,0,[],0
4341,2008-03-24 13:42:23.237,0,[],0
4342,2008-03-24 16:59:23.291,0,[],0
4343,2008-03-24 18:36:53.317,1,"[{'lat': -56.712, 'long': -141.903, 'Time': Timestamp('2008-03-26 06:29:50'), 'mag': 5.5}]",1
4344,2008-03-24 20:13:51.536,0,[],0
4345,2008-03-24 21:49:24.442,1,"[{'lat': -22.19, 'long': -178.136, 'Time': Timestamp('2008-03-26 13:57:16'), 'mag': 5.2}]",1
4346,2008-03-24 23:27:23.397,0,[],0
4347,2008-03-25 01:04:18.189,1,"[{'lat': 46.428, 'long': 152.979, 'Time': Timestamp('2008-03-26 18:33:34'), 'mag': 5.6}]",1
4348,2008-03-25 04:21:54.336,0,[],0
4349,2008-03-25 05:59:24.475,0,[],0
4350,2008-03-25 07:37:52.727,0,[],0
4351,2008-03-25 09:14:50.543,0,[],0
4352,2008-03-25 10:54:20.682,0,[],0
4353,2008-03-25 12:33:53.611,0,[],0
4354,2008-03-25 14:13:18.292,0,[],0
4355,2008-03-25 15:51:51.645,0,[],0
4356,2008-03-25 17:29:53.692,0,[],0
4357,2008-03-25 19:06:53.719,0,[],0
4358,2008-03-25 20:40:46.623,0,[],0
4359,2008-03-25 22:20:54.731,0,[],0
4360,2008-03-25 23:57:53.797,0,[],0
4361,2008-03-26 01:34:52.139,0,[],0
4362,2008-03-26 04:52:23.398,0,[],0
4363,2008-03-26 06:30:25.099,0,[],0
4364,2008-03-26 08:08:51.466,0,[],0
4365,2008-03-26 11:25:53.101,0,[],0
4366,2008-03-26 13:05:23.128,0,[],0
4367,2008-03-26 14:44:20.354,0,[],0
4368,2008-03-26 16:22:53.182,1,"[{'lat': 17.199, 'long': -84.835, 'Time': Timestamp('2008-03-27 09:42:57'), 'mag': 5.6}, {'lat': 17.199, 'long': -84.835, 'Time': Timestamp('2008-03-27 09:42:57'), 'mag': 5.6}]",2
4369,2008-03-26 18:00:23.208,0,[],0
4370,2008-03-26 19:37:21.773,0,[],0
4371,2008-03-26 22:51:23.288,0,[],0
4372,2008-03-27 00:28:22.076,0,[],0
4373,2008-03-27 03:44:55.110,0,[],0
4374,2008-03-27 05:22:52.915,0,[],0
4375,2008-03-27 07:00:54.393,0,[],0
4376,2008-03-27 08:37:51.763,0,[],0
4377,2008-03-27 10:16:51.901,0,[],0
4378,2008-03-27 11:56:53.502,0,[],0
4379,2008-03-27 13:36:23.529,0,[],0
4380,2008-03-27 15:15:19.873,1,"[{'lat': 6.685, 'long': -72.916, 'Time': Timestamp('2008-03-28 16:35:56'), 'mag': 5.0}, {'lat': -12.178, 'long': -77.164, 'Time': Timestamp('2008-03-29 12:51:24'), 'mag': 5.3}]",2
4381,2008-03-27 16:53:23.583,0,[],0
4382,2008-03-27 18:30:52.259,0,[],0
4383,2008-03-27 21:44:25.627,1,"[{'lat': 59.0095, 'long': -152.1691, 'Time': Timestamp('2008-03-27 23:07:45'), 'mag': 5.3}]",1
4384,2008-03-27 23:21:23.689,0,[],0
4385,2008-03-28 00:58:18.482,0,[],0
4386,2008-03-28 04:15:28.613,0,[],0
4387,2008-03-28 05:53:24.767,0,[],0
4388,2008-03-28 09:08:50.836,0,[],0
4389,2008-03-28 10:48:19.758,0,[],0
4390,2008-03-28 12:27:53.904,0,[],0
4391,2008-03-28 14:07:23.930,0,[],0
4392,2008-03-28 15:45:53.154,0,[],0
4393,2008-03-28 17:23:53.984,0,[],0
4394,2008-03-28 19:00:54.011,0,[],0
4395,2008-03-28 20:37:55.443,0,[],0
4396,2008-03-28 22:14:52.256,1,"[{'lat': 54.546, 'long': -161.649, 'Time': Timestamp('2008-03-29 21:08:25'), 'mag': 5.1}]",1
4397,2008-03-28 23:51:53.090,0,[],0
4398,2008-03-29 01:28:51.432,0,[],0
4399,2008-03-29 04:46:22.702,0,[],0
4400,2008-03-29 06:24:24.280,0,[],0
4401,2008-03-29 08:02:55.189,0,[],0
4402,2008-03-29 09:39:50.349,0,[],0
4403,2008-03-29 11:19:23.277,0,[],0
4404,2008-03-29 12:58:53.305,0,[],0
4405,2008-03-29 14:38:23.187,0,[],0
4406,2008-03-29 16:16:23.359,0,[],0
4407,2008-03-29 17:54:23.386,0,[],0
4408,2008-03-29 19:31:23.412,0,[],0
4409,2008-03-29 21:08:20.749,0,[],0
4410,2008-03-29 22:45:23.465,0,[],0
4411,2008-03-30 00:22:15.489,0,[],0
4412,2008-03-30 03:38:54.405,1,"[{'lat': -2.859, 'long': 101.177, 'Time': Timestamp('2008-03-31 13:30:56'), 'mag': 5.1}]",1
4413,2008-03-30 05:16:53.092,0,[],0
4414,2008-03-30 08:31:51.158,0,[],0
4415,2008-03-30 10:10:54.846,0,[],0
4416,2008-03-30 11:50:23.679,0,[],0
4417,2008-03-30 13:30:23.706,0,[],0
4418,2008-03-30 15:08:52.706,0,[],0
4419,2008-03-30 20:01:52.563,0,[],0
4420,2008-03-30 21:38:22.925,0,[],0
4421,2008-03-30 23:15:23.865,0,[],0
4422,2008-03-31 00:52:22.754,0,[],0
4423,2008-03-31 04:09:27.462,1,"[{'lat': -42.113, 'long': 85.558, 'Time': Timestamp('2008-03-31 14:48:41'), 'mag': 5.1}]",1
4424,2008-03-31 05:47:26.383,0,[],0
4425,2008-03-31 07:25:57.292,0,[],0
4426,2008-03-31 09:02:22.340,0,[],0
4427,2008-03-31 12:21:53.081,0,[],0
4428,2008-03-31 14:01:23.107,0,[],0
4429,2008-03-31 15:39:52.331,0,[],0
4430,2008-03-31 17:17:53.161,0,[],0
4431,2008-03-31 18:54:47.741,0,[],0
4432,2008-03-31 20:31:53.293,0,[],0
4433,2008-03-31 22:08:51.433,0,[],0
